{"type": "FeatureCollection", "features": [{"type": "Feature", "properties": {"band": "light", "dbz": 30.0, "source": "OPERA-ORD", "time": "20260803033500"}, "geometry": {"type": "Polygon", "coordinates": [[[12.578476956449704, 55.629961446288284], [12.574657213449271, 55.632287945158886], [12.572894099862697, 55.63569501526983], [12.573187615689989, 55.64018265662113], [12.57348121055265, 55.644670295117066], [12.573774884450682, 55.64915793075764], [12.57406863744645, 55.6536455635563], [12.574362469539956, 55.65813319351305], [12.576567901382976, 55.66145753474784], [12.580684932975515, 55.663618587260686], [12.58465452120392, 55.663535710136244], [12.588476666068189, 55.66120890337453], [12.590239918354566, 55.6578017061337], [12.58994427806305, 55.65331411841372], [12.58964871735457, 55.64882652784014], [12.589353236229124, 55.64433893441294], [12.589057834623967, 55.639851338118696], [12.588762512539098, 55.63536373895739], [12.58655784560998, 55.632039503745794], [12.582443833836606, 55.62987863248392], [12.578476956449704, 55.629961446288284]]]}}, {"type": "Feature", "properties": {"band": "light", "dbz": 30.0, "source": "OPERA-ORD", "time": "20260803033500"}, "geometry": {"type": "Polygon", "coordinates": [[[12.78961533786539, 55.49841360459353], [12.78170940779388, 55.498592311415976], [12.773803410819205, 55.49877051134557], [12.765897346941367, 55.4989482043823], [12.760045948154573, 55.50020308647791], [12.75624921445883, 55.502535157632366], [12.754507258694542, 55.50594479562514], [12.754820080861712, 55.51043200045622], [12.75703216565978, 55.513753147275125], [12.761143513088744, 55.51590823608184], [12.765255313023877, 55.51806318605986], [12.769367565465178, 55.52021799720919], [12.773480270532914, 55.522372669480454], [12.77759342822708, 55.52452720287366], [12.783605659843092, 55.52551504815294], [12.79151696538095, 55.525336205318276], [12.79737079546711, 55.5240801184748], [12.801167150101573, 55.52174678762252], [12.802906143881465, 55.51833659080062], [12.802587776806785, 55.51384952800913], [12.802269495089863, 55.50936246199302], [12.801951298730705, 55.5048753927523], [12.79973622613863, 55.50155495639453], [12.795624277313639, 55.49940115291972], [12.78961533786539, 55.49841360459353]]]}}, {"type": "Feature", "properties": {"band": "light", "dbz": 30.0, "source": "OPERA-ORD", "time": "20260803033500"}, "geometry": {"type": "Polygon", "coordinates": [[[14.176055210390093, 55.42321580650695], [14.168171113669796, 55.42348333133436], [14.16237564754578, 55.42480434774696], [14.158668812018043, 55.42717885574476], [14.15705077624887, 55.43060723052376], [14.157521540238264, 55.43508947208396], [14.157992430121094, 55.43957170902938], [14.158463445897361, 55.444053941360025], [14.158934587665591, 55.44853616908815], [14.159405855425788, 55.45301839221376], [14.161732191787289, 55.456313298499026], [14.165913596750093, 55.45842088794396], [14.171949900712338, 55.45934078494814], [14.179841103674022, 55.45907298951157], [14.185640714955738, 55.45775143321636], [14.189348734557491, 55.455376116062496], [14.190965332975491, 55.45194741361224], [14.190490510209742, 55.4474653258656], [14.190015814378917, 55.442983233479225], [14.189541245483017, 55.43850113645311], [14.189066803422783, 55.43401903477505], [14.188592488198214, 55.42953692844502], [14.186265812627006, 55.426242417483316], [14.182086776709161, 55.424135501889936], [14.176055210390093, 55.42321580650695]]]}}, {"type": "Feature", "properties": {"band": "light", "dbz": 30.0, "source": "OPERA-ORD", "time": "20260803033500"}, "geometry": {"type": "Polygon", "coordinates": [[[13.836658011209371, 55.16556644567561], [13.832955465249192, 55.167931177347064], [13.829252487703446, 55.17029579783971], [13.825549078572132, 55.17266030715355], [13.821845237711626, 55.17502470524735], [13.818140965121923, 55.17738899212111], [13.814436260659367, 55.17975316773359], [13.810731124323956, 55.18211723208478], [13.804959110364798, 55.183421053108106], [13.797120218781895, 55.18366463080357], [13.791347289990831, 55.18496810486598], [13.787640323991607, 55.18733147529534], [13.78599947260566, 55.19075511499382], [13.786424735832995, 55.19523902396143], [13.7868501120722, 55.199722928352486], [13.787275601323273, 55.20420682816699], [13.789555832183071, 55.20750899937097], [13.793690804651597, 55.20962944196445], [13.797612486635796, 55.20950782778989], [13.80132087813567, 55.2071441568473], [13.805028837020478, 55.20478037452135], [13.808736363290219, 55.20241648081204], [13.812443457088856, 55.200052475760714], [13.816150118416385, 55.19768835936736], [13.819856347416732, 55.1953241316733], [13.823562144089898, 55.192959792678565], [13.827267508579771, 55.190595342424395], [13.830972440886352, 55.1882307809108], [13.834676941153496, 55.18586610817909], [13.838381009381203, 55.183501324229255], [13.842084645713292, 55.18113642910252], [13.845787850149764, 55.17877142279891], [13.847423544817035, 55.175347078525206], [13.846991729715105, 55.17086339628142], [13.844709187670471, 55.16756218632962], [13.84057591868313, 55.16544344866979], [13.836658011209371, 55.16556644567561]]]}}, {"type": "Feature", "properties": {"band": "light", "dbz": 30.0, "source": "OPERA-ORD", "time": "20260803033500"}, "geometry": {"type": "Polygon", "coordinates": [[[13.116509563424092, 55.023081014801036], [13.108698608625904, 55.02328040700927], [13.102926848037423, 55.024551379284034], [13.099194281658647, 55.02689393162534], [13.097501032566845, 55.0303084358905], [13.097847100762014, 55.0347948920795], [13.100060322220225, 55.038110047308805], [13.104140696941474, 55.04025390157842], [13.10804751552163, 55.040154418247326], [13.111780777960695, 55.03781159731553], [13.115513610106337, 55.03546866273267], [13.119246011958559, 55.033125614498736], [13.122977983656995, 55.03078245265544], [13.126709525201644, 55.02843917720277], [13.126535232186274, 55.02619598428156], [13.12245510461088, 55.024052873891804], [13.116509563424092, 55.023081014801036]]]}}, {"type": "Feature", "properties": {"band": "light", "dbz": 30.0, "source": "OPERA-ORD", "time": "20260803033500"}, "geometry": {"type": "Polygon", "coordinates": [[[14.020610607466608, 54.82568540998116], [14.012842214600205, 54.82594252965114], [14.007126852591217, 54.827256010474414], [14.003464521439643, 54.829625852451], [14.001855378014842, 54.83305242407903], [14.00229942231681, 54.8375357253585], [14.002743583452894, 54.842019021301724], [14.003187861423097, 54.84650231190869], [14.003632256317255, 54.85098559719185], [14.004076768135372, 54.855468877151225], [14.006354044752701, 54.85876717789041], [14.010464086169243, 54.86088049940941], [14.014574563190084, 54.862993679381496], [14.01868547581522, 54.86510671780666], [14.020964281488443, 54.868404834519225], [14.021410980209751, 54.87288802951918], [14.02369071015675, 54.87618598599798], [14.027803471329435, 54.878298703955615], [14.033749105608454, 54.879225814327185], [14.0415276129938, 54.878967317112675], [14.047474066492395, 54.879894021045565], [14.051588466104235, 54.88200592612584], [14.055703301858431, 54.88411768941672], [14.059818573754987, 54.88622931091822], [14.065766135802026, 54.887154846003625], [14.073545987999548, 54.886894294672956], [14.081325745919239, 54.88663324588148], [14.089105409561098, 54.88637169962917], [14.094826194438784, 54.885054639953125], [14.098488100552299, 54.88268206685332], [14.100091288806418, 54.8792543493778], [14.099635759201144, 54.87477148752659], [14.097350135907046, 54.87147487969258], [14.093234418924126, 54.86936452587578], [14.089119137705772, 54.86725403017198], [14.08500429225198, 54.86514339258117], [14.08272020292082, 54.86184659960183], [14.082266869712289, 54.857363651233975], [14.079983704850315, 54.85406669753691], [14.075870708334904, 54.85195573851063], [14.071758147141134, 54.84984463773059], [14.067646021269004, 54.847733395196784], [14.06536438784108, 54.84443625663057], [14.06491324685736, 54.83995322203196], [14.062632536729561, 54.83665592295612], [14.058522257457687, 54.83454435940306], [14.052582249999059, 54.83361816286346], [14.044812514353682, 54.83387733333732], [14.038873323809327, 54.83295073077659], [14.034764678365995, 54.83083835518127], [14.0306564677082, 54.828725838074256], [14.02654869183594, 54.826613179455535], [14.020610607466608, 54.82568540998116]]]}}, {"type": "Feature", "properties": {"band": "light", "dbz": 30.0, "source": "OPERA-ORD", "time": "20260803033500"}, "geometry": {"type": "Polygon", "coordinates": [[[13.86436800543633, 54.82176569839641], [13.856599512670366, 54.822012821556996], [13.848830931169905, 54.82225944797514], [13.841062260934944, 54.82250557765085], [13.835341919496646, 54.82381098933536], [13.831669906855012, 54.826175683028644], [13.827997471238422, 54.828540266405234], [13.824324612646876, 54.83090473946511], [13.820651330940892, 54.83326910216793], [13.816977626120472, 54.8356333545137], [13.815352499735774, 54.83905750339924], [13.815775951786799, 54.84354154882455], [13.816199515289862, 54.848025589115174], [13.816623190244965, 54.852509624271136], [13.817046976737842, 54.85699365430503], [13.817470874768501, 54.86147767921687], [13.819733231538958, 54.86477952245806], [13.823834047049214, 54.8668991840286], [13.829773171263977, 54.86783629472173], [13.83755060418325, 54.86759085453746], [13.84349054972513, 54.86852756047063], [13.847593007889618, 54.87064641252124], [13.85169590190443, 54.87276512364579], [13.855799231769566, 54.874883693844275], [13.861740295137675, 54.875819233427535], [13.869519092008758, 54.87557174239555], [13.877297799364854, 54.87532375390505], [13.88507641720596, 54.87507526795601], [13.890802124837556, 54.87376779179273], [13.894474922259642, 54.87140132541522], [13.898147295840733, 54.86903474887153], [13.901819245580832, 54.866668062161665], [13.905490771620101, 54.86430126532596], [13.909161873958539, 54.86193435836442], [13.910780321370883, 54.85850907646288], [13.910346113857134, 54.85402541962135], [13.908077214079697, 54.850725185248244], [13.903973622038578, 54.84860837334358], [13.89987046523424, 54.84649142038943], [13.895767743666688, 54.8443743263858], [13.89350036555063, 54.841073909562134], [13.893068330886067, 54.83659016991844], [13.890801873652645, 54.833289594057625], [13.886700993850367, 54.83117218197969], [13.882600548840681, 54.8290546289846], [13.878500538623587, 54.82693693507237], [13.874400963091107, 54.82481910029122], [13.870301822243242, 54.82270112464115], [13.86436800543633, 54.82176569839641]]]}}, {"type": "Feature", "properties": {"band": "light", "dbz": 30.0, "source": "OPERA-ORD", "time": "20260803033500"}, "geometry": {"type": "Polygon", "coordinates": [[[21.0123498762474, 54.20750961531672], [21.004768742822097, 54.208211183101305], [20.999380627106394, 54.20984475214097], [20.996185529100284, 54.2124103224357], [20.995183857491522, 54.21590823831792], [20.996375612280108, 54.22033849978763], [20.999165705055397, 54.22348589189591], [21.0035541358174, 54.225350414642776], [21.009540495488398, 54.22593172353229], [21.017124784068397, 54.22522981856444], [21.022514068118294, 54.22359573656398], [21.02570834763809, 54.221029477530905], [21.02670803242647, 54.217531385871126], [21.025513122483424, 54.21310146158464], [21.02272186137394, 54.20995458243716], [21.018334249098015, 54.208090748428674], [21.0123498762474, 54.20750961531672]]]}}, {"type": "Feature", "properties": {"band": "light", "dbz": 30.0, "source": "OPERA-ORD", "time": "20260803033500"}, "geometry": {"type": "Polygon", "coordinates": [[[21.423345682450666, 53.841536070640956], [21.415836570968217, 53.842262922758486], [21.408327216302144, 53.84298930149103], [21.400817618452443, 53.84371520683858], [21.395490098948535, 53.845366037765885], [21.392344657790428, 53.84794179427293], [21.39138170857986, 53.85144281554642], [21.392601251316833, 53.85586910158639], [21.39382110276604, 53.86029536645095], [21.395041262927492, 53.86472161014011], [21.39783514408056, 53.867859857062385], [21.40220274622525, 53.86971010721778], [21.40814365506157, 53.870272021180845], [21.415657870589513, 53.86954559895159], [21.423171842378466, 53.868818703021375], [21.430685570428423, 53.86809133339018], [21.43601446412892, 53.86643920494495], [21.439158523479954, 53.86386231768567], [21.44011816396454, 53.86036101087688], [21.43889338558268, 53.85593528451859], [21.437668917011145, 53.85150953685161], [21.436444758249937, 53.84708376787595], [21.43364956869997, 53.843946323686644], [21.42928334836125, 53.842097204283675], [21.423345682450666, 53.841536070640956]]]}}, {"type": "Feature", "properties": {"band": "light", "dbz": 30.0, "source": "OPERA-ORD", "time": "20260803033500"}, "geometry": {"type": "Polygon", "coordinates": [[[19.244473935772774, 53.93216480567814], [19.236918633350236, 53.93275378507462], [19.23149995191358, 53.93430756983194], [19.22821789146281, 53.936826159950115], [19.227072790905893, 53.94030990273649], [19.22806465024283, 53.94475879819105], [19.229056762480496, 53.949207678191186], [19.23004912761889, 53.95365654273687], [19.232683581098684, 53.95684601445257], [19.236960122919875, 53.95877609333829], [19.242878413596152, 53.95944643183267], [19.25043845312751, 53.958857029935714], [19.255859431670395, 53.957302659068596], [19.25914134922479, 53.95478331923132], [19.260284546009792, 53.951299357910045], [19.2592890220254, 53.94685077510477], [19.258293751715513, 53.9424021767716], [19.25729873508015, 53.93795356291053], [19.254663816817857, 53.934764520979975], [19.25038899692865, 53.93283505097993], [19.244473935772774, 53.93216480567814]]]}}, {"type": "Feature", "properties": {"band": "light", "dbz": 30.0, "source": "OPERA-ORD", "time": "20260803033500"}, "geometry": {"type": "Polygon", "coordinates": [[[8.934564727120037, 54.142951565084964], [8.93068167963246, 54.14516321950832], [8.928682052532512, 54.148514804090624], [8.928565845820195, 54.153006318831885], [8.92844960903954, 54.157497829125774], [8.928333342190541, 54.16198933497229], [8.930159858855657, 54.16537502826106], [8.933929159034886, 54.16765490899209], [8.937698872872003, 54.16993467043985], [8.941469000367011, 54.17221431260434], [8.945239541642803, 54.17449383544385], [8.949010496699383, 54.176773238958376], [8.952838397446918, 54.17680676262961], [8.956723243885408, 54.17459440645756], [8.958722169637644, 54.17124246348447], [8.958835174703625, 54.166750933710325], [8.958948150537442, 54.162259399511626], [8.959061097139095, 54.15776786088836], [8.957232880586915, 54.15438251471564], [8.953463500880904, 54.152103360993465], [8.949694534437436, 54.14982408797654], [8.945925981256512, 54.14754469566486], [8.942157841215494, 54.14526518410008], [8.938390114314382, 54.142985553282216], [8.934564727120037, 54.142951565084964]]]}}, {"type": "Feature", "properties": {"band": "light", "dbz": 30.0, "source": "OPERA-ORD", "time": "20260803033500"}, "geometry": {"type": "Polygon", "coordinates": [[[9.089629896405611, 53.96340711151483], [9.082012538968826, 53.96334871551191], [9.076274480036366, 53.96442769706648], [9.07241571960823, 53.966644056178545], [9.070436223271745, 53.96999815423379], [9.070335991026909, 53.97448999123222], [9.068355659165213, 53.977843956932965], [9.064495227686658, 53.98006005133602], [9.060634383991928, 53.9822760192589], [9.056773128081023, 53.98449186070162], [9.054791510265185, 53.987845683322604], [9.054689530544412, 53.99233748712185], [9.054587524547582, 53.996829286253856], [9.0544854922747, 54.0013210807186], [9.054383433705997, 54.005812870530136], [9.054281348841478, 54.0103046556885], [9.054179237661351, 54.01479643620774], [9.054077100165625, 54.01928821208787], [9.055907686848682, 54.02267209241], [9.059670997710526, 54.024948077174116], [9.06343471907915, 54.02722394256497], [9.06719885095455, 54.02949968858256], [9.07096339345773, 54.031775315185385], [9.074728346588687, 54.03405082237346], [9.078543183467676, 54.03408031701948], [9.082407904094694, 54.03186379912345], [9.084389711901725, 54.02850964248633], [9.084488606888765, 54.02401784710811], [9.084587476389279, 54.01952604711251], [9.084686320403268, 54.01503424249951], [9.086666840486938, 54.01167994304309], [9.090529036640287, 54.00946314874325], [9.094390819968785, 54.007246227997356], [9.098252190472431, 54.005029180805394], [9.100231424269554, 54.001674738626654], [9.100328521360153, 53.99718290146114], [9.100425593445179, 53.992691059639704], [9.100522640524629, 53.98819921316237], [9.100619662617294, 53.983707362015025], [9.100716659723176, 53.97921550619767], [9.100813631861044, 53.974723645696244], [9.1009105790309, 53.970231780510744], [9.099078933242872, 53.96684846331757], [9.09531869449696, 53.964573694116716], [9.089629896405611, 53.96340711151483]]]}}, {"type": "Feature", "properties": {"band": "light", "dbz": 30.0, "source": "OPERA-ORD", "time": "20260803033500"}, "geometry": {"type": "Polygon", "coordinates": [[[8.969087752931687, 53.90851311468552], [8.961480569764293, 53.90844702974222], [8.955746946321185, 53.909520228697005], [8.951886882602363, 53.91173271154986], [8.949900339842408, 53.9150848390459], [8.949787318041317, 53.91957661118512], [8.947799940622525, 53.92292860551048], [8.943938207586035, 53.92514082202198], [8.940076063493667, 53.927352911752045], [8.936213508345425, 53.929564874700674], [8.934224842298246, 53.93291672449754], [8.934110065352131, 53.93740846114264], [8.933995258876148, 53.94190019300316], [8.933880422870299, 53.946391920079094], [8.9318904667605, 53.94974362524911], [8.928025390546754, 53.951955308513206], [8.924159902628652, 53.95416686485355], [8.9202940030062, 53.95637829427015], [8.918302755397551, 53.95972985471475], [8.918186159802708, 53.96422154618736], [8.920003334677126, 53.967607531259176], [8.923754280020807, 53.96988780993019], [8.929439035917675, 53.97106202079422], [8.93705760236773, 53.97113016385124], [8.942799875068705, 53.97005815935227], [8.946665854020598, 53.9678460072973], [8.948655499939361, 53.96449406910145], [8.948768812824994, 53.96000234476471], [8.950757621918115, 53.956650273283], [8.95462192721872, 53.954437854656334], [8.958485820841757, 53.952225309222946], [8.96234930278722, 53.95001263698284], [8.964336822059842, 53.94666042114452], [8.964448378659615, 53.94216866170799], [8.964559906572411, 53.937676897495464], [8.964671405798232, 53.93318512850695], [8.966657636685142, 53.92983276841018], [8.970518599233147, 53.927619817205134], [8.974379150752284, 53.92540673933552], [8.978239291242557, 53.92319353480134], [8.980224235176562, 53.91984103054405], [8.980333982554303, 53.91534922656364], [8.978514478311224, 53.91196403271937], [8.974765722447332, 53.909685449011235], [8.969087752931687, 53.90851311468552]]]}}, {"type": "Feature", "properties": {"band": "light", "dbz": 30.0, "source": "OPERA-ORD", "time": "20260803033500"}, "geometry": {"type": "Polygon", "coordinates": [[[15.851191366034929, 53.77791707460688], [15.843629799970149, 53.77829008934744], [15.83606810833783, 53.77866262292632], [15.828506291137973, 53.77903467534351], [15.822990576520148, 53.78043234527381], [15.819520964484362, 53.78285563271722], [15.818097668265121, 53.7863048916838], [15.818720687862434, 53.79078012217353], [15.819343866567003, 53.79525534350286], [15.819967204378827, 53.799730555671786], [15.82232647029841, 53.80299406209392], [15.82642166432575, 53.80504586276925], [15.832252572860511, 53.80588560341948], [15.839819195902697, 53.80551328404461], [15.84738569308599, 53.805140483168394], [15.85495206441039, 53.804767200790856], [15.860469699309371, 53.80336832571042], [15.863938597782932, 53.800943857927095], [15.865358974734498, 53.797494151634716], [15.864730830164072, 53.79301920683328], [15.864102845909196, 53.78854425280123], [15.863475021969867, 53.78406928953857], [15.861113869766982, 53.78080649773958], [15.85701938930054, 53.778755877404265], [15.851191366034929, 53.77791707460688]]]}}, {"type": "Feature", "properties": {"band": "light", "dbz": 30.0, "source": "OPERA-ORD", "time": "20260803033500"}, "geometry": {"type": "Polygon", "coordinates": [[[9.078062624090899, 53.88357361685184], [9.07421146542842, 53.88579008294262], [9.070359896778273, 53.888006422872934], [9.066507918140461, 53.8902226366428], [9.062655529402393, 53.89243872420924], [9.05880273056407, 53.89465468557228], [9.058752424243849, 53.89690064093772], [9.06250461044173, 53.89917659030557], [9.06625720420222, 53.90145242063463], [9.07001020552532, 53.90372813192487], [9.071836770218907, 53.90711193930442], [9.07173689828298, 53.91160384277326], [9.073564267080194, 53.91498753223115], [9.077318876610544, 53.917263007678095], [9.081123037068409, 53.9172924099529], [9.08497674845379, 53.91507573905558], [9.086952721804636, 53.91172144479339], [9.08705095712094, 53.90722952716636], [9.087149167198383, 53.90273760473889], [9.08724735203696, 53.89824567751098], [9.087345511655586, 53.893753745468544], [9.087443646054263, 53.889261808611586], [9.085616585795735, 53.88587822608894], [9.081864330880006, 53.88360299790061], [9.078062624090899, 53.88357361685184]]]}}, {"type": "Feature", "properties": {"band": "light", "dbz": 30.0, "source": "OPERA-ORD", "time": "20260803033500"}, "geometry": {"type": "Polygon", "coordinates": [[[15.803797748084495, 53.5459428863147], [15.796277279807498, 53.546312642602004], [15.790790531118319, 53.5477087126182], [15.78733750201695, 53.55013109636329], [15.785918401601618, 53.55358014544453], [15.786533229872326, 53.55805585986191], [15.78714821421655, 53.56253156483754], [15.787763354634292, 53.56700726037144], [15.790106117642283, 53.57027170304952], [15.794176503240525, 53.57232489287178], [15.799974301974313, 53.57316647796596], [15.807499513843654, 53.57279645833208], [15.812988741743208, 53.571399887713056], [15.816441985672977, 53.56897676610889], [15.817859455836423, 53.56552744534496], [15.81724115223355, 53.561051925421275], [15.816623005494783, 53.556576396009994], [15.816005015620126, 53.55210085711112], [15.813661511067846, 53.548836817789024], [15.809592491837943, 53.54678427804371], [15.803797748084495, 53.5459428863147]]]}}, {"type": "Feature", "properties": {"band": "light", "dbz": 30.0, "source": "OPERA-ORD", "time": "20260803033500"}, "geometry": {"type": "Polygon", "coordinates": [[[7.437176901500486, 53.5707349590794], [7.429634298579675, 53.57057121604458], [7.422091750495224, 53.570406992046536], [7.414549257247136, 53.570242287085286], [7.408823340175942, 53.571240899420374], [7.40491399928164, 53.573402829051815], [7.4047762464824665, 53.57564748021071], [7.408410081778419, 53.57797485289706], [7.412044313823466, 53.58030211363949], [7.415678942617609, 53.58262926243801], [7.417358799635358, 53.58603748875028], [7.417083884876711, 53.5905267925763], [7.414990854303986, 53.59385250235353], [7.411079707917181, 53.596014618081966], [7.40535053975002, 53.5970127833133], [7.397803349802506, 53.59684699804753], [7.3920734038186025, 53.59784478105562], [7.38816070179831, 53.60000613233757], [7.388021936334762, 53.60225074562801], [7.391657107427957, 53.60457862092694], [7.395292675830746, 53.6069063842793], [7.39892864154313, 53.60923403568508], [7.40060815409917, 53.61264247555039], [7.4003312134988635, 53.617131703875216], [7.40005420228459, 53.621620926203974], [7.399777120456349, 53.62611014253668], [7.399499967961655, 53.630599352886804], [7.39922274480051, 53.63508855725435], [7.398945450920374, 53.63957775565282], [7.398668086321248, 53.64406694808222], [7.398390650950542, 53.64855613455601], [7.398113144808256, 53.653045315074195], [7.399794604325967, 53.65645365353757], [7.403435029503673, 53.65878114994612], [7.407213872481615, 53.658863930148826], [7.411131133259791, 53.656701994145685], [7.4150479880465605, 53.65453992629751], [7.418964436841923, 53.65237772660429], [7.422880479749602, 53.650215395109846], [7.4267961167695935, 53.64805293181417], [7.428891009854354, 53.64472706457891], [7.429165159003882, 53.640237793404076], [7.42943923825187, 53.63574851628088], [7.429713247598317, 53.631259233209306], [7.429987187095157, 53.62676994417587], [7.430261056742388, 53.62228064918055], [7.432354094543946, 53.618954600048355], [7.436266300499833, 53.61679179677926], [7.440178101395241, 53.61462886188765], [7.444089497230172, 53.612465795373524], [7.44618118813462, 53.60913958318113], [7.446453174108586, 53.60465022531047], [7.446725090796011, 53.60016086144766], [7.446996938196894, 53.595671491592704], [7.44726871636266, 53.591182115732074], [7.44754042529331, 53.586692733865775], [7.447812065040215, 53.58220334598029], [7.448083635603374, 53.57771395207562], [7.446401616403938, 53.57430614899167], [7.442766007441907, 53.571979936728425], [7.437176901500486, 53.5707349590794]]]}}, {"type": "Feature", "properties": {"band": "light", "dbz": 30.0, "source": "OPERA-ORD", "time": "20260803033500"}, "geometry": {"type": "Polygon", "coordinates": [[[7.4818978653217325, 53.58068628977906], [7.474353335274579, 53.580525394351596], [7.468627457260675, 53.581526899752355], [7.464720231280021, 53.583690805981334], [7.462631565344566, 53.58701746936765], [7.46236145945431, 53.5915068899113], [7.462091284736256, 53.595996304459455], [7.461821041190406, 53.600485713012105], [7.461550728765639, 53.60497511558279], [7.461280347461952, 53.60946451217149], [7.461009897228174, 53.61395390279175], [7.460739378064305, 53.61844328744356], [7.458648358678874, 53.62176975083489], [7.454736839071883, 53.62393329296574], [7.450824914198657, 53.62609670350074], [7.446912584059198, 53.62825998243991], [7.446776819303039, 53.63050465616054], [7.450417619930182, 53.632830724662654], [7.456015045487813, 53.634074803548906], [7.463569095975934, 53.6342368928193], [7.469301942591466, 53.6332359285061], [7.473213585334408, 53.63107191060932], [7.477124822709089, 53.62890776118712], [7.481035654715511, 53.626743480239504], [7.484946081457438, 53.62457906781016], [7.488856102934872, 53.62241452389908], [7.4909447676438585, 53.619087521222596], [7.491212075584399, 53.61459805978072], [7.49147931541082, 53.610108592390574], [7.491746487123123, 53.605619119052164], [7.4920135907718794, 53.60112963975195], [7.492280626357085, 53.59664015448995], [7.492547593929265, 53.592150663252596], [7.4928144934884156, 53.58766116603993], [7.49112849003732, 53.58425399744839], [7.4874895835759805, 53.58192915747799], [7.4818978653217325, 53.58068628977906]]]}}, {"type": "Feature", "properties": {"band": "light", "dbz": 30.0, "source": "OPERA-ORD", "time": "20260803033500"}, "geometry": {"type": "Polygon", "coordinates": [[[13.863460635714405, 53.49937539670668], [13.855936155782883, 53.49962153693082], [13.850394767664032, 53.500927283587956], [13.846836471357852, 53.5032926366781], [13.843277783202058, 53.50565788267387], [13.839718703196652, 53.50802302157528], [13.836159231216703, 53.51038805334518], [13.832599367262205, 53.51275297798356], [13.832803104142084, 53.514995626036544], [13.836770441856338, 53.51711599750414], [13.842518022225645, 53.51805353424402], [13.85004584525001, 53.51780823625619], [13.857573586537097, 53.51756245870769], [13.865101246086905, 53.51731620159852], [13.870644084595748, 53.51601004231053], [13.87420210206362, 53.513643980843725], [13.87577543835587, 53.51021837145875], [13.875364093472495, 53.5057332141556], [13.873174534693145, 53.50243105827667], [13.869206762017825, 53.50031190382197], [13.863460635714405, 53.49937539670668]]]}}, {"type": "Feature", "properties": {"band": "light", "dbz": 30.0, "source": "OPERA-ORD", "time": "20260803033500"}, "geometry": {"type": "Polygon", "coordinates": [[[14.599462926328926, 53.46396564573274], [14.59194879596091, 53.4642586483226], [14.586434532065667, 53.46559876557918], [14.582920134643196, 53.467985997502495], [14.58140576875196, 53.47142069683866], [14.581891434391961, 53.475902863587685], [14.584135089955122, 53.47919137973861], [14.588136735441442, 53.48128624529144], [14.593896205635218, 53.48218710732566], [14.601413500536454, 53.48189396584125], [14.606929181184983, 53.48055342632259], [14.610443247580804, 53.478165488769676], [14.611955865692234, 53.47473050606598], [14.61146703551928, 53.470248478211495], [14.609221963202835, 53.46696038432265], [14.6052206487429, 53.46486622439943], [14.599462926328926, 53.46396564573274]]]}}, {"type": "Feature", "properties": {"band": "light", "dbz": 30.0, "source": "OPERA-ORD", "time": "20260803033500"}, "geometry": {"type": "Polygon", "coordinates": [[[7.624278732121372, 53.46676290614674], [7.616754031755977, 53.46661114141485], [7.611047052238791, 53.46761961885373], [7.607157793569815, 53.469788338463374], [7.605086169520988, 53.47311765546799], [7.604832180092311, 53.47760756986757], [7.60275972370699, 53.480936744217615], [7.598868800365025, 53.4831051785181], [7.594977475054396, 53.485273482215284], [7.591085747775103, 53.48744165530917], [7.587193618424083, 53.48960969775654], [7.583301087001338, 53.49177760955741], [7.5794081534038025, 53.493945390668536], [7.575514817631474, 53.49611304108993], [7.573439365667236, 53.49944176874946], [7.573181797511086, 53.503931573647144], [7.572924163866977, 53.50842137248308], [7.572666464734908, 53.51291116525726], [7.574356663173042, 53.51631716340154], [7.577994759181376, 53.518639366915934], [7.583580840416042, 53.51987742004688], [7.5911149068770385, 53.52003132279438], [7.596829126738406, 53.51902410549447], [7.600723500000146, 53.51685576814717], [7.60279793977277, 53.51352666652558], [7.60305244605628, 53.50903680062971], [7.60512605177103, 53.50570755624255], [7.60901875691702, 53.5035389333641], [7.612911059687777, 53.50137017987943], [7.616802960083303, 53.499201295788545], [7.6188752366514985, 53.49587189060573], [7.619127889392363, 53.491381964330984], [7.619380477954444, 53.48689203199595], [7.61963300233774, 53.48240209360064], [7.62170395120123, 53.47907252773491], [7.625593324544916, 53.476903334398735], [7.629482296128213, 53.47473401060224], [7.6333708659511235, 53.47256455634542], [7.6334966337229515, 53.470319569040925], [7.629859599443696, 53.46799904868877], [7.624278732121372, 53.46676290614674]]]}}, {"type": "Feature", "properties": {"band": "light", "dbz": 30.0, "source": "OPERA-ORD", "time": "20260803033500"}, "geometry": {"type": "Polygon", "coordinates": [[[5.2776636916391215, 53.008924106865685], [5.27022993939992, 53.00862318583242], [5.26279628434293, 53.0083217922494], [5.255362726468153, 53.00801992611662], [5.2496634640187745, 53.008913842896774], [5.2456984969947955, 53.01100354258986], [5.245450589944985, 53.0132445451918], [5.248919742869345, 53.015636850702606], [5.252389274434819, 53.018029053490686], [5.255859184641409, 53.02042115355605], [5.2593294736114915, 53.022813150863634], [5.262800141345066, 53.02520504541343], [5.268253892826655, 53.026551523494085], [5.275690728056259, 53.026852585105594], [5.281391458309531, 53.02595766427912], [5.285356083586471, 53.02386676101468], [5.287584438573254, 53.02058022328651], [5.288076523269879, 53.016098051094616], [5.286587066153324, 53.01266136559458], [5.283116067223589, 53.010270166786405], [5.2776636916391215, 53.008924106865685]]]}}, {"type": "Feature", "properties": {"band": "light", "dbz": 30.0, "source": "OPERA-ORD", "time": "20260803033500"}, "geometry": {"type": "Polygon", "coordinates": [[[12.260914887456558, 52.86666143712393], [12.253494542288962, 52.86680516339178], [12.246074151225695, 52.866948417343124], [12.238653714266757, 52.86709119897797], [12.233146269516748, 52.86832088513049], [12.229551816975665, 52.87063747580069], [12.227870434333406, 52.87404132003607], [12.22810212158997, 52.878532417836624], [12.230131805681522, 52.88186520375842], [12.233959486608057, 52.884039677801475], [12.237787556131465, 52.88621402368826], [12.241616014251749, 52.88838824141879], [12.243646974252057, 52.89172086877406], [12.243880436132388, 52.89621190575407], [12.245912199787524, 52.89954439312197], [12.249742265217465, 52.90171833087774], [12.255370554027957, 52.90273336963047], [12.262797066219, 52.902589509380135], [12.270223532072361, 52.902445176383374], [12.277649951588042, 52.90230037064019], [12.283160204067434, 52.90106885762506], [12.286754289510537, 52.89875063733799], [12.288432287556438, 52.89534605913863], [12.288194198205137, 52.89085512302697], [12.286159837322597, 52.88752328010673], [12.282329204908821, 52.88535053037789], [12.278498961101592, 52.88317765232857], [12.274669105900905, 52.881004645958775], [12.27263602314112, 52.87767264392642], [12.27239971282223, 52.8731816462315], [12.270367433257178, 52.869849504035535], [12.266539184445962, 52.86767621733851], [12.260914887456558, 52.86666143712393]]]}}, {"type": "Feature", "properties": {"band": "light", "dbz": 30.0, "source": "OPERA-ORD", "time": "20260803033500"}, "geometry": {"type": "Polygon", "coordinates": [[[22.799191932564995, 51.57591928913076], [22.792081402872448, 51.57672812636753], [22.787065982956573, 51.57843807862707], [22.784145672817367, 51.58104914590938], [22.781225044802927, 51.58366013976872], [22.77830409891325, 51.58627106020507], [22.773287219699625, 51.58798013929503], [22.766174407162055, 51.58878737703858], [22.759061358626283, 51.5895941703139], [22.751948074092308, 51.59040051912099], [22.746929735476854, 51.592108724627955], [22.744006342779926, 51.5947187868348], [22.74317829930299, 51.59823101877528], [22.74444560504606, 51.60264542044942], [22.745713212888724, 51.60705979499512], [22.746981122830988, 51.6114741424124], [22.74971158314668, 51.61458333909412], [22.753904593835806, 51.616387385040284], [22.759559750959102, 51.61688596701343], [22.766677054516574, 51.61607908501356], [22.77379412156856, 51.61527175827443], [22.780910952115057, 51.61446398679604], [22.78593039024314, 51.61275454819025], [22.78885243595281, 51.610143442457066], [22.791774163372395, 51.60753226329811], [22.794695572501904, 51.60492101071338], [22.79825329769529, 51.60451650252558], [22.802447338952557, 51.606318738734686], [22.805181297303584, 51.60942664733747], [22.80645517274837, 51.613840228333935], [22.80772935188849, 51.618253782029555], [22.809003834723946, 51.62266730842434], [22.81173942197885, 51.625774910598935], [22.81593611365321, 51.62757658855334], [22.8215935036676, 51.62807202918425], [22.828711592022024, 51.627261232491655], [22.83373066436242, 51.625549686201026], [22.83665072068878, 51.62293739031236], [22.839570458752853, 51.62032502113427], [22.84248987855464, 51.61771257866677], [22.845408980214117, 51.61510006293327], [22.848327763731277, 51.61248747393379], [22.849148209214604, 51.608974656945925], [22.847870316664096, 51.604561611969686], [22.845133701608297, 51.60145477204364], [22.84093836404721, 51.599654137167796], [22.836743377672857, 51.59785333964409], [22.832548742485233, 51.596052379472525], [22.829813755913793, 51.592945232696394], [22.828538417958534, 51.58853189931569], [22.825804268756592, 51.58542453161653], [22.821611308307972, 51.583623129598905], [22.817418698800942, 51.581821565065965], [22.81322644023551, 51.580019838017705], [22.80903453256741, 51.57821794849828], [22.80484297579665, 51.57641589650767], [22.799191932564995, 51.57591928913076]]]}}, {"type": "Feature", "properties": {"band": "light", "dbz": 30.0, "source": "OPERA-ORD", "time": "20260803033500"}, "geometry": {"type": "Polygon", "coordinates": [[[22.656071074547295, 51.537424222126674], [22.64896433882405, 51.538224001841144], [22.641857369879485, 51.53902333739497], [22.634750167713605, 51.539822228788154], [22.627642732555266, 51.540620675974644], [22.620535064404475, 51.54141867895445], [22.613427163490215, 51.54221623768158], [22.606319029812482, 51.54301335215603], [22.599210663600385, 51.543810022331854], [22.592102064853925, 51.54460624820904], [22.58499323380234, 51.545402029741695], [22.577884170445625, 51.5461973669298], [22.57077487501313, 51.54699225972751], [22.56366534750486, 51.547786708134815], [22.558644762751882, 51.54948661060168], [22.555713120754206, 51.55209196712813], [22.55487081813616, 51.55560309107108], [22.556117854897728, 51.560019982430546], [22.55736518877598, 51.564436847171265], [22.5586128197709, 51.568853685293234], [22.55986074808521, 51.57327049679714], [22.561108973718905, 51.577687281682984], [22.56235749687489, 51.582104039951446], [22.563606317553152, 51.586520771602515], [22.564855435956787, 51.590937476636874], [22.566104852085793, 51.595354155054515], [22.568821505767048, 51.598467946015845], [22.57300539700055, 51.600278849520876], [22.577189640165297, 51.602089591308356], [22.58137423526129, 51.603900171378285], [22.585559182334002, 51.605710589686524], [22.589744481383438, 51.60752084623306], [22.593930132455032, 51.609330940973734], [22.598116135548786, 51.61114087390856], [22.60230249071012, 51.61295064499335], [22.606489197939027, 51.6147602542281], [22.610048639952435, 51.614361705614165], [22.612980816750337, 51.611754999151536], [22.61381958704809, 51.608243623223], [22.612564950845695, 51.603827577828554], [22.61340321601589, 51.600316158500014], [22.616334382558684, 51.59770936523737], [22.619265230137948, 51.595102498022484], [22.622195758753683, 51.592495556855354], [22.625125968525545, 51.589888541759606], [22.628055859453525, 51.587281452735255], [22.633077986028557, 51.585578467307585], [22.64019234825063, 51.584779585476596], [22.645842435172188, 51.585284160166864], [22.650028246793237, 51.587092191378396], [22.65275018326235, 51.590203992456985], [22.65400824457952, 51.59461956340263], [22.656731017654607, 51.597731145020866], [22.66091850248761, 51.599538737311704], [22.666570298346524, 51.600042026839574], [22.673686405231344, 51.59924101360447], [22.680802277493953, 51.59843955562233], [22.687917915134346, 51.59763765289314], [22.693570263688247, 51.59813980255086], [22.697759323155662, 51.5999460045955], [22.701948734219915, 51.601752044479156], [22.706138496881014, 51.603557922201816], [22.711791397146165, 51.604058931792366], [22.71890743501536, 51.6032550732508], [22.723927921375044, 51.601548364421475], [22.726852856225214, 51.5989388053044], [22.729777472657887, 51.596329172579274], [22.732701770673053, 51.59371946624611], [22.735625750390433, 51.591109686328416], [22.73854941181002, 51.5884998328262], [22.739378193229726, 51.58498765098033], [22.73811209464955, 51.580573140790804], [22.736846297551594, 51.57615860347199], [22.73558080193586, 51.57174403902389], [22.73431560759692, 51.567329447446205], [22.733050714534777, 51.56291482873893], [22.730325027206497, 51.5598049867081], [22.726138545612088, 51.55799992135371], [22.720490867800578, 51.5574993198672], [22.71338199377197, 51.55830318224855], [22.70773488361464, 51.557802152374364], [22.70354953732859, 51.55599623024464], [22.699364541786963, 51.55419014612929], [22.69517989698975, 51.55238390002832], [22.690995602892208, 51.55057749198579], [22.686811659494346, 51.548770922001694], [22.682628066751384, 51.5469641901201], [22.678444824663323, 51.54515729634101], [22.674261933185367, 51.54335024070843], [22.670079392317508, 51.54154302322237], [22.66589720201491, 51.53973564392686], [22.661715362277583, 51.53792810282191], [22.656071074547295, 51.537424222126674]]]}}, {"type": "Feature", "properties": {"band": "light", "dbz": 30.0, "source": "OPERA-ORD", "time": "20260803033500"}, "geometry": {"type": "Polygon", "coordinates": [[[22.550842983421486, 51.476321227392376], [22.543744146336685, 51.477114279836044], [22.5366450787279, 51.4779068885659], [22.529545780595125, 51.47869905358194], [22.522446252166787, 51.47949077483864], [22.51534649344289, 51.48028205233598], [22.50824650465197, 51.481072886028535], [22.50114628579403, 51.48186327591628], [22.496130497872954, 51.48356037149928], [22.493199140888752, 51.48616417277753], [22.490267466168383, 51.488767899820914], [22.487335473711852, 51.49137155262946], [22.4823182406654, 51.49306777288038], [22.475215767029027, 51.49385656057369], [22.468113063847962, 51.49464490423573], [22.461010131122208, 51.4954328038665], [22.455991452861927, 51.4971281483748], [22.453057029067125, 51.499730937760624], [22.45220725207527, 51.503241485296684], [22.453442121886354, 51.50765979098296], [22.454677285627177, 51.51207807029794], [22.45591274329773, 51.516496323241626], [22.457148495098362, 51.52091454981493], [22.45838454102908, 51.525332750017874], [22.459620881290405, 51.529750923851395], [22.460857515882346, 51.53416907131548], [22.46356259424195, 51.53728564710228], [22.46773611636922, 51.5391006512118], [22.473377688759143, 51.53961377002943], [22.480487311411707, 51.53882500355522], [22.487596703697204, 51.53803579259747], [22.49470586561562, 51.5372461371562], [22.50181479693717, 51.53645603727695], [22.508923497661844, 51.53566549295972], [22.51603196755998, 51.5348745042501], [22.52314020663157, 51.53408307114809], [22.530248214647074, 51.533291193699306], [22.537355991606486, 51.53249887190375], [22.54237546053678, 51.53080019784353], [22.54530662143796, 51.52819517151865], [22.546149869950995, 51.52468410619433], [22.544905206075892, 51.520267001870565], [22.543660838306657, 51.51584987092441], [22.542416766643278, 51.51143271335589], [22.54325962091044, 51.50792160786325], [22.54618940110813, 51.50531655444652], [22.549118863569653, 51.50271142695263], [22.55204800829501, 51.50010622538157], [22.554976835402975, 51.497500949756976], [22.55790534489355, 51.494895600078834], [22.560833536885447, 51.49229017637072], [22.563761411378678, 51.48968467863266], [22.56460286536983, 51.48617344534931], [22.5633578988589, 51.48175647652067], [22.560649662193548, 51.4786421693724], [22.556478155373775, 51.47683052390449], [22.550842983421486, 51.476321227392376]]]}}, {"type": "Feature", "properties": {"band": "light", "dbz": 30.0, "source": "OPERA-ORD", "time": "20260803033500"}, "geometry": {"type": "Polygon", "coordinates": [[[22.493395237278644, 51.42805887738366], [22.486303017400108, 51.428848227086284], [22.47921056866604, 51.429637133479446], [22.472117891076447, 51.43042559656314], [22.465024984859227, 51.4312136162922], [22.45793185001438, 51.43200119266659], [22.450838486769936, 51.43278832564122], [22.443744895125896, 51.433575015216064], [22.438732197672802, 51.43526954473528], [22.43580039441066, 51.43787191419887], [22.434949875771533, 51.44138243640049], [22.436180641755424, 51.445801111340145], [22.437411700271692, 51.45021975990152], [22.43864305132033, 51.45463838208461], [22.43987469510042, 51.45905697789048], [22.44110663161196, 51.46347554731911], [22.443805511121994, 51.46659278579054], [22.44797133363053, 51.46840869330477], [22.453603707817617, 51.46892295679553], [22.460702633683255, 51.468135576262824], [22.46780133049585, 51.46734775196972], [22.474899798255397, 51.46655948391621], [22.481998036733284, 51.465770772147565], [22.489096045929518, 51.4649816166638], [22.496193825615595, 51.464192017510214], [22.503291375791516, 51.4634019746868], [22.508304690701692, 51.46170486018691], [22.511233770346117, 51.45910067401053], [22.512079007778254, 51.45558972894211], [22.510840402998113, 51.45117202498165], [22.509602092422, 51.44675429443438], [22.508364076049926, 51.44233653730029], [22.50712635368192, 51.437918753578494], [22.505888925317983, 51.433500943268996], [22.50318799515649, 51.43038507921877], [22.49902356319744, 51.428571161427826], [22.493395237278644, 51.42805887738366]]]}}, {"type": "Feature", "properties": {"band": "light", "dbz": 30.0, "source": "OPERA-ORD", "time": "20260803033500"}, "geometry": {"type": "Polygon", "coordinates": [[[22.041134333758137, 51.32271310576632], [22.034051733143894, 51.323473865179935], [22.02903618641046, 51.32515026786836], [22.026087693557827, 51.32774231383159], [22.02313888335383, 51.33033428426477], [22.020189755798476, 51.3329261791679], [22.01724031077479, 51.33551799851701], [22.014290548282766, 51.33810974231211], [22.01488353920002, 51.340321750782486], [22.019019283526546, 51.342154023928124], [22.02463000708554, 51.342690057468644], [22.031715709877016, 51.341929851404046], [22.038801192840488, 51.34116920209732], [22.04588645597596, 51.34040810954846], [22.050902957823816, 51.33873122697832], [22.053850698384057, 51.336138554386864], [22.054730054246996, 51.33263040511534], [22.05354102541264, 51.328206779163715], [22.05087879176291, 51.3250794061558], [22.046743353297806, 51.32324828609161], [22.041134333758137, 51.32271310576632]]]}}, {"type": "Feature", "properties": {"band": "light", "dbz": 30.0, "source": "OPERA-ORD", "time": "20260803033500"}, "geometry": {"type": "Polygon", "coordinates": [[[22.000922609304435, 51.17228916532752], [21.993862545123342, 51.17304710606464], [21.986802264070022, 51.17380460526958], [21.979741766144464, 51.17456166294235], [21.972681051572994, 51.17531827904011], [21.96562012035561, 51.176074453562876], [21.960617788754266, 51.17774771604612], [21.95767405676896, 51.18033806648986], [21.956789294923297, 51.18384581713187], [21.95796350321728, 51.18827096797213], [21.95913798924212, 51.19269609352058], [21.960312752997815, 51.19712119377722], [21.95942757004166, 51.200628900598616], [21.956482440373648, 51.20321921398478], [21.95353699512687, 51.20580945175517], [21.950591234301335, 51.208399613909776], [21.9497056297362, 51.21190727694585], [21.95088018143147, 51.21633244086338], [21.953528275681585, 51.2194624413191], [21.957649912486545, 51.22129727831302], [21.963244720616927, 51.221836639202614], [21.970312700072732, 51.221080523987894], [21.97590807726498, 51.22161946449801], [21.980030852193664, 51.22345346073296], [21.980619538802113, 51.22566588108975], [21.977674137090325, 51.2282567255684], [21.97472841947927, 51.230847494470936], [21.971782385968947, 51.233438187797375], [21.968836036443292, 51.23602880552386], [21.965889370902314, 51.238619347650385], [21.962942389229916, 51.24120981415308], [21.9599950914261, 51.24380020503193], [21.96058367266808, 51.246012657378884], [21.964708132955856, 51.24784717119394], [21.968832940204337, 51.24968152681617], [21.972958094413524, 51.25151572424558], [21.97354695446513, 51.25372815133472], [21.97059952035916, 51.25631880808361], [21.96765176984494, 51.258909389204625], [21.96470370292249, 51.26149989469777], [21.9617553194755, 51.26409032453913], [21.95880661950398, 51.26668067872871], [21.95585760289158, 51.26927095724257], [21.9529082696383, 51.27186116008071], [21.953497023833318, 51.274073619282404], [21.957623865476634, 51.27590833484764], [21.961751054608584, 51.27774289213845], [21.965878591229174, 51.27957729115482], [21.97000647538578, 51.28141153185359], [21.974134707078402, 51.28324561423478], [21.9782632863544, 51.28507953825518], [21.982392213213775, 51.2869133039148], [21.98504712601285, 51.2900424588051], [21.986228024751632, 51.29446700292606], [21.988883757523702, 51.2975959453517], [21.99301432432906, 51.29942928608202], [21.997145238968372, 51.30126246832308], [22.001276501441637, 51.303095492074895], [22.005408111796147, 51.304928357294216], [22.009540070031896, 51.30676106398105], [22.013080036521856, 51.30638155652712], [22.01602801126603, 51.30378983493242], [22.01897566907545, 51.301198037813535], [22.021923009950115, 51.29860616517047], [22.024870034006717, 51.29601421702712], [22.027816741245257, 51.2934221933835], [22.03076313178236, 51.2908300942635], [22.03370920561803, 51.28823791966712], [22.038720664743195, 51.28656134265667], [22.045797509157847, 51.28580036323214], [22.05140198067157, 51.28633538793397], [22.05553407928437, 51.28816641676216], [22.059666525376233, 51.2899972869228], [22.063799318947158, 51.2918279984159], [22.06733774397084, 51.29144680314004], [22.070281800447276, 51.28885370109521], [22.073225540506527, 51.28626052371148], [22.0761689641486, 51.28366727098885], [22.079112071490066, 51.281073942951124], [22.082054862530928, 51.27848053959832], [22.084997337387723, 51.275887060954254], [22.087939496060454, 51.27329350701891], [22.09147681787322, 51.2729115100864], [22.095609302826034, 51.2747410701567], [22.09974213491698, 51.27657047146897], [22.103875314146066, 51.27839971402322], [22.107412415894945, 51.278017274673694], [22.11035344016362, 51.275423153420405], [22.111227810088117, 51.27191454406077], [22.110035525668433, 51.26749144659478], [22.110909389385483, 51.26398279101172], [22.113849401239264, 51.26138857731158], [22.116789097353188, 51.25879428843723], [22.119728477727243, 51.256199924388675], [22.120601927781422, 51.25269122591137], [22.11940944751573, 51.2482681930053], [22.120282392059668, 51.24475944833637], [22.123220761413247, 51.24216499190455], [22.126158815397293, 51.239570460347785], [22.129096554011813, 51.236975853666074], [22.129969085825973, 51.23346706607306], [22.128776410839773, 51.22904409756874], [22.126115527977, 51.22591834882698], [22.121986437237652, 51.22408981984776], [22.117857692629208, 51.222261132232106], [22.11372929415166, 51.220432285979996], [22.11106998233103, 51.217306243684384], [22.109879757167317, 51.212883005345276], [22.10722126261255, 51.209756749920906], [22.103094498666742, 51.207927477411275], [22.097499089852693, 51.20739487581458], [22.0904350361704, 51.20815894513083], [22.084840194148963, 51.20762592254769], [22.08071456378838, 51.20579580806515], [22.076589279325997, 51.2039655351614], [22.072464340761822, 51.20213510383646], [22.06687006789555, 51.20160095624425], [22.05980646072718, 51.20236309238477], [22.05480466192984, 51.204040527267686], [22.051864671503523, 51.20663326089301], [22.04892436590187, 51.209225919196314], [22.04598374512489, 51.21181850217762], [22.040980533233668, 51.21349506117935], [22.033914730228204, 51.21425559620149], [22.02831989909248, 51.21371975679083], [22.024196039826496, 51.21188754294737], [22.020072526703643, 51.21005517085901], [22.015949359723926, 51.20822264052574], [22.011826538840445, 51.206389951990595], [22.00770406405319, 51.20455710525356], [22.007113949758377, 51.20234488212279], [22.01005619595601, 51.19975328259826], [22.012998126949785, 51.197161607640545], [22.015939742739704, 51.19456985724965], [22.016820524418023, 51.19106176213515], [22.01564047198474, 51.18663732229705], [22.014460698451792, 51.18221285700776], [22.013281203819183, 51.17778836626728], [22.010631752725903, 51.174659639412525], [22.006512345171956, 51.17282667644348], [22.000922609304435, 51.17228916532752]]]}}, {"type": "Feature", "properties": {"band": "light", "dbz": 30.0, "source": "OPERA-ORD", "time": "20260803033500"}, "geometry": {"type": "Polygon", "coordinates": [[[10.304047638851662, 51.22505646248363], [10.296893653552205, 51.22507551170092], [10.28973966282948, 51.22509410737268], [10.282585666683481, 51.22511224949891], [10.277226872766985, 51.22624977691106], [10.273663281079987, 51.228506689609134], [10.271894900360333, 51.2318833210672], [10.271921730608025, 51.23637967128526], [10.271948567307085, 51.24087601260082], [10.271975410457516, 51.24537234501388], [10.272002260063811, 51.249868668538575], [10.27202911612597, 51.25436498317492], [10.272055978648483, 51.258861288937084], [10.272082847631355, 51.263357585825055], [10.272109723079083, 51.26785387385298], [10.272136604991665, 51.272350153020845], [10.273947389983146, 51.27571798782178], [10.277542078053521, 51.27795737825578], [10.282920660432069, 51.27906799034685], [10.290083137118788, 51.279049824095004], [10.295447562056996, 51.277911964639664], [10.29901393524669, 51.27565441198083], [10.300782266102082, 51.27227750009241], [10.300752554623173, 51.2677812289744], [10.302520182057796, 51.26440419904597], [10.306085148405952, 51.2621464103071], [10.309649761633548, 51.25988850694542], [10.313214021740583, 51.25763048896093], [10.314980603634956, 51.254253328832675], [10.314949507316662, 51.249757026560665], [10.314918418473496, 51.24526071539723], [10.314887337105459, 51.24076439534236], [10.314856263207346, 51.23626806638191], [10.31482519677916, 51.23177172851589], [10.31301340554915, 51.2284044041559], [10.30942088951731, 51.226166093301956], [10.304047638851662, 51.22505646248363]]]}}, {"type": "Feature", "properties": {"band": "light", "dbz": 30.0, "source": "OPERA-ORD", "time": "20260803033500"}, "geometry": {"type": "Polygon", "coordinates": [[[21.994851170939327, 50.09987433479553], [21.99197014455676, 50.102465991852604], [21.9910990150665, 50.105975665980324], [21.992237782468543, 50.1104033571787], [21.99481768777248, 50.113535140138026], [21.998838730978314, 50.11537101485831], [22.002860101337124, 50.11720673542917], [22.00688179884891, 50.119042301850584], [22.010903823557292, 50.1208777140821], [22.01492617546227, 50.1227129721237], [22.020389081442033, 50.12325181668217], [22.027292541496582, 50.122494247757515], [22.03218420065536, 50.12081912974732], [22.03506405891838, 50.11822646265158], [22.03449271885701, 50.11601285634652], [22.03047018047124, 50.114178310832145], [22.02644796912747, 50.11234361108498], [22.022426084825696, 50.11050875710503], [22.018404527522392, 50.10867374893276], [22.014383297217556, 50.10683858656817], [22.010362393867645, 50.10500327005172], [22.00634181747266, 50.1031677993834], [22.00232156798903, 50.10133217460368], [21.998301645416745, 50.09949639571255], [21.994851170939327, 50.09987433479553]]]}}, {"type": "Feature", "properties": {"band": "light", "dbz": 30.0, "source": "OPERA-ORD", "time": "20260803033500"}, "geometry": {"type": "Polygon", "coordinates": [[[22.048038302994314, 50.09289775204136], [22.04113940744687, 50.093656563008366], [22.036250688967982, 50.095332322904234], [22.033372147557646, 50.09792503172898], [22.03250413402446, 50.101434992289605], [22.033646648368418, 50.10586220458611], [22.03622905770297, 50.10899298250596], [22.04025136202811, 50.11082732604916], [22.045713210235654, 50.11136493228048], [22.052614602325608, 50.1106058011999], [22.057504217863528, 50.108929578414504], [22.060382056849413, 50.10633626392426], [22.061248470899194, 50.10282616058767], [22.06010346001288, 50.098399268404705], [22.0575201536193, 50.09526895337439], [22.053498551718455, 50.0934352154967], [22.048038302994314, 50.09289775204136]]]}}, {"type": "Feature", "properties": {"band": "light", "dbz": 30.0, "source": "OPERA-ORD", "time": "20260803033500"}, "geometry": {"type": "Polygon", "coordinates": [[[21.19623471903426, 50.02067538952862], [21.193315150893383, 50.023246662237305], [21.190395282845397, 50.02581785821401], [21.187475114890304, 50.02838897745876], [21.184554646922575, 50.03096001994852], [21.181633878942215, 50.03353098568327], [21.180703497264666, 50.037035058617455], [21.181763501889932, 50.041472238751055], [21.184284518255758, 50.044623861691804], [21.188266546362147, 50.04648992743969], [21.193709260271184, 50.047070130858394], [21.200612659982873, 50.046364471947925], [21.206055920440622, 50.04694427133634], [21.210039041644432, 50.04880952902365], [21.21402249052357, 50.0506746354851], [21.21800626707803, 50.05253959072069], [21.221457995431372, 50.05218607706817], [21.22437767558359, 50.049614094527534], [21.225305385305298, 50.04610976106515], [21.22424112459649, 50.041673076681036], [21.225168343184986, 50.038168691579116], [21.228087041070793, 50.035596605759416], [21.231005439059736, 50.03302444331202], [21.23392353715182, 50.03045220423693], [21.233391461259163, 50.028233862464745], [21.229409211381764, 50.02636941799547], [21.22396802189206, 50.02579073862798], [21.21706789279005, 50.02649782436231], [21.211627248975585, 50.02591874102865], [21.207646090448673, 50.024053488627025], [21.20366525916509, 50.022188085113235], [21.199684755124824, 50.02032253048726], [21.19623471903426, 50.02067538952862]]]}}, {"type": "Feature", "properties": {"band": "light", "dbz": 30.0, "source": "OPERA-ORD", "time": "20260803033500"}, "geometry": {"type": "Polygon", "coordinates": [[[18.265512236695933, 50.26990244670863], [18.258543518290864, 50.270424108965585], [18.25351408785061, 50.27193137770659], [18.25042394537517, 50.27442425293164], [18.24927333621769, 50.277903049634205], [18.250062260378165, 50.28236776781429], [18.252396907613623, 50.28558599272676], [18.256277277924056, 50.287557724371624], [18.261703125742972, 50.28828264761523], [18.268674451070368, 50.28776076245759], [18.274100889524348, 50.28848529687985], [18.277982441104914, 50.290456250882016], [18.281864329030114, 50.292427062930145], [18.28574655329994, 50.29439773302424], [18.29117369289209, 50.29512119339027], [18.29814574780657, 50.29459744402824], [18.303176038484505, 50.29308841557962], [18.306264564925907, 50.290594108044395], [18.30741157420969, 50.28711483649308], [18.306617066335857, 50.28265060092566], [18.304278946957044, 50.279433463122665], [18.300397216073254, 50.27746342308407], [18.294971626820125, 50.276740165879524], [18.28800217919765, 50.27726369150902], [18.282577179931295, 50.27654004542394], [18.278696629021056, 50.2745692276243], [18.27481641414907, 50.27259826793839], [18.270936535315336, 50.270627166366225], [18.265512236695933, 50.26990244670863]]]}}, {"type": "Feature", "properties": {"band": "light", "dbz": 30.0, "source": "OPERA-ORD", "time": "20260803033500"}, "geometry": {"type": "Polygon", "coordinates": [[[21.017355620907978, 49.928621258443776], [21.010466882956926, 49.92931522743484], [21.003577959293715, 49.930008765976474], [20.996688849918336, 49.93070187406868], [20.991781527419416, 49.93233144706715], [20.98885599179695, 49.93489748497189], [20.987912561532376, 49.938400292556665], [20.9889512366257, 49.94283986982147], [20.991453305292815, 49.945996355286375], [20.995418767533735, 49.94786974895138], [21.00084730459492, 49.948459745912224], [21.007738916476377, 49.9477663461689], [21.0126471713536, 49.94613632254083], [21.015572069226586, 49.94356967502802], [21.018496667725394, 49.94100295033817], [21.021420966850023, 49.938436148471276], [21.024344966705197, 49.93586926945042], [21.027268667290915, 49.933302313275604], [21.026747885658708, 49.931082694878214], [21.022782621808574, 49.929210414258236], [21.017355620907978, 49.928621258443776]]]}}, {"type": "Feature", "properties": {"band": "light", "dbz": 30.0, "source": "OPERA-ORD", "time": "20260803033500"}, "geometry": {"type": "Polygon", "coordinates": [[[21.053669554310922, 49.843153248385754], [21.04679352899589, 49.84384934354707], [21.039917318289568, 49.84454500917146], [21.033040922191944, 49.84524024525892], [21.028143307959326, 49.84687137789285], [21.025224475591717, 49.84943840707326], [21.024284743087627, 49.85294163675424], [21.025324110447055, 49.8573810669358], [21.0278235167906, 49.860536909648125], [21.031782962118257, 49.862409164891204], [21.037202128160434, 49.86299752858109], [21.044081014917133, 49.862302000717776], [21.050959716025297, 49.86160604314765], [21.057838231484936, 49.860909655870714], [21.062736182769065, 49.859277465366844], [21.065653569877696, 49.856709471636044], [21.066590711951054, 49.85320597863914], [21.06554760898915, 49.84876698637613], [21.063046434873257, 49.84561191788474], [21.059087189603375, 49.84374077316498], [21.053669554310922, 49.843153248385754]]]}}, {"type": "Feature", "properties": {"band": "light", "dbz": 30.0, "source": "OPERA-ORD", "time": "20260803033500"}, "geometry": {"type": "Polygon", "coordinates": [[[18.004048401592534, 49.56550738543435], [17.99717937111304, 49.566011685306115], [17.992214397372173, 49.567506932358114], [17.989153480369918, 49.56999312659037], [17.987996848737637, 49.573470577515835], [17.988744502475328, 49.57793928513452], [17.99102324445292, 49.58116484294087], [17.994833074670407, 49.58314725093489], [18.000173764300854, 49.58388619946772], [18.007045313344268, 49.58338168853934], [18.012011317372526, 49.58188602640347], [18.015071776385632, 49.579399213060114], [18.016226919741463, 49.575921558107396], [18.01547674744001, 49.57145306154532], [18.013196975175035, 49.568227918822835], [18.009387602946532, 49.56624612993993], [18.004048401592534, 49.56550738543435]]]}}, {"type": "Feature", "properties": {"band": "light", "dbz": 30.0, "source": "OPERA-ORD", "time": "20260803033500"}, "geometry": {"type": "Polygon", "coordinates": [[[20.15509566411509, 49.195168130604], [20.148300333207256, 49.195806865470395], [20.141504837778417, 49.19644517575104], [20.134709177828576, 49.19708306144595], [20.129846389125056, 49.1986740086345], [20.12691647166787, 49.20121801731668], [20.1259197080586, 49.20471538870119], [20.126856098297253, 49.20916612278802], [20.129258054914384, 49.21234478683111], [20.133125577909983, 49.21425138083046], [20.13845838444448, 49.214885603449105], [20.145256474517872, 49.214247454687026], [20.152054399844385, 49.2136088811726], [20.15885216042402, 49.21296988290581], [20.163715330244507, 49.21137789878303], [20.166643909305847, 49.208832928804256], [20.167638181294077, 49.20533527419677], [20.1666981462092, 49.20088493496056], [20.164294428892322, 49.19770701479955], [20.160427029343445, 49.195801513713725], [20.15509566411509, 49.195168130604]]]}}, {"type": "Feature", "properties": {"band": "light", "dbz": 30.0, "source": "OPERA-ORD", "time": "20260803033500"}, "geometry": {"type": "Polygon", "coordinates": [[[20.118561272981793, 49.153211898885516], [20.11177135161699, 49.15384827958097], [20.106912033921382, 49.15543818844735], [20.103983319894972, 49.157981625484624], [20.102985490854586, 49.161478891612035], [20.10391854680022, 49.16592998682961], [20.106316566205038, 49.169109298062104], [20.11017954906905, 49.17101682530952], [20.115507213838747, 49.17165226752461], [20.12229956051413, 49.17101562470735], [20.127159809182174, 49.169425283827806], [20.130087959842882, 49.16688124488597], [20.1310842945452, 49.163383808867174], [20.130148813289132, 49.15893297577141], [20.127749862911873, 49.15575409655209], [20.123887443413423, 49.153847171209215], [20.118561272981793, 49.153211898885516]]]}}, {"type": "Feature", "properties": {"band": "light", "dbz": 30.0, "source": "OPERA-ORD", "time": "20260803033500"}, "geometry": {"type": "Polygon", "coordinates": [[[21.386266650636017, 48.5819763779716], [21.38343422262688, 48.584553530497786], [21.380601516793078, 48.5871306082414], [21.377768533134606, 48.58970761120245], [21.374935271556275, 48.59228453935993], [21.372101732058074, 48.59486139271385], [21.371200915561467, 48.59836960259531], [21.37223282206645, 48.60280916900432], [21.374682080836738, 48.60596023660068], [21.37854869187232, 48.6078228053844], [21.3838323488517, 48.60839658239492], [21.390533051774874, 48.60768156763222], [21.395299866559302, 48.60603534070744], [21.398132793204994, 48.60345790162059], [21.399032138495897, 48.59994954326512], [21.39799790243201, 48.59551026564103], [21.396963897216562, 48.59107096145834], [21.39593012284955, 48.58663163071704], [21.393480642909676, 48.58348092443691], [21.38961545739695, 48.58161884261797], [21.386266650636017, 48.5819763779716]]]}}, {"type": "Feature", "properties": {"band": "light", "dbz": 30.0, "source": "OPERA-ORD", "time": "20260803033500"}, "geometry": {"type": "Polygon", "coordinates": [[[21.44475404607273, 48.31065128874114], [21.438093532713, 48.31136917409019], [21.433355134978644, 48.31301741123508], [21.430538852869656, 48.3155960001758], [21.429644989418147, 48.319105231419385], [21.430673544624113, 48.323545104965845], [21.431702328174673, 48.327984951580746], [21.43273134006982, 48.3324247712641], [21.43183708502272, 48.33593394608718], [21.429019563033375, 48.33851247605001], [21.42620176682044, 48.34109093157956], [21.42338369638392, 48.343669312675814], [21.42248904930429, 48.34717843111365], [21.423517825581555, 48.351618286893036], [21.425956212072094, 48.35476888024877], [21.4298042087759, 48.35663021118084], [21.435061512141647, 48.35720198882581], [21.441728122169344, 48.35648421318365], [21.446470158747875, 48.35483584404399], [21.449287621877247, 48.3522568814068], [21.45018081556244, 48.348747616069076], [21.449149739803456, 48.34430804803081], [21.448118892917506, 48.339868453038086], [21.44708827490459, 48.3354288310909], [21.446057885620693, 48.33098918218435], [21.44502772506581, 48.326549506318415], [21.44592058367344, 48.323040180228034], [21.448736461443588, 48.32046120391322], [21.451552065364147, 48.31788215324764], [21.45436739543513, 48.315303028231305], [21.453852371041116, 48.313083185809006], [21.450006992182104, 48.31122262598075], [21.44475404607273, 48.31065128874114]]]}}, {"type": "Feature", "properties": {"band": "light", "dbz": 30.0, "source": "OPERA-ORD", "time": "20260803033500"}, "geometry": {"type": "Polygon", "coordinates": [[[21.95555994261491, 48.16319665113877], [21.948925147951805, 48.16394612584304], [21.944216283819145, 48.165616730007194], [21.941433350216933, 48.16820846363122], [21.940576660768425, 48.17172161456047], [21.941646215473625, 48.17615618279494], [21.942716006581392, 48.18059072272057], [21.943786034091726, 48.18502523433735], [21.946248260904497, 48.188163781352344], [21.950102687019704, 48.190006363765534], [21.953957410463605, 48.1918487986628], [21.957812431236206, 48.19369108604412], [21.960275996258154, 48.196829354203075], [21.96134810552945, 48.201263603139665], [21.963812370270343, 48.20440167217587], [21.967668790480836, 48.206243561311695], [21.970988648758727, 48.205868281531], [21.973771945104012, 48.20327583283379], [21.974626971131357, 48.19976255882862], [21.973553726840755, 48.19532845951547], [21.972480719719492, 48.190894331834116], [21.971407949767574, 48.18646017578454], [21.970335416836654, 48.18202599136258], [21.96926312092673, 48.17759177856825], [21.9681910618896, 48.173157537397366], [21.96711923972525, 48.168723267849934], [21.964656831468922, 48.16558507825383], [21.960803837120622, 48.16374296860903], [21.95555994261491, 48.16319665113877]]]}}, {"type": "Feature", "properties": {"band": "light", "dbz": 30.0, "source": "OPERA-ORD", "time": "20260803033500"}, "geometry": {"type": "Polygon", "coordinates": [[[19.09957210956197, 48.21950699536303], [19.09289809173172, 48.22007820944475], [19.088096479262077, 48.22162238776414], [19.085167272153036, 48.2241395303212], [19.082237783703373, 48.22665659174908], [19.07930801391308, 48.22917357204777], [19.07637796269114, 48.231690471194575], [19.073447630037556, 48.23420728918948], [19.073855471943638, 48.236439138284766], [19.077601488409393, 48.23838601848044], [19.08134780731924, 48.24033276028325], [19.085094428673173, 48.2422793636932], [19.088841352520255, 48.24422582867474], [19.09258857886049, 48.24617215522787], [19.095927117027024, 48.24588661334836], [19.09885696701986, 48.243369203036224], [19.09991308340266, 48.23987874577913], [19.099095466175434, 48.23541524157706], [19.100151100194218, 48.23192472083413], [19.103079985459015, 48.22940718355035], [19.106008589415858, 48.226889565195734], [19.10893691206475, 48.22437186577029], [19.108528084661167, 48.222140109123714], [19.104782107205118, 48.220194295256015], [19.09957210956197, 48.21950699536303]]]}}, {"type": "Feature", "properties": {"band": "light", "dbz": 30.0, "source": "OPERA-ORD", "time": "20260803033500"}, "geometry": {"type": "Polygon", "coordinates": [[[17.175598323746037, 48.203704844662084], [17.16890983726269, 48.20415552910306], [17.16222124015765, 48.20460579468562], [17.155532532430914, 48.205055641409764], [17.150676443983855, 48.20651263919732], [17.147652974816467, 48.20897678804828], [17.147974273723815, 48.21121630036866], [17.151640340705903, 48.21323117615845], [17.156818319074766, 48.214013645437895], [17.16350820883041, 48.21356370820698], [17.170197987889345, 48.21311335203541], [17.176887656251576, 48.21266257692319], [17.181743459784922, 48.21120464134966], [17.184765398489382, 48.20873954531483], [17.18444291762814, 48.20650012358347], [17.180776017201183, 48.20448637615556], [17.175598323746037, 48.203704844662084]]]}}, {"type": "Feature", "properties": {"band": "light", "dbz": 30.0, "source": "OPERA-ORD", "time": "20260803033500"}, "geometry": {"type": "Polygon", "coordinates": [[[6.616115997176823, 48.02160012185154], [6.609430666182688, 48.02138718845361], [6.6027453873153314, 48.02117383511644], [6.596060160574751, 48.02096006184004], [6.590969942993986, 48.02192429167048], [6.587474734573035, 48.024066524607754], [6.585574444955229, 48.02738706423519], [6.5852690741405695, 48.03188591055278], [6.583368150770381, 48.03520631225874], [6.579871674844664, 48.03734826935305], [6.5763748969923235, 48.039490106835665], [6.572877817213358, 48.04163182470657], [6.570975859206051, 48.04495205491061], [6.570669022970403, 48.04945079744779], [6.572111322840434, 48.05287870269417], [6.575302758816146, 48.05523577064976], [6.578494489097452, 48.05759274057868], [6.581686513684353, 48.05994961248092], [6.583129567447313, 48.06337741110471], [6.582823650386331, 48.06787613645004], [6.582517664935526, 48.072374846707376], [6.582211611094899, 48.07687354187671], [6.580308683765825, 48.08019377621071], [6.576808882948302, 48.08233554970938], [6.573308779530896, 48.08447720348294], [6.569808373513604, 48.0866187375314], [6.566307664830312, 48.08876015182242], [6.562806653481015, 48.090901446356], [6.55945969832214, 48.09079334707615], [6.556266799353686, 48.08843585398289], [6.553074195098654, 48.08607826288196], [6.549881885557044, 48.08372057377338], [6.546689870646688, 48.08136278668453], [6.543498150367588, 48.07900490161541], [6.54205710813684, 48.07557667669979], [6.542366743954442, 48.07107811193766], [6.540926260074201, 48.06764979245], [6.537735656496113, 48.06529171823682], [6.534545347254262, 48.062933546110706], [6.531355332348648, 48.06057527607166], [6.5281656116972, 48.058216908147045], [6.524976185299922, 48.055858442336834], [6.5200367925292895, 48.05456971542524], [6.513347433385305, 48.054350727412256], [6.50840865973665, 48.053061703564225], [6.505220471583327, 48.050702643881145], [6.50203257748652, 48.04834348640924], [6.498844977446231, 48.04598423114851], [6.495657671380416, 48.04362487812622], [6.492470659289073, 48.04126542734238], [6.489283941090175, 48.03890587882428], [6.486097516783721, 48.03654623257192], [6.481160978687303, 48.03525569936674], [6.474474326800921, 48.03503427920874], [6.4695384074138005, 48.03374344943396], [6.466353220525942, 48.03138321004242], [6.464918672544059, 48.027953864609984], [6.465234763468152, 48.02345541313665], [6.463800771526769, 48.020025973609364], [6.460616696719907, 48.01766554602813], [6.4556826327663694, 48.01637382696027], [6.448998579666158, 48.0161508164058], [6.442314581133086, 48.01592738603906], [6.435630637167154, 48.01570353586005], [6.430537810732822, 48.016660075737875], [6.4270361018300886, 48.01879700567253], [6.423534091236509, 48.02093381554854], [6.420031778952085, 48.02307050536588], [6.4149381654542745, 48.02402606294985], [6.408253250743081, 48.023800488300445], [6.40156839124605, 48.02357449378763], [6.394883586963182, 48.023348079411406], [6.388198838097733, 48.02312124518275], [6.3815141446496995, 48.02289399110165], [6.376419530189592, 48.023847924930806], [6.372914994717409, 48.02598304667021], [6.369410157434232, 48.028118048160906], [6.365905018340063, 48.03025292940289], [6.362399577369603, 48.03238769036378], [6.358893834522853, 48.03452233104356], [6.355387789734513, 48.03665685140989], [6.351881443004585, 48.03879125146277], [6.348374794267771, 48.04092553116977], [6.344867843524071, 48.043059690530896], [6.344704556329333, 48.045308685295865], [6.347884932683556, 48.047672515464654], [6.351065602768637, 48.0500362483222], [6.354246566584577, 48.05239988386852], [6.357427824213713, 48.054763422076405], [6.3606093756560425, 48.057126862945864], [6.363791220993921, 48.059490206449695], [6.366973360227348, 48.06185345258791], [6.366810523349984, 48.064102439819045], [6.363302710361831, 48.066237168143104], [6.3582035897930025, 48.06718995054112], [6.351513161643501, 48.06696078701311], [6.346413468509783, 48.067913227376565], [6.342904510391849, 48.07004727163151], [6.340986190237429, 48.07336322351384], [6.340658508046526, 48.07786108302352], [6.3403307525974775, 48.082358927284986], [6.340002923890282, 48.08685675629822], [6.341430506027312, 48.090287605490545], [6.3446134990085685, 48.092651474861995], [6.347796786373099, 48.09501524686062], [6.350980368120903, 48.09737892148641], [6.352408695448137, 48.10080966597124], [6.352081768354801, 48.105307480315105], [6.353510652399995, 48.10873813133148], [6.3566953475837185, 48.11110161902037], [6.361635950877844, 48.11239763927766], [6.368332462282368, 48.112626192103356], [6.3750290296872, 48.112854324247785], [6.38172565309234, 48.11308203571096], [6.386667260906813, 48.11437714008815], [6.389853853130619, 48.11673963737936], [6.391285333599605, 48.12016983173993], [6.390961702313769, 48.12466772316985], [6.392393740541421, 48.128097823824305], [6.395581448282563, 48.13046013370331], [6.400524921576653, 48.1317543485075], [6.407224160423691, 48.13198046823687], [6.413923454732633, 48.13220616708335], [6.420622804503481, 48.13243144504696], [6.425567282252437, 48.13372474318484], [6.428756887979497, 48.13608606149699], [6.431946788902294, 48.13844728210613], [6.435136985020826, 48.14080840501225], [6.4383274764177925, 48.14316943018797], [6.441518263093194, 48.14553035763328], [6.444709345129745, 48.14789118732078], [6.447900722527446, 48.150251919250486], [6.45284744896819, 48.15154370637929], [6.459549524451978, 48.1517665487072], [6.466251654652174, 48.151988969939836], [6.472953839568779, 48.15221097007719], [6.477901570055974, 48.15350183960446], [6.481094846113759, 48.15586157852162], [6.484288417766198, 48.158221219541545], [6.4874822850132885, 48.1605807626642], [6.492431019273937, 48.16187071428189], [6.499134620548144, 48.162091074394596], [6.5058382759595315, 48.16231101329518], [6.512541985508097, 48.16253053098367], [6.51764783506521, 48.16157045445357], [6.521155824630872, 48.15943078370489], [6.5246635104570245, 48.157290992890154], [6.52817089254367, 48.155151082009354], [6.531677970957121, 48.153011051095], [6.535184745697379, 48.15087090014708], [6.5386912168307605, 48.1487306291981], [6.542197384357267, 48.146590238248045], [6.545703248343212, 48.14444972732939], [6.549208808788599, 48.142309096442105], [6.551116293640918, 48.13898958218059], [6.551425702900172, 48.13449118454483], [6.551735042929574, 48.129992771894706], [6.552044313729127, 48.125494344230226], [6.550601736997029, 48.12206627230348], [6.547407312733282, 48.11970855611446], [6.544213183624964, 48.117350741894676], [6.541019349672077, 48.114992829644116], [6.541174180393003, 48.11274360418683], [6.5446776757877405, 48.11060306552281], [6.54977784638791, 48.1096411602494], [6.556474692193509, 48.109857888366605], [6.561420388358913, 48.11114490763278], [6.564614934884121, 48.11350221804794], [6.56780977654937, 48.11585943037529], [6.571004913354661, 48.118216544614825], [6.5743537149078195, 48.11832428839325], [6.577856181208846, 48.11618266171054], [6.5813583444361115, 48.114040915244175], [6.584860204589618, 48.11189904899416], [6.589959716246395, 48.11093521765054], [6.596656879406442, 48.111149421213334], [6.6033540950491645, 48.111363203996135], [6.610051363174559, 48.111576565998945], [6.61499857220529, 48.112861103797286], [6.618195722141358, 48.11521681739114], [6.618043882655671, 48.11746615111643], [6.614543053748231, 48.119609104973165], [6.611041921693106, 48.12175193913998], [6.607540486490297, 48.123894653616894], [6.605637528076663, 48.127215311362406], [6.605333046452204, 48.131713912376526], [6.606779881145935, 48.13514117763448], [6.609978032157857, 48.13749710713627], [6.613176478754838, 48.13985293837054], [6.616375220936877, 48.142208671337286], [6.619574258786351, 48.144564306008974], [6.622773592303258, 48.1469198423856], [6.625973221569984, 48.14927528043963], [6.629173146586532, 48.15163062017107], [6.632373367435304, 48.15398586155234], [6.6355738841162974, 48.15634100458346], [6.638774696711935, 48.15869604923685], [6.641975805222214, 48.161050995512504], [6.641824824893733, 48.16330029724264], [6.638321755726493, 48.16544395442726], [6.634818382729491, 48.167587491892576], [6.631314705902726, 48.1697309096386], [6.629411485606488, 48.17305188721362], [6.629108721840775, 48.17755042461764], [6.630558396612428, 48.18097727451185], [6.633760509921445, 48.18333243689622], [6.637113768858024, 48.18343822570079], [6.640618173422163, 48.18129464092553], [6.64412227395175, 48.179150936417955], [6.647626070446784, 48.177007112178075], [6.652731005467745, 48.17604034607743], [6.65943707901463, 48.176250638116024], [6.666143204265489, 48.17646050873198], [6.672849381220322, 48.176669957925284], [6.6778045343689865, 48.17795156170146], [6.681008663711481, 48.180305320060505], [6.6824616805120405, 48.18373153794186], [6.682163584770665, 48.18823021534553], [6.6836171648666, 48.19165633776811], [6.686822420799846, 48.194009905209604], [6.690027973307627, 48.19636337405237], [6.693233822389946, 48.19871674429641], [6.696439968129354, 48.20107001591404], [6.699646410525851, 48.20342318890526], [6.704604676294392, 48.20470329833246], [6.711314765434976, 48.20491034419565], [6.718024905559599, 48.205116968341464], [6.7247350966682635, 48.205323170769894], [6.731445338554445, 48.20552895147087], [6.738155631218142, 48.205734310444385], [6.743115273622282, 48.20701287635219], [6.746324265766866, 48.209364649194285], [6.74778252052163, 48.212789934205354], [6.747490037886575, 48.21728873138538], [6.747197489648189, 48.22178751382032], [6.746904875806476, 48.22628628151018], [6.748363898055724, 48.22971145887168], [6.751574556395936, 48.23206304590484], [6.754931282502093, 48.23216514432672], [6.758434076374193, 48.230017754137336], [6.7619365655132775, 48.22787024448249], [6.765438749919346, 48.225722615362166], [6.770546342712187, 48.22475025602313], [6.777259343891803, 48.22495316646538], [6.783972395090832, 48.225155654970564], [6.790685496309274, 48.22535772153868], [6.7956483830886985, 48.22663384431627], [6.798861055429106, 48.22898402330333], [6.800323427512724, 48.2324085639405], [6.800035499339551, 48.23690746622778], [6.801498437604269, 48.240331910678584], [6.804712242306876, 48.24268189729291], [6.807926344540648, 48.2450317848609], [6.811140744305583, 48.24738157338254], [6.812604453581157, 48.250805909755016], [6.812317472367366, 48.255304793978326], [6.812030426728846, 48.25980366355821], [6.8117433166655985, 48.26430251849467], [6.8132077977337655, 48.26772674676948], [6.816423869933351, 48.27007634838267], [6.8197832562762, 48.27017641778096], [6.823285956762315, 48.268026954964355], [6.82678835196164, 48.26587737280369], [6.830290441874175, 48.26372767129898], [6.835400645683126, 48.262752246353664], [6.842118963388494, 48.262951097967765], [6.847228585040021, 48.26197533251592], [6.850729510637706, 48.259824949998105], [6.854230131082663, 48.25767444824364], [6.857730446374893, 48.25552382725252], [6.861089377287296, 48.25562260957621], [6.864306923819874, 48.257970795214725], [6.867524768228364, 48.26031888159549], [6.870742910512764, 48.26266686871849], [6.875711287240482, 48.26393902107983], [6.882429898411519, 48.26413533867949], [6.889148558078214, 48.264331233924054], [6.89586726624057, 48.26452670681354], [6.902586022690905, 48.26472175733831], [6.909304827429218, 48.264916385498374], [6.916023680247806, 48.26511059128417], [6.922742581146668, 48.265304374695674], [6.929461529918077, 48.26549773572339], [6.9361805265620315, 48.26569067436732], [6.942899570870782, 48.265883190617956], [6.949618662844329, 48.2660752844753], [6.95472645178884, 48.26509437194241], [6.958222937704318, 48.26294045301927], [6.960108038883099, 48.259613833598685], [6.960381755325184, 48.255114513680645], [6.95890783193619, 48.251692172578714], [6.955686268716118, 48.249346810292906], [6.952465003380095, 48.247001348492326], [6.949244035928123, 48.244655787176974], [6.946023366277861, 48.242310126374846], [6.942802994429308, 48.23996436608592], [6.93958292030014, 48.23761850633816], [6.936363143890357, 48.23527254713156], [6.933143665117647, 48.23292648849406], [6.92992448398201, 48.23058033042566], [6.926705600401151, 48.228234072954294], [6.923487014375071, 48.22588771607997], [6.9220161401395295, 48.22246487766467], [6.922292977694527, 48.21796555770842], [6.922569753181147, 48.21346622311533], [6.922846466599392, 48.20896687388541], [6.921376367382539, 48.20554392638539], [6.91815945553059, 48.203197380615265], [6.9131958134840215, 48.201926931227526], [6.906485441242831, 48.201732578222156], [6.9015224209724275, 48.20046182845845], [6.898306752672811, 48.1981146819364], [6.895091381384237, 48.19576743616406], [6.891876307106704, 48.19342009114143], [6.88866152975806, 48.19107264689633], [6.885447049338304, 48.18872510342879], [6.882232865765296, 48.186377460766614], [6.879018979039035, 48.18402971890981], [6.874058196373497, 48.18275744593063], [6.8673505177686796, 48.18256064182906], [6.862390356477962, 48.18128806884474], [6.859177712501345, 48.178939726977646], [6.859318555289248, 48.176690089698994], [6.8628128848416745, 48.17453915700878], [6.8663069105348535, 48.172388105316564], [6.869800632368786, 48.170236934622345], [6.871687941345053, 48.16691167995262], [6.871968837463655, 48.162412341307395], [6.8705034728754315, 48.158988607866284], [6.867291847580384, 48.156640479629296], [6.862334045169279, 48.15536765167346], [6.855630065642114, 48.15517012399877], [6.850672883812447, 48.153896996279826], [6.847462499680278, 48.15154826851661], [6.844252411770357, 48.14919944173859], [6.841042620082686, 48.146850515945744], [6.836086431824056, 48.14557646668377], [6.829383846994466, 48.14537729395267], [6.824428279143406, 48.14410294515726], [6.821219728270875, 48.14175342029755], [6.818011473424503, 48.1394037965208], [6.814803514604293, 48.13705407382703], [6.811595851728265, 48.13470425224391], [6.808388484796419, 48.13235433177146], [6.805181413726793, 48.13000431243733], [6.801974638519388, 48.12765419424153], [6.797021304817338, 48.12637832583068], [6.790321412620643, 48.12617670720479], [6.785368698923311, 48.12490053963002], [6.782163163725342, 48.122549823106354], [6.780704721366499, 48.119124862232226], [6.780993371846782, 48.114625657007615], [6.779535492112773, 48.11120060012729], [6.77633108216447, 48.10884969159126], [6.773126967668798, 48.10649868433177], [6.769923148625757, 48.10414757834881], [6.768466033337312, 48.100722413362845], [6.768755621803461, 48.09622318937388], [6.767299068469178, 48.09279792846434], [6.764096373334464, 48.09044663063424], [6.760893973357363, 48.08809523414881], [6.757691868537875, 48.08574373900804], [6.754490058794211, 48.08339214523951], [6.75128854412637, 48.08104045284322], [6.746341031187192, 48.07976221647963], [6.739647519976676, 48.07955743614875], [6.734700625846855, 48.078278901230355], [6.73150034879773, 48.07592661172444], [6.728300366628433, 48.07357422368804], [6.725100679338963, 48.07122173712116], [6.7219012868475545, 48.06886915205129], [6.718702189154204, 48.06651646847847], [6.71724956353485, 48.06309053723709], [6.717543409989492, 48.05859135832716], [6.716091344621049, 48.055165331485675], [6.712893367429519, 48.05281245671264], [6.7079495656330606, 48.051532430065556], [6.701259939231671, 48.05132525154442], [6.6963167555591445, 48.0500449267605], [6.693120014615482, 48.04769145571379], [6.689923568061254, 48.04533788630151], [6.686727415896464, 48.042984218523685], [6.683531558039432, 48.04063045240774], [6.680335994490157, 48.03827658795366], [6.677140725166975, 48.0359226251889], [6.673945750069887, 48.033568564113466], [6.669004794749577, 48.03228672568669], [6.66231785920605, 48.032077109908585], [6.657227815260203, 48.033044503613596], [6.653734662912033, 48.03518890680171], [6.6502412086913205, 48.037333190619734], [6.646747452598063, 48.039477355067675], [6.641656613680162, 48.04044376805686], [6.634968691937615, 48.040232429587284], [6.630028244356983, 48.038949030126304], [6.626835270938265, 48.03659356967392], [6.62538968230426, 48.03316635199164], [6.625691478454969, 48.028667377079465], [6.624246448066215, 48.02524006435516], [6.621054591137998, 48.02288441381873], [6.616115997176823, 48.02160012185154]]]}}, {"type": "Feature", "properties": {"band": "light", "dbz": 30.0, "source": "OPERA-ORD", "time": "20260803033500"}, "geometry": {"type": "Polygon", "coordinates": [[[16.83111421758557, 48.05457310956308], [16.82444295535396, 48.05500203691661], [16.81777158862692, 48.055430546461096], [16.811100117404443, 48.05585863819653], [16.806248561153716, 48.05730002636268], [16.803216919874743, 48.05975471095955], [16.80200537342936, 48.06322299137957], [16.802613921817574, 48.06770486762274], [16.80473887891687, 48.0709593587252], [16.80838024472724, 48.07298646468695], [16.813537839237902, 48.073785885987164], [16.820211662448866, 48.073357622625835], [16.826885381022933, 48.07292894129158], [16.8335589949601, 48.07249984198439], [16.83841109595575, 48.07105746313914], [16.84144168400988, 48.06860180475583], [16.842650939957707, 48.065133166284916], [16.84203886379923, 48.06065154772639], [16.83991208146534, 48.05739771530692], [16.83627059295603, 48.05537166902651], [16.83111421758557, 48.05457310956308]]]}}, {"type": "Feature", "properties": {"band": "light", "dbz": 30.0, "source": "OPERA-ORD", "time": "20260803033500"}, "geometry": {"type": "Polygon", "coordinates": [[[16.911161173750955, 48.04939339641902], [16.904491173733266, 48.04982733661052], [16.897821068039146, 48.05026085911756], [16.891150856668595, 48.05069396394012], [16.886302007852365, 48.05213898280199], [16.883274521590447, 48.05459591570316], [16.88206857978552, 48.05806506185345], [16.882684182437586, 48.06254642125285], [16.884814115866682, 48.06579927086789], [16.888458380072812, 48.06782361069859], [16.893616793002728, 48.06861914140689], [16.900289354656433, 48.0681858629928], [16.906961810490685, 48.06775216673052], [16.913634160505488, 48.06731805262005], [16.91848354961285, 48.06587204271214], [16.921509977812768, 48.06341413700677], [16.922713627981736, 48.059944634770794], [16.922094500119755, 48.05546353600423], [16.919962745581522, 48.05221134654653], [16.91631836436704, 48.05018806639768], [16.911161173750955, 48.04939339641902]]]}}, {"type": "Feature", "properties": {"band": "light", "dbz": 30.0, "source": "OPERA-ORD", "time": "20260803033500"}, "geometry": {"type": "Polygon", "coordinates": [[[6.019634024322489, 47.937797011846726], [6.0129620872575416, 47.9375466570645], [6.007869035433268, 47.9384829913947], [6.004354868849669, 47.94060601483733], [6.000840401654464, 47.94272891705002], [5.997325633847653, 47.94485169803278], [5.993810565365353, 47.94697435775316], [5.990295196207563, 47.94909689621117], [5.988358536387803, 47.95240662769582], [5.988000585906076, 47.956903552207116], [5.9894009124040375, 47.96033923272785], [5.992559515881687, 47.962713669257994], [5.995718411103221, 47.96508800970502], [5.998877598068638, 47.967462254068906], [6.00027864961496, 47.97089783233815], [5.999921565742185, 47.97539474451277], [5.999564402233743, 47.979891641015726], [5.999207159089632, 47.98438852184702], [5.99884983625914, 47.98888538701978], [5.9984924337422685, 47.993382236533996], [5.9981349514882565, 47.99787907040278], [5.997777389497106, 48.00237588862613], [5.9974197477180144, 48.00687269121717], [5.997062026150984, 48.0113694781759], [5.996704224745168, 48.01586624951542], [5.996346343500566, 48.02036300523574], [5.997748830244694, 48.02379843787192], [6.000911684977552, 48.026172547423975], [6.005835013622141, 48.027485030833546], [6.012518816178458, 48.02773588810065], [6.019202679915311, 48.02798632567155], [6.025886604832701, 48.02823634354624], [6.030810943170187, 48.02954791645486], [6.03397569492777, 48.03192104439738], [6.035380754978554, 48.03535603048667], [6.035026123322539, 48.03985287472272], [6.036431734159117, 48.04328776922569], [6.039597587488288, 48.04566071399559], [6.044523788321365, 48.04697140577537], [6.051210336658349, 48.04721984456505], [6.0578969456499125, 48.0474678634549], [6.064583615296057, 48.04771546244492], [6.0695108257894415, 48.04902524293903], [6.07267857713007, 48.051397204937224], [6.074086765104584, 48.0548316517507], [6.073735389712982, 48.05932858337947], [6.075144129512527, 48.062762938373304], [6.078312984503216, 48.06513471673222], [6.0832420587817495, 48.06644361500074], [6.0899313523481275, 48.066689633178896], [6.096620706041365, 48.0669352312537], [6.1033101198614625, 48.067180409225166], [6.109999593604948, 48.06742516708138], [6.11668912727182, 48.06766950482235], [6.121619599014592, 48.06897687310233], [6.124791008833261, 48.07134727192132], [6.12620325378215, 48.07478100480604], [6.125856333861258, 48.079278071756484], [6.127269131863807, 48.08271171250922], [6.130441647789796, 48.085081927064266], [6.135373984466849, 48.086388411750576], [6.142066141894965, 48.08663116656817], [6.1487583587166235, 48.0868735010672], [6.155450634931826, 48.08711541524768], [6.162142970336711, 48.087356909097835], [6.168835364931277, 48.08759798261767], [6.173769097946059, 48.08890293590077], [6.1769441693810565, 48.09127176894711], [6.18011953482801, 48.093640505141224], [6.183295194286918, 48.09600914448309], [6.188229935961886, 48.097313184301385], [6.194923759852916, 48.097552624596105], [6.199859123506917, 48.098856369336595], [6.203036026923888, 48.10122441852287], [6.206213224553905, 48.103592370760516], [6.209390716396967, 48.10596022604955], [6.214327088521111, 48.107263056857356], [6.221022340926341, 48.10750086318394], [6.226128250067001, 48.10655471793405], [6.229644815943093, 48.104424621107704], [6.233161078837345, 48.10229440340623], [6.236677038749754, 48.10016406482964], [6.241782163897899, 48.099216933821744], [6.248476454281781, 48.09945301038254], [6.255170802466849, 48.09968866644778], [6.261865208453104, 48.099923902017466], [6.266969549091072, 48.098975785507264], [6.270483824380751, 48.09684431691717], [6.273997796810477, 48.09471272760093], [6.277511466380249, 48.09258101755855], [6.281024833155394, 48.09044918682255], [6.284537897135914, 48.08831723539294], [6.288050658387138, 48.08618516330226], [6.291563116909062, 48.0840529705505], [6.296665527215332, 48.08310318359344], [6.303357889305946, 48.08333580243106], [6.308459727051757, 48.082385672985424], [6.3119710404527645, 48.08025279525654], [6.315482051251097, 48.07811979697348], [6.318992759446754, 48.07598667813625], [6.322503165105106, 48.07385343877735], [6.32601326822615, 48.07172007889676], [6.327932684034414, 48.06840447710307], [6.328261412529895, 48.06390663339629], [6.32859006759574, 48.05940877440395], [6.328918649231949, 48.054910900126025], [6.327493110355383, 48.051479748253726], [6.3243134509660415, 48.049115318787045], [6.321134085238664, 48.04675079209323], [6.31795501317325, 48.04438616817227], [6.314776234687434, 48.04202144705131], [6.311597749781219, 48.039656628730356], [6.306665306957848, 48.03835802698828], [6.299978906217323, 48.03812564182507], [6.295047083018037, 48.036826744627454], [6.291869837359993, 48.03446133539543], [6.288692885082254, 48.03209582905968], [6.285516226184821, 48.029730225620206], [6.280585405666175, 48.02843041494854], [6.273900423526316, 48.02819639704469], [6.267215498670884, 48.02796195930519], [6.260530631099881, 48.02772710173004], [6.255433171695499, 48.02867522048702], [6.251923120457739, 48.030806315576115], [6.248412767310609, 48.032937290017415], [6.24490211225411, 48.03506814381092], [6.241559467226204, 48.03495007343662], [6.238384832226893, 48.03258307889452], [6.236965751590663, 48.02915076273434], [6.237302225317515, 48.024653124956096], [6.23588369780681, 48.02122071603633], [6.232710169058547, 48.01885353597506], [6.227781738813586, 48.01755128154494], [6.221098407071925, 48.01731395274595], [6.216001244978383, 48.018260190156674], [6.212490252532957, 48.0203899937771], [6.208978958325598, 48.02251967664758], [6.2054673623563055, 48.02464923876813], [6.2021254862887325, 48.024529932839016], [6.198953330122879, 48.022161758860264], [6.197537197884827, 48.018728909155605], [6.197877089574579, 48.01423138372505], [6.196461509664134, 48.010798441495616], [6.193290458153494, 48.008430082467314], [6.190119699437026, 48.00606162668038], [6.186949233514729, 48.00369307413481], [6.183779060304238, 48.001324424857565], [6.180609179805556, 47.99895567884865], [6.175683995708674, 47.997651010978544], [6.169003508013594, 47.997410421247245], [6.164078942884775, 47.9961054590109], [6.160910300322216, 47.99373612426951], [6.157741950271596, 47.991366692892285], [6.154573892732917, 47.98899716487921], [6.149650331709224, 47.98769129132852], [6.142971267200518, 47.987449072240196], [6.136292261845298, 47.98720643376626], [6.129613315643564, 47.98696337590672], [6.124690758982685, 47.98565659134882], [6.121524591862661, 47.98328608009257], [6.118358717019268, 47.98091547233806], [6.115193134452505, 47.97854476808529], [6.112027844080023, 47.97617396736115], [6.1088628459018235, 47.97380307016563], [6.1056981398355745, 47.9714320765256], [6.102533725881273, 47.96906098644108], [6.099369603956607, 47.9666897999389], [6.096205774061575, 47.96431851701906], [6.093042236113876, 47.961947137708435], [6.089878990113509, 47.95957566200702], [6.084959911904523, 47.95826679187107], [6.078285001486918, 47.9580205273006], [6.073366541441468, 47.9567113636168], [6.07020453176817, 47.95433930081966], [6.067042813842108, 47.95196714172719], [6.0638813876632796, 47.94959488633936], [6.0589639321297, 47.9482848130533], [6.052290447241371, 47.948036921869], [6.045617022757842, 47.94778861171573], [6.0389436586791145, 47.947539882593496], [6.034027207910989, 47.94622890001218], [6.030867670453466, 47.943855663971796], [6.027708424507269, 47.94148233177316], [6.024549470072398, 47.939108903416276], [6.019634024322489, 47.937797011846726]]]}}, {"type": "Feature", "properties": {"band": "light", "dbz": 30.0, "source": "OPERA-ORD", "time": "20260803033500"}, "geometry": {"type": "Polygon", "coordinates": [[[7.958641133418146, 47.98485723208711], [7.955207655129932, 47.98704432355839], [7.951773876298524, 47.989231299924526], [7.948339796923921, 47.991418161185535], [7.94328012422298, 47.99244683481457], [7.936594858195698, 47.99231732081164], [7.931534602445145, 47.993345662693386], [7.928099356971321, 47.995531860459806], [7.928007008703215, 47.99778313328168], [7.931257557640826, 48.00009948115898], [7.934508402570437, 48.002415726887534], [7.937759543492046, 48.00473187046732], [7.937667153962682, 48.00698312885212], [7.934231233982349, 48.009169502041956], [7.930795013116363, 48.01135576001211], [7.927358491364725, 48.01354190276259], [7.925547480383, 48.01688620435144], [7.925361980171186, 48.02138866477865], [7.9235503488110215, 48.02473283734774], [7.920112586302509, 48.02691872205871], [7.915048747772633, 48.02794601433918], [7.908358833221393, 48.02781471418915], [7.903294410832912, 48.02884167429703], [7.899855480607191, 48.03102689466279], [7.899761771827858, 48.03327808350825], [7.903013284494914, 48.0355952408334], [7.906265093629518, 48.03791229603607], [7.909517199231667, 48.040229249116244], [7.912769601380633, 48.042546100045534], [7.916022300076419, 48.04486284882393], [7.919275295398302, 48.04717949542304], [7.922528587346285, 48.04949603984286], [7.925782175999664, 48.05181248205495], [7.929036061358437, 48.05412882205931], [7.934009818993545, 48.05535184022615], [7.940703448904987, 48.05548153655547], [7.947397110483332, 48.05561081211377], [7.9540908037285805, 48.05573966690105], [7.960784528435206, 48.055868100911056], [7.967478284603209, 48.055996114143795], [7.972543869705029, 48.05496635222518], [7.9759812837406665, 48.05277881515522], [7.977790472892007, 48.04943380776453], [7.9779714371590496, 48.04493133005311], [7.976434292560515, 48.041522633679406], [7.973179039096401, 48.03920771864341], [7.969924082230781, 48.03689270127366], [7.966669421963656, 48.03457758157013], [7.965133090704505, 48.031168766957556], [7.9653150884533295, 48.02666625743592], [7.96549704554136, 48.02216373352714], [7.965678961968598, 48.01766119523121], [7.965860837760996, 48.01315864253418], [7.9660426729185545, 48.008656075436036], [7.967850684213472, 48.005311056908724], [7.971284871645748, 48.00312358695222], [7.974718758340647, 48.00093600192283], [7.97815234429817, 47.99874830182057], [7.978242902638718, 47.99649699023584], [7.974990433362292, 47.99418206716867], [7.971738260024147, 47.991867041840806], [7.9684863826242855, 47.98955191425223], [7.965234801083829, 47.98723668443132], [7.961983515402778, 47.984921352378095], [7.958641133418146, 47.98485723208711]]]}}, {"type": "Feature", "properties": {"band": "light", "dbz": 30.0, "source": "OPERA-ORD", "time": "20260803033500"}, "geometry": {"type": "Polygon", "coordinates": [[[5.968718961263722, 47.73739794146242], [5.962073548900695, 47.73714451396967], [5.956999792795621, 47.73807865630318], [5.953497692948499, 47.74020036846296], [5.951567143865583, 47.74350995112435], [5.9512081455468735, 47.74800740428736], [5.949276965777231, 47.751316845320694], [5.945773604556656, 47.753438274224365], [5.942269945470147, 47.755559582147896], [5.938765988517703, 47.75768076909129], [5.936833764736421, 47.76099003165842], [5.9364732741263, 47.76548736984931], [5.9378653487150554, 47.7689241399758], [5.941009988502686, 47.7713003420379], [5.944154917165582, 47.77367644846859], [5.9473001347037435, 47.77605245926787], [5.948692925311449, 47.77948912709616], [5.9483332889886995, 47.78398645195345], [5.949726622333095, 47.78742302879492], [5.952872925344637, 47.789798857620546], [5.957772303879711, 47.7911136373379], [5.964424757938321, 47.79136736794696], [5.971077273104495, 47.79162068108172], [5.977729849378235, 47.79187357674216], [5.982630226935054, 47.79318745102699], [5.985778405774951, 47.79556230393618], [5.988926873933318, 47.7979370610402], [5.992075631410152, 47.80031172233905], [5.996977007741224, 47.80162469088643], [6.003631002926532, 47.801875966682324], [6.008532992984625, 47.80318864311291], [6.0116829779155, 47.80556272017817], [6.013080853264375, 47.80899849913229], [6.01272661903125, 47.81349597997522], [6.012372306067839, 47.817993444910186], [6.012017914374141, 47.8224908939372], [6.01166344390023, 47.82698832706936], [6.011308894646103, 47.83148574430669], [6.012707666852464, 47.83492140918689], [6.015859760519317, 47.83729532170993], [6.020765280124584, 47.838607180335174], [6.027424225668266, 47.838856985062606], [6.032330360025446, 47.84016855120436], [6.035483683196125, 47.84254187876046], [6.0386372964659305, 47.844915110287246], [6.041791199834863, 47.847288245784725], [6.0449453933846415, 47.849661285226276], [6.048099877115266, 47.85203422861191], [6.047923879043542, 47.85428295988988], [6.0444173991694665, 47.856407479060174], [6.040910619933081, 47.85853187732518], [6.037403541334385, 47.86065615468488], [6.035473591527998, 47.863966988482616], [6.035120770513921, 47.868464378718386], [6.036522078708447, 47.87189965514748], [6.039677516111576, 47.87427281776989], [6.043009142903083, 47.8743971801288], [6.046516959082966, 47.87227274222422], [6.050024475698999, 47.870148183400225], [6.0535316927511795, 47.868023503656836], [6.05861672320154, 47.867084886391524], [6.065279567050083, 47.86733233160427], [6.071942470735708, 47.867579358584486], [6.0786054342584155, 47.867825967332166], [6.085268457417809, 47.868072157835456], [6.091931540213887, 47.868317930094385], [6.09684213474376, 47.86962650974071], [6.100000241007427, 47.87199789677443], [6.103158637931361, 47.8743691875357], [6.106317325515562, 47.87674038202451], [6.1094763038418005, 47.87911148021412], [6.112635572910078, 47.88148248210456], [6.115795132802185, 47.88385338766909], [6.118954983518121, 47.886224196907705], [6.123867808892137, 47.88753128149458], [6.1305336089242335, 47.887774641429715], [6.137199467870918, 47.888017582907395], [6.143865385732189, 47.88826010592762], [6.15053136230724, 47.88850221047874], [6.157197397596072, 47.88874389656074], [6.162111605912555, 47.8900494564846], [6.165273987256692, 47.89241889025029], [6.1684366596934215, 47.89478822751154], [6.1715996232227415, 47.89715746826836], [6.174762877926429, 47.899526612493936], [6.177926423804483, 47.90189566018828], [6.181090260938695, 47.904264611324564], [6.184254389329065, 47.906633465902786], [6.189170828457671, 47.90793752861135], [6.195839578324512, 47.908176799450246], [6.200925672573225, 47.907231619061186], [6.20442911120381, 47.90510198744418], [6.206349794261733, 47.90178820689241], [6.206687721746994, 47.89729027740588], [6.208607771625694, 47.8939763566386], [6.212109943897833, 47.89184644459059], [6.215443518788025, 47.89196541627474], [6.2186084962962695, 47.89433327169106], [6.221773765036364, 47.89670103043619], [6.224939325008307, 47.89906869251012], [6.228105176293791, 47.90143625788602], [6.231271318892816, 47.903803726563865], [6.232686534224564, 47.90723645757061], [6.232350822289037, 47.91173445090625], [6.232015035571308, 47.9162324286571], [6.231679174071376, 47.92073039082319], [6.2313432377416795, 47.92522833741776], [6.23100722658222, 47.9297262684408], [6.2324233594082505, 47.93315888373111], [6.23559163621977, 47.93552618328868], [6.240512156270114, 47.93682786455801], [6.247184919559284, 47.93706392753911], [6.253857740148719, 47.93729957154294], [6.26053061803842, 47.93753479656949], [6.265452136988401, 47.938835566651505], [6.2686222969986645, 47.941201881788984], [6.271792749023892, 47.943568100028045], [6.274963493064085, 47.94593422136871], [6.2781345292011155, 47.94830024578399], [6.281305857434981, 47.9506661732739], [6.282725662978359, 47.95409815020347], [6.28239394583125, 47.958596176572684], [6.283814303156838, 47.96202806050817], [6.286986734955125, 47.96439380200992], [6.290324798380608, 47.96451042543123], [6.293828493433288, 47.96237793077208], [6.297331887635634, 47.96024531577454], [6.300834980987645, 47.958112580438595], [6.304173101103305, 47.95822878463451], [6.307346247982615, 47.96059392836227], [6.310519687238883, 47.96295897504185], [6.31369341887211, 47.96532392467326], [6.316867442964206, 47.967688777229476], [6.32004175951517, 47.970053532710494], [6.32146469205278, 47.97348496261871], [6.321136240577037, 47.977983066954124], [6.322559725927609, 47.98141440363332], [6.325735148104498, 47.983778972656324], [6.330662604241373, 47.98507647098861], [6.337342094338231, 47.98530689863018], [6.342433279395914, 47.98435501865184], [6.345936159414421, 47.98222083105359], [6.349438738299581, 47.98008652323773], [6.352941016051391, 47.97795209520428], [6.356280548161635, 47.9780666683207], [6.35945733463031, 47.98043024258699], [6.362634413872149, 47.98279371961314], [6.365811785887152, 47.98515709939915], [6.369151373752128, 47.985271253067346], [6.372653177467078, 47.983136180617734], [6.376154680041294, 47.9810009880339], [6.3796558814747755, 47.97886567531586], [6.384745856348863, 47.97791153204907], [6.3914246046635546, 47.978138558233525], [6.398103408207743, 47.978365164984055], [6.404782266981426, 47.97859135230067], [6.409871457362705, 47.97763622738433], [6.413370979351578, 47.97549979023505], [6.416870200322979, 47.97336323309947], [6.4203691202769075, 47.97122655597761], [6.425457525657716, 47.97027044966716], [6.432135416465403, 47.970494914168135], [6.438813361857719, 47.97071895928612], [6.445491361834663, 47.97094258502109], [6.452169416193723, 47.97116579136228], [6.458847524934897, 47.97138857830968], [6.463934929441047, 47.970430850620744], [6.467431629712171, 47.96829260829549], [6.470928029086529, 47.966154246173474], [6.474424127564124, 47.9640157642547], [6.479510745611902, 47.96305705578671], [6.486187883229865, 47.96327812076951], [6.491117565210735, 47.964568448868924], [6.494299791554511, 47.966928040084944], [6.497482310750119, 47.969287533666446], [6.500665122797561, 47.97164692961345], [6.505595798694696, 47.97293634337822], [6.512274338441523, 47.97315577496079], [6.517360878257044, 47.97219548656942], [6.520855418141258, 47.9700554782041], [6.524349657116792, 47.967915350208834], [6.527843595183647, 47.96577510258361], [6.5313372324072825, 47.9636347353606], [6.534830568787696, 47.96149424853979], [6.536731752383552, 47.958174546936874], [6.5370407831948505, 47.95367563055186], [6.535603739286115, 47.95024697940764], [6.532420620657345, 47.9478885935042], [6.52923779463957, 47.94553010989269], [6.52605526123279, 47.9431715285731], [6.52461896514559, 47.939742770936675], [6.5249289063779745, 47.9352438369834], [6.525238778556494, 47.93074488769067], [6.5255485816811465, 47.92624592305847], [6.524113032660764, 47.9228170589457], [6.520932131495345, 47.92045829535237], [6.516005969837277, 47.919169329583205], [6.509334547686561, 47.91895016163821], [6.502663178889945, 47.91873057475769], [6.495991863447428, 47.918510568941656], [6.4910666929797, 47.91722068969535], [6.487887667486762, 47.91486093701878], [6.484708934035278, 47.912501086824015], [6.48153049262525, 47.910141139111055], [6.476606313616513, 47.90885034669167], [6.469936397009066, 47.90862870956585], [6.464855109118695, 47.909587024117414], [6.4613624499454, 47.91172529034636], [6.459458326357812, 47.91504381080789], [6.459142738355931, 47.919542585502], [6.45723798335917, 47.92286096740814], [6.453744061367528, 47.92499895652631], [6.450408295851673, 47.924887476269106], [6.447230686811603, 47.92252652663653], [6.4440533698417575, 47.920165479598786], [6.440876344942137, 47.917804335155864], [6.437540633706674, 47.91769243596946], [6.4340462361353685, 47.91982978203955], [6.43055153834442, 47.9219670083015], [6.427056540333827, 47.924104114755295], [6.423720883580506, 47.923991796650455], [6.420544568084457, 47.92163005398698], [6.4173685445912945, 47.9192682140019], [6.414192813101017, 47.91690627669524], [6.409269668762216, 47.91561237288417], [6.402599111574892, 47.91538650256868], [6.397676582599516, 47.91409230335953], [6.394502081836092, 47.9117297752567], [6.39132787287883, 47.909367149928094], [6.3881539557277325, 47.90700442737371], [6.3849803303013495, 47.90464160762053], [6.3818069965996775, 47.90227869066857], [6.378633954541281, 47.899915676544815], [6.375461204126161, 47.897552565249256], [6.3705408991858645, 47.89625686361904], [6.363873039720395, 47.89602857165414], [6.358953349730441, 47.89473257498967], [6.355781829216, 47.89236887362562], [6.354358382371559, 47.88893776990366], [6.354683009197116, 47.884439263823786], [6.356592805166958, 47.88112258553564], [6.360087770281086, 47.87898773503924], [6.365168000265713, 47.87803441012436], [6.371833495120842, 47.87826261079101], [6.3769131577171425, 47.8773089453109], [6.380406988054615, 47.875173413684024], [6.380568307000275, 47.872924103083434], [6.377397114554121, 47.87056101350913], [6.374226213283425, 47.8681978268266], [6.3710556031881875, 47.86583454303584], [6.367885284187158, 47.863471162163776], [6.364715256280335, 47.86110768421041], [6.361383422552612, 47.86099340890531], [6.357889783003989, 47.863128336248465], [6.354395844054523, 47.865263143670674], [6.350901605704216, 47.86739783117194], [6.347407067888533, 47.86953239872017], [6.343912230607473, 47.871666846315364], [6.340417093796502, 47.87380117392541], [6.336921657455619, 47.875935381550306], [6.33342592152029, 47.878069469157936], [6.329929885990515, 47.8802034367483], [6.32643355080176, 47.88233728428928], [6.322936915954028, 47.88447101178086], [6.3196040679704435, 47.88435543524859], [6.31643500685101, 47.88199055469247], [6.313266236947037, 47.879625577197444], [6.310097758258523, 47.87726050276351], [6.306929570704048, 47.87489533141756], [6.303761674283608, 47.87253006315957], [6.300594068915797, 47.87016469801645], [6.297426754600615, 47.8677992359882], [6.292511276094145, 47.86649991721124], [6.285847633396389, 47.86626674168559], [6.280932769289458, 47.86496712855238], [6.2777666837733515, 47.862601077811604], [6.274600889112814, 47.86023493028104], [6.271435385307845, 47.85786868596068], [6.2665215156300675, 47.85656816284355], [6.259859280079483, 47.85633336092964], [6.25319710148068, 47.85609814078719], [6.24653497983366, 47.8558625024162], [6.241622104844214, 47.85456106961956], [6.238458476512343, 47.85219384239725], [6.23529513880443, 47.84982651852202], [6.232132091720474, 47.84745909799386], [6.22896933517908, 47.84509158083957], [6.22580686918025, 47.84272396705914], [6.222644693642604, 47.84035625667934], [6.219482808566143, 47.83798844970017], [6.216321213869504, 47.83562054614839], [6.213159909552688, 47.833252546024], [6.209998895534346, 47.830884449353746], [6.20683817181448, 47.82851625613763], [6.201928747379952, 47.827212739111026], [6.195270622230762, 47.826973898273934], [6.190361811408391, 47.82567008770436], [6.187202314912838, 47.82330130740232], [6.184043108518461, 47.8209324306494], [6.1808841922252595, 47.81856345744561], [6.175976376256486, 47.81725873859051], [6.1693196606121425, 47.817018274084106], [6.162663003164633, 47.81677739176069], [6.15600640391396, 47.81653609162025], [6.151099583053901, 47.81523046478389], [6.147942540584456, 47.812860511251586], [6.144785787983972, 47.8104904614048], [6.141629325252449, 47.808120315243535], [6.138473152308557, 47.805750072794446], [6.1353172691522975, 47.80337973405753], [6.132161675702353, 47.801009299059416], [6.129006371958723, 47.798638767800135], [6.124101772913447, 47.797331647346674], [6.117447878566525, 47.79708793769903], [6.110794043135542, 47.79684381044632], [6.104140266620501, 47.79659926558851], [6.099236663048902, 47.79529123807589], [6.096083232420746, 47.792919727908455], [6.09467987266233, 47.789485036371815], [6.095026583773655, 47.78498716346597], [6.0936237687914385, 47.78155238009579], [6.090471427715681, 47.77918068626127], [6.085569662734889, 47.7778717808191], [6.078918473849064, 47.77762566376926], [6.07226734439681, 47.777379129314824], [6.065616274378126, 47.77713217745577], [6.0589652639920395, 47.77688480820391], [6.0523143132385515, 47.77663702155924], [6.045663422316662, 47.77638881753358], [6.03901259122637, 47.776140196126946], [6.032361820166649, 47.7758911573512], [6.025711109137499, 47.77564170120632], [6.020811489972941, 47.77433004849969], [6.017662962672974, 47.7719561992313], [6.016265423235584, 47.768520454438644], [6.016618871660772, 47.76402281412172], [6.0152218754249045, 47.76058697795632], [6.012074434527982, 47.75821294594246], [6.00717665308485, 47.756900417184966], [6.000528531095506, 47.75664939168384], [5.995631361992758, 47.75533657104508], [5.9924851457766035, 47.7529619552687], [5.989339218242689, 47.75058724374496], [5.986193579391014, 47.748212436473864], [5.983048229140319, 47.74583753348187], [5.979903167490603, 47.743462534768966], [5.976758394360617, 47.74108744036159], [5.973613909750363, 47.738712250259724], [5.968718961263722, 47.73739794146242]]]}}, {"type": "Feature", "properties": {"band": "light", "dbz": 30.0, "source": "OPERA-ORD", "time": "20260803033500"}, "geometry": {"type": "Polygon", "coordinates": [[[8.384861250013874, 47.99105888319573], [8.378175314047395, 47.99095712769518], [8.373124417864567, 47.99200648856734], [8.369708561465393, 47.99420696581219], [8.366292404701484, 47.9964073292561], [8.362875947572846, 47.99860757889907], [8.359459190008984, 48.00080771471007], [8.356042132009902, 48.0030077366891], [8.35426004152129, 48.00635938255115], [8.354112918543152, 48.010862652296225], [8.35567492191827, 48.014265921429015], [8.358946051646647, 48.01656918994951], [8.3622904750413, 48.01662072398404], [8.365708192102225, 48.01442052353262], [8.369125608529988, 48.01222020924034], [8.372542724324585, 48.0100197811072], [8.375959539556593, 48.007819239164235], [8.37937605422601, 48.00561858341145], [8.382792268403403, 48.003417813879906], [8.386208182088774, 48.00121693056958], [8.389623795352685, 47.99901593351153], [8.393039108195138, 47.996814822705744], [8.393111127961552, 47.99456314071364], [8.389839854651926, 47.99226088753521], [8.384861250013874, 47.99105888319573]]]}}, {"type": "Feature", "properties": {"band": "light", "dbz": 30.0, "source": "OPERA-ORD", "time": "20260803033500"}, "geometry": {"type": "Polygon", "coordinates": [[[8.346223228175717, 47.945408217841134], [8.339543404513513, 47.945304045288935], [8.334496280720394, 47.94635161373056], [8.331081856796365, 47.94855092316604], [8.329300088709385, 47.95190227770263], [8.329150976459456, 47.95640567734034], [8.330709671894002, 47.95980943277692], [8.33397617501303, 47.96211354401237], [8.338950529885143, 47.96331770680621], [8.345632736510343, 47.96342192115845], [8.350681095584983, 47.962374069438056], [8.35409560710906, 47.96017415164502], [8.355876227514642, 47.95682247202964], [8.35602295680173, 47.95231903059192], [8.35446302608566, 47.94891555843411], [8.351196435366433, 47.946612055556194], [8.346223228175717, 47.945408217841134]]]}}, {"type": "Feature", "properties": {"band": "light", "dbz": 30.0, "source": "OPERA-ORD", "time": "20260803033500"}, "geometry": {"type": "Polygon", "coordinates": [[[8.188822073949144, 47.861732400803085], [8.182153581814848, 47.86161835852507], [8.177111548553448, 47.86265852399544], [8.173695974164943, 47.864852897214206], [8.17190681067578, 47.86820178153422], [8.171744058085961, 47.872705176955485], [8.171581269231098, 47.87720855783658], [8.171418444111193, 47.881711924177495], [8.169628316113924, 47.885060653749164], [8.166210885239293, 47.88725474655159], [8.162793155439065, 47.889448725132866], [8.159375126713243, 47.89164258949299], [8.15758403328523, 47.89499116425204], [8.15741987515503, 47.899494449410014], [8.15562816742363, 47.90284289685407], [8.152208910091034, 47.90503650658418], [8.148789353560648, 47.907230002011005], [8.14536949783248, 47.90942338313454], [8.143576823266612, 47.91277167563453], [8.143411329863047, 47.917274879510984], [8.143245799549243, 47.92177806890658], [8.143080232325195, 47.92628124382132], [8.144625503220695, 47.92968775293072], [8.147881612235738, 47.93199759623477], [8.151138016598129, 47.934307336833584], [8.154394716307866, 47.93661697472716], [8.157651711443147, 47.93892650988706], [8.160909002003978, 47.941235942313305], [8.164166588068566, 47.94354527197745], [8.167424469636913, 47.945854498879484], [8.170682646787245, 47.94816362299097], [8.173941119519558, 47.950472644311894], [8.177280995911001, 47.950529983958916], [8.180702275961576, 47.94833564193203], [8.18249398780081, 47.94498687764097], [8.1826561314287, 47.94048369108573], [8.184447227834772, 47.93713479957369], [8.187867277019025, 47.93494020310486], [8.19128702662255, 47.93274549239801], [8.19470647664535, 47.93055066745316], [8.196496606432357, 47.9272016214143], [8.19665741598357, 47.922698354281415], [8.195109095271375, 47.9192925109978], [8.19185164429577, 47.916984091563435], [8.188594488479144, 47.91467556932737], [8.185337627821493, 47.9123669442896], [8.185418276001656, 47.91011529471488], [8.188836433019631, 47.90792062060321], [8.192254290857214, 47.90572583231392], [8.195671849514403, 47.903530929846994], [8.197460926133983, 47.90018180162657], [8.197621520715956, 47.89567844765264], [8.197782079515324, 47.89117507917715], [8.19794260253209, 47.88667169620012], [8.19810308978902, 47.8821682987075], [8.198263541286117, 47.877664886699314], [8.198423957046128, 47.87316146016153], [8.198584337069056, 47.86865801909414], [8.197037475314463, 47.86525207940586], [8.193783371782349, 47.862943641096685], [8.188822073949144, 47.861732400803085]]]}}, {"type": "Feature", "properties": {"band": "light", "dbz": 30.0, "source": "OPERA-ORD", "time": "20260803033500"}, "geometry": {"type": "Polygon", "coordinates": [[[8.30795580220926, 47.89073515249169], [8.301283268150778, 47.890628589121675], [8.296240820477571, 47.891674391940974], [8.292828459189641, 47.8938725609496], [8.289415798967433, 47.89607061612479], [8.286002839810946, 47.89826855746653], [8.282589581650367, 47.900466384943904], [8.279176024485697, 47.90266409855692], [8.275762168247121, 47.904861698274644], [8.272348012934643, 47.907059184097065], [8.268933558478441, 47.90925655599325], [8.265518804878514, 47.911453813963206], [8.262103752065045, 47.91365095797596], [8.258688400038029, 47.91584798803152], [8.255272748727643, 47.918044904098934], [8.251856798133888, 47.92024170617818], [8.251779087239484, 47.92249339722777], [8.255039616044433, 47.9247999772477], [8.258300440262428, 47.92710645424089], [8.26156155989347, 47.929412828207354], [8.2648229750155, 47.93171909911858], [8.268084685628516, 47.934025266974565], [8.273054728098433, 47.935232525463405], [8.279733102425253, 47.93534087458511], [8.284780026338915, 47.934296128918255], [8.288195499839423, 47.93209828846285], [8.291610673872203, 47.929900334094135], [8.295025548437255, 47.92770226581211], [8.300071630200122, 47.92665655606641], [8.306748919160803, 47.92676320485705], [8.311794417057655, 47.925717166076765], [8.315208123890674, 47.92351843972555], [8.315283455852107, 47.9212667054321], [8.312020412941951, 47.91896196319644], [8.308757665410239, 47.91665711778086], [8.305495213256972, 47.91435216918536], [8.30557051162975, 47.91210042046876], [8.308983560528574, 47.90990187163105], [8.312396310302951, 47.90770320899282], [8.315808760952878, 47.90550443255408], [8.317589937252137, 47.902153268652185], [8.317739839200726, 47.89764971728711], [8.316184109940892, 47.89424556474761], [8.312922749472632, 47.89194081103368], [8.30795580220926, 47.89073515249169]]]}}, {"type": "Feature", "properties": {"band": "light", "dbz": 30.0, "source": "OPERA-ORD", "time": "20260803033500"}, "geometry": {"type": "Polygon", "coordinates": [[[6.64129436891653, 47.64363230106461], [6.634658599655502, 47.64342114629401], [6.629607179288733, 47.64438767610771], [6.626140107816221, 47.64653189050573], [6.624257297668168, 47.64985409004607], [6.623958748844577, 47.65435427472872], [6.622075317006804, 47.65767633729831], [6.6186070021548495, 47.65982027775483], [6.613553892128788, 47.66078579542014], [6.606915986928618, 47.66057289029425], [6.60186231355848, 47.661538070431476], [6.598392872018376, 47.66368133583182], [6.59492313405902, 47.6658244825285], [6.591453099680415, 47.66796751052151], [6.587982768818237, 47.67011041977924], [6.584512141472487, 47.6722532103017], [6.582625598257516, 47.67557458721246], [6.582323139173321, 47.68007455051152], [6.582020613025724, 47.68457449812521], [6.581718019814727, 47.689074430053516], [6.579830460210966, 47.69239563546164], [6.576357934214441, 47.69453811434957], [6.572885111343432, 47.696680474394626], [6.569411991597937, 47.69882271559682], [6.565938574913562, 47.70096483792446], [6.562464861290307, 47.70310684137756], [6.557406330018676, 47.70406961668603], [6.550762981098667, 47.70385316384986], [6.544119684275852, 47.70363629404803], [6.5374764395502325, 47.703419007280544], [6.532570904827514, 47.70213095963261], [6.5294030801076985, 47.69977215110424], [6.526235544416336, 47.69741324527032], [6.523068297753423, 47.69505424213086], [6.5181637427735595, 47.69376528505202], [6.511521879476742, 47.6935463740338], [6.50488006883732, 47.69332704616352], [6.498238310855292, 47.69310730144117], [6.491596605729069, 47.6928871398772], [6.48495495345865, 47.69266656147162], [6.478313354242417, 47.692445566234916], [6.471671808080371, 47.69222415416708], [6.465030315170872, 47.692002325278644], [6.458388875513918, 47.69178007956961], [6.453329196261338, 47.69273810330952], [6.4498512774131305, 47.69487639649837], [6.446373061650984, 47.69701457044246], [6.4428945489749, 47.69915262514179], [6.4394157393208244, 47.701290560564615], [6.4359366326887555, 47.703428376710924], [6.434039132091039, 47.7067469636297], [6.4337232375276745, 47.71124632132092], [6.433407272883446, 47.71574566326983], [6.4330912381583545, 47.72024498947643], [6.43119271399964, 47.72356340328977], [6.427711700407303, 47.72570090470988], [6.424230389446106, 47.72783828674508], [6.42074878111605, 47.72997554939539], [6.418849232438786, 47.733293790022216], [6.418531743414315, 47.73779300862557], [6.4199556453894795, 47.74122361828488], [6.4231209383642796, 47.7435856190001], [6.426286520821165, 47.745947522652905], [6.429452392760138, 47.748309329243284], [6.432618554261673, 47.75067103874444], [6.435785005325773, 47.75303265115639], [6.440693002884378, 47.75432515255182], [6.447342546937486, 47.75454854293075], [6.453992144694855, 47.754771515921846], [6.460641796156483, 47.75499407152511], [6.465550778246092, 47.75628566319982], [6.468719090963681, 47.758646290945975], [6.470146642006848, 47.76207625607921], [6.469833431375592, 47.76657555859953], [6.4695201511759475, 47.77107484548852], [6.469206801407915, 47.77557411674618], [6.468893382027403, 47.780073372385885], [6.468579893034412, 47.78457261240766], [6.468266334384807, 47.78907183682485], [6.467952706078589, 47.79357104563748], [6.469381375405206, 47.79700087965847], [6.472552342364658, 47.79936133888783], [6.475723599706678, 47.80172170081558], [6.478895147431269, 47.80408196544171], [6.482066985619128, 47.80644213273933], [6.485239114270258, 47.808802202708435], [6.490153694357154, 47.810092394987706], [6.496810725879815, 47.810312709577154], [6.501725917704883, 47.81160260651122], [6.5048992698323564, 47.813962085789925], [6.508072912617644, 47.81632146764467], [6.511246846060748, 47.818680752075466], [6.51442107024239, 47.821039939055346], [6.517595585162573, 47.8233990285843], [6.519028108018459, 47.826828203487025], [6.518718638810049, 47.831327463763515], [6.520151713006616, 47.83475654434937], [6.523327330608157, 47.837115445244585], [6.526503239238302, 47.83947424862256], [6.529679438897052, 47.8418329544833], [6.531113256677186, 47.845261928388055], [6.530804692578704, 47.84976117033683], [6.5322390623557345, 47.85319004984533], [6.535416366008274, 47.85554856691354], [6.54033669452556, 47.856836419356675], [6.5470000479075905, 47.85705360717473], [6.55366345378845, 47.8572703766087], [6.560326912168138, 47.85748672765861], [6.565248227634303, 47.85877366736876], [6.568427400186943, 47.86113119573914], [6.571606864205326, 47.86348862641544], [6.574786619689451, 47.86584595939764], [6.579708921834775, 47.86713198607198], [6.586373770641296, 47.86734670643848], [6.591296685840199, 47.86863243685549], [6.594477667431484, 47.87098917732301], [6.597658940683044, 47.87334582000056], [6.60084050559488, 47.875702364888134], [6.605764407265756, 47.87698718180929], [6.612430645695672, 47.87720027076404], [6.619096935689273, 47.877412941116724], [6.625763277246557, 47.87762519286733], [6.630837923589848, 47.87665934957603], [6.634320874719144, 47.87451541124281], [6.637803526386204, 47.87237135385994], [6.6412858785910265, 47.870227177427424], [6.646359736740315, 47.86926035680051], [6.653025100834072, 47.86947089197921], [6.659690515852883, 47.86968100860864], [6.666355981796751, 47.869890706688764], [6.673021498464394, 47.87009998620954], [6.679687065855813, 47.870308847170946], [6.686352683769704, 47.870517289562954], [6.693018352206067, 47.87072531338558], [6.697944246280539, 47.87200610555946], [6.701130365993118, 47.8743596660846], [6.704316777625724, 47.876713128485946], [6.7075034811783585, 47.87906649276348], [6.712430359040171, 47.880346370279646], [6.7190974112111626, 47.88055276103445], [6.725764513334423, 47.88075873310668], [6.732431665409955, 47.88096428649635], [6.7373595267835436, 47.882243249052564], [6.740548097455188, 47.88459562077532], [6.743736960272473, 47.88694789423632], [6.7469261152353965, 47.88930006943556], [6.751854959844379, 47.8905781167296], [6.75852349409942, 47.89078203611842], [6.763596858967144, 47.88980984750848], [6.767075054447551, 47.887661550899765], [6.768957995430786, 47.88433744895259], [6.769245681916851, 47.87983754166696], [6.771127995480992, 47.87651330329581], [6.774604936123208, 47.87436473383913], [6.77967658868131, 47.873391530758646], [6.786342953155298, 47.87359369405435], [6.793009366540476, 47.8737954387018], [6.799675828836843, 47.873996764701], [6.806342339842886, 47.87419767204226], [6.813008899558605, 47.8743981607256], [6.817938123064821, 47.87567339304583], [6.821130010361535, 47.878023369002975], [6.82432218986541, 47.88037324646051], [6.827514661576447, 47.88272302541844], [6.832444865830677, 47.88399734177919], [6.839112802628104, 47.88419619554276], [6.844183911727853, 47.88322013993781], [6.847658193129925, 47.88106917496434], [6.849535563868047, 47.877743603295265], [6.849816023942218, 47.8732434249306], [6.850096421598993, 47.868743231350024], [6.850376756838372, 47.864243022553524], [6.8522531118896275, 47.8609172822977], [6.855725486752758, 47.858766010582556], [6.859058048336547, 47.85886475992326], [6.862250796640996, 47.86121353031982], [6.865443836988369, 47.86356220211725], [6.868637169378667, 47.86591077531552], [6.873566764395299, 47.86718319319725], [6.880232622038266, 47.86737945576242], [6.886898527149139, 47.86757529969577], [6.893564479727919, 47.867770724997314], [6.900230479573066, 47.86796573165765], [6.906896526684578, 47.868160319676775], [6.911964677239084, 47.867181000652856], [6.915434931236582, 47.86502777458588], [6.917307207557968, 47.86170094407276], [6.917581506203243, 47.8572005091135], [6.919453157208105, 47.85387354320201], [6.922922160572556, 47.851720046338315], [6.927988597147137, 47.85073971604794], [6.93465246693185, 47.85093255233088], [6.9413163833149625, 47.85112497011132], [6.947980346296474, 47.851316969389245], [6.953045985989515, 47.85033566482801], [6.956513302394086, 47.84818105642762], [6.958382215539411, 47.84485344668049], [6.958652725425489, 47.84035283558663], [6.958923175146321, 47.83585220929446], [6.9591935647019065, 47.83135156780399], [6.9610614679821525, 47.82802379062766], [6.964526884987059, 47.82586887776546], [6.967992003359758, 47.82371384701423], [6.971456823100252, 47.82155869837399], [6.973323717467093, 47.81823075384473], [6.973592686460281, 47.813730013426465], [6.97386159566404, 47.80922925777788], [6.974130445078373, 47.804728486898966], [6.972667799454486, 47.80130532644879], [6.969473658792381, 47.79895977642736], [6.964548102441721, 47.79769153475069], [6.957891130402503, 47.79750060141878], [6.952966183161976, 47.79623206146471], [6.949773260720138, 47.793885914888484], [6.949908479920848, 47.79163553511594], [6.9533718407641025, 47.789480922147064], [6.956834903504987, 47.78732619133482], [6.960297668143499, 47.7851713426792], [6.962163885049906, 47.78184350613063], [6.962433554224207, 47.777342681689106], [6.960972430086259, 47.7739193006256], [6.957780512636062, 47.771573362940096], [6.95285788141369, 47.77030456677943], [6.946204536419144, 47.7701129121436], [6.941146561421202, 47.7710942072436], [6.937683956419868, 47.77324845207943], [6.9358166413839815, 47.77657594848644], [6.935544616313545, 47.781076696464645], [6.933676678617347, 47.784404057736324], [6.930212828295389, 47.78655803230147], [6.926885342053378, 47.786461549498085], [6.923694219891315, 47.78411460932617], [6.922235260272456, 47.78069078449139], [6.9225084631968, 47.77619007499378], [6.924376638292696, 47.772862816317684], [6.9278397855601455, 47.77070900846312], [6.931302634990516, 47.768555082725925], [6.934765186583807, 47.76640103910607], [6.934901402775512, 47.76415065174819], [6.931711283565633, 47.76180392065227], [6.926790232814442, 47.76053391155493], [6.920138250521938, 47.76034062445616], [6.91348631491333, 47.7601469197042], [6.9068344259886185, 47.75995279729903], [6.900182583947737, 47.759758257249935], [6.893530788790688, 47.759563299556916], [6.888611074975191, 47.75829175913382], [6.885423442501245, 47.75594363598065], [6.882236100555612, 47.75359541434088], [6.879049049138293, 47.75124709421449], [6.8741303083514405, 47.749974639635866], [6.867479878195056, 47.74977805060499], [6.862561745518491, 47.748505298611995], [6.859375910321745, 47.746156383656896], [6.857922290647053, 47.74273160733462], [6.8582008864944175, 47.73823096964518], [6.85674782002598, 47.734806097062275], [6.8535630912417425, 47.73245698958593], [6.848646782231268, 47.73118334576156], [6.841998892994558, 47.730985165589175], [6.835351051544006, 47.73078656806819], [6.828703257879611, 47.730587553198596], [6.822055512200777, 47.730388120989886], [6.815407814507503, 47.730188271442046], [6.8087601649991685, 47.729988004564625], [6.802112563675774, 47.729787320357616], [6.795465010736674, 47.729586218830576], [6.788817506181869, 47.72938469998351], [6.783903268162072, 47.72810829498689], [6.780722296677283, 47.7257570038407], [6.779274507811368, 47.72233112791129], [6.779559901564331, 47.71783066719865], [6.778112664364261, 47.71440469548058], [6.774932796211158, 47.712053212757084], [6.771753217744221, 47.70970163195657], [6.768573928963449, 47.70734995307906], [6.765394929789194, 47.70499817615153], [6.762216220221457, 47.70264630117398], [6.7590378001806055, 47.70029432817342], [6.7558596696666395, 47.69794225714984], [6.754414283865573, 47.694515985122294], [6.754701642777407, 47.690015512090774], [6.753256807575404, 47.68658914443419], [6.7500797782595665, 47.68423688215255], [6.745170639397911, 47.68295842426458], [6.738529390990439, 47.6827537707703], [6.7318881917971805, 47.68254870041733], [6.725247041818136, 47.68234321320568], [6.720193503149927, 47.68331403498211], [6.716727575792553, 47.68546116574662], [6.713261351735808, 47.68760817813347], [6.709794830979691, 47.68975507214265], [6.70474050874559, 47.69072492125268], [6.698098385033505, 47.690517725463565], [6.6914563111648615, 47.6903101127627], [6.684814287139659, 47.690102083150094], [6.67990637760251, 47.68882084596145], [6.676732582553415, 47.68646640119677], [6.673559076633508, 47.68411185869664], [6.670385859842787, 47.681757218461065], [6.667212932101572, 47.67940248051695], [6.664040293409864, 47.67704764486429], [6.6608679436879905, 47.67469271152996], [6.6576958829359505, 47.67233768051395], [6.652790162521164, 47.67105494137553], [6.646150782443628, 47.67084449411471], [6.641245668821923, 47.66956145944418], [6.6380748216560495, 47.66720583736393], [6.638223317533678, 47.664955737040756], [6.641691156454808, 47.66281115847465], [6.645158699014528, 47.66066646135972], [6.6486259452128404, 47.658521645695956], [6.650507673089357, 47.655199103564314], [6.650803882644079, 47.6506988349648], [6.649367053952842, 47.647270995111256], [6.646197187015642, 47.64491558400369], [6.64129436891653, 47.64363230106461]]]}}, {"type": "Feature", "properties": {"band": "light", "dbz": 30.0, "source": "OPERA-ORD", "time": "20260803033500"}, "geometry": {"type": "Polygon", "coordinates": [[[8.267920988989909, 47.89008948249737], [8.261248612034382, 47.88998040323432], [8.254576261669122, 47.88987090466621], [8.247903937894126, 47.889760986793064], [8.241231640912597, 47.889650649620165], [8.234559370724533, 47.88953989314753], [8.227887127533117, 47.889428717380476], [8.221214911338354, 47.889317122319014], [8.21617092103592, 47.890359118368735], [8.212755156625816, 47.89255470552963], [8.210967571092047, 47.89590418739868], [8.210808164434612, 47.90040756397587], [8.212357233952792, 47.90381315821485], [8.21561477964659, 47.90612097011564], [8.21887262041728, 47.90842867914555], [8.222130756264866, 47.910736285304594], [8.225389187267266, 47.91304378856433], [8.228647913424481, 47.91535118892477], [8.233615194019215, 47.91656030062497], [8.240291029051463, 47.91667112366495], [8.24533690648277, 47.91562823542239], [8.248752826313135, 47.9134316358973], [8.252168446923703, 47.9112349223731], [8.255583768314475, 47.90903809484979], [8.258998790555239, 47.90684115335835], [8.262413513645994, 47.90464409789876], [8.265827937656525, 47.90244692850197], [8.269242062586828, 47.90024964516801], [8.272655888506687, 47.89805224792778], [8.276069415416096, 47.8958547367813], [8.27614642852002, 47.89360299143827], [8.272886927818455, 47.891297011898686], [8.267920988989909, 47.89008948249737]]]}}, {"type": "Feature", "properties": {"band": "light", "dbz": 30.0, "source": "OPERA-ORD", "time": "20260803033500"}, "geometry": {"type": "Polygon", "coordinates": [[[18.429450292521633, 47.54084397325605], [18.422858595207277, 47.541372377952904], [18.4162667729219, 47.54190037119836], [18.409674825665512, 47.542427952992405], [18.40308275362299, 47.542955123310485], [18.396490556794348, 47.54348188215261], [18.391730986476446, 47.544994780882924], [18.38880404266929, 47.54749381950142], [18.385876824582617, 47.549992775690775], [18.382949332216423, 47.552491649450985], [18.38002156548457, 47.554990440759575], [18.37709352438705, 47.55748914961655], [18.37416520883771, 47.55998777599943], [18.371236618836544, 47.56248631990821], [18.36830775429736, 47.5649847813204], [18.36537861522016, 47.567483160235994], [18.365747376676072, 47.569719156770596], [18.369414038665095, 47.5716927709242], [18.374545420337007, 47.57241686635424], [18.381141521691806, 47.571891443060714], [18.385903723954286, 47.570379264476294], [18.388832027124458, 47.567880330600985], [18.39176005578199, 47.565381314285574], [18.394687809926893, 47.56288221553006], [18.399448920336184, 47.561369182940254], [18.406043387009866, 47.56084221651615], [18.4126377287309, 47.56031483845926], [18.419231945499284, 47.55978704876959], [18.42582603712989, 47.55925884747173], [18.43242000362272, 47.55873023456569], [18.437179550601314, 47.557215756942014], [18.440104678065676, 47.55471541460071], [18.441195602483287, 47.551229499836126], [18.440452323854153, 47.546758012648276], [18.43824704869939, 47.543536644517665], [18.434579777019003, 47.54156539544431], [18.429450292521633, 47.54084397325605]]]}}, {"type": "Feature", "properties": {"band": "light", "dbz": 30.0, "source": "OPERA-ORD", "time": "20260803033500"}, "geometry": {"type": "Polygon", "coordinates": [[[5.863866082134077, 47.715304379687886], [5.857223999569241, 47.71504438488823], [5.852150479445389, 47.71597351546381], [5.848645521762522, 47.71809177141461], [5.846709018429639, 47.72139945312866], [5.846340969446738, 47.72589656060594], [5.845972838825698, 47.73039365190465], [5.845604626566519, 47.7348907270248], [5.846989812242528, 47.73832872117594], [5.850128395853725, 47.74070763435808], [5.855020485650722, 47.74202716598176], [5.86166608163352, 47.74228731604698], [5.866558783962965, 47.74360655681104], [5.8696985926390575, 47.745984888273924], [5.871085399845961, 47.74942261106228], [5.870719205583673, 47.7539197251761], [5.872106553717387, 47.757357357434785], [5.875247444247106, 47.75973550783835], [5.880141984879296, 47.76105387561766], [5.88679017561396, 47.761312460772714], [5.891867334541119, 47.760381944971385], [5.895373461660774, 47.758262328213675], [5.897308449753351, 47.75495391129266], [5.897672298818851, 47.75045669420834], [5.8980360671759255, 47.745959461019154], [5.898399754824574, 47.74146221172509], [5.897011298601895, 47.73802481736651], [5.8938706985078895, 47.7356472779434], [5.888978061603848, 47.7343292928644], [5.882333387889771, 47.73407086212953], [5.877441363157411, 47.73275258606023], [5.874301987406769, 47.73037446465653], [5.872915153141581, 47.72693679847278], [5.8732808603618505, 47.72243958750897], [5.871894566333111, 47.71900183079224], [5.868756271055367, 47.71662352832256], [5.863866082134077, 47.715304379687886]]]}}, {"type": "Feature", "properties": {"band": "light", "dbz": 30.0, "source": "OPERA-ORD", "time": "20260803033500"}, "geometry": {"type": "Polygon", "coordinates": [[[18.64285031996609, 47.460053873312944], [18.63627083501755, 47.46059551394512], [18.629691222559128, 47.46113674409444], [18.62311148259082, 47.46167756376089], [18.61836577155287, 47.4632006137801], [18.615454089445286, 47.465705894152066], [18.614376656223932, 47.46919369605422], [18.615133471888814, 47.47366401948656], [18.61734669295939, 47.47688164965837], [18.621016319435665, 47.47884658656966], [18.626142131182966, 47.47955853892156], [18.6327241282013, 47.47901750671407], [18.637470747493317, 47.47749405921055], [18.640381989059023, 47.47498819641097], [18.643292958164515, 47.472482252000276], [18.64620365480979, 47.46997622597849], [18.649114079080785, 47.46747011836773], [18.6520242309775, 47.46496392916798], [18.651644495804483, 47.462728889175295], [18.647974873561733, 47.460764998389664], [18.64285031996609, 47.460053873312944]]]}}, {"type": "Feature", "properties": {"band": "light", "dbz": 30.0, "source": "OPERA-ORD", "time": "20260803033500"}, "geometry": {"type": "Polygon", "coordinates": [[[17.821920017433555, 47.49722428013761], [17.815328829638453, 47.4977146390801], [17.810557026944522, 47.49920141937132], [17.807604609351774, 47.50168462101124], [17.804651916312338, 47.50416773858063], [17.80169894782621, 47.50665077207947], [17.79692606971325, 47.508136692933164], [17.79033328197346, 47.50862550114171], [17.78555978617294, 47.5101111560249], [17.7826055823117, 47.51259365758273], [17.782948181014405, 47.51483203467395], [17.786587582281058, 47.516826287298585], [17.790227276768228, 47.518820407671136], [17.793867264475914, 47.520814395791604], [17.79750754545505, 47.522808251626316], [17.80114811970564, 47.524801975175265], [17.804445308920705, 47.524557292872295], [17.807399113100253, 47.52207420471741], [17.81035264159792, 47.51959103247954], [17.813305894413702, 47.51710777615869], [17.818079251691486, 47.515620871951256], [17.824672713431276, 47.51513031985725], [17.829445452740345, 47.51364314982553], [17.832397469618698, 47.51115936185611], [17.83352896473438, 47.507679249153156], [17.832839938087385, 47.50320281171666], [17.83067547140569, 47.4999682199154], [17.827035564689304, 47.49797547374938], [17.821920017433555, 47.49722428013761]]]}}, {"type": "Feature", "properties": {"band": "light", "dbz": 30.0, "source": "OPERA-ORD", "time": "20260803033500"}, "geometry": {"type": "Polygon", "coordinates": [[[7.836842242514266, 47.665844859386915], [7.830200153161676, 47.6657087651956], [7.825170375211423, 47.666732378115285], [7.821752908663505, 47.66891569814595], [7.821656745028274, 47.67116738115446], [7.824881884305728, 47.6734874271408], [7.828107314648946, 47.67580737187005], [7.831333036057929, 47.678127215342215], [7.831236829754718, 47.68037888335643], [7.827818695739314, 47.682562375912696], [7.82278744267242, 47.68358563074064], [7.816143070554038, 47.683448647840244], [7.809498731431616, 47.683311247669245], [7.802854425305157, 47.68317343022763], [7.797920050690042, 47.681944095648745], [7.79469560758627, 47.67962324393259], [7.7914714555470335, 47.67730229105596], [7.78824759457233, 47.674981237018855], [7.7833141647429045, 47.67375098063112], [7.776671166058756, 47.67361152189276], [7.770028200946987, 47.673471645986396], [7.763385269407596, 47.67333135291204], [7.758353371113494, 47.67435177457503], [7.75493250606468, 47.67653291097537], [7.753122615870225, 47.67987506371985], [7.752923700530128, 47.68437823280847], [7.752724741050839, 47.688881386888625], [7.752525737432359, 47.69338452596032], [7.754038069415913, 47.6967971253815], [7.7572617370015, 47.69911918515217], [7.76048569590761, 47.70144114383101], [7.7637099461342425, 47.70376300141805], [7.765223069082752, 47.707175483792156], [7.7650250647531385, 47.71167859095333], [7.766538751199165, 47.71509097170647], [7.769764128420831, 47.717412626051555], [7.772989797247542, 47.719734179235225], [7.776215757679296, 47.72205563125749], [7.777730236328285, 47.725467894892475], [7.77753323319451, 47.72997097014018], [7.779048276000326, 47.73338313206662], [7.7822753647457334, 47.735704380671805], [7.7856007018707345, 47.735773991474765], [7.78902428737533, 47.733591964475494], [7.790833993120893, 47.730249399485146], [7.791029819107424, 47.72574629650373], [7.792838912008112, 47.722403602074266], [7.796261271822959, 47.720221316196756], [7.799586053771343, 47.72029049549897], [7.8028132578532645, 47.722611139980906], [7.806040753670863, 47.72493168319049], [7.809268541224138, 47.727252125127734], [7.814207560951386, 47.72848090576423], [7.820857812852606, 47.72861802509997], [7.8257974352251285, 47.72984650240086], [7.829026428068953, 47.7321663376669], [7.832255712830264, 47.734486071563325], [7.8354852895090605, 47.73680570409013], [7.840425858218015, 47.738033258127565], [7.8470774189571255, 47.738168733675636], [7.852018590456423, 47.73939598415218], [7.855249372715908, 47.74171500955721], [7.858480447074571, 47.74403393349527], [7.8617118135324136, 47.74635275596635], [7.864943472167199, 47.74867147694253], [7.868175422978928, 47.75099009642382], [7.871407666045378, 47.7533086143823], [7.874640201366547, 47.75562703081796], [7.877966946460076, 47.75569374405478], [7.881387901325965, 47.75350875409274], [7.884808559079745, 47.751323649306904], [7.888228919721415, 47.749138429697254], [7.891648983319074, 47.74695309529474], [7.895068749872721, 47.744767646099355], [7.898488219450446, 47.74258208214202], [7.901907392052251, 47.740396403422736], [7.905326267746224, 47.73821060997242], [7.9087448465323655, 47.73602470179107], [7.908837776386504, 47.73377304321974], [7.905605057308639, 47.73145563425845], [7.900663377381965, 47.73023087635771], [7.894012736606481, 47.7300987695175], [7.8890716589460235, 47.72887370776323], [7.885840144400593, 47.7265556910949], [7.884318137837604, 47.7231450216372], [7.884505639257058, 47.718641699390126], [7.886308309471472, 47.715297372256536], [7.889726148480848, 47.713112040236425], [7.893143690972964, 47.71092659350475], [7.896560936947822, 47.70874103206152], [7.898362639469923, 47.70539654721071], [7.898548798539267, 47.700893138952324], [7.897026922601485, 47.697482524575605], [7.893797011656579, 47.69516470408054], [7.888859120574478, 47.693939375616296], [7.88221324935518, 47.69380653918287], [7.877181745896104, 47.69483259977741], [7.87376461019725, 47.69701755739994], [7.871961786898033, 47.700361713888924], [7.871773275998455, 47.70486506924438], [7.8699698414203025, 47.708209096860244], [7.866551483163574, 47.71039379673654], [7.8615182568347715, 47.711418866909725], [7.854870162433894, 47.71128430737982], [7.849931835320911, 47.71005741130961], [7.846703275495822, 47.7077381786991], [7.845184426861247, 47.70432691149932], [7.845375289417185, 47.69982360971028], [7.847179843994683, 47.6964799107692], [7.8505980905937385, 47.694295814676074], [7.854016040925693, 47.6921116037878], [7.857433694990544, 47.68992727810438], [7.859237281255121, 47.686583421033326], [7.859426799719428, 47.68208003257466], [7.85790807854602, 47.67866882035419], [7.8546811177348985, 47.67634978437192], [7.851454448041719, 47.67403064704963], [7.84822806946648, 47.671711408387296], [7.8450019819317856, 47.66939206841274], [7.841776185437636, 47.66707262712596], [7.836842242514266, 47.665844859386915]]]}}, {"type": "Feature", "properties": {"band": "light", "dbz": 30.0, "source": "OPERA-ORD", "time": "20260803033500"}, "geometry": {"type": "Polygon", "coordinates": [[[6.247219870152274, 47.57623766385343], [6.2405943051851835, 47.57600181197669], [6.235542000407883, 47.57694953313535], [6.232062955820374, 47.57908082732939], [6.2285836159475725, 47.581212001851654], [6.2251039807894815, 47.583343056702105], [6.220050911654824, 47.58428980338143], [6.213424408543601, 47.58405224188963], [6.208370781350515, 47.584998649220324], [6.204890030075565, 47.58712902537353], [6.2014089833936294, 47.589259281750714], [6.197927641304709, 47.591389418351866], [6.194446003745877, 47.59351943514528], [6.190964070717134, 47.59564933213099], [6.1890548495763795, 47.598963697439416], [6.188718340323613, 47.60346253107059], [6.18838175659951, 47.607961348611674], [6.188045098404073, 47.61246015006267], [6.189450317966303, 47.615894046646844], [6.1925974152862, 47.6182630383642], [6.195744799830935, 47.620631933916954], [6.198892471600507, 47.623000733305126], [6.202040430675105, 47.62536943650229], [6.2051886770547275, 47.62773804350846], [6.208337210819578, 47.63010655429717], [6.211486031969657, 47.632474968868436], [6.21289305698747, 47.6359085760724], [6.212558285873017, 47.64040737590906], [6.21222344061302, 47.64490615973045], [6.211888521207476, 47.649404927536594], [6.213296269311346, 47.652838430069515], [6.216446684924629, 47.65520666732922], [6.2197643380414815, 47.65532541680356], [6.223249228661904, 47.65319467849254], [6.226733822954003, 47.65106382032904], [6.230218120917781, 47.64893284231307], [6.233535830817958, 47.64905117545639], [6.236686952654532, 47.651418819758995], [6.238096148096346, 47.654852056909945], [6.2377634171434035, 47.65935088690922], [6.23917315570819, 47.662784031451196], [6.242325363790709, 47.66515149053585], [6.2472201390620725, 47.666452963785375], [6.25385748152228, 47.6666884511998], [6.258752865298392, 47.667989631500106], [6.261906290390408, 47.67035650468628], [6.265060003590167, 47.6727232814166], [6.26821400489767, 47.67508996169106], [6.273110374025161, 47.676390235796376], [6.279749110972638, 47.676624103732564], [6.28638790390921, 47.67685755508196], [6.293026752834878, 47.67709058984455], [6.297924107058141, 47.67838995745345], [6.301079966579, 47.680755657908634], [6.304236114436029, 47.68312126177233], [6.307392550629228, 47.68548676904453], [6.310549275238943, 47.68785217969865], [6.313706288265175, 47.690217493734686], [6.316863589788283, 47.69258271112602], [6.320021179808267, 47.69494783187266], [6.324920736631185, 47.69624570564741], [6.331562260257041, 47.696476332450274], [6.336624403344758, 47.695524375945794], [6.340107165894337, 47.69338983613396], [6.343589631556771, 47.69125517674857], [6.347071800332059, 47.68912039778962], [6.350392352211449, 47.68923507458981], [6.35355128719494, 47.691599207149146], [6.356710510776246, 47.693963242939944], [6.359870022955366, 47.696327181962204], [6.363190629790877, 47.6964414419917], [6.366672331282777, 47.69430602302843], [6.370153735880423, 47.69217048457378], [6.373634843583817, 47.690034826627745], [6.378695793584594, 47.68908062120953], [6.385336585882753, 47.68930786831913], [6.390396973605348, 47.68835332378928], [6.393876956752383, 47.68621698761998], [6.3973566431294415, 47.68408053206392], [6.400836032736524, 47.68194395712112], [6.404315125637496, 47.67980726282332], [6.407793921832358, 47.67767044917052], [6.4096921573848356, 47.67435234504798], [6.410009832294931, 47.66985295045569], [6.408588694100226, 47.666421985115605], [6.40542874280072, 47.664059449027704], [6.402269079771537, 47.661696816068996], [6.399109705012679, 47.65933408623948], [6.397689298838861, 47.65590301478475], [6.398007861250086, 47.65140360170479], [6.396588000139334, 47.64797243671692], [6.3934297155066036, 47.64560951982113], [6.390271718857397, 47.64324650611982], [6.387114010191713, 47.640883395613], [6.385694879926554, 47.637452124563204], [6.386014328061919, 47.63295269297042], [6.384595742213444, 47.62952132846493], [6.381439122381126, 47.627158031046726], [6.378282790245873, 47.624794636888204], [6.375126745807686, 47.62243114598936], [6.3719709889866785, 47.62006755837677], [6.36881551978285, 47.61770387405042], [6.365660338116334, 47.61534009303688], [6.3625054439871285, 47.61297621533613], [6.361088675147194, 47.60954455810282], [6.361410031596529, 47.605045121336936], [6.359993806115419, 47.60161337080222], [6.356839998703862, 47.59924930649867], [6.351948703710786, 47.597952628472676], [6.3453199211361895, 47.597723336724236], [6.340429232135141, 47.59642636551616], [6.337276636707638, 47.59406171484844], [6.334124328418326, 47.59169696762612], [6.330972307267206, 47.589332123849196], [6.326082597875449, 47.588034247208995], [6.3194552002430555, 47.58780333770552], [6.312827857830412, 47.58757201241417], [6.30620057063752, 47.587340271334945], [6.2995733388609505, 47.587108114478795], [6.292946162500703, 47.58687554184573], [6.286319041753327, 47.58664255344673], [6.279691976618822, 47.586409149281785], [6.273064967293707, 47.58617532936195], [6.266438013777982, 47.585941093687225], [6.261550408066825, 47.58464047574083], [6.258402150160235, 47.58227347552277], [6.255254179064159, 47.57990637900826], [6.252106494778599, 47.577539186197285], [6.247219870152274, 47.57623766385343]]]}}, {"type": "Feature", "properties": {"band": "light", "dbz": 30.0, "source": "OPERA-ORD", "time": "20260803033500"}, "geometry": {"type": "Polygon", "coordinates": [[[7.704803895009857, 47.68221803604654], [7.701380186794918, 47.6843974176574], [7.699566481164646, 47.68773862114212], [7.699362778119041, 47.692241646500705], [7.699159029865512, 47.6967446568385], [7.698955236404058, 47.7012476521555], [7.700464200912832, 47.70466098572981], [7.703685923391834, 47.706984657561414], [7.706907937213555, 47.70930822845328], [7.7101302423779945, 47.71163169840542], [7.71335283896303, 47.71395506739009], [7.716575726968663, 47.71627833540728], [7.72151147262045, 47.71751143850396], [7.728160075918392, 47.717654376680116], [7.733096424380172, 47.71888717709831], [7.736320518005787, 47.721209839758544], [7.739544903234507, 47.723532401354234], [7.742769580066331, 47.72585486188538], [7.746094227224933, 47.72592571168313], [7.749518844710316, 47.72374495074746], [7.751330787847641, 47.720403045685714], [7.751530056636909, 47.71589999649788], [7.751729281203052, 47.71139693234331], [7.751928461546068, 47.70689385322201], [7.750416237455176, 47.703481183171306], [7.747192608930374, 47.70115892219119], [7.7422576346767915, 47.69992676846393], [7.735611314694427, 47.699784721989545], [7.730676942647558, 47.69855226560177], [7.727454518536183, 47.69622939930063], [7.724232385614353, 47.69390643201842], [7.721010543882071, 47.691583363755136], [7.717788993261578, 47.68926019453852], [7.714567733752879, 47.68693692436857], [7.711346765278228, 47.684613553272975], [7.708126087837627, 47.68229008125173], [7.704803895009857, 47.68221803604654]]]}}, {"type": "Feature", "properties": {"band": "light", "dbz": 30.0, "source": "OPERA-ORD", "time": "20260803033500"}, "geometry": {"type": "Polygon", "coordinates": [[[6.733622730273288, 47.65554582194824], [6.726985092936852, 47.65534045723802], [6.721934285323297, 47.6563113944021], [6.718470307432622, 47.65845863344049], [6.716593074032994, 47.66178247508523], [6.716302585124411, 47.666282919336304], [6.717744670437259, 47.66970976454558], [6.720919329971537, 47.672063010713046], [6.725826649029354, 47.673342356976285], [6.732466627610712, 47.67354780333531], [6.737518690870367, 47.672576606188905], [6.740982838808317, 47.67042876553707], [6.742858986609197, 47.66710458226121], [6.743147134273007, 47.662604056361324], [6.74170379331406, 47.65917747113437], [6.738528963732357, 47.656824826580355], [6.733622730273288, 47.65554582194824]]]}}, {"type": "Feature", "properties": {"band": "light", "dbz": 30.0, "source": "OPERA-ORD", "time": "20260803033500"}, "geometry": {"type": "Polygon", "coordinates": [[[7.6234710167322985, 47.67929464388003], [7.6168276764195655, 47.67914514427535], [7.610184372096914, 47.67899522750263], [7.6035411037643446, 47.67884489356188], [7.5985054088899355, 47.67985768982317], [7.5950772874736865, 47.682033616286496], [7.593256676950682, 47.68537297450843], [7.5930435773209215, 47.68987576448897], [7.594545125587726, 47.693290606262984], [7.597761321751094, 47.69561749983048], [7.602692228427584, 47.69685614350375], [7.609337845617196, 47.6970065372828], [7.614374777265975, 47.69599346931156], [7.617803023373923, 47.693816939590036], [7.6212309730871475, 47.69164029433914], [7.6246586264056475, 47.689463533558865], [7.628085983396567, 47.68728665728022], [7.631513044059905, 47.685109665503184], [7.631618102515847, 47.6828582256316], [7.628401158764393, 47.68053233766545], [7.6234710167322985, 47.67929464388003]]]}}, {"type": "Feature", "properties": {"band": "light", "dbz": 30.0, "source": "OPERA-ORD", "time": "20260803033500"}, "geometry": {"type": "Polygon", "coordinates": [[[18.414507766527503, 47.36985290458254], [18.40793777743325, 47.37038016057503], [18.40136766475571, 47.37090700662303], [18.39479742849489, 47.37143344272651], [18.390053359436386, 47.372946256287044], [18.387135457580197, 47.3754454473046], [18.386043936149527, 47.37893130675235], [18.386778795144377, 47.38340383463027], [18.388973167877992, 47.38662671545434], [18.39262705435037, 47.388599949224556], [18.39774024116523, 47.3893232448464], [18.404312728322573, 47.388796602319886], [18.41088509173228, 47.388269549693405], [18.417457331394345, 47.38774208696696], [18.42220184528618, 47.38622828991383], [18.425118633407777, 47.38372815853401], [18.426207909922155, 47.380241983838985], [18.425469674829312, 47.375769765828764], [18.423273608230826, 47.37254756176431], [18.419619710126696, 47.37057537164563], [18.414507766527503, 47.36985290458254]]]}}, {"type": "Feature", "properties": {"band": "light", "dbz": 30.0, "source": "OPERA-ORD", "time": "20260803033500"}, "geometry": {"type": "Polygon", "coordinates": [[[7.557903791765681, 47.65976980735165], [7.55126316172769, 47.659616197317106], [7.546228320223269, 47.660626521309865], [7.542799267252416, 47.66280077932992], [7.5393699182640255, 47.66497492163487], [7.535940273258098, 47.66714894822471], [7.5309046233935835, 47.66815830713827], [7.524262968670484, 47.66800299837558], [7.5192267480779424, 47.669012025282285], [7.515795961615963, 47.67118538785841], [7.513970544695271, 47.67452338752357], [7.51375049731587, 47.67902602427777], [7.515246429946474, 47.6824419952586], [7.518458342587085, 47.68477130046607], [7.5233862998802685, 47.68601363834949], [7.530030301826025, 47.68616900890889], [7.535067760401203, 47.68515971140819], [7.538498675605805, 47.68298574584739], [7.541929294530545, 47.680811664529955], [7.545359617175425, 47.678637467455886], [7.55039626670923, 47.67762720448942], [7.557039243131961, 47.67778087563057], [7.5620753214700205, 47.67677028074954], [7.565504501723408, 47.674595419846334], [7.567326720469081, 47.67125659443513], [7.567541977707038, 47.66675380451592], [7.566043231440681, 47.663338460259475], [7.562830481670011, 47.661010561665776], [7.557903791765681, 47.65976980735165]]]}}, {"type": "Feature", "properties": {"band": "light", "dbz": 30.0, "source": "OPERA-ORD", "time": "20260803033500"}, "geometry": {"type": "Polygon", "coordinates": [[[18.410088258359742, 47.343018469128495], [18.403521641533118, 47.34354541537074], [18.39695490136923, 47.34407195190141], [18.39038803786809, 47.34459807872054], [18.385646257458678, 47.346110693433275], [18.382729560140994, 47.34860979603965], [18.381638158729476, 47.35209567731669], [18.382372053224127, 47.35656833726438], [18.38456485847112, 47.35979139443375], [18.388216574470455, 47.36176484882481], [18.393326988235057, 47.362488409539324], [18.39989609976492, 47.361962076577285], [18.406465087793578, 47.361435333748425], [18.413033952321033, 47.36090818105274], [18.417776177267527, 47.35939458349818], [18.420691762633062, 47.35689454108473], [18.421780922170054, 47.35340834462778], [18.421043655878496, 47.34893599412734], [18.418849158742802, 47.34571361315968], [18.415197430762973, 47.34374120172481], [18.410088258359742, 47.343018469128495]]]}}, {"type": "Feature", "properties": {"band": "light", "dbz": 30.0, "source": "OPERA-ORD", "time": "20260803033500"}, "geometry": {"type": "Polygon", "coordinates": [[[6.8272942973877715, 47.432919689377854], [6.820685178514245, 47.43272031401561], [6.815658293348004, 47.43369600148773], [6.812213641889046, 47.4358467517942], [6.810351142298537, 47.43917286396183], [6.810070794576479, 47.4436743379906], [6.811513351647278, 47.4471004566207], [6.814678813510936, 47.44945121985211], [6.819567262073424, 47.450726328529], [6.8261786973347425, 47.450925782651396], [6.8310677453062345, 47.45220059597248], [6.8342344059879, 47.454550768492254], [6.837401352853301, 47.45690084314899], [6.8405685859024405, 47.45925081994269], [6.843736105213475, 47.46160069884664], [6.846903910786404, 47.463950479860856], [6.848349193635922, 47.46737611875521], [6.848071953762027, 47.471877615529706], [6.849517782378843, 47.47530315835934], [6.85268667948637, 47.477652747244086], [6.857578726135878, 47.47892608277267], [6.864193922327367, 47.479123164945065], [6.8690865690390215, 47.48039620471229], [6.872256666270841, 47.48274520207437], [6.875427050155557, 47.48509410141308], [6.878597720693169, 47.487442902728446], [6.881768677961919, 47.4897916059937], [6.884939921961807, 47.492140211208834], [6.888111452771087, 47.49448871834707], [6.891283270389758, 47.49683712740844], [6.8961780779180915, 47.498108666318956], [6.9027958753560865, 47.498303335078646], [6.907691283329902, 47.49957457787058], [6.910864301839537, 47.501922394694745], [6.9123148511876655, 47.505347085177746], [6.912042931374288, 47.50984864931958], [6.9101839212019485, 47.51317628585144], [6.906737820670648, 47.515329994773346], [6.903291425967082, 47.51748358629477], [6.899844737091251, 47.519637060415725], [6.897984730929186, 47.522964528856775], [6.897711407480885, 47.52746599161792], [6.899162010051919, 47.53089073658189], [6.902336538642289, 47.533238763748656], [6.907235073261412, 47.534509773223206], [6.913857613909288, 47.53470376500554], [6.9188923084064955, 47.53372372399712], [6.922339156753035, 47.53156965019795], [6.925785710731798, 47.52941545902739], [6.929231970342786, 47.527261150485444], [6.932677935650608, 47.52510672460326], [6.936123606655261, 47.52295218138085], [6.937981299376262, 47.51962410521545], [6.938251013813609, 47.51512249610705], [6.93852066867223, 47.51062087128392], [6.938790263952124, 47.506119230746066], [6.937337925469261, 47.502694898231276], [6.9341636532236395, 47.50034787373956], [6.930989667956836, 47.49800075102125], [6.92781596966885, 47.49565353007637], [6.926364379757381, 47.49222908690528], [6.926634898222431, 47.487727421508], [6.9269053569657775, 47.48322574034639], [6.9271757559874185, 47.478724043420456], [6.927446095324925, 47.47422233071657], [6.927716374978296, 47.46972060223472], [6.926265733368519, 47.46629603429292], [6.923094170495597, 47.46394862689114], [6.919922894067355, 47.461601121354306], [6.916751904083793, 47.45925351768241], [6.915302009249186, 47.455828839096036], [6.915573209563531, 47.45132708559519], [6.914123860895532, 47.447902310560465], [6.910953963245187, 47.44555451399185], [6.9060635960005445, 47.444283396691525], [6.899452759161607, 47.44408895865948], [6.892841968503486, 47.443894105879295], [6.886231224026185, 47.44369883835098], [6.879620525924935, 47.4435031560837], [6.873009874199735, 47.44330705907744], [6.866399269045801, 47.443110547341405], [6.859788710463132, 47.44291362087559], [6.853178198646917, 47.44271627968925], [6.846567733597157, 47.442518523782375], [6.8416794025749885, 47.44124466115173], [6.83851320558041, 47.4388946917973], [6.835347294518475, 47.43654462460481], [6.832181669389182, 47.43419445957426], [6.8272942973877715, 47.432919689377854]]]}}, {"type": "Feature", "properties": {"band": "light", "dbz": 30.0, "source": "OPERA-ORD", "time": "20260803033500"}, "geometry": {"type": "Polygon", "coordinates": [[[7.193529018599207, 47.51546232033327], [7.186908117067012, 47.51528589163379], [7.181880283902231, 47.516278987002806], [7.178445519104867, 47.518441606440305], [7.176603749910134, 47.5217740499109], [7.176354976318036, 47.52627631741461], [7.177824167076141, 47.52969729273376], [7.18101132218445, 47.532036975868365], [7.185916514467569, 47.53329506672397], [7.192539743925497, 47.533471565300594], [7.197568813606276, 47.53247820483253], [7.201003723509904, 47.53031498531976], [7.202844401294973, 47.52698220687297], [7.203090846961486, 47.52247986949213], [7.201620419687383, 47.51905915927204], [7.198433119472664, 47.51672007621269], [7.193529018599207, 47.51546232033327]]]}}, {"type": "Feature", "properties": {"band": "light", "dbz": 30.0, "source": "OPERA-ORD", "time": "20260803033500"}, "geometry": {"type": "Polygon", "coordinates": [[[6.590594387587682, 47.407477591445655], [6.583989343848598, 47.407263377565926], [6.578960375444153, 47.40822776789593], [6.575507482374341, 47.41037076243565], [6.572054296526039, 47.41251363876429], [6.568600817899245, 47.414656396881846], [6.5651470464307895, 47.41679903675711], [6.561692982120674, 47.4189415583901], [6.559814846424489, 47.42226318194918], [6.559512639342232, 47.42676390743432], [6.557633888270397, 47.430085394005296], [6.5541785932089835, 47.43222764166209], [6.550723005050786, 47.434369770992305], [6.547267123795805, 47.43651178199596], [6.545387367609, 47.439833096701456], [6.545083736490369, 47.44433371510879], [6.546508624652556, 47.44776334940742], [6.54966203209556, 47.450121999597336], [6.5528157251105315, 47.4524805527961], [6.555969703697471, 47.45483900900372], [6.559123967935021, 47.45719736819374], [6.562278517823181, 47.459555630366154], [6.56716173470018, 47.460842410091146], [6.573773618566016, 47.46105770736872], [6.578657436334734, 47.46234419328415], [6.581813188006333, 47.46470186783746], [6.583240785595962, 47.468131030086916], [6.582940229103624, 47.472631680032514], [6.582639606258832, 47.47713231397344], [6.582338917061586, 47.4816329319097], [6.583767247560239, 47.48506198622611], [6.586924597754791, 47.48741947692267], [6.590082234118929, 47.489776870456986], [6.593240156652653, 47.492134166829054], [6.596398365434743, 47.494491366012326], [6.5995568604651975, 47.49684846800681], [6.604444521593637, 47.4981335074931], [6.61106134882006, 47.49834648447119], [6.617678226559715, 47.49855904633088], [6.6242951548126, 47.49877119307217], [6.629183783697516, 47.50005532608544], [6.6323441132144625, 47.502411445370676], [6.6355047292010365, 47.504767467332144], [6.638665631657238, 47.50712339196985], [6.643555228034325, 47.50840661821327], [6.6501735183323, 47.508617146062406], [6.656791858589941, 47.50882725868161], [6.663410248807246, 47.50903695607087], [6.67002868878832, 47.50924623822032], [6.6766471785331625, 47.509455105129966], [6.683265717845847, 47.50966355678996], [6.689884306726378, 47.5098715932003], [6.694920917720649, 47.50890223838681], [6.698375550828658, 47.506755492349484], [6.700248120866763, 47.50343165462143], [6.700538627834962, 47.498930725202655], [6.700829070663173, 47.4944297798923], [6.701119449351397, 47.489928818690345], [6.701409763939983, 47.485427841583295], [6.701700014428931, 47.48092684857114], [6.700264173175493, 47.47749928546266], [6.697102240179671, 47.47514515225788], [6.693940593355694, 47.47279092158822], [6.69077923270356, 47.470436593453684], [6.687618158144775, 47.46808216788087], [6.684457369679341, 47.46572764486979], [6.679570631274549, 47.464446053100815], [6.6729579429304, 47.46423739257396], [6.668071805025691, 47.46295550630276], [6.6649122175604205, 47.46060039428722], [6.665058631233198, 47.458349909331034], [6.668511046044027, 47.456204051434206], [6.67196316748114, 47.454058075532906], [6.675414995544539, 47.451911981627134], [6.677286936879075, 47.44858841544097], [6.677578991484746, 47.444087376974416], [6.676145711054475, 47.44065940607344], [6.67298709558826, 47.438304502738056], [6.669828765729345, 47.4359495020686], [6.666670721477731, 47.4335944040651], [6.663512962755076, 47.431239208754064], [6.660355489561381, 47.42888391613549], [6.65547282389036, 47.42760119294395], [6.648864965742014, 47.42739103917944], [6.642257157446647, 47.42718047092884], [6.635649399004257, 47.42696948819216], [6.629041690609527, 47.4267580909793], [6.622434032262454, 47.42654627929026], [6.617403903858714, 47.427512486754765], [6.613951305398305, 47.429656713372815], [6.610498413895362, 47.43180082185793], [6.607045229349886, 47.433944812210086], [6.603741186430453, 47.43383827415648], [6.600586285137064, 47.43148120769711], [6.599158203331935, 47.42805224816345], [6.599456941015068, 47.42355139555551], [6.599755612849209, 47.419050526871764], [6.60005421883436, 47.41454964211219], [6.598626868734508, 47.41112057439568], [6.5954735625496514, 47.40876332372225], [6.590594387587682, 47.407477591445655]]]}}, {"type": "Feature", "properties": {"band": "light", "dbz": 30.0, "source": "OPERA-ORD", "time": "20260803033500"}, "geometry": {"type": "Polygon", "coordinates": [[[7.080576475811341, 47.432355620949636], [7.077143135694012, 47.434515078102095], [7.07370950263008, 47.43667441856623], [7.070275576619545, 47.438833642342026], [7.065253235780986, 47.43982103110969], [7.058642480114402, 47.43963658486923], [7.052031768254716, 47.4394517238553], [7.045421100201926, 47.4392664480679], [7.040397974587989, 47.44025287227446], [7.036962391412905, 47.442410996474976], [7.035114274572375, 47.44574111992298], [7.0348536240663995, 47.45024324261849], [7.036311344734726, 47.45366632158177], [7.039487436577353, 47.45601035681282], [7.042663815008565, 47.45835429355343], [7.04584048002836, 47.460698131803575], [7.047298952296657, 47.4641210991509], [7.047039231813454, 47.4686231955954], [7.048498252209198, 47.47204606571853], [7.051676013483888, 47.474389709520295], [7.0548540616288005, 47.47673325476507], [7.058032396643932, 47.47907670145287], [7.05949216982746, 47.48249945990015], [7.059233381179385, 47.4870015301069], [7.058974535364725, 47.49150358463505], [7.058715632383482, 47.49600562348459], [7.060176159104373, 47.49942827023741], [7.063356115527397, 47.5017715248935], [7.066536359228899, 47.50411468091313], [7.069716890208879, 47.50645773829631], [7.072897708545329, 47.508800697016085], [7.076078814238251, 47.511143557072444], [7.080979475721988, 47.512406525315306], [7.087599692996542, 47.51258960174466], [7.094219953725041, 47.512772262720674], [7.100840257907487, 47.512954508243354], [7.105869115225788, 47.511965504348694], [7.109306525679942, 47.509805251036695], [7.111152414645789, 47.506474048187556], [7.111406782123327, 47.501971895801276], [7.111661093421681, 47.497469727783326], [7.11191534854085, 47.492967544133705], [7.112169547516192, 47.48846534483872], [7.112423690347709, 47.483963129898385], [7.112677777070729, 47.479460899298985], [7.112931807685252, 47.474958653040524], [7.113185782226577, 47.47045639110931], [7.113439700694704, 47.46595411350535], [7.111976768585034, 47.462532047683545], [7.10879698589757, 47.46019019364391], [7.103900427002003, 47.45892825192227], [7.097287091898336, 47.45874622251863], [7.092391131309803, 47.45748398363157], [7.089212545236407, 47.45514153526109], [7.087751258863264, 47.45171917684101], [7.088007272190374, 47.44721690837133], [7.088263229040173, 47.4427146241713], [7.08851912941266, 47.43821232424092], [7.087058596166678, 47.434789853800154], [7.08388162930223, 47.43244721284899], [7.080576475811341, 47.432355620949636]]]}}, {"type": "Feature", "properties": {"band": "light", "dbz": 30.0, "source": "OPERA-ORD", "time": "20260803033500"}, "geometry": {"type": "Polygon", "coordinates": [[[7.155307442375152, 47.48738381296528], [7.148690282024681, 47.48720499740951], [7.142073164256018, 47.48702576661191], [7.1354560890691605, 47.48684612057247], [7.130430046416732, 47.48783679105304], [7.12699503629873, 47.489997778053606], [7.125150984735751, 47.49332938127414], [7.1248978917277945, 47.497831600714605], [7.126362884847338, 47.501253344492284], [7.129545964094381, 47.503594612607145], [7.13444720350911, 47.50485510522963], [7.141066603091527, 47.50503482235973], [7.147686045313108, 47.50521412408429], [7.154305530173852, 47.5053930104033], [7.15933258201103, 47.50440144375561], [7.162767200824639, 47.50223942414121], [7.164609313395877, 47.49890725141856], [7.164858919724743, 47.49440492558766], [7.163391797804479, 47.49098362718995], [7.160207947635085, 47.488643356225424], [7.155307442375152, 47.48738381296528]]]}}, {"type": "Feature", "properties": {"band": "light", "dbz": 30.0, "source": "OPERA-ORD", "time": "20260803033500"}, "geometry": {"type": "Polygon", "coordinates": [[[6.812395386976752, 47.45952933206105], [6.805782887589061, 47.45932900882015], [6.799170435812332, 47.45912827073296], [6.792558031646568, 47.458927117799504], [6.787528010278054, 47.45990142829166], [6.784080371706792, 47.46205120220942], [6.782215033259544, 47.46537673876576], [6.781931994936313, 47.46987803796067], [6.781648894123105, 47.47437932127909], [6.781365730819921, 47.478880588721005], [6.7828072878734655, 47.48230700707002], [6.7859735652837365, 47.48465857632611], [6.7908646458454625, 47.48593499707575], [6.797480529558644, 47.48613626931892], [6.80409646097894, 47.48633712647093], [6.81071244010635, 47.486537568531766], [6.817328466745118, 47.48673759549201], [6.823944540895242, 47.48693720735165], [6.828976267984574, 47.48596141004033], [6.832423648013114, 47.48381020355807], [6.834286599342992, 47.48048388736454], [6.83456512197421, 47.475982461459736], [6.8331205347407264, 47.47255665845765], [6.8299528376425425, 47.470206478358264], [6.8267854269012584, 47.46785620039752], [6.823618302516876, 47.465505824575416], [6.820451464411162, 47.463155350918655], [6.817284912584119, 47.46080477942722], [6.812395386976752, 47.45952933206105]]]}}, {"type": "Feature", "properties": {"band": "light", "dbz": 30.0, "source": "OPERA-ORD", "time": "20260803033500"}, "geometry": {"type": "Polygon", "coordinates": [[[6.468610644581496, 47.44856254107445], [6.462000747817639, 47.44834065216673], [6.45696536935963, 47.44929914859502], [6.453504509207473, 47.4514380303593], [6.45161807626004, 47.45475759630577], [6.4513060705173295, 47.45925784643441], [6.452725073767069, 47.46268867766382], [6.455875086009257, 47.465050089993994], [6.4607561984197615, 47.466341784449924], [6.467368410998582, 47.46656376103162], [6.472405038263193, 47.46560500951959], [6.475866080213592, 47.46346552991382], [6.4777514461527375, 47.46014562120964], [6.47806113608063, 47.455645283407044], [6.476640884024288, 47.45221470726138], [6.473490689983713, 47.44985389277267], [6.468610644581496, 47.44856254107445]]]}}, {"type": "Feature", "properties": {"band": "light", "dbz": 30.0, "source": "OPERA-ORD", "time": "20260803033500"}, "geometry": {"type": "Polygon", "coordinates": [[[6.761774251702724, 47.42190453386369], [6.755166767039478, 47.42170105274634], [6.750139692432021, 47.42267361901362], [6.7466930278803545, 47.424822232665534], [6.744826689915049, 47.4281471925878], [6.744540678536105, 47.43264849878044], [6.744254604061394, 47.437149789014754], [6.743968466490914, 47.44165106329075], [6.743682265785003, 47.446152321621966], [6.743396001943658, 47.45065356400839], [6.744834291278602, 47.45408055585122], [6.747997133789834, 47.45643329715044], [6.75288461312348, 47.45771148874878], [6.75949672927954, 47.45791513064622], [6.766108893632522, 47.45811835772584], [6.772721106182424, 47.458321169987634], [6.777751004159253, 47.457347788893465], [6.781198587563006, 47.45519821444334], [6.783063773564383, 47.451872745827146], [6.783346562163386, 47.4473713830449], [6.783629288390182, 47.44287000434548], [6.78391195224477, 47.43836860972887], [6.782471724288513, 47.43494204022668], [6.779308604521409, 47.43259029583893], [6.776145770485753, 47.430238453803], [6.772983222181546, 47.427886514118896], [6.769820959530669, 47.425534476813226], [6.766658982533121, 47.423182341885976], [6.761774251702724, 47.42190453386369]]]}}, {"type": "Feature", "properties": {"band": "light", "dbz": 30.0, "source": "OPERA-ORD", "time": "20260803033500"}, "geometry": {"type": "Polygon", "coordinates": [[[20.294206822177657, 46.70171918653378], [20.287737953344493, 46.70236278243707], [20.281268939363937, 46.703005976527926], [20.274799780235984, 46.70364876880636], [20.270168186101035, 46.70524524325058], [20.267374156959093, 46.7077953998606], [20.26781513187846, 46.71002442436334], [20.271491110859145, 46.7119323167588], [20.275167369398112, 46.71384007131218], [20.278843907495368, 46.71574768802346], [20.28252072519168, 46.71765516685943], [20.286197822487047, 46.71956250782006], [20.289875199422223, 46.7214697108721], [20.29355285599721, 46.723376776015556], [20.297230792252744, 46.72528370321715], [20.300909008188825, 46.72719049247689], [20.30414471148395, 46.72686833931529], [20.30693790213811, 46.72431724373234], [20.309730835604128, 46.72176607196778], [20.312523511882006, 46.71921482402162], [20.315315931054748, 46.716663499913665], [20.318108093122348, 46.7141120996439], [20.317665318250228, 46.711883286538516], [20.313987606438385, 46.70997706059751], [20.31031017408252, 46.70807069670535], [20.30663302118263, 46.70616419486205], [20.302956147698076, 46.70425755510083], [20.29927955362885, 46.7023507774217], [20.294206822177657, 46.70171918653378]]]}}, {"type": "Feature", "properties": {"band": "light", "dbz": 30.0, "source": "OPERA-ORD", "time": "20260803033500"}, "geometry": {"type": "Polygon", "coordinates": [[[14.55623165440415, 47.10334016708413], [14.553148901569614, 47.10573173759896], [14.550065870219088, 47.10812321494737], [14.546982560352573, 47.11051459912937], [14.543898971891448, 47.11290589011983], [14.540815104835707, 47.115297087918776], [14.537730959106714, 47.11768819250108], [14.534646534704468, 47.120079203866744], [14.531561831550311, 47.12247012199066], [14.528476849644246, 47.124860946872815], [14.528674189420414, 47.12710971068], [14.532153850878817, 47.12921641341222], [14.537176215909188, 47.130127385784036], [14.543741284511526, 47.12984262779547], [14.548565954565715, 47.12850454627744], [14.551650226071759, 47.126113141229965], [14.554734218820352, 47.12372164299543], [14.557817932811494, 47.121330051573814], [14.560901368123897, 47.11893836699024], [14.563984524757558, 47.11654658924471], [14.565327474576346, 47.11310198009424], [14.564930217580262, 47.10860453953884], [14.56299194951702, 47.10530295990253], [14.55951267038662, 47.10319724118531], [14.55623165440415, 47.10334016708413]]]}}, {"type": "Feature", "properties": {"band": "light", "dbz": 30.0, "source": "OPERA-ORD", "time": "20260803033500"}, "geometry": {"type": "Polygon", "coordinates": [[[22.006281958709156, 46.215708571952376], [21.999890555820553, 46.216457807774496], [21.993498988814643, 46.21720664829607], [21.987107257691427, 46.217955093517105], [21.982566698903955, 46.21962672346925], [21.97987731245222, 46.222221538152496], [21.977187680871154, 46.224816281566035], [21.974497804160766, 46.22741095370985], [21.97180768223982, 46.2300055545661], [21.969117315108328, 46.23260008413478], [21.96827859398775, 46.236118254505904], [21.969291518878087, 46.24056006567947], [21.970304658900222, 46.24500184637382], [21.971318014054155, 46.24944359658897], [21.97233158446813, 46.2538853163302], [21.973345370142148, 46.258327005597515], [21.974359371204546, 46.26276866439619], [21.975373587655323, 46.26721029272621], [21.974534664240068, 46.27072838029107], [21.97184260095878, 46.27332292709076], [21.969150291914694, 46.275917402564374], [21.966457737107813, 46.278511806711926], [21.965618481762572, 46.28202983253723], [21.966632525878964, 46.28647148004032], [21.967646785562703, 46.29091309712133], [21.968661260813793, 46.29535468378029], [21.969675951760873, 46.299796240022474], [21.970690858403945, 46.30423776584787], [21.971705980871764, 46.30867926126173], [21.972721319164325, 46.31312072626406], [21.97373687341048, 46.31756216086009], [21.974752643610234, 46.32200356504984], [21.977115813226412, 46.32514761634645], [21.98082638225902, 46.32699431474993], [21.984537223306663, 46.328840871160814], [21.988248336369338, 46.33068728557909], [21.991959721481525, 46.33253355797163], [21.995671378643216, 46.334379688338444], [22.000729958635972, 46.334928008479686], [22.007135461459796, 46.33417851839536], [22.013540798945968, 46.33342863207349], [22.019945971094494, 46.332678349514076], [22.026350977748923, 46.331927670749224], [22.032755818909248, 46.33117659577894], [22.03730396024093, 46.32950299359897], [22.03999540174397, 46.32690686420932], [22.042686597145412, 46.32431066364734], [22.045377546445263, 46.321714391913034], [22.049924592335696, 46.320039997307894], [22.056327734816712, 46.31928747983193], [22.062730711441386, 46.31853456631673], [22.06913352220972, 46.3177812567623], [22.07367947270795, 46.31610607004028], [22.076368562936068, 46.31350900615066], [22.077201080670573, 46.30999033911533], [22.076177025911456, 46.30555006893431], [22.07380894339164, 46.3024082595599], [22.070096833111116, 46.30056491099212], [22.065040407518282, 46.30001974931611], [22.05863966661314, 46.30077277453185], [22.053583688322753, 46.300227237232974], [22.049872472647117, 46.29838313741948], [22.04936154732421, 46.296162849762645], [22.052050912354026, 46.293566374262475], [22.0547400317224, 46.29096982764483], [22.057428905429333, 46.28837320990969], [22.05826248412977, 46.28485460294762], [22.05724076782371, 46.280414006758626], [22.05621926853001, 46.27597337993121], [22.055197986248672, 46.271532722465366], [22.056031236747636, 46.268014054103446], [22.058719020026903, 46.26541737484544], [22.061406558002407, 46.2628206245068], [22.064093850674155, 46.26022380308753], [22.06492677333064, 46.25670507328602], [22.063905325971866, 46.252264435102276], [22.062884095443565, 46.24782376623371], [22.061863081745734, 46.243383066680316], [22.05949908728537, 46.24024068677295], [22.05579211206247, 46.238396626511616], [22.05074186976289, 46.23785061237335], [22.044348360386643, 46.23860264435814], [22.037954686110453, 46.23935428092983], [22.031560846934322, 46.24010552208843], [22.026511061497096, 46.23955850440622], [22.022805329798764, 46.237713227883205], [22.020443937367748, 46.23456996614672], [22.019426884204044, 46.230128719196784], [22.018410046867224, 46.22568744163921], [22.017393425357287, 46.22124613347401], [22.015033250990108, 46.21810259805389], [22.011329523765674, 46.21625683537884], [22.006281958709156, 46.215708571952376]]]}}, {"type": "Feature", "properties": {"band": "light", "dbz": 30.0, "source": "OPERA-ORD", "time": "20260803033500"}, "geometry": {"type": "Polygon", "coordinates": [[[21.02198994259052, 46.33532840047675], [21.015573137180525, 46.336016708293435], [21.01099412855942, 46.337645794458496], [21.00825291672721, 46.34021565897193], [21.00734976525922, 46.34372657893964], [21.008284674155455, 46.348178554361624], [21.009219782494768, 46.35263050153167], [21.010155090277166, 46.35708242044978], [21.012461690271262, 46.360249323520634], [21.01613958247706, 46.362131210744245], [21.02118850294843, 46.36272780484647], [21.02760845168537, 46.36203910582733], [21.03265783199237, 46.362635329166935], [21.036336643869433, 46.3645164748653], [21.040015729717926, 46.36639748133989], [21.04369508953785, 46.36827834859069], [21.04690509712278, 46.367933369532835], [21.049645752472724, 46.36536254416632], [21.05054665422325, 46.361851396106225], [21.04960780237436, 46.357399925352574], [21.0472991468541, 46.35423380191269], [21.043620687662465, 46.35235302578658], [21.038572160218955, 46.35175731985346], [21.032153564523576, 46.35244668411333], [21.027105496581466, 46.35185060744195], [21.023427956392624, 46.34996908983932], [21.022959616369363, 46.347743214029066], [21.02570047651168, 46.34517298001119], [21.028441086632487, 46.34260267208498], [21.031181446731775, 46.34003229025042], [21.030713306409947, 46.337806386141956], [21.027036665666994, 46.33592495975959], [21.02198994259052, 46.33532840047675]]]}}, {"type": "Feature", "properties": {"band": "light", "dbz": 30.0, "source": "OPERA-ORD", "time": "20260803033500"}, "geometry": {"type": "Polygon", "coordinates": [[[21.078920128661984, 46.34855270531118], [21.076181650547532, 46.3511243060019], [21.07344292247828, 46.353695832906816], [21.070703944454223, 46.35626728602594], [21.067964716393906, 46.35883866534052], [21.06522523829732, 46.36140997085055], [21.065695550427925, 46.36363559388418], [21.06937565278573, 46.36551553444139], [21.07442559120967, 46.3661094981645], [21.08084536569975, 46.3654174850535], [21.08542456500041, 46.363785567220674], [21.088163189111647, 46.36121374466604], [21.089061503660528, 46.357702294488526], [21.088119508647054, 46.35325121668812], [21.08580872528504, 46.3500859845824], [21.082129153574485, 46.34820659817135], [21.078920128661984, 46.34855270531118]]]}}, {"type": "Feature", "properties": {"band": "light", "dbz": 30.0, "source": "OPERA-ORD", "time": "20260803033500"}, "geometry": {"type": "Polygon", "coordinates": [[[20.997924299234995, 46.27531535767642], [20.995185355585463, 46.27788496514461], [20.9942819454499, 46.281395954538766], [20.995214068828314, 46.28584832585888], [20.994310247357475, 46.28935925961037], [20.991570481037385, 46.29192875579325], [20.988830465175337, 46.29449817800712], [20.986090199771336, 46.29706752625197], [20.98518600322413, 46.30057839438105], [20.98611787553371, 46.30503078239435], [20.988420403469103, 46.30819843136796], [20.9920935870303, 46.310081341301895], [20.99530038605925, 46.309738011513076], [20.998040800555952, 46.30716844200151], [21.000780965390874, 46.30459879853606], [21.003520880564018, 46.30202908111674], [21.008097148271222, 46.30040032889963], [21.014509768512482, 46.29971254188471], [21.02092223692231, 46.29902435744635], [21.027334553500705, 46.29833577558453], [21.03374671808769, 46.297646796328834], [21.040158730683267, 46.296957419679266], [21.04473343327555, 46.295327300321176], [21.04747082586454, 46.29275643825457], [21.050207969139656, 46.29018550237865], [21.052944863100898, 46.28761449269341], [21.055681507829366, 46.285043409217536], [21.058417903325065, 46.28247225195105], [21.057949392072036, 46.28024637334056], [21.05427597407029, 46.27836577338607], [21.04923445535764, 46.277770428643734], [21.04282483593409, 46.27846033911356], [21.036415064555435, 46.27914985236077], [21.03000514122167, 46.27983896838538], [21.023595066092525, 46.28052768715783], [21.017184839167985, 46.28121600867812], [21.012143844927166, 46.28061903694351], [21.008472083370066, 46.278736771954], [21.004800594708577, 46.27685436808001], [21.0011293789427, 46.27497182532155], [20.997924299234995, 46.27531535767642]]]}}, {"type": "Feature", "properties": {"band": "light", "dbz": 30.0, "source": "OPERA-ORD", "time": "20260803033500"}, "geometry": {"type": "Polygon", "coordinates": [[[21.203019515234317, 46.261093451461406], [21.196613567601673, 46.261792890641885], [21.192046017687037, 46.26342991959824], [21.189316865490404, 46.26600453833048], [21.189791113473476, 46.26822969493156], [21.193468761636243, 46.27010538940151], [21.1971466823326, 46.2719809444321], [21.200824875562546, 46.27385636002334], [21.204503341362916, 46.275731636142424], [21.208182079733707, 46.27760677278936], [21.21138575795281, 46.277256755622], [21.214114376020227, 46.27468158464034], [21.21500355460642, 46.2711689560594], [21.214053293711384, 46.266718869879156], [21.21173924471056, 46.26355630305957], [21.208061407603946, 46.261681255600635], [21.203019515234317, 46.261093451461406]]]}}, {"type": "Feature", "properties": {"band": "light", "dbz": 30.0, "source": "OPERA-ORD", "time": "20260803033500"}, "geometry": {"type": "Polygon", "coordinates": [[[21.817261875364526, 46.19210182247808], [21.810871070175075, 46.19283928925293], [21.806327319667272, 46.194503215384245], [21.803630623841112, 46.19709360087203], [21.804129762700907, 46.19931550729064], [21.807824736246662, 46.20116893464009], [21.811519980500286, 46.20302222087966], [21.81521549546178, 46.20487536600936], [21.818911281165914, 46.206728369996334], [21.822607337612688, 46.20858123284059], [21.82580343352181, 46.20821219756577], [21.828499568893278, 46.20562126417188], [21.829347617570125, 46.202104010325456], [21.828347579552347, 46.19766043602649], [21.825999989897404, 46.194512258930416], [21.822304848605302, 46.19265947903724], [21.817261875364526, 46.19210182247808]]]}}, {"type": "Feature", "properties": {"band": "light", "dbz": 30.0, "source": "OPERA-ORD", "time": "20260803033500"}, "geometry": {"type": "Polygon", "coordinates": [[[19.86683043718956, 46.325364460622566], [19.8604029598054, 46.32598090476728], [19.85579146780006, 46.327558999444456], [19.852995961173555, 46.33009874465409], [19.852016676434197, 46.33360042032383], [19.852853613581985, 46.338064026453694], [19.851873899808616, 46.34156564124886], [19.849077535114088, 46.34410526470934], [19.84628091635019, 46.34664481104497], [19.843484043516916, 46.349184280255734], [19.84250390411488, 46.35268582445179], [19.843340498144077, 46.35714944363313], [19.84417727112353, 46.36161303689683], [19.845014223053244, 46.36607660424287], [19.84725031654493, 46.36927036229968], [19.850885551598594, 46.37119431106726], [19.855919691363763, 46.37184817028478], [19.86235273584044, 46.371231939952246], [19.866967632841618, 46.36965379376106], [19.86976438236731, 46.367113731711214], [19.870743221676786, 46.36361203401141], [19.869904150770047, 46.359148700661635], [19.869065259248423, 46.354685341342545], [19.868226547111917, 46.350221956054135], [19.869204961505787, 46.34672018789929], [19.87200050243004, 46.344180036878], [19.874795789399794, 46.341639808804636], [19.87759082241505, 46.33909950367919], [19.878568812341175, 46.335597665039444], [19.877729759178173, 46.3311342928854], [19.875493718417914, 46.32794101474383], [19.871860690060398, 46.326017830614745], [19.86683043718956, 46.325364460622566]]]}}, {"type": "Feature", "properties": {"band": "light", "dbz": 30.0, "source": "OPERA-ORD", "time": "20260803033500"}, "geometry": {"type": "Polygon", "coordinates": [[[21.965180339689947, 46.092829402538285], [21.958803005798423, 46.09357588071223], [21.952425509410382, 46.09432196452338], [21.94604785052583, 46.09506765397173], [21.939670029298817, 46.0958129490258], [21.933292045729335, 46.09655784968557], [21.928759786164363, 46.09822710537732], [21.9260732506039, 46.100820716101055], [21.92523272039147, 46.1043389547721], [21.926238195527077, 46.108781821390465], [21.925397271204464, 46.11230000839588], [21.922709947423623, 46.114893515788346], [21.920022379562802, 46.117486951832475], [21.917334567621996, 46.12008031652827], [21.916493311645986, 46.12359844102002], [21.917498611634784, 46.12804132530772], [21.918504124688177, 46.13248417910784], [21.919509850806158, 46.136927002420364], [21.921860147232323, 46.1400730538047], [21.925555013966665, 46.14192233326087], [21.929250150472626, 46.143771471418546], [21.932945556750205, 46.14562046827774], [21.936641232833676, 46.14746932380566], [21.940337178723038, 46.14931803800229], [21.94537722490921, 46.14986952482556], [21.95176137139218, 46.14912378427548], [21.956297030752815, 46.14745375670977], [21.958984202991104, 46.14485944212845], [21.96167113097266, 46.1422650562835], [21.96435781469748, 46.13967059917493], [21.968892389832014, 46.13799978096425], [21.97527485637626, 46.137252601651454], [21.97980884893139, 46.13558154996119], [21.982494367497402, 46.13298662589345], [21.983331695079592, 46.12946810248295], [21.98232083167796, 46.1250259797297], [21.981310182363963, 46.120583826336215], [21.980299747137593, 46.11614164230249], [21.97928952587173, 46.111699427623186], [21.978279518566367, 46.107257182298305], [21.977269725094477, 46.1028149063225], [21.976260145456063, 46.09837259969578], [21.97390876838657, 46.09522762564964], [21.970215593885996, 46.09337998418409], [21.965180339689947, 46.092829402538285]]]}}, {"type": "Feature", "properties": {"band": "light", "dbz": 30.0, "source": "OPERA-ORD", "time": "20260803033500"}, "geometry": {"type": "Polygon", "coordinates": [[[20.430192892206215, 46.25267438843467], [20.427428072945215, 46.25522930090404], [20.42466300263072, 46.25778413790431], [20.421897681262724, 46.26033889943547], [20.419132108760685, 46.262893585478324], [20.416366285124596, 46.26544819603287], [20.415424846538894, 46.26895469118283], [20.41630779300357, 46.27341307092819], [20.418574176179483, 46.27659408382024], [20.42222399606664, 46.27849772985897], [20.42543190305928, 46.27817213766315], [20.428197897157396, 46.27561730723278], [20.430963639998463, 46.27306240132839], [20.433729131582474, 46.27050741994997], [20.436494371990058, 46.26795236311675], [20.439259361221207, 46.26539723082873], [20.440199521652684, 46.261890570882045], [20.439314853284486, 46.25743238327671], [20.43704821478447, 46.25425170015553], [20.43339960615263, 46.2523485215185], [20.430192892206215, 46.25267438843467]]]}}, {"type": "Feature", "properties": {"band": "light", "dbz": 30.0, "source": "OPERA-ORD", "time": "20260803033500"}, "geometry": {"type": "Polygon", "coordinates": [[[20.979345199048442, 46.19422614642535], [20.972944792761325, 46.19491158330264], [20.968376237198086, 46.19653877548571], [20.965639532358725, 46.19910772297456], [20.962902578998488, 46.201676596495645], [20.960165377117377, 46.20424539604898], [20.955595751916526, 46.20587178547262], [20.949193703395935, 46.20655576476655], [20.942791504753355, 46.20723934729825], [20.93638915598878, 46.207922533067716], [20.93135626436016, 46.20732142071003], [20.927692829867492, 46.205436010225185], [20.924029667452743, 46.20355046130341], [20.92036677711591, 46.201664773944685], [20.915334378677805, 46.201062665246226], [20.90893247213844, 46.201744135208045], [20.90436148998115, 46.20336851312669], [20.901621432205935, 46.20593579900216], [20.900712558128618, 46.20944626926916], [20.901634867749195, 46.213899923927684], [20.903927727343227, 46.21706987139732], [20.90759113691072, 46.218956111678075], [20.912624836932483, 46.21955836822575], [20.919028827408507, 46.21887664104034], [20.925432667984484, 46.2181945169636], [20.93183635866041, 46.217511995995544], [20.938239899276883, 46.21682907816534], [20.94464328983391, 46.21614576347299], [20.951046530172157, 46.21546205194772], [20.957449620291627, 46.21477794358953], [20.96385256003305, 46.21409343842765], [20.97025534939643, 46.2134085364621], [20.97665798822256, 46.21272323772214], [20.98306047651144, 46.21203754220777], [20.989462814103927, 46.21135144994829], [20.995865001000023, 46.210664960943696], [21.000899368525857, 46.2112630832538], [21.004565916681422, 46.2131458168786], [21.00823273692198, 46.21502841179559], [21.011899829247533, 46.21691086800478], [21.016934687512673, 46.217507993291186], [21.023337311717412, 46.216819787654806], [21.029739784651287, 46.216131185290806], [21.036142106314294, 46.21544218619918], [21.04254427654746, 46.2147527904094], [21.048946295350774, 46.21406299792145], [21.055348162565334, 46.21337280876481], [21.061749878191137, 46.212682222939456], [21.066316973504062, 46.21105116666406], [21.069049448504117, 46.208479639938616], [21.06858148934407, 46.20625366388197], [21.064913096023925, 46.204373238494114], [21.06124497457187, 46.202492674255836], [21.05757712498791, 46.20061197116715], [21.05390954723493, 46.19873112926066], [21.050242241312937, 46.19685014853638], [21.04520861939886, 46.19625442433692], [21.038808681492704, 46.19694395666229], [21.03240859235168, 46.197633092430614], [21.026008351975797, 46.19832183164189], [21.01960796052384, 46.19901017426673], [21.01320741799581, 46.19969812030513], [21.006806724550565, 46.20038566972771], [21.0004058801881, 46.20107282253447], [20.995372815080017, 46.20047484687514], [20.991707529226318, 46.19859174274973], [20.9880425152726, 46.19670850001194], [20.984377773218867, 46.19482511866178], [20.979345199048442, 46.19422614642535]]]}}, {"type": "Feature", "properties": {"band": "light", "dbz": 30.0, "source": "OPERA-ORD", "time": "20260803033500"}, "geometry": {"type": "Polygon", "coordinates": [[[21.050499213723278, 46.151292763992345], [21.047768488988023, 46.15386388768892], [21.046869733406453, 46.157375615139564], [21.047802946978564, 46.16182794634426], [21.048736358878546, 46.1662802489933], [21.049669969106407, 46.17073252308668], [21.048770843204824, 46.1742441846949], [21.046038981173794, 46.17681523381799], [21.043306871170234, 46.179386209206754], [21.040574513194137, 46.181957110861205], [21.0410413562087, 46.18418323759796], [21.04470740021393, 46.18606458941703], [21.04973971996413, 46.18666016770467], [21.0561383154593, 46.185969972460896], [21.061171091040993, 46.18656518122783], [21.064838046709205, 46.18844579400546], [21.067139445219894, 46.19161208669584], [21.06807528657306, 46.196064059298955], [21.070377316209527, 46.19923016629457], [21.0740455341293, 46.20111040768267], [21.077245384212336, 46.20076461765844], [21.079976866458633, 46.198192796221896], [21.082708100637447, 46.195620901135456], [21.085439086748785, 46.19304893239914], [21.090003942231462, 46.19141659593476], [21.096402667085485, 46.190723891742316], [21.102801239911656, 46.1900307911403], [21.109199660709972, 46.189337294128705], [21.113763444637037, 46.187704156578604], [21.116492591692847, 46.18513137849001], [21.116022952076047, 46.182905606324724], [21.11235452578664, 46.18102684008275], [21.107321621663857, 46.180434140117356], [21.10092423970771, 46.18112750642853], [21.094526705821554, 46.181820476400546], [21.088129020005393, 46.1825130500334], [21.08309660292739, 46.181919353194104], [21.079429454587547, 46.180039385882665], [21.07896105305894, 46.17781345447694], [21.081691398341576, 46.175241558976936], [21.08442149583625, 46.17266958984898], [21.087151345542956, 46.170097547093064], [21.08668314304366, 46.16787158707032], [21.08301688833836, 46.165991709780755], [21.079350904988726, 46.16411169369173], [21.075685192994758, 46.16223153880325], [21.072019752319484, 46.160351245147886], [21.068354582962908, 46.158470812725646], [21.064689684888044, 46.15659024156909], [21.061025058094902, 46.15470953167823], [21.05736070254647, 46.15282868308561], [21.05369661824276, 46.150947695791245], [21.050499213723278, 46.151292763992345]]]}}, {"type": "Feature", "properties": {"band": "light", "dbz": 30.0, "source": "OPERA-ORD", "time": "20260803033500"}, "geometry": {"type": "Polygon", "coordinates": [[[21.52920887087231, 46.13379642105926], [21.522821693149012, 46.13451591223315], [21.518274200531586, 46.13616722490785], [21.515566393020023, 46.13875035908337], [21.514698543127196, 46.14226558908225], [21.515670650853096, 46.1467129149045], [21.51799717868396, 46.14986860601514], [21.521678126619797, 46.15173266241418], [21.52671322193482, 46.152304809671435], [21.533102464629035, 46.1515850477869], [21.537650716918353, 46.14993332541032], [21.540357978802774, 46.147349642541705], [21.54122452339662, 46.14383427355159], [21.540250350699903, 46.13938721843997], [21.537923063197148, 46.136231937031205], [21.534242660888353, 46.13436842932528], [21.52920887087231, 46.13379642105926]]]}}, {"type": "Feature", "properties": {"band": "light", "dbz": 30.0, "source": "OPERA-ORD", "time": "20260803033500"}, "geometry": {"type": "Polygon", "coordinates": [[[20.567629670443427, 46.228379907739225], [20.561220847017708, 46.22903980669592], [20.554811878461948, 46.22969930817007], [20.54840276477615, 46.230358412161664], [20.54381897227824, 46.23196691413962], [20.541060500968218, 46.234524814103935], [20.540127602194964, 46.23803238961585], [20.54102027595848, 46.2424896406754], [20.543292708911558, 46.2456678795174], [20.54694490105419, 46.24756710614186], [20.55197660083999, 46.248187042877014], [20.558387808268947, 46.24752768972286], [20.562972395990986, 46.24591878557472], [20.565730364006104, 46.2433603304326], [20.568488081623357, 46.240801800216175], [20.571245548842747, 46.23824319492544], [20.57400276574481, 46.23568451457947], [20.576759732329545, 46.23312575917826], [20.576312182255506, 46.230897275673456], [20.572660115522694, 46.22899906406507], [20.567629670443427, 46.228379907739225]]]}}, {"type": "Feature", "properties": {"band": "light", "dbz": 30.0, "source": "OPERA-ORD", "time": "20260803033500"}, "geometry": {"type": "Polygon", "coordinates": [[[20.71958368043053, 46.20351203349517], [20.71317940896734, 46.20418134125664], [20.706774990542733, 46.20485025194792], [20.700370425156724, 46.205518765568975], [20.695793083744622, 46.20713396304916], [20.693042966306436, 46.20969584438846], [20.69349555084827, 46.21192372827238], [20.69715083737013, 46.213817614700936], [20.700806396415942, 46.2157113633533], [20.7044622279857, 46.217604974229474], [20.70811833211765, 46.219498447296914], [20.711774708811788, 46.221391782555614], [20.716806076885455, 46.22200366992954], [20.723212436338656, 46.22133410941869], [20.729618648480518, 46.22066415172437], [20.73602471331104, 46.21999379684657], [20.74060188018702, 46.21837706781453], [20.743350149108448, 46.21581396462825], [20.742895805544418, 46.21358629812114], [20.739238849494928, 46.21169406829321], [20.73558216586564, 46.20980170058335], [20.73192575465655, 46.207909194991544], [20.72826961582954, 46.206016551550334], [20.7246137493846, 46.20412377025974], [20.71958368043053, 46.20351203349517]]]}}, {"type": "Feature", "properties": {"band": "light", "dbz": 30.0, "source": "OPERA-ORD", "time": "20260803033500"}, "geometry": {"type": "Polygon", "coordinates": [[[16.540920863784443, 46.52748515554412], [16.537960950571502, 46.52993432129739], [16.53500077121476, 46.53238340043042], [16.532040325714227, 46.534832392943194], [16.527320051412474, 46.53626108876383], [16.520839948309497, 46.53666948789232], [16.516119088414793, 46.5380979143669], [16.51315747172836, 46.54054636818758], [16.51343627903456, 46.54279090118435], [16.5169555103334, 46.54483151335722], [16.521955724367004, 46.54564758070359], [16.52843692113537, 46.54523910322348], [16.534918025774004, 46.544830221141346], [16.541399038282897, 46.54442093445721], [16.54611966080614, 46.54299160282632], [16.549079893343727, 46.54054222624868], [16.550279895798027, 46.53707309280542], [16.549719668169036, 46.53258420249653], [16.547679870863636, 46.52931996117343], [16.544160503881823, 46.52728036883614], [16.540920863784443, 46.52748515554412]]]}}, {"type": "Feature", "properties": {"band": "light", "dbz": 30.0, "source": "OPERA-ORD", "time": "20260803033500"}, "geometry": {"type": "Polygon", "coordinates": [[[21.45566205931238, 46.09649315818832], [21.449278473733965, 46.097208023014836], [21.44473187257377, 46.09885610815603], [21.442022255831784, 46.101437413611905], [21.441149893824445, 46.10495221364515], [21.44211478655175, 46.10940050825576], [21.444435003467284, 46.112558083010555], [21.44811054457105, 46.11442493790953], [21.45314113933554, 46.11500079858238], [21.459526787760744, 46.1142856650291], [21.464074149728276, 46.112637171237594], [21.466783225238125, 46.11005531720789], [21.46765428520605, 46.106540377251115], [21.46668732963205, 46.102092351367276], [21.464366351909185, 46.09893518526278], [21.460691352037454, 46.09706887893764], [21.45566205931238, 46.09649315818832]]]}}, {"type": "Feature", "properties": {"band": "light", "dbz": 30.0, "source": "OPERA-ORD", "time": "20260803033500"}, "geometry": {"type": "Polygon", "coordinates": [[[21.05212455396287, 46.10444781164329], [21.045735597395975, 46.10513762980625], [21.041176557838757, 46.106768009970516], [21.038447435291218, 46.109338952136085], [21.03571806554674, 46.11190982059789], [21.032988448605327, 46.11448061535594], [21.030258584386832, 46.1170513363917], [21.027528472891255, 46.11962198370517], [21.027993929584127, 46.121848310302], [21.031654954465445, 46.123730316182176], [21.03531625026083, 46.12561218351845], [21.038977816970284, 46.12749391231081], [21.04263965463082, 46.12937550252677], [21.046301763242425, 46.13125695416631], [21.049497611927684, 46.130912080806254], [21.052227200686588, 46.128340882446594], [21.053125662215628, 46.12482906826541], [21.052192996514794, 46.12037663826269], [21.05309105068941, 46.116864768566195], [21.055819824739473, 46.114293459175926], [21.05854835163484, 46.11172207613406], [21.061276631375513, 46.10915061944061], [21.060810336495965, 46.10692439396087], [21.0571494669962, 46.10504339969482], [21.05212455396287, 46.10444781164329]]]}}, {"type": "Feature", "properties": {"band": "light", "dbz": 30.0, "source": "OPERA-ORD", "time": "20260803033500"}, "geometry": {"type": "Polygon", "coordinates": [[[21.02096209648914, 46.07252299892253], [21.01823358688983, 46.075093465615254], [21.01733364199219, 46.07860518654302], [21.018262261796224, 46.08305816170584], [21.017361909839156, 46.08656982692675], [21.014632586120992, 46.089140182205725], [21.011903015362005, 46.09171046373224], [21.009173197562195, 46.09428067150628], [21.006443132641536, 46.09685080550935], [21.003712820600036, 46.09942086574141], [21.000982261357635, 46.10199085218394], [20.998251454914346, 46.10456076483693], [20.998715480847487, 46.10678727795426], [21.00237433915706, 46.10867039153593], [21.007398697862463, 46.10926822671688], [21.013788556963696, 46.10858078349711], [21.018348468905227, 46.10695184814455], [21.021078433687062, 46.10438142065919], [21.023808151309968, 46.101810919436446], [21.02653762177394, 46.09924034447633], [21.029266845159057, 46.096669695797345], [21.03199582146532, 46.0940989733995], [21.032895285203143, 46.090587217913125], [21.031965236372525, 46.08613442933823], [21.031035384808153, 46.08168161214762], [21.030105730510027, 46.07722876634131], [21.02781226534292, 46.07406119897266], [21.024154989306833, 46.072178910041664], [21.02096209648914, 46.07252299892253]]]}}, {"type": "Feature", "properties": {"band": "light", "dbz": 30.0, "source": "OPERA-ORD", "time": "20260803033500"}, "geometry": {"type": "Polygon", "coordinates": [[[21.33630353804786, 46.02779221756552], [21.329926744513646, 46.028499561936464], [21.323549797283352, 46.02920651154245], [21.31717269635698, 46.029913066383465], [21.310795441890313, 46.03061922642968], [21.30441803388335, 46.031324991681075], [21.29987257751487, 46.03296671737854], [21.297159072784872, 46.0355444035221], [21.29444532264197, 46.03812201670902], [21.291731327086154, 46.0406995569393], [21.289017086037543, 46.043277024194744], [21.286302599496125, 46.04585441847532], [21.285420507916392, 46.049368230251304], [21.286370811298347, 46.053818459522695], [21.288678873205512, 46.05697992552584], [21.292344693637894, 46.05885262826075], [21.295534915271944, 46.05850017256986], [21.29824953810767, 46.055922558453155], [21.300963915334524, 46.05334487137705], [21.30367804695251, 46.05076711134153], [21.30822484645617, 46.04912521625281], [21.31460431384551, 46.0484191861109], [21.320983627497416, 46.04771276103485], [21.327362787411886, 46.047005941024686], [21.33374179343296, 46.046298726110265], [21.340120645560635, 46.045591116291604], [21.344665888844254, 46.043947865579], [21.347377523283814, 46.04136897397244], [21.34825581613028, 46.03785471562675], [21.347300767383647, 46.033405090541926], [21.34499041596149, 46.030244844844646], [21.34132476186381, 46.028373978534916], [21.33630353804786, 46.02779221756552]]]}}, {"type": "Feature", "properties": {"band": "light", "dbz": 30.0, "source": "OPERA-ORD", "time": "20260803033500"}, "geometry": {"type": "Polygon", "coordinates": [[[20.980818883691573, 46.075701995889695], [20.974432566822852, 46.076387339835186], [20.968046100547994, 46.07707228812105], [20.961659484867003, 46.077756840747305], [20.95710025477024, 46.07938352246505], [20.954368410257707, 46.08195233327428], [20.954830293340155, 46.08417912527216], [20.95848590401759, 46.086063898458676], [20.963507534772788, 46.08666394439049], [20.969895185605743, 46.08597926306759], [20.976282686936493, 46.08529418601486], [20.98267003876503, 46.084608713232285], [20.98722888353726, 46.08298114832525], [20.98995922125318, 46.08041149129375], [20.98949630311484, 46.07818482806274], [20.985840129122238, 46.07630115863221], [20.980818883691573, 46.075701995889695]]]}}, {"type": "Feature", "properties": {"band": "light", "dbz": 30.0, "source": "OPERA-ORD", "time": "20260803033500"}, "geometry": {"type": "Polygon", "coordinates": [[[20.949736375493835, 46.05171861764063], [20.943352564844467, 46.05240199355819], [20.93879488662691, 46.054027867586], [20.936063340841166, 46.05659623972406], [20.93652411939633, 46.05882318134805], [20.940177222292405, 46.060708692457986], [20.943830595438325, 46.06259406547319], [20.94748423883408, 46.064479300393664], [20.951138152516833, 46.06636439718702], [20.954792336486577, 46.06824935585327], [20.957984942926203, 46.06790737379794], [20.960715971835718, 46.06533845102103], [20.9616198343091, 46.06182715857559], [20.960696530346357, 46.05737349646161], [20.95840822897837, 46.05420423147393], [20.954754930205134, 46.05231936361255], [20.949736375493835, 46.05171861764063]]]}}, {"type": "Feature", "properties": {"band": "light", "dbz": 30.0, "source": "OPERA-ORD", "time": "20260803033500"}, "geometry": {"type": "Polygon", "coordinates": [[[21.08827579315868, 46.027679468609584], [21.081896308501406, 46.028371411977], [21.077344616487984, 46.030003371357004], [21.07462071711842, 46.03257534674961], [21.07508698022749, 46.03480160716032], [21.078743405815196, 46.036682152589144], [21.082400101154363, 46.038562559570316], [21.086057066244983, 46.04044282810382], [21.089714301123742, 46.042322958157314], [21.093371805790635, 46.044202949730774], [21.09839118143541, 46.044796448705874], [21.104772428058066, 46.04410345508262], [21.10932440636524, 46.0424705307213], [21.112047116356923, 46.03989767562194], [21.1115796236961, 46.03767157398305], [21.107921928382773, 46.035792225804634], [21.104264502749523, 46.03391273910911], [21.10060734679635, 46.03203311389647], [21.096950460486653, 46.03015335019908], [21.09329384382043, 46.02827344801695], [21.08827579315868, 46.027679468609584]]]}}, {"type": "Feature", "properties": {"band": "light", "dbz": 30.0, "source": "OPERA-ORD", "time": "20260803033500"}, "geometry": {"type": "Polygon", "coordinates": [[[21.020736206170618, 46.00880347611596], [21.01801060044335, 46.01137402199514], [21.017111247149305, 46.01488591833592], [21.018038146288486, 46.019339165138305], [21.01713838715739, 46.02285100571798], [21.014411969756022, 46.025421440074965], [21.011685306066582, 46.0279918007268], [21.00895839608907, 46.03056208767349], [21.009421882331914, 46.03278870035326], [21.01307576479511, 46.03467163876611], [21.018093198963776, 46.0352691121663], [21.024474184837906, 46.03458112055381], [21.02949207202326, 46.0351782257825], [21.033146860519835, 46.037060427852374], [21.03680191883775, 46.03894249161123], [21.040457246976995, 46.04082441705907], [21.045475620280623, 46.04142052881211], [21.051857038748633, 46.04073082687036], [21.056410276986014, 46.039100226945166], [21.059135334992774, 46.03652872903653], [21.058670103734045, 46.03430233896372], [21.055014583209836, 46.032421056726726], [21.05135933239922, 46.030539636141555], [21.047704351302198, 46.0286580772082], [21.04404963988201, 46.02677637995901], [21.04039519813867, 46.02489454439398], [21.03674102603538, 46.023012570545454], [21.033087123572148, 46.021130458413445], [21.030796207075706, 46.017962843496846], [21.02986827654605, 46.01350972579565], [21.02757798571948, 46.01034192600288], [21.023925334595997, 46.00845944411854], [21.020736206170618, 46.00880347611596]]]}}, {"type": "Feature", "properties": {"band": "light", "dbz": 30.0, "source": "OPERA-ORD", "time": "20260803033500"}, "geometry": {"type": "Polygon", "coordinates": [[[20.7928523492233, 46.0422234267686], [20.790114457538987, 46.04478804205407], [20.789199855123208, 46.04829809487066], [20.790108541975957, 46.05275358521836], [20.792386692341054, 46.05592670462622], [20.796034306218502, 46.05781745309425], [20.80105112876429, 46.058425554926586], [20.807437159978416, 46.05775101012325], [20.811998866486967, 46.05613115446543], [20.814736248289933, 46.053565987953135], [20.81428103192398, 46.051338351878414], [20.810633217389107, 46.04944824624127], [20.806985673123688, 46.04755800294767], [20.80333839912772, 46.04566762199761], [20.799691395363666, 46.04377710342341], [20.796044661831527, 46.041886447225046], [20.7928523492233, 46.0422234267686]]]}}, {"type": "Feature", "properties": {"band": "light", "dbz": 30.0, "source": "OPERA-ORD", "time": "20260803033500"}, "geometry": {"type": "Polygon", "coordinates": [[[20.854860303454515, 46.0265557490671], [20.852126057028308, 46.02912198960865], [20.849391563707204, 46.031688156007036], [20.846656823491216, 46.03425424826227], [20.84392183630072, 46.03682026635573], [20.84118660213571, 46.03938621028742], [20.84164317726519, 46.04161368412532], [20.845291561689148, 46.04350268786946], [20.850307662739745, 46.044108398259695], [20.856691480416977, 46.04343081529605], [20.863075150426525, 46.04275283679269], [20.86945867276839, 46.04207446274961], [20.875842047284948, 46.041395693195554], [20.882225273976204, 46.040716528130524], [20.886783421954654, 46.039093384139214], [20.8895164912203, 46.036526261221624], [20.88905836511256, 46.03429897845041], [20.885409043631444, 46.03241153582555], [20.880393286443084, 46.03180733328656], [20.874011093547473, 46.03248637083343], [20.86899579082088, 46.03188180089001], [20.8653473782633, 46.02999362345629], [20.861699235655287, 46.02810530825366], [20.858051362996846, 46.02621685528211], [20.854860303454515, 46.0265557490671]]]}}, {"type": "Feature", "properties": {"band": "light", "dbz": 30.0, "source": "OPERA-ORD", "time": "20260803033500"}, "geometry": {"type": "Polygon", "coordinates": [[[21.27143401621498, 45.89944883495055], [21.268725202092696, 45.902025971390245], [21.26784325215432, 45.905540056430056], [21.268788166399844, 45.90999109006999], [21.267905816364028, 45.913505120373195], [21.265196202046873, 45.91608214733968], [21.26248634360355, 45.91865910135092], [21.259776241034054, 45.92123598240691], [21.258893534111756, 45.924749946867934], [21.259838222836656, 45.92920099473397], [21.26213847521693, 45.932363536346635], [21.26579429125257, 45.93423757170592], [21.269450375489306, 45.93611146833421], [21.27310672792715, 45.93798522623148], [21.275408160855626, 45.94114750476333], [21.276354674274742, 45.94559830392976], [21.277301387887093, 45.9500490738031], [21.27824830169269, 45.95449981438336], [21.27919541581034, 45.958950525676954], [21.28014273024004, 45.96340120768386], [21.281090245100692, 45.96785186041054], [21.2820379603923, 45.97230248385698], [21.282985876233862, 45.97675307802959], [21.283933992625382, 45.98120364292836], [21.28488230968595, 45.9856541785597], [21.285830827415566, 45.99010468492361], [21.288135671930895, 45.993266392635384], [21.29179684323194, 45.99513930169501], [21.29681407597936, 45.99572313814312], [21.303187370173156, 45.9950179019797], [21.307729564914595, 45.99337627736501], [21.31044066020368, 45.990798264299045], [21.313151510692183, 45.9882201783534], [21.3158621163801, 45.98564201952809], [21.318572477347065, 45.983063787841274], [21.321282593593082, 45.980485483292966], [21.320807151374808, 45.97826038060927], [21.317146150692242, 45.9763884797902], [21.31348541864198, 45.97451643998609], [21.309824955224016, 45.97264426119694], [21.30616476040252, 45.97077194345507], [21.302504834177487, 45.968899486760485], [21.298845176513066, 45.967026891145515], [21.295185787409252, 45.965154156610154], [21.292881922602007, 45.96199251426748], [21.29193358209133, 45.957541964117475], [21.290985442098176, 45.95309138465208], [21.290037502622553, 45.9486407758713], [21.289089763545537, 45.944190137768715], [21.28814222486713, 45.93973947034433], [21.287194886468505, 45.93528877359172], [21.286247748349666, 45.930838047510896], [21.28530081039188, 45.92638729209543], [21.28435407259515, 45.92193650734533], [21.28340753484084, 45.91748569325415], [21.28246119712895, 45.9130348498219], [21.281515059340943, 45.90858397704215], [21.28056912147682, 45.904133074914895], [21.2782692202276, 45.90097078457113], [21.274615355593276, 45.89909710601084], [21.27143401621498, 45.89944883495055]]]}}, {"type": "Feature", "properties": {"band": "light", "dbz": 30.0, "source": "OPERA-ORD", "time": "20260803033500"}, "geometry": {"type": "Polygon", "coordinates": [[[21.19173423097312, 45.953774645599346], [21.18901920122702, 45.95634966391688], [21.18630392661599, 45.958924609047045], [21.183588407140036, 45.961499480989836], [21.179045199875173, 45.963135656158194], [21.172674304821406, 45.96383313455211], [21.16630325866356, 45.964530218481784], [21.15993206140164, 45.965226907947205], [21.15538779321273, 45.96686228622073], [21.15267045409683, 45.96943635330238], [21.153139133373244, 45.971662331666835], [21.156793831041966, 45.97354022131411], [21.161807292369318, 45.9741307561513], [21.168179517355288, 45.973433936178374], [21.174551591140286, 45.972736721671616], [21.180923513724302, 45.97203911263102], [21.187295284951674, 45.97134110908596], [21.19366690482239, 45.97064271103645], [21.200038373180842, 45.9699439185119], [21.206409690027026, 45.969244731512326], [21.2109526004396, 45.9676073548993], [21.213667104418573, 45.96503178867282], [21.213196370275828, 45.96280607174083], [21.20954039801137, 45.960930204103335], [21.205884694344366, 45.95905419784724], [21.20222925927481, 45.95717805297255], [21.198574092766567, 45.95530176951155], [21.194919194819636, 45.95342534746423], [21.19173423097312, 45.953774645599346]]]}}, {"type": "Feature", "properties": {"band": "light", "dbz": 30.0, "source": "OPERA-ORD", "time": "20260803033500"}, "geometry": {"type": "Polygon", "coordinates": [[[21.16591922624306, 45.900808203734215], [21.159555512373064, 45.90150476919453], [21.153191648075136, 45.90220094067698], [21.146827633349275, 45.902896718181545], [21.140463468350482, 45.90359210167904], [21.134099153078758, 45.90428709116945], [21.129559098093633, 45.905921328694966], [21.12684330339511, 45.9084948142556], [21.12731008454149, 45.91072106087312], [21.13095944153278, 45.912600068547555], [21.134609066651503, 45.914478937955664], [21.138258959897655, 45.916357669097444], [21.14190912130749, 45.91823626194071], [21.145559550881, 45.92011471648547], [21.14874240218097, 45.919766927192136], [21.151457675207396, 45.91719289406071], [21.154172703735178, 45.914618787679544], [21.156887487764305, 45.912044608048625], [21.160070188569332, 45.911696424658686], [21.16372080615026, 45.91357423750973], [21.16737169182367, 45.915451911993266], [21.171022845589576, 45.9173294481093], [21.174205395744554, 45.91698087065201], [21.17691934228861, 45.9144061796214], [21.17780764198588, 45.910892829806784], [21.176870294836363, 45.906440821208164], [21.174576486740715, 45.90327609293266], [21.17092621769894, 45.901398644980254], [21.16591922624306, 45.900808203734215]]]}}, {"type": "Feature", "properties": {"band": "light", "dbz": 30.0, "source": "OPERA-ORD", "time": "20260803033500"}, "geometry": {"type": "Polygon", "coordinates": [[[21.44760140338201, 45.87070341459029], [21.444902192752735, 45.87328509768005], [21.44220273913086, 45.87586670832225], [21.43950304251639, 45.87844824651686], [21.4368031028302, 45.881029712245954], [21.43410292007229, 45.88361110550954], [21.434582177182563, 45.88583574363837], [21.438240874161014, 45.88770362663246], [21.443249751650484, 45.88828049201223], [21.449608809650975, 45.887566339777656], [21.455967713478945, 45.88685179410699], [21.462326463134385, 45.8861368550002], [21.46685517571017, 45.884488271208355], [21.469553851206292, 45.88190604273147], [21.469073573423653, 45.87968153802178], [21.46541434236226, 45.87781475707929], [21.461755378488476, 45.87594783697667], [21.45809668180231, 45.87408077771392], [21.454438252268584, 45.87221357932326], [21.450780089887296, 45.87034624180469], [21.44760140338201, 45.87070341459029]]]}}, {"type": "Feature", "properties": {"band": "light", "dbz": 30.0, "source": "OPERA-ORD", "time": "20260803033500"}, "geometry": {"type": "Polygon", "coordinates": [[[21.113141533342578, 45.89746426840892], [21.106777642918004, 45.89815755205932], [21.10041360278179, 45.89885044168465], [21.09404941293393, 45.89954293728492], [21.08950858490714, 45.901175416062905], [21.086791118701417, 45.9037478780186], [21.087256165065376, 45.90597434812753], [21.090903723999016, 45.907854826389695], [21.09591011098988, 45.90844875297174], [21.10227532603797, 45.90775612787368], [21.1086403912785, 45.90706310868111], [21.115005306711467, 45.90636969539401], [21.119545748579082, 45.904736337227305], [21.122261716881344, 45.90216303418097], [21.121795645413073, 45.89993669363928], [21.11814753417427, 45.898057315602244], [21.113141533342578, 45.89746426840892]]]}}, {"type": "Feature", "properties": {"band": "light", "dbz": 30.0, "source": "OPERA-ORD", "time": "20260803033500"}, "geometry": {"type": "Polygon", "coordinates": [[[21.251164021007753, 45.86524439298445], [21.24845579207677, 45.867821056193876], [21.247572825952872, 45.87133508753145], [21.248515122636057, 45.87578648699717], [21.249457618360896, 45.8802378571467], [21.25040031312739, 45.88468919798002], [21.252697789733553, 45.88785212351618], [21.256350048179385, 45.88972663375517], [21.26135682534138, 45.89031245537634], [21.267718121219545, 45.8896095883797], [21.274079265277607, 45.88890632766933], [21.280440257515572, 45.88820267324525], [21.28497442932126, 45.88656205911488], [21.287681780694676, 45.883984485278205], [21.287209055442027, 45.881758993685956], [21.283556253563308, 45.87988558433811], [21.27854986775389, 45.87930064115683], [21.27218989801377, 45.88000416414213], [21.26718395937833, 45.879418852690875], [21.263532051847555, 45.87754470680308], [21.261234438652895, 45.87438199969908], [21.260291119794346, 45.8699307313789], [21.257994129142112, 45.86676783825904], [21.2543434666962, 45.864893320339505], [21.251164021007753, 45.86524439298445]]]}}, {"type": "Feature", "properties": {"band": "light", "dbz": 30.0, "source": "OPERA-ORD", "time": "20260803033500"}, "geometry": {"type": "Polygon", "coordinates": [[[21.45264266526112, 45.83368041649062], [21.449945347826823, 45.83626227867017], [21.449075800983515, 45.83977788182269], [21.450034024731202, 45.84422722594819], [21.452341416572843, 45.847385572354675], [21.455997976508435, 45.849252921042144], [21.459654803310517, 45.85112013066], [21.463311896979093, 45.85298720120824], [21.46696925754928, 45.854854132654694], [21.47062688502109, 45.85672092499937], [21.474284779429624, 45.85858757821006], [21.477942940774888, 45.86045409228677], [21.48160136909198, 45.86232046719731], [21.485260064380903, 45.86418670294167], [21.488437778386196, 45.86382841716548], [21.49113451110787, 45.86124560986873], [21.492001832213088, 45.857729794041006], [21.491039741701844, 45.85328096968229], [21.490077854105486, 45.8488321154602], [21.489116169424015, 45.844383231374735], [21.48680678095766, 45.841225665595886], [21.483149688706423, 45.839359418123635], [21.478144624973233, 45.83878421660419], [21.471791589758084, 45.839500061037555], [21.466786970285074, 45.83892449054331], [21.46313076655421, 45.83705750512146], [21.45947482951115, 45.83519038065811], [21.455819159155894, 45.83332311715327], [21.45264266526112, 45.83368041649062]]]}}, {"type": "Feature", "properties": {"band": "light", "dbz": 30.0, "source": "OPERA-ORD", "time": "20260803033500"}, "geometry": {"type": "Polygon", "coordinates": [[[21.198414726110126, 45.8619438719426], [21.19570416153814, 45.86451918623674], [21.194817784170063, 45.868032833924595], [21.1957555940059, 45.872484815006146], [21.19669360194702, 45.87693676687884], [21.197631807993417, 45.881388689542696], [21.199925964441015, 45.88455287177139], [21.203576071289817, 45.88642931356492], [21.206756632911336, 45.886079750139814], [21.209467649305573, 45.88350418149608], [21.210353543004928, 45.8799905011382], [21.2094143140094, 45.8755387090662], [21.208475283323903, 45.87108688775693], [21.207536450948435, 45.86663503721039], [21.205242778169556, 45.86347088765172], [21.201594264987268, 45.86159443908092], [21.198414726110126, 45.8619438719426]]]}}, {"type": "Feature", "properties": {"band": "light", "dbz": 30.0, "source": "OPERA-ORD", "time": "20260803033500"}, "geometry": {"type": "Polygon", "coordinates": [[[20.965727238503142, 45.869025103459], [20.96300540822198, 45.87159442052561], [20.960283333281, 45.87416366386455], [20.957561013680206, 45.8767328334758], [20.953018174915172, 45.8783590742377], [20.9466548169859, 45.87904238615026], [20.942111403319224, 45.88066838803816], [20.939387933915135, 45.88323707990141], [20.938484664731025, 45.88674873581238], [20.939401595766892, 45.89120335577107], [20.938497922056385, 45.894714955461716], [20.93577364359951, 45.897283534884316], [20.933049120088306, 45.89985204048739], [20.930324351522785, 45.90242047227093], [20.93078285122533, 45.9046477711935], [20.93442461919595, 45.90653393725511], [20.939428868987502, 45.90713556693186], [20.945795600599986, 45.90645266022374], [20.950340934805624, 45.90482673435723], [20.953064871604425, 45.90225778933232], [20.95396766742611, 45.89874609937287], [20.953049322270672, 45.89429166447891], [20.953951713632748, 45.89077991837064], [20.956674841512324, 45.88821086104809], [20.961218449523606, 45.88658421842394], [20.967582537666587, 45.88589999049819], [20.972585574714905, 45.88650022727827], [20.97622756066855, 45.88838492876417], [20.978508752300183, 45.891554368986995], [20.979429149609803, 45.89600854794676], [20.98171096309023, 45.899177804026195], [20.98535419274147, 45.9010621372253], [20.988536784212776, 45.90071933599328], [20.99125873750414, 45.89814940033012], [20.99215900259869, 45.894637407106565], [20.991237579496424, 45.89018335632262], [20.992137440762733, 45.88667130711774], [20.994858586397612, 45.884101259491906], [20.997579487375976, 45.881531138223245], [21.000300143697817, 45.878960943311746], [20.999839467900298, 45.876733906819155], [20.996197459983417, 45.874850028745485], [20.991195220394523, 45.87425092777339], [20.984832749133624, 45.874936603902874], [20.97983095960617, 45.87433713617543], [20.97618985181216, 45.87245252459103], [20.9725490118473, 45.87056777533055], [20.968908439711583, 45.868682888393984], [20.965727238503142, 45.869025103459]]]}}, {"type": "Feature", "properties": {"band": "light", "dbz": 30.0, "source": "OPERA-ORD", "time": "20260803033500"}, "geometry": {"type": "Polygon", "coordinates": [[[21.296352627463563, 45.832910031320566], [21.293647980303813, 45.835487896909754], [21.292768249965327, 45.839002355061595], [21.2937134364481, 45.84345340577609], [21.29465882243571, 45.84790442704066], [21.295604407928145, 45.85235541885534], [21.297902982642103, 45.8555173939637], [21.301554546577574, 45.85739035236573], [21.306558836019576, 45.857974021085134], [21.31291585096811, 45.85726840012192], [21.31744657351485, 45.85562636581308], [21.3201510036598, 45.85304791815863], [21.319677345563562, 45.85082253570923], [21.316025599226133, 45.84895021846485], [21.312374119941218, 45.84707776258773], [21.30872290770882, 45.845205168077854], [21.306424198263958, 45.842043411229085], [21.305477991606637, 45.83759249204145], [21.303179903969344, 45.834430548967205], [21.299529935352073, 45.83255758200637], [21.296352627463563, 45.832910031320566]]]}}, {"type": "Feature", "properties": {"band": "light", "dbz": 30.0, "source": "OPERA-ORD", "time": "20260803033500"}, "geometry": {"type": "Polygon", "coordinates": [[[21.415853257851627, 45.79110290010968], [21.409505100080054, 45.791814803258774], [21.40498213772899, 45.793461104578896], [21.40228437079843, 45.79604180407003], [21.39958636161909, 45.79862243105511], [21.39688811019097, 45.80120298553415], [21.392364091523234, 45.802848495021706], [21.386014305615877, 45.8035589595178], [21.38148971388853, 45.8052042331354], [21.378790316341195, 45.807784315874486], [21.376090676326427, 45.81036432603709], [21.373390793844237, 45.81294426362321], [21.370690668815868, 45.81552412861489], [21.36799030124132, 45.81810392101213], [21.368465907291423, 45.82032906214076], [21.37211748696618, 45.822199552000754], [21.37711934043243, 45.82277982524093], [21.38347146769017, 45.82206988186128], [21.38799729587175, 45.82042475973465], [21.390696824977155, 45.81784445886104], [21.39339611158012, 45.81526408544432], [21.396095155680637, 45.81268363948449], [21.400619926704145, 45.8110377251426], [21.406970424650638, 45.81032634241865], [21.41332076961458, 45.80961456681891], [21.41967096159597, 45.80890239834338], [21.424672471205024, 45.80948054980435], [21.428325298441752, 45.811349021201835], [21.43197839211902, 45.813217353716425], [21.43563175223683, 45.81508554734814], [21.440633730523473, 45.815662707751414], [21.446984326978942, 45.81494883492624], [21.453334769895115, 45.81423456924574], [21.459685059271997, 45.8135199107099], [21.464687505632554, 45.81409607989217], [21.468342108976792, 45.815963076792556], [21.468821479094785, 45.81818772344974], [21.466125615986527, 45.820770019863744], [21.46342951056947, 45.823352243923196], [21.460733162843603, 45.825934395628124], [21.46121273515293, 45.828159012443734], [21.464868227497455, 45.83002609437003], [21.469871982203976, 45.830601779853225], [21.47622399927249, 45.8298860688933], [21.4807477612094, 45.828236883692696], [21.483443268014703, 45.825654224251394], [21.486138532555596, 45.823071492506884], [21.488833554832084, 45.820488688459164], [21.49200907785984, 45.82013027699973], [21.495665101638863, 45.821996258128564], [21.499321391888788, 45.82386210014357], [21.502977948609615, 45.82572780304475], [21.506153317415666, 45.82536899873138], [21.50884749830694, 45.82278568720345], [21.50971333729272, 45.8192696334309], [21.508750834373004, 45.81482083741371], [21.50644174947612, 45.81166363027673], [21.50278608260206, 45.809798012019975], [21.497783566011456, 45.80922371054658], [21.491434199704305, 45.809940725856556], [21.486432126572424, 45.809366055538256], [21.48277734661582, 45.80749969959167], [21.480470127074042, 45.8043419301659], [21.479510467947094, 45.799892747260934], [21.477203869907278, 45.79673479053002], [21.473550332954595, 45.79486805997314], [21.46854959020917, 45.79429228351748], [21.462201641671005, 45.79500746116304], [21.455853539636795, 45.795722246120455], [21.44950528410654, 45.796436638389736], [21.443156875232937, 45.79715063794112], [21.436808313015987, 45.79786424477461], [21.431808061897655, 45.79728685514573], [21.42815612187794, 45.795418469054475], [21.424504448085415, 45.793549944140416], [21.42085304052008, 45.79168128040356], [21.415853257851627, 45.79110290010968]]]}}, {"type": "Feature", "properties": {"band": "light", "dbz": 30.0, "source": "OPERA-ORD", "time": "20260803033500"}, "geometry": {"type": "Polygon", "coordinates": [[[21.59547620099974, 45.77990629072889], [21.589131339150658, 45.780629318850515], [21.582786322282107, 45.7813519545832], [21.57644115039409, 45.782074197926974], [21.57192382953655, 45.783727805989756], [21.569234359709494, 45.786312778771546], [21.566544648337803, 45.788897679495086], [21.56385469542148, 45.791482508160385], [21.561164500881787, 45.79406726474969], [21.55847406471873, 45.796651949263], [21.55761192755263, 45.80016845144405], [21.55857808938349, 45.80461677129284], [21.55771555832415, 45.80813321991918], [21.555024334374608, 45.81071779732306], [21.55185009211097, 45.8110781056129], [21.548192831533242, 45.809214144788704], [21.54453583717243, 45.80735004474441], [21.540879109028534, 45.80548580548001], [21.535876524712016, 45.804913371620856], [21.52952808422288, 45.805632743166946], [21.525007499719067, 45.80728430135262], [21.522314771200584, 45.80986804617788], [21.52145016682571, 45.813384249665376], [21.52241368659444, 45.8178329118151], [21.524724079002965, 45.82098963456852], [21.52838134405129, 45.82285441792561], [21.533385213373126, 45.82342698975769], [21.539735686968474, 45.82270735006476], [21.546086005758234, 45.82198731758845], [21.552436169742407, 45.821266892328765], [21.55878617876839, 45.820546074315764], [21.565136032836175, 45.81982486354943], [21.57148573179323, 45.81910326005985], [21.57783527563955, 45.81838126384702], [21.5823551484891, 45.816727633030695], [21.58504535034188, 45.81414236761087], [21.584561201747043, 45.81191835363808], [21.58090270270459, 45.81005559111231], [21.577244469839787, 45.80819268926615], [21.573586503152633, 45.806329648099606], [21.57310255857159, 45.8041056040235], [21.57579263609666, 45.80152055703781], [21.580311275757182, 45.79986677736765], [21.586658477553158, 45.799144265013005], [21.5911765441774, 45.79749025068802], [21.593865475629904, 45.794904734392695], [21.596554165565973, 45.792319146107076], [21.599242613985602, 45.78973348583114], [21.601930820967542, 45.78714775358264], [21.604618786511796, 45.78456194936156], [21.604134234944013, 45.78233797960529], [21.60047716626419, 45.78047584431382], [21.59547620099974, 45.77990629072889]]]}}, {"type": "Feature", "properties": {"band": "light", "dbz": 30.0, "source": "OPERA-ORD", "time": "20260803033500"}, "geometry": {"type": "Polygon", "coordinates": [[[21.612045732106633, 45.796250290425604], [21.605699151484565, 45.79697437282368], [21.601181485319735, 45.798629262759796], [21.598492733612144, 45.801214960233935], [21.59763316611551, 45.80473173700231], [21.598602782829836, 45.80917959306492], [21.60091728318519, 45.81233453299516], [21.604576667181565, 45.81419655679303], [21.607750796719046, 45.81383461072818], [21.61043967179763, 45.81124869480062], [21.613128305230603, 45.80866270691524], [21.615816697017962, 45.80607664707207], [21.61850484723855, 45.80349051528882], [21.62119275589237, 45.80090431156549], [21.620707288268875, 45.79868046958451], [21.61704844436807, 45.79681898934588], [21.612045732106633, 45.796250290425604]]]}}, {"type": "Feature", "properties": {"band": "light", "dbz": 30.0, "source": "OPERA-ORD", "time": "20260803033500"}, "geometry": {"type": "Polygon", "coordinates": [[[21.18909562508225, 45.82538842759285], [21.182740993457003, 45.82608631329672], [21.178208690992427, 45.827722677293394], [21.175498717688534, 45.83029751958287], [21.175966477371993, 45.83252367418896], [21.17961197004281, 45.83440114111167], [21.183257729802083, 45.83627846983449], [21.18690375664981, 45.83815566035743], [21.18737171380928, 45.84038178573918], [21.1846616012805, 45.84295684597976], [21.181951245195147, 45.84553183310383], [21.17924064555322, 45.8481067471114], [21.179708800305622, 45.85033284327542], [21.183355709452346, 45.85221012159588], [21.188358011644908, 45.85279962250338], [21.19471570688331, 45.85210134599792], [21.2010732515569, 45.85140267597788], [21.207430645665678, 45.85070361244325], [21.211963894172833, 45.84906620432936], [21.21467299707836, 45.846490451636235], [21.21555821600942, 45.84297662751665], [21.214619550966006, 45.83852473197061], [21.21232684497641, 45.83536064750076], [21.208680098040638, 45.83348437410709], [21.20503361812225, 45.831607962444835], [21.201387405221258, 45.82973141251401], [21.19774145930179, 45.82785472434668], [21.194095780363845, 45.825977897942835], [21.18909562508225, 45.82538842759285]]]}}, {"type": "Feature", "properties": {"band": "light", "dbz": 30.0, "source": "OPERA-ORD", "time": "20260803033500"}, "geometry": {"type": "Polygon", "coordinates": [[[21.738814416028738, 45.7737221165231], [21.736133260054203, 45.77631134700151], [21.733451863247232, 45.77890050586821], [21.73077022560783, 45.7814895931232], [21.728088347057238, 45.78407860874888], [21.725406227595457, 45.78666755274526], [21.72589625897674, 45.78889078474408], [21.729558441201085, 45.790748304745364], [21.734561767158503, 45.791311032134004], [21.740906236848993, 45.790578966910005], [21.745419108754078, 45.78891820981799], [21.748100382873762, 45.786328760857984], [21.748950332034312, 45.78281089132901], [21.74796895623572, 45.77836460123103], [21.745647449756323, 45.77521296745752], [21.741985812596113, 45.77335599000844], [21.738814416028738, 45.7737221165231]]]}}, {"type": "Feature", "properties": {"band": "light", "dbz": 30.0, "source": "OPERA-ORD", "time": "20260803033500"}, "geometry": {"type": "Polygon", "coordinates": [[[21.519327641976087, 45.78855672766705], [21.51298092445758, 45.78927504622126], [21.50846117548525, 45.79092587811314], [21.505768395059093, 45.79350922334267], [21.504902850743843, 45.797025353864576], [21.5058645425395, 45.80147426967886], [21.508173132622424, 45.80463144602147], [21.511828620992617, 45.80649688289238], [21.51500281877764, 45.806137819593395], [21.51769572597749, 45.8035542561245], [21.520388391289906, 45.800970620458294], [21.523080814714888, 45.79838691259478], [21.525772996331195, 45.79580313255175], [21.52846493613882, 45.793219280329204], [21.52798342971581, 45.79099490776093], [21.524328477062166, 45.78913001484694], [21.519327641976087, 45.78855672766705]]]}}, {"type": "Feature", "properties": {"band": "light", "dbz": 30.0, "source": "OPERA-ORD", "time": "20260803033500"}, "geometry": {"type": "Polygon", "coordinates": [[[21.633427676062354, 45.76759528134686], [21.63074182039133, 45.77018184197232], [21.6280557235807, 45.77276833071276], [21.625369385630464, 45.77535474756817], [21.62268280646194, 45.77794109252089], [21.61999598607514, 45.780527365570904], [21.620481551900046, 45.78275120050859], [21.624139503936668, 45.784612597333954], [21.629140951889234, 45.7851805371877], [21.63548589575775, 45.78445502006982], [21.64048778522333, 45.785022590571266], [21.644146620285962, 45.78688324869203], [21.647805721162353, 45.788743767350624], [21.6514650878525, 45.79060414654706], [21.65463757963129, 45.79024076567591], [21.657323196498737, 45.787653624737175], [21.65817906931734, 45.78413640339181], [21.657205198087105, 45.77968910163983], [21.654889025299646, 45.77653530270941], [21.651230550954956, 45.77467500660056], [21.64757234224624, 45.772814571057964], [21.64391439917349, 45.770953996081616], [21.6402567217023, 45.76909328170362], [21.63659930983268, 45.76723242792396], [21.633427676062354, 45.76759528134686]]]}}, {"type": "Feature", "properties": {"band": "light", "dbz": 30.0, "source": "OPERA-ORD", "time": "20260803033500"}, "geometry": {"type": "Polygon", "coordinates": [[[20.93478178776281, 45.84503049213612], [20.932059593855968, 45.84759904370013], [20.9311561880524, 45.85111074414348], [20.932071570352118, 45.855565593466174], [20.934348561808388, 45.85873610328587], [20.93798716242121, 45.860622273602566], [20.942987116661758, 45.86122383046551], [20.949348424530033, 45.86054077387471], [20.953889919795067, 45.85891469592839], [20.956611602456864, 45.856345596626554], [20.95615304626613, 45.85411828196355], [20.952514251222865, 45.85223275193939], [20.948875723790835, 45.85034708436484], [20.945237463970027, 45.84846127923991], [20.941599471723777, 45.846575336596615], [20.937961747052082, 45.84468925643495], [20.93478178776281, 45.84503049213612]]]}}, {"type": "Feature", "properties": {"band": "light", "dbz": 30.0, "source": "OPERA-ORD", "time": "20260803033500"}, "geometry": {"type": "Polygon", "coordinates": [[[21.047381287985857, 45.82377739651807], [21.04466534433503, 45.826348879992494], [21.043769474462778, 45.82986149916994], [21.044693678369097, 45.83431525405039], [21.045618077428372, 45.83876897999212], [21.0465426716406, 45.84322267699512], [21.048825907004534, 45.84639055023468], [21.052467783520168, 45.848272599710796], [21.055646923597887, 45.84792775615405], [21.05836332723769, 45.845356019564456], [21.061079486893007, 45.84278420952981], [21.06379540256384, 45.84021232605012], [21.066511074328925, 45.83764036914363], [21.06922650218826, 45.83506833881033], [21.068763535913867, 45.832841572392105], [21.06512217550574, 45.83096006988896], [21.061481082288214, 45.82907842955481], [21.057840256261297, 45.82719665138967], [21.054199697388697, 45.825314735425536], [21.050559405670413, 45.82343268166241], [21.047381287985857, 45.82377739651807]]]}}, {"type": "Feature", "properties": {"band": "light", "dbz": 30.0, "source": "OPERA-ORD", "time": "20260803033500"}, "geometry": {"type": "Polygon", "coordinates": [[[21.28458772967954, 45.723732071167774], [21.278245982344316, 45.724435722902655], [21.27372464531124, 45.726076265267125], [21.271023718580324, 45.72865369826121], [21.27014346357527, 45.73216829401997], [21.271083880296086, 45.736620052543415], [21.27202449511196, 45.74107178153902], [21.272965308022894, 45.74552348100676], [21.272084699381825, 45.749038010304076], [21.269382669188754, 45.75161536943098], [21.266210300276335, 45.75196677010955], [21.262567592644565, 45.750092212339766], [21.260276340320893, 45.74692901833991], [21.259336543305317, 45.74247718810997], [21.258396944182135, 45.73802532838056], [21.257457542951343, 45.73357343915167], [21.255167460112922, 45.73040998264621], [21.251526695666872, 45.72853495886417], [21.246534988608516, 45.72794809559811], [21.240192338937867, 45.72864939284803], [21.235669563791497, 45.73028826721007], [21.23296666316941, 45.73286471868427], [21.232083897695887, 45.736379019535086], [21.23302126737092, 45.740831169762544], [21.23213810445818, 45.74434541557076], [21.229434408957665, 45.74692175695974], [21.226730471169635, 45.749498025420024], [21.224026291094084, 45.7520742209516], [21.22132186865265, 45.754650343536476], [21.218617203845344, 45.75722639317466], [21.214091571979996, 45.758864084286486], [21.207744973056606, 45.759563416871956], [21.203218769431274, 45.7612008711759], [21.200512961103993, 45.76377644719833], [21.199627808375542, 45.76729041750252], [21.200563311245926, 45.77174278208847], [21.199677760029914, 45.77525669723353], [21.196971154727514, 45.777832162937685], [21.1942643066671, 45.780407555605], [21.191557215848672, 45.78298287523546], [21.192025008562993, 45.78520904606603], [21.195667684810065, 45.787086068096706], [21.199310627538786, 45.788962952007665], [21.202953836749153, 45.790839697798916], [21.20659731247696, 45.79271630543845], [21.210241054722196, 45.79459277492625], [21.213416210610312, 45.79424307711051], [21.216122780141312, 45.791667211991204], [21.21700740966046, 45.78815322095852], [21.21607009916776, 45.78370110401245], [21.2169543301296, 45.78018705790765], [21.219660102545987, 45.77761108264414], [21.22283459896536, 45.777261057054965], [21.226477819387714, 45.77913698114014], [21.228768593989592, 45.78230093643646], [21.22970692277099, 45.78675292294394], [21.230645449419885, 45.79120488006987], [21.231584173936277, 45.795656807814225], [21.233876119917667, 45.798820500859264], [21.237521287364054, 45.80069595920496], [21.241166721399544, 45.80257127926861], [21.244812422024133, 45.804446461050226], [21.2484583892735, 45.806321504517754], [21.252104623147662, 45.808196409671204], [21.25710364231583, 45.80878262548228], [21.263455446778007, 45.80808015195098], [21.26798362480136, 45.80644029132], [21.27068817638589, 45.80386304358936], [21.2702172433951, 45.80163728730443], [21.266570825828985, 45.799763022465214], [21.262924674780614, 45.79788861927547], [21.25927879024998, 45.79601407773518], [21.25880805581109, 45.79378829200747], [21.26151247146394, 45.79121126209236], [21.266039411990505, 45.78957124834107], [21.27238887739078, 45.788868250753595], [21.276915245300913, 45.787228000442596], [21.2796185157209, 45.78465049740806], [21.282321543631905, 45.782072921559816], [21.28502432903392, 45.77949527289788], [21.28819858067475, 45.779143217564325], [21.291844298554395, 45.781016755559165], [21.292315852280744, 45.78324243971812], [21.289613241853797, 45.785820270041214], [21.28691038890006, 45.788398027567254], [21.284207293419534, 45.79097571229623], [21.284679045987012, 45.79320136694895], [21.28832564660249, 45.795074991525425], [21.29197251366416, 45.79694847768288], [21.295619647172014, 45.79882182542131], [21.29609159869815, 45.801047450574266], [21.293388368242578, 45.80362535314176], [21.288861153142033, 45.80526632728714], [21.282509953396517, 45.805970373010425], [21.27798216521906, 45.80761111063676], [21.275277788609664, 45.810188540166166], [21.27574942978927, 45.8124142014548], [21.279397088757882, 45.81428809450268], [21.28439702753777, 45.81487295253603], [21.290749246128932, 45.81416877555484], [21.297101313213997, 45.813464205500786], [21.303453228792964, 45.81275924237387], [21.309804992712376, 45.81205388620352], [21.316156604972235, 45.81134813698974], [21.32068352042345, 45.809705965749586], [21.32338573906602, 45.80712737248304], [21.326087715093074, 45.804548706502736], [21.328789448504622, 45.80196996780868], [21.331490939379336, 45.799391156418835], [21.33419218771722, 45.79681227233319], [21.335069178703883, 45.79329742048221], [21.33412191233932, 45.788846600865895], [21.331824530531115, 45.78568515744642], [21.328177033279257, 45.78381309022381], [21.32500272725465, 45.78416638971912], [21.322301612457288, 45.78674505593234], [21.31960025523709, 45.789323649434415], [21.31689865559406, 45.79190217022534], [21.313724197922184, 45.79225507689351], [21.31007688222147, 45.79038236943892], [21.309604111911867, 45.788156846136616], [21.31230588699337, 45.785578506986596], [21.315007419669737, 45.78300009510876], [21.31770870994096, 45.7804216105031], [21.31858662937106, 45.7769068334098], [21.31764117796005, 45.772455763828845], [21.316695925721366, 45.76800466466061], [21.315750872655016, 45.7635535359051], [21.313455837309718, 45.76039156568581], [21.309810819685474, 45.758518754002736], [21.306637887423122, 45.75887146356725], [21.30393704052267, 45.761449694379365], [21.301235951427252, 45.76402785244965], [21.29853462013687, 45.7666059377781], [21.294010541299826, 45.768247133801765], [21.28766371491612, 45.76895144052062], [21.28266806257685, 45.76836663900551], [21.27902358428201, 45.76649272925644], [21.278552427885685, 45.76426698606548], [21.281254593387878, 45.76168940943265], [21.283956516652157, 45.759111760006775], [21.286658197678523, 45.756534037787844], [21.28753792546999, 45.753019421944074], [21.286595700026552, 45.74856791247544], [21.28565367299784, 45.74411637345706], [21.28471184438385, 45.73966480488896], [21.285591219036625, 45.73615012267031], [21.288291796956173, 45.73357232680114], [21.290992132986773, 45.73099445817748], [21.293692227128435, 45.728416516799314], [21.29322135648624, 45.72619072090775], [21.28957952106018, 45.724317070502806], [21.28458772967954, 45.723732071167774]]]}}, {"type": "Feature", "properties": {"band": "light", "dbz": 30.0, "source": "OPERA-ORD", "time": "20260803033500"}, "geometry": {"type": "Polygon", "coordinates": [[[21.198007125449898, 45.79821684075939], [21.19529941036612, 45.80079223192176], [21.192591452252486, 45.80336755002632], [21.189883251109016, 45.80594279507307], [21.18717480685708, 45.80851796704393], [21.184466119496687, 45.81109306593891], [21.184933994568123, 45.81331921396492], [21.188578432071388, 45.815196411121946], [21.19357730626176, 45.81578573868734], [21.199930617139227, 45.81508719666108], [21.204461199281962, 45.81345012118837], [21.20716905268996, 45.81087451226921], [21.20805443835043, 45.80736064282938], [21.20711735626338, 45.80290851286888], [21.20482685716284, 45.799744122211024], [21.201182941048806, 45.79786747085581], [21.198007125449898, 45.79821684075939]]]}}, {"type": "Feature", "properties": {"band": "light", "dbz": 30.0, "source": "OPERA-ORD", "time": "20260803033500"}, "geometry": {"type": "Polygon", "coordinates": [[[20.912936206859204, 45.809809922109984], [20.90658045276009, 45.81049063986002], [20.90204145794104, 45.81211487457571], [20.89931922240205, 45.81468262625707], [20.899775277563343, 45.816910275361366], [20.903409623424913, 45.818797821888616], [20.907044236569668, 45.82068523108691], [20.910679116997613, 45.822572502956255], [20.91295315716056, 45.82574371322412], [20.913866357058502, 45.83019886189051], [20.91614101683986, 45.83336988866758], [20.91977713650462, 45.83525679355535], [20.922956218980055, 45.83491607897679], [20.925678264266153, 45.832347744931894], [20.92658217533181, 45.828836067163714], [20.925667952177022, 45.824381045672254], [20.924753921984287, 45.81992599547208], [20.923840084753614, 45.8154709165632], [20.921565895580898, 45.81229992364031], [20.917931354466138, 45.810413016703414], [20.912936206859204, 45.809809922109984]]]}}, {"type": "Feature", "properties": {"band": "light", "dbz": 30.0, "source": "OPERA-ORD", "time": "20260803033500"}, "geometry": {"type": "Polygon", "coordinates": [[[21.56226605971682, 45.73924381973929], [21.559578107705487, 45.7418286076281], [21.55871649985075, 45.745345274996616], [21.5596812361526, 45.74979382184484], [21.561990455032834, 45.752949907694465], [21.565644156491455, 45.75481353254549], [21.569298123490196, 45.756677018257186], [21.572952356029056, 45.75854036482954], [21.576606854142636, 45.760403572230494], [21.580261617830946, 45.762266640460055], [21.583432858850102, 45.76190549064324], [21.58612057720011, 45.75932012278004], [21.586980851751555, 45.755803329824985], [21.586013682504444, 45.751355111778054], [21.583703160648653, 45.748199510473796], [21.580049286184178, 45.7463365259122], [21.576395677116935, 45.74447340220742], [21.57274233344691, 45.74261013935944], [21.56908925513954, 45.74074673740031], [21.565436442194837, 45.73888319633002], [21.56226605971682, 45.73924381973929]]]}}, {"type": "Feature", "properties": {"band": "light", "dbz": 30.0, "source": "OPERA-ORD", "time": "20260803033500"}, "geometry": {"type": "Polygon", "coordinates": [[[17.88306729139267, 46.06222185985032], [17.880193028164232, 46.064708923366226], [17.87731850827839, 46.06719590456957], [17.874443731735138, 46.069682803460346], [17.869799179961046, 46.07117210773572], [17.863384852956116, 46.07166381739569], [17.858739725286355, 46.07315286286819], [17.85586379695176, 46.07563924415323], [17.8547572549206, 46.07912324357291], [17.855420099192877, 46.08360486112722], [17.856083084992594, 46.088086455759516], [17.85674621231976, 46.0925680274698], [17.858848029253885, 46.095806350364036], [17.862388535794974, 46.09780142444222], [17.86736754471057, 46.09855296720419], [17.87378505600068, 46.09806097864996], [17.878431782987963, 46.09657149957001], [17.881307725672418, 46.094084529964356], [17.882413071701873, 46.0906003522917], [17.881747821076324, 46.08611896655204], [17.882852715810735, 46.08263471835729], [17.885727755905105, 46.08014760770743], [17.88860253920649, 46.077660414755265], [17.891477065714895, 46.07517313950079], [17.892581457231458, 46.07168880962847], [17.89191571375618, 46.06720742513831], [17.889813237265628, 46.06396963169301], [17.8862740277598, 46.06197542929258], [17.88306729139267, 46.06222185985032]]]}}, {"type": "Feature", "properties": {"band": "light", "dbz": 30.0, "source": "OPERA-ORD", "time": "20260803033500"}, "geometry": {"type": "Polygon", "coordinates": [[[21.136062349308908, 45.7583240125467], [21.12971497414707, 45.75901850172189], [21.1251865637761, 45.76065253251325], [21.122477118196002, 45.76322610492077], [21.122941775394295, 45.76545268778458], [21.126580535370977, 45.767332281104686], [21.130219561684548, 45.76921173656545], [21.13385885433501, 45.77109105416689], [21.13614370649348, 45.77425721969567], [21.13707411815996, 45.778710233151806], [21.13935958949985, 45.78187621381697], [21.14300012051315, 45.783755161691154], [21.14617500648483, 45.78340755885869], [21.14888424741489, 45.780833405319584], [21.15159324542413, 45.77825917862296], [21.154302000512548, 45.77568487876882], [21.1570105127586, 45.77311050577525], [21.15971878216229, 45.77053605964224], [21.159252910611585, 45.76830963544158], [21.15561289810649, 45.76643123317325], [21.151973151868045, 45.764552692977055], [21.14833367189625, 45.76267401485299], [21.14469445815522, 45.76079519883299], [21.141055510644957, 45.75891624491707], [21.136062349308908, 45.7583240125467]]]}}, {"type": "Feature", "properties": {"band": "light", "dbz": 30.0, "source": "OPERA-ORD", "time": "20260803033500"}, "geometry": {"type": "Polygon", "coordinates": [[[21.496284563324615, 45.68177667520807], [21.48995000319342, 45.68249339279191], [21.48361529013058, 45.68320971862808], [21.477280424136097, 45.68392565271657], [21.47276810039367, 45.68557490975967], [21.47007831890329, 45.68815748975739], [21.470556388067692, 45.69038235582469], [21.47420230788688, 45.69224950796156], [21.477848492618094, 45.69411652140303], [21.481494942261328, 45.695983396149096], [21.48197321255723, 45.69820823220061], [21.479283303505788, 45.700791029557564], [21.476115035629178, 45.701148900396234], [21.47246840892739, 45.69928184471661], [21.468822047208693, 45.69741465034359], [21.46517595047309, 45.695547317277196], [21.462007529745897, 45.69590479622127], [21.459316785027116, 45.69848708717582], [21.458449024616776, 45.70200315335558], [21.459404248514872, 45.70645299476052], [21.458536094584304, 45.70996900686233], [21.455844562825064, 45.71255118966102], [21.453152789967767, 45.71513330015339], [21.450460776012413, 45.71771533833944], [21.449592276621026, 45.72123128462469], [21.450547291793605, 45.72568113900914], [21.45150250800902, 45.7301309634718], [21.452457925267282, 45.73458075801268], [21.454760008987666, 45.73773944881474], [21.458408759170176, 45.73960703587799], [21.462057774867354, 45.7414744841641], [21.465707056079207, 45.743341793673075], [21.469356602840627, 45.745208964372914], [21.473006415151616, 45.74707599626361], [21.478002450829045, 45.74765147145587], [21.484344709872918, 45.7469353899497], [21.490686815453348, 45.74621891618756], [21.497028767570335, 45.745502050169456], [21.503370566071887, 45.74478479192518], [21.509712210958014, 45.74406714145471], [21.51605370207678, 45.743349098787874], [21.522395039428183, 45.742630663924665], [21.52691043394524, 45.74097946823248], [21.52959988562795, 45.73839551171132], [21.53046366174932, 45.73487906592703], [21.52950176230935, 45.730430130879625], [21.530365145418052, 45.72691363135401], [21.533053811075423, 45.72432956735018], [21.535742235811618, 45.721745431244244], [21.538430419626636, 45.7191612230362], [21.539293460526597, 45.7156446580446], [21.538331358511506, 45.71119573626943], [21.536025670444253, 45.70803885175964], [21.532376396324842, 45.706174004515226], [21.52738326914824, 45.705600923231856], [21.521046288914448, 45.70631960790952], [21.514709155153344, 45.70703790069409], [21.50837186786493, 45.70775580158556], [21.503379204454586, 45.707181730936114], [21.499731164922302, 45.70531568874574], [21.497428015512362, 45.70215794641485], [21.49646975622476, 45.69770850394344], [21.497335010946042, 45.69419214917414], [21.500023779676216, 45.69160888210696], [21.502712307743565, 45.689025542873196], [21.505400595148092, 45.68644213147284], [21.50492151498532, 45.68421739843353], [21.50127506725525, 45.68235134375528], [21.496284563324615, 45.68177667520807]]]}}, {"type": "Feature", "properties": {"band": "light", "dbz": 30.0, "source": "OPERA-ORD", "time": "20260803033500"}, "geometry": {"type": "Polygon", "coordinates": [[[21.030801139770404, 45.751571942179126], [21.024453428892425, 45.752259887484904], [21.01810557053647, 45.75294743982718], [21.011757564702542, 45.75363459920597], [21.007226195262888, 45.755263450830675], [21.004511462217508, 45.75783399470132], [21.004971145813023, 45.760061214415124], [21.00860524604943, 45.761945109972075], [21.01359680858284, 45.762543414065675], [21.019945833413253, 45.76185612669592], [21.02629471067143, 45.76116844629359], [21.032643440357372, 45.760480372858694], [21.037174429361905, 45.758850644235], [21.03988767768503, 45.75627926042247], [21.039426975187293, 45.754052168768716], [21.03579232186869, 45.75216936927373], [21.030801139770404, 45.751571942179126]]]}}, {"type": "Feature", "properties": {"band": "light", "dbz": 30.0, "source": "OPERA-ORD", "time": "20260803033500"}, "geometry": {"type": "Polygon", "coordinates": [[[21.19392162292392, 45.7246422911087], [21.187578790351157, 45.72534031836512], [21.183054764009505, 45.72697688492929], [21.180349543898956, 45.72955199080121], [21.180816155256743, 45.73177833765518], [21.184454598082866, 45.733655925491185], [21.18809330674971, 45.73553337538555], [21.19173228125728, 45.73741068733828], [21.195371521641285, 45.739287861317464], [21.199011027901722, 45.74116489732308], [21.20218313139785, 45.7408155899852], [21.204887832129664, 45.738239939303824], [21.205772710783787, 45.734725879232265], [21.204837767360214, 45.73027340977052], [21.202550981538895, 45.72710870064986], [21.198912353319834, 45.72523175187028], [21.19392162292392, 45.7246422911087]]]}}, {"type": "Feature", "properties": {"band": "light", "dbz": 30.0, "source": "OPERA-ORD", "time": "20260803033500"}, "geometry": {"type": "Polygon", "coordinates": [[[20.965471039374783, 45.74155680931322], [20.962754969300438, 45.744126295855175], [20.961854544358403, 45.74763852557983], [20.96276976454869, 45.75209349848719], [20.96504352934923, 45.7552636644305], [20.968675838760035, 45.75714902340976], [20.973666437893037, 45.75774930227216], [20.980015326748248, 45.7570645010177], [20.984547551232247, 45.75543708404818], [20.987263111345037, 45.75286705136359], [20.986804640373634, 45.7506396749597], [20.98317213831804, 45.748754954836514], [20.97953990255324, 45.74687009734938], [20.975907933079235, 45.7449851024983], [20.972276229859663, 45.74309997031513], [20.968644792894526, 45.74121470079987], [20.965471039374783, 45.74155680931322]]]}}, {"type": "Feature", "properties": {"band": "light", "dbz": 30.0, "source": "OPERA-ORD", "time": "20260803033500"}, "geometry": {"type": "Polygon", "coordinates": [[[20.936429851935724, 45.726468798395246], [20.933713103892202, 45.72903755681654], [20.932810935837054, 45.73254960734444], [20.93372334777028, 45.73700494997892], [20.93599464307723, 45.74017584990313], [20.939624821757903, 45.74206230711708], [20.944613629772846, 45.7426640484979], [20.950961067122055, 45.74198107404559], [20.955492905685976, 45.74035493456728], [20.958209145464604, 45.73778563006296], [20.95775207927108, 45.73555806848455], [20.954121707105408, 45.73367224983206], [20.950491601085005, 45.73178629394302], [20.946861761209874, 45.72990020081743], [20.943232187443606, 45.728013970487126], [20.939602879786193, 45.726127602952104], [20.936429851935724, 45.726468798395246]]]}}, {"type": "Feature", "properties": {"band": "light", "dbz": 30.0, "source": "OPERA-ORD", "time": "20260803033500"}, "geometry": {"type": "Polygon", "coordinates": [[[21.188322432386705, 45.69792600798566], [21.181982645185343, 45.698623645986615], [21.177460608619484, 45.70025996471864], [21.174756322689127, 45.702834964181726], [21.175222344936124, 45.70506139913719], [21.178858675360473, 45.70693926958504], [21.182495271305896, 45.708817002180055], [21.186132132772386, 45.710694596922245], [21.189769259795604, 45.712572053779745], [21.19340665237555, 45.714449372752554], [21.196577232416804, 45.71410026027232], [21.199280999919367, 45.71152471633906], [21.200166002155807, 45.708010621423206], [21.199232239126136, 45.70355797552476], [21.19694709970532, 45.70039303667795], [21.19331058389336, 45.69851580488277], [21.188322432386705, 45.69792600798566]]]}}, {"type": "Feature", "properties": {"band": "light", "dbz": 30.0, "source": "OPERA-ORD", "time": "20260803033500"}, "geometry": {"type": "Polygon", "coordinates": [[[21.347363404170732, 45.6449760426816], [21.344669541913788, 45.647555474616766], [21.341975438914027, 45.65013483399781], [21.339281095171444, 45.65271412082473], [21.336586510608132, 45.655293335079705], [21.333891685224096, 45.65787247676274], [21.331196618941405, 45.66045154585602], [21.32850131176005, 45.66303054235955], [21.325805763602084, 45.6656094662555], [21.323109974467506, 45.668188317543866], [21.32358168171063, 45.67041402924478], [21.32722088533145, 45.67228660135823], [21.332208073751694, 45.672869428556794], [21.33854324697136, 45.672162510840465], [21.344878269216775, 45.671455201257274], [21.35121314048795, 45.67074749980722], [21.356200797668244, 45.671329339373585], [21.359841240757653, 45.67320071995634], [21.362134732352786, 45.676361913092315], [21.363081272453634, 45.6808129187815], [21.3653753814417, 45.683973925808104], [21.369017059316995, 45.685844934172145], [21.37218502693454, 45.68549039697151], [21.374879284294344, 45.68291031420621], [21.37757330065077, 45.68033015895064], [21.38026707600383, 45.677749931204794], [21.382960610431578, 45.67516963098648], [21.38565390393402, 45.67258925829569], [21.385179974786432, 45.670363839299895], [21.381538822988805, 45.66849337399909], [21.37789793593239, 45.66662277035989], [21.37425731361719, 45.664752028382296], [21.370616956008192, 45.66288114809814], [21.3669768631054, 45.661010129507446], [21.363337034873794, 45.65913897264203], [21.359697471313382, 45.65726767750192], [21.35740501615704, 45.65410643768458], [21.356459669404764, 45.649655253190005], [21.354167830846272, 45.64649382738554], [21.35052950048156, 45.64462216027119], [21.347363404170732, 45.6449760426816]]]}}, {"type": "Feature", "properties": {"band": "light", "dbz": 30.0, "source": "OPERA-ORD", "time": "20260803033500"}, "geometry": {"type": "Polygon", "coordinates": [[[21.41257359781937, 45.646781547624876], [21.409882711229592, 45.64936264450698], [21.409012161371983, 45.652878491897], [21.409961948246536, 45.65732908979495], [21.410911934816895, 45.661779657777785], [21.411862121083054, 45.666230195845515], [21.412812507162638, 45.670680704004525], [21.413763093055636, 45.675131182254816], [21.416059933217632, 45.678291009872346], [21.419703027648623, 45.68016018685711], [21.4228703883636, 45.67980408224857], [21.42556201536256, 45.677222696046734], [21.42643203043322, 45.67370682992137], [21.425480433575572, 45.66925648387249], [21.426350055253277, 45.66574056349529], [21.429040895466322, 45.66315906878979], [21.431731495092357, 45.660577501750446], [21.434421854131386, 45.65799586237727], [21.43394610312593, 45.65577067749888], [21.430304242075987, 45.65390194711526], [21.426662645517904, 45.65203307828727], [21.42302131345168, 45.6501640710149], [21.41938024584249, 45.64829492532999], [21.415739442690338, 45.64642564123255], [21.41257359781937, 45.646781547624876]]]}}, {"type": "Feature", "properties": {"band": "light", "dbz": 30.0, "source": "OPERA-ORD", "time": "20260803033500"}, "geometry": {"type": "Polygon", "coordinates": [[[21.160720456180627, 45.620102855939564], [21.15801896810136, 45.62267753805473], [21.15531723891644, 45.625252147140955], [21.152615268625873, 45.627826683198236], [21.14944945704351, 45.62817436451992], [21.145819804169363, 45.62629519110602], [21.142190415859687, 45.62441588017056], [21.138561292114495, 45.622536431713556], [21.133580949516748, 45.62194376894332], [21.12724938806645, 45.622637891859846], [21.122731882753175, 45.624271803380424], [21.120028433576923, 45.62684550350504], [21.120491177542267, 45.62907239650096], [21.124120114649212, 45.63095248236819], [21.127749316425685, 45.63283243075025], [21.131378782871693, 45.63471224164714], [21.13365680509448, 45.63787896386131], [21.134583383094043, 45.64233259739276], [21.136862020551714, 45.64549913518077], [21.14049271746749, 45.64737857722535], [21.145475216510537, 45.64797065157664], [21.15180951768085, 45.64727535823464], [21.156327964171396, 45.645640408398634], [21.159030555982174, 45.643065802068634], [21.161732906495796, 45.64049112270683], [21.164435015712257, 45.6379163703132], [21.167136883709315, 45.63534154490569], [21.16983851048697, 45.63276664648432], [21.170724712294973, 45.62925254466616], [21.16979548913333, 45.62479923945122], [21.16751595821945, 45.62163331885331], [21.163886119553325, 45.619754782872434], [21.160720456180627, 45.620102855939564]]]}}, {"type": "Feature", "properties": {"band": "light", "dbz": 30.0, "source": "OPERA-ORD", "time": "20260803033500"}, "geometry": {"type": "Polygon", "coordinates": [[[20.968912508458313, 45.63986360035809], [20.96257712841475, 45.640547532461206], [20.956241602569953, 45.64123107241091], [20.949905930923922, 45.6419142202072], [20.945381798097884, 45.64354034707661], [20.942669204091832, 45.646109453019136], [20.943124856671197, 45.648337240269555], [20.94674875583597, 45.65022370882788], [20.95172904837593, 45.65082530577994], [20.95806573429108, 45.65014203112574], [20.963046472673366, 45.65074326321384], [20.966671263522795, 45.65262900204423], [20.970296319524657, 45.654514603801374], [20.973921640678945, 45.65640006848527], [20.978902859423442, 45.65700031549012], [20.985239975758148, 45.656315344815944], [20.989763924275653, 45.654687705407824], [20.992474704975955, 45.65211739726577], [20.99201733888627, 45.64988982955339], [20.98839182600659, 45.648005002270686], [20.984766578174963, 45.646120037878084], [20.98114159539138, 45.64423493637558], [20.977516877619717, 45.64234969779488], [20.97389242485997, 45.64046432213598], [20.968912508458313, 45.63986360035809]]]}}, {"type": "Feature", "properties": {"band": "light", "dbz": 30.0, "source": "OPERA-ORD", "time": "20260803033500"}, "geometry": {"type": "Polygon", "coordinates": [[[20.994235180210943, 45.62915614467477], [20.991525512115253, 45.6317265306255], [20.990628009009544, 45.63523930308123], [20.991542670893818, 45.63969446204196], [20.99381267358493, 45.64286436439056], [20.99743801708289, 45.64474901012703], [21.002418447295476, 45.6453481269497], [21.008753964222688, 45.64466171485856], [21.0132763025502, 45.643033043617024], [21.01598546227801, 45.6404621132251], [21.01552727495696, 45.63823464380672], [21.01190174058705, 45.636350635361886], [21.008276471090515, 45.634466489768094], [21.004651466467347, 45.632582207025344], [21.00102672668152, 45.63069778716533], [20.997402251733032, 45.62881323018805], [20.994235180210943, 45.62915614467477]]]}}, {"type": "Feature", "properties": {"band": "light", "dbz": 30.0, "source": "OPERA-ORD", "time": "20260803033500"}, "geometry": {"type": "Polygon", "coordinates": [[[21.247523691397287, 45.609382579230385], [21.241194803698153, 45.61008375165205], [21.234865766850717, 45.61078453254995], [21.22853658085498, 45.61148492192409], [21.224022878638433, 45.613123275022105], [21.22132466020108, 45.615699591844], [21.221791448113592, 45.6179259678059], [21.225423242375967, 45.619802402907816], [21.23040423757224, 45.62039036083469], [21.236734433702413, 45.61968984158652], [21.243064480589275, 45.618988930746255], [21.24939437823283, 45.61828762831391], [21.253907695667156, 45.61664840161205], [21.256604432892253, 45.614071250640706], [21.25613663494032, 45.611845004621166], [21.252504301811342, 45.60996966355343], [21.247523691397287, 45.609382579230385]]]}}, {"type": "Feature", "properties": {"band": "light", "dbz": 30.0, "source": "OPERA-ORD", "time": "20260803033500"}, "geometry": {"type": "Polygon", "coordinates": [[[20.96161554477885, 45.604219620208006], [20.955284217016125, 45.604903044880224], [20.950763212613467, 45.606529405817014], [20.94805253157088, 45.60909870301837], [20.94850792449429, 45.61132654286915], [20.9521293913837, 45.61321292536936], [20.955751122964017, 45.61509917094476], [20.959373119235245, 45.61698527959534], [20.962995380233515, 45.618871251289484], [20.966617905958834, 45.62075708602719], [20.969784256421555, 45.620415082619154], [20.972494431621687, 45.61784524106538], [20.97339327108421, 45.61433259007527], [20.972480774809128, 45.60987712964882], [20.97021369716874, 45.60670652654467], [20.966592038163057, 45.60482078076282], [20.96161554477885, 45.604219620208006]]]}}, {"type": "Feature", "properties": {"band": "light", "dbz": 30.0, "source": "OPERA-ORD", "time": "20260803033500"}, "geometry": {"type": "Polygon", "coordinates": [[[21.178607288918986, 45.581689347091135], [21.17590834739383, 45.58426454291711], [21.175023212652572, 45.58777884675289], [21.175951884695213, 45.59223225859848], [21.17823053224739, 45.595398007950166], [21.18185915530911, 45.59727609480795], [21.18683749627403, 45.59786624767418], [21.19316555514215, 45.59716846654885], [21.197678797643302, 45.59553170665666], [21.200377223777483, 45.592955967997604], [21.199912033055064, 45.59072937377165], [21.196283225476044, 45.58885192397881], [21.192654681934748, 45.586974336614325], [21.189026402431168, 45.58509661167821], [21.185398386929926, 45.58321874920215], [21.18177063543102, 45.581340749186154], [21.178607288918986, 45.581689347091135]]]}}, {"type": "Feature", "properties": {"band": "light", "dbz": 30.0, "source": "OPERA-ORD", "time": "20260803033500"}, "geometry": {"type": "Polygon", "coordinates": [[[22.090637112551036, 45.26588094000506], [22.084356915545403, 45.26663381055204], [22.079895193257126, 45.26830953141882], [22.0772519456862, 45.27090810260542], [22.07642744594971, 45.274429790954905], [22.077421694047658, 45.27887459646729], [22.07973805888953, 45.282020047421696], [22.08337654047533, 45.28386614381813], [22.088336865479018, 45.284412618711336], [22.09461903390059, 45.28365947210132], [22.099081468494393, 45.28198334633865], [22.101724169260425, 45.279384241423315], [22.102547409886544, 45.27586242424097], [22.101551190372753, 45.27141789479161], [22.099234113225354, 45.26827284873309], [22.095596178444353, 45.26642728606541], [22.090637112551036, 45.26588094000506]]]}}, {"type": "Feature", "properties": {"band": "light", "dbz": 30.0, "source": "OPERA-ORD", "time": "20260803033500"}, "geometry": {"type": "Polygon", "coordinates": [[[22.02722842238039, 45.15480874287434], [22.020960068353553, 45.15555750412576], [22.016505152567596, 45.1572304529749], [22.01386367502252, 45.15982758942175], [22.013035905951252, 45.16334917974364], [22.014021845353795, 45.16779522394056], [22.01500798981255, 45.17224123634968], [22.015994339327513, 45.17668721697099], [22.016980894017728, 45.1811331658103], [22.0179676538832, 45.18557908286761], [22.018954619043054, 45.1900249681487], [22.019941789497295, 45.194470821653574], [22.022250618651015, 45.19761798354328], [22.025881106504198, 45.19946645381782], [22.029017570421033, 45.199091958633275], [22.031660010401517, 45.19649449798963], [22.03248715389067, 45.19297290940494], [22.031499000888495, 45.18852719287921], [22.030511053372813, 45.1840814445479], [22.029523311343617, 45.17963566441105], [22.030350141547963, 45.17611401026322], [22.032991543985844, 45.17351648210442], [22.036126869900578, 45.17314173688576], [22.03975611929217, 45.17498977460726], [22.042065105986342, 45.178136615010224], [22.043053829983094, 45.18258225809465], [22.04404275965837, 45.187027869344156], [22.045031895012166, 45.19147344875874], [22.047342042057004, 45.194620017917316], [22.050973200792892, 45.1964675768199], [22.05410935288059, 45.19609230743368], [22.056750498320106, 45.19349420975867], [22.059391410662244, 45.19089604168974], [22.06203208990699, 45.188297803226895], [22.06648810187802, 45.1866228684011], [22.072759446575326, 45.18587123721237], [22.077214901977726, 45.18419607289006], [22.07985446808523, 45.18159737543418], [22.08067841677856, 45.178075411138444], [22.079686748057718, 45.173630180002846], [22.077375786917685, 45.170484228853184], [22.073745533358462, 45.16863755768947], [22.07011553751746, 45.16679074748781], [22.066485799394684, 45.16494379824818], [22.06285631895815, 45.16309671000187], [22.059227096207856, 45.16124948274886], [22.054278128552426, 45.16070109187774], [22.048009415991853, 45.16145153738852], [22.043060873342224, 45.16090277986273], [22.03943250060353, 45.15905481930036], [22.035804385524095, 45.15720671982653], [22.032176528103907, 45.15535848144127], [22.02722842238039, 45.15480874287434]]]}}, {"type": "Feature", "properties": {"band": "light", "dbz": 30.0, "source": "OPERA-ORD", "time": "20260803033500"}, "geometry": {"type": "Polygon", "coordinates": [[[22.033841938423606, 45.12663468686935], [22.027576835775548, 45.12738381116542], [22.023124296475352, 45.12905704594312], [22.020484320523003, 45.131654391202446], [22.01965717791562, 45.13517611301497], [22.020642868653198, 45.139622211380704], [22.02294903744624, 45.14276956875504], [22.02657568429474, 45.14461818513797], [22.031522538995585, 45.145167794356254], [22.037789601548766, 45.144418396409876], [22.042242850521923, 45.14274475871408], [22.044882285915058, 45.14014688126887], [22.04570817829032, 45.13662503018854], [22.044720527647698, 45.13217920547309], [22.042413649181697, 45.12903225101686], [22.038787542892322, 45.12718416681983], [22.033841938423606, 45.12663468686935]]]}}, {"type": "Feature", "properties": {"band": "light", "dbz": 30.0, "source": "OPERA-ORD", "time": "20260803033500"}, "geometry": {"type": "Polygon", "coordinates": [[[17.511579028636113, 45.55423893967624], [17.505223073708898, 45.55470775805587], [17.500611860376843, 45.55618082230042], [17.497745388639956, 45.558658132409874], [17.49805726191972, 45.560901302327004], [17.501547480216143, 45.5629103320518], [17.50503796596271, 45.56491923528414], [17.508528719159422, 45.56692801202399], [17.51201973985204, 45.56893666224111], [17.51551102804056, 45.570945185935486], [17.518689733778974, 45.570710513449896], [17.521555857067284, 45.568232644784366], [17.522676200978147, 45.56475061766006], [17.52205076551157, 45.56026443207698], [17.51999278735864, 45.55701713708568], [17.51650226651936, 45.55500873268617], [17.511579028636113, 45.55423893967624]]]}}, {"type": "Feature", "properties": {"band": "light", "dbz": 30.0, "source": "OPERA-ORD", "time": "20260803033500"}, "geometry": {"type": "Polygon", "coordinates": [[[17.54971264956071, 45.55141772541227], [17.543357297472454, 45.55188891631448], [17.538747314336256, 45.55336369441415], [17.535882700152126, 45.555842059711296], [17.534763629722306, 45.559324291359324], [17.535390103046804, 45.563810389358245], [17.53744940236349, 45.567057260865425], [17.54094152767236, 45.56906490588085], [17.545866304034554, 45.56983304513807], [17.552223731450074, 45.56936167863705], [17.55683457717801, 45.5678865335474], [17.559698841218363, 45.56540760986911], [17.560816698912717, 45.561925186829896], [17.56018815026107, 45.55743926442975], [17.558127988352645, 45.55419275991256], [17.554636213187443, 45.5521856732783], [17.54971264956071, 45.55141772541227]]]}}, {"type": "Feature", "properties": {"band": "light", "dbz": 30.0, "source": "OPERA-ORD", "time": "20260803033500"}, "geometry": {"type": "Polygon", "coordinates": [[[7.718570697190431, 45.53408677844247], [7.712192743934289, 45.53394398713537], [7.707361524727673, 45.53496444721468], [7.704077039570581, 45.5371481586804], [7.700792287183745, 45.539331759197445], [7.697507267567164, 45.541515248765826], [7.692675313225456, 45.542534787406744], [7.6862964241586225, 45.542390375120185], [7.681560574564142, 45.5411542315578], [7.678467764442016, 45.53882635671958], [7.675375216628411, 45.53649838443807], [7.672282931123327, 45.53417031471328], [7.667547935744505, 45.53293329025291], [7.661170230491943, 45.532787311057], [7.6563381385658005, 45.53380535307248], [7.653051659966076, 45.53598741629936], [7.649764914123082, 45.53816936842898], [7.646477901036821, 45.54035120946132], [7.641645075407021, 45.541368329641415], [7.635266437233681, 45.541220728969265], [7.630433095353992, 45.54223753183506], [7.627145049767954, 45.544418738238825], [7.6254022451825865, 45.547764633263384], [7.62520468159789, 45.55227521690875], [7.623461323706296, 45.555620984582056], [7.6201721715078055, 45.55780193628331], [7.616882751774517, 45.55998277674901], [7.61359306450643, 45.562163505979136], [7.610303109645236, 45.56434412394603], [7.607012887190933, 45.56652463064968], [7.6037223970852095, 45.56870502606239], [7.600431639328064, 45.57088531018415], [7.597140613861183, 45.573065482987275], [7.593849320684566, 45.57524554447174], [7.5890123633355655, 45.576260124321934], [7.582629741814182, 45.57610922253785], [7.577792267724167, 45.57712348455482], [7.57449994106552, 45.579302910372846], [7.5712073465775545, 45.58148222477955], [7.567914484260271, 45.58366142777493], [7.564621354055376, 45.585840519331256], [7.56132795596287, 45.588019499448535], [7.559579610582807, 45.59136411889478], [7.559376317915186, 45.59587437766999], [7.559172982009429, 45.600384618072496], [7.558969602865534, 45.60489484010229], [7.558766180457522, 45.60940504377338], [7.558562714785392, 45.61391522908575], [7.558359205823141, 45.61842539605341], [7.5581556535707675, 45.622935544676366], [7.557952058002246, 45.62744567496863], [7.557748419117576, 45.63195578693018], [7.557544736890714, 45.63646588057503], [7.557341011321655, 45.64097595590319], [7.555590457182934, 45.64432027415287], [7.55229307447455, 45.64649883532408], [7.548995423078191, 45.648677284890674], [7.545697502993857, 45.650855622852646], [7.542399314163058, 45.65303384918216], [7.539100856585792, 45.6552119638792], [7.534255666214362, 45.65622384505965], [7.527863743048769, 45.65606949272351], [7.523018034366294, 45.65708105525607], [7.519718540166935, 45.65925853265735], [7.517965202320074, 45.662602210797445], [7.51775802082571, 45.66711208967635], [7.517550795205777, 45.671621950275316], [7.5173435254602765, 45.676131792594326], [7.517136211562648, 45.680641616647364], [7.516928853512891, 45.68515142243445], [7.518372352260077, 45.68857253691342], [7.5214667078042075, 45.69090496008427], [7.5262119783942625, 45.69214840582448], [7.532608164030242, 45.69230287413405], [7.537456638646008, 45.691291116348594], [7.540757402241562, 45.68911313246814], [7.544057896633292, 45.686935036881586], [7.547358121821198, 45.684756829588935], [7.552205860564033, 45.68374414622128], [7.5586011128618, 45.683896986778606], [7.564996398140919, 45.684049427641256], [7.57139171640139, 45.68420146880924], [7.576238718875493, 45.68318786009551], [7.57953740556323, 45.68100860150007], [7.582835823170175, 45.678829231329125], [7.586133971696327, 45.676649749582694], [7.589331413438084, 45.676725163530236], [7.592428148395446, 45.67905547317175], [7.593876035318628, 45.68247561700637], [7.5936750742076295, 45.68698559503409], [7.595123470306348, 45.69040563940424], [7.598221223614779, 45.692735750116825], [7.602968390586702, 45.69397564099143], [7.609364971222115, 45.69412531202806], [7.614212141826718, 45.69310991364822], [7.617509902400513, 45.6909294458519], [7.620807393788156, 45.68874886657398], [7.6241046159896495, 45.68656817581446], [7.628951048543687, 45.685551852448945], [7.635346691450271, 45.68569989647745], [7.641742366304625, 45.68584754077296], [7.6481380731067485, 45.68599478533548], [7.652983767216411, 45.68497753722097], [7.6562794486336125, 45.68279579642944], [7.659574860988731, 45.68061394428683], [7.662870004281767, 45.67843198079316], [7.666067638681168, 45.67850499660551], [7.669167764186934, 45.68083299172388], [7.672268153787988, 45.683160889205], [7.675368807484332, 45.68548868904886], [7.680117082542948, 45.6867250120156], [7.686512978963839, 45.68686985810522], [7.691358015262329, 45.685850790668354], [7.6946521914384185, 45.68366780970501], [7.697946098562545, 45.681484717502826], [7.701239736634708, 45.67930151406181], [7.7060840330107245, 45.67828152241255], [7.712478987690595, 45.67842474255502], [7.717227656449649, 45.6796595778667], [7.720330039287887, 45.681986028347595], [7.723432686316308, 45.6843123810413], [7.726535597534911, 45.686638635947844], [7.731285125354154, 45.687872587377804], [7.737681269774038, 45.6880142353312], [7.742525425229747, 45.68699274252645], [7.745817591721283, 45.68480810896353], [7.74910948917514, 45.682623364311475], [7.752401117591318, 45.680438508570276], [7.755692477028882, 45.6782535417677], [7.758983567487833, 45.67606846390376], [7.760722581004226, 45.67272072230051], [7.760909517578061, 45.668210316957946], [7.7594514418782685, 45.664792463705886], [7.756348353904847, 45.66246716254432], [7.753245529899928, 45.66014176353256], [7.7501429698635125, 45.657816266670594], [7.748685611050558, 45.654398292369116], [7.748873453461064, 45.64988784062813], [7.747416604739314, 45.64646976600865], [7.74431506488531, 45.64414406851066], [7.74121378875224, 45.641818273224416], [7.7381127763401025, 45.6394923801499], [7.736656643429029, 45.63607418453806], [7.73684539001902, 45.631563686388894], [7.7385841108059585, 45.62821612152267], [7.7418728057898445, 45.62603148993941], [7.745161232476656, 45.62384674736611], [7.748449390866393, 45.62166189380278], [7.748543438099695, 45.61940661073435], [7.745443374176559, 45.617080898160836], [7.7423435736387045, 45.61475508783574], [7.739244036486131, 45.61242917975907], [7.736144762651239, 45.61010317395561], [7.73304575213403, 45.60777707042535], [7.729947004866914, 45.60545086919308], [7.7268485208498925, 45.60312457025879], [7.726943019315303, 45.60086926389879], [7.730230500263144, 45.598684950113054], [7.733517713251953, 45.596500525354266], [7.736804658281728, 45.59431598962241], [7.738542303557455, 45.590968381316046], [7.738730649079136, 45.58645770043519], [7.74046774104708, 45.58310996541826], [7.743753579461291, 45.580925176265254], [7.747039150147563, 45.578740276212564], [7.750324453105897, 45.576555265260176], [7.7520606668592364, 45.57320736950771], [7.752247791407584, 45.568696588955184], [7.750792794929181, 45.5652783270478], [7.747695677424026, 45.56295258378557], [7.744598822634649, 45.560626742844946], [7.74150223056105, 45.558300804225944], [7.740047947290831, 45.55488242113027], [7.740235972823996, 45.55037159355794], [7.7387821971622035, 45.54695311024072], [7.735686620305453, 45.5446269711786], [7.732591305918504, 45.54230073449966], [7.729496254001356, 45.53997440020392], [7.726401464486711, 45.53764796831604], [7.723306937374572, 45.53532143883602], [7.718570697190431, 45.53408677844247]]]}}, {"type": "Feature", "properties": {"band": "echo", "dbz": 35.0, "source": "OPERA-ORD", "time": "20260803033500"}, "geometry": {"type": "Polygon", "coordinates": [[[12.78961533786539, 55.49841360459353], [12.78170940779388, 55.498592311415976], [12.773803410819205, 55.49877051134557], [12.765897346941367, 55.4989482043823], [12.760045948154573, 55.50020308647791], [12.75624921445883, 55.502535157632366], [12.754507258694542, 55.50594479562514], [12.754820080861712, 55.51043200045622], [12.75703216565978, 55.513753147275125], [12.761143513088744, 55.51590823608184], [12.765255313023877, 55.51806318605986], [12.769367565465178, 55.52021799720919], [12.773480270532914, 55.522372669480454], [12.77759342822708, 55.52452720287366], [12.783605659843092, 55.52551504815294], [12.79151696538095, 55.525336205318276], [12.79737079546711, 55.5240801184748], [12.801167150101573, 55.52174678762252], [12.802906143881465, 55.51833659080062], [12.802587776806785, 55.51384952800913], [12.802269495089863, 55.50936246199302], [12.801951298730705, 55.5048753927523], [12.79973622613863, 55.50155495639453], [12.795624277313639, 55.49940115291972], [12.78961533786539, 55.49841360459353]]]}}, {"type": "Feature", "properties": {"band": "echo", "dbz": 35.0, "source": "OPERA-ORD", "time": "20260803033500"}, "geometry": {"type": "Polygon", "coordinates": [[[13.836658011209371, 55.16556644567561], [13.832955465249192, 55.167931177347064], [13.829252487703446, 55.17029579783971], [13.825549078572132, 55.17266030715355], [13.821845237711626, 55.17502470524735], [13.818140965121923, 55.17738899212111], [13.814436260659367, 55.17975316773359], [13.810731124323956, 55.18211723208478], [13.804959110364798, 55.183421053108106], [13.797120218781895, 55.18366463080357], [13.791347289990831, 55.18496810486598], [13.787640323991607, 55.18733147529534], [13.78599947260566, 55.19075511499382], [13.786424735832995, 55.19523902396143], [13.7868501120722, 55.199722928352486], [13.787275601323273, 55.20420682816699], [13.789555832183071, 55.20750899937097], [13.793690804651597, 55.20962944196445], [13.797612486635796, 55.20950782778989], [13.80132087813567, 55.2071441568473], [13.805028837020478, 55.20478037452135], [13.808736363290219, 55.20241648081204], [13.812443457088856, 55.200052475760714], [13.816150118416385, 55.19768835936736], [13.819856347416732, 55.1953241316733], [13.823562144089898, 55.192959792678565], [13.827267508579771, 55.190595342424395], [13.830972440886352, 55.1882307809108], [13.834676941153496, 55.18586610817909], [13.838381009381203, 55.183501324229255], [13.842084645713292, 55.18113642910252], [13.845787850149764, 55.17877142279891], [13.847423544817035, 55.175347078525206], [13.846991729715105, 55.17086339628142], [13.844709187670471, 55.16756218632962], [13.84057591868313, 55.16544344866979], [13.836658011209371, 55.16556644567561]]]}}, {"type": "Feature", "properties": {"band": "echo", "dbz": 35.0, "source": "OPERA-ORD", "time": "20260803033500"}, "geometry": {"type": "Polygon", "coordinates": [[[14.052582249999059, 54.83361816286346], [14.044812514353682, 54.83387733333732], [14.039097060965902, 54.835192317693156], [14.035435889835721, 54.837563115930976], [14.031774296066178, 54.83993380461341], [14.028112279657277, 54.84230438374044], [14.022395360013878, 54.84361829686212], [14.01462353713598, 54.84387554397844], [14.008905719374823, 54.84518911495549], [14.005241906730406, 54.84755900979327], [14.003632256317255, 54.85098559719185], [14.004076768135372, 54.855468877151225], [14.006354044752701, 54.85876717789041], [14.010464086169243, 54.86088049940941], [14.016406735114819, 54.861808472818524], [14.024181991589428, 54.86155109811773], [14.0301254591501, 54.86247866541278], [14.03423713779683, 54.86459117470367], [14.0365171857406, 54.867888994857196], [14.036965602981411, 54.872372125873355], [14.039246575372982, 54.87566978566244], [14.04336010291531, 54.87778197422443], [14.047474066492395, 54.879894021045565], [14.051588466104235, 54.88200592612584], [14.055703301858431, 54.88411768941672], [14.059818573754987, 54.88622931091822], [14.065766135802026, 54.887154846003625], [14.073545987999548, 54.886894294672956], [14.079267344300474, 54.88557796492483], [14.082930204704805, 54.88320585675924], [14.084534729514136, 54.87977833925184], [14.084080918728464, 54.875295412402636], [14.083627227382994, 54.870812480179964], [14.083173655477722, 54.86632954258383], [14.08272020292082, 54.86184659960183], [14.082266869712289, 54.857363651233975], [14.079983704850315, 54.85406669753691], [14.075870708334904, 54.85195573851063], [14.071758147141134, 54.84984463773059], [14.067646021269004, 54.847733395196784], [14.06536438784108, 54.84443625663057], [14.06491324685736, 54.83995322203196], [14.062632536729561, 54.83665592295612], [14.058522257457687, 54.83454435940306], [14.052582249999059, 54.83361816286346]]]}}, {"type": "Feature", "properties": {"band": "echo", "dbz": 35.0, "source": "OPERA-ORD", "time": "20260803033500"}, "geometry": {"type": "Polygon", "coordinates": [[[13.86436800543633, 54.82176569839641], [13.856599512670366, 54.822012821556996], [13.848830931169905, 54.82225944797514], [13.841062260934944, 54.82250557765085], [13.835341919496646, 54.82381098933536], [13.831669906855012, 54.826175683028644], [13.830046373147425, 54.829600027418145], [13.830471318373887, 54.834084022503845], [13.830896375415303, 54.83856801242581], [13.831321544271677, 54.84305199718407], [13.82969695285539, 54.84647625129668], [13.826022601166438, 54.848840774763644], [13.8223478259221, 54.85120518783512], [13.818672627122377, 54.85356949051112], [13.817046976737842, 54.85699365430503], [13.817470874768501, 54.86147767921687], [13.819733231538958, 54.86477952245806], [13.823834047049214, 54.8668991840286], [13.829773171263977, 54.86783629472173], [13.83755060418325, 54.86759085453746], [13.843276769655919, 54.86628561401244], [13.846951667681985, 54.86392057314668], [13.850626141909967, 54.86155542194901], [13.854300192339863, 54.85919016041943], [13.858188345817595, 54.85906670958763], [13.862290602343164, 54.861185069453605], [13.864556370284118, 54.86448616521686], [13.864985649640456, 54.86896999687739], [13.867252339600045, 54.87227093375063], [13.871356440162883, 54.87438897583659], [13.877297799364854, 54.87532375390505], [13.88507641720596, 54.87507526795601], [13.890802124837556, 54.87376779179273], [13.894474922259642, 54.87140132541522], [13.898147295840733, 54.86903474887153], [13.901819245580832, 54.866668062161665], [13.905490771620101, 54.86430126532596], [13.909161873958539, 54.86193435836442], [13.910780321370883, 54.85850907646288], [13.910346113857134, 54.85402541962135], [13.908077214079697, 54.850725185248244], [13.903973622038578, 54.84860837334358], [13.89987046523424, 54.84649142038943], [13.895767743666688, 54.8443743263858], [13.89350036555063, 54.841073909562134], [13.893068330886067, 54.83659016991844], [13.890801873652645, 54.833289594057625], [13.886700993850367, 54.83117218197969], [13.882600548840681, 54.8290546289846], [13.878500538623587, 54.82693693507237], [13.874400963091107, 54.82481910029122], [13.870301822243242, 54.82270112464115], [13.86436800543633, 54.82176569839641]]]}}, {"type": "Feature", "properties": {"band": "echo", "dbz": 35.0, "source": "OPERA-ORD", "time": "20260803033500"}, "geometry": {"type": "Polygon", "coordinates": [[[21.423345682450666, 53.841536070640956], [21.415836570968217, 53.842262922758486], [21.408327216302144, 53.84298930149103], [21.400817618452443, 53.84371520683858], [21.395490098948535, 53.845366037765885], [21.392344657790428, 53.84794179427293], [21.39138170857986, 53.85144281554642], [21.392601251316833, 53.85586910158639], [21.39382110276604, 53.86029536645095], [21.395041262927492, 53.86472161014011], [21.39783514408056, 53.867859857062385], [21.40220274622525, 53.86971010721778], [21.40814365506157, 53.870272021180845], [21.415657870589513, 53.86954559895159], [21.423171842378466, 53.868818703021375], [21.430685570428423, 53.86809133339018], [21.43601446412892, 53.86643920494495], [21.439158523479954, 53.86386231768567], [21.44011816396454, 53.86036101087688], [21.43889338558268, 53.85593528451859], [21.437668917011145, 53.85150953685161], [21.436444758249937, 53.84708376787595], [21.43364956869997, 53.843946323686644], [21.42928334836125, 53.842097204283675], [21.423345682450666, 53.841536070640956]]]}}, {"type": "Feature", "properties": {"band": "echo", "dbz": 35.0, "source": "OPERA-ORD", "time": "20260803033500"}, "geometry": {"type": "Polygon", "coordinates": [[[19.244473935772774, 53.93216480567814], [19.236918633350236, 53.93275378507462], [19.23149995191358, 53.93430756983194], [19.22821789146281, 53.936826159950115], [19.227072790905893, 53.94030990273649], [19.22806465024283, 53.94475879819105], [19.229056762480496, 53.949207678191186], [19.23004912761889, 53.95365654273687], [19.232683581098684, 53.95684601445257], [19.236960122919875, 53.95877609333829], [19.242878413596152, 53.95944643183267], [19.25043845312751, 53.958857029935714], [19.255859431670395, 53.957302659068596], [19.25914134922479, 53.95478331923132], [19.260284546009792, 53.951299357910045], [19.2592890220254, 53.94685077510477], [19.258293751715513, 53.9424021767716], [19.25729873508015, 53.93795356291053], [19.254663816817857, 53.934764520979975], [19.25038899692865, 53.93283505097993], [19.244473935772774, 53.93216480567814]]]}}, {"type": "Feature", "properties": {"band": "echo", "dbz": 35.0, "source": "OPERA-ORD", "time": "20260803033500"}, "geometry": {"type": "Polygon", "coordinates": [[[8.94775299735863, 54.15093003630547], [8.940101370020102, 54.150862540651644], [8.934333602879136, 54.15193461366918], [8.930449695935737, 54.15414625535807], [8.92844960903954, 54.157497829125774], [8.928333342190541, 54.16198933497229], [8.930159858855657, 54.16537502826106], [8.933929159034886, 54.16765490899209], [8.937698872872003, 54.16993467043985], [8.941469000367011, 54.17221431260434], [8.945239541642803, 54.17449383544385], [8.949010496699383, 54.176773238958376], [8.952838397446918, 54.17680676262961], [8.956723243885408, 54.17459440645756], [8.958722169637644, 54.17124246348447], [8.958835174703625, 54.166750933710325], [8.958948150537442, 54.162259399511626], [8.959061097139095, 54.15776786088836], [8.957232880586915, 54.15438251471564], [8.953463500880904, 54.152103360993465], [8.94775299735863, 54.15093003630547]]]}}, {"type": "Feature", "properties": {"band": "echo", "dbz": 35.0, "source": "OPERA-ORD", "time": "20260803033500"}, "geometry": {"type": "Polygon", "coordinates": [[[9.089629896405611, 53.96340711151483], [9.082012538968826, 53.96334871551191], [9.076274480036366, 53.96442769706648], [9.07241571960823, 53.966644056178545], [9.070436223271745, 53.96999815423379], [9.070335991026909, 53.97448999123222], [9.068355659165213, 53.977843956932965], [9.064495227686658, 53.98006005133602], [9.060634383991928, 53.9822760192589], [9.056773128081023, 53.98449186070162], [9.054791510265185, 53.987845683322604], [9.054689530544412, 53.99233748712185], [9.054587524547582, 53.996829286253856], [9.0544854922747, 54.0013210807186], [9.054383433705997, 54.005812870530136], [9.054281348841478, 54.0103046556885], [9.054179237661351, 54.01479643620774], [9.054077100165625, 54.01928821208787], [9.055907686848682, 54.02267209241], [9.059670997710526, 54.024948077174116], [9.06343471907915, 54.02722394256497], [9.06719885095455, 54.02949968858256], [9.07096339345773, 54.031775315185385], [9.074728346588687, 54.03405082237346], [9.078543183467676, 54.03408031701948], [9.082407904094694, 54.03186379912345], [9.084389711901725, 54.02850964248633], [9.084488606888765, 54.02401784710811], [9.084587476389279, 54.01952604711251], [9.084686320403268, 54.01503424249951], [9.086666840486938, 54.01167994304309], [9.090529036640287, 54.00946314874325], [9.094390819968785, 54.007246227997356], [9.098252190472431, 54.005029180805394], [9.100231424269554, 54.001674738626654], [9.100328521360153, 53.99718290146114], [9.100425593445179, 53.992691059639704], [9.100522640524629, 53.98819921316237], [9.100619662617294, 53.983707362015025], [9.100716659723176, 53.97921550619767], [9.100813631861044, 53.974723645696244], [9.1009105790309, 53.970231780510744], [9.099078933242872, 53.96684846331757], [9.09531869449696, 53.964573694116716], [9.089629896405611, 53.96340711151483]]]}}, {"type": "Feature", "properties": {"band": "echo", "dbz": 35.0, "source": "OPERA-ORD", "time": "20260803033500"}, "geometry": {"type": "Polygon", "coordinates": [[[8.969087752931687, 53.90851311468552], [8.961480569764293, 53.90844702974222], [8.955746946321185, 53.909520228697005], [8.951886882602363, 53.91173271154986], [8.949900339842408, 53.9150848390459], [8.949787318041317, 53.91957661118512], [8.947799940622525, 53.92292860551048], [8.943938207586035, 53.92514082202198], [8.940076063493667, 53.927352911752045], [8.936213508345425, 53.929564874700674], [8.934224842298246, 53.93291672449754], [8.934110065352131, 53.93740846114264], [8.933995258876148, 53.94190019300316], [8.933880422870299, 53.946391920079094], [8.9318904667605, 53.94974362524911], [8.928025390546754, 53.951955308513206], [8.924159902628652, 53.95416686485355], [8.9202940030062, 53.95637829427015], [8.918302755397551, 53.95972985471475], [8.918186159802708, 53.96422154618736], [8.920003334677126, 53.967607531259176], [8.923754280020807, 53.96988780993019], [8.929439035917675, 53.97106202079422], [8.93705760236773, 53.97113016385124], [8.942799875068705, 53.97005815935227], [8.946665854020598, 53.9678460072973], [8.948655499939361, 53.96449406910145], [8.948768812824994, 53.96000234476471], [8.950757621918115, 53.956650273283], [8.95462192721872, 53.954437854656334], [8.958485820841757, 53.952225309222946], [8.96234930278722, 53.95001263698284], [8.964336822059842, 53.94666042114452], [8.964448378659615, 53.94216866170799], [8.964559906572411, 53.937676897495464], [8.964671405798232, 53.93318512850695], [8.966657636685142, 53.92983276841018], [8.970518599233147, 53.927619817205134], [8.974379150752284, 53.92540673933552], [8.978239291242557, 53.92319353480134], [8.980224235176562, 53.91984103054405], [8.980333982554303, 53.91534922656364], [8.978514478311224, 53.91196403271937], [8.974765722447332, 53.909685449011235], [8.969087752931687, 53.90851311468552]]]}}, {"type": "Feature", "properties": {"band": "echo", "dbz": 35.0, "source": "OPERA-ORD", "time": "20260803033500"}, "geometry": {"type": "Polygon", "coordinates": [[[15.851191366034929, 53.77791707460688], [15.843629799970149, 53.77829008934744], [15.83606810833783, 53.77866262292632], [15.828506291137973, 53.77903467534351], [15.822990576520148, 53.78043234527381], [15.819520964484362, 53.78285563271722], [15.818097668265121, 53.7863048916838], [15.818720687862434, 53.79078012217353], [15.819343866567003, 53.79525534350286], [15.819967204378827, 53.799730555671786], [15.82232647029841, 53.80299406209392], [15.82642166432575, 53.80504586276925], [15.832252572860511, 53.80588560341948], [15.839819195902697, 53.80551328404461], [15.84738569308599, 53.805140483168394], [15.85495206441039, 53.804767200790856], [15.860469699309371, 53.80336832571042], [15.863938597782932, 53.800943857927095], [15.865358974734498, 53.797494151634716], [15.864730830164072, 53.79301920683328], [15.864102845909196, 53.78854425280123], [15.863475021969867, 53.78406928953857], [15.861113869766982, 53.78080649773958], [15.85701938930054, 53.778755877404265], [15.851191366034929, 53.77791707460688]]]}}, {"type": "Feature", "properties": {"band": "echo", "dbz": 35.0, "source": "OPERA-ORD", "time": "20260803033500"}, "geometry": {"type": "Polygon", "coordinates": [[[9.078062624090899, 53.88357361685184], [9.07421146542842, 53.88579008294262], [9.070359896778273, 53.888006422872934], [9.066507918140461, 53.8902226366428], [9.062655529402393, 53.89243872420924], [9.05880273056407, 53.89465468557228], [9.058752424243849, 53.89690064093772], [9.06250461044173, 53.89917659030557], [9.06625720420222, 53.90145242063463], [9.07001020552532, 53.90372813192487], [9.071836770218907, 53.90711193930442], [9.07173689828298, 53.91160384277326], [9.073564267080194, 53.91498753223115], [9.077318876610544, 53.917263007678095], [9.081123037068409, 53.9172924099529], [9.08497674845379, 53.91507573905558], [9.086952721804636, 53.91172144479339], [9.08705095712094, 53.90722952716636], [9.087149167198383, 53.90273760473889], [9.08724735203696, 53.89824567751098], [9.087345511655586, 53.893753745468544], [9.087443646054263, 53.889261808611586], [9.085616585795735, 53.88587822608894], [9.081864330880006, 53.88360299790061], [9.078062624090899, 53.88357361685184]]]}}, {"type": "Feature", "properties": {"band": "echo", "dbz": 35.0, "source": "OPERA-ORD", "time": "20260803033500"}, "geometry": {"type": "Polygon", "coordinates": [[[15.805031043810493, 53.554894114875886], [15.797508995126545, 53.55526395889952], [15.792021139090348, 53.55666008995115], [15.788567475701901, 53.559082508030784], [15.78714821421655, 53.56253156483754], [15.787763354634292, 53.56700726037144], [15.790106117642283, 53.57027170304952], [15.794176503240525, 53.57232489287178], [15.799974301974313, 53.57316647796596], [15.807499513843654, 53.57279645833208], [15.812988741743208, 53.571399887713056], [15.816441985672977, 53.56897676610889], [15.817859455836423, 53.56552744534496], [15.81724115223355, 53.561051925421275], [15.8148970173622, 53.55778792231059], [15.810827051222377, 53.55573543601291], [15.805031043810493, 53.554894114875886]]]}}, {"type": "Feature", "properties": {"band": "echo", "dbz": 35.0, "source": "OPERA-ORD", "time": "20260803033500"}, "geometry": {"type": "Polygon", "coordinates": [[[7.437176901500486, 53.5707349590794], [7.429634298579675, 53.57057121604458], [7.422091750495224, 53.570406992046536], [7.414549257247136, 53.570242287085286], [7.408823340175942, 53.571240899420374], [7.40491399928164, 53.573402829051815], [7.4047762464824665, 53.57564748021071], [7.408410081778419, 53.57797485289706], [7.412044313823466, 53.58030211363949], [7.415678942617609, 53.58262926243801], [7.417358799635358, 53.58603748875028], [7.417083884876711, 53.5905267925763], [7.414990854303986, 53.59385250235353], [7.411079707917181, 53.596014618081966], [7.40535053975002, 53.5970127833133], [7.397803349802506, 53.59684699804753], [7.3920734038186025, 53.59784478105562], [7.38816070179831, 53.60000613233757], [7.388021936334762, 53.60225074562801], [7.391657107427957, 53.60457862092694], [7.395292675830746, 53.6069063842793], [7.39892864154313, 53.60923403568508], [7.40060815409917, 53.61264247555039], [7.4003312134988635, 53.617131703875216], [7.40005420228459, 53.621620926203974], [7.399777120456349, 53.62611014253668], [7.399499967961655, 53.630599352886804], [7.39922274480051, 53.63508855725435], [7.398945450920374, 53.63957775565282], [7.398668086321248, 53.64406694808222], [7.398390650950542, 53.64855613455601], [7.398113144808256, 53.653045315074195], [7.399794604325967, 53.65645365353757], [7.403435029503673, 53.65878114994612], [7.407213872481615, 53.658863930148826], [7.411131133259791, 53.656701994145685], [7.4150479880465605, 53.65453992629751], [7.418964436841923, 53.65237772660429], [7.422880479749602, 53.650215395109846], [7.4267961167695935, 53.64805293181417], [7.428891009854354, 53.64472706457891], [7.429165159003882, 53.640237793404076], [7.42943923825187, 53.63574851628088], [7.429713247598317, 53.631259233209306], [7.429987187095157, 53.62676994417587], [7.430261056742388, 53.62228064918055], [7.432354094543946, 53.618954600048355], [7.436266300499833, 53.61679179677926], [7.440178101395241, 53.61462886188765], [7.444089497230172, 53.612465795373524], [7.44618118813462, 53.60913958318113], [7.446453174108586, 53.60465022531047], [7.446725090796011, 53.60016086144766], [7.446996938196894, 53.595671491592704], [7.44726871636266, 53.591182115732074], [7.44754042529331, 53.586692733865775], [7.447812065040215, 53.58220334598029], [7.448083635603374, 53.57771395207562], [7.446401616403938, 53.57430614899167], [7.442766007441907, 53.571979936728425], [7.437176901500486, 53.5707349590794]]]}}, {"type": "Feature", "properties": {"band": "echo", "dbz": 35.0, "source": "OPERA-ORD", "time": "20260803033500"}, "geometry": {"type": "Polygon", "coordinates": [[[7.4818978653217325, 53.58068628977906], [7.474353335274579, 53.580525394351596], [7.468627457260675, 53.581526899752355], [7.464720231280021, 53.583690805981334], [7.462631565344566, 53.58701746936765], [7.46236145945431, 53.5915068899113], [7.462091284736256, 53.595996304459455], [7.461821041190406, 53.600485713012105], [7.461550728765639, 53.60497511558279], [7.461280347461952, 53.60946451217149], [7.461009897228174, 53.61395390279175], [7.460739378064305, 53.61844328744356], [7.458648358678874, 53.62176975083489], [7.454736839071883, 53.62393329296574], [7.450824914198657, 53.62609670350074], [7.446912584059198, 53.62825998243991], [7.446776819303039, 53.63050465616054], [7.450417619930182, 53.632830724662654], [7.456015045487813, 53.634074803548906], [7.463569095975934, 53.6342368928193], [7.469301942591466, 53.6332359285061], [7.473213585334408, 53.63107191060932], [7.477124822709089, 53.62890776118712], [7.481035654715511, 53.626743480239504], [7.484946081457438, 53.62457906781016], [7.488856102934872, 53.62241452389908], [7.4909447676438585, 53.619087521222596], [7.491212075584399, 53.61459805978072], [7.49147931541082, 53.610108592390574], [7.491746487123123, 53.605619119052164], [7.4920135907718794, 53.60112963975195], [7.492280626357085, 53.59664015448995], [7.492547593929265, 53.592150663252596], [7.4928144934884156, 53.58766116603993], [7.49112849003732, 53.58425399744839], [7.4874895835759805, 53.58192915747799], [7.4818978653217325, 53.58068628977906]]]}}, {"type": "Feature", "properties": {"band": "echo", "dbz": 35.0, "source": "OPERA-ORD", "time": "20260803033500"}, "geometry": {"type": "Polygon", "coordinates": [[[7.624278732121372, 53.46676290614674], [7.616754031755977, 53.46661114141485], [7.611047052238791, 53.46761961885373], [7.607157793569815, 53.469788338463374], [7.605086169520988, 53.47311765546799], [7.604832180092311, 53.47760756986757], [7.60275972370699, 53.480936744217615], [7.598868800365025, 53.4831051785181], [7.594977475054396, 53.485273482215284], [7.591085747775103, 53.48744165530917], [7.5909582576248855, 53.48968659430341], [7.594595004603744, 53.492008299198005], [7.600178068256977, 53.493245568136366], [7.607707448584583, 53.4933984011185], [7.613417658001989, 53.49239036350557], [7.617308696509194, 53.49022145529759], [7.619380477954444, 53.48689203199595], [7.61963300233774, 53.48240209360064], [7.62170395120123, 53.47907252773491], [7.625593324544916, 53.476903334398735], [7.629482296128213, 53.47473401060224], [7.6333708659511235, 53.47256455634542], [7.6334966337229515, 53.470319569040925], [7.629859599443696, 53.46799904868877], [7.624278732121372, 53.46676290614674]]]}}, {"type": "Feature", "properties": {"band": "echo", "dbz": 35.0, "source": "OPERA-ORD", "time": "20260803033500"}, "geometry": {"type": "Polygon", "coordinates": [[[5.2776636916391215, 53.008924106865685], [5.27022993939992, 53.00862318583242], [5.26279628434293, 53.0083217922494], [5.255362726468153, 53.00801992611662], [5.2496634640187745, 53.008913842896774], [5.2456984969947955, 53.01100354258986], [5.245450589944985, 53.0132445451918], [5.248919742869345, 53.015636850702606], [5.252389274434819, 53.018029053490686], [5.255859184641409, 53.02042115355605], [5.2593294736114915, 53.022813150863634], [5.262800141345066, 53.02520504541343], [5.268253892826655, 53.026551523494085], [5.275690728056259, 53.026852585105594], [5.281391458309531, 53.02595766427912], [5.285356083586471, 53.02386676101468], [5.287584438573254, 53.02058022328651], [5.288076523269879, 53.016098051094616], [5.286587066153324, 53.01266136559458], [5.283116067223589, 53.010270166786405], [5.2776636916391215, 53.008924106865685]]]}}, {"type": "Feature", "properties": {"band": "echo", "dbz": 35.0, "source": "OPERA-ORD", "time": "20260803033500"}, "geometry": {"type": "Polygon", "coordinates": [[[12.260914887456558, 52.86666143712393], [12.253494542288962, 52.86680516339178], [12.246074151225695, 52.866948417343124], [12.238653714266757, 52.86709119897797], [12.233146269516748, 52.86832088513049], [12.229551816975665, 52.87063747580069], [12.227870434333406, 52.87404132003607], [12.22810212158997, 52.878532417836624], [12.230131805681522, 52.88186520375842], [12.233959486608057, 52.884039677801475], [12.237787556131465, 52.88621402368826], [12.241616014251749, 52.88838824141879], [12.243646974252057, 52.89172086877406], [12.243880436132388, 52.89621190575407], [12.245912199787524, 52.89954439312197], [12.249742265217465, 52.90171833087774], [12.255370554027957, 52.90273336963047], [12.262797066219, 52.902589509380135], [12.270223532072361, 52.902445176383374], [12.277649951588042, 52.90230037064019], [12.283160204067434, 52.90106885762506], [12.286754289510537, 52.89875063733799], [12.288432287556438, 52.89534605913863], [12.288194198205137, 52.89085512302697], [12.286159837322597, 52.88752328010673], [12.282329204908821, 52.88535053037789], [12.278498961101592, 52.88317765232857], [12.274669105900905, 52.881004645958775], [12.27263602314112, 52.87767264392642], [12.27239971282223, 52.8731816462315], [12.270367433257178, 52.869849504035535], [12.266539184445962, 52.86767621733851], [12.260914887456558, 52.86666143712393]]]}}, {"type": "Feature", "properties": {"band": "echo", "dbz": 35.0, "source": "OPERA-ORD", "time": "20260803033500"}, "geometry": {"type": "Polygon", "coordinates": [[[22.059852545880315, 51.22966811672702], [22.052784532986486, 51.23042986773718], [22.04777951919989, 51.2321070169096], [22.044837504520526, 51.23469956424429], [22.04189517415827, 51.23729203620563], [22.038952528113114, 51.239884432793644], [22.036009566268923, 51.242476753984526], [22.03306628862569, 51.245068999778276], [22.033658463624274, 51.247281012807726], [22.037786091264678, 51.249112793072875], [22.04338545492099, 51.249648083608086], [22.050456554593218, 51.24888688441336], [22.055463177792305, 51.247209878188656], [22.058405324518255, 51.244617064933955], [22.06134715551775, 51.24202417634974], [22.064288670790795, 51.23943121243599], [22.06722987045357, 51.23683817321648], [22.070170754506073, 51.234245058691236], [22.06957753548105, 51.23203318637694], [22.065450213378504, 51.2302025562736], [22.059852545880315, 51.22966811672702]]]}}, {"type": "Feature", "properties": {"band": "echo", "dbz": 35.0, "source": "OPERA-ORD", "time": "20260803033500"}, "geometry": {"type": "Polygon", "coordinates": [[[10.304047638851662, 51.22505646248363], [10.296893653552205, 51.22507551170092], [10.28973966282948, 51.22509410737268], [10.282585666683481, 51.22511224949891], [10.277226872766985, 51.22624977691106], [10.273663281079987, 51.228506689609134], [10.271894900360333, 51.2318833210672], [10.271921730608025, 51.23637967128526], [10.271948567307085, 51.24087601260082], [10.271975410457516, 51.24537234501388], [10.272002260063811, 51.249868668538575], [10.27202911612597, 51.25436498317492], [10.272055978648483, 51.258861288937084], [10.272082847631355, 51.263357585825055], [10.272109723079083, 51.26785387385298], [10.272136604991665, 51.272350153020845], [10.273947389983146, 51.27571798782178], [10.277542078053521, 51.27795737825578], [10.282920660432069, 51.27906799034685], [10.290083137118788, 51.279049824095004], [10.295447562056996, 51.277911964639664], [10.29901393524669, 51.27565441198083], [10.300782266102082, 51.27227750009241], [10.300752554623173, 51.2677812289744], [10.302520182057796, 51.26440419904597], [10.306085148405952, 51.2621464103071], [10.309649761633548, 51.25988850694542], [10.313214021740583, 51.25763048896093], [10.314980603634956, 51.254253328832675], [10.314949507316662, 51.249757026560665], [10.314918418473496, 51.24526071539723], [10.314887337105459, 51.24076439534236], [10.314856263207346, 51.23626806638191], [10.31482519677916, 51.23177172851589], [10.31301340554915, 51.2284044041559], [10.30942088951731, 51.226166093301956], [10.304047638851662, 51.22505646248363]]]}}, {"type": "Feature", "properties": {"band": "echo", "dbz": 35.0, "source": "OPERA-ORD", "time": "20260803033500"}, "geometry": {"type": "Polygon", "coordinates": [[[21.994851170939327, 50.09987433479553], [21.99197014455676, 50.102465991852604], [21.9910990150665, 50.105975665980324], [21.992237782468543, 50.1104033571787], [21.99481768777248, 50.113535140138026], [21.998838730978314, 50.11537101485831], [22.002860101337124, 50.11720673542917], [22.00688179884891, 50.119042301850584], [22.010903823557292, 50.1208777140821], [22.01492617546227, 50.1227129721237], [22.020389081442033, 50.12325181668217], [22.027292541496582, 50.122494247757515], [22.03218420065536, 50.12081912974732], [22.03506405891838, 50.11822646265158], [22.03449271885701, 50.11601285634652], [22.03047018047124, 50.114178310832145], [22.02644796912747, 50.11234361108498], [22.022426084825696, 50.11050875710503], [22.018404527522392, 50.10867374893276], [22.014383297217556, 50.10683858656817], [22.010362393867645, 50.10500327005172], [22.00634181747266, 50.1031677993834], [22.00232156798903, 50.10133217460368], [21.998301645416745, 50.09949639571255], [21.994851170939327, 50.09987433479553]]]}}, {"type": "Feature", "properties": {"band": "echo", "dbz": 35.0, "source": "OPERA-ORD", "time": "20260803033500"}, "geometry": {"type": "Polygon", "coordinates": [[[21.386266650636017, 48.5819763779716], [21.38343422262688, 48.584553530497786], [21.380601516793078, 48.5871306082414], [21.377768533134606, 48.58970761120245], [21.374935271556275, 48.59228453935993], [21.372101732058074, 48.59486139271385], [21.371200915561467, 48.59836960259531], [21.37223282206645, 48.60280916900432], [21.374682080836738, 48.60596023660068], [21.37854869187232, 48.6078228053844], [21.3838323488517, 48.60839658239492], [21.390533051774874, 48.60768156763222], [21.395299866559302, 48.60603534070744], [21.398132793204994, 48.60345790162059], [21.399032138495897, 48.59994954326512], [21.39799790243201, 48.59551026564103], [21.396963897216562, 48.59107096145834], [21.39593012284955, 48.58663163071704], [21.393480642909676, 48.58348092443691], [21.38961545739695, 48.58161884261797], [21.386266650636017, 48.5819763779716]]]}}, {"type": "Feature", "properties": {"band": "echo", "dbz": 35.0, "source": "OPERA-ORD", "time": "20260803033500"}, "geometry": {"type": "Polygon", "coordinates": [[[21.437471306611297, 48.33077666292364], [21.43465433288203, 48.33335534171172], [21.43183708502272, 48.33593394608718], [21.429019563033375, 48.33851247605001], [21.42620176682044, 48.34109093157956], [21.42338369638392, 48.343669312675814], [21.42248904930429, 48.34717843111365], [21.423517825581555, 48.351618286893036], [21.425956212072094, 48.35476888024877], [21.4298042087759, 48.35663021118084], [21.435061512141647, 48.35720198882581], [21.441728122169344, 48.35648421318365], [21.446470158747875, 48.35483584404399], [21.449287621877247, 48.3522568814068], [21.45018081556244, 48.348747616069076], [21.449149739803456, 48.34430804803081], [21.448118892917506, 48.339868453038086], [21.44708827490459, 48.3354288310909], [21.444649672792583, 48.33227859597038], [21.44080308658148, 48.33041774767653], [21.437471306611297, 48.33077666292364]]]}}, {"type": "Feature", "properties": {"band": "echo", "dbz": 35.0, "source": "OPERA-ORD", "time": "20260803033500"}, "geometry": {"type": "Polygon", "coordinates": [[[6.442314581133086, 48.01592738603906], [6.435630637167154, 48.01570353586005], [6.430537810732822, 48.016660075737875], [6.4270361018300886, 48.01879700567253], [6.423534091236509, 48.02093381554854], [6.420031778952085, 48.02307050536588], [6.4149381654542745, 48.02402606294985], [6.408253250743081, 48.023800488300445], [6.40156839124605, 48.02357449378763], [6.394883586963182, 48.023348079411406], [6.388198838097733, 48.02312124518275], [6.3815141446496995, 48.02289399110165], [6.376419530189592, 48.023847924930806], [6.372914994717409, 48.02598304667021], [6.37100044220014, 48.029299659723975], [6.370675872637786, 48.0337977640921], [6.36876068430603, 48.037114237780415], [6.365254877204869, 48.03924908078892], [6.361748768093074, 48.04138380349338], [6.358242356970641, 48.043518405893806], [6.358079665534781, 48.04576742366909], [6.3612606937854945, 48.04813085681925], [6.364442015801413, 48.05049419261612], [6.367623631582536, 48.05285743105969], [6.37080554121118, 48.055220572122764], [6.3739877446873425, 48.05758361580535], [6.377170242093357, 48.05994656208022], [6.380353033429223, 48.06230941094739], [6.380190792878512, 48.064558421126264], [6.376683520441226, 48.066693592616836], [6.373175945586042, 48.068828643776286], [6.369668068312961, 48.07096357460462], [6.36775148195348, 48.07428001586909], [6.367426186507596, 48.07877796756971], [6.367100818334262, 48.0832759040435], [6.366775377433479, 48.08777382529044], [6.366449863758784, 48.09227173132387], [6.366124277310178, 48.096769622143775], [6.367553896201172, 48.10020010868973], [6.370738720431767, 48.10256319096173], [6.375678846557543, 48.10385856491241], [6.382374274578502, 48.104086230541746], [6.387315022013926, 48.10538130815629], [6.3905010888638145, 48.10774379775604], [6.3919323790272005, 48.11117400342317], [6.391608892504082, 48.115671925157706], [6.391285333599605, 48.12016983173993], [6.390961702313769, 48.12466772316985], [6.392393740541421, 48.128097823824305], [6.395581448282563, 48.13046013370331], [6.400524921576653, 48.1317543485075], [6.407224160423691, 48.13198046823687], [6.413923454732633, 48.13220616708335], [6.420622804503481, 48.13243144504696], [6.425567282252437, 48.13372474318484], [6.428756887979497, 48.13608606149699], [6.431946788902294, 48.13844728210613], [6.435136985020826, 48.14080840501225], [6.440082466953996, 48.14210078617581], [6.446783234701805, 48.1423244255968], [6.453484057333929, 48.142547644017746], [6.46018493485037, 48.14277044143865], [6.46513142069627, 48.14406190531989], [6.4683235148716305, 48.14642203566146], [6.471515904476254, 48.14878206816065], [6.474708589510138, 48.151142002817465], [6.478059409696522, 48.15125278116967], [6.481568365035402, 48.14911440321725], [6.485077016779417, 48.1469759050954], [6.488585364928568, 48.14483728680413], [6.49369014118312, 48.143878113303764], [6.500391345543073, 48.144098384594294], [6.507092603966459, 48.144318234841556], [6.513793916453281, 48.14453766404554], [6.520495282798252, 48.144756672195534], [6.527196703001373, 48.144975259291556], [6.533898176857329, 48.14519342532293], [6.540599704366123, 48.145411170289655], [6.545703248343212, 48.14444972732939], [6.549208808788599, 48.142309096442105], [6.551116293640918, 48.13898958218059], [6.551425702900172, 48.13449118454483], [6.549982930780088, 48.13106312421796], [6.546787977280665, 48.12870540119998], [6.543593319067926, 48.126347580138585], [6.540398956141869, 48.123989661033775], [6.537204888420078, 48.121631643913], [6.534011115902551, 48.11927352877626], [6.530817638506889, 48.11691531565099], [6.527624456233091, 48.1145570045372], [6.527779885092677, 48.11230780098632], [6.531283925085647, 48.110167704998354], [6.5347876620820085, 48.10802748909105], [6.538291096081762, 48.1058871532644], [6.538446455422723, 48.10363793465042], [6.535253740104894, 48.10127983324913], [6.532061319646721, 48.09892163388454], [6.528869194048208, 48.09656333655665], [6.529024483914958, 48.0943141028662], [6.532527189246969, 48.09217393281319], [6.535874635438292, 48.09228289507114], [6.539066822488924, 48.09464098964006], [6.542259304350478, 48.09699898623089], [6.545452081022952, 48.09935688484363], [6.550396294353266, 48.100644176396585], [6.557091944341421, 48.100860860889775], [6.5620367780511835, 48.10214785499005], [6.565230795482556, 48.104505158697435], [6.566673905185362, 48.107933076227226], [6.566366107159603, 48.112431607579424], [6.56780977654937, 48.11585943037529], [6.571004913354661, 48.118216544614825], [6.5743537149078195, 48.11832428839325], [6.577856181208846, 48.11618266171054], [6.5813583444361115, 48.114040915244175], [6.584860204589618, 48.11189904899416], [6.589959716246395, 48.11093521765054], [6.596656879406442, 48.111149421213334], [6.6033540950491645, 48.111363203996135], [6.610051363174559, 48.111576565998945], [6.61499857220529, 48.112861103797286], [6.618195722141358, 48.11521681739114], [6.619642722886418, 48.11864401113048], [6.6193395744404695, 48.123142685015296], [6.619036358141841, 48.127641343922605], [6.6187330739905335, 48.13213998785243], [6.618429721943134, 48.136638616818175], [6.618126301999643, 48.14113723081982], [6.619574258786351, 48.144564306008974], [6.622773592303258, 48.1469198423856], [6.625973221569984, 48.14927528043963], [6.629173146586532, 48.15163062017107], [6.632373367435304, 48.15398586155234], [6.6355738841162974, 48.15634100458346], [6.638774696711935, 48.15869604923685], [6.641975805222214, 48.161050995512504], [6.645177209729567, 48.163405843382854], [6.648378910233996, 48.165760592847896], [6.651580906817949, 48.16811524388004], [6.654783199481427, 48.170469796479274], [6.657985788306892, 48.172824250618], [6.661188673294346, 48.175178606296214], [6.664541435871733, 48.17528353102193], [6.668044076039054, 48.173139024795155], [6.671546412303124, 48.170994398943144], [6.675048444663943, 48.1688496534659], [6.678401258824711, 48.16895415680613], [6.681604854785428, 48.17130790896383], [6.683057671670022, 48.174734138592015], [6.682759709478493, 48.17923284569069], [6.6824616805120405, 48.18373153794186], [6.682163584770665, 48.18823021534553], [6.6836171648666, 48.19165633776811], [6.686822420799846, 48.194009905209604], [6.690027973307627, 48.19636337405237], [6.693233822389946, 48.19871674429641], [6.696439968129354, 48.20107001591404], [6.699646410525851, 48.20342318890526], [6.704604676294392, 48.20470329833246], [6.711314765434976, 48.20491034419565], [6.718024905559599, 48.205116968341464], [6.7247350966682635, 48.205323170769894], [6.731445338554445, 48.20552895147087], [6.738155631218142, 48.205734310444385], [6.743115273622282, 48.20701287635219], [6.746324265766866, 48.209364649194285], [6.74778252052163, 48.212789934205354], [6.747490037886575, 48.21728873138538], [6.747197489648189, 48.22178751382032], [6.746904875806476, 48.22628628151018], [6.748363898055724, 48.22971145887168], [6.751574556395936, 48.23206304590484], [6.754931282502093, 48.23216514432672], [6.758434076374193, 48.230017754137336], [6.7619365655132775, 48.22787024448249], [6.765438749919346, 48.225722615362166], [6.770546342712187, 48.22475025602313], [6.777259343891803, 48.22495316646538], [6.783972395090832, 48.225155654970564], [6.790685496309274, 48.22535772153868], [6.7956483830886985, 48.22663384431627], [6.798861055429106, 48.22898402330333], [6.800323427512724, 48.2324085639405], [6.800035499339551, 48.23690746622778], [6.801498437604269, 48.240331910678584], [6.804712242306876, 48.24268189729291], [6.807926344540648, 48.2450317848609], [6.811140744305583, 48.24738157338254], [6.814355441684296, 48.24973126282998], [6.817570436676786, 48.25208085320324], [6.822536440770387, 48.253355476321616], [6.829253453965096, 48.25355513218513], [6.8359705164522655, 48.25375436581739], [6.842687628231893, 48.25395317721841], [6.847796313623579, 48.252977374329326], [6.851296572627325, 48.25082695715013], [6.854796526614929, 48.24867642075681], [6.858296175586394, 48.24652576514935], [6.861654503620432, 48.246624527498696], [6.8648715107170455, 48.24897270780484], [6.866338934970555, 48.252396320476926], [6.866056776380961, 48.256895365514964], [6.867524768228364, 48.26031888159549], [6.870742910512764, 48.26266686871849], [6.875711287240482, 48.26393902107983], [6.882429898411519, 48.26413533867949], [6.889148558078214, 48.264331233924054], [6.89586726624057, 48.26452670681354], [6.900975974162527, 48.263548367596144], [6.904474681844084, 48.261396216271855], [6.906363306145179, 48.25807055867769], [6.906641847065815, 48.25357139481362], [6.908529833522225, 48.25024560103277], [6.912027265514412, 48.248093177335164], [6.915524392553966, 48.24594063462542], [6.919021214640884, 48.24378797290356], [6.920908168718073, 48.24046201129752], [6.921185254785536, 48.23596274980728], [6.921462278704958, 48.23146347370732], [6.92173924047634, 48.22696418299764], [6.9220161401395295, 48.22246487766467], [6.922292977694527, 48.21796555770842], [6.9208226707960145, 48.21454262238732], [6.917605219443994, 48.21219607170138], [6.9143880653495655, 48.20984942168155], [6.911171208512733, 48.20750267232782], [6.907954648851296, 48.205155823668086], [6.904738386365255, 48.202808875702345], [6.9015224209724275, 48.20046182845845], [6.898306752672811, 48.1981146819364], [6.895091381384237, 48.19576743616406], [6.891876307106704, 48.19342009114143], [6.886914281349169, 48.19214841838332], [6.880205304111631, 48.19195241788975], [6.87524389995715, 48.190680444985965], [6.872030068885726, 48.188332499671965], [6.868816534629079, 48.1859844552058], [6.8656032971872065, 48.18363631158745], [6.860642887775164, 48.1823634161555], [6.853935306392952, 48.182165768909954], [6.848975518410298, 48.18089257356247], [6.845763523827204, 48.17854383011304], [6.844299238422744, 48.17511984367322], [6.844582662196923, 48.170620614243], [6.8448660224936795, 48.16612137005295], [6.845149319313016, 48.161622111103085], [6.843685803715926, 48.15819801611567], [6.8404754757024095, 48.15584908509071], [6.835518419573697, 48.154575013133666], [6.828814635329787, 48.15437580024453], [6.823858199890996, 48.15310142870337], [6.82064911325732, 48.15075189851019], [6.817440322781647, 48.148402269386914], [6.814231828463974, 48.14605254133355], [6.811023630222274, 48.1437027143778], [6.807815728056545, 48.14135278851966], [6.804608121884771, 48.13900276378682], [6.801400811706952, 48.13665264017929], [6.79819379744109, 48.13430241772474], [6.794987079087182, 48.13195209642316], [6.791780656563246, 48.129601676302244], [6.78857452986928, 48.12725115736198], [6.785368698923311, 48.12490053963002], [6.782163163725342, 48.122549823106354], [6.778957924193417, 48.12019900781865], [6.7757529803275345, 48.117848093766895], [6.772548332045754, 48.11549708097871], [6.769343979348076, 48.11314596945411], [6.767886662025487, 48.10972081660819], [6.768176380077986, 48.10522162244095], [6.768466033337312, 48.100722413362845], [6.768755621803461, 48.09622318937388], [6.767299068469178, 48.09279792846434], [6.764096373334464, 48.09044663063424], [6.760893973357363, 48.08809523414881], [6.757691868537875, 48.08574373900804], [6.754490058794211, 48.08339214523951], [6.75128854412637, 48.08104045284322], [6.746341031187192, 48.07976221647963], [6.739647519976676, 48.07955743614875], [6.734700625846855, 48.078278901230355], [6.73150034879773, 48.07592661172444], [6.728300366628433, 48.07357422368804], [6.725100679338963, 48.07122173712116], [6.720154778152641, 48.069942283354365], [6.713462663069466, 48.06973586238767], [6.708517380516584, 48.06845611029473], [6.705318930493996, 48.066103027075556], [6.7038672255627345, 48.06267691680077], [6.704162265722799, 48.058177779470356], [6.702711120859868, 48.054751573674835], [6.69951379097394, 48.05239829941418], [6.696168704840763, 48.052294489587766], [6.6926758624603355, 48.05444014419558], [6.68918271793201, 48.056585679513994], [6.685689271255788, 48.05873109554301], [6.682344236047098, 48.058626865417004], [6.6791476123059415, 48.05627298913596], [6.675951283052328, 48.053919014518705], [6.672755248286258, 48.05156494156523], [6.667812570730131, 48.050283055070466], [6.661123250383949, 48.050073355034414], [6.6561811911078035, 48.04879117067041], [6.6529863929016955, 48.04643650197847], [6.64979188898684, 48.044081735047286], [6.646597679363237, 48.041726869876854], [6.641656613680162, 48.04044376805686], [6.634968691937615, 48.040232429587284], [6.630028244356983, 48.038949030126304], [6.626835270938265, 48.03659356967392], [6.623642591614414, 48.03423801107917], [6.620450206385427, 48.03188235434205], [6.615510752611188, 48.03059803788902], [6.608824230291696, 48.03038506172007], [6.603733304776327, 48.031349892529306], [6.600237976065082, 48.033492530316735], [6.598338154093415, 48.036813278753925], [6.598033838861326, 48.04131213784088], [6.597729455635318, 48.04581098180958], [6.597425004415392, 48.05030981066004], [6.5955241483010925, 48.05363038781117], [6.592026887292422, 48.05577271326297], [6.588529324085516, 48.05791491909966], [6.585031458680374, 48.060057005321255], [6.584878832658814, 48.06230638632911], [6.588071446020834, 48.064663062123245], [6.591264353852392, 48.067019639835934], [6.594457556153488, 48.06937611946718], [6.595901727451725, 48.07280372843381], [6.595596867747103, 48.077302466735816], [6.593694809804091, 48.08062294368025], [6.590195553622687, 48.082765159267105], [6.5850991897838735, 48.083728809410076], [6.578405718287652, 48.08351389410916], [6.573308779530896, 48.08447720348294], [6.569808373513604, 48.0866187375314], [6.566307664830312, 48.08876015182242], [6.562806653481015, 48.090901446356], [6.55945969832214, 48.09079334707615], [6.556266799353686, 48.08843585398289], [6.553074195098654, 48.08607826288196], [6.549881885557044, 48.08372057377338], [6.544939154004834, 48.08243301008067], [6.538246000442026, 48.08221557180383], [6.5333038887558885, 48.08092771084724], [6.530112818946422, 48.078569427210915], [6.528672698874352, 48.07514102491439], [6.52898352853968, 48.07064250395767], [6.529294288753217, 48.06614396787252], [6.529604979514966, 48.06164541665893], [6.5281656116972, 48.058216908147045], [6.524976185299922, 48.055858442336834], [6.5200367925292895, 48.05456971542524], [6.513347433385305, 48.054350727412256], [6.50840865973665, 48.053061703564225], [6.505220471583327, 48.050702643881145], [6.50203257748652, 48.04834348640924], [6.498844977446231, 48.04598423114851], [6.495657671380416, 48.04362487812622], [6.492470659289073, 48.04126542734238], [6.489283941090175, 48.03890587882428], [6.486097516783721, 48.03654623257192], [6.481160978687303, 48.03525569936674], [6.474474326800921, 48.03503427920874], [6.467787729148892, 48.034812439049205], [6.461101185731215, 48.03459017888814], [6.456165645560611, 48.033298730296565], [6.452981108637082, 48.03093809327446], [6.451547481016278, 48.027508571381844], [6.451864762698199, 48.023010164618725], [6.450431690933383, 48.01958054871001], [6.4472482657218295, 48.017219723655714], [6.442314581133086, 48.01592738603906]]]}}, {"type": "Feature", "properties": {"band": "echo", "dbz": 35.0, "source": "OPERA-ORD", "time": "20260803033500"}, "geometry": {"type": "Polygon", "coordinates": [[[6.032270355206743, 47.94729073451428], [6.025597112340728, 47.9470411674781], [6.020503337516955, 47.947978097282785], [6.016989030735424, 47.950101523928346], [6.0134744232034105, 47.95222482936215], [6.009959514920916, 47.95434801358421], [6.006444305823977, 47.95647107656205], [6.002928795912594, 47.95859401829569], [6.000992578605514, 47.9619039609346], [6.0006356539027355, 47.96640090447876], [6.00027864961496, 47.97089783233815], [5.999921565742185, 47.97539474451277], [5.999564402233743, 47.979891641015726], [5.999207159089632, 47.98438852184702], [5.99884983625914, 47.98888538701978], [5.9984924337422685, 47.993382236533996], [5.9981349514882565, 47.99787907040278], [5.997777389497106, 48.00237588862613], [5.9974197477180144, 48.00687269121717], [5.997062026150984, 48.0113694781759], [5.998464335458758, 48.01480492161629], [6.001626675641337, 48.017179021538354], [6.00654915255231, 48.01849147495629], [6.0132317661916765, 48.01874228187009], [6.018154863459361, 48.02005444185371], [6.0213184443553605, 48.02242795490715], [6.0244823179253695, 48.0248013716963], [6.027646484169387, 48.027174692221166], [6.030810943170187, 48.02954791645486], [6.03397569492777, 48.03192104439738], [6.035380754978554, 48.03535603048667], [6.035026123322539, 48.03985287472272], [6.036431734159117, 48.04328776922569], [6.039597587488288, 48.04566071399559], [6.044523788321365, 48.04697140577537], [6.051210336658349, 48.04721984456505], [6.0578969456499125, 48.0474678634549], [6.064583615296057, 48.04771546244492], [6.0695108257894415, 48.04902524293903], [6.07267857713007, 48.051397204937224], [6.074086765104584, 48.0548316517507], [6.073735389712982, 48.05932858337947], [6.075144129512527, 48.062762938373304], [6.078312984503216, 48.06513471673222], [6.0832420587817495, 48.06644361500074], [6.0899313523481275, 48.066689633178896], [6.096620706041365, 48.0669352312537], [6.1033101198614625, 48.067180409225166], [6.109999593604948, 48.06742516708138], [6.11668912727182, 48.06766950482235], [6.121619599014592, 48.06897687310233], [6.124791008833261, 48.07134727192132], [6.127962712261446, 48.07371757408051], [6.131134709299145, 48.0760877795799], [6.136066190077417, 48.07739423533055], [6.142757154596265, 48.077636941332464], [6.1494481784682655, 48.07787922709976], [6.156139261693419, 48.07812109263243], [6.161071751248213, 48.07942663554515], [6.1642456471326454, 48.08179585583791], [6.167419836863286, 48.08416497933261], [6.170594320440135, 48.08653400602927], [6.173769097946059, 48.08890293590077], [6.1769441693810565, 48.09127176894711], [6.18011953482801, 48.093640505141224], [6.183295194286918, 48.09600914448309], [6.186641778383553, 48.09612906278677], [6.190159287117914, 48.09400026005227], [6.193676493018987, 48.09187133634019], [6.197193396086773, 48.08974229165054], [6.200709996386357, 48.08761312601591], [6.204226293917741, 48.08548383943631], [6.2077422887460125, 48.08335443194429], [6.211257980871173, 48.08122490353986], [6.214604085355842, 48.08134395707721], [6.21778060220002, 48.083711592556334], [6.220957413031458, 48.086079131069], [6.224134517850156, 48.08844657261519], [6.227311916738894, 48.09081391716779], [6.230489609697671, 48.09318116472679], [6.233667596809285, 48.095548315265056], [6.236845878073734, 48.09791536878258], [6.241782163897899, 48.099216933821744], [6.248476454281781, 48.09945301038254], [6.253581006876817, 48.098505536431844], [6.257095821683007, 48.09637451196967], [6.259020799121107, 48.09306024089942], [6.259355939191117, 48.088562723221074], [6.261280277907436, 48.08524831191882], [6.264793815270064, 48.08311700699262], [6.269896650571383, 48.08216850466032], [6.276588783811393, 48.08240280492191], [6.283280974366055, 48.08263668483318], [6.289973222235368, 48.08287014439414], [6.29507527276702, 48.08192065717017], [6.298587125961009, 48.07978822316128], [6.298753092175987, 48.07753938252666], [6.295573171411956, 48.07517413526631], [6.292393544631638, 48.0728087908262], [6.289214211835033, 48.07044334920636], [6.289380103887146, 48.06819449327904], [6.292891220787976, 48.06606222304424], [6.296402035294211, 48.06392983222712], [6.299912547405851, 48.06179732082764], [6.303422757188149, 48.059664688878314], [6.306932664641105, 48.057531936379135], [6.310442269829972, 48.055399063362536], [6.313951572754751, 48.05326606982853], [6.314116720753013, 48.05101715991941], [6.31093771382476, 48.04865233363517], [6.306004414384951, 48.04735370456569], [6.299316822433587, 48.04712127271095], [6.294384142899609, 48.04582234813721], [6.291206375783014, 48.04345693084443], [6.288028902176814, 48.04109141643571], [6.284851722081005, 48.03872580491106], [6.2799200456997015, 48.03742596669428], [6.273233873032901, 48.03719190178537], [6.2665477576894775, 48.03695741695702], [6.25986169966943, 48.03672251220925], [6.253175699176019, 48.03648718755344], [6.246489756209247, 48.03625144298959], [6.239803870972343, 48.03601527852913], [6.233118043465311, 48.03577869417206], [6.228019231487966, 48.03672548636399], [6.2245074350403105, 48.038855655104925], [6.22099533655775, 48.04098570309136], [6.217482936040283, 48.04311563032329], [6.214139811619933, 48.04299669637745], [6.210965963296699, 48.04062890125384], [6.209548541615911, 48.0371962478908], [6.209887546577568, 48.03269873628832], [6.208470677886712, 48.02926599032241], [6.205297935543344, 48.02689800999307], [6.2021254862887325, 48.024529932839016], [6.198953330122879, 48.022161758860264], [6.195781466963332, 48.01979348808382], [6.192609896810094, 48.01742512050967], [6.1876826206431215, 48.01612101323925], [6.180999638462418, 48.015881166272536], [6.174316714947552, 48.015640899634356], [6.167633850098522, 48.01540021332472], [6.162707578724003, 48.01409519409658], [6.159537900823995, 48.011725841949946], [6.156368515695043, 48.00935639314349], [6.153199423337146, 48.006986847677226], [6.1500306236678615, 48.00461720557809], [6.14686211668719, 48.002247466846086], [6.143693902312703, 47.99987763150817], [6.140525980544398, 47.99750769956433], [6.135601952786288, 47.99620118028416], [6.128921819038372, 47.995958073667666], [6.122241744686559, 47.99571454759376], [6.1155617297308495, 47.99547060206244], [6.110638707137882, 47.99416317175627], [6.1074726769076575, 47.99179225667525], [6.106063536186333, 47.988358159728634], [6.106411284973908, 47.98386088091644], [6.106758956228953, 47.97936358652473], [6.107106549951467, 47.974866276553485], [6.1056981398355745, 47.9714320765256], [6.102533725881273, 47.96906098644108], [6.097613410991785, 47.96775270360676], [6.090937195167109, 47.96750722802267], [6.086017498676777, 47.966198651503205], [6.082854321520787, 47.96382697404838], [6.079691436276622, 47.961455200244565], [6.076528842944285, 47.95908333009176], [6.071610151111636, 47.957773843653925], [6.0649353607786765, 47.95752674093105], [6.058260630689791, 47.95727921914392], [6.051585960844979, 47.95703127829253], [6.046668273924252, 47.95572088224342], [6.043507569927608, 47.95334803099659], [6.040347157606902, 47.950975083537976], [6.037187036962135, 47.94860203986757], [6.032270355206743, 47.94729073451428]]]}}, {"type": "Feature", "properties": {"band": "echo", "dbz": 35.0, "source": "OPERA-ORD", "time": "20260803033500"}, "geometry": {"type": "Polygon", "coordinates": [[[6.085569662734889, 47.7778717808191], [6.078918473849064, 47.77762566376926], [6.073842868053118, 47.778565369108605], [6.070342845347049, 47.780690896837115], [6.068418303053811, 47.784002548075264], [6.0680692411734025, 47.78850032282304], [6.066144067982383, 47.7918118331375], [6.062642783480753, 47.79393707901866], [6.059141200537379, 47.79606220419769], [6.055639319152264, 47.79818720867458], [6.053713104232897, 47.80149854181054], [6.05336255577928, 47.805996203605574], [6.0514357092850375, 47.80930739568525], [6.047932564750169, 47.81143211804958], [6.044605062012973, 47.811307929393905], [6.041453201073448, 47.80893482971824], [6.038301629721926, 47.806561634059975], [6.035150347958405, 47.804188342419096], [6.031999355701387, 47.80181495482218], [6.0288486529508765, 47.799441471269226], [6.025698239625393, 47.797067891786774], [6.022548115724936, 47.794694216374836], [6.019221321362433, 47.79456921733677], [6.015717856537881, 47.796692894672596], [6.013789085689439, 47.800003489683085], [6.013435008817106, 47.804501002368234], [6.014833252363484, 47.80793670134378], [6.0179838163285755, 47.810310586609724], [6.021134669892323, 47.81268437594944], [6.024285813054725, 47.815058069362934], [6.024108950783454, 47.81730681431492], [6.020604083078509, 47.81943061080539], [6.017098916551351, 47.82155428640064], [6.013593451201979, 47.82367784110068], [6.01166344390023, 47.82698832706936], [6.011308894646103, 47.83148574430669], [6.012707666852464, 47.83492140918689], [6.015859760519317, 47.83729532170993], [6.020765280124584, 47.838607180335174], [6.027424225668266, 47.838856985062606], [6.034083231527425, 47.839106371841936], [6.040742297702061, 47.83935534067317], [6.045648817065172, 47.840666292297115], [6.048802789616758, 47.84303922671376], [6.050204111664558, 47.84647444551774], [6.049852783208572, 47.850971948709066], [6.051254651108473, 47.854407075914985], [6.054409715364261, 47.8567798271355], [6.059318079553894, 47.85808990063315], [6.065979743677374, 47.85833729640794], [6.070888723043463, 47.8596470770604], [6.074045017652163, 47.862019242590534], [6.077201602722328, 47.8643913119432], [6.080358478253956, 47.866763285118395], [6.085268457417809, 47.868072157835456], [6.091931540213887, 47.868317930094385], [6.09684213474376, 47.86962650974071], [6.100000241007427, 47.87199789677443], [6.103158637931361, 47.8743691875357], [6.106317325515562, 47.87674038202451], [6.111228919662489, 47.87804805327261], [6.117893420372143, 47.878292201280004], [6.124557980157126, 47.87853593092473], [6.1312225990174385, 47.87877924220676], [6.137887276752435, 47.87902213511442], [6.144552013362117, 47.879264609647706], [6.149464990399104, 47.8805707567257], [6.152626207863397, 47.882940576348425], [6.15578771625678, 47.88531029952028], [6.158949515579251, 47.887679926241255], [6.162282267129881, 47.88780054798254], [6.1657859709086695, 47.88567216474413], [6.169289374946306, 47.883543660935906], [6.172792479242791, 47.881415036557875], [6.176125289186151, 47.881535239854195], [6.179287804776387, 47.88390427082487], [6.182450611365556, 47.886273205261354], [6.185613708953657, 47.88864204316364], [6.190528450328345, 47.88994604967893], [6.1971948354896185, 47.890185224807226], [6.203861278561167, 47.89042398142017], [6.21052777954299, 47.89066231951778], [6.217194338234144, 47.890900239088595], [6.2238609546346275, 47.89113774013262], [6.228777075907315, 47.892440220950846], [6.231942702052205, 47.894807681543256], [6.2333577338915696, 47.898240424105296], [6.233022171425407, 47.90273844863697], [6.232686534224564, 47.90723645757061], [6.232350822289037, 47.91173445090625], [6.233766587479069, 47.915167089230906], [6.236933829794658, 47.917534372544594], [6.241852648359355, 47.918835998436684], [6.2485230431731615, 47.91907196690716], [6.25344247795097, 47.92037329842046], [6.256610952692781, 47.922739992976574], [6.2597797191568265, 47.92510659070022], [6.262948777343107, 47.927473091591395], [6.266118127333406, 47.9298394956232], [6.269287769127724, 47.93220580279562], [6.270706286769611, 47.93563797712581], [6.270373680259067, 47.94013601861375], [6.271792749023892, 47.943568100028045], [6.274963493064085, 47.94593422136871], [6.2781345292011155, 47.94830024578399], [6.281305857434981, 47.9506661732739], [6.282725662978359, 47.95409815020347], [6.28239394583125, 47.958596176572684], [6.283814303156838, 47.96202806050817], [6.286986734955125, 47.96439380200992], [6.290324798380608, 47.96451042543123], [6.293828493433288, 47.96237793077208], [6.297331887635634, 47.96024531577454], [6.300834980987645, 47.958112580438595], [6.305924379465826, 47.957162195726696], [6.312600083070178, 47.95739416163882], [6.317524833113503, 47.958692518462], [6.3206986295958005, 47.96105726619625], [6.323872718489409, 47.96342191684045], [6.3270470997943296, 47.965786470394626], [6.331972848090088, 47.96708391479728], [6.338649963376687, 47.967314250048396], [6.343576328953725, 47.968611399206154], [6.346751944821204, 47.97097536227054], [6.349927853298032, 47.97333922814894], [6.353104054384208, 47.97570299684135], [6.356280548161635, 47.9780666683207], [6.35945733463031, 47.98043024258699], [6.362634413872149, 47.98279371961314], [6.365811785887152, 47.98515709939915], [6.369151373752128, 47.985271253067346], [6.372653177467078, 47.983136180617734], [6.376154680041294, 47.9810009880339], [6.3796558814747755, 47.97886567531586], [6.384745856348863, 47.97791153204907], [6.3914246046635546, 47.978138558233525], [6.396514009198673, 47.97718407378979], [6.400014069954217, 47.97504807871787], [6.403513829695731, 47.97291196361797], [6.407013288423214, 47.97077572849009], [6.410512446201816, 47.96863937336648], [6.414011303031535, 47.96650289824714], [6.417509858977521, 47.96436630316431], [6.421008114039772, 47.962229588117985], [6.4245060682834385, 47.96009275314039], [6.428003721708519, 47.957955798231524], [6.431501074380163, 47.955818723423604], [6.434998126298373, 47.953681528716615], [6.4400844652934754, 47.952724699414574], [6.446760091365469, 47.952948235517454], [6.453435771745792, 47.95317135239365], [6.460111506434445, 47.95339405004319], [6.465039577829223, 47.95468558819052], [6.468219985930126, 47.95704596683568], [6.471400686686163, 47.95940624794252], [6.474581680097335, 47.961766431511045], [6.479510745611902, 47.96305705578671], [6.486187883229865, 47.96327812076951], [6.492865074585755, 47.96349876640995], [6.49954231967957, 47.96371899270803], [6.504628150764018, 47.96275930371691], [6.508122567839099, 47.9606196994366], [6.511616684142084, 47.95847997550726], [6.515110499672974, 47.95634013192888], [6.518604014497152, 47.954200168733664], [6.522097228614617, 47.95206008592157], [6.5239988753873615, 47.94874059286498], [6.524308954815385, 47.94424168956387], [6.52461896514559, 47.939742770936675], [6.5249289063779745, 47.9352438369834], [6.525238778556494, 47.93074488769067], [6.5255485816811465, 47.92624592305847], [6.524113032660764, 47.9228170589457], [6.520932131495345, 47.92045829535237], [6.516005969837277, 47.919169329583205], [6.509334547686561, 47.91895016163821], [6.504252983759187, 47.91991035355069], [6.500761278055154, 47.92204990532065], [6.497269272115921, 47.92418933749042], [6.493776965941489, 47.92632865006002], [6.488694616285949, 47.92728786240066], [6.482022223149301, 47.92706697451236], [6.475349883806804, 47.92684566762635], [6.4686775982584575, 47.92662394174265], [6.46200536670614, 47.92640179687194], [6.455333189149852, 47.926179233014246], [6.450249839084739, 47.92713682588737], [6.4467553165108, 47.929274575491306], [6.443260493580638, 47.931412205306], [6.439765370294252, 47.933549715331445], [6.4346812359517, 47.934506328018344], [6.428008090552982, 47.934282043366714], [6.4230830994324135, 47.93298902616282], [6.419906262589995, 47.930627276406675], [6.416729717879707, 47.92826542931664], [6.413553465301549, 47.9259034848927], [6.408629468236756, 47.9246095549115], [6.401957726685329, 47.924383639373005], [6.3952860401389575, 47.92415730490155], [6.3886144085976415, 47.92393055149712], [6.383691405854348, 47.92263570904332], [6.380517031909078, 47.92027277754015], [6.380678118321739, 47.9180235216868], [6.384174665092329, 47.91588794148326], [6.387670911721813, 47.91375224133744], [6.39116685821019, 47.91161642124934], [6.39132787287883, 47.909367149928094], [6.3881539557277325, 47.90700442737371], [6.383232420540666, 47.905709316018104], [6.376563267317629, 47.90548181586128], [6.371642347311628, 47.904186409334], [6.368469660522661, 47.90182309643628], [6.365297265343048, 47.899459686408484], [6.36212516177279, 47.897096179250624], [6.357205235752073, 47.89579986103904], [6.350537487280899, 47.895570731773724], [6.343869794508115, 47.89534118386923], [6.337202157433721, 47.895111217325535], [6.33053457625893, 47.89488083215373], [6.3238670509837425, 47.894650028353816], [6.318948498744772, 47.8933521823863], [6.315778919542018, 47.89098729425119], [6.312609631683458, 47.88862230916507], [6.30944063516909, 47.88625722712792], [6.30627192991744, 47.88389204816666], [6.3031035159285045, 47.881526772281276], [6.299935393120826, 47.87916139949866], [6.296767561494404, 47.87679592981882], [6.2936000209677925, 47.874430363268615], [6.290432771540991, 47.87206469984807], [6.287265813132571, 47.86969893958404], [6.284099145742531, 47.86733308247652], [6.2791840472876785, 47.866033147825846], [6.2725205177680134, 47.86579913563202], [6.265857045038069, 47.86556470511533], [6.259193629097843, 47.86532985627582], [6.252530270147988, 47.865094589124716], [6.245866968188502, 47.864858903662025], [6.24095324522216, 47.86355744334928], [6.2377891012489615, 47.86119020818647], [6.234625248028067, 47.85882287635875], [6.231461685559477, 47.85645544786612], [6.228298413761747, 47.85408792273539], [6.225135432634874, 47.85172030096655], [6.221972742097431, 47.84935258258638], [6.218810342149416, 47.8469847675949], [6.215648232709414, 47.84461685601886], [6.212486413777425, 47.84224884785827], [6.209324885272051, 47.83988074313989], [6.206163647193291, 47.83751254186372], [6.203002699459762, 47.8351442440565], [6.199842042071463, 47.83277584971825], [6.196681674947026, 47.830407358875696], [6.193521598086454, 47.82803877152882], [6.188612554917935, 47.82673463951399], [6.181954545441469, 47.82649496283121], [6.177046115930851, 47.825190537362126], [6.173887266386082, 47.82282136310674], [6.170728706907765, 47.82045209244201], [6.167570437495902, 47.81808272536794], [6.162663003164633, 47.81677739176069], [6.15600640391396, 47.81653609162025], [6.150928350643861, 47.81747945094017], [6.147428843354337, 47.819607469720424], [6.143929037260806, 47.821735368009186], [6.140428932363271, 47.823863145806456], [6.137100426049734, 47.8237418569305], [6.133943518320196, 47.82137150138133], [6.130786900552563, 47.81900104954737], [6.127630572746833, 47.81663050142861], [6.124474534821604, 47.81425985705174], [6.121318786776875, 47.81188911641675], [6.118163328531261, 47.80951827955026], [6.11500816008476, 47.8071473464523], [6.110103099442298, 47.805839583083326], [6.103448146603875, 47.805594989443335], [6.098543699335192, 47.804286933247624], [6.095389757636249, 47.80191541449618], [6.09398621936675, 47.79848073454652], [6.094333084526695, 47.79398289339866], [6.09467987266233, 47.789485036371815], [6.095026583773655, 47.78498716346597], [6.0936237687914385, 47.78155238009579], [6.090471427715681, 47.77918068626127], [6.085569662734889, 47.7778717808191]]]}}, {"type": "Feature", "properties": {"band": "echo", "dbz": 35.0, "source": "OPERA-ORD", "time": "20260803033500"}, "geometry": {"type": "Polygon", "coordinates": [[[6.491596605729069, 47.6928871398772], [6.48495495345865, 47.69266656147162], [6.479895700313686, 47.693625857783374], [6.476418846294179, 47.69576502881245], [6.472941695354716, 47.69790408067901], [6.469464247495295, 47.700043013383045], [6.464404217956002, 47.70100133477584], [6.457761606736836, 47.700779044857406], [6.451119049004655, 47.7005563380465], [6.444476544759457, 47.70033321434314], [6.4394157393208244, 47.701290560564615], [6.4359366326887555, 47.703428376710924], [6.434039132091039, 47.7067469636297], [6.4337232375276745, 47.71124632132092], [6.433407272883446, 47.71574566326983], [6.4330912381583545, 47.72024498947643], [6.43119271399964, 47.72356340328977], [6.427711700407303, 47.72570090470988], [6.424230389446106, 47.72783828674508], [6.42074878111605, 47.72997554939539], [6.418849232438786, 47.733293790022216], [6.418531743414315, 47.73779300862557], [6.4199556453894795, 47.74122361828488], [6.4231209383642796, 47.7435856190001], [6.428027715712786, 47.74487870959311], [6.434675977434999, 47.74510289006389], [6.441324293024289, 47.74532665324016], [6.447972662480656, 47.74554999912191], [6.452880424229134, 47.746842180306814], [6.4560475782697235, 47.749203196794866], [6.459215021939338, 47.751564116110856], [6.462382755237977, 47.753924938254784], [6.465550778246092, 47.75628566319982], [6.468719090963681, 47.758646290945975], [6.470146642006848, 47.76207625607921], [6.469833431375592, 47.76657555859953], [6.4695201511759475, 47.77107484548852], [6.469206801407915, 47.77557411674618], [6.4706350911222295, 47.77900397548244], [6.47380502031889, 47.781364421697305], [6.476975239641886, 47.78372477063508], [6.480145749091218, 47.78608502229578], [6.483316548747484, 47.788445176652516], [6.4864876386106864, 47.79080523370529], [6.491400521558603, 47.792095375579144], [6.498055197591236, 47.79231560227407], [6.502968691724465, 47.79360544890008], [6.506141003958293, 47.79596491545714], [6.507572042784604, 47.799394303596024], [6.507261808203399, 47.80389361331672], [6.5069515046586215, 47.808392907490116], [6.506641132150269, 47.81289218611622], [6.508072912617644, 47.81632146764467], [6.511246846060748, 47.818680752075466], [6.51442107024239, 47.821039939055346], [6.517595585162573, 47.8233990285843], [6.519028108018459, 47.826828203487025], [6.518718638810049, 47.831327463763515], [6.520151713006616, 47.83475654434937], [6.523327330608157, 47.837115445244585], [6.526503239238302, 47.83947424862256], [6.529679438897052, 47.8418329544833], [6.531113256677186, 47.845261928388055], [6.530804692578704, 47.84976117033683], [6.5322390623557345, 47.85319004984533], [6.535416366008274, 47.85554856691354], [6.54033669452556, 47.856836419356675], [6.5470000479075905, 47.85705360717473], [6.552074158897011, 47.856091514756486], [6.555559027493824, 47.85395014210196], [6.559043596908351, 47.851808650193526], [6.562527867140593, 47.84966703903119], [6.567601193222702, 47.84870396904972], [6.574263575154673, 47.84891944024911], [6.579184412376662, 47.85020573855539], [6.582363704888669, 47.85256286396856], [6.583801362903408, 47.85599111866515], [6.583497386420877, 47.86049050264518], [6.584935597395848, 47.86391866263183], [6.5881159958283195, 47.866275598625094], [6.591296685840199, 47.86863243685549], [6.594477667431484, 47.87098917732301], [6.597658940683044, 47.87334582000056], [6.60084050559488, 47.875702364888134], [6.605764407265756, 47.87698718180929], [6.612430645695672, 47.87720027076404], [6.617505510403199, 47.87623506596897], [6.620989001388338, 47.87409156742406], [6.624472192913473, 47.87194794978797], [6.627955084978602, 47.869804213060696], [6.631437677649036, 47.867660357274175], [6.634919970924773, 47.86551638242841], [6.6384019648711226, 47.86337228855532], [6.641883659488085, 47.86122807565491], [6.645365054840966, 47.85908374375908], [6.64884615092977, 47.856939292867835], [6.650735667032705, 47.853617253837946], [6.651033603149773, 47.84911762666941], [6.65292249167744, 47.8457954504848], [6.656402332615706, 47.84365072528413], [6.661473213758983, 47.84268314887805], [6.668135135107271, 47.842892721266566], [6.674797107076328, 47.84310187534532], [6.681459129666157, 47.843310611114305], [6.6863820920349, 47.84459194997461], [6.689565994182556, 47.84694589192623], [6.6927501878308515, 47.84929973583369], [6.695934672979785, 47.85165348169698], [6.700858618094757, 47.85293390655299], [6.707522023175768, 47.85314101040174], [6.7141854783086865, 47.85334769582762], [6.720848983493513, 47.85355396283063], [6.727512538529143, 47.85375981140087], [6.734176143415579, 47.853965241538326], [6.739101441146804, 47.85524413467958], [6.742288431722821, 47.85759649082464], [6.745475714056818, 47.859948748746085], [6.7486632881487925, 47.86230090844391], [6.753589567739574, 47.863578886832514], [6.7602545528291635, 47.86378268391189], [6.766919587199488, 47.863986062445775], [6.773584670850549, 47.864189022434175], [6.778655056061148, 47.863216081350124], [6.782130742831286, 47.86106723919363], [6.784011646565355, 47.857742798421455], [6.784297767263354, 47.853242759033584], [6.786178044543967, 47.84991818198545], [6.789652478407194, 47.847769067277056], [6.7947211531774485, 47.84679511257358], [6.80138406885473, 47.84699631787503], [6.808047033142748, 47.847197104768355], [6.814710046041504, 47.84739747325354], [6.81963670376588, 47.848672638385544], [6.822827006315878, 47.85102260016437], [6.826017600685228, 47.85337246348206], [6.829208486873933, 47.855722228338614], [6.834136123975381, 47.856996478021706], [6.840800511989572, 47.85719521253134], [6.847464948043582, 47.85739352852085], [6.854129432137409, 47.85759142599027], [6.859058048336547, 47.85886475992326], [6.862250796640996, 47.86121353031982], [6.865443836988369, 47.86356220211725], [6.868637169378667, 47.86591077531552], [6.873566764395299, 47.86718319319725], [6.880232622038266, 47.86737945576242], [6.886898527149139, 47.86757529969577], [6.893564479727919, 47.867770724997314], [6.898632855180797, 47.86679204364397], [6.902103653507774, 47.864639255635765], [6.903976793241927, 47.861312663555815], [6.904252274383257, 47.85681226740414], [6.906124788686515, 47.85348553983812], [6.909594336151701, 47.851332480857764], [6.914660997976916, 47.850352788002304], [6.921324774162159, 47.85054646127175], [6.927988597147137, 47.85073971604794], [6.93465246693185, 47.85093255233088], [6.939718332310495, 47.849951885098264], [6.943186193283071, 47.84779771435008], [6.945055969531324, 47.844470342565195], [6.945327661055252, 47.83996976974361], [6.945599292152119, 47.835469181714885], [6.945870862821924, 47.83096857847902], [6.944409419239652, 47.82754509700354], [6.9412149614053025, 47.82519873728843], [6.938020795203836, 47.82285227880293], [6.934826920635251, 47.82050572154702], [6.931633337619584, 47.81815906554804], [6.928440046156834, 47.81581231080596], [6.92351387424609, 47.81454217414142], [6.916854821887354, 47.81434865555441], [6.910195816402474, 47.81415471881621], [6.903536857791455, 47.813960363926824], [6.898611661009706, 47.81268931164473], [6.89542022605723, 47.81034156196995], [6.8939624716402, 47.80691741704561], [6.894238397758614, 47.802416876871746], [6.894514262558839, 47.797916321400635], [6.894790066040873, 47.793415750632306], [6.8933330696895485, 47.78999149599129], [6.890143273504869, 47.787643557477594], [6.886953768313747, 47.78529552041161], [6.883764554116185, 47.782947384793324], [6.88057563083233, 47.78059915064997], [6.877386998462183, 47.77825081798153], [6.872465702019219, 47.77697829833188], [6.865811741503438, 47.77678159170102], [6.859157828535464, 47.77658446728849], [6.852503963115295, 47.7763869250943], [6.847443506982076, 47.77736372864509], [6.843976460135807, 47.77951487794087], [6.840509115259996, 47.78166590905226], [6.8370414723546435, 47.78381682197925], [6.833573531354256, 47.78596761669019], [6.830105292258835, 47.788118293185086], [6.826636755002886, 47.79026885143226], [6.823167919586409, 47.79241929143173], [6.819840223322224, 47.792319446055814], [6.816653666210332, 47.78996931530453], [6.816794777634959, 47.787719130558365], [6.820263557596105, 47.78556889181731], [6.8237320394633745, 47.78341853481882], [6.827200223236769, 47.78126805956288], [6.829075038182914, 47.77794260419074], [6.829356484301808, 47.77344216870238], [6.831230675680167, 47.77011657749597], [6.8346976123179894, 47.7679658305715], [6.83816425112483, 47.7658149654748], [6.841630592100691, 47.763663982205905], [6.84350377249717, 47.76033822224445], [6.8437837923142695, 47.75583768559045], [6.844063749966622, 47.75133713353516], [6.844343645454227, 47.746836566078564], [6.842891283651755, 47.74341152761459], [6.839706664559206, 47.741062018143225], [6.834789870664331, 47.7397877361516], [6.828140901967131, 47.739588681639724], [6.821491981287942, 47.73938920970598], [6.814843108626764, 47.73918932035038], [6.8097856400850745, 47.74016436464325], [6.80631957566287, 47.7423143425846], [6.802853213742233, 47.74446420230519], [6.7993865543231635, 47.74661394380503], [6.794328297239188, 47.74758801498346], [6.787678442490307, 47.747386415840474], [6.782619618213973, 47.748360149963915], [6.779151824410187, 47.750509217353766], [6.77568373297889, 47.75265816641833], [6.7722153439200845, 47.75480699715759], [6.767155731642203, 47.75577975776012], [6.760504896145245, 47.75557644822593], [6.753854109729968, 47.75537272115242], [6.747203372396368, 47.75516857653959], [6.742287687057194, 47.75389025577868], [6.7391070537124484, 47.75153775886968], [6.739251442130183, 47.74928763334745], [6.742720852310399, 47.747139879212], [6.747780338228139, 47.746168054114435], [6.754429899883403, 47.74637215805477], [6.761079510587168, 47.746575844538555], [6.767729170339431, 47.74677911356579], [6.772787869068965, 47.745806314888725], [6.77625560677577, 47.74365744850735], [6.77813229923467, 47.74033281592274], [6.778417946445666, 47.73583241713491], [6.776970312320717, 47.7324064717118], [6.773789396859824, 47.73005497965341], [6.768875284218545, 47.7287776395895], [6.762227974396879, 47.728574451520075], [6.755580713557443, 47.72837084615957], [6.7489335017002325, 47.72816682350799], [6.742286339024515, 47.72796238357505], [6.73563922553029, 47.72775752636076], [6.7289921614168, 47.72755225187488], [6.722345146684045, 47.72734656011741], [6.715698181531241, 47.727140451098165], [6.709051265958389, 47.72693392481712], [6.7041392313982175, 47.725653825446315], [6.700962077850726, 47.72330015298577], [6.697785214006752, 47.72094638265706], [6.694608639866297, 47.7185925144602], [6.691432355349517, 47.71623854842215], [6.688256360456411, 47.713884484542916], [6.685080655107152, 47.71153032284944], [6.681905239301738, 47.70917606334173], [6.67858278655309, 47.70907178823035], [6.675113296861207, 47.71121749751531], [6.671643510081541, 47.713363088232995], [6.668173426214091, 47.71550856038343], [6.664703045194124, 47.71765391393494], [6.66123236702164, 47.719799148887546], [6.657761391631902, 47.7219442652096], [6.6542901190249095, 47.72408926290109], [6.6492312758222, 47.725056412445845], [6.642584862023774, 47.72484571384387], [6.635938499000115, 47.724634598039756], [6.629292186751224, 47.72442306503351], [6.624232560915107, 47.72538924045517], [6.620759621491765, 47.72753312430473], [6.617286384725993, 47.72967688937793], [6.61381285061779, 47.73182053567478], [6.61048947757921, 47.731714132795844], [6.607316265610255, 47.72935768074113], [6.605880051345093, 47.72592950874756], [6.606180834783722, 47.72142961681513], [6.6047451701013635, 47.71800135004536], [6.601573057298014, 47.715644708438255], [6.598401233893304, 47.71328796927967], [6.595229699887234, 47.7109311325696], [6.5920584551998225, 47.708574198334944], [6.58888749983107, 47.7062171665757], [6.583980244088247, 47.70493125824019], [6.577336687971354, 47.70471647332842], [6.570693183554351, 47.70450127143042], [6.564049730837237, 47.70428565254621], [6.5589908506637755, 47.70524872592441], [6.555516543033968, 47.70739049156502], [6.5520419383364885, 47.709532138267704], [6.548567036571338, 47.71167366603246], [6.543507377072315, 47.712635764911155], [6.536862959839418, 47.7124184349038], [6.530218594937667, 47.71220068785861], [6.523574282367059, 47.711982523775575], [6.5186682740886175, 47.71069383683109], [6.515500570102342, 47.70833462702515], [6.512333155239157, 47.705975319942745], [6.509166029499063, 47.70361591558387], [6.505999192801966, 47.70125641397532], [6.5028326451478655, 47.69889681511711], [6.499666386456681, 47.696537119035995], [6.496500416728413, 47.69417732573199], [6.491596605729069, 47.6928871398772]]]}}, {"type": "Feature", "properties": {"band": "echo", "dbz": 35.0, "source": "OPERA-ORD", "time": "20260803033500"}, "geometry": {"type": "Polygon", "coordinates": [[[18.429450292521633, 47.54084397325605], [18.422858595207277, 47.541372377952904], [18.4162667729219, 47.54190037119836], [18.409674825665512, 47.542427952992405], [18.40308275362299, 47.542955123310485], [18.396490556794348, 47.54348188215261], [18.391730986476446, 47.544994780882924], [18.38880404266929, 47.54749381950142], [18.385876824582617, 47.549992775690775], [18.382949332216423, 47.552491649450985], [18.38002156548457, 47.554990440759575], [18.37709352438705, 47.55748914961655], [18.37416520883771, 47.55998777599943], [18.371236618836544, 47.56248631990821], [18.36830775429736, 47.5649847813204], [18.36537861522016, 47.567483160235994], [18.365747376676072, 47.569719156770596], [18.369414038665095, 47.5716927709242], [18.374545420337007, 47.57241686635424], [18.381141521691806, 47.571891443060714], [18.385903723954286, 47.570379264476294], [18.388832027124458, 47.567880330600985], [18.39176005578199, 47.565381314285574], [18.394687809926893, 47.56288221553006], [18.399448920336184, 47.561369182940254], [18.406043387009866, 47.56084221651615], [18.4126377287309, 47.56031483845926], [18.419231945499284, 47.55978704876959], [18.42582603712989, 47.55925884747173], [18.43242000362272, 47.55873023456569], [18.437179550601314, 47.557215756942014], [18.440104678065676, 47.55471541460071], [18.441195602483287, 47.551229499836126], [18.440452323854153, 47.546758012648276], [18.43824704869939, 47.543536644517665], [18.434579777019003, 47.54156539544431], [18.429450292521633, 47.54084397325605]]]}}, {"type": "Feature", "properties": {"band": "echo", "dbz": 35.0, "source": "OPERA-ORD", "time": "20260803033500"}, "geometry": {"type": "Polygon", "coordinates": [[[5.98129740672089, 47.746898710923084], [5.974650700232318, 47.746646067092605], [5.9680040546451725, 47.74639300620041], [5.961357469959454, 47.746139528246474], [5.956282794809326, 47.74707362466934], [5.952780029194788, 47.74919529546902], [5.950849067553363, 47.75250484139248], [5.950489909885052, 47.75700226243971], [5.9501306724915, 47.76149966744219], [5.949771355372708, 47.7659970563999], [5.949411958478191, 47.770494429325936], [5.9490524818079455, 47.774991786220326], [5.950445641198649, 47.778428374409316], [5.953591436650299, 47.78080419389289], [5.958489973950304, 47.7821189436504], [5.96514125309866, 47.78237262368184], [5.970040403700402, 47.783687081683], [5.973187425755528, 47.78606231765388], [5.976334736966095, 47.78843745787259], [5.979482337332102, 47.79081250233912], [5.984382486560445, 47.79212605491621], [5.991035184651125, 47.792378115603846], [5.996113494906641, 47.791442628928685], [5.999617417326992, 47.789319594890735], [6.001546847231494, 47.78600931464147], [6.001901784620149, 47.781511788180886], [6.0022566432186855, 47.77701424574824], [6.0026114230271075, 47.77251668734352], [6.001215162015483, 47.76908069151078], [5.99806786018381, 47.76670625825002], [5.994920847242797, 47.76433172920389], [5.9917741231924415, 47.761957104372414], [5.990378580292579, 47.758521005812625], [5.99073421854321, 47.75402343352455], [5.989339218242689, 47.75058724374496], [5.986193579391014, 47.748212436473864], [5.98129740672089, 47.746898710923084]]]}}, {"type": "Feature", "properties": {"band": "echo", "dbz": 35.0, "source": "OPERA-ORD", "time": "20260803033500"}, "geometry": {"type": "Polygon", "coordinates": [[[5.888978061603848, 47.7343292928644], [5.882333387889771, 47.73407086212953], [5.8772584284249465, 47.7350011753874], [5.873753183209374, 47.737120232638034], [5.871817544695467, 47.74042833444886], [5.871451512883225, 47.744925480819866], [5.871085399845961, 47.74942261106228], [5.870719205583673, 47.7539197251761], [5.872106553717387, 47.757357357434785], [5.875247444247106, 47.75973550783835], [5.880141984879296, 47.76105387561766], [5.88679017561396, 47.761312460772714], [5.891867334541119, 47.760381944971385], [5.895373461660774, 47.758262328213675], [5.897308449753351, 47.75495391129266], [5.897672298818851, 47.75045669420834], [5.8980360671759255, 47.745959461019154], [5.898399754824574, 47.74146221172509], [5.897011298601895, 47.73802481736651], [5.8938706985078895, 47.7356472779434], [5.888978061603848, 47.7343292928644]]]}}, {"type": "Feature", "properties": {"band": "echo", "dbz": 35.0, "source": "OPERA-ORD", "time": "20260803033500"}, "geometry": {"type": "Polygon", "coordinates": [[[6.2598111162681445, 47.58570644226866], [6.253184274764194, 47.58547137510626], [6.246557489462596, 47.58523589221114], [6.239930760363354, 47.58499999358329], [6.233304087662908, 47.58476367923386], [6.22667747136126, 47.58452694916284], [6.220050911654824, 47.58428980338143], [6.213424408543601, 47.58405224188963], [6.208370781350515, 47.584998649220324], [6.204890030075565, 47.58712902537353], [6.202982056552657, 47.59044367004737], [6.202646860781792, 47.59494258324186], [6.200738263546518, 47.59825708826015], [6.197256264846837, 47.60038718510224], [6.193773970547055, 47.60251716211401], [6.190291380647171, 47.604647019295456], [6.18838175659951, 47.607961348611674], [6.188045098404073, 47.61246015006267], [6.189450317966303, 47.615894046646844], [6.1925974152862, 47.6182630383642], [6.197486489078339, 47.6195668252609], [6.204117539342719, 47.619805407336955], [6.209007220450824, 47.621108901872894], [6.2121555324026545, 47.62347730886872], [6.213562376920101, 47.6269109283135], [6.213227754003165, 47.63140976020721], [6.21289305698747, 47.6359085760724], [6.212558285873017, 47.64040737590906], [6.21222344061302, 47.64490615973045], [6.211888521207476, 47.649404927536594], [6.213296269311346, 47.652838430069515], [6.216446684924629, 47.65520666732922], [6.2197643380414815, 47.65532541680356], [6.223249228661904, 47.65319467849254], [6.226733822954003, 47.65106382032904], [6.230218120917781, 47.64893284231307], [6.233535830817958, 47.64905117545639], [6.236686952654532, 47.651418819758995], [6.2398383622775775, 47.65378636771182], [6.242990059687099, 47.656153819314866], [6.246142044963385, 47.65852117454162], [6.24929431810644, 47.66088843339209], [6.252446879196571, 47.66325559583974], [6.255599728233779, 47.66562266188459], [6.260494880329206, 47.66692352213193], [6.267132335482852, 47.66715817658175], [6.273769846785535, 47.667392414538156], [6.280407414237254, 47.66762623600112], [6.285303551292175, 47.66892619006342], [6.288458257950298, 47.67129227672507], [6.291613252783948, 47.67365826684838], [6.294768535793123, 47.67602416043336], [6.297924107058141, 47.67838995745345], [6.301079966579, 47.680755657908634], [6.304236114436029, 47.68312126177233], [6.307392550629228, 47.68548676904453], [6.312290889691859, 47.68678522985561], [6.318931131623922, 47.687016644205556], [6.323992570226772, 47.686065281913585], [6.327475205500411, 47.68393114297971], [6.330957544021625, 47.681796884453725], [6.334439585790414, 47.67966250633563], [6.3395002531150935, 47.678710168200446], [6.346139545995663, 47.67893987004815], [6.351038403071133, 47.680236783785304], [6.354196824341503, 47.68260090941192], [6.357355534082665, 47.68496493828201], [6.36051453229462, 47.687328870395575], [6.365414372909327, 47.688624876752954], [6.3720550559267854, 47.68885295735413], [6.3771156544567855, 47.68789904922212], [6.38059616849933, 47.68576315235691], [6.38249650381951, 47.68244556744699], [6.38281666041733, 47.677946294492365], [6.38313674607936, 47.67344700570064], [6.3834567608056005, 47.668947701071794], [6.383776704640862, 47.664448380592496], [6.384096577585146, 47.65994904426274], [6.3844163796832225, 47.655449692069155], [6.3847361109350915, 47.65095032401176], [6.385055771385487, 47.64645094007719], [6.385375361034409, 47.64195154026546], [6.383956589429586, 47.63852018832728], [6.38079945657102, 47.63615688426263], [6.37764261153606, 47.63379348344567], [6.3744860543247075, 47.631429985876395], [6.373068012686422, 47.6279985279538], [6.373388486621202, 47.623499109677894], [6.3719709889866785, 47.62006755837677], [6.36881551978285, 47.61770387405042], [6.365660338116334, 47.61534009303688], [6.3625054439871285, 47.61297621533613], [6.361088675147194, 47.60954455810282], [6.361410031596529, 47.605045121336936], [6.359993806115419, 47.60161337080222], [6.356839998703862, 47.59924930649867], [6.351948703710786, 47.597952628472676], [6.3453199211361895, 47.597723336724236], [6.340267459502831, 47.598676054391504], [6.336791318810709, 47.60081078147449], [6.333314882542062, 47.60294538916759], [6.32983815069689, 47.6050798774708], [6.32478492060693, 47.60603162107051], [6.318155192272183, 47.6058006199667], [6.313264412777131, 47.604502397621985], [6.310112582121773, 47.60213695403639], [6.306961038663769, 47.59977141396644], [6.303809782403121, 47.597405777412135], [6.2989199836198475, 47.596106649759776], [6.292291642313949, 47.595874031009345], [6.285663356658399, 47.59564099641107], [6.279035126653197, 47.59540754596496], [6.274146308836654, 47.59410751330505], [6.270996903208771, 47.59174089843133], [6.267847784551153, 47.58937418720832], [6.264698952863798, 47.58700737963601], [6.2598111162681445, 47.58570644226866]]]}}, {"type": "Feature", "properties": {"band": "echo", "dbz": 35.0, "source": "OPERA-ORD", "time": "20260803033500"}, "geometry": {"type": "Polygon", "coordinates": [[[6.612954641985036, 47.66978600727517], [6.606315566513505, 47.66957305983235], [6.601260982087215, 47.670538200351444], [6.597790888706166, 47.67268142883245], [6.595905197944692, 47.67600304601919], [6.595603909802792, 47.680503051911664], [6.597038253838018, 47.68393146480189], [6.600208230050371, 47.68628828468986], [6.605113926938443, 47.68757321070142], [6.611755344502233, 47.68778624283659], [6.616811188193386, 47.68682084384482], [6.620281458011904, 47.68467701372613], [6.6221660659460575, 47.68135505337439], [6.622465011995847, 47.6768549627896], [6.621029408695756, 47.67342680837205], [6.6178592560457865, 47.67107059012174], [6.612954641985036, 47.66978600727517]]]}}, {"type": "Feature", "properties": {"band": "echo", "dbz": 35.0, "source": "OPERA-ORD", "time": "20260803033500"}, "geometry": {"type": "Polygon", "coordinates": [[[7.849745973119003, 47.675122622950326], [7.843102644698333, 47.6749873360894], [7.8380722095566036, 47.67601155376378], [7.8346546676938145, 47.67819527597346], [7.832849962787108, 47.68153880438342], [7.832658094836486, 47.68604213899367], [7.832466184307442, 47.69054545863366], [7.832274231199978, 47.69504876330337], [7.8337919515240975, 47.69846023465314], [7.837019345279799, 47.70077987268295], [7.8403424617920265, 47.70084775847733], [7.843761301060778, 47.69866389203628], [7.847179843994683, 47.6964799107692], [7.8505980905937385, 47.694295814676074], [7.854016040925693, 47.6921116037878], [7.857433694990544, 47.68992727810438], [7.859237281255121, 47.686583421033326], [7.859426799719428, 47.68208003257466], [7.85790807854602, 47.67866882035419], [7.8546811177348985, 47.67634978437192], [7.849745973119003, 47.675122622950326]]]}}, {"type": "Feature", "properties": {"band": "echo", "dbz": 35.0, "source": "OPERA-ORD", "time": "20260803033500"}, "geometry": {"type": "Polygon", "coordinates": [[[6.590594387587682, 47.407477591445655], [6.583989343848598, 47.407263377565926], [6.578960375444153, 47.40822776789593], [6.575507482374341, 47.41037076243565], [6.573630576853747, 47.41369265981177], [6.573329658882368, 47.4181934600243], [6.573028674554577, 47.42269424414161], [6.5727276238703745, 47.42719501216372], [6.570849714640428, 47.430516737893576], [6.567394946864738, 47.43265942133118], [6.563939885989889, 47.4348019864828], [6.560484532015881, 47.43694443334845], [6.558605618142004, 47.440265987354344], [6.558303144368258, 47.44476664850048], [6.5580006038587735, 47.44926729358204], [6.557697996613552, 47.453767922599035], [6.559123967935021, 47.45719736819374], [6.562278517823181, 47.459555630366154], [6.56716173470018, 47.460842410091146], [6.573773618566016, 47.46105770736872], [6.578657436334734, 47.46234419328415], [6.581813188006333, 47.46470186783746], [6.584969225517837, 47.46705944527936], [6.588125548869251, 47.46941692560985], [6.591282158139236, 47.471774308802445], [6.5944390533277915, 47.47413159485714], [6.595867736116433, 47.47756056801656], [6.595568206505158, 47.4820612282807], [6.59526861075452, 47.48656187256335], [6.594968948864517, 47.49106250086451], [6.596398365434743, 47.494491366012326], [6.5995568604651975, 47.49684846800681], [6.604444521593637, 47.4981335074931], [6.61106134882006, 47.49834648447119], [6.617678226559715, 47.49855904633088], [6.6242951548126, 47.49877119307217], [6.629331939710521, 47.4978049648427], [6.632788581253478, 47.49566036164247], [6.63624492884603, 47.493515640237966], [6.639700982488175, 47.49137080062918], [6.644736993547035, 47.49040360311761], [6.651352962022608, 47.49061404770327], [6.657968980390674, 47.490824077222356], [6.6645850486512295, 47.491033691674886], [6.669620285389216, 47.490065525132444], [6.673074690604631, 47.48791957759502], [6.674948178548155, 47.48459614842406], [6.675240749219787, 47.48009523761953], [6.673806697297973, 47.47666732123428], [6.670646022782715, 47.4743123992683], [6.665758811352884, 47.473030172489366], [6.659145063008481, 47.47282064089747], [6.6542584523977375, 47.47153811965454], [6.651098979520654, 47.46918260876059], [6.649666558259292, 47.465754407415176], [6.649961188613652, 47.461253515618296], [6.6485293104976755, 47.4578252193638], [6.64537092391136, 47.45546951865168], [6.640486115097116, 47.45418611442133], [6.633874884054945, 47.45397500667274], [6.627263703161418, 47.45376348420366], [6.620652572416536, 47.453551547014094], [6.614041492015346, 47.45333919511399], [6.607430461957847, 47.45312642850336], [6.60081948243906, 47.45291324719216], [6.594208553458985, 47.45269965118039], [6.589325440289036, 47.451414118145934], [6.586170142929213, 47.44905664808877], [6.584742573688242, 47.44562753999257], [6.585042732566121, 47.44112679385732], [6.586919961367581, 47.43780476160179], [6.590374260092618, 47.43566144322598], [6.593828265713945, 47.433518006645414], [6.597281978231562, 47.43137445186009], [6.599158203331935, 47.42805224816345], [6.599456941015068, 47.42355139555551], [6.599755612849209, 47.419050526871764], [6.60005421883436, 47.41454964211219], [6.598626868734508, 47.41112057439568], [6.5954735625496514, 47.40876332372225], [6.590594387587682, 47.407477591445655]]]}}, {"type": "Feature", "properties": {"band": "echo", "dbz": 35.0, "source": "OPERA-ORD", "time": "20260803033500"}, "geometry": {"type": "Polygon", "coordinates": [[[6.8272942973877715, 47.432919689377854], [6.820685178514245, 47.43272031401561], [6.815658293348004, 47.43369600148773], [6.812213641889046, 47.4358467517942], [6.810351142298537, 47.43917286396183], [6.810070794576479, 47.4436743379906], [6.811513351647278, 47.4471004566207], [6.814678813510936, 47.44945121985211], [6.819567262073424, 47.450726328529], [6.8261786973347425, 47.450925782651396], [6.8310677453062345, 47.45220059597248], [6.8342344059879, 47.454550768492254], [6.837401352853301, 47.45690084314899], [6.8405685859024405, 47.45925081994269], [6.843736105213475, 47.46160069884664], [6.846903910786404, 47.463950479860856], [6.848349193635922, 47.46737611875521], [6.848071953762027, 47.471877615529706], [6.849517782378843, 47.47530315835934], [6.85268667948637, 47.477652747244086], [6.857578726135878, 47.47892608277267], [6.864193922327367, 47.479123164945065], [6.8690865690390215, 47.48039620471229], [6.872256666270841, 47.48274520207437], [6.875427050155557, 47.48509410141308], [6.878597720693169, 47.487442902728446], [6.883491327656703, 47.48871503367294], [6.890107871046158, 47.488910494246554], [6.895138498652684, 47.48793153483571], [6.8985832104762785, 47.485778155440435], [6.900441926570614, 47.48245065558866], [6.900714646935691, 47.47794903528039], [6.900987307106238, 47.473447399176585], [6.901259907082256, 47.46894574727725], [6.901532446901601, 47.464444079568786], [6.901804926564271, 47.459942396051176], [6.902077346108092, 47.45544069671081], [6.90234970553306, 47.45093898154769], [6.900901249119693, 47.447514027885454], [6.8977319768679894, 47.44516583572412], [6.892841968503486, 47.443894105879295], [6.886231224026185, 47.44369883835098], [6.879620525924935, 47.4435031560837], [6.873009874199735, 47.44330705907744], [6.866399269045801, 47.443110547341405], [6.859788710463132, 47.44291362087559], [6.853178198646917, 47.44271627968925], [6.846567733597157, 47.442518523782375], [6.8416794025749885, 47.44124466115173], [6.83851320558041, 47.4388946917973], [6.835347294518475, 47.43654462460481], [6.832181669389182, 47.43419445957426], [6.8272942973877715, 47.432919689377854]]]}}, {"type": "Feature", "properties": {"band": "echo", "dbz": 35.0, "source": "OPERA-ORD", "time": "20260803033500"}, "geometry": {"type": "Polygon", "coordinates": [[[7.066325648314495, 47.44999719212792], [7.062890499758225, 47.45215614852445], [7.061043702440112, 47.45548670894396], [7.060785256360155, 47.45998887338645], [7.06052675322143, 47.46449102210931], [7.060268193023937, 47.46899315511253], [7.061728105667652, 47.47241584510671], [7.064906491152575, 47.47475909209184], [7.0698034250674775, 47.47602259651643], [7.076418907412358, 47.476206358380495], [7.081444616587332, 47.47521847858676], [7.084880552592401, 47.473058957135244], [7.086726640319731, 47.46972809359427], [7.086982879769321, 47.465225887963825], [7.08552173143425, 47.46180346115125], [7.0823431953145155, 47.459460813156525], [7.079164945872095, 47.457118066548624], [7.075986983106988, 47.45477522132755], [7.072809306941484, 47.452432277520174], [7.069631917375582, 47.45008923512649], [7.066325648314495, 47.44999719212792]]]}}, {"type": "Feature", "properties": {"band": "echo", "dbz": 35.0, "source": "OPERA-ORD", "time": "20260803033500"}, "geometry": {"type": "Polygon", "coordinates": [[[6.760635992872892, 47.43990995977509], [6.754026193480502, 47.43970639830457], [6.74899731976465, 47.44067888828417], [6.745549371725333, 47.44282742971389], [6.743682265785003, 47.446152321621966], [6.743396001943658, 47.45065356400839], [6.744834291278602, 47.45408055585122], [6.747997133789834, 47.45643329715044], [6.75288461312348, 47.45771148874878], [6.75949672927954, 47.45791513064622], [6.764526844749387, 47.45694238177802], [6.767974959533023, 47.454793242144184], [6.769840990463751, 47.451468010920586], [6.770124937541571, 47.446966688107224], [6.768685406452633, 47.443539955153], [6.765522397196936, 47.441187812057905], [6.760635992872892, 47.43990995977509]]]}}, {"type": "Feature", "properties": {"band": "echo", "dbz": 35.0, "source": "OPERA-ORD", "time": "20260803033500"}, "geometry": {"type": "Polygon", "coordinates": [[[22.006281958709156, 46.215708571952376], [21.999890555820553, 46.216457807774496], [21.99535050101421, 46.2181299954697], [21.992661794290136, 46.220725135037995], [21.989972842501988, 46.22332020337158], [21.987283645649764, 46.22591520047044], [21.984594203652247, 46.22851012631675], [21.981904516509434, 46.231104980910494], [21.981066651575546, 46.23462324337044], [21.982080608850577, 46.2390649136966], [21.98124234820853, 46.242583124858754], [21.9785518696494, 46.24517787685689], [21.97586114568516, 46.24777255756611], [21.9731701763158, 46.25036716698639], [21.97233158446813, 46.2538853163302], [21.973345370142148, 46.258327005597515], [21.974359371204546, 46.26276866439619], [21.975373587655323, 46.26721029272621], [21.97638801962293, 46.27165189059285], [21.977402667107373, 46.2760934579961], [21.97656380841571, 46.27961153512288], [21.973871443547957, 46.282206121973175], [21.971178832819852, 46.2848006374967], [21.968485976231392, 46.287395081693475], [21.967646785562703, 46.29091309712133], [21.968661260813793, 46.29535468378029], [21.969675951760873, 46.299796240022474], [21.970690858403945, 46.30423776584787], [21.971705980871764, 46.30867926126173], [21.972721319164325, 46.31312072626406], [21.97373687341048, 46.31756216086009], [21.974752643610234, 46.32200356504984], [21.977115813226412, 46.32514761634645], [21.98082638225902, 46.32699431474993], [21.985884064953897, 46.32754338589186], [21.992288861311042, 46.32679482977221], [21.998693492593294, 46.32604587745276], [22.005097958800643, 46.32529652893351], [22.011502259776673, 46.3245467842465], [22.017906395521376, 46.323796643391745], [22.024310365878396, 46.323046106401335], [22.030714170847734, 46.322295173275265], [22.0371178102731, 46.321543844045635], [22.043521284154494, 46.32079211871247], [22.049924592335696, 46.320039997307894], [22.056327734816712, 46.31928747983193], [22.06087419294166, 46.31761285158527], [22.063563966710543, 46.31501611256792], [22.063052606792194, 46.31279588612612], [22.05934011318661, 46.310952172259874], [22.05562789124376, 46.309108316225085], [22.051915940963646, 46.30726431802175], [22.048204262312048, 46.30542017768298], [22.044492855288965, 46.30357589520877], [22.039436450194398, 46.303029474747625], [22.033035047028342, 46.303780916299544], [22.02797908957979, 46.303234120322145], [22.02426857784874, 46.30138908681543], [22.02055833771822, 46.299543911274036], [22.016848369188228, 46.29769859369794], [22.013138672224454, 46.295853134120236], [22.009429246826905, 46.29400753254093], [22.00892009009459, 46.291787001665426], [22.011611202027513, 46.28919154149372], [22.016156590164453, 46.28751862822337], [22.022556254505403, 46.28676826185435], [22.02761088005788, 46.28731555478875], [22.031320466821885, 46.28916050702654], [22.035030325036924, 46.291005317226706], [22.038740454703003, 46.29284998538924], [22.043795538369263, 46.293396273730984], [22.05019557603571, 46.29264418225193], [22.0547400317224, 46.29096982764483], [22.057428905429333, 46.28837320990969], [22.05826248412977, 46.28485460294762], [22.05724076782371, 46.280414006758626], [22.05621926853001, 46.27597337993121], [22.055197986248672, 46.271532722465366], [22.056031236747636, 46.268014054103446], [22.058719020026903, 46.26541737484544], [22.061406558002407, 46.2628206245068], [22.064093850674155, 46.26022380308753], [22.06492677333064, 46.25670507328602], [22.063905325971866, 46.252264435102276], [22.062884095443565, 46.24782376623371], [22.061863081745734, 46.243383066680316], [22.05949908728537, 46.24024068677295], [22.05579211206247, 46.238396626511616], [22.05074186976289, 46.23785061237335], [22.044348360386643, 46.23860264435814], [22.039807822792103, 46.240276777309994], [22.03712025697927, 46.24287301122893], [22.03443244600717, 46.24546917401622], [22.031744389875794, 46.24806526567187], [22.02854712988231, 46.24844072390274], [22.024840666026716, 46.246595548708825], [22.022478691561588, 46.243452368239325], [22.021461206486933, 46.23901118249424], [22.020443937367748, 46.23456996614672], [22.019426884204044, 46.230128719196784], [22.018410046867224, 46.22568744163921], [22.017393425357287, 46.22124613347401], [22.015033250990108, 46.21810259805389], [22.011329523765674, 46.21625683537884], [22.006281958709156, 46.215708571952376]]]}}, {"type": "Feature", "properties": {"band": "echo", "dbz": 35.0, "source": "OPERA-ORD", "time": "20260803033500"}, "geometry": {"type": "Polygon", "coordinates": [[[19.86683043718956, 46.325364460622566], [19.8604029598054, 46.32598090476728], [19.85579146780006, 46.327558999444456], [19.852995961173555, 46.33009874465409], [19.852016676434197, 46.33360042032383], [19.852853613581985, 46.338064026453694], [19.851873899808616, 46.34156564124886], [19.849077535114088, 46.34410526470934], [19.84628091635019, 46.34664481104497], [19.843484043516916, 46.349184280255734], [19.84250390411488, 46.35268582445179], [19.843340498144077, 46.35714944363313], [19.84417727112353, 46.36161303689683], [19.845014223053244, 46.36607660424287], [19.84725031654493, 46.36927036229968], [19.850885551598594, 46.37119431106726], [19.855919691363763, 46.37184817028478], [19.86235273584044, 46.371231939952246], [19.866967632841618, 46.36965379376106], [19.86976438236731, 46.367113731711214], [19.870743221676786, 46.36361203401141], [19.869904150770047, 46.359148700661635], [19.869065259248423, 46.354685341342545], [19.868226547111917, 46.350221956054135], [19.869204961505787, 46.34672018789929], [19.87200050243004, 46.344180036878], [19.874795789399794, 46.341639808804636], [19.87759082241505, 46.33909950367919], [19.878568812341175, 46.335597665039444], [19.877729759178173, 46.3311342928854], [19.875493718417914, 46.32794101474383], [19.871860690060398, 46.326017830614745], [19.86683043718956, 46.325364460622566]]]}}, {"type": "Feature", "properties": {"band": "echo", "dbz": 35.0, "source": "OPERA-ORD", "time": "20260803033500"}, "geometry": {"type": "Polygon", "coordinates": [[[21.94168311920768, 46.10469839385902], [21.935304109508557, 46.10544343434803], [21.930771186767966, 46.10711277961932], [21.928084350985912, 46.10970642967287], [21.927243883678777, 46.11322465747994], [21.928249784846564, 46.11766746304053], [21.929255899157035, 46.12211023807764], [21.930262226610186, 46.126552982591264], [21.931268767332707, 46.13099569658682], [21.932275521324602, 46.13543838006431], [21.934626507436526, 46.138584129163284], [21.938321725668487, 46.14043294388376], [21.942017213632482, 46.14228161727138], [21.94571297132851, 46.144130149326145], [21.949408998790812, 46.145978540015264], [21.953105296019384, 46.14782678933871], [21.956297030752815, 46.14745375670977], [21.958984202991104, 46.14485944212845], [21.96167113097266, 46.1422650562835], [21.96435781469748, 46.13967059917493], [21.967044254246332, 46.13707607082052], [21.96973044961922, 46.13448147122026], [21.97241640089686, 46.13188680039192], [21.975102108079263, 46.129292058335494], [21.977787571247134, 46.126697245068726], [21.980472790400476, 46.12410236059163], [21.979967722454994, 46.12188124879741], [21.976272367410687, 46.12003390968607], [21.972577281763567, 46.118186429201344], [21.96888246551363, 46.11633880734321], [21.96518791862678, 46.11449104414447], [21.961493641103008, 46.112643139605105], [21.957799632908216, 46.11079509375787], [21.954105894042403, 46.10894690660277], [21.95041242447143, 46.10709857817254], [21.946719224195306, 46.10525010846719], [21.94168311920768, 46.10469839385902]]]}}, {"type": "Feature", "properties": {"band": "echo", "dbz": 35.0, "source": "OPERA-ORD", "time": "20260803033500"}, "geometry": {"type": "Polygon", "coordinates": [[[21.04520861939886, 46.19625442433692], [21.038808681492704, 46.19694395666229], [21.03240859235168, 46.197633092430614], [21.026008351975797, 46.19832183164189], [21.021441060104333, 46.19995135695144], [21.018706716737295, 46.20252166835924], [21.015972124994935, 46.205091905939646], [21.013237284877246, 46.20766206969267], [21.010502196303605, 46.21023215959963], [21.007766859274003, 46.21280217566054], [21.00823273692198, 46.21502841179559], [21.011899829247533, 46.21691086800478], [21.016934687512673, 46.217507993291186], [21.023337311717412, 46.216819787654806], [21.029739784651287, 46.216131185290806], [21.036142106314294, 46.21544218619918], [21.04254427654746, 46.2147527904094], [21.048946295350774, 46.21406299792145], [21.055348162565334, 46.21337280876481], [21.061749878191137, 46.212682222939456], [21.066316973504062, 46.21105116666406], [21.069049448504117, 46.208479639938616], [21.06858148934407, 46.20625366388197], [21.064913096023925, 46.204373238494114], [21.06124497457187, 46.202492674255836], [21.05757712498791, 46.20061197116715], [21.05390954723493, 46.19873112926066], [21.050242241312937, 46.19685014853638], [21.04520861939886, 46.19625442433692]]]}}, {"type": "Feature", "properties": {"band": "echo", "dbz": 35.0, "source": "OPERA-ORD", "time": "20260803033500"}, "geometry": {"type": "Polygon", "coordinates": [[[20.979345199048442, 46.19422614642535], [20.972944792761325, 46.19491158330264], [20.968376237198086, 46.19653877548571], [20.965639532358725, 46.19910772297456], [20.962902578998488, 46.201676596495645], [20.960165377117377, 46.20424539604898], [20.955595751916526, 46.20587178547262], [20.949193703395935, 46.20655576476655], [20.942791504753355, 46.20723934729825], [20.93638915598878, 46.207922533067716], [20.929986657261445, 46.20860532204575], [20.923584008571353, 46.20928771423235], [20.919012828342616, 46.21091273756821], [20.91627311657524, 46.21348039205331], [20.916735151180294, 46.21570710883381], [20.920398932157777, 46.21759288790969], [20.925432667984484, 46.2181945169636], [20.93183635866041, 46.217511995995544], [20.938239899276883, 46.21682907816534], [20.94464328983391, 46.21614576347299], [20.951046530172157, 46.21546205194772], [20.957449620291627, 46.21477794358953], [20.96385256003305, 46.21409343842765], [20.97025534939643, 46.2134085364621], [20.97665798822256, 46.21272323772214], [20.98306047651144, 46.21203754220777], [20.989462814103927, 46.21135144994829], [20.995865001000023, 46.210664960943696], [21.00043385020192, 46.20903680048323], [21.00316936170961, 46.20646696856689], [21.00270420259931, 46.204240639191006], [20.999038372871013, 46.20235781235557], [20.995372815080017, 46.20047484687514], [20.991707529226318, 46.19859174274973], [20.9880425152726, 46.19670850001194], [20.984377773218867, 46.19482511866178], [20.979345199048442, 46.19422614642535]]]}}, {"type": "Feature", "properties": {"band": "echo", "dbz": 35.0, "source": "OPERA-ORD", "time": "20260803033500"}, "geometry": {"type": "Polygon", "coordinates": [[[21.081731182417602, 46.18320522729758], [21.075333193058185, 46.18389700819307], [21.070768529919683, 46.18552869907918], [21.068037193002105, 46.18810029995592], [21.067139445219894, 46.19161208669584], [21.06807528657306, 46.196064059298955], [21.070377316209527, 46.19923016629457], [21.0740455341293, 46.20111040768267], [21.077245384212336, 46.20076461765844], [21.079976866458633, 46.198192796221896], [21.082708100637447, 46.195620901135456], [21.085439086748785, 46.19304893239914], [21.088169824873244, 46.1904768900315], [21.090900315010835, 46.18790477403253], [21.090431714334052, 46.18567887123724], [21.086764022842893, 46.18379918164563], [21.081731182417602, 46.18320522729758]]]}}, {"type": "Feature", "properties": {"band": "echo", "dbz": 35.0, "source": "OPERA-ORD", "time": "20260803033500"}, "geometry": {"type": "Polygon", "coordinates": [[[20.554811878461948, 46.22969930817007], [20.54840276477615, 46.230358412161664], [20.54381897227824, 46.23196691413962], [20.541060500968218, 46.234524814103935], [20.540127602194964, 46.23803238961585], [20.54102027595848, 46.2424896406754], [20.543292708911558, 46.2456678795174], [20.54694490105419, 46.24756710614186], [20.55197660083999, 46.248187042877014], [20.558387808268947, 46.24752768972286], [20.562972395990986, 46.24591878557472], [20.565730364006104, 46.2433603304326], [20.56666196426038, 46.23985260191304], [20.56576719675381, 46.23539560001603], [20.56349396857661, 46.23221776334421], [20.559842279728766, 46.230319091897584], [20.554811878461948, 46.22969930817007]]]}}, {"type": "Feature", "properties": {"band": "echo", "dbz": 35.0, "source": "OPERA-ORD", "time": "20260803033500"}, "geometry": {"type": "Polygon", "coordinates": [[[20.706774990542733, 46.20485025194792], [20.700370425156724, 46.205518765568975], [20.695793083744622, 46.20713396304916], [20.693042966306436, 46.20969584438846], [20.69349555084827, 46.21192372827238], [20.69715083737013, 46.213817614700936], [20.700806396415942, 46.2157113633533], [20.7044622279857, 46.217604974229474], [20.70811833211765, 46.219498447296914], [20.711774708811788, 46.221391782555614], [20.714977701032137, 46.221057232489], [20.71772730877869, 46.218494797097094], [20.718648648665408, 46.21498580410587], [20.717741720692278, 46.21053025351533], [20.71546051083822, 46.20735585744939], [20.711805019103235, 46.205462615908054], [20.706774990542733, 46.20485025194792]]]}}, {"type": "Feature", "properties": {"band": "echo", "dbz": 35.0, "source": "OPERA-ORD", "time": "20260803033500"}, "geometry": {"type": "Polygon", "coordinates": [[[21.280893494223346, 45.94395772531944], [21.278183118730645, 45.94653504411514], [21.277301387887093, 45.9500490738031], [21.27824830169269, 45.95449981438336], [21.27919541581034, 45.958950525676954], [21.28014273024004, 45.96340120768386], [21.281090245100692, 45.96785186041054], [21.2820379603923, 45.97230248385698], [21.282985876233862, 45.97675307802959], [21.283933992625382, 45.98120364292836], [21.28488230968595, 45.9856541785597], [21.285830827415566, 45.99010468492361], [21.288135671930895, 45.993266392635384], [21.29179684323194, 45.99513930169501], [21.29681407597936, 45.99572313814312], [21.303187370173156, 45.9950179019797], [21.307729564914595, 45.99337627736501], [21.31044066020368, 45.990798264299045], [21.311320921766278, 45.98728413668311], [21.31037034960238, 45.9828338945172], [21.309419978519085, 45.978383623026275], [21.308469808516385, 45.973933322210335], [21.30616476040252, 45.97077194345507], [21.302504834177487, 45.968899486760485], [21.298845176513066, 45.967026891145515], [21.295185787409252, 45.965154156610154], [21.292881922602007, 45.96199251426748], [21.29193358209133, 45.957541964117475], [21.290985442098176, 45.95309138465208], [21.290037502622553, 45.9486407758713], [21.28773482015598, 45.94547887009108], [21.284077394698457, 45.94360566731143], [21.280893494223346, 45.94395772531944]]]}}, {"type": "Feature", "properties": {"band": "echo", "dbz": 35.0, "source": "OPERA-ORD", "time": "20260803033500"}, "geometry": {"type": "Polygon", "coordinates": [[[21.204527267027096, 45.960341798321906], [21.198156977323006, 45.96104085439656], [21.191786536203736, 45.96173951606572], [21.185415943669284, 45.96243778332939], [21.179045199875173, 45.963135656158194], [21.172674304821406, 45.96383313455211], [21.16630325866356, 45.964530218481784], [21.15993206140164, 45.965226907947205], [21.15538779321273, 45.96686228622073], [21.15267045409683, 45.96943635330238], [21.153139133373244, 45.971662331666835], [21.156793831041966, 45.97354022131411], [21.161807292369318, 45.9741307561513], [21.168179517355288, 45.973433936178374], [21.174551591140286, 45.972736721671616], [21.180923513724302, 45.97203911263102], [21.187295284951674, 45.97134110908596], [21.19366690482239, 45.97064271103645], [21.200038373180842, 45.9699439185119], [21.206409690027026, 45.969244731512326], [21.2109526004396, 45.9676073548993], [21.213667104418573, 45.96503178867282], [21.213196370275828, 45.96280607174083], [21.20954039801137, 45.960930204103335], [21.204527267027096, 45.960341798321906]]]}}, {"type": "Feature", "properties": {"band": "echo", "dbz": 35.0, "source": "OPERA-ORD", "time": "20260803033500"}, "geometry": {"type": "Polygon", "coordinates": [[[21.16591922624306, 45.900808203734215], [21.159555512373064, 45.90150476919453], [21.15501642078913, 45.90314012374096], [21.152301951491257, 45.90571426737351], [21.152769757576458, 45.90794038395063], [21.15641983904473, 45.90981847347232], [21.160070188569332, 45.911696424658686], [21.16372080615026, 45.91357423750973], [21.16737169182367, 45.915451911993266], [21.171022845589576, 45.9173294481093], [21.174205395744554, 45.91698087065201], [21.17691934228861, 45.9144061796214], [21.17780764198588, 45.910892829806784], [21.176870294836363, 45.906440821208164], [21.174576486740715, 45.90327609293266], [21.17092621769894, 45.901398644980254], [21.16591922624306, 45.900808203734215]]]}}, {"type": "Feature", "properties": {"band": "echo", "dbz": 35.0, "source": "OPERA-ORD", "time": "20260803033500"}, "geometry": {"type": "Polygon", "coordinates": [[[21.45264266526112, 45.83368041649062], [21.449945347826823, 45.83626227867017], [21.449075800983515, 45.83977788182269], [21.450034024731202, 45.84422722594819], [21.452341416572843, 45.847385572354675], [21.455997976508435, 45.849252921042144], [21.4610034374455, 45.84982899950411], [21.467357799384033, 45.84911380774057], [21.471883371890925, 45.84746500834493], [21.474580154966176, 45.8448826013172], [21.47410017791548, 45.84265804416606], [21.470443440738833, 45.84079133689151], [21.466786970285074, 45.83892449054331], [21.46313076655421, 45.83705750512146], [21.45947482951115, 45.83519038065811], [21.455819159155894, 45.83332311715327], [21.45264266526112, 45.83368041649062]]]}}, {"type": "Feature", "properties": {"band": "echo", "dbz": 35.0, "source": "OPERA-ORD", "time": "20260803033500"}, "geometry": {"type": "Polygon", "coordinates": [[[20.965727238503142, 45.869025103459], [20.96300540822198, 45.87159442052561], [20.962103790277332, 45.87510628998185], [20.963022384669205, 45.87956071182772], [20.965302406833374, 45.882730411196825], [20.968943856769847, 45.88461538808915], [20.973946477936806, 45.88521536846675], [20.98031027033425, 45.88453035232962], [20.986673914703495, 45.88384494211554], [20.993037411044533, 45.88315913782451], [20.997579487375976, 45.881531138223245], [21.000300143697817, 45.878960943311746], [20.999839467900298, 45.876733906819155], [20.996197459983417, 45.874850028745485], [20.991195220394523, 45.87425092777339], [20.984832749133624, 45.874936603902874], [20.97983095960617, 45.87433713617543], [20.97618985181216, 45.87245252459103], [20.9725490118473, 45.87056777533055], [20.968908439711583, 45.868682888393984], [20.965727238503142, 45.869025103459]]]}}, {"type": "Feature", "properties": {"band": "echo", "dbz": 35.0, "source": "OPERA-ORD", "time": "20260803033500"}, "geometry": {"type": "Polygon", "coordinates": [[[21.572029463822226, 45.79169253322543], [21.56568296724962, 45.792414126070504], [21.561164500881787, 45.79406726474969], [21.55847406471873, 45.796651949263], [21.55761192755263, 45.80016845144405], [21.55857808938349, 45.80461677129284], [21.55771555832415, 45.80813321991918], [21.555024334374608, 45.81071779732306], [21.55185009211097, 45.8110781056129], [21.548192831533242, 45.809214144788704], [21.54453583717243, 45.80735004474441], [21.540879109028534, 45.80548580548001], [21.535876524712016, 45.804913371620856], [21.52952808422288, 45.805632743166946], [21.525007499719067, 45.80728430135262], [21.522314771200584, 45.80986804617788], [21.52145016682571, 45.813384249665376], [21.52241368659444, 45.8178329118151], [21.524724079002965, 45.82098963456852], [21.52838134405129, 45.82285441792561], [21.533385213373126, 45.82342698975769], [21.539735686968474, 45.82270735006476], [21.546086005758234, 45.82198731758845], [21.552436169742407, 45.821266892328765], [21.55878617876839, 45.820546074315764], [21.565136032836175, 45.81982486354943], [21.569656392450074, 45.81817178815732], [21.572347257610083, 45.81558684813944], [21.573208897594828, 45.81207031547695], [21.572241312404316, 45.80762219016987], [21.57310255857159, 45.8041056040235], [21.57579263609666, 45.80152055703781], [21.578482471964577, 45.7989354380096], [21.58117206617534, 45.796350246938864], [21.580688325487678, 45.794126172753344], [21.57703124990158, 45.79226321545304], [21.572029463822226, 45.79169253322543]]]}}, {"type": "Feature", "properties": {"band": "echo", "dbz": 35.0, "source": "OPERA-ORD", "time": "20260803033500"}, "geometry": {"type": "Polygon", "coordinates": [[[21.472293925725925, 45.804124455789484], [21.469598853374574, 45.80670686007364], [21.4687308405614, 45.81022269047247], [21.469689887286407, 45.81467194698599], [21.471996978758646, 45.81782993467752], [21.475652114978118, 45.81969665354708], [21.480655028808474, 45.82027183134522], [21.487005720249712, 45.81955546807194], [21.493356257594865, 45.81883871196413], [21.49970664084394, 45.8181215630218], [21.504228770079642, 45.816471351264255], [21.50692264530198, 45.8138880766915], [21.50644174947612, 45.81166363027673], [21.50278608260206, 45.809798012019975], [21.497783566011456, 45.80922371054658], [21.491434199704305, 45.809940725856556], [21.486432126572424, 45.809366055538256], [21.48277734661582, 45.80749969959167], [21.47912283295354, 45.805633204625636], [21.47546858558558, 45.80376657064015], [21.472293925725925, 45.804124455789484]]]}}, {"type": "Feature", "properties": {"band": "echo", "dbz": 35.0, "source": "OPERA-ORD", "time": "20260803033500"}, "geometry": {"type": "Polygon", "coordinates": [[[21.43045959760844, 45.79857745886045], [21.4241107290103, 45.79929028019864], [21.417761707374385, 45.80000270875949], [21.41141253270069, 45.80071474454301], [21.405063205142113, 45.801426387519484], [21.39871372469865, 45.802137637688936], [21.392364091523234, 45.802848495021706], [21.386014305615877, 45.8035589595178], [21.38148971388853, 45.8052042331354], [21.378790316341195, 45.807784315874486], [21.379266230805605, 45.810009420515684], [21.382917457281767, 45.81187954705897], [21.38791847232261, 45.81245931187411], [21.394269275928135, 45.811748714961084], [21.400619926704145, 45.8110377251426], [21.406970424650638, 45.81032634241865], [21.41332076961458, 45.80961456681891], [21.41967096159597, 45.80890239834338], [21.424672471205024, 45.80948054980435], [21.428325298441752, 45.811349021201835], [21.43197839211902, 45.813217353716425], [21.43563175223683, 45.81508554734814], [21.440633730523473, 45.815662707751414], [21.446984326978942, 45.81494883492624], [21.45150773462558, 45.81330093181224], [21.454203953463384, 45.81071899840942], [21.45372529398028, 45.808494255323325], [21.45007175617627, 45.80662670255398], [21.446418484704726, 45.80475901086555], [21.44276547956565, 45.802891180258044], [21.439112740723964, 45.80102321076355], [21.43546026817966, 45.79915510238209], [21.43045959760844, 45.79857745886045]]]}}, {"type": "Feature", "properties": {"band": "echo", "dbz": 35.0, "source": "OPERA-ORD", "time": "20260803033500"}, "geometry": {"type": "Polygon", "coordinates": [[[21.32500272725465, 45.78416638971912], [21.322301612457288, 45.78674505593234], [21.31960025523709, 45.789323649434415], [21.31689865559406, 45.79190217022534], [21.314196813449577, 45.79448061828714], [21.311494728803645, 45.79705899361982], [21.311967698478362, 45.79928448736528], [21.315615722473737, 45.80115709952351], [21.320614879656162, 45.80174020381738], [21.32696517002565, 45.80103380024689], [21.331490939379336, 45.799391156418835], [21.33419218771722, 45.79681227233319], [21.335069178703883, 45.79329742048221], [21.33412191233932, 45.788846600865895], [21.331824530531115, 45.78568515744642], [21.328177033279257, 45.78381309022381], [21.32500272725465, 45.78416638971912]]]}}, {"type": "Feature", "properties": {"band": "echo", "dbz": 35.0, "source": "OPERA-ORD", "time": "20260803033500"}, "geometry": {"type": "Polygon", "coordinates": [[[21.235669563791497, 45.73028826721007], [21.23296666316941, 45.73286471868427], [21.232083897695887, 45.736379019535086], [21.23302126737092, 45.740831169762544], [21.23213810445818, 45.74434541557076], [21.229434408957665, 45.74692175695974], [21.226730471169635, 45.749498025420024], [21.224026291094084, 45.7520742209516], [21.22449501804903, 45.7543002845067], [21.228136652034475, 45.75617621608533], [21.231778552074672, 45.758052009530715], [21.23542071816962, 45.75992766484287], [21.23906315035494, 45.76180318198982], [21.24270584863063, 45.76367856097156], [21.246348813032306, 45.76555380175614], [21.249992043559956, 45.76742890434355], [21.250461674447497, 45.76965484378765], [21.247757705694923, 45.77223162008846], [21.243231704953285, 45.77387059050835], [21.236883672222586, 45.774571755047305], [21.23235709929265, 45.77621048878327], [21.22965198616348, 45.77878679171624], [21.230121306149574, 45.78101276703483], [21.233765059250935, 45.78288841473904], [21.23740907872748, 45.78476392422079], [21.241053364579205, 45.78663929548007], [21.244697916841773, 45.78851452848487], [21.248342735515187, 45.790389623235185], [21.25334002846151, 45.79097606474146], [21.25968979568075, 45.79027385300369], [21.266039411990505, 45.78957124834107], [21.27238887739078, 45.788868250753595], [21.276915245300913, 45.787228000442596], [21.2796185157209, 45.78465049740806], [21.282321543631905, 45.782072921559816], [21.28502432903392, 45.77949527289788], [21.287726872005486, 45.776917551440214], [21.290429172546602, 45.77433975718681], [21.28995781754394, 45.7721140435151], [21.286312806997493, 45.77024041042507], [21.28266806257685, 45.76836663900551], [21.27902358428201, 45.76649272925644], [21.275379372077474, 45.764618681209825], [21.271735425963243, 45.76274449486567], [21.268091745903803, 45.76087017025597], [21.264448331899153, 45.75899570738071], [21.262156528379794, 45.755832590321035], [21.26121633534572, 45.75138081907693], [21.25892515092543, 45.74821751636617], [21.255282975118924, 45.74634268218873], [21.25164106518952, 45.74446770983941], [21.24799942113722, 45.74259259931823], [21.245709406336665, 45.73942903415918], [21.244771020787866, 45.73497701436227], [21.24248162453573, 45.73181326371612], [21.23884121758027, 45.729937782220695], [21.235669563791497, 45.73028826721007]]]}}, {"type": "Feature", "properties": {"band": "echo", "dbz": 35.0, "source": "OPERA-ORD", "time": "20260803033500"}, "geometry": {"type": "Polygon", "coordinates": [[[17.88306729139267, 46.06222185985032], [17.880193028164232, 46.064708923366226], [17.87731850827839, 46.06719590456957], [17.874443731735138, 46.069682803460346], [17.869799179961046, 46.07117210773572], [17.863384852956116, 46.07166381739569], [17.858739725286355, 46.07315286286819], [17.85586379695176, 46.07563924415323], [17.8547572549206, 46.07912324357291], [17.855420099192877, 46.08360486112722], [17.856083084992594, 46.088086455759516], [17.85674621231976, 46.0925680274698], [17.858848029253885, 46.095806350364036], [17.862388535794974, 46.09780142444222], [17.86736754471057, 46.09855296720419], [17.87378505600068, 46.09806097864996], [17.878431782987963, 46.09657149957001], [17.881307725672418, 46.094084529964356], [17.882413071701873, 46.0906003522917], [17.881747821076324, 46.08611896655204], [17.882852715810735, 46.08263471835729], [17.885727755905105, 46.08014760770743], [17.88860253920649, 46.077660414755265], [17.891477065714895, 46.07517313950079], [17.892581457231458, 46.07168880962847], [17.89191571375618, 46.06720742513831], [17.889813237265628, 46.06396963169301], [17.8862740277598, 46.06197542929258], [17.88306729139267, 46.06222185985032]]]}}, {"type": "Feature", "properties": {"band": "echo", "dbz": 35.0, "source": "OPERA-ORD", "time": "20260803033500"}, "geometry": {"type": "Polygon", "coordinates": [[[21.214091571979996, 45.758864084286486], [21.207744973056606, 45.759563416871956], [21.203218769431274, 45.7612008711759], [21.200512961103993, 45.76377644719833], [21.199627808375542, 45.76729041750252], [21.200563311245926, 45.77174278208847], [21.202852227166517, 45.774907293588306], [21.206494556137315, 45.776783952002035], [21.21149003765558, 45.777372484659764], [21.217838671721317, 45.77667289156151], [21.222365632325257, 45.775035034413094], [21.225070919467406, 45.77245891321452], [21.22595479403217, 45.76894480057866], [21.22501725601954, 45.76449269650549], [21.222727583120346, 45.76132858785012], [21.219085775334577, 45.759452474612544], [21.214091571979996, 45.758864084286486]]]}}, {"type": "Feature", "properties": {"band": "echo", "dbz": 35.0, "source": "OPERA-ORD", "time": "20260803033500"}, "geometry": {"type": "Polygon", "coordinates": [[[21.46391843504344, 45.70480442439935], [21.461227385323763, 45.70738675177511], [21.46035967342033, 45.7109028062023], [21.46131529933315, 45.715352587680925], [21.46227112637183, 45.71980233920267], [21.46322715453637, 45.72425206076755], [21.4623590974229, 45.72776804942092], [21.459666955031423, 45.730350305162794], [21.456974571350862, 45.73293248859608], [21.45428194638123, 45.73551459972077], [21.454760008987666, 45.73773944881474], [21.458408759170176, 45.73960703587799], [21.463403910143345, 45.74018324745832], [21.469745461907177, 45.73946808355573], [21.476086860457357, 45.738752527435906], [21.48242810579388, 45.73803657909886], [21.487423722619656, 45.73861180089768], [21.491073710934685, 45.74047819283238], [21.494723964726358, 45.7423444458899], [21.49837448399467, 45.744210560070236], [21.503370566071887, 45.74478479192518], [21.509712210958014, 45.74406714145471], [21.51605370207678, 45.743349098787874], [21.522395039428183, 45.742630663924665], [21.52691043394524, 45.74097946823248], [21.52959988562795, 45.73839551171132], [21.53046366174932, 45.73487906592703], [21.52950176230935, 45.730430130879625], [21.530365145418052, 45.72691363135401], [21.533053811075423, 45.72432956735018], [21.535742235811618, 45.721745431244244], [21.538430419626636, 45.7191612230362], [21.539293460526597, 45.7156446580446], [21.538331358511506, 45.71119573626943], [21.536025670444253, 45.70803885175964], [21.532376396324842, 45.706174004515226], [21.52738326914824, 45.705600923231856], [21.521046288914448, 45.70631960790952], [21.514709155153344, 45.70703790069409], [21.50837186786493, 45.70775580158556], [21.502034427200723, 45.70847331055418], [21.49569683316071, 45.70919042759995], [21.48935908589647, 45.70990715269314], [21.483021185408, 45.71062348583375], [21.478028568211712, 45.71004817280413], [21.47438123430761, 45.7081812136043], [21.47073416549249, 45.70631411568115], [21.467087361766346, 45.70444687903469], [21.46391843504344, 45.70480442439935]]]}}, {"type": "Feature", "properties": {"band": "echo", "dbz": 35.0, "source": "OPERA-ORD", "time": "20260803033500"}, "geometry": {"type": "Polygon", "coordinates": [[[21.336586510608132, 45.655293335079705], [21.333891685224096, 45.65787247676274], [21.333016133461207, 45.661387741379706], [21.333959855319456, 45.6658391289306], [21.336251495581735, 45.66900088002511], [21.33989105424804, 45.670872994663235], [21.344878269216775, 45.671455201257274], [21.35121314048795, 45.67074749980722], [21.357547860633158, 45.67003940651963], [21.3638824296524, 45.669330921394476], [21.36839653623641, 45.6676866734723], [21.371090180385195, 45.6651066627531], [21.370616956008192, 45.66288114809814], [21.3669768631054, 45.661010129507446], [21.361990037759455, 45.66042879702431], [21.35565647997036, 45.66113715064873], [21.35067009651793, 45.66055545116255], [21.347030887402173, 45.65868369856577], [21.343391942958256, 45.65681180776008], [21.339753263186186, 45.65493977874549], [21.336586510608132, 45.655293335079705]]]}}, {"type": "Feature", "properties": {"band": "echo", "dbz": 35.0, "source": "OPERA-ORD", "time": "20260803033500"}, "geometry": {"type": "Polygon", "coordinates": [[[22.054278128552426, 45.16070109187774], [22.048009415991853, 45.16145153738852], [22.043554824341474, 45.163125665092046], [22.040914353601288, 45.165723474988305], [22.040088274670385, 45.16924523331932], [22.041076587548773, 45.173690940085116], [22.043385626545376, 45.176837673357866], [22.047015391660192, 45.17868543313758], [22.051965611787303, 45.17923395308048], [22.058236286926707, 45.178483233186554], [22.062691588684192, 45.17680870202812], [22.065331517059768, 45.17421035960516], [22.06615634351899, 45.17068847220236], [22.06516606806186, 45.166243039819705], [22.06285631895815, 45.16309671000187], [22.059227096207856, 45.16124948274886], [22.054278128552426, 45.16070109187774]]]}}, {"type": "Feature", "properties": {"band": "echo", "dbz": 35.0, "source": "OPERA-ORD", "time": "20260803033500"}, "geometry": {"type": "Polygon", "coordinates": [[[22.033841938423606, 45.12663468686935], [22.027576835775548, 45.12738381116542], [22.023124296475352, 45.12905704594312], [22.020484320523003, 45.131654391202446], [22.01965717791562, 45.13517611301497], [22.020642868653198, 45.139622211380704], [22.02294903744624, 45.14276956875504], [22.02657568429474, 45.14461818513797], [22.031522538995585, 45.145167794356254], [22.037789601548766, 45.144418396409876], [22.042242850521923, 45.14274475871408], [22.044882285915058, 45.14014688126887], [22.04570817829032, 45.13662503018854], [22.044720527647698, 45.13217920547309], [22.042413649181697, 45.12903225101686], [22.038787542892322, 45.12718416681983], [22.033841938423606, 45.12663468686935]]]}}, {"type": "Feature", "properties": {"band": "echo", "dbz": 35.0, "source": "OPERA-ORD", "time": "20260803033500"}, "geometry": {"type": "Polygon", "coordinates": [[[7.641645075407021, 45.541368329641415], [7.635266437233681, 45.541220728969265], [7.630433095353992, 45.54223753183506], [7.627145049767954, 45.544418738238825], [7.6254022451825865, 45.547764633263384], [7.62520468159789, 45.55227521690875], [7.625007076027842, 45.55678578214254], [7.624809428472441, 45.56129632896475], [7.6246117389064825, 45.56580685738942], [7.6244140073299675, 45.57031736741655], [7.622669993181136, 45.57366306596945], [7.619379696459989, 45.57584395304813], [7.616089131976913, 45.57802472885487], [7.612798299731908, 45.58020539338966], [7.6095071996665995, 45.5823859466248], [7.606215831780986, 45.58456638856026], [7.601378274148658, 45.58558154339053], [7.594994526769617, 45.58543141111561], [7.590156452087611, 45.58644624812531], [7.5868640501026405, 45.58862605441966], [7.583571380177603, 45.59080574932166], [7.5802784423125, 45.592985332831304], [7.575439633942076, 45.593999246471], [7.56905495506633, 45.59384749024075], [7.564215629616687, 45.59486108585861], [7.560921657593146, 45.5970400333246], [7.559172982009429, 45.600384618072496], [7.558969602865534, 45.60489484010229], [7.5604137407771645, 45.60831560268013], [7.56350539574432, 45.61064690580601], [7.56659731376345, 45.612978111703164], [7.5696894948345514, 45.61530922037159], [7.571134340750429, 45.61872986328884], [7.57093185151108, 45.62324004045491], [7.569182740217847, 45.62658464903736], [7.56588700687073, 45.628763689036205], [7.562591005066689, 45.63094261750446], [7.559294734805724, 45.63312143444212], [7.557544736890714, 45.63646588057503], [7.557341011321655, 45.64097595590319], [7.557137242384336, 45.64548601292864], [7.556933430078756, 45.649996051651414], [7.555182544737397, 45.6533403352774], [7.551884586360259, 45.655518863806606], [7.547039612328058, 45.65653135136034], [7.540647622640792, 45.656377797938596], [7.534255666214362, 45.65622384505965], [7.527863743048769, 45.65606949272351], [7.523018034366294, 45.65708105525607], [7.519718540166935, 45.65925853265735], [7.517965202320074, 45.662602210797445], [7.51775802082571, 45.66711208967635], [7.519201118990508, 45.67053324440445], [7.522294496814469, 45.672865674981736], [7.527038212474078, 45.67410909541893], [7.533432265969331, 45.67426350571604], [7.539826352768691, 45.674417516406365], [7.5462204728721565, 45.674571127489926], [7.55106708815966, 45.67355870139764], [7.554366198631202, 45.67138023812953], [7.557665040130546, 45.66920166322953], [7.560963612657692, 45.66702297669764], [7.564160455939899, 45.66709917566299], [7.567255569977169, 45.669430260125566], [7.57035094780524, 45.671761247262666], [7.5734465894241145, 45.67409213707427], [7.578191569165015, 45.67533318866242], [7.584585887027941, 45.67548440202713], [7.590980237506534, 45.675635215759115], [7.597374620600794, 45.675785629858375], [7.603769036138576, 45.67593564431852], [7.610163484119884, 45.67608525913954], [7.61490964098326, 45.67732483577933], [7.618007506728709, 45.67965437423787], [7.621105636473675, 45.68198381520903], [7.624204030218156, 45.68431315869281], [7.628951048543687, 45.685551852448945], [7.635346691450271, 45.68569989647745], [7.640192604292819, 45.684683254859905], [7.643488787071331, 45.68250192759632], [7.646784700784503, 45.680320488944254], [7.6500803454323325, 45.67813893890371], [7.6549255197992565, 45.67712137267416], [7.661320223885276, 45.6772677902556], [7.667714959553883, 45.67741380816643], [7.674109726805077, 45.677559426406646], [7.680504525466629, 45.677704644970056], [7.686899355538541, 45.67784946385666], [7.693294216848569, 45.6779938830603], [7.699689109396717, 45.67813790258097], [7.704533105713855, 45.67711819940978], [7.707826205799984, 45.67493477354673], [7.711119036952042, 45.67275123650046], [7.714411599170029, 45.67056758827097], [7.7192548555040705, 45.669546961161394], [7.72564880595417, 45.669689355171734], [7.730491542360988, 45.668668410429795], [7.733783064724525, 45.66648412693559], [7.735523319811445, 45.66313679076474], [7.735712307621746, 45.658626401917246], [7.737452007489013, 45.6552789389237], [7.740742419413246, 45.65309440178412], [7.7440325626981, 45.650909753600146], [7.747322437343578, 45.648724994371804], [7.747416604739314, 45.64646976600865], [7.74431506488531, 45.64414406851066], [7.74121378875224, 45.641818273224416], [7.7381127763401025, 45.6394923801499], [7.735012027581178, 45.63716638931194], [7.731911542475466, 45.634840300710536], [7.7288113209552565, 45.6325141143705], [7.72571136302055, 45.63018783029185], [7.724256248967484, 45.62676943423381], [7.72444597879606, 45.622258926196366], [7.724635668267948, 45.617748399893934], [7.7248253173831465, 45.6132378553265], [7.725014926165905, 45.608727292480005], [7.725204494616222, 45.60421671135443], [7.726943019315303, 45.60086926389879], [7.730230500263144, 45.598684950113054], [7.733517713251953, 45.596500525354266], [7.736804658281728, 45.59431598962241], [7.738542303557455, 45.590968381316046], [7.738730649079136, 45.58645770043519], [7.737276052969011, 45.58303930067546], [7.734178515227083, 45.580713182036874], [7.731081240400437, 45.57838696573281], [7.727984228489074, 45.576060651763285], [7.724887479425538, 45.57373424015303], [7.721790993209828, 45.571407730902045], [7.717051653704537, 45.57017302716111], [7.710669460909669, 45.57003012893022], [7.704287298939429, 45.56988683190643], [7.697905167793819, 45.56974313608972], [7.693166683076616, 45.56850755059879], [7.69007184478782, 45.566180075433635], [7.686977269164887, 45.563852502751686], [7.6838829562078175, 45.56152483255296], [7.680788905849143, 45.559197064862126], [7.677695118088864, 45.556869199679184], [7.674601592859521, 45.554541237028815], [7.671508330161113, 45.552213176910996], [7.666771786911375, 45.55097612993998], [7.660391963110308, 45.550830096115774], [7.655655962934088, 45.54959275924085], [7.652563786382717, 45.547264119315216], [7.649471872203696, 45.544935382008674], [7.646380220397026, 45.54260654732121], [7.641645075407021, 45.541368329641415]]]}}, {"type": "Feature", "properties": {"band": "rain", "dbz": 40.0, "source": "OPERA-ORD", "time": "20260803033500"}, "geometry": {"type": "Polygon", "coordinates": [[[12.760045948154573, 55.50020308647791], [12.75624921445883, 55.502535157632366], [12.754507258694542, 55.50594479562514], [12.754820080861712, 55.51043200045622], [12.75703216565978, 55.513753147275125], [12.761143513088744, 55.51590823608184], [12.765255313023877, 55.51806318605986], [12.769367565465178, 55.52021799720919], [12.773480270532914, 55.522372669480454], [12.77759342822708, 55.52452720287366], [12.783605659843092, 55.52551504815294], [12.79151696538095, 55.525336205318276], [12.79737079546711, 55.5240801184748], [12.801167150101573, 55.52174678762252], [12.801008372034685, 55.5195032464454], [12.796894461266447, 55.51734949494346], [12.792781002999947, 55.51519560448526], [12.788667997235187, 55.513041575070794], [12.784555443852076, 55.51088740674942], [12.780443342850615, 55.50873309952115], [12.776331694110716, 55.50657865343533], [12.772220497632379, 55.50442406849196], [12.76810975329552, 55.50226934474037], [12.763999461100138, 55.50011448218057], [12.760045948154573, 55.50020308647791]]]}}, {"type": "Feature", "properties": {"band": "rain", "dbz": 40.0, "source": "OPERA-ORD", "time": "20260803033500"}, "geometry": {"type": "Polygon", "coordinates": [[[13.804959110364798, 55.183421053108106], [13.797120218781895, 55.18366463080357], [13.791347289990831, 55.18496810486598], [13.787640323991607, 55.18733147529534], [13.78599947260566, 55.19075511499382], [13.786424735832995, 55.19523902396143], [13.7868501120722, 55.199722928352486], [13.787275601323273, 55.20420682816699], [13.789555832183071, 55.20750899937097], [13.793690804651597, 55.20962944196445], [13.797612486635796, 55.20950782778989], [13.80132087813567, 55.2071441568473], [13.805028837020478, 55.20478037452135], [13.808736363290219, 55.20241648081204], [13.812443457088856, 55.200052475760714], [13.816150118416385, 55.19768835936736], [13.817789064624035, 55.19426440778037], [13.817360295711806, 55.18978062099977], [13.815079072480831, 55.18647886177219], [13.81094539493111, 55.18435913009764], [13.804959110364798, 55.183421053108106]]]}}, {"type": "Feature", "properties": {"band": "rain", "dbz": 40.0, "source": "OPERA-ORD", "time": "20260803033500"}, "geometry": {"type": "Polygon", "coordinates": [[[13.836192928839711, 54.832778941665666], [13.832520170271314, 54.83514366058635], [13.830896375415303, 54.83856801242581], [13.831321544271677, 54.84305199718407], [13.82969695285539, 54.84647625129668], [13.826022601166438, 54.848840774763644], [13.8223478259221, 54.85120518783512], [13.818672627122377, 54.85356949051112], [13.817046976737842, 54.85699365430503], [13.817470874768501, 54.86147767921687], [13.819733231538958, 54.86477952245806], [13.823834047049214, 54.8668991840286], [13.829773171263977, 54.86783629472173], [13.83755060418325, 54.86759085453746], [13.843276769655919, 54.86628561401244], [13.846951667681985, 54.86392057314668], [13.850626141909967, 54.86155542194901], [13.854300192339863, 54.85919016041943], [13.858188345817595, 54.85906670958763], [13.862290602343164, 54.861185069453605], [13.866393294478453, 54.86330328836844], [13.87049642222346, 54.86542136633213], [13.876436435289609, 54.86635619315946], [13.884213333676895, 54.866107768850455], [13.891990142265623, 54.86585884722364], [13.899766861055795, 54.86560942827903], [13.905490771620101, 54.86430126532596], [13.909161873958539, 54.86193435836442], [13.910780321370883, 54.85850907646288], [13.910346113857134, 54.85402541962135], [13.908077214079697, 54.850725185248244], [13.903973622038578, 54.84860837334358], [13.89987046523424, 54.84649142038943], [13.895767743666688, 54.8443743263858], [13.891665457227875, 54.84225709138097], [13.8875636059178, 54.84013971537496], [13.881626807554154, 54.83920514716655], [13.873855062136942, 54.83945338675578], [13.866083227489646, 54.83970112937617], [13.858311303612272, 54.83994837502772], [13.852375620011708, 54.83901264128903], [13.848276176687957, 54.83689392816012], [13.844177168300536, 54.83477507424808], [13.840078594849452, 54.832656079552905], [13.836192928839711, 54.832778941665666]]]}}, {"type": "Feature", "properties": {"band": "rain", "dbz": 40.0, "source": "OPERA-ORD", "time": "20260803033500"}, "geometry": {"type": "Polygon", "coordinates": [[[14.052582249999059, 54.83361816286346], [14.044812514353682, 54.83387733333732], [14.039097060965902, 54.835192317693156], [14.035435889835721, 54.837563115930976], [14.031774296066178, 54.83993380461341], [14.028112279657277, 54.84230438374044], [14.024449840468774, 54.84467485327195], [14.020786978500668, 54.84704521320791], [14.019178661861718, 54.85047200132061], [14.019624890551919, 54.85495521761003], [14.021903408629447, 54.858253222007896], [14.026014216094305, 54.86036601451419], [14.031957155074066, 54.86129322626629], [14.03973222556873, 54.86103485726421], [14.047507202719132, 54.860775991130396], [14.055282086525269, 54.86051662786486], [14.061000325113291, 54.85920116506272], [14.0646619184832, 54.85682960272396], [14.066267025959352, 54.85340230964841], [14.065815647541744, 54.84891928583606], [14.06536438784108, 54.84443625663057], [14.06491324685736, 54.83995322203196], [14.062632536729561, 54.83665592295612], [14.058522257457687, 54.83454435940306], [14.052582249999059, 54.83361816286346]]]}}, {"type": "Feature", "properties": {"band": "rain", "dbz": 40.0, "source": "OPERA-ORD", "time": "20260803033500"}, "geometry": {"type": "Polygon", "coordinates": [[[21.423345682450666, 53.841536070640956], [21.415836570968217, 53.842262922758486], [21.408327216302144, 53.84298930149103], [21.400817618452443, 53.84371520683858], [21.395490098948535, 53.845366037765885], [21.392344657790428, 53.84794179427293], [21.39138170857986, 53.85144281554642], [21.392601251316833, 53.85586910158639], [21.39382110276604, 53.86029536645095], [21.395041262927492, 53.86472161014011], [21.39783514408056, 53.867859857062385], [21.40220274622525, 53.86971010721778], [21.40814365506157, 53.870272021180845], [21.415657870589513, 53.86954559895159], [21.423171842378466, 53.868818703021375], [21.430685570428423, 53.86809133339018], [21.43601446412892, 53.86643920494495], [21.439158523479954, 53.86386231768567], [21.44011816396454, 53.86036101087688], [21.43889338558268, 53.85593528451859], [21.437668917011145, 53.85150953685161], [21.436444758249937, 53.84708376787595], [21.43364956869997, 53.843946323686644], [21.42928334836125, 53.842097204283675], [21.423345682450666, 53.841536070640956]]]}}, {"type": "Feature", "properties": {"band": "rain", "dbz": 40.0, "source": "OPERA-ORD", "time": "20260803033500"}, "geometry": {"type": "Polygon", "coordinates": [[[8.94775299735863, 54.15093003630547], [8.940101370020102, 54.150862540651644], [8.934333602879136, 54.15193461366918], [8.930449695935737, 54.15414625535807], [8.92844960903954, 54.157497829125774], [8.928333342190541, 54.16198933497229], [8.930159858855657, 54.16537502826106], [8.933929159034886, 54.16765490899209], [8.939641282917586, 54.1688286135729], [8.947296230503756, 54.168896142003476], [8.953065697531786, 54.167823721869894], [8.956949684001671, 54.16561135317214], [8.958948150537442, 54.162259399511626], [8.959061097139095, 54.15776786088836], [8.957232880586915, 54.15438251471564], [8.953463500880904, 54.152103360993465], [8.94775299735863, 54.15093003630547]]]}}, {"type": "Feature", "properties": {"band": "rain", "dbz": 40.0, "source": "OPERA-ORD", "time": "20260803033500"}, "geometry": {"type": "Polygon", "coordinates": [[[9.089629896405611, 53.96340711151483], [9.082012538968826, 53.96334871551191], [9.076274480036366, 53.96442769706648], [9.07241571960823, 53.966644056178545], [9.070436223271745, 53.96999815423379], [9.070335991026909, 53.97448999123222], [9.068355659165213, 53.977843956932965], [9.064495227686658, 53.98006005133602], [9.060634383991928, 53.9822760192589], [9.056773128081023, 53.98449186070162], [9.054791510265185, 53.987845683322604], [9.054689530544412, 53.99233748712185], [9.054587524547582, 53.996829286253856], [9.0544854922747, 54.0013210807186], [9.054383433705997, 54.005812870530136], [9.054281348841478, 54.0103046556885], [9.054179237661351, 54.01479643620774], [9.054077100165625, 54.01928821208787], [9.055907686848682, 54.02267209241], [9.059670997710526, 54.024948077174116], [9.06343471907915, 54.02722394256497], [9.06719885095455, 54.02949968858256], [9.07096339345773, 54.031775315185385], [9.074728346588687, 54.03405082237346], [9.078543183467676, 54.03408031701948], [9.082407904094694, 54.03186379912345], [9.084389711901725, 54.02850964248633], [9.084488606888765, 54.02401784710811], [9.084587476389279, 54.01952604711251], [9.084686320403268, 54.01503424249951], [9.086666840486938, 54.01167994304309], [9.090529036640287, 54.00946314874325], [9.094390819968785, 54.007246227997356], [9.098252190472431, 54.005029180805394], [9.100231424269554, 54.001674738626654], [9.100328521360153, 53.99718290146114], [9.100425593445179, 53.992691059639704], [9.100522640524629, 53.98819921316237], [9.100619662617294, 53.983707362015025], [9.100716659723176, 53.97921550619767], [9.100813631861044, 53.974723645696244], [9.1009105790309, 53.970231780510744], [9.099078933242872, 53.96684846331757], [9.09531869449696, 53.964573694116716], [9.089629896405611, 53.96340711151483]]]}}, {"type": "Feature", "properties": {"band": "rain", "dbz": 40.0, "source": "OPERA-ORD", "time": "20260803033500"}, "geometry": {"type": "Polygon", "coordinates": [[[8.953422959260763, 53.92634756359465], [8.945812547132114, 53.926280474716705], [8.940076063493667, 53.927352911752045], [8.936213508345425, 53.929564874700674], [8.934224842298246, 53.93291672449754], [8.934110065352131, 53.93740846114264], [8.933995258876148, 53.94190019300316], [8.933880422870299, 53.946391920079094], [8.93569810863078, 53.94977768034556], [8.93944831615759, 53.952057473802554], [8.945131084908002, 53.95323093923403], [8.952746414882018, 53.95329807664001], [8.958485820841757, 53.952225309222946], [8.96234930278722, 53.95001263698284], [8.964336822059842, 53.94666042114452], [8.964448378659615, 53.94216866170799], [8.964559906572411, 53.937676897495464], [8.964671405798232, 53.93318512850695], [8.962852407889626, 53.92979971001793], [8.9591029128466, 53.9275206420284], [8.953422959260763, 53.92634756359465]]]}}, {"type": "Feature", "properties": {"band": "rain", "dbz": 40.0, "source": "OPERA-ORD", "time": "20260803033500"}, "geometry": {"type": "Polygon", "coordinates": [[[15.851191366034929, 53.77791707460688], [15.843629799970149, 53.77829008934744], [15.83606810833783, 53.77866262292632], [15.828506291137973, 53.77903467534351], [15.822990576520148, 53.78043234527381], [15.819520964484362, 53.78285563271722], [15.818097668265121, 53.7863048916838], [15.818720687862434, 53.79078012217353], [15.819343866567003, 53.79525534350286], [15.819967204378827, 53.799730555671786], [15.82232647029841, 53.80299406209392], [15.82642166432575, 53.80504586276925], [15.832252572860511, 53.80588560341948], [15.839819195902697, 53.80551328404461], [15.84738569308599, 53.805140483168394], [15.85495206441039, 53.804767200790856], [15.860469699309371, 53.80336832571042], [15.863938597782932, 53.800943857927095], [15.865358974734498, 53.797494151634716], [15.864730830164072, 53.79301920683328], [15.864102845909196, 53.78854425280123], [15.863475021969867, 53.78406928953857], [15.861113869766982, 53.78080649773958], [15.85701938930054, 53.778755877404265], [15.851191366034929, 53.77791707460688]]]}}, {"type": "Feature", "properties": {"band": "rain", "dbz": 40.0, "source": "OPERA-ORD", "time": "20260803033500"}, "geometry": {"type": "Polygon", "coordinates": [[[7.437176901500486, 53.5707349590794], [7.429634298579675, 53.57057121604458], [7.422091750495224, 53.570406992046536], [7.414549257247136, 53.570242287085286], [7.408823340175942, 53.571240899420374], [7.40491399928164, 53.573402829051815], [7.4047762464824665, 53.57564748021071], [7.408410081778419, 53.57797485289706], [7.412044313823466, 53.58030211363949], [7.415678942617609, 53.58262926243801], [7.417358799635358, 53.58603748875028], [7.417083884876711, 53.5905267925763], [7.414990854303986, 53.59385250235353], [7.411079707917181, 53.596014618081966], [7.40535053975002, 53.5970127833133], [7.397803349802506, 53.59684699804753], [7.3920734038186025, 53.59784478105562], [7.38816070179831, 53.60000613233757], [7.388021936334762, 53.60225074562801], [7.391657107427957, 53.60457862092694], [7.395292675830746, 53.6069063842793], [7.39892864154313, 53.60923403568508], [7.40060815409917, 53.61264247555039], [7.4003312134988635, 53.617131703875216], [7.40005420228459, 53.621620926203974], [7.399777120456349, 53.62611014253668], [7.4014576922165, 53.62951847817947], [7.405095917565044, 53.631845933132354], [7.410691891046417, 53.63309215056821], [7.418245612660618, 53.63325713048704], [7.423979418168675, 53.63225836325322], [7.427893307570586, 53.63009584886676], [7.429987187095157, 53.62676994417587], [7.430261056742388, 53.62228064918055], [7.432354094543946, 53.618954600048355], [7.436266300499833, 53.61679179677926], [7.440178101395241, 53.61462886188765], [7.444089497230172, 53.612465795373524], [7.44618118813462, 53.60913958318113], [7.446453174108586, 53.60465022531047], [7.446725090796011, 53.60016086144766], [7.446996938196894, 53.595671491592704], [7.44726871636266, 53.591182115732074], [7.44754042529331, 53.586692733865775], [7.447812065040215, 53.58220334598029], [7.448083635603374, 53.57771395207562], [7.446401616403938, 53.57430614899167], [7.442766007441907, 53.571979936728425], [7.437176901500486, 53.5707349590794]]]}}, {"type": "Feature", "properties": {"band": "rain", "dbz": 40.0, "source": "OPERA-ORD", "time": "20260803033500"}, "geometry": {"type": "Polygon", "coordinates": [[[7.480288843496637, 53.60762306520069], [7.472739502730109, 53.60746205473944], [7.467009913462661, 53.60846346474807], [7.463100075694293, 53.610627295226585], [7.461009897228174, 53.61395390279175], [7.460739378064305, 53.61844328744356], [7.458648358678874, 53.62176975083489], [7.454736839071883, 53.62393329296574], [7.450824914198657, 53.62609670350074], [7.446912584059198, 53.62825998243991], [7.446776819303039, 53.63050465616054], [7.450417619930182, 53.632830724662654], [7.456015045487813, 53.634074803548906], [7.463569095975934, 53.6342368928193], [7.469301942591466, 53.6332359285061], [7.473213585334408, 53.63107191060932], [7.477124822709089, 53.62890776118712], [7.481035654715511, 53.626743480239504], [7.484946081457438, 53.62457906781016], [7.488856102934872, 53.62241452389908], [7.4909447676438585, 53.619087521222596], [7.491212075584399, 53.61459805978072], [7.489525175635976, 53.611190889402664], [7.485884067798592, 53.608866010088434], [7.480288843496637, 53.60762306520069]]]}}, {"type": "Feature", "properties": {"band": "rain", "dbz": 40.0, "source": "OPERA-ORD", "time": "20260803033500"}, "geometry": {"type": "Polygon", "coordinates": [[[7.624278732121372, 53.46676290614674], [7.616754031755977, 53.46661114141485], [7.611047052238791, 53.46761961885373], [7.607157793569815, 53.469788338463374], [7.605086169520988, 53.47311765546799], [7.604832180092311, 53.47760756986757], [7.60275972370699, 53.480936744217615], [7.598868800365025, 53.4831051785181], [7.594977475054396, 53.485273482215284], [7.591085747775103, 53.48744165530917], [7.5909582576248855, 53.48968659430341], [7.594595004603744, 53.492008299198005], [7.600178068256977, 53.493245568136366], [7.607707448584583, 53.4933984011185], [7.613417658001989, 53.49239036350557], [7.617308696509194, 53.49022145529759], [7.619380477954444, 53.48689203199595], [7.61963300233774, 53.48240209360064], [7.62170395120123, 53.47907252773491], [7.625593324544916, 53.476903334398735], [7.629482296128213, 53.47473401060224], [7.6333708659511235, 53.47256455634542], [7.6334966337229515, 53.470319569040925], [7.629859599443696, 53.46799904868877], [7.624278732121372, 53.46676290614674]]]}}, {"type": "Feature", "properties": {"band": "rain", "dbz": 40.0, "source": "OPERA-ORD", "time": "20260803033500"}, "geometry": {"type": "Polygon", "coordinates": [[[5.2776636916391215, 53.008924106865685], [5.27022993939992, 53.00862318583242], [5.26279628434293, 53.0083217922494], [5.255362726468153, 53.00801992611662], [5.2496634640187745, 53.008913842896774], [5.2456984969947955, 53.01100354258986], [5.245450589944985, 53.0132445451918], [5.248919742869345, 53.015636850702606], [5.252389274434819, 53.018029053490686], [5.255859184641409, 53.02042115355605], [5.2593294736114915, 53.022813150863634], [5.262800141345066, 53.02520504541343], [5.268253892826655, 53.026551523494085], [5.275690728056259, 53.026852585105594], [5.281391458309531, 53.02595766427912], [5.285356083586471, 53.02386676101468], [5.287584438573254, 53.02058022328651], [5.288076523269879, 53.016098051094616], [5.286587066153324, 53.01266136559458], [5.283116067223589, 53.010270166786405], [5.2776636916391215, 53.008924106865685]]]}}, {"type": "Feature", "properties": {"band": "rain", "dbz": 40.0, "source": "OPERA-ORD", "time": "20260803033500"}, "geometry": {"type": "Polygon", "coordinates": [[[12.260914887456558, 52.86666143712393], [12.253494542288962, 52.86680516339178], [12.247987551397767, 52.86803554973848], [12.244393914782975, 52.87035259616403], [12.240799896139741, 52.872669531073534], [12.237205495468064, 52.874986354466984], [12.233610712653734, 52.87730306630701], [12.230015547696746, 52.879619666593605], [12.230131805681522, 52.88186520375842], [12.233959486608057, 52.884039677801475], [12.237787556131465, 52.88621402368826], [12.241616014251749, 52.88838824141879], [12.243646974252057, 52.89172086877406], [12.243880436132388, 52.89621190575407], [12.245912199787524, 52.89954439312197], [12.249742265217465, 52.90171833087774], [12.255370554027957, 52.90273336963047], [12.262797066219, 52.902589509380135], [12.270223532072361, 52.902445176383374], [12.277649951588042, 52.90230037064019], [12.283160204067434, 52.90106885762506], [12.286754289510537, 52.89875063733799], [12.288432287556438, 52.89534605913863], [12.288194198205137, 52.89085512302697], [12.286159837322597, 52.88752328010673], [12.282329204908821, 52.88535053037789], [12.278498961101592, 52.88317765232857], [12.274669105900905, 52.881004645958775], [12.27263602314112, 52.87767264392642], [12.27239971282223, 52.8731816462315], [12.270367433257178, 52.869849504035535], [12.266539184445962, 52.86767621733851], [12.260914887456558, 52.86666143712393]]]}}, {"type": "Feature", "properties": {"band": "rain", "dbz": 40.0, "source": "OPERA-ORD", "time": "20260803033500"}, "geometry": {"type": "Polygon", "coordinates": [[[10.304047638851662, 51.22505646248363], [10.296893653552205, 51.22507551170092], [10.28973966282948, 51.22509410737268], [10.282585666683481, 51.22511224949891], [10.277226872766985, 51.22624977691106], [10.273663281079987, 51.228506689609134], [10.271894900360333, 51.2318833210672], [10.271921730608025, 51.23637967128526], [10.271948567307085, 51.24087601260082], [10.271975410457516, 51.24537234501388], [10.272002260063811, 51.249868668538575], [10.27202911612597, 51.25436498317492], [10.272055978648483, 51.258861288937084], [10.272082847631355, 51.263357585825055], [10.272109723079083, 51.26785387385298], [10.272136604991665, 51.272350153020845], [10.273947389983146, 51.27571798782178], [10.277542078053521, 51.27795737825578], [10.282920660432069, 51.27906799034685], [10.290083137118788, 51.279049824095004], [10.295447562056996, 51.277911964639664], [10.29901393524669, 51.27565441198083], [10.300782266102082, 51.27227750009241], [10.300752554623173, 51.2677812289744], [10.302520182057796, 51.26440419904597], [10.306085148405952, 51.2621464103071], [10.309649761633548, 51.25988850694542], [10.313214021740583, 51.25763048896093], [10.314980603634956, 51.254253328832675], [10.314949507316662, 51.249757026560665], [10.314918418473496, 51.24526071539723], [10.314887337105459, 51.24076439534236], [10.314856263207346, 51.23626806638191], [10.31482519677916, 51.23177172851589], [10.31301340554915, 51.2284044041559], [10.30942088951731, 51.226166093301956], [10.304047638851662, 51.22505646248363]]]}}, {"type": "Feature", "properties": {"band": "rain", "dbz": 40.0, "source": "OPERA-ORD", "time": "20260803033500"}, "geometry": {"type": "Polygon", "coordinates": [[[21.994851170939327, 50.09987433479553], [21.99197014455676, 50.102465991852604], [21.9910990150665, 50.105975665980324], [21.992237782468543, 50.1104033571787], [21.99481768777248, 50.113535140138026], [21.998838730978314, 50.11537101485831], [22.002860101337124, 50.11720673542917], [22.00688179884891, 50.119042301850584], [22.010903823557292, 50.1208777140821], [22.01492617546227, 50.1227129721237], [22.020389081442033, 50.12325181668217], [22.027292541496582, 50.122494247757515], [22.03218420065536, 50.12081912974732], [22.03506405891838, 50.11822646265158], [22.03449271885701, 50.11601285634652], [22.03047018047124, 50.114178310832145], [22.02644796912747, 50.11234361108498], [22.022426084825696, 50.11050875710503], [22.018404527522392, 50.10867374893276], [22.014383297217556, 50.10683858656817], [22.010362393867645, 50.10500327005172], [22.00634181747266, 50.1031677993834], [22.00232156798903, 50.10133217460368], [21.998301645416745, 50.09949639571255], [21.994851170939327, 50.09987433479553]]]}}, {"type": "Feature", "properties": {"band": "rain", "dbz": 40.0, "source": "OPERA-ORD", "time": "20260803033500"}, "geometry": {"type": "Polygon", "coordinates": [[[6.641656613680162, 48.04044376805686], [6.634968691937615, 48.040232429587284], [6.628280821985149, 48.04002067099], [6.621593003822762, 48.03980849226502], [6.614905237654285, 48.039595893422614], [6.608217523479716, 48.0393828744628], [6.603125670105644, 48.04034766558326], [6.599629677532069, 48.04249026678399], [6.597729455635318, 48.04581098180958], [6.597425004415392, 48.05030981066004], [6.597120485158139, 48.05480862440566], [6.596815897863562, 48.059307423046434], [6.596511242488214, 48.06380620659583], [6.596206519032095, 48.06830497505381], [6.597651053006118, 48.07173250098958], [6.600844844410279, 48.07408878440313], [6.604038930447983, 48.07644496968041], [6.607233311119229, 48.07880105682145], [6.608678600804229, 48.0822284759706], [6.608374799502986, 48.086727227127895], [6.608070930256348, 48.09122596324403], [6.607766993064319, 48.095724684319], [6.607462987883471, 48.10022339036624], [6.6071589147138035, 48.10472208138573], [6.608605157906041, 48.108149381921706], [6.611801717460185, 48.110505291974135], [6.61499857220529, 48.112861103797286], [6.618195722141358, 48.11521681739114], [6.621393167350599, 48.117572432728196], [6.624590907833011, 48.119927949808456], [6.627939919388306, 48.12003401029846], [6.631440202016483, 48.117890614198195], [6.634940181561003, 48.11574709848246], [6.638439858021865, 48.11360346315125], [6.6435384865334655, 48.11263706408488], [6.650236067095804, 48.11284790128337], [6.6551844077350975, 48.11413057737455], [6.658383508451346, 48.11648509235843], [6.659833280209127, 48.11991175063047], [6.659533723008441, 48.12441055219065], [6.660984055985587, 48.127837115171815], [6.664184279140563, 48.13019143957397], [6.6673847978814695, 48.132545665552186], [6.670585612208306, 48.134899793106484], [6.67043603251443, 48.13714918204308], [6.666936058799839, 48.13929383236197], [6.661835433816842, 48.14026109627055], [6.655134157565434, 48.14005097376883], [6.650032955425161, 48.141017896963454], [6.646531827396021, 48.143161865854424], [6.646381581457724, 48.14541121869095], [6.6495822176102655, 48.14776595547307], [6.654533773073241, 48.1490484062923], [6.66123624784665, 48.149258571148664], [6.66618842469004, 48.150540723548616], [6.669390303603412, 48.15289486349216], [6.6725924784482125, 48.155248904958526], [6.675794949224443, 48.157602847947715], [6.680748124588731, 48.15888408054032], [6.687452004541077, 48.15909260273632], [6.69415593571545, 48.159300703658346], [6.700859918111851, 48.15950838330639], [6.7058140917163875, 48.160788695784724], [6.70901845652906, 48.163141641093354], [6.712223117503584, 48.16549448778484], [6.7154280746399575, 48.16784723585919], [6.718633328020518, 48.17019988528875], [6.721838877645265, 48.17255243607351], [6.725044723596546, 48.17490488818583], [6.728250865874363, 48.177257241625696], [6.731457304561081, 48.17960949636542], [6.7346640396567, 48.181961652405015], [6.736120761753333, 48.1853871526594], [6.73582747085098, 48.18988599712858], [6.7355341142031735, 48.1943848268026], [6.735240691809912, 48.19888364168146], [6.736698179847458, 48.20230903432345], [6.739906578315813, 48.20466100472858], [6.7432614493785215, 48.204763463003616], [6.7467627930355825, 48.20261640914857], [6.750263832369921, 48.20046923585365], [6.753764567381535, 48.198321943118856], [6.7571194888947055, 48.198423979693715], [6.760328596909433, 48.200775345578236], [6.763538001745111, 48.20312661262405], [6.766747703401742, 48.205477780831174], [6.7717078516550515, 48.20675477917888], [6.77841844650504, 48.206957607667164], [6.783379217362178, 48.2082343064854], [6.786590164226465, 48.21058487563357], [6.789801408109149, 48.21293534584504], [6.79301294901023, 48.215285717119805], [6.797974718097616, 48.216561493770655], [6.804686715371306, 48.21676267579761], [6.811398762216672, 48.21696343595255], [6.818110858633713, 48.21716377423549], [6.8230736256650975, 48.21843862841179], [6.826287063310826, 48.220787998481455], [6.826144098778835, 48.22303750206023], [6.822644732069127, 48.22518713914811], [6.817538398687034, 48.22616176831181], [6.810825098632558, 48.22596138955132], [6.805718184353816, 48.22693567832752], [6.8022176558508125, 48.229084634640415], [6.800323427512724, 48.2324085639405], [6.800035499339551, 48.23690746622778], [6.801498437604269, 48.240331910678584], [6.804712242306876, 48.24268189729291], [6.809676999129724, 48.24395712048617], [6.8163927080728115, 48.244157580258374], [6.823108466481976, 48.244357617894096], [6.829824274357218, 48.24455723339334], [6.836540131491255, 48.24475642674631], [6.8432560378840845, 48.244955197953004], [6.848363787440553, 48.243979357633975], [6.851863380160658, 48.24182890578919], [6.855362668001122, 48.23967833475281], [6.858861650961945, 48.23752764452483], [6.86221937638705, 48.23762638690912], [6.865435844276437, 48.2399745619057], [6.868652609775945, 48.242322637670966], [6.871869672885577, 48.24467061420491], [6.876836304169268, 48.24594272157802], [6.88355250362702, 48.2461389597903], [6.888659568886652, 48.2451611898979], [6.892157499948164, 48.243009411900836], [6.895655126126712, 48.24085751483929], [6.899152447422299, 48.23870549871326], [6.902649463902661, 48.23655336355517], [6.9061461755678, 48.234401109365], [6.908033614488758, 48.23107535652194], [6.908311780665536, 48.226576105025984], [6.906842193197875, 48.223153000292264], [6.903624852085772, 48.22080604232079], [6.900407808332025, 48.218458985044684], [6.8971910619366295, 48.21611182846395], [6.8939746128173125, 48.213764572606486], [6.890758460974073, 48.21141721747229], [6.885794693805579, 48.21014550007553], [6.879083311311832, 48.2099494204162], [6.874120166312841, 48.2086774027718], [6.870905258808608, 48.2063294471423], [6.869438505124555, 48.20290585888881], [6.869719905260682, 48.198406638011335], [6.870001242334063, 48.19390740243318], [6.870282516344697, 48.18940815215437], [6.868816534629079, 48.1859844552058], [6.8656032971872065, 48.18363631158745], [6.860642887775164, 48.1823634161555], [6.853935306392952, 48.182165768909954], [6.847227773828387, 48.181967700102085], [6.840520290081471, 48.1817692097319], [6.8355608756997075, 48.18049539207811], [6.8323495306830955, 48.178146247140724], [6.830886170454988, 48.174722080016984], [6.831170795015385, 48.170222890706896], [6.83145535583053, 48.16572368662766], [6.831739852900424, 48.16122446777927], [6.830277261878486, 48.1578001922163], [6.827067582764717, 48.15545085993874], [6.822110900215523, 48.15417616606636], [6.815407214230904, 48.153976110599146], [6.808703577581783, 48.15377563385267], [6.801999990268161, 48.15357473582693], [6.797044302388363, 48.152299120691076], [6.793836513942386, 48.14994878844511], [6.790629021589889, 48.147598357353765], [6.787421825330874, 48.14524782741704], [6.784214925083262, 48.14289719866261], [6.781008320847053, 48.14054647109049], [6.779549473228916, 48.13712153442738], [6.779838382228849, 48.13262238867328], [6.77838009772436, 48.129197356000994], [6.7751746197154485, 48.12684643641052], [6.771969437422195, 48.124495418070644], [6.768764550844598, 48.12214430098139], [6.765559959900681, 48.119793085170365], [6.7623556645904435, 48.11744177063758], [6.75915166483192, 48.11509035741065], [6.755947960625112, 48.11273884548957], [6.752744551888069, 48.11038723490196], [6.749541438620792, 48.10803552564781], [6.7445913327739095, 48.106757219016316], [6.737894234347425, 48.106552315007484], [6.7329447481543525, 48.10527370967046], [6.729742874194695, 48.10292140300526], [6.728288525506351, 48.0994956994051], [6.728581702089323, 48.094996598869976], [6.728874813121711, 48.09049748338181], [6.729167858603514, 48.08599835294061], [6.729460838576603, 48.08149920753288], [6.7297537530409794, 48.07700004715862], [6.728300366628433, 48.07357422368804], [6.725100679338963, 48.07122173712116], [6.720154778152641, 48.069942283354365], [6.713462663069466, 48.06973586238767], [6.708517380516584, 48.06845611029473], [6.705318930493996, 48.066103027075556], [6.7038672255627345, 48.06267691680077], [6.704162265722799, 48.058177779470356], [6.702711120859868, 48.054751573674835], [6.69951379097394, 48.05239829941418], [6.696168704840763, 48.052294489587766], [6.6926758624603355, 48.05444014419558], [6.68918271793201, 48.056585679513994], [6.685689271255788, 48.05873109554301], [6.680597239897903, 48.059699352786744], [6.673906623858356, 48.05949045124519], [6.667216059066936, 48.05928112937722], [6.660525545523644, 48.05907138718283], [6.655582624845478, 48.05778917870287], [6.6523872970324405, 48.05543450393732], [6.650939473294101, 48.05200766682404], [6.651239153630462, 48.04750866736301], [6.64979188898684, 48.044081735047286], [6.646597679363237, 48.041726869876854], [6.641656613680162, 48.04044376805686]]]}}, {"type": "Feature", "properties": {"band": "rain", "dbz": 40.0, "source": "OPERA-ORD", "time": "20260803033500"}, "geometry": {"type": "Polygon", "coordinates": [[[6.4283081599093075, 48.02447595262566], [6.42162313517635, 48.024251217724924], [6.4149381654542745, 48.02402606294985], [6.408253250743081, 48.023800488300445], [6.40156839124605, 48.02357449378763], [6.394883586963182, 48.023348079411406], [6.389789186911058, 48.024302654445414], [6.3862851910896765, 48.02643821888964], [6.3827808934536705, 48.02857366312695], [6.37927629400304, 48.03070898715734], [6.375771392672446, 48.03284419094844], [6.372266189461888, 48.03497927450026], [6.3703512305796774, 48.03829585316686], [6.370026516025812, 48.04279392694824], [6.3714549987397335, 48.04622448185721], [6.374636678721441, 48.04858751789375], [6.377818652502633, 48.05095045653494], [6.381000920083308, 48.053313297780775], [6.382430147679524, 48.056743747648014], [6.382106335291279, 48.06124180613666], [6.381782450533443, 48.06573984938249], [6.381458493406016, 48.070237877385516], [6.381134463862786, 48.07473589015904], [6.380810361903755, 48.079233887703055], [6.380486187482669, 48.08373187003089], [6.38016194059953, 48.088229837142556], [6.3815922935192955, 48.09166015916377], [6.384777246241967, 48.09402283609454], [6.389716894907309, 48.09531756394427], [6.396411239515322, 48.09554434271296], [6.403105639638761, 48.09577070094655], [6.409800095277627, 48.09599663864504], [6.414740746844732, 48.09729045065791], [6.4179275943400755, 48.099652136985135], [6.4177668558026975, 48.101901154744404], [6.414258531232598, 48.104037503935714], [6.4091565436261115, 48.104992686944115], [6.402460892983238, 48.10476670376961], [6.397358331318541, 48.10572154477575], [6.39384885863202, 48.107857209962525], [6.3919323790272005, 48.11117400342317], [6.391608892504082, 48.115671925157706], [6.393040740185228, 48.11910203711919], [6.396227922070638, 48.12146433930762], [6.4011705341366545, 48.1227585274968], [6.407868576383276, 48.12298460168675], [6.414566674054038, 48.12321025507806], [6.421264827148941, 48.12343548767072], [6.427963035463159, 48.12366029945379], [6.4346612989966925, 48.123884690427246], [6.441359617544692, 48.12410866058016], [6.448057991107156, 48.124332209912545], [6.4547564194792075, 48.12455533841348], [6.461454902660846, 48.12477804608298], [6.4681534404471694, 48.12500033291019], [6.474852032838176, 48.1252221988951], [6.479797174818309, 48.12651299047629], [6.482988866387567, 48.128872707653755], [6.486180853157421, 48.13123232697168], [6.489373135127873, 48.13359184843006], [6.494319279464798, 48.134881722614466], [6.501019286168198, 48.1351019495249], [6.507719346898208, 48.13532175547641], [6.514419461654826, 48.135541140468995], [6.519522510314726, 48.13458094199492], [6.523028492877909, 48.132441160054185], [6.524937316635857, 48.129122099094936], [6.52524898158857, 48.124623759117185], [6.525560576822743, 48.120125404091304], [6.525872102338376, 48.1156270340173], [6.526183558180021, 48.111128648881795], [6.5264949443476805, 48.10663024868477], [6.525054605427242, 48.10320179853324], [6.521862541418704, 48.100843298427186], [6.518670772236238, 48.098484700400036], [6.5154792978798435, 48.09612600445179], [6.515635185316594, 48.09387679273157], [6.519138434546489, 48.09173706523937], [6.522641381052684, 48.08959721783147], [6.526144024835178, 48.087457250507846], [6.528050831055241, 48.08413802148271], [6.528361799712872, 48.07963953075607], [6.528672698874352, 48.07514102491439], [6.52898352853968, 48.07064250395767], [6.529294288753217, 48.06614396787252], [6.529604979514966, 48.06164541665893], [6.5281656116972, 48.058216908147045], [6.524976185299922, 48.055858442336834], [6.5200367925292895, 48.05456971542524], [6.513347433385305, 48.054350727412256], [6.50840865973665, 48.053061703564225], [6.505220471583327, 48.050702643881145], [6.50203257748652, 48.04834348640924], [6.498844977446231, 48.04598423114851], [6.495657671380416, 48.04362487812622], [6.492470659289073, 48.04126542734238], [6.489283941090175, 48.03890587882428], [6.486097516783721, 48.03654623257192], [6.482753865907968, 48.03643572139757], [6.479252988462919, 48.03857434530121], [6.475751809045402, 48.04071284926785], [6.472250327655418, 48.04285123329748], [6.467155719457238, 48.04380927290306], [6.46046798445086, 48.04358696808458], [6.453780303919386, 48.04336424319146], [6.4470926778628135, 48.04314109822372], [6.4421566591540556, 48.041849004845105], [6.438972247793112, 48.03948796305562], [6.437539349422726, 48.03605827647229], [6.437857964042901, 48.031559945095125], [6.4364256215836875, 48.02813016457391], [6.4332423220450865, 48.025768934908655], [6.4283081599093075, 48.02447595262566]]]}}, {"type": "Feature", "properties": {"band": "rain", "dbz": 40.0, "source": "OPERA-ORD", "time": "20260803033500"}, "geometry": {"type": "Polygon", "coordinates": [[[6.084261039223601, 47.9672613332671], [6.077584943161259, 47.967015019340074], [6.072490134702171, 47.96795442308077], [6.068976613846339, 47.97007954448918], [6.065462791951568, 47.972204544805464], [6.061948669017857, 47.97432942402961], [6.056853086884511, 47.975267843514374], [6.050176045551531, 47.975019803259755], [6.0450798959637835, 47.97595787955542], [6.04156463812127, 47.97808207240138], [6.03963016751161, 47.98139268448745], [6.039276484134802, 47.98588971581366], [6.038922721860521, 47.99038673151618], [6.038568880688769, 47.99488373159502], [6.039973598103166, 47.998318680484246], [6.043136874103714, 48.00069157818387], [6.04630044250845, 48.00306437958588], [6.049464303317371, 48.005437084690286], [6.052628456613092, 48.0078096934702], [6.055792902395611, 48.01018220592563], [6.0607160810865235, 48.01149216225694], [6.067397992685831, 48.01173956246412], [6.0723217912725715, 48.013049225049976], [6.075487476846746, 48.01542115001449], [6.075311844620531, 48.0176696732854], [6.071794894593926, 48.01979479486269], [6.066694869420795, 48.02073363071716], [6.0600117691011395, 48.02048618084882], [6.053328729312539, 48.020238311331724], [6.046645750054994, 48.01999002216587], [6.041544949700107, 48.02092787260334], [6.038026328247878, 48.02305186264411], [6.036089780842963, 48.02636229534053], [6.035735307485362, 48.03085917069261], [6.037140739524929, 48.034294076021844], [6.040306076961662, 48.036667011328255], [6.04523142473803, 48.03797767342743], [6.0519167828540334, 48.03822606231937], [6.058602201583405, 48.03847403139522], [6.065287680926145, 48.038721580654965], [6.070214037886551, 48.04003133163624], [6.073381272464619, 48.04240328433905], [6.07654880011956, 48.04477514058601], [6.0797166208513715, 48.04714690037712], [6.084643986740141, 48.048455739932066], [6.091330897785868, 48.04870165925084], [6.096258884608436, 48.05001020468878], [6.099427947207845, 48.05238137624591], [6.10259730308543, 48.05475245125126], [6.10576695224119, 48.05712342970485], [6.1091107955021196, 48.05724577174649], [6.112628832868218, 48.05511947737615], [6.116146567968629, 48.052993061870524], [6.119664000803353, 48.050866525229594], [6.124766352269423, 48.049924956725725], [6.131453622366838, 48.050168356358924], [6.138140951899727, 48.05041133602087], [6.144828340868092, 48.05065389571155], [6.149757876935491, 48.05195997032042], [6.152929560101924, 48.054329559847474], [6.154343288258392, 48.05776296770858], [6.153999061404896, 48.06226019390374], [6.153654757631254, 48.06675740468331], [6.153310376937466, 48.07125460004728], [6.154724840769429, 48.074687904646645], [6.157898149127141, 48.077057318481394], [6.1628304040680035, 48.07836253791873], [6.169521605592017, 48.07860356295865], [6.1746255565497155, 48.07765985684676], [6.1781422569411, 48.075531419583065], [6.180071605207914, 48.07221855482306], [6.180413601350159, 48.06772126256674], [6.178997843476892, 48.06428821309915], [6.175824331588113, 48.061919406420266], [6.1726511132376665, 48.05955050295244], [6.169478188425551, 48.05718150269568], [6.168063166986549, 48.053748349798404], [6.16840604892066, 48.04925104426063], [6.168748854297059, 48.044753723292104], [6.169091583115747, 48.040256386892835], [6.167677297363451, 48.03682313057922], [6.1645059970401705, 48.03445395435124], [6.159577783770575, 48.0331485549213], [6.1528926575546645, 48.03290693228938], [6.147965064425575, 48.03160123838989], [6.144795004383308, 48.029231473222836], [6.14162523733619, 48.02686161141394], [6.13845576328422, 48.024491652963206], [6.135286582144829, 48.02212159789758], [6.1321176939180155, 48.01975144621708], [6.128949098521223, 48.01738119794865], [6.125780795954452, 48.01501085309231], [6.120855448937547, 48.01370365894044], [6.114173057470506, 48.01345961549305], [6.109248330168118, 48.012152127237], [6.1060812670303815, 48.009781194172305], [6.104671765068566, 48.00634711935339], [6.10501982428267, 48.001849902780265], [6.103610873101193, 47.9984157359832], [6.100444911524134, 47.9960446189622], [6.097279242364561, 47.9936734054879], [6.094113865622472, 47.991302095560286], [6.09270564518569, 47.987867825772], [6.093054581054217, 47.98337059612304], [6.0934034391271945, 47.97887335088318], [6.093752219404626, 47.97437609005241], [6.0923447289712005, 47.97094171728542], [6.089180967826914, 47.96857023258222], [6.084261039223601, 47.9672613332671]]]}}, {"type": "Feature", "properties": {"band": "rain", "dbz": 40.0, "source": "OPERA-ORD", "time": "20260803033500"}, "geometry": {"type": "Polygon", "coordinates": [[[6.265211380711585, 48.05494814787037], [6.258522940206959, 48.05471314871168], [6.251834557307243, 48.05447772947728], [6.245146232012436, 48.05424189016717], [6.238457964526048, 48.0540056307928], [6.231769754848079, 48.053768951354165], [6.226669080784161, 48.0547156567826], [6.223155942334294, 48.056845747078086], [6.222987144307896, 48.059094500215615], [6.226162686704965, 48.06146191619518], [6.2293385227810365, 48.063829235217575], [6.232514652536108, 48.06619645728282], [6.235691076052817, 48.068563582363794], [6.238867793331164, 48.070930610460515], [6.2420448044538, 48.073297541545855], [6.245222109420725, 48.075664375619795], [6.248399708314609, 48.07803111265524], [6.251577601135451, 48.08039775265219], [6.256512556647248, 48.081698643120376], [6.263204574850001, 48.081933784059814], [6.268307049977092, 48.0809855813541], [6.271819982028519, 48.07885403500323], [6.273743271907541, 48.07553944878149], [6.274076919614161, 48.07104182268888], [6.274410492784074, 48.0665441812806], [6.274743991417282, 48.06204652455663], [6.273321955791388, 48.05861468400841], [6.270144385906394, 48.05624865963595], [6.265211380711585, 48.05494814787037]]]}}, {"type": "Feature", "properties": {"band": "rain", "dbz": 40.0, "source": "OPERA-ORD", "time": "20260803033500"}, "geometry": {"type": "Polygon", "coordinates": [[[6.303864811964094, 47.89395510526301], [6.297197511494396, 47.893722627017276], [6.290530267527787, 47.89348973017683], [6.283863080064267, 47.89325641474167], [6.277195949304942, 47.89302268072303], [6.270528875249813, 47.89278852812091], [6.265445319565851, 47.893737292277045], [6.261945282253056, 47.89586897319144], [6.2584449450353485, 47.898000533803305], [6.254944307912728, 47.90013197411264], [6.249859975133669, 47.901079757243664], [6.243191946698171, 47.90084388319637], [6.238107046908398, 47.90179132485525], [6.234605275764351, 47.903922082220284], [6.232686534224564, 47.90723645757061], [6.232350822289037, 47.91173445090625], [6.233766587479069, 47.915167089230906], [6.236933829794658, 47.917534372544594], [6.241852648359355, 47.918835998436684], [6.2485230431731615, 47.91907196690716], [6.255193495209559, 47.919307516567024], [6.261864004468548, 47.91954264741627], [6.266783820994851, 47.92084336245664], [6.269952944788467, 47.923209661688134], [6.271371277520177, 47.92664184757337], [6.271038819189981, 47.931139920112344], [6.270706286769611, 47.93563797712581], [6.270373680259067, 47.94013601861375], [6.271792749023892, 47.943568100028045], [6.274963493064085, 47.94593422136871], [6.2781345292011155, 47.94830024578399], [6.281305857434981, 47.9506661732739], [6.284477477847568, 47.95303200381148], [6.287649390438875, 47.95539773739671], [6.290986860822216, 47.95551433744961], [6.2944898889975915, 47.953381803970174], [6.297992616456203, 47.95124915017529], [6.301495043198052, 47.94911637606496], [6.304832570233109, 47.949232556975936], [6.308005197561374, 47.951597692908216], [6.311178117137219, 47.95396273180449], [6.314351328960642, 47.95632767366475], [6.317524833113503, 47.958692518462], [6.3206986295958005, 47.96105726619625], [6.323872718489409, 47.96342191684045], [6.3270470997943296, 47.965786470394626], [6.331972848090088, 47.96708391479728], [6.338649963376687, 47.967314250048396], [6.345327134664767, 47.967544165993274], [6.352004361954326, 47.967773662631906], [6.356931108238741, 47.969070194308266], [6.3601073735180105, 47.97143376102236], [6.363283931440806, 47.97379723050857], [6.3664607820071275, 47.97616060276691], [6.371388526015595, 47.977456221411266], [6.378067163466209, 47.97768408644165], [6.3831567818326285, 47.97673024249589], [6.386657381114853, 47.974594689573976], [6.388568865787006, 47.97127773070811], [6.388891235849087, 47.96677936589827], [6.390802086838922, 47.96346226790644], [6.394301418756508, 47.96132643673265], [6.397639930041244, 47.961439706038924], [6.400817620693127, 47.963802075825285], [6.40399560396104, 47.96616434827039], [6.407173879844985, 47.96852652337423], [6.410512446201816, 47.96863937336648], [6.414011303031535, 47.96650289824714], [6.417509858977521, 47.96436630316431], [6.421008114039772, 47.962229588117985], [6.4245060682834385, 47.96009275314039], [6.428003721708519, 47.957955798231524], [6.4299118104093695, 47.95463803976092], [6.430230334385991, 47.9501394777286], [6.428800624828141, 47.9467094156494], [6.42562268173582, 47.94434785352334], [6.422285247087357, 47.944235467912286], [6.4187883208827525, 47.946372258816226], [6.415291094061631, 47.948508929802216], [6.411793566623997, 47.950645480870264], [6.406707154007501, 47.95160073073771], [6.400031856212147, 47.95137467940456], [6.39510591522199, 47.950080375185664], [6.391929331037032, 47.94771781808101], [6.392090040023005, 47.945468585825], [6.395588042179909, 47.94333267841763], [6.399085743792193, 47.94119665104127], [6.402583144859853, 47.93906050369587], [6.402743782227598, 47.936811256022466], [6.399567655895429, 47.934448908021054], [6.396391821709309, 47.932086462742305], [6.39321627966924, 47.92972392018622], [6.39004102969365, 47.92736128037986], [6.3868660717825385, 47.92499854332323], [6.381942832263106, 47.92370337917062], [6.375271311135352, 47.92347578792206], [6.370348687354946, 47.92218032850054], [6.367174960921888, 47.91981700090604], [6.36400152635624, 47.91745357615707], [6.360828383658004, 47.915090054253625], [6.35765553274563, 47.912726435222694], [6.354482973619119, 47.91036271906428], [6.351310706196938, 47.90799890580536], [6.348138730479089, 47.90563499544592], [6.344803996735944, 47.90552018704038], [6.341306504967503, 47.90765448058875], [6.33780871313729, 47.90978865406079], [6.334310621245308, 47.91192270745651], [6.330975943357935, 47.91180748029243], [6.327804679475172, 47.90944297256854], [6.324633707228518, 47.90707836782764], [6.321463026617972, 47.90471366606972], [6.318292637561978, 47.90234886732172], [6.315122540060534, 47.89998397158365], [6.311952734032094, 47.897618978882434], [6.308783219476659, 47.89525388921806], [6.303864811964094, 47.89395510526301]]]}}, {"type": "Feature", "properties": {"band": "rain", "dbz": 40.0, "source": "OPERA-ORD", "time": "20260803033500"}, "geometry": {"type": "Polygon", "coordinates": [[[6.514141401848659, 47.946162828157874], [6.507466423267871, 47.94594352848566], [6.500791498149899, 47.94572380962755], [6.49411662649474, 47.945503671583545], [6.4890320745975805, 47.94646310174837], [6.485537842458421, 47.948602100122024], [6.483633837399697, 47.95192096958151], [6.483320059421409, 47.95641971012684], [6.484753990833911, 47.959848973614854], [6.487935631637201, 47.962208760045556], [6.492865074585755, 47.96349876640995], [6.49954231967957, 47.96371899270803], [6.504628150764018, 47.96275930371691], [6.508122567839099, 47.9606196994366], [6.511616684142084, 47.95847997550726], [6.515110499672974, 47.95634013192888], [6.518604014497152, 47.954200168733664], [6.522097228614617, 47.95206008592157], [6.522252599539775, 47.94981065288514], [6.519070127272627, 47.94745186962437], [6.514141401848659, 47.946162828157874]]]}}, {"type": "Feature", "properties": {"band": "rain", "dbz": 40.0, "source": "OPERA-ORD", "time": "20260803033500"}, "geometry": {"type": "Polygon", "coordinates": [[[6.110989364958453, 47.81602095984469], [6.107488267878572, 47.81814765240971], [6.103986872009134, 47.820274224359366], [6.10048517735014, 47.822400675693636], [6.095405735733934, 47.823341137883176], [6.088748547160515, 47.82309561092798], [6.083842794672881, 47.82178688280781], [6.080688478271033, 47.81941495352267], [6.077534451690771, 47.817042928118774], [6.074380714932095, 47.81467080659614], [6.069475959896943, 47.81336117137119], [6.062820186585315, 47.81311402244392], [6.057740693207079, 47.814052909621815], [6.054237479762239, 47.81617783290486], [6.0507339675480685, 47.81830263540743], [6.047230156564567, 47.820427317129514], [6.043726046748251, 47.822551878038915], [6.040221638099119, 47.824676318135644], [6.038293336805358, 47.82798729665765], [6.037941142866969, 47.832484813604935], [6.039341742120675, 47.835920135331136], [6.042495134566478, 47.83829326183624], [6.045648817065172, 47.840666292297115], [6.048802789616758, 47.84303922671376], [6.05195705230292, 47.845412065059556], [6.055111605123657, 47.847784807334506], [6.060019123993902, 47.84909485165182], [6.066679608913653, 47.84934219801149], [6.071587742681721, 47.8506519495311], [6.074743525298104, 47.85302410621064], [6.076146853693849, 47.8564589697517], [6.0757977278689586, 47.8609565401543], [6.077201602722328, 47.8643913119432], [6.080358478253956, 47.866763285118395], [6.085268457417809, 47.868072157835456], [6.091931540213887, 47.868317930094385], [6.098594682446224, 47.86856328409713], [6.105257884114822, 47.8688082198437], [6.1119211450192275, 47.86905273732235], [6.118584465159439, 47.86929683653306], [6.125247844334977, 47.869540517464124], [6.131911282545841, 47.86978378011554], [6.1385747795915195, 47.87002662447563], [6.1452383354720155, 47.87026905054439], [6.15190194998679, 47.870511058310186], [6.158565623135844, 47.87075264777302], [6.163478135752666, 47.87205815097779], [6.166639487837254, 47.87442756792453], [6.16980113075742, 47.876796888390636], [6.172963064513162, 47.87916611237611], [6.176125289186151, 47.881535239854195], [6.179287804776387, 47.88390427082487], [6.182450611365556, 47.886273205261354], [6.185613708953657, 47.88864204316364], [6.190528450328345, 47.88994604967893], [6.1971948354896185, 47.890185224807226], [6.203861278561167, 47.89042398142017], [6.21052777954299, 47.89066231951778], [6.217194338234144, 47.890900239088595], [6.2238609546346275, 47.89113774013262], [6.228944782453189, 47.89019119307373], [6.232445821689827, 47.88806059791193], [6.234363973214251, 47.8847462568294], [6.234699237026462, 47.88024816982613], [6.2350344262463, 47.87575006718509], [6.2353695408737675, 47.87125194890626], [6.233955059154063, 47.86781917152621], [6.230790981087187, 47.86545173504492], [6.2258774056565835, 47.864149337483774], [6.21921433286225, 47.86391197884276], [6.214301372064097, 47.862609287369416], [6.211138523262124, 47.86024126306376], [6.207975965143284, 47.85787314217644], [6.204813697707576, 47.85550492470744], [6.201651720873514, 47.853136610683556], [6.1984900346410985, 47.85076820010478], [6.197078294349016, 47.847334959893956], [6.197416499997267, 47.84283689005108], [6.196005307361435, 47.839403557390234], [6.19284471644152, 47.837034961911414], [6.187934827064, 47.83573080190287], [6.181275639228874, 47.8354910773646], [6.176366363787119, 47.834186623853995], [6.173207000738737, 47.83181744137106], [6.170047927884797, 47.8294481624669], [6.1668891452253, 47.82707878714153], [6.161980865429858, 47.82577342532627], [6.1553230884984735, 47.825532077021094], [6.1486653700032115, 47.82529031082766], [6.142007709944073, 47.82504812674595], [6.135350108520921, 47.82480552478755], [6.128692565733756, 47.824562504952475], [6.12378566427149, 47.823255620472466], [6.120629404134122, 47.820884871347545], [6.117473433923677, 47.818514025979354], [6.1143177536401545, 47.81614308436791], [6.110989364958453, 47.81602095984469]]]}}, {"type": "Feature", "properties": {"band": "rain", "dbz": 40.0, "source": "OPERA-ORD", "time": "20260803033500"}, "geometry": {"type": "Polygon", "coordinates": [[[6.570693183554351, 47.70450127143042], [6.564049730837237, 47.70428565254621], [6.5589908506637755, 47.70524872592441], [6.555516543033968, 47.70739049156502], [6.5520419383364885, 47.709532138267704], [6.548567036571338, 47.71167366603246], [6.543507377072315, 47.712635764911155], [6.536862959839418, 47.7124184349038], [6.531802736134006, 47.713380195458306], [6.528326705956078, 47.71552104657467], [6.52485037858434, 47.717661778648505], [6.521373754018791, 47.71980239167979], [6.516312751538944, 47.72076317733148], [6.5096673711448005, 47.72054413560357], [6.504760889589482, 47.71925480916011], [6.501593306872989, 47.716895198001126], [6.498426013374197, 47.71453548959478], [6.495259009093107, 47.71217568394108], [6.492092293949549, 47.70981578106682], [6.488925867943522, 47.707455780972], [6.485759730994879, 47.70509568368339], [6.482593883103615, 47.702735489201004], [6.4776896002598825, 47.70144466390362], [6.471046882463684, 47.701223207791244], [6.465986502651788, 47.702181826892826], [6.462508460824193, 47.70432052120835], [6.459030121948381, 47.70645909629788], [6.455551486024353, 47.7085975521614], [6.45049032993625, 47.70955519604412], [6.443846653684072, 47.709332027946054], [6.438784934229985, 47.7102893329644], [6.435305171573989, 47.71242711109916], [6.433407272883446, 47.71574566326983], [6.4330912381583545, 47.72024498947643], [6.434515671114501, 47.72367544889357], [6.437680571751886, 47.72603704152128], [6.440845761649502, 47.728398537069495], [6.444011240807351, 47.7307599355382], [6.447177009305788, 47.73312123690064], [6.450343067144812, 47.7354824411568], [6.4535094144047935, 47.7378435482799], [6.456676051085733, 47.74020455826994], [6.458102315892157, 47.74363472370844], [6.457788208824065, 47.7481340445954], [6.459215021939338, 47.751564116110856], [6.462382755237977, 47.753924938254784], [6.465550778246092, 47.75628566319982], [6.468719090963681, 47.758646290945975], [6.470146642006848, 47.76207625607921], [6.469833431375592, 47.76657555859953], [6.471261531379553, 47.770005429731185], [6.474430942018732, 47.77236586947418], [6.479341755472342, 47.77365657637148], [6.485993971740381, 47.773877550423094], [6.492646241186671, 47.77409810688967], [6.499298563811214, 47.774318245771205], [6.504210361726729, 47.77560804217672], [6.507381634933219, 47.777967496106214], [6.51055319828467, 47.78032685266103], [6.513725051781082, 47.782686111841144], [6.518637833892745, 47.78397499745304], [6.525291544619659, 47.784193509496724], [6.531945307961494, 47.78441160384111], [6.538599123918252, 47.78462928048619], [6.543512889959495, 47.78591725500268], [6.546686606085223, 47.78827552739056], [6.5465330635644445, 47.79052526002702], [6.543052262397159, 47.79266645291206], [6.53957116291211, 47.794807526626656], [6.536089765109298, 47.79694848117082], [6.532608068923989, 47.79908931651269], [6.529126074356181, 47.80123003265226], [6.525643781341142, 47.803370629557676], [6.522161189878868, 47.80551110722891], [6.520265297080412, 47.80883100723696], [6.519956102945774, 47.81333032958182], [6.521388793745083, 47.81675943489158], [6.524563369478338, 47.81911832316625], [6.5294799212431744, 47.82040669252582], [6.53613844903959, 47.8206245429703], [6.541055612671709, 47.82191261667099], [6.544231412139531, 47.824270913627885], [6.54740750249254, 47.8266291130237], [6.550583883730734, 47.82898721485843], [6.555502032864692, 47.83027437648889], [6.562161949894413, 47.83049059791509], [6.567233086487005, 47.82952774683485], [6.570715442642468, 47.82738582324818], [6.572608928387442, 47.82406512915821], [6.572913543721929, 47.81956566456492], [6.574806402079654, 47.81624483285432], [6.578287503460618, 47.81410263402641], [6.581616655652288, 47.814210085332455], [6.584793858654663, 47.81656718677247], [6.586230742113733, 47.819995491243596], [6.585927306029495, 47.824494998745855], [6.5856238024597715, 47.828994490787686], [6.585320231404566, 47.83349396736907], [6.58501659282103, 47.837993428503474], [6.584712886709166, 47.84249287419088], [6.586150709797702, 47.84592105901618], [6.589330062086638, 47.84827798297936], [6.59425103311948, 47.84956334390703], [6.600913622896229, 47.84977714179918], [6.607576264332853, 47.84999052134912], [6.614238957429355, 47.85020348255684], [6.62090170198482, 47.85041602541212], [6.627564497999251, 47.85062814991495], [6.632636385246984, 47.84966218822541], [6.636117363728019, 47.8475181403435], [6.639598043145113, 47.8453739734789], [6.643078423498263, 47.8432296876316], [6.6465585048527025, 47.841085282833475], [6.6500382872084325, 47.83894075908454], [6.651927013958814, 47.83561865284333], [6.65222468510385, 47.831118964109876], [6.652522290068926, 47.826619259964986], [6.6528198288540406, 47.82211954040867], [6.6547075344963345, 47.818797263445276], [6.658185406995807, 47.81665242907478], [6.663253533975004, 47.815684735325064], [6.669911915433923, 47.815894182196146], [6.67497947432295, 47.81492615014424], [6.678456210642084, 47.81278063916935], [6.6819326484210295, 47.810635009425084], [6.685408787659789, 47.808489260911436], [6.688884628423553, 47.8063433936602], [6.692360170712322, 47.80419740767137], [6.694244745705161, 47.80087444605081], [6.694538353402067, 47.79637450879855], [6.694831895868429, 47.791874556109825], [6.695125373104244, 47.78737458798466], [6.695418785150862, 47.78287460440958], [6.69571213200828, 47.77837460538456], [6.697595297241088, 47.775051439974824], [6.701068280849286, 47.772905108180346], [6.704540966509127, 47.77075865777821], [6.7080133542206095, 47.76861208876842], [6.711485444048812, 47.76646540118268], [6.714957235993735, 47.76431859502099], [6.718283363203691, 47.764421741965535], [6.721463825678682, 47.766774842016304], [6.722908625413096, 47.770201448234275], [6.722617762406934, 47.774701560619434], [6.722326834773505, 47.77920165756022], [6.72203584251281, 47.783701739056625], [6.721744785583865, 47.788201805122135], [6.7214536639866695, 47.79270185575675], [6.721162477680206, 47.797201890973994], [6.720871226664476, 47.801701910773865], [6.720579910898424, 47.80620191516985], [6.720288530382048, 47.81070190416197], [6.718405281128314, 47.81402531230506], [6.714930163137224, 47.81617213959913], [6.7114547465351295, 47.81831884821628], [6.707979031322033, 47.82046543815649], [6.7060947638632085, 47.82378867623143], [6.7058019441586545, 47.828288562441095], [6.705509059319093, 47.83278843327784], [6.705216109344524, 47.837288288741675], [6.703330822722986, 47.84061135666961], [6.699853199454479, 47.84275763706163], [6.696375277179265, 47.844903798668746], [6.692897055897345, 47.84704984149094], [6.6927501878308515, 47.84929973583369], [6.695934672979785, 47.85165348169698], [6.700858618094757, 47.85293390655299], [6.707522023175768, 47.85314101040174], [6.7141854783086865, 47.85334769582762], [6.720848983493513, 47.85355396283063], [6.725919334918592, 47.85258353513193], [6.729396532583925, 47.8504364127315], [6.73287343117178, 47.8482891716388], [6.736350030682157, 47.84614181185381], [6.739826331180556, 47.8439943334084], [6.743302332666976, 47.84184673630256], [6.7467780352069155, 47.839699020568084], [6.7502534388003745, 47.83755118620499], [6.7537285435128505, 47.83540323324509], [6.757203349344344, 47.83325516168838], [6.759084802029779, 47.829931100807855], [6.759372901569155, 47.82543105060351], [6.761253728426864, 47.82210685333157], [6.7647272826029035, 47.819958508992016], [6.769793648949537, 47.818985715496105], [6.776452827466763, 47.819188472843834], [6.783112054897424, 47.81939081205222], [6.789771331241522, 47.819592733121254], [6.796430656298377, 47.81979423604127], [6.80309003006799, 47.81999532081226], [6.808013757651931, 47.821271036207335], [6.811201839050203, 47.823621382226506], [6.812654190595897, 47.82704666100581], [6.8123708122890125, 47.831546872545246], [6.812087370938418, 47.83604706878698], [6.811803866544112, 47.84054724973102], [6.81325697388294, 47.84397241952631], [6.816446692954901, 47.84632257817285], [6.81963670376588, 47.848672638385544], [6.822827006315878, 47.85102260016437], [6.826017600685228, 47.85337246348206], [6.829208486873933, 47.855722228338614], [6.834136123975381, 47.856996478021706], [6.840800511989572, 47.85719521253134], [6.847464948043582, 47.85739352852085], [6.854129432137409, 47.85759142599027], [6.8607939640697175, 47.85778890493007], [6.867458543840507, 47.85798596534024], [6.872526450301249, 47.857008522284886], [6.875997683451943, 47.85485657576401], [6.879468617510728, 47.85270451100762], [6.882939252477605, 47.85055232801574], [6.8864095884184895, 47.8484000268201], [6.889879625333382, 47.84624760742073], [6.893349363288198, 47.84409506984934], [6.896818802282937, 47.841942414105944], [6.900287942383512, 47.83978964022225], [6.903756783589925, 47.83763674819826], [6.905628761010071, 47.83431005844944], [6.90590387464395, 47.82980957097578], [6.907775227482456, 47.82648274579974], [6.91124281952559, 47.824329582921294], [6.914710112938912, 47.82217630198784], [6.918177107722424, 47.820022902999376], [6.918314277762631, 47.81777262669408], [6.915121623059533, 47.81542547307197], [6.910195816402474, 47.81415471881621], [6.903536857791455, 47.813960363926824], [6.896877946255042, 47.81376559089555], [6.890219081793237, 47.8135703997224], [6.885294250603816, 47.81229872999247], [6.882103452686778, 47.80995058170577], [6.878912946069567, 47.807602334855446], [6.875722730752185, 47.80525398944148], [6.870798875310798, 47.80398140453758], [6.864141379745407, 47.80378458014371], [6.857483931824465, 47.80358733771922], [6.850826531547972, 47.80338967726409], [6.844169179116451, 47.80319159878779], [6.837511874529904, 47.8029931022903], [6.832589361668859, 47.801718985407476], [6.829401640533316, 47.79936924813932], [6.826214210443702, 47.79701941248679], [6.8230270714000145, 47.794669478449904], [6.81810553518232, 47.79339444713723], [6.811449601790619, 47.79319431854878], [6.80652867526761, 47.79191898992438], [6.803342755613291, 47.78956846126405], [6.803484456083132, 47.78731829647697], [6.806953776677134, 47.78516849556315], [6.810422799178486, 47.78301857635051], [6.81389152358719, 47.780868538839044], [6.81576719752164, 47.77754332224294], [6.816049820981835, 47.7730429265622], [6.814598670893834, 47.7696175695998], [6.811413747257634, 47.767267251355754], [6.80649513341308, 47.76599167012837], [6.79984282936017, 47.76579082591765], [6.794782398748994, 47.76676512081011], [6.791313841579553, 47.76891455480577], [6.789437074021501, 47.77223942958761], [6.789152096074838, 47.776739745155645], [6.7872747046111686, 47.780064483840924], [6.783804899630492, 47.78221364564343], [6.778742765232598, 47.783186928758695], [6.772088301417487, 47.782984333186704], [6.767169328893852, 47.78170717691684], [6.7639858476616945, 47.77935545994912], [6.760802657060635, 47.777003644830295], [6.757619757090676, 47.77465173156037], [6.754437147671776, 47.772299720166444], [6.751254828803935, 47.76994761064852], [6.748072800407132, 47.767595403033695], [6.744891062481367, 47.76524309732194], [6.741709614946626, 47.762890693540356], [6.738528457802912, 47.76053819168894], [6.73708259368331, 47.75711183317621], [6.737372022587819, 47.75261161800219], [6.735926710550583, 47.7491851639305], [6.732746657571599, 47.746832470961145], [6.729566894695567, 47.74447967998864], [6.726387421922487, 47.74212679101299], [6.7232082391724415, 47.73977380406124], [6.720029346445433, 47.737420719133375], [6.715115855075987, 47.736140892963334], [6.708467765064105, 47.73593432555113], [6.701819724865029, 47.7357273408043], [6.695171734478756, 47.73551993872286], [6.688523794104594, 47.73531211931669], [6.681875903742542, 47.73510388258579], [6.675228063591881, 47.73489522854009], [6.66858027365261, 47.73468615717959], [6.66352038692404, 47.73565420254185], [6.660048403406169, 47.737799364626866], [6.656576122407928, 47.739944408037104], [6.653103543929318, 47.74208933277255], [6.6497794310195895, 47.74198416066639], [6.646603783678743, 47.73962889171862], [6.643428426168897, 47.73727352504339], [6.6402533584900505, 47.73491806064071], [6.63534208151062, 47.73363454087469], [6.628694595230604, 47.73342296574534], [6.623634055629735, 47.73438910175099], [6.620160462708011, 47.73653294889165], [6.616686572312277, 47.73867667723378], [6.6132123844425355, 47.740820286777385], [6.608151062377532, 47.74178544820863], [6.601502606117268, 47.74157216152752], [6.59659183111238, 47.74028709131624], [6.5934187373628665, 47.73793023757479], [6.591983236023627, 47.734501901609384], [6.592285327094662, 47.730002083420025], [6.592587351149053, 47.72550224962238], [6.592889308186799, 47.721002400216435], [6.591454549300047, 47.717573956794524], [6.588283074488796, 47.71521691935667], [6.585111889043774, 47.71285978440871], [6.581940992964982, 47.71050255195064], [6.578770386172416, 47.708145222009335], [6.575600068666077, 47.7057877945848], [6.570693183554351, 47.70450127143042]]]}}, {"type": "Feature", "properties": {"band": "rain", "dbz": 40.0, "source": "OPERA-ORD", "time": "20260803033500"}, "geometry": {"type": "Polygon", "coordinates": [[[5.982157278079947, 47.75708141637072], [5.978654897632111, 47.75920393059594], [5.975152219238489, 47.76132632393224], [5.971649242899082, 47.763448596379604], [5.968145968550857, 47.76557074790591], [5.964642396193813, 47.76769277851116], [5.962711458726063, 47.771002497573576], [5.962353156147605, 47.77549990509317], [5.963747226811991, 47.77893632256411], [5.966893670719223, 47.78131174998641], [5.971792593313285, 47.78262588632155], [5.978443994594178, 47.78287873156953], [5.983521586569665, 47.78194383790584], [5.987025369239747, 47.779821205330464], [5.988955237648428, 47.7765111349054], [5.989311191795709, 47.77201362663064], [5.989667066943829, 47.76751610235911], [5.9900228630927845, 47.763018562090814], [5.988627687951414, 47.759582383782025], [5.9854815415197145, 47.757207567432744], [5.982157278079947, 47.75708141637072]]]}}, {"type": "Feature", "properties": {"band": "rain", "dbz": 40.0, "source": "OPERA-ORD", "time": "20260803033500"}, "geometry": {"type": "Polygon", "coordinates": [[[6.220050911654824, 47.58428980338143], [6.213424408543601, 47.58405224188963], [6.208370781350515, 47.584998649220324], [6.204890030075565, 47.58712902537353], [6.202982056552657, 47.59044367004737], [6.202646860781792, 47.59494258324186], [6.200738263546518, 47.59825708826015], [6.197256264846837, 47.60038718510224], [6.193773970547055, 47.60251716211401], [6.190291380647171, 47.604647019295456], [6.18838175659951, 47.607961348611674], [6.188045098404073, 47.61246015006267], [6.189450317966303, 47.615894046646844], [6.1925974152862, 47.6182630383642], [6.197486489078339, 47.6195668252609], [6.204117539342719, 47.619805407336955], [6.210748646551964, 47.620043573386134], [6.217379810706074, 47.620281323408435], [6.224011031608134, 47.62051865739261], [6.230642309258144, 47.62075557533866], [6.235532744003365, 47.62205784527735], [6.238682335843794, 47.62442546720867], [6.24009098718186, 47.62785874115479], [6.239758698017562, 47.6323576671157], [6.239426335268302, 47.63685657706973], [6.2390938989340805, 47.641355471016865], [6.240503274240632, 47.64478864006318], [6.243654461187958, 47.64715608420869], [6.2468059358755035, 47.64952343198973], [6.249957698303268, 47.651890683406315], [6.253109748551511, 47.65425783843194], [6.256262086620234, 47.656624897066585], [6.2594147125897095, 47.65899185928376], [6.262567626459936, 47.66135872508347], [6.265720828311206, 47.663725494439156], [6.268874318143519, 47.666092167350826], [6.273769846785535, 47.667392414538156], [6.280407414237254, 47.66762623600112], [6.285303551292175, 47.66892619006342], [6.288458257950298, 47.67129227672507], [6.291613252783948, 47.67365826684838], [6.294768535793123, 47.67602416043336], [6.297924107058141, 47.67838995745345], [6.301079966579, 47.680755657908634], [6.304236114436029, 47.68312126177233], [6.307392550629228, 47.68548676904453], [6.3107123512223975, 47.685602673044365], [6.314195516215539, 47.68346897377184], [6.31767838445997, 47.68133515486615], [6.321160955955694, 47.67920121632731], [6.326221832946368, 47.67824951461257], [6.332861015431995, 47.67848004972191], [6.3395002531150935, 47.678710168200446], [6.346139545995663, 47.67893987004815], [6.351038403071133, 47.680236783785304], [6.354196824341503, 47.68260090941192], [6.357355534082665, 47.68496493828201], [6.36051453229462, 47.687328870395575], [6.365414372909327, 47.688624876752954], [6.3720550559267854, 47.68885295735413], [6.3771156544567855, 47.68789904922212], [6.38059616849933, 47.68576315235691], [6.38249650381951, 47.68244556744699], [6.38281666041733, 47.677946294492365], [6.381397145171204, 47.67451499257116], [6.3782379580811295, 47.672151661683365], [6.375079059321628, 47.66978823399519], [6.3719204488926975, 47.66742470950665], [6.37050166479159, 47.66399330170138], [6.370822707018307, 47.65949401057941], [6.372722469838684, 47.656176459073905], [6.37620095325272, 47.6540406471849], [6.37967914036006, 47.65190471592606], [6.383157031160704, 47.64976866529739], [6.385055771385487, 47.64645094007719], [6.385375361034409, 47.64195154026546], [6.383956589429586, 47.63852018832728], [6.38079945657102, 47.63615688426263], [6.37764261153606, 47.63379348344567], [6.3744860543247075, 47.631429985876395], [6.3713297848570285, 47.629066391581375], [6.368173803133022, 47.6267027005606], [6.3650181090727695, 47.62433891284067], [6.36186270267627, 47.62197502842157], [6.35870758386362, 47.619611047329855], [6.355552752634814, 47.61724696956551], [6.350659779720715, 47.615950239315886], [6.34402866512132, 47.615720856580985], [6.339136298745384, 47.61442383305386], [6.335982680592909, 47.612059168734504], [6.332829349831079, 47.60969440783673], [6.329676306459896, 47.60732955036052], [6.32478492060693, 47.60603162107051], [6.318155192272183, 47.6058006199667], [6.313101402676071, 47.606752024690465], [6.309623551818593, 47.60888583524183], [6.306145405261618, 47.61101952629907], [6.302666963005148, 47.61315309786218], [6.299351890382791, 47.6130369618686], [6.296200187394547, 47.610671118318315], [6.293048771696247, 47.60830517831289], [6.289897643287893, 47.60593914185234], [6.285007381389461, 47.604639375247764], [6.278377986000953, 47.60440587849917], [6.273488330598717, 47.60310581910262], [6.270338415182755, 47.60073919705812], [6.267188786863129, 47.59837247865251], [6.264039445639839, 47.59600566388578], [6.259150771916222, 47.5947046996168], [6.252522765692277, 47.59446958584559], [6.245894815708558, 47.59423405625976], [6.239266921965067, 47.593998110859296], [6.234379230173592, 47.592696242018185], [6.231231740334131, 47.59032844973641], [6.22808453736341, 47.58796056122848], [6.224937621261428, 47.585592576494385], [6.220050911654824, 47.58428980338143]]]}}, {"type": "Feature", "properties": {"band": "rain", "dbz": 40.0, "source": "OPERA-ORD", "time": "20260803033500"}, "geometry": {"type": "Polygon", "coordinates": [[[6.612850224007314, 47.47134230267841], [6.60623687661041, 47.47112945197869], [6.601202027414486, 47.472094829442746], [6.5977456764195415, 47.474238435070575], [6.595867736116433, 47.47756056801656], [6.595568206505158, 47.4820612282807], [6.596997432199569, 47.48549010683706], [6.600155413199665, 47.48784720368564], [6.6050422370864315, 47.48913221954292], [6.611657903859871, 47.48934515440888], [6.616694000049138, 47.48837951979927], [6.620150525654236, 47.48623531571405], [6.6220273935742275, 47.48291284145623], [6.622324603809112, 47.478412097025824], [6.620894131121358, 47.474983475615026], [6.617735975510963, 47.472626977223854], [6.612850224007314, 47.47134230267841]]]}}, {"type": "Feature", "properties": {"band": "rain", "dbz": 40.0, "source": "OPERA-ORD", "time": "20260803033500"}, "geometry": {"type": "Polygon", "coordinates": [[[6.8272942973877715, 47.432919689377854], [6.820685178514245, 47.43272031401561], [6.815658293348004, 47.43369600148773], [6.812213641889046, 47.4358467517942], [6.810351142298537, 47.43917286396183], [6.810070794576479, 47.4436743379906], [6.811513351647278, 47.4471004566207], [6.814678813510936, 47.44945121985211], [6.819567262073424, 47.450726328529], [6.8261786973347425, 47.450925782651396], [6.831206822327627, 47.44994983545891], [6.834651637052078, 47.44779848695157], [6.836513060081509, 47.44447203630345], [6.836791091415917, 47.43997048351454], [6.835347294518475, 47.43654462460481], [6.832181669389182, 47.43419445957426], [6.8272942973877715, 47.432919689377854]]]}}, {"type": "Feature", "properties": {"band": "rain", "dbz": 40.0, "source": "OPERA-ORD", "time": "20260803033500"}, "geometry": {"type": "Polygon", "coordinates": [[[22.039436450194398, 46.303029474747625], [22.033035047028342, 46.303780916299544], [22.026633478531075, 46.304531961887335], [22.0202317447026, 46.305282611511004], [22.01568502078336, 46.306955706664596], [22.012993306773353, 46.30955124734809], [22.01215688902039, 46.313069507681035], [22.013175767524466, 46.31751048766344], [22.01554102093081, 46.32065362648207], [22.01925264923942, 46.32249892413694], [22.024310365878396, 46.323046106401335], [22.030714170847734, 46.322295173275265], [22.0371178102731, 46.321543844045635], [22.043521284154494, 46.32079211871247], [22.0480682497253, 46.319118049024276], [22.050758706985523, 46.31652163498107], [22.05159294316762, 46.31300315069962], [22.0505709582716, 46.30856259617993], [22.048204262312048, 46.30542017768298], [22.044492855288965, 46.30357589520877], [22.039436450194398, 46.303029474747625]]]}}, {"type": "Feature", "properties": {"band": "rain", "dbz": 40.0, "source": "OPERA-ORD", "time": "20260803033500"}, "geometry": {"type": "Polygon", "coordinates": [[[22.05278191609036, 46.246732285518135], [22.046387374874136, 46.247484459207215], [22.039992668652047, 46.248236237413735], [22.033597797424086, 46.24898762013771], [22.027202761345677, 46.249738607347126], [22.020807560416824, 46.25048919904199], [22.016265346109613, 46.252162307149334], [22.013576118424048, 46.254757931669154], [22.010886645350944, 46.25735348498665], [22.0081969268903, 46.25994896710182], [22.005506962960705, 46.262544377996825], [22.002816753562158, 46.26513971767166], [22.001980006533756, 46.26865803004735], [22.002996721875505, 46.2730993151239], [22.00535905878084, 46.27624285969563], [22.00906701724977, 46.278088663762524], [22.014120311592553, 46.278636453378724], [22.020518941809183, 46.27788622854422], [22.026917407013112, 46.27713560795452], [22.033315707204334, 46.27638459160961], [22.03971384222709, 46.27563317954154], [22.046111812081385, 46.27488137175031], [22.0506549340334, 46.27320719932413], [22.053343208083135, 46.27061066226301], [22.056031236747636, 46.268014054103446], [22.058719020026903, 46.26541737484544], [22.061406558002407, 46.2628206245068], [22.064093850674155, 46.26022380308753], [22.06492677333064, 46.25670507328602], [22.063905325971866, 46.252264435102276], [22.06154074839398, 46.2491221366762], [22.057833040596975, 46.2472781780078], [22.05278191609036, 46.246732285518135]]]}}, {"type": "Feature", "properties": {"band": "rain", "dbz": 40.0, "source": "OPERA-ORD", "time": "20260803033500"}, "geometry": {"type": "Polygon", "coordinates": [[[22.006281958709156, 46.215708571952376], [21.999890555820553, 46.216457807774496], [21.99535050101421, 46.2181299954697], [21.992661794290136, 46.220725135037995], [21.989972842501988, 46.22332020337158], [21.987283645649764, 46.22591520047044], [21.984594203652247, 46.22851012631675], [21.981904516509434, 46.231104980910494], [21.981066651575546, 46.23462324337044], [21.982080608850577, 46.2390649136966], [21.984439925842405, 46.24220908625135], [21.988144602551035, 46.244055761034694], [21.993194354261, 46.24460466427813], [21.9995891809723, 46.24385579598163], [22.004131153101767, 46.242183660852504], [22.006820270649403, 46.23958825889075], [22.007656818717265, 46.236069863802726], [22.00664079730536, 46.23162847558842], [22.007476950107097, 46.228110029311324], [22.010165277122482, 46.225514524971416], [22.012853359123213, 46.222918949448946], [22.015541196109282, 46.22032330274393], [22.015033250990108, 46.21810259805389], [22.011329523765674, 46.21625683537884], [22.006281958709156, 46.215708571952376]]]}}, {"type": "Feature", "properties": {"band": "rain", "dbz": 40.0, "source": "OPERA-ORD", "time": "20260803033500"}, "geometry": {"type": "Polygon", "coordinates": [[[19.86683043718956, 46.325364460622566], [19.8604029598054, 46.32598090476728], [19.85579146780006, 46.327558999444456], [19.852995961173555, 46.33009874465409], [19.852016676434197, 46.33360042032383], [19.852853613581985, 46.338064026453694], [19.851873899808616, 46.34156564124886], [19.849077535114088, 46.34410526470934], [19.84628091635019, 46.34664481104497], [19.843484043516916, 46.349184280255734], [19.84250390411488, 46.35268582445179], [19.843340498144077, 46.35714944363313], [19.84417727112353, 46.36161303689683], [19.845014223053244, 46.36607660424287], [19.84725031654493, 46.36927036229968], [19.850885551598594, 46.37119431106726], [19.855919691363763, 46.37184817028478], [19.86235273584044, 46.371231939952246], [19.866967632841618, 46.36965379376106], [19.86976438236731, 46.367113731711214], [19.870743221676786, 46.36361203401141], [19.869904150770047, 46.359148700661635], [19.869065259248423, 46.354685341342545], [19.868226547111917, 46.350221956054135], [19.869204961505787, 46.34672018789929], [19.87200050243004, 46.344180036878], [19.874795789399794, 46.341639808804636], [19.87759082241505, 46.33909950367919], [19.878568812341175, 46.335597665039444], [19.877729759178173, 46.3311342928854], [19.875493718417914, 46.32794101474383], [19.871860690060398, 46.326017830614745], [19.86683043718956, 46.325364460622566]]]}}, {"type": "Feature", "properties": {"band": "rain", "dbz": 40.0, "source": "OPERA-ORD", "time": "20260803033500"}, "geometry": {"type": "Polygon", "coordinates": [[[21.945543849982627, 46.11450813324493], [21.94285738981059, 46.11710214728697], [21.942017837079206, 46.12062045660856], [21.943025191788475, 46.1250630612097], [21.944032759971805, 46.12950563526228], [21.94504054162919, 46.13394817876628], [21.947392217193226, 46.13709362549182], [21.951087786663905, 46.138941975438904], [21.954279007464162, 46.13856901289646], [21.956965879594, 46.135974737864494], [21.957804911101768, 46.132456398652465], [21.956796101987468, 46.12801399526037], [21.955787506551836, 46.12357156128917], [21.95477912479487, 46.11912909673886], [21.952427970454455, 46.11598367990376], [21.94873404353058, 46.114135310783865], [21.945543849982627, 46.11450813324493]]]}}, {"type": "Feature", "properties": {"band": "rain", "dbz": 40.0, "source": "OPERA-ORD", "time": "20260803033500"}, "geometry": {"type": "Polygon", "coordinates": [[[21.03240859235168, 46.197633092430614], [21.026008351975797, 46.19832183164189], [21.021441060104333, 46.19995135695144], [21.018706716737295, 46.20252166835924], [21.015972124994935, 46.205091905939646], [21.013237284877246, 46.20766206969267], [21.010502196303605, 46.21023215959963], [21.007766859274003, 46.21280217566054], [21.00823273692198, 46.21502841179559], [21.011899829247533, 46.21691086800478], [21.016934687512673, 46.217507993291186], [21.023337311717412, 46.216819787654806], [21.029739784651287, 46.216131185290806], [21.036142106314294, 46.21544218619918], [21.04254427654746, 46.2147527904094], [21.048946295350774, 46.21406299792145], [21.055348162565334, 46.21337280876481], [21.061749878191137, 46.212682222939456], [21.066316973504062, 46.21105116666406], [21.069049448504117, 46.208479639938616], [21.06858148934407, 46.20625366388197], [21.064913096023925, 46.204373238494114], [21.059878561782625, 46.2037782535874], [21.053477886620172, 46.20446870916183], [21.048443808543052, 46.20387335457492], [21.044776327551258, 46.20199218982666], [21.041109118426427, 46.20011088629564], [21.037442181168558, 46.198229443981866], [21.03240859235168, 46.197633092430614]]]}}, {"type": "Feature", "properties": {"band": "rain", "dbz": 40.0, "source": "OPERA-ORD", "time": "20260803033500"}, "geometry": {"type": "Polygon", "coordinates": [[[20.994004885067334, 46.20175957869607], [20.987603739188266, 46.202445938212506], [20.981202442709883, 46.20313190105447], [20.974800995632183, 46.20381746722195], [20.9683993981142, 46.20450263668568], [20.961997650155947, 46.205187409445664], [20.955595751916526, 46.20587178547262], [20.949193703395935, 46.20655576476655], [20.942791504753355, 46.20723934729825], [20.93638915598878, 46.207922533067716], [20.929986657261445, 46.20860532204575], [20.923584008571353, 46.20928771423235], [20.919012828342616, 46.21091273756821], [20.91627311657524, 46.21348039205331], [20.916735151180294, 46.21570710883381], [20.920398932157777, 46.21759288790969], [20.925432667984484, 46.2181945169636], [20.93183635866041, 46.217511995995544], [20.938239899276883, 46.21682907816534], [20.94464328983391, 46.21614576347299], [20.951046530172157, 46.21546205194772], [20.957449620291627, 46.21477794358953], [20.96385256003305, 46.21409343842765], [20.97025534939643, 46.2134085364621], [20.97665798822256, 46.21272323772214], [20.98306047651144, 46.21203754220777], [20.989462814103927, 46.21135144994829], [20.995865001000023, 46.210664960943696], [21.00043385020192, 46.20903680048323], [21.00316936170961, 46.20646696856689], [21.00270420259931, 46.204240639191006], [20.999038372871013, 46.20235781235557], [20.994004885067334, 46.20175957869607]]]}}, {"type": "Feature", "properties": {"band": "rain", "dbz": 40.0, "source": "OPERA-ORD", "time": "20260803033500"}, "geometry": {"type": "Polygon", "coordinates": [[[21.28278779063524, 45.952859151615115], [21.280077102608736, 45.95543650698737], [21.27919541581034, 45.958950525676954], [21.28014273024004, 45.96340120768386], [21.281090245100692, 45.96785186041054], [21.2820379603923, 45.97230248385698], [21.284341689307666, 45.97546434537321], [21.288001431846794, 45.97733744495924], [21.293016922996067, 45.97792150876956], [21.299388162755488, 45.97721653680417], [21.303929017855157, 45.9755750810667], [21.306639488295076, 45.972997141557144], [21.30616476040252, 45.97077194345507], [21.302504834177487, 45.968899486760485], [21.298845176513066, 45.967026891145515], [21.295185787409252, 45.965154156610154], [21.292881922602007, 45.96199251426748], [21.29193358209133, 45.957541964117475], [21.289630342539112, 45.9543801352641], [21.285972203945363, 45.95250702770737], [21.28278779063524, 45.952859151615115]]]}}, {"type": "Feature", "properties": {"band": "rain", "dbz": 40.0, "source": "OPERA-ORD", "time": "20260803033500"}, "geometry": {"type": "Polygon", "coordinates": [[[21.16591922624306, 45.900808203734215], [21.159555512373064, 45.90150476919453], [21.15501642078913, 45.90314012374096], [21.152301951491257, 45.90571426737351], [21.152769757576458, 45.90794038395063], [21.15641983904473, 45.90981847347232], [21.160070188569332, 45.911696424658686], [21.16372080615026, 45.91357423750973], [21.16737169182367, 45.915451911993266], [21.171022845589576, 45.9173294481093], [21.174205395744554, 45.91698087065201], [21.17691934228861, 45.9144061796214], [21.17780764198588, 45.910892829806784], [21.176870294836363, 45.906440821208164], [21.174576486740715, 45.90327609293266], [21.17092621769894, 45.901398644980254], [21.16591922624306, 45.900808203734215]]]}}, {"type": "Feature", "properties": {"band": "rain", "dbz": 40.0, "source": "OPERA-ORD", "time": "20260803033500"}, "geometry": {"type": "Polygon", "coordinates": [[[21.535876524712016, 45.804913371620856], [21.52952808422288, 45.805632743166946], [21.525007499719067, 45.80728430135262], [21.522314771200584, 45.80986804617788], [21.52145016682571, 45.813384249665376], [21.52241368659444, 45.8178329118151], [21.524724079002965, 45.82098963456852], [21.52838134405129, 45.82285441792561], [21.533385213373126, 45.82342698975769], [21.539735686968474, 45.82270735006476], [21.544257019573124, 45.82105538575932], [21.546949211187066, 45.81847109684138], [21.547812530556623, 45.81495475538096], [21.546846977681795, 45.81050636137806], [21.54453583717243, 45.80735004474441], [21.540879109028534, 45.80548580548001], [21.535876524712016, 45.804913371620856]]]}}, {"type": "Feature", "properties": {"band": "rain", "dbz": 40.0, "source": "OPERA-ORD", "time": "20260803033500"}, "geometry": {"type": "Polygon", "coordinates": [[[21.572029463822226, 45.79169253322543], [21.56568296724962, 45.792414126070504], [21.561164500881787, 45.79406726474969], [21.55847406471873, 45.796651949263], [21.55761192755263, 45.80016845144405], [21.55857808938349, 45.80461677129284], [21.559544454864707, 45.80906506107903], [21.56051102399627, 45.81351332080262], [21.56282347138906, 45.81666915253988], [21.566481797043068, 45.818532556290805], [21.569656392450074, 45.81817178815732], [21.572347257610083, 45.81558684813944], [21.573208897594828, 45.81207031547695], [21.572241312404316, 45.80762219016987], [21.57310255857159, 45.8041056040235], [21.57579263609666, 45.80152055703781], [21.578482471964577, 45.7989354380096], [21.58117206617534, 45.796350246938864], [21.580688325487678, 45.794126172753344], [21.57703124990158, 45.79226321545304], [21.572029463822226, 45.79169253322543]]]}}, {"type": "Feature", "properties": {"band": "rain", "dbz": 40.0, "source": "OPERA-ORD", "time": "20260803033500"}, "geometry": {"type": "Polygon", "coordinates": [[[21.497783566011456, 45.80922371054658], [21.491434199704305, 45.809940725856556], [21.485084679399428, 45.8106573484007], [21.478735005096834, 45.81137357817901], [21.47421247862138, 45.8130229136118], [21.471517099973067, 45.8156053546991], [21.471996978758646, 45.81782993467752], [21.475652114978118, 45.81969665354708], [21.480655028808474, 45.82027183134522], [21.487005720249712, 45.81955546807194], [21.493356257594865, 45.81883871196413], [21.49970664084394, 45.8181215630218], [21.504228770079642, 45.816471351264255], [21.50692264530198, 45.8138880766915], [21.50644174947612, 45.81166363027673], [21.50278608260206, 45.809798012019975], [21.497783566011456, 45.80922371054658]]]}}, {"type": "Feature", "properties": {"band": "rain", "dbz": 40.0, "source": "OPERA-ORD", "time": "20260803033500"}, "geometry": {"type": "Polygon", "coordinates": [[[21.405063205142113, 45.801426387519484], [21.39871372469865, 45.802137637688936], [21.392364091523234, 45.802848495021706], [21.386014305615877, 45.8035589595178], [21.38148971388853, 45.8052042331354], [21.378790316341195, 45.807784315874486], [21.379266230805605, 45.810009420515684], [21.382917457281767, 45.81187954705897], [21.38791847232261, 45.81245931187411], [21.394269275928135, 45.811748714961084], [21.400619926704145, 45.8110377251426], [21.406970424650638, 45.81032634241865], [21.41149462240161, 45.808680192269385], [21.414192519957066, 45.806099274694816], [21.413715587892057, 45.80387430253934], [21.41006382620658, 45.802005275802955], [21.405063205142113, 45.801426387519484]]]}}, {"type": "Feature", "properties": {"band": "rain", "dbz": 40.0, "source": "OPERA-ORD", "time": "20260803033500"}, "geometry": {"type": "Polygon", "coordinates": [[[21.32500272725465, 45.78416638971912], [21.322301612457288, 45.78674505593234], [21.31960025523709, 45.789323649434415], [21.31689865559406, 45.79190217022534], [21.314196813449577, 45.79448061828714], [21.311494728803645, 45.79705899361982], [21.311967698478362, 45.79928448736528], [21.315615722473737, 45.80115709952351], [21.320614879656162, 45.80174020381738], [21.32696517002565, 45.80103380024689], [21.331490939379336, 45.799391156418835], [21.33419218771722, 45.79681227233319], [21.335069178703883, 45.79329742048221], [21.33412191233932, 45.788846600865895], [21.331824530531115, 45.78568515744642], [21.328177033279257, 45.78381309022381], [21.32500272725465, 45.78416638971912]]]}}, {"type": "Feature", "properties": {"band": "rain", "dbz": 40.0, "source": "OPERA-ORD", "time": "20260803033500"}, "geometry": {"type": "Polygon", "coordinates": [[[21.235669563791497, 45.73028826721007], [21.23296666316941, 45.73286471868427], [21.232083897695887, 45.736379019535086], [21.23302126737092, 45.740831169762544], [21.233958834532785, 45.745283290547206], [21.234896599181482, 45.74973538188909], [21.235834561433645, 45.754187443794756], [21.236772721289277, 45.758639476264214], [21.23906315035494, 45.76180318198982], [21.24270584863063, 45.76367856097156], [21.246348813032306, 45.76555380175614], [21.249992043559956, 45.76742890434355], [21.250461674447497, 45.76965484378765], [21.247757705694923, 45.77223162008846], [21.245053494426283, 45.77480832349103], [21.24234904064159, 45.77738495399535], [21.2428188695262, 45.77961086400549], [21.24646298108012, 45.78148605352146], [21.250107358973636, 45.78336110478072], [21.253752003206742, 45.78523601778326], [21.257396913815064, 45.7871107924971], [21.261042090798597, 45.78898542892224], [21.266039411990505, 45.78957124834107], [21.27238887739078, 45.788868250753595], [21.276915245300913, 45.787228000442596], [21.2796185157209, 45.78465049740806], [21.28049895092462, 45.78113601420306], [21.27955655091207, 45.77668455082759], [21.27861434946299, 45.77223305795036], [21.27767234657739, 45.76778153557139], [21.275379372077474, 45.764618681209825], [21.271735425963243, 45.76274449486567], [21.268091745903803, 45.76087017025597], [21.264448331899153, 45.75899570738071], [21.262156528379794, 45.755832590321035], [21.26121633534572, 45.75138081907693], [21.25892515092543, 45.74821751636617], [21.255282975118924, 45.74634268218873], [21.25164106518952, 45.74446770983941], [21.24799942113722, 45.74259259931823], [21.245709406336665, 45.73942903415918], [21.244771020787866, 45.73497701436227], [21.24248162453573, 45.73181326371612], [21.23884121758027, 45.729937782220695], [21.235669563791497, 45.73028826721007]]]}}, {"type": "Feature", "properties": {"band": "rain", "dbz": 40.0, "source": "OPERA-ORD", "time": "20260803033500"}, "geometry": {"type": "Polygon", "coordinates": [[[17.88306729139267, 46.06222185985032], [17.880193028164232, 46.064708923366226], [17.87731850827839, 46.06719590456957], [17.874443731735138, 46.069682803460346], [17.869799179961046, 46.07117210773572], [17.863384852956116, 46.07166381739569], [17.858739725286355, 46.07315286286819], [17.85586379695176, 46.07563924415323], [17.8547572549206, 46.07912324357291], [17.855420099192877, 46.08360486112722], [17.856083084992594, 46.088086455759516], [17.85674621231976, 46.0925680274698], [17.858848029253885, 46.095806350364036], [17.862388535794974, 46.09780142444222], [17.86736754471057, 46.09855296720419], [17.87378505600068, 46.09806097864996], [17.878431782987963, 46.09657149957001], [17.881307725672418, 46.094084529964356], [17.882413071701873, 46.0906003522917], [17.881747821076324, 46.08611896655204], [17.882852715810735, 46.08263471835729], [17.885727755905105, 46.08014760770743], [17.88860253920649, 46.077660414755265], [17.891477065714895, 46.07517313950079], [17.892581457231458, 46.07168880962847], [17.89191571375618, 46.06720742513831], [17.889813237265628, 46.06396963169301], [17.8862740277598, 46.06197542929258], [17.88306729139267, 46.06222185985032]]]}}, {"type": "Feature", "properties": {"band": "rain", "dbz": 40.0, "source": "OPERA-ORD", "time": "20260803033500"}, "geometry": {"type": "Polygon", "coordinates": [[[21.503952661625675, 45.71737194853958], [21.49761405547825, 45.7180891988548], [21.493099581951814, 45.7197393497126], [21.490409241046365, 45.722322401113004], [21.489543299022763, 45.72583862456254], [21.49050175588101, 45.730288020061224], [21.49146041450565, 45.73473738555785], [21.492419274896683, 45.739186721052434], [21.494723964726358, 45.7423444458899], [21.49837448399467, 45.744210560070236], [21.503370566071887, 45.74478479192518], [21.509712210958014, 45.74406714145471], [21.514228089463685, 45.74241650063023], [21.516918201588908, 45.73983286945173], [21.516437910441955, 45.737608316759655], [21.512787216022822, 45.73574284255401], [21.50913678697249, 45.733877229435194], [21.505486623290953, 45.732011477403205], [21.505006534272187, 45.72978689466882], [21.507696519916195, 45.72720348123204], [21.510386264516224, 45.72461999562436], [21.513075768072273, 45.722036437845794], [21.512595881062573, 45.71981182506288], [21.508946603487118, 45.717946157275605], [21.503952661625675, 45.71737194853958]]]}}, {"type": "Feature", "properties": {"band": "rain", "dbz": 40.0, "source": "OPERA-ORD", "time": "20260803033500"}, "geometry": {"type": "Polygon", "coordinates": [[[22.054278128552426, 45.16070109187774], [22.048009415991853, 45.16145153738852], [22.043554824341474, 45.163125665092046], [22.040914353601288, 45.165723474988305], [22.040088274670385, 45.16924523331932], [22.041076587548773, 45.173690940085116], [22.043385626545376, 45.176837673357866], [22.047015391660192, 45.17868543313758], [22.051965611787303, 45.17923395308048], [22.058236286926707, 45.178483233186554], [22.062691588684192, 45.17680870202812], [22.065331517059768, 45.17421035960516], [22.06615634351899, 45.17068847220236], [22.06516606806186, 45.166243039819705], [22.06285631895815, 45.16309671000187], [22.059227096207856, 45.16124948274886], [22.054278128552426, 45.16070109187774]]]}}, {"type": "Feature", "properties": {"band": "rain", "dbz": 40.0, "source": "OPERA-ORD", "time": "20260803033500"}, "geometry": {"type": "Polygon", "coordinates": [[[7.691138659175462, 45.57862031256854], [7.684755529092227, 45.578475792119626], [7.678372430195682, 45.5783308728155], [7.671989362485831, 45.57818555465615], [7.667153410126506, 45.57920405317768], [7.663864573117709, 45.58138636838008], [7.6605754683014124, 45.58356857243172], [7.657286095677616, 45.585750665332604], [7.652449407768799, 45.5867682412526], [7.646065404574961, 45.58662130019171], [7.641228199245404, 45.58763855857653], [7.637937791780129, 45.589820016407074], [7.634647116387134, 45.59200136299422], [7.631356173066417, 45.59418259833795], [7.628064961759511, 45.59636372241056], [7.624773482466416, 45.59854473521204], [7.623028708736932, 45.601890423176414], [7.622830640571057, 45.60640078630368], [7.624278843200855, 45.609820656938375], [7.6273733166263264, 45.61215003508049], [7.632114116390675, 45.613388635130065], [7.638501242493904, 45.613536457087115], [7.643340600501472, 45.61251957611823], [7.6466321904133805, 45.61033799222341], [7.649923512173177, 45.60815629708604], [7.6532145657808615, 45.60597449070614], [7.656407910755842, 45.60604779610927], [7.65950354709812, 45.60837621329545], [7.660953883269762, 45.611795626577354], [7.66075891927077, 45.61630603595499], [7.659015605661859, 45.6196522230188], [7.655723942443028, 45.621834187768776], [7.652432010902819, 45.62401604126755], [7.649139811041231, 45.62619778351511], [7.645847342799635, 45.62837941448372], [7.642554606178029, 45.63056093417336], [7.63771361157134, 45.631577755317664], [7.631324358979568, 45.631429877916645], [7.626582006532927, 45.63019125453799], [7.623486554231417, 45.62786188518169], [7.620391365257732, 45.625532418410536], [7.617296439611872, 45.62320285422455], [7.612554946348087, 45.62196334889486], [7.606166885466379, 45.62181390242147], [7.599778856901935, 45.62166405675745], [7.593390860654754, 45.62151381190279], [7.5885495137394985, 45.62252852766664], [7.5852548161561675, 45.62470820404901], [7.583506711407844, 45.62805312670206], [7.583305199494529, 45.63256329562581], [7.584751568135828, 45.635983640509096], [7.5878458173317425, 45.638314161351936], [7.590940329963038, 45.64064458485528], [7.594035106029713, 45.64297491101914], [7.5954821845260065, 45.646395136109916], [7.595281565451918, 45.65090526012762], [7.596729152274451, 45.65432538576165], [7.599824944993607, 45.656655513012005], [7.602921001396027, 45.65898554286137], [7.60601732148171, 45.661315475309735], [7.609113905318694, 45.66364531033238], [7.612210752906976, 45.66597504792928], [7.615307864314602, 45.668304688075665], [7.618405239541572, 45.670634230771554], [7.621502878655941, 45.672963675992165], [7.62460078165771, 45.67529302373751], [7.6277977875349645, 45.675367224710506], [7.631093896287703, 45.673186278911146], [7.634389736086287, 45.67100522170419], [7.637685306930717, 45.66882405308966], [7.642529879754823, 45.66780706341746], [7.648923454558608, 45.66795425268761], [7.655317061096554, 45.66810104236823], [7.661710699368662, 45.66824743245932], [7.66810436920283, 45.668393422954644], [7.674498070599057, 45.66853901385422], [7.680891803385227, 45.66868420515184], [7.687285567561339, 45.6688289968475], [7.692128963699132, 45.66780987048219], [7.695421991798606, 45.6656268260559], [7.698714751074855, 45.663443670427185], [7.702007241527877, 45.661260403596046], [7.706849898344014, 45.6602403533662], [7.713242721523269, 45.66038351973764], [7.718084858722205, 45.65936315186222], [7.721376309940824, 45.65717924973996], [7.723117021680171, 45.653832099370845], [7.723306993940242, 45.64932170075487], [7.723496925770764, 45.644811283916034], [7.723686817171737, 45.64030084885435], [7.723876668167467, 45.63579039555576], [7.724066478757953, 45.63127992402027], [7.722611668603646, 45.627861448499345], [7.719512237704544, 45.625534968992994], [7.7164130702555545, 45.623208391797604], [7.713314166256677, 45.62088171691316], [7.711860070343501, 45.617463120556906], [7.712050782516026, 45.61295260272884], [7.7122414541304956, 45.60844206661578], [7.712432085186912, 45.60393151221773], [7.7126226757096354, 45.59942093952063], [7.7128132256986675, 45.59491034852449], [7.711360048029517, 45.59149161060176], [7.708263142702185, 45.589164725752426], [7.70516650035469, 45.58683774330007], [7.702070120987033, 45.58451066324469], [7.698974004531673, 45.582183485611], [7.695878150988611, 45.579856210399], [7.691138659175462, 45.57862031256854]]]}}, {"type": "Feature", "properties": {"band": "moderate", "dbz": 45.0, "source": "OPERA-ORD", "time": "20260803033500"}, "geometry": {"type": "Polygon", "coordinates": [[[13.804959110364798, 55.183421053108106], [13.797120218781895, 55.18366463080357], [13.791347289990831, 55.18496810486598], [13.787640323991607, 55.18733147529534], [13.78599947260566, 55.19075511499382], [13.786424735832995, 55.19523902396143], [13.7868501120722, 55.199722928352486], [13.787275601323273, 55.20420682816699], [13.789555832183071, 55.20750899937097], [13.793690804651597, 55.20962944196445], [13.797612486635796, 55.20950782778989], [13.80132087813567, 55.2071441568473], [13.805028837020478, 55.20478037452135], [13.808736363290219, 55.20241648081204], [13.812443457088856, 55.200052475760714], [13.816150118416385, 55.19768835936736], [13.817789064624035, 55.19426440778037], [13.817360295711806, 55.18978062099977], [13.815079072480831, 55.18647886177219], [13.81094539493111, 55.18435913009764], [13.804959110364798, 55.183421053108106]]]}}, {"type": "Feature", "properties": {"band": "moderate", "dbz": 45.0, "source": "OPERA-ORD", "time": "20260803033500"}, "geometry": {"type": "Polygon", "coordinates": [[[13.881626807554154, 54.83920514716655], [13.873855062136942, 54.83945338675578], [13.866083227489646, 54.83970112937617], [13.858311303612272, 54.83994837502772], [13.850539290858944, 54.84019512369233], [13.842767189229658, 54.84044137537003], [13.837044385986228, 54.84174687329745], [13.833370881128653, 54.84411161747461], [13.82969695285539, 54.84647625129668], [13.826022601166438, 54.848840774763644], [13.8223478259221, 54.85120518783512], [13.818672627122377, 54.85356949051112], [13.817046976737842, 54.85699365430503], [13.817470874768501, 54.86147767921687], [13.819733231538958, 54.86477952245806], [13.823834047049214, 54.8668991840286], [13.829773171263977, 54.86783629472173], [13.83755060418325, 54.86759085453746], [13.843276769655919, 54.86628561401244], [13.846951667681985, 54.86392057314668], [13.850626141909967, 54.86155542194901], [13.854300192339863, 54.85919016041943], [13.860024896843441, 54.857883845516994], [13.8678002554207, 54.85763647724171], [13.873739447930614, 54.858571709059056], [13.87784247437318, 54.86068954096902], [13.881945936413482, 54.86280723186698], [13.88604983405152, 54.86492478175296], [13.891990142265623, 54.86585884722364], [13.899766861055795, 54.86560942827903], [13.905490771620101, 54.86430126532596], [13.909161873958539, 54.86193435836442], [13.910780321370883, 54.85850907646288], [13.910346113857134, 54.85402541962135], [13.908077214079697, 54.850725185248244], [13.903973622038578, 54.84860837334358], [13.89987046523424, 54.84649142038943], [13.895767743666688, 54.8443743263858], [13.891665457227875, 54.84225709138097], [13.8875636059178, 54.84013971537496], [13.881626807554154, 54.83920514716655]]]}}, {"type": "Feature", "properties": {"band": "moderate", "dbz": 45.0, "source": "OPERA-ORD", "time": "20260803033500"}, "geometry": {"type": "Polygon", "coordinates": [[[21.408327216302144, 53.84298930149103], [21.400817618452443, 53.84371520683858], [21.395490098948535, 53.845366037765885], [21.392344657790428, 53.84794179427293], [21.39138170857986, 53.85144281554642], [21.392601251316833, 53.85586910158639], [21.39382110276604, 53.86029536645095], [21.395041262927492, 53.86472161014011], [21.39783514408056, 53.867859857062385], [21.40220274622525, 53.86971010721778], [21.40814365506157, 53.870272021180845], [21.415657870589513, 53.86954559895159], [21.423171842378466, 53.868818703021375], [21.430685570428423, 53.86809133339018], [21.43601446412892, 53.86643920494495], [21.439158523479954, 53.86386231768567], [21.44011816396454, 53.86036101087688], [21.43889338558268, 53.85593528451859], [21.436097346940507, 53.85279791543613], [21.431730048038027, 53.85094890362951], [21.427363150176436, 53.84909972499939], [21.422996653355735, 53.847250379545756], [21.41863055751579, 53.84540086731852], [21.414264862656594, 53.843551188317676], [21.408327216302144, 53.84298930149103]]]}}, {"type": "Feature", "properties": {"band": "moderate", "dbz": 45.0, "source": "OPERA-ORD", "time": "20260803033500"}, "geometry": {"type": "Polygon", "coordinates": [[[8.94775299735863, 54.15093003630547], [8.940101370020102, 54.150862540651644], [8.934333602879136, 54.15193461366918], [8.930449695935737, 54.15414625535807], [8.92844960903954, 54.157497829125774], [8.928333342190541, 54.16198933497229], [8.930159858855657, 54.16537502826106], [8.933929159034886, 54.16765490899209], [8.939641282917586, 54.1688286135729], [8.947296230503756, 54.168896142003476], [8.953065697531786, 54.167823721869894], [8.956949684001671, 54.16561135317214], [8.958948150537442, 54.162259399511626], [8.959061097139095, 54.15776786088836], [8.957232880586915, 54.15438251471564], [8.953463500880904, 54.152103360993465], [8.94775299735863, 54.15093003630547]]]}}, {"type": "Feature", "properties": {"band": "moderate", "dbz": 45.0, "source": "OPERA-ORD", "time": "20260803033500"}, "geometry": {"type": "Polygon", "coordinates": [[[9.089629896405611, 53.96340711151483], [9.082012538968826, 53.96334871551191], [9.076274480036366, 53.96442769706648], [9.07241571960823, 53.966644056178545], [9.070436223271745, 53.96999815423379], [9.070335991026909, 53.97448999123222], [9.070235732968328, 53.97898182353908], [9.070135449096005, 53.98347365115437], [9.07003513939053, 53.98796547409216], [9.069934803851906, 53.992457292352455], [9.067953572410188, 53.99581123680901], [9.064091445065374, 53.998027307461825], [9.060228905079292, 54.00024325157892], [9.056365952451936, 54.00245906916028], [9.054383433705997, 54.005812870530136], [9.054281348841478, 54.0103046556885], [9.054179237661351, 54.01479643620774], [9.054077100165625, 54.01928821208787], [9.055907686848682, 54.02267209241], [9.059670997710526, 54.024948077174116], [9.06343471907915, 54.02722394256497], [9.06719885095455, 54.02949968858256], [9.07096339345773, 54.031775315185385], [9.074728346588687, 54.03405082237346], [9.078543183467676, 54.03408031701948], [9.082407904094694, 54.03186379912345], [9.084389711901725, 54.02850964248633], [9.084488606888765, 54.02401784710811], [9.084587476389279, 54.01952604711251], [9.084686320403268, 54.01503424249951], [9.086666840486938, 54.01167994304309], [9.090529036640287, 54.00946314874325], [9.094390819968785, 54.007246227997356], [9.098252190472431, 54.005029180805394], [9.100231424269554, 54.001674738626654], [9.100328521360153, 53.99718290146114], [9.100425593445179, 53.992691059639704], [9.100522640524629, 53.98819921316237], [9.100619662617294, 53.983707362015025], [9.100716659723176, 53.97921550619767], [9.100813631861044, 53.974723645696244], [9.1009105790309, 53.970231780510744], [9.099078933242872, 53.96684846331757], [9.09531869449696, 53.964573694116716], [9.089629896405611, 53.96340711151483]]]}}, {"type": "Feature", "properties": {"band": "moderate", "dbz": 45.0, "source": "OPERA-ORD", "time": "20260803033500"}, "geometry": {"type": "Polygon", "coordinates": [[[8.953422959260763, 53.92634756359465], [8.945812547132114, 53.926280474716705], [8.940076063493667, 53.927352911752045], [8.936213508345425, 53.929564874700674], [8.934224842298246, 53.93291672449754], [8.934110065352131, 53.93740846114264], [8.933995258876148, 53.94190019300316], [8.933880422870299, 53.946391920079094], [8.93569810863078, 53.94977768034556], [8.93944831615759, 53.952057473802554], [8.945131084908002, 53.95323093923403], [8.952746414882018, 53.95329807664001], [8.958485820841757, 53.952225309222946], [8.96234930278722, 53.95001263698284], [8.964336822059842, 53.94666042114452], [8.964448378659615, 53.94216866170799], [8.964559906572411, 53.937676897495464], [8.964671405798232, 53.93318512850695], [8.962852407889626, 53.92979971001793], [8.9591029128466, 53.9275206420284], [8.953422959260763, 53.92634756359465]]]}}, {"type": "Feature", "properties": {"band": "moderate", "dbz": 45.0, "source": "OPERA-ORD", "time": "20260803033500"}, "geometry": {"type": "Polygon", "coordinates": [[[15.851191366034929, 53.77791707460688], [15.843629799970149, 53.77829008934744], [15.838114673844364, 53.77968845882619], [15.834645987657577, 53.782112183043125], [15.83322395518354, 53.78556161597181], [15.833848576422248, 53.79003675761225], [15.836208341532014, 53.793299992637344], [15.840303250512838, 53.795351321047086], [15.846133089386079, 53.796190388692786], [15.853697858151742, 53.79581719557444], [15.859214371370644, 53.79441838286959], [15.862682629042787, 53.79199395057823], [15.864102845909196, 53.78854425280123], [15.863475021969867, 53.78406928953857], [15.861113869766982, 53.78080649773958], [15.85701938930054, 53.778755877404265], [15.851191366034929, 53.77791707460688]]]}}, {"type": "Feature", "properties": {"band": "moderate", "dbz": 45.0, "source": "OPERA-ORD", "time": "20260803033500"}, "geometry": {"type": "Polygon", "coordinates": [[[7.437176901500486, 53.5707349590794], [7.429634298579675, 53.57057121604458], [7.422091750495224, 53.570406992046536], [7.414549257247136, 53.570242287085286], [7.408823340175942, 53.571240899420374], [7.40491399928164, 53.573402829051815], [7.4047762464824665, 53.57564748021071], [7.408410081778419, 53.57797485289706], [7.412044313823466, 53.58030211363949], [7.415678942617609, 53.58262926243801], [7.417358799635358, 53.58603748875028], [7.417083884876711, 53.5905267925763], [7.414990854303986, 53.59385250235353], [7.411079707917181, 53.596014618081966], [7.40535053975002, 53.5970127833133], [7.397803349802506, 53.59684699804753], [7.3920734038186025, 53.59784478105562], [7.38816070179831, 53.60000613233757], [7.388021936334762, 53.60225074562801], [7.391657107427957, 53.60457862092694], [7.395292675830746, 53.6069063842793], [7.39892864154313, 53.60923403568508], [7.40060815409917, 53.61264247555039], [7.4003312134988635, 53.617131703875216], [7.40005420228459, 53.621620926203974], [7.399777120456349, 53.62611014253668], [7.4014576922165, 53.62951847817947], [7.405095917565044, 53.631845933132354], [7.410691891046417, 53.63309215056821], [7.418245612660618, 53.63325713048704], [7.423979418168675, 53.63225836325322], [7.427893307570586, 53.63009584886676], [7.429987187095157, 53.62676994417587], [7.430261056742388, 53.62228064918055], [7.432354094543946, 53.618954600048355], [7.436266300499833, 53.61679179677926], [7.440178101395241, 53.61462886188765], [7.444089497230172, 53.612465795373524], [7.44618118813462, 53.60913958318113], [7.446453174108586, 53.60465022531047], [7.446725090796011, 53.60016086144766], [7.446996938196894, 53.595671491592704], [7.44726871636266, 53.591182115732074], [7.44754042529331, 53.586692733865775], [7.447812065040215, 53.58220334598029], [7.448083635603374, 53.57771395207562], [7.446401616403938, 53.57430614899167], [7.442766007441907, 53.571979936728425], [7.437176901500486, 53.5707349590794]]]}}, {"type": "Feature", "properties": {"band": "moderate", "dbz": 45.0, "source": "OPERA-ORD", "time": "20260803033500"}, "geometry": {"type": "Polygon", "coordinates": [[[5.2776636916391215, 53.008924106865685], [5.27022993939992, 53.00862318583242], [5.26279628434293, 53.0083217922494], [5.255362726468153, 53.00801992611662], [5.2496634640187745, 53.008913842896774], [5.2456984969947955, 53.01100354258986], [5.245450589944985, 53.0132445451918], [5.248919742869345, 53.015636850702606], [5.252389274434819, 53.018029053490686], [5.255859184641409, 53.02042115355605], [5.2593294736114915, 53.022813150863634], [5.262800141345066, 53.02520504541343], [5.268253892826655, 53.026551523494085], [5.275690728056259, 53.026852585105594], [5.281391458309531, 53.02595766427912], [5.285356083586471, 53.02386676101468], [5.287584438573254, 53.02058022328651], [5.288076523269879, 53.016098051094616], [5.286587066153324, 53.01266136559458], [5.283116067223589, 53.010270166786405], [5.2776636916391215, 53.008924106865685]]]}}, {"type": "Feature", "properties": {"band": "moderate", "dbz": 45.0, "source": "OPERA-ORD", "time": "20260803033500"}, "geometry": {"type": "Polygon", "coordinates": [[[12.246541261577358, 52.875930543836155], [12.239119283947272, 52.87607335872119], [12.233610712653734, 52.87730306630701], [12.230015547696746, 52.879619666593605], [12.230131805681522, 52.88186520375842], [12.233959486608057, 52.884039677801475], [12.237787556131465, 52.88621402368826], [12.241616014251749, 52.88838824141879], [12.243646974252057, 52.89172086877406], [12.243880436132388, 52.89621190575407], [12.245912199787524, 52.89954439312197], [12.249742265217465, 52.90171833087774], [12.255370554027957, 52.90273336963047], [12.262797066219, 52.902589509380135], [12.270223532072361, 52.902445176383374], [12.277649951588042, 52.90230037064019], [12.283160204067434, 52.90106885762506], [12.286754289510537, 52.89875063733799], [12.288432287556438, 52.89534605913863], [12.288194198205137, 52.89085512302697], [12.286159837322597, 52.88752328010673], [12.282329204908821, 52.88535053037789], [12.276702221399425, 52.8843365246524], [12.26927888679441, 52.88448126293027], [12.263652654102131, 52.88346688422185], [12.25982352332259, 52.881293388527155], [12.255994781047715, 52.87911976460827], [12.252166427277507, 52.876946012465176], [12.246541261577358, 52.875930543836155]]]}}, {"type": "Feature", "properties": {"band": "moderate", "dbz": 45.0, "source": "OPERA-ORD", "time": "20260803033500"}, "geometry": {"type": "Polygon", "coordinates": [[[10.304047638851662, 51.22505646248363], [10.296893653552205, 51.22507551170092], [10.291535220561174, 51.226213718452996], [10.287972339878568, 51.228471082739865], [10.286205020695125, 51.23184793803407], [10.286233263010844, 51.236344284335615], [10.284465241562947, 51.23972102154376], [10.280900956351434, 51.241978149658486], [10.277336318317442, 51.244235163091986], [10.273771327460969, 51.246492061844265], [10.272002260063811, 51.249868668538575], [10.27202911612597, 51.25436498317492], [10.272055978648483, 51.258861288937084], [10.272082847631355, 51.263357585825055], [10.272109723079083, 51.26785387385298], [10.272136604991665, 51.272350153020845], [10.273947389983146, 51.27571798782178], [10.277542078053521, 51.27795737825578], [10.282920660432069, 51.27906799034685], [10.290083137118788, 51.279049824095004], [10.295447562056996, 51.277911964639664], [10.29901393524669, 51.27565441198083], [10.300782266102082, 51.27227750009241], [10.300752554623173, 51.2677812289744], [10.302520182057796, 51.26440419904597], [10.306085148405952, 51.2621464103071], [10.309649761633548, 51.25988850694542], [10.313214021740583, 51.25763048896093], [10.314980603634956, 51.254253328832675], [10.314949507316662, 51.249757026560665], [10.314918418473496, 51.24526071539723], [10.314887337105459, 51.24076439534236], [10.314856263207346, 51.23626806638191], [10.31482519677916, 51.23177172851589], [10.31301340554915, 51.2284044041559], [10.30942088951731, 51.226166093301956], [10.304047638851662, 51.22505646248363]]]}}, {"type": "Feature", "properties": {"band": "moderate", "dbz": 45.0, "source": "OPERA-ORD", "time": "20260803033500"}, "geometry": {"type": "Polygon", "coordinates": [[[21.994851170939327, 50.09987433479553], [21.99197014455676, 50.102465991852604], [21.9910990150665, 50.105975665980324], [21.992237782468543, 50.1104033571787], [21.99481768777248, 50.113535140138026], [21.998838730978314, 50.11537101485831], [22.002860101337124, 50.11720673542917], [22.00688179884891, 50.119042301850584], [22.010903823557292, 50.1208777140821], [22.01492617546227, 50.1227129721237], [22.020389081442033, 50.12325181668217], [22.027292541496582, 50.122494247757515], [22.03218420065536, 50.12081912974732], [22.03506405891838, 50.11822646265158], [22.03449271885701, 50.11601285634652], [22.03047018047124, 50.114178310832145], [22.02644796912747, 50.11234361108498], [22.022426084825696, 50.11050875710503], [22.018404527522392, 50.10867374893276], [22.014383297217556, 50.10683858656817], [22.010362393867645, 50.10500327005172], [22.00634181747266, 50.1031677993834], [22.00232156798903, 50.10133217460368], [21.998301645416745, 50.09949639571255], [21.994851170939327, 50.09987433479553]]]}}, {"type": "Feature", "properties": {"band": "moderate", "dbz": 45.0, "source": "OPERA-ORD", "time": "20260803033500"}, "geometry": {"type": "Polygon", "coordinates": [[[6.885234523389022, 48.21914395288166], [6.878521937461236, 48.21894783361181], [6.873417095151009, 48.21992537464421], [6.869919996458342, 48.22207657597887], [6.868030557612986, 48.22540174306418], [6.867748778614943, 48.22990087590015], [6.869216151048656, 48.23332442795495], [6.872432674914124, 48.23567239922858], [6.877398434051581, 48.236944484138554], [6.884113428461028, 48.23714068268489], [6.8892195585637275, 48.23616287576594], [6.892716824359684, 48.234011063381736], [6.894605142515932, 48.230685551133426], [6.894884513032473, 48.226186339021], [6.893415852806287, 48.22276305285274], [6.890199161837373, 48.22041569262864], [6.885234523389022, 48.21914395288166]]]}}, {"type": "Feature", "properties": {"band": "moderate", "dbz": 45.0, "source": "OPERA-ORD", "time": "20260803033500"}, "geometry": {"type": "Polygon", "coordinates": [[[6.668814017477244, 48.06045836848059], [6.665319420754567, 48.062603104492936], [6.661824521753469, 48.06474772110948], [6.658329320473951, 48.0668922183302], [6.65323591768583, 48.06785915435412], [6.64654431338911, 48.06764852918121], [6.641450335571245, 48.06861512496951], [6.637953984232237, 48.07075894171903], [6.636055170128011, 48.07408028343911], [6.635753893258569, 48.07857915012977], [6.635452549018753, 48.083078001785694], [6.635151137408565, 48.08757683840686], [6.634849658384952, 48.09207566000673], [6.634548111947914, 48.096574466585295], [6.635996003463403, 48.10000142235209], [6.639193332931419, 48.10235652730714], [6.644140189787775, 48.103639477161636], [6.650836574032474, 48.10385027191559], [6.657533009904887, 48.104060645932506], [6.664229497405016, 48.10427059921238], [6.669177350718879, 48.105552630424754], [6.672376569846476, 48.107906739569636], [6.672227190846008, 48.11015617335513], [6.668729213717474, 48.11230093178124], [6.665230933567273, 48.11444557070832], [6.661732350395404, 48.116590090136356], [6.659833280209127, 48.11991175063047], [6.659533723008441, 48.12441055219065], [6.660984055985587, 48.127837115171815], [6.664184279140563, 48.13019143957397], [6.669134481377801, 48.131473220858176], [6.675834662697302, 48.13168245902445], [6.682534895339534, 48.13189127618027], [6.689235179304497, 48.13209967232566], [6.694186378719136, 48.13338053415874], [6.697388493583453, 48.13573386167951], [6.698841435807511, 48.139159959475094], [6.698545205391307, 48.14365882754547], [6.698248908638112, 48.14815768072428], [6.697952545547925, 48.15265651901153], [6.699406250329636, 48.15608250939897], [6.702610022983246, 48.15843565188659], [6.707563951524502, 48.1597156416703], [6.714268035953402, 48.15992247875009], [6.72097217119275, 48.160128894535646], [6.7276763572425455, 48.160334889026984], [6.734380593896961, 48.160540462214016], [6.741084881155997, 48.160745614096754], [6.746040183056774, 48.16202406183429], [6.749246499599292, 48.1643758054266], [6.750703743939789, 48.16780114974041], [6.750411916078264, 48.172300094775714], [6.750120022823247, 48.176799024998516], [6.74982806417474, 48.181297940408825], [6.747932079478082, 48.18462096048367], [6.744432068733274, 48.186768085223044], [6.740931753870603, 48.188915090535346], [6.737431134890071, 48.191061976420556], [6.7355341142031735, 48.1943848268026], [6.735240691809912, 48.19888364168146], [6.736698179847458, 48.20230903432345], [6.739906578315813, 48.20466100472858], [6.7432614493785215, 48.204763463003616], [6.7467627930355825, 48.20261640914857], [6.750263832369921, 48.20046923585365], [6.753764567381535, 48.198321943118856], [6.7588695810091455, 48.197350112194215], [6.765578873252755, 48.19755374307974], [6.772288215619936, 48.197756952292465], [6.7789976081106875, 48.19795973983241], [6.783957509547884, 48.19923641534117], [6.787167919931525, 48.201586978818725], [6.790378627201179, 48.203937443372645], [6.7935896313568485, 48.20628780900292], [6.796800932480943, 48.20863807568179], [6.800012530573461, 48.21098824340924], [6.803224425716828, 48.21333831215749], [6.806436617911044, 48.21568828192655], [6.811398762216672, 48.21696343595255], [6.818110858633713, 48.21716377423549], [6.824823004415595, 48.21736369063659], [6.8315351995623175, 48.21756318515586], [6.838247443867022, 48.21776225778352], [6.844959737329707, 48.21796090851958], [6.850064681925501, 48.21698495595427], [6.8535622776544045, 48.2148344000876], [6.855452440223026, 48.211509546330504], [6.855735169631362, 48.207010394682996], [6.854269702693383, 48.20358654095693], [6.851056039409087, 48.20123798515228], [6.847842673089984, 48.19888933023941], [6.844629603736073, 48.19654057621832], [6.843164908023079, 48.193116613971725], [6.843448585950999, 48.18861744349963], [6.841984455738223, 48.18519338483439], [6.83877251738475, 48.182844437976], [6.8355608756997075, 48.18049539207811], [6.8323495306830955, 48.178146247140724], [6.829138482252734, 48.175797003191605], [6.8259277304086226, 48.17344766023075], [6.8209693113441325, 48.17217292066148], [6.814263225059268, 48.1719727844838], [6.809305427304031, 48.17069774531859], [6.806095918078425, 48.16834780316587], [6.802886705242484, 48.16599776209933], [6.799677788796206, 48.16364762211897], [6.796469168657433, 48.16129738325249], [6.793260844826165, 48.15894704549988], [6.790052817220257, 48.15659660888888], [6.786845085839709, 48.154246073419486], [6.781889525781096, 48.15296951414287], [6.775186137044418, 48.15276693105902], [6.7702311978908885, 48.15149007255645], [6.767024708320506, 48.149138938635154], [6.763818514778811, 48.14678770595317], [6.760612617265803, 48.14443637451051], [6.757407015699357, 48.14208494433483], [6.7542017100794745, 48.139733415426136], [6.752744710044553, 48.13630811906932], [6.753036015594591, 48.13180905526437], [6.753327255960065, 48.12730997657949], [6.753618431140977, 48.12281088301469], [6.753909541179001, 48.11831177455647], [6.7542005860741385, 48.11381265120484], [6.752744551888069, 48.11038723490196], [6.749541438620792, 48.10803552564781], [6.7445913327739095, 48.106757219016316], [6.737894234347425, 48.106552315007484], [6.7329447481543525, 48.10527370967046], [6.729742874194695, 48.10292140300526], [6.726541295508426, 48.100568997770935], [6.723340012095545, 48.09821649396749], [6.720139023874126, 48.09586389162248], [6.716938330844169, 48.093511190735896], [6.715485104754807, 48.090085295806546], [6.715779345606039, 48.08558620683442], [6.714326680496519, 48.08216021630109], [6.711127109426245, 48.07980732420656], [6.706180719785417, 48.07852722638877], [6.699487511574034, 48.078319922847726], [6.6927943542715935, 48.07811219879176], [6.686101247878094, 48.077904054220866], [6.681155852268633, 48.076623037835034], [6.677958167443208, 48.07426914963425], [6.6765081051999635, 48.07084269373266], [6.6768056655389, 48.06634367013024], [6.675356163240922, 48.06291711886538], [6.6721595983060284, 48.060563039938074], [6.668814017477244, 48.06045836848059]]]}}, {"type": "Feature", "properties": {"band": "moderate", "dbz": 45.0, "source": "OPERA-ORD", "time": "20260803033500"}, "geometry": {"type": "Polygon", "coordinates": [[[6.451562064299253, 48.09852387839688], [6.448055430648448, 48.10066135438242], [6.446142833586714, 48.10397915904457], [6.445824273114052, 48.10847729238335], [6.447259627212332, 48.11190671020242], [6.450448895881552, 48.11426741250178], [6.453638459469812, 48.116628017066006], [6.456828317977114, 48.11898852389509], [6.46001847148599, 48.12134893296165], [6.463208919996441, 48.123709244265704], [6.4681534404471694, 48.12500033291019], [6.474852032838176, 48.1252221988951], [6.4799548026349205, 48.124263886884734], [6.483461749837404, 48.122125396879085], [6.485372780737533, 48.11880703320573], [6.4856878953353085, 48.11430879586466], [6.484250134459022, 48.11087982579268], [6.481059498108673, 48.10852012298977], [6.4761160799142505, 48.10722938326142], [6.469419879875756, 48.1070076066076], [6.464477082645255, 48.10571656991487], [6.461287688222747, 48.10335627318322], [6.458098588539784, 48.10099587871408], [6.454909783596365, 48.09863538650743], [6.451562064299253, 48.09852387839688]]]}}, {"type": "Feature", "properties": {"band": "moderate", "dbz": 45.0, "source": "OPERA-ORD", "time": "20260803033500"}, "geometry": {"type": "Polygon", "coordinates": [[[6.424470635717545, 48.078454792410724], [6.417778458021026, 48.07822978635676], [6.4126789077712765, 48.07918539445533], [6.409171984968296, 48.08132161670646], [6.407257594256631, 48.08463875700034], [6.40693573563628, 48.08913681533698], [6.408367935518843, 48.09256678525255], [6.411554193904322, 48.094928666747045], [6.414901150744066, 48.09504141398061], [6.418408806038076, 48.09290502695325], [6.421916158564785, 48.09076851968403], [6.425423208324192, 48.088631892172984], [6.428929955382026, 48.086495144452535], [6.432436399738286, 48.08435827652269], [6.432596397578763, 48.082109205777755], [6.429409948903458, 48.07974793221772], [6.424470635717545, 48.078454792410724]]]}}, {"type": "Feature", "properties": {"band": "moderate", "dbz": 45.0, "source": "OPERA-ORD", "time": "20260803033500"}, "geometry": {"type": "Polygon", "coordinates": [[[6.479901444541671, 48.0532494843995], [6.473212408800565, 48.05302797524159], [6.466523427367623, 48.05280604591434], [6.459834500242842, 48.05258369641773], [6.453145627630024, 48.05236092676253], [6.446456809529166, 48.05213773694875], [6.441360482703695, 48.05309475274001], [6.4378566471536125, 48.05523197413632], [6.434352509371764, 48.05736907542435], [6.430848069358149, 48.05950605660412], [6.427343327047158, 48.06164291764324], [6.423838282438792, 48.06377965854171], [6.423678427572814, 48.066028759671795], [6.426863762449225, 48.06839022103349], [6.43180197698705, 48.06968301181417], [6.438493071186291, 48.06990713201385], [6.443431905707984, 48.07119962629639], [6.446618480552127, 48.07356049466179], [6.448052701278001, 48.07699004096448], [6.447734567885603, 48.08148826520446], [6.449169345909288, 48.08491771748765], [6.452357035349056, 48.087278397814046], [6.457297730520008, 48.08857000218561], [6.463991431422144, 48.08879253060233], [6.468932747042048, 48.090083838197984], [6.472121677379718, 48.09244392497256], [6.475310902359921, 48.09480391397996], [6.478500421982658, 48.09716380522019], [6.483442738413055, 48.098454196249556], [6.490137851651114, 48.09867508706806], [6.495237607500224, 48.09771601003847], [6.498742005960386, 48.095576965160795], [6.502246101633832, 48.09343780029304], [6.505749894520564, 48.0912985154352], [6.510848858013307, 48.09033845512803], [6.51754299211206, 48.09055761937153], [6.522641381052684, 48.08959721783147], [6.526144024835178, 48.087457250507846], [6.528050831055241, 48.08413802148271], [6.528361799712872, 48.07963953075607], [6.526922043652564, 48.076211045663854], [6.523731562874316, 48.07385256620607], [6.520541376529517, 48.07149398886492], [6.517351484618168, 48.06913531364041], [6.514161887058126, 48.066776540559864], [6.510972583849391, 48.06441766962328], [6.506032709934976, 48.06312829784952], [6.499342265314882, 48.06290842523856], [6.49440301085405, 48.061618756568386], [6.491214946552482, 48.059259291838984], [6.48802717640433, 48.05689972935032], [6.484839700409593, 48.05454006910241], [6.479901444541671, 48.0532494843995]]]}}, {"type": "Feature", "properties": {"band": "moderate", "dbz": 45.0, "source": "OPERA-ORD", "time": "20260803033500"}, "geometry": {"type": "Polygon", "coordinates": [[[6.342566580516955, 47.91333482204328], [6.33589657703853, 47.913104763450676], [6.329226629535556, 47.91287428606343], [6.322556738008036, 47.91264338988154], [6.317472178299278, 47.913594627411555], [6.313972950409282, 47.91572799865348], [6.312058957317593, 47.91904380605824], [6.311730199024215, 47.92354204962584], [6.311401367474758, 47.928040277687046], [6.311072462669223, 47.93253849024185], [6.310743484561005, 47.937036687303554], [6.310414433150102, 47.94153486887214], [6.311836253559585, 47.94496642671302], [6.3150089457894545, 47.94733136082619], [6.318181930219411, 47.949696197888514], [6.321355206849454, 47.9520609379], [6.324528775761405, 47.954425580833636], [6.327702636955264, 47.95679012668941], [6.3308767905128684, 47.95915457544034], [6.334051236434219, 47.961518927086395], [6.337225974801167, 47.96388318160056], [6.340401005613713, 47.966247338982825], [6.345327134664767, 47.967544165993274], [6.352004361954326, 47.967773662631906], [6.358681645043038, 47.96800273995321], [6.3653589839309035, 47.96823139795718], [6.370447889240873, 47.96727815248335], [6.37394836097295, 47.96514300353172], [6.375860303314635, 47.961826254045604], [6.376183716265928, 47.957327904024986], [6.376507057135995, 47.952829538591175], [6.376830325924834, 47.94833115774415], [6.377153522678307, 47.943832761470595], [6.377476647396413, 47.939334349770505], [6.379387147321027, 47.93601739203784], [6.382885022452149, 47.93388188827261], [6.386382597175585, 47.931746264519546], [6.389879871491333, 47.92961052077864], [6.39004102969365, 47.92736128037986], [6.3868660717825385, 47.92499854332323], [6.381942832263106, 47.92370337917062], [6.375271311135352, 47.92347578792206], [6.368599845416081, 47.923247777762406], [6.361928435105291, 47.92301934869165], [6.357006190571493, 47.92172327236055], [6.353833111814685, 47.91935954876909], [6.350660324891253, 47.91699572806491], [6.347487829801196, 47.91463181024803], [6.342566580516955, 47.91333482204328]]]}}, {"type": "Feature", "properties": {"band": "moderate", "dbz": 45.0, "source": "OPERA-ORD", "time": "20260803033500"}, "geometry": {"type": "Polygon", "coordinates": [[[6.108720290587018, 47.82383093826863], [6.102062983542767, 47.823586246996726], [6.095405735733934, 47.823341137883176], [6.088748547160515, 47.82309561092798], [6.083668541975569, 47.824035731280404], [6.080165720179097, 47.826161498940465], [6.076662599470812, 47.8282871458795], [6.073159179850717, 47.83041267209753], [6.069655461255208, 47.83253807756234], [6.0661514436842845, 47.83466336227393], [6.064224437960945, 47.83797479679131], [6.063874444085188, 47.84247238111449], [6.065277048203865, 47.845907347754896], [6.068432250316974, 47.84827969671252], [6.073340153589509, 47.84958912630452], [6.080000758021468, 47.84983563653091], [6.086661422009401, 47.85008172867882], [6.093322145553309, 47.85032740274828], [6.098231047756883, 47.85163592458021], [6.101388128620124, 47.85400729417463], [6.104545499887181, 47.856378567520196], [6.107703161558055, 47.85874974461689], [6.112613062439845, 47.86005735838352], [6.119275202532553, 47.86030140882009], [6.125937401620618, 47.860545041060014], [6.132599659704039, 47.86078825510329], [6.137510559010408, 47.8620949604994], [6.140670099539725, 47.86446515724834], [6.143829930706353, 47.866835257611804], [6.146990052510294, 47.869205261589784], [6.15190194998679, 47.870511058310186], [6.158565623135844, 47.87075264777302], [6.163648645124301, 47.86980921110312], [6.167151015952162, 47.86768074830047], [6.16907263488717, 47.86436756131833], [6.169413501929329, 47.85986965015668], [6.168003773612066, 47.85643599446326], [6.164843449935384, 47.85406659423809], [6.159932631548118, 47.852761147659045], [6.153271318450267, 47.85251965472613], [6.148361114646239, 47.85121391472706], [6.145202020136029, 47.84884392766183], [6.142043216006696, 47.846473844234794], [6.138884702258238, 47.84410366444595], [6.133975495687385, 47.84279701610437], [6.127315596294139, 47.84255389921005], [6.122407004118812, 47.841246957673874], [6.119249719161405, 47.83887619149583], [6.117843639705276, 47.83544190235594], [6.118188765750426, 47.83094409025421], [6.116783232607036, 47.82750970912865], [6.113627040275107, 47.82513875897928], [6.108720290587018, 47.82383093826863]]]}}, {"type": "Feature", "properties": {"band": "moderate", "dbz": 45.0, "source": "OPERA-ORD", "time": "20260803033500"}, "geometry": {"type": "Polygon", "coordinates": [[[6.804793716812544, 47.79299377205079], [6.798137880248091, 47.79279280764327], [6.793074705287314, 47.79376698920371], [6.789604191930213, 47.79591631673211], [6.787726256182172, 47.79924109212853], [6.787440898043194, 47.80374131539296], [6.787155476458413, 47.808241523300524], [6.78686999142783, 47.8127417158512], [6.788320679037796, 47.81616728250885], [6.791507539288313, 47.818518223273465], [6.796430656298377, 47.81979423604127], [6.80309003006799, 47.81999532081226], [6.808155383801669, 47.81902091512637], [6.811626717499413, 47.816871018983605], [6.813503947534289, 47.81354593450646], [6.813787073906298, 47.80904566169494], [6.814070137354507, 47.80454537354509], [6.814353137878922, 47.80004507005689], [6.812901387379539, 47.796619752298234], [6.8097148858563585, 47.79426942026912], [6.804793716812544, 47.79299377205079]]]}}, {"type": "Feature", "properties": {"band": "moderate", "dbz": 45.0, "source": "OPERA-ORD", "time": "20260803033500"}, "geometry": {"type": "Polygon", "coordinates": [[[6.463777843009962, 47.71000028131551], [6.457134059711548, 47.709777947167275], [6.452072552987979, 47.71073588876716], [6.448593322839259, 47.71287410611517], [6.44669627677574, 47.716192900146446], [6.446381414797421, 47.72069227086098], [6.447806754283025, 47.72412255509694], [6.450972295232552, 47.726483752854314], [6.455878130211982, 47.72777556306749], [6.462524259221313, 47.727997985736465], [6.467430703602039, 47.72928950130563], [6.470597463354158, 47.73165010977498], [6.473764512513103, 47.734010621055276], [6.476931851078877, 47.73637103514652], [6.480099479131803, 47.7387313520219], [6.483267396671881, 47.74109157168141], [6.483111258644792, 47.743341273104676], [6.479631065050533, 47.745480456291716], [6.47615057381197, 47.7476195202138], [6.472669784929104, 47.749758464870965], [6.470772854696372, 47.75307760410441], [6.470459783113775, 47.757576937914166], [6.470146642006848, 47.76207625607921], [6.469833431375592, 47.76657555859953], [6.471261531379553, 47.770005429731185], [6.474430942018732, 47.77236586947418], [6.479341755472342, 47.77365657637148], [6.485993971740381, 47.773877550423094], [6.492646241186671, 47.77409810688967], [6.499298563811214, 47.774318245771205], [6.504210361726729, 47.77560804217672], [6.507381634933219, 47.777967496106214], [6.51055319828467, 47.78032685266103], [6.513725051781082, 47.782686111841144], [6.518637833892745, 47.78397499745304], [6.525291544619659, 47.784193509496724], [6.531945307961494, 47.78441160384111], [6.538599123918252, 47.78462928048619], [6.54525299229011, 47.78484653942158], [6.55190691307707, 47.785063380647266], [6.556973677612873, 47.78410096657226], [6.560453285897519, 47.781959297196565], [6.563932596058609, 47.77981750874595], [6.567411608096141, 47.77767560122042], [6.570890322074854, 47.77553357465179], [6.574368737994746, 47.773391429040046], [6.576259848044016, 47.77007053083337], [6.576563652222665, 47.76557088003176], [6.578454136587377, 47.76224984432782], [6.581931301138148, 47.760107423721564], [6.58540816789142, 47.75796488415807], [6.588884736847194, 47.755822225637345], [6.590774201021238, 47.752501018458574], [6.591076560413551, 47.74800126262174], [6.591378852704309, 47.74350149120351], [6.59168107789351, 47.73900170420388], [6.590245933315018, 47.73557328627159], [6.587073418968831, 47.73321623740665], [6.5839011942441905, 47.73085909100689], [6.580729259141093, 47.72850184707231], [6.577557613579436, 47.726144505629776], [6.574386257559218, 47.7237870666793], [6.569477680283808, 47.72250049484229], [6.562831881753207, 47.72228479011875], [6.5577711745053335, 47.7232477834008], [6.554295558540187, 47.72538947468845], [6.550819645244541, 47.72753104699367], [6.547343434618393, 47.72967250031646], [6.542281947404837, 47.7306345187044], [6.535635183603872, 47.73041710215748], [6.528988472204813, 47.730199268407596], [6.522341813207661, 47.72998101745475], [6.515695206811408, 47.72976234930932], [6.509048653016055, 47.72954326397131], [6.504141325833006, 47.72825391263001], [6.50097322526226, 47.72589429528543], [6.497805414036727, 47.72353458068123], [6.4946378921564065, 47.72117476881743], [6.489731546746386, 47.71988450783292], [6.483086377806666, 47.71966379772772], [6.478180641426194, 47.71837324197175], [6.4750143376049705, 47.716012840565014], [6.471848322935562, 47.713652341993644], [6.468682597417967, 47.71129174625763], [6.463777843009962, 47.71000028131551]]]}}, {"type": "Feature", "properties": {"band": "moderate", "dbz": 45.0, "source": "OPERA-ORD", "time": "20260803033500"}, "geometry": {"type": "Polygon", "coordinates": [[[6.364857288530282, 47.626588599334205], [6.36138024104881, 47.628724087902185], [6.3579028975924645, 47.630859457094886], [6.354425258161247, 47.63299470691231], [6.349369714106399, 47.63394759491847], [6.342736265427921, 47.63371812111336], [6.336102871761045, 47.63348823108847], [6.3294695331057715, 47.6332579248438], [6.32457586232451, 47.6319602360318], [6.32142185941726, 47.629595164652486], [6.318268144119876, 47.627229996712025], [6.3151147164323564, 47.624864732210405], [6.3102220274126015, 47.62356613744955], [6.303590077060615, 47.623334212429455], [6.298534257129298, 47.62428489664649], [6.295054567618653, 47.626418190100665], [6.291574582151446, 47.628551363974836], [6.288094300727675, 47.63068441826901], [6.284778117266372, 47.63056782003606], [6.281626031767539, 47.628201569275994], [6.278474233777536, 47.6258352220782], [6.275322723296366, 47.623468778442685], [6.270431160168685, 47.622168345833444], [6.263799544394495, 47.62193392425046], [6.2587431005505785, 47.62288270122545], [6.255261828636933, 47.6250146767584], [6.25178026077852, 47.62714653258854], [6.248298396975338, 47.6292782687159], [6.244816237164163, 47.631409885108724], [6.241333781344996, 47.63354138176701], [6.239426335268302, 47.63685657706973], [6.2390938989340805, 47.641355471016865], [6.240503274240632, 47.64478864006318], [6.243654461187958, 47.64715608420869], [6.248547557320251, 47.64845750321876], [6.255182562637511, 47.648692897093404], [6.261817624225522, 47.64892787465012], [6.268452742084284, 47.6491624358889], [6.27334682257962, 47.65046294919059], [6.276499865711529, 47.652829414555185], [6.279653196731736, 47.655195783446445], [6.282806815640241, 47.657562055864375], [6.287701880243658, 47.658861663156586], [6.294338390541988, 47.65909460532309], [6.299234063237858, 47.66039391945009], [6.302388898331268, 47.66275960553757], [6.305544021507226, 47.665125195057435], [6.308699432765732, 47.66749068800968], [6.3135960893816, 47.66878909567053], [6.32023399135483, 47.66902041804], [6.325131256244758, 47.67031853231224], [6.328287884051384, 47.672683438487226], [6.331444800134725, 47.675048248000195], [6.334602004494781, 47.67741296085113], [6.3395002531150935, 47.678710168200446], [6.346139545995663, 47.67893987004815], [6.351199651646879, 47.67798719263976], [6.3546805700687425, 47.67585213597531], [6.356582206403838, 47.672535000639556], [6.3569045606521675, 47.668035786632515], [6.358805572287774, 47.6647185125193], [6.362285241310656, 47.662583178299926], [6.36576461389949, 47.660447724647284], [6.369243690054274, 47.658312151561375], [6.3711436781412285, 47.654994703583206], [6.371464578160353, 47.6504953807128], [6.37336394221902, 47.647177794086545], [6.376841770317229, 47.645041943704456], [6.380319302239468, 47.64290597397496], [6.383796537985736, 47.64076988489805], [6.383956589429586, 47.63852018832728], [6.38079945657102, 47.63615688426263], [6.37764261153606, 47.63379348344567], [6.3744860543247075, 47.631429985876395], [6.3713297848570285, 47.629066391581375], [6.368173803133022, 47.6267027005606], [6.364857288530282, 47.626588599334205]]]}}, {"type": "Feature", "properties": {"band": "moderate", "dbz": 45.0, "source": "OPERA-ORD", "time": "20260803033500"}, "geometry": {"type": "Polygon", "coordinates": [[[6.219383579551945, 47.59328777984835], [6.2127559119487525, 47.59305017125642], [6.207701374334456, 47.59399653518012], [6.204219966709058, 47.59612687161943], [6.202311590842713, 47.59944148034388], [6.201976246735423, 47.60394036135344], [6.203382189030696, 47.60737409777441], [6.206529417728531, 47.6097426896068], [6.2114180311396066, 47.611045836951575], [6.218048029263922, 47.61128353980877], [6.223103830167612, 47.61033692317249], [6.226585433850677, 47.608205987042766], [6.228492742485366, 47.60489103134051], [6.2288257560716795, 47.6003920560657], [6.2274185504870125, 47.59695857235731], [6.224271125731365, 47.59459058021532], [6.219383579551945, 47.59328777984835]]]}}, {"type": "Feature", "properties": {"band": "moderate", "dbz": 45.0, "source": "OPERA-ORD", "time": "20260803033500"}, "geometry": {"type": "Polygon", "coordinates": [[[22.027202761345677, 46.249738607347126], [22.020807560416824, 46.25048919904199], [22.016265346109613, 46.252162307149334], [22.013576118424048, 46.254757931669154], [22.012740162922075, 46.258276346337155], [22.013757479603697, 46.26271755115334], [22.014775012421026, 46.267158725413594], [22.015792761374065, 46.27159986911794], [22.018155791117316, 46.27474310975933], [22.02186410165077, 46.27658844733776], [22.026917407013112, 46.27713560795452], [22.033315707204334, 46.27638459160961], [22.03971384222709, 46.27563317954154], [22.046111812081385, 46.27488137175031], [22.0506549340334, 46.27320719932413], [22.053343208083135, 46.27061066226301], [22.054176920850377, 46.267092034355976], [22.05315607233513, 46.262651315603016], [22.050791603223825, 46.25950879446717], [22.04708351351646, 46.25766447094845], [22.043375694818543, 46.25582000545084], [22.039668147130083, 46.25397539797436], [22.035960870416915, 46.25213064855201], [22.032253864679042, 46.2502857571838], [22.027202761345677, 46.249738607347126]]]}}, {"type": "Feature", "properties": {"band": "moderate", "dbz": 45.0, "source": "OPERA-ORD", "time": "20260803033500"}, "geometry": {"type": "Polygon", "coordinates": [[[19.857324152761606, 46.3444512573162], [19.850894286098416, 46.345067136731785], [19.84628091635019, 46.34664481104497], [19.843484043516916, 46.349184280255734], [19.84250390411488, 46.35268582445179], [19.843340498144077, 46.35714944363313], [19.84417727112353, 46.36161303689683], [19.845014223053244, 46.36607660424287], [19.84725031654493, 46.36927036229968], [19.850885551598594, 46.37119431106726], [19.855919691363763, 46.37184817028478], [19.86235273584044, 46.371231939952246], [19.866967632841618, 46.36965379376106], [19.86976438236731, 46.367113731711214], [19.870743221676786, 46.36361203401141], [19.869904150770047, 46.359148700661635], [19.869065259248423, 46.354685341342545], [19.868226547111917, 46.350221956054135], [19.865990164806046, 46.34702852695955], [19.862356112330815, 46.34510505405879], [19.857324152761606, 46.3444512573162]]]}}, {"type": "Feature", "properties": {"band": "moderate", "dbz": 45.0, "source": "OPERA-ORD", "time": "20260803033500"}, "geometry": {"type": "Polygon", "coordinates": [[[21.021441060104333, 46.19995135695144], [21.018706716737295, 46.20252166835924], [21.015972124994935, 46.205091905939646], [21.013237284877246, 46.20766206969267], [21.010502196303605, 46.21023215959963], [21.007766859274003, 46.21280217566054], [21.00823273692198, 46.21502841179559], [21.011899829247533, 46.21691086800478], [21.016934687512673, 46.217507993291186], [21.023337311717412, 46.216819787654806], [21.029739784651287, 46.216131185290806], [21.036142106314294, 46.21544218619918], [21.04254427654746, 46.2147527904094], [21.048946295350774, 46.21406299792145], [21.053513878224074, 46.21243250405411], [21.05624702516735, 46.20986130880736], [21.05577958623898, 46.20763526762526], [21.05211156143896, 46.20575438050778], [21.04707705996659, 46.20515876813812], [21.040676081821868, 46.20584843051628], [21.03564203667786, 46.20525244852199], [21.03197492453456, 46.20337082215526], [21.028308084294146, 46.2014890570408], [21.024641515956617, 46.19960715317862], [21.021441060104333, 46.19995135695144]]]}}, {"type": "Feature", "properties": {"band": "moderate", "dbz": 45.0, "source": "OPERA-ORD", "time": "20260803033500"}, "geometry": {"type": "Polygon", "coordinates": [[[21.525007499719067, 45.80728430135262], [21.522314771200584, 45.80986804617788], [21.52145016682571, 45.813384249665376], [21.52241368659444, 45.8178329118151], [21.524724079002965, 45.82098963456852], [21.52838134405129, 45.82285441792561], [21.533385213373126, 45.82342698975769], [21.539735686968474, 45.82270735006476], [21.544257019573124, 45.82105538575932], [21.546949211187066, 45.81847109684138], [21.546466587132365, 45.81624688130298], [21.542809147409017, 45.81438273914413], [21.5391519739743, 45.81251845776712], [21.53549506682822, 45.81065403717195], [21.53183842593596, 45.808789477390775], [21.528182051297527, 45.806924778423586], [21.525007499719067, 45.80728430135262]]]}}, {"type": "Feature", "properties": {"band": "moderate", "dbz": 45.0, "source": "OPERA-ORD", "time": "20260803033500"}, "geometry": {"type": "Polygon", "coordinates": [[[21.25586888463988, 45.764501072545315], [21.253165400762484, 45.76707799460661], [21.250461674447497, 45.76965484378765], [21.247757705694923, 45.77223162008846], [21.245053494426283, 45.77480832349103], [21.24234904064159, 45.77738495399535], [21.2428188695262, 45.77961086400549], [21.24646298108012, 45.78148605352146], [21.250107358973636, 45.78336110478072], [21.253752003206742, 45.78523601778326], [21.257396913815064, 45.7871107924971], [21.261042090798597, 45.78898542892224], [21.266039411990505, 45.78957124834107], [21.27238887739078, 45.788868250753595], [21.276915245300913, 45.787228000442596], [21.2796185157209, 45.78465049740806], [21.28049895092462, 45.78113601420306], [21.27955655091207, 45.77668455082759], [21.277263024395538, 45.77352177345576], [21.273618371375022, 45.771647682087576], [21.26997398451601, 45.769773452424054], [21.266329863818502, 45.7678990844652], [21.262686009246956, 45.76602457824299], [21.25904242080137, 45.764149933757444], [21.25586888463988, 45.764501072545315]]]}}, {"type": "Feature", "properties": {"band": "moderate", "dbz": 45.0, "source": "OPERA-ORD", "time": "20260803033500"}, "geometry": {"type": "Polygon", "coordinates": [[[17.88306729139267, 46.06222185985032], [17.880193028164232, 46.064708923366226], [17.87731850827839, 46.06719590456957], [17.874443731735138, 46.069682803460346], [17.869799179961046, 46.07117210773572], [17.863384852956116, 46.07166381739569], [17.858739725286355, 46.07315286286819], [17.85586379695176, 46.07563924415323], [17.8547572549206, 46.07912324357291], [17.855420099192877, 46.08360486112722], [17.856083084992594, 46.088086455759516], [17.85674621231976, 46.0925680274698], [17.858848029253885, 46.095806350364036], [17.862388535794974, 46.09780142444222], [17.86736754471057, 46.09855296720419], [17.87378505600068, 46.09806097864996], [17.878431782987963, 46.09657149957001], [17.881307725672418, 46.094084529964356], [17.882413071701873, 46.0906003522917], [17.881747821076324, 46.08611896655204], [17.882852715810735, 46.08263471835729], [17.885727755905105, 46.08014760770743], [17.88860253920649, 46.077660414755265], [17.891477065714895, 46.07517313950079], [17.892581457231458, 46.07168880962847], [17.89191571375618, 46.06720742513831], [17.889813237265628, 46.06396963169301], [17.8862740277598, 46.06197542929258], [17.88306729139267, 46.06222185985032]]]}}, {"type": "Feature", "properties": {"band": "moderate", "dbz": 45.0, "source": "OPERA-ORD", "time": "20260803033500"}, "geometry": {"type": "Polygon", "coordinates": [[[7.688828772112382, 45.63274640008187], [7.682439266993118, 45.63260171702933], [7.677598628173705, 45.63362064361411], [7.674306855654143, 45.635803179836195], [7.672563894989539, 45.63914961147962], [7.672369746179891, 45.643659938544374], [7.673822015764481, 45.647079011132014], [7.67692070374331, 45.64940682924254], [7.680019655436999, 45.65173454973967], [7.683118870845547, 45.65406217262342], [7.686218350036829, 45.656389697868974], [7.689318093010844, 45.65871712547633], [7.694064345061985, 45.65995282200513], [7.700457106190254, 45.660096787455366], [7.705299463216554, 45.659077025590285], [7.7085914161408855, 45.65689353640989], [7.710332911165558, 45.65354660590514], [7.710523948290571, 45.64903623407604], [7.709069541376962, 45.645617620283154], [7.705969690424735, 45.643290764526476], [7.702870103122792, 45.640963811093755], [7.699770779471136, 45.63863675998501], [7.696671719401984, 45.636309611225016], [7.693572922915338, 45.63398236481376], [7.688828772112382, 45.63274640008187]]]}}, {"type": "Feature", "properties": {"band": "strong", "dbz": 50.0, "source": "OPERA-ORD", "time": "20260803033500"}, "geometry": {"type": "Polygon", "coordinates": [[[13.804959110364798, 55.183421053108106], [13.797120218781895, 55.18366463080357], [13.791347289990831, 55.18496810486598], [13.787640323991607, 55.18733147529534], [13.78599947260566, 55.19075511499382], [13.786424735832995, 55.19523902396143], [13.7868501120722, 55.199722928352486], [13.787275601323273, 55.20420682816699], [13.789555832183071, 55.20750899937097], [13.793690804651597, 55.20962944196445], [13.797612486635796, 55.20950782778989], [13.80132087813567, 55.2071441568473], [13.805028837020478, 55.20478037452135], [13.808736363290219, 55.20241648081204], [13.812443457088856, 55.200052475760714], [13.816150118416385, 55.19768835936736], [13.817789064624035, 55.19426440778037], [13.817360295711806, 55.18978062099977], [13.815079072480831, 55.18647886177219], [13.81094539493111, 55.18435913009764], [13.804959110364798, 55.183421053108106]]]}}, {"type": "Feature", "properties": {"band": "strong", "dbz": 50.0, "source": "OPERA-ORD", "time": "20260803033500"}, "geometry": {"type": "Polygon", "coordinates": [[[13.850539290858944, 54.84019512369233], [13.842767189229658, 54.84044137537003], [13.837044385986228, 54.84174687329745], [13.833370881128653, 54.84411161747461], [13.831746825029002, 54.8475359767912], [13.832172217687276, 54.852019951247215], [13.834435221594683, 54.855321523176045], [13.838535836751221, 54.85744069257769], [13.84447391263582, 54.85837709037254], [13.852249449248482, 54.85813071656061], [13.857973819111605, 54.85682478859833], [13.861647022225188, 54.854459306485715], [13.863269209961311, 54.85103463926851], [13.862840382319973, 54.846550786946715], [13.860575811792874, 54.84324964505274], [13.856475498380014, 54.84113121358657], [13.850539290858944, 54.84019512369233]]]}}, {"type": "Feature", "properties": {"band": "strong", "dbz": 50.0, "source": "OPERA-ORD", "time": "20260803033500"}, "geometry": {"type": "Polygon", "coordinates": [[[9.089629896405611, 53.96340711151483], [9.082012538968826, 53.96334871551191], [9.076274480036366, 53.96442769706648], [9.07241571960823, 53.966644056178545], [9.070436223271745, 53.96999815423379], [9.070335991026909, 53.97448999123222], [9.070235732968328, 53.97898182353908], [9.070135449096005, 53.98347365115437], [9.07003513939053, 53.98796547409216], [9.069934803851906, 53.992457292352455], [9.067953572410188, 53.99581123680901], [9.064091445065374, 53.998027307461825], [9.060228905079292, 54.00024325157892], [9.056365952451936, 54.00245906916028], [9.054383433705997, 54.005812870530136], [9.054281348841478, 54.0103046556885], [9.054179237661351, 54.01479643620774], [9.054077100165625, 54.01928821208787], [9.055907686848682, 54.02267209241], [9.059670997710526, 54.024948077174116], [9.065367067898187, 54.026115804323624], [9.072995897411662, 54.02617527385852], [9.078742247721872, 54.02509674382422], [9.082606118828814, 54.02288021422074], [9.084587476389279, 54.01952604711251], [9.084686320403268, 54.01503424249951], [9.086666840486938, 54.01167994304309], [9.090529036640287, 54.00946314874325], [9.094390819968785, 54.007246227997356], [9.098252190472431, 54.005029180805394], [9.09830116290851, 54.00278326803116], [9.094537737277026, 54.00050848967465], [9.090774721579585, 53.99823359189905], [9.08701211581619, 53.99595857470437], [9.08518015859683, 53.99257514986386], [9.085278849921504, 53.98808331737753], [9.085377515836207, 53.98359148021749], [9.085476156340933, 53.979099638383744], [9.08745487958347, 53.97574529694086], [9.091313685563815, 53.97352845588883], [9.095172079569448, 53.97131148850161], [9.099030061600368, 53.969094394779205], [9.099078933242872, 53.96684846331757], [9.09531869449696, 53.964573694116716], [9.089629896405611, 53.96340711151483]]]}}, {"type": "Feature", "properties": {"band": "strong", "dbz": 50.0, "source": "OPERA-ORD", "time": "20260803033500"}, "geometry": {"type": "Polygon", "coordinates": [[[8.953422959260763, 53.92634756359465], [8.945812547132114, 53.926280474716705], [8.940076063493667, 53.927352911752045], [8.936213508345425, 53.929564874700674], [8.934224842298246, 53.93291672449754], [8.934110065352131, 53.93740846114264], [8.933995258876148, 53.94190019300316], [8.933880422870299, 53.946391920079094], [8.93569810863078, 53.94977768034556], [8.93944831615759, 53.952057473802554], [8.945131084908002, 53.95323093923403], [8.952746414882018, 53.95329807664001], [8.958485820841757, 53.952225309222946], [8.96234930278722, 53.95001263698284], [8.964336822059842, 53.94666042114452], [8.964448378659615, 53.94216866170799], [8.964559906572411, 53.937676897495464], [8.964671405798232, 53.93318512850695], [8.962852407889626, 53.92979971001793], [8.9591029128466, 53.9275206420284], [8.953422959260763, 53.92634756359465]]]}}, {"type": "Feature", "properties": {"band": "strong", "dbz": 50.0, "source": "OPERA-ORD", "time": "20260803033500"}, "geometry": {"type": "Polygon", "coordinates": [[[7.437176901500486, 53.5707349590794], [7.429634298579675, 53.57057121604458], [7.422091750495224, 53.570406992046536], [7.414549257247136, 53.570242287085286], [7.408823340175942, 53.571240899420374], [7.40491399928164, 53.573402829051815], [7.4047762464824665, 53.57564748021071], [7.408410081778419, 53.57797485289706], [7.412044313823466, 53.58030211363949], [7.415678942617609, 53.58262926243801], [7.417358799635358, 53.58603748875028], [7.417083884876711, 53.5905267925763], [7.416808900068432, 53.59501609037612], [7.416533845210517, 53.59950538214974], [7.4182147608196285, 53.60291350403651], [7.421851646895767, 53.605240456036434], [7.425625725647756, 53.60532263651307], [7.429536997075598, 53.60316004546642], [7.4334478637520265, 53.60099732281428], [7.437358325677043, 53.59883446855665], [7.441268382953998, 53.59667148273718], [7.445178035582889, 53.59450836535588], [7.44726871636266, 53.591182115732074], [7.44754042529331, 53.586692733865775], [7.447812065040215, 53.58220334598029], [7.448083635603374, 53.57771395207562], [7.446401616403938, 53.57430614899167], [7.442766007441907, 53.571979936728425], [7.437176901500486, 53.5707349590794]]]}}, {"type": "Feature", "properties": {"band": "strong", "dbz": 50.0, "source": "OPERA-ORD", "time": "20260803033500"}, "geometry": {"type": "Polygon", "coordinates": [[[5.2776636916391215, 53.008924106865685], [5.27022993939992, 53.00862318583242], [5.26279628434293, 53.0083217922494], [5.255362726468153, 53.00801992611662], [5.2496634640187745, 53.008913842896774], [5.2456984969947955, 53.01100354258986], [5.245450589944985, 53.0132445451918], [5.248919742869345, 53.015636850702606], [5.252389274434819, 53.018029053490686], [5.255859184641409, 53.02042115355605], [5.2593294736114915, 53.022813150863634], [5.262800141345066, 53.02520504541343], [5.266518124833661, 53.02535579499932], [5.270483424077278, 53.0232653996213], [5.274448331203091, 53.02117486627688], [5.278412846211104, 53.01908419496606], [5.28237696919088, 53.016993385732654], [5.286340700142421, 53.01490243857666], [5.286587066153324, 53.01266136559458], [5.283116067223589, 53.010270166786405], [5.2776636916391215, 53.008924106865685]]]}}, {"type": "Feature", "properties": {"band": "strong", "dbz": 50.0, "source": "OPERA-ORD", "time": "20260803033500"}, "geometry": {"type": "Polygon", "coordinates": [[[10.304047638851662, 51.22505646248363], [10.296893653552205, 51.22507551170092], [10.291535220561174, 51.226213718452996], [10.287972339878568, 51.228471082739865], [10.286205020695125, 51.23184793803407], [10.286233263010844, 51.236344284335615], [10.284465241562947, 51.23972102154376], [10.280900956351434, 51.241978149658486], [10.277336318317442, 51.244235163091986], [10.273771327460969, 51.246492061844265], [10.272002260063811, 51.249868668538575], [10.27202911612597, 51.25436498317492], [10.272055978648483, 51.258861288937084], [10.272082847631355, 51.263357585825055], [10.272109723079083, 51.26785387385298], [10.272136604991665, 51.272350153020845], [10.273947389983146, 51.27571798782178], [10.277542078053521, 51.27795737825578], [10.282920660432069, 51.27906799034685], [10.290083137118788, 51.279049824095004], [10.295447562056996, 51.277911964639664], [10.29901393524669, 51.27565441198083], [10.300782266102082, 51.27227750009241], [10.300752554623173, 51.2677812289744], [10.302520182057796, 51.26440419904597], [10.306085148405952, 51.2621464103071], [10.309649761633548, 51.25988850694542], [10.313214021740583, 51.25763048896093], [10.314980603634956, 51.254253328832675], [10.314949507316662, 51.249757026560665], [10.314918418473496, 51.24526071539723], [10.314887337105459, 51.24076439534236], [10.314856263207346, 51.23626806638191], [10.31482519677916, 51.23177172851589], [10.31301340554915, 51.2284044041559], [10.30942088951731, 51.226166093301956], [10.304047638851662, 51.22505646248363]]]}}, {"type": "Feature", "properties": {"band": "strong", "dbz": 50.0, "source": "OPERA-ORD", "time": "20260803033500"}, "geometry": {"type": "Polygon", "coordinates": [[[21.994851170939327, 50.09987433479553], [21.99197014455676, 50.102465991852604], [21.9910990150665, 50.105975665980324], [21.992237782468543, 50.1104033571787], [21.99481768777248, 50.113535140138026], [21.998838730978314, 50.11537101485831], [22.0043005620521, 50.115910678229135], [22.011203180993842, 50.11515413025049], [22.016094653517236, 50.113479724724634], [22.018974979622286, 50.11088746165158], [22.018404527522392, 50.10867374893276], [22.014383297217556, 50.10683858656817], [22.010362393867645, 50.10500327005172], [22.00634181747266, 50.1031677993834], [22.00232156798903, 50.10133217460368], [21.998301645416745, 50.09949639571255], [21.994851170939327, 50.09987433479553]]]}}, {"type": "Feature", "properties": {"band": "strong", "dbz": 50.0, "source": "OPERA-ORD", "time": "20260803033500"}, "geometry": {"type": "Polygon", "coordinates": [[[6.782337612175409, 48.172141255752315], [6.778839975654624, 48.17428953857216], [6.776946379020042, 48.17761317875724], [6.776656822271661, 48.182112176307555], [6.776367200623921, 48.18661115907798], [6.776077514076819, 48.191110127068505], [6.777537579191467, 48.194534991698426], [6.7807473959678655, 48.19688575296774], [6.78570705051853, 48.19816210568964], [6.79241654284346, 48.19836404986413], [6.799126084878973, 48.19856557234603], [6.80583567662507, 48.198766673135324], [6.810796328529393, 48.200042103876], [6.814008040591944, 48.20239186456805], [6.8172200496053, 48.204741526251524], [6.820432355569459, 48.207091088926404], [6.825394004541224, 48.208365597378936], [6.832104996520593, 48.20856505160911], [6.837209234084007, 48.207589704361894], [6.840706717231462, 48.205439555637284], [6.8425973613686715, 48.202114910758176], [6.842881166495636, 48.19761576972457], [6.841416831265093, 48.19419172311681], [6.838204355677042, 48.1918427709349], [6.833243824255097, 48.19056860798981], [6.826535236999257, 48.19036923428155], [6.821575327398467, 48.189094771549414], [6.818364095452725, 48.18674521979341], [6.815153160193184, 48.184395569055], [6.811942521619845, 48.182045819334185], [6.806983608150498, 48.18077043466016], [6.800276419785142, 48.18056941503293], [6.795318127961945, 48.17929373080193], [6.792108732680909, 48.17694338196717], [6.788899633889243, 48.17459293424794], [6.785690831586949, 48.17224238764424], [6.782337612175409, 48.172141255752315]]]}}, {"type": "Feature", "properties": {"band": "strong", "dbz": 50.0, "source": "OPERA-ORD", "time": "20260803033500"}, "geometry": {"type": "Polygon", "coordinates": [[[6.728851017922384, 48.1423391609195], [6.722149230148796, 48.14213324946765], [6.717049142098514, 48.14310338355113], [6.713550753771537, 48.14524956316995], [6.7116539775800135, 48.148572093009584], [6.71135881352394, 48.153070973070044], [6.712813443163892, 48.1564967841477], [6.7160178664998655, 48.158849526242555], [6.72097217119275, 48.160128894535646], [6.7276763572425455, 48.160334889026984], [6.7327777318033455, 48.159364491701254], [6.736276294875152, 48.15721770255847], [6.738171959301065, 48.1538948264371], [6.738464725081084, 48.14939586333717], [6.737008808930614, 48.145970315501756], [6.733804210849657, 48.143618182930865], [6.728851017922384, 48.1423391609195]]]}}, {"type": "Feature", "properties": {"band": "strong", "dbz": 50.0, "source": "OPERA-ORD", "time": "20260803033500"}, "geometry": {"type": "Polygon", "coordinates": [[[6.492651874631954, 48.06268813235278], [6.485961537886193, 48.06246741919218], [6.479271255281586, 48.06224628576747], [6.472581026818132, 48.06202473207866], [6.465890852699793, 48.061802758136494], [6.459200732926572, 48.06158036394098], [6.454103692380549, 48.06253798004667], [6.450599731061727, 48.064675606453534], [6.448688754795287, 48.06799354695386], [6.448370763581228, 48.07249180154761], [6.449805349709488, 48.07592126536931], [6.452992513180066, 48.07828193841894], [6.456179971046165, 48.080642513783374], [6.4593677233077855, 48.083002991462614], [6.462555770047251, 48.08536337142935], [6.465744111264559, 48.08772365368358], [6.470685186780449, 48.08901463851355], [6.47737899659492, 48.089236325919245], [6.4840728606611835, 48.089457592808635], [6.490766778979237, 48.08967843918172], [6.49746075134468, 48.08989886502776], [6.504154777757513, 48.09011887034677], [6.509253384686542, 48.08915911061966], [6.512756572131768, 48.087019585846434], [6.514664247336262, 48.083700600093486], [6.514976410300024, 48.07920215336082], [6.513537576678006, 48.07577349107149], [6.510347746470208, 48.073414613225495], [6.507158210662275, 48.071055637538265], [6.503968969254208, 48.06869656400982], [6.500780022163839, 48.066337392667464], [6.497591369391169, 48.063978123511205], [6.492651874631954, 48.06268813235278]]]}}, {"type": "Feature", "properties": {"band": "strong", "dbz": 50.0, "source": "OPERA-ORD", "time": "20260803033500"}, "geometry": {"type": "Polygon", "coordinates": [[[6.34191453803551, 47.92233154808993], [6.335243350568643, 47.92210144344092], [6.330158078300446, 47.92305327840761], [6.326658721230919, 47.92518705298999], [6.323159063837001, 47.927320707408825], [6.319659106118691, 47.92945424166412], [6.316158848011266, 47.93158765572363], [6.312658289514727, 47.93372094958738], [6.310743484561005, 47.937036687303554], [6.310414433150102, 47.94153486887214], [6.311836253559585, 47.94496642671302], [6.3150089457894545, 47.94733136082619], [6.318181930219411, 47.949696197888514], [6.321355206849454, 47.9520609379], [6.324528775761405, 47.954425580833636], [6.327702636955264, 47.95679012668941], [6.332627531887799, 47.9580875441613], [6.339303460559011, 47.9583178332493], [6.345979445193702, 47.958547703114554], [6.352655485791874, 47.95877715375707], [6.359331582151333, 47.95900618516578], [6.36600773427208, 47.95923479734069], [6.371095713434734, 47.958281509824786], [6.3745955196392945, 47.95614632261805], [6.376507057135995, 47.952829538591175], [6.376830325924834, 47.94833115774415], [6.377153522678307, 47.943832761470595], [6.377476647396413, 47.939334349770505], [6.376050794387363, 47.93590357362481], [6.3728759636511585, 47.933540433033514], [6.367952250795474, 47.93224462533037], [6.361279655820308, 47.932016150515366], [6.356356559031001, 47.930720047583634], [6.353182960427555, 47.92835631653519], [6.350009653786609, 47.925992488361835], [6.346836639108166, 47.923628563063566], [6.34191453803551, 47.92233154808993]]]}}, {"type": "Feature", "properties": {"band": "strong", "dbz": 50.0, "source": "OPERA-ORD", "time": "20260803033500"}, "geometry": {"type": "Polygon", "coordinates": [[[6.554964857036165, 47.74006746954725], [6.548316814697389, 47.739850844292576], [6.5416688245967975, 47.739633801741924], [6.53502088673439, 47.739416341895286], [6.5283730013093155, 47.739198464763064], [6.521725168321573, 47.73898017034524], [6.51507738797029, 47.73876145865223], [6.508429660255466, 47.73854232968402], [6.5017819853762004, 47.738322783451075], [6.495134363332494, 47.7381028199534], [6.490070753093461, 47.73906254903121], [6.4865911546591, 47.74120197068451], [6.486435603779457, 47.74345169409823], [6.489604100454528, 47.745811719272375], [6.492772886777452, 47.748171647176996], [6.49594196274823, 47.750531477812096], [6.499111328447233, 47.75289121115083], [6.502280983874462, 47.75525084719321], [6.505450929110303, 47.75761038591236], [6.508621164154757, 47.75996982730829], [6.511791689088225, 47.762329171354125], [6.5149625039107075, 47.76468841804986], [6.518133608702621, 47.76704756736863], [6.521305003463967, 47.76940661931043], [6.521150421205261, 47.771656339609194], [6.517669861926504, 47.77379672826493], [6.51418900459946, 47.775936997712336], [6.510707849224129, 47.77807714795142], [6.51055319828467, 47.78032685266103], [6.513725051781082, 47.782686111841144], [6.518637833892745, 47.78397499745304], [6.525291544619659, 47.784193509496724], [6.531945307961494, 47.78441160384111], [6.538599123918252, 47.78462928048619], [6.54525299229011, 47.78484653942158], [6.55190691307707, 47.785063380647266], [6.556973677612873, 47.78410096657226], [6.560453285897519, 47.781959297196565], [6.563932596058609, 47.77981750874595], [6.567411608096141, 47.77767560122042], [6.570890322074854, 47.77553357465179], [6.574368737994746, 47.773391429040046], [6.574520967906433, 47.77114162214748], [6.571347011809916, 47.76878415397408], [6.568173345813923, 47.76642658825779], [6.5649999699184525, 47.76406892499861], [6.563565704381139, 47.760640273871836], [6.563870549201983, 47.75614063487746], [6.564175326359379, 47.75164098029536], [6.564480035853329, 47.74714131012553], [6.563046512501616, 47.7437125518241], [6.559874756304239, 47.741354705391096], [6.554964857036165, 47.74006746954725]]]}}, {"type": "Feature", "properties": {"band": "strong", "dbz": 50.0, "source": "OPERA-ORD", "time": "20260803033500"}, "geometry": {"type": "Polygon", "coordinates": [[[6.349369714106399, 47.63394759491847], [6.342736265427921, 47.63371812111336], [6.337680160904553, 47.63467067019046], [6.334201400536297, 47.63680524214975], [6.332299889244206, 47.64012213720988], [6.331975627028282, 47.64462135537084], [6.330073491669953, 47.64793811154194], [6.326593483169223, 47.6500724057232], [6.323113178375985, 47.65220658037062], [6.319632577290244, 47.65434063548419], [6.317729417439055, 47.65765721736398], [6.317403698822418, 47.66215632600999], [6.318818865220936, 47.665588430055934], [6.321974916634608, 47.6679535295018], [6.326871948686105, 47.66925132387187], [6.333509961375427, 47.66948181316613], [6.338569363603632, 47.66852972983509], [6.342050155370722, 47.66639507387875], [6.3455306506436475, 47.66426029841636], [6.349010849422408, 47.6621254034479], [6.352490751770641, 47.65999038900516], [6.355970357688346, 47.657855255088116], [6.357871195003563, 47.65453804937009], [6.358193263716291, 47.65003877185109], [6.358515261112721, 47.64553947843408], [6.358837187192855, 47.641040169119066], [6.357420222286101, 47.63760846880143], [6.354264366392459, 47.63524437748116], [6.349369714106399, 47.63394759491847]]]}}, {"type": "Feature", "properties": {"band": "strong", "dbz": 50.0, "source": "OPERA-ORD", "time": "20260803033500"}, "geometry": {"type": "Polygon", "coordinates": [[[22.029239544477797, 46.25862072448297], [22.02284331087361, 46.259371457666006], [22.018300430039766, 46.2610446565835], [22.01561090197626, 46.26364032123546], [22.014775012421026, 46.267158725413594], [22.015792761374065, 46.27159986911794], [22.018155791117316, 46.27474310975933], [22.02186410165077, 46.27658844733776], [22.026917407013112, 46.27713560795452], [22.033315707204334, 46.27638459160961], [22.037859335288523, 46.27471097729716], [22.04054829126568, 46.27211476501715], [22.04138286148427, 46.26859622860589], [22.040363045944297, 46.26415536806338], [22.037999268950703, 46.26101254281695], [22.034291530503495, 46.25916775286661], [22.029239544477797, 46.25862072448297]]]}}, {"type": "Feature", "properties": {"band": "strong", "dbz": 50.0, "source": "OPERA-ORD", "time": "20260803033500"}, "geometry": {"type": "Polygon", "coordinates": [[[21.04707705996659, 46.20515876813812], [21.040676081821868, 46.20584843051628], [21.034274952344834, 46.20653769626684], [21.027873671535488, 46.207226565389796], [21.02147223955271, 46.20791503785575], [21.015070656396507, 46.2086031136647], [21.010502196303605, 46.21023215959963], [21.007766859274003, 46.21280217566054], [21.00823273692198, 46.21502841179559], [21.011899829247533, 46.21691086800478], [21.016934687512673, 46.217507993291186], [21.023337311717412, 46.216819787654806], [21.029739784651287, 46.216131185290806], [21.036142106314294, 46.21544218619918], [21.04254427654746, 46.2147527904094], [21.048946295350774, 46.21406299792145], [21.053513878224074, 46.21243250405411], [21.05624702516735, 46.20986130880736], [21.05577958623898, 46.20763526762526], [21.05211156143896, 46.20575438050778], [21.04707705996659, 46.20515876813812]]]}}, {"type": "Feature", "properties": {"band": "strong", "dbz": 50.0, "source": "OPERA-ORD", "time": "20260803033500"}, "geometry": {"type": "Polygon", "coordinates": [[[17.88306729139267, 46.06222185985032], [17.880193028164232, 46.064708923366226], [17.87731850827839, 46.06719590456957], [17.874443731735138, 46.069682803460346], [17.869799179961046, 46.07117210773572], [17.863384852956116, 46.07166381739569], [17.858739725286355, 46.07315286286819], [17.85586379695176, 46.07563924415323], [17.8547572549206, 46.07912324357291], [17.855420099192877, 46.08360486112722], [17.856083084992594, 46.088086455759516], [17.85674621231976, 46.0925680274698], [17.858848029253885, 46.095806350364036], [17.862388535794974, 46.09780142444222], [17.86736754471057, 46.09855296720419], [17.87378505600068, 46.09806097864996], [17.878431782987963, 46.09657149957001], [17.881307725672418, 46.094084529964356], [17.882413071701873, 46.0906003522917], [17.881747821076324, 46.08611896655204], [17.882852715810735, 46.08263471835729], [17.885727755905105, 46.08014760770743], [17.88860253920649, 46.077660414755265], [17.891477065714895, 46.07517313950079], [17.892581457231458, 46.07168880962847], [17.89191571375618, 46.06720742513831], [17.889813237265628, 46.06396963169301], [17.8862740277598, 46.06197542929258], [17.88306729139267, 46.06222185985032]]]}}, {"type": "Feature", "properties": {"band": "strong", "dbz": 50.0, "source": "OPERA-ORD", "time": "20260803033500"}, "geometry": {"type": "Polygon", "coordinates": [[[21.25586888463988, 45.764501072545315], [21.253165400762484, 45.76707799460661], [21.250461674447497, 45.76965484378765], [21.247757705694923, 45.77223162008846], [21.245053494426283, 45.77480832349103], [21.24234904064159, 45.77738495399535], [21.2428188695262, 45.77961086400549], [21.24646298108012, 45.78148605352146], [21.2514594114611, 45.782072607816275], [21.257808160669132, 45.781370526889944], [21.26415675906404, 45.78066805310764], [21.270505206645822, 45.779965186469354], [21.275030910553983, 45.778325019647625], [21.277733870788524, 45.77574755264244], [21.277263024395538, 45.77352177345576], [21.273618371375022, 45.771647682087576], [21.26997398451601, 45.769773452424054], [21.266329863818502, 45.7678990844652], [21.262686009246956, 45.76602457824299], [21.25904242080137, 45.764149933757444], [21.25586888463988, 45.764501072545315]]]}}, {"type": "Feature", "properties": {"band": "heavy", "dbz": 55.0, "source": "OPERA-ORD", "time": "20260803033500"}, "geometry": {"type": "Polygon", "coordinates": [[[13.804959110364798, 55.183421053108106], [13.797120218781895, 55.18366463080357], [13.791347289990831, 55.18496810486598], [13.787640323991607, 55.18733147529534], [13.78599947260566, 55.19075511499382], [13.786424735832995, 55.19523902396143], [13.7868501120722, 55.199722928352486], [13.787275601323273, 55.20420682816699], [13.789555832183071, 55.20750899937097], [13.793690804651597, 55.20962944196445], [13.797612486635796, 55.20950782778989], [13.80132087813567, 55.2071441568473], [13.805028837020478, 55.20478037452135], [13.808736363290219, 55.20241648081204], [13.812443457088856, 55.200052475760714], [13.816150118416385, 55.19768835936736], [13.817789064624035, 55.19426440778037], [13.817360295711806, 55.18978062099977], [13.815079072480831, 55.18647886177219], [13.81094539493111, 55.18435913009764], [13.804959110364798, 55.183421053108106]]]}}, {"type": "Feature", "properties": {"band": "heavy", "dbz": 55.0, "source": "OPERA-ORD", "time": "20260803033500"}, "geometry": {"type": "Polygon", "coordinates": [[[9.089629896405611, 53.96340711151483], [9.082012538968826, 53.96334871551191], [9.076274480036366, 53.96442769706648], [9.07241571960823, 53.966644056178545], [9.070436223271745, 53.96999815423379], [9.070335991026909, 53.97448999123222], [9.072165960248338, 53.97787365581295], [9.075926130936036, 53.98014914797597], [9.079736031358237, 53.98017859990983], [9.083595661514943, 53.97796201161452], [9.08745487958347, 53.97574529694086], [9.091313685563815, 53.97352845588883], [9.095172079569448, 53.97131148850161], [9.099030061600368, 53.969094394779205], [9.099078933242872, 53.96684846331757], [9.09531869449696, 53.964573694116716], [9.089629896405611, 53.96340711151483]]]}}, {"type": "Feature", "properties": {"band": "heavy", "dbz": 55.0, "source": "OPERA-ORD", "time": "20260803033500"}, "geometry": {"type": "Polygon", "coordinates": [[[10.30416766841295, 51.24304182691642], [10.297010859000812, 51.243060884569246], [10.289854044157476, 51.24307948847571], [10.282697223882945, 51.2430976386358], [10.277336318317442, 51.244235163091986], [10.273771327460969, 51.246492061844265], [10.272002260063811, 51.249868668538575], [10.27202911612597, 51.25436498317492], [10.273839174331755, 51.2577328465036], [10.277432434681169, 51.259972258524606], [10.282808888415966, 51.261082885434135], [10.289968535536147, 51.261064727232174], [10.297128177217186, 51.26104611508282], [10.30428781345908, 51.26102704898605], [10.309649761633548, 51.25988850694542], [10.313214021740583, 51.25763048896093], [10.314980603634956, 51.254253328832675], [10.314949507316662, 51.249757026560665], [10.313136987647892, 51.246389731091], [10.309543044628642, 51.24415144242367], [10.30416766841295, 51.24304182691642]]]}}, {"type": "Feature", "properties": {"band": "heavy", "dbz": 55.0, "source": "OPERA-ORD", "time": "20260803033500"}, "geometry": {"type": "Polygon", "coordinates": [[[6.540441762170756, 47.75763218036724], [6.533791474629015, 47.757414633861245], [6.528726677342043, 47.758376192784], [6.525247370309841, 47.76051685713551], [6.523353462806464, 47.763836928303775], [6.523044954831914, 47.76833640628881], [6.524476688275175, 47.771765573848356], [6.527648663136246, 47.77412443098242], [6.532560970216038, 47.77541267617213], [6.539213609514553, 47.7756303094175], [6.544279673198531, 47.77466849240089], [6.547759161267972, 47.77252722512228], [6.549651983411657, 47.76920680912079], [6.549958139629583, 47.76470724439639], [6.548525139789317, 47.76127833493071], [6.545352983890857, 47.758920080723726], [6.540441762170756, 47.75763218036724]]]}}, {"type": "Feature", "properties": {"band": "heavy", "dbz": 55.0, "source": "OPERA-ORD", "time": "20260803033500"}, "geometry": {"type": "Polygon", "coordinates": [[[17.88306729139267, 46.06222185985032], [17.880193028164232, 46.064708923366226], [17.87731850827839, 46.06719590456957], [17.874443731735138, 46.069682803460346], [17.869799179961046, 46.07117210773572], [17.863384852956116, 46.07166381739569], [17.858739725286355, 46.07315286286819], [17.85586379695176, 46.07563924415323], [17.8547572549206, 46.07912324357291], [17.855420099192877, 46.08360486112722], [17.856083084992594, 46.088086455759516], [17.85674621231976, 46.0925680274698], [17.858848029253885, 46.095806350364036], [17.862388535794974, 46.09780142444222], [17.86736754471057, 46.09855296720419], [17.87378505600068, 46.09806097864996], [17.878431782987963, 46.09657149957001], [17.881307725672418, 46.094084529964356], [17.882413071701873, 46.0906003522917], [17.881747821076324, 46.08611896655204], [17.882852715810735, 46.08263471835729], [17.885727755905105, 46.08014760770743], [17.88860253920649, 46.077660414755265], [17.891477065714895, 46.07517313950079], [17.892581457231458, 46.07168880962847], [17.89191571375618, 46.06720742513831], [17.889813237265628, 46.06396963169301], [17.8862740277598, 46.06197542929258], [17.88306729139267, 46.06222185985032]]]}}, {"type": "Feature", "properties": {"band": "extreme", "dbz": 60.0, "source": "OPERA-ORD", "time": "20260803033500"}, "geometry": {"type": "Polygon", "coordinates": [[[13.804959110364798, 55.183421053108106], [13.797120218781895, 55.18366463080357], [13.791347289990831, 55.18496810486598], [13.787640323991607, 55.18733147529534], [13.78599947260566, 55.19075511499382], [13.786424735832995, 55.19523902396143], [13.7868501120722, 55.199722928352486], [13.787275601323273, 55.20420682816699], [13.789555832183071, 55.20750899937097], [13.793690804651597, 55.20962944196445], [13.797612486635796, 55.20950782778989], [13.80132087813567, 55.2071441568473], [13.805028837020478, 55.20478037452135], [13.808736363290219, 55.20241648081204], [13.812443457088856, 55.200052475760714], [13.816150118416385, 55.19768835936736], [13.817789064624035, 55.19426440778037], [13.817360295711806, 55.18978062099977], [13.815079072480831, 55.18647886177219], [13.81094539493111, 55.18435913009764], [13.804959110364798, 55.183421053108106]]]}}, {"type": "Feature", "properties": {"kind": "peak", "cellId": "cell-28", "band": "core", "dbz": 59.5, "source": "OPERA-ORD", "time": "20260803033500"}, "geometry": {"type": "Point", "coordinates": [10.290093115030512, 51.25327797151023]}}, {"type": "Feature", "properties": {"kind": "peak", "cellId": "cell-23", "band": "core", "dbz": 58.0, "source": "OPERA-ORD", "time": "20260803033500"}, "geometry": {"type": "Point", "coordinates": [7.428166586208165, 53.60434515894324]}}, {"type": "Feature", "properties": {"kind": "peak", "cellId": "cell-14", "band": "core", "dbz": 56.5, "source": "OPERA-ORD", "time": "20260803033500"}, "geometry": {"type": "Point", "coordinates": [9.072588459122663, 54.00205064840981]}}, {"type": "Feature", "properties": {"kind": "peak", "cellId": "cell-44", "band": "core", "dbz": 55.0, "source": "OPERA-ORD", "time": "20260803033500"}, "geometry": {"type": "Point", "coordinates": [6.526896905860797, 47.75673594011265]}}, {"type": "Feature", "properties": {"kind": "peak", "cellId": "cell-31", "band": "core", "dbz": 53.5, "source": "OPERA-ORD", "time": "20260803033500"}, "geometry": {"type": "Point", "coordinates": [6.7956966350872055, 48.187105417277515]}}, {"type": "Feature", "properties": {"kind": "peak", "cellId": "cell-42", "band": "core", "dbz": 53.5, "source": "OPERA-ORD", "time": "20260803033500"}, "geometry": {"type": "Point", "coordinates": [6.526896905860797, 47.75673594011265]}}, {"type": "Feature", "properties": {"kind": "peak", "cellId": "cell-39", "band": "core", "dbz": 53.0, "source": "OPERA-ORD", "time": "20260803033500"}, "geometry": {"type": "Point", "coordinates": [6.352967669302532, 47.94161921011775]}}, {"type": "Feature", "properties": {"kind": "peak", "cellId": "cell-10", "band": "core", "dbz": 52.5, "source": "OPERA-ORD", "time": "20260803033500"}, "geometry": {"type": "Point", "coordinates": [13.863548338863938, 54.847919199434024]}}, {"type": "Feature", "properties": {"kind": "peak", "cellId": "cell-45", "band": "core", "dbz": 51.5, "source": "OPERA-ORD", "time": "20260803033500"}, "geometry": {"type": "Point", "coordinates": [6.526896905860797, 47.75673594011265]}}, {"type": "Feature", "properties": {"kind": "peak", "cellId": "cell-37", "band": "core", "dbz": 50.0, "source": "OPERA-ORD", "time": "20260803033500"}, "geometry": {"type": "Point", "coordinates": [6.352967669302532, 47.94161921011775]}}, {"type": "Feature", "properties": {"kind": "peak", "cellId": "cell-127", "band": "core", "dbz": 47.5, "source": "OPERA-ORD", "time": "20260803033500"}, "geometry": {"type": "Point", "coordinates": [7.6811545666565495, 45.647342897486446]}}, {"type": "Feature", "properties": {"kind": "peak", "cellId": "cell-41", "band": "core", "dbz": 44.0, "source": "OPERA-ORD", "time": "20260803033500"}, "geometry": {"type": "Point", "coordinates": [6.352967669302532, 47.94161921011775]}}]}