{"west": 11.4, "south": 47.8, "east": 19.6, "north": 51.4, "cols": 12, "rows": 8, "level": "850hPa", "source": "Open-Meteo", "hourIndex": 1, "validAt": "2026-07-19T01:07:54Z", "u": [7.972222222222221, 5.943539076762992, 4.917908770356079, 3.280916445703259, 5.336483785878362, 3.803237313933781, 10.035989584844918, 7.200253172068292, 3.5362703987864594, 3.9153382648303294, 2.503848334858085, 4.178413639823085, 6.206980804183215, 5.6900003507372015, 6.57932294454238, 6.959383927544925, 8.125691685205663, 8.34816275414635, 5.337145856993606, 0.6367673566501789, 1.7604765666516808, 4.932400026284687, 4.224600952609365, 3.2598313754069332, 7.465886560512527, 6.820590453496646, 7.46253412894104, 7.856322334622336, 5.702016175552617, 6.059080971212186, 1.530804400977851, 2.8961141491862046, 2.4143492770103365, 4.419070727637571, 4.8553759635272735, 2.548154439542308, 7.209462719537392, 6.095411916103909, 3.936480657277653, 2.4148145657226707, 3.5238473279471565, 5.069030141407448, 5.690875290162897, 5.700447439080544, 5.5620870643455795, 5.706643745660795, 3.8015799136981587, 1.8867739505569305, 2.0258926741514616, 0.23058389932085813, 0.23058389932085813, 0.508228577554523, 1.147152872702092, 2.794879569646286, 1.9119977629979967, 2.1636973253015763, 2.5240924259653514, 2.271968344482867, 1.6461472343252292, 1.5086051764914996, 6.855009673095046, 3.0327799077929285, 2.283863644106502, 4.809225703607877, 5.07174044781293, 3.299358033254648, 2.7782520817471834, 2.5243135461851725, 1.9119977629979965, 2.6666666666666665, 2.670171377606441, 3.8042260651806146, 3.2934642823651283, 2.2857794685389656, 2.4180262532855386, 1.2777777777777777, 1.3888888888888888, 2.1616512279848386, 2.7866140917359297, 3.295707786624114, 4.5582253537712525, 4.178483316995933, 5.426216930724586, 6.194934804647437, 4.302932727443329, 5.061311169856637, 6.481621123749461, 5.79029975051193, 4.192836427748286, 4.339064951468089, 6.328306164927266, 6.9757215838364734, 8.359837673390938, 8.10987574960184, 6.585953837384317, 6.8315110224497015], "v": [2.4407891066339606e-15, -0.10374486048829343, -1.04533377883373, 0.4028458851447924, -1.7339286906594253, -0.13281197356229607, -3.852455457611978, -1.5304610574084996, -2.0416666666666634, -3.2853588939534255, -4.709053828580943, -6.194752972702947, 2.507783028145414, 1.003300582075598, 0.22975501995813077, -0.9780776261915702, -1.5794744617280672, -2.7124825061800917, -2.4887519858063367, 0.8764350772395265, -0.24741884615122728, -0.34490700906817406, -4.530329873918751, -4.3259423460895, 1.8614545855863336, 1.5746573804070578, 1.18194929141508, 0.2743488213002152, -2.420362268141888, -1.287897418121115, -1.7609890205198009, -1.4125292507648044, 0.3823953589872318, -2.1553248050462965, -4.527711334859361, -3.261488952427822, 2.0672801686274926, 3.6624929771381654, 2.756353430242529, 0.6470476127563018, 1.2825755374712575, -1.7454070502842032, -0.5981350953649076, -0.49872452794493055, 0.486619563674426, -0.9038435757880038, -2.021335895328139, -1.6401475724762673, 1.265918242334879, 3.2975033883588636, 3.2975033883588636, 2.391027468460414, 1.6383040885779836, 0.24452027826426376, -0.1336999080095731, -0.11339457185971161, -0.3997769662139247, 0.7382072643401529, 0.2607241084003853, -0.6403649050240869, 2.3603691198143864, 0.3723785492935056, 1.0168416076895006, 1.022232479853982, -0.9858464761121493, 0.641330234460053, -0.3904578665824055, -0.13229366716966354, 0.13369990800957426, 8.164311994315688e-16, 0.7656593217138861, -1.2360679774997885, -1.264242488673698, 1.373434866426812, 1.6309793017896776, 3.912066163942934e-16, 2.4056261216234405, 1.5136044848152614, 2.024593646785186, 1.9027777777777766, 0.47908878997674503, 0.3655699209693449, -1.054749724442568, -1.3167740418458034, 0.15026172191354545, 1.1684957545084118, 1.981630443120774, 2.7000611166766895, 3.1595288715482535, 3.5137055166949245, 1.81461259246191, 1.2300079251407572, 0.14592150937839915, 0.14155840776907824, 0.5761962992761859, -1.0820050498616005]}