{"west": 7.0, "south": 46.5, "east": 22.5, "north": 52.5, "cols": 18, "rows": 12, "source": "formation-steer-fallback", "hourIndex": 13, "validAt": "2026-07-22T13:00:09Z", "level": "850hPa", "u": [7.325171477338211, 7.029614921189186, 7.491946812029399, 6.056070082083276, 8.78276160125389, 7.932105252760767, 6.479271101480662, 6.006013096353545, 5.451781150878123, 4.235150081736437, 3.4492915143735146, 5.0321120197933675, 4.328254030057594, 3.9390781645014896, 3.4739442456460745, 3.2833677275515964, 2.921221425783191, 3.6649532029007337, 6.5856481514289715, 7.021997157408183, 7.709104690638947, 8.117642665949024, 7.490764355036852, 7.417390397446092, 7.288248749921397, 6.654816187990357, 5.963233315104036, 4.758168460658129, 3.7737085081717763, 3.9934704273327903, 5.358350844169783, 4.157610513920028, 3.134728675081074, 2.188094319539933, 1.8406227634233887, 2.819759919720117, 7.147022771760527, 7.421351676380237, 7.643957327056083, 8.32009189619781, 8.33095674125853, 8.55276519056859, 7.540754625891445, 6.90977955423653, 6.469608630508839, 5.722357432681976, 4.75156277789327, 4.859969277872484, 4.269758471179388, 4.5286732392869835, 3.5470855182832026, 2.03565437326078, 1.5871953491709325, 1.6675232010551955, 7.856250501208012, 9.08553356744732, 9.284944001621009, 9.08553356744732, 8.922544620620835, 8.163706714275166, 8.292946642641413, 8.57451169550091, 7.32288229721987, 6.430551464984718, 5.0521157146851765, 5.2637420356987485, 3.638746815220589, 3.7196295919373448, 3.916273821027879, 2.041868069252386, 1.62819903390478, 0.8507340840705079, 7.813437146977995, 8.117171025994779, 8.549407637287596, 8.970142159755477, 9.311420835132802, 8.147884881189851, 8.31506116702179, 7.511858634859819, 6.793231600357934, 6.69935265162395, 5.1583705677344796, 4.579521673239282, 3.2073559282341146, 2.7816190095064024, 2.1721011451965637, 2.3527212543143614, 1.791036351355079, 1.2307460976527071, 7.664553089449136, 8.89112974375528, 9.41893793060361, 8.89578830566927, 8.923637330172001, 8.478626716863914, 8.568982664042185, 7.9751180408782885, 7.3638261212370475, 7.427063895801455, 6.375177329796729, 5.446999251831124, 4.233196612255871, 3.0521747822921195, 3.3252951317430606, 3.0085591449808633, 2.6069765724696627, 2.0418223629177, 7.606419728192509, 8.836144025726766, 8.520444271088644, 9.286050081244214, 8.8101581655146, 9.053483091664058, 9.523469816534643, 8.6229943033254, 7.217071319087564, 7.434047301279827, 6.337618611789509, 5.706693692215679, 4.116666361639733, 3.1676103192823164, 3.2484073843607773, 4.039460424917937, 4.0006745609924526, 4.271419895917133, 8.092204070970599, 8.329212407100995, 8.328948391271267, 8.384110888052756, 8.833459118601274, 8.817826701447935, 10.181052520476355, 9.717915990962315, 8.692239140721234, 8.022067528136606, 7.818021197425444, 6.4683467332824165, 5.877682239880114, 4.722659056126153, 3.968143200295315, 3.614303269272725, 3.9988962428487906, 4.647822684726561, 7.532100803734975, 9.131138139668574, 10.780266689832152, 9.553424310101619, 9.280048528038899, 9.630400569808602, 9.737363582764512, 10.084422367235653, 9.190135670662414, 7.6472549520341655, 6.8315906109358755, 7.1041456103398115, 6.087028043686399, 4.9970943164413475, 4.578702403229188, 4.969580111233801, 4.9565897669745835, 5.575176081767558, 8.004718979437445, 9.477388454413841, 9.310781264673102, 10.85789393047739, 9.624809553837965, 10.227541344770765, 10.586716105218832, 10.327050951435778, 11.100515905324343, 9.808166685857037, 10.155759181826202, 9.827218525582762, 7.918393658795292, 6.57466625003003, 6.029817671230147, 5.538772370195093, 5.7252804253726515, 5.877700929943799, 7.7628072898792935, 8.912573077389125, 8.963709452569269, 11.438111121774838, 12.219825491181778, 12.238313986870121, 10.253038179424294, 10.990477836713145, 9.135271431776806, 11.086868077085231, 9.70472938769694, 10.556322129194571, 8.753773162621686, 7.455259180653855, 6.433528176704117, 6.202416789971456, 6.14561327203153, 5.79359479849708, 9.09417887403936, 10.549503110762906, 11.535194206792898, 11.260694796780543, 10.863345669206748, 12.236182371648898, 12.203985061435072, 10.216790968610457, 9.977754150711789, 9.793352480832628, 9.24229315680183, 8.779822255414055, 8.680334184531176, 7.281748412431415, 6.467710306718446, 7.5333688183551475, 6.741076857900138, 5.72618221231436],