{"west": 11.4, "south": 47.8, "east": 19.6, "north": 51.4, "cols": 12, "rows": 8, "source": "formation-steer-fallback", "hourIndex": 21, "validAt": "2026-07-19T20:34:26Z", "level": "850hPa", "u": [13.010535508954165, 13.19437458760088, 12.47894119887172, 14.0766196142578, 14.069512369192987, 13.93451375571948, 16.123010698766777, 14.868205869019302, 15.518947036001501, 13.869871835844968, 14.60277354204828, 13.151636477132575, 11.97254086090288, 12.318702402569595, 12.382013241725492, 13.685062040886647, 14.064547519690793, 14.36789236855035, 12.274275212941834, 14.68577311685028, 15.03313775572636, 14.236845963862756, 13.508407277365098, 10.595154948430332, 12.032828668481637, 12.859573075209546, 12.671505534400085, 14.480558669735645, 14.354440075495233, 14.049914402591956, 14.120783543159211, 12.402033275554633, 14.577602601968673, 15.24692081848517, 11.411320047135082, 10.113723046543681, 11.06624566818705, 11.2127147672726, 11.066167889991375, 11.848596008523366, 12.988101678826062, 13.199579749715628, 13.87288677029493, 13.453989297352194, 12.85495323011698, 13.329776402789143, 12.887627355513507, 9.670705137005895, 9.270013656620382, 9.492837586116693, 9.699807062896333, 9.981106652610183, 11.318547247972578, 11.746077422337173, 12.963406735826505, 13.605062133194634, 12.535496931242731, 12.531235493474217, 12.447098819657246, 11.92719226266705, 8.971316141383909, 9.857848422879416, 9.184822191742365, 8.950016291776103, 9.983011682866335, 10.005970168841325, 10.79309604285641, 10.688985096760646, 11.59293359342151, 13.444423269857943, 11.278357574620296, 13.074420687382073, 9.924499853099853, 10.682477079005997, 9.312576158906358, 9.888342568930415, 8.868306646090582, 9.49691008280523, 10.06873545993232, 10.343027711830043, 10.018893040866436, 10.901426978327281, 9.59050406217854, 9.878303333366771, 11.254874051318293, 10.89729403436467, 10.341860892259167, 10.099796511060216, 9.991741240734102, 8.625731136415903, 10.61947735140567, 9.15, 9.23231909312102, 9.11151641714562, 8.486837142894203, 7.905447547050999], "v": [-1.5283866560012642, -0.8995022190479088, -1.3336140952697264, -0.8116527801298974, -0.39299706503423165, -0.6571349873995167, -0.25328049165310956, 1.3007994605087978, 0.433483441183405, 1.2378530838651962, 3.9401306932200546, 4.94337516008606, -1.364098725903276, -1.6217879383341411, -1.5203200589792132, -1.7773792327703681, -1.5527405019382903, -1.2823002322984183, 1.11704655093764, 1.6213244463701921, 2.976641432446072, 1.7985319016477659, 3.1683683227853505, 4.963133246121064, -2.4262438531537733, -2.2212339641167245, -2.417218958155847, -1.4198311914956228, -1.8643162604602228, -0.04904365238389265, -0.3451045164062254, 1.3472919624326347, 4.125045742664701, 2.4967790360469286, 3.100387037428225, 6.270773966410462, -1.5552594032287304, -2.0579182558563835, -2.7385996842408082, -2.453726273813802, -2.0571132152790352, -1.1548135914064717, -0.24215213931730825, 0.7521947797828841, 1.7609095523350995, 3.571702822414786, 4.79286565067496, 7.313896851411551, -2.397388538821276, -2.3316645478306266, -1.3977635503140136, -1.5451569464687838, -2.759164401664457, -2.1982186398220054, -0.9747234487422591, 0.7368238269175637, 1.2733093445051238, 3.90304522227094, 3.663380402536322, 8.28961457061637, -2.2534388590207084, -2.8080819915974327, -2.426734700390009, -2.8735358666531927, -2.824907563045958, -2.9259504404992125, -0.8304834794728122, -0.48538397298301306, 0.40483416174901254, 3.3271583883101035, 3.4696758377411863, 6.719339527762805, -2.1276284134737904, -2.623868033364388, -1.8777447336016984, -2.5021353359637866, -3.4754513708158274, -3.437833457151807, -2.6039520421661906, -1.087096017983597, 0.34986745444257333, 2.7787388931308588, 3.246206529679974, 4.839330868415067, -1.964289970692255, -2.4758044608975474, -2.085284940999781, -2.4807479588172394, -3.227244486897975, -3.6082214957323786, -4.076435426077791, 5.602759106099141e-16, 1.4787779288294207, 2.9429396154331537, 4.324259510019184, 4.656664480164461]}