{"west": 11.4, "south": 47.8, "east": 19.6, "north": 51.4, "cols": 12, "rows": 8, "level": "850hPa", "source": "Open-Meteo", "hourIndex": 12, "validAt": "2026-07-19T11:59:00Z", "u": [8.238693661725234, 8.876706975596214, 10.252741627670416, 9.993908270190957, 16.045101225579526, 11.690809573464923, 10.809531764629913, -1.136272928284429, 4.185432950301884, 3.6742058912216766, 3.680607966083865, 2.786487396643335, 8.362263691595484, 10.137344687002301, 9.116450707542505, 10.227831705027116, 12.159255062065665, 16.194444444444443, 9.622183525633927, 14.056305086859513, 6.451549985668593, 3.9044402713423207, 2.87937018279167, 2.777450895752013, 6.067227129884242, 8.069651542509641, 10.110972602910778, 10.391292190206501, 7.707544689104117, 15.949240045298446, 10.40372639840374, 7.5970422562854205, 5.037066508979184, 5.057513395610044, 3.7908780213612125, 3.535533905932737, 7.995580979778063, 9.214208198261826, 10.118184603917884, 11.746157759823857, 12.108753123752667, 11.132103378740483, 6.976130967643272, 4.520797688320814, 6.163461571819304, 3.5563166934595665, 3.298519006868938, 3.006676328878813, 7.958328085031589, 13.314791228132151, 11.768509095191234, 10.355679601339956, 9.380318685205314, 9.465345991685835, 6.315686077854244, 5.178435679827507, 6.976130967643272, 6.707299112640212, 2.8040961856214053, 1.4001198770865633, 9.516098517110423, 10.136399522151718, 9.620816778533353, 9.095801530888727, 9.094120604662196, 9.000256657372178, 7.222222222222222, 6.336905162861381, 5.8191236265156405, 4.689996543138839, 3.665820144974896, 1.8790162350331234, 9.26233588998748, 9.627606223876377, 11.266211488426846, 10.861921602478514, 7.61287881368834, 5.0663407211696985, 7.9620871546310505, 3.9098990114356322, 5.698891148348938, 0.8605233869957264, -1.6171927262472725, -3.7419763307280233e-16, 7.3755540057814875, 8.857669939978353, 11.386710017440722, 9.5, 10.008064811272847, 6.08240681220138, 4.449068351516623, 7.449942710978703, 5.322942713932065, 0.2253353671571195, -1.8900427816736827, -0.11904630538816083], "v": [-0.4317716390042865, 0.465208499937276, -0.7169415357035078, 0.34899496702500876, -4.299271915869641, -7.02454707724546, -7.019792006860341, -1.4031802081861973, 0.7380047550844544, 0.38617460040549756, 2.1249999999999987, 1.8795094811100095, -1.1752395192183294, -0.17694800971134161, -0.9581775799534926, -4.341456983214148, 0.4246105432137607, 4.958118638214631e-15, -1.181455579122125, -1.975484849738705, 0.7921507321334573, 2.942206779854459, 3.312336490977723, 2.682153152605574, -2.8291944744307886, -3.5928403471695707, -1.0627060432211464, 0.7266299348346427, -0.8100955903243164, -3.3901156252784506, -2.5939403250408866, -0.7984813166279106, 5.594229102899272, 4.5538055154977854, 3.7908780213612143, 3.5355339059327386, -4.251325818561118, -3.3536975164989116, -3.2875974679334647, -4.275251791570851, -5.905833505352846, 0.38874161604730145, -1.869248659073757, -4.070544522016389, 5.357815403422476, 1.8909271278876159, 3.794512056120049, 2.8037710358124937, -3.2153732601532496, -4.32623792124926, -1.236920148667236, -4.395725195504325, -4.779511094480234, -4.21424355186871, -2.6808496871347365, -1.387557658466289, 1.869248659073761, 3.41753959526159, 4.6667997482670565, 3.298475724871245, -4.236840032039588, -4.943852377676817, -5.332905822709709, -2.4372126747153984, -2.0995431738760715, -5.407899786555567, 2.2111678317938322e-15, 0.5544073635892713, 0.4069127635073999, 0.9116429779101581, 5.434801864527495, 3.687777002890746, -4.123857631185199, -1.353071814889524, -2.808982010018369, -2.708181220185174, -3.3894720256316706, -3.417289965654564, -1.5476729624986427, -1.270403199097005, 1.1077522231582735, 4.048444236370473, 3.8098673101226, 1.5277777777777777, -3.758032470066253, -1.8827558668497015, -1.398112189620165, 2.908536147974964e-15, -2.68165288397889, -0.10616880582680496, -4.1488233570468624, 2.420633122603757, 5.3229427139320675, 4.299654941304415, 4.053209825358351, 1.1326499363916445]}