{"west": 7.0, "south": 46.5, "east": 22.5, "north": 52.5, "cols": 18, "rows": 12, "source": "formation-steer-fallback", "hourIndex": 18, "validAt": "2026-07-21T17:52:01Z", "level": "850hPa", "u": [3.7159400132430553, 6.0852120498024265, 7.182489212265452, 5.799106305773686, 6.881841967393067, 7.84294478639258, 9.42216677338296, 7.663251124461242, 6.091227588031753, 8.329359989277052, 7.062159996265659, 8.997066223949455, 8.67907637266276, 8.984928298149251, 9.306433265965365, 10.213956664810455, 10.498064977277267, 11.84126555946586, 3.853122558151054, 4.153325814473239, 4.272183809505643, 5.770141560091689, 6.241721853112286, 6.477572380908139, 8.492440304218244, 9.584855355019682, 7.789492088904315, 8.635375443131759, 7.5977563454387695, 7.195087726264591, 7.213838555411817, 9.53119248674308, 10.101305954132108, 10.292408039029398, 9.916711623830905, 9.824625894105482, 2.3982930971855825, 3.5174299349403237, 3.791957471979179, 4.3526442174123545, 4.341841985319401, 6.5003398348417, 7.433804801922601, 8.425633788923674, 8.997556844025073, 7.414094879800492, 6.467245727494052, 5.141498720807549, 8.641641303737082, 9.449500122500039, 9.102962741864049, 9.220437210776437, 9.745708636163995, 10.699739248547724, 1.8895424473289844, 2.006751276922069, 2.9425283745267103, 3.649081534600683, 4.111287552109441, 4.358968182729205, 5.348438676247012, 5.800946892822433, 5.964593913198004, 6.212459754234846, 7.362428136703397, 7.105191283074291, 7.592251308343617, 5.978227416984477, 6.704948439880833, 6.760792353555305, 6.279897120788166, 5.1494979986479175, 0.9985669993884686, 1.6743786027452883, 1.8455956010860866, 3.908154573719886, 3.959239217354612, 3.8907098032632974, 5.5674788067785235, 5.175515331060772, 4.497912948722006, 5.546027503486335, 7.16421527346159, 6.195746663443901, 6.546987542377862, 5.164030212224382, 5.464101964837063, 5.209557350492638, 4.514851198486738, 5.714923014863556, 0.8809591691252686, 0.7158720527108533, 0.49918463025803944, 2.0352948466282954, 2.7414602019321976, 3.5701255144899915, 5.101605243727905, 5.082731528292824, 3.680397276036343, 4.023675139017387, 4.135671599736984, 3.606283442165323, 3.936385339707124, 3.9957049664156794, 4.541350031734388, 7.216635803409099, 7.2779804537339965, 7.207614273710995, 0.17120428254644077, 1.3634762953651984, 1.1945475632830571, 1.8072707763831577, 2.164630846233882, 3.0314578562459364, 5.479229268179358, 4.28970380360092, 3.8435233918186973, 3.362700015111833, 3.326946576566262, 3.5215342232769844, 3.9467090073008158, 5.1154349810752215, 6.534053029994009, 6.744320587332393, 7.6226648690556145, 8.419408437310617, 0.04267310522607154, 1.1028231578973586, 1.1609267953974074, 1.5384416884560426, 1.9970385426536876, 2.564692639658678, 3.2053941139938726, 4.4613160323876, 3.7785470878061314, 3.194734949304191, 4.1057945968750715, 4.29270113881376, 5.597566125692134, 6.483632465229857, 7.034281355921261, 8.283824851954922, 8.83720984997663, 9.299269611098758, 0.740991808216664, 1.274574424207044, 1.416994080557222, 1.917150486016786, 2.1933301264327305, 2.158727791086159, 2.29758648456517, 3.5908025837582924, 5.0206873645004615, 4.199466232910016, 5.594974668235405, 5.466922356224249, 6.883904751922665, 7.143998119463226, 7.157759345155871, 8.57710945399414, 9.021698202841181, 9.260288542996486, 0.8506310536169872, 1.1211979593273573, 1.7491328476564973, 1.4304175692557588, 1.050706028696762, 1.0196934840258391, 0.8210719281819633, 2.363075068186152, 2.72898552375359, 3.3938794410606814, 4.347107486014958, 5.323676659000047, 4.818012176114839, 7.026923463438709, 7.807565723694611, 8.310436645329876, 9.056532288306451, 8.830102487738767, 1.4658576022155207, 1.4272033136125952, 1.4827150586233409, 1.466916073785335, 0.7292527268073634, 0.5866318819877682, 0.9305481852728917, 1.0695759356095673, 2.2777245361675775, 2.7144873595704375, 5.089814504486286, 5.231040244813961, 4.176760509496151, 7.052248502977191, 7.181514269578701, 8.642195333942462, 9.183064913871048, 10.101792079545898, 1.6851368404856544, 1.9200881177148228, 1.5642412346234884, 1.6534620191863865, 1.3439870005045895, 0.23733392915033685, 0.05619914539859156, -0.08704613095113295, 2.4127647184212653, 2.501531125902538, 3.8873906523562423, 4.3738895818524215, 5.853447504569662, 7.123835911396262, 8.043072466299911, 8.97575994636572, 10.138297737366582, 11.856033041821002],