{"west": 11.4, "south": 47.8, "east": 19.6, "north": 51.4, "cols": 12, "rows": 8, "level": "850hPa", "source": "Open-Meteo", "hourIndex": 23, "validAt": "2026-07-17T23:42:12Z", "u": [7.35823381671558, 8.728685439773463, 8.21607647747539, 6.837540155751331, 7.334822956690009, 7.843223787397638, 9.14244211956532, 7.24532109566181, 7.3591161865653945, 7.830771839882573, 6.19350100055209, 5.438259405140804, 7.576482260294685, 11.37493006860344, 12.024932997233883, 12.020450780535235, 11.89899222720696, 6.959383927544925, 6.238273132887596, 7.573555455601125, 5.830697882862452, 6.544867092455833, 7.210283741419981, 4.58454453153124, 7.850303850162937, 9.370823635059477, 11.38625995897809, 10.637268534580494, 7.088549333627419, 4.806855827613321, 7.065519863962896, 9.881234160871573, 7.471273562907219, 5.700447439080544, 7.46448990071147, 3.5661488826157455, 8.217060167514946, 7.836221778024456, 8.225006109478635, 8.361252418859669, 9.48432989346152, 5.444522000942718, 7.720508910211027, 10.382366969555427, 9.126364359284853, 8.099995115231543, 6.724709618758034, 4.750462694297738, 8.313404547010279, 6.177889189660612, 8.82924161766392, 9.744484881521075, 8.742264747934193, 6.96266703398328, 7.221122242796159, 7.97770872992115, 9.503209222407945, 11.278496905344976, 8.075462383687855, 6.592650813937486, 6.33351394407672, 7.211960113189047, 7.093489697783921, 4.592413202933552, 4.937668255175393, 4.570689631084538, 6.451549985668592, 6.826953396736116, 4.935160031772128, 4.292106354175338, 4.536677827592868, 5.067598598503589, 6.2895404316874854, 6.435995586899751, 6.831699063610669, 6.8665986429799934, 7.103302012279485, 8.876527485421434, 8.105793571737463, 6.724314212119283, 5.812012044025938, 4.828975967927584, 4.552951020838838, 4.928167792410526, 6.3112962130009365, 7.706697451114962, 8.361252418859669, 7.404979347425786, 8.619293412615686, 5.706339097770921, 12.017702253406858, 9.864673217139297, 5.29237746757157, 4.968845585242386, 4.444562541753419, 5.348501240589928], "v": [-2.2496378391166054, -0.6103691452610945, 1.0088073426314972, 0.8395443656799036, -2.6696572298475756, -1.9555353227639845, -6.166655074385737, -5.6606652314664645, -3.2764896247772812, -2.850167861047234, 0.10810796209761797, 3.807910230219447, -5.1104018122743256, -3.2617087105011584, -2.3374101933626763, -0.4197633908939722, -1.04102692726369, -0.9780776261915702, -3.7483326562898376, -3.8589192477861523, -2.0076702858191346, -5.113410586732546, 0.7578313586904877, 4.916322105328867, -2.2510384058388273, -3.410700873719856, -3.6996201271000615, -0.1856742129299831, 1.7673738484086852, -0.5052209057936597, -3.446084292814135, -5.937244474657567, -1.45226846481037, -0.49872452794493055, 2.28212358408581, 4.4038271149228345, -4.186801275375825, -6.345647276419193, -5.975816731640141, -3.5491410837775668, -1.1645292814269654, -5.077098902687485, -0.6754570062943476, -3.3734355219265058, -0.4782924889980143, 0.4245027561927643, 2.994033622641307, 7.315071064857307, -5.6074621709149906, -7.106848547097767, -7.1497788872050965, -4.338524192808538, -2.018310848696342, 0.36489791713830083, 0.12604515760260393, -3.386336446907036, -0.9988275378909136, 5.259249479439813, 2.4689166176586697, 7.069752448985313, -3.8055591090576217, -6.725261606171855, -6.850103375359555, -5.282967061559402, 0.25877222809010975, 2.6388888888888875, -0.792150732133459, -2.0872091142706415, -0.6059614574867058, 2.2821534302091915, 3.060027832881586, 5.067598598503592, -6.744706359376796, -5.594725608335711, -4.963519908247549, -6.40320682503123, -3.6193131507013905, 2.884158614166179, 0.9952663044753695, -0.5883012635466899, 1.8884371878469026, 1.7576035143124638, 3.5571551907704695, 3.324091148409438, -3.2157660398217933, -6.2407605445775545, -3.5491410837775668, -7.404979347425794, -5.178993975484432, 1.8541019662496865, 5.101211955276632, 2.459539271929957, 3.0555555555555536, 3.8820876360812333, 2.9978952880515033, 3.885913612378018]}