{"west": 7.0, "south": 46.5, "east": 22.5, "north": 52.5, "cols": 18, "rows": 12, "source": "formation-steer-fallback", "hourIndex": 17, "validAt": "2026-07-21T17:17:18Z", "level": "850hPa", "u": [5.127800291511651, 6.0961658377538415, 6.725182263609195, 5.727532976851339, 7.803159364741628, 7.8155075710490065, 10.543234747041645, 6.67099991118721, 8.103187041556353, 9.160585973456238, 6.811814583558326, 8.977813377628678, 8.256807150116714, 10.405248144545238, 10.511442874814064, 11.41804019869317, 11.287455587070264, 10.043877811541915, 3.6979803920119667, 6.452222891722675, 6.619347973635556, 7.287248001783502, 7.560795882874388, 7.6491276014736505, 9.56148242503489, 9.824244228544464, 8.082768446528599, 8.34843909213735, 7.32494004729244, 7.144339155021683, 9.370925305354161, 9.239055820809732, 9.101489458528075, 9.047298482519707, 9.861466655701419, 11.747834617429321, 3.4601661209862544, 3.310471401755286, 4.387979765675588, 5.502114271952922, 5.917276792537674, 6.65302651975421, 8.94978939698692, 10.11807303037799, 8.258784646188007, 8.263394969429203, 6.783075022996312, 6.079849238808729, 8.58979024527696, 9.225775659141544, 9.511962187902148, 10.561260139623608, 11.54787147500499, 11.868471314308366, 2.532842625626841, 2.685178793859523, 3.289530957485844, 4.243138543526198, 4.255661458577333, 5.067520718502082, 6.249987091298865, 6.879350642402878, 7.178663660388111, 7.281557346732765, 6.746825000515209, 6.8377069815133025, 6.855024056028802, 7.175497032277459, 7.81360789597635, 8.73888559785514, 8.090972336724981, 5.725417014561347, 1.9827997711120011, 2.166235559094118, 3.1567015692633267, 3.9707246759301364, 3.9318016994875156, 4.744738220243904, 4.747826211922288, 5.591772433441429, 5.659062533674289, 6.9452659722170695, 7.27320540854555, 7.834343758200139, 7.177959438053428, 6.161630814881531, 6.280523065604291, 4.913063982718076, 4.382055924917171, 5.170557309492664, 0.44581268865812324, 0.7873436820782523, 0.93698796510177, 2.9890931329429447, 2.8079727818147737, 3.294780650428038, 4.004809275585148, 3.87751329351482, 4.434985053245836, 4.339191431592897, 4.1463798670315954, 4.065321898407989, 4.730704837796265, 4.465301594091119, 5.00462556493979, 7.668868501334628, 7.960527225624618, 7.634334801131698, 0.21639270010766007, 0.5169364231200044, 0.1361287702108108, 1.7868455586158813, 2.879692828547302, 3.0130453861638085, 4.495791920007031, 4.28818266397362, 3.3227543660386085, 3.452115143321793, 3.8635288648276394, 3.5500996995317964, 3.9460647642438826, 5.47806637859739, 6.732666360044592, 7.403024931916068, 8.276467171325745, 9.04354087179047, -0.15837889979743985, 1.0335374270790645, 1.4578144536058084, 1.5744378672858028, 1.407469693813153, 2.7209063128644555, 3.984093674480766, 4.728146120974508, 2.9396141879098554, 2.9228426131931964, 3.705137144366805, 4.3323642082728036, 5.814452336171019, 6.6167115819380795, 7.344107118757183, 9.056566551674274, 9.667420787443792, 9.977898951121897, 0.2352398062460692, 1.1168641352045243, 0.8747947812187854, 1.6942078653933923, 1.7888343316551092, 1.9669252529582957, 2.809307460042655, 4.23168846380544, 3.9400016346071505, 4.069072485989386, 4.928346522491813, 5.015985857340711, 6.914115931495346, 7.625418069907502, 7.6311294709691255, 8.543370278125835, 9.145384036916901, 9.318163667954527, 0.9665942335689048, 1.6291852858863032, 1.3136414291088603, 1.2681110874382417, 1.87505161468612, 1.4356079873330698, 1.9597506781138518, 2.5841281529136824, 3.7634374434590474, 4.12508071144906, 4.417448354768553, 6.225921877932813, 6.150097589412535, 7.248227657865567, 8.148459890643082, 8.435920395862912, 8.457413357352525, 9.108727521056467, 0.7909383654349982, 0.9303033230821183, 1.4785902624029224, 0.8305058650358891, 1.0511230868693975, 1.485332923084618, 1.218677697809272, 1.2551915219437035, 2.6872557876706598, 3.57463724792924, 5.153172319445948, 5.865297890919924, 5.51646683149476, 7.676110154001231, 7.7240247710917895, 9.020701321624024, 8.937136270581549, 9.779120315395941, 1.2563140456367425, 1.7838574969216152, 1.8559696895192308, 1.7293531439565288, 1.0246306089274049, 0.08351247832705952, 0.37185810956384346, 0.44295360827519703, 1.5135267502628178, 2.940023668033025, 3.894077296437635, 4.639617736660461, 6.101936088827155, 7.42054511668777, 7.841515365722341, 9.638012008092776, 10.331242307884656, 11.57433665706729],