{"west": 7.0, "south": 46.5, "east": 22.5, "north": 52.5, "cols": 18, "rows": 12, "source": "formation-steer-fallback", "hourIndex": 1, "validAt": "2026-07-22T01:16:51Z", "level": "850hPa", "u": [4.408226104692184, 4.5065866437360995, 5.177928564601691, 4.66572729174617, 5.239092255489896, 5.361088625027964, 6.319560866583243, 6.051098077450596, 6.72524538216493, 7.062943071798147, 6.769545329020512, 7.3174007053238235, 9.446070301550261, 7.942978734227565, 8.759219788234667, 8.474948367399774, 8.767838606479977, 7.7754992864207235, 1.4967974463055964, 2.529305675911341, 2.7787071555048297, 4.44801724411303, 4.524771191709651, 4.391219578694336, 5.0921013629921195, 5.976034326426193, 6.782060709051406, 7.057969895593365, 7.033593247994201, 5.524186716506239, 8.66931761225738, 9.106654414763542, 9.260239693116613, 8.168552593478974, 8.014810174503674, 8.768118388172276, 1.5504674742607771, 1.9881275921146089, 2.5976554093769613, 4.240717636146837, 3.980925002954207, 4.842031455826261, 5.86914280474741, 6.681784901902643, 7.494614338590942, 6.587870565675135, 5.57814677408999, 5.376406914236845, 7.273270128183323, 7.744795882279347, 8.72760685064576, 7.724423480626991, 6.962722799768262, 7.759826845647683, 1.2069149520353601, 2.0769336460138312, 2.8989808523918374, 3.4967991419990097, 3.132066990635219, 3.52757430722136, 4.14557622152142, 5.060728973427107, 6.999030818403652, 6.611124374830896, 3.8293532709318447, 4.655898402121993, 3.856733007845296, 3.344240736019553, 3.54198613656075, 4.611270905081371, 4.561441472373741, 6.296536360433071, 1.5816794413476254, 1.7713829763484064, 2.249844650848628, 2.7520789586630636, 3.4192732660339855, 2.8668931710149614, 3.9592905242652012, 4.351747272623333, 4.226106132259809, 4.1100678405099895, 2.9761815429266316, 2.7519145993576064, 2.8265475925065187, 1.8144496475845173, 3.1190915382611566, 3.6343196216211036, 4.047792517937797, 5.2221897898651655, 2.549453219078749, 2.2820122197462815, 1.998343813605342, 2.6952456838168346, 2.363857048695687, 2.1986254813688526, 2.1782505469836524, 2.931606255794014, 2.2254795836208148, 2.349400836152155, 2.711198275088519, 2.941368921839532, 2.482505135664268, 2.6712335962703233, 2.8799758284409465, 4.98794496147144, 5.4250802260086575, 6.310719794736854, 2.3048654783152185, 2.182997783469435, 2.084403970194875, 2.3666480646713888, 2.081028938000196, 1.9956814701068086, 1.7195484343483263, 2.051612963480777, 1.9112621140099741, 2.181872917291781, 3.2347442546784992, 2.3756715172219405, 1.8558724745110817, 3.4141226558483013, 4.100532571319786, 5.378563552333235, 6.103730772812759, 7.858314364295758, 3.861632676127821, 3.62952028993665, 2.817635197880227, 2.7581384300073863, 1.9442718364061986, 1.3978678302187888, 2.1320238769857167, 1.2110999967656482, 1.3586748788886327, 1.952721148646095, 4.330174769672238, 5.143784397811748, 5.276935585977422, 5.314339212447969, 5.339274869896417, 5.3950798531198885, 6.544097339325133, 8.117424713864335, 4.41828286534263, 4.843247046113311, 3.949207828010007, 3.024630535747552, 2.6844534448801802, 1.8576226935104614, 2.044670456309916, 1.90654707582823, 2.041850307398733, 2.148749819417233, 4.073990418917365, 5.830131507220915, 4.155791919076607, 4.499996901901381, 5.094195546741204, 6.626897407819286, 7.6368933243012656, 8.886718292883739, 6.254273911416727, 5.9495422938476965, 5.995619884549252, 4.532478086641184, 4.049363876548604, 2.642975448554044, 2.601158499639605, 2.250110849974073, 2.594537982798801, 2.332518179597478, 3.5677582747613554, 4.476336106389844, 4.918546781607754, 4.247086198189354, 4.8039173910174355, 7.14001314205802, 8.313404144640597, 9.949394094653533, 5.932435278307746, 6.4604298234843505, 6.116992578122718, 5.3960855134469226, 5.521411943631194, 4.071539295551739, 2.877661749761288, 3.1771870254179913, 2.685062432859534, 3.08074891229422, 3.332289551264372, 3.0747881194868376, 4.740899728085618, 5.276352493014776, 5.354361513888993, 6.1385132361508905, 6.71151996243991, 10.134174749069292, 5.171055270816935, 6.6801961274246064, 7.121845562587728, 7.173206757993184, 6.546438905424383, 6.1051122546543235, 3.6366337831565674, 3.8512964088800814, 2.66749263445192, 3.6120911442246086, 2.3122563632789173, 3.1367168095878095, 3.5093147180418485, 5.548539313073218, 6.946583704589972, 7.194729466862258, 7.48383180892632, 6.644476717248848],