{"west": 11.4, "south": 47.8, "east": 19.6, "north": 51.4, "cols": 12, "rows": 8, "level": "850hPa", "source": "Open-Meteo", "hourIndex": 17, "validAt": "2026-07-19T16:35:13Z", "u": [5.846409305185019, 6.360796575455846, 6.583942795410451, 7.332216431146869, 8.713308948844702, 9.344528691090314, 11.48449031930857, 7.586806936545268, 6.329591211674387, 9.902393227740776, 10.024095377655259, 8.851104443804717, 6.310001232468413, 6.571615972049529, 7.4317471073845285, 7.941986461025853, 11.089936420684069, 10.460085694652653, 7.459090985283498, 8.171011693711211, 7.94061488881176, 10.674291713987213, 10.398256518212815, 9.265231440284106, 4.3965930858052475, 6.721848876231379, 8.141645338537678, 9.744484881521075, 6.174333286240088, 7.272906254990644, 8.187098382014607, 8.393788643046221, 8.426355809139686, 11.953135997571742, 8.719226528535618, 8.478682252981823, 5.653747292902398, 6.788401835401987, 6.713714094571703, 8.613849023870829, 10.214577000033506, 6.480606411569876, 7.209903910149168, 9.740688482083097, 7.9657461049339515, 10.146651022995048, 7.849092188547728, 8.728685439773463, 6.829426531258261, 7.121804577491693, 7.595454692332607, 7.836221778024456, 7.113985970060688, 10.523240416147772, 8.962465168308505, 9.68573123821118, 7.589816390970744, 6.152405528201019, 7.325355192747271, 8.232431244992929, 6.597580624418094, 6.724799346055329, 9.881234160871573, 8.876527485421434, 7.45744097703267, 8.96297396170558, 8.138822274769376, 9.49140100272155, 8.341102593677588, 7.460621237414572, 6.851150834759216, 6.959383927544924, 9.891625876202518, 8.48861043726991, 8.88531506065622, 9.97213591240144, 9.997285382250082, 9.490068992106716, 9.99824750864402, 9.890159074086258, 8.112858727459388, 6.976130967643272, 4.163179691606656, 5.061311169856637, 9.352572694938077, 11.253321689038408, 10.774992579213508, 10.399160538116252, 9.364778955991428, 8.971775828757643, 7.668173303483068, 7.870176446460859, 7.5958486846860955, 4.569011611823391, 7.225866767045304, 1.7633557568774187], "v": [-2.362102686261449, -3.240987734251768, -3.6495390857432604, 0.1279843138734132, -4.24976472859411, -4.968574039484006, -9.29995688995871, -9.368926313120143, -10.129463370757314, -6.679248569233922, -6.0230841538092434, -3.0476796681128318, -2.549405982969405, -3.9486252409770812, -5.600223132109341, -5.984716063567594, -6.402777777777768, -6.79285907560408, -2.5683709962731274, -8.17101169371122, -10.53755186867955, -4.977503971612673, -5.763847707373119, -1.9693857380237678, -5.834476087289941, -5.065276444863075, -6.135169819355607, -4.338524192808538, -5.962484346439725, -6.782094802843728, -7.634592752921851, -8.692022587425363, -8.426355809139695, -6.625731476699942, -3.701092078190062, -2.2718560625665662, -5.854626708311796, -5.1154276967924135, -4.195194175179542, -3.135184647151957, -6.13753705934481, -6.0432632461093565, -5.4330522923448825, -7.6102599033310465, -6.450534008260833, -8.820349167539037, -1.8121057155477995, -0.6103691452610945, -5.3357327861557, -6.412501644272394, -4.563809608230756, -6.345647276419193, -5.558054985578854, -4.90706759465589, -6.7537019264841005, -7.03709565939044, -3.701800795107764, -4.982119762477879, -1.1602222823817163, -0.865263390382245, -3.507995844150124, -2.8545079664633026, -5.937244474657567, -2.8841586141661733, -4.305555555555548, -4.371534491591076, -4.511422855070082, -3.643407487043886, -2.5501309800816396, -3.321682585119037, -0.7200849691771704, 0.9780776261915745, -2.466259324585506, -4.140171941896841, -4.527294150180485, -4.232920558633795, -3.6387143026036344, -1.3337422175339595, -4.451506593662927, -2.1022182071573354, -3.2778076923892354, -1.869248659073757, -0.5111741903938134, 1.1684957545084118, -2.3318582714745792, -5.247510083280343, -5.024461556250529, -5.5293317394782635, -2.162029577860478, -2.57261532095866, -5.369312751397286, -1.9622553754195307, -2.764662825215817, 1.3968870336753, 1.404566215966232, 2.427050983124843]}