{"west": 7.0, "south": 46.5, "east": 22.5, "north": 52.5, "cols": 18, "rows": 12, "source": "formation-steer-fallback", "hourIndex": 2, "validAt": "2026-07-21T01:36:52Z", "level": "850hPa", "u": [11.117138187330161, 10.998324646720304, 11.55931716729425, 12.17602170432595, 12.1832803240058, 12.630275666902058, 11.02864759801012, 7.022902965712812, 8.824946235079999, 4.603555555217876, 8.92963837173954, 9.152775066749376, 10.465447990267108, 10.626309283193349, 10.124690424355478, 10.862016743588097, 10.72381354029311, 9.06337816644649, 6.714244015540926, 9.368391436089544, 10.718317086439393, 10.084251718238008, 10.724852984353651, 11.011246094707024, 10.838830682229254, 11.839605536671472, 11.202522672753524, 11.481178172979595, 12.469326788741173, 12.17122247627185, 12.17942064861937, 13.273209385671558, 13.75821280356549, 12.83407919227699, 12.12409510713298, 10.960944945096443, 5.749781057618985, 7.971064818916709, 8.823911281650654, 11.099577346012302, 11.122136528715021, 11.715554282716878, 11.313341702879844, 11.640590882249295, 12.107388239881478, 12.40414922356861, 13.616095969430882, 13.275248674589346, 12.311265248098168, 13.139866214732876, 13.588953863483406, 12.224087644099026, 12.825, 11.819673277731686, 5.8156332604268295, 7.026682345484789, 7.404099616423984, 7.915538638430865, 8.361112714142488, 9.849939990429235, 10.874983436432004, 11.347510757439496, 12.318027954793838, 12.467337384548916, 12.194771794897868, 12.4269718966904, 13.327641826989204, 13.847120831138998, 14.01190084551309, 14.550130366621028, 14.566190470999837, 13.079574010783949, 5.486396738812887, 6.969648482545026, 7.218112856391565, 9.196562403688105, 9.27329072992825, 10.413426946478538, 11.78964939516653, 12.600087446406928, 10.539440365600736, 10.320041727590683, 9.482727712844337, 10.049529785368387, 10.928811799898925, 11.70728630704975, 12.313726843568704, 12.846908742146018, 13.074920342625608, 13.327767315402808, 4.970726208643177, 4.402720770884607, 4.728637658290616, 4.414367084248592, 4.793320946425748, 5.778254070066049, 5.495933446497382, 5.008415427837922, 7.204253110935788, 7.847317584296648, 9.498137906799784, 9.204433276144217, 8.38522104826994, 11.060707844523572, 12.239071309103721, 12.199925673425042, 12.199981418342109, 11.15906731733815, 4.002562838071587, 4.849390493792893, 5.134692246935866, 4.796725150843061, 4.789604537869206, 4.011340785231625, 4.09988919160788, 4.974304199502145, 6.300777256653903, 6.988170516197344, 8.355052464872479, 8.904178900172969, 9.173983481192083, 10.6940363673138, 11.25826869160728, 12.324924911882265, 12.434816508741681, 11.647295676664648, 0.48955761825118765, 1.5756312658005958, 2.3137754815367066, 1.7788963235884472, 2.0271411603265133, 2.0973605441858214, 3.4234771177916037, 3.702951585864593, 5.755505038294135, 6.895225447542668, 7.567159489079446, 8.587266282172259, 10.660589091625948, 11.943215828290962, 12.706406625719247, 13.302904706381927, 13.772391701118382, 13.87036486381771, 1.421354559826667, 2.5079931106365545, 2.1899864715760877, 0.9301502539053463, 0.7396898904695681, 1.7538813148949606, 3.9035654333750758, 4.636348161090898, 7.055104423310624, 6.671837324211346, 8.495972756076188, 10.354566466893727, 10.376455715576181, 11.497079796628164, 12.26460849522593, 13.60597959969833, 13.527390564312022, 13.148516412321166, 1.2369536349289556, 1.655717224778623, 2.0040667930903564, 1.264047898248257, 0.5582674780865717, 2.000980038421047, 4.251537005992681, 5.364489867725562, 6.185499566257358, 7.542893516600738, 8.57752996141126, 9.271264638315087, 11.063282739746736, 12.457389819777916, 13.544553595460213, 13.394092166257662, 13.322970537958913, 11.254414314432452, 0.6781086990805842, 2.457238256458915, 2.125056464645763, 1.2713896435768979, 0.591405424255802, 2.175215212934407, 4.552339053417178, 5.694821828667672, 4.873312689083698, 6.238801595381369, 8.150999186433998, 8.368588369978216, 9.57380474890663, 11.774994707211707, 13.86046615659215, 14.36492232374147, 13.285235336994202, 11.27842137141959, -1.3452034174046403, -0.09947871669251673, 1.7075527178805243, 2.981193202834924, 3.038106491624877, 4.432990267127437, 3.276782555381066, 3.046617695606293, 3.712285730491439, 4.2649053116642826, 3.401013605539263, 4.07826622579775, 8.502707946204735, 8.293386867721413, 9.428963845858537, 9.667205772732265, 10.117279349750806, 10.271072833113388],