{"west": 7.0, "south": 46.5, "east": 22.5, "north": 52.5, "cols": 18, "rows": 12, "source": "formation-steer-fallback", "hourIndex": 11, "validAt": "2026-07-22T11:25:19Z", "level": "850hPa", "u": [6.529006076805393, 6.037144618927529, 6.072376348882109, 5.553796197637323, 7.6719749169738165, 6.622576566454826, 4.07477473942059, 4.373733102622425, 4.747022888912662, 4.114257558791058, 3.628580835057424, 3.5179284529823454, 3.405281317457278, 2.9532954167146257, 3.0555704497461136, 3.5895373430586126, 3.184832664981624, 5.782062293629778, 4.829399352457444, 5.487790639797626, 6.072376348882109, 7.061732208219625, 6.093216630708405, 5.735206511764284, 4.658198124417851, 4.252806455970139, 4.6003293057487396, 4.202401769229181, 3.318960588303762, 4.07822502825415, 3.974467811339154, 2.5478924552783844, 2.267368739284132, 2.3123320845132995, 2.4697167600396583, 3.676016904831457, 5.096503437827225, 5.800356258255803, 6.225284953493104, 6.929170965383788, 7.37626452309065, 7.331622363649904, 5.0259701764597535, 5.6931672734929695, 5.1744081849503605, 4.637174761854046, 4.221741663911578, 4.177499626024528, 3.1534937841207618, 2.516143567800466, 1.889811817190279, 1.1280572886019709, 1.1856067247306399, 2.143653511263582, 6.149504983721713, 7.291915285325063, 7.262711828222673, 7.359334233721095, 7.319663082329871, 7.499393766982515, 6.220505266653674, 5.096503437827225, 5.607656790348525, 5.256413292625021, 4.579315069988673, 5.503953750431274, 4.3999999999999995, 3.6295739329060224, 3.353017185770754, 0.9008407032760589, 0.8787503433842787, 1.2194252043208778, 7.231074632297573, 7.158180235679059, 7.521550332933745, 7.874555936232126, 7.346492089169896, 7.463335092675153, 6.19681854941034, 5.7774389975421805, 4.8645372740622355, 4.980019316583198, 3.7569408137714646, 4.942887494551106, 3.000215104380124, 4.133276362244719, 3.828807359141044, 2.079223365423837, 1.7900074067197251, 1.2533664449820439, 7.249495591957576, 7.886507567827555, 8.834982090657876, 7.637496678229718, 7.850458165165019, 7.230937736331714, 7.0856544326928885, 5.989037049906751, 5.572287371052745, 5.850829612953365, 4.267898531773473, 4.5297632919861925, 3.1260627574980657, 2.7206957490900554, 2.4550521182876146, 2.358140725837762, 2.0670035395341357, 2.294051067846976, 6.961675561055589, 8.13016498173153, 8.648297554463314, 8.744391208694697, 8.083929123404642, 7.1964622316414415, 7.231449472383312, 6.319393397160141, 5.5357755440872225, 5.660273425868095, 4.5136126736403615, 4.3477248244850575, 3.514338565264504, 3.3973231258061904, 3.84197569303306, 3.820806977700356, 3.2865743263108946, 3.6057015880207217, 6.204305777920865, 6.4151674220059185, 6.899100984338227, 8.903938723143584, 8.703985301213416, 8.344298020878833, 7.913959024693032, 7.6221653798959075, 6.493561829239212, 6.470504115694189, 5.679157043429143, 4.819071025696966, 4.369059305663627, 3.24178418779481, 3.1288004194127885, 3.713049794670774, 4.915990341571401, 6.255425275867255, 7.575433619940307, 7.860876079343452, 7.150912322632194, 7.492336990252872, 8.194519849660805, 9.042725798041857, 8.246051572364749, 7.6152855600622065, 7.287357030240852, 6.303838238912839, 5.776505306858719, 6.738828389256907, 5.269236012291924, 4.005769265945909, 3.521485682848446, 3.820547172067335, 4.745445670843005, 5.788802622935191, 9.053530602615526, 9.017707849187738, 9.99919168931002, 10.009090503308846, 9.22769487289721, 8.756505656070193, 9.662786085100878, 9.851166110342957, 9.739730518178765, 9.076025886030353, 8.939931253174445, 8.086242100825526, 5.8501668272919165, 4.688194185190371, 4.843237585218735, 5.071876123266955, 6.025079804595937, 6.416299748939439, 8.796616796257773, 10.3074367909429, 10.26861568288822, 10.11082690788663, 10.45735918035397, 9.477152229647372, 9.027477013917096, 9.917899949888417, 9.565232553660177, 9.182948402783477, 9.148995201573117, 9.573232378193646, 7.965959995856445, 5.799328248691423, 5.9960602227335675, 5.980788832847842, 5.960761629406525, 6.109431100374061, 8.900325574887455, 10.480363110263255, 11.523782640734817, 11.186460734672256, 11.27298364995371, 11.048853923146662, 9.354994230359555, 9.694033448949387, 9.572500449146032, 8.797370563636255, 8.871379085251297, 8.516444083226611, 7.278689839638473, 6.646651646928169, 6.921750781553913, 7.556734933243034, 6.358897198929627, 6.286808449410882],