{"west": 11.4, "south": 47.8, "east": 19.6, "north": 51.4, "cols": 12, "rows": 8, "source": "formation-steer-fallback", "hourIndex": 9, "validAt": "2026-07-19T08:32:17Z", "level": "850hPa", "u": [8.307556302408274, 8.224714156302863, 8.79286713244986, 10.734684182228575, 7.748104231981228, 8.03063137615558, 7.270596211364306, 8.924699875900535, 8.325746866304515, 8.003854019411696, 8.136005095788356, 7.662875414532914, 14.548245093647141, 17.30776317773971, 13.510445551891321, 10.604280156690962, 11.220137867908498, 11.302305439174717, 9.077774785329087, 8.0424342184833, 7.557247508786464, 8.270984735466667, 8.244854745097138, 8.15994739588771, 12.669421227013194, 8.08469288024772, 10.926051761511369, 10.972942471018097, 9.57740285077691, 10.734159127300561, 9.062826928629315, 8.241687130295903, 7.291980317868319, 7.709165074952713, 7.514597787582997, 6.971919071149681, 12.687126692974935, 12.58408939831959, 7.850766561368712, 9.704866354469464, 13.845645544693047, 7.716303391226192, 7.701471538604925, 8.293551290216373, 7.468569476159115, 7.2932142609886395, 7.472302140692833, 7.433639622122793, 12.530897705062516, 15.18231996019697, 10.848509046575588, 9.249120461595796, 9.098485887677194, 8.692492985603366, 7.370827997644971, 8.257147507685145, 7.698278341444559, 8.276487122986124, 8.267102592925175, 6.7207074514439, 10.195881525701909, 9.510140497243384, 8.985853976170409, 7.973964516887062, 8.603284413002909, 9.136813690732303, 7.447522647538793, 6.339507037667531, 7.012625734834252, 6.602878154809336, 7.332618080967445, 7.004818839047642, 7.742272219925918, 8.702593167269118, 9.424732979398788, 7.818510308141688, 6.889275757339687, 6.53492034200561, 5.866688397620449, 5.817546893688763, 5.53419683847875, 4.340221887155653, 4.696657453114171, 5.0708773985067355, 7.2733462282751296, 7.044138106213503, 8.101617310999668, 7.346479626288071, 4.7734431552268495, 6.515689716433005, 4.5978769468823435, 3.226826611407592, 4.7040616367865935, 5.063526090953931, 4.812040506069338, 4.804810477082836], "v": [3.5263484346156955, 4.447086354807074, 4.212836050819328, 3.5293845791882292, 1.8887842148733096, 2.5474663295724937, 4.403229579671607, 4.048423412280512, 2.6091309124343565, 3.597074621959801, 3.353419311882414, 5.091202253038765, 4.896025397725372, 3.5842654454263583, 1.9468849450802346, 3.4455394872806644, 2.282762849076908, 3.390854134226603, 4.194520824461771, 3.4469917089208235, 3.491938586364424, 3.7344928043413614, 3.9679806239760316, 4.1397775902028116, 0.3760196437787788, 1.9857910343416851, 3.4240170713321927, 7.017489474714392, 5.709277943306872, 4.779155556140653, 3.921835420018461, 3.7385950899121045, 4.416180254905936, 4.595584712213379, 4.861411327058502, 4.07406056230628, 2.19144730176267, 3.16090477792364, 0.8806045644299729, 5.739441962585438, 7.6117080508071, 5.626825212724417, 5.078184827284084, 4.317349533747566, 4.558834278605042, 3.748203001881292, 4.7420671355641195, 4.274532368389095, 1.0522488799038665, 1.4351517781073462, -0.758601651967363, 6.404394638596998, 5.818724478074121, 5.43167245839035, 6.032952811777416, 4.595869345001985, 4.662243084358172, 4.456429165042893, 4.526106463402057, 3.9587992310934923, 1.7794661878918905, 2.9257012360614234, 2.491997856929746, 2.870803874078843, 6.319740683681669, 6.303065570089425, 5.735364540671917, 5.357298808108791, 5.439550101170166, 4.33728026218524, 4.199429970682842, 3.074900491418096, 2.545529585874696, 6.139004167208299, 6.097133200696278, 3.2705537086986007, 4.806025336942337, 7.032411828358836, 6.011818963111382, 5.919978727979707, 5.811479188035677, 4.703453408959743, 4.273629460787061, 4.10631555160019, 1.493003564508787, 7.168167013999526, 8.302035710963336, 7.2193654222884645, 5.588983847160227, 7.185804583981476, 7.444597207460449, 7.456756333682347, 6.064439719983424, 4.941288144424367, 4.257333809786114, 4.074775610915895]}