{"west": 11.4, "south": 47.8, "east": 19.6, "north": 51.4, "cols": 12, "rows": 8, "source": "formation-steer-fallback", "hourIndex": 12, "validAt": "2026-07-20T12:06:45Z", "level": "850hPa", "u": [10.788767106421863, 11.750549719382038, 11.993508356884005, 13.282674416124332, 13.03381677977796, 12.68513436606101, 13.270450989050522, 13.097585828793537, 13.057081166916053, 12.871686095029741, 13.19967832531121, 13.623983161623658, 11.589970582652724, 11.614217383034843, 11.803967981744865, 11.587112809818036, 13.179996096119101, 13.704923840971695, 13.74321520502881, 13.878326622129535, 12.456454203098591, 11.867766070851761, 12.59307272086614, 12.8232156947975, 11.700824995476776, 12.092544701762295, 11.835619675968323, 12.75241701953949, 12.408900478657777, 13.312245951680467, 13.795710578768862, 13.550360824392724, 12.78126938017551, 13.395484711820771, 12.392325250864944, 11.934801551019465, 11.4034875174137, 11.745541752135365, 12.772442484868455, 13.039039956089617, 13.411049387077783, 13.941464972762784, 13.941464972762784, 14.543895059266378, 14.668966929400952, 15.205502213129236, 14.164285324307816, 13.341910794721558, 10.287547614642643, 11.054627228617235, 11.355459909343695, 12.297135609363915, 13.214506208254674, 13.242881434065003, 14.183452041610046, 14.510131305169391, 14.87692476095949, 14.473214255172037, 14.846886799072808, 15.236509829964957, 8.42619418405469, 9.331487044613016, 10.411736158140876, 11.224669676856879, 12.290487017515334, 12.112696642585869, 13.425752866172463, 14.274456451741045, 15.02271161972478, 14.794229702597246, 14.118969007097805, 13.773984629566081, 7.794113985265533, 8.995485726663206, 9.88951426346419, 10.835303953280583, 11.137673275101479, 11.83243858647391, 12.329773040362467, 11.511866299120756, 12.394808899565426, 12.135494568698425, 12.572262059828628, 13.892947025239076, 6.530134297598424, 7.647198411969522, 10.22934326387007, 10.466027243677292, 11.003240108478922, 11.889358302853946, 10.678801000573825, 10.660543926357152, 11.942877060700294, 12.236400968284133, 11.445115099791058, 12.089012251206809], "v": [-2.610077455438747, -2.6696593963145814, -2.945888201095472, -2.6782569621371595, -2.7704232801466433, -1.512610695115548, 0.3474989887870159, 0.25148649543593427, 0.6842926278764924, 0.2920994197495598, 0.09215263593309343, 0.16645663638024222, -2.911199390842968, -2.917289766137619, -2.660139072669333, -2.2313262272807184, -2.921934788164388, -2.4659050089501973, -0.43189793732426385, 0.7759189194049787, 1.529460259734601, 0.41443152334220035, 0.4177552476954338, 0.8292401610505105, -3.179043791020485, -3.26281897074917, -3.4385653819335014, -2.5250465658596353, -3.139934539248674, -2.9025390129965545, -2.382932988324455, -1.4242003120217797, -0.6922088062051226, 0.8897271128700011, 1.4338409523985107, 2.4064781191158624, -3.313019384215848, -3.4791879726230523, -3.2319248089532246, -3.2993843400698952, -3.1455332357742836, -2.108448342556303, -2.108448342556303, -1.76000468892758, -1.2833683119592676, 0.7702775126679605, 1.9654570083311995, 2.762976899232483, -3.2042142681881436, -2.5724923394083037, -3.5585854278474334, -3.2720147928935086, -3.319254535584556, -2.984412224089768, -2.6287474552242283, -2.5063348752198285, -1.1969689456082169, -0.22736341808860533, 1.954629728495274, 3.5736911172317645, -4.109729501147601, -4.59166086903415, -5.282175231215064, -5.210318190422702, -3.6639533119687844, -3.0874876590342857, -1.1509930392760288, -0.12457129423928881, -0.26222240672018426, 0.4132402531088177, 1.733591409938223, 3.1293725288749745, -5.518540312862475, -5.931429974415828, -6.796874843097991, -5.098707016491746, -3.151643859494647, -2.972103143789474, -1.0570344238249245, -1.6178872986607598, -1.4122100917546359, -0.5935247030167012, 1.6105439140221163, 2.549832926664161, -7.0027116930035564, -7.231596051216551, -7.652526471036608, -5.92139331024419, -3.5115818536894134, -3.0526683649485933, -2.056412942515069, -1.8797415232445205, -1.402965613619481, -0.577054021193124, 1.1222033472302186, 2.5255262402461094]}