{"west": 7.0, "south": 46.5, "east": 22.5, "north": 52.5, "cols": 18, "rows": 12, "source": "formation-steer-fallback", "hourIndex": 3, "validAt": "2026-07-22T03:01:51Z", "level": "850hPa", "u": [3.478547223886242, 4.403095126352795, 5.040863883444027, 4.658620857312652, 5.229611500670726, 5.429915701238588, 5.7545232146861816, 5.135745752260362, 7.1073023847486025, 7.304999378771025, 7.561958670396387, 7.260260272335674, 8.144312685983808, 8.746401688259258, 8.857760471723179, 8.30871400917624, 10.141823110411627, 7.724705855670723, 2.255938420470478, 3.0867755253172313, 3.766306732704761, 4.767309213636033, 4.28322774080456, 4.479645825391082, 4.785199089454129, 5.23640724681153, 6.817770938098589, 7.377936193204357, 6.945731635848593, 6.971777359004611, 7.424705706202539, 7.534553071823142, 7.677768240216468, 7.37004690411759, 7.440459211022188, 7.431278455693057, 1.6252381627836399, 2.8409637983730325, 3.5766495327337324, 4.499127931370015, 4.3278580410393515, 4.2885605104574855, 4.747896383233089, 5.717777825737521, 5.777994409323852, 6.450762393523596, 5.518201856430223, 6.204522991587838, 5.346013510483588, 6.064439719983425, 5.466884015402703, 6.623779092805893, 6.720483448161462, 6.895796706431761, 2.690042834068813, 2.1872895969443915, 2.8079755805146402, 3.1976091466526095, 3.246567098183678, 2.76570209965578, 3.8589736140781943, 4.016253689422148, 4.889419504183344, 4.149739705878534, 3.3925748833875313, 3.3677565743507785, 3.6381925097463363, 2.649227390847344, 1.763906417336259, 3.7068520755325634, 4.03020726162499, 5.541346241209994, 3.5788345822127803, 2.58438604488718, 2.9348672264525844, 3.2781809569787055, 3.3435376909049532, 3.1137985883816106, 4.010901709120643, 3.4756195183739926, 2.991989631568481, 2.3232470827516365, 1.4724805454059668, 2.2058490312568964, 2.5404269249583544, 1.227993340797569, 2.178778419560505, 2.862162324527938, 3.349789979817883, 4.511847265749587, 4.123284844379182, 3.609647199152242, 3.391103379634548, 3.636270329225892, 3.110442674439932, 3.412975502547528, 2.1377435232093225, 3.0038495306301694, 2.1569471739075494, 2.257550347597263, 1.1417189635234921, 1.4793797809391362, 1.341508407025186, 2.1233564831552583, 2.5891003263439525, 4.268255238866004, 4.6720731425153215, 6.055992979306069, 4.282435880696694, 3.600225376235011, 3.6057756260648857, 3.508669091805011, 3.4726961312701268, 3.3621602426512305, 2.74320128460286, 2.3434862965990675, 2.267937936304342, 2.835767047528634, 2.545184536448901, 2.5281465920494375, 2.5008153027235385, 3.152472650295873, 4.025771627083514, 5.421654592547164, 6.092489871579298, 7.355417261166968, 6.165549337181456, 5.125166956258302, 4.912367808256794, 3.7894264528351105, 3.72696330075472, 2.7238676509814446, 2.935793307660305, 2.414715132645335, 1.7040042366547787, 2.6157138439665015, 3.068267996457447, 3.222354016451117, 4.215897241378075, 4.502541269002287, 4.527006115048666, 5.762543885762275, 6.593679908951905, 8.262940988208582, 6.589963939080956, 6.85478780606612, 5.761926104805801, 4.658338259839057, 4.183078767155229, 3.586723430623243, 2.883975297506512, 3.141614262743896, 2.653764530908481, 2.5322731798870888, 3.694837510703791, 2.9603958377650414, 4.4190462583611945, 4.7581237179981875, 4.623079456654736, 5.600944385389433, 7.001393457864345, 8.727185597125848, 7.387600815063019, 7.653887240955277, 8.018551822537576, 7.087415505150251, 6.506784648138137, 5.098973397408314, 3.276782555381066, 3.6846584835173717, 3.6940464780844953, 3.415882055303961, 3.425357021966589, 3.8406654882424744, 3.3524537257221145, 5.54104197823454, 5.65442193346027, 6.019661509709122, 7.221660797686089, 8.735518282370068, 6.425428034262622, 7.374732707474536, 7.975370590752293, 7.750562052465756, 7.517733064683182, 5.978854973889283, 4.216446620033911, 3.959673201988382, 4.358968182729205, 3.7150383582515776, 2.709180692716204, 2.8610245695386407, 3.492983612448472, 5.093823860133779, 5.77732863814887, 6.612882218545132, 7.279349637961447, 9.671139386982189, 6.6646648091295235, 6.954522241636346, 6.999030818403652, 6.751603741478951, 7.9454612322854485, 8.302838622659698, 7.101756763512215, 5.7770763723146885, 4.551541116190134, 3.7729299145783877, 3.856168770763594, 4.039758309476412, 3.6150161883589704, 4.643228032255921, 5.3134320447551, 6.610021727355539, 7.1564225811526905, 6.689056592471331],