{"west": 11.4, "south": 47.8, "east": 19.6, "north": 51.4, "cols": 12, "rows": 8, "source": "formation-steer-fallback", "hourIndex": 8, "validAt": "2026-07-18T08:26:09Z", "level": "850hPa", "u": [11.679041226598363, 11.268192008833811, 10.865460777325085, 12.260345335866104, 11.79619489432242, 11.43874351524385, 12.1696412969535, 12.523454821832798, 10.947598484049559, 10.053671051868834, 9.29844262314569, 7.999220192074434, 9.399484592035815, 11.713778671364256, 12.269597282965439, 12.047779331065813, 12.74930090941028, 13.356836971313712, 11.682026163751633, 12.702601810329911, 12.06102442932059, 10.581771035330295, 11.461030420312325, 11.432146749883682, 7.288581837098905, 8.432386974399911, 9.359812162935071, 10.016923811022322, 11.02941971467187, 10.981759982754312, 11.870567380165026, 13.357347981667392, 14.074558853480713, 12.008321889116093, 12.130907306576178, 9.381102387577354, 8.264916624907011, 8.66934782212639, 9.849939990429235, 9.448834176951692, 9.42581539869742, 9.194413045682458, 8.53927166696404, 10.360781423078704, 12.264549944249541, 12.5451924325395, 12.865956165880126, 12.204376124040436, 8.195004781556584, 8.978076452338417, 8.285155788565028, 8.788679817785937, 8.669173816029843, 8.637911756751251, 10.783807606843144, 10.18949981186529, 10.441144505909019, 10.651905712586183, 12.408282013179004, 11.69274829278206, 9.382467105165551, 9.472001146155742, 8.798070014578641, 8.619506212101559, 7.537480715435914, 8.819624048443519, 8.749786768672204, 7.946836597522658, 9.988806978341138, 10.041199937611873, 9.438536114491068, 10.651058578479173, 10.2241959813516, 10.457630529031947, 10.146521848501907, 9.790672571502206, 9.772856180966615, 9.043005212175899, 10.62908859192424, 9.840090249135068, 8.583707758444007, 9.236875616339864, 9.317634703508087, 9.18446381343087, 9.866337947226228, 11.054342892522177, 10.84339047315719, 10.524599240250403, 10.157090249124312, 9.900236577165577, 8.808539596072976, 7.564697966014732, 8.29590111975528, 8.536093535870064, 8.587473665557864, 8.422635085197852], "v": [1.2893781553197807, 0.8472596131375038, 0.45539773430504726, 0.5996309242411516, 0.8248703020242808, 1.7708110549877414, 0.3611865217362234, -0.19673414933055489, -0.22931949772275836, 1.3950621422770402, 1.5393471941272907, 0.11169744271316281, -0.09843477069271002, 0.9218943748021788, -0.36415314614473565, -0.23132918091625873, -0.13351524748213328, 1.074665586006709, 2.6326582971252295, 0.7546736037541134, 0.9704069843791924, 2.7169370172760408, 2.3526116774077854, 0.6391562321717271, -1.4167567906708451, -0.5452980047374941, -0.8682835219976786, -0.40232122013891014, -1.0037558256904158, 0.6332042965552405, 2.071745658366887, 3.7545811879151096, 2.2291911268232907, 2.421302419644297, 2.800640626581118, 3.8092706642860747, -1.353432001740648, -1.3575836397778331, 0.03438291643995441, 0.1484341485967072, -0.6756508489438812, 1.555118563127652, -1.9087533622197455, 0.5429855460205436, 4.880657196014547, 3.5026806635138357, 4.329872623721298, 2.460833887720122, -0.2861758729605078, -0.6278082636971279, -1.2234453642101986, -0.7998325202454103, -0.31788417302937466, -0.8013148460989215, -0.9434609152434004, -0.4627024789183863, 2.6614143620875557, 3.3789835291362156, 4.787957547996682, 2.807180500367263, -0.5738562716276537, -0.7288307672047776, -0.18429329497354097, -1.1807254801784473, -0.4346084035447323, -0.3079880583995709, -0.06108602760716507, 2.6435606844319834, 1.3150513866170208, 3.0699028995887367, 4.123595035336018, 4.719899485985399, -1.0205104286158906, -0.6029831824014663, -0.26569602532491116, 0.4274699961802929, -0.20471215435981396, -1.692352425637025, 1.2298275102736727, 1.2954724577840133, 3.643567773162477, 3.1985549625207406, 3.8976510274756184, 3.95545502562965, -0.41352208057584633, -0.6761125753485389, -0.37865953922213536, 0.09184678612038526, -0.6034423511354098, -1.4090123193758246, 0.5387533613951122, 2.6788000453510117, 1.7331040393591721, 3.431487599697442, 3.6983504489637227, 4.554101801847886]}