{"west": 7.0, "south": 46.5, "east": 22.5, "north": 52.5, "cols": 18, "rows": 12, "source": "formation-steer-fallback", "hourIndex": 22, "validAt": "2026-07-20T22:01:39Z", "level": "850hPa", "u": [12.474828995786647, 11.994078724388778, 11.921854526121882, 11.424826811943971, 11.222110789647289, 9.308504369038797, 7.4860109881640025, 7.95882378650266, 9.59812448545462, 9.76491622490504, 8.705806504034543, 8.462133333359414, 8.70387373372751, 9.51425366053358, 9.20387872388791, 9.764937319704236, 9.523244657958662, 8.38621297124348, 8.084016500269, 9.838302399689905, 9.998077634175193, 10.349747777800836, 10.52269169357275, 10.98778862458167, 11.52186478050097, 11.98626601343637, 10.704675178013302, 11.607498907576316, 11.709200443761649, 11.550406849164723, 11.115628271124377, 12.008851886571899, 12.3391669517209, 11.14938863842546, 11.1950704333371, 10.67013844069042, 8.61470293456987, 9.098877355583111, 7.949019228229202, 8.691043957179218, 8.923640679270793, 10.920593525607817, 11.536077752418775, 12.122243713791883, 12.245464811626654, 12.531833757741527, 12.39473674853741, 12.880675766313852, 12.346986257488819, 12.721724703631336, 11.687955666551362, 11.874837220438193, 11.899927501127706, 11.14498928298332, 5.788198644282651, 7.28989193900825, 7.612680580348122, 8.62525768878734, 9.79051800606638, 11.010880912955653, 11.955143253952988, 11.522880655424173, 12.823971490203336, 13.697869707562548, 12.652740188936663, 12.329213212282408, 12.21924585854253, 13.012598254762443, 12.792202585844427, 11.8453798632282, 11.998830288111652, 11.649630007807987, 6.12379433079028, 7.8902848122978515, 8.214949613603512, 10.096730805062291, 10.607195134556557, 11.877935950015605, 12.273225263256585, 12.458130472934732, 11.613597749999442, 11.588317316521605, 13.590445632981345, 13.175629115322218, 12.819147793799377, 13.263355569562343, 12.868646964708795, 12.414990359296992, 12.121380563596846, 11.770650806065913, 2.9891566224873065, 4.777118249871887, 5.970830887740323, 5.632282909275765, 6.055948684411409, 5.019507680835138, 6.858069941376246, 6.995020148177042, 8.454679935047944, 9.844366703013272, 11.07768426529277, 11.603325902388853, 12.623157464776321, 12.029390753438044, 11.877804101220217, 12.310219148934651, 12.911833141338617, 10.97259179056167, 2.1953684661242967, 3.3783471456680543, 3.970079660644175, 4.621791023943245, 4.642509343628978, 5.000798599758878, 6.203425054618504, 6.486905798381126, 8.114140883205486, 7.962946060992091, 10.145615922057532, 11.117961329494985, 12.930457459258562, 11.51467251014534, 11.554796107166464, 11.34163410126055, 12.301107157823004, 12.579461770854019, 2.650703876113379, 3.37032575469867, 3.32215688036208, 3.1316208923160445, 3.052894543185296, 3.4447683431319547, 4.1176053382819475, 5.730448049040379, 6.311376467549791, 6.6077479132257135, 8.431486786388016, 9.58816944424612, 12.625413728787642, 13.49862766232198, 13.86320035709789, 14.266304055697592, 13.418351335278313, 12.833305419494529, 1.616404840425468, 1.5865232820254607, 1.7639972188636173, 2.010713592213966, 2.482273567294556, 3.0930342200431444, 4.152887390976617, 3.592839725260262, 6.605639349546996, 6.590580651336713, 8.88779968053556, 10.447644783902108, 11.984033487397182, 13.983664849982556, 13.898443487771619, 13.624667968361003, 13.624949966545344, 13.003597263014395, -0.2442685692458806, 0.8224901895352082, 1.2168621882840776, 0.9076581263514795, 0.8010098166582237, 1.6848787735545994, 3.4233035209212455, 4.478398812472299, 5.600951480343553, 6.579340019326838, 7.132510870444714, 7.1980815625834955, 9.743763290341944, 11.406055254815275, 11.24664176003831, 11.141017505526072, 10.987670317057841, 11.346390023901112, 0.8016823473102618, 0.988542301480298, 1.4753715550234108, 1.0209691805283714, 0.9322220400639819, 0.9404074828923308, 2.878149942154535, 3.628580835057424, 5.705406539859984, 7.161018097376164, 7.704790434950016, 8.02063877377596, 9.503640664341958, 11.637393405976686, 11.174574490242115, 10.290281018896229, 10.85038934620796, 11.647030827877911, 0.287887956611218, 1.056932020450633, 1.6841432534699647, 1.1502621460508864, 0.37282021426668577, 1.2047634607368023, 3.821215975877014, 3.7753748624339725, 4.412469939472763, 5.369048967458592, 8.01685281771561, 9.7537758343908, 8.50230639764678, 10.513315933974734, 10.574210784159279, 10.306242443104113, 9.175981159579537, 10.726774480466755],