{"west": 7.0, "south": 46.5, "east": 22.5, "north": 52.5, "cols": 18, "rows": 12, "source": "formation-steer-fallback", "hourIndex": 6, "validAt": "2026-07-21T05:41:43Z", "level": "850hPa", "u": [10.374529012160183, 10.42041154174458, 9.659791444596575, 10.738125148416161, 10.186021254496652, 9.420349331447023, 10.034329680028911, 9.689812534260659, 10.68913289943195, 10.049862237086641, 8.273117927011963, 9.245603964942534, 9.644121480734274, 11.039542469912758, 11.986735067496786, 12.2197371502391, 12.188291246906632, 11.386895168433018, 7.339802074866005, 7.651450211723693, 8.922702788205083, 8.880870961903945, 9.540910516106743, 9.329443728530666, 9.509608969331003, 10.233790113468851, 10.274782604001647, 10.210965369375128, 10.86902109836661, 11.12416973747253, 12.597236611783053, 14.464066213562543, 14.319850374735436, 12.740653820713753, 12.746137423813973, 12.500315370905158, 5.569353176489629, 7.47471537490468, 6.754934806082695, 8.218937487477358, 9.02795465485141, 9.99559860119384, 10.506580405398488, 10.96763497563661, 10.622503558645066, 10.7769419072632, 11.344630930117185, 11.679557061497599, 12.52066932098353, 14.099363845766312, 14.20252782185719, 12.945521216373283, 13.077326304704622, 13.131978382022647, 4.745612408374614, 6.145867626858896, 5.922350971184765, 6.852006407425703, 7.416936408791202, 8.961926022111212, 9.659893997070766, 9.734223584883152, 10.226673491796856, 10.905893475111915, 12.076997918105581, 12.359579309881257, 12.758304637368727, 12.134001693184931, 11.261062322150305, 11.467906253456961, 12.251542764242402, 10.706122154482383, 4.499823445837629, 4.8348377266189075, 4.541793343559976, 5.671444006036082, 6.900923104107679, 7.709043625668984, 8.402591940143267, 8.337526979312567, 9.14557159105155, 9.924499853099853, 9.933727656003965, 10.262356550766336, 9.653509449463135, 9.417594415571628, 9.904307079402844, 10.568404277073277, 10.138401745642833, 11.377979254187462, 0.47673479876946584, 2.0377444023922004, 4.190102613583922, 5.571270597430747, 5.431283285594581, 5.728947915837453, 5.7841860609084925, 4.383428896294334, 5.760478460249741, 6.622268331833676, 7.779284251714408, 8.825835339091196, 8.421610474333027, 8.518491832641649, 9.75880495757225, 12.320068783158439, 12.532425701656816, 12.456160740618804, 0.5685127816488484, 0.7045979548755317, 1.5839152881831309, 3.2534345333871504, 3.4495112296993184, 4.601561835264075, 4.069361844720105, 4.649579964926045, 5.72938886782583, 6.382439242633936, 7.790389219723341, 8.508348850226076, 8.597247066298106, 10.057422659821249, 10.937649982143485, 12.431523692103417, 12.846692529796673, 13.51904710811467, 0.5394062831289348, 2.6127959846399533, 1.32037482593061, 1.4757574727783977, 1.887264101313776, 2.24493277045615, 3.0886050563656084, 3.651127229881456, 5.231586078690495, 6.557971521269296, 7.187719590425634, 8.874780352547715, 10.717841422114663, 11.77567520933164, 12.577365217569145, 12.607424542670373, 12.411649124630882, 14.072856309326207, -0.0739573883487172, 0.9277506857507398, 1.2127413753529084, 1.1883770737607529, 1.447364697969236, 2.4437124758287303, 3.084933423195536, 3.813165205797843, 5.660273425868095, 5.842571031442183, 7.035371039820167, 7.8978617764127925, 8.672189313626994, 10.872213623667754, 10.458053928079782, 12.759611011694124, 13.06414680055965, 13.47399435617459, -1.9695262547044037, -1.6377671725292617, -0.7663489089184878, 1.885346650363243, 2.766478749772259, 3.8091001391398396, 4.532420797696279, 5.570512297937495, 4.962966517982991, 5.230513218590424, 5.711440672504332, 6.897182011950399, 7.354026653942189, 10.408838510646625, 11.06727909706273, 11.549503494944295, 12.004596096055524, 15.727438300091626, -2.281045854175521, -0.9563073045884024, -0.9398303391075599, 2.481965734959622, 3.304983655231193, 4.792968725295783, 4.6940459450132295, 4.335963197130233, 5.121859486641011, 5.654090477208613, 6.241289363815402, 4.935028623562921, 7.858495907141967, 9.90112442731279, 10.998007108248112, 11.847569347395233, 11.938559002452754, 14.354440075495233, -1.5705165636798726, -1.0811959903519766, -0.7316921360514507, 0.6887099964745532, 2.027877165454401, 5.278228288559437, 5.42874892994737, 4.658608352087329, 4.01789757167431, 4.350574088930418, 6.358910681649634, 6.849407654232602, 7.431942882659373, 9.028288081966606, 9.11431947487463, 10.57392802289349, 8.86797766687947, 10.285884207972112],