{"west": 11.4, "south": 47.8, "east": 19.6, "north": 51.4, "cols": 12, "rows": 8, "level": "850hPa", "source": "Open-Meteo", "hourIndex": 19, "validAt": "2026-07-19T19:19:34Z", "u": [1.7597134226093534, 3.794512056120049, 4.053574411736218, 3.546438504818789, 7.8974811814860795, 6.5665586381666285, 11.970532508533415, 7.198871578437482, 5.839740764327791, 7.268225750372355, 9.151600793197284, 9.405030104925956, 4.823895371924066, 4.809660965050742, 4.55493882965058, 5.674791758227137, 7.736435973840483, 5.861525154805498, 5.838694739184607, 7.792847837002055, 7.918045508579831, 9.069150947659136, 9.559654682821781, 8.810277443402866, 5.471644456615099, 3.5504761156793214, 5.709323088271056, 5.989766325354695, 5.088735243351767, 6.4330415698382595, 6.069016074732051, 10.129463370757307, 9.29348064387304, 8.619701495234354, 7.983944576009283, 6.5326567788201695, 5.278697005719887, 6.064518508025238, 6.087643364746272, 6.571615972049529, 6.33351394407672, 7.08165616551256, 8.807174930243756, 9.023528108028161, 9.350013132759901, 9.16212404582033, 5.53492013038351, 7.5983073601022255, 6.425041187301572, 6.3102106568626235, 5.845671475544965, 5.674791758227137, 6.544867092455833, 6.5841532845660025, 10.741942551314725, 9.14037158269802, 9.146386575294548, 7.09378880184764, 6.825846566889148, 8.982426468193509, 6.107054183940913, 6.224936317829458, 7.517043991056471, 7.576482260294685, 8.992412200748163, 8.328371650535635, 10.649849702240298, 8.221909118783406, 8.576132128339074, 9.083316510475859, 7.602915324585233, 8.748986873230152, 8.964851998178807, 9.128339796736702, 10.20389658329295, 10.22369093699691, 11.786050384654047, 10.739642550634462, 13.415636476237061, 9.39358133513803, 9.614161802725489, 8.473430226457582, 5.301734064425978, 7.592055193685373, 9.281317960295494, 9.980473853548343, 11.659356100603084, 9.672363399461654, 10.762681396187563, 8.746046824293678, 9.99298154366426, 7.690695503521731, 7.465886560512527, 7.079651567603779, 7.468125460342578, 5.1808101348626705], "v": [-2.92865494406555, -3.2985190068689376, -2.632422002572628, -2.392102975958195, -5.1286842463915, -4.948256857027956, -10.405825154266095, -7.719844628202356, -8.99241220074816, -9.302904730079357, -8.83759815750613, -5.651112210818648, -3.3777279029561553, -2.8899358647730806, -3.6885167364309916, -5.480082700287644, -5.4171107877598725, -8.067697249461279, -7.210187531295225, -7.525465679972469, -8.793880434815824, -9.391380726643495, -8.310081033879754, -5.505272356200521, -4.756427960181175, -3.6766256461753257, -3.164729465496923, -4.513612673640364, -6.064518508025245, -5.209374348134766, -5.464566618597344, -6.329591211674397, -10.321455909408245, -9.243498173242296, -7.4451487640156016, -5.481549893715769, -5.862586956543883, -5.088735243351773, -4.92967639655706, -3.9486252409770812, -3.8055591090576217, -7.333269631230134, -6.636682338648981, -7.307108984967556, -8.127842414715726, -6.904155682272113, -5.3450102393650605, -2.9167169226881384, -4.333745001898288, -5.485382436837294, -3.3749999999999947, -5.480082700287644, -5.113410586732546, -5.331742201950011, -6.712310680287267, -7.945603795551695, -6.645238824528791, -0.49604603551377846, -4.4327565905389665, -3.0928974673429916, -3.2471783092690742, -4.522680969028194, -8.958464182030275, -5.1104018122743256, -5.839740764327785, -2.076496270563818, -3.8762282910242374, -3.660629787682204, -4.75382766519325, -4.628180927900385, -3.545297640158084, -1.8596545678699508, -4.969298607524956, -3.874750357518628, -5.656112236207266, -6.388471129922531, -7.081773530013243, -6.97440542060909, -3.594708959757225, -4.99465579297211, -4.0809695642212995, -3.423488034273201, -3.7123141574942653, -1.0669937740271676, -4.729067705620285, -3.4365527414922132, -5.6866479319583085, -7.288648613730366, -5.965851715809093, -3.011505428728702, -4.037426617927058, -4.62103606099854, -1.8614545855863356, -2.7176236173851938, -1.316832013974218, 1.0070474755984304]}