{"west": 7.0, "south": 46.5, "east": 22.5, "north": 52.5, "cols": 18, "rows": 12, "source": "formation-steer-fallback", "hourIndex": 17, "validAt": "2026-07-20T17:16:46Z", "level": "850hPa", "u": [11.154045554157694, 10.123750903876813, 9.908542529894232, 9.897317917772693, 10.521772570443995, 11.626051247968622, 6.892911369305823, 9.060987562749762, 9.820151955593312, 7.348645484094084, 9.332560365244456, 8.74334969216049, 9.266864249166911, 10.006301354179218, 10.328955382756956, 9.777305932588932, 9.257700255362817, 7.320465334249934, 9.248519356575292, 9.964458578438176, 10.547936279494731, 10.614062304026344, 10.597982598014234, 10.948262318742243, 11.051034075464393, 11.431964488814437, 9.562665680261777, 8.894695896994898, 9.560716660549431, 10.830902132972852, 11.366512098368906, 11.299982789120154, 10.823351300067936, 11.39937493076684, 10.448192201201637, 9.704684628755047, 9.639548815857786, 10.338613414713608, 9.6514321862638, 10.074861894392823, 10.551199702692095, 11.271746202111702, 11.455859360253466, 11.891276899332835, 10.035402935049722, 10.126181633733312, 9.774040280214418, 10.897796451469242, 11.484580202850537, 10.942645911876287, 10.674414682976845, 12.276206131187735, 11.762299875954916, 9.50091878065529, 7.562824030503331, 9.542656790722924, 9.045945149588382, 10.570162415366227, 11.43874351524385, 11.346638846246432, 12.47832153000565, 11.880217385876902, 13.090468221444405, 12.8660591669101, 12.368411245478327, 11.979241244553238, 11.977617581062404, 10.736233089730002, 10.397323136956063, 11.833808002440477, 13.802220562680862, 10.920049696331024, 7.887652775986637, 9.473814877505351, 10.60159693602313, 11.154491740967723, 11.778746505756603, 11.708702940212246, 12.544522554697068, 12.363122043242413, 12.76161309522255, 12.573098891807067, 13.163616256588611, 12.343961831854374, 12.54625369675385, 11.764671324414058, 10.598385568657747, 10.9008151968632, 12.282198598296329, 10.070039356351849, 7.548531796250744, 8.08635958489095, 9.207797112220472, 9.253969837216241, 9.046669251678034, 10.110915759343486, 11.11119953379812, 12.032684338754223, 12.338673823970105, 12.715918809539474, 12.785694064405824, 11.477710459374277, 11.915790450285686, 12.193980036461925, 12.508387925248465, 11.830967813175151, 12.239983377473067, 10.124074868057956, 6.381083320680384, 6.1699523021252105, 6.282445624812905, 6.246066238774591, 7.285511759124284, 8.40663289850437, 10.081807623722776, 10.667034078427488, 10.93720564391787, 11.166976592218646, 10.106459379972677, 11.478685503479346, 12.216731533600251, 12.548451737644841, 12.624519278685163, 11.86656818176014, 12.242754703629988, 12.809512305926146, 3.0968384558226525, 3.3986798764160007, 3.9317214030534102, 4.958932654814052, 5.999940280306714, 7.254500412727918, 8.293098912984503, 8.986250080235653, 9.20944543210051, 10.059076357465978, 11.638113064236286, 12.437916939919647, 13.21931669457177, 14.122396933718225, 13.460450584754268, 13.701421811537388, 13.738617913471817, 12.903251056847163, 2.5380209950657577, 2.9677934797901253, 3.831045101223867, 5.066473000603476, 5.850866343117582, 6.075412120793316, 7.388098329083598, 9.531167351736679, 9.590535838397603, 11.209670207990902, 11.810347295630905, 12.528313155931095, 12.562054915118237, 12.224534509459493, 12.736874764831613, 12.444487492349259, 13.392717093814609, 13.307593417323535, 2.339746961891267, 3.1434640388493635, 3.3935350414879837, 3.5206178854394814, 4.294637339143615, 5.393296762364832, 7.702320332134879, 8.172923599513636, 9.623047383648522, 9.34363534215281, 9.424613802967432, 10.359664418947482, 9.287469443206897, 10.795246489289347, 11.726461446095039, 11.71050632014165, 11.802875670111895, 11.772875922759608, 2.0704128830432262, 1.4115884061614352, 1.6375804496886839, 2.3227133264895587, 3.7359308128440945, 4.390206839610091, 4.889799792132414, 5.661792303941328, 8.478689373316428, 8.657003038389721, 9.115580334830142, 10.657012710914564, 10.851266036877458, 12.248134265665794, 12.423788860815606, 11.991151230639515, 10.75990650397393, 11.587660951590957, 1.0057624600294668, 1.3914241081355094, 2.1888222195386606, 2.8735694262331273, 2.572471582539083, 3.5895754357589085, 4.9328720871833145, 5.958547572526704, 6.313506263273682, 7.633957876257479, 10.377624341942234, 11.08719897166063, 10.240676678215117, 10.164613878990117, 11.137622105825965, 11.712151821860905, 11.61550275871394, 11.393105731702846],