{"west": 7.0, "south": 46.5, "east": 22.5, "north": 52.5, "cols": 18, "rows": 12, "source": "formation-steer-fallback", "hourIndex": 22, "validAt": "2026-07-22T22:23:41Z", "level": "850hPa", "u": [8.243290739788808, 8.989130774506064, 8.515177851493764, 8.32862322808213, 8.330119370226539, 8.465398321992888, 8.007272402647077, 7.491915885443255, 7.487587099174342, 7.178809121400146, 7.789713070606392, 6.409726133356646, 6.786558523338978, 6.6389208292169775, 6.450762393523596, 6.5328122295777, 4.936221639088386, 3.156078604668021, 7.100199399063593, 9.6148169658624, 8.77514205508937, 7.871577364254563, 7.60969260363233, 9.849137895737337, 7.535907293171116, 8.197383107888738, 8.009355733462481, 7.527207725328656, 7.4073443556886405, 7.325277528505843, 6.905219213683005, 6.184361619793615, 5.97081110371166, 5.57715927683707, 5.55397116083902, 3.4740765625880945, 8.215442699199127, 10.036881308521908, 9.282364920369186, 8.204537272367968, 8.493157781608462, 9.413298577823669, 8.578683772021819, 8.450773967865839, 8.524293275124224, 7.042487960576388, 8.356704681190093, 8.271343199473968, 7.208620840042589, 6.910015486588676, 6.75462340401612, 5.296560388350108, 4.820966314922208, 3.305217553509416, 8.392943139670715, 8.538553682891408, 9.922027659389652, 8.218318542407468, 9.296523359460808, 9.350172760050205, 10.308213345266324, 10.081660012221008, 10.692225919779114, 10.264821579075209, 8.529430937106182, 8.635767793524314, 7.347937262328085, 7.664521920762878, 6.69544540778961, 4.903626043918679, 4.587966296509944, 3.900458743385095, 6.687326358001884, 7.553470680936605, 6.823657575799103, 9.449629236259021, 10.554099068775187, 10.683616167662269, 11.509103933533307, 11.273502088828078, 9.939159037028418, 9.716605837220824, 9.202317442326057, 9.25331372706396, 8.204449450696508, 7.409436055514526, 7.18832381325986, 5.350254566223587, 5.514231940173931, 4.905312284637465, 4.736811776188673, 5.739499698918713, 6.101936088827155, 7.7316365907701385, 8.941978604357326, 10.067306144235411, 11.28208123424955, 11.606936110128085, 10.94623050067969, 11.027276556263926, 10.369056402013962, 9.829106615048591, 9.373847969416895, 8.367462722361745, 7.880163544999757, 7.270400560772685, 5.661328912600661, 5.003477967987878, 4.473019239487307, 6.676282109909849, 7.514834002261736, 8.419073102035412, 9.949495394732795, 10.215712155889783, 10.725795468996573, 10.82953294736754, 11.724266152728921, 10.980368366286804, 10.456837725938993, 10.37922362994819, 9.475748880036413, 8.489914498201147, 8.473797336731588, 7.152881869535192, 6.786622707229388, 5.9614311340595245, 6.9597285025253655, 7.648673599528814, 8.165022760555797, 9.030558815966963, 10.209300466779208, 11.4400285766918, 11.9574095576246, 11.904189348547503, 11.04466767071066, 11.205726783810308, 11.260290249965317, 10.110475519669732, 9.412875333278416, 8.374987244148784, 8.799986596836932, 8.022250032928847, 7.945853737122478, 7.149901989569101, 6.588817245405118, 8.289420608330177, 8.573352662119873, 10.654621950716097, 10.879118471096078, 10.604659433285445, 11.764352514294377, 12.258374070746738, 11.015205374300843, 10.780865663859037, 11.138971626109738, 10.410849675870212, 10.394677049350495, 8.651703089922174, 8.019084904195235, 7.841331998203584, 7.845217992099902, 7.194406549669793, 7.804779540444238, 9.1384855423174, 9.137458954497623, 8.735329008521889, 9.359921442433079, 10.182550681895675, 10.943004009422191, 10.06984708799473, 10.948091038365462, 11.366632976543697, 11.50586802480575, 9.923319378854888, 8.620913395976016, 9.92576230008525, 8.934246459917699, 8.301118404151044, 8.103068757895112, 8.12267858304846, 7.574898737914729, 8.378251594898448, 8.077850381301106, 8.64825880148665, 8.897783264917278, 9.694895869175712, 10.522311241746443, 10.50055802088632, 10.877495082061285, 11.384657304346128, 10.703476138530128, 9.792386995127305, 7.622723859581521, 9.170961716595349, 8.969532672496385, 8.075423574700105, 7.782928278265898, 7.240690401307873, 6.185578396636708, 7.248933671035671, 7.38077436510233, 8.763826007009586, 8.93388383799577, 9.244996292736241, 8.928871397385008, 8.580538875944681, 8.534304629355228, 8.815706456629682, 8.66896207016201, 9.046898791028793, 8.170020010881109, 7.540126202631378, 8.075030403238337, 8.283922596226319, 7.411057442090163, 5.9423027450698855],