{"west": 11.4, "south": 47.8, "east": 19.6, "north": 51.4, "cols": 12, "rows": 8, "source": "formation-steer-fallback", "hourIndex": 1, "validAt": "2026-07-18T01:03:10Z", "level": "850hPa", "u": [10.259768387034095, 12.019409095283683, 10.557658666585523, 10.47933197368867, 10.120697349754629, 11.543456337985457, 7.703557781990743, 7.645838866195486, 9.352728514570734, 9.999984769132876, 9.991650562926182, 10.149566813604508, 15.18045499996322, 12.856482768083481, 14.404149588149377, 12.217457094344699, 13.779425433235224, 11.719212260845277, 12.225914736655385, 12.186456474536033, 13.34900895442939, 12.118948715120403, 10.873448147832084, 10.424984121821025, 10.179195607602216, 10.548029958253487, 11.440775824060406, 14.593414808622198, 14.653525637037157, 13.531006878787688, 12.987525981530224, 12.119017044434496, 12.112545604857505, 12.490784655399027, 10.158613016663818, 7.479101934301078, 10.013928557815012, 10.20790296087196, 10.419855891812754, 10.309025027001466, 11.048897801875684, 11.761671896949665, 11.347516661385837, 12.833528060124182, 11.577396258220949, 12.472849868941887, 10.101950698038843, 8.862035792312147, 9.86235365219384, 10.624730936739944, 10.455462013469056, 8.810723386737257, 11.095114447325162, 12.094674307444546, 10.558784141081336, 12.416565241444502, 10.885458054010252, 9.89776230907789, 9.32953534825489, 9.01706294509396, 8.974666201726041, 8.400551703631816, 9.824461289016156, 9.742145352365847, 8.740286405917237, 7.123868867764981, 7.5178067922030065, 7.792030469862986, 9.345056074565267, 7.97136850039263, 8.48381115925214, 7.424444487978778, 6.699836725726145, 8.139101665936888, 7.6549224312986714, 8.494822029662314, 8.797795470194854, 8.32669674218549, 7.061528564798165, 8.202908394837158, 8.635906491925336, 7.975265297407336, 7.74463126379699, 6.982397880323656, 6.916830429873726, 6.706864636582564, 6.973820179151069, 6.864302609826291, 6.888558534636796, 5.725594074433755, 7.722160904401511, 8.235276274715103, 6.876685598741749, 5.532957499544519, 6.094652440747484, 5.83570940093996], "v": [4.103614582830094, 1.1573374616817056, 2.809175765215057, 6.099116852891601, 6.447595300161886, 5.530697584665374, 2.5030376544370743, 3.2297287861637125, 1.1649439182791432, 0.017453283658982615, -1.4754385884803587, -1.0130614473851176, 3.700596032275293, 2.9917972581664842, 4.931642692066827, 6.523514554888828, 3.1053276364838305, 2.066413314236472, 3.528828963272756, 0.5746986986576407, -1.1678869528186204, -1.1669220369337268, -0.7603455638109661, 0.01819504821448938, 3.1315294637240365, 2.7475560048499386, 0.459509024497809, 3.128557051339541, 0.7936065805515777, 2.581177608418355, 1.8946751381377727, -0.38085545382230535, 0.9532780130933167, 2.000699550769216, 1.8461328710763096, 3.174690418975349, 2.515324996690681, 2.5640479990478857, 0.3274571633894862, 0.9200559725676682, 1.063887852974487, 1.4441517193509976, 1.0926415787305543, 1.032561150734058, 1.2986130602036943, 2.1096246459586916, 2.9540171113912908, 4.6329603511986175, 0.4996052832575443, 1.26692246087956, 0.6394834516276261, -0.8328585728688522, 0.32929530934472934, 0.35896155342984004, 1.1843574046922105, 0.9118155542390165, 1.8998165580874775, 1.4262893370551168, 3.5999680812005126, 5.080853849916709, 0.6748085414369498, 1.1208729074291128, 0.10288527894211347, 0.3912849771924575, -0.4121814437093743, -0.6107310004321787, 1.7771342197781068, 4.700453292686442, 1.56382606552992, 3.0918900742018907, 4.702653316389471, 5.926856168739169, -0.04677444399634354, 1.626352997212897, 1.7391557063128178, 0.29664572197125916, 0.6924015197982321, 1.4382702679529755, 3.428894038686463, 2.3211891060208965, 2.4437152171891547, 4.330215749355947, 5.964168977134892, 7.332240097054358, -0.6782011533260878, 1.8222147915540097, 1.6871446615110828, 1.3716230096976239, -0.3971917860210137, 0.7537887600707986, 2.3609015156360993, 3.0299916962121425, 3.235922615894552, 4.5286732392869835, 5.373158905754671, 7.496298805929562]}