{"west": 11.4, "south": 47.8, "east": 19.6, "north": 51.4, "cols": 24, "rows": 17, "source": "Open-Meteo/icon_seamless+formation", "hourIndex": 10, "validAt": "2026-07-20T10:11:43Z", "level": "850hPa", "u": [-1.0139050744691827, 0.24741884615122844, 0.24893035657981902, 1.9021130325903073, 2.9055678694342575, 1.9096457764500576, 3.400194687868572, 4.064295212842902, 2.4001231135275995, 5.336483785878362, 4.925981994192022, 5.305552056687727, 5.702016175552617, 4.449106791686796, 5.833333333333333, 6.194444444444445, 5.569732613950686, 5.817520598775134, 6.710232087193583, 8.678129902936176, 7.5946279208391205, 6.8573384056169, 6.095411916103911, 5.60654019125637, -0.5125934948481844, 1.0242010444024408, 2.16342899398917, 2.5415559548300317, 3.5360778501983052, 5.054785569957311, 5.841714837715784, 6.96266703398328, 7.223530325834066, 7.328866064806702, 8.609799597180036, 8.470931861741647, 8.978076452338419, 8.075462383687858, 7.740543313180001, 7.09378880184764, 6.207065201616683, 7.470170496686804, 7.736892001328578, 7.090624359530115, 6.855055443931109, 6.806299837550029, 6.570731456015714, 5.542948777392154, 3.0380972048317405, 2.648842778576782, 4.172327345550542, 4.556714151489825, 6.586928564730257, 6.058001539893195, 6.8089370128964255, 7.471666863744396, 8.724580341923717, 8.216076477475388, 8.861759278117484, 7.850303850162937, 9.256515615459735, 8.353930109647793, 7.084051186430191, 9.227467464903373, 8.232431244992929, 8.993424357772701, 7.716497739122246, 8.609923976848178, 7.210738675014571, 6.673660187530194, 6.593307410252709, 5.305552056687727, 4.042898859483318, 4.182780627439836, 4.922994966185126, 5.57556203738218, 7.200253172068292, 9.735430472951265, 8.257470948556147, 9.618451407215757, 8.499800923365145, 9.498553103985717, 10.127979430599412, 10.122740258247163, 8.720893785530745, 11.138929618934053, 9.744060563436184, 5.940823249502402, 8.61111111111111, 7.722222222222222, 8.216076477475388, 6.217184364512144, 6.328306164927266, 6.198399551151076, 6.0524501617554165, 5.689598885285638, 4.30346778613479, 7.338979463853002, 6.313696353496186, 6.059080971212186, 6.330788638082687, 9.52743907185713, 7.078433107598487, 9.507714565748685, 10.359603076752846, 8.609830708780875, 10.397814721786485, 10.875125454168222, 10.24843887535301, 11.15184620363815, 10.75, 6.971160319007061, 9.35968536854733, 8.220969937952551, 6.8315110224497015, 5.68746503430172, 5.94949611360348, 6.083160808764866, 5.316221873109066, 5.178435679827507, 6.961653267577913, 6.46424989317414, 5.826779205322231, 6.694133291741251, 5.68428284755396, 6.819862438449591, 8.218606259256902, 7.606474627867562, 5.076366801669083, 7.961296568737852, 8.857397725966269, 7.967939939565056, 8.217213466601455, 8.987665812791166, 11.0, 9.503209222407945, 9.105560868396205, 9.605256281905753, 9.105560868396205, 6.060184413391452, 6.216682875988747, 5.076366801669084, 5.556504163494367, 4.553659434326662, 6.711212106742307, 8.238693661725234, 6.466642471517938, 6.819862438449591, 6.46237895769712, 8.234761372255402, 6.851150834759216, 7.604904314927607, 6.712327112964954, 8.994517443171862, 6.46237895769712, 7.599713065134808, 7.736892001328578, 7.606474627867562, 7.5970422562854205, 6.443462924341188, 8.722222222222221, 6.4682795193180365, 9.104112657560673, 7.983800771150859, 6.463352266605993, 6.844397789282683, 5.5620870643455795, 4.943691381606602, 9.109998763369076, 7.334936454095043, 6.451549985668592, 7.223530325834066, 8.232431244992929, 7.731121389513637, 8.22472645982582, 10.116213473863425, 7.5970422562854205, 7.857657033827132, 7.720508910211027, 7.8503377315429, 7.856322334622336, 9.237323196479807, 8.859761520969133, 8.22990341464355, 9.244365149926635, 8.359837673390938, 8.602066647558125, 7.717518053091906, 7.729592425455034, 6.447410001107149, 7.47127356290722, 6.310001232468413, 9.121186439795121, 6.8315110224497015, 7.33381323157199, 7.9805124020785945, 8.105793571737463, 8.342933677811626, 8.216076477475388, 9.218424512221285, 8.987665812791164, 7.599713065134808, 8.217213466601455, 9.35316133208361, 8.11111111111111, 8.619189759858369, 8.609799597180036, 7.223530325834066, 7.720508910211027, 8.36111111111111, 7.606474627867562, 7.722222222222222, 9.002188127116188, 7.984421364212344, 7.593250245550175, 6.322236997755622, 5.8223862306868845, 5.8223862306868845, 6.468734596768645, 7.471273562907219, 7.716497739122246, 8.218606259256902, 7.444006141144784, 7.983800771150859, 9.0000486316949, 8.609830708780876, 9.355408575150982, 10.515388479857315, 10.24843887535301, 10.902797529115215, 9.993908270190957, 7.969557584733964, 10.502132640235372, 10.624308661416716, 11.250545558758397, 10.748362722931207, 9.62988208155354, 10.609807372105895, 7.6197346202452, 8.457233587073176, 2.761983524484584, 4.304961988424089, 4.3233024559696815, 5.575549769358289, 6.85351741773509, 7.075954150657069, 7.468125460342578, 8.340479320581162, 8.752842385741669, 8.998629256407522, 10.257951515377892, 13.797145584124738, 10.137344687002301, 10.12499389403943, 8.349652498920186, 9.242473032295639, 7.471084166585256, 11.401020521781385, 7.969206299691965, 7.95735552907942, 8.972692860777896, 8.718259315069261, 7.850303850162937, 8.353930109647793, 3.2982469078733754, 4.547785543324861, 5.68428284755396, 6.315686077854244, 7.073797228693923, 8.237200796409555, 7.592055193685373, 8.38227696866208, 8.982200431676452, 7.951889205690034, 10.887230458369594, 9.864800052569374, 10.374651277728072, 9.136117150505022, 10.895477441507113, 9.906335810919897, 10.504446771537326, 9.126364359284855, 7.454020264441464, 8.356966633991865, 8.747367940550538, 8.640989204782644, 8.744375683249768, 8.744669736417087, 4.067046071200495, 5.0647316853786535, 4.682577337695287, 6.058001539893195, 6.57784834550136, 7.753966622424675, 7.085144667504497, 8.597898241167856, 9.373914507032307, 8.234761372255402, 8.602066647558123, 8.238693661725234, 10.249100643934149, 10.36659313936492, 10.759623608071863, 11.27606011759708, 11.022617673665028, 11.15184620363815, 11.270577617806381, 7.459090985283498, 10.497957378537517, 9.766583354700579, 9.136117150505022, 10.397814721786485, 5.442697280367178, 6.086234087707308, 7.215318871679424, 7.2114299799639, 8.216071571327578, 9.109797907063392, 9.869857595351169, 9.330818322750405, 8.748986873230152, 10.243379041017912, 8.232742306176199, 8.722222222222221, 9.632410044666067, 8.470931861741647, 11.769952725425389, 10.61472967727525, 9.116627014874503, 7.831197209998999, 8.00983829917419, 7.87017644646086, 10.743364174399433, 12.17962580981544, 10.13469597426971, 10.260277490016824, 6.721782753855155, 7.572001478962095, 8.258974101809397, 8.348790432344877, 9.880392847095386, 10.918210345116448, 10.276287721448558, 10.519352315593393, 11.023637556857848, 10.868306674820063, 10.901705754404096, 11.388856240466326, 10.25, 10.624308661416716, 10.879701283211608, 8.61111111111111, 9.104112657560673, 10.003350615105461, 11.401020521781385, 10.640683202771458, 10.8875968249683, 11.125108079073524, 12.406676901907975, 11.523030640276605, 6.9277197204563885, 7.4663171446697945, 9.230618113786973, 9.38403558936238, 10.395076115530955, 10.636859220446752, 10.989986410521775, 11.908967458486208, 10.395192948462197, 12.036539203482542, 13.28732075409558, 13.42601930058927, 12.52586973654257, 11.77060307378046, 11.13888888888889, 10.00047017009208, 12.020450780535235, 12.405858305623562, 11.90940735531089, 12.16481362440276, 10.770631596161868, 11.397782296697876, 13.15812581107978, 13.141742087363081, 6.182459132572245, 7.474554730691306, 8.257470948556147, 9.005387615864958, 9.63543730732066, 11.000821910514391, 11.397782296697875, 12.664360833567786, 12.682534159861335, 12.286401276464861, 12.790656598764182, 14.049027041159192, 12.664737471980956, 12.535449950987797, 12.260823315214207, 12.17250347579847, 11.635649807713449, 13.426019300589271, 11.900335289158672, 10.142221176035216, 10.637268534580494, 10.222714994892641, 11.886122646880956, 12.937469193537288],