{"west": 7.0, "south": 46.5, "east": 22.5, "north": 52.5, "cols": 18, "rows": 12, "source": "formation-steer-fallback", "hourIndex": 18, "validAt": "2026-07-20T17:51:37Z", "level": "850hPa", "u": [10.81518732951676, 10.371444746621407, 11.201902854576549, 10.31234491284749, 9.957442283539557, 11.994429606977612, 9.881774274853953, 8.96260836735376, 9.446979252311142, 7.526102386002939, 8.404477123439019, 9.207793515441722, 9.370374003428735, 9.928124609505897, 9.923279048383357, 9.770697632666979, 9.109869076603008, 7.64602138376267, 8.062690242024427, 9.20970325826441, 10.647664279007104, 11.024177200506484, 10.789247376794945, 10.39113032344873, 11.259779248120337, 11.882223232072729, 10.142220692825585, 10.112421695404977, 8.859026165467892, 10.121052414783588, 11.036004974621848, 11.297917546974583, 10.973930201002114, 11.019559828032191, 10.950000000000001, 9.52061508015273, 9.007356326144999, 9.645405246389137, 9.885707574201888, 9.848784829944357, 10.241009008513299, 11.440384300402467, 11.356594182363677, 11.913572881882162, 10.780300011901424, 10.675235696717191, 10.078817971433526, 9.985311680742965, 11.944754380406145, 10.914601820781797, 10.770257492786364, 11.76980123858514, 12.620810549489578, 9.910205467064351, 7.765818245236433, 9.099222460465775, 8.277662325232821, 10.628984657761093, 10.898145102065737, 10.905869814665504, 12.4269718966904, 12.241625983303257, 13.090468221444405, 13.478835536620716, 11.338954426310806, 12.159621765978002, 11.912724044754276, 11.946924181406244, 10.4999360304068, 11.80379904233902, 13.394644863494147, 11.371749379213657, 7.567056242000339, 9.616668107124005, 10.50297277994056, 11.173517477038834, 11.488721705248304, 12.024932997233885, 13.05310279821127, 11.693829803168363, 13.028070838396884, 12.535618889704256, 11.655321929138623, 12.548719628058999, 13.371330465427642, 12.574693556120339, 11.797825403035402, 10.870841359040439, 11.542141688658907, 10.18680470583409, 7.105777030402233, 8.191511955199097, 8.911226654811687, 8.883803639690296, 8.991043702954961, 8.402796733272268, 10.03436382314055, 10.744316514848643, 12.24213407593335, 11.736410405712574, 12.364452066489134, 12.692116989342688, 11.580765072722729, 12.039411983140061, 12.34756639557041, 12.276293355685313, 11.277704595778067, 10.517590254754838, 5.509170619243951, 6.052647008659697, 5.95012587390161, 4.738553920532229, 5.878056840595758, 7.245361335120202, 9.703191763709157, 10.200145777746629, 10.69456144775914, 10.905869814665504, 11.764813000694518, 12.599911863443548, 12.69528427513665, 12.474315987834762, 12.346821225135324, 12.17660534560772, 12.126568219682767, 12.534051975958603, 2.63356984197556, 2.8222742382550052, 3.4471455582844195, 4.566886619633977, 5.359465256915244, 6.724675010968106, 7.811932439863438, 8.095697028571516, 9.600064222713174, 9.791441740004009, 11.676152027321962, 12.315853087625406, 12.592324420440606, 13.322544364020908, 13.694825152308384, 13.743318802431535, 13.798987657017921, 13.485264352251377, 2.7471444583332043, 2.5735471504149863, 3.3284212476921917, 4.437095051945586, 4.506611454566018, 5.273012220200963, 6.61553190072027, 8.13038676515489, 10.323063671361393, 10.879511641498013, 12.599072390510766, 11.683634825460807, 12.86399707632519, 12.524065254997161, 12.543807332589932, 12.321412048924342, 12.417583870612948, 13.336984899926149, 2.577011493178245, 2.281708813083964, 1.7189167285759044, 2.837905892808319, 2.4970093961822117, 3.9141309592804787, 5.244057941280314, 5.606709665331474, 7.871313445807888, 9.034308802871559, 10.294804968604897, 9.845548424484353, 11.057040196495377, 11.072571069483914, 11.584037049151835, 11.817693036146496, 11.648521926264053, 11.06862573507229, 1.5773940255429804, 1.5917371273805043, 1.3612335382658218, 2.4166609144735705, 2.803391335891702, 2.6721798921212327, 5.102476293638007, 5.923059871571016, 6.095029792886087, 7.64109434413467, 8.980408495725245, 9.509702772398224, 10.629151831681064, 11.318757108308949, 12.647668758338797, 11.708231951409147, 11.424160772068042, 11.274476302540888, 0.9190524821113571, 1.4767005288351616, 2.3456318440491217, 2.0104092133258544, 2.2450964388220513, 4.087810943808146, 5.077007548423291, 3.806912643958844, 5.345984851840302, 6.494073850848868, 9.677792135310511, 10.295301904779485, 11.53947467717326, 9.994210469596592, 10.03605734504686, 10.912282945758374, 11.148265426158757, 11.048037044403818],