{"west": 7.0, "south": 46.5, "east": 22.5, "north": 52.5, "cols": 18, "rows": 12, "source": "formation-steer-fallback", "hourIndex": 7, "validAt": "2026-07-21T06:36:47Z", "level": "850hPa", "u": [10.509095745123306, 10.13752370754721, 10.041121672191718, 9.65111597951964, 11.509578725923859, 10.103424044984013, 9.117646462757016, 9.419580383637689, 10.981759982754312, 10.34943250293305, 9.106330709833756, 8.575792148315996, 9.796179127395474, 11.25396985220655, 11.384875067976258, 12.610244189507718, 12.756164247041546, 11.1654601067987, 5.760695858448634, 8.651618334161302, 8.71398848788974, 8.749346984528955, 9.124499670460299, 8.840889542647826, 9.103869044374898, 9.627653290763591, 9.912834993626948, 9.774702964242843, 11.197117224414221, 11.185656800462883, 12.212415215691488, 12.843240460094309, 13.187206341032647, 12.339755249702483, 11.821311913857286, 12.68775504785416, 4.813430194632753, 6.768542209827229, 8.054755455975247, 7.718223862513681, 8.249384299698729, 9.174315266634647, 9.82247113659551, 10.255835053784685, 10.308308002644594, 10.179934060844083, 10.761684185000313, 11.511161817748324, 12.34756639557041, 13.126993925368636, 13.301048335715848, 13.149852421120707, 13.288060194598282, 13.159609912737219, 4.750240261726726, 5.323759700423591, 5.709659110266255, 6.338771904144553, 6.58780621069426, 8.09753865528974, 9.486410572514071, 9.480832615426205, 10.189421193486254, 10.620243822562145, 11.877833417689397, 12.30104394712823, 13.152177582258412, 11.664227864342466, 10.999914739147943, 10.76959944207125, 10.804249388741805, 9.75676765457375, 2.9940297401814395, 5.445830477126856, 4.741860078030082, 5.1294382726262935, 5.578658915329509, 6.084509719588756, 7.254508145819076, 7.8339927929437465, 8.559120534887889, 9.120779826994367, 10.016156927153293, 10.165932018635498, 10.026592204034745, 8.675386805843328, 8.50823680347967, 9.018431828447161, 9.306954454733122, 10.666247327824731, 1.3538625170596899, 0.9523343013276521, 2.7936611417240247, 4.910757125234902, 5.195568397516553, 6.0964707279852295, 5.577272067110429, 5.403334303811637, 5.537183968863816, 5.81928983556519, 7.020475349561806, 7.98513041334259, 7.491025068188426, 8.482316796428202, 9.385618724809197, 11.522222237922705, 11.60505464492015, 11.818498803511279, 0.218800290735069, 0.6917888187662733, 1.2414748492508323, 2.3715153383472023, 2.6357664790961937, 4.224943375506473, 4.471020602661312, 4.932438185334706, 4.906222822480729, 6.005744387785185, 6.769393235538893, 6.950108461667859, 8.204537272367968, 9.88671353919243, 10.684955803376768, 12.438174580684025, 12.582497573987332, 13.53017188292017, -0.6129402024092109, 1.511155371075189, 1.9316840820870171, 1.4859709976757014, 1.6597865392485647, 1.6843352717778648, 2.921542825165508, 2.924326841532144, 5.037689522100206, 5.510278682051347, 5.893050985191592, 8.02698276895396, 10.448480788227815, 11.657642451660855, 12.51271455971675, 11.805162248968506, 11.708231951409147, 13.41761914901809, -0.7597480817479717, -0.1753855536627503, 0.6096371436532276, 1.7659785787005082, 1.8204405248076005, 2.5690756265942882, 2.8500177994863423, 3.7915386949020564, 4.909146048526448, 6.157617277393377, 6.47218583283153, 7.673038760508311, 8.598564799771177, 10.725795468996573, 10.332426601909958, 11.96276411699371, 13.592467485655511, 13.283991858982372, -2.1443656487059815, -1.377252662205077, -1.2215480018462657, 1.8841224392330589, 2.801976587861724, 3.7580057552443953, 4.60165129754823, 4.877175006761933, 4.958748526560144, 5.507905442110539, 6.034596311927778, 6.823892611627394, 6.542852670481596, 9.329227588064157, 11.103572148350873, 11.509367566306034, 11.524080273948078, 13.495025397275509, -1.5569776277860807, -1.3281522996584405, -1.0520306268363828, 1.165053647490958, 3.4932114386509334, 4.688944000598231, 4.265461531337555, 4.382000756183365, 4.430096728753392, 6.070495507836657, 6.979907783380691, 7.639910980868376, 7.374354082246135, 9.01096699050731, 9.912606445784306, 11.162494260344705, 10.649727233618156, 13.027645756142793, -1.93111350349473, -0.8963946523599882, -0.4853358893021127, 0.36806363905809, 1.1554779305852791, 3.700316902300486, 4.90735078019929, 4.624792578778806, 4.521927295839336, 3.0357201915143603, 5.047593236266198, 7.377164935106413, 7.001189350429442, 8.706697857140016, 7.84399144181795, 9.176543853877414, 8.738182049183115, 10.269827874082182],