{"west": 7.0, "south": 46.5, "east": 22.5, "north": 52.5, "cols": 18, "rows": 12, "source": "formation-steer-fallback", "hourIndex": 16, "validAt": "2026-07-20T16:06:46Z", "level": "850hPa", "u": [11.618713659664937, 9.974255562363009, 10.202720595794668, 9.302582823977462, 9.399941621757296, 11.45148246346812, 9.511461803472102, 7.186570548637443, 9.10380937371549, 9.579063724825126, 9.128375404161243, 8.859568016145758, 9.974756916286312, 10.363525736194847, 10.273640064188724, 9.729677278153746, 8.689613394870475, 7.170716412410834, 9.308962610109177, 10.157577797077073, 10.856321232043225, 10.939648191057312, 11.585453435578435, 10.75948230037469, 11.122145397446415, 11.507840170589068, 9.610608823616323, 9.565232553660177, 10.044474670214662, 10.955682111463323, 12.20703752580643, 11.199573538318718, 10.914601820781797, 11.359410957833278, 9.821043456509523, 9.547380962469038, 8.980784922719334, 10.728425868484281, 10.209420920460389, 10.950871114505247, 11.110238191939931, 11.56080353465167, 11.595511300742297, 12.050659789912979, 10.36899224842133, 10.509129682315887, 9.496296092883366, 10.845769748187845, 12.69982591154232, 10.144419691808835, 10.583472100328999, 12.508959948731933, 10.86004553503194, 9.197538662953358, 8.547746396960168, 10.302017146605321, 9.592135790524198, 10.545802861189047, 10.956191087565095, 11.63475323743196, 12.072214626641427, 11.431915466984963, 12.158614272684293, 13.083232939449577, 12.718182657563133, 12.459735980703089, 12.235460733050434, 10.46503012106996, 11.13668843135699, 13.177415113629621, 12.310016944035223, 10.942910433674951, 8.52260646038287, 10.08325405709846, 10.680897448523314, 11.116927852544794, 11.138926002764611, 11.848221636145654, 12.272008190156226, 12.697053410214851, 12.789502511427875, 12.974702240738397, 13.204851136200192, 12.896702962076816, 12.4445245575385, 10.675221783540977, 10.860096190455991, 11.985488377555289, 12.183226852183653, 10.523111365839503, 7.864282606279148, 7.782307770618184, 8.426161376067737, 9.23813315118445, 10.334976061036302, 11.081750211899164, 11.735451384945435, 12.010938795688126, 12.870567393424295, 13.317291559648057, 13.488133386051384, 11.74286053609569, 11.473319878411596, 12.723759618018397, 12.225719752098712, 12.641646991064546, 12.13832531180373, 9.860390824580293, 6.6946201876383515, 6.461579293579416, 6.482691720897023, 6.601599509730253, 7.813850283267553, 8.571247972401668, 10.14222117603522, 11.26797622819169, 11.61979419808362, 11.439819002913568, 11.452651438701812, 11.994927037176234, 13.294336997614002, 13.120502390304189, 12.844989978268552, 12.215355644319196, 12.738045957209561, 11.821991923163807, 3.45507804524148, 4.035441316746041, 4.691983621527846, 5.980990190173805, 7.4047914463706475, 7.671647341283904, 9.13040794766661, 9.660018752204103, 9.752097760334767, 10.200145777746629, 12.27956349196411, 12.894138751108738, 13.823652394428631, 13.540258628287564, 13.469336491280998, 13.604678422592338, 13.923382941224071, 12.937754465240147, 2.969967709371603, 3.516490383088567, 4.261183602173356, 5.320151441869729, 6.238507733476689, 6.687753759611803, 8.651094053200202, 9.651294216579673, 11.00664568758143, 10.878384884892542, 12.060123241379419, 12.108304076108729, 11.748854657109327, 12.51307897531277, 12.391632379513892, 12.809255054574328, 13.399987722334437, 12.623952595628785, 2.306423355659652, 3.3184460659839936, 3.7607782907234353, 3.4928777549153964, 4.938805462165549, 6.8088980558575445, 8.81886360292313, 9.335880463478844, 9.60205507234083, 9.578306002547178, 10.548869764235121, 9.99895672560113, 11.202850026607347, 11.945905033457908, 10.625854417569636, 11.692168857954472, 11.465570117870316, 12.556656736387362, 2.0294206816776477, 3.051600593842072, 3.61161015239691, 3.592839725260262, 3.9579266277233125, 6.354709583690267, 7.194018180774211, 6.661629740823693, 9.252570814986557, 9.417262340316999, 11.073508273463682, 11.122957914669685, 10.40424236285626, 12.265952298940375, 12.237389479936256, 10.949176138657817, 11.36497743696923, 11.24624330519019, 1.7401335953088857, 1.8971395210667579, 1.9658207409061181, 3.8419146656907355, 3.3716993826681554, 3.1064493626790766, 5.000053782866511, 4.834357275536043, 5.909473979916354, 7.563725177482784, 8.75707448670848, 8.270984735466667, 9.455185755993169, 11.147945190156333, 11.719214420288203, 11.781281526827035, 10.436802038992317, 10.26362911599471],