{"west": 7.0, "south": 46.5, "east": 22.5, "north": 52.5, "cols": 18, "rows": 12, "source": "formation-steer-fallback", "hourIndex": 17, "validAt": "2026-07-22T16:58:44Z", "level": "850hPa", "u": [8.319405056087176, 8.062021456403546, 9.28903607952166, 7.542893516600738, 9.550675959078948, 8.420400614965352, 7.639083375538427, 7.754662443973731, 6.818834034265218, 6.844925725683074, 6.171543557146422, 6.345255931620588, 5.1221542699677745, 5.149312861009645, 4.717474478598232, 3.2064081523367527, 3.3227073878354223, 2.458875408788294, 6.884159849763808, 8.697033789660429, 9.011327797364546, 9.348575279336192, 8.903453333464954, 8.295646462635588, 8.07788961575582, 8.338848496313382, 8.032550105462047, 6.593473721481589, 6.693400260948961, 6.885903248601361, 5.102451221661031, 4.580979529494863, 4.311719446153728, 4.286173202035794, 2.6936663344332272, 0.963747386051463, 7.430145983044318, 8.434100816200626, 8.155828769074866, 8.635960554573781, 9.545961536662459, 9.742785792574935, 8.839251751104673, 8.696932689530685, 7.817507969502439, 7.363512848312191, 7.5845343222651325, 7.396310949786096, 4.769910913449483, 4.332705334699657, 4.276549038786264, 2.7554195051335473, 2.6925296447694587, 0.8713524729204994, 8.746203081749929, 8.258622236698907, 8.672757125847994, 8.653324980531167, 8.725336927380448, 9.635863155322086, 9.711324695894934, 8.684795076465907, 9.514333153573952, 8.977322274859135, 8.241810348742405, 7.501698769843974, 6.8932591584276475, 4.041023609510754, 3.854319357247638, 2.2067867692476675, 2.4396467411566394, 1.9788590745705625, 8.657003038389721, 9.022725947193855, 8.855589521731522, 9.004960911254706, 9.600750427529174, 10.074854643036076, 9.584175041206791, 9.124681247264048, 8.971682919961996, 9.195584937095294, 8.74699866796803, 6.799805310723886, 6.1866339087563, 4.124522404227229, 3.4922390320765717, 3.064706717526916, 2.4767334294692716, 1.410333980262683, 8.001301845870659, 9.508635978143404, 11.02578107503854, 11.167834812090435, 10.669803127155705, 10.170681292682122, 9.182252592165943, 9.297749335279242, 9.038535333501308, 8.991210176879745, 8.774173135558444, 7.938553819831811, 6.164725290588641, 5.048230650841544, 4.26219468787299, 3.587210810646257, 3.3650914072433933, 3.1533988546355123, 7.864771796654195, 7.821034959439475, 8.946907414450296, 10.875738467920916, 11.59822090389571, 10.686528151551327, 10.606832972624478, 10.235549234544008, 9.153005732761901, 10.086345096245529, 9.140442170324532, 9.05028407190907, 6.972235066261157, 5.292761196106007, 5.1858621692477795, 3.9077544881103323, 3.9384649560084144, 3.5935979627414647, 7.445166933505038, 8.383720241343202, 8.425604630998938, 10.071670996241538, 9.908082144102679, 11.311325761555066, 10.726148328866968, 10.46704353446179, 10.490820573839613, 9.262227502365363, 9.599900177834806, 10.087995556044097, 8.042830570677017, 7.609969544545628, 6.422980560328782, 5.409281892909497, 5.219078928181425, 4.790981591529574, 7.001832260401472, 7.52144980728712, 8.603689214539603, 9.807053699530051, 10.050530056885956, 11.84280032033807, 11.786594788456327, 11.317572543912329, 11.537177842977105, 10.651285003257515, 9.608698278788385, 8.276649761100373, 8.090517911787142, 7.5383704233987, 7.4096989932704185, 6.063000396312097, 5.575604443327525, 5.3453822773756325, 7.144005832909273, 9.326912549537585, 10.992750012813772, 10.852067618332434, 10.448558078087435, 11.709330700602148, 11.426340022064409, 11.359791121388357, 11.463891581331463, 10.872024593675736, 11.94129197396326, 10.3285462369148, 8.834278183574208, 7.882743625505215, 7.385014385540233, 7.0470776766533865, 7.214407706336983, 6.99421886851387, 8.172622184442078, 10.217188363202554, 10.000902976724236, 9.622975447625173, 10.55525582941753, 11.067420321930198, 11.920537852209101, 11.508662665966671, 11.759796981361907, 11.36497743696923, 11.387275701966729, 11.567521000799257, 9.477904303880681, 8.47704983416414, 8.161930189108144, 7.993555160915568, 7.076340877961713, 6.503564521847041, 8.296476839440865, 8.44191582559016, 8.955205745720425, 10.135427626457032, 10.619873791533491, 11.512424611177746, 11.048853923146662, 11.153655674953509, 10.35342840281252, 11.346638846246432, 10.49617555360698, 9.43081455380007, 8.762974167471386, 8.01853502079343, 7.438040385460167, 7.203706134839498, 6.9961515115923, 6.758884726562914],