{"west": 11.4, "south": 47.8, "east": 19.6, "north": 51.4, "cols": 12, "rows": 8, "level": "850hPa", "source": "Open-Meteo", "hourIndex": 18, "validAt": "2026-07-19T17:57:38Z", "u": [2.1681763572127886, 3.65379539193052, 6.42302174473459, 4.16784141979855, 5.218394644993751, 5.7040687798341345, 11.708273724148548, 6.586531086719649, 7.661565026274857, 8.24431808263069, 9.806356044883657, 9.479319410115131, 4.191965424845516, 6.976315752707982, 6.500005678996021, 7.211960113189047, 8.469046898926473, 8.649380052084112, 6.683760217575201, 8.715298277628454, 9.832644210657742, 8.248044523816207, 10.193892106707459, 9.465345991685835, 3.1826590136249924, 6.217167691655767, 5.683319667187487, 6.059349379805222, 6.721848876231379, 9.383967243055686, 6.356455251344664, 6.904155682272119, 7.004458186130793, 8.092444273579373, 8.396308453962172, 7.580037461874762, 5.701370168948728, 5.851728384936634, 6.107054183940913, 5.8023269803803625, 8.456594893449696, 9.605810440291046, 10.05736676599263, 9.426336598647092, 7.778174593052018, 7.4760600609959695, 6.359918473586134, 8.112750378029858, 6.355954722921986, 5.84670795136323, 7.456001895253164, 7.351163161519496, 6.057065212939176, 8.064745665058124, 9.960759555867622, 9.368572292879922, 9.622504486493767, 6.9499876194791685, 6.566189838241137, 8.498672231737885, 6.325674119787219, 6.674390203593318, 8.810219650391641, 8.339139612204852, 8.975175684322172, 8.12040406793423, 7.1796535328612485, 9.642656345770309, 10.111795877937137, 10.708782864588265, 6.826953396736116, 7.841961839542507, 9.477879402238269, 9.21158336456289, 10.23626552729607, 10.119336188844382, 9.99907321589168, 11.13461464461886, 9.642107845417694, 8.612779225988486, 8.744436302602663, 9.38403558936238, 3.910443998943519, 6.332368735990478, 10.742141595003348, 10.772202382903433, 10.539693621162511, 9.352085949280584, 11.66864892014015, 10.52047522776938, 10.65217242058826, 8.23894542440903, 8.58923785516706, 7.065519863962896, 6.585953837384317, 3.547720216794853], "v": [-3.9114936902622963, -3.2898921479310537, -3.7083333333333273, -1.7691437206597656, -3.3888651067601647, -6.561780516936877, -8.506558790121622, -8.740621971073143, -9.80635604488365, -5.560862762292427, -7.661565026274851, -4.829954483340183, -3.5174766418957875, -4.0277777777777715, -4.898105605098618, -6.725261606171855, -7.106374129312301, -7.787936779565602, -6.232707235015605, -8.1271471240781, -9.16908906306247, -7.691425949593727, -7.137840096813007, -4.21424355186871, -3.412983940889463, -5.034563128398699, -6.0946141801597555, -6.729589252934175, -5.065276444863075, -7.07132652203657, -7.575328381954342, -9.162124045820324, -9.295229964161539, -8.092444273579382, -5.879158472598214, -4.201683375468255, -4.296290581946569, -4.9101831295499565, -3.2471783092690742, -4.062833090819904, -5.491776936401517, -7.238497361801028, -7.042244024087834, -8.790201085249972, -7.778174593052027, -6.971538791749978, -4.130179348863951, -2.0227358493194476, -4.287145593275726, -6.0544433195169765, -3.964426530191963, -3.427903678563445, -3.9335041417751917, -6.767125113088849, -7.505970705424161, -7.319530873316152, -5.5555555555555465, -2.6678502910594575, -3.2025447668202034, -1.962073085110376, -4.429284702933072, -4.849228331412902, -9.784740202119014, -5.210872764959852, -5.608312213134757, -3.6154368273404485, -5.609360108522659, -3.133088970745992, -3.481770540722374, -4.767857316055217, -2.0872091142706415, -0.5483633908218722, -3.8293118438071065, -4.10126115101432, -4.992560282875603, -6.080310606577027, -5.09478227485492, -3.1927993715469083, -4.496188729074655, -5.809392941612758, -2.8412395871696527, -3.9832867820989817, -2.4435166072975583, 0.11053190743612959, -3.698815977027145, -2.486958878579394, -7.6575356479213825, -5.843831886127293, -3.3459312358896858, -3.0166977275527143, -3.2566959331615846, -4.0184021788998745, -1.6695787095447687, -3.446084292814135, -0.5761962992761819, 2.131685365599948]}