{"west": 11.4, "south": 47.8, "east": 19.6, "north": 51.4, "cols": 12, "rows": 8, "level": "850hPa", "source": "Open-Meteo", "hourIndex": 18, "validAt": "2026-07-18T17:52:36Z", "u": [5.3290151695818375, 7.49143839348766, 6.976130967643272, 3.5321996693165207, 3.419437036748723, 2.5245184852003746, 7.836221778024456, 3.6485834423441523, 5.963421737389199, 5.559848006316627, 5.9577119681782955, 7.850303850162937, 6.855009673095046, 6.996396793290512, 9.374740062418468, 4.833641530862135, 5.071573195820832, 6.809718000022338, 5.348501240589932, 4.933655924697144, 3.2766081771559694, 5.923213366184086, 7.344269764723687, 8.755896962517696, 7.215318871679424, 6.476375160860405, 4.174361842332611, 6.578140904374812, 6.215980913759732, 5.826291829345154, 6.996396793290512, 6.090100152100301, 8.23894542440903, 5.71808657381217, 5.292377467571573, 4.067046071200495, 6.315686077854244, 5.792228298372409, 6.087990740942686, 5.969115858803354, 7.703616189811528, 6.735753140545638, 2.5238814965117755, 5.701333908247557, 4.958009867964494, 4.592413202933552, 4.187083347528587, 3.186551560940594, 6.059990285228566, 6.20515947203635, 5.051437606448785, 6.344715440931269, 6.855800200004938, 8.34816275414635, 7.616677414550051, 7.216878364870327, 8.735800058381047, 6.715988845957664, 3.7768330109488035, 3.7768330109488035, 3.659990117124004, 2.950128106331397, 5.2618177140555895, 3.6770838886963877, 4.916322105328871, 4.929676396557063, 4.553708634096144, 3.2982469078733754, 5.941896520409902, 7.471460235688092, 5.309675223793641, 4.57068963108454, 6.355954722921986, 6.194640090852846, 8.520663940149038, 7.112633386919136, 6.056580043943776, 7.231965708889518, 6.107083340452099, 4.80905678180247, 6.571615972049529, 5.574168279239778, 6.57366187335616, 6.57366187335616, 5.4421567321333795, 7.078433107598487, 7.217612424215538, 8.867820233700437, 9.132816872930768, 8.00983829917419, 6.960067292606081, 6.575325538266139, 7.721735034061086, 9.355408575150982, 7.826792653572123, 7.344488176499979], "v": [-2.372630417942169, -2.72666058706852, -1.869248659073757, 0.7507922168419077, -1.2445732993239587, -1.2863064159287172, -6.345647276419193, -5.210717170616088, -2.6550864200781414, -2.0236191813435362, -2.5288986927222417, -2.2510384058388273, -2.3603691198143886, -4.371833929923944, -6.564263660461963, -2.25396406261706, -3.0473086098844866, -4.09169137289654, -3.8859136123780154, -4.44228374777131, -2.294305745404181, -4.463461421711027, -2.386297901006536, -4.655592997626746, -3.5191461506123143, -3.891398788209297, -5.9616065445476645, -2.1373675444267173, -1.9004160806977823, -3.929883460502749, -4.371833929923944, -4.424716760312783, -4.0184021788998745, -5.14858827670566, -3.0555555555555505, -3.535429211782176, -2.6808496871347365, -2.825058501529609, -1.745703253507662, -0.8389045252315048, -3.592255224795939, -3.8888888888888826, -1.51650099834627, -3.291666666666661, -4.160264251582327, -5.282967061559402, -1.8642096140974185, -2.7700270112932515, -2.572313262554383, -3.2993418162452848, -3.5370546908314453, -4.7810860172634975, -3.4932046785515163, -2.7124825061800917, -2.6226323553493205, -4.166666666666661, -4.0735704673339574, -3.2756066246183826, -2.180555555555552, -2.180555555555552, -3.0710963573912458, -4.542798909704381, -6.4978037332930025, -3.4289361992031147, -4.584544531531235, -6.087643364746269, -3.821015235358875, -2.767557763928157, -3.43055555555555, -0.6536680706074333, -3.190374741803946, -2.638888888888885, -4.287145593275726, -4.839783264365587, -5.747260396782676, -3.7818542557752273, -4.0852148225779565, -4.519033725544278, -4.771376433773847, -4.035277771921056, -3.9486252409770812, -2.366094055851711, -1.76140739028104, -1.76140739028104, -1.768263912256642, -1.1211136661216585, -1.9339534203493867, -0.9320454641365792, -4.6534026223303595, -3.2361847375652455, -2.396543359198517, -1.3976285882749317, -2.658806594733449, -0.3266980663539692, -2.694980834117578, -1.0322004987871511]}