{"west": 7.0, "south": 46.5, "east": 22.5, "north": 52.5, "cols": 18, "rows": 12, "source": "formation-steer-fallback", "hourIndex": 21, "validAt": "2026-07-22T20:47:30Z", "level": "850hPa", "u": [7.923726991347473, 8.828135978732536, 8.447373486583777, 7.548446144470672, 7.780341499731092, 8.650457371389635, 8.129665631118973, 8.002770320325473, 7.738670444371861, 7.508061107741777, 6.969656565326942, 6.017855964130469, 6.789301138793729, 6.081125137301534, 5.775245725218065, 5.713039545022622, 4.320655623442471, 2.339746961891267, 7.8553243045215435, 9.720593072696834, 8.70417774220146, 7.752113069799248, 7.614641853312347, 8.743106467161546, 6.839056196566321, 8.107331405272223, 8.375643131182319, 7.388305385937417, 6.86745167901307, 6.347843407557261, 6.9332654228235, 5.89224957540439, 5.990828968798023, 4.912310645158656, 4.221608565528241, 3.0852517418336345, 7.698273835628476, 10.076757302693395, 8.883771002728405, 8.994406657561154, 10.15064721481048, 9.244192688454318, 8.212317686574979, 8.127812913155717, 8.81955097138338, 7.100199399063593, 8.79638937241404, 7.666122965366117, 7.23486756107049, 6.492571258891646, 6.4960305127576055, 4.19053712332433, 4.0931468396052635, 2.9617722006755933, 9.875066164135998, 8.419008522755771, 9.310558158625282, 9.301440964439196, 9.207333418787474, 10.348272284375366, 9.583690611735166, 10.748823776508031, 10.330481418600211, 9.802547688692039, 7.970069734084114, 9.06846260252268, 7.505054539300878, 7.02104674270162, 6.169890102457253, 4.16220444134369, 3.4919591656347673, 2.5890505840361775, 7.9823181568035455, 8.507507166823535, 8.630034184341353, 9.657116444559708, 10.703037943124778, 10.33115790184017, 10.349597410016482, 10.199793019996731, 10.755659112348111, 10.277447624562935, 8.970487475443862, 9.271083757563057, 7.72005846745871, 6.82725589033816, 6.893371914691806, 5.1795898760228765, 4.80155261392691, 4.507884120990577, 4.925291802605267, 6.454394316235798, 6.549974069992635, 8.381807066691833, 8.59122265695005, 10.326408895090248, 12.13137587634964, 11.348802562591144, 10.978984149146218, 11.09946257485654, 8.945602812586035, 9.46737311163075, 9.008232199972253, 7.895599636825745, 7.079435334460474, 6.369519590721344, 5.781387301058472, 4.320521893836476, 4.26111492917375, 6.611171567626984, 7.508281100909746, 8.449653926386482, 9.091523657500813, 10.511875757386614, 10.653453805809466, 11.044317735650623, 11.219275801273728, 11.487222304521183, 10.455268298648347, 9.327097271172319, 9.356655835127416, 8.373808037590367, 7.739205442304816, 6.92736528053094, 6.4166527097472645, 5.18959290574559, 6.379667026138905, 8.159058889763056, 7.2986566975193945, 8.19454828774237, 9.545922780649526, 10.643003606763148, 11.938335321797176, 10.03531630123464, 11.618056377711097, 11.455223362017696, 11.449489570056759, 9.704037946347228, 9.002060494910427, 8.544791571013269, 8.261278532481084, 7.590267114599815, 7.317459423716985, 6.54472328799962, 6.571326553510833, 7.697152201062949, 8.42752611359277, 10.241969481789605, 10.72173174887807, 11.675075123982674, 12.066558505681847, 11.397932149046527, 10.22381200924952, 10.269916624134499, 10.122645486512429, 10.868587315232123, 10.492554937541172, 8.333523182376068, 7.946500887949103, 7.621643933410303, 7.74300119923917, 7.110940440051435, 7.238821732117695, 9.987694185828294, 10.322526134859642, 10.279790201908098, 10.119980524647495, 11.23906494693529, 10.422509458880299, 10.515118562675879, 11.12564686358903, 10.806243742382303, 10.884181434343404, 8.775550050008295, 8.764044155064802, 9.024656355654146, 8.197813226939644, 7.807004213427767, 7.7792312930833685, 7.305579206172267, 8.209406895894558, 8.33305312744304, 7.968187348961532, 9.138529552757289, 9.300026032573959, 10.780065098510129, 10.953923598932167, 11.278615548363636, 10.97106944857153, 11.449614877666582, 10.749614069115163, 8.993172537412141, 8.235506734849654, 9.470829674631164, 8.505154950428208, 7.811771732521741, 7.276086315973265, 7.261146887096546, 7.019118937115365, 7.73316884212405, 8.020528785465096, 8.664922113242888, 9.188591288442119, 9.784372495837564, 9.611784655735109, 10.016438990132736, 10.38802254586276, 9.725818625134153, 9.293145122618778, 8.949041497198841, 8.596646989347047, 8.172426571907899, 7.086757068795254, 7.122609666912981, 6.75250126569559, 6.104799107863277],