{"west": 11.4, "south": 47.8, "east": 19.6, "north": 51.4, "cols": 12, "rows": 8, "level": "850hPa", "source": "Open-Meteo", "hourIndex": 8, "validAt": "2026-07-19T07:58:07Z", "u": [9.55427652667836, 6.318979292949979, 9.254578748565876, 5.833333333333333, 3.434370753288055, 1.7660998346582606, 1.7643009691171772, 7.857657033827132, 4.419070727637571, 2.2857794685389656, 1.9057475733148184, 3.6758843944889543, 10.293400108038366, 7.357896607157727, 8.861912072791409, 11.270907660270915, 11.386710017440722, 9.116627014874503, 6.188136237847033, 5.689598885285638, 3.9150431536963253, 4.185789451624787, 2.29631681167722, 1.9050203796256624, 9.230618113786973, 6.224936317829458, 6.197936720356422, 9.61111111111111, 7.700575337360072, 6.576997937300337, 6.08240681220138, 4.305555555555555, 3.0551451744617704, 4.193126697662328, 1.4005611251560852, 1.5308044009778499, 6.9889213995452035, 7.850303850162937, 5.698891148348937, 8.867820233700437, 6.4682795193180365, 6.087990740942686, 3.9245460942738637, 5.575549769358289, 4.190595692321438, 2.6414835307797015, 1.3839632478976747, 1.7528701544790521, 7.962622462573593, 5.941896520409902, 8.585962273107851, 6.9499876194791685, 8.467061173356226, 5.220074596540838, 4.822355765686188, 4.922994966185127, 2.6393485028599417, 3.541053509102902, 1.1255192029194139, 1.1269820313085321, 6.466336781546264, 7.572001478962095, 7.239907575764999, 7.333099860953126, 9.087873377931468, 6.495190528383291, 3.1705728340202137, 3.4124199369201897, 1.0222324798539835, 0.5053351523311654, 0.2751505353240492, 0.5098811965938801, 8.500486719671429, 7.200253172068292, 6.829170651297155, 5.055486301455389, 3.1782276256723327, 5.346421053372155, 4.709053828580943, 3.0555555555555554, -1.455968972319631e-15, -1.1298240085438893, 1.400981770594424, 1.5155444566227678, 8.103044431647186, 7.8503377315429, 9.859609216125525, 5.326024185357728, 5.830697882862452, 1.7572628671492803, -0.2718562171508499, 0.4166011626385252, 0.9125013097001662, 1.6309793017896783, 2.5266791539582547, 2.922497002055003], "v": [-8.016989909701566, -2.946588436025427, 0.9726954220739975, 1.7859432487565566e-15, -1.1158947019095313, -0.3753961084209528, 0.7489013296044418, -0.9647989686240848, -2.1553248050462965, 1.373434866426812, 2.529012448483095, 0.9849502549734817, -8.947916200953859, -3.9122630232157527, -1.7225812082604754, 0.3935887683670933, 1.398112189620162, 0.6374966628282598, -0.6503993269987344, -2.653103532038831, -0.48070685454252643, 2.416666666666665, 3.674875083344513, 0.5104486722855269, -3.9181649273507695, -4.522680969028194, -2.3791649983701877, 2.942554114617946e-15, 2.063362942900651, 1.5184196168210915, -0.10616880582680496, 1.3181962074155537e-15, 1.763888888888888, 2.620156362041959, 2.5266791539582543, 1.760989020519802, -4.538658625125222, -2.2510384058388273, -1.107752223158275, -0.9320454641365792, 0.22587729810229737, 1.7457032535076602, 0.9060528577739022, 2.140253032006653, 2.517963921782489, 2.2962066014667757, 3.425429240482854, 1.273534713300359, -4.597222222222215, -3.43055555555555, -1.8250026194003244, -2.6678502910594575, 0.29567629150729907, 4.537741617184342, 3.131674451336406, 2.1918585765751453, 2.931293478271943, 2.2995870367301143, 3.925151925081468, 2.4168207654310665, -1.7326497186029823, -3.0592871795632863, -4.013146300928014, -0.6415631063369251, 2.9528290573606117, 3.749999999999998, 2.6604264956470667, 4.6967931062323345, 4.8092257036078765, 1.762313109220251, 3.9348359760248623, 1.262000246493683, -2.598859597535429, -1.5304610574084996, -0.23847989413375792, -0.5313530216105732, 3.7876641909771696, 4.028817238323435, 2.5038483348580844, 5.292377467571569, 5.944444444444444, 2.5376262712294473, 3.146656576324514, 0.8749999999999996, -2.171204211693364, -0.41141876713203057, 0.17210011903432457, 0.27912509996236556, -2.0076702858191346, -0.8953701522641071, 5.187325638864036, 5.957674189051729, 4.292981136553925, 2.418026253285538, 1.4005611251560846, -0.3588375111373789]}