{"west": 7.0, "south": 46.5, "east": 22.5, "north": 52.5, "cols": 18, "rows": 12, "source": "formation-steer-fallback", "hourIndex": 16, "validAt": "2026-07-21T15:31:47Z", "level": "850hPa", "u": [5.396915407150458, 6.535584459512325, 7.243063690932849, 6.3938478446997875, 9.402336569484275, 9.924887865120176, 7.388403589881148, 6.9389956710374125, 2.8881343171096296, 3.716960882788461, 4.0544856186227305, 6.692446905806444, 9.730902997524467, 11.267795830899207, 10.154921961757664, 9.92486395055571, 11.101614050817266, 10.27099393203964, 4.619009221676333, 7.067495422121321, 7.1058103873171, 8.538384436037111, 8.860504571930244, 8.35877864117107, 9.959975680650146, 10.336173082075463, 8.149071011441027, 9.233251086155912, 7.888056176925174, 9.202528363646877, 8.347241093866552, 7.83171652342433, 8.131120891398416, 10.02241965846005, 10.623964317598858, 11.524139885336709, 2.3534552589776467, 4.819196116401775, 5.004839153378309, 6.65563297704386, 7.751165580646556, 8.639667119271325, 10.113206951375412, 9.925576024137, 9.236239994772342, 8.797320623152638, 7.080396826151565, 8.03196402280501, 9.649279817223363, 9.851093261547739, 9.972935975749165, 11.587122549558853, 11.722428513742564, 11.930184708537638, 3.144144544936665, 3.5548871929511754, 3.566958759375844, 4.756427960181178, 5.962888152998618, 6.465914450462444, 7.037188582932932, 8.259119010289918, 10.081809479045914, 8.436482556712358, 6.547187489331642, 6.487988076371891, 7.753226264233167, 8.210942875724058, 8.959888717189157, 9.33154991080434, 8.792280904869955, 6.514167051099742, 1.4743599255859026, 2.7541966476050623, 3.991690150887333, 3.5408895046476094, 4.375488180244333, 3.692584385754187, 5.5514561101757485, 6.16606893533274, 8.079725695331717, 8.808629479802281, 7.785518651297102, 7.4047690002070485, 7.4786054111681155, 7.316509079593924, 6.79725435046794, 5.268403468509775, 4.248303230681707, 5.312979204841125, 0.5612549380115853, 0.8332943410732834, 2.052317081616666, 3.3027808856052037, 3.6979803920119667, 4.018096043968318, 2.6868823572919607, 3.284322923128962, 4.464997704137882, 4.331966895262013, 4.894062049997911, 5.352440882870649, 5.780936003567587, 4.402359289467469, 4.967470705057661, 7.947117014151381, 8.724577627897034, 8.537894373406512, 0.10079025689078754, 0.3224575963351671, 0.7295922705921286, 2.937712117513582, 2.9984665742925936, 3.681688602912677, 3.496333272502219, 3.918738951047431, 2.9327428690975927, 3.0801028868581315, 4.116231627655332, 4.106158843287489, 4.553337647029567, 5.474045519182731, 7.150549425215143, 8.32149954869985, 8.30889195401683, 9.737363582764512, -0.384691937140454, 0.5773418629864396, 0.34442725192266843, 2.126018175923785, 2.7662095601982655, 3.2886182588571695, 4.760625484763812, 4.616905116474719, 2.7799338455216467, 3.6226266206697098, 3.6144295890025555, 4.029363876430877, 6.0008123436680485, 6.883159692629858, 7.153993512188004, 9.083989468959103, 10.658416034807892, 11.427996700496717, -0.646357811968447, 1.1446987553965373, 0.6590564041138987, 1.398778459669243, 2.6462110356376054, 3.1288184256950884, 3.9755171355100263, 4.771689488431625, 3.1724218804009445, 3.7334824334751375, 4.4906862211842045, 5.460061924640146, 7.718518915505168, 7.8429161183072535, 8.39025568345987, 9.354443812899513, 9.684505848873524, 10.110304329740565, 0.8506082419144668, 0.7299293455116374, 0.7342730752410705, 1.5352363004819332, 1.6494504344483254, 1.0411912160502326, 1.0190061591664747, 3.2026444172819617, 4.520277188773255, 4.536646061325913, 5.819400976108911, 7.3471836202406156, 7.300106033375531, 7.63545907131474, 8.386455150011157, 8.904505009642476, 9.349997849790018, 8.867900418737381, 0.8046260788732977, 1.1043408586469712, 1.752136614586161, 1.0812486424013599, 0.9409717176057163, 0.6097079910875337, 1.296387221524137, 1.511599557842105, 3.287311716647093, 4.492324744016021, 6.256353949980983, 6.073460695498182, 6.578825697201257, 8.49081587011243, 8.292431096762936, 8.682417777939428, 8.9269702569802, 9.579106528015423, 1.4638016928278812, 2.018686443825619, 1.6454973586562265, 2.065991470124764, 1.4785902624029224, -0.1387466311764049, 0.19754559396925098, 0.04398193987715861, 2.532207630922359, 3.5692294493610284, 4.141464048502803, 5.0017512825324655, 6.294946518048746, 7.389265863399421, 7.7654842520624445, 9.31509710466168, 10.342560740410406, 10.641623811580345],