{"west": 7.0, "south": 46.5, "east": 22.5, "north": 52.5, "cols": 18, "rows": 12, "source": "formation-steer-fallback", "hourIndex": 3, "validAt": "2026-07-23T03:24:19Z", "level": "850hPa", "u": [11.263462766526144, 10.462021257611173, 10.623009792292082, 10.497922925189643, 10.997093847727077, 9.755346782770562, 9.751806619066326, 9.496125462945464, 9.614184319122193, 9.665931920783523, 8.544717958818651, 9.33782991104469, 8.35031682446875, 8.586665340553063, 8.129191332278403, 7.7824237559968195, 7.60879462711182, 6.1048035431338095, 9.202746113886086, 8.504339901922151, 8.855109753695885, 7.123801964625924, 6.362920335696991, 7.632299859074232, 8.157833260635732, 9.637827318014395, 9.342592918422012, 8.638273628980532, 9.739779927976404, 9.867017620330591, 8.856416096925368, 9.066848966820855, 8.112891444948048, 6.796872599850476, 7.524612270476176, 5.728474937777726, 7.062943071798147, 9.195165796725448, 9.28382358215922, 8.075537279355437, 7.396380318148631, 7.3780184365609065, 8.328858365539437, 9.15383581531538, 8.47927696392098, 8.97012735054007, 9.555926029842185, 9.11809216622384, 8.786387791643975, 9.215161398187572, 8.97050379293367, 6.670541574764231, 7.342597199196947, 5.626987124134734, 6.131485483261999, 4.932340279845951, 5.546618686203952, 7.821034959439475, 8.671958040713676, 9.433105333495599, 10.515630663965007, 11.263113927681234, 12.214260329600325, 11.402181727943647, 10.278774140211782, 10.421757997308324, 9.64262501597664, 8.5015894223389, 9.650771459946942, 7.505839777990981, 7.804974126434637, 6.4085384691139895, 4.622950773229997, 5.761926104805801, 6.34449980236816, 8.580130712499383, 9.956434160746163, 10.175987279248224, 11.0484279401488, 11.340276205776957, 12.166518960368812, 11.422504414862214, 11.342720460362179, 10.410567174192064, 8.346031578498499, 9.013245424165307, 9.141112528380615, 7.067145865355938, 7.797976209963112, 6.820416287539329, 5.274041922058972, 6.858117499032882, 7.8742464080643515, 8.937953616199154, 9.326926563023655, 10.891830238975993, 11.739606104844553, 12.091008557973138, 12.597678239809435, 13.271128424758352, 11.691723438579128, 11.420760485210018, 10.31586121280288, 10.876036004383344, 9.913635697099519, 8.763872408362896, 8.135654597578688, 7.18732676105111, 4.881589956194744, 6.412224032630177, 7.165651440591278, 9.414905928835196, 9.986633074397949, 10.547305559383803, 11.063307398077407, 11.684525217993155, 11.475328478353518, 12.28079133492028, 12.093896967581331, 10.926551321940535, 10.832772687973755, 10.705757285121681, 9.847059674344653, 9.4562638844882, 8.944820546691878, 8.189498728910326, 6.0090680496722, 7.460693145261536, 6.939787803366304, 8.460976789699338, 9.378831093827397, 10.544929294281921, 10.82706444423361, 10.408838510646625, 9.603221182462862, 10.390736966485994, 10.49883744806091, 10.395179147452907, 9.521746204768762, 10.16940594720738, 9.924455805952709, 8.733679486191335, 9.03619612726683, 9.136889000085528, 5.705055468654314, 6.649082653291944, 6.096480974597689, 8.139548188131451, 9.183817572275329, 9.61888661654928, 9.65974656231612, 9.357627699079824, 9.704085871024237, 9.48654387007817, 10.738828301306228, 9.897754224217417, 9.186794105820278, 10.394282245794276, 9.374771537863076, 8.388273589457862, 8.808550691324713, 8.747481433038702, 4.5052143392623805, 6.305346461026245, 6.719059396145294, 6.279182152261288, 7.406094178885163, 7.376670763045318, 8.165535954804263, 8.853018997065046, 9.141892036436909, 8.109539619603211, 9.731611145829515, 9.934941410115322, 10.336583155638971, 9.074115405384436, 9.194138837960415, 8.671102997504818, 8.414584593733501, 7.8219510496709415, 4.606789385568766, 6.151809934927138, 5.861495429518465, 6.072240493585373, 6.231252281748214, 6.37892447040636, 7.090052129645666, 7.571051398564303, 8.488608728162848, 7.937384839978658, 7.868929112022234, 9.13677325191202, 9.11968926765568, 8.424794688692952, 8.471940204931055, 8.294275976707656, 7.606164963583392, 7.852716560483396, 5.411356038134033, 5.591736719974021, 5.688888190751641, 4.785817492683474, 4.3663023047314455, 3.9697372011102283, 3.6337994949502463, 4.50627879134268, 5.381437953635315, 6.588547084418599, 7.077555006587269, 8.673296097341872, 8.080937524660989, 6.873743416833045, 6.660631900231952, 7.639516255713478, 6.7438239746351005, 6.371984200397541],