{"west": 11.4, "south": 47.8, "east": 19.6, "north": 51.4, "cols": 12, "rows": 8, "level": "850hPa", "source": "Open-Meteo", "hourIndex": 13, "validAt": "2026-07-19T13:22:37Z", "u": [8.606015308514802, 9.35968536854733, 9.993908270190957, 10.260277490016824, 11.90079580892797, 10.360264945112991, 18.575424305399547, 12.268693220279554, 2.539308108501424, 4.547060302331098, 6.079145644219085, 4.16940571477669, 9.37230153539861, 9.738654446454058, 10.110972602910778, 11.400974783742955, 12.020836725433789, 13.785178494132454, 15.955974165427497, 13.75322717607401, 11.688169239548214, 8.21036952345708, 5.835228257161113, 4.180834831635664, 6.996957657115166, 10.118184603917884, 8.437054776207527, 9.739704469757607, 9.484146926387782, 13.051286399804287, 14.06086625134097, 11.133120106483725, 12.11998057045713, 10.763007207910405, 5.833499685333819, 5.441641950337066, 9.52743907185713, 8.974922321161294, 10.491027724417382, 10.388887691487776, 10.0197360900163, 11.360333183401686, 10.012511657662866, 6.952579216806023, 7.9605293368486825, 18.10007831156807, 6.163461571819304, 4.774114441125142, 8.251297597168406, 9.873908446510477, 10.7548285975915, 10.504616032130219, 10.355948732991674, 9.843509575870284, 11.254830697216265, 4.950036245490931, 7.324937516025434, 9.870320063544256, 5.706197115338043, 3.03925180212442, 7.848423047634909, 9.230618113786973, 9.97213591240144, 7.857635256351448, 10.260984427293929, 10.649849702240298, 6.969147295552812, 6.584588937300917, 9.35316133208361, 9.864800052569374, 3.270776276685736, 3.0500482213906186, 10.386532210598528, 9.107318868653325, 11.023637556857848, 11.241165287680765, 12.543014010720148, 4.404648080485827, 5.335103519178329, 7.5958486846860955, 6.08240681220138, 6.70781823811853, 1.169289162065059, 0.7764571353075607, 7.210621352044117, 7.85687441268218, 8.356966633991865, 8.971775828757643, 9.734469569189335, 8.72016370955409, 6.464531874896211, 6.686068138898244, 6.462378957697121, 1.9050203796256626, -0.8605233869957284, -0.5098811965938808], "v": [-0.7529287776255991, -0.1633739158156771, 0.34899496702500876, 1.4419879627251275, -2.529592238282728, -2.9707581682498807, -8.270311742541274, -7.083333333333322, -1.6490459671288302, -1.0497715869380357, 0.8543682031159604, 2.033555042049333, -2.6874642192157427, -1.7171875347063064, -1.0627060432211464, -2.8425822732961006, -1.4759731590178982, -1.448880643626645, -3.9782711720834327, -5.556664469002704, -3.5734319466112145, 2.1999618833714263, 1.1342534725161268, 3.2664261607555756, -3.8784769619706974, -3.2875974679334647, -4.486061599954063, -1.5426176413689487, -3.081586138350167, -4.750279768412057, -2.479310092244498, -1.1701380749129016, 5.144626525108773, -0.56406530617395, 3.50512023202676, 3.400315278829733, -3.467704230940801, -3.8096285027704155, -2.8110624065301497, -2.0193952010684346, -4.6722796714666135, -5.788378871679228, -3.2532622463362486, -4.177531052048216, 1.403656102807688, 0.6320686625008493, 5.357815403422476, 4.451933739296864, -4.763888888888881, -2.645705794381317, -1.7033975082158535, -1.8522472284472518, -3.3648517165272023, -4.590103898350367, -4.320324725073897, -2.522169442997485, 1.9627110920274489, -1.2119229149734116, 6.337373928376665, 2.290240504773073, -4.173080558096803, -3.9181649273507695, -4.232920558633795, -3.0162635753396105, -1.6251802756957374, -3.8762282910242374, -1.9983708296732448, -1.0428964336015427, 0.818295584686348, -0.6898140181363481, 3.0500482213906177, 3.270776276685734, -3.175481570738602, -1.7702834571046118, -2.7485015361184524, -3.8706436141017555, -2.438114940922519, -3.20016415137013, -5.152049580904229, -2.764662825215817, -0.10616880582680496, 1.7973544798786163, 4.68976267700065, 2.897777478867205, -3.060727173165975, -2.859668420584058, -0.7311398419386846, -2.57261532095866, -1.8921892041507382, -2.3365608238421958, -2.611840415205391, -4.341983418036461, 1.2561592195622526, -0.5104486722855259, 4.048444236370473, 1.2620002464936828]}