{"west": 7.0, "south": 46.5, "east": 22.5, "north": 52.5, "cols": 18, "rows": 12, "source": "formation-steer-fallback", "hourIndex": 13, "validAt": "2026-07-20T12:46:38Z", "level": "850hPa", "u": [11.18725466703246, 10.649854012435096, 10.15203072043095, 8.182380546701433, 10.846281975984796, 11.23019806414236, 10.436617282574744, 10.22236818032459, 9.291148460711279, 9.015805348290137, 9.09165082774202, 8.812163578933552, 10.39993663964102, 10.447708142312134, 10.597271658820603, 9.98440764181981, 10.171032920535605, 7.659637317060185, 8.74542673748343, 10.16714456025372, 10.444254756591363, 10.978076083317276, 10.799779098934112, 10.14710412956401, 10.75906213798617, 11.0508731825416, 10.355911081384134, 10.349747777800836, 12.195819364701798, 12.987626880564152, 12.074337920088558, 11.610112527266164, 12.217552860308444, 11.569288436233345, 11.584229488775488, 10.884822709867404, 9.036581677553949, 9.960410654107696, 9.671411696601128, 10.972382084799689, 11.518229986761368, 11.228390604042907, 11.116524247726122, 12.233252987099833, 11.357663602340573, 11.550406849164723, 11.337392390341709, 12.01906638839792, 12.591537761611068, 12.464950079052711, 12.799044731653787, 11.854097956594712, 11.04148896646851, 11.289654624457281, 8.531056476746874, 10.015878740069212, 9.004684680527623, 10.225851038665128, 10.816418122951829, 11.964235409593558, 11.22084390319272, 11.925765447971107, 12.694511711351298, 12.347757226065948, 12.624820504081505, 13.824241966478205, 13.139642901575948, 13.126853737197512, 12.865495863895786, 12.75873622606837, 12.528313155931095, 12.254567350676933, 8.098431327627635, 8.720688569324585, 8.958261605537366, 10.71343980324739, 11.091002369905587, 11.959626087219183, 12.08703880797115, 11.296370070878394, 12.973131929493057, 12.535358844219179, 13.380836515896165, 13.23636004972697, 11.395353729791966, 12.093347612895261, 11.55033263500489, 11.322132066880888, 11.614663409802693, 11.861926641704203, 9.140680263732035, 10.213957605989037, 11.002456457612515, 11.125451086101721, 10.906345748181934, 11.67212999580466, 11.794610449713783, 12.18936692881954, 12.77806380137654, 13.11440647619015, 13.778252351302172, 14.400898260296708, 13.648015511256615, 14.174582628220815, 13.63384614761757, 12.37267977997519, 11.813350467410258, 10.143987232492092, 7.559277843025704, 8.78809732677961, 8.703147112826587, 9.177695382248233, 9.832210733280155, 10.759059704021022, 11.272437083440092, 12.099397323138083, 12.979014359123656, 12.904932172627536, 13.372266742869783, 12.522149670795413, 14.636056446174218, 14.591132577970727, 15.201898482124014, 13.348869887557722, 11.518665478497143, 10.501029085032242, 4.832501396193494, 5.10908543189693, 5.749034868348418, 7.492422114375035, 7.984910151941667, 8.11804392790861, 9.229209840905781, 10.420478105388426, 11.398087688659247, 12.408478795327847, 13.324104086977096, 12.198141880907972, 14.472954577117072, 15.007062213555047, 14.165405403797374, 13.552672765204585, 14.096916448188384, 12.101951744231082, 3.8704200404020006, 5.1275842370529325, 4.898084108286499, 5.948798301438698, 7.131153292055964, 8.11269904771253, 9.425313533299578, 10.371940755437773, 11.002456457612515, 12.067418022435895, 12.294857929181946, 12.923007256624718, 13.9147361110179, 12.866933331920597, 14.06934169951574, 12.789405515569365, 12.518848594464446, 12.91640617395243, 2.8154686395301165, 4.016253126857616, 4.387103310338049, 5.512385313375026, 6.272976946279654, 6.945314592112354, 9.422598522580111, 9.395779453988945, 10.02605432080694, 10.913373524486888, 11.351558451105012, 10.250842219812862, 10.723575234804231, 11.43874351524385, 11.745904151980769, 12.207140862091784, 12.645805667958907, 11.999880560613427, 1.3520633154124244, 3.371555042376319, 4.0112657243170595, 4.670279725253859, 5.255677985074276, 6.848154277568374, 7.944473871777695, 7.714391231166431, 7.835407516650159, 9.797019074982165, 11.043155615189654, 12.127789807027831, 11.121213690793214, 12.046898442338515, 12.607462943248162, 11.625689285276842, 12.229080387239046, 11.760902187984712, 1.8212633422067057, 3.046645169955997, 2.678800422851119, 4.162372626944483, 4.808182588432416, 6.365122842081369, 5.879617426573266, 6.052087895440613, 7.93914179415901, 9.267865301351915, 8.47113388636965, 9.114405855717097, 9.717735791828648, 10.257962165709142, 10.197954247426626, 10.745745110596914, 9.90617505573702, 10.981238263150276],