{"west": 11.4, "south": 47.8, "east": 19.6, "north": 51.4, "cols": 12, "rows": 8, "level": "850hPa", "source": "Open-Meteo", "hourIndex": 5, "validAt": "2026-07-18T05:10:21Z", "u": [9.355408575150982, 9.352572694938077, 8.994517443171862, 4.932400026284687, 6.976130967643272, 5.68746503430172, 16.225500756059716, 11.886253917946034, 11.511234604627381, 9.620816778533353, 7.900983941479204, 5.941896520409902, 8.994517443171862, 10.374651277728072, 10.256310233626994, 10.387306610791397, 11.51158317794906, 13.170164711256156, 14.416491273262046, 13.67788545850289, 11.748754061468341, 8.48025393696512, 7.090624359530115, 6.0524501617554165, 8.38227696866208, 9.979876365051249, 11.887078153525984, 9.383039235653808, 8.713308948844702, 11.16237207304749, 10.99750469357491, 9.602210006606548, 10.892007533785268, 10.507906512442712, 6.1668425244957525, 5.165055011038693, 7.078433107598487, 6.310001232468413, 7.582148535476063, 8.336277220940346, 9.370823635059477, 8.859756832527077, 10.517858997369856, 8.093557235432378, 12.275907812753472, 9.748515027774815, 6.571448644746861, 6.4682795193180365, 5.212490714609377, 5.178435679827507, 9.243655977465501, 5.969115858803354, 5.056893976859843, 7.703616189811528, 8.584748760541604, 10.257951515377892, 12.76115338481963, 6.842323270012354, 6.971160319007061, 7.082254507357772, 6.200487915958364, 6.575325538266139, 6.454588287412795, 7.452593475548922, 7.191262172221758, 8.509438732672395, 8.510633742279104, 9.117307903240073, 10.395192948462197, 9.242501974921323, 6.961653267577913, 8.58923785516706, 7.225866767045303, 7.583286712402293, 8.998477542533708, 9.614161802725489, 9.642107845417694, 8.975175684322172, 10.897486330954191, 10.908451347377463, 11.530045766625284, 9.000256657372177, 8.228013880408652, 7.209462719537392, 8.972692860777896, 9.116627014874505, 11.137192382158693, 10.890074215336416, 10.868306674820063, 12.26547707791336, 10.99743071944495, 10.484584375593405, 13.396126374365133, 12.78486528508668, 9.988071895613924, 8.821504845585887], "v": [-0.3266980663539692, -2.3318582714745792, -0.3140954703225104, 0.3449070090681771, -1.869248659073757, -1.6308543552505792, -4.045471698638895, -3.1849121383449006, -4.189746755739433, -5.332905822709709, -6.398090642340013, -3.43055555555555, 0.3140954703225079, -0.543712434301694, -1.259316548519858, -0.18131111132066235, -1.0071330273062675, -2.5600206879686453, -2.5420163786242234, -2.411780245374026, -3.368901015541102, -2.7554015331766117, -4.430713848172078, -2.4453485959094294, -2.0899363758749114, -1.939891452994874, 0.20748972097659413, -1.4861274178821986, -4.24976472859411, -3.8435129345636594, -3.3622746043114615, -0.8400845203732568, -1.725124517249219, -1.6642888919557952, -3.7054128167139995, -2.192435776523145, -1.1211136661216585, -2.549405982969405, -0.6633520420238396, -1.924581242719732, -3.410700873719856, -3.5795741148631652, -2.818251824449664, -1.281893532968563, 0.21427676792442668, 0.17016096276351528, -1.2773602190485374, -0.22587729810229915, -2.000887718294593, -1.387557658466289, -1.7967847064624654, -0.8389045252315048, -1.94115972670371, -3.592255224795939, -4.003134090377174, -2.3682347110090207, 2.480516939895081, 2.2232055984197627, 0.12168205599328301, 0.1236212122640923, -0.9820608083081195, -1.3976285882749317, -4.033274399997174, -4.477969929079081, -5.224757798155315, -3.0971824090046605, -4.525184230186221, -3.6836315019231405, -1.8329529864842595, 1.2989489422939489, 0.7316992428735742, 1.6695787095447663, -1.404566215966234, -2.174472473667439, -2.5802719141757993, -4.0809695642212995, -4.496188729074655, -5.608312213134757, -6.291666666666656, -6.046653319183482, -2.6619208097357334, 5.407899786555571, 1.8995866811259745, 2.0672801686274926, -1.582127840965361, -0.6374966628282542, 0.19440041614863143, -0.7615081717066989, -2.3101298979750937, -4.22334244809701, -4.443250427460964, -2.6141004830075256, -1.8827027824319948, 4.90764997571758, 3.053660027104144, 3.7445066480222087]}