{"west": 7.0, "south": 46.5, "east": 22.5, "north": 52.5, "cols": 18, "rows": 12, "source": "formation-steer-fallback", "hourIndex": 14, "validAt": "2026-07-20T13:41:39Z", "level": "850hPa", "u": [11.450834029122694, 10.098138692428606, 10.131846755719932, 8.98781090886168, 10.093788004047921, 11.490227257908746, 10.160110620569204, 10.793420931806235, 9.273855766267403, 9.076663206194215, 9.310974839423306, 9.281471791092727, 9.695730643158026, 10.758199234060847, 10.911957050455168, 10.072790386009068, 9.81687826015766, 8.005627258383452, 8.858497266624711, 10.260653765333158, 11.047024139798326, 11.207190353532138, 11.451895916549246, 10.633392699749843, 11.078541045689125, 11.098506256604281, 10.050513945054192, 9.27846379317113, 10.321917881990716, 11.424721580809136, 12.237389479936256, 11.240936945037516, 11.974835849662934, 11.175, 10.9939660971144, 10.659409387676199, 9.65746726657351, 10.297666323278717, 9.350206480901438, 11.030550098557608, 11.904009947990904, 10.892348570313922, 10.598832132334676, 11.800666583865697, 10.419186489594832, 9.721898322679946, 11.297521723265756, 11.920350621856228, 11.889854070306026, 12.391632379513892, 13.20564746506415, 12.230899361229268, 11.082666016270672, 10.918007668054543, 8.942041205322624, 9.646514627876542, 9.443512304585544, 10.553255936448375, 10.27757516704415, 10.868464752487915, 11.717657598782614, 11.323345656740065, 11.81226765419175, 11.511307618561109, 11.238159196553159, 12.232619313029762, 12.078996488503769, 12.529042099600646, 13.22844270653717, 13.517868994190444, 12.43700524270402, 11.790919843985549, 8.623337400663301, 8.966985997481203, 9.00336019212885, 10.612561540404469, 10.799827336832685, 12.008321889116093, 12.127190101801078, 11.875603115576066, 11.951028921201166, 11.613409467071095, 11.775624386877706, 10.897740029801053, 11.91539316173977, 11.479758021123299, 11.77252023143142, 12.388560126665999, 11.527258218741016, 10.998385919056279, 8.340775545033804, 9.568646887023544, 11.39966461829583, 11.187171827283768, 11.110780455472689, 11.602189876833666, 12.547090295271241, 12.402266187154238, 12.025781205529636, 12.031791307423983, 12.570158132528919, 13.390597751719513, 12.576009694249787, 13.779806050501723, 14.009363165039883, 12.790505493136042, 12.47395069706141, 10.876703934987923, 7.419953892668822, 6.910514990404252, 7.605810655366589, 9.060987562749762, 9.290008036626924, 10.644800875301684, 11.167227565117088, 10.635242404972582, 11.827938558129336, 12.866847763324127, 12.606145852843033, 11.944147260031079, 13.018210855890706, 13.812873126116717, 12.637205738507573, 13.844574959966458, 12.69758070981849, 10.96586426676399, 4.75966953114237, 4.877082983566569, 5.399410697884914, 6.779930406115385, 6.6350692005978384, 8.375253576113169, 8.791001934348298, 9.957830702567728, 10.491064136313177, 11.523524228123318, 12.91058241177633, 13.703764068748002, 14.149461211358025, 14.078014774965933, 15.14669556605183, 13.063276089836997, 13.441245915714504, 12.702966977643678, 3.614299102105457, 4.283652979894144, 5.251097696863166, 6.327483211166151, 7.072612863157336, 7.689195562712095, 9.645589471291357, 9.605275500500337, 11.214622158047021, 11.39349883597177, 10.896526795113973, 11.880217385876902, 12.520116690880439, 12.697526082353622, 13.898602787012237, 13.169285234354968, 12.333465647815046, 13.420803411455688, 2.0358364735688115, 3.4389841715079124, 4.411697316741757, 4.668267251908748, 6.260212855013485, 6.938788107772821, 8.826363277213886, 9.922497190621636, 9.455681054576319, 9.536739570399668, 11.494517332839914, 12.272958059992215, 10.431889075502289, 11.465755683938267, 11.463449224780012, 11.72899073143315, 12.012710691322317, 11.87300327437654, 1.9972894061567616, 3.4252850032110014, 4.2140182093401855, 4.009866203650628, 3.8397051968559426, 6.4350162626191345, 8.467608023964958, 9.443740012933302, 9.85731372616493, 9.660404235006373, 8.026081378269343, 9.67360984794369, 11.412316821440507, 12.299531653689307, 11.524606958773179, 12.37044889172126, 11.616964776275942, 12.137108811538429, 1.2275301877038072, 2.109040986609017, 2.2445652579982815, 3.685667970541882, 4.036116079461974, 5.328551582319234, 5.186272178841963, 6.343819764578233, 6.982300962050575, 8.39025568345987, 7.666453388508343, 8.734468164741308, 10.431889075502289, 11.534171126415329, 11.888239204767553, 10.860328257731032, 10.470807315328397, 9.950864996503245],