{"west": 11.4, "south": 47.8, "east": 19.6, "north": 51.4, "cols": 12, "rows": 8, "level": "850hPa", "source": "Open-Meteo", "hourIndex": 7, "validAt": "2026-07-19T07:17:20Z", "u": [8.57645065474278, 10.391292190206503, 9.625679126662142, 2.9149320359327273, 2.644939910956205, 2.271968344482867, 4.696353394794624, 7.726361548684139, 4.32685798797834, 2.5240924259653514, 1.0129463370757308, 1.0062794402970296, 9.262571977138638, 9.589819872642797, 8.840472172736856, 10.13469597426971, 10.11845660145459, 9.244365149926635, 6.198076245439412, 5.4420781777562395, 3.425429240482853, 4.801262766781919, 2.2820854869931604, 1.6455458286431348, 9.362437982282989, 9.85400223828034, 7.608452130361229, 7.831197209998999, 8.382276968662081, 7.332216431146869, 5.957674189051729, 4.294856033969907, 2.1719168712877392, 2.911261950824834, 2.645144541742072, 1.898013798421343, 9.52743907185713, 4.940907905809018, 5.194444444444444, 8.342933677811626, 8.234761372255404, 6.96266703398328, 4.436191506828525, 4.92339033601925, 3.1865515609405928, 2.9220423098870523, 2.16342899398917, 1.9048162237824715, 5.986444427456785, 7.190681244778832, 7.967939939565056, 6.707785753559037, 7.857635256351449, 4.955451957888484, 5.196152422706633, 4.404648080485824, 0.6172291544146663, 2.6393485028599417, 2.5522438081465633, 1.4005611251560852, 7.600649855828638, 5.470371631986373, 7.797331106327137, 6.207065201616683, 6.822483619081449, 6.558798025275484, 3.799955316562821, 2.168176357212786, 0.7632359815061802, 1.0303985693423423, 2.777450895752013, 1.6432254655190202, 8.371357161171925, 6.473438054302926, 6.329475237787606, 1.4018855179062473, 1.150229923506748, 3.4176827757349786, 2.134397036494852, 2.556011841834292, 0.6069493569647295, 0.2640502440444865, 1.888141222993021, 2.5243135461851725, 9.490068992106716, 9.376021742973498, 6.578140904374812, 6.711816910359531, 3.6748750833445114, 1.9057475733148184, 0.3655699209693426, 2.1956108669654837, 2.8040961856214053, 3.91044399894352, 4.302932727443329, 4.691584715728532], "v": [-3.465110989097191, -0.7266299348346363, -0.5044604671194863, 1.2373152402160341, -0.5141242375423574, -0.7382072643401514, 0.49360663209725253, -2.8121656228999377, -1.7481641026075923, 0.39977696621392406, 0.6329591211674395, -0.8747453719873426, -4.517658207187435, -3.115921359947383, -2.2041772710191987, 2.154196129861781, 1.242390250824696, 0.32282034449813307, -1.4309386512429176, -3.0165931926438754, 1.3839632478976764, 0.7604453161677903, 0.8760105433329556, -1.5344963101406204, -4.566366112386222, -3.201759413940424, -2.472135954999577, 0.6851409777107589, 2.089936375874909, 0.1279843138734132, -0.41660116263852487, 0.7572989970474466, 2.779926825223713, 2.2745271171753485, 1.0153758570450164, 0.26674844350679305, -3.467704230940801, -1.5105871410674683, 1.59033994055941e-15, 0.8768776640786486, 1.6006754612143475, 0.36489791713830083, 1.3562798524638087, 3.076475728464996, 2.7700270112932537, 0.8933579866528081, 0.8740820513037957, 1.1445290553556766, -5.390218773446359, -4.320597183967676, -0.9783400067802123, -1.303861468406391, 3.016263575339608, 4.7854243298286505, 2.9999999999999982, 3.200164151370133, 2.018865595921964, 2.931293478271943, 3.151758621464382, 2.5266791539582543, -1.8950548488640673, -4.925544741252708, -4.872313235033083, -0.4340402810745561, 3.1813763592147084, 3.3418745119716653, 2.660757357517354, 3.9114936902622977, 3.9265087337906555, 1.648982409193051, 2.682153152605574, 2.029214454915424, -2.243098390888508, -2.35613876513238, 0.22103014578250554, 1.503338164439406, 3.540043699543072, 3.4176827757349804, 3.4157492761856054, 4.807159116676382, 4.318669077567404, 2.150516661889531, 0.8804547119597902, -0.13229366716966354, -1.3337422175339595, 0.4913764780587476, -2.1373675444267173, 0.9432843509515579, -2.296316811677223, 2.529012448483095, 4.178483316995933, 5.434327592044227, 4.6667997482670565, 2.4435166072975574, -0.15026172191354664, 0.16383374840896245]}