{"west": 7.0, "south": 46.5, "east": 22.5, "north": 52.5, "cols": 18, "rows": 12, "source": "formation-steer-fallback", "hourIndex": 14, "validAt": "2026-07-21T13:57:06Z", "level": "850hPa", "u": [7.828856344297938, 9.27202371901797, 8.629471184405526, 6.971225150625996, 11.269175800756832, 10.077190630847769, 9.676417353432349, 5.1371721717843375, 8.037342663560917, 5.0747671620814865, 8.74892053421453, 7.913399777019071, 10.298825149098692, 9.448329140150472, 10.215268065674495, 10.053999854092202, 9.467366893709375, 9.53009415449931, 5.0786272437881985, 6.546915579523572, 7.472701919376909, 9.905569655078287, 9.220693948612636, 7.950385503951949, 8.423357197576108, 9.360659996381422, 7.022679108636729, 8.102129209891565, 8.273739677419139, 5.639958114769544, 6.674147494153551, 10.03817885912338, 10.467632004197846, 10.749983626817842, 11.12416973747253, 12.09882054051258, 5.420257843436594, 7.51318468544628, 8.124514381707703, 8.288978591621362, 8.642467046142194, 10.09254973642249, 9.754087476809435, 11.063116628679433, 8.733575263599791, 8.329359989277052, 9.249309669359183, 10.07136602331139, 9.227295524408042, 10.82493365724307, 11.379769172318042, 12.116856774566207, 12.3999244549566, 12.324080181065069, 2.1444782998943843, 3.7439647792740485, 3.9975853393551803, 5.671027375037717, 5.944506992046137, 8.078627000213375, 9.252390592107732, 7.895438670289547, 7.664558463661176, 7.143207024768039, 7.8005766378253, 7.952950525334923, 9.012656107930631, 9.06534274031371, 8.677122670852041, 8.693112709265657, 8.159455673682055, 7.6502778921516965, 1.8801560919900795, 2.4287939755113186, 3.794291678844547, 5.141635146948014, 4.279863699042732, 4.890908978466857, 7.965939538431682, 8.46086768612102, 6.879342070722189, 7.175388703315195, 7.462939139052168, 6.550182408360596, 6.636622316035556, 6.263816105417153, 6.501063898948625, 6.302668062922395, 6.463904942464588, 6.514878466664434, 1.047481180211993, 2.6844933276555354, 2.707621108219966, 3.0821719933438514, 3.522754348272585, 3.6656586602244365, 4.085831324261315, 4.272969653351574, 5.043131977343154, 4.58669172512097, 5.256978461508341, 5.462438572461673, 5.191631832037752, 4.777028165166828, 5.2090719306509, 8.065811015080582, 8.698919868525351, 8.549741340994975, 0.7611466181213643, 1.3596404585398034, 1.5299508297413935, 2.6044812102440953, 3.2671259320794017, 3.100679755004608, 2.684275545466506, 3.108350778410375, 3.081665430912081, 3.8413570694053023, 4.35878319628778, 4.311159555865269, 4.60282472418263, 6.040874137995042, 7.59747531299735, 9.022489555301435, 9.117965635251716, 11.22452075493754, -0.21429857720339052, -0.7089442586523627, 0.5915121927262705, 2.1758984067190474, 2.328369648040443, 3.4668736097760906, 3.194304891957736, 3.23999374950283, 3.4680573707771414, 3.330697193634819, 3.3189993026016706, 4.978061018577904, 6.39089104710013, 7.506729966287001, 8.057830821388139, 10.567167553391544, 11.491546399473409, 11.46124436072695, -1.0773623356477864, -0.02740161360950363, 0.028448809034072646, 1.8338045812186503, 2.287853278102103, 3.6422103708291416, 3.623439083363642, 4.028686313299928, 3.7338116057734383, 3.165095121490065, 3.692960385879127, 5.013035943730609, 7.437520733125607, 8.380987937684008, 9.20649674505837, 10.054438115533905, 10.95476589475478, 11.447163220872064, -0.4691468197204758, -0.19624543540456085, 0.2756294109105792, 0.5666172463365368, 1.4654896831716595, 2.5583249893476867, 3.9026390509508646, 4.424902196859705, 4.611752755395224, 4.178934173088667, 6.339234807397296, 6.985675798376962, 7.425190540014556, 8.839512547636376, 9.41359852641332, 8.369375912318032, 9.075078463092224, 10.018413017958261, -0.8262031546392126, 0.5415682309403258, 0.6882502614082968, 1.0481939188322975, 0.8003120335438696, 1.10042246729852, 1.236346184814064, 3.014921219381605, 4.430235200684247, 5.606717214654186, 6.744039762588463, 6.132786942403098, 7.704607170407609, 8.587783296880852, 8.273078282022068, 7.335616031753085, 8.120060520697779, 10.163981267522333, 0.5859543794506544, 0.5467596783000047, 0.8971354691106621, 0.7159033769225998, 0.014486225436956079, -0.5962891275316206, 0.03233207665901739, 1.2638888579264214, 4.476868707929562, 5.544631210580317, 4.8428202768617545, 5.218132879698932, 6.637175494762434, 6.755310776334657, 6.8000271627484965, 8.41123944466695, 8.585871357438414, 9.71476982708251],