{"west": 7.0, "south": 46.5, "east": 22.5, "north": 52.5, "cols": 18, "rows": 12, "source": "formation-steer-fallback", "hourIndex": 18, "validAt": "2026-07-22T17:48:12Z", "level": "850hPa", "u": [8.249753265654602, 7.987879766496267, 8.705091456373628, 7.546893171191815, 9.642492820692347, 8.69068315845371, 8.027181038794184, 7.882382707975148, 6.807800468174044, 6.17831039358292, 6.549504160393288, 6.254339067060255, 5.7266641631642266, 4.7408334263273675, 4.764275398478289, 3.1768305930579235, 3.866287798674456, 2.1464134512402975, 6.984048319906869, 8.727328428015666, 8.529485820211018, 8.431486786388016, 8.24285840305711, 8.239812290893983, 7.985676058825272, 8.34504533701563, 8.668044594080746, 7.55879939463624, 6.70047393440051, 7.605980576209831, 6.286808449410882, 5.031798227530922, 4.646425173883146, 3.864323222733397, 3.3495300653424183, 1.165879558242982, 6.7976621259672285, 8.189056928206492, 8.138159815615372, 9.057915286918213, 9.058100711713266, 8.476909179375301, 9.329922095067424, 8.615807685830765, 8.303824395402248, 7.901326072859433, 8.12456821103941, 7.589555441341524, 6.310076834724736, 4.834533700105593, 4.2014967217640455, 2.320679120989951, 2.863820498343859, 1.2078745449346548, 8.378810364363149, 9.64501781146507, 10.323883661774245, 9.68455613020556, 9.381220355932465, 9.243768933988715, 9.132816872930771, 8.824825701064855, 10.121718885641931, 9.500388766418288, 8.695649953262857, 7.9538906707982395, 6.871686467631366, 4.756089129830617, 3.792446897150583, 3.0316066105403605, 2.8537909225259632, 1.5694381251310177, 8.490471085420053, 9.646242810813161, 8.66375161690286, 8.78276160125389, 9.403742482785425, 10.71206250580536, 9.240278921535069, 9.038837052180453, 8.888357614175948, 8.85308173448955, 8.394754952522144, 7.47846699691214, 7.036132226933884, 4.853837533961483, 4.482979030414756, 3.0744719017833635, 3.0773518247959544, 1.6914661248059275, 7.723765245972375, 8.445639985386732, 8.432033681808136, 10.472862099271037, 12.804477137363524, 11.197234774266992, 11.046967908846174, 10.38608224478137, 9.706420487452634, 9.53184431243179, 9.484247144539822, 8.761887425656141, 7.86491436129319, 5.756612126661664, 4.390949394001356, 3.9683412498594706, 3.7038641188125134, 3.5521363818454135, 7.398659204617748, 8.473550296505241, 9.094227491155772, 11.115085887943028, 12.31028580548708, 11.740801939278937, 10.693312826185052, 11.257890650931076, 10.4771775566047, 9.67985779493418, 9.26853725644056, 9.586813825919004, 8.319062327600678, 6.3113823133050095, 6.172454382754262, 4.472615019229836, 3.840857139987162, 3.760497649004786, 6.547370129534873, 7.185231376718629, 7.458398940321426, 9.73598163735778, 9.975760257996999, 10.793823770068434, 11.749159966798626, 10.825606978631347, 11.825486389261021, 11.911531524871538, 9.833773123187923, 10.580102785669352, 9.399068056106263, 7.975583350305737, 7.092787148314372, 5.682698047558278, 5.562263823256477, 5.532608880012978, 6.702165256707573, 7.927875667106948, 8.66298124054774, 9.830896412430683, 10.188367508366735, 11.600385887137943, 11.311325761555066, 11.811861401969136, 11.486304564213537, 10.980053261493303, 10.817615364424155, 10.031122582542801, 8.680864721750224, 7.677142347488338, 7.555547326189597, 6.578396491205807, 5.708632671274394, 6.0488771662759495, 7.520039145083124, 9.457090985861724, 9.661183357899468, 9.910074750417815, 10.033973763741635, 10.526513605059499, 11.472302280341864, 11.78791072594838, 12.17165206903647, 11.907157987729281, 11.616887202922065, 11.42313322183014, 9.765731884532032, 8.238275257090487, 7.9651828669216105, 7.249723942215242, 7.165811387796534, 6.8174758626455185, 7.6778736790590285, 9.376929969909094, 9.550020564513716, 9.212254511856056, 9.862504009351296, 11.009535377714677, 10.91103504549148, 10.965059555241243, 10.603220783543684, 10.788073160249525, 9.953238784248123, 11.043155615189654, 10.365899362275655, 9.14764487530269, 7.7528954525504, 7.6720076329347195, 7.245130854895257, 6.720434174225457, 8.01918518350104, 8.150543983573819, 8.324099545440685, 8.660495081404129, 9.341460058917429, 11.377318796139651, 11.743358807222911, 11.598961661455935, 10.59623948334524, 9.961836009077109, 9.580474766300249, 9.447794565670034, 9.091338816394906, 8.119011195836297, 8.062569513648356, 7.025274657709006, 6.749835507261414, 7.055084819690194],