{"west": 11.4, "south": 47.8, "east": 19.6, "north": 51.4, "cols": 12, "rows": 8, "level": "850hPa", "source": "Open-Meteo", "hourIndex": 17, "validAt": "2026-07-17T16:58:45Z", "u": [8.73992027973053, 5.580577267069179, 4.1682166842350705, 3.170633539965334, 1.5322577206977475, 1.902113032590307, 5.9400434945891165, 3.4374432372349264, 4.342393970799872, 3.510384145635602, 1.757603514312465, 1.7512272132430298, 13.675676684277914, 8.731460404773063, 9.244365149926635, 8.605865454886658, 7.980512402078594, 11.910724271252775, 5.4444371307708685, 2.432124242630811, 1.6621383459852237, 3.7483326562898376, 3.2471783092690747, 2.0051247071829974, 9.365081181384573, 7.608452130361228, 6.589403617840999, 7.962087154631051, 8.488351045413879, 7.343179814412594, 9.383039235653808, 9.507714565748685, 10.375474922488506, 0.8768776640786441, 2.6374351173025956, 2.054394327906178, 9.743700647852352, 3.0616088019556997, 6.697423243828493, 9.116627014874505, 10.887230458369594, 9.095801530888727, 7.466317144669793, 5.4383920177427, 8.994517443171862, 3.0021768136364275, 2.955229792503305, 3.427002215171384, 11.520755367025686, 10.258414093877166, 8.597898241167858, 8.495327008726829, 9.998842140834459, 5.199580269058124, 3.0555555555555554, -8.980743193747256e-16, 11.900335289158672, -0.7572989970474463, 3.2916666666666665, 3.3913376628796796, 6.823968487489588, 8.480288984271791, 6.842323270012354, 11.029186469979038, 7.851106253180658, 2.16342899398917, 3.55775099634532, 3.8135744261867814, 4.444589747276923, 3.1527777777777777, 1.7956057524597615, 1.3781867790849966, 3.8157029924481756, 8.861759278117484, 10.276287721448558, 14.288129003515998, 5.706643745660795, 6.463352266605993, 3.653795391930521, 4.922994966185127, 6.087990740942686, 5.975816731640141, 0.23847989413375836, 0.5458708637310764, 5.591137119636162, 7.45451796191571, 8.85571316164143, 5.438343032043316, 5.734736741588688, 6.2171843645121445, 5.461609118017047, 6.459797300365666, 3.299627259680237, 1.6921701502667639, 1.7461087920941218, -0.6387850533023264], "v": [-1.0731272738731048, -0.9840063401126025, -2.811497653561255, -0.3893048469886658, -0.497860713159637, 0.6180339887498955, -3.0266033315969816, 4.39972670763753, 6.949283010170714, 4.831629271961493, 4.828975967927584, 3.933320720405642, 0.7167118452158656, 2.5037059820044076, 0.32282034449813307, -0.3005234438270933, 0.5580517899530056, -1.6739431309918966, 1.357450636420359, 4.0477344755377525, 7.199512145357572, 6.2382731328875956, 6.107054183940913, 3.9352788151652924, 0.9843096957704035, 2.472135954999582, 0.8090770298286167, 1.5476729624986405, 0.4448556280650201, 0.5134851539498142, 1.4861274178821962, 3.2737686642636317, 8.106209425121166, 8.342933677811628, 6.213407760803973, 4.405662853650381, 2.249510543438654, 3.521978041039604, 2.3061077607381937, -0.6374966628282542, 0.19003731453931053, 2.4372126747154033, 3.169263597746333, 3.951223084854959, -0.3140954703225104, 8.248413004676307, 7.3144504082491, 4.547785543324864, 0.40231364254271845, 1.8088351840305252, 2.1436967971192797, 0.7432448062091978, -2.125319506137086, 2.764665869739135, 5.292377467571569, 3.6666666666666665, 0.6236701452284106, 4.294856033969907, 5.701333908247554, 4.187953236740343, -0.3576290343267828, 1.495303752131901, 2.2232055984197627, 1.7468515262825817, -1.3843618608446906, 0.8740820513037957, -0.8870469505321166, 0.6040108511275593, -0.8639407290660231, 5.46077129608521, 4.933386259126018, 4.806308479691594, -2.8753384439486767, 1.4035647835554073, 4.151889743693029, 2.7773309327030398, 0.9038435757880023, 0.3387299390168291, 3.289892147931053, 2.1918585765751453, 1.7457032535076602, 8.225006109478633, 6.829170651297155, 5.193614342478761, -3.6309269001001767, -1.0476641766716028, 0.3092483180027161, 6.960761656859376, 5.537970897825897, 2.768068820932529, 4.422723859322467, 3.291431123111716, 3.4168640516085933, 7.961034639305696, 5.7112645147792405, 6.077633805028336]}