{"west": 11.4, "south": 47.8, "east": 19.6, "north": 51.4, "cols": 24, "rows": 17, "source": "Open-Meteo/icon_seamless+formation", "hourIndex": 6, "validAt": "2026-07-20T06:01:53Z", "level": "850hPa", "u": [-1.3927064876541684, -0.24893035657981863, 5.102694996447305e-16, 0.8747453719873433, 2.7815515637003614, 4.30346778613479, 4.696353394794624, 4.164128445912899, 2.7929752895581172, 4.566236094752798, 4.689996543138839, 4.185432950301885, 4.689996543138839, 5.846409305185019, 6.064348289224977, 6.470946991635088, 6.495190528383294, 6.224936317829458, 6.11511026366846, 7.142038381765609, 6.6525642750466965, 6.759530401363444, 4.707756504602962, 4.381734586001649, 0.25221694429974795, -0.1388888888888889, 1.3848145363040432, 1.3848145363040432, 2.021449429741659, 2.41335470899022, 4.5543406816331355, 4.932400026284687, 5.1989073608932435, 6.330788638082687, 5.81638689461581, 6.313696353496186, 7.078433107598487, 7.33134660575755, 7.716795281282614, 6.959773501730982, 6.470946991635088, 5.6774829961995374, 5.706197115338046, 7.274649173999983, 6.64213863342757, 5.796215682328556, 4.249999999999998, 3.6905681185668646, 2.396306314021076, 3.039251802124419, 3.539275915526016, 3.8014576622926164, 4.570354925529488, 4.695472766682971, 4.801262766781919, 4.9513945359780465, 6.443462924341188, 5.826779205322231, 5.940823249502402, 6.833333333333334, 7.461981801360565, 7.5970422562854205, 7.599713065134808, 7.324937516025435, 5.963421737389199, 5.7080643492010195, 6.4940398641683785, 7.08165616551256, 6.305456223075433, 5.114389890796825, 4.249999999999998, 2.556011841834295, 4.528257481336634, 4.81398748346957, 5.591137119636162, 6.318689415361321, 6.969386937495488, 7.334841321022187, 7.465886560512527, 6.982985464294186, 6.849354142129195, 7.348411782443353, 6.973362886642219, 6.724314212119283, 6.959383927544925, 7.221923522089526, 7.468125460342578, 6.702130157792168, 5.987175998943724, 5.656157838355721, 6.037676641782178, 6.414799394573851, 5.576437575635167, 4.471022053382893, 2.9451734564154806, 0.984006340112606, 4.968845585242389, 5.085683941817656, 5.701370168948728, 6.454588287412795, 7.074235782147187, 7.726361548684139, 7.843223787397638, 8.585962273107851, 7.957355529079421, 7.977159442640428, 8.22472645982582, 7.967939939565056, 7.592570826977552, 7.471084166585256, 7.10136558047697, 6.310001232468413, 6.090100152100301, 6.037676641782178, 6.1143883028785355, 6.649484010609359, 4.628874589841188, 3.321214592158829, 2.2496378391166103, 1.654971451823876, 7.112633386919136, 6.453104092246737, 6.192192581878403, 6.303517242928764, 6.825846566889148, 6.608298387730392, 7.470170496686804, 7.604904314927607, 7.325355192747271, 6.7118169103595315, 6.46424989317414, 6.829170651297155, 7.101365580476971, 6.837540155751331, 7.084051186430191, 6.481621123749464, 6.4941276516811595, 5.9345533527938725, 6.434094880806825, 6.039668609824063, 4.224121789039933, 3.153226650126715, 2.18167656819282, 1.4084146883576727, 6.42302174473459, 6.7144771888332135, 6.355954722921986, 5.923213366184086, 5.807007323109032, 5.8023269803803625, 5.3003006009776605, 5.6925416823145705, 5.4207508036643715, 5.812012044025939, 5.690875290162897, 6.443462924341188, 7.471084166585256, 7.961296568737851, 7.851106253180658, 7.439233247888443, 7.995580979778063, 7.171027148085986, 6.622814075773604, 6.04326324610936, 4.530329873918754, 3.663429975847994, 3.039251802124419, 1.6337009768416144, 6.973534916920892, 7.210738675014571, 7.3755540057814875, 6.3112962130009365, 5.4420781777562395, 5.542563285511529, 6.592365624317458, 6.694133291741251, 6.976130967643272, 7.088549333627418, 7.951889205690034, 7.713763012883112, 8.357636411908162, 9.364778955991428, 9.48335549663344, 9.484146926387782, 9.138603519286223, 8.363409274789092, 7.191262172221758, 5.323376088265612, 4.550844690494402, 3.5238473279471574, 5.056893976859843, 5.052422336914972, 7.206858610291627, 7.8158889153866955, 7.502214459358939, 7.989280411548152, 7.5983073601022255, 7.200253172068292, 7.334936454095043, 7.206950944730318, 7.582148535476063, 8.112750378029858, 8.357636411908162, 9.095801530888727, 7.740543313180001, 9.864673217139297, 11.259387415296052, 10.386532210598528, 9.892875091051648, 9.083316510475859, 7.576482260294685, 6.313325664255833, 3.9251519250814684, 4.299654941304415, 5.308937146308975, 4.940907905809018, 7.861562975074919, 8.731460404773063, 8.091797567878658, 9.245070516971097, 9.61277218525972, 9.378473980132764, 8.367915107819915, 8.341425372924398, 7.716795281282614, 7.459090985283498, 7.951889205690034, 8.624653549668805, 9.505810104278932, 9.379525354001297, 9.379525354001297, 9.906335810919897, 9.484146926387782, 8.352823295874744, 5.4607712960852135, 3.425795466159753, 4.184298069805725, 5.5803728573442, 7.200253172068292, 7.470170496686804, 9.238060673597055, 9.972483853392184, 9.256789168603573, 9.107318868653325, 10.880465723435128, 11.638309107156976, 10.732509180989648, 9.739752081748106, 9.350128136482132, 8.12040406793423, 7.968146491660462, 8.11696315260067, 8.38227696866208, 8.998249181603585, 9.355673653615977, 9.002188127116188, 8.374580990710102, 6.469103553429651, 5.33196952118587, 5.32034160138573, 6.455961936413364, 7.085676693661659, 8.234761372255402, 9.36411426041347, 7.174936647373481, 8.982200431676452, 10.39328069104251, 11.778312010628067, 12.679351119532324, 14.427677110823636, 11.90713166161916, 11.881901623353285, 10.742141595003348, 10.739879648731952, 10.120436955242596, 9.220328331525272, 8.73098129717058, 8.250829556803902, 9.870320063544256, 8.47765825677493, 8.075462383687858, 7.849092188547728, 6.829170651297155, 6.8443977892826835, 8.23408704601874, 7.716795281282614, 8.247023131616261, 9.214208198261826, 4.902734658901435, 6.571615972049529, 7.7220129372954736, 9.717829804770755, 10.99743071944495, 12.784865285086678, 12.760008260293311, 12.154053746767943, 11.534119405510049, 11.508438637483764, 11.661395765724905, 11.514158593465487, 10.013142666024155, 10.61764966139773, 10.013142666024155, 9.87517324106177, 6.721198395217963, 7.582178354935967, 7.969557584733964, 7.71432739859563, 9.516330195089852, 9.625399882139593, 9.775559727622143, 9.363840940836658, 5.7080643492010195, 6.825846566889148, 5.961606544547666, 6.454588287412795, 9.11277296942211, 11.888595888421706, 13.909944130048189, 14.04272220765408, 12.04724155566088, 12.281186542546672, 11.131448193110735, 10.989986410521775, 10.38256025847616, 8.585962273107851, 11.161154534138358, 9.492452508201007, 9.736637963857095, 9.486980580168453, 10.003350615105461, 9.352531760337053, 11.024375679553328, 11.016038392023782, 11.023637556857848, 10.232208537446562, 6.5841532845660025, 7.0564260064925985, 6.462199460502051, 7.484366974455236, 8.191520442889924, 8.98431578556604, 12.682534159861335, 12.76524633916478, 12.663521415798325, 12.514400516717437, 12.542026124922113, 13.267548894747803, 13.513750833000856, 13.29490466566481, 11.908967458486208, 11.915863310184143, 11.013485828903187, 11.028290573792466, 10.748362722931207, 10.763007207910405, 11.138929618934053, 11.90713166161916, 11.520405075309267, 10.65217242058826, 6.729589252934179, 7.24532109566181, 8.05499510217509, 8.637813248381674, 8.443747686898282, 8.350800007057227, 8.363409274789092, 11.634846555351054, 11.658006662372538, 12.928784639787551, 12.682534159861335, 12.54468052768893, 12.911923872826728, 14.156866215196974, 14.693871796853246, 14.279712418677018, 12.016874810574175, 12.40389808389874, 11.271248147507096, 10.502132640235372, 11.773187039483114, 13.533663606134796, 11.883216824898845, 10.759340453942123, 8.750952154747662, 8.807174930243756, 8.704894511827936, 9.110621949368705, 10.404267712040731, 9.52627944162883, 9.74280871064399, 9.48335549663344, 10.879701283211606, 11.89899222720696, 12.510718980871744, 13.286096588949402, 12.400975831916728, 11.773187039483114, 12.145332709111424, 14.563347381837534, 14.28243944181659, 12.784498625510736, 12.009680526994932, 12.275579840697281, 11.88763826559624, 