{"west": 11.4, "south": 47.8, "east": 19.6, "north": 51.4, "cols": 12, "rows": 8, "source": "formation-steer-fallback", "hourIndex": 20, "validAt": "2026-07-18T20:29:10Z", "level": "850hPa", "u": [10.316682129556655, 10.535541591660754, 10.846281975984796, 9.281362703675057, 11.573407838510805, 10.676584482538725, 10.163250769529212, 10.071781164572055, 9.84450038162725, 7.568602188451568, 8.604684289468508, 8.181338793437485, 9.517326613465098, 9.708243099238702, 10.214474076110058, 10.65835515764265, 11.134988622400547, 8.461785476442289, 9.764780182849258, 8.984369287454701, 8.500846812585698, 9.981784492749794, 8.677224559251899, 8.848566275618856, 8.974986330296757, 8.99201629812293, 9.092668995541459, 9.515934310567197, 8.598187480191061, 6.066978009863693, 7.319849541243713, 8.278246889741022, 7.1143718139437775, 8.860359276720303, 6.765856148438476, 6.620614477267699, 7.88768203703765, 7.309735930956808, 8.080268807104575, 6.399210447882628, 7.129034206842996, 8.399028536701604, 7.659277959032259, 8.168823546144708, 8.373429272315578, 8.027769034076446, 7.231837787757522, 6.726878269606766, 7.133033166501362, 7.221297724228079, 7.471925872733825, 7.224955982827535, 7.050186979190244, 8.24285837753486, 8.207510165398778, 8.514203456362395, 7.536747085191676, 6.938579036183155, 7.051717042573957, 6.550534387530713, 6.422798312967955, 6.873230439093551, 7.090269696757474, 7.246422562651554, 6.084388775878757, 6.534142110184158, 6.58152354744562, 7.15412443879778, 7.3512274572850895, 6.620336539537489, 7.139503179765243, 6.638266107906655, 8.452067443211734, 7.198673127275838, 8.10682795950497, 9.10049460467318, 7.68369767564703, 7.567507706202823, 7.148471268761162, 7.206613146649973, 6.739263693981336, 6.574660848748042, 6.1477375164009835, 7.00299201414242, 8.291944626613098, 7.709742419316105, 7.413422674051209, 7.558399504368697, 8.264916624907011, 8.577751347551358, 8.669240958954195, 8.264631528080038, 7.895599636825744, 7.492828353838981, 6.9514430777944, 6.665905957975183], "v": [0.4143607578986793, -0.5521443383630575, 0.28401988914042353, 2.73165359495483, 1.0940091423277312, -1.2542104238178315, 1.1220333309059365, 1.9030828077021662, 3.505468903890163, 1.4164253997179443, 1.1022854796167147, 1.398461850389523, 0.3822553238726315, -1.1404564551459817, -0.46383655362161763, 0.5958945658020252, 3.4255697889563406, 0.4730872548170644, 3.116338874486277, 1.8605734348960024, 1.7295168310691857, 1.3673343922756167, 1.608228512468201, 2.1243528110887397, -0.015664322083935797, -0.770887731314743, -0.36519931204629247, 0.41547466465482547, 3.12948431142987, 1.5014252654828986, 2.765940652572687, 2.8342774092338088, 1.395784257312829, 1.0722212865992264, 2.0685298109133625, 2.422800846828593, -0.44098988944599415, -0.7682842050172536, -0.5650274373274151, 0.10052683079565357, 2.247775851294441, 0.6610178815070942, 1.4749444553211535, 1.4698033446525423, 1.4613973523749826, 0.8720947973261344, 1.7896989164556152, 2.6362347668393027, 0.7748953771907138, -0.6444836522817007, -1.5201804999311277, 0.025219956474991943, 0.5920207415761317, 1.6171845188176226, 1.5359937776162123, 1.2117505946632101, 2.104297596314454, 1.2484474192530628, 1.982148266773202, 2.673223566740656, -0.16818689287808414, 0.1559754183128717, -0.37158528932490126, -0.22772800331643, 0.43613441042938306, 1.093440388826989, 1.1131813843299816, 1.572936271498739, 2.024865395836919, 1.55278591675246, 2.128378337167053, 2.2987057403282045, 1.1127357886759408, 0.13822158527776543, 0.8377591748160623, 0.6682985487896407, 1.0115779897054007, 0.7020164645938686, 1.2090734136917403, 1.9850319782138972, 1.5930944300276233, 1.28989717572358, 1.5899130257457035, 2.061092634952998, 1.3430019766114134, 1.7233316070326856, 0.41447467457424225, 1.332749763593691, 1.353432001740649, 0.901557995683511, 1.7795396021417864, 1.1909515964410227, 1.6926698954483612, 0.6950886705353765, 2.05911124910344, 2.295255488922955]}