{"west": 7.0, "south": 46.5, "east": 22.5, "north": 52.5, "cols": 18, "rows": 12, "source": "formation-steer-fallback", "hourIndex": 6, "validAt": "2026-07-22T06:06:54Z", "level": "850hPa", "u": [4.301654518161933, 4.847352509901524, 5.820812925976397, 5.423391013117877, 5.348745065430912, 4.764739609850895, 4.6499999999999995, 3.527991472240875, 5.97913527061098, 5.837605724574868, 6.588208771061168, 6.866837621737243, 7.4694691076407835, 5.910080652050415, 5.04848124606165, 6.399563845264194, 6.850888407340342, 6.171447617171568, 2.4712544923874313, 3.5093147180418485, 4.069450235707321, 4.152588304812877, 4.135397635084004, 4.197910849882057, 4.275871611832289, 4.5545277573214715, 4.475442907022958, 4.416454767700265, 2.978321064364191, 3.85930121982982, 5.2161622036302795, 4.7228386434328025, 4.252734091001834, 5.098881485721711, 5.495881356198358, 7.056018372308672, 3.153738824858329, 4.357602456463337, 4.393415901926408, 4.275947892303117, 4.653741160565037, 4.3449522078651235, 4.8625614555387555, 4.889426435956096, 5.007012657352621, 4.3012869950298915, 4.203781039883233, 3.4081789605128607, 3.383293304076504, 3.934150557858837, 3.230742115238242, 3.6572286873850146, 5.192390685696301, 5.324967558277734, 3.784864764673212, 4.500527948464034, 4.483176526333946, 4.606608311118386, 4.397142087525394, 4.073571801175368, 4.304954291197275, 3.9764731377506846, 2.870738989410432, 3.024066493687545, 3.5301430125809024, 3.0137980978938255, 1.9657717749031856, 1.3535566124260925, 1.1662952157320337, 1.7113088902407845, 2.209812937776168, 4.270564714197692, 4.076900369152511, 4.858005325469845, 5.177928564601691, 4.654651223091403, 4.513791228539735, 4.611255730282663, 4.015006891709722, 3.1551538625508853, 2.6218370073278328, 2.7917469244701176, 2.152053806894901, 2.3194355843147147, 1.2624457743094064, 1.4588328395372037, 1.257501447601679, 2.0670035395341357, 2.409291928676463, 3.897114499673913, 5.321842837234885, 5.560467726137551, 5.447944243933857, 4.775002771617986, 5.19469380172134, 4.818372308240219, 3.250963432980362, 3.9176862022082335, 2.768392410237444, 2.563080544453537, 3.0515651581082897, 3.812345163030044, 3.670889192646694, 2.710132755542222, 2.3225341947137736, 3.6465092154841763, 4.028302881896446, 5.462667382524725, 5.7770763723146885, 5.331547107427507, 5.980574226946741, 5.06187155955432, 5.103151515757231, 5.077844105618141, 3.972763501152813, 3.4768585907349907, 2.9644942363585893, 2.4986793480978595, 2.710985199516717, 2.7955314455532942, 3.6003583254078273, 3.921995720908975, 3.771909635883116, 3.9755171355100263, 4.740930074254143, 6.258935007678472, 7.509360323216582, 6.722782089426952, 6.358758467474754, 6.738532852597068, 6.154855861710586, 5.258568712707641, 5.256185602276578, 4.39924913656354, 3.002617744176711, 3.1893462862587456, 3.0053100591392363, 3.5865249479424204, 3.338018138378107, 3.748037080091956, 4.259626428648814, 3.2006797227137773, 3.928422077720924, 6.2639882855127675, 6.887678588242584, 8.452381480148672, 6.902174060533746, 6.975148843308208, 7.087864353900715, 5.587322283448049, 5.309268815994823, 5.332259761995623, 3.86636627436675, 2.9793459105302382, 2.9245217049581025, 2.9882172562909175, 2.8828396733461226, 4.780758755740199, 4.356976633734916, 5.135749668994962, 5.296370289774514, 7.006362759407501, 6.530134297598424, 7.451678147136651, 8.049839446635362, 6.741990874288156, 8.812911981867757, 7.054268774353103, 6.661490332703298, 6.237540336199304, 5.342876933547197, 5.384100108078189, 4.279788126883635, 4.412930786301433, 3.3508430055842484, 3.263106716910494, 3.8951375858020842, 5.621498910433053, 6.655318684734452, 8.53410541781605, 7.061179446626398, 7.755028901346824, 7.390438486505764, 8.206474482280782, 7.538161687141561, 7.695946943042581, 8.030340090635923, 7.180756790728549, 7.270123723001018, 6.876247815284768, 5.4553169298369655, 4.941288144424369, 4.629614642020031, 3.9819113703997027, 4.317122400041928, 5.247806920177358, 5.897576318874, 8.099296273147585, 7.91944884528713, 8.141793685031583, 8.156014459614402, 8.957398292337073, 9.0040511374507, 8.645212204125178, 7.850445733396762, 8.07452921474574, 7.450328560336858, 7.063761106700176, 6.468233956439879, 6.066185308028187, 5.185733494325221, 5.322490314401557, 5.335137160398278, 5.995109084833963, 6.639003686740787, 7.747974228242707],