{"west": 11.4, "south": 47.8, "east": 19.6, "north": 51.4, "cols": 12, "rows": 8, "level": "850hPa", "source": "Open-Meteo", "hourIndex": 6, "validAt": "2026-07-18T05:52:16Z", "u": [10.260277490016826, 7.439233247888443, 8.228013880408653, 3.784708324040373, 6.326041848884945, 6.064348289224977, 17.09259905674901, 13.19390289948498, 14.080920088481022, 9.99907321589168, 7.703002455807496, 6.090100152100301, 9.244365149926635, 10.243755976945732, 10.118456601454588, 11.882983093261384, 11.638247253031283, 12.398223169082176, 12.246013680526652, 11.903150437839322, 13.308311384427165, 8.234846509681697, 7.361215932167733, 6.213407760803973, 7.18576034534116, 8.34816275414635, 10.892007533785268, 9.998476951563912, 8.73098129717058, 10.14751218609206, 11.042822883649283, 10.1496881748462, 10.50784450720222, 9.614161802725489, 6.313325664255833, 5.052422336914972, 6.838874073497446, 6.694133291741251, 7.851106253180658, 7.45451796191571, 9.500108131656043, 9.890159074086258, 8.903054894660848, 10.770631596161866, 10.243755976945732, 10.998324646720304, 6.712327112964954, 6.451549985668592, 7.089529658233128, 5.588858234472022, 8.11975053987696, 7.206950944730318, 4.687429486976535, 7.619734620245202, 7.184992295477027, 9.71196900028822, 12.520146194044784, 9.49421285668141, 6.721198395217963, 7.083333333333333, 7.085144667504497, 5.969115858803354, 8.069651542509641, 6.454588287412795, 7.740543313180001, 8.230382617431822, 8.859756832527077, 7.963978208365202, 8.143089356670068, 10.132712551721388, 7.736892001328578, 8.619189759858369, 8.093557235432378, 7.225866767045303, 9.753959602540505, 9.36411426041347, 9.38403558936238, 10.505772762889908, 11.619378965073079, 12.001725981301707, 11.508785419995847, 10.64538173897188, 9.864673217139297, 7.215612043792255, 8.478682252981823, 9.760037157806332, 11.02105995351614, 11.90940735531089, 12.405858305623562, 12.417040375981923, 12.87009423827642, 11.688169239548214, 12.897490493631805, 11.49811257594379, 11.899760348897512, 9.376392541359891], "v": [-1.4419879627251213, -2.707659467994872, -1.8995866811259694, -0.3977888741019045, -1.229657970204401, -1.512011847497926, -5.5537220933497435, -5.600479508346252, -4.575168277829078, -5.09478227485492, -6.463586519625761, -4.424716760312783, 0.32282034449813307, 0.357719841200634, -1.2423902508246987, -1.459046861322739, -0.8138255270147927, -3.0912242215513155, -3.7439821076994773, -4.569191356702579, -3.5659512880791673, -2.5176452351124468, -4.249999999999994, -2.637435117302595, -2.3347950686107115, -2.7124825061800917, -1.725124517249219, 0.17452406437283619, -3.527545421333177, -4.099861050163044, -3.5880306569091083, -2.343240149415258, -1.4767812379651377, -4.0809695642212995, -4.099921624696449, -2.686420609274817, -2.4891465986479173, -2.0466019330591503, -1.3843618608446906, -1.0476641766716028, -2.1932727798526814, -2.1022182071573354, -4.73383825809106, -2.0935986992704243, -0.3577198412006369, -0.1919764708101131, -1.5496628188132908, -0.792150732133459, -1.3780649666083806, -2.2580452992014735, -1.8745921195322066, -1.0128709014315864, -1.8938444444915583, -3.234385452494541, -4.846338496746473, -4.736843780581974, -0.43721313924522287, 0.33154521867375836, 0.11731895438396209, 2.1686453734901047e-15, -1.2493021671037452, -0.8389045252315048, -3.5928403471695707, -4.033274399997174, -2.5150549819960974, -6.2020381552613895, -3.5795741148631652, -5.576437575635162, -4.892861711645513, 0.3538421193448006, 1.2254033094818109, 0.9059133483196633, -1.281893532968563, -1.404566215966234, -0.6820632988314455, -2.509106853910543, -3.9832867820989817, -4.677471395371705, -6.9816272376696205, -6.652665344491404, -2.8694624839182867, 1.4961108353207089, 2.459539271929957, 1.1428406751550222, -2.2718560625665662, -1.1983818768172843, 0.38486389419146805, -0.4158856690381388, -1.7435296814719297, -2.6393234084365447, -6.557640551793461, -3.5734319466112145, -2.507018189252938, -1.615954338925203, 2.098248813475409, 3.2285508650334713]}