{"west": 7.0, "south": 46.5, "east": 22.5, "north": 52.5, "cols": 18, "rows": 12, "source": "formation-steer-fallback", "hourIndex": 15, "validAt": "2026-07-20T15:26:57Z", "level": "850hPa", "u": [11.278390814325864, 9.999756307053948, 10.28159864640551, 9.141834655239284, 9.323807760346279, 11.333728663449058, 9.813407081891535, 11.484580202850537, 10.194966915730461, 9.092017753899611, 9.35311611156656, 9.31210464066898, 10.023473143942823, 10.835130452087126, 10.964603896435213, 10.38169421040716, 9.57171888664096, 8.052061444110837, 9.00696370126088, 10.60846001669977, 10.90103910104324, 11.13668843135699, 11.874309468827633, 9.966933210605243, 11.37513003914071, 11.453495880346061, 9.431348664410505, 9.36846671042038, 10.319323479598644, 11.273609031230723, 11.474370818469252, 11.374930699607365, 11.249383155362011, 11.623229456193048, 10.316256170381997, 10.155759181826202, 9.239935366525268, 10.677843976927361, 9.99309633853871, 11.483171708751435, 12.11668192436953, 11.767375902559357, 11.244836328185002, 11.391624691217144, 10.602471713295799, 9.814830429665495, 10.54768621065962, 12.049339290854421, 11.524842018151594, 11.32389608440537, 11.964633026723043, 12.933415675535212, 11.305066092412234, 10.098241308708886, 8.794384529065356, 10.144372820940534, 9.900802921114202, 10.785831100851768, 10.645267553665168, 11.342967351129644, 12.52946645240851, 12.048750517463978, 12.891216793178907, 12.360034957399813, 11.750456405154909, 11.961346541474965, 12.061595240165786, 11.172123659181155, 13.055949767316278, 13.935546777140502, 12.772398539907146, 11.564298393638595, 9.739250353313007, 9.772414308546136, 9.891919844771326, 10.93702735153107, 11.620731485544056, 11.505656485309075, 12.205284319023239, 12.77421942333999, 13.365788859064626, 13.023893376231594, 11.776333013633849, 10.999127991957327, 11.928965943688995, 10.672252354519808, 11.511161817748324, 12.539026820305878, 12.015597197049683, 10.731171023425702, 8.238518438399339, 9.145965156592503, 9.564226855310226, 11.179465154787819, 10.95065857413777, 12.331229331223659, 12.307225276708781, 12.613221100588675, 13.840000083336964, 12.78450958139759, 13.086620181199986, 12.645498152620213, 12.376630898898108, 13.823968235555748, 12.822011632180619, 12.729012771486728, 12.977427501241953, 10.906260186320312, 6.890232828522696, 6.638023101332267, 6.359553497699831, 7.875906323636422, 8.577335462525204, 9.814074929056869, 10.931567361547721, 11.318249491646283, 11.409391554058429, 11.794205251175017, 11.350614672677047, 11.850470390477929, 13.389204894533576, 14.42464847292532, 12.899292684815107, 13.463609507167652, 13.19199413393132, 11.38523297676749, 4.396760833994403, 4.286590942138121, 4.711173325181715, 6.397184631815421, 7.128423479297732, 7.91624412744294, 8.686233449202124, 9.736882240139016, 10.264890369884375, 11.349206442788333, 12.522149670795413, 14.195349669921747, 13.364013994807738, 13.939717683928164, 13.741444792329078, 13.699289665338563, 12.704361487003558, 12.682659075108438, 3.6499672011979833, 4.172272674536244, 4.615087172543986, 6.064458652467445, 6.5771523282459, 7.636777660940436, 8.53620641082556, 10.156052313133056, 10.96254549171121, 11.41426018281026, 12.095819132698665, 11.318051265510062, 12.29983139464335, 12.935002405187335, 13.367604073128016, 13.638227969450066, 12.796584715120314, 13.26548825287756, 2.4747672864324466, 4.0345463841179905, 4.208276211385554, 3.81907370524882, 5.697855175082464, 6.956952474547094, 8.956104362873738, 9.572492909976251, 10.01213992930053, 10.74968998507328, 10.490728519582053, 11.01376572541527, 12.324080181065069, 10.731078150180476, 10.909521824485388, 11.383465173478028, 11.983152219508556, 12.25011798370339, 2.076007074273148, 2.9452184429964983, 3.3675138244791842, 4.083477023435861, 4.857834768375268, 6.0313146939350375, 8.678979729349443, 8.380857983888243, 8.824544489810986, 8.94934361602025, 10.43784526633931, 9.147853177580657, 10.813515646975697, 12.071979773910824, 12.007403460672695, 11.940824628842467, 11.993508356884005, 11.247117541725263, 1.9958158663958332, 1.8618273911090588, 2.134048897545338, 3.0136556083707746, 3.6659732853968405, 3.7279120928900835, 5.882155329095199, 5.86315789161742, 7.395483117678399, 6.676435246281644, 8.66924285287709, 8.61218368319697, 9.98703954741093, 11.910763187796604, 11.488817537703364, 11.483445414885145, 10.685690683616631, 10.052834042258889],