{"west": 11.4, "south": 47.8, "east": 19.6, "north": 51.4, "cols": 12, "rows": 8, "level": "850hPa", "source": "Open-Meteo", "hourIndex": 20, "validAt": "2026-07-18T19:54:46Z", "u": [5.4311820514145985, 4.318669077567403, 5.690875290162897, 4.5543406816331355, 4.687429486976535, 3.924546094273864, 7.580037461874762, 3.2821318302309845, 0.642787609686539, 5.959896251797758, 6.674390203593318, 5.094161383365983, 4.182780627439836, 4.200499613636929, 5.4450398700400235, 5.4421567321333795, 5.055319812337697, 7.222411561165155, 5.54777725176645, 1.7691437206597682, 2.8899358647730837, 6.355954722921986, 6.435995586899751, 3.537054690831449, 5.197596474231099, 6.199111584541088, 5.580577267069179, 5.841714837715784, 2.2543834679843693, 4.836181699730827, 2.1426253656217966, 3.061608801955702, 4.339064951468088, 3.1826590136249924, 3.911797650488319, 1.7481641026075876, 3.9114936902622977, 4.687429486976535, 5.935755502373488, 5.072301420240819, 4.045676426053732, 6.472467958119795, 5.316221873109066, 4.537369574413931, 4.167950222753986, 1.9027777777777768, 3.039802475897277, 1.136761710398315, 2.6517779260067726, 3.8162164327039156, 4.6667997482670565, 4.404755547934121, 5.055319812337697, 4.950036245490931, 4.281781352349655, 5.7007677574959725, 6.217184364512144, 3.7768330109488035, 3.419437036748723, 3.5238473279471574, 5.3211502018548655, 2.557713848396209, 3.514869746785949, 3.2985190068689403, 2.390360209232619, 2.548154439542308, 2.6592362433070504, 2.6821531526055744, 2.7774508957520143, 3.311053473220977, 4.939817048571916, 5.336483785878362, 6.8443977892826835, 4.696793106232335, 5.434801864527495, 6.4941276516811595, 4.314757303333054, 4.915541384346794, 4.034825771254821, 3.2727781198545705, 3.1488839930825416, 3.6758843944889548, 8.093557235432378, 7.099781308601284, 8.84581899265808, 5.949429733470218, 4.567458470616844, 5.165055011038693, 7.592570826977552, 7.852351572557495, 6.718127226072809, 7.238596818468669, 6.721198395217963, 6.59532330268791, 5.954483729243104, 6.972222222222222], "v": [0.37978524594023993, 0.606949356964732, 0.5981350953649059, 0.7213366999077327, -1.8938444444915583, -0.9060528577738998, -4.201683375468255, -4.687370031209232, -0.7660444431189783, -3.1689330488047593, -4.849228331412902, -5.275158535816772, -2.1312331793328747, -1.3648250584893498, -2.774386387297233, -1.768263912256642, -3.28296307217391, -0.6318791349205188, -3.3334408737234056, -4.167841419798549, -4.80966096505074, -4.287145593275726, -5.594725608335711, -5.051437606448784, -0.9164764932421298, -1.5456121107756577, -0.9840063401126025, -1.241694820161613, -2.417530291463369, -3.644324306865183, -2.553481477063261, -3.5219780410396018, -3.513705516694926, -3.412983940889463, -5.191130815307399, -4.326857987978342, -2.168176357212786, -1.8938444444915583, -2.0438445252032635, -1.6480906366663846, -0.28290125462895177, -2.103032322829501, -2.040706379355182, -2.412562197649714, -4.316038802031905, -3.295707786624114, -2.642459977878431, -1.508533741200441, -1.9266294380697724, -2.384636689049424, -2.8040961856214053, -3.6960287556976037, -3.28296307217391, -2.522169442997485, -2.1816765681928243, -3.562235054012102, -2.768068820932531, -2.180555555555552, -1.2445732993239587, -1.282575537471255, -0.6533550910331523, -3.394200917700992, -6.340992876760617, -3.794512056120047, -3.680831937093806, -3.261488952427822, -1.1287788156356786, -2.7774508957520125, -2.682153152605572, -1.7605183604470886, -1.4164697451706907, -1.7339286906594253, -0.47860691707774716, -3.4124199369201897, -3.665820144974896, -4.38034441052085, -3.1348546788931886, -3.1921898996714058, -1.7964201735847853, -1.526121500730301, -2.936381828046866, -0.9849502549734795, -1.281893532968563, -0.7462170849940837, -2.7044382686853052, 2.403725641085438, -2.5317835723975386, -2.192435776523145, -0.530924272385841, -1.669068851287005, 0.23460217227792254, -2.35196267940932, 0.11731895438396209, -1.8911785246333004, -1.3747008876569513, 2.1346274068471228e-15]}