{"west": 11.4, "south": 47.8, "east": 19.6, "north": 51.4, "cols": 12, "rows": 8, "level": "850hPa", "source": "Open-Meteo", "hourIndex": 3, "validAt": "2026-07-18T03:05:07Z", "u": [10.780154035882136, 9.875336510350786, 7.967939939565057, 6.0806350530230295, 5.18329656968246, 5.556504163494367, 11.259387415296052, 8.98847643907883, 10.658030339163675, 7.753079529426582, 7.827452867650371, 5.69404139526403, 10.014062342145147, 10.632407965230934, 9.242473032295639, 10.141901177641547, 12.27029848729001, 15.083582079752144, 14.061070481585395, 13.306356810795604, 11.02105995351614, 9.113748492582303, 6.313246938053392, 5.444437130770868, 10.238667730387384, 9.492782384608823, 7.604904314927607, 8.10617004137711, 7.87055763033058, 7.849092188547728, 10.641394886715247, 8.998629256407522, 10.387306610791397, 7.471273562907219, 5.9386088241072, 5.43698302255268, 5.539258145216173, 7.088549333627418, 8.464213015385717, 7.951889205690034, 7.85687441268218, 8.85571316164143, 11.38888888888889, 9.986295347545738, 8.232431244992929, 7.343179814412594, 6.4682795193180365, 6.462378957697121, 6.087990740942686, 6.7118169103595315, 8.480168168117318, 7.839622210870765, 3.9202969861571777, 7.072540797572919, 10.387306610791397, 9.489062773327419, 10.892948756157272, 7.45891421526205, 7.332216431146869, 7.221923522089525, 6.197936720356422, 7.196359969880306, 7.326193275129123, 6.851187705925266, 6.741808286457898, 6.313325664255833, 7.470170496686804, 11.524563649613128, 9.75, 8.217213466601455, 5.4597216605120105, 8.718259315069261, 8.232742306176199, 7.5983073601022255, 8.627960868885381, 8.750952154747662, 7.619734620245202, 8.957820737439945, 12.299141722524599, 11.276427111702796, 7.582033893797473, 6.4682795193180365, 4.802628140952876, 8.258974101809393, 8.848772179067305, 9.754305240651007, 10.759623608071864, 9.880392847095386, 11.330499032846413, 11.41523828592383, 11.241165287680765, 10.875125454168222, 11.76200646078118, 9.736259654253995, 6.215980913759728, 8.258974101809393], "v": [1.3236364797614608, 0.5175444561802195, 0.9783400067802102, 1.1819557213602632, -0.6364287933379928, -0.780915733164811, -2.5994344057513263, -2.4084550030373406, -4.745260835884338, -5.6329420011361995, -5.480841502909988, -0.8002453305203756, -1.5860716594356798, -0.37129186769605393, -0.8086116132699358, -0.709190816398605, -0.4284882650695976, -1.585348359559415, -1.726482364906257, -2.107519876236451, -0.3848638941914711, -3.1381152665731524, -3.944954522624973, -1.3574506364203602, -0.8957673560175936, 1.5035090251088885, -1.3409498164279583, -0.2830736954758427, -4.010249414366001, -1.8121057155477995, 1.8763650309009983, -0.1570716579355471, -0.18131111132066235, -1.45226846481037, -2.2796183457187156, -0.28494020621158306, -3.070460928226802, -1.767373848408687, -1.039274678482786, -2.58372542519053, -2.859668420584058, 0.3092483180027161, 3.4868415809056587e-15, -0.5233595624294383, 0.8652633903822426, 0.5134851539498142, -0.22587729810229915, 1.2561592195622526, -1.745703253507662, -0.9432843509515537, -1.648377710058486, -1.1017870492671837, -3.4078621783673553, -4.083333333333327, 0.18131111132066868, 1.8444869553065988, 1.5309041105607253, 0.783963474507401, 0.1279843138734132, 1.27341996955749, -2.3791649983701877, -1.7942540590308722, -4.577913643792413, -3.7976753585963077, -4.898210435770608, -4.099921624696449, -1.72462474996963, 1.4150384873153212, 2.9850765729216736e-15, 0.28695141733167395, -0.8647349595279459, 3.173186885299259, -1.7499233977161335, -2.9167169226881384, -3.485922466509187, -5.902591758857884, -3.234385452494541, -3.9882787501599317, -3.760224980184074, -1.3845711514640375, 2.4635521496002775, 0.22587729810229737, -0.1677114702647972, 3.50572651394543, -3.220689682983374, -2.0733415834326467, -2.287028598995343, -3.792727466021095, -6.541666666666657, -7.413142421037861, -3.8706436141017555, -0.9514501916619306, 4.992675530696277, 3.5437087072354, 1.9004160806977917, 3.50572651394543]}