{"west": 11.4, "south": 47.8, "east": 19.6, "north": 51.4, "cols": 12, "rows": 8, "level": "850hPa", "source": "Open-Meteo", "hourIndex": 5, "validAt": "2026-07-19T04:31:28Z", "u": [7.972222222222221, 7.343179814412594, 5.68746503430172, 2.276475510419419, 2.7902886335345896, 2.017789210420198, 7.85530765674639, 6.20515947203635, 3.5468944009238195, 2.535870223906465, 0.8953701522641051, 1.1269820313085315, 9.254578748565876, 10.00047017009208, 7.729592425455034, 7.599713065134808, 7.225866767045304, 7.328866064806702, 6.690659723229946, 7.209462719537392, 2.7815515637003614, 3.025933337363373, 2.277016672925828, 1.891107760468844, 10.243379041017912, 10.497731117776217, 6.576448811426197, 7.977159442640427, 7.729592425455034, 7.333099860953126, 5.055555555555555, 1.7807734957187464, 0.7873286902035269, 1.6432635755985583, 3.0380972048317405, 1.3848145363040432, 5.181791038849641, 9.374046987723597, 10.137344687002301, 8.21036952345708, 7.3311232651964175, 4.709053828580943, 4.309834863052873, 4.051785348302923, 4.170239660290581, 2.2735301511655486, 2.5240924259653514, 1.0201168780758034, 9.244365149926635, 7.711639185049209, 3.6758843944889543, 2.8753384439486736, 2.5726128318574304, 4.684463156560076, 2.294305745404184, 0.8953701522641057, -0.3691036321700763, 1.525262411534252, 1.6633576905097813, 0.7654022004889249, 6.82248361908145, 5.694444444444445, 8.867236002309548, 6.715988845957662, 7.075954150657069, 1.2737171690167013, 1.929459623893073, 2.4180262532855386, 2.0335230356002465, 1.3952261935286543, 2.6483144678841612, 2.0188655959219637, 5.845671475544965, 6.4618147338075875, 1.9052599381970858, 1.1215491954442542, 2.8753384439486736, 2.694444444444444, 1.752021086665913, 2.632422002572632, 2.6393485028599417, 2.6524518430264736, 3.796285413488776, 3.9350882232304296, 7.210283741419981, 4.441737008973759, 4.05627720746517, 5.935755502373488, 4.915541384346791, 3.4048590000111676, 3.2898921479310537, 4.571558937077931, 5.434327592044226, 6.090744767003348, 6.694332086255932, 6.333333333333333], "v": [2.4407891066339606e-15, 0.5134851539498142, -1.6308543552505792, 1.7785775953852347, -0.49200317005630123, 0.39221849049623086, -3.1737503053292593, -3.2993418162452848, 0.24802301775689142, -0.49292323805607463, -1.7572628671492814, -2.4168207654310665, -0.9726954220740002, -1.0510917695247404, 1.086323371382737, 1.2036763004484454, 1.404566215966232, -0.2559296424850085, -2.5683036384079854, -2.0672801686274944, 1.1238197802477372, 0.10566792057146099, -1.160197943778843, -2.9120505831438335, -2.177297428841526, -1.1033560011585672, 1.6396928479533046, 1.1211166466227533, 1.086323371382737, -0.6415631063369251, 1.5478174822556825e-15, 1.9096457764500558, 3.4102952267483233, 0.8737387418515191, -0.9871376209199699, -0.7676152320567005, 0.36234612750420847, -1.150988243270838, 0.1769480097113478, 2.1999618833714263, 1.8278543223086021, 2.5038483348580844, 2.7988394854938887, 2.531836484669758, 0.6605010746143094, 0.5248857934690193, -0.3997769662139247, 0.12525460294417917, -0.3228203444981356, -0.40414988432051063, 0.9849502549734817, 3.8157029924481782, 5.049036970400752, 3.7934034682726296, 3.276608177155967, 1.7572628671492811, 1.1359841722414334, 3.425795466159753, 2.661928746268782, 0.880494510259901, -3.1813763592147044, 1.7434207904528293e-15, 0.6200575443922285, 3.275606624618387, 2.028997202541798, 1.888363359708706, 3.786777727800564, 1.6309793017896776, 1.767714605891089, 0.3738497318147522, 1.7863106638648851, 0.6172291544146674, -3.3749999999999947, -1.8528955585476061, 1.9052599381970867, 4.185678580585963, 3.8157029924481782, 4.666914675949474, 4.56417097398632, 4.053574411736215, 2.931293478271943, 0.6123667590471892, -0.2654621361929205, -0.9811276877097653, -0.7578313586904897, 0.15510887423333725, 3.9171013667549035, 2.0438445252032618, 3.192189899671409, 2.045845686448272, 3.65379539193052, 2.746869732853624, 2.195610866965487, 0.9646792010814255, -1.060278040828235, 1.939024098649976e-15]}