{"west": 11.4, "south": 47.8, "east": 19.6, "north": 51.4, "cols": 12, "rows": 8, "source": "formation-steer-fallback", "hourIndex": 15, "validAt": "2026-07-19T14:32:57Z", "level": "850hPa", "u": [14.174978410245854, 13.744639081804872, 12.597243537187131, 12.379321127885579, 11.821106918579948, 12.88795100125432, 13.636195736775482, 6.066674423634036, 8.644334337008141, 9.654442476446164, 9.942571342798582, 9.669825254889938, 12.767242021516083, 11.700560624241298, 11.16553912214028, 12.95855412796636, 14.326555450908684, 12.61081991596474, 10.759858023360534, 8.443279255020151, 9.427084868814042, 8.476729079381036, 8.204488545119904, 8.948335126774946, 12.12860222356949, 12.549694165352705, 12.262083204917475, 13.256249261704044, 7.25615215475987, 15.866209130775596, 14.897511317408693, 12.800873394294692, 13.97175171442427, 9.843523107210745, 9.43132471139748, 7.532730423465325, 12.4863252749442, 12.949033537102853, 13.088054877517145, 13.758080489235809, 15.961331813134782, 13.055641539853932, 14.469088541400575, 13.029474273243602, 14.089080025248268, 11.970005434844841, 11.051412918961926, 9.252974019059982, 9.712768274282187, 10.96721886131289, 11.9942254147446, 13.90501418076769, 15.89897927249404, 13.238532848652794, 12.858220266748736, 10.561819432834158, 10.232671645804945, 11.119735382086585, 11.024625250033537, 9.27628846175488, 9.177695382248233, 9.404723310094061, 10.857505476959593, 12.059312380498243, 13.558008479286858, 13.662801353178804, 10.655314933219646, 8.958739405804007, 6.449758530549837, 6.912840264070415, 7.455696577921905, 7.451506770365013, 9.066938667102814, 10.436332750834241, 10.28033642281031, 11.019559828032191, 11.938568505945458, 8.683204841399505, 9.981426552585285, 6.910325548080722, 6.524904430769598, 5.563418078490159, 7.875789547086083, 5.41201367727968, 6.720171396569076, 8.611747728798555, 9.0247344894842, 10.149242502053587, 9.778897178823009, 8.303978287234456, 10.064046815345089, 7.2576320392592795, 3.907162811695131, 4.862608593212981, 5.236781330843491, 3.866356721464538], "v": [0.02474002958660786, -0.38392253244907176, 0.836707992550001, 2.721770271842528, 4.139692768733118, 5.65741495643264, 6.128349355931512, 0.3179409341758846, 1.5086778549518203, 2.4071228612166933, 1.6281584976163628, 2.002524541645561, -0.9151672874583788, 0.7566413142659326, 1.1538462254368465, 2.378339738676129, 4.849271482608356, 7.105831833579165, 6.312771207411517, 5.3582679497899655, 5.619670441954522, 2.543140600669952, 4.325736089152492, 2.9593788974927917, -1.5321987803236208, 0.08761481673941839, 0.9650468774524935, 1.9575125827363162, 1.3186663364830782, 5.963715940459694, 7.266001758028959, 4.208713026952334, 3.0463345237321655, 2.766889560103207, 4.14006209955639, 3.938016298518825, -1.8660938155113345, -0.15821016081645167, 0.9840957895955518, 2.8491614997590005, 3.3054329143111536, 2.5377596385080476, 2.8649566804945885, 4.2335328229367795, 4.28058980073427, 7.163900466211473, 5.342461744795321, 5.171312386870567, -1.7826265593492798, -1.5413420931327237, -0.8597567681005471, 1.8306298458862253, 2.9754130961607466, 3.8963121044316957, 3.590079605213797, 5.428037883821994, 5.463737822145156, 6.734351121850693, 6.8889504350316635, 6.186515366045192, -2.982013995718242, -3.092115693271102, -1.9144711587779066, -0.9914559544234945, 1.7849456786092073, 2.556923773516808, 4.4572147888458815, 6.296307509873901, 5.7263635841255836, 4.2694571649621755, 4.860307453028419, 7.503710538873708, -4.036861182527318, -2.874644971794706, -1.57311253057108, 0.3463036188363631, 1.2126755661953559, 3.9754815660868315, 7.015064074927998, 4.7315986536838555, 5.9789733373985925, 3.910035713894294, 4.657728954115899, 6.160365894728791, -5.326342215886511, -3.2369431653232548, -2.9671817258662085, -0.12400255847775944, 1.3743343719806467, 5.923170148251585, 6.5356684201803255, 4.932281640652447, 3.799549810557377, 5.0353786023705585, 6.726941823215738, 6.97509216443668]}