{"west": 7.0, "south": 46.5, "east": 22.5, "north": 52.5, "cols": 18, "rows": 12, "source": "formation-steer-fallback", "hourIndex": 0, "validAt": "2026-07-23T00:17:53Z", "level": "850hPa", "u": [9.225300627896077, 9.660874732335719, 9.52008168220813, 8.78274710480589, 8.936845138117995, 9.36349683723477, 8.692348636563633, 9.64626364137383, 7.7493199514324695, 7.829166930867025, 7.786190164451602, 8.307528379683388, 8.238080617686146, 6.892422687998269, 6.816449525481195, 6.1772593568188325, 5.6704235900567435, 5.184735626893049, 10.024328102243931, 11.272906580063925, 10.477411349850042, 10.256009695137376, 9.692735068242067, 8.581685282201358, 8.274191691767836, 9.46737311163075, 8.530284297113631, 8.132423353355223, 8.209643422880301, 7.619892770016185, 7.606163618253052, 7.47540622953655, 6.678586362873884, 5.543994513851549, 5.5352285367374785, 5.292623902555151, 8.77946617900971, 10.651312886438934, 10.264821579075209, 9.210034718908684, 8.901909106796161, 8.648132307965607, 8.883771002728405, 9.304175679820245, 8.550280730983344, 8.695025913650838, 9.123249758588788, 8.368217127955443, 7.606777911693574, 7.943372997220694, 6.742248180454939, 5.448030868134535, 5.424088102112798, 4.51328072821868, 7.5340439938017365, 7.89386573589779, 6.93401828275813, 8.485502294252486, 8.647551409174463, 11.037634675559039, 11.718060718112843, 11.166165098313307, 10.512556647752533, 10.445716061669954, 9.706420487452634, 9.167699272251502, 8.408649772383209, 8.121783818592004, 7.685712313833509, 5.461663175172538, 6.163852498322522, 4.908263206349337, 6.663669730080931, 6.45031148009286, 6.745992212321184, 8.119727443653796, 8.745464527866654, 9.764067513973359, 11.721335912464397, 12.241509132410853, 10.134062987619417, 10.57279833008081, 10.166229230806657, 9.438009515832295, 9.038782176411576, 7.868038273140774, 8.048236402462127, 5.734787010072634, 6.303731471624081, 5.239488195014252, 4.9492558873422325, 6.181369097526812, 7.610990262246544, 8.968165259228035, 9.565891585724112, 11.05348282471549, 12.096134901451006, 12.02243951133057, 11.483039245915583, 11.96598721764828, 11.56589351166674, 10.872915300507032, 10.030792656771267, 9.13867677514381, 9.449481850504089, 8.113864969880913, 7.224295735967223, 6.093099218899378, 5.036270892999116, 7.437568296107553, 7.631779805949742, 9.110436441412888, 10.468391849828462, 10.573839928239462, 11.59711378999653, 12.009867108896595, 12.411803276537528, 11.537847204710658, 12.18328747665873, 11.253860018829078, 10.781962867440187, 9.010150986602067, 9.116315021934453, 8.524363776355354, 7.6998944503051865, 6.371854322331539, 6.7010256754738435, 8.308029855198523, 8.565144899073138, 10.093352528996494, 10.175762578677176, 10.50651450574366, 10.349303416963345, 11.686367727123073, 11.173662567702472, 11.162507947767862, 11.637639165199142, 11.394532108452788, 9.701791807121957, 9.556086863356155, 8.898902029086779, 9.61470461787877, 8.804072519258993, 7.9643647512680324, 6.492187959332699, 8.913674463331771, 8.550641780471928, 10.506277185141432, 10.299805609434364, 10.98365995643094, 10.443706368180228, 10.418781595735338, 10.700533014472583, 11.256115917261154, 11.373692709905965, 11.226294779880458, 9.923935070567161, 10.025518705111235, 9.4, 8.336754772906069, 8.100867429497967, 8.04383227386337, 7.0801686294152, 8.193683887499725, 8.537456162978058, 9.479038100252932, 9.751443905195972, 9.67546722013929, 9.870513573769438, 9.773765969348934, 10.731773582382369, 10.897521556199338, 11.054509503290667, 9.811774871555333, 10.185700113487623, 9.197253705986885, 9.244914497461254, 8.696916189376653, 8.298106136882902, 8.172046302201801, 5.860966927339106, 6.96324071292624, 8.023044236946104, 9.566545805353421, 9.270283018235622, 9.338081088885367, 9.626319166765567, 9.624045130875649, 10.535828024301058, 10.195061183694685, 10.30953168893847, 10.132693431031345, 8.837871382577978, 8.749147085081413, 9.064165696373516, 8.396039200105506, 8.88649765544773, 8.162802753610153, 5.839708082501621, 6.39664326797249, 6.770795792529016, 7.387869614768827, 7.120583878403905, 7.664017830071524, 6.469853495949199, 6.805902768920521, 8.376745863388374, 8.065231032476845, 8.230654178245395, 8.687448075259955, 7.872649232026817, 7.6492543086711775, 7.581486781974664, 7.846408261897154, 7.642594387554307, 6.874333957131218],