{"west": 7.0, "south": 46.5, "east": 22.5, "north": 52.5, "cols": 18, "rows": 12, "source": "formation-steer-fallback", "hourIndex": 12, "validAt": "2026-07-22T11:44:13Z", "level": "850hPa", "u": [7.215612583900016, 6.47481691292965, 6.733135118161323, 5.703611167122161, 8.642338100732285, 7.975129819061002, 5.123346867338184, 5.105971866789695, 4.564616062113755, 4.168254552338163, 4.029496497692053, 3.7295330827148865, 3.6381543058759584, 2.8277950786165524, 3.081573358806256, 3.7086592271980607, 2.9970380398428484, 4.609152262169669, 5.951332302060538, 6.173246387900084, 6.792522299790805, 7.638856586892511, 6.924595995422057, 6.968094825162629, 5.758852156629153, 5.3025225050148865, 5.030821147353369, 5.063714016622348, 4.061853845684053, 4.904078530801443, 4.631605197917426, 2.925678275062087, 2.512173604099749, 1.943901711010575, 2.137754001498174, 3.2042939940024233, 5.934232265714719, 6.547680752816376, 6.852003883434571, 7.721110818023265, 7.720861424348184, 7.99454191807177, 6.819440768705856, 6.130383375670731, 5.35610442360247, 5.635636853438334, 5.485155497792079, 4.902459303058796, 4.386906997509842, 3.35673247862956, 2.632562564946783, 1.3814563048149304, 1.624734280532279, 2.165087384836119, 7.3115148573690565, 8.139998370540972, 8.420011653580076, 8.278991813261033, 7.840825360017884, 7.767816914618537, 7.62373845234255, 6.806100737782013, 5.711440452685592, 5.176160216384912, 4.570991595348304, 4.439522898162467, 3.4466203098062946, 4.326200339596399, 4.36610795960461, 1.5595400384991567, 1.1570378879901424, 0.8247133199006174, 7.805019988267478, 8.161821422472718, 8.34252292449931, 8.81531894524117, 8.085884207009439, 7.925249362102505, 7.225058140502603, 6.829603653402435, 5.979125140845427, 5.410814147584832, 4.41492191380433, 5.008169037503408, 2.929632439867132, 3.291740957710478, 3.475687034056074, 2.549955371442512, 1.523708265714431, 1.2622980258935999, 7.714793505472161, 8.694949295052192, 9.585624409911976, 9.32969071970111, 8.920530909519233, 8.591248889631695, 7.5618654692761975, 7.499696937728279, 6.757377655268003, 6.181694558971583, 5.143271113189566, 3.980925002954207, 3.900772865122301, 2.9602975201088078, 3.159849482169716, 2.322251441522168, 2.2390180401591597, 1.994367075028112, 7.328530761821677, 8.358152055517401, 8.167757487049279, 9.629821828613954, 9.092529204576234, 8.494551459874849, 8.588346240405082, 7.742567437766336, 6.309287249294276, 6.5290365200775025, 5.824198166563433, 4.634495482848374, 3.0058196455272905, 2.9389541061761744, 3.725520691400073, 4.150432256688793, 3.996714319798806, 3.7289918294773554, 7.291729294664253, 7.565252926348142, 7.467242018942186, 8.77146163705589, 8.375217417772895, 9.027477013917096, 9.21745257703903, 8.840525749440854, 7.7511106078055025, 7.705976391134433, 6.103730772812759, 6.129939253011795, 4.5421403434458645, 3.5556778684128894, 3.2701404417609017, 3.7848101650222947, 4.47041296126632, 5.528918675931709, 8.149944114124764, 8.258289135710667, 8.756317135423329, 8.314582785994936, 8.654722691749415, 8.675903071892341, 9.54046260474234, 8.302842805106218, 7.4841827341320375, 7.592942396478189, 6.37197956705714, 6.0961658377538415, 5.830836302794957, 4.528266144153226, 4.393659544745775, 4.134124618210826, 4.690410227628483, 5.602497002326303, 8.099847095473793, 9.246232638452527, 10.18039085747976, 10.34990754794213, 9.781817956933715, 9.622181071212134, 9.879100255394798, 10.448456772341848, 9.644487077373299, 10.238833071734142, 9.68706444209862, 8.913581692179765, 7.008406961821162, 5.836509404270738, 5.133411810333359, 5.392498583870052, 5.512216004354527, 6.125087251060553, 8.572973996352914, 9.683167045271274, 10.797883562297333, 11.162175484805783, 10.868206756135455, 11.482739600719905, 9.961050970172552, 9.638431138444288, 10.360598801356318, 9.559267501807929, 9.162295988204756, 9.423217483424825, 8.333055705154239, 6.582016889072932, 5.777478468626281, 6.585757818915716, 6.306388808594636, 6.197998447174644, 8.78810105494958, 9.930182756692725, 9.76443697749385, 10.528666138783562, 10.798937165605038, 11.9640806354512, 10.276319419713149, 9.857012941082807, 9.362459200649505, 9.59590717770011, 8.452067443211734, 9.085810954056027, 8.262000354832441, 6.813671386236628, 6.789104106993228, 7.294788678858422, 6.3434865665341125, 6.292254325718678],