{"west": 11.4, "south": 47.8, "east": 19.6, "north": 51.4, "cols": 12, "rows": 8, "level": "850hPa", "source": "Open-Meteo", "hourIndex": 20, "validAt": "2026-07-19T19:59:51Z", "u": [8.87868929381831e-16, 3.5619189900111166, 3.9211705782462105, 2.897777478867205, 7.338979463853002, 5.071573195820832, 11.84903138400067, 8.917737905728728, 5.683046103998738, 6.762601351436587, 8.216127327595107, 8.449226413672081, 3.8157029924481756, 4.185789451624789, 4.067046071200495, 4.575800396598642, 8.381191384642879, 8.821342602875253, 6.843201938384993, 8.128582701984708, 7.544678833390837, 7.388951117589048, 8.573090613424728, 7.9657461049339515, 3.3777279029561584, 5.3290151695818375, 6.453104092246737, 5.021846904891075, 4.458868952864364, 5.5555010766398505, 6.997947106578794, 8.317891288070959, 8.487090702999978, 8.670565777503022, 6.468667587736795, 4.094835297632493, 3.642463121557054, 4.556910367646637, 4.80905678180247, 5.93279129208295, 6.232707235015609, 6.100096442781235, 8.259877072438119, 9.186095759373343, 7.672957870278946, 8.064745665058124, 4.281467969701462, 5.862586956543886, 4.902734658901435, 3.6992727044315576, 4.693702241784539, 5.057513395610043, 7.3231652242362015, 9.405030104925956, 9.766842053791176, 8.714867582296778, 7.059875842035243, 6.468734596768645, 6.829426531258261, 7.96222934724644, 6.7144771888332135, 6.325674119787219, 7.027411033389858, 7.076797991807954, 6.498888051918316, 6.712495918479243, 10.252010135766964, 6.954925559418439, 8.313404547010279, 10.73617490471782, 7.653590304619888, 8.88531506065622, 8.230334537670213, 7.866397417708656, 7.848423047634909, 7.987343057357673, 10.885394560734357, 6.831699063610669, 9.528819772570042, 9.344528691090314, 9.23835868534499, 8.340479320581162, 7.072540797572919, 9.47523392625791, 9.004269190806147, 6.825846566889148, 11.13610766816973, 9.859581453591355, 9.881234160871573, 9.14831811489944, 10.787492365530023, 7.951889205690034, 7.460621237414572, 8.10617004137711, 7.498300066555135, 7.702038518601914], "v": [-2.4166666666666665, -2.8843851256450876, -2.2638888888888853, -0.7764571353075606, -2.817170270036666, -3.0473086098844866, -10.668915779166243, -8.029567276306302, -10.252486567022913, -10.41349288532235, -10.146072274577115, -6.6012591521028865, -2.8753384439486767, -2.416666666666663, -3.535429211782176, -4.418799078753065, -5.0359278435649735, -6.891988182117779, -5.54151566563329, -6.820690747229396, -8.679160172561875, -9.805469317802867, -7.994536331843726, -6.450534008260833, -4.823895371924063, -2.372630417942169, -4.190694797198954, -4.2138298857228715, -4.014783638153151, -4.829323407846787, -6.300979876545917, -6.498648906215276, -9.101290509038567, -11.097818113294668, -9.238214721703633, -7.701265115491751, -4.340918511007543, -4.556910367646641, -4.035277771921056, -4.310425183478134, -6.6837602175751964, -6.541552553371471, -7.180201595062771, -8.271197773047, -7.409689284895969, -6.767125113088849, -6.592882520237639, -5.278697005719883, -3.6944755587945206, -2.890188592501004, -2.2892715443429594, -4.553805515497786, -4.939537313991598, -5.651112210818648, -5.63888888888888, -6.102215975623619, -6.3567407604091555, -1.4934250552273245, -5.3357327861557, -4.975353091967316, -4.034464920128756, -4.429284702933072, -8.67812990293617, -5.3327497884862085, -5.649397194084921, -4.700140242321066, -4.5644889945173155, -2.952190748585621, -5.6074621709149906, -4.121231419770953, -5.767393971873799, -4.527294150180485, -6.430242075623537, -4.54166666666666, -4.173080558096803, -6.943291390149533, -5.3091616666677135, -4.963519908247549, -4.855176177770159, -4.968574039484006, -5.550965918475026, -1.321002149228621, -4.083333333333327, -3.4487031118671525, -6.073456257140612, -4.4327565905389665, -3.834469374717627, -5.242432451109109, -5.937244474657567, -4.8642470255315855, -3.0932636597241028, -2.58372542519053, -3.321682585119037, -0.2830736954758427, -5.6503743840386775, -2.9565355837487273]}