{"west": 7.0, "south": 46.5, "east": 22.5, "north": 52.5, "cols": 18, "rows": 12, "source": "formation-steer-fallback", "hourIndex": 21, "validAt": "2026-07-21T21:16:48Z", "level": "850hPa", "u": [3.527391622576893, 4.636868204097009, 6.889697710623764, 5.55230350478768, 6.480911756459488, 6.259141945328541, 7.2265080329917915, 6.196941233774116, 7.8423917418649705, 8.44330991048017, 8.59462848680864, 7.7274066103125465, 6.542211526671138, 7.12394277494121, 7.588149807783055, 8.96100585853328, 8.694700195066133, 9.389565817298074, 2.180846869074842, 2.5613290768207864, 3.2082366848547172, 4.464765153907567, 5.260341592722457, 4.807047227650231, 5.700844129191491, 6.024138934378648, 6.171585976440989, 6.092489871579298, 6.466724607387123, 6.488055085469161, 7.836342579256386, 9.017583980699793, 8.5015894223389, 9.367447454197931, 10.099984616824205, 10.645847725179774, 1.839805394091018, 2.0593210029886704, 2.308635967448265, 2.7541966476050623, 2.8394490743752527, 4.576176804734049, 5.581301602832003, 5.933555016265456, 6.33195323164596, 5.546047151799834, 6.830240289174758, 4.898020334688746, 7.831619142930452, 8.693589803315879, 9.049170394104099, 8.112313592213871, 8.532186431304508, 8.999780676348553, 1.359514092057883, 2.6805978748679804, 1.5951491828601676, 2.2867257583746117, 2.998861411155176, 5.166871484092243, 6.269673536090361, 5.815003461342853, 6.717046763169731, 6.103354679095462, 4.367447695205595, 5.002072789353459, 6.783649624192466, 5.408429941581321, 4.842530419752476, 5.998894272729865, 5.906735202368783, 5.2741965919499645, 1.2430762343040154, 1.753160872898632, 1.947773904260403, 2.5804308770425637, 3.555994555777251, 4.714244368810051, 5.929935483025454, 6.26657473706236, 5.755261181511797, 5.412675087761145, 3.8533945161213454, 4.9222501908136245, 5.579316032473959, 4.8674322946848765, 4.01935222596314, 4.721143059904252, 4.244615143788414, 5.113131929032477, 0.3436246350790971, 1.394165472431296, 1.9810723028893211, 2.0699189848953075, 3.0935769199811114, 3.6981236031395284, 4.818147718416238, 4.882426363085972, 4.69858316542699, 3.7343235731386146, 2.7153302418397667, 2.551087185630589, 3.420123682781366, 3.563027580744682, 4.258217430825706, 5.84934708929279, 5.524995393269992, 6.272773212087714, 0.5764295883879809, 1.0121528671819033, 1.5694039869720824, 1.5932551113941504, 2.742608327087745, 2.5227831161246863, 2.8386152736437253, 2.964519830033009, 4.6254628143833685, 4.020869940027593, 3.2930969393434797, 2.576441540426947, 3.418260366252005, 4.9172289802329665, 5.537639879943965, 6.006561384000101, 6.956698096965036, 7.238958968331158, 1.265547712949889, 1.6504387921657049, 1.8895888564884677, 2.475033280723722, 1.5744378672858028, 1.4038640547344687, 1.9016696676520417, 0.43720638841378795, 3.2928902555390853, 3.5478921935789014, 3.6493467370692354, 3.6448891518967277, 4.497912948722006, 5.460164112233694, 6.316275899837423, 6.348421484842121, 6.735147202157233, 8.25641882068216, 1.625731624618314, 2.2378385270844263, 1.6802381868795915, 1.6687672843857928, 1.40688631936777, 1.382017994061861, 0.40037006525852015, 1.2889454367761037, 3.768040939345305, 4.150279402266851, 5.193652932964551, 4.439247962484775, 5.152987682666898, 5.320151441869729, 5.491211973808955, 6.757335364215913, 7.33624714483035, 7.929721307925241, 2.5822520821088, 1.3233877894768302, 1.853364360592297, 2.470968645585146, 1.8472081556103697, 1.244437446580586, 0.42703451319770125, 0.4379638737169591, 1.85262806874743, 2.711841616439702, 4.53281874002915, 4.675323202645542, 3.640226659154972, 5.439264776148391, 6.514418140440039, 7.288349153130311, 8.3132416024524, 9.18265496573284, 3.553905283896303, 2.0076301291607876, 1.7287616929142677, 1.5796528535040282, 1.5642412346234884, 1.4532208987481456, 0.8440673408863039, 0.46464984451691727, 1.69327138820249, 2.5571901238849812, 2.469581081541259, 2.932234104534115, 4.306881896845782, 6.121391602930473, 6.915356353912708, 8.69186533435371, 9.089248075331762, 10.586450951684874, 3.4977457452553815, 3.67294611273802, 3.330624649962779, 3.2039891690271705, 2.773439658926123, 1.9046511161309791, 2.009299532536892, 1.560908050905144, 2.148198074350925, 2.8920009362407018, 3.499850558847557, 4.406010407544645, 4.500897221481127, 4.814720266192556, 6.907814002649062, 7.9079648070219735, 8.37738441498406, 9.131195422948355],