{"west": 11.4, "south": 47.8, "east": 19.6, "north": 51.4, "cols": 12, "rows": 8, "level": "850hPa", "source": "Open-Meteo", "hourIndex": 21, "validAt": "2026-07-17T20:55:53Z", "u": [6.829170651297155, 6.447410001107149, 8.457233587073178, 4.944980557689531, 9.621064950846161, 6.851150834759216, 7.708134140850195, 3.566148882615748, 6.447410001107149, 6.85505544393111, 5.311580263654352, 4.527610591164108, 12.058747175588856, 13.80873806967412, 10.260277490016826, 13.30352905499754, 12.13975759653076, 8.220561014282746, 7.620347899841964, 6.200487915958364, 7.464489900711474, 6.6743902035933145, 4.902734658901437, 2.9262441821286753, 10.513349824221763, 13.025793584120763, 11.385851704082835, 7.946528335730345, 7.967939939565056, 5.434153337410032, 7.091248804825879, 7.866641440811284, 7.861111111111111, 3.673026891163454, 5.323376088265614, 2.6607573575173524, 7.454849492848217, 9.864800052569374, 12.16481362440276, 9.242501974921323, 7.707544689104117, 7.995580979778063, 9.61210299514387, 8.097308191433711, 5.817423277675527, 4.684463156560076, 5.083297660140255, 2.9521907485856214, 7.944943403652482, 8.08943670234971, 10.998324646720304, 8.85571316164143, 8.729692192677067, 7.35823381671558, 6.855800200004938, 8.217213466601455, 6.967974932827585, 5.325871249254659, 5.323376088265614, 6.2263540368378685, 6.996396793290512, 5.298474064906261, 10.139720743344608, 8.617844989744594, 6.0570652129391735, 6.444444444444444, 6.32972157553987, 3.680607966083865, 6.838874073497444, 3.0896575676719142, 4.439264286318493, 6.79151798839063, 5.334457889583125, 6.057065212939176, 6.341145668040426, 8.250829556803902, 9.971182809450474, 8.098424263443228, 7.204629251876508, 4.829162769779647, 4.037546189683535, 2.6864206092748173, 6.090698960211625, 3.8079102302194445, 8.065937299174427, 6.216506463762953, 7.332877846062556, 8.613367739481427, 7.71163918504921, 11.243221846889375, 9.387669844221863, 8.457233587073176, 4.833641530862133, 6.090100152100297, 5.1975380577654775, 4.062833090819909], "v": [0.23847989413375603, -1.0211694245681773, -3.0781812899310124, -1.997901831551534, -3.6931808133696222, -0.7200849691771704, -5.6002872648977275, -4.403827114922832, 1.0211694245681757, 4.283514052551742, 3.4493805550951713, 5.59113344492654, -4.628919348293461, -1.9406915744986888, -1.4419879627251213, -0.23221396342940448, -3.711496362730285, -2.049616059941633, -6.170836056683128, -0.9820608083081195, -2.2821235840857987, 4.849228331412905, 3.6944755587945193, 6.572452042484266, -0.5509813171132141, -0.2273660727523814, -1.8033417497693343, -4.225244065073013, -0.9783400067802123, -1.1550649489875469, -1.6371437843914602, -3.502454426486059, 2.406771139990979e-15, 3.6730268911634556, 5.708621948749635, 3.799955316562823, -4.841235866800236, -0.6898140181363481, 0.21233761165361736, 1.2989489422939489, -0.8100955903243164, -4.251325818561118, -4.688135875383188, -1.4277739052614236, -0.7142897627357261, 3.7934034682726296, 7.827591967490623, 6.954925559418439, -5.358931991594658, -2.785416432577899, -0.1919764708101131, -0.30924831800271857, -0.9175276220160719, -2.2496378391166054, -3.4932046785515163, 0.28695141733167395, -0.24332704645354974, 4.7954360122384845, 5.708621948749635, 5.412486989171686, -4.371833929923944, -4.4459476336652335, -3.8922741186725665, -0.6026184259561919, 3.9335041417751957, 1.973042065292958e-15, -2.179497922893746, 2.1249999999999987, 2.4891465986479218, 6.063794400726393, 2.360398690673507, 6.115110263668454, -5.924515692000331, -3.9335041417751917, -5.320852991294135, -2.36588730409591, 3.629213743066818, 1.5741742118564939, 0.5037967548186857, 3.0175958102168625, 3.0425092837131333, 5.052422336914972, 1.6319978677297835, 5.438259405140807, -4.471022053382888, -5.796986060531232, -5.729072062058203, -6.974967667469031, 0.40414988432050847, 1.9824833616974558, 3.6035888259832944, 3.0781812899310177, 2.2539640626170625, 4.424716760312785, 2.6482779151473577, 5.802326980380358]}