{"west": 11.4, "south": 47.8, "east": 19.6, "north": 51.4, "cols": 12, "rows": 8, "level": "850hPa", "source": "Open-Meteo", "hourIndex": 19, "validAt": "2026-07-18T19:14:14Z", "u": [4.688010871486749, 5.8297798242780585, 7.238596818468669, 4.04684313393675, 3.8015799136981587, 2.5335499519428795, 6.278162481760661, 2.747254514729247, 3.17837038020458, 5.4450398700400235, 5.1930322675062985, 7.4499427109787035, 5.442697280367178, 5.568264250607513, 7.500213881143484, 9.875336510350786, 6.820590453496647, 6.965653858818544, 5.9386088241072, 2.5328110703368947, 4.922994966185126, 6.7144771888332135, 7.582033893797474, 8.138822274769376, 4.916322105328871, 6.459797300365665, 6.3276006684810335, 3.9211705782462105, 5.442697280367178, 5.438392017742703, 2.756353430242526, 5.296308226566341, 5.952273006920888, 4.422723859322472, 4.904901776239866, 3.415403654756738, 5.052422336914972, 4.682577337695287, 5.047163989804911, 5.6918786627572215, 5.544040594949842, 8.374166695057173, 4.300213560102028, 4.057263641452196, 4.698210924874989, 2.5416488300701268, 3.6877770028907437, 3.021619747858189, 2.660757357517351, 4.418799078753068, 3.4176827757349777, 5.346421053372153, 5.310497403289301, 6.077678022454385, 5.851728384936634, 7.494576201602535, 6.326796699869653, 5.701333908247557, 3.16675697203836, 3.425593852962633, 2.668572928496803, 1.9172346873588073, 5.506749862635055, 5.2152135524552214, 3.911797650488319, 3.333440873723409, 3.6630491689754576, 3.1457791620470847, 4.829162769779646, 6.198024052021522, 5.0853936939278706, 4.187083347528587, 7.334841321022187, 4.681382707949307, 6.194640090852846, 4.410174583769522, 7.210738675014571, 5.474975147021956, 3.9202969861571777, 4.584544531531239, 2.9156802181178163, 3.928371006591928, 5.954483729243104, 5.944297944210853, 8.371098481067577, 7.857657033827133, 6.322236997755625, 7.9613664148511365, 8.250829556803902, 5.683825377913872, 7.740543313180001, 6.576997937300338, 5.434327592044226, 6.483197406230568, 6.9499876194791685, 7.212324417671923], "v": [0.2456882390293738, -0.20358039743125675, -2.35196267940932, -2.151744662768664, -2.021335895328139, -0.6316849496213558, -4.73093476533416, -4.956178340456574, -3.5299379210176194, -2.774386387297233, -2.532811070336891, -2.4206331226037525, -2.6545808333338567, -4.195988078087894, -4.506583155462973, -0.5175444561802223, -1.5746573804070534, -3.3973763876153487, -2.2796183457187156, -5.193032267506297, -2.1918585765751466, -4.034464920128756, -2.4635521496002726, -4.511422855070082, -4.584544531531235, -3.291431123111718, -2.4289383246959235, -2.2638888888888853, -2.6545808333338567, -3.9512230848549565, -3.936480657277656, -2.935791589269486, -3.299398804454239, -5.4616091180170425, -2.9471623175408648, -3.536754018331699, -2.686420609274817, -3.0409012788338985, -1.543072886036661, -2.299668254025464, -2.824829776157183, -3.728419228194837, -2.383647299544491, -2.248977960587175, -5.038214388932064, -3.9137959837453127, -1.8790162350331265, -2.5354400159857957, -3.7999553165628237, -4.575800396598639, -3.4176827757349812, -4.028817238323437, -4.300356005507223, -3.7977547270046386, -4.9101831295499565, -2.876898261627549, -3.652777777777772, -3.291666666666661, -1.9027795545288109, -1.8988376792981538, -1.2443759929031684, -5.568053834084867, -7.048318407260125, -5.03627318582773, -5.191130815307399, -5.547777251766448, -2.6613610034353634, -1.5342990137617705, -3.017595810216864, -1.660755539407838, -2.3713580242116983, -1.8642096140974185, -1.6933815479774266, -3.928146503639965, -4.839783264365587, -5.073325511497521, -3.8340177627514374, -5.2871220418268114, -3.4078621783673553, -4.916322105328868, -4.164022891802376, -3.9283710065919326, -1.3747008876569513, -1.1554544720024114, -1.627176710572203, 0.9647989686240827, -1.9329018256669752, -3.056082236400199, -2.36588730409591, -1.3122144836725445, -2.5150549819960974, -1.5184196168210873, -2.195610866965488, -2.4886663162868077, -2.6678502910594575, -0.3779819061990387]}