{"west": 11.4, "south": 47.8, "east": 19.6, "north": 51.4, "cols": 12, "rows": 8, "source": "formation-steer-fallback", "hourIndex": 19, "validAt": "2026-07-17T18:55:20Z", "level": "850hPa", "u": [14.731863735834246, 13.238810017814256, 12.93225247507173, 11.773547347471554, 11.02214345479878, 10.59780831864128, 9.168838012919172, 7.164476403163814, 6.157437549772743, 5.98079309129937, 5.174796962713272, 6.096567774036418, 13.131631539851341, 14.336092290284352, 12.5271483285037, 13.01450699636566, 12.462595346546472, 12.513950184184923, 9.492327124596967, 7.255907329580716, 5.787504085492939, 5.9479077203695, 3.8245439384921385, 5.279242859488486, 14.093945739625205, 11.018765134200027, 9.62960540612743, 11.398407825246093, 9.840624982581298, 9.944250403987951, 9.032641300470745, 9.895427174613735, 5.517766442162598, 4.473019239487308, 4.709202556164778, 4.604006629772129, 10.697245919752872, 7.465164679795707, 10.025940561325452, 8.081990251571234, 8.807268798632649, 9.54025636193852, 10.343017087399685, 8.482407306681276, 5.980145935147031, 4.94436551913652, 4.6790272124750025, 5.667820631709198, 5.628487485379689, 6.502779301604603, 7.585631055580027, 7.159278941339537, 7.580485829340093, 7.46217964007758, 8.552765190568588, 7.991357682971649, 6.193549743919138, 4.249064118007947, 4.71811307517742, 4.512191097474705, 7.575550725873014, 5.8977324644966735, 7.507282835631957, 8.333763491041614, 7.289229808299, 6.361019409643098, 9.334564838955425, 6.315653231990193, 7.69188268231889, 3.7469019949706444, 2.558489972171856, 3.259819791536473, 6.541340660549283, 5.3134629750309, 6.667870105082635, 9.440912054950084, 6.555103885975156, 4.843822321793211, 4.59195906574492, 4.569982568969851, 5.720347635049588, 3.497043599979, 3.4091290960689133, 2.5031952126723445, 6.092554754842692, 5.046866783301044, 7.531472317832756, 7.154501898022934, 6.67108513088433, 5.0617494074567, 3.437290339411609, 4.615815821752355, 2.3204361977864236, 1.0307742312660526, 2.611193602468305, 3.0935773474114208], "v": [1.4185171372993162, 1.7194212143104635, 0.6777506333461243, 0.18495366134669075, 1.0807306148325801, 0.759660346034786, -0.3362060273826527, 1.2632904925269188, 4.5396544825183165, 3.287968825744206, 3.6369082191737365, 1.5880369569316157, 2.7912144492284208, 1.355159711786609, 1.095983465051801, 0.5227165977365906, 2.018499994609416, 1.4700512874515992, 1.0479626709194811, 2.34359421072353, 6.495752185882904, 4.057387552350514, 4.623079456654735, 2.4617513746395745, 0.936118843150001, 2.1418309731017167, 1.8195328307786567, 1.7035034632687616, 0.42965096554855964, 0.7826294798852539, 6.277849244528749, 4.200359631259692, 6.887298344760759, 7.021233786392273, 6.249322866120067, 3.187965331212728, 0.24275446922876032, 4.4678088929060795, 1.876303776249744, 1.5271079115463724, 2.0819501215523455, 2.8259526798040313, 6.563878238492707, 4.857920469044353, 6.759325380120745, 8.228806086740278, 5.988881727411086, 3.2328678115214595, 1.175852298090294, 0.9718468781771894, 1.4607622970969119, 2.8345590556720195, 1.487232191412635, 3.8021704353187045, 5.5118810396268785, 6.1764231058768955, 4.944245803921885, 7.071630230792427, 5.5047169781778855, 4.252073788149733, -1.0646742223445, -0.786925522029878, 1.5957222270263038, 1.0527991619401558, 4.174581272631464, 2.4036289376989486, 5.281242682109685, 6.655309854037739, 4.862606379447421, 6.235892112607868, 6.0567940415946175, 5.623484233703079, -0.6644451539778713, -0.6241884434814324, 1.6748532060289039, 1.5968107498066777, 3.8458566073208442, 6.33545659876996, 6.27411642691806, 7.666217080106181, 6.488460752303475, 8.23851843839934, 8.031404846372542, 6.133892624366215, -0.6296042878218866, -1.6984583220122225, -1.0182950091790197, 3.2907032061834802, 4.184763813704903, 6.766180084516797, 6.834291120707958, 7.107733063337468, 7.734416645875917, 10.147783230053639, 8.036427562694046, 7.431842247759497]}