{"west": 7.0, "south": 46.5, "east": 22.5, "north": 52.5, "cols": 18, "rows": 12, "source": "formation-steer-fallback", "hourIndex": 19, "validAt": "2026-07-21T19:22:03Z", "level": "850hPa", "u": [4.085563854797394, 5.169215093253415, 7.448908201377342, 6.579883721869297, 7.443840620854116, 7.988327041455181, 9.099313701030491, 7.482649001412447, 7.899489760311158, 6.893371914691806, 7.2504622962932, 8.214661768047431, 8.036018711560821, 9.058716468106503, 9.240918337340847, 9.037852910800224, 9.515097578623157, 10.93650913026331, 2.658645429205218, 3.8223466336131504, 4.059665519577904, 5.4372741998863825, 5.9412979798954435, 5.184182310451617, 6.338080475899379, 7.536909781892922, 7.427955201296808, 7.933082022826142, 6.703674058281696, 6.395855072084908, 6.979009164778919, 9.04677377214807, 9.857941012690864, 8.999415798626547, 11.096805479853202, 9.346354575627313, 2.661086064323759, 3.902684841240371, 3.7499999999999996, 4.46073911647211, 4.484351452958235, 5.596172590967029, 6.1349357084877285, 7.317914661978507, 7.808524886804174, 6.5398656626563305, 6.871486895154986, 5.121096038581776, 8.693242168948895, 9.121226376842737, 8.545981663204799, 8.872797353452915, 9.330511030844873, 9.604937825869722, 1.4130549051252959, 1.9988383534877021, 2.0975746007990725, 3.0040548178172966, 3.7386580481537277, 4.473837932220934, 6.0709022117179, 5.465715999190945, 6.02482506443529, 4.538980709738854, 5.020937671763624, 6.307533988651518, 8.234517669114307, 6.423406744822304, 6.025758738734431, 5.826068079000657, 5.6936722872832295, 5.293341672440618, 0.6799325637262662, 1.3658387782994483, 1.6083794163760738, 2.672722445273064, 3.4521727809639837, 4.423084023500861, 5.903485084355916, 5.690731302484434, 4.395109154077083, 5.083268202807718, 6.01020321340614, 6.030951318713487, 6.0296699890821905, 4.800332277757657, 4.486755700875092, 4.690812718455266, 4.29699358960104, 5.27209988909277, 0.6275213477831391, 0.8315950389363763, 1.3023613325019772, 1.9183889831315106, 2.827798750234056, 3.234934145046115, 4.705864444268308, 5.567595944138, 3.880541950650931, 3.587616869380811, 4.2276568250831845, 3.260451895215023, 3.3110279667646285, 4.09470491226489, 4.358592788065427, 6.510121966118063, 6.16289295184922, 6.775900456453926, 0.5128077320927967, 1.1529134068109643, 1.8665243055523972, 2.117177617524983, 2.5339393538745694, 3.871348593723251, 4.989572660399003, 4.627808536889663, 3.8374341348923275, 3.6100596881187097, 3.2935022621263443, 3.0279802226070256, 3.421457040642027, 5.109376403585055, 6.036569201376193, 6.4026080183640035, 7.373997835639232, 7.878267050739941, 0.4207417148988285, 1.2686251676556402, 1.664722252383597, 2.106536776770799, 1.8840732068337278, 1.9180098505699683, 2.8878472822601786, 2.7531668944850205, 4.05011549581748, 3.71126905472707, 4.704554580049024, 4.274563268241143, 5.191335004044847, 6.407325572748289, 6.927232511324605, 6.938783962246024, 7.737709491513389, 8.39025568345987, 0.3511531846599002, 1.550102291998022, 1.2693975099790507, 1.4550542187412485, 1.926479305886867, 1.4944325545108448, 1.4880223458244564, 2.830971880460763, 4.221654955240085, 4.127132555274445, 4.927212700360159, 5.305764052345497, 6.093117804458521, 6.447426257988126, 6.217069590421484, 7.00325389802488, 8.15772065814567, 8.432149511802752, 1.7594318100271904, 1.4536010639504393, 1.845364387744262, 1.1342657637569522, 1.2563146001179963, 0.6789633989223469, 1.0180114007490328, 1.5582478037381693, 2.6072373597632206, 3.4890020768057117, 4.187145203584702, 4.543669788116072, 4.435234506837123, 6.809186062165022, 7.228359624739423, 8.040049070305866, 8.259629242841909, 9.29775141928567, 1.4250190205581552, 1.866147877839499, 1.894239654646449, 1.2748561709928934, 1.0997991245267684, 0.6554818642923036, 0.7074760232538323, 0.1563611768519866, 1.7585373478018034, 2.2969542036739647, 3.9210044190878905, 4.079708332590476, 4.383774326228741, 6.073017776878828, 7.505762737321682, 8.060303235360328, 8.806020171555119, 10.409097019008481, 2.218517226419022, 1.9032997811848316, 2.1158456937131094, 2.005249199795956, 1.612158998084273, 0.7966421601011623, 0.7324501159029271, 0.30326369179140716, 1.8841527385421795, 2.5352777394187207, 3.860496821296516, 5.115874755482154, 5.598860411008783, 6.254133907799292, 7.678952368615102, 9.784323814515222, 10.653132807332286, 10.673738522459754],