{"west": 11.4, "south": 47.8, "east": 19.6, "north": 51.4, "cols": 12, "rows": 8, "level": "850hPa", "source": "Open-Meteo", "hourIndex": 12, "validAt": "2026-07-18T11:51:25Z", "u": [5.559848006316627, 5.07174044781293, 7.708460492081527, 8.342933677811626, 7.230412665491574, 8.091797567878658, 11.22504529626726, 10.2720235393321, 9.770358614526273, 7.821057267875672, 6.313325664255833, 6.713714094571703, 6.707785753559037, 6.9807386973745285, 6.209759998160312, 7.33381323157199, 9.246382797313993, 11.407356472391411, 8.834644651028976, 6.346538852745341, 9.00520311865192, 7.797331106327137, 6.707299112640212, 6.721782753855155, 7.690695503521731, 6.838874073497446, 6.576997937300338, 7.221122242796159, 8.22990341464355, 8.726490922524844, 10.497957378537517, 7.850303850162937, 6.690659723229946, 6.696327838537908, 5.855093039460955, 5.420447896541076, 8.37086590060377, 8.481061718834995, 9.244365149926635, 10.763007207910405, 9.0, 8.59930988260883, 8.328371650535635, 6.702163874666416, 7.331123265196417, 6.0524501617554165, 4.93338625912602, 5.8223862306868845, 8.59930988260883, 9.605256281905753, 10.875125454168222, 10.383702632607484, 11.506851983747618, 9.244365149926635, 7.7210460903743545, 8.091352852107464, 7.206950944730318, 6.19350100055209, 5.071110588017608, 6.57784834550136, 7.960529336848683, 6.466642471517938, 9.245070516971097, 10.487915941201361, 8.112750378029858, 10.24843887535301, 8.10617004137711, 7.325355192747271, 7.221122242796159, 7.230412665491574, 6.819022742995196, 7.078433107598487, 8.864968973653387, 9.73246643137185, 10.38722868495752, 12.155267610056672, 9.878930756076478, 7.9779870827137485, 7.850303850162937, 9.099265470851721, 7.108343034993846, 9.505810104278932, 10.139720743344608, 9.892875091051648, 9.484329893461522, 10.645085448636483, 9.486980580168451, 10.642300403709731, 12.79281706559926, 11.77060307378046, 9.380039206690986, 10.383702632607486, 10.230885680244969, 10.257951515377892, 10.119949521128412, 10.50277979809352], "v": [-2.0236191813435362, -0.9858464761121493, -1.9219350594862528, 0.8768776640786486, -2.631654991700279, -2.945173456415475, -4.764749039077528, -5.930555555555547, -3.3642042627239563, -3.985027719936027, -4.099921624696449, -4.195194175179542, -1.303861468406391, -1.7404936377865015, -1.0949482313998078, -0.9004790373824793, -3.00433188975643, -2.0114247246419374, -1.717280958388905, -1.1190660338535479, -2.753166886139095, -4.872313235033083, -3.417539595261592, -3.1344187745768486, -4.62103606099854, -2.4891465986479173, -1.5184196168210873, -0.12604515760259952, -0.575490908389032, -1.5387157965486284, -2.0405962005547176, -2.2510384058388273, -2.5683036384079854, -2.705492063559369, -3.245531068871313, -1.5542884230791905, -1.476009510168904, -0.8913955061991583, 0.32282034449813307, -0.56406530617395, 2.7554552980815448e-15, -0.45067073431423843, -2.076496270563818, -1.1817723202332726, -1.827854322308604, -2.4453485959094294, -1.7956057524597568, -1.5601036885346355, -0.45067073431423843, 0.33542294052959176, 0.9514501916619372, 2.782304734852098, 2.23670544580283, 0.32282034449813307, 0.13477136082124572, -0.5658025092579035, -1.0128709014315864, 0.10810796209761797, -1.3587999867882308, -2.3941410032796764, -1.403656102807683, -1.3745272892951808, -3.1833330658033137, 2.2292753515459722, -2.0227358493194476, -0.17888716598215085, 0.28307369547584044, -1.1602222823817163, -0.12604515760259952, -2.631654991700279, -1.7001733218532236, -1.1211136661216585, -2.5419889480901046, -1.1949966172782525, -1.0917417274621615, -1.2775701066046568, -0.8642944489142729, -1.9891355860417164, -2.2510384058388273, -4.83816527204348, -3.0173126033338336, -2.7257471853014374, -3.8922741186725665, -3.600712064456338, 1.164529281426963, -1.6860159009891607, -0.4971915843079663, -1.3067101820663045, -1.5707604261107906, 0.4110385167183436, -1.3182785396495078, -2.782304734852092, -2.36198607061058, -2.3682347110090207, -2.901848829295631, -4.031639432384628]}