{"west": 11.4, "south": 47.8, "east": 19.6, "north": 51.4, "cols": 12, "rows": 8, "level": "850hPa", "source": "Open-Meteo", "hourIndex": 10, "validAt": "2026-07-18T10:27:00Z", "u": [5.43143310759279, 5.580904774114617, 8.481061718834995, 7.223530325834067, 6.969386937495488, 9.095801530888727, 12.800288214435923, 12.674599578540846, 10.090915483686084, 9.670544967300604, 8.456594893449696, 6.216658820235905, 6.326041848884945, 7.33381323157199, 7.845672730127489, 10.484584375593405, 13.537226679330253, 10.763007207910405, 9.229957895651099, 8.396308453962172, 7.426375295792311, 8.462256024753684, 8.143089356670068, 6.473438054302926, 5.846220388711411, 7.71432739859563, 6.565385020081387, 5.569732613950686, 7.344488176499979, 11.013485828903187, 11.140515773342667, 10.27669402330041, 9.220328331525272, 5.952273006920888, 6.313246938053392, 4.57068963108454, 10.118456601454588, 7.10136558047697, 7.210283741419981, 8.998629256407522, 8.480288984271791, 8.994934957735932, 8.84581899265808, 5.949429733470218, 6.090744767003348, 5.817520598775134, 6.215980913759732, 6.585953837384317, 9.246250569947954, 8.21607647747539, 7.7210460903743545, 7.831197209998999, 6.8315110224497015, 7.5970422562854205, 5.957674189051729, 5.806503055730988, 5.8023269803803625, 7.471084166585256, 5.683825377913872, 6.713009650294635, 7.444006141144784, 7.582148535476063, 7.3348413210221866, 7.091248804825878, 6.451549985668592, 7.592570826977552, 8.230736171626148, 5.817423277675527, 6.978472245880978, 6.788401835401987, 7.987387276680224, 8.744669736417087, 10.263692440533118, 10.387306610791397, 7.600680347854257, 9.380833407030604, 8.480168168117318, 8.602066647558125, 10.88225567198571, 10.14348089562586, 8.731460404773063, 8.974922321161294, 11.13610766816973, 10.504616032130219, 7.344488176499979, 8.349652498920186, 10.497731117776217, 9.882864844966614, 10.497731117776217, 12.025945888964372, 13.803452902575735, 12.930670697771665, 11.91308519089851, 9.984124005595074, 9.754305240651007, 11.013485828903187], "v": [-0.6668961291892798, -1.4953989272590056, 0.8913955061991559, 0.8869379992263497, -2.536649396332038, -2.4372126747153984, -5.171652136880794, -9.208635619248742, -7.883887225698006, -6.77138848469984, -5.491776936401517, -3.032067098624451, -1.229657970204401, -0.9004790373824793, -0.824613432444824, -2.6141004830075256, -1.6621624336646514, -0.56406530617395, -2.4731597643129706, -5.879158472598214, -6.2314687716834, -6.852599813653785, -4.892861711645513, -2.35613876513238, -1.3497063260631887, -1.3602440583909505, -1.1576545177795323, -0.38947364507136517, -1.0322004987871511, -0.9635551559324386, -1.565697385800735, -3.3391003003292896, -3.7252544567471304, -3.299398804454239, -3.944954522624973, -2.638888888888885, -1.2423902508246987, -0.37216679994982277, 0.7578313586904877, -0.1570716579355471, -1.495303752131896, -1.264155667053927, -2.7044382686853052, -2.4037256410854395, -0.964679201081427, -1.7785945370633092, -1.9004160806977823, -0.5761962992761819, -1.6303634458728413, 1.0088073426314972, -0.134771360821241, -0.685140977710754, -1.0820050498616005, -0.7984813166279106, -0.41660116263852487, -3.218597201079849, -4.062833090819904, 0.1304082592119248, -1.3122144836725445, -0.35181392807756673, -1.4469682149387995, 0.6633520420238442, 1.6933815479774312, 1.6371437843914647, -0.792150732133459, -0.530924272385841, -1.3036205420019287, -0.7142897627357261, -3.1070160234956976, -5.1154276967924135, -2.9071712182681786, -0.3053705961468851, -0.5378973280524781, 0.18131111132066868, 0.39833477807129253, 0.8207165775404497, -1.648377710058486, 1.0562009761779432, 0.3800167418716763, -1.9716929522242985, -2.5037059820044103, -3.8096285027704155, -3.834469374717627, -1.8522472284472518, -1.0322004987871511, -0.4375867452535025, -1.1033560011585672, 0.34511724516917536, 1.1033560011585644, 0.20991366631510575, -0.240940166648046, -1.58768672380595, -3.1921015562644155, -3.8325461270816836, -2.0733415834326467, -0.9635551559324386]}