{"west": 7.0, "south": 46.5, "east": 22.5, "north": 52.5, "cols": 18, "rows": 12, "source": "formation-steer-fallback", "hourIndex": 4, "validAt": "2026-07-23T04:20:21Z", "level": "850hPa", "u": [8.978009591689407, 8.890597943948631, 9.118099160611585, 9.037195461704579, 8.865211104733673, 8.708520871379504, 9.645670228521785, 8.84271241825876, 9.042168109228168, 8.233652448396999, 8.925218682571215, 9.74180625411488, 9.014322110622716, 8.201495672479899, 7.729628798172835, 7.6253308196764324, 7.83702902496961, 6.634794653731123, 8.31169121508116, 8.411092222378821, 8.721677284643993, 7.930543627159333, 7.190028513448357, 7.455375520064288, 7.550653588680633, 8.723212450227757, 8.759090833952637, 9.343305087752766, 9.758475348370958, 9.327623035965017, 9.366828420658193, 10.233602272225118, 9.114405855717097, 7.109765740766197, 7.659637317060185, 6.056567681025079, 6.7406140746123135, 7.8192760870952505, 7.147785554850497, 6.981202881519225, 6.940506120458967, 7.781944420745421, 8.495796655243014, 8.435271864638649, 8.337323802565997, 8.884396053543783, 9.48739348720482, 9.361763651094543, 9.106675294059134, 9.508898117504765, 10.00891905008823, 7.030959755654451, 7.308037342470809, 6.1734931287444095, 5.018433522053716, 5.002297079860616, 5.527513969172846, 7.901801063697586, 8.986243453197035, 9.899993184183037, 10.602708452876092, 11.140321594497582, 12.218773700960657, 11.313277056676588, 9.682707117331386, 10.102540766640532, 9.492998914795853, 8.907693237731333, 9.742145352365847, 6.978840978961835, 8.285268104848743, 6.97745214919373, 4.458918472110013, 5.602631729738577, 6.363597335896741, 7.905761591601228, 9.792039114357834, 10.98240569863991, 11.290801625588433, 11.73703358147288, 11.750809020866871, 12.261728125061419, 10.714353453365122, 10.677587009130505, 9.708114937283023, 8.930621835632834, 9.921273801172063, 7.648322228582568, 8.29933680332829, 6.971930024332703, 5.295972203738025, 6.370880308828149, 7.109764825421447, 9.748564492135287, 10.079326604870543, 10.509061664596684, 10.808986827445665, 11.583486304345447, 11.819141708834046, 12.07223199390699, 12.176946970305238, 11.304667413143367, 10.173899535024525, 10.368032085453558, 10.29308245592016, 8.689241499408022, 7.89610182688928, 7.9277024117482755, 4.304068116747891, 7.080170390216686, 7.9231747990031325, 9.476059658193098, 10.237918188686526, 10.442715318866815, 11.010191342780107, 11.794333558100064, 11.11749913451114, 9.983425264563586, 11.884618584075694, 11.235436122420234, 10.776996871843469, 10.612664087764697, 10.099984616824205, 9.5738187560119, 8.848652102134063, 8.632107069413639, 5.727553065987866, 6.7845558670197255, 6.3307942948736455, 8.293386867721413, 8.447609811785023, 10.147332823575562, 10.308848787693517, 9.6879746684402, 8.173490015784056, 9.466221497810961, 9.74555767642845, 10.866233860444037, 8.134745257303745, 9.763329992512519, 10.067573882837006, 9.082043228697271, 8.938579482385997, 9.673526450638086, 5.3999999999999995, 5.7937763978591885, 5.775895992613067, 7.690786884291716, 8.661483433181749, 9.241160178688647, 9.190153372833043, 10.441892250216341, 8.941048329821603, 9.686645059769647, 9.766689792201571, 10.63394400084273, 10.262646865074732, 9.770160259511792, 9.583850220026603, 8.734775237761237, 8.85297598630865, 8.57349776500999, 5.0669550742897185, 6.0367959351592795, 6.0152442141673435, 5.876366183706957, 6.99763252348276, 6.946019793349423, 7.324501811933443, 7.544995142977278, 7.9122353296749015, 7.505054539300878, 8.061115046220689, 8.530284297113631, 9.24229315680183, 8.823916857208244, 8.523428945837017, 8.274709717618883, 8.005641093438813, 8.443811827535843, 5.370571649402366, 6.204585076057477, 6.184432692255935, 6.7606701591212595, 6.230795384237692, 5.537656311236991, 5.6922691221767066, 6.3728205266482325, 6.172288517162172, 6.65102481550204, 7.357329619243016, 8.374483695859714, 8.999306167900526, 8.001348336621035, 7.922634306515876, 7.536533119945204, 7.246769374509162, 7.862028449448107, 5.509226683380052, 6.1213864782907965, 5.95519185928381, 5.448812758186705, 5.443761641440511, 4.236748073950513, 4.460456659941047, 5.042774964968105, 5.916524113797917, 6.263701841183815, 7.965960719399369, 7.796307086648219, 8.09221687453582, 6.9755826944484225, 6.189086933127345, 5.819703103391637, 6.604053519003654, 6.3128276848357965],