{"west": 11.4, "south": 47.8, "east": 19.6, "north": 51.4, "cols": 12, "rows": 8, "level": "850hPa", "source": "Open-Meteo", "hourIndex": 22, "validAt": "2026-07-18T22:29:57Z", "u": [5.6925416823145705, 6.968689958643471, 4.676265880168526, 4.44718874543165, 6.194797596046944, 3.1666666666666665, 7.9613664148511365, 5.961606544547666, 4.807159116676382, 5.44562430478951, 5.674791758227137, 4.6910071346712705, 5.193653305395698, 6.326712661404476, 5.19361434247876, 5.570007170845283, 7.719803401654726, 5.5824829646231855, 4.188696104109463, 3.65652333711404, 2.017638885960525, 7.3659606223916985, 5.851728384936634, 2.666452911354858, 5.431182051414599, 5.826779205322231, 5.832444888412282, 8.22990341464355, 5.569464809467027, 4.438886955951468, 4.676265880168526, 1.9101790144964044, 2.8961141491862037, 3.4200008769452785, 4.592413202933552, 2.0555680960429457, 0.3684611433577963, 3.30203188621663, 3.0439282441692224, 1.6682457530584331, 4.691519617826904, 4.027497551087545, 6.46424989317414, 4.691584715728532, 4.928167792410525, 3.647762971076732, 3.6808319370938074, 2.002371663817537, 0.5121005222012204, 2.012663029717125, 1.6469693019363394, 2.761983524484584, 1.5033381644394073, 2.6461887337857863, 2.648842778576782, 4.169405714776691, 4.821489915335948, 0.8747453719873433, 3.0456504741440997, 3.1701883876505117, 5.181791038849641, 2.533116806380015, 3.2993988044542433, 2.390543008631751, 3.554171517496923, 2.8941059988153723, 1.9119977629979967, 1.2742365133384324, 1.400561125156087, 2.1740633329065187, 4.301033323779062, 5.420447896541076, 6.324653720112301, 5.8223862306868845, 1.633765746370103, 0.24802301775688845, 2.143269229193862, 0.8811565546101257, 2.021449429741659, 2.5243135461851725, 3.664433032403351, 2.5240924259653514, 7.983814086477364, 7.079018358051928, 7.5958486846860955, 7.328866064806702, 7.491438393487658, 5.0471639898049085, 5.817423277675527, 7.222411561165155, 6.973362886642219, 5.575681569046372, 7.850303850162937, 7.722222222222222, 5.833333333333333, 7.328866064806702], "v": [2.9004948594471056, 1.1037320588949644, 0.6572063100892003, 1.1088086881651447, -1.7763296263762174, 9.69512049324988e-16, -3.056082236400199, -4.174361842332607, -2.556011841834292, -1.6648944296711343, -5.480082700287644, -6.954704080878402, 0.09065555566033434, 0.8891614783559768, 0.5458708637310793, -1.1839415727122358, -0.9478726709289255, 0.09744260260816688, -0.21952026090790325, -1.4036078023857594, -2.4045283909012376, -2.976041269915306, -4.9101831295499565, -4.810408389266675, -0.37978524594023666, -1.027418384529335, -0.10180570421748421, 0.575490908389037, -0.8821165667546383, 0.545026785784131, -0.6572063100891974, -1.3878262901350056, 1.4125292507648062, -3.7982957746622334, -5.282967061559402, -4.0342795400751115, -0.24853017932033197, 0.7623341286097659, 0.26630921395117835, 3.4204106761940523, 0.7430637089410981, -2.820084145392639, -0.9084910757115375, 0.16383374840896245, -3.3240911484094395, -3.1709519734541165, -2.390360209232617, -1.4020757333025553, 0.1276810004553803, -0.247123946349327, -0.5035290470224895, -1.6595671302657296, -1.401885517906246, -1.5277777777777752, -1.408414688357671, -2.0335550420493305, -2.146665616233391, -1.006279440297029, -0.7593659500767362, -1.0300566479164903, 0.36234612750420847, -2.9140175458601467, -5.952273006920885, -3.1723577204656332, -1.5086563016669168, -1.538823455798196, -0.1336999080095731, -0.8922300121016259, -2.5266791539582534, -1.638274229691688, -0.5281004880889727, -1.5542884230791905, -0.33146105620531086, -1.5601036885346355, -0.6271439117042754, -3.54689440092382, -1.3918553117050676, 0.2526675761655824, -0.5040039491659754, -0.13229366716966354, -0.12796482124250425, -0.3997769662139247, -1.2645119257418709, -0.24720476830938318, -2.764662825215817, -0.2559296424850085, 2.7266605870685248, 1.5430728860366687, -0.7142897627357261, 0.6318791349205232, 0.6100901992336086, 0.2922090890231015, -2.2510384058388273, 2.3642486816872515e-15, 1.7859432487565566e-15, -0.2559296424850085]}