{"west": 11.4, "south": 47.8, "east": 19.6, "north": 51.4, "cols": 12, "rows": 8, "level": "850hPa", "source": "Open-Meteo", "hourIndex": 4, "validAt": "2026-07-18T04:29:04Z", "u": [10.76443715438025, 10.50784450720222, 8.356966633991865, 6.326712661404476, 6.982887038571891, 5.547829678388396, 12.40389808389874, 11.899760348897514, 12.631372155708489, 8.732422821493094, 7.967664286467971, 5.830697882862452, 10.138598211115452, 10.61764966139773, 11.139465227901372, 10.37702810512235, 11.262534503426123, 14.935750641390147, 14.294045151390742, 13.549792840999432, 13.668246742126216, 9.364778955991428, 6.592882520237642, 5.830697882862452, 9.242501974921323, 11.527777777777777, 9.242473032295639, 8.238693661725234, 8.46353073590994, 8.876527485421434, 9.23619335555119, 10.137344687002301, 11.888888888888888, 9.095801530888727, 6.06379440072639, 5.33196952118587, 6.3276006684810335, 5.426216930724586, 8.368453977179637, 9.111459202647811, 7.987387276680224, 9.516330195089852, 7.983812419043259, 11.769952725425389, 8.998629256407522, 7.850337731542901, 6.451549985668592, 6.5743111038009445, 4.808119054603276, 5.426216930724586, 6.975721583836474, 6.826214669607211, 5.574784745855642, 7.072540797572919, 7.703616189811528, 10.504616032130219, 10.532026355981278, 6.337666852152133, 7.222222222222222, 7.204629251876508, 6.194934804647437, 4.402472551299504, 7.580037461874762, 7.210738675014571, 6.996396793290512, 6.949283010170711, 7.822987380524595, 9.379993086277677, 12.159255062065665, 8.367915107819915, 6.068514639080598, 8.731460404773063, 7.4499427109787035, 7.9620871546310505, 8.361252418859669, 9.589791911328904, 7.687813539499723, 7.698003589195015, 11.491932905233105, 10.599044378590312, 6.673660187530192, 9.076476368722796, 6.060184413391452, 7.857635256351449, 8.47727920635965, 9.116627014874505, 10.370307275432557, 10.868306674820063, 10.99743071944495, 11.085126571023059, 10.658376535843052, 11.270577617806381, 12.906114176348826, 10.368248584197032, 9.113748492582303, 8.627960868885381], "v": [-0.9417662202455241, -1.4767812379651377, 0.7311398419386897, 0.8891614783559768, -1.4842584594489978, -1.802599133853858, -1.3037022224215702, -2.098248813475402, -5.361699374269473, -5.041666666666658, -6.225021583848317, -2.0076702858191346, -1.065609611645248, -1.6816704991824878, -0.7789472901427303, -0.9078723202881016, -0.985344091619353, -1.0444094263356507, -2.2639543412766825, -3.630656049354797, -3.1555634012125475, -2.162029577860478, -4.281467969701458, -2.0076702858191346, -1.298948942293943, 3.5293640392093857e-15, 0.8086116132699415, -0.4317716390042865, -3.592555653609708, -2.8841586141661733, -1.1340619455756786, -0.17694800971134161, 3.639922430799077e-15, -2.4372126747153984, -3.089657567671919, -1.2309821584928156, -2.4289383246959235, -1.054749724442568, -0.5851793075201606, -2.7856526311082876, -2.9071712182681786, -1.8497872051781723, -2.2893213719245216, 1.8641773750627548, -0.1570716579355471, 0.4114187671320284, -0.792150732133459, 0.34454504526604496, -1.5622525826733438, -1.054749724442568, -1.2300079251407532, -3.039226582983064, -3.9035063029446135, -4.083333333333327, -3.592255224795939, 1.852247228447258, 3.626467498258885, 1.0037878173414834, 2.2111678317938322e-15, 0.5037967548186857, -1.3167740418458034, -3.8270110024446238, -4.201683375468255, -3.8340177627514374, -4.371833929923944, -4.342393970799877, -4.336352714425572, -1.823285955820319, 0.4246105432137607, 1.3253475510352917, -0.42435188194342766, 2.5037059820044076, -2.4206331226037525, -1.5476729624986427, -3.5491410837775668, -5.09898280692453, -4.992524487637743, -4.4444444444444375, -3.733955348697277, -3.240453060676988, 2.832800681547236, 3.4841328428015275, 0.5301974350482551, 3.016263575339608, -1.8019013204205732, -0.6374966628282542, -1.4574516406095732, -2.3101298979750937, -4.443250427460964, -5.406577477065286, -4.091367423975512, -1.9873069221881974, 2.7432792538454316, 5.986111111111108, 3.1381152665731498, 3.4859224665091846]}