{"west": 11.4, "south": 47.8, "east": 19.6, "north": 51.4, "cols": 12, "rows": 8, "level": "850hPa", "source": "Open-Meteo", "hourIndex": 2, "validAt": "2026-07-19T01:48:08Z", "u": [8.720893785530745, 7.10136558047697, 3.6742058912216766, 3.425575417379608, 4.81771865366033, 3.9265087337906555, 10.120436955242596, 7.868001781006838, 3.784708324040373, 2.4078106360205407, 2.8819238536865632, 3.3861381142911204, 7.74054331318, 6.815143329928426, 6.336905162861381, 6.973362886642219, 7.717518053091906, 8.732661536483967, 6.713714094571703, 1.2750730079507138, 2.0227575907439372, 1.7561070687851126, 3.391337662879682, 2.770027011293254, 8.382276968662081, 7.083456059453168, 7.196359969880307, 7.5970422562854205, 7.328866064806702, 7.206950944730318, 2.897777478867205, -1.2246467991473532e-16, 1.274236513338431, 2.404059527301638, 3.410345373614694, 1.6382742296916895, 7.719803401654727, 7.209462719537392, 5.690638468550133, 3.912145627172871, 3.5219780410396027, 4.927230028735232, 2.786487396643335, 3.9265087337906555, 5.313038389822642, 4.316843691730897, 3.2934642823651283, 0.7676152320567015, 5.940823249502402, 2.142625365621797, 1.5193335556768235, 1.3648250584893502, 1.7677146058910882, 1.510809873929095, 1.2750730079507138, 2.7739709298738164, 2.012663029717125, 1.2639133675667327, 1.261940748255887, 1.760989020519802, 6.208285592482252, 1.888141222993021, 3.4168640516085915, 4.049499706034544, 5.928740496522941, 1.7863106638648858, 2.547647273142603, 1.894439889062496, 1.5155444566227678, 2.668222296331453, 2.6449399109562055, 3.552792178614351, 3.8135744261867814, 3.5527921786143515, 2.52571880322439, 1.5155444566227678, 2.646188733785785, 1.1392275919116595, 2.535440015985793, 2.78914341468027, 3.9251519250814684, 4.163179691606656, 5.061311169856638, 5.197596474231099, 5.3162218731090665, 5.174910540138647, 6.055796889509187, 6.84625646097948, 6.0524501617554165, 3.7908780213612125, 4.687821420420243, 6.208285592482252, 7.600680347854257, 8.349652498920186, 7.333333333333333, 6.962667033983279], "v": [-0.15222376725852402, -0.37216679994982277, -0.3861746004054986, 0.3600424845885842, -1.1122579909224426, -0.76323598150618, -4.71923725610447, -4.916473173719182, 0.39778887410190344, -1.8811878412728429, -5.199128259106406, -4.334059144836971, 2.5150549819961023, 1.826112151556674, 0.5544073635892713, -0.6100901992336043, -0.2695016689804256, -2.1772970603970134, -4.195194175179542, 0.3898289396303163, 0.7764638906814832, -1.0138888888888873, -4.1879532367403405, -3.186551560940592, 2.089936375874909, 1.8980063307518187, 1.7942540590308702, 0.7984813166279084, -0.2559296424850085, -1.0128709014315864, 0.7764571353075622, 0.5, 0.8922300121016278, -0.7811262913366719, -4.064291350992358, -2.1740633329065178, 0.9478726709289234, 2.0672801686274926, 3.4192805528750836, 1.6606072960794143, 3.0616088019557015, -1.8913864003779737, 1.8795094811100095, -0.76323598150618, 0.4648306279875113, -0.37767488523985027, -1.264242488673698, -1.3848145363040427, 0.20745811928708854, 2.55348147706326, 4.6760278717845045, 4.200499613636929, 2.0335230356002474, 1.2677200079928974, 0.3898289396303163, 0.14537765623039872, 0.24712394634932644, 1.403718003679522, 0.7582504991731357, -1.5308044009778496, 2.017194268836464, 0.8804547119597902, 3.2996272596802387, 3.1638159148679654, 3.562346684794543, 2.6483144678841604, 0.8772253050651168, 2.031538060053251, 0.8749999999999996, 0.3749941886979554, 0.5141242375423566, -1.3637891413251704, -0.6040108511275603, 1.3637891413251693, 1.7685273454157264, 0.8749999999999996, 1.5277777777777768, 1.1392275919116601, 3.021619747858191, 2.789143414680271, 1.1255192029194125, -0.5111741903938134, -1.1684957545084085, -0.9164764932421298, 2.0407063793551807, 1.2902501098648955, 2.2041298125431976, 2.6280316299988664, 2.445348595909428, 3.7908780213612143, 2.9292759328446616, 2.017194268836464, 0.39833477807129253, -0.4375867452535025, 2.2451857984368142e-15, -0.3648979171383028]}