{"west": 11.4, "south": 47.8, "east": 19.6, "north": 51.4, "cols": 12, "rows": 8, "level": "850hPa", "source": "Open-Meteo", "hourIndex": 14, "validAt": "2026-07-19T14:02:47Z", "u": [7.839622210870765, 9.492782384608823, 8.22990341464355, 8.217213466601455, 10.252550582675601, 8.124059239427998, 18.096174960775812, 14.746614116497847, 2.8981203593277924, 4.831629271961493, 7.831197209998999, 5.442156732133379, 7.344269764723687, 6.955238239311553, 11.271248147507096, 11.381750580325795, 11.26913464003913, 13.316390885398215, 10.745136547770512, 8.480022207349583, 14.115390273555247, 9.504568589975547, 8.119062964614681, 5.9598962517977565, 6.4700305907894196, 9.864800052569374, 11.409833545856596, 7.854667487650969, 9.622099285570298, 10.620994806578603, 11.734481070786892, 8.719405383818879, 11.534119405510049, 14.945454038728775, 7.608452130361228, 7.726361548684137, 8.250829556803902, 9.761476165495917, 9.605746790255955, 11.378462771842667, 10.011567015721278, 8.742052637580446, 10.572477610890193, 12.538154768110498, 11.270577617806381, 11.643189092559794, 8.903054894660844, 7.225287079986626, 7.61287881368834, 8.872644004111024, 10.023275070926575, 8.112750378029858, 9.738372944087889, 10.153897317877663, 10.379308149733756, 11.55542428471729, 8.480168168117318, 7.9605293368486825, 7.7344063488300225, 5.442156732133379, 6.996396793290512, 6.224936317829458, 10.214577000033506, 10.374439926714725, 10.232208537446562, 9.892875091051648, 7.984379082838675, 8.739562908662187, 5.915565421863215, 5.956537652972089, 5.318472486614099, 4.067046071200493, 11.140179330697269, 10.47949754622576, 11.394716590960668, 10.7548285975915, 9.717829804770755, 9.379525354001297, 7.334822956690009, 4.783918858935964, 8.48861043726991, 7.3361070055035436, 3.642463121557055, 1.5388234557981961, 7.357896607157727, 7.797331106327137, 10.11419106513433, 10.861921602478514, 7.619734620245202, 10.36783717754519, 6.198076245439412, 5.540054022586508, 5.437846722219902, 0.6271439117042755, -0.36556992096934465, -1.147152872702093], "v": [-1.1017870492671837, -1.503509025108891, 0.575490908389037, 0.28695141733167395, -1.992893951710581, -1.7268220987363827, -6.2310127339161445, -9.21470720583296, -5.942027306088935, -3.510384145635602, -0.685140977710754, 1.7682639122566455, -2.386297901006536, -0.48635763638264995, -1.184655917033409, -1.1962701907298152, -3.0195555261960685, -3.074331076032819, -2.4807102381809534, -3.2551755417031445, -7.824288593420053, -0.664624180395414, -0.5677401890841293, 3.1689330488047633, -3.01702481298221, -0.6898140181363481, -5.813600566109203, -3.662691601752722, -2.399058798030043, -8.600712011014446, -6.504529071638356, -6.335018830263318, -2.242005695674403, 1.5708305174389037, 2.472135954999582, 2.8121656228999425, -2.36588730409591, -5.190268944132899, -3.496205909551273, -4.82987089382574, -4.882967496178333, -7.599350419140039, -8.260124793952574, -1.9858486256496044, -1.9873069221881974, 2.2632066951606835, 4.733838258091065, 3.36920669776613, -3.3894720256316706, -3.7662139329382742, -4.254627843549866, -2.0227358493194476, -5.851404795505892, -5.398922972037738, -4.193512698517021, -5.388382837193909, -1.648377710058486, 1.403656102807688, 5.02278221180525, 1.7682639122566455, -4.371833929923944, -4.522680969028194, -6.13753705934481, -3.572206139182695, -3.724219338435052, -3.600712064456338, -2.7492421931937705, -2.671952523716113, -4.963748763690502, -1.4851316368757408, 2.2575576312713603, 3.535429211782178, -4.959927397507677, -3.6083803785668236, -2.6306776077435297, -1.7033975082158535, -3.3461171430318912, -2.3385783241301255, -2.6696572298475756, -6.584499426440543, -4.140171941896841, -1.5593376811331885, 4.340918511007542, 2.8941059988153723, -3.9122630232157527, -4.872313235033083, -0.7072531365723794, -2.708181220185174, -3.234385452494541, -1.8281294259935115, -1.4309386512429176, -6.373103121881184, -2.535709570444192, 1.633765746370103, 4.178483316995933, 1.6383040885779832]}