{"west": 7.0, "south": 46.5, "east": 22.5, "north": 52.5, "cols": 18, "rows": 12, "source": "formation-steer-fallback", "hourIndex": 8, "validAt": "2026-07-22T07:50:15Z", "level": "850hPa", "u": [4.732146635198897, 4.838919251996993, 5.431567283310791, 4.2903493755708375, 5.913456466110456, 4.984165032254211, 4.285717481940324, 3.6564028206882626, 4.755920763931265, 4.996107643783001, 3.992447966442428, 4.55976755569596, 4.624037105483347, 5.16442743645102, 4.839699450801104, 6.057353082727215, 6.0342817175254835, 5.538926250722161, 3.2953347891208296, 4.247396709758696, 4.796609270561871, 5.198441014418397, 4.583801635617222, 4.308706150905338, 4.42583225543221, 4.477418497134284, 4.125529497308294, 3.817270082076869, 2.8866081008533278, 3.349425959724838, 3.846567928371226, 2.6886863244427737, 2.9190880166635913, 3.5273410248425585, 4.759038641150958, 5.799148443812941, 3.4283787519208846, 5.03794815524029, 5.1425416252008285, 5.099875939168729, 5.461324132079533, 4.7153319223992325, 4.878958082782266, 4.846991366274724, 4.693463162223794, 3.607501192818502, 4.407190862926031, 2.683612558002041, 2.1048328107482077, 2.019531498364316, 2.3256577883140594, 2.7844771927595575, 2.981691501781076, 4.439695040818444, 4.50486684434938, 4.601289678840124, 5.612429509706278, 5.7681315903425405, 5.6588938931325, 4.763558181993241, 4.811276876769849, 4.3742299163398615, 4.49168862934368, 4.298000302116541, 3.974467811339154, 3.339337327316028, 2.6636005256646236, 1.5668277911584347, 1.502268086061842, 1.4012952090681068, 1.6408234264584447, 2.4558027911731317, 5.582209438339167, 5.704179509572548, 6.109208715929265, 6.30376950306077, 5.896633544760318, 4.955898079517469, 4.889375509772461, 4.233158207627522, 3.6484562765689104, 3.814456447635362, 2.5006792223313523, 2.6006029111662996, 3.2827638178585614, 1.8559778196171235, 1.7494428235980506, 1.9050445601432073, 1.8416784273376956, 2.3442184566606445, 7.013295707099826, 7.481510773379711, 7.095976085193338, 6.6150186788837875, 6.262221196042849, 5.459239987037389, 5.2140131768914015, 5.028519387104279, 3.5968559390286745, 4.081188696426986, 2.9093047040913116, 3.2824136783646987, 3.549852516735853, 3.752760927904135, 3.010167354810982, 3.6381925097463363, 3.9645988426762355, 4.571322358355208, 6.844349141580889, 7.167241047491081, 7.288152834597818, 6.4021014670749, 6.279959612104441, 5.87413608426024, 5.630399946263463, 5.098167179391942, 3.8033523726985785, 3.4893262453548406, 3.040461650555002, 3.4049287480466015, 3.3735373661677333, 3.0856517355575632, 3.0627335443765498, 3.462399814030259, 2.7873741874125115, 3.8830502383445524, 6.660621411753577, 7.236955024902415, 7.6109354041047235, 7.946528335730342, 6.864298187788067, 7.287248001783502, 6.282957255354577, 5.81031651353497, 4.347284292796532, 4.005328431602196, 3.8221949343825687, 3.1015711474842003, 2.8668209492305228, 4.252878796127005, 4.667455363901067, 4.346198279115006, 4.565014388923017, 5.926579983182219, 6.830008008516757, 7.501152329236856, 6.596987787918464, 7.397700489970115, 7.893570312960264, 7.6556850833592485, 6.631117919401303, 6.422287641894784, 5.667644739303658, 4.753831832465251, 4.035026213188551, 4.46654251787492, 3.0953440073114535, 2.733952100527236, 3.0726070137937262, 4.908919826879799, 5.432118361569314, 6.914794362898986, 6.871451464652126, 7.901857874300591, 8.976035854828016, 7.971606371749734, 8.99405377020688, 7.9631680308596655, 8.413643173468394, 7.769712933317171, 7.821325826284935, 6.526840890344556, 6.257532452661482, 6.179219816873432, 5.6603218516707905, 4.818253714251951, 4.307280086462551, 4.957090621621561, 5.953150799182941, 6.689309574235997, 7.297720041658978, 7.439937556805779, 7.933533402912351, 8.894780174512443, 8.66375161690286, 8.31572656104583, 8.67208095158771, 8.692244271450571, 9.014112626890187, 8.539694508295076, 7.299744997811238, 6.569616933813545, 5.7770763723146885, 5.820348052999096, 5.828213841894272, 6.501724661634663, 6.6648595671738144, 7.438398982221078, 9.731040637310812, 9.034584448556958, 8.949236083857235, 9.29223977769428, 9.852064016106103, 9.827668735085345, 8.604268664522941, 8.553662632208331, 7.696011329213463, 7.404391307650051, 7.358250770351375, 6.857208480967345, 6.670190611465919, 6.243452564113228, 6.328675840667067, 6.019432325906368, 5.686955739157587, 6.89537113523856],