{"west": 7.0, "south": 46.5, "east": 22.5, "north": 52.5, "cols": 18, "rows": 12, "source": "formation-steer-fallback", "hourIndex": 18, "validAt": "2026-07-21T18:11:47Z", "level": "850hPa", "u": [3.7159400132430553, 6.0852120498024265, 7.182489212265452, 5.799106305773686, 6.881841967393067, 7.84294478639258, 9.42216677338296, 7.663251124461242, 6.091227588031753, 8.329359989277052, 7.062159996265659, 8.997066223949455, 8.67907637266276, 10.071781164572055, 9.236827797163125, 10.398320162055091, 11.075626856209267, 11.034524155314287, 3.853122558151054, 4.153325814473239, 4.272183809505643, 5.770141560091689, 6.241721853112286, 6.477572380908139, 8.492440304218244, 9.584855355019682, 7.789492088904315, 8.635375443131759, 7.5977563454387695, 7.195087726264591, 7.213838555411817, 9.71960067136136, 10.293672801441005, 10.410171044425011, 9.121793603658121, 9.62428168298185, 2.3982930971855825, 3.5174299349403237, 3.791957471979179, 4.3526442174123545, 4.341841985319401, 6.5003398348417, 7.433804801922601, 8.425633788923674, 8.997556844025073, 7.414094879800492, 6.467245727494052, 5.141498720807549, 8.641641303737082, 9.47955261350963, 9.697794971033506, 9.73476999647111, 9.797850698053487, 11.22361519960664, 1.8895424473289844, 2.006751276922069, 2.9425283745267103, 3.649081534600683, 4.111287552109441, 4.358968182729205, 5.348438676247012, 5.800946892822433, 5.964593913198004, 6.212459754234846, 7.362428136703397, 7.105191283074291, 7.592251308343617, 5.974698421540636, 6.759679130820761, 6.797768245375073, 5.719727564381319, 4.845745725979464, 0.9985669993884686, 1.6743786027452883, 1.8455956010860866, 3.908154573719886, 3.959239217354612, 3.8907098032632974, 5.5674788067785235, 5.175515331060772, 4.497912948722006, 5.546027503486335, 7.16421527346159, 6.195746663443901, 6.546987542377862, 5.112272846433011, 4.996769181282174, 4.667410783582172, 3.994696713440511, 5.567860416301838, 0.8809591691252686, 0.7158720527108533, 0.49918463025803944, 2.0352948466282954, 2.7414602019321976, 3.5701255144899915, 5.101605243727905, 5.082731528292824, 3.680397276036343, 4.023675139017387, 4.135671599736984, 3.606283442165323, 3.936385339707124, 4.216074755901376, 4.754532618131853, 6.870207595117901, 7.005163716936845, 6.843713267720044, 0.17120428254644077, 1.3634762953651984, 1.1945475632830571, 1.8072707763831577, 2.164630846233882, 3.0314578562459364, 5.479229268179358, 4.28970380360092, 3.8435233918186973, 3.362700015111833, 3.326946576566262, 3.5215342232769844, 3.9467090073008158, 5.127949827370638, 6.345930432364689, 6.6427172773987655, 7.510895589450693, 8.150934038450982, 0.04267310522607154, 1.1028231578973586, 1.1609267953974074, 1.5384416884560426, 1.9970385426536876, 2.564692639658678, 3.2053941139938726, 4.4613160323876, 3.7785470878061314, 3.194734949304191, 4.1057945968750715, 4.29270113881376, 5.597566125692134, 6.275862691815931, 6.835825559195144, 7.489445959313225, 8.215442699199127, 8.927710285060721, 0.740991808216664, 1.274574424207044, 1.416994080557222, 1.917150486016786, 2.1933301264327305, 2.158727791086159, 2.29758648456517, 3.5908025837582924, 5.0206873645004615, 4.199466232910016, 5.594974668235405, 5.466922356224249, 6.883904751922665, 6.769393235538893, 6.5532163543119335, 8.109539619603211, 8.38951030130902, 8.656200005079913, 0.8506310536169872, 1.1211979593273573, 1.7491328476564973, 1.4304175692557588, 1.050706028696762, 1.0196934840258391, 0.8210719281819633, 2.363075068186152, 2.72898552375359, 3.3938794410606814, 4.347107486014958, 5.323676659000047, 4.818012176114839, 6.865169573242926, 7.454715623855762, 8.273300243653507, 8.476909179375301, 8.770036393368969, 1.4658576022155207, 1.4272033136125952, 1.4827150586233409, 1.466916073785335, 0.7292527268073634, 0.5866318819877682, 0.9305481852728917, 1.0695759356095673, 2.2777245361675775, 2.7144873595704375, 5.089814504486286, 5.231040244813961, 4.176760509496151, 7.033755181800289, 7.515352764023593, 8.703458862642393, 9.147286003520653, 10.22270567014436, 1.6851368404856544, 1.9200881177148228, 1.5642412346234884, 1.6534620191863865, 1.3439870005045895, 0.23733392915033685, 0.05619914539859156, -0.08704613095113295, 2.4127647184212653, 2.501531125902538, 3.8873906523562423, 4.3738895818524215, 5.853447504569662, 7.123835911396262, 7.939319396622481, 9.207456878717819, 10.568981791538077, 12.372467549147995],