{"west": 11.4, "south": 47.8, "east": 19.6, "north": 51.4, "cols": 12, "rows": 8, "source": "formation-steer-fallback", "hourIndex": 13, "validAt": "2026-07-17T12:54:09Z", "level": "850hPa", "u": [11.556499114227924, 10.233524477846846, 8.597769868313616, 9.023411616769357, 6.595129703936278, 5.250746164083127, 4.633235910246746, 3.7290094239792935, 3.1091378639752123, 1.997142815069617, 2.614641808412642, 3.492369581810267, 11.393773027029138, 10.437845266339309, 11.596355477360829, 11.275309014021854, 7.296619775102725, 9.257379854311555, 5.672466394788072, 5.185733494325218, 3.5166607915283947, 2.1505667043396985, 3.1591623977386036, 3.102972598384092, 8.436801729474032, 8.583707758444007, 9.429442114284528, 10.241374009308178, 8.667010348936868, 7.861021237221828, 4.594358984327796, 4.304624774189035, 2.1252592745127425, 3.011087728614862, 2.7292009758086198, 2.7980018073732658, 8.74552437700029, 9.814830429665497, 8.864673210474407, 7.672403249742833, 6.07773525911777, 4.304624774189035, 3.9368876390148104, 4.4237818584515, 2.747896054467312, 2.3969969842746126, 3.0472803810276834, 2.7196959844113304, 8.237916758330071, 7.833170111446358, 7.819393192966419, 7.01030422857954, 6.075817399837841, 6.818133078734806, 2.8182589934950344, 2.9037917225673957, 3.37016412965147, 3.4064633377604707, 3.0973133000608346, 1.789404037908171, 7.188345411335735, 6.893072579792638, 5.102306660496136, 6.258910930722815, 3.9564926878443667, 4.545301705878023, 4.793924331268831, 4.03307029088373, 3.729683026435083, 3.8992216238151003, 2.584724040669091, 1.8414954360189393, 7.426799448446535, 6.195863347439297, 7.278687572143965, 7.384227217725717, 6.482460856740264, 4.920353316790903, 5.720347635049588, 5.6897081726549175, 4.562428782363924, 2.999819311678703, 2.14478767833405, 1.5434892137076914, 6.1432619102002315, 7.4342675106848635, 6.788308111787311, 7.478466996912139, 5.68639579098394, 6.21475333824285, 3.9860179382932612, 4.760812709525722, 2.20923687471113, 1.798764053375791, 1.7786225596359397, 1.500991071371891], "v": [2.7318406291087403, 2.665633463420926, 2.7438983748525514, 1.917985347793831, 1.6565820801449522, 4.161690127864679, 2.6750000000000003, 4.2446423542948395, 1.4366233823781565, 2.068101925973622, 2.288945873912415, 1.061063006633622, 4.146994237823734, 3.3914615132650483, 4.174944867023214, 3.8824002419015953, 3.3406533578897193, 2.724595058533758, 3.2750000000000004, 5.314018547750239, 2.517681845930277, 2.949163076227811, 2.286852191269578, 0.9664683407528042, 3.204840335733436, 3.643567773162477, 4.950567786967201, 3.506406051994969, 7.093865773428561, 4.779575829291486, 5.2480939895476775, 4.600022342710739, 3.6515610382544024, 3.344151714648274, 2.6080811018151406, 1.8872760492137703, 2.774243747635327, 3.514218069060631, 2.812039983979133, 2.596965223743979, 7.268889813449964, 4.600022342710739, 5.35942307695263, 4.965143912197853, 3.782154448702879, 3.448826678361557, 2.6676923134806563, 1.5892620150173107, 3.982364559256797, 3.6693250067476244, 1.4351272047419525, 3.696114124693638, 5.9084742466924345, 5.403985688421299, 5.1263940782566015, 4.523120452956021, 4.472358856264839, 4.570121172189398, 3.0543657805289564, 2.282111563687878, 2.962822176123382, 5.100605396392752, 4.342403337122977, 3.8054774945174064, 5.7139010851636245, 5.776048164839203, 7.822973507948796, 6.2341774941680175, 5.077348178165649, 4.123311257760288, 3.7748942546232005, 3.913377001915535, 4.236171615097085, 5.217401401067231, 3.1346981078114977, 5.937071112678264, 5.536544612014816, 5.426393667800443, 6.488460752303475, 7.1019167067788, 6.233768411310869, 4.876136697968947, 4.599512019210999, 5.7204253379594086, 3.9894809314850734, 4.120881772093865, 4.510141126333255, 3.423909516341799, 5.627157622484031, 5.980590768878887, 7.789362040347357, 8.018122432640844, 5.5515671149159855, 5.223990130186226, 5.441702563569061, 6.606636875420191]}