{"west": 7.0, "south": 46.5, "east": 22.5, "north": 52.5, "cols": 18, "rows": 12, "source": "formation-steer-fallback", "hourIndex": 2, "validAt": "2026-07-22T01:51:49Z", "level": "850hPa", "u": [3.5807993877546864, 4.312465203947224, 5.237926509738719, 5.227304237703954, 5.454117461267382, 5.361088625027964, 5.581884717620295, 5.205834567253174, 7.784956324931265, 7.160572973355786, 6.571910753299933, 6.979768277636485, 8.41123944466695, 8.972563937341596, 9.086157069240372, 8.371819251983698, 9.36215188832413, 7.389858557183847, 1.7501056209137817, 2.9479578298416125, 3.6014680164338757, 4.353013191289887, 4.353127626765775, 4.7294920783223535, 5.249392150834657, 6.070022042073245, 7.338598268273471, 7.586343259933036, 6.845743788592146, 5.668901018757297, 7.82308340588507, 8.22663886595308, 9.264641076061432, 7.960962627692028, 7.761433445697564, 8.170849250863792, 1.2269149031099469, 2.5448448252278477, 2.9910995232446345, 4.342094093907708, 3.5847264590603007, 4.712861429459837, 5.402757682452398, 6.156001578501496, 6.958558779379597, 7.329706918248877, 5.949481189730751, 5.822362680424168, 7.115758842663317, 6.813296870914148, 6.975071989212875, 7.799239687272572, 6.923945288958009, 7.510964358124549, 1.5667462891385853, 1.8788067761236094, 2.6636005256646236, 3.0681380234568745, 3.24853963563674, 3.0297927610346385, 3.873376889987957, 4.556866160479263, 5.674077106246524, 5.467118254154919, 3.9717363960260013, 4.530240456743984, 3.1348776122805178, 2.9985195223718244, 2.8278476710979437, 3.9372751163722777, 4.346621084474448, 5.973462090703122, 2.344201468224803, 2.0382627017724766, 2.5707188489983883, 3.253197384868268, 2.972348935532139, 2.616319742384272, 4.089818627474392, 4.098408515123666, 2.9963238254164963, 3.1901648901728654, 1.9360959668445554, 2.7718629594062123, 2.638617751815542, 1.401913579202138, 2.7340609267685374, 3.3853507710443522, 3.6421588205430733, 4.92403876506104, 2.9838191423795264, 3.088917119599517, 2.400168802467976, 3.1845480607920695, 2.697140386261865, 3.1392943940127025, 2.6485165626019884, 3.652334402311073, 1.5683574835791707, 1.9416772744087316, 2.2063065019346455, 1.124728285129848, 2.3647236788554684, 2.417169594932431, 2.512494201282202, 4.60400662977213, 5.054733765874008, 6.215416423195618, 3.1101053270094208, 2.4738832803890056, 2.886633805806523, 3.089464657788982, 3.023992690492179, 2.884861993839667, 2.898105875685314, 2.3712134494612798, 2.260321583629016, 2.159637923278145, 2.0024970335075283, 2.097740668571814, 2.1586747668737836, 3.0196313314358783, 4.08023083694412, 5.581251797547306, 5.764863380421759, 7.838323872971094, 5.018433522053716, 4.070733520211835, 3.799027487982865, 3.4492064625256957, 2.7023559697590396, 2.0752097077951426, 2.632982741120452, 2.0442057055798375, 2.1133576282471602, 2.6126605482637393, 3.7229486024394327, 5.082762261520512, 5.036130789984048, 4.873805248130833, 4.886744531942449, 5.5087576560936125, 6.483759432322481, 8.480861533625196, 5.536002507579998, 5.506287202029672, 4.900529503520204, 3.924321518272753, 3.3206337625968394, 2.4034093864831525, 2.5946306941214017, 2.7400553792150557, 1.9747244563243593, 2.6157138439665015, 3.022990183818956, 3.2849675657506463, 4.458455724594505, 4.393809276724009, 5.13523175321332, 6.7929476995558185, 7.593874415654253, 8.396557833361756, 6.9880607129138115, 6.683455268529951, 7.0623025592704805, 5.953735688088854, 5.631043218330669, 3.8643960565293334, 3.1326216788143704, 2.90473189264522, 2.398932680797979, 2.8953596911219477, 4.124883876528711, 3.7134933348981183, 5.412514647910059, 5.144096421176454, 5.376406914236845, 6.084738931435706, 7.280613700999977, 9.093266739736608, 6.35007096077488, 7.1187227547103955, 7.030012332002577, 6.447543897455256, 6.47405820304786, 5.208985944084265, 3.313949924067318, 3.319238971390323, 3.578690701947065, 2.9369253565300153, 3.0931032373889913, 3.510575160116201, 4.052836520949717, 5.479937651465387, 5.914512513116484, 6.404878710673607, 6.534206039901056, 9.77546093503317, 6.012752847779377, 6.383294464908134, 6.572086449923494, 7.918359761991471, 8.010551532495068, 7.190028513448357, 5.042135793806404, 4.0996520060208335, 3.35673247862956, 3.301536544921924, 2.52674174648821, 2.5469774174493613, 3.733356410644895, 5.4986549331842, 7.012492658682423, 7.488459462468356, 7.553069411726837, 6.567016596211321],