{"west": 7.0, "south": 46.5, "east": 22.5, "north": 52.5, "cols": 18, "rows": 12, "source": "formation-steer-fallback", "hourIndex": 1, "validAt": "2026-07-23T01:03:02Z", "level": "850hPa", "u": [9.77890374823621, 10.043580282372815, 10.113415167498227, 8.93683241241493, 9.600664555515314, 9.730847003769597, 8.733576544480796, 9.855333664483823, 8.71943379260265, 8.21929846065469, 7.572094554677126, 7.97833064544586, 8.041292785483792, 7.587002670159448, 7.336480595080992, 6.772299696210194, 5.8204410548211065, 5.767597103396449, 9.200988344170742, 8.805894982538929, 9.657052946781485, 9.911076633641724, 10.898717308524567, 9.183820644701083, 7.8993844933013095, 8.444429050778878, 9.112310437597031, 8.370658741411187, 8.794894083686685, 8.190112791036851, 8.453497722478273, 8.565281752976427, 7.467606018610652, 6.08217284226775, 5.8440058331060225, 5.497343340356253, 8.57636532794724, 9.786090373141109, 9.635863155322086, 8.59034965586748, 7.926767194875465, 8.684946436840777, 9.059309834216506, 9.749289930419916, 10.36789888027805, 8.83407457254491, 9.396546410456098, 9.28382358215922, 8.089029817975513, 8.661840730058623, 7.324380415403579, 5.518002487310924, 6.304805366150175, 4.985951383025939, 7.6541156228965, 7.416136701537633, 6.6418020508364926, 7.713788329159857, 7.1843199590734725, 9.071837469659599, 11.173033666860913, 12.119703065963105, 10.66079337857688, 10.87247107810594, 10.608430669958892, 10.306559416739432, 8.328679628528985, 8.37345888273033, 8.319307734198508, 6.223634754630913, 6.973470267237047, 5.1734936523685215, 5.6360802779169195, 5.35074216440878, 6.0272422284227645, 7.66090055807324, 8.96217626514542, 9.987921493168926, 10.80721408318812, 12.059240522587286, 11.41016686754036, 10.794058549656905, 11.230567923880383, 9.932411246920411, 8.848133921092776, 8.465945825316007, 8.730500882607805, 6.298851891003149, 6.405193869235347, 5.432714007627352, 4.929816661459092, 6.556120677137739, 8.020675458088261, 8.963753122288502, 10.152855804416461, 11.344751007133452, 11.668947426121084, 12.303128209022523, 12.259028768611614, 12.338946946477295, 11.584123230102739, 11.693150559788084, 11.117900928649023, 9.131424595100162, 9.743513536909816, 8.716695733301709, 8.004462283020825, 6.373359134432202, 5.391618501699832, 7.802951806988715, 8.146933441171512, 9.947728650138066, 10.445873414193526, 11.084324335056262, 11.624865948502096, 12.58426390608058, 12.261433725463512, 11.88273257038095, 11.726726823421627, 11.685156911022919, 10.975615297877535, 9.037852910800224, 9.096870670314793, 8.899661115271124, 8.218373899816317, 7.074879245259075, 6.584447762497916, 8.665435265208641, 8.621827717431032, 10.430427104910441, 10.473937795544213, 10.608042373887654, 10.369471253786099, 11.258651600130277, 11.294247973377292, 11.444303550865746, 11.09429838423617, 10.393351427497938, 10.275958665251299, 10.318094404137874, 9.128811151345788, 9.244872162789505, 9.47917254480875, 8.457399033181758, 7.264159988560981, 9.376073682252684, 8.81198060543766, 9.785829794429091, 10.541156149950709, 10.330766799848854, 10.198561584197446, 11.21687781817244, 11.00664568758143, 10.109151877387143, 11.059850711009831, 10.359027371992697, 9.897016408015164, 9.96473143366238, 9.274095910186297, 9.082043228697271, 8.40441310119669, 9.073827534142529, 5.4508547989623635, 6.91606610320204, 7.881289697777885, 10.120166804320954, 10.318450427649795, 9.80808192885618, 9.428364875469061, 9.708867872753393, 9.822791970555564, 10.480389162258678, 10.050311224941826, 10.600419418667636, 9.623195384425149, 9.32834800711291, 9.127711059877392, 9.147798954257821, 8.535732233749002, 8.3153228615192, 5.308849088001651, 6.08344534251228, 7.186767308339722, 7.666738250652331, 7.447515406992804, 8.578921506306768, 9.449281915895419, 9.284546740128862, 9.291047054158431, 9.12120116172273, 9.957979904242565, 10.306320081794086, 8.77665572662501, 8.47984151592391, 8.562451948047265, 8.150836817654529, 8.75338120742048, 8.210942875724058, 5.41754285146662, 6.177547311756345, 6.346264271299809, 6.270588922733658, 6.374482489534576, 5.732325843533163, 6.6344733865422825, 6.1835868457093115, 7.300768634929441, 8.349197661938254, 8.891670687429452, 8.508178116316039, 7.959263159215466, 7.164824148217828, 7.35020072778302, 7.670060742322532, 7.4605733248761, 8.202629489719008],