{"west": 11.4, "south": 47.8, "east": 19.6, "north": 51.4, "cols": 12, "rows": 8, "level": "850hPa", "source": "Open-Meteo", "hourIndex": 15, "validAt": "2026-07-17T14:54:56Z", "u": [6.713022793735845, 4.184298069805725, 3.0327799077929285, 0.8949352741898727, 1.770526754551451, 1.774974950373383, 6.206980804183215, 2.304840977429536, 0.4069127635073967, 1.859808899486297, 1.168495754508409, 1.0300566479164905, 6.208285592482252, 4.307362399952443, 6.064348289224978, 7.3311232651964175, 8.238693661725234, 7.582148535476063, 3.784708324040373, 0.9130560757783353, 2.0872091142706477, 1.0467126264923274, 0.5544073635892679, 0.8605233869957264, 5.588858234472022, 5.062776693988422, 7.8503377315429, 7.852351572557494, 7.984421364212344, 4.306389612994245, 5.1707999910531, 3.821151507050104, 1.447068147224416, 0.8891614783559733, 1.1576545177795328, 0.6224130348491813, 4.902734658901437, 7.0799772967301555, 7.984421364212344, 12.26379689572296, 8.341372825073314, 8.251297597168403, 3.3216825851190372, 8.71529827762845, 2.568303638407986, 2.336560823842196, 1.155064948987552, 1.552927781362968, 6.468638175173309, 6.578140904374812, 8.093557235432378, 8.21607647747539, -1.259217620947807, 2.200909221662823, 0.7447570985870132, 3.299627259680237, 1.7942540590308662, 2.830634231808053, 1.2360679774997887, 1.150229923506748, 8.736813973291493, 7.729592425455034, 9.116450707542505, 6.829170651297155, 3.4402751906161972, 4.326732034927543, 5.248472231924056, 5.956542595449254, 5.4150301636604, -1.2360679774997905, 0.7814167995011846, 0.15510887423333874, 7.336107005503543, 11.630381054167863, 7.3282336956798595, 6.056580043943778, 5.45543771511819, 7.0800873990861435, 6.715988845957662, 6.949987619479169, 3.01766422473929, -2.2108973236747422, -0.08823161032182245, -0.8730644488254, 5.3115802636543545, 9.262335889987481, 8.62385068848688, 6.3139585387372685, 8.067697249461279, 8.718018066038907, 8.203185074735936, 8.112858727459388, 1.3033249225272732, -1.2100327944583507, -0.4987245279449337, -1.0335487249562836], "v": [-0.7055671270566628, -0.8894000107204112, 0.3723785492935056, -0.379877486031238, 1.1497935183650572, -0.6460380485040397, -2.507783028145415, 5.1767575933080705, 5.819123626515641, 6.083160808764864, 5.061311169856638, 3.1701883876505117, 2.017194268836464, 1.4831438147492697, 1.5120118474979245, 1.8278543223086021, 0.4317716390042842, 0.6633520420238442, -0.3977888741019045, 3.4075716649642134, 6.826953396736115, 5.936202288990255, 6.336905162861381, 4.048444236370473, 2.258045299201472, 2.149021206691007, -0.41141876713203057, 1.6690688512870098, 1.8433489175400082, 2.9046964708063783, 4.338816365384142, 5.665090079126118, 8.206731275101735, 6.326712661404477, 6.565385020081387, 4.4286988629831345, 3.6944755587945193, 3.1522089838374514, 1.8433489175400082, 1.9423946075828706, 6.999242861031209, 4.763888888888886, 7.460621237414572, 8.127147124078105, 6.690659723229946, 8.72016370955409, 5.434153337410031, 4.045515181487874, 1.6128126373311193, 2.1373675444267217, 1.281893532968561, 1.0088073426314972, -1.1338046385525093, 7.198849690721739, 6.065559815585856, 3.4168640516085933, 7.196359969880308, 8.220758726738506, 3.8042260651806146, 3.540043699543072, 4.4516290668905585, 1.086323371382737, 0.9581775799534901, 0.23847989413375603, 1.752907762883251, 5.537964462847239, 6.037676641782178, 1.596050778132211, 5.229233844288565, 3.804226065180614, 4.431634888554937, 4.441737008973759, 1.5593376811331927, 1.2224023065467253, 6.598371257149852, 4.085214822577955, 1.985616943196243, 2.3004598470135, 3.275606624618387, 2.6678502910594557, 7.4689810506768985, 8.867424831800077, 5.054785569957311, 4.951394535978046, -3.4493805550951677, 4.123857631185197, 6.038485260473517, 2.0515294904336807, 5.861525154805498, 2.832655781770354, 4.736111111111109, 3.2778076923892336, 10.61472967727525, 8.609830708780875, 5.700447439080544, 5.317147243674847]}