{"west": 7.0, "south": 46.5, "east": 22.5, "north": 52.5, "cols": 18, "rows": 12, "source": "formation-steer-fallback", "hourIndex": 14, "validAt": "2026-07-22T13:57:21Z", "level": "850hPa", "u": [7.514329781376131, 7.367939271777511, 7.937885279332473, 6.782951498653141, 9.470032863660578, 8.035255711082137, 6.999886651459264, 6.4949379241428264, 5.839263686648918, 5.45935439235734, 3.5082912537745847, 4.025438943080163, 4.849247570712675, 4.784388224209282, 4.258590062611349, 3.2678560627619313, 2.791348502192334, 3.084190271662185, 7.17558415368871, 8.174172793953476, 9.173587497303698, 8.672189313626994, 7.978608880268061, 7.183322835472757, 7.206582338538602, 7.239349230157521, 6.75259500179343, 5.998819437474146, 3.882463173978449, 3.9491029292660476, 4.4947656339462885, 4.786488607590173, 3.699068343056431, 2.430039795518321, 2.2257717891888733, 2.4254616731642242, 7.910722309531811, 9.185495368182256, 8.271679084333865, 8.479503076179187, 8.824544489810986, 8.773178295825732, 8.361858708902092, 7.607018971909915, 6.906907943168437, 6.863516287118704, 5.368119835559392, 4.098018942460926, 4.197403730505415, 4.760250446964135, 4.181891865536676, 2.350502290131056, 1.5714979128847093, 1.3466859474315853, 7.9295535284930585, 9.200988344170742, 8.873304846996827, 9.40557814755547, 9.64501781146507, 8.983105370242104, 8.41969054625048, 8.153451951672169, 8.037755658169454, 7.600384418762761, 4.914823614496075, 4.45036492400244, 3.677230249449475, 3.375708808367679, 3.0341399598147163, 2.265404854596951, 1.947164223419046, 1.3560921378078454, 7.671749563017947, 7.854237287280224, 8.07002505339175, 9.860950519142483, 9.445892837105475, 8.890473000030095, 9.085735565042418, 8.838155178234645, 7.749996793743992, 7.213973960747288, 5.062790399230481, 4.970679117868856, 4.01179960753844, 3.3778499422435315, 2.570356806252752, 1.7206067511471284, 1.9058523874709397, 1.264429232198825, 8.727328428015666, 7.971652103870405, 8.635046440328965, 8.501682163968171, 8.598932991613088, 9.514191819568241, 9.199233034442514, 8.491573792895943, 8.80961831986789, 7.684725853922957, 6.395481942784326, 6.123913569966505, 5.474865639517087, 3.2990684215426156, 3.1493240528901056, 3.2802951449525364, 2.724302028316038, 2.3905128362849486, 8.064035599176977, 9.160493699767445, 9.11153726037375, 9.561571577044079, 9.34081246978112, 9.19516261396212, 9.465180042187786, 8.756505656070193, 8.74070029368875, 7.932761509994842, 7.58732595943426, 6.7419823644435874, 5.243032918443775, 3.8966882899811024, 3.732635897076524, 3.5985343966002077, 3.453156708907078, 3.974279537308224, 8.663669015526034, 9.351221606779337, 9.773095737685825, 9.25830122942114, 9.698298134456703, 9.606508628567703, 9.605907317403695, 10.072401333242864, 9.438993154617052, 8.89363423045623, 8.525344930201216, 7.7457262534503535, 6.1009531691034695, 4.993948984175415, 4.914968754574493, 4.213471044738871, 3.959754036873779, 4.093713504271347, 8.745031367684183, 9.513206145069104, 9.99749162120285, 10.33190877221781, 9.506964568207371, 11.025769194210849, 10.701479762162943, 11.0359815270772, 10.182167177005708, 8.351338257105297, 7.8213090261136955, 7.819327154288767, 6.631270075655133, 5.331885884993203, 5.153979949398702, 4.971200269328741, 4.676411792988243, 4.69505030476641, 6.679249839768883, 8.287567575759088, 8.87385915008388, 11.694889653123303, 11.055442349927947, 11.27298364995371, 10.728730627851533, 10.306684536064068, 10.169938072714586, 10.892801318079105, 10.03837922140983, 10.180409082752965, 9.110949981608833, 7.265429214380704, 6.7887919572323385, 6.16041679652814, 6.284626757072066, 5.857350194212732, 8.44955241664083, 10.253353481830327, 11.15055535086531, 11.149915377754361, 11.137581552354598, 12.157196860933956, 10.818751620514504, 10.809142102549218, 10.056090580785153, 10.591460588213128, 10.599171809806503, 9.722555051869879, 9.25400536797758, 7.387007151312981, 7.110813267577773, 6.113106244561828, 6.740247778106846, 5.948511834482482, 9.031332930987743, 10.081614094202765, 10.839735396242537, 11.687195859958289, 11.784221955848844, 10.897521556199338, 11.680821307620104, 11.374142126288115, 11.373600778725901, 9.595774657146086, 9.595329337181356, 8.942146701089287, 8.57690450413034, 7.450295742002973, 6.953406928813576, 7.513346478731714, 6.677535104821405, 5.73957905993592],