{"west": 7.0, "south": 46.5, "east": 22.5, "north": 52.5, "cols": 18, "rows": 12, "source": "formation-steer-fallback", "hourIndex": 6, "validAt": "2026-07-22T05:51:54Z", "level": "850hPa", "u": [4.301654518161933, 4.847352509901524, 5.820812925976397, 5.423391013117877, 5.348745065430912, 4.764739609850895, 4.6499999999999995, 3.527991472240875, 5.97913527061098, 5.837605724574868, 6.588208771061168, 6.866837621737243, 7.4694691076407835, 5.292691237380319, 4.335614756796471, 6.624636747046518, 6.204288843976911, 7.642605367638179, 2.4712544923874313, 3.5093147180418485, 4.069450235707321, 4.152588304812877, 4.135397635084004, 4.197910849882057, 4.275871611832289, 4.5545277573214715, 4.475442907022958, 4.416454767700265, 2.978321064364191, 3.85930121982982, 5.2161622036302795, 4.705235964952384, 4.277031219405302, 5.241784075818159, 6.4029346325494, 6.437127491720742, 3.153738824858329, 4.357602456463337, 4.393415901926408, 4.275947892303117, 4.653741160565037, 4.3449522078651235, 4.8625614555387555, 4.889426435956096, 5.007012657352621, 4.3012869950298915, 4.203781039883233, 3.4081789605128607, 3.383293304076504, 3.818864094624878, 3.123849395269871, 3.60989379579368, 5.114886983194892, 5.018564769850537, 3.784864764673212, 4.500527948464034, 4.483176526333946, 4.606608311118386, 4.397142087525394, 4.073571801175368, 4.304954291197275, 3.9764731377506846, 2.870738989410432, 3.024066493687545, 3.5301430125809024, 3.0137980978938255, 1.9657717749031856, 1.3170022145789781, 1.2760326886918283, 1.5984047195857125, 2.04774396976798, 3.8148678029929077, 4.076900369152511, 4.858005325469845, 5.177928564601691, 4.654651223091403, 4.513791228539735, 4.611255730282663, 4.015006891709722, 3.1551538625508853, 2.6218370073278328, 2.7917469244701176, 2.152053806894901, 2.3194355843147147, 1.2624457743094064, 1.4297253120186748, 1.1684429615910947, 1.9757399829149056, 2.3234633133025504, 3.6140906880068084, 5.321842837234885, 5.560467726137551, 5.447944243933857, 4.775002771617986, 5.19469380172134, 4.818372308240219, 3.250963432980362, 3.9176862022082335, 2.768392410237444, 2.563080544453537, 3.0515651581082897, 3.812345163030044, 3.670889192646694, 2.3749999999999996, 2.437699854491945, 3.6418566489302107, 4.015887891228285, 5.334094260781471, 5.7770763723146885, 5.331547107427507, 5.980574226946741, 5.06187155955432, 5.103151515757231, 5.077844105618141, 3.972763501152813, 3.4768585907349907, 2.9644942363585893, 2.4986793480978595, 2.710985199516717, 2.7955314455532942, 3.6003583254078273, 4.227078379109652, 4.0857765297616115, 4.25809718804113, 4.800122426120769, 6.125159273951774, 7.509360323216582, 6.722782089426952, 6.358758467474754, 6.738532852597068, 6.154855861710586, 5.258568712707641, 5.256185602276578, 4.39924913656354, 3.002617744176711, 3.1893462862587456, 3.0053100591392363, 3.5865249479424204, 3.338018138378107, 3.6679181986282665, 4.150028746581973, 3.352827373893819, 4.13188149426595, 6.468505108931236, 6.887678588242584, 8.452381480148672, 6.902174060533746, 6.975148843308208, 7.087864353900715, 5.587322283448049, 5.309268815994823, 5.332259761995623, 3.86636627436675, 2.9793459105302382, 2.9245217049581025, 2.9882172562909175, 2.8828396733461226, 4.8945393265201504, 4.461709849232689, 5.263094172906102, 5.323553408464353, 7.029609941644193, 6.530134297598424, 7.451678147136651, 8.049839446635362, 6.741990874288156, 8.812911981867757, 7.054268774353103, 6.661490332703298, 6.237540336199304, 5.342876933547197, 5.384100108078189, 4.279788126883635, 4.412930786301433, 3.3508430055842484, 3.24175210962293, 4.029822861766982, 5.794433000993533, 6.844727133000061, 8.905132521088618, 7.061179446626398, 7.755028901346824, 7.390438486505764, 8.206474482280782, 7.538161687141561, 7.695946943042581, 8.030340090635923, 7.180756790728549, 7.270123723001018, 6.876247815284768, 5.4553169298369655, 4.941288144424369, 4.629614642020031, 4.166543707225993, 4.2848149692813555, 5.505517683525551, 6.060580440899751, 8.430448006659864, 7.91944884528713, 8.141793685031583, 8.156014459614402, 8.957398292337073, 9.0040511374507, 8.645212204125178, 7.850445733396762, 8.07452921474574, 7.450328560336858, 7.063761106700176, 6.468233956439879, 6.066185308028187, 5.185733494325221, 5.322490314401557, 5.431555301851258, 6.410444191180594, 7.103722541868039, 7.9250393408161575],