{"west": 7.0, "south": 46.5, "east": 22.5, "north": 52.5, "cols": 18, "rows": 12, "source": "formation-steer-fallback", "hourIndex": 20, "validAt": "2026-07-20T20:13:53Z", "level": "850hPa", "u": [11.462352895683678, 10.284124000366196, 10.938064581992117, 9.859255546298106, 10.210037454085514, 10.27490971767619, 9.259006442733682, 9.958776925125434, 8.512178702698124, 8.03583683792536, 7.6499883483866515, 8.338864745398123, 8.554444227207698, 9.602884017129792, 9.089360805243627, 9.418052987170107, 8.748080980404898, 8.342633456123282, 8.091007987191956, 9.164991222444058, 10.410712899816433, 10.767057924324444, 11.053146017343106, 10.707849328955426, 10.995732176752636, 11.943129016376407, 10.742099452110715, 10.97381736297889, 10.7567273088342, 10.11417474077337, 10.449984083743855, 11.372505274526368, 10.5873450558192, 10.716861337631126, 10.171962658523539, 9.690787148740682, 8.271773701958933, 8.91581233538213, 8.956292673992806, 8.17049099706326, 8.427281321677388, 11.366512098368906, 11.277040561929267, 12.60961073230035, 11.984033487397182, 11.67336634865538, 10.645381738971881, 10.755415337699059, 12.079935981029742, 11.023639873110309, 10.995711265443898, 11.39338627605604, 11.629493995311865, 10.733969362107855, 7.006675586488332, 8.69882093475776, 8.675399895402238, 9.50294275590914, 9.915770750290113, 11.244434821048591, 11.461433882577396, 11.682026163751633, 12.442124550199141, 13.840788550383351, 11.570644519324668, 12.35226217791326, 11.49550502327913, 11.899836877744379, 11.971917746639312, 11.308427791444347, 10.989466943819421, 11.680586108702913, 6.518328095552689, 8.34420142966397, 9.947717004885057, 10.250432411354227, 10.81469699862361, 11.475559062370664, 12.638893399952009, 13.00773270150703, 11.755744351971519, 12.01261645953011, 12.51562543051016, 12.286691864369429, 11.56342024898715, 12.424981075647601, 12.548451737644841, 11.913088103153346, 10.285764978963936, 11.443160940949308, 5.056185852339036, 6.13135085834933, 6.808823569806797, 6.8362638162174845, 6.838612705323207, 7.381783088665803, 8.249952179488377, 9.338856093208271, 10.685014680207562, 11.707700458925459, 12.217328277334888, 12.66229291602395, 12.794761959192678, 12.618058976264685, 12.318223911482155, 12.44855498269963, 11.472584014998235, 10.920775141725315, 3.510485068129797, 4.654361895583656, 5.295066385906509, 3.809414631313759, 4.886711459969158, 5.881776926528659, 7.9036285424743165, 8.53499955712895, 9.718506028718359, 10.020631542108335, 11.311833646672174, 12.350144490067155, 13.288060194598282, 11.335452563118533, 11.197935975762414, 12.392682669671375, 12.356173585108545, 11.739059521057282, 3.0029959541737754, 2.628987072568636, 2.9259598132777134, 4.2385220687716245, 3.8048713038644935, 4.637966567021277, 5.537183187968823, 6.144843111136919, 8.793787671328449, 10.752268515124879, 11.737156040750206, 11.407007081531704, 12.562864678059194, 13.5496697960581, 13.870858170713916, 13.492402436603896, 12.70541596781741, 13.148516412321166, 3.0253939328284147, 3.000096786351067, 3.679959065455438, 3.545017257954195, 3.8456003738741185, 3.7199411408318044, 5.742867596697217, 6.557028845029274, 7.4139360026775, 8.130591738434529, 11.264649400571974, 11.33381905022583, 12.80642124001206, 14.304037802422982, 14.32421455116096, 13.479520656713945, 12.705204682494742, 12.924136695775477, 0.6428607864621534, 1.5066939776087325, 1.488493707546153, 1.8376532173307076, 1.6691096877156113, 2.903691084066062, 3.512638585159107, 4.880841480108505, 7.488459462468356, 7.398571195005942, 8.161674253544062, 9.97183201524893, 10.072286319238193, 10.15812798404774, 10.923652209862142, 11.929811567667784, 11.742222918696202, 11.60140828645295, 0.9881048242929054, 0.977896101304793, 1.0228681919962666, 1.6344104651835327, 1.4299668511979153, 2.379633889723175, 4.133450501782985, 5.276634818805139, 6.741280130715477, 7.12148172075554, 8.493009323496327, 9.340147263290422, 10.856435562813504, 9.918944425900296, 10.027904756335104, 11.72179863408468, 12.004501751333398, 11.58965218762831, 0.08935795417053065, 1.0305972302214876, 1.6103211312558428, 1.017266185509083, 1.0569660478544567, 0.7175375065746074, 2.638267063855407, 4.076073377718662, 6.460158641980695, 6.559590961685283, 6.670627238677304, 7.965105730146986, 11.35612585210571, 10.238964128788657, 9.663088571489933, 9.823787914132314, 10.556056161486769, 11.457842669089848],