{"west": 7.0, "south": 46.5, "east": 22.5, "north": 52.5, "cols": 18, "rows": 12, "source": "formation-steer-fallback", "hourIndex": 20, "validAt": "2026-07-22T19:55:26Z", "level": "850hPa", "u": [8.03901304814873, 8.149600250027587, 8.244711711055, 7.594612408622613, 8.005303891844815, 8.015390198029042, 7.908141120015111, 7.8728779271843115, 7.63845188622343, 7.526653946662032, 6.4802659760420065, 5.886880658036555, 6.26572297767384, 5.845424166184728, 5.324031942024013, 4.582410732964989, 3.633172884560972, 1.9550882221756143, 7.9183008622007005, 9.196172578234187, 8.636869608001536, 7.883906818039961, 8.802915704296746, 7.686735764748981, 7.249450236699995, 8.480160631797572, 7.90035654340511, 7.035615341442724, 6.8564190273276795, 6.3346384503288435, 6.684066655263652, 5.633085830443466, 5.217401401067232, 4.84613276141006, 2.732951034000483, 2.0583464776127185, 7.131148986690607, 9.506038966515135, 8.869705815745734, 10.253286862148759, 9.829974537815742, 9.132993530846003, 8.762800627614952, 8.548212942741353, 7.892454741350714, 6.881453674993832, 8.557190598449917, 7.674868269784655, 6.8299541738228156, 6.244114055662741, 5.547525650220633, 4.27836407411803, 3.447330679228276, 2.550713181686797, 9.438757466389044, 7.793521676715662, 9.33640979967731, 10.03860388860281, 9.214019987205669, 9.912047572900748, 10.371620387475899, 9.954573918834027, 9.422867734555512, 9.393148171209917, 8.845407016891503, 7.929477787634406, 7.953763654886556, 7.016744484103746, 5.590448570331049, 3.7026820870559054, 3.2439103920252825, 1.4561802118306382, 9.236310015099475, 9.562142454905166, 9.803996768155413, 8.599451992938093, 10.676939183113388, 10.303274381348512, 10.423526009228778, 10.447997407592968, 10.05791836497616, 9.5552203004979, 8.771162941826484, 8.917620454590125, 7.847286845460339, 6.692858209017014, 5.982291534807693, 4.03551999786609, 4.318058294729771, 3.0468937844573163, 6.145220740231332, 7.688638463712208, 8.2059649603976, 8.607862237698885, 9.957495330161645, 12.213175030344372, 12.334458000479918, 10.704808975448797, 10.95738246803479, 10.708973520246396, 8.868306646090582, 9.778996520908356, 8.685065775891049, 7.503003244522222, 6.613812975989019, 5.931264432315838, 5.430978635369398, 3.782262798663282, 5.6291746246635785, 6.215415285076147, 7.405087809162118, 8.912039123712145, 9.100354313426443, 10.2966034905154, 11.505617823211546, 10.814368472073353, 10.179647451161335, 10.951896568145989, 8.948335126774946, 10.649332234836978, 9.63630453208623, 8.043260185106703, 7.123868867764981, 6.613487521522692, 5.55007462814967, 4.416023347772833, 6.286339941136021, 6.73173036456973, 7.470958170594898, 9.17108666459065, 9.363466537690723, 10.36869085443974, 11.383402379357886, 10.693312826185052, 11.675709273027486, 11.684656233753227, 10.711683088642657, 9.1460788461734, 8.572881209048846, 8.38150803988575, 8.181430670788759, 7.2986546984880025, 6.735159910971337, 6.373825164775482, 6.408071493676189, 7.1028030870362615, 8.036192087936636, 9.186802692988211, 10.228221956422688, 11.664859177523462, 11.088440719897019, 10.991415028510524, 11.03301141797096, 11.049745380172986, 11.344303412830897, 11.190957859755907, 9.551675781237815, 8.34313059651837, 8.015419252165009, 7.249955830518981, 7.240715339585351, 6.470651349716799, 7.173190519239896, 9.633455989279962, 10.97783277792115, 10.616764798021528, 10.112986311432234, 11.465917401028493, 10.097536068771896, 9.920007744651496, 10.759330848048817, 11.113617825263248, 10.390292440524554, 9.33580410566177, 9.832549075639546, 8.699880742552612, 8.248743485040228, 7.78193737491772, 7.520395996924168, 7.489025027446588, 8.001391287097091, 9.651242053241287, 9.91791187355667, 9.883225805042422, 10.105355368467869, 10.987277450445315, 11.20289400761368, 11.48057976678859, 11.244892054674617, 10.581771035330295, 9.697794971033506, 9.220982538875493, 8.886724260758204, 9.059613877888028, 8.130147009617568, 7.639665822468096, 7.506697737839884, 7.537278893464975, 8.124418442106075, 7.57622261101083, 7.604444458272356, 9.274821839565258, 9.32875094817133, 9.90308032458643, 10.352560526270917, 10.704737569566644, 10.568006865515125, 9.868310521102764, 9.412875333278416, 9.303769579137466, 9.186828508230999, 8.098223536146248, 9.370873688619225, 7.515535071522052, 6.481000309259212, 6.625983488271732],