{"west": 7.0, "south": 46.5, "east": 22.5, "north": 52.5, "cols": 18, "rows": 12, "source": "formation-steer-fallback", "hourIndex": 19, "validAt": "2026-07-22T19:27:45Z", "level": "850hPa", "u": [8.978706576839805, 8.47956527529519, 8.401759705562506, 7.322439970953959, 8.334681711324466, 8.386052930809319, 8.559592810060472, 8.382252373534195, 7.5099741856094075, 6.500644170935219, 6.1913241454706105, 6.836193602468305, 5.96053266819624, 5.384531071428687, 4.908006856642151, 3.69321330139649, 3.7873667339290065, 1.727495692533701, 7.323164832705002, 8.443097911915807, 8.279442733570678, 7.945947696970792, 8.163936295183456, 7.490590304562953, 6.69129974108814, 8.612572124686615, 8.478689373316428, 7.238808675779553, 6.353373936742873, 6.749144443048783, 6.32940032476708, 5.27944922830544, 4.9737267301560015, 4.120650184042937, 2.5712929949152317, 1.6895804762468918, 6.400611028822459, 9.377843667082573, 8.414731361433674, 9.659619013620242, 9.32969071970111, 9.003203684052556, 8.181741533434948, 8.026733519281958, 8.176775633030498, 7.421583816397797, 8.132351543825466, 7.396380318148631, 6.564771968318079, 5.73418297097879, 5.01934686523421, 3.388369497608212, 2.5079931106365545, 1.6499132468532671, 9.353074360871938, 8.491041182019128, 9.477494731606889, 9.360569543667888, 9.625268234820428, 9.330210068392843, 11.199281816413087, 9.418099153572221, 9.438316985850792, 9.13867600404234, 8.79313202280842, 8.018206122401352, 7.187055162113145, 6.0627020469452155, 5.074511484564239, 3.8238186782598373, 3.153238089587087, 1.6306948867889484, 8.834102641942335, 9.31638164819336, 9.52100222287886, 9.311420835132802, 10.924078346323732, 10.136003330802478, 10.146617510182095, 9.369927932668816, 9.892749155100205, 8.590877988352391, 8.505732189922027, 7.897621238061282, 7.431178189419095, 6.372463738195775, 5.540853094234886, 3.1861196720967855, 3.5557729774579396, 2.2792507383769958, 6.712347156036931, 8.523787941612966, 9.128386154178191, 9.67613430153278, 11.591604181803241, 12.786291849326695, 10.699579895410679, 11.025690707374865, 10.595063090887052, 10.090946247034069, 9.420364620195526, 9.903458637144503, 7.72005846745871, 6.98843233198409, 6.089899558529941, 5.120806987243905, 4.517302743083783, 3.793021641174063, 6.671064515797396, 7.622492096757264, 7.7397201321799765, 9.182342886155654, 9.72622490212838, 11.327957938676587, 10.846958150536366, 11.370280711509492, 9.696285345111848, 10.522426372623185, 8.90774920206143, 10.29559689788367, 8.936664688364388, 7.224367465795162, 6.4178038470573435, 5.466899477168147, 4.625770556766921, 4.084879821556006, 6.628720715037227, 7.582305964254896, 7.817917449834732, 8.968954132085406, 9.331958044975217, 11.238658163450445, 11.555424284717288, 11.2218222673252, 11.74914028581856, 12.012964596871498, 9.240032934572382, 9.901675621050444, 9.68973787066534, 8.543040800459059, 7.822468945108609, 6.776989592827115, 5.861395138159182, 5.86895209752045, 6.30291894798725, 7.300903142331608, 8.724894246918332, 9.568144834007727, 10.530524874085547, 11.34819070013366, 11.54729858489777, 11.135357556313014, 10.944377512562093, 11.43755548072219, 10.987873592027194, 10.685164120182456, 9.054160969981071, 8.1316955299329, 7.891118233112813, 6.999989338393014, 6.672397517894365, 6.224914669240231, 7.391601391869068, 9.55357932016289, 9.880976052930334, 10.735524667462835, 10.94027515395726, 10.28405166994021, 10.707496986151435, 11.024330169002143, 11.82110691857995, 10.987639221853934, 10.426234554917606, 10.440260963275911, 10.751072281254112, 8.74549306932827, 7.736358666409181, 7.849414151834548, 7.116842625583462, 7.321385554678984, 7.656809590144851, 9.282872521047551, 10.039000071845106, 10.58861372485123, 10.463468996479495, 10.869111922892253, 10.55542891482084, 10.772273367394865, 10.816751837266793, 10.91917644123659, 9.808717205111492, 9.569758831976815, 10.623455100550443, 8.927095007231948, 8.52479225176349, 7.599432809419435, 7.332095769409707, 7.13509667064608, 8.0772792140355, 8.219613686646163, 8.978501653323242, 8.903216008032578, 9.833034722753789, 10.035016074697777, 11.522279905626071, 11.238216559254461, 9.717973963452126, 8.894484638003473, 9.306954454733122, 9.624326827313554, 8.848908197462697, 9.560988618373477, 7.889828569479409, 7.043289962152097, 6.565989191011323, 6.705179758726039],