{"west": 7.0, "south": 46.5, "east": 22.5, "north": 52.5, "cols": 18, "rows": 12, "source": "formation-steer-fallback", "hourIndex": 23, "validAt": "2026-07-21T22:57:04Z", "level": "850hPa", "u": [4.593310404704205, 4.671158966797927, 5.502949472590681, 5.227304237703954, 6.40142882418344, 6.356177038021733, 6.558167934008344, 5.925994554644575, 6.719736585190054, 6.437353352260924, 7.153993512188004, 8.401895035624618, 7.668660204467707, 8.039568967980522, 8.163617032400552, 8.592456338850182, 8.448957544470032, 7.804085067182675, 2.0147288566786314, 2.1539879121414955, 2.3684724193563884, 4.228752558101557, 3.883697317147298, 4.367157176965702, 5.640343805801468, 5.690542524131717, 5.920107517722155, 4.819621542269254, 6.176573674662875, 5.797979304281986, 7.984295875381823, 9.402472924820211, 9.57366200924228, 8.914256800362852, 9.207414834896406, 8.69299123749568, 1.8497559270749315, 1.631294116094036, 1.8916877608472729, 2.6317438549066243, 2.705825149692608, 4.383270976839194, 5.908474246692432, 6.026966295352834, 5.775156576934161, 5.29724050109831, 5.611275545846514, 5.009010175715595, 7.03282655433176, 9.163274008932149, 8.973474770042282, 6.531425933822606, 7.368530871979081, 7.503818129776496, 1.729757841088217, 2.195632271577044, 2.180846869074842, 3.0226351958045554, 3.5947676583492636, 5.060337641211637, 6.480856280171788, 6.172094916434244, 6.87311265610628, 6.282121347307188, 3.4860819651706696, 4.886659509410693, 5.621045047323572, 4.9646242414726025, 3.8476546840235186, 5.0477257042065915, 4.944928078785069, 6.117867914911164, 1.157145274891227, 1.6148802687792976, 1.584935973415413, 3.200377445226515, 3.8488450744086977, 3.6179679216065144, 5.24257882573852, 5.637125989575146, 6.215001411030135, 6.40891061703667, 3.470826797666711, 3.742378251089666, 3.6856764901421903, 3.579378337833907, 3.2521547060619556, 4.294469961887128, 3.7715361230892945, 5.399108644901434, 1.0554541094207837, 2.0421839874410295, 1.7642657899315186, 2.0192169290084245, 2.0162067603991707, 2.1797212598572924, 2.30726477203961, 3.1195004709394305, 3.557997021442775, 2.9326274437462914, 2.9896665529360593, 2.25219842642552, 2.58134731882397, 3.6006169472772886, 4.035441316746041, 5.494201915942066, 5.497001890471638, 6.284626757072066, 1.9324177923800798, 1.5353626830441123, 1.6664675750853823, 1.7225499365200991, 2.5799819681844904, 1.4189703468442638, 1.733616993872335, 1.8605609691129323, 2.4626749831132337, 2.36821094160528, 3.9041881088408807, 2.498443178812731, 2.2599762001097887, 4.076408320669383, 4.700543818237645, 6.1699523021252105, 7.000521891622195, 8.045708956700645, 2.0617832997515433, 1.4180735301819962, 1.659738054023167, 1.7909776499594166, 1.8027388756932647, 1.8398629784855765, 1.6823050330360383, 1.160303877367445, 1.9768321892666103, 2.66983158941223, 3.642152787915678, 3.7806520939503563, 3.6680535215459553, 5.687635388112507, 5.837861075595458, 5.870693975617968, 6.263873811782604, 7.792012506980029, 2.5212594330977742, 2.053949763180606, 1.8966400481871108, 1.5247396570767795, 1.1656763230828622, 1.6424609664641323, 1.008468816677596, 1.0165168688108053, 1.6756905337531434, 3.0935726717759446, 4.929189398677774, 4.603774722167367, 4.381191107769193, 4.362719602808996, 4.439195522770648, 6.591285071650225, 7.396532542882592, 8.115357519407448, 4.156004610914591, 3.023960877375029, 3.5279797144069, 2.490596381597248, 2.2602149333595736, 2.1219705343613904, 1.3629195466417272, 1.0079728970806423, 1.7506691903961629, 2.4514808858832997, 3.478547223886242, 3.778981309424327, 4.479700713275798, 5.511901466012025, 6.448367397256757, 7.904425474327408, 8.385869218513522, 10.2516371295057, 4.628792278948391, 4.413573538495335, 4.045886683503345, 2.9952077650603646, 3.013930637883431, 1.5826201499238535, 1.4616134929302889, 1.8134273448417828, 1.7228181137411327, 2.4089481873601204, 4.242765379217312, 4.40690253407895, 5.442058985239659, 3.497885065154955, 5.380961521618455, 8.043072466299911, 8.494166383038673, 9.955234109484401, 5.109580631278255, 5.622249529979794, 5.471925246421985, 4.602902465163933, 4.380885602890427, 3.8661213688158873, 2.970680563493084, 3.0226351958045554, 2.671979469172445, 3.0011115511769217, 1.87187390979105, 2.3566602081649988, 3.5650325626683257, 4.5837109604914, 4.8694774394458555, 6.54439916173699, 8.099123882050398, 7.721043975448325],