{"west": 7.0, "south": 46.5, "east": 22.5, "north": 52.5, "cols": 18, "rows": 12, "source": "formation-steer-fallback", "hourIndex": 5, "validAt": "2026-07-23T04:43:57Z", "level": "850hPa", "u": [9.087238170136272, 8.788889934339673, 9.170490920325188, 8.391417429083218, 8.467849575348993, 8.01315119210619, 8.457250629833888, 9.050420998278966, 8.818917320315201, 9.738773943308981, 9.106071578715124, 9.06820324833405, 8.967286929306361, 9.147674241991613, 8.263848376331078, 7.263938166450586, 7.689990815084868, 6.641224006051406, 8.01590440004969, 7.759860026313504, 8.263272511316641, 7.394728914587661, 6.969638761291112, 7.050649326638169, 7.117078034320541, 7.997122508930937, 8.304134472395333, 8.410248956033879, 9.731982114557836, 9.6822241926107, 9.219041136916122, 9.870633538916106, 10.084196043817364, 7.131354292212725, 8.008712682340176, 6.484166326688857, 6.93726441237551, 6.182915868779802, 6.1094697989062885, 6.292622668531598, 7.128467215513061, 8.34415823881331, 8.818713694583113, 8.908934098350583, 8.813034520649923, 9.046358575289005, 8.84614652379557, 9.980063245940853, 11.316200709771936, 9.635715826323846, 10.197882116644799, 6.7849559713842735, 8.338930803637522, 6.167627898083356, 4.646535517734676, 4.4971292309907955, 5.001847047605143, 7.9483601417586955, 9.12303077036066, 10.1358432068579, 10.541156020711167, 10.79563889026313, 11.736527756814757, 11.743972238023069, 9.385541581730502, 9.20312367052815, 10.824881029218512, 9.093384101855039, 8.728627573604498, 7.997258599804458, 7.799702999900535, 7.424592882538928, 4.131974716055184, 5.383167674760183, 6.7110933406027335, 8.50228847052169, 9.442323431702198, 11.379598588546685, 11.452667059763868, 11.682422912717296, 12.030301262925141, 11.95931291772655, 12.230177927508253, 11.085815665161746, 10.812478278853261, 9.96293391242903, 9.335421145101522, 8.097678767896547, 8.007744636243455, 7.577480383599547, 5.446308109814542, 6.708396027005754, 7.8120998292396715, 10.224742070166373, 10.387712086093442, 10.841741997534424, 10.478905099329015, 11.28424547351178, 11.2158684847934, 10.74765884886327, 11.642822603985683, 10.794074942423757, 10.370000014130431, 9.59287911985203, 10.19844649059519, 8.653868136003975, 8.123218053233119, 8.546404104781129, 4.558547930074766, 6.688609185795653, 7.885229223373324, 8.26183611182315, 8.722069196289485, 10.082626369835808, 10.449629701124676, 10.918602395740347, 10.6732011348489, 10.230415548236756, 10.75252937216558, 10.624275730637347, 11.207314393884577, 10.162309829081556, 9.09861402592316, 9.242548154808627, 9.396778854770238, 8.695661199987368, 5.25703228380599, 5.689343293489322, 5.152993880986278, 7.219294398304484, 7.715399895437609, 9.457090985861724, 9.48136307203825, 10.072806506543758, 9.423387124974395, 9.27628846175488, 9.082060702750375, 9.290082071639793, 9.068888995041739, 9.156238248891196, 9.549941818131899, 9.010927896742379, 8.773382257055683, 9.542963783298129, 4.690252550674439, 5.081958582708382, 4.854171721292383, 7.444730705349177, 7.528190727107478, 8.137377271809953, 9.37700064558578, 9.77324764120992, 10.028857418214713, 9.010672487178908, 10.394543003257656, 10.002634737437354, 9.511179268525858, 9.371635123455457, 9.059613877888028, 8.770526885338157, 8.470136454996492, 8.426345125767927, 4.679549398016059, 5.957218359521709, 7.014153220975999, 6.8519860906012795, 7.758765330260647, 6.853515466790477, 6.82909825193655, 6.913517471890813, 7.527561380330071, 6.679649196584504, 8.518811392517252, 8.806882134440832, 8.848566275618857, 8.874783722510378, 8.469837258986836, 7.7418599828023105, 7.673164260183728, 7.8810627638176936, 5.328866795683877, 6.224154673902275, 6.12274626594323, 6.003488011067522, 5.915583824251561, 5.947760226959848, 5.677524943046034, 5.745707083161925, 5.36758561613037, 5.73688043168268, 8.062021456403546, 7.103332554288181, 8.773200574043967, 7.323650091291044, 7.424898219937144, 7.567519584516125, 6.742632176125689, 7.111107241941351, 5.239898999572714, 5.710815200911532, 5.762661240796252, 5.332097601904777, 4.072567080284424, 4.382627919144412, 4.568815247828276, 4.147330707475686, 5.340555724156733, 5.707138396956759, 6.693776128907987, 6.637382665442851, 7.460573324876101, 6.303731471624081, 5.747702558346051, 5.608896866185501, 5.733998880557994, 6.010512161320768],