{"west": 7.0, "south": 46.5, "east": 22.5, "north": 52.5, "cols": 18, "rows": 12, "source": "formation-steer-fallback", "hourIndex": 12, "validAt": "2026-07-21T12:26:47Z", "level": "850hPa", "u": [8.462762168730306, 8.730078219972617, 8.24003719269341, 8.163625001351482, 9.991228300988585, 9.024656355654146, 9.204694419844598, 7.212282756749204, 8.94006438090963, 8.347507439672878, 9.392931029051448, 8.742950957251402, 9.898778661568441, 10.271932807501656, 9.834358436332709, 9.580576903772837, 9.6608422854061, 10.526695805009089, 5.300713121633879, 7.125697184453383, 8.385322526569915, 9.07183979610628, 7.5783311587834135, 7.231771557046958, 9.232496727473821, 9.232156363840103, 8.77522917502102, 9.256697906172219, 10.742780233120554, 10.55, 10.542400804227828, 11.561317033656177, 10.838283591051932, 10.920593525607817, 11.433244875235124, 12.17082793157741, 5.641759879434568, 7.239766046368746, 7.3484125226411, 8.018452275402474, 8.535202704073475, 8.908246961289416, 8.775638531589033, 9.501768211382938, 9.746829022329349, 9.09861402592316, 9.8737817457564, 10.769165247564578, 10.130340625292558, 11.575299616395768, 12.005960819100423, 12.581562046110268, 12.992080751248245, 12.574061523480182, 2.862351991249937, 4.6656674328494345, 4.578257717586622, 6.182189226167946, 8.16762999614604, 8.57971261466463, 7.24782059490997, 7.415149292067465, 8.241946950490341, 8.313828570538426, 9.406375814781496, 9.391767243883358, 10.026012907521508, 9.024787429212562, 8.5185870635556, 8.79476549396515, 8.559398075446586, 8.324259736671618, 1.6786912841107855, 2.4588113654765555, 3.3554221526536185, 3.850416038480159, 5.196439697769533, 8.1614227172889, 7.097013807206107, 7.07481213511403, 5.967048141990518, 6.3761512368734845, 6.698329187972947, 7.355340945313974, 7.436668286773515, 6.337938325467824, 6.75623269958321, 6.985875857212135, 6.778656667174668, 7.440860259858583, 2.233788014806505, 2.1671833458667233, 1.423481599951523, 3.0626077675768957, 2.7849997506830184, 4.446530403200649, 3.8948576721928454, 5.0970229442457615, 5.268781064522237, 4.828044445534895, 5.0810732672426075, 5.06675691097781, 5.44106283539245, 5.8725569604814725, 6.726878269606766, 9.042076325263245, 9.44131631586274, 10.097370593086431, 1.064227760133198, 1.7327536666014294, 1.4003203132905608, 3.3825947170162247, 2.3978993619579554, 3.257519160408809, 3.494939212296104, 3.288742813296071, 3.5068707712887854, 3.3560038560075935, 3.603130176794018, 3.8637727806496405, 3.87952655704346, 7.026549855453579, 7.887652775986637, 9.980055761771801, 11.080787774628233, 11.446291735931053, -0.3516209335331564, 0.19802217926811463, 0.7099204877101983, 1.0550442212243538, 2.683708402563896, 2.5276676141462104, 2.261231522675377, 2.859582319204316, 2.9254148064766823, 2.9263646633849945, 4.4864095996419096, 5.218762864045002, 7.716421979199224, 7.599999524718358, 8.483352904777972, 10.924873709186956, 11.027487234257311, 11.70592423271216, -0.724634012552562, -0.6427736027639773, 0.14240845520682532, 0.8575115866770675, 1.546443794487563, 3.2388271833268316, 3.985803185874867, 3.0052038200428273, 3.4480977186783486, 3.6341954984539524, 4.779842414587646, 6.3003348125317915, 8.404560284844756, 8.749279737878064, 9.843372878400283, 10.278292448747262, 10.283287248604005, 12.061560300123341, -0.7043257292800346, -0.29040139149945704, 0.0542792988166521, 0.2880549746207613, 1.772217916285681, 3.7756316709121434, 4.818182730187466, 4.238787943157129, 4.366276187507815, 4.396760833994403, 5.6404754468980345, 7.267191575167281, 8.650689998227516, 9.382449626148915, 9.729558435462547, 11.233225679535172, 10.788196671764313, 10.318288978858652, -0.48838831627885554, -0.4066743335484799, -0.11728231484882315, 0.846346488907176, 1.066151279448697, 2.970452253216136, 3.875654983159586, 4.246801868763564, 4.38091454913308, 5.078036544132288, 5.160758889155135, 6.339129977234818, 7.340968948224833, 7.916878119022195, 8.356704681190093, 8.117171025994779, 9.025958804451797, 10.875642504859995, -0.05585008238369152, -0.173822085031862, 0.12007475091665054, 0.2440048576000364, -0.120946343301021, -0.18093148524293326, 0.6562977073273752, 2.745809644376332, 4.707128184673733, 4.507584801021065, 4.95617218089837, 6.467248437319649, 5.500401205280448, 6.921056790005205, 5.303400591110452, 6.579340019326838, 7.5079643183833165, 10.145683364198966],