{"west": 7.0, "south": 46.5, "east": 22.5, "north": 52.5, "cols": 18, "rows": 12, "source": "formation-steer-fallback", "hourIndex": 15, "validAt": "2026-07-22T14:33:46Z", "level": "850hPa", "u": [7.832773311199083, 7.904976524871392, 8.802915704296746, 6.97507021633796, 9.593721807068068, 8.332836785816209, 7.161772770276241, 7.368867696632131, 6.465829723373567, 6.066541338390916, 4.5584638355754805, 3.666107402081026, 4.601361013438021, 5.373127682450249, 5.392278153537497, 2.996852747327298, 3.223799821520391, 2.5720170375618454, 7.666217080106182, 8.7425631437393, 9.543244897979925, 9.584945529985015, 8.241994011333142, 7.962510915719668, 7.89789365556416, 7.887959214087959, 7.432968313740304, 6.424754487924937, 5.534180210209536, 4.263221856909358, 4.139312229220945, 4.8071643780875775, 4.528776123856062, 2.577946169678867, 1.759462897762076, 1.916229547930082, 8.564488665399383, 9.835982577568965, 8.616716267108089, 9.003187714021935, 9.54270685131978, 9.504564639063643, 8.21149209133704, 7.865646091850852, 7.742381095758865, 7.233980469259874, 6.0790713333730615, 5.407624321090753, 3.823958876897542, 4.433702589083899, 4.466874066238185, 2.70986441682215, 1.9595672793166838, 1.2772287896789527, 7.378889406501777, 8.192849560894508, 7.408451217042504, 8.276078114119908, 8.920967317817562, 10.228745414287346, 8.952818618998608, 9.128341772330428, 9.193527245710868, 8.491977362064805, 6.2130864279277125, 5.24214611981332, 3.5467796198693935, 3.937923617022579, 2.7197326659992296, 1.5659360758418317, 1.848597916826667, 1.5696471970063512, 8.08726173644535, 7.934407719850203, 7.777315126471579, 8.803627548724691, 9.109629370709397, 8.779564479614596, 9.113867160436026, 9.691091925483196, 8.839603208717138, 8.705371878314638, 6.359860821177383, 6.273345245239204, 4.588102135693952, 3.5372110887566426, 3.62907064234664, 1.4243550708689552, 1.6580345787058346, 1.6003165115819027, 7.817269412509865, 8.838336032356821, 9.17338345024194, 9.224059584484923, 9.752588425525532, 9.646438339352207, 8.352242488675936, 8.968096526039439, 8.950955851491837, 9.179120160211196, 8.169480574390407, 7.447975029810157, 5.521810443460692, 3.7677812568014697, 3.547538006045414, 3.3076920463031185, 2.973665679798546, 2.6329562520286087, 8.168596580170298, 9.975718253437865, 10.799840236249006, 10.124142635187928, 9.231653660380793, 9.845965687595234, 9.463580213705573, 10.711347687595207, 8.629622943033278, 9.650073084323388, 9.291197593422979, 7.892000073246405, 5.220614660545182, 4.150988808738647, 3.9170216034663548, 3.435818150475349, 3.2417053473868114, 3.384898785443766, 7.9636494100825646, 9.097633397284211, 10.532085140584037, 9.690349831626722, 10.662614327518055, 11.27687790624909, 9.561226012881447, 10.359634679161623, 9.658800312312602, 9.176295349746148, 9.311521734876495, 8.689253677913026, 6.903072984713712, 5.6621695832322585, 5.111560021976955, 4.769665123274874, 4.544317260897137, 4.042142147387147, 7.991330509699622, 9.705106410437102, 9.642276406877585, 10.229381637440115, 10.263633993985007, 11.641622414988403, 11.252819133911252, 11.236332185603686, 10.06513568963326, 9.368121733584779, 9.180719416341178, 8.122678128009754, 7.924514635873219, 7.039995337113064, 5.726636542672473, 5.200358490265709, 4.258217430825706, 4.898932085308342, 7.164462868077064, 9.493668753714331, 10.006629864806019, 11.894828017095783, 10.799356893944852, 12.832622017870435, 10.997616045375725, 11.528233663457083, 11.50778817100497, 10.740570423562728, 9.956535761623323, 9.998859660470956, 9.67873604595461, 7.3102146093551195, 7.671857472344409, 7.225546513871364, 6.00164077365144, 6.286966921033763, 9.156110296480657, 10.726354292999998, 10.389849923477536, 12.007759534385519, 10.949617496716858, 11.847958319325825, 12.0257765372989, 11.439819002913568, 10.95979825809997, 10.81904858756952, 10.914728719095907, 10.716359887602433, 9.522547148151215, 7.6372833744155555, 7.670699175306441, 7.105290824881072, 6.24190895690013, 6.428454847474559, 8.3142546488375, 9.036295656928568, 9.91162186983857, 11.016001123558771, 11.007312524640492, 11.373138943951803, 11.126206254801449, 11.672380392101562, 10.824008060555085, 10.913179385657502, 9.582094064849922, 9.858625439063532, 8.949781894813283, 7.426002644499041, 7.419282483518883, 7.63237008379387, 6.45505710275049, 6.204163539972832],