{"west": 11.4, "south": 47.8, "east": 19.6, "north": 51.4, "cols": 12, "rows": 8, "source": "formation-steer-fallback", "hourIndex": 7, "validAt": "2026-07-20T06:34:41Z", "level": "850hPa", "u": [9.860589671911326, 10.5717677986262, 11.681363483027202, 12.639387979769255, 12.464535418663136, 13.603755411979492, 14.706528095347073, 14.372810617873125, 14.453818302971914, 14.353964635939294, 14.163943615236311, 13.716661185281481, 11.781281526827037, 12.243931203711304, 12.906657016873016, 12.801081998722806, 12.541992099426453, 13.027029754405138, 14.296319313314587, 14.872258717809459, 14.890923322584527, 14.918838493169076, 14.010451126027876, 13.59991714414595, 11.594503436663583, 12.065220456528133, 12.201304342251955, 12.632378877918615, 13.203530385055933, 13.216090373835007, 12.7730543056229, 12.497463390357925, 11.692168857954472, 11.45118814886751, 9.822067137100124, 10.734269206006775, 12.489120917946462, 13.407803768769563, 13.724656455029736, 13.85903325595419, 13.860716655846167, 14.29686377369029, 14.161508540922835, 14.033517487593901, 13.7593279807315, 12.397683243528721, 10.019808095835353, 9.540006211027928, 13.274054415556055, 14.432764852449557, 15.210400445165122, 16.465607701490953, 15.804733827439746, 14.92418165278027, 14.923886142182246, 14.96396217324905, 14.62390853128411, 12.627733823235628, 11.602416196418755, 11.33450403294694, 11.457677840607294, 12.479495409303931, 13.696861676288004, 14.543441546789948, 16.464963875139603, 16.389880122340408, 15.525753883029806, 15.174630195954366, 14.672581536801443, 13.662257373498592, 13.792870897805788, 11.961444949348998, 10.00188029552091, 11.391633108371014, 11.994372601188015, 12.857269957782929, 14.713724339140168, 14.90353031472792, 14.633736668192862, 15.302574472749194, 14.553671970004535, 15.085229177496418, 13.971953328461526, 12.592168536861008, 10.752354780770496, 10.629708949344435, 11.388980055894205, 11.436250776425494, 11.697133603017198, 12.430893763640777, 12.993585284754511, 13.019921748400616, 14.339196502445311, 14.022789617216567, 10.946814675904003, 12.045529462102252], "v": [-2.186040100774838, -2.2085573598913357, -2.270627044980883, -1.2393028269411963, -1.6631241074833134, -0.760568005531857, -1.1316056648705757, -0.25087834253595, -0.7827908179546209, -0.7773829366561434, -1.5637139330473946, -1.5143334930564245, -1.6767246600572314, -1.9611600339555937, -1.9289128152414192, -1.5944590499523532, -1.2076564817548219, -0.7739481751662995, -0.3244288700907714, -0.2855619556953816, -0.5200025008672643, -0.9647580083817203, -1.0534511119099033, 0.047472859247043656, -1.5676383693940172, -1.631281807467706, -1.9106732707984315, -1.0385705968857681, -1.108731424153178, -0.9473411374080875, -0.22295449223629643, -0.8300806025100022, -1.3942067268090472, -1.5075775201415962, -0.24004615034981694, 0.5813472395863346, -1.4671345190241145, -1.5750549508409977, -1.1766181162172393, -1.0663944909627796, -0.6294114602933931, -0.29947660433200407, -0.6183048159036363, -1.079820320884973, -1.058722588150098, -0.8234532124700021, 1.0531242674216086, 0.8178670390402941, -2.0075119857317993, -2.363455883636654, -2.4090907616195545, -1.0647830861738052, -0.8006332767139901, -0.15629137793496778, -0.182338737466065, -0.5748574410856109, 0.17867363721548937, 0.7502256257359162, 2.5297358370153473, 2.347262943751632, -3.811462121136264, -4.224076150966286, -4.1092554338508815, -2.4598390140625077, -0.5749692081737033, -1.4051083856096975, -0.8680244026436974, 0.10594062502156765, 0.8974135311623965, 2.1150291866268267, 3.1589891415549625, 3.362210541250107, -7.02943920622908, -6.366568551760464, -5.746740459066361, -4.277044450633241, -2.64741686777777, -1.461303923893261, -0.6901095028962667, 0.8287578089916816, 0.7881986992531002, 1.399414399815409, 4.4053399627376, 4.508649081408723, -8.7694065744748, -7.9520382702944, -6.004727994376099, -4.527931998021536, -2.89474791185103, -1.724929052766191, -0.40833986801566763, 0.36367934437448307, 1.7860413389001182, 2.802029862668003, 5.553636056802132, 5.212566064581498]}