{"west": 11.4, "south": 47.8, "east": 19.6, "north": 51.4, "cols": 12, "rows": 8, "level": "850hPa", "source": "Open-Meteo", "hourIndex": 4, "validAt": "2026-07-18T03:47:40Z", "u": [11.026098193807982, 10.37702810512235, 7.969557584733964, 5.826779205322231, 6.46237895769712, 4.695472766682971, 11.1607457146884, 11.031331274942366, 11.661395765724905, 8.750952154747662, 7.967664286467971, 5.830697882862452, 10.252741627670416, 10.780154035882136, 11.262321975287694, 10.13888888888889, 11.527406803002414, 14.435645279164717, 14.220574664811284, 12.506033805335063, 12.268973263344119, 9.383039235653808, 6.592882520237642, 5.830697882862452, 9.23619335555119, 11.527406803002412, 8.59930988260883, 8.59930988260883, 9.117307903240073, 8.250829556803902, 9.005948274723808, 10.387306610791397, 11.137192382158693, 8.613133039794901, 6.06379440072639, 5.33196952118587, 6.592365624317458, 5.048184851930703, 7.471960838938793, 8.500486719671429, 8.234846509681697, 9.875433301039088, 8.232742306176199, 11.262534503426123, 8.85571316164143, 7.582148535476063, 6.451549985668592, 6.5743111038009445, 4.93338625912602, 5.812012044025939, 9.254578748565876, 8.613133039794901, 5.071573195820832, 6.33351394407672, 8.128590425685804, 10.890074215336414, 10.787492365530023, 6.451549985668593, 7.222222222222222, 7.204629251876508, 7.075954150657069, 5.438392017742703, 8.755896962517696, 7.85530765674639, 6.686068138898244, 7.313103409735264, 8.510633742279104, 9.738654446454058, 12.67704714952334, 8.479294427208506, 6.068514639080598, 8.731460404773063, 8.478682252981823, 8.471606396604962, 8.258974101809397, 8.62472211206904, 7.452593475548922, 7.632432865407831, 10.985260565878708, 11.37493006860344, 8.353930109647793, 8.091797567878656, 6.060184413391452, 7.857635256351449, 8.867424831800076, 9.352531760337053, 10.645085448636483, 9.987293164048662, 10.0197360900163, 10.262197405628068, 11.502845029189912, 11.241421499723119, 12.137040077315083, 10.009536648373086, 8.234846509681693, 8.627960868885381], "v": [-0.19246125987781543, -0.9078723202881016, 0.697245941981267, 1.0274183845293385, -1.2561592195622546, -1.2581481359150286, -1.173041643337003, -2.3447818464447203, -4.015340571638269, -5.902591758857884, -6.225021583848317, -2.0076702858191346, -0.7169415357035078, -1.3236364797614637, -0.590233284295422, 3.104139456172111e-15, -0.8060748077098899, -0.5041038412583501, -3.8103914973426583, -3.1181044321735008, -1.506440494869185, -1.4861274178821986, -4.281467969701458, -2.0076702858191346, -1.1340619455756786, 0.806074807709897, 0.45067073431423604, -0.45067073431423843, -3.6836315019231405, -2.36588730409591, -0.9465633062570867, -0.18131111132066235, 0.19440041614863143, -1.8307779441452618, -3.089657567671919, -1.2309821584928156, -2.269933521354067, -0.7995539324278494, 1.5882143048578814, -2.598859597535429, -2.5176452351124468, -1.7413053371600469, -1.7499233977161335, 0.98534409161936, -0.30924831800271857, 0.6633520420238442, -0.792150732133459, 0.34454504526604496, -1.7956057524597568, -1.8884371878468988, -0.9726954220740002, -1.8307779441452618, -3.0473086098844866, -3.8055591090576217, -2.485159490143254, 0.7615081717067056, 3.0932636597240997, 0.7921507321334573, 2.2111678317938322e-15, 0.5037967548186857, -2.0289972025418, -3.9512230848549565, -4.655592997626746, -3.1737503053292593, -4.341983418036461, -4.222222222222216, -4.525184230186221, -1.7171875347063064, -0.6643758889729258, 0.5929300268250685, -0.42435188194342766, 2.5037059820044076, -2.2718560625665662, -1.9558244447119355, -3.5057265139454246, -4.780761532984713, -4.477969929079081, -4.769273378098848, -5.3578695718665, -3.2617087105011584, 1.0257336403266564, 2.94517345641548, 0.5301974350482551, 3.016263575339608, -2.210897323674745, -1.3144126201783948, -1.6860159009891607, -2.305748307024614, -4.6722796714666135, -6.166150285728703, -6.116171192960626, -3.2234257444154637, 0.21185282258591506, 5.548376765041412, 2.517645235112459, 3.4859224665091846]}