{"west": 11.4, "south": 47.8, "east": 19.6, "north": 51.4, "cols": 12, "rows": 8, "source": "formation-steer-fallback", "hourIndex": 14, "validAt": "2026-07-18T14:28:24Z", "level": "850hPa", "u": [10.975298056539462, 9.608357047535913, 7.646632929913288, 9.347215396123644, 9.090111436325495, 10.299748996265567, 13.182400667583869, 12.883705179332807, 13.197354046732485, 10.863142039655262, 11.272922154171539, 10.059915038725448, 6.776894956365148, 9.27619928125778, 9.950701401341746, 10.960514377794778, 10.503061882314684, 11.973176149497785, 11.108720457379107, 11.679359524711911, 11.610825556430127, 9.548047653502982, 9.37823222105469, 9.647744352242558, 8.705596530074297, 9.474639221033023, 10.008376711555634, 9.103158485783412, 10.199611615254547, 10.197374615091523, 9.809680508087963, 9.866337947226228, 9.361281284308236, 8.505536424912485, 7.5403311467406064, 7.47829024722668, 9.230719469017657, 10.261039582379887, 9.371292484520204, 9.079072590942626, 9.57227324291963, 9.549941818131899, 9.52486943365674, 9.074322729668603, 9.149777020954362, 8.77487971447117, 7.671621926416273, 7.7737358523938145, 8.547447737629117, 8.750968677319197, 9.162864327769212, 8.513028170385471, 8.628929034747479, 9.167608575175043, 9.74144759346387, 8.282699631659087, 8.399028536701604, 7.654388612697716, 8.019367319638553, 8.603827480319357, 8.722007384119202, 9.034070442710076, 10.012161555771467, 9.073009702534224, 10.604412186729139, 10.232712195779095, 10.449745340871374, 7.401677747086257, 9.005058412212117, 9.092997340651728, 8.416547002721003, 8.35776068338425, 11.370565058584031, 10.2234426829741, 10.758199234060847, 10.295443855561945, 10.699592576786632, 10.774934355012691, 10.568717431869976, 8.541052135897349, 8.573693985966054, 8.949945473537223, 8.556027593335484, 8.1285904256858, 9.920674884657856, 10.144419691808835, 10.999364943638732, 11.620096599600286, 10.83194658634212, 10.720279499780393, 10.551750527188428, 9.11968926765568, 9.1461888685453, 9.982140099300436, 8.708972392931175, 8.524620204123304], "v": [4.125343327545128, 3.4971559655049638, -0.226946767251098, 2.5922122479590928, -1.245190377084742, -0.07190698106900574, -1.060630774249157, -1.3086790485191533, 1.433691446997453, -1.1609349793483477, 0.21645116305650072, 1.1461825394000567, 1.943243358509844, 0.6649262322939775, 0.6958208255976491, 1.1906928966589019, -0.6792025443623818, 0.2089925670864711, -0.6016267944556242, -1.6830214177250367, -0.9545836255399762, -0.717921309362087, 0.6393437322533332, 1.8578627273756838, 1.2855306513492226, -0.08268392384709362, 0.5770793702696623, 0.9246651192239589, -0.08901066208341477, 0.23141080244236967, 0.5484462865578357, 0.4135220805758476, 0.5069888717322686, 1.2711609357146507, 0.3819766975791857, 1.7264993420891632, 0.5969238513398617, 1.5335226404697093, 1.2171183876579685, 1.4867551541509219, 1.0060864589511644, -0.03333572101538611, -0.04987255549426993, 0.11086928257986776, 0.06387853172634886, -0.04594558262070537, 0.227688423353225, 2.1850986012550995, 0.20889512320518527, 1.6218961768801123, 1.7313411884705072, 1.793976412950678, 0.6033934978866833, 0.3682091964862356, 0.4082876238596975, 0.5356181584995515, 0.6610178815070942, 0.5621031629545745, 0.7016037291186481, 2.177103049674374, 0.9629185798239212, 0.536722680862454, 0.5071942242690511, 0.19005246044146526, 1.6037665584337828, 0.9312497615321907, 0.07295417011369897, 3.035649276232041, 1.4746348675681697, 0.7635603204073784, 0.7511568085214295, 2.1303664847336585, 0.3176086404805946, -0.17845085582122355, 0.6014767163013415, 1.282365321182611, -0.09337392983260176, -0.03761176899903511, 1.0921707033644985, 0.7622685956297347, 0.14965438519970684, 0.031241330166252995, 1.4317879808413783, 2.4851594901432623, 0.7633543298618471, -0.33652506064354276, 1.2921284133751159, 1.3650476240621991, 0.96672547842255, 0.3181704678128128, 0.7008464967300007, 1.6902344989396676, 0.9935940724954101, 0.9260151391517806, 1.7086324529174286, 2.557508626662438]}