{"west": 11.4, "south": 47.8, "east": 19.6, "north": 51.4, "cols": 12, "rows": 8, "level": "850hPa", "source": "Open-Meteo", "hourIndex": 13, "validAt": "2026-07-18T12:34:09Z", "u": [6.8089370128964255, 4.539291341930951, 6.982887038571891, 5.326024185357727, 8.091797567878658, 7.354033365772463, 10.353515186616141, 10.724642146600361, 9.71196900028822, 7.3591161865653945, 5.941896520409902, 6.851187705925266, 6.712327112964954, 7.4764798572980355, 6.456456214181641, 6.337666852152133, 8.863269777109874, 10.395192948462197, 8.726490922524844, 7.333099860953126, 8.988532367883575, 7.862950215696073, 6.570731456015714, 6.82248361908145, 6.690659723229946, 7.18576034534116, 7.465886560512527, 8.11469667441009, 8.602066647558123, 9.492452508201007, 9.47523392625791, 8.103044431647186, 6.593307410252709, 4.667902132486009, 5.701333908247557, 5.820973603182042, 9.618451407215757, 8.971502427072501, 9.744060563436184, 11.883216824898845, 9.629961320802591, 9.379993086277677, 9.364778955991428, 6.199111584541088, 6.707818238118531, 6.974414452831127, 5.194411987122106, 5.4421567321333795, 8.23408704601874, 11.022617673665028, 11.286453250428975, 10.493603683700504, 10.252741627670416, 8.61111111111111, 10.132712551721388, 6.982985464294186, 7.10136558047697, 7.599713065134808, 5.312804199794643, 6.213407760803973, 8.069651542509641, 7.726532121389894, 8.96297396170558, 9.492452508201007, 9.503209222407945, 9.136117150505022, 10.36659313936492, 9.104112657560673, 8.075462383687858, 7.222711341383669, 6.711212106742307, 7.091248804825879, 8.72016370955409, 8.859756832527077, 12.291741482791116, 10.260277490016826, 11.523030640276605, 8.359837673390938, 8.207120515943, 6.33351394407672, 7.351163161519496, 7.870176446460859, 9.892875091051648, 9.49140100272155, 11.137192382158693, 8.471606396604962, 10.868306674820063, 10.00047017009208, 10.782264384830253, 11.665374942289901, 10.249100643934149, 8.473922698672455, 8.47765825677493, 10.517858997369856, 10.008064811272847, 10.12175707902076], "v": [-1.9524312703704114, -1.3016208469136077, -1.4842584594489978, -0.279125099962367, -2.945173456415475, -2.532196756888999, -4.609681954859071, -5.000982763931602, -4.736843780581974, -3.2764896247772812, -3.43055555555555, -3.7976753585963077, -1.5496628188132908, -2.1438461007988834, -0.4514793995105874, -1.003787817341485, -1.5628335990023687, -1.8329529864842595, -1.5387157965486284, -0.6415631063369251, -3.631602808393153, -2.4039451277202724, -3.0639823976200655, -3.1813763592147044, -2.5683036384079854, -2.3347950686107115, -1.8614545855863356, -1.1404462439783132, -1.0562009761779454, -1.673775490289574, -3.4487031118671525, -2.171204211693364, -2.663869108735379, -1.7918397477265013, -3.291666666666661, -1.6691373213362732, -2.044464959707958, -1.4209463907821023, -0.34027009284938625, -1.670077211520784, -1.5252360341422564, -1.823285955820319, -2.162029577860478, -1.5456121107756577, -1.7973544798786125, -2.266124625416279, -1.8906113478279984, -1.768263912256642, -1.4518917077151634, -1.1585238012164956, -2.605683046149767, -0.3664447153762621, -0.7169415357035078, 2.6363924148311074e-15, -0.3538421193448034, -1.6121492227976977, -0.37216679994982277, 1.2036763004484454, -1.6242872484596431, -2.637435117302595, -3.5928403471695707, -3.121721611799272, -4.371534491591076, -1.673775490289574, -0.9988275378909136, -1.4470188016221404, 1.2728575866759828, -0.7965066489994278, -2.4689166176586577, -2.486978957658838, -1.673293111231038, -1.6371437843914602, -2.3365608238421958, -3.5795741148631652, -4.232386007943041, -1.4419879627251213, -1.8250687588027, -0.14592150937839404, -3.8270431479852163, -3.8055591090576217, -3.427903678563445, -1.9622553754195307, -3.600712064456338, -3.643407487043886, -0.19440041614862463, -1.9558244447119355, -2.3101298979750937, -1.0510917695247404, -1.7077429100225263, -2.6931640117279367, 1.077223885341651, -2.590738161293131, -1.3427291582619862, -2.818251824449664, -2.68165288397889, -4.089455311457046]}