{"west": 11.4, "south": 47.8, "east": 19.6, "north": 51.4, "cols": 24, "rows": 17, "source": "Open-Meteo/icon_seamless+formation", "hourIndex": 9, "validAt": "2026-07-20T08:46:42Z", "level": "850hPa", "u": [-2.030101016983558, -1.1382377552097098, -0.8922300121016272, 0.3684611433577963, 2.4166666666666665, 1.9101790144964044, 3.552792178614351, 4.188696104109463, 3.6829803111958492, 4.814615681393018, 4.676580666041805, 4.554999381684538, 6.216682875988747, 4.537369574413931, 6.209759998160312, 5.69404139526403, 5.19361434247876, 5.325470270661832, 6.464531874896211, 8.097276699090607, 7.8011061506044905, 6.5326567788201695, 5.34585952657797, 4.275426911983739, 0.3684611433577963, 0.6260342467292265, 1.6363890599272852, 2.1628388158612175, 2.922497002055003, 3.8135744261867814, 4.944444444444445, 4.935160031772128, 5.955276909847932, 6.721198395217963, 6.1906709562571764, 6.443462924341188, 8.617844989744592, 8.349652498920186, 5.94949611360348, 5.833333333333333, 5.076366801669083, 6.468734596768645, 7.075954150657069, 7.653590304619888, 7.683104847665544, 5.834476087289943, 5.720657771836035, 4.836181699730827, 2.2838636441065017, 2.928654944065551, 3.552792178614351, 3.8014576622926164, 4.704802584312473, 5.46299621457383, 6.0524501617554165, 6.982985464294186, 7.200253172068292, 7.215612043792255, 7.607814672374045, 7.846635150283594, 8.98847643907883, 8.609799597180036, 9.242473032295639, 6.589403617840998, 6.967974932827585, 6.712327112964954, 6.468734596768645, 8.143089356670068, 6.712495918479243, 5.690106709535308, 5.54777725176645, 4.428697720294248, 3.8015799136981587, 4.536677827592866, 6.219019371813788, 6.3112962130009365, 6.82248361908145, 7.439233247888443, 7.439233247888443, 8.585962273107851, 9.374046987723597, 8.606015308514802, 9.11111111111111, 8.59930988260883, 9.49421285668141, 8.368453977179637, 8.722222222222221, 8.091352852107462, 7.606474627867562, 6.721198395217963, 7.334822956690009, 6.238273132887596, 5.842109106855378, 5.199128259106407, 5.296538782675295, 4.426352063787133, 6.806299837550029, 5.582777796704782, 6.572452042484266, 6.464531874896211, 7.987387276680224, 8.735800058381047, 8.221909118783406, 8.341425372924398, 7.983800771150859, 8.477279206359649, 9.627606223876377, 9.503209222407945, 9.361111111111112, 10.252741627670414, 8.744669736417087, 7.333099860953126, 6.823968487489588, 6.203413447758263, 5.679280927857977, 5.6918786627572215, 5.690106709535308, 5.452536440577326, 4.304961988424089, 4.031958780185727, 7.719803401654726, 8.23408704601874, 5.056893976859843, 7.739615398687271, 5.6906384685501346, 6.592365624317458, 7.967939939565056, 6.332368735990478, 7.215612043792255, 6.829170651297155, 7.841961839542507, 6.829170651297155, 8.857397725966267, 8.606015308514802, 6.829170651297155, 7.5970422562854205, 7.600680347854257, 6.329475237787606, 7.716497739122246, 6.690659723229946, 5.820873734312712, 3.9228363650637443, 4.429878416263539, 3.3002465731543174, 7.333333333333333, 8.238693661725234, 8.093557235432378, 6.4618147338075875, 6.712327112964954, 7.849092188547728, 6.589403617840998, 6.064348289224977, 5.956537652972089, 8.490087604914969, 8.861912072791409, 7.831197209998999, 6.972222222222222, 6.5743111038009445, 6.337666852152133, 7.9805124020785945, 7.101365580476971, 5.81638689461581, 7.607814672374045, 7.230412665491574, 6.468734596768645, 5.076366801669083, 4.694444444444444, 3.548460579657294, 7.5970422562854205, 5.956537652972089, 8.609830708780876, 7.607610671719394, 7.736892001328578, 7.471666863744396, 8.098424263443228, 8.097308191433711, 6.838942729251445, 7.344488176499979, 9.005948274723808, 7.471666863744396, 8.232431244992929, 9.0, 8.495327008726829, 10.38256025847616, 7.334936454095043, 8.605865454886658, 8.850203185468454, 6.5743111038009445, 6.702163874666416, 5.556504163494366, 6.455961936413363, 5.206834186332561, 8.37086590060377, 7.091570105320092, 6.584588937300917, 8.724580341923717, 8.480168168117318, 8.353930109647793, 7.089529658233128, 8.499800923365145, 7.471960838938794, 7.592055193685373, 6.973362886642219, 8.729692192677067, 7.471273562907219, 9.737636009292107, 8.499800923365145, 7.5970422562854205, 8.85571316164143, 9.376021742973498, 8.499800923365145, 7.856322334622336, 8.362263691595482, 7.46253412894104, 6.461043599928665, 5.95653765297209, 8.732661536483967, 7.238596818468669, 9.870320063544256, 8.994934957735932, 8.125691685205663, 8.097308191433711, 7.582148535476063, 8.978322666519134, 9.121186439795121, 9.739704469757607, 9.108681363266271, 9.242501974921323, 8.998629256407522, 8.867820233700437, 9.870320063544256, 8.850203185468454, 9.751839696250013, 11.012664591599052, 9.116450707542505, 8.994517443171862, 8.850203185468455, 6.102612646227236, 6.455961936413363, 6.576997937300337, 4.447188745431649, 5.085683941817656, 5.582777796704782, 6.064348289224977, 7.862950215696073, 9.862342129068711, 7.960529336848683, 8.724580341923717, 10.13469597426971, 10.252550582675601, 11.38808279052806, 10.110972602910778, 9.753959602540505, 9.373914507032307, 8.861912072791409, 8.876706975596212, 7.2123244176719234, 9.374046987723597, 6.687640618113167, 6.960067292606081, 7.209315515728393, 6.059080971212185, 7.333333333333333, 8.222222222222223, 2.6517779260067726, 4.3259423460895015, 5.582777796704782, 6.197936720356422, 6.468734596768645, 8.616948211485347, 6.578140904374812, 9.13198611141403, 8.85571316164143, 9.237323196479807, 10.624308661416716, 13.675676684277912, 11.89899222720696, 8.22990341464355, 9.383039235653808, 9.236193355551192, 9.35316133208361, 7.079018358051928, 6.326264278870405, 6.322236997755622, 7.47127356290722, 7.328866064806702, 8.356017748131883, 8.994517443171862, 4.053574411736218, 5.296308226566341, 5.3115802636543545, 5.949429733470218, 6.954925559418439, 7.976417937089102, 6.697423243828493, 8.464443267012419, 7.849092188547728, 8.367915107819915, 8.356017748131883, 7.472222222222221, 11.000719847357985, 8.971502427072501, 11.012664591599052, 11.262321975287696, 10.003350615105461, 8.114696674410089, 9.63543730732066, 8.237200796409553, 9.238060673597055, 7.969557584733964, 9.125910449813267, 9.49421285668141, 4.192831001237623, 6.057065212939176, 5.3115802636543545, 6.855800200004938, 8.514669894435073, 8.988532367883575, 9.99824750864402, 8.962777260812276, 8.746046824293678, 7.599713065134808, 7.707544689104117, 8.206731275101735, 11.1484958299043, 8.73992027973053, 8.368453977179637, 7.717518053091906, 8.728685439773463, 9.104112657560673, 8.877773911902937, 9.601875591869028, 11.41328749132159, 10.370727576248944, 8.978322666519134, 9.878930756076478, 6.095411916103911, 6.940038153003963, 7.868001781006838, 8.103570696605846, 8.443747686898282, 10.252010135766964, 10.111795877937137, 9.881815811618036, 8.728685439773463, 10.12380549110016, 9.107318868653325, 11.388856240466326, 11.125108079073524, 11.886122646880956, 10.752583309447656, 10.003350615105461, 11.262321975287696, 10.497731117776217, 11.77270018752346, 11.013485828903187, 11.638247253031281, 11.276108555127822, 10.890436941620061, 10.751523652800326, 6.724415866279782, 7.690695503521731, 8.732422821493094, 10.252486567022917, 11.355687097046758, 11.12744560750554, 11.383757325514443, 11.537447369563873, 11.662417281785531, 12.020836725433789, 11.883216824898845, 10.890074215336414, 12.291232682961711, 10.64538173897188, 10.497731117776217, 11.516779556059433, 12.27557984069728, 11.270907660270915, 11.776797815567368, 12.914699395770054, 12.40389808389874, 12.131119631171714, 12.654963433426857, 12.930670697771667, 6.996957657115166, 8.24431808263069, 9.280686892423589, 10.74157865271532, 12.156410537653432, 11.16237207304749, 13.395471554421395, 12.92475791539424, 13.289325050265292, 13.289090141419923, 13.02375287839215, 12.775831660331665, 12.0171395690333, 12.528943079988645, 11.004160508255314, 10.875125454168222, 12.775831660331665, 11.90940735531089, 11.526022041386176, 10.64068320277146, 12.414130403233367, 11.388082790528058, 12.024932997233885, 