{"west": 11.4, "south": 47.8, "east": 19.6, "north": 51.4, "cols": 12, "rows": 8, "level": "850hPa", "source": "Open-Meteo", "hourIndex": 22, "validAt": "2026-07-17T22:19:46Z", "u": [7.831197209998999, 7.085676693661659, 7.716680358769135, 7.217822639582359, 7.501442302178519, 7.839622210870765, 7.6225399032144106, 5.696137959558296, 5.4722969000466835, 7.468125460342577, 5.944103226844709, 5.155268569093665, 10.23626552729607, 12.770260342913575, 15.18518839942904, 9.589819872642797, 12.664737471980956, 10.256310233626994, 5.170799991053099, 5.851728384936634, 7.607610671719394, 7.850303850162937, 6.068272772231811, 3.6624929771381622, 9.330818322750405, 13.149190394491741, 12.903099971337184, 7.707544689104117, 2.4166666666666665, 6.974414452831127, 5.9400434945891165, 6.976130967643272, 7.333099860953126, 5.460771296085211, 6.425041187301574, 3.1638159148679663, 6.461231399289565, 8.656542515117927, 11.139465227901372, 10.258414093877166, 6.8089370128964255, 10.374439926714725, 8.835814698201313, 8.744375683249768, 6.724314212119283, 6.0649267882383775, 5.788819753824978, 3.669756539561335, 7.632432865407831, 8.49467844093695, 9.270843328641652, 8.867820233700437, 7.600680347854257, 9.743700647852352, 7.324937516025435, 6.352317404179503, 7.07965156760378, 3.164554798757654, 6.425041187301574, 6.434094880806822, 7.45744097703267, 6.449663260711388, 6.226354036837871, 6.098042958110787, 6.967974932827585, 8.234846509681693, 6.9807386973745285, 6.694332086255932, 3.5367540183316994, 4.902734658901437, 4.426352063787132, 6.155560321961353, 6.19287354564495, 6.469103553429651, 6.849021259194075, 7.561762190728129, 7.439233247888441, 10.894410291159748, 8.220969937952551, 5.542563285511529, 4.1679502227539835, 4.843312527366898, 5.588858234472022, 4.281434149281241, 7.866397417708656, 7.738315909116292, 7.008806307183723, 8.230382617431822, 7.215612043792255, 8.640989204782644, 11.280587012723073, 8.851104443804717, 5.582777796704783, 4.571558937077931, 3.425429240482853, 4.785424329828648], "v": [-0.685140977710754, -0.8700117015311922, -1.4999707136545064, 0.25205192062917303, -4.871493590967737, -1.1017870492671837, -5.141468084689367, -5.696137959558302, -4.275426911983734, 1.3168320139742224, 1.9313562148434233, 4.978384988289483, -4.992560282875603, -2.7144026301207353, -0.5302784637852259, -3.115921359947383, 0.22106381487225918, -1.259316548519858, -4.338816365384144, -4.9101831295499565, -1.4787697141682237, 2.251038405838825, 2.3293916720444496, 6.09541191610391, -4.75428940005026, -4.0201109399376165, -1.584301464266918, -0.8100955903243164, 7.398907744848592e-16, -2.266124625416279, -3.0266033315969816, -1.869248659073757, 0.6415631063369297, 3.152777777777776, 4.333745001898286, 4.049499706034542, -5.8177188830645195, -7.009929911416244, -0.7789472901427303, 1.8088351840305252, 1.9524312703704094, -3.572206139182695, -4.502072455750511, -0.7650337418961071, -0.5883012635466899, 2.7002793804198957, 5.994498336155427, 7.202302737189308, -4.769273378098848, -6.171745149070965, -2.834381248562077, -0.9320454641365792, 0.39833477807129253, -2.2495105434386478, -1.9627110920274446, -3.3775870767095992, 2.7176236173851915, 3.2769924237649666, 4.333745001898286, 6.213333202438812, -4.305555555555548, -4.685954650220547, -5.412486989171683, -3.3802004078286285, -0.24332704645354974, 2.517645235112459, -1.7404936377865015, -1.060278040828235, 3.4154036547567377, 3.6944755587945193, 2.555555555555554, 5.740152863859361, -5.576088386323821, -2.745971541882949, -4.7957363150462395, -4.725113439412747, 2.7076594679948767, 4.40162747263697, 0.14349756403988756, -2.703288738532643, 4.316038802031907, 5.0153969412500405, 2.258045299201472, 4.591276015720347, -4.54166666666666, -4.649649287382432, -6.5358176172656055, -6.2020381552613895, -1.142840675155024, 2.975331189344571, 3.6652849055028525, 3.047679668112829, 2.4856128187965565, 2.746869732853624, 1.3839632478976764, 4.955451957888486]}