{"west": 11.4, "south": 47.8, "east": 19.6, "north": 51.4, "cols": 12, "rows": 8, "source": "formation-steer-fallback", "hourIndex": 3, "validAt": "2026-07-19T02:30:34Z", "level": "850hPa", "u": [12.212160700873376, 11.253493704360467, 9.345019061339766, 8.592179271041305, 6.4475413799439805, 7.1815736371027965, 9.574766664004153, 8.33522459764621, 8.037342663560917, 7.755494391617422, 8.398057005469447, 9.291842536001626, 11.67212999580466, 10.868380360472477, 9.588390702044231, 7.9126295606539125, 8.557071796076457, 8.917314812049549, 8.622780005408273, 8.054107617364023, 8.530762781121936, 8.216567574986811, 9.939111527810923, 7.508299167479738, 11.163239538149194, 9.74966989260586, 9.423217483424825, 8.75196545489243, 8.644334337008141, 8.839810648326482, 7.037180444321174, 7.792508192863914, 8.65849360625603, 9.74326696568657, 10.053781429841436, 8.132440179176106, 9.97586467300598, 10.499226992092305, 9.328932444561673, 8.38358494291502, 7.65578752373774, 7.349960529305596, 8.053055172230406, 8.587117177542568, 9.037650917439931, 8.86300757996079, 8.586310809932145, 8.334993684146465, 9.526067522853731, 8.829656942069708, 7.5542163950513785, 7.748931579163358, 7.05976320917621, 7.588307828444389, 6.96899822716179, 6.617119540242155, 7.38377331198211, 7.813485854163471, 7.588104899279606, 7.86551767921991, 8.62850070247522, 7.488588956851793, 6.406680082129257, 7.473903847105244, 7.1638071093585864, 7.911492748133862, 7.423265216134251, 7.2236611929269365, 7.093363975928933, 5.377829556174056, 7.195797097758721, 6.717553341143525, 9.122320102538124, 5.888745588838279, 7.966592778115996, 7.7468666496159155, 6.156055283578028, 5.605119596641134, 6.048923274357633, 6.113092589808139, 6.863207135838799, 5.88749894407512, 7.427054351280951, 6.599366184506003, 10.873582184739195, 9.456129043280665, 9.016272732866309, 8.284642009912956, 9.25830122942114, 7.59007958774549, 7.496325084013045, 7.880719474235261, 7.640103529375567, 6.834048315376121, 7.826206311718611, 7.600384418762763], "v": [1.2404660479206662, 1.0241481562349155, 1.0151939436366149, 0.7517182811985514, 1.288345898394554, 0.5147815991953374, 0.06684556735298254, 1.6655422260614003, 3.3951064649732996, 2.504956435068429, 1.465695579881968, 1.4218517103238622, 1.3505115182911829, 1.3344693102863652, 1.467229956398028, 1.4808083724323964, 1.5705165636798724, 1.8142482031964944, 0.19567825206523906, 1.6679255043073151, 3.3088648162511456, 3.220037621779494, 2.058291047868602, 3.233584483452239, 2.7626224884885335, 2.5395987842993692, 2.192851399451571, 1.9883977661347183, 1.5086778549518203, 1.4000884621100667, 2.3682728715381685, 2.1171776175249826, 2.8802974621423103, 2.017733588797299, 1.8633582481572075, 2.1031920340573085, 3.8693828998783886, 2.308404767045931, 2.834346387582963, 2.3249738718808355, 3.456720612282913, 2.1214570977631895, 1.9036615752315644, 2.141008776057059, 0.8224906652948546, 3.8170140997326123, 1.6845672071016902, 2.2177703409592553, 2.785617086038818, 2.9201298404968656, 3.316069157411672, 3.6133861378829804, 2.881035999490813, 3.36267517027286, 2.413232004970891, 0.6604763357952, 1.7999699100987026, 3.0149732680054293, 2.9737457923516013, 2.570847455194305, 4.80256188168197, 2.090851605283691, 4.536182351410517, 4.597976324887444, 3.9383362857815216, 3.910103259023385, 2.3120896459547855, 1.9220676288313545, 2.2774300219751376, 2.7165371826538207, 3.0100671301296855, 3.1039454101017108, 4.994324373409165, 7.958182920110452, 5.036270892999116, 4.821999804341417, 3.876674908414562, 4.1931651896091005, 3.765123134896723, 1.7183128319467347, 2.3364262904212056, 3.2500740273898905, 3.4160633283238035, 3.9184168949715743, 6.847460147508882, 7.3879377039079, 5.332208829985141, 4.899523626597325, 5.005944800464648, 5.374075906766601, 1.9666240705322444, 3.443001679989296, 2.6905051682579972, 3.0284333611794727, 3.0513103359730183, 4.02419640264093]}