{"west": 7.0, "south": 46.5, "east": 22.5, "north": 52.5, "cols": 18, "rows": 12, "source": "formation-steer-fallback", "hourIndex": 12, "validAt": "2026-07-20T12:26:39Z", "level": "850hPa", "u": [10.844388327085634, 10.099446210591672, 10.10619686260754, 8.018202695805309, 10.731078150180476, 11.432146749883682, 10.07156984860367, 8.982240555854444, 9.244365149926638, 9.30659924259363, 9.13428102523326, 10.014679962151916, 9.347949390489806, 10.43050864350851, 10.623381761036658, 10.599596384480215, 10.348723146185186, 7.907412368365945, 8.666957803335203, 9.200226052395626, 10.11536324351631, 10.691675698545867, 10.888602224376026, 10.644335755443457, 11.318856469673705, 11.51613218028484, 10.673959443799324, 10.568717431869976, 11.909728334421423, 12.672220163043667, 11.916991095810477, 12.557766399538766, 12.724302280176142, 12.1832803240058, 11.484274429512068, 10.768996868404267, 8.692735507965537, 9.33154991080434, 8.979946535800899, 10.975615297877535, 11.388254228164334, 10.941694404796463, 11.892086569132905, 12.384052655966967, 11.398183524498625, 10.899734374688803, 10.625337569599196, 11.56342024898715, 13.26026309012015, 12.87262729356617, 13.095510957179798, 12.007738953956528, 11.318130338370583, 11.0363967451761, 8.92818280499097, 9.884938868086836, 8.923526338949229, 10.34199968362155, 10.945721047010652, 11.180591439295966, 11.88731479037987, 11.799793832422194, 13.231893653584578, 13.00917690394326, 13.519726805920794, 13.866140298611555, 12.884208272671632, 12.482869184432174, 12.8232156947975, 13.104460189545398, 13.158246750132346, 12.184398677140829, 7.892383859031565, 8.372959862395572, 9.222572925849875, 10.766641237825304, 11.053067888292007, 12.123707781671406, 12.02013425444635, 12.157957618657253, 13.375972218074324, 13.399987722334439, 13.881025200959106, 12.119663303947531, 11.88658812559075, 11.584037049151835, 12.02672011640411, 11.660759713270268, 11.730444842199583, 12.033470300097655, 9.407678979847523, 10.569990256312511, 10.325002069355705, 10.03842896752227, 10.452976644275024, 12.109688107687926, 12.13692203587104, 12.592190469149912, 13.149321697496086, 13.282448012102812, 13.935331782698443, 14.403905101205748, 14.285279148007222, 14.044025259739218, 13.081994806688074, 11.42054175679792, 11.028211389833185, 9.351637065049657, 8.690657855376335, 9.068904589013517, 9.367906685507263, 10.218044114998676, 10.430591081073688, 10.75717089837112, 11.979614019439602, 12.599417832973888, 13.077329582151243, 13.46390394379097, 14.16393515849836, 13.759437378065378, 14.049657611410797, 15.102635332279863, 14.87102765315984, 12.184137132441668, 11.264807877604857, 10.0313971519611, 4.919210726537189, 5.4348110956334, 5.9598962517977565, 7.81026534191403, 7.989084349911447, 8.012837065479523, 9.655384780500725, 10.981794390761861, 11.206174171291668, 12.260570283859156, 12.626405200036617, 13.420429748528072, 14.876767386311517, 14.546944693760766, 13.571797960181552, 13.552555357205938, 14.00327825789163, 11.76670265789632, 4.155121176302047, 5.110536015655043, 5.40522598111763, 5.885950348282318, 6.999983416607684, 8.028815628625244, 9.95669660242554, 10.874037186974691, 12.023463254132682, 12.446326683427424, 12.175926086824912, 13.494233601246398, 13.034420092305716, 14.743681531757835, 14.184410099386508, 12.941023081591306, 12.934214771206683, 12.920530819732075, 3.5950220265822534, 4.165338024583893, 4.603214836371776, 5.296050670850427, 6.995887271181132, 7.3889241838439945, 10.43662717748449, 9.954489980261398, 10.872024593675736, 12.028174090895062, 10.892348570313922, 10.779171750829125, 11.948696378214985, 11.72179863408468, 12.155804727767523, 12.420940469329127, 12.684539193634926, 12.872106988333393, 2.4030456485048006, 3.539377949348972, 4.755984896890711, 5.187204851481076, 5.585218470567307, 7.012762378562346, 7.909519006841353, 8.18089757446756, 8.906441800274491, 10.046345146101608, 11.106076980905184, 10.594315677771268, 12.092438036346554, 12.645648234241298, 11.105367080989241, 12.120247310853744, 12.05236867754452, 12.261484212405785, 1.406000549414846, 3.541125897968465, 2.893835934137922, 4.399713044600435, 5.304685270292067, 7.113405232372584, 6.722118580969315, 6.545233956507609, 8.198738056891283, 8.2954083168845, 8.399828469090743, 8.841085386884556, 8.396145661231426, 10.046935483690524, 11.550635187387885, 9.720836788482314, 10.342937504057154, 9.720499685349552],