{"west": 7.0, "south": 46.5, "east": 22.5, "north": 52.5, "cols": 18, "rows": 12, "source": "formation-steer-fallback", "hourIndex": 1, "validAt": "2026-07-21T01:03:00Z", "level": "850hPa", "u": [11.857622960123765, 12.18744095144672, 12.477338593599113, 12.245098716939342, 11.872395616263791, 12.36889368452593, 9.887321636123444, 10.528009772771489, 6.115122040431103, 6.7800821279004175, 10.60869895137318, 9.740745640189928, 10.485872814828918, 10.0277926375593, 9.966295181950061, 10.339345397333897, 10.157090249124312, 9.273587372575529, 7.1202148056729255, 9.749866349412411, 10.321917881990716, 10.332837801955193, 10.746316243487241, 11.057761148818376, 11.546042103467688, 12.62430776323959, 11.495405116692101, 12.210967133810541, 11.812501947363767, 12.303831404003567, 12.384558836283544, 12.861980503727272, 13.289023569674358, 11.944103396370492, 11.796477579417962, 11.273609031230723, 6.837223369189788, 7.999951261262323, 8.374948976633995, 10.711265105800397, 10.824587817169654, 11.488161552593219, 11.868471314308367, 12.324069432872633, 12.423477893440122, 13.151303173378578, 14.057679912656623, 14.032099549483863, 11.434851755130788, 13.485035293025382, 13.858541544747, 12.224832422724791, 12.867156897870858, 11.949981799113788, 5.853583447985819, 7.816300944175412, 7.653395899805263, 7.67121285080699, 8.362744613982024, 9.921130391775518, 11.368509886807011, 12.576009694249787, 12.85181792792167, 12.819606157171693, 12.760071239699812, 12.925280060922779, 13.91221810145905, 14.162437361264171, 14.168780849747108, 13.857150938890477, 14.136532335383288, 12.436008860359852, 5.768016947863171, 7.650949319981463, 8.136723879980286, 8.781365404907822, 8.880870961903947, 10.651530674017636, 12.406826895516526, 11.888194547363982, 11.264171930061943, 10.560161438213896, 10.381109228374676, 10.543996876895282, 11.743486569723693, 12.928530848097832, 12.949269917193753, 13.17941808720215, 13.201721724291794, 12.631753170007133, 3.985917333065387, 3.824415998645143, 3.9392370704115964, 4.716890427438248, 5.433817960696102, 6.079945561019946, 5.081927393034564, 5.221887665086262, 7.491756876128975, 8.192168242512945, 9.62087111106553, 9.279677645627778, 9.291062438609512, 12.200174470375917, 12.098342803041106, 11.224162274438573, 12.44992415033949, 12.251305104552467, 4.1978380759743095, 4.400335121227017, 4.909874988854171, 4.471525806961471, 4.320177317361337, 4.487282920259221, 4.175696958103501, 4.731596974833205, 5.947916016416719, 6.870156735314652, 8.45818543326791, 8.44233055035605, 9.004587339404925, 11.517265813074784, 12.049436019822231, 12.422274992174955, 12.004372889965708, 11.560667076365943, 0.5184022762246906, 1.998286035265237, 2.059725144403858, 2.6711130275122192, 2.9305548654701608, 2.506321452762211, 3.0793865723363956, 3.5057124751384277, 5.400613323988795, 6.4395095862555785, 6.492361379858954, 7.673038760508311, 9.572185144627857, 12.255709479798353, 12.634027107934974, 13.613048560096946, 13.392497190582628, 13.762688348345607, 0.951289857712815, 2.0002246024688035, 2.5190618911814844, 1.4138975393082762, 0.5920290508421627, 1.5571558996303965, 3.0610271147459747, 4.247396709758696, 6.223837913373177, 4.999411612353624, 8.101746648188923, 9.339531055256804, 10.30646742354067, 12.135321777931726, 12.719570949002781, 13.57249829205132, 13.127408886246627, 12.964086284372272, 1.0589344807433927, 1.5451547859343178, 2.020154519815205, 0.9935097411300945, 0.751134043030921, 1.9048347351369703, 3.0415925190718376, 4.324105399300295, 5.950822554459133, 6.559201012875553, 8.215315664462958, 8.679160172561879, 10.767383039140585, 12.19836746784327, 12.527592303115764, 13.07163461689428, 12.081270438647158, 11.372590985419423, 1.390527242531695, 1.6635048868493822, 2.68173641827958, 1.593341100385423, 0.7505752307973109, 2.590057657246586, 3.8763285074088474, 4.972140237391334, 6.580654965507075, 6.866130640675722, 8.332998075175059, 9.689560667777709, 9.900280442057841, 13.803613594593884, 12.40674208506102, 13.296576703991889, 12.58936862771629, 10.529796528147914, -1.2756486784450323, 6.184466335694133e-16, 1.5609929462630867, 2.3548148199242824, 2.5727140740274352, 3.6431949416032836, 3.5846818719686167, 3.935719631140484, 4.042863939025417, 5.516987649823837, 6.532457471290628, 7.061295873079963, 8.854464808269741, 8.911334320699732, 11.231901239129801, 10.492205996135285, 11.269969791972695, 10.3318019256176],