{"west": 7.0, "south": 46.5, "east": 22.5, "north": 52.5, "cols": 18, "rows": 12, "source": "formation-steer-fallback", "hourIndex": 12, "validAt": "2026-07-22T12:18:01Z", "level": "850hPa", "u": [7.215612583900016, 6.47481691292965, 6.733135118161323, 5.703611167122161, 8.642338100732285, 7.975129819061002, 5.123346867338184, 5.105971866789695, 4.564616062113755, 4.168254552338163, 4.029496497692053, 3.7295330827148865, 3.6381543058759584, 3.346215240660866, 3.143884210696362, 3.3206553305499327, 3.164395158266439, 4.499839478971241, 5.951332302060538, 6.173246387900084, 6.792522299790805, 7.638856586892511, 6.924595995422057, 6.968094825162629, 5.758852156629153, 5.3025225050148865, 5.030821147353369, 5.063714016622348, 4.061853845684053, 4.904078530801443, 4.631605197917426, 3.080477862726969, 2.7030384859239924, 2.4818987961383074, 1.9639752468650604, 2.6114683535483816, 5.934232265714719, 6.547680752816376, 6.852003883434571, 7.721110818023265, 7.720861424348184, 7.99454191807177, 6.819440768705856, 6.130383375670731, 5.35610442360247, 5.635636853438334, 5.485155497792079, 4.902459303058796, 4.386906997509842, 3.3249434450633286, 2.7369754015311787, 1.2650627869421727, 1.299741335456471, 2.068858631207009, 7.3115148573690565, 8.139998370540972, 8.420011653580076, 8.278991813261033, 7.840825360017884, 7.767816914618537, 7.62373845234255, 6.806100737782013, 5.711440452685592, 5.176160216384912, 4.570991595348304, 4.439522898162467, 3.4466203098062946, 4.195474970205678, 4.349348941332579, 1.544732328894491, 1.0810905359020129, 0.6233415555524904, 7.805019988267478, 8.161821422472718, 8.34252292449931, 8.81531894524117, 8.085884207009439, 7.925249362102505, 7.225058140502603, 6.829603653402435, 5.979125140845427, 5.410814147584832, 4.41492191380433, 5.008169037503408, 2.929632439867132, 3.1761319626673634, 3.7202165399226175, 2.390549662337443, 1.6151618293228986, 1.1672029218955953, 7.714793505472161, 8.694949295052192, 9.585624409911976, 9.32969071970111, 8.920530909519233, 8.591248889631695, 7.5618654692761975, 7.499696937728279, 6.757377655268003, 6.181694558971583, 5.143271113189566, 3.980925002954207, 3.900772865122301, 3.1613780903760804, 3.217762031678129, 2.403493397693365, 2.079933112115329, 1.837697326949727, 7.328530761821677, 8.358152055517401, 8.167757487049279, 9.629821828613954, 9.092529204576234, 8.494551459874849, 8.588346240405082, 7.742567437766336, 6.309287249294276, 6.5290365200775025, 5.824198166563433, 4.634495482848374, 3.0058196455272905, 3.2105795633261476, 3.967164749422669, 4.2634239576324235, 3.9335495474684086, 3.9096380435476252, 7.291729294664253, 7.565252926348142, 7.467242018942186, 8.77146163705589, 8.375217417772895, 9.027477013917096, 9.21745257703903, 8.840525749440854, 7.7511106078055025, 7.705976391134433, 6.103730772812759, 6.129939253011795, 4.5421403434458645, 3.642687662415098, 3.526430283313967, 3.783290698390525, 4.620105566672112, 5.71203284635537, 8.149944114124764, 8.258289135710667, 8.756317135423329, 8.314582785994936, 8.654722691749415, 8.675903071892341, 9.54046260474234, 8.302842805106218, 7.4841827341320375, 7.592942396478189, 6.37197956705714, 6.0961658377538415, 5.830836302794957, 4.501404195390762, 4.46414410853662, 4.3103140152921195, 4.819157765314187, 5.382159054127457, 8.099847095473793, 9.246232638452527, 10.18039085747976, 10.34990754794213, 9.781817956933715, 9.622181071212134, 9.879100255394798, 10.448456772341848, 9.644487077373299, 10.238833071734142, 9.68706444209862, 8.913581692179765, 7.008406961821162, 5.610817836167036, 4.981016439671912, 5.264827427779504, 5.414945140839386, 5.9449568852011705, 8.572973996352914, 9.683167045271274, 10.797883562297333, 11.162175484805783, 10.868206756135455, 11.482739600719905, 9.961050970172552, 9.638431138444288, 10.360598801356318, 9.559267501807929, 9.162295988204756, 9.423217483424825, 8.333055705154239, 6.81361155227074, 5.992985824416352, 6.464004321470479, 6.173672460676906, 6.163330861824162, 8.78810105494958, 9.930182756692725, 9.76443697749385, 10.528666138783562, 10.798937165605038, 11.9640806354512, 10.276319419713149, 9.857012941082807, 9.362459200649505, 9.59590717770011, 8.452067443211734, 9.085810954056027, 8.262000354832441, 6.813671386236628, 6.598502816144945, 7.27090112023767, 6.130766615825715, 6.292254325718678],