{"west": 7.0, "south": 46.5, "east": 22.5, "north": 52.5, "cols": 18, "rows": 12, "source": "formation-steer-fallback", "hourIndex": 6, "validAt": "2026-07-23T05:38:07Z", "level": "850hPa", "u": [8.072204216474706, 8.036133549037322, 9.019747205030653, 7.276520546772167, 8.245527710781591, 8.177908236421459, 8.27371517502377, 8.786387791643975, 8.780746518880468, 9.8086820163478, 9.179646314225783, 9.09074894842123, 9.46766920277472, 9.211133923022043, 8.01254455723572, 7.425345032769375, 7.638848214358916, 5.908791798069204, 7.338598268273471, 6.811253961510519, 6.272967816941725, 5.0357046333355155, 5.681196593523618, 7.216789411471977, 7.248602381684546, 8.280616781510393, 8.109612742735425, 8.166064148505827, 9.471370812152406, 8.7726237910747, 10.806771720446834, 10.396053329000821, 10.762434438433521, 7.559888165374303, 7.7496685587331555, 6.712526602496317, 5.012687946459365, 4.793362702109671, 4.8216779410274375, 5.810428423079441, 6.654563545014255, 8.281772419081733, 9.225376247399664, 9.10935421455794, 8.885691676589929, 9.49664161366851, 10.379761792590717, 9.054401198032458, 10.279122400824914, 9.497487616903186, 10.77516384732471, 7.829221636447054, 7.96470329380149, 6.956268478640595, 3.6810009894398057, 4.286680675335825, 5.5832089988121725, 7.989155062615477, 9.155032018643194, 10.477067669230705, 11.112346960803244, 11.006258367858157, 11.858596357181133, 11.423418509211183, 10.383488766025863, 9.77908241971161, 11.399881775236672, 9.721391255694792, 8.7501739083722, 8.504215819733105, 8.501639686280424, 7.799809919502078, 3.852316581869914, 5.561593056125041, 6.311028729375847, 7.988205446922303, 9.665613493738736, 11.18115895801803, 11.821930750235797, 12.028869827380111, 11.624496086277327, 11.248098191079546, 11.81204745408034, 11.142414305073464, 11.163239538149194, 10.014717137961453, 9.66658739839465, 9.516780167577432, 8.435191981739589, 7.432373997861272, 5.319456533246884, 6.468926172836471, 7.642863456130311, 10.342243717624143, 9.487668479178408, 10.964088795567513, 11.347908378195198, 11.320491908345252, 10.79741758553289, 10.879446199248747, 11.241278758662073, 11.718618743809532, 10.016156927153293, 9.420409574325554, 9.559122894079321, 8.277710160963004, 8.609818515842475, 8.66796647021574, 4.293743374172696, 6.3491884404893035, 7.481665915686708, 7.533597360630131, 8.229820235128516, 9.526073894073901, 10.473393987531862, 11.5714002501198, 10.625293503434518, 9.857528530236026, 9.654541114742946, 9.907444359599182, 10.333649484839363, 10.132062339789007, 8.425, 8.39252188258481, 8.95089743308951, 7.273014549656925, 4.886300948774149, 5.318719533990978, 4.864210789195002, 6.579061914971688, 7.495249414923039, 8.426047562760102, 8.976069817186987, 9.219725817198647, 9.77546093503317, 9.995054888521194, 9.340770992945346, 9.203970485749203, 9.082041835264178, 8.37412104970989, 8.66311121399593, 8.664643241436941, 8.698977839973555, 7.610599842373309, 4.164531350830834, 5.276969167807715, 5.207393809182126, 6.61103062681796, 7.058763625519361, 7.787306780702617, 7.792040702582011, 8.22750391007989, 9.040020388848326, 8.511566245147387, 8.851503115186024, 9.203792437303086, 8.57445657011007, 9.19641305837126, 9.020038198874358, 8.728685439773463, 9.006330665681386, 8.250415278860457, 4.66857495639538, 6.087261716396347, 5.927432267724101, 6.066860900855278, 6.337866097609524, 6.087108278940805, 6.74149315481596, 4.950940199662446, 5.898326182141446, 5.94177288448486, 6.678391136816969, 7.996783554590602, 7.8219510496709415, 8.465017388235747, 8.639673088003406, 7.677306192147286, 7.314006529353561, 7.685712313833509, 5.09436705146773, 5.421524614809203, 5.497351758378512, 5.917503570458232, 5.4524137831090105, 5.952535043778588, 5.344934865378898, 5.33966317882446, 5.760636282967446, 5.893673247349732, 7.143432451533738, 7.8627046453597105, 7.0058738407792625, 7.499897191855701, 7.114573776074258, 7.275969691851399, 6.828741807620996, 6.575293243851439, 4.51369472648705, 5.596745198339439, 5.411430924464763, 4.119789761474808, 4.053323522991599, 4.382587329141749, 3.9146389011962825, 3.7456673235665963, 4.7490556579094, 5.0982973214303575, 5.88223585553905, 6.714841053312065, 7.654649094666089, 6.09842991686846, 6.0488771662759495, 5.615256314193025, 5.499825917829083, 5.31903123792535],