{"west": 11.4, "south": 47.8, "east": 19.6, "north": 51.4, "cols": 12, "rows": 8, "source": "formation-steer-fallback", "hourIndex": 11, "validAt": "2026-07-20T11:27:05Z", "level": "850hPa", "u": [10.731849225331079, 12.052591714685885, 12.317598731043626, 13.323492234608404, 12.409710633815601, 12.548143422561227, 12.682595091383087, 13.14116837818933, 13.599979286020712, 13.693216727018681, 13.795880558980327, 14.04895144372935, 11.10446273128062, 10.711683088642657, 11.49298338112425, 12.634027107934974, 13.551695256100388, 14.149601837090758, 13.424913038774111, 11.798202802845418, 12.291739243477473, 12.699516422914975, 12.722654936747922, 13.137484113801431, 11.535326622311665, 12.514992703544225, 12.460723016204245, 12.661010101071522, 12.749316180668954, 13.244835419418504, 14.201922118530952, 13.74321520502881, 13.499671014522828, 12.920011410921088, 12.207756265645555, 11.911566234978162, 11.409954844931498, 11.893215608423178, 12.966331554847482, 13.510257908041792, 14.130614361488332, 13.782634015390963, 14.584086109322822, 15.124424086345591, 15.17386748459736, 14.396535557577819, 13.40037479836581, 12.43413216674186, 10.483866800276502, 11.565653768301003, 12.547474682473624, 12.997382072076098, 13.197139254450871, 13.779294618060307, 14.013620156066999, 14.357559632067652, 14.873889873699223, 15.498350665469214, 15.933857827176851, 14.370094745874413, 9.239380249430123, 10.478142867509673, 10.793695646638081, 11.848755004457251, 12.589063749876594, 13.350847897365089, 13.6322613084688, 14.524446932507088, 14.843463922772852, 14.471387562209937, 15.304241703921711, 14.773512717729282, 8.579088779314025, 9.456010653584656, 9.880357817494563, 11.318767899302186, 11.027440855057204, 11.682946834477924, 11.712625671554727, 12.634172284432934, 11.940666839534716, 12.84874743351956, 13.455955311967399, 14.323239952342957, 7.097032629318692, 8.444594668750835, 9.811092987232552, 11.105062414397423, 10.723415601473707, 10.252695696909209, 11.666737285083203, 12.277419428766663, 12.291900931791446, 12.070525008143873, 12.993817197929387, 13.06733566396834], "v": [-2.735514065904377, -2.190327135175281, -2.1276187395754063, -2.0149887529039847, -2.032168050374764, -1.1419705104920306, 0.6646666442853884, 0.48186476949121504, -0.02373646577621469, -0.9335098643805328, -0.33716405850661313, 0.17164886173522226, -2.892495885839727, -2.910299882913599, -2.886837889664366, -2.204990711083428, -1.8322610855951442, -1.8879599709204216, -0.8211028567438237, 0.20593839595994648, 0.45071761709064223, -0.11082700082934975, -0.24428745453604914, 0.5735949438541685, -3.971931484377311, -3.5178057976862274, -3.5260291991754364, -2.598932130811591, -2.2709991028912313, -1.8614402253408742, -1.4425786422865572, -0.43189793732426385, 0.09424701402248192, 0.8807980141149643, 1.2830868866104461, 1.2309406280272817, -3.3797826019766797, -3.6815652230483797, -3.2809862861289854, -3.2684753721259985, -2.772316317973065, -1.986107901849249, -1.8423985333952742, -0.1319888494129067, 0.1853929876748753, 0.9057532442103444, 2.170387122916659, 2.326984585250908, -3.940626462132658, -3.3820338424954928, -3.7644228100312267, -3.361351554430876, -3.486834595823539, -2.3305932353575285, -1.7703319240957993, -1.1047540050261893, -0.18172788742430263, 1.9853845093960998, 2.924410153059073, 2.975903559356821, -4.017396869421854, -4.490937769336844, -4.515100695194527, -4.907915020082275, -3.9693165534564048, -2.9598117206035557, -1.360680571487854, 0.12675292811388084, 0.44054372466389463, 0.9104625331750429, 2.7536677119695216, 3.3564597389349284, -5.699932957206443, -6.140805119794431, -5.431772675496838, -4.619103618855761, -2.79037151437138, -2.740210441327869, -1.2103821206698309, -1.0165213658682848, -1.1918369969236677, 0.17941401735801776, 3.2802083230088197, 3.306780498854814, -7.772242460087425, -8.098075134283762, -5.75613406687824, -4.99081293702115, -3.054645288420622, -3.5503142039232753, -2.5864533865603283, -1.5509987653582666, -0.902660779598061, 0.8440533323039153, 1.6645463726776897, 3.185473064582572]}