{"west": 7.0, "south": 46.5, "east": 22.5, "north": 52.5, "cols": 18, "rows": 12, "source": "formation-steer-fallback", "hourIndex": 23, "validAt": "2026-07-22T23:50:31Z", "level": "850hPa", "u": [8.319405056087176, 9.504212611896447, 9.11809216622384, 8.993001150461001, 8.762352340774019, 9.087951238895144, 7.792224578556083, 8.581683751698865, 7.762249900862138, 7.02223276587385, 8.120183449003827, 7.258339481409773, 7.71676749935882, 6.5416766435177065, 6.35341441036603, 5.938514122634345, 5.2848876066045785, 4.541500344849186, 8.047816051998778, 9.96260240192862, 10.04159045758641, 9.522824146206826, 9.543924489155751, 9.132993530846003, 8.329043397722, 9.442826369654071, 7.984940007591072, 7.585853629075489, 7.725159692360394, 6.750192493029135, 7.407349401479066, 6.897653356723115, 6.412525105100991, 5.5421610683016, 5.58586385440963, 4.35375941367714, 10.202293327534507, 10.121542890705367, 11.560766559027535, 8.310182174590178, 8.25125316697517, 8.746346390455692, 9.347458081511336, 9.144498466904935, 8.571953139547727, 7.426061645517812, 8.90347302299146, 7.522134547031133, 7.703193046959657, 7.216915434888893, 6.814329252405222, 5.588540638701571, 5.248773649201183, 4.53414996561113, 7.939973513035792, 8.41615768243861, 7.7084394326154, 8.840957648498389, 9.888764702156083, 10.387440006095895, 10.111442311307767, 9.914104839174726, 10.271072833113388, 10.35441827092874, 9.077819867621585, 8.774290988013494, 7.595830618705837, 7.6574516211157855, 7.373600889903798, 5.444000244129296, 5.6889731216342785, 4.346015728368504, 6.892919897190159, 7.32613470558519, 7.319875806369998, 9.26624880289986, 10.066644877778838, 10.564586981153534, 11.739229015365103, 11.459869839819056, 10.277966528700093, 10.379705928242796, 9.50100428775058, 9.526542802062238, 8.576130203850807, 7.723781047033801, 7.6672420404522645, 5.289541660669839, 5.8572932242875515, 4.933764959392534, 4.618971354948506, 5.846325672605364, 7.456878984249435, 8.984763409569656, 9.507308735564076, 10.797686231937718, 11.085279502554874, 10.87063530543158, 11.141506786233842, 11.35058436300051, 10.80084446722367, 10.906260186320312, 9.077807192067931, 9.05500568664716, 8.568679508221075, 7.748855682510235, 6.148361206775161, 5.8378473072507, 4.980019316583198, 7.471385434265304, 7.833184997972121, 8.848715961745253, 9.524390971469343, 10.897332197008371, 11.575432570224859, 11.479570849105716, 11.594490340433794, 12.05536183889129, 11.116541863795545, 11.053067888292007, 9.037079943850685, 8.918848797433526, 8.772741396806678, 7.665837104095506, 7.5824005191506, 6.377109024295494, 6.54250678852715, 8.44402772179119, 8.266520891210734, 9.104678106834356, 9.561240504654045, 10.86701235532748, 11.736323462535752, 12.173660103057157, 11.01926182298593, 11.451749452657351, 12.039274780574242, 11.19105502075023, 9.54230647334296, 8.556147590604327, 8.40674198960326, 8.13598399485147, 8.355605835248195, 7.562422331705319, 7.473894297005092, 8.293091733177853, 8.833361277346778, 10.608392383689804, 10.829849229640914, 10.602455055898293, 10.411185489089082, 11.221983292465872, 11.11585700786174, 10.578241428867212, 11.571202052732353, 11.571252970850034, 9.86028283716262, 9.328645968386496, 8.873364445079593, 7.901214027759762, 8.48205617322019, 8.173904350001328, 8.748606476670712, 8.889599842821374, 8.745849418905296, 8.726011387216174, 9.800204188366813, 10.247948604906892, 10.208524624199333, 10.749314991172616, 10.720396494815317, 10.520933338274524, 11.108147002324285, 10.705437043643679, 9.298852682079444, 9.11944129654925, 9.649632557569253, 8.150257315380482, 8.449872729495926, 8.062730411263662, 6.596075457141764, 7.434081859638431, 8.177203028513617, 9.306006652217263, 9.768924712734144, 9.743087911862418, 9.671852330279696, 10.269897088217748, 10.141188613807993, 10.954007756084039, 10.601035943522524, 9.91346282164901, 9.240477770564112, 9.324872175207254, 8.697760701107475, 9.088550155266926, 8.232956869593364, 7.5389569859768235, 6.632138314823338, 6.324597115722623, 6.366177640639516, 7.863217823023683, 7.729280998013212, 8.37286668819469, 6.7430238758372365, 7.178920408116312, 8.459071942591569, 8.830286374288681, 8.9063237184799, 9.245502339166134, 8.821559265231127, 8.423447374624853, 7.599360074487529, 6.72004326107079, 7.949926707216115, 6.367018386200473],