{"west": 7.0, "south": 46.5, "east": 22.5, "north": 52.5, "cols": 18, "rows": 12, "source": "formation-steer-fallback", "hourIndex": 19, "validAt": "2026-07-20T19:01:52Z", "level": "850hPa", "u": [11.04641918508704, 9.85441673043777, 11.10094065558443, 10.217380437501658, 9.989307602324558, 12.338689067519207, 7.295819086570474, 9.532389610990618, 9.926063984649092, 6.060985493909852, 7.390953948326369, 8.224198259976527, 8.69810373682154, 9.683915621156077, 9.336416237024721, 8.931344783536002, 8.249798953319507, 7.63406424667462, 8.085734815712994, 9.42581539869742, 10.998324646720304, 11.27438178459615, 11.152948690185935, 10.631218855739485, 11.19561806088604, 11.862913028851654, 10.1033044109166, 10.340224048738223, 9.755711270386355, 9.758791257402127, 10.308308002644594, 11.148301800993764, 10.51152123436356, 10.4166015690681, 10.194392202605922, 9.541394300112174, 8.167141304176265, 8.033645596006924, 9.887990795647934, 9.290426299053648, 9.238280881684888, 11.506569167933355, 11.599218103991038, 11.799307187097314, 11.40097478374296, 11.524034745906855, 10.348757902110624, 9.917949840639658, 11.770560045691889, 10.294917571767035, 10.538288180848784, 11.17537644487096, 11.966957515499407, 9.928899636489595, 7.83093911009348, 8.76398151081576, 8.765783705511465, 9.995065603657316, 10.94265395569045, 11.880411833047514, 11.472197703229135, 11.430338300430972, 13.979632100636856, 12.987282500722749, 12.311260598107737, 12.54053625287067, 11.653223771575298, 12.242537630983923, 11.346110638472574, 10.21253928595679, 12.27784020941629, 11.6224001121766, 6.8516384088647895, 9.306675358993333, 10.242707635978855, 10.560058956992949, 11.27108084711967, 11.481387454540203, 12.667267393784122, 12.154815758420138, 11.325033682591227, 12.77426410610196, 12.6181694581493, 13.171681041725707, 12.340112593917308, 12.174981456419278, 12.549063389238674, 10.681371324308703, 10.730822117476798, 10.775093284432822, 5.725188864587235, 7.344255638041795, 7.874698302720225, 7.563330577909958, 8.127578926592955, 7.456756333682347, 8.688020697235244, 9.678833994094857, 10.741332569278569, 11.692440777422823, 11.82673232086176, 11.77833714780269, 12.767398345444148, 12.088483481140479, 12.502243461051407, 11.739592364179702, 10.98803278912091, 11.240582484319686, 4.506035357935233, 4.6623872636021995, 5.404452100590006, 4.082529553860186, 5.499349772466469, 6.6567275642683335, 9.190737602903445, 9.333864409833568, 10.725170152987975, 11.33221135816197, 11.908766856427828, 12.798541339667677, 12.695489901853422, 12.086567487039837, 11.920913600333522, 12.350545130014053, 12.139791262358152, 11.867865714154636, 2.6689030069639137, 2.6679129356424935, 2.988066427907412, 3.9200448033866304, 4.741283507317058, 6.045648011684898, 7.086126273446621, 6.594604673904876, 9.626912612878094, 10.168817202045371, 11.671562986461904, 12.404365853061726, 12.562054915118237, 13.474917905688725, 12.974031671344363, 12.538876584182, 13.263001494164373, 13.269308161556959, 3.174791595544089, 2.585816467596388, 2.8361316898721385, 4.022559713752795, 3.7471397206035544, 4.248662395051754, 5.824908920628813, 7.6939955504689514, 10.42548860454228, 10.24283012134693, 12.374477435958244, 13.069025405961963, 12.696062715668303, 13.299007416484011, 13.399918362614391, 12.391504323429887, 12.220201238751814, 13.20903567450301, 1.764618745698124, 1.7878962432543364, 2.133952288680651, 2.6234248519118886, 2.754144762139913, 3.2578650608023754, 4.113319435101729, 5.313794218937569, 6.024197015834758, 6.801980376340837, 9.42932125983508, 10.009538270600272, 10.414287596520023, 10.96537306033497, 11.760942267195388, 11.985488377555289, 11.645351679369359, 11.092307425445917, 1.674523519299534, 1.3548728005567348, 1.7569596587058722, 2.448553876380146, 2.9380853107869487, 3.2055335188312797, 4.195593846258217, 5.629332028401904, 7.2644497117250815, 7.294700107047703, 8.606692429736583, 10.095263210018125, 10.639945280534645, 9.627697670920826, 11.211598891657598, 12.058577981340314, 12.175577344427579, 11.049438861707966, 0.7603150696818004, 1.590955576316157, 2.32382982755742, 1.778593406414118, 1.6046780796356304, 1.8353520652800697, 4.477650980112944, 4.332069174840098, 5.309799601474984, 6.039250997979452, 6.994895625046549, 9.098937827931307, 11.056430275113062, 9.851725304948307, 9.661598334484465, 10.665636211305316, 10.678268645075597, 11.10988606586016],