{"west": 11.4, "south": 47.8, "east": 19.6, "north": 51.4, "cols": 12, "rows": 8, "level": "850hPa", "source": "Open-Meteo", "hourIndex": 16, "validAt": "2026-07-17T15:36:32Z", "u": [7.444006141144784, 3.2993580332546477, 3.664433032403351, 1.5086051764914996, 1.6461472343252292, 1.6388888888888888, 5.842109106855378, 1.803351151743199, 2.648277915147355, 2.7704974936334748, 1.416469745170691, 1.3839632478976747, 5.923776682771025, 7.9605293368486825, 5.069030141407448, 8.112750378029858, 5.569732613950686, 10.513349824221763, 3.0327799077929285, 0.48661956367442294, 0.9432843509515542, 1.0428964336015374, 1.689513211085896, 1.3927082162889461, 4.136314256931403, 5.952273006920889, 5.957674189051728, 7.065124912117116, 9.986626554906392, 7.210621352044115, 7.047820027995145, 3.3888651067601696, 2.913606837679315, 1.2561592195622548, 1.7326497186029828, 1.108808688165142, 6.695685912513529, 5.42075080366437, 7.085144667504496, 9.887382763213203, 8.609799597180036, 10.17078738785574, 5.412486989171684, 4.841235866800243, 4.073570467333965, 1.120520907419552, 1.814612592461912, 2.3836472995444913, 10.13469597426971, 6.851150834759216, 8.987665812791164, 7.085144667504496, 10.12380549110016, 7.372368398600923, 6.206826190415249, 5.734736741588688, 1.7077429100225174, 2.950128106331398, 2.0336832153790025, 2.1805555555555554, 10.661561909112129, 6.927719720456389, 8.105793571737463, 7.7210460903743545, 7.074235782147185, 5.573228183471859, 3.557155190770471, 4.807080901362744, 4.190511099219751, -0.5134851539498136, 1.2581481359150288, 0.6572063100891976, 9.136117150505022, 7.454517961915709, 13.013167381949946, 5.845671475544962, 5.944297944210854, 4.281434149281241, 6.316822617505273, 5.588858234472022, 5.806503055730989, 0.2830736954758432, -1.4287545990052454e-15, -0.26604111090163385, 7.103302012279485, 7.595454692332607, 5.75874036558334, 11.127445607505537, 9.138603519286221, 6.849354142129194, 8.974922321161293, 10.242010444024407, 6.8957626377537915, 1.0900535715682649, 0.5084084993613374, -0.903843575788002], "v": [-1.4469682149387995, -0.641330234460054, 0.12796482124250322, -0.6403649050240869, 0.2607241084003853, 5.01765007983985e-16, -3.6505549313843035, 3.5392759155260176, 5.19753805776548, 5.941351048351372, 4.939817048571915, 3.425429240482854, 1.8110802820325111, 1.403656102807688, 1.7454070502842016, 2.0227358493194454, 0.38947364507136856, -0.5509813171132141, 0.3723785492935056, 5.5620870643455795, 6.7118169103595315, 6.584588937300918, 6.305349143831418, 4.044718351174856, 6.6194865283321045, 3.2993988044542375, 0.41660116263852853, 2.4327175985826432, 1.581726257629004, 3.060727173165979, 4.234757504816004, 5.218394644993747, 7.211429979963902, 6.46237895769712, 6.466336781546264, 4.44718874543165, 3.5601593511263387, 2.300972201103502, 1.2493021671037494, 0.1725849081020269, 0.15028461098772006, 4.742716048423403, 6.226354036837871, 7.454849492848212, 8.735800058381043, 9.125910449813267, 6.328306164927265, 4.300213560102028, 2.154196129861781, 0.7200849691771684, -0.4710236061864944, 1.2493021671037494, 1.6034532666623695, 5.162187927159419, 6.206826190415253, 5.537970897825897, 10.782264384830253, 4.54279890970438, 4.567727288213003, 3.7768330109488013, 2.0723976997841382, 3.084419543324818, 0.9952663044753695, -0.134771360821241, 3.298770320809347, 4.049187293570372, 4.552951020838837, 2.040484782110653, 3.773153141412451, 7.343179814412594, 4.695472766682971, 4.676265880168526, 1.4470188016221381, 1.0476641766716075, 3.486867690964515, 3.3749999999999982, 1.1554544720024096, 4.591276015720347, 2.299135407911439, 2.258045299201472, 3.218597201079848, 8.10617004137711, 5.833333333333333, 5.076366801669083, -3.6193131507013905, -4.563809608230756, 6.624672981955446, 5.188813102483031, 4.261400805885384, 0.9626139483071227, 3.809628502770421, 2.553620009107606, 7.658520284780922, 8.877773911902935, 5.811135738868515, 5.706643745660795]}