{"west": 7.0, "south": 46.5, "east": 22.5, "north": 52.5, "cols": 18, "rows": 12, "source": "formation-steer-fallback", "hourIndex": 11, "validAt": "2026-07-21T11:02:04Z", "level": "850hPa", "u": [8.653069328009911, 8.644334337008141, 8.507742063481698, 8.209749153377304, 10.378322430030662, 10.933236811556908, 6.4502971671325, 9.088346150376093, 9.85441673043777, 8.47673097373557, 8.588213998889335, 8.867850256640708, 10.323097227655978, 10.550511248686526, 10.82493365724307, 10.511442874814064, 10.524983969512354, 10.971848612240384, 5.5636806203266485, 7.067628986680358, 7.769384814034315, 8.285084503528735, 7.620709717545523, 8.572591708315482, 8.775638531589033, 8.90826668978755, 8.536301946918883, 9.370925305354161, 9.885513036229497, 10.497697176485879, 11.3566195582459, 12.08344102872452, 12.31102506217492, 11.132362701098012, 11.858725725210565, 13.198371548757919, 5.331703395929693, 6.718058903413666, 7.157781370541489, 7.575248237272585, 6.812252109439617, 8.51434499807187, 8.243266896342487, 9.878234536091295, 9.274985873370744, 9.12424397175481, 9.416732673681743, 10.448192201201637, 10.531507193669357, 12.126323656553192, 12.55583892902445, 13.251392439339055, 12.894322195540054, 13.023016229411997, 2.978153801695266, 4.398265621678997, 4.859453326110497, 7.927951786556566, 8.109930079567718, 6.947838664872216, 7.937268098417566, 8.155686211312007, 7.468710676969448, 8.756489015658792, 9.706237841741398, 9.968539148029802, 9.094155141464896, 10.075087328782931, 9.860303994904195, 9.934071855215198, 9.679345737832351, 9.263201039223697, 1.1858168451903293, 2.3413496206884767, 3.6390683609821846, 5.7139010851636245, 6.606791687278551, 6.996339243477716, 6.6573956140660755, 6.129024501148448, 5.902021866379689, 6.41741071546361, 8.117403910514561, 7.642460577964864, 7.327038347858443, 7.375233210308925, 7.627233783945878, 8.021194204949323, 7.331534019488683, 8.466779787315595, 0.7635782244873016, 1.2167131322596867, 2.0623569357430935, 2.4633695789234964, 3.7410632112480884, 4.34217301494145, 5.061889534027415, 5.2531561414312895, 5.266378439556033, 5.1575131013666935, 5.506667770323042, 5.181667906307181, 5.350914502761667, 6.369763868953033, 7.657934085469295, 10.135116973827326, 10.270093026332606, 10.441725637833379, 0.8876777612067692, 1.3596404585398034, 1.9276080535340845, 2.328062576477305, 2.8549186535902864, 3.4571556628834808, 4.1345099972342405, 2.918912679544293, 3.4591160493550945, 3.640675072115604, 3.7084335030252222, 4.511446219345454, 5.265334888531726, 7.74351433905156, 8.89836633173575, 11.238596308371617, 11.889614838177744, 12.514295011981801, -0.161863180261328, 0.22840746407074336, 1.5880369569316146, 2.1018324209236976, 2.588960077340961, 1.843354313534059, 2.5391295062449775, 2.985357790266569, 2.8383650256474438, 3.6586931332850354, 3.9245871053577033, 5.941436482228574, 7.829755400949819, 7.793824532750928, 8.851066662062715, 11.173015037113947, 11.305918340197463, 12.150706921727863, -0.6405947091952858, -0.46859592266096667, 0.5839434764093099, 0.7971783670154505, 2.5452070787518553, 2.782648458298694, 3.605676213531908, 3.5192318737307016, 3.1125731831880983, 3.3433644705209598, 5.225071712685706, 7.001227654858122, 8.459596207552666, 9.039656366390881, 9.890504823121868, 9.897687647500458, 10.98524123418047, 12.526891069580863, -1.1626372952748405, -0.5406126715169709, -0.5383007488880911, 0.5072581963800327, 1.8200510252925077, 4.364292603616255, 4.393899134541721, 4.319768767645187, 4.339689136743407, 4.811273573920173, 5.932651012714408, 6.269062495392044, 8.938634551577541, 9.181547888401804, 9.235136331651098, 11.220687039704504, 10.45341420518425, 10.86423076166615, -1.0216806147362711, -0.5451028307900028, -0.32707410914036217, 0.20679789163220005, 0.7242464532009012, 4.192851023813217, 4.612915565232976, 4.191284874786483, 4.951540162293215, 4.8815652268588225, 4.721603964396896, 6.458000164211826, 7.823860228132509, 8.332875042061959, 9.476937474548063, 9.491787340413824, 9.100107697648113, 10.776861852767622, -0.3424905603758639, -0.2768457395441947, -0.6365278229151431, 0.11693326034034283, 0.08874837038518238, 0.9625144101552312, 2.396724528656035, 3.37033465437678, 3.886053414732746, 4.380570416355451, 5.779085338560235, 6.3639610306789285, 5.447216279040243, 5.836064704894947, 5.656285030592084, 8.138356186910766, 7.746654074310943, 9.570885844874686],