{"west": 7.0, "south": 46.5, "east": 22.5, "north": 52.5, "cols": 18, "rows": 12, "source": "formation-steer-fallback", "hourIndex": 5, "validAt": "2026-07-22T05:01:57Z", "level": "850hPa", "u": [3.969725466879029, 4.8749913580763815, 5.758265053616354, 5.2412267209929775, 5.673897027405559, 4.983716956406365, 5.353405080762071, 4.503602961415751, 6.39297426534758, 6.689056592471331, 7.62024512268584, 8.094260247889231, 7.330240615363347, 6.600907986226361, 5.956483205592096, 6.005100362362753, 8.1995503887972, 5.391457856116965, 2.3832075356907967, 3.5058799444630253, 4.1100678405099895, 4.565708541475454, 4.11767113498599, 4.447916951196621, 3.5560044936178614, 4.31200862859993, 5.024954489128946, 5.454117461267382, 4.979475878046666, 5.841078637989797, 6.063213221080721, 4.736974272775659, 4.5667726469111285, 5.470890164258566, 6.876010755100821, 6.62483855342324, 2.177636028941763, 3.7072002847383096, 4.287483861724068, 4.5687125872830165, 4.577293806774963, 4.433359255334915, 4.022643178749325, 4.970172829344139, 5.3120829189679855, 4.929337104882584, 2.7486303514244717, 4.792923268153381, 3.8812854512921287, 4.654905838715555, 3.581561335053428, 4.568730121502176, 5.648604238374567, 5.364974541517535, 3.7705209991023745, 3.968530808564825, 4.134140363443016, 3.8885374655709106, 3.8659246659940525, 4.025410779644155, 4.199323036152648, 3.5970746219598015, 3.1512216458103905, 2.7638570106218716, 2.722935064158166, 2.973620016380199, 2.331383573498752, 1.6754215027921242, 1.1045079685131007, 1.8697150558672386, 2.701904559998092, 4.497673323434689, 4.621203108812897, 4.167767964840242, 4.2252552600162785, 4.266225735658717, 4.361328024321213, 4.211552563560454, 3.910376026657939, 2.9743620889252074, 2.595348330542571, 3.4081115460524716, 2.043851631455898, 2.0879814870962963, 1.8560146469706862, 1.0824017839034543, 1.04666711690513, 2.018039232613243, 2.7200108650993986, 4.070963894699145, 4.907504497491296, 5.116637629388912, 4.55717468056181, 4.438687647449333, 4.411576183621721, 3.97866912868017, 3.225810637012942, 3.5800148134394503, 2.7372162457169233, 2.399802357855098, 3.1050283610337033, 3.020023272326275, 2.6292049993052147, 2.1886641146014747, 2.2928437949554086, 4.087296540125668, 4.726766992185738, 5.509636147877371, 5.102174371261178, 5.2961814460035175, 5.348869452534278, 4.401979548578458, 4.502575025355711, 4.639921314157569, 3.46384963596129, 3.729347688511942, 2.5119396477392413, 2.3712134494612798, 3.0065963877412023, 4.095764707608219, 3.5927213610917588, 3.7996262205475593, 4.106858106226765, 4.490193549590506, 4.951901359050967, 6.286294742856352, 7.015136323228628, 6.126644368599018, 5.996439841459546, 6.0912033959158025, 5.162659317703154, 5.100706067498235, 4.462838812092363, 3.6187181462166005, 3.0012288838031798, 2.784248028927118, 3.3708794605661354, 3.1354043162851757, 3.686789353965973, 3.8920368256752993, 4.048397109058735, 3.8603811689168177, 4.751202130130484, 7.314414829349174, 7.793408292215971, 8.017270605290175, 6.645025449121388, 6.687487618974003, 5.94463022682139, 5.379811831600735, 4.660141219580293, 4.39924913656354, 3.742752788727628, 3.407053949268077, 3.0699563929000453, 3.6162108360950165, 3.20278372791836, 5.033776127332228, 4.226537606828888, 4.761563533081649, 5.416918894163653, 7.3768978830109795, 6.080311868540943, 7.093062731711218, 8.401802342440778, 7.269664991562723, 8.602442034844781, 5.981418880849064, 5.774784425774686, 5.515010917426673, 4.7763471118470635, 4.665037458023045, 4.100967097127566, 3.3104339919184387, 3.223799821520391, 3.8968065117826356, 4.75808101232063, 5.7881468795651845, 6.841444936027553, 8.585871357438414, 6.711640849903242, 7.324533555938818, 7.190598126661339, 7.80739994623359, 7.7245027537166, 7.420284956892396, 6.411308189281861, 6.692108364638334, 5.713519814557388, 5.485234652922974, 4.338453222565983, 4.490912039972627, 2.77735498878537, 3.756777746298645, 4.5760259153611, 6.269796092617351, 7.029728532707033, 9.14081074097526, 7.591396027867791, 8.003031169252113, 8.649445749106032, 8.686315144381911, 7.912119406484688, 8.095227900699879, 7.632432865407835, 7.904002044777835, 6.37485568610068, 6.304249526217633, 5.704165777830766, 4.984173808043304, 4.93180851559432, 5.3504494824027, 6.127146561583594, 6.517870524801303, 6.902476946322345, 6.909619905743316],