{"west": 11.4, "south": 47.8, "east": 19.6, "north": 51.4, "cols": 12, "rows": 8, "level": "850hPa", "source": "Open-Meteo", "hourIndex": 11, "validAt": "2026-07-19T10:34:28Z", "u": [10.249100643934149, 7.209462719537392, 11.77679781556737, 10.26369244053312, 14.672214011007087, 5.415030163660402, 2.4034279138066603, 5.431433107592791, 4.691584715728532, 2.1650635094610973, 3.0398024758972757, 3.1667569720383586, 9.248591180196618, 8.746994982506564, 9.39035568235196, 11.908967458486208, 14.424648835343847, 13.03928707260625, 15.304586945389538, 5.811135738868515, 4.809225703607877, 3.0487784036811547, 2.432124242630811, 2.2861962383927668, 7.334841321022187, 8.20783494328426, 10.355948732991674, 8.859761520969133, 12.664737471980956, 11.140515773342667, 11.148495829904302, 6.974414452831126, 2.806360416372396, 2.5331168063800136, 3.042509283713131, 2.7675577639281546, 9.616175601628305, 8.110398625072559, 9.256789168603573, 12.42482465261368, 6.449663260711388, 6.960067292606081, 6.959773501730982, 6.068272772231811, 2.657130539988203, 2.9125406019164144, 2.3028456961701016, 2.4055497729651925, 6.815854851102016, 9.986626554906392, 11.547575841996318, 9.212638974566461, 9.270843328641652, 6.696327838537908, 6.208285592482253, 5.434153337410032, 4.439264286318493, 6.710232087193583, 2.191858576575147, 1.2825755374712584, 7.561762190728129, 9.9616340131491, 9.99907321589168, 8.480288984271791, 8.731460404773063, 10.110972602910778, 7.971008014163452, 7.108409551678702, 5.547829678388395, 0.6180339887498943, 2.258045299201469, 1.2799058608376992, 8.247023131616261, 10.597644556641082, 10.661561909112127, 9.104112657560673, 6.608298387730392, 6.315686077854244, 5.822386230686884, 5.6792809278579774, 3.202544766820204, -0.39977696621392395, -1.270403199097007, -0.13356414750866824, 8.371098481067577, 6.965653858818544, 9.116450707542505, 10.387306610791397, 7.089529658233128, 6.313696353496186, 4.027497551087545, 4.652222157521947, -0.13040825921192437, -1.493425055227328, -1.4009817705944227, 0.5106882308569508], "v": [1.077223885341651, -2.0672801686274944, -0.8235139261459212, 0.5378973280524753, -3.118675362266377, -5.2292338442885615, 0.2526104528968292, 0.6668961291892783, -0.16383374840896373, 1.2499999999999993, 2.6424599778784326, 1.9027795545288124, -0.1614347595448678, -2.3437502417617107, -4.378794767480017, -2.7494017753139026, 0.7559638123980734, -1.3704842961759047, 1.6085769069522227, 0.5084084993613405, 1.022232479853982, 3.157102457041858, 4.0477344755377525, 2.5390781537144296, -1.6933815479774266, -3.484019229029354, -3.3648517165272023, -0.15464771259703555, -0.22106381487225144, -1.565697385800735, -3.622365878506325, 2.2661246254162832, 2.2725458565688563, 2.9140175458601485, 4.037546189683537, 3.298246907873378, -2.939959919711954, -2.635228257586354, -2.4803491822324855, -4.522266339528278, -4.685954650220547, -2.396543359198517, -2.1278162954821327, 2.3293916720444496, 3.2812829483738772, 2.039382884803721, 4.15444360891213, 2.7672684608168314, -3.3243145298171695, -1.5817262576290065, -2.454513016598537, -4.493304254588042, -2.834381248562077, -2.705492063559369, -2.01719426883646, -1.1550649489875469, 2.360398690673507, 2.1802865714232422, 4.922994966185126, 3.523847327947156, -4.725113439412747, -4.858613543578939, -5.09478227485492, -1.495303752131896, -2.5037059820044103, -1.0627060432211464, -0.13913446243056174, 2.8719838828553286, 1.8025991338538616, 1.9021130325903073, 5.588858234472024, 3.1678781697698573, -2.8396777916540916, -3.8572271719505897, -2.0723976997841413, -0.7965066489994278, -3.367096206401642, -2.6808496871347365, 1.5601036885346389, 2.1800716930672417, 6.566189838241137, 2.5240924259653514, 3.909899011435632, 1.2707779774150159, -1.627176710572203, -3.3973763876153487, -0.9581775799534926, 0.18131111132066868, -1.3780649666083806, -0.7752244344382997, -2.820084145392639, 4.338267345953114, 7.471084166585256, 6.468734596768644, 3.1466565763245145, 0.5106882308569511]}