{"west": 7.0, "south": 46.5, "east": 22.5, "north": 52.5, "cols": 18, "rows": 12, "source": "formation-steer-fallback", "hourIndex": 2, "validAt": "2026-07-23T02:26:27Z", "level": "850hPa", "u": [9.819094483909552, 9.925480087389605, 10.0335029026316, 10.140963221235639, 10.848083948073295, 9.645589471291357, 10.075809071513358, 10.750685033478462, 9.067055240180666, 9.101886256237869, 8.273287536494022, 8.093688996950807, 8.396918097785226, 8.478636928052634, 7.889080587374278, 7.331396324114468, 6.455201679202183, 5.959850340176331, 8.885691676589929, 8.947451292015547, 9.598378234542013, 7.4921319104479664, 8.147344578028827, 9.085962703531521, 7.594654771725156, 8.860426400533996, 9.543322112590914, 8.28220092585308, 9.170804698214807, 8.583193503098222, 8.282549935686768, 8.791693987547417, 8.023732628239408, 6.215416423195618, 6.447789746092345, 5.483240884421368, 8.211589193750143, 9.296013891642591, 8.293098912984503, 7.02139009372269, 8.042566602933375, 8.830651504889314, 8.407695226961982, 9.406984913260807, 9.045229231050318, 9.14925978209173, 9.979587775007602, 9.729229978083382, 8.473502095587328, 8.85660295090719, 7.99155795622263, 5.928694328777891, 7.216105221861168, 5.352368784783322, 6.240272767937799, 5.5878695502251015, 5.178378765839324, 7.495483840723361, 8.025061377503636, 8.99546450386444, 10.284923766472259, 11.45572726422399, 12.25987850602359, 10.61171663539323, 9.986093421099115, 10.248422571114105, 8.639667119271325, 8.572146844499159, 9.245949477591587, 6.798746842427181, 7.248133917589563, 5.50642824661628, 4.492807812875967, 5.2685627187836666, 6.443650824654128, 8.577187184796538, 9.41732169264677, 10.128596443776939, 10.528096708783448, 11.18520198451394, 11.716735793077039, 11.366524488952694, 10.27900523257042, 9.568135840576074, 9.460417377845, 8.07884945891745, 9.407758548262045, 6.921515266751284, 7.054148222005461, 6.232407084531974, 5.392747885428704, 6.95419187925327, 7.7487654309822105, 9.445273409327513, 9.963924531152067, 11.567248176579, 11.765180898971046, 12.531260326763627, 12.33722554259318, 12.984627687188434, 11.334822622078976, 10.871966064322582, 11.351558451105012, 9.961484575526038, 9.499411903469015, 8.640656242438427, 8.22479956255187, 6.690572766873601, 5.410317537571993, 7.614854658929933, 7.837519807036125, 9.326591094973558, 9.922600143706768, 10.717613293801382, 11.336145926430461, 12.073078961982509, 12.442096830723653, 12.851335911332358, 11.157444385486412, 11.17024991121445, 11.424073543820343, 10.260653765333158, 9.09388838338577, 9.56771891345315, 8.163037279916782, 7.886900351250824, 5.426029437549795, 8.09689239954738, 7.4386040115859435, 9.361622229435053, 9.966715075873273, 10.409002111535532, 11.441461378766329, 10.647825888765288, 10.21909817553191, 10.776971068608766, 10.685028459032933, 10.197188737649926, 10.055848873335314, 10.602853444141902, 9.953069646213198, 9.163863762663658, 9.45995043685408, 8.167577072866546, 7.3443815267724135, 7.531460412568759, 6.757809923277178, 8.968197789764197, 9.667901285310096, 10.234036773633042, 10.055091343647373, 10.689986575678326, 10.444552560673563, 10.259702573143235, 10.797809534720853, 10.531473018787125, 9.697794971033506, 10.200092413906702, 9.7749404473549, 8.668204076860885, 9.404898929828304, 8.90489865444493, 4.716925539415688, 6.237666621428312, 7.429424230577535, 9.013173287472199, 8.449448033201415, 8.302035710963334, 9.615079618386565, 9.144356995180749, 10.12589609632979, 10.324867297791206, 9.67062289299346, 10.727139439789902, 10.193390243208471, 9.273821741783577, 9.022101870284809, 8.594737516089774, 9.142025196614656, 7.66988694365496, 4.810103114992825, 6.458436211298564, 6.423111879896358, 7.193654011965756, 7.086340065389963, 7.003289662173221, 7.914528739522164, 9.433105333495599, 6.991644589800668, 8.223842619529501, 9.495783034403939, 10.016890694695645, 9.045044694642135, 9.002060494910427, 8.173904350001328, 8.070403985347783, 8.443262512455199, 8.300359389938889, 5.4982558857736405, 6.039965465151847, 5.943907316543955, 5.219335532497639, 5.369494618640079, 4.515690191173783, 4.485292346440321, 4.237972364936142, 5.83576407804207, 6.707288710442206, 8.378652656554522, 8.938624152594015, 8.122177598554131, 6.899691176122027, 6.871486895154985, 7.105290824881072, 7.155963244052202, 8.327476450225129],