{"west": 11.4, "south": 47.8, "east": 19.6, "north": 51.4, "cols": 12, "rows": 8, "source": "formation-steer-fallback", "hourIndex": 10, "validAt": "2026-07-20T09:36:32Z", "level": "850hPa", "u": [10.591988644159686, 11.645351679369359, 12.576958063408288, 12.00625018928832, 11.569518524788787, 12.445733695945687, 12.845185090008417, 13.146968694555492, 14.111999852726083, 14.579916005846997, 14.147392326521267, 13.72330678081079, 11.063304146290674, 11.712061006530595, 13.101954037858492, 13.508436236218166, 14.229294650445537, 14.79572764843496, 14.116395431644728, 13.498684074125608, 13.420399587796856, 13.488158206334589, 13.074920342625608, 13.480245049403859, 12.506290468968848, 12.185372822441384, 12.48969885743432, 12.49276308699574, 12.51282379226242, 14.276830566168373, 14.122396933718225, 13.908375462479471, 13.766608642188045, 12.435136409900853, 11.642150168546346, 11.161443422895221, 12.954536523428501, 12.910403358404366, 13.581785019068379, 13.725920807062286, 14.619471861913617, 14.986842451482875, 15.946501901423785, 14.452430061534175, 14.838765247614885, 14.132229079742002, 12.682475043148667, 12.075622973968786, 11.302016395209174, 12.18328747665873, 12.538167961756605, 13.487520518716188, 14.156611449550491, 14.59353292636285, 15.717240661751129, 15.757487777525075, 16.17788192480005, 15.667266996469616, 15.323092821418271, 13.709119348704721, 8.829295790358612, 10.23459324780227, 11.299803764950548, 12.69117009382769, 13.390503932171763, 14.340730018747793, 14.162566116651318, 15.08887003780038, 15.746870711724979, 15.545011075449816, 15.68752510329184, 14.94308585851277, 9.646446548860522, 10.040231557297746, 10.682848587293476, 10.94366652846755, 11.876745335796278, 12.53931550820241, 12.137468538200833, 12.45554853317021, 13.349003684967034, 13.716505691072582, 14.881651848539633, 14.750659684781885, 7.885605046802998, 9.338081088885367, 10.272726474886893, 10.223567388162893, 10.43719820981565, 10.994808969795226, 11.458802828157923, 12.065272321006935, 12.924921256476942, 12.701265309918256, 12.884786267655354, 13.83326673933837], "v": [-2.4648329683757977, -2.053389700911451, -1.1003412521891853, -0.6712535975427948, -1.1344012097001108, -0.32590300643301906, 0.8756968673150707, 2.0117689092880178, 1.0363204893559907, -1.1474642750197313, -0.2716438099556067, 0.21558293010474142, -3.4035167645639164, -2.7254819719281804, -2.286657033716148, -1.778419368998203, -1.4202724213340374, -1.2684413085899093, -0.492955390922826, 0.18848943457846226, 0.3514255310331969, -0.5653213253441949, -0.04564026725404956, 0.7300639752944668, -2.8413594819696684, -3.106012584988491, -3.0215761533682794, -1.822497037637287, -1.24894585302626, -1.1737691361253355, -0.27116387389561447, -0.6802330444039149, 0.4807405670769524, 0.6081796339553839, 1.1620410720005774, 1.1928142007492164, -3.616971587275322, -2.980601470056212, -2.837382719304841, -2.346214610442662, -1.5365684100345072, -0.6281348059379943, 0.33403159713954494, 0.808016284776048, 1.037627546943863, 1.385677176579922, 1.5347481161126182, 2.5887892518621993, -3.9579098527408445, -3.585736501904532, -3.618956225596028, -3.4630066787706038, -2.496192553962123, -1.7660115308693123, -0.4939341865035672, 0.7431042599446132, 1.5292600914258607, 1.8404808777419823, 2.6467577120318073, 2.839022134991175, -4.135944371767552, -4.031513493967269, -4.112792223491166, -2.929987482828842, -3.5379237474106966, -2.1432364613793546, -0.5935873916114047, 0.5796559172215529, 1.2946284363546476, 1.5790046434835363, 3.39176298310899, 3.2854505056560694, -6.12182113263504, -6.797747809079303, -5.994935033923367, -5.103115510518944, -3.2937129851645155, -2.1659158768877638, -0.9552394904865114, -0.6963732747897184, -0.16309696115055058, 0.9591515139817219, 2.8388269159737263, 4.063008597548178, -8.575531064944904, -7.615953097111449, -5.907079716082888, -4.192990562795506, -3.778213007364857, -2.497959310659494, -1.9586890374431558, -0.48459139483065733, 0.0451166695417676, 0.7768426655810541, 2.3648008027823364, 4.176509465847615]}