{"west": 7.0, "south": 46.5, "east": 22.5, "north": 52.5, "cols": 18, "rows": 12, "source": "formation-steer-fallback", "hourIndex": 4, "validAt": "2026-07-21T03:56:45Z", "level": "850hPa", "u": [11.310496720110908, 10.220571445878965, 10.249750214730296, 10.070028595684745, 10.740570423562728, 12.571024314580349, 12.027195864835042, 10.202247471354582, 9.577409860876804, 7.773771617180684, 7.5679333471668615, 7.061962403481338, 10.091075553270363, 12.184398677140829, 12.039639740163048, 12.041224531911327, 11.6037857517083, 9.9068772291464, 5.874991051865566, 8.476348694970177, 10.155165364832296, 10.052849793042403, 10.174612567177943, 10.676584482538725, 10.74885162525326, 11.34928384698453, 10.730822117476798, 10.610881437499067, 11.563084345327525, 12.117370898277166, 14.061325539853524, 14.599001366110636, 14.177084442625173, 13.957851178048495, 12.730438741647815, 12.182147377979783, 5.099992232257767, 6.57210608028495, 7.811186224195627, 10.236873411137909, 10.456562197501441, 11.414214826419574, 11.577156133910655, 11.387275701966729, 11.567347548891343, 11.570438067123364, 13.095914057351106, 13.057496689072554, 12.942172244795533, 13.102684677358694, 13.244536663667352, 13.244731262548278, 12.703402526434056, 12.601451830076071, 5.682698047558278, 6.845607300019002, 6.927613205270917, 8.154078400460467, 8.668204076860885, 9.714366637861337, 10.722277938695097, 11.093705988269058, 11.15934457058924, 11.660657425771028, 13.055949767316278, 12.75716577370432, 13.526920676107515, 12.303201723476237, 12.135082417989315, 13.202947545351213, 13.630099100212902, 13.347072124389188, 5.550899498751644, 6.343458952601859, 5.963170780098107, 6.814892881685964, 7.482829145613614, 9.343928972727166, 11.328329898948613, 11.201785880597214, 11.440063870075692, 11.405797172005174, 9.522941833296672, 10.124234096240409, 10.458936741347673, 10.586716105218832, 10.969204299781746, 11.311020289411672, 11.252751363028763, 11.574136153819733, 3.006007859769351, 5.224539795022739, 5.644190947956484, 5.04674366680017, 5.065118226133208, 5.231573385264741, 4.44910296941594, 4.372398053899091, 6.373028336681173, 6.978513688066583, 8.66915113626027, 9.208673038933698, 8.768230807978757, 9.432005348644163, 10.719364543597871, 12.498349202630429, 12.975752379484272, 12.299925064190823, 0.6334612304397815, 3.2270382209813637, 4.54204495799095, 5.499555429120511, 4.821138203438792, 4.080059510420656, 3.442493811831568, 4.391593659658487, 5.87609544395553, 6.126012126440574, 8.037193059892969, 8.840843443779583, 8.566572949927533, 10.993418878809962, 11.496569719560297, 12.394733324478317, 12.245802230950577, 12.915222480056732, 1.2613631554618774, 2.3745675934669954, 2.458145708186719, 2.387501385808993, 2.428625447916021, 2.043154376597668, 3.045381623631726, 3.2708152149871528, 6.111799514834335, 6.584889439282564, 8.543994636622063, 9.040042582026178, 9.869408869318994, 11.759055128253296, 12.163164332139965, 12.797557539732859, 13.357871402338489, 14.141558460346777, 1.4732334983395585, 2.276710194084607, 1.7501312037555112, 1.2227220123892664, 0.8139442477283187, 1.9622449085792075, 3.968026129511364, 5.177958163703909, 6.479199819402799, 6.858710886502458, 7.958327807894169, 8.019037855809744, 9.560844474577832, 11.18407069282771, 11.63363959062597, 12.936360014281707, 13.718989041266882, 14.108296444010922, 0.21203328129377472, 1.3314399142186042, 2.372100361139132, 1.6744587343093646, 1.3337842900995696, 2.8050448959520473, 5.007529233235613, 5.973737673904551, 5.117260426125956, 5.248032592785315, 7.1843199590734725, 8.415291131793943, 9.173721578048639, 11.133599239816126, 12.448546399569747, 14.640071015324404, 14.976602648805114, 13.871956983213481, -0.6589630162419844, 0.5674073896266769, 1.1716671245123718, 2.1059914014866044, 2.4228450486351853, 3.6035430769035455, 5.714009019077747, 4.9392593603927075, 3.6705524171295414, 5.68720147372823, 6.162892929319647, 5.657137909019619, 7.198623189240557, 10.475363452659517, 11.2014884238502, 14.195501002111396, 15.008315726517088, 13.96243926420638, -0.9780014808263072, -0.06937556977012618, 0.3150810151817068, 2.771467452148228, 4.313471735373864, 5.74592086629999, 4.211913471217014, 4.45480197140892, 4.465069470762921, 5.429915701238588, 5.1718102999459905, 6.778514271080524, 8.38169268633168, 10.076239417366384, 10.760640048357866, 9.996918212708833, 9.189537344822975, 9.865523411657001],