{"west": 7.0, "south": 46.5, "east": 22.5, "north": 52.5, "cols": 18, "rows": 12, "source": "formation-steer-fallback", "hourIndex": 22, "validAt": "2026-07-21T21:31:52Z", "level": "850hPa", "u": [4.032160655118723, 4.535251504360741, 6.206489109495018, 5.675375540012548, 6.825577333820074, 6.312118261828958, 6.3815769073291415, 5.568026153792233, 7.720355996561869, 7.916135498212798, 8.31627969395529, 9.444574458503425, 7.35351855295684, 7.46801451769255, 8.055709570102533, 8.25956545694095, 8.973031634186738, 7.1121251423877965, 2.0328254991503694, 1.9868606697343476, 2.818220857660813, 3.94375433948688, 4.287932039958343, 5.293676505500455, 5.4640373565760845, 5.480693087895783, 5.683265487788842, 5.82216337138552, 6.347247338385464, 5.81476574059824, 8.321922179930604, 9.672695795193624, 9.399941621757296, 9.279553655116066, 9.42498564490774, 8.470340580106392, 2.3003993662076914, 1.8762151881138156, 1.5571695591763879, 2.078345499453353, 2.422884619550017, 4.398225529265958, 5.79711114300026, 5.687439729260816, 5.492628834938789, 5.109877808961111, 6.456513124027659, 6.4475413799439805, 7.864939520364333, 8.837485865861437, 9.082041835264178, 6.773672135081604, 7.982490107365323, 8.92233579629706, 1.5169315132435326, 2.6491475596457965, 2.678800422851119, 2.4465768833420127, 3.3555773053753537, 4.670454989509655, 6.561768297610104, 5.919419221918478, 7.114631659161492, 6.260420097553288, 4.129348688470285, 5.334827268751184, 6.293564841350824, 5.672118022877498, 3.8885057336849886, 5.3505993883394805, 5.65871684899784, 5.9229696504801765, 0.9027956297990574, 1.1142600879162554, 1.8437502260129999, 3.188500630106124, 3.8130370484348246, 4.9147215725130975, 5.730680951655333, 6.23726538323551, 5.767893760823206, 5.440231108376819, 3.467777671549995, 3.8978200561889906, 4.535039257591109, 4.174239316317033, 3.7111307172547625, 4.561570907109696, 4.073830573163977, 5.112515757581599, 0.7653968198600434, 1.8076336472544288, 1.9799225072911635, 2.238784740136807, 3.012606904584785, 3.3678650069390383, 3.1266325109228155, 3.7697224998459244, 4.222586198834477, 4.20095367134688, 2.8473287621612613, 2.099498545142278, 2.887625543111446, 3.482500897343747, 3.953369809283488, 5.493711520617624, 5.320368025933921, 6.062590029259717, 1.6158487575993579, 1.6337581093109625, 1.1584585130328136, 1.1818155852941965, 2.114699619384188, 1.9518662362438728, 1.3853971361266968, 1.8154427435121614, 2.552956103691314, 3.399683047316538, 3.438834609846378, 2.5922832462334884, 2.6318710178493743, 4.646897510579474, 5.088979214740948, 6.200098619035158, 6.678569892707156, 7.176720054380408, 2.178910943803691, 1.7808281903646448, 1.771276856537293, 2.089983969552195, 1.9435349612710329, 1.3157519134333417, 1.2432100684169496, 0.4632315968322704, 2.8349758114377286, 3.3262190116977757, 4.043315095820994, 3.826734138823636, 4.004600569682827, 5.297519420327026, 6.175824043753295, 6.549986098622598, 6.852670155046946, 7.28120906193547, 1.9031236547355064, 1.7754379556997444, 1.6060162230852433, 1.66070370293076, 1.8180927570800631, 1.1605498245062482, 1.1584585130328136, 1.1252534594139152, 2.1866155547208743, 3.7721802975937173, 4.610726568440429, 4.330561368590171, 4.974064499240963, 5.9408171876037255, 5.522490816060955, 6.5074720071778085, 7.447255509481463, 7.902138109858162, 3.3368664454855015, 2.3194801704793853, 2.2970604162608987, 1.9605461921571925, 2.1426495835857837, 1.457692097898271, 0.4493631151949667, 0.6389596903943486, 1.8275925543048974, 2.8846172404657064, 4.51328072821868, 4.0778176417485446, 3.631759484241232, 5.231698042813679, 6.266857362886054, 7.986759572452631, 8.54761595100704, 9.3854639516498, 4.049699202562617, 3.2647260719469036, 2.774093334236361, 2.4680876908102785, 1.9993721038323273, 1.5565515554856197, 0.6083934265780532, 0.9391994336496318, 1.3982061207494314, 2.5285945055574075, 3.4124932483110477, 3.7015718575088203, 4.674102296909888, 5.624288478400372, 6.161393040032551, 8.36570696774539, 9.08888503358502, 10.55623759469072, 3.920597479600339, 4.410498182054186, 4.586773003037123, 3.8499999999999996, 3.3573964173196136, 2.2315757262306737, 2.4253915196970492, 2.1111831710182303, 2.933841203367833, 2.9332536860693006, 1.8186045077708852, 3.5046623776519215, 3.772339416695417, 4.681621064340274, 5.695375848476332, 7.085358063666984, 8.149944114124764, 9.141509190605122],