{"west": 7.0, "south": 46.5, "east": 22.5, "north": 52.5, "cols": 18, "rows": 12, "source": "formation-steer-fallback", "hourIndex": 5, "validAt": "2026-07-21T04:51:47Z", "level": "850hPa", "u": [10.059290699133458, 10.229471452867656, 10.353804021438718, 9.623749755608662, 10.770798989559818, 10.64803733409551, 11.567521000799257, 10.370497814580942, 11.12800478357778, 9.774270488430918, 9.561877795275043, 9.167608575175043, 9.823787914132314, 11.717645096593797, 12.485090835427513, 12.301422067913595, 12.203700088999167, 10.832885283134289, 6.384771127789104, 7.854846165581184, 9.21906294660922, 9.7283478348224, 10.285884207972112, 10.02691605481695, 10.18950502951878, 10.763816511122204, 10.512822763405323, 10.392401496269155, 10.923652209862142, 11.266689382529753, 13.5981141748352, 14.669314231181795, 14.26173070748762, 13.226012061502848, 13.495025397275509, 12.505985383581281, 6.515451773878532, 6.4499607043927485, 7.2590056818246635, 8.870120666483094, 9.525, 10.650739322528812, 10.985368151894086, 11.205884134928924, 10.995364048071552, 11.297208476749134, 11.63156627847609, 11.646782597955616, 12.73561893844071, 14.141314152478014, 13.757410537816606, 12.870567393424295, 13.223301334231422, 12.911694614544988, 5.677742835244834, 6.501073205384064, 6.43838997983811, 7.752212045538737, 8.203942715394506, 9.0489993567457, 10.099660712511671, 10.225418894313584, 10.880084273385052, 11.33739239034171, 12.259712220969172, 12.26832833611945, 12.452620964425247, 11.851469402468073, 11.64145200612688, 12.359454763087573, 13.118504873159369, 12.519428830760795, 4.796611457088245, 5.258927811730371, 5.4163085973837095, 6.907365725636781, 7.6815004734952215, 8.706499326181504, 9.47260391997705, 9.302551021505947, 10.295003497723306, 10.038371744350915, 9.17706098715892, 9.303555050758426, 9.687916571151263, 10.01064192284944, 10.56190373211289, 10.776996871843469, 10.520303158689972, 11.447047476731482, 1.0340636241830818, 4.254562455501686, 5.446746662149313, 5.33500241245767, 5.41476647368377, 5.594382822383758, 4.6404018185749445, 4.4559400503016615, 5.986390592783218, 6.8612701631814375, 8.403593395309567, 9.1944130766897, 8.916337788568738, 8.953245629549212, 10.041256914439266, 12.451855719407547, 12.960143188788907, 12.413174153154584, 0.2668777589046632, 1.1946810633092892, 2.9039135381433963, 4.789990691259678, 4.6346440808799665, 4.633494701907918, 3.5426855231994474, 4.385163053178212, 6.023604543985407, 6.896321962886267, 7.927542301076397, 8.92618921536924, 8.518491832641649, 10.004178075382425, 11.016686820721416, 12.384050073108819, 12.824687463796687, 12.674517374838372, 1.3685426220964114, 2.628516141902995, 2.0966485841649707, 1.5465036264160084, 2.0684263025471266, 1.9873152444650342, 3.211112919655335, 3.2441370608073408, 5.646746199150115, 6.666254326084898, 8.018894706321683, 8.433327562189758, 10.232529480569596, 11.413440232944348, 11.725052132879531, 12.419785296332755, 12.923007256624718, 14.821184183209002, 1.1732584878017323, 1.9947801099397326, 1.4263489702397134, 1.1772353977547632, 0.847779631111994, 2.080356523326106, 3.915001734257653, 4.532083539828554, 6.694826629435346, 5.9495422938476965, 8.499258897647591, 9.953617792048165, 9.77387522728275, 11.675722151190916, 12.139879894092147, 12.91011420550098, 13.023406958704406, 13.548328370126502, -1.2306366135332982, -1.1504038499289921, 1.0139364767825616, 1.5632618294879546, 2.311558159613132, 3.1753290460009302, 4.826744338250625, 5.377113699332797, 4.9458840512204665, 5.248698743351723, 6.627025988370514, 7.867110450354502, 7.744896793934494, 10.623622796478054, 11.006922678842127, 13.317472529474765, 14.778665142222746, 14.155573655146085, -1.6553802256751808, -0.8348737015383114, -0.35586209433141897, 2.2437040244602198, 2.8234087163292054, 4.055245570972927, 5.149754694783124, 4.7261141800056565, 4.621587043537948, 5.197997215924124, 5.8316150452158535, 5.308793371755721, 7.7689741879907235, 10.341760002018981, 10.299805609434364, 12.443146444327088, 13.73118114605621, 14.256340671118428, -1.4467188777621844, -1.1339000229588163, -0.5346388390317096, 1.3403684105977796, 3.713927250986386, 4.765834571423573, 4.570030336573979, 4.7877930206174595, 5.335427429403862, 4.901255523859864, 6.780979768965291, 6.400125125541946, 8.38153438387472, 9.412620919719412, 9.612966596924414, 10.054326651700542, 10.502220388807114, 9.379561133010492],