{"west": 7.0, "south": 46.5, "east": 22.5, "north": 52.5, "cols": 18, "rows": 12, "source": "formation-steer-fallback", "hourIndex": 0, "validAt": "2026-07-21T00:06:42Z", "level": "850hPa", "u": [12.645665160940798, 12.70389961641351, 12.303004521433056, 11.860822880929529, 11.598233263814139, 11.437289068314556, 10.839594412872872, 6.275058712087849, 9.164259437192829, 10.659409387676199, 9.934071855215198, 9.413900722047485, 10.209884164175607, 9.824086185066339, 9.80129736411808, 10.02038015988055, 9.911398132439146, 9.280615249931266, 7.974562725689959, 10.143816894243823, 10.294917571767035, 10.598966754498624, 11.09972950082988, 11.347078615812626, 11.539868687641816, 12.688859942255501, 11.067945171368143, 11.452651438701812, 11.988014200732344, 12.05090637389905, 11.254609747762396, 12.19609452843011, 13.02435668474704, 11.299569730625139, 11.166763090888692, 11.04326863856101, 7.501802936341789, 8.174203133776063, 8.196390852978949, 10.288788771751134, 10.621359077865296, 11.440775824060406, 11.748210418087599, 12.45554853317021, 12.553516544681708, 13.02794516144509, 13.734952322021476, 13.122911904268152, 11.260450245366414, 13.641688387303097, 12.991269119122531, 12.746718268864404, 12.643045231663228, 11.865433441984045, 6.061547857789325, 7.670699175306441, 7.668824865284513, 7.975338669865024, 8.191149178616355, 10.109816813919311, 12.14962265246378, 12.563608716661848, 12.911218444000319, 12.59385885222896, 12.877055980085306, 13.511735097744403, 13.234334023501553, 13.817927261873132, 14.056974952367419, 13.298359212006087, 13.899978829094698, 11.55341029173311, 6.106384141346162, 8.313148245454927, 8.624240009521138, 8.944974468423212, 9.263201039223697, 11.002492496792112, 12.389803852992612, 12.406826895516526, 11.250448581696674, 11.250385541210674, 11.067174400262203, 11.043425098974087, 12.362962551970046, 13.561103145588762, 13.082681321098566, 12.62067372781641, 13.164551099362846, 12.654779626206873, 3.811999949249835, 3.2154274424688696, 3.9028836530257327, 5.423860025538764, 5.9696914619621655, 5.677729954671848, 5.5330839449956875, 5.481272745855605, 7.528045125833678, 8.795701902037498, 9.637342651846815, 9.951043823065916, 10.932920611522757, 11.555953584963111, 11.649332142309683, 11.524842018151594, 12.687912414089594, 12.300100328828893, 3.287962590879232, 4.261070812512147, 4.001800466649732, 3.930438039671726, 4.578032271018881, 4.984895133175583, 5.189013374092597, 5.17765778088183, 7.004153939668967, 7.2401702614431995, 8.452243302122127, 8.099314108150342, 9.37443743778121, 11.909398638562068, 12.159408173717466, 11.808440382106626, 11.707057230243151, 12.04296151224211, 0.8122719312523089, 2.023439627607725, 2.731551212742155, 2.9350740318612814, 3.198557182579131, 2.5052860677323308, 3.4879155185488515, 3.5733903211438407, 4.882426363085972, 5.991454915878102, 6.315806461567462, 8.555354715515069, 10.714353453365122, 13.011879626671089, 13.901075386530586, 13.424263898732, 13.456532980817881, 13.55988277470705, -0.09284227698008247, 1.3359897345862226, 1.7996852010383082, 1.4338524467907483, 1.42048197097965, 1.6516657746523569, 2.441315480771197, 3.6225330878726534, 6.080724470619145, 5.586143571373726, 8.172877615594231, 8.98187004583524, 8.762800627614952, 12.135848341650494, 13.417381397854783, 13.197989576064364, 13.122590380279155, 12.9722712830968, 1.084912030157341, 1.2328937779675206, 1.3035007012194681, 0.32775403452016333, 0.8805204215241307, 1.3985172373209669, 2.2185267324382902, 3.894166830490339, 4.228752558101557, 5.408045048723278, 8.176975359959691, 9.836388209568472, 11.614657821148285, 11.599505982290355, 12.113653918893561, 12.320079311963115, 11.416709432188624, 10.259698156466248, 1.092056805594673, 2.0875327785154747, 2.647401103014846, 1.407372703916368, 0.6944163485630191, 1.515129734334315, 3.011835238491211, 4.010599336896782, 5.575093282444545, 6.918314681231078, 8.067574028458466, 7.424756543986498, 11.40011107464543, 12.748778000293328, 12.373567149282641, 12.69705341021485, 11.158364892097053, 10.279122400824916, -1.0090022995094883, 0.7754746722298752, 1.4938747888388493, 1.5874999999999997, 1.861998112552013, 2.6846214857554767, 3.7322989241478313, 3.740466445728785, 2.9786091797608547, 4.239553732526284, 7.385364405520264, 8.73975123012978, 9.643528238773806, 10.268721978967983, 11.289654624457281, 11.36307289535239, 11.271939200845678, 9.643687004102416],