{"west": 7.0, "south": 46.5, "east": 22.5, "north": 52.5, "cols": 18, "rows": 12, "source": "formation-steer-fallback", "hourIndex": 21, "validAt": "2026-07-20T21:21:51Z", "level": "850hPa", "u": [11.831523055556474, 10.860096190455991, 11.287775793447436, 10.816553071004439, 11.248286570509402, 10.02342314145004, 6.949958460207963, 8.117051562951719, 9.399930191282573, 8.526320257219597, 7.989996520712643, 8.066035740317908, 8.583836324843293, 9.098484674180959, 8.711445675430886, 9.47292197592416, 9.166951966157026, 8.439477338336248, 7.797992352717046, 9.7749404473549, 10.473707725245394, 10.637415314503775, 10.58770776630516, 10.94368779711667, 11.175879255989663, 11.746921554368557, 11.27001971809757, 11.427996700496717, 11.258285240173874, 10.949176138657819, 10.54419977818554, 11.54992963344748, 11.220623541327978, 10.616440448090989, 10.269350968801554, 9.864390011175095, 8.649789205601666, 8.996038741074456, 8.649789205601666, 8.374681105662434, 8.245464281519498, 11.040307272592386, 11.15060929386445, 12.45781807560443, 12.433154267395931, 12.352211129245587, 11.900053948597085, 11.804066880958159, 12.384050073108819, 12.105595348719513, 11.649840304682522, 11.58895937034955, 11.941191851106922, 10.20126966597603, 6.5012895815876695, 8.554444227207698, 7.859050491303999, 9.589821840430513, 10.250219555421527, 11.084783248291316, 11.900818563460845, 11.750224300335848, 12.726858792661801, 13.76262961249124, 11.631249142004542, 11.750618745194013, 11.895999803879933, 12.242537630983923, 11.909728334421423, 11.835852727495993, 11.670057160292044, 11.619278016656455, 6.0546437376797515, 7.873952867201253, 8.63048732022055, 10.914129473959896, 10.99343183255811, 11.530893090075741, 12.360367847995262, 12.568334134073128, 12.099397323138083, 12.616559759190435, 13.597918658967544, 12.961855007593055, 12.327471953256712, 12.624692337655608, 12.443155188474876, 12.612329349258543, 11.126394439323555, 11.33450403294694, 4.013094222522957, 5.4861139891045765, 6.8566360992879805, 5.537505616672267, 6.458810796598916, 6.527988975910063, 7.823117363909802, 8.17873567893409, 10.020380189362502, 10.886496320178711, 11.710266990944767, 12.416801782390928, 13.00917690394326, 12.139117258362754, 11.82492795805337, 12.505985383581281, 12.273033801633364, 10.949539005981148, 2.484649303762478, 3.9117785724075063, 4.925398886055731, 4.5039116992481345, 4.536838122411177, 5.292197869253448, 7.097619411830713, 7.318924742449018, 8.486868928268436, 9.430839130437978, 10.753694673212202, 11.816647763111451, 12.54303621914662, 11.420234414791512, 11.222110789647289, 11.465147036983426, 12.359828907021596, 12.177875778947508, 3.239793458334037, 3.1375320216214853, 3.353531041956887, 3.979209281769852, 3.40460400268956, 4.1664990375875295, 4.514381286110145, 6.025193399674999, 7.954475672432098, 8.061547121139066, 10.490512634949225, 11.71500407121905, 12.352814256337645, 13.77848254571134, 13.899809462239231, 13.437144250290876, 12.82316279277807, 12.326998204706857, 2.7789698699057985, 2.3825200883835986, 2.7874999999999996, 2.464034505716476, 2.4749999999999996, 3.6378272459923022, 4.923762919673527, 4.943648858418642, 6.815402285838101, 6.600016679609368, 10.092964169595115, 11.256912413077398, 11.583203436056744, 14.004743242310273, 14.26943439220106, 14.579916005846997, 13.630717744425056, 13.296725720703725, -0.3993558121851172, 0.8047858205804281, 1.726490994992673, 1.6136222434489884, 1.4472399383775463, 2.4209559268630745, 3.4542685442551524, 5.402120256542879, 7.039479499067393, 6.627216106724323, 7.969525048394519, 8.456247914889088, 9.93092171590155, 10.58770776630516, 10.899983398354836, 11.424073543820343, 11.506569167933355, 11.572353549872918, 0.5330719676400422, 0.8922640995686543, 0.8036556327070391, 0.9719871545730248, 1.4620022778100579, 1.5125195359741976, 3.643176196267742, 4.769955366636878, 6.4778279413703785, 6.6507549340470336, 6.40803378258978, 8.35781348522656, 10.552913187945062, 10.409744788150759, 10.074861894392823, 10.6044680356658, 11.56659537867725, 12.063834284025903, 0.3062001698724628, 1.3693560656879513, 0.9068655929554534, 1.0332876872507173, 0.49908174246178466, 1.0001391832984385, 2.875866379597493, 3.995225788802824, 5.832193747699291, 5.50774818329603, 8.906774754148786, 9.440143725107282, 9.012294693165295, 10.424603047943986, 10.049755088589219, 9.298286122731293, 9.974488351494317, 10.68949588339296],