{"west": 11.4, "south": 47.8, "east": 19.6, "north": 51.4, "cols": 12, "rows": 8, "source": "formation-steer-fallback", "hourIndex": 6, "validAt": "2026-07-20T06:01:53Z", "level": "850hPa", "u": [10.314016132651233, 10.89606173626907, 12.025105546745802, 13.10264019023484, 13.254415038086346, 13.78232712914177, 14.806233370569766, 14.826845348102418, 14.224917547913655, 14.492397501726698, 14.205782983294196, 13.718556065850576, 11.378012717087639, 12.229326220401092, 13.037486095855819, 12.773476779423902, 13.228029070135875, 13.607551241634535, 14.798174160728577, 15.224628977489635, 15.133181605673844, 15.155201833849187, 13.899016881863144, 13.349918667231501, 11.300101628407464, 11.404218367405539, 11.764174501863929, 12.471276085020257, 12.60531464779751, 12.19812294987031, 12.644124337043273, 12.362420575926384, 11.679911215908957, 11.535858777918808, 11.247534666679519, 11.981289170183771, 12.489563203657728, 12.993144225742622, 12.433197881779126, 12.923007256624718, 13.03948685624352, 12.96673017810227, 13.876951250934992, 14.08337012520525, 12.896702962076816, 11.523629740280652, 9.585031336147017, 11.09972950082988, 14.521290954587128, 15.299971776951208, 15.016915434810855, 15.003013471651332, 14.47595634090341, 13.999466922898398, 14.424912117963627, 14.2, 13.774811175708304, 11.681273826674708, 10.704307953435617, 11.77818559848235, 12.39832035972695, 13.79010677471683, 15.699574992327195, 16.365787660233565, 16.0253463196256, 15.840378523464922, 15.143331880808667, 14.674195360438892, 13.641684788810657, 12.466768392559667, 11.84910891770636, 11.898022971727135, 10.790166189474828, 11.827316620828284, 13.73118114605621, 15.185961551105686, 15.70458309619184, 16.016545673268475, 14.999794383711402, 15.299976696773303, 15.590447025135818, 12.171722465955254, 12.117541811186735, 11.6224001121766, 11.066477012450045, 11.067651593609806, 11.711044064439443, 11.72739269044749, 12.575141419599701, 13.037499927065607, 12.813750296017858, 13.43407787161513, 10.9558801742946, 10.888213611029652, 11.46431264252599, 11.475657071556425], "v": [-1.9675038031501086, -2.117979848679647, -1.9045896118648102, -1.7948384454436743, -1.3697105526900633, -0.6981825730586455, -1.1392775676832576, -0.8289493491484826, -0.8451158234574535, -1.2934120194067236, -2.199171396583046, -1.9036069626144814, -1.985781108227181, -1.8931997240149703, -2.0649349385310467, -1.6136653821404188, -0.7627233572142653, -0.6893288085452206, -0.23246829621494708, -0.10628968803646723, -0.713662728251088, -1.166129227527644, -1.1915660777662784, -0.04660019639323607, -0.7505519220300019, -1.4811493606419734, -1.423621540190568, -0.3047914224543477, -0.7047465005386931, -0.810198432390002, -0.8841633047067886, -1.474129405415935, -2.1436648498503996, -1.4368671671082252, -0.7865042414650131, 0.6698580599179673, -1.8442982356004485, -2.596286411213358, -2.192308243044995, -0.8356933918758046, -0.523719892549903, -0.929466776324916, -0.8001399747379839, -1.083656272291314, -1.1736919135612538, -1.089303726661804, 0.5358864479343738, -0.07749198930737512, -2.118427249689282, -1.9599715876758315, -2.0036843123954036, -0.8125341650962473, -0.8346783909137243, -0.12217149697723596, -0.05035264666460153, 8.694992273946208e-16, -0.07212540177780244, 1.2689924295457686, 1.7720866903216022, 1.051175060445669, -3.9091753935555507, -3.387175097615846, -2.178496054688775, -1.662376088659465, -2.195199384124872, -2.2544197110013195, -0.4494435978894293, -0.15367343190590635, 0.47637812998913975, 2.288080166050849, 2.3247027458003324, 1.3556084848706842, -6.457781244631491, -5.515168315716126, -5.106580493264593, -2.7050317499688994, -1.7338021152385148, -1.035743547459974, -0.07853945747129122, -0.026703523998241527, 1.36398737400085, 3.536212269047231, 3.543417200124945, 2.555350393288054, -8.369510829965794, -7.465225261334468, -5.585881481087626, -3.3627757409673884, -2.1043569747236406, -1.7164194276936786, 0.5370552590769867, 1.7686299045817009, 3.412376680042593, 3.204575535166648, 3.791458905806414, 3.5084604566728412]}