{"west": 11.4, "south": 47.8, "east": 19.6, "north": 51.4, "cols": 12, "rows": 8, "level": "850hPa", "source": "Open-Meteo", "hourIndex": 11, "validAt": "2026-07-18T11:08:39Z", "u": [5.692362293228058, 5.588858234472022, 6.330788638082687, 7.099781308601284, 7.740543313180001, 9.138603519286223, 11.588711119596994, 11.048182141593434, 11.928911601437731, 9.14244211956532, 7.315071064857312, 6.495190528383294, 5.944444444444444, 7.091570105320092, 7.091248804825879, 7.334841321022187, 12.419519996320624, 11.41328749132159, 9.379993086277677, 5.591137119636162, 8.736151749431503, 7.836221778024456, 7.313103409735264, 6.571381870479922, 5.835228257161113, 3.4060804501047226, 7.716680358769135, 6.19350100055209, 7.078433107598487, 9.36411426041347, 11.13461464461886, 11.354619167829728, 8.341102593677588, 6.42302174473459, 6.086234087707308, 5.056893976859843, 8.22990341464355, 7.582148535476063, 7.853017467581312, 9.486980580168451, 8.850203185468454, 9.738654446454058, 7.702038518601914, 6.472467958119795, 8.722222222222221, 7.8462162594350175, 5.4421567321333795, 6.209759998160312, 8.994934957735932, 10.258414093877166, 7.961034639305697, 10.752583309447656, 8.59930988260883, 8.495327008726829, 6.96266703398328, 7.225866767045303, 5.841714837715784, 6.098131885262498, 5.33196952118587, 6.712327112964954, 8.609830708780876, 9.126364359284853, 8.488351045413877, 9.242473032295639, 7.342971288417713, 8.617067838856821, 8.218606259256902, 7.471084166585256, 7.471666863744396, 5.833499685333821, 7.342971288417713, 7.845672730127489, 9.218424512221285, 9.87517324106177, 11.511979358976337, 8.488351045413877, 11.638247253031283, 7.843223787397638, 9.105284397637966, 7.196359969880306, 9.238060673597055, 8.609686155474195, 10.649849702240298, 10.253458090008735, 8.349652498920188, 9.727134473963956, 11.523030640276605, 9.116450707542505, 11.650677905470028, 11.27606011759708, 13.176066803533672, 13.812804102337129, 13.14732374671232, 10.893496818704495, 9.724796109345851, 10.893496818704495], "v": [-2.776350596330823, -2.2580452992014735, -1.3456506655704923, 0.7462170849940817, -2.5150549819960974, -4.261400805885378, -6.423727468263968, -6.9036704145937025, -7.1676132091649185, -6.166655074385737, -4.750462694297731, -3.7499999999999942, 1.8199612153995386e-15, -1.5073597584287488, -1.6371437843914602, -1.6933815479774266, -2.1898964627996156, -1.8076871515760076, -1.823285955820319, -3.6309269001001767, -5.673323281406526, -6.345647276419193, -4.222222222222216, -2.7893861117150904, -1.1342534725161284, -3.066848612478101, -1.4999707136545064, -0.1081079620976142, -1.1211136661216585, -2.509106853910543, -3.1927993715469083, -4.132743398518489, -2.5501309800816396, -3.7083333333333273, -3.5138888888888835, -1.94115972670371, -0.575490908389032, -0.6633520420238396, 1.5264719630123578, -0.4971915843079663, -1.0866683120292324, -1.7171875347063064, -2.9565355837487273, -2.103032322829501, 2.6704103814740894e-15, -2.5493902035933136, -1.768263912256642, -1.0949482313998078, -1.264155667053927, 1.8088351840305252, 1.6921701502667612, 1.320251220222429, 0.45067073431423604, 0.7432448062091978, 0.36489791713830083, -1.404566215966234, -1.241694820161613, -4.269957915057781, -1.2309821584928156, -1.5496628188132908, -1.2100327944583458, -0.4782924889980143, -0.4448556280650225, 0.8086116132699415, -2.1055631347131887, 1.5194215545856413, 0.7190348776681816, 0.1304082592119248, -0.9174053350776386, -3.5051202320267567, -2.1055631347131887, -0.824613432444824, -1.46005500704216, -1.3878650901295402, -0.6033172733561579, -0.4448556280650225, -0.8138255270147927, -1.9555353227639845, -2.6108982870443547, -1.7942540590308722, -1.96361041327883, -3.3049488680288808, -3.8762282910242374, -2.9401317953813253, 0.43758674525350016, -2.067566258687709, -1.8250687588027, -0.9581775799534926, -0.6105861561676779, -0.19682436148713617, -1.8517754266630915, -1.4517842120507465, -3.52281478056208, -2.9189036753228668, -3.732999474430211, -2.9189036753228668]}