{"west": 11.4, "south": 47.8, "east": 19.6, "north": 51.4, "cols": 12, "rows": 8, "level": "850hPa", "source": "Open-Meteo", "hourIndex": 14, "validAt": "2026-07-18T13:58:19Z", "u": [3.507995844150129, 4.314757303333054, 6.954925559418439, 5.055486301455389, 6.355954722921986, 5.152049580904232, 8.503187702779998, 7.80888054268464, 5.690875290162897, 6.724709618758033, 6.673660187530194, 8.110398625072559, 5.061311169856638, 6.197936720356422, 6.835002511907254, 7.348411782443353, 7.866641440811284, 9.377099412637545, 8.86111111111111, 4.529283164624202, 6.741808286457898, 7.315184876823777, 7.351163161519496, 7.857635256351448, 6.592365624317458, 4.828975967927586, 7.354033365772463, 8.500486719671429, 8.718018066038908, 9.087873377931468, 9.101441186718162, 5.915565421863215, 6.19522292557072, 7.589816390970744, 6.064926788238377, 6.708361209499403, 7.753904097851759, 6.982985464294186, 8.613133039794901, 11.778928826136138, 9.875433301039088, 9.748329292025325, 9.479108390502866, 8.20783494328426, 5.452536440577326, 5.46299621457383, 5.841714837715784, 5.580658179197462, 5.6918786627572215, 8.59930988260883, 10.12380549110016, 8.859761520969133, 9.37230153539861, 11.51158317794906, 9.870320063544256, 8.216071571327578, 6.064348289224977, 4.306172559891945, 4.687429486976535, 5.575549769358289, 6.697423243828493, 7.951889205690034, 7.7220129372954736, 8.340479320581162, 9.589819872642797, 12.649307440224602, 9.47304229652312, 7.083333333333333, 7.471460235688092, 6.969147295552812, 5.792228298372409, 6.438172844220552, 7.3659606223916985, 8.851104443804717, 10.491027724417382, 10.609807372105895, 9.999436512455407, 10.504446771537324, 7.859913825812742, 5.841714837715784, 7.703616189811528, 7.472222222222221, 9.214208198261826, 8.350358259224972, 9.61111111111111, 9.218424512221285, 8.59930988260883, 8.744375683249768, 9.490068992106716, 8.72016370955409, 9.374046987723597, 6.835002511907254, 7.845672730127489, 10.238667730387384, 7.857657033827132, 9.639318673159254], "v": [-6.597580624418092, -3.1348546788931886, -2.952190748585621, -0.5313530216105732, -4.287145593275726, -5.335103519178326, -5.52203466056902, -5.88441355970892, 0.5981350953649059, -2.9940336226413087, -2.832800681547232, -2.635228257586354, -1.1684957545084085, -2.3791649983701877, -0.5979852349630963, -0.7723492008109972, -3.502454426486059, -2.86686699353127, 2.7129328397778173e-15, -2.3077850403426985, -4.898210435770608, -3.5678540558111016, -3.427903678563445, -3.0162635753396105, -2.269933521354067, -1.7576035143124606, -2.532196756888999, -2.598859597535429, -2.8326557817703484, -2.9528290573606055, -6.61258408829032, -4.963748763690502, -3.434068143411555, -3.701800795107764, -2.700279380419897, -2.4416438009637966, -2.9764449142790217, -1.6121492227976977, -1.8307779441452618, -3.156154466666843, -1.7413053371600469, -3.167424192343208, -2.718090592084298, -3.484019229029354, -3.2762144209556214, -1.881060447974685, -1.241694820161613, -1.6002279823820236, -2.299668254025464, -0.45067073431423843, -1.6034532666623722, 0.15464771259704096, -2.6874642192157427, -1.0071330273062675, -1.2119229149734116, -2.669563479183571, -1.512011847497926, -1.3991602800865661, -1.8938444444915583, -2.1402530320066546, -2.3061077607381955, -2.58372542519053, -3.2778000223266823, -1.321002149228621, -3.115921359947383, -0.6629221124106217, -2.1870241394542407, 2.1686453734901047e-15, 0.6536680706074378, -1.9983708296732448, -2.825058501529609, -3.5687374823688707, -2.976041269915306, -3.0476796681128318, -2.8110624065301497, -2.44946703618875, -2.4931395352076913, -1.289783884371145, 0.13719530615975734, -1.241694820161613, -3.592255224795939, 2.2877082567405417e-15, -3.3536975164989116, -3.205402215377408, 2.942554114617946e-15, -1.46005500704216, 0.45067073431423604, 0.7650337418961125, -1.3337422175339595, -2.3365608238421958, -1.150988243270838, -0.5979852349630963, -0.824613432444824, -0.8957673560175936, -0.9647989686240848, -2.7640301513871317]}