{"west": 11.4, "south": 47.8, "east": 19.6, "north": 51.4, "cols": 12, "rows": 8, "level": "850hPa", "source": "Open-Meteo", "hourIndex": 17, "validAt": "2026-07-18T17:09:40Z", "u": [5.93279129208295, 8.23408704601874, 5.708283176486772, 3.1584113087526364, 4.667902132486009, 2.6682222963314532, 8.49467844093695, 4.19051109921975, 6.584499426440547, 3.6630491689754576, 6.3276006684810335, 8.090619274147517, 6.819862438449591, 7.833556720305415, 5.0723014202408185, 4.709053828580945, 6.32972157553987, 9.350535391638573, 6.31482709498223, 7.357896607157727, 2.6388888888888875, 6.495190528383294, 7.354033365772463, 8.835814698201313, 6.278162481760661, 7.113985970060688, 7.97770872992115, 5.7082831764867725, 6.687640618113169, 7.822987380524595, 6.355954722921986, 7.053801649824576, 7.968146491660462, 7.5946279208391205, 5.690106709535308, 5.051437606448785, 6.064348289224977, 6.676202218056954, 5.792228298372409, 7.079651567603779, 6.9277197204563885, 5.797955126353792, 7.582033893797474, 5.056356214843423, 6.453104092246737, 5.0298613616520615, 4.704802584312473, 3.90444027134232, 5.690106709535308, 5.056356214843423, 8.071658748278224, 8.106419650716706, 8.72016370955409, 7.983812419043259, 8.214519965061912, 8.998477542533708, 8.713308948844702, 5.956542595449255, 4.29210635417534, 4.29210635417534, 3.546048391230251, 3.2864509310380425, 4.422723859322472, 5.961606544547666, 5.170799991053099, 6.316524825380257, 5.309675223793641, 6.481621123749464, 6.360796575455846, 5.336483785878362, 5.54777725176645, 5.0663407211696985, 6.584499426440547, 7.202302737189305, 7.85687441268218, 7.361215932167733, 7.45744097703267, 7.35823381671558, 6.597580624418094, 6.940949132752122, 5.656157838355721, 6.332368735990478, 7.570745984707366, 6.960067292606081, 5.702016175552617, 6.1906709562571764, 8.218606259256902, 9.242501974921323, 9.374046987723597, 7.730130110701206, 8.987665812791164, 8.370409798172384, 8.872383013657053, 4.93338625912602, 8.597951835892742, 7.849092188547728], "v": [-4.310425183478134, -1.4518917077151634, 0.39916204420249707, 1.1495677039557195, -1.7918397477265013, -0.37499418869795376, -6.171745149070965, -3.773153141412452, -4.7839188589359605, -2.6613610034353634, -2.4289383246959235, -2.319947744793077, -1.4496065109793714, -4.706875740150215, 1.6480906366663879, -2.5038483348580813, -2.179497922893746, -2.858745557288972, -4.587990441505136, -3.9122630232157527, -4.570689631084538, -3.7499999999999942, -2.532196756888999, -4.502072455750511, -4.73093476533416, -5.558054985578854, -3.386336446907036, -0.3991620442024936, -3.861111111111105, -4.336352714425572, -4.287145593275726, -3.594091456271416, -3.5476473868278147, -4.9320090393027405, -3.0254834046201817, -3.5370546908314453, -1.512011847497926, -5.216020832620155, -2.825058501529609, -2.7176236173851938, -3.08441954332482, -4.212460974762723, -2.4635521496002726, -3.673657826827956, -4.190694797198954, -4.073101419850336, -1.9970702122785082, -2.94220677985446, -3.0254834046201817, -3.673657826827956, -4.849941872069675, -3.780085563347361, -2.3365608238421958, -2.2893213719245216, -4.935781551221352, -2.5802719141757993, -4.24976472859411, -1.5960507781322077, -2.282153430209189, -2.282153430209189, -2.7704766389654596, -4.0584289098308455, -5.4616091180170425, -4.174361842332607, -4.338816365384144, -3.0807750038232378, -3.190374741803946, -1.9816304431207643, -3.240987734251768, -1.7339286906594253, -3.3334408737234056, -3.417289965654564, -4.7839188589359605, -3.669756539561341, -2.859668420584058, -4.249999999999994, -4.305555555555548, -2.2496378391166054, -3.507995844150124, -3.6905681185668597, -5.092827392842422, -0.11053190743612572, -2.314609329054991, -2.396543359198517, -2.420362268141888, -0.2161829934627155, -0.7190348776681765, -1.298948942293943, -1.150988243270838, -2.363337946508781, -0.4710236061864944, -3.3818650794492107, -2.712559704927604, -1.7956057524597568, -2.4654230159187156, -1.8121057155477995]}