{"west": 11.4, "south": 47.8, "east": 19.6, "north": 51.4, "cols": 12, "rows": 8, "level": "850hPa", "source": "Open-Meteo", "hourIndex": 16, "validAt": "2026-07-18T16:29:40Z", "u": [9.116517033681577, 4.305555555555555, 5.07174044781293, 3.6655616325982088, 4.566236094752798, 5.570007170845283, 8.458872679008737, 6.674390203593318, 4.330127018922195, 4.553708634096144, 6.461043599928665, 8.237200796409555, 6.833333333333334, 5.81638689461581, 3.8042260651806146, 5.0647316853786535, 7.210621352044117, 8.840472172736856, 7.094137624575098, 2.535709570444196, 5.690106709535308, 7.722056542965852, 7.5983073601022255, 8.83650092360734, 6.4700305907894196, 6.696327838537908, 5.60654019125637, 5.178435679827507, 6.8089370128964255, 4.829162769779646, 7.065124912117116, 8.20783494328426, 7.698003589195015, 5.5948651137450645, 6.058001539893195, 6.352317404179503, 8.216071571327578, 7.722056542965852, 7.984421364212345, 8.57645065474278, 8.105556626233989, 8.982426468193509, 7.743496995058679, 3.7982957746622357, 7.047820027995147, 7.344269764723687, 5.305552056687727, 4.923390336019249, 5.1930322675062985, 8.840472172736856, 9.735430472951265, 9.109797907063392, 7.047820027995147, 8.746994982506564, 9.077200638211565, 7.826792653572123, 8.627960868885381, 5.321150201854866, 4.801535158126202, 4.93434239608843, 4.922994966185126, 4.31217501875709, 6.855055443931109, 6.2201400455952305, 6.809718000022338, 7.439233247888443, 5.923776682771027, 6.954800924914758, 9.244365149926635, 6.336905162861381, 5.690106709535308, 5.8023269803803625, 6.20515947203635, 7.8394814038316225, 7.225287079986628, 7.722056542965852, 6.4663238330967845, 5.94410322684471, 8.606742803667322, 8.215879155744586, 6.102612646227236, 4.552780434198103, 8.61234511978389, 7.4663171446697945, 7.206858610291627, 5.318472486614101, 8.11469667441009, 7.092593606725848, 6.464531874896211, 10.134199807771518, 7.079651567603779, 9.492782384608823, 7.852351572557494, 7.58194976948232, 8.861759278117484, 8.624653549668805], "v": [-5.696632090506958, 1.3181962074155537e-15, -0.9858464761121493, 0.9139271611543011, -0.6417426322047457, -1.1839415727122358, -3.944437109579855, -4.849228331412902, -2.499999999999996, -3.821015235358875, -2.2247157221239067, -2.207151301290936, 2.0921049485433953e-15, 0.9212251830146946, -1.2360679774997885, -3.1647956058371984, -3.060727173165975, -2.2041772710191987, -3.9323446975536234, -5.4378467222199, -3.0254834046201817, -3.9345843310760764, -2.9167169226881384, -4.120528051971813, -3.01702481298221, -2.705492063559369, -3.5033551357639685, -1.387557658466289, -1.9524312703704114, -3.017595810216864, -2.4327175985826455, -3.484019229029354, -4.4444444444444375, -5.402898436903311, -3.2210965557809694, -3.3775870767095992, -2.669563479183571, -3.9345843310760764, -1.843348917540003, -3.465110989097191, -3.440604659197213, -3.0928974673429916, -2.220412032970272, -3.4200008769452763, -4.234757504816001, -2.386297901006536, -2.1435821734355, -3.0764757284649975, -2.532811070336891, -2.2041772710191987, -3.933369230867082, -3.3156952783516154, -4.234757504816001, -2.3437502417617107, -3.853043072602557, -2.694980834117578, -3.485922466509187, 0.6533550910331508, -2.44650435970756, -2.300921647254915, -2.1918585765751466, -4.789155541965425, -4.283514052551744, -4.039406176361447, -4.09169137289654, -2.707659467994872, -1.8110802820325023, -3.5436480674114663, 0.32282034449813307, 0.5544073635892713, -3.0254834046201817, -4.062833090819904, -3.2993418162452848, -3.8235705581047292, -3.3692066977661255, -3.9345843310760764, -3.153836861621417, -1.9313562148434196, -2.631345342504622, -3.319430647213226, -1.982859047239244, 0.15898659608917065, -2.7983205601731322, -3.1692635977463284, -3.2087001842646474, -2.2575576312713572, -1.1404462439783132, -2.1684234766936235, -2.611840415205391, -2.526739798485423, -2.7176236173851938, -1.503509025108891, 1.6690688512870098, -0.9309463732337661, -1.4035647835554097, -2.4730796091358545]}