{"west": 7.0, "south": 46.5, "east": 22.5, "north": 52.5, "cols": 18, "rows": 12, "source": "formation-steer-fallback", "hourIndex": 23, "validAt": "2026-07-20T22:32:30Z", "level": "850hPa", "u": [12.924507855604414, 12.566162413028172, 12.264059899772114, 11.534171126415329, 11.2961277722238, 7.907412368365945, 7.492106131035439, 6.638266107906655, 10.538374935788607, 9.923784255885797, 9.34035462265649, 9.442286119808504, 9.777832367586063, 9.445667821698937, 9.26868590961955, 9.801066793802772, 9.799626846028879, 8.880433067799245, 8.399181201678156, 10.049529785368385, 9.592634848123602, 10.699934811938357, 10.924933441161361, 11.071204874104296, 11.938085071454207, 12.896702962076816, 10.638150580732967, 11.290400291879768, 11.818979479568563, 11.8167145657693, 11.521135039473888, 11.847766093417034, 12.87012719697931, 11.519927387875901, 11.324931004224476, 10.787035201375884, 8.72760685064576, 8.61470293456987, 7.7614334456975635, 9.950275170204254, 9.785659369196877, 11.429846029727113, 11.983554417054886, 12.477377666143786, 12.481267856889625, 13.010877371050679, 13.466085725145781, 12.425309192378293, 11.391890498640388, 13.351457698480361, 12.491363827236338, 12.355704456752015, 12.343906020516785, 11.30506605123664, 5.9433859769049135, 7.524321751722403, 7.888056176925174, 8.191149178616355, 8.841227945564242, 10.5174778708845, 12.591537761611068, 12.112545604857505, 12.55772887797555, 13.129215847016917, 12.803338248879587, 13.019908925558333, 12.675431279892102, 13.821131313069678, 13.317674127423913, 13.023016229411997, 12.947159850999249, 11.573572020975222, 6.02885178302609, 8.865156008874065, 8.730500882607805, 9.41060327636853, 9.917782998234081, 11.237304054042935, 12.577443795758276, 13.072081141292344, 10.872373238529788, 11.647030827877911, 12.556944815557175, 12.159207830351123, 13.338030969362295, 13.823854345618997, 13.345594638406169, 12.894322195540054, 12.842050080235904, 12.007216448414413, 3.422617780481569, 3.2749774094574473, 4.818614563310993, 5.83421952238606, 6.247476738555072, 5.298922437240526, 5.824829889324273, 6.346979864363888, 8.062038663695953, 9.14949177951587, 10.294315799658625, 11.187885614586147, 12.189840966832149, 11.682150607977976, 11.397286471304197, 12.14021190064052, 13.055866964515218, 11.526163502668842, 3.085638135827368, 3.4852306893950766, 3.8608308751560667, 4.128016745335023, 4.656104409824449, 4.651361904093136, 5.652727728948269, 5.677879403929988, 7.335254729736154, 7.993522754372758, 9.147922902311578, 10.252788156513205, 11.716233736094328, 12.160241939257455, 12.04983109063656, 11.030550098557606, 11.55341029173311, 12.58754195735157, 2.159787705352329, 3.146606227654259, 3.0973127562956484, 2.7291478412145396, 2.6575461175935833, 2.916086580432703, 3.3604142816026346, 4.069234771640327, 4.810872236768686, 6.578366195650954, 8.363564139254063, 9.717656249700198, 11.440774764751733, 13.813422258867735, 13.558793314409966, 13.949660048340256, 13.942381580623584, 12.905181566447435, 0.11308263683045461, 1.2887238546960604, 1.4790519073916732, 1.1822985764232454, 1.9593762978578066, 2.3345858833366853, 2.8524723541253856, 3.5092999318245326, 5.349680471693128, 6.041292218978204, 8.297067822321331, 9.062305859687166, 10.60534588071746, 13.85473056106188, 14.045662327180919, 13.299817686890776, 13.183095514831258, 13.698380924379844, 0.6091668976121933, 0.9066002845590287, 0.9941710262090409, 0.8793848174113488, 0.9881950989500679, 1.509170084343664, 2.9225956758692484, 4.145179964154802, 4.277511636168452, 6.301818097025568, 8.360428819243797, 9.436985111193524, 9.678847913204866, 11.59979471200419, 11.821956355240907, 11.913650042363656, 11.002757914939632, 10.731281937439839, 0.7078394120913053, 1.6178775734375306, 2.41245370360682, 1.0883443155533894, 0.3121602200049617, 1.3499471640621572, 2.323002120520517, 3.435081702975758, 4.203781039883233, 6.195233565177527, 8.334085813936863, 9.579024460333844, 11.254850169474018, 11.634267889334264, 12.123153303771245, 11.016732264749972, 10.486286729407675, 10.568570695733536, -1.1929080038523323, 0.8922294284525066, 1.86348165037736, 0.6678825802976108, 1.1709078240597395, 1.9396835089855546, 3.8866093380275055, 3.694837510703791, 5.224162454488529, 4.288451056859673, 7.206901993571586, 8.602957929256757, 10.869928360629057, 10.778929151265894, 10.37372006199723, 10.884822709867404, 10.001992420975759, 9.592703631877047],