{"west": 7.0, "south": 46.5, "east": 22.5, "north": 52.5, "cols": 18, "rows": 12, "source": "formation-steer-fallback", "hourIndex": 3, "validAt": "2026-07-21T03:11:47Z", "level": "850hPa", "u": [10.903185445121174, 10.255835053784683, 10.488343687100686, 11.139003966748563, 11.851024343530048, 12.756305963417356, 11.574497032187779, 9.497389287799534, 8.661473629278687, 8.547133726891628, 6.503943512785431, 8.385214554559628, 10.327050951435778, 11.300047160251575, 10.818753052890411, 11.493575756333167, 10.915651316740377, 9.62408470521602, 6.281879314314976, 8.945869675618587, 10.454872756991524, 10.099446210591672, 10.573969191398392, 11.027651032394246, 10.740292415366063, 11.60076906241408, 11.260877217308542, 11.114117704317474, 11.85, 12.684011228355745, 12.929559905781407, 14.279712418677017, 13.7791466127854, 13.544594707683428, 12.856533911239477, 11.621529818706254, 5.258008583856704, 7.224955982827535, 8.268415994161488, 10.921976573093838, 11.117138187330161, 11.787228382838514, 11.482068788092782, 11.286918405714264, 11.87519585743893, 12.178207958635214, 13.570681329870155, 13.305490300710177, 12.727893140655759, 12.82781881914513, 13.149321697496086, 12.73891071976744, 12.178525900669936, 12.330743437647465, 5.848782370557453, 6.699836725726145, 7.049828196473033, 7.999220192074434, 8.443771643669749, 9.865601188120847, 10.710301760242803, 11.16068881653328, 11.645121140718771, 12.168718525038761, 12.291900931791446, 12.905845445082791, 13.287745899937068, 13.354109694805539, 13.258796748129098, 14.01190084551309, 14.928410999727468, 13.265215215350993, 5.793653334641875, 6.293770978675785, 6.304332518145318, 8.022737179851156, 8.797595592597284, 10.478289677447417, 11.649630007807987, 11.76907219703106, 11.490227257908746, 10.76765799529341, 9.735053102883885, 10.290904841871559, 10.460435135940095, 11.124237423973048, 11.360489977659812, 12.475414344269888, 12.188388303298664, 12.89557949218469, 4.576017685339075, 4.7962024025514065, 5.54418646263686, 4.950594624196899, 4.727718371043135, 5.238840253379514, 4.640351111370749, 4.561581829627866, 6.764656528198565, 7.4502806827102095, 9.175440922205025, 9.573232378193646, 8.555229093851038, 10.035402935049722, 11.169980920938126, 12.78126938017551, 12.72451547099158, 10.921976573093838, 2.3072476419911627, 4.528266144153226, 5.394098335882156, 5.756179265025118, 5.185648811722228, 3.8882590704149025, 3.5887270865577907, 4.707037704383322, 6.045599316438739, 6.530674743778424, 8.26329323957796, 8.730878655593846, 8.95501792378371, 10.751574837147055, 11.258285240173874, 12.08113324660197, 12.418869012544215, 12.707328488671902, 0.9837519015750565, 1.62249685420477, 2.553410531310177, 2.5801978397418255, 2.3610585323087703, 1.8519810439969184, 3.0874123538532485, 3.084190271662185, 6.157493329848228, 6.813296870914148, 8.22663886595308, 9.488760116444965, 10.93035704364594, 11.544472201310649, 12.253689568410461, 13.22448461716792, 13.723662142027699, 14.400366105019017, 1.873416672030062, 1.7890123100794186, 1.4777509765673595, 1.1292691157173251, 0.745223424539642, 1.9364077171453227, 4.221639627510075, 5.2068779417617055, 6.443566697066958, 6.616644594196494, 9.025050409425639, 9.074885420513901, 10.230108835931157, 10.63924512367187, 11.773916871000786, 13.405567179608408, 13.657137697717829, 14.25327594448736, 0.8220833750216523, 2.30275986790647, 2.4499999999999997, 1.4762201056760762, 0.8505913767642967, 1.9915086870729064, 5.207964411798452, 5.920589336676894, 6.268105698784699, 6.504558418671969, 7.986653395249118, 8.790359984790273, 10.313593423786058, 11.975024287701794, 12.615651013028078, 14.408967762522773, 13.544717058796802, 12.345347038525153, 0.16561753508130422, 2.2961005941905395, 2.299385732121294, 1.3575893651123627, 1.7538813148949606, 2.9087443212754147, 5.9243765738610925, 5.501439633172585, 4.457080006777772, 5.864589174128982, 7.154584517108145, 5.804318304056988, 7.442298871988413, 11.09347062338297, 12.371333718427767, 14.754429833526691, 14.323930920385974, 12.403836196083297, -0.8792692012704282, -0.2400162920279424, 0.2791057204546319, 3.494366831003489, 3.4308572300849565, 5.814206534670558, 3.674458940067347, 3.235652026746569, 3.46553759556784, 4.868691569814937, 4.1331805511531865, 5.382050388314371, 8.15702221882797, 9.844318986826686, 8.713834727153952, 9.417537977074037, 9.343475501419093, 9.975558815495434],