{"west": 7.0, "south": 46.5, "east": 22.5, "north": 52.5, "cols": 18, "rows": 12, "source": "formation-steer-fallback", "hourIndex": 7, "validAt": "2026-07-22T07:22:10Z", "level": "850hPa", "u": [4.4190462583611945, 4.563929611033829, 5.44931003228232, 4.707162757855475, 5.370084399700996, 5.091397069082125, 4.561162818747548, 4.092542768982546, 5.6649698303302385, 5.387314902786915, 5.379344615309335, 6.275404725834142, 6.983202479658866, 5.671440687899741, 4.958343281123171, 6.350048347064225, 5.693194982846174, 4.8887974772988985, 3.0042163245402964, 3.864734030204178, 4.0017995896167795, 4.7023352483473495, 4.260944548518704, 4.5315793541045615, 4.569359115308869, 4.886168573170988, 4.348832649998687, 4.339563279778097, 3.8233258260849947, 3.974629315612423, 4.113289361865121, 3.7059040214873913, 3.516872055942202, 4.837722875349375, 5.08659495406496, 6.330155114179173, 3.5668019321770914, 5.045367775294277, 4.851196896101723, 5.456214540090994, 4.769977416305037, 4.9221585603673494, 4.782453527038946, 4.8704916738704025, 4.67552606940741, 3.9749976022723965, 4.210828030772244, 2.7388989746875425, 2.8392116243900647, 2.706941831422552, 2.774269656536609, 2.9619824915576407, 4.207740926237356, 4.924879981224069, 3.413442600948204, 4.767002656657351, 5.017395107362091, 5.024988402564404, 4.705194435608202, 4.579521673239282, 4.929723906582108, 3.963240692931585, 2.857342596712874, 3.376361323910063, 4.466497640956394, 3.3940067031839325, 2.1731824256425916, 1.0544529608984168, 1.2246096418759425, 1.5845332912325043, 1.7480193137601046, 3.3681055718109536, 4.387182562404118, 4.969262343400101, 5.579720119878066, 5.517480754904949, 5.125166956258302, 4.949224458247787, 4.180392615155773, 3.3564734923244037, 3.077007636853031, 3.1428474368275463, 3.024324895161944, 2.761624936722765, 2.069653211042831, 1.7922985673746954, 1.6605392371037826, 2.0919603956164625, 2.0083407506934785, 3.2593182035405635, 6.131485483261999, 5.981488259069659, 5.638159962700991, 5.880067205079946, 5.942411186866288, 5.4442071689303, 3.970523042852894, 3.974472591988699, 3.2875455262767734, 2.8629453417961472, 3.0606932391453983, 2.654036752999931, 3.5960994578877643, 3.423205330454477, 2.6067652755420556, 3.2526389764315624, 3.69905582269416, 4.926993387744465, 6.130766615825715, 5.980090521254829, 6.519603766945814, 6.095674555347984, 6.2259451882081684, 5.398913009020568, 4.938124853212568, 3.970523042852894, 3.2964224415774557, 2.980812360784111, 2.8892108953906073, 3.2104634112243597, 3.557997021442775, 3.8322294435994744, 3.1365375274762837, 3.818376618407357, 3.851085997887509, 5.4519388242809725, 6.900375321073233, 7.407859644476155, 7.1349591781876684, 7.3286792010355155, 6.463919071184245, 6.43378557717784, 5.639362825370589, 5.220113971440542, 4.115976091540555, 3.673907555446353, 3.085113310707106, 2.475254229209442, 2.9167126808761994, 3.9945142752268437, 4.390874682231887, 3.912557526257768, 4.285456018233399, 5.8686804163706325, 6.2807196968957175, 7.716905457777845, 6.874348607668507, 7.3174007053238235, 7.440403571328175, 6.626771202533276, 5.802994968098303, 5.883695653196018, 4.726709522072548, 4.566209978861619, 3.57320722729142, 2.766926323150587, 3.0494192087642493, 3.532770562918491, 3.7476608536763605, 5.220588561268298, 5.250823450370254, 6.838157110139244, 7.204324698888645, 7.368699171279256, 9.162264125973744, 7.002493094243559, 8.889908020221494, 8.23339612673863, 7.922266991284283, 7.393036775049372, 6.309395267261474, 6.172996667101759, 5.486546823419011, 5.389024681737872, 3.9759065402447997, 3.5683592926264467, 3.6148758993006007, 4.834468630942752, 6.046835043002855, 8.094260247889231, 7.033947028105039, 7.777094107751387, 7.344029335768376, 8.50424131958202, 8.280603346224945, 8.3377382643324, 8.860830016266476, 8.71722754136504, 7.982810798764545, 7.384765809590741, 6.818766121854195, 6.262413322497646, 5.092201270485769, 5.467474399056594, 5.162659317703154, 5.932435278307746, 6.046972897075072, 7.8671864862721455, 8.231676007580742, 8.396144079978342, 8.541395540776605, 8.591515516384515, 9.12134801166772, 9.077425556269421, 8.47113388636965, 8.484150048851454, 8.442083340256469, 8.274535517691687, 6.80883557435861, 6.804010085596763, 6.112201792173861, 5.594032197628548, 5.029241060840728, 5.560382030962522, 6.199757823960294, 7.293947534042532],