{"west": 11.4, "south": 47.8, "east": 19.6, "north": 51.4, "cols": 12, "rows": 8, "level": "850hPa", "source": "Open-Meteo", "hourIndex": 7, "validAt": "2026-07-18T06:35:01Z", "u": [8.585962273107851, 8.234761372255402, 7.471273562907219, 3.4145853256485776, 5.690875290162897, 6.694133291741251, 15.759685407915086, 12.39044585114144, 11.762006460781183, 9.620816778533353, 7.595548097264797, 6.041415777651539, 10.391292190206501, 9.49421285668141, 10.997019908636325, 11.658006662372538, 12.517109801254449, 12.175981481885373, 12.42482465261368, 11.80915510831961, 11.254981790157945, 7.85530765674639, 7.357896607157727, 6.318689415361321, 7.065519863962896, 7.862950215696073, 9.373914507032307, 8.210369523457082, 10.256310233626994, 9.639318673159254, 11.406824313428947, 11.254981790157945, 10.497731117776217, 9.99298154366426, 6.476375160860405, 5.0533583079165085, 8.247023131616261, 7.605499672351419, 7.9779870827137485, 8.220561014282746, 8.617067838856821, 9.105284397637966, 9.642107845417694, 9.14137926216908, 10.76443715438025, 10.875125454168222, 6.576997937300338, 6.326712661404477, 7.707544689104117, 6.575325538266139, 7.700575337360073, 7.5958486846860955, 5.060817619646069, 7.202302737189305, 7.8462162594350175, 9.23835868534499, 10.98918314863521, 9.864673217139297, 6.583333333333333, 7.328866064806702, 7.45451796191571, 5.178435679827507, 8.60693557226958, 7.607610671719394, 6.571381870479922, 8.609923976848178, 8.900816650006735, 7.092877009637578, 8.014029868032068, 8.00571878549041, 8.091352852107462, 8.85571316164143, 8.216076477475388, 8.744669736417087, 9.760037157806332, 9.63301713821184, 9.229957895651099, 10.035989584844918, 12.580649936446465, 11.472206189671649, 11.759222105747435, 10.772202382903433, 10.902797529115215, 8.488351045413879, 8.857669939978353, 10.122740258247163, 11.77679781556737, 12.13888888888889, 13.03928707260625, 13.525843108705633, 14.032755754143965, 12.512082504367088, 13.397588390796985, 12.535449950987797, 12.275907812753472, 10.515086707888411], "v": [-1.8250026194003244, -1.60067546121435, -1.45226846481037, 0.11923994706687802, -0.5981350953649076, -2.0466019330591503, -7.348861995824373, -6.86813628682311, -4.99267553069627, -5.332905822709709, -5.934292553833424, -4.7200713108300425, 0.7266299348346427, -0.33154521867376097, -1.939071317280717, -1.22530587497083, -1.536907830720472, -3.491406507015324, -4.522266339528278, -5.759709789756487, -4.54730781452094, -3.1737503053292593, -3.9122630232157527, -2.813261781274286, -3.446084292814135, -2.4039451277202724, -1.9924870370035186, -2.1999618833714214, -1.259316548519858, -2.7640301513871317, -4.151744517592137, -4.54730781452094, -1.1033560011585672, -4.037426617927058, -3.891398788209297, -2.8011222503121704, -2.8396777916540916, -1.7558679519618334, -1.9891355860417164, -2.049616059941633, -1.5194215545856362, -2.6108982870443547, -4.496188729074655, -5.27777777777777, -0.9417662202455241, -0.9514501916619306, -1.5184196168210873, -0.8891614783559728, -0.8100955903243164, -1.3976285882749317, -2.063362942900647, -2.764662825215817, -0.8923586907883895, -3.669756539561341, -2.5493902035933136, -5.550965918475026, -3.9997355650029514, -2.45953927192996, 2.0155645235966854e-15, 0.25592964248500644, -1.0476641766716028, -1.387557658466289, -1.987067646704139, -1.4787697141682237, -2.7893861117150904, -4.014873486536638, -5.13888888888888, -4.78420595191639, -5.40553140021722, -3.7331279787095055, 0.5658025092579084, 0.3092483180027161, -1.0088073426314994, -0.3053705961468851, -1.1983818768172843, -0.33639237099355285, -2.4731597643129706, -3.852455457611978, -4.331865166249395, -7.168630046710306, -5.735355837157095, -2.486958878579394, 0.9538711845160389, 0.4448556280650201, -1.8827558668497015, -1.4226583653695566, -0.8235139261459212, 3.7164628557457874e-15, -1.3704842961759047, -2.1422830906898356, -3.7600655719060567, -5.834479891253535, -3.093076997228141, -1.0967097629080267, 0.21427676792442668, 2.2350506762909097]}