{"west": 11.4, "south": 47.8, "east": 19.6, "north": 51.4, "cols": 12, "rows": 8, "source": "formation-steer-fallback", "hourIndex": 5, "validAt": "2026-07-20T04:49:30Z", "level": "850hPa", "u": [10.68271313010369, 11.895999803879933, 13.222823072324138, 13.252987615551225, 13.421965065760807, 14.420056912772415, 14.876767386311517, 15.066802171209954, 14.151495250503853, 14.281091262561345, 14.198019896055106, 13.495599335924181, 11.71192773483398, 12.554707446545565, 13.006654496257227, 12.721968720723638, 13.48715099135508, 14.417882133275679, 14.819919842762635, 15.574786501753671, 15.8018428079123, 15.157430911081892, 14.100110215112824, 12.914587556854215, 10.254240148879441, 10.682818381302807, 11.155659932600619, 11.948672582797299, 11.488721705248304, 11.76907219703106, 12.406336097656329, 12.216731533600251, 12.8254381008906, 13.014805293650863, 12.208246062374664, 12.600087446406928, 12.05117839304982, 11.435956687165286, 11.371532216727745, 11.587976320412436, 11.716992995657137, 12.294976919452333, 13.36541937479635, 12.66425119576897, 12.4445245575385, 11.27473924912988, 10.602853444141902, 12.471053485445067, 14.091332948313909, 14.131665854685705, 13.338702162458187, 13.301545707084172, 13.412963772997735, 13.603755411979492, 13.41510465281259, 12.949684417634861, 12.72451547099158, 11.207190353532138, 11.577156133910655, 12.349205776118215, 14.387511063438797, 15.232748047248446, 15.21076977390326, 15.448181872368496, 15.844289099865126, 14.84323928837148, 14.242968485211675, 13.27158313875882, 11.72112376347448, 11.698145337287336, 11.661061653461244, 12.09201290977925, 11.14504617410967, 11.989575716218035, 14.075388982883766, 15.542231517455848, 15.282285439272018, 15.138034462692833, 15.27761105599104, 15.232098058427125, 11.757426203305823, 11.305508165399432, 12.000939736156793, 10.987298068090915, 10.564550927244976, 11.236648873025697, 11.381181814807316, 12.201468757920654, 12.110702717400057, 13.026865320294304, 12.438150358694129, 10.643538130022376, 11.422854917408795, 10.637355157980135, 11.749315743308292, 11.092387172958606], "v": [-1.7493613634438823, -1.7566484184630011, -1.6469896775670623, -0.7641624578882544, -0.8679595460022835, -0.3776024793410683, -0.8317404243981409, -1.0007358960400026, -0.8159700821518651, -2.0325002706996274, -2.248745434953318, -1.4660912537092614, -2.107308409803041, -1.7421096210208342, -1.7585686836150836, -0.8449922301000021, -0.5888617294320345, -0.45310019970200044, -0.38807325866421744, -0.08155013667435738, -0.8557972154840674, -1.4327990702743814, -1.6813363499523115, -0.518703418483333, -1.4046561746950494, -1.406419721171056, -0.9956161249041444, -0.793629957290002, -1.410637649914581, -1.3825482346270979, -1.0417891494873257, -1.630060009919033, -2.123237509141091, -1.2531832142019281, -0.6398070650699884, 0.7927303090575805, -2.5835487877896024, -2.222924796136747, -1.5374914776749016, -1.4228245842550955, -1.3971668260167098, -0.8597485388963446, -1.2634041063010557, -0.9522298306943608, -1.1763539164814298, -1.0657766483321753, 0.6856557751876788, 0.8501911333156026, -2.433995838074265, -2.1876974588617437, -1.5197531448341477, -0.7902574278996889, -1.2915215152100177, -0.760568005531857, -0.5153563369999551, -0.0904073208586043, -0.11104516421680911, 0.980502105911154, 1.053603744799194, 0.7985873146303554, -2.330268310608492, -2.0866269261774284, -1.8676476876838832, -2.1711003749770192, -2.2267696153610457, -1.5600873142697294, -0.44760331686332794, 0.30117435317867225, 1.563931814790473, 1.7274318127505177, 0.5703210623637838, 1.1856322320736659, -5.435802220184561, -5.089272948572791, -3.483306615920326, -1.606133387300731, -2.0934127047991438, -1.058554489067102, -0.8274058386670605, 1.439857193773272, 2.1366864706403774, 2.2385508978101787, 2.0513581962039087, 1.8978359157012639, -7.315241876086348, -5.700677337328463, -4.598295934180321, -3.042167837165822, -2.28834103462724, -1.970128149870872, 0.5430613726984332, 0.8189756252537911, 1.8705642292714046, 2.261039637643134, 2.994863029263259, 2.156141647754958]}