{"west": 7.0, "south": 46.5, "east": 22.5, "north": 52.5, "cols": 18, "rows": 12, "source": "formation-steer-fallback", "hourIndex": 16, "validAt": "2026-07-22T15:33:16Z", "level": "850hPa", "u": [7.805019988267478, 8.626852046844524, 8.951721909259946, 7.6308864672495, 9.565891585724112, 8.416779393620468, 7.6529430885740055, 7.847191738784603, 6.924224693872909, 6.381593817913372, 4.968294752214523, 4.145122275885897, 4.37191459247307, 5.628720517019363, 5.21177825649941, 3.461677560514045, 2.8984962444719553, 2.540870398382416, 7.601795087836381, 8.823728903051206, 9.970877248355771, 9.634532617101883, 8.684319569379056, 8.443938161507328, 8.57076980539355, 8.126116314731204, 8.916650158632006, 6.935994192717018, 7.105022610175813, 6.0313146939350375, 4.782521359704674, 4.563595415759793, 4.427540440733243, 3.856168770763594, 2.1576716635546265, 1.5598599639823447, 7.601818340408547, 9.19718835797872, 9.0040511374507, 9.419342666142457, 10.335675680585068, 8.88779968053556, 8.96971488496446, 8.379954660607499, 8.509075712190384, 7.746167538603927, 6.942844623928462, 5.850639687567452, 4.419289278652625, 4.097106916240634, 3.9082030347813466, 3.7930178738147635, 2.0635204978574495, 1.1305391716125563, 8.650457371389635, 7.490860872985692, 7.738116515333226, 8.585901719364337, 8.838325659408596, 8.832986157168397, 9.508635978143404, 9.188889236161753, 9.739408689679435, 9.642712087494589, 8.073980583375207, 7.624282505591962, 5.016986173350669, 3.9187392353696167, 3.734663752679152, 2.0437997329907045, 2.1591433901747292, 1.536576985543479, 8.619465550063246, 7.684997084287946, 8.443097911915807, 9.61416553649178, 9.329922095067424, 9.177527617856496, 8.655287528888797, 9.11643389626842, 9.820370305746923, 9.453923915359022, 8.477643966598531, 8.386546792174768, 4.345821253881047, 3.4359592274157533, 3.672285522262097, 2.520014211082033, 1.7431929499399579, 1.7581271981800015, 9.42063943583242, 9.220467234290597, 9.83893857345826, 11.886444272373687, 9.284669965150893, 9.051699237774956, 9.473408055238266, 8.8822235389001, 9.873808411033133, 9.167188500871434, 9.264724673464434, 7.586043282348126, 5.848999246726484, 4.482979030414756, 3.8714096269963485, 3.1685430124505314, 3.3587097059201563, 3.1163408822265355, 8.281772419081733, 8.668893557107824, 9.586823443256051, 10.26261011535539, 10.82383098957459, 10.4662057175505, 10.063590159817293, 9.933771413782477, 10.213405519344638, 9.547807264537528, 9.23813315118445, 8.50030011742921, 6.477114459520358, 4.747897041725151, 4.804535055303536, 3.783290698390525, 3.5470654528529777, 3.2524030441881107, 7.46360514282307, 8.795018080997977, 10.057385264122816, 10.126296732205844, 11.165419488310613, 11.115411433100414, 11.433248069843861, 11.051196895865367, 9.11455034486114, 10.026151822958791, 9.469893490110339, 8.678439728137525, 7.54665970509067, 6.693449617375422, 5.941645865898901, 5.146648131655265, 4.525106413402, 4.575928261712551, 6.911292480301161, 7.856908122678227, 8.889872780171975, 9.848071576498041, 10.178449310720096, 11.21146635958703, 12.098542492618572, 11.421682974504725, 11.845451690317063, 10.295792146197988, 10.336583155638971, 8.84581899265808, 8.136250749360292, 7.094190141987894, 6.640740055737345, 5.462039173161866, 4.967447483036188, 4.60220372402429, 7.87592390981206, 9.215966710126551, 10.923201032361998, 11.307057371498887, 10.643003606763148, 11.424490332398525, 12.015284057109824, 11.415702159972344, 11.223336251708579, 11.05962303487883, 11.062078919656427, 10.566795138287903, 10.226457494515323, 7.9217685272107285, 7.407817683792374, 6.631826558860416, 7.381783088665803, 6.3719842003975415, 9.001542368193222, 9.682499791100724, 10.579512873944761, 10.651876120298184, 10.79741758553289, 11.920583779428682, 11.933139155492581, 11.45712959403357, 10.7567273088342, 11.269004329810887, 11.37359669447889, 11.272486872261817, 9.609039984910023, 8.42010628825438, 7.5306935520902885, 6.961656977996725, 6.536081444437239, 6.366812203932467, 8.196577695490731, 9.002597281465096, 9.178759309750411, 10.140509556745993, 10.812613225994433, 10.533425717402615, 11.13022362521621, 10.642018930400413, 11.113806613976823, 10.952971680030403, 10.93864837209115, 10.098461721079552, 8.624159269580248, 7.889828569479409, 7.696200514816134, 6.883179616527119, 7.135418157777004, 7.204253110935788],