{"west": 7.0, "south": 46.5, "east": 22.5, "north": 52.5, "cols": 18, "rows": 12, "source": "formation-steer-fallback", "hourIndex": 9, "validAt": "2026-07-22T09:18:17Z", "level": "850hPa", "u": [5.117571972681252, 5.3847687180489725, 5.74549095275953, 4.341012357758224, 5.963255723171992, 5.174958244736668, 4.453880200745672, 3.9564504195497574, 5.349563916715576, 4.656663749378484, 4.146499514322761, 4.604160286967418, 4.4208725493643595, 4.114843532135343, 4.643525468891813, 5.087899247233578, 4.9634833959761, 5.803878654447336, 3.7708566870613893, 4.501298640732548, 4.962978139284491, 5.269236012291924, 4.843822321793214, 4.34195096633472, 4.468013294696453, 4.3799729431521754, 3.9175038168850937, 3.627818849497919, 3.5363863195290186, 3.9787848851514345, 3.965487157876411, 2.2838203758163815, 2.28675494681673, 2.872155572240261, 3.702951585864593, 5.0248086633974625, 4.011845828073308, 4.90735078019929, 5.429928975720265, 5.389816675144022, 5.732140986084224, 5.189691182299346, 5.063517586972387, 4.981861682982026, 5.130541561923892, 4.118788073815473, 4.679493710884305, 3.5733533179822885, 2.5150139931815345, 1.817316940262102, 1.634630537128403, 2.6835932662684554, 1.9705186915210038, 3.4789538855567854, 5.329535434710232, 5.62932205299126, 6.121255690158046, 6.629163005297538, 6.332746099285915, 5.65716381199115, 5.159660439694544, 5.648694036112916, 4.502804532797667, 4.940564642262837, 3.5055728788603266, 3.24918363552883, 3.0669442522781645, 1.7296244077516703, 1.9937372869033336, 0.8585004282754374, 1.293122339323703, 1.5434029805695493, 5.880067205079946, 6.463614094170957, 6.701864076202499, 7.29188871788223, 6.962946614260854, 5.627180631001452, 6.217517454822289, 5.404457873018473, 3.9112277246387093, 4.676697694543183, 3.39187312809556, 3.2122864361136587, 3.5285151232956435, 2.0247789149309465, 2.3133848070174348, 2.0120021898083373, 1.4898487421910438, 2.036680234952992, 7.202414232457415, 8.061115046220689, 7.421844723153394, 7.2996768962177985, 7.173062760675701, 6.515596437998635, 5.285487290484364, 5.248943203214441, 4.377512628180761, 4.382468237140794, 3.4049679849328376, 3.018304821509979, 3.495988629080132, 3.7364120390786337, 2.9543011560096386, 3.016113211624735, 3.29159741283785, 3.6471265765326546, 7.338245818782441, 7.262711828222673, 7.388731153690939, 7.623662645984434, 6.877041217948758, 6.939998949748383, 5.846257847596731, 5.379032441138222, 4.631106071794745, 4.456895185081463, 4.016712883235827, 2.9348672264525844, 3.504256040052907, 2.541331643954884, 2.923135524824935, 3.0587776660417383, 2.225863263838789, 3.216831208576565, 7.283368709292006, 7.277953350530209, 7.419849970302406, 8.31604309027363, 7.950520684557778, 7.4525947161870825, 6.683877208067118, 6.586312023347829, 5.621739693177196, 5.114959054953508, 4.448154159227882, 4.4927623175856715, 2.9983356455847163, 3.2494607425195854, 4.167388435239105, 4.772007695108157, 5.107222546145419, 6.262954018890098, 7.265819816391166, 7.538925506109271, 6.949193234907477, 7.296889065846125, 7.7179690087516075, 7.801278633009431, 7.046015284333746, 7.25990833641112, 5.813402646980082, 5.169187384381186, 4.841019292863306, 4.831887647810002, 4.056573717587023, 2.7913586115971665, 2.898138925012658, 4.457095877617056, 5.18251414093706, 6.758004365384181, 7.006362759407501, 8.261696562857363, 9.059803842328387, 8.292390657696869, 9.566210774844725, 8.048438101565205, 8.598187480191063, 8.859751775658353, 8.095585035875594, 8.623886046062632, 7.1410353939775755, 6.014917956904383, 5.824490960799981, 5.593315671840534, 5.454813017514015, 6.176573674662875, 6.818217466234174, 6.77530880680435, 8.25215910949076, 8.672730666509976, 8.204258155649223, 8.409513052626926, 9.113589472456182, 9.346899841534844, 8.915612790775775, 9.125965320407811, 9.130142556433475, 8.558236528333566, 8.111714858349368, 7.696620480638913, 6.55655253616839, 5.829316736653292, 5.663338575709968, 5.861354827640486, 6.645508732077217, 6.994855897529723, 10.147525925208308, 9.992091580904457, 10.000805432147233, 9.803555330171346, 10.438039348096508, 10.253286862148759, 9.385285670318398, 9.02426211110442, 8.44100041150708, 8.032940759650778, 7.587651850033293, 7.52325092315153, 6.686566000347454, 6.727099257622178, 7.383035374462995, 6.507213529044235, 6.265146923653409, 6.75988143552683],