{"west": 11.4, "south": 47.8, "east": 19.6, "north": 51.4, "cols": 12, "rows": 8, "source": "formation-steer-fallback", "hourIndex": 9, "validAt": "2026-07-20T08:46:42Z", "level": "850hPa", "u": [10.138723708590781, 10.639383767741071, 11.395353729791966, 11.877935950015605, 11.915790450285686, 12.54625369675385, 12.87482351268562, 13.709475343120154, 13.965896703637538, 14.398094467235433, 14.122396933718225, 13.497512113642196, 11.369974927184574, 12.421691697892753, 13.077871494223055, 13.643764167243617, 14.146285175929288, 14.09176424041598, 13.486102692174649, 13.092797828837018, 13.297974345580005, 13.878326622129535, 13.024285830985797, 13.528872354665843, 12.56054609910074, 12.14319810841484, 12.11536512299727, 12.779031702382023, 13.266913228678495, 13.6167492860466, 14.023632899230492, 13.197989576064364, 12.499314617068901, 12.244608286462455, 10.606379559347573, 10.04649845288346, 12.503190385675346, 12.983143414736693, 13.598628999072163, 13.699539108697964, 14.395701452849037, 15.37385255852945, 15.010699529267415, 15.23179359445687, 14.380532539100372, 12.566877004385631, 11.732023406011496, 10.955986252260816, 12.641215806003306, 13.66915852950872, 13.169716343269064, 13.745872491141357, 14.332874695425929, 15.562452703907494, 15.843820323389616, 15.477318390056283, 15.921925255384053, 15.010549825132575, 13.311245597783996, 12.58971482641134, 9.138541494363716, 10.717064874103263, 11.28943600394952, 12.56451459234809, 13.401164948553975, 13.734138119749272, 14.267151832568585, 15.76706676870043, 15.342952630934752, 14.452053775454154, 14.865998017613991, 14.51230430951974, 9.83750792132295, 10.307400353787482, 10.630461831453985, 11.614897597201388, 12.127751255967212, 13.288124802439873, 14.249652737551875, 13.719648828928861, 14.040563932590121, 15.04846540595076, 15.296558745577402, 15.666550318804289, 9.181951032073254, 10.307779874672754, 10.468671051107108, 10.478946156767467, 10.955607034416243, 11.240582484319686, 11.795444950651069, 12.568794996599074, 14.066425890293772, 13.352586248951042, 14.077599290966432, 14.04336497233855], "v": [-1.9524104488706289, -1.7041531746670584, -1.1173242022422598, -1.521598688001172, -1.189354003180077, -0.3066238358157967, -0.06741303432952496, 1.0548866367437586, 0.9765906324177532, -0.8806251827903091, -0.27116387389561447, -0.2591654723958085, -2.1689387163297624, -1.7899931180041704, -1.7914455561328166, -2.381218038869823, -1.9126527968461193, -1.28245100979859, -0.612400339744923, -0.4343328368896955, -0.23211700561587026, -0.7759189194049769, 0.13639498811409956, 0.7563813926573715, -2.4642811715316135, -2.2506087398280217, -2.6415767898097084, -1.5690677963412722, -0.46329081872570016, -0.9521758666073108, -0.19581957925651186, 0.23037176497214348, 0.13089730145307057, -0.36341149004260787, 1.2084443069724058, 1.0382046215511938, -2.2271574213682346, -2.3828527173073915, -2.3488910884912486, -1.4398795815119279, -0.351823365398205, 0.18783638784192472, 0.6553812951641735, 0.7449589893831008, 1.1317724558741642, 1.2100526255678288, 1.8371858373061856, 1.9318359765446012, -3.339953285010459, -2.6570152606183863, -2.9679237587633054, -2.2263455386087996, -1.8360835942895146, -0.625052668694616, 0.4425579737685648, 0.8382216012640173, 0.9459366585365901, 1.3924866057569167, 2.3950711128223654, 2.310645059207169, -3.9356777505015006, -3.502876744086499, -2.772951444351001, -2.6935985333141086, -2.0028175208062247, -1.3466440166762608, -0.47329017149621405, 1.0196104703967366, 0.9921842393892294, 2.548287007262204, 2.648037563989005, 2.6373326729661564, -6.099513332874044, -6.848220421886382, -6.1374999999999975, -5.074423987658642, -2.0512555846080573, -2.7760339037523036, -0.09948295924595454, -0.3832244914809825, 0.5148441073271157, 0.8940435816576235, 3.3072330645268346, 4.315286909160647, -8.296529409615138, -7.46158823946292, -6.1173974387571075, -4.797636130801123, -3.496380200643139, -2.8651885475838172, -1.135772167364654, -0.39499029540746305, 0.49121041608770266, 1.6158404823260049, 3.1467162571451253, 4.671605746817117]}