{"west": 7.0, "south": 46.5, "east": 22.5, "north": 52.5, "cols": 18, "rows": 12, "source": "formation-steer-fallback", "hourIndex": 9, "validAt": "2026-07-21T09:01:39Z", "level": "850hPa", "u": [9.169289814074032, 9.573541681122446, 9.339325294610115, 9.254407758987826, 11.59611129171875, 11.575112118632244, 7.414134777172122, 8.429416224695514, 9.397194003943122, 10.51057585329189, 10.868192054438735, 9.426494716152767, 9.515194677256558, 9.887321636123444, 10.291741920060753, 12.59600837536056, 12.387423688608008, 11.156300576809766, 4.166264799695003, 6.395503827285339, 7.293482836660513, 9.462931454974816, 9.574097448790326, 8.327580282115589, 8.899132463682808, 8.78793990584025, 9.224190579540736, 9.119591766301275, 10.62304194129247, 10.37524564481059, 11.034825673814082, 11.458607634975946, 12.047476481914703, 12.714110452445226, 12.359152045154303, 12.033485893792616, 4.780773576618329, 5.458653857762581, 5.723816420906648, 7.5936269640481555, 7.045177920652285, 8.750299546682891, 8.639297157993543, 9.487291148037581, 9.867044651755156, 9.372201466698591, 9.807706309350994, 10.35900769687318, 10.835482635979451, 13.395630343592904, 12.3989001661616, 12.858903329979652, 13.184231738620618, 12.670596784398807, 3.0993759866599557, 5.433101416271955, 6.195367956773008, 5.927022845038746, 5.683906254627946, 7.249199171298651, 7.770214619425749, 8.20038597764027, 9.373368863845979, 8.983591517266735, 10.997093002279897, 11.55271358738022, 11.906184495652719, 10.705677397982564, 10.534184025726471, 10.700076677091591, 10.249072370600633, 9.846624651009238, 1.0273138584627197, 2.509190778511861, 4.925078839779612, 6.525238759206076, 5.921342197669006, 5.269950514469237, 5.281665548086894, 5.41169709587603, 7.0398237180733245, 7.8306027679871795, 8.966311047280591, 8.668463101178924, 8.013334886492384, 8.146692873077253, 8.24751367334597, 8.170031428765432, 8.410170550257723, 9.321177070404746, -0.11854420681808377, 1.0069332339211725, 1.1750504865046365, 2.7194577730723717, 3.7824061667706097, 5.575604443327525, 6.007642028554912, 5.031495683265747, 5.897622670487202, 5.492100848826586, 6.290347716467545, 6.163344208886154, 6.0873695532345184, 7.639841031959653, 8.696777363271085, 11.42054175679792, 11.221329925036233, 11.42013620109292, -1.0893407946626106, 1.3970333560621664, 2.006086545105356, 2.550934630849911, 3.2673890548588282, 3.6120439451941713, 4.595435448579055, 3.906326295782397, 4.537797577957058, 4.6927319758249, 4.947489295834892, 5.171442648011748, 6.117495509481811, 9.18543130622105, 10.128361978980404, 11.265483684339051, 11.46890137868102, 12.692116989342688, -0.022863766769713217, 0.17280587179577048, 0.6794215894836976, 2.1787123780061464, 1.7218517438144172, 1.449629322069133, 1.7884839223222553, 2.2508735628085383, 3.754855482277386, 3.8061653970854525, 5.527583384739877, 7.204098960584824, 9.25744497517906, 9.596470277080275, 10.497558282309184, 11.900038512933218, 11.32636844184962, 12.545879806357735, -1.1125056829029896, -0.17311416008612654, -0.09110244040856126, 1.842276556936081, 1.656979985587766, 1.8876874312169862, 2.669469091182832, 2.8784449012621294, 3.3151972396313414, 4.435735830471072, 6.451348681829377, 7.076122905891362, 7.4135810936628985, 10.093144965767372, 9.88901304001998, 10.736672055812233, 12.434235403685104, 12.80099583417245, -1.6752712792722557, -1.2726599740164486, -1.313962421539317, 0.1564072661395437, 2.2831358847442007, 3.8485561265013, 3.8302337602464376, 4.138110566178711, 4.33411186679842, 4.455229022451878, 5.832895779685447, 7.183677141401534, 9.19934755843934, 9.27295335571495, 10.054509236669745, 11.399442931588103, 11.648244930800237, 11.937809618241696, -1.8961735125432224, -1.2362692314407127, -1.0042952360138546, 0.5182610670850082, 1.5510627156004022, 4.727827127295578, 3.8768905382858905, 3.44552914099786, 4.862776666618729, 4.564271391250647, 5.197234841721125, 6.553791148054719, 8.27841511835077, 8.682288281638922, 9.892527076586772, 11.064415401226405, 10.342378036923355, 11.4880506935317, -2.0162067603991685, -1.387837040158091, -0.5600144583800027, 0.3210543402604802, 1.1267685762735393, 2.2475904014221983, 2.598989920789782, 2.747189488570662, 3.138339822664977, 3.26681636420225, 3.7916456438162496, 4.8373941472124615, 5.64843787022466, 5.726492255725719, 6.0042783753160816, 7.563049509497147, 9.339313288833702, 9.610160658567786],