{"west": 7.0, "south": 46.5, "east": 22.5, "north": 52.5, "cols": 18, "rows": 12, "source": "formation-steer-fallback", "hourIndex": 8, "validAt": "2026-07-21T07:31:51Z", "level": "850hPa", "u": [9.496744587267793, 10.14998454066987, 9.152650161133888, 10.745154670715086, 9.370374003428735, 9.941503402890481, 8.147207198550792, 8.449241516145774, 10.727180168598187, 11.572866867808033, 9.635715826323846, 9.137169975754071, 9.369289003304022, 9.690014526969934, 11.525, 12.138325311803731, 12.696062715668303, 11.55356391769699, 5.204168152476764, 7.2126999208169025, 9.08923076507838, 9.670098137211342, 9.263492308407997, 8.774518861182369, 9.368089841349573, 9.517326613465098, 9.44171074443421, 9.511061784857167, 10.691938404287797, 10.448771023807415, 11.26975668536267, 12.179869344674895, 12.380885932278762, 12.554707446545565, 12.225719752098712, 12.002294838199774, 3.8504805559946, 5.585541819371323, 6.168165675961579, 9.479113948774474, 9.397194003943122, 8.64935444756291, 9.199495558162711, 10.02005326766646, 9.742679446928692, 9.391945198426582, 10.314316251212773, 10.526645214183981, 11.80379904233902, 12.92104953165424, 13.130679135358701, 13.620119148922507, 13.647288283228232, 13.409291750080786, 3.7287606993688054, 5.7536582134803655, 5.545467626690735, 5.851951468790071, 6.934373176172592, 6.560704874686347, 8.706499326181504, 9.096558705632454, 9.676915417872927, 9.747970617595758, 11.054610204317987, 11.536153633724908, 12.196717754337225, 11.384875067976258, 10.738849796638611, 10.89958837212061, 10.531861670171827, 9.973480759185003, 1.6946835429322962, 4.139397860935969, 5.543548574346133, 5.181192872602026, 5.408542500105779, 5.029042861715832, 6.0078975347225905, 6.0453108924374845, 7.640147544470807, 8.558955639843747, 9.52636930235362, 9.144093255168329, 9.06441184250132, 8.39305803228737, 8.143078776108931, 8.270450536918041, 8.716703608302774, 10.024716131577353, 0.7250199803459486, 0.7328640911452441, 1.4340554606823408, 4.227921561089347, 4.5559047808524324, 5.845474310690409, 6.0648584192172015, 5.507602687150421, 5.025155612470913, 5.3797402539993255, 6.49959827166012, 6.668881840790986, 6.909588967147505, 8.15824373092945, 9.337055067475768, 11.323345656740065, 11.14852615197299, 11.4649344753844, -0.5785375422566967, 0.9182671186292631, 1.609870780646863, 2.7936611417240247, 2.801606569176167, 3.8033339966289894, 5.167703170646515, 4.958642230827325, 4.50095159520305, 5.273569432472998, 5.699633311315912, 5.710793565142861, 6.709060106544863, 9.352852784163113, 10.157391694675347, 12.106690365231088, 12.226350859674262, 13.79039434827124, -0.4952709635832894, 0.41853884246475315, 2.1744439831036995, 2.01872771997933, 2.351663389039288, 1.5738334579859652, 1.6026596138424638, 2.399139822849352, 4.262088317006508, 4.27261398248106, 5.074448014411516, 7.565385661960704, 9.456222158316127, 11.038374356949669, 11.60034371395899, 11.333930269110434, 11.024688096827555, 12.821698964563605, -0.5435957694908765, -0.24681052407524262, 0.9353049479972333, 2.1297976479562735, 1.9129205717953603, 1.943354106492897, 2.4176655378060774, 3.169009810839529, 3.960137343294159, 4.518809853446952, 7.040688642472137, 7.267076293271164, 7.889238712434546, 10.235651340120532, 10.004434784641843, 11.10302665843728, 12.969311546779513, 13.229547467658419, -1.6553802256751808, -1.6859659979199946, -0.9264255999896057, 0.6047560025634453, 2.4578011621397473, 3.5865412210671566, 3.999235105133643, 3.8426299971298703, 3.9374050767329436, 4.880028234889588, 6.70327374335349, 6.789951073288849, 8.319148355918065, 8.60153796567555, 9.965205129473658, 11.37634466013474, 11.423441537383496, 11.847105125119821, -1.3759751851140047, -1.3367996307761545, -1.0868404637537632, 0.5295849234516791, 1.9084319590869392, 4.317623246506016, 4.150432256688793, 4.500527948464034, 4.0479742002662045, 5.040433688752184, 6.300715544653594, 7.839476248232646, 8.621284448918727, 9.367787109326722, 10.171346174319876, 10.98710731679366, 10.666305268968117, 12.030210513004066, -2.0992038518414535, -0.8828947328967354, -0.5070334451992052, 0.22458692740862007, 0.9185424663364311, 3.0037837166311494, 3.423516620109559, 2.7622887403872314, 3.4452445194250108, 3.2482455229485065, 5.143862775117744, 6.492194822827911, 6.239125494158648, 6.68082021922924, 6.901302927727002, 8.41413541010275, 8.980874825722815, 10.821990316861367],