{"west": 7.0, "south": 46.5, "east": 22.5, "north": 52.5, "cols": 18, "rows": 12, "source": "formation-steer-fallback", "hourIndex": 22, "validAt": "2026-07-20T21:41:44Z", "level": "850hPa", "u": [12.474828995786647, 11.994078724388778, 11.921854526121882, 11.424826811943971, 11.222110789647289, 9.308504369038797, 7.4860109881640025, 7.95882378650266, 9.59812448545462, 9.76491622490504, 8.705806504034543, 8.462133333359414, 8.70387373372751, 8.851691977089155, 8.583836324843293, 9.511946318537316, 9.57027531550188, 8.737484226569709, 8.084016500269, 9.838302399689905, 9.998077634175193, 10.349747777800836, 10.52269169357275, 10.98778862458167, 11.52186478050097, 11.98626601343637, 10.704675178013302, 11.607498907576316, 11.709200443761649, 11.550406849164723, 11.115628271124377, 11.809856398703001, 12.07470574076764, 10.724852984353651, 10.798667630801935, 10.768810399795726, 8.61470293456987, 9.098877355583111, 7.949019228229202, 8.691043957179218, 8.923640679270793, 10.920593525607817, 11.536077752418775, 12.122243713791883, 12.245464811626654, 12.531833757741527, 12.39473674853741, 12.880675766313852, 12.346986257488819, 12.793683972681364, 12.30944736182503, 12.37415366657502, 12.119663303947531, 10.87829232766656, 5.788198644282651, 7.28989193900825, 7.612680580348122, 8.62525768878734, 9.79051800606638, 11.010880912955653, 11.955143253952988, 11.522880655424173, 12.823971490203336, 13.697869707562548, 12.652740188936663, 12.329213212282408, 12.21924585854253, 12.87403913437832, 12.785790399513218, 12.224087644099026, 11.812826987775201, 11.977125394274609, 6.12379433079028, 7.8902848122978515, 8.214949613603512, 10.096730805062291, 10.607195134556557, 11.877935950015605, 12.273225263256585, 12.458130472934732, 11.613597749999442, 11.588317316521605, 13.590445632981345, 13.175629115322218, 12.819147793799377, 13.199014879517966, 12.852337784518477, 12.53271513923681, 11.790148795083331, 12.1552090917926, 2.9891566224873065, 4.777118249871887, 5.970830887740323, 5.632282909275765, 6.055948684411409, 5.019507680835138, 6.858069941376246, 6.995020148177042, 8.454679935047944, 9.844366703013272, 11.07768426529277, 11.603325902388853, 12.623157464776321, 11.660769223193004, 11.324379043064424, 12.538779450423386, 13.176666542124737, 11.162920932007474, 2.1953684661242967, 3.3783471456680543, 3.970079660644175, 4.621791023943245, 4.642509343628978, 5.000798599758878, 6.203425054618504, 6.486905798381126, 8.114140883205486, 7.962946060992091, 10.145615922057532, 11.117961329494985, 12.930457459258562, 11.447047476731482, 11.25168908948578, 11.265009403851998, 12.296722413550322, 12.612988776263718, 2.650703876113379, 3.37032575469867, 3.32215688036208, 3.1316208923160445, 3.052894543185296, 3.4447683431319547, 4.1176053382819475, 5.730448049040379, 6.311376467549791, 6.6077479132257135, 8.431486786388016, 9.58816944424612, 12.625413728787642, 13.40853813871057, 13.691654330161612, 14.251914631497923, 13.231345010462213, 12.508739450443434, 1.616404840425468, 1.5865232820254607, 1.7639972188636173, 2.010713592213966, 2.482273567294556, 3.0930342200431444, 4.152887390976617, 3.592839725260262, 6.605639349546996, 6.590580651336713, 8.88779968053556, 10.447644783902108, 11.984033487397182, 14.750233324906942, 14.266885187349157, 14.310253412251988, 14.03214694772073, 13.033187012725811, -0.2442685692458806, 0.8224901895352082, 1.2168621882840776, 0.9076581263514795, 0.8010098166582237, 1.6848787735545994, 3.4233035209212455, 4.478398812472299, 5.600951480343553, 6.579340019326838, 7.132510870444714, 7.1980815625834955, 9.743763290341944, 11.275, 11.149728282365151, 10.893360014508144, 10.824484476871115, 11.24676184247833, 0.8016823473102618, 0.988542301480298, 1.4753715550234108, 1.0209691805283714, 0.9322220400639819, 0.9404074828923308, 2.878149942154535, 3.628580835057424, 5.705406539859984, 7.161018097376164, 7.704790434950016, 8.02063877377596, 9.503640664341958, 11.249160408680085, 10.612315209252737, 10.320866131984948, 10.779469000235515, 11.196764839022777, 0.287887956611218, 1.056932020450633, 1.6841432534699647, 1.1502621460508864, 0.37282021426668577, 1.2047634607368023, 3.821215975877014, 3.7753748624339725, 4.412469939472763, 5.369048967458592, 8.01685281771561, 9.7537758343908, 8.50230639764678, 10.513315933974734, 10.310849946340976, 9.702231845622265, 9.103809373715489, 10.645582914456192],