{"west": 7.0, "south": 46.5, "east": 22.5, "north": 52.5, "cols": 18, "rows": 12, "source": "formation-steer-fallback", "hourIndex": 20, "validAt": "2026-07-21T20:17:55Z", "level": "850hPa", "u": [3.6673866349531576, 5.239963855131916, 6.687982994342342, 7.332618080967444, 7.91564875530062, 7.441669063396407, 8.089292061027617, 6.6537210362088635, 9.22599726728337, 9.323124634793428, 8.177414935224647, 6.718802238619245, 6.582704293472824, 7.5965325722172805, 8.425095756317475, 8.947333070254823, 8.443192638717068, 9.424483221269954, 2.616750433894879, 3.319238971390323, 3.7308685274750713, 5.13523175321332, 4.657745649006148, 5.051654523226906, 5.319072586845373, 6.7952948654834335, 7.323354069220864, 6.8013459613745075, 6.304699687390553, 6.048964545502324, 6.985875857212135, 8.941776448546898, 9.172767534628813, 9.574014614752802, 9.590117469990862, 10.013593099875484, 1.977711496527284, 2.2050988465359938, 2.870312651270636, 3.421638217327198, 4.0308836815059905, 4.595533524067432, 5.457729788249295, 6.256105832216654, 7.3133469741767, 5.919443795240151, 6.558173147770956, 4.842039661084375, 7.623460409242586, 8.633591207866829, 8.352773343533375, 9.216908107661968, 8.803502743542948, 8.774518861182369, 0.8710659732719134, 1.8639876731458425, 1.6828179983687488, 2.3689077759343298, 3.0863576895383185, 5.046825714761273, 5.736734907700742, 5.0893052508383185, 6.171642865950135, 6.5925172089428505, 4.918008051411827, 5.7681998318760765, 6.747547426543706, 5.8453683995631955, 5.999610532417696, 5.90334587993112, 5.333517039213744, 5.447601237650643, 1.2337308538085654, 1.8001391934969195, 1.327606447238896, 2.238406890706544, 3.2503587809026278, 5.133003598012818, 5.577014094269916, 6.571910753299933, 5.675292095390113, 5.272597331263793, 4.712534073429343, 4.6649228500165165, 5.730115510678301, 5.129884193517047, 4.2910055043061055, 4.546692050927519, 4.5454272096987065, 5.063247715090697, 1.0426691163381099, 1.7225395689913616, 2.0778492407288534, 2.310338222135239, 2.39812875104658, 4.1125238529691, 5.095727649135997, 5.572973323690565, 5.305764052345497, 4.563929611033829, 3.4677602776358376, 3.3574205266560324, 3.342952472738238, 3.8314377072664576, 4.329813897181582, 6.197755380280911, 5.7297991277135, 6.3100733156730975, 0.578239780990005, 1.5063979412606203, 2.08096668218911, 1.9851930545846102, 2.7358488415156343, 3.5470702661136984, 4.489482625895899, 3.977712189913067, 4.232230239879466, 4.006609389869734, 3.66863298172712, 3.1954285041113866, 3.8045706416629836, 5.056004167612195, 5.654694061511164, 6.087028043686399, 7.072612087499509, 7.512754016757674, 1.0782606111393132, 1.459226533765894, 1.7369279018532746, 2.1772970603970094, 2.066827523982983, 1.683341029461471, 2.9592523716425005, 2.024109685726382, 4.305362582025246, 3.3953213273138476, 4.090754529990693, 4.1639169810538235, 5.2856283962058805, 5.968745855920627, 6.686566000347454, 6.458749244982249, 7.036804761571952, 8.48430167288869, 1.1527205893691876, 1.8808521644316518, 1.6066203927299831, 1.5388430214571853, 2.139462555849374, 1.0922766076274737, 1.040303686731461, 1.7902220274375413, 4.411071196293758, 4.787135860251805, 4.024328832656922, 4.649666932225079, 5.8499959724717945, 5.791479384126016, 5.845147784358995, 6.71735113129156, 7.4079163364927725, 8.260880859022475, 1.959839260340207, 1.437268467726277, 2.254826936311437, 1.9938927525612902, 2.0275343894179394, 0.5856306973955905, 0.4533394654770273, 0.6715953764946753, 1.7910307688462892, 3.157082389267601, 4.499743145204561, 4.918723044676101, 5.428789847444399, 6.279682928622683, 6.867787584577304, 7.77145961456971, 8.049719094030726, 9.21674750272729, 2.648024893769872, 1.8249070407601728, 2.357174553070211, 1.9638642472516321, 1.6652630926941394, 1.429102169614196, 0.30806216792734714, 0.2700979665533388, 0.6806736911124864, 1.9175419931037208, 3.7637806901650355, 3.6702808525462673, 4.240843510921549, 6.381061046627263, 6.750314753426462, 8.394510526539529, 8.423472605610325, 10.41398278504429, 3.037628002456952, 2.9411723444624847, 2.8821644595173526, 2.8444440953758203, 2.229520455925792, 1.4923129198624037, 1.8214960656611283, 0.9563073045884043, 2.150565357217792, 2.6131058450162548, 4.187466201915961, 4.616656323443194, 5.209962524316094, 5.950598561271258, 7.170617291022921, 8.88656486079164, 9.380775037651922, 9.686472923717327],