{"west": 11.4, "south": 47.8, "east": 19.6, "north": 51.4, "cols": 24, "rows": 17, "source": "Open-Meteo/icon_seamless+formation", "hourIndex": 8, "validAt": "2026-07-20T08:12:40Z", "level": "850hPa", "u": [-1.7677669529663687, -1.3933070458679648, -0.7692616801142318, 0.2624428967345097, 1.6416890700140052, 2.791388898352391, 4.302932727443329, 4.549312324993059, 3.8014576622926164, 4.798969708681702, 4.441737008973759, 4.042898859483319, 4.163179691606656, 6.064926788238377, 5.4311820514145985, 5.686640406241324, 6.694133291741251, 6.965653858818544, 5.319072586845377, 7.153434681145475, 6.85010337535956, 6.654132141013096, 4.7504626942977355, 4.429284702933076, -0.12104964270508048, 0.5053351523311664, 1.4020757333025566, 1.7807734957187458, 2.4035404506813722, 3.54970549922688, 3.5360778501983052, 4.553659434326662, 5.32034160138573, 6.083333333333333, 6.083333333333333, 7.10136558047697, 7.45451796191571, 8.10617004137711, 6.463352266605992, 7.968888066884815, 7.209462719537392, 6.102612646227236, 5.591137119636162, 6.834314532017326, 6.683760217575201, 6.069333205184528, 4.5226809690281975, 3.7483326562898416, 1.7674381122463299, 2.539308108501424, 3.177977361460993, 3.9211705782462105, 4.807159116676382, 5.442697280367178, 6.697423243828493, 6.198024052021522, 6.46424989317414, 6.83754015575133, 7.325355192747271, 7.845672730127489, 8.356017748131883, 8.472222222222221, 8.094303203969558, 7.444006141144784, 6.216682875988747, 5.46299621457383, 5.434801864527495, 6.497803733293006, 5.90459614890148, 5.606536373377034, 4.702421810900177, 3.061608801955702, 3.6808319370938074, 4.027497551087545, 5.296308226566341, 5.9577119681782955, 6.316524825380257, 6.954925559418439, 7.494576201602535, 7.485925153740279, 7.71432739859563, 8.094303203969558, 8.368453977179637, 6.96266703398328, 7.7210460903743545, 7.461981801360565, 7.606474627867562, 7.600680347854256, 6.068514639080598, 6.305349143831418, 5.788211997630745, 5.4722969000466835, 5.696137959558296, 4.584544531531239, 4.283726617830485, 1.6337009768416144, 5.296538782675295, 5.297685557153564, 6.058001539893195, 6.715988845957664, 7.313103409735264, 7.87055763033058, 8.112858727459388, 9.095801530888727, 7.468125460342578, 6.9757215838364734, 8.094303203969558, 8.22990341464355, 8.222222222222223, 7.971008014163452, 7.7210460903743545, 4.798969708681702, 5.969115858803354, 5.790299750511932, 5.942027306088938, 5.3115802636543545, 4.9772682471304694, 4.549054234350698, 3.1723577204656346, 2.786487396643334, 6.710232087193583, 6.586928564730257, 7.7220129372954736, 7.215318871679424, 5.434801864527495, 7.451864026745792, 6.330788638082687, 6.207065201616683, 6.7130096502946355, 7.45451796191571, 7.212324417671923, 7.332216431146869, 7.857657033827133, 6.713022793735845, 7.454517961915709, 7.093788801847639, 6.455961936413364, 5.9386088241072, 6.3112962130009365, 5.055319812337697, 4.823895371924066, 3.0412639309585274, 2.5390781537144296, 1.2677200079928963, 6.851150834759216, 6.565385020081387, 6.578140904374812, 6.850858480965706, 7.079977296730155, 6.8089370128964255, 5.446474378078637, 7.204629251876509, 7.729592425455035, 6.819862438449591, 6.209759998160312, 6.574279678589869, 7.079018358051928, 7.980512402078594, 8.216076477475388, 8.091352852107464, 7.983814086477364, 7.983812419043259, 5.6925416823145705, 5.791542407224388, 5.4420781777562395, 4.6752676958192865, 3.4083438383877334, 2.4270509831248432, 6.575325538266139, 6.57366187335616, 6.5764488114261965, 6.969386937495488, 7.18576034534116, 6.455961936413364, 8.613133039794901, 8.60693557226958, 8.125691685205663, 7.7210460903743545, 8.349652498920186, 8.609830708780876, 8.617844989744594, 9.238060673597055, 9.751839696250013, 8.218606259256902, 9.243655977465501, 9.121186439795121, 7.583286712402293, 6.690659723229946, 5.820873734312712, 5.322542724318241, 5.187325638864036, 4.060496511335566, 8.112750378029858, 9.500108131656043, 8.336277220940346, 8.220561014282746, 9.095801530888727, 8.971775828757643, 9.729909921823186, 9.727134473963956, 8.342933677811626, 8.359837673390938, 8.728685439773463, 8.59930988260883, 8.470931861741647, 8.738008429102521, 10.122740258247163, 8.867820233700437, 8.59930988260883, 9.629961320802591, 9.352572694938077, 7.099781308601284, 6.713022793735845, 5.0730136639445345, 5.071110588017608, 5.055486301455389, 9.243655977465501, 9.989619055864448, 8.993424357772701, 9.734469569189335, 7.471666863744396, 9.864800052569374, 10.388887691487776, 10.773987199822962, 9.870320063544256, 9.125910449813267, 8.119062964614681, 9.125910449813267, 7.967939939565056, 8.877773911902935, 9.109723444758231, 8.859761520969133, 8.356966633991865, 9.491521706818574, 6.713022793735845, 7.082254507357772, 6.326264278870405, 5.198907360893243, 6.0806350530230295, 5.969115858803354, 5.679280927857977, 7.230412665491574, 7.583286712402293, 9.0000486316949, 11.028290573792466, 11.89899222720696, 11.910553819695863, 12.263459873766065, 10.61472967727525, 11.25030567793024, 9.352531760337053, 8.998249181603585, 8.341425372924398, 8.098424263443228, 8.093557235432378, 7.720508910211027, 7.332216431146869, 6.819022742995196, 5.570007170845282, 4.790449915261735, 6.329475237787606, 6.972222222222222, 7.471084166585256, 7.471666863744396, 2.509239773845721, 3.4131335178708015, 4.426352063787133, 5.049036970400749, 6.8270776631056, 7.97770872992115, 8.851104443804717, 9.0000486316949, 12.16481362440276, 12.914699395770054, 10.763007207910405, 8.834644651028976, 8.37086590060377, 8.206731275101735, 8.499800923365143, 8.59930988260883, 7.967939939565057, 8.11111111111111, 6.961653267577913, 6.212412326306839, 7.470170496686803, 7.9605293368486825, 8.10791795946893, 8.470931861741647, 3.9364806572776576, 5.196152422706635, 4.829162769779646, 6.316524825380257, 7.079651567603779, 9.271838545667872, 6.464531874896211, 7.843223787397638, 7.845672730127489, 7.606474627867562, 9.615409040004417, 9.126364359284853, 8.729692192677067, 9.491521706818574, 10.008173695716662, 9.352531760337053, 7.961296568737852, 7.47127356290722, 7.359116186565395, 7.721735034061086, 8.86191207279141, 8.73992027973053, 8.470931861741647, 9.862342129068711, 4.550844690494402, 5.573228183471862, 6.19475297270295, 6.495190528383294, 7.5983073601022255, 8.962777260812276, 9.744484881521075, 7.216878364870327, 8.863269777109874, 9.625679126662144, 8.609830708780875, 7.720508910211027, 8.248413004676308, 5.43698302255268, 9.490068992106716, 9.094120604662196, 9.62988208155354, 8.22990341464355, 9.109471715362922, 9.622183525633929, 10.359603076752846, 10.24843887535301, 9.244365149926635, 9.380833407030604, 5.334457889583125, 6.217167691655767, 6.816531152119232, 7.96222934724644, 8.886851356220488, 9.838450901236465, 10.222714994892641, 9.36173705459694, 9.378473980132764, 10.64068320277146, 9.361111111111112, 12.009680526994932, 10.7548285975915, 11.012664591599052, 10.137344687002301, 11.123623428794003, 11.013485828903187, 11.27606011759708, 9.998476951563912, 11.012664591599052, 11.900335289158672, 11.511979358976337, 11.38715430594779, 9.998476951563912, 7.123837980022233, 7.639165418880914, 7.490212332718892, 9.32616812960009, 9.52627944162883, 10.472889983534625, 10.652015362132227, 11.26913464003913, 11.148495829904302, 11.047368380216888, 10.387306610791397, 10.884489632641658, 12.535449950987797, 9.882864844966614, 10.88888888888889, 11.77060307378046, 12.026188828132325, 12.52586973654257, 12.16481362440276, 11.38715430594779, 12.275907812753472, 13.300854003464321, 11.77060307378046, 11.38715430594779, 7.234864185012566, 9.250861324714473, 10.823546086135266, 10.81127137991753, 11.508834270766414, 11.762006460781183, 12.26547707791336, 13.057138036495497, 12.398223169082176, 10.782264384830253, 11.525620022297721, 12.039033835652363, 12.663521415798325, 11.768509095191234, 10.763007207910407, 12.414775548191859, 10.887230458369594, 11.27606011759708, 12.414775548191859, 12.27557984069728, 12.53834860302965, 12.155267610056672, 11.381750580325795, 