{"west": 7.0, "south": 46.5, "east": 22.5, "north": 52.5, "cols": 18, "rows": 12, "source": "formation-steer-fallback", "hourIndex": 4, "validAt": "2026-07-22T04:11:54Z", "level": "850hPa", "u": [3.752020143360077, 4.759031349357465, 5.805889466297375, 4.86709309081621, 5.376416760849247, 4.968656502883095, 5.984535609548425, 5.345824711670279, 6.889536686263909, 7.694326027773094, 9.045776324728616, 8.547329676188474, 7.957632110943099, 7.460907159657931, 7.140477485356781, 7.731121389513637, 9.37933380194527, 6.447131038907088, 2.6785439484633264, 3.1761319626673634, 4.093035095606813, 4.491487677228257, 4.238862828245646, 4.301213210969523, 4.349800551260274, 4.569207805690421, 5.981240443822681, 6.380992232390301, 6.929998598584303, 6.459743091805143, 7.189452315845534, 5.600305608251687, 5.298652238072966, 5.971607914145481, 6.766040602964201, 7.010357218362058, 1.4981809433131918, 2.9838191423795264, 3.8526397015061002, 4.762186564994704, 4.308580966868107, 4.346405303091306, 4.284945692618204, 5.270691279858073, 5.737288448080479, 5.2448973214311, 5.688254165892652, 5.419561486202967, 4.297184066042256, 5.105645557410109, 4.1045405227752285, 5.192333282650064, 5.975196685191319, 5.847425181698396, 3.4409178893183596, 3.513794186572049, 3.0179850104220405, 3.1665837356833393, 3.348242315704934, 3.5043344797749785, 4.151088457935608, 3.7070455190357454, 4.093864935282498, 3.462141294974718, 3.065515461650196, 2.73706235919648, 3.111652167204424, 1.8102536635708721, 0.8760836199437446, 2.5090428856280096, 3.3397766524775414, 4.972810304093935, 4.173353124304909, 3.526865311832655, 3.8737408447034087, 3.532878800574676, 3.6396461226151535, 3.6966455182992157, 3.884055378315106, 3.0038495306301694, 2.7789136645210597, 2.225386294399656, 1.6289855567432312, 2.141792706621268, 2.038649382133171, 0.7259609840383563, 1.2073689949958908, 2.3314880355443734, 3.0879448834759464, 4.213676229869567, 4.976087360014815, 4.66572729174617, 3.744456955797697, 3.745634816140839, 4.149776889536337, 3.7035951524608444, 2.697140386261865, 2.9576264296620085, 2.929081722969142, 3.3391749513240896, 1.7505079420182839, 1.6360894948955187, 2.248535806628239, 1.9029761233147715, 2.12095940092999, 4.241326955986462, 4.570414581008805, 5.800404970485909, 5.241096412289207, 4.377893735459504, 4.317841686898139, 3.7669064765527462, 4.031211835549585, 3.829071884337041, 3.2013333326857984, 2.9014296860815185, 2.2579219903961847, 2.8579274500842606, 3.205654280141277, 3.4414586181062754, 2.8445000557964204, 3.4025958745535267, 4.175992190341845, 5.495433400996378, 5.682833196172858, 7.045189442443651, 6.390499861693707, 6.013991176226647, 6.012015719538702, 5.092707145007635, 3.9409272298069324, 3.858431033948154, 3.3429365904086135, 2.8713715109404863, 2.78218548057435, 2.621011198037902, 3.669505558273179, 3.167804493780769, 3.7947706321156045, 3.752480344679575, 4.327362636941327, 5.10372196765248, 5.951332302060538, 7.870113198766013, 7.155930843918048, 7.815488490825215, 6.339915416246256, 5.789053156777649, 4.960908155429769, 4.484314161966265, 3.497518364357273, 3.5532502764214207, 3.344075281004782, 3.1427480191608477, 3.371097212057869, 4.238032040046163, 4.323595814607686, 4.782564934369682, 4.193808095557743, 4.6135962071000245, 5.824898687160173, 8.357381181845595, 6.073017776878828, 7.348200277382682, 8.491629562104896, 7.350529949266628, 7.994024029633554, 5.7528533010312515, 4.923583035890622, 3.9053289420503474, 4.207152777112656, 3.805600270627825, 3.137468336014767, 2.827688438141091, 3.208808430713257, 4.63333383483017, 5.303219766896972, 5.78728954078675, 7.00577533898591, 8.292073077969755, 6.729228458383024, 6.533084094997174, 7.504730902937357, 7.665436021702627, 8.371865015348357, 6.63519678041897, 6.010004311902493, 5.287147532489085, 4.750029665810571, 5.066029147951191, 4.152507475173294, 2.775785099970197, 2.9160660060108268, 4.423715321939693, 5.503474564518285, 6.913925769879754, 7.650070247424911, 8.969252286762393, 6.880517388492767, 7.890796894931175, 7.807341019991283, 7.613283064610685, 7.635474360313026, 8.542864618014141, 8.215971472303895, 7.43601857484967, 5.753962828628535, 5.501492287662835, 4.563861230492955, 4.130155710118352, 4.504263405724691, 4.9337608403404705, 5.424227424828844, 5.890624864018261, 6.802609404900815, 7.033947028105039],