{"west": 7.0, "south": 46.5, "east": 22.5, "north": 52.5, "cols": 18, "rows": 12, "source": "formation-steer-fallback", "hourIndex": 10, "validAt": "2026-07-22T10:04:23Z", "level": "850hPa", "u": [5.528432516916287, 5.472901201034436, 5.8821814750860595, 4.900069800848443, 6.337500918510191, 5.567072556619073, 3.817875759439905, 4.200152423710454, 5.383599920102501, 4.5196125847929585, 4.4682653272934125, 3.8134312091168026, 3.8151778324374, 3.633664704235185, 3.056403851808202, 3.5188218323620637, 3.376198814592313, 5.4427583448802315, 4.39425356183346, 4.757710715490886, 5.144096421176454, 6.325777830494995, 5.556818152202981, 5.103755714263457, 4.435057267143406, 4.262756850047511, 4.395048459131618, 4.243276194194955, 3.5071656747938804, 3.3716993826681554, 3.3225822215289065, 2.2147156632747294, 1.9372957766210797, 1.8740366525233056, 2.647447640054306, 4.104604226090058, 4.322630343500714, 5.4419747976848925, 5.620466995390294, 6.122295146001594, 6.590311039897295, 6.3514900072655855, 4.8964149403076735, 4.981195830019884, 5.310153240653079, 4.782521359704674, 4.2654408567041315, 3.5372967939262816, 2.553223683709648, 1.6821906935292545, 1.5998682385700653, 1.3723426389520237, 1.127646748141025, 3.0098830212426817, 6.008003533941903, 6.154473720298199, 6.65102481550204, 7.044824595786421, 7.241538585375542, 6.508697280889279, 5.543955301171477, 5.449203892375624, 5.066693584925273, 5.549513487256597, 4.870843895378914, 4.402895298684109, 4.014138426566527, 2.373691605572338, 2.3462854776052082, 0.8234907362719472, 1.1293658273715061, 1.4059478987143776, 6.511887306730067, 6.61119831960083, 6.792245005577825, 7.493946028333576, 7.286333889289057, 6.597034893385956, 5.528726367861358, 5.817546893688764, 4.705262799785297, 4.670454989509655, 3.6562449337682437, 3.8901461248173907, 3.67090147521852, 3.4945838721641302, 3.0340675413460008, 1.9067600989060969, 1.527863808596839, 1.5588580702609853, 7.286333889289057, 7.774252054221811, 7.556734933243034, 7.674181524002097, 7.328780421003061, 7.310529503814004, 5.499331406169425, 5.084556176264347, 5.2051894690528515, 4.448434166038888, 4.072283641840374, 3.6442605445288807, 3.6052665243703808, 2.5649721126391114, 2.66983158941223, 2.628545533905855, 2.64502415939908, 2.973569197181804, 7.33836746952246, 7.526426853388282, 7.662275923930786, 7.752507863341174, 8.365887344283177, 7.185315838539609, 6.484923429306954, 5.488311051589748, 5.321859032016865, 4.976607231871003, 4.216817648604794, 3.799403098032708, 2.5822512599919714, 2.98014240261504, 3.020864267567698, 3.3594132910045214, 2.8313166216991945, 3.3885081743470082, 6.716694014832513, 7.978900103493054, 7.5085328343324855, 8.3503502083158, 7.77826601167312, 7.947845481490627, 7.329099124974757, 7.6556850833592485, 5.634481001276331, 5.942172325163931, 4.894114318399234, 4.171106495331336, 4.075104489427946, 2.7452331703573134, 3.1931606538533743, 4.024438624300508, 5.399595298882081, 6.492320053808401, 7.003976703626746, 7.905582852833538, 6.965341385494595, 7.864262508996296, 8.800943873513615, 7.882345906694214, 8.065811015080582, 8.686621831876062, 7.223430189407674, 5.453931716311707, 5.337895095401328, 5.594834215459335, 4.8059155576433605, 3.1431556330393056, 2.8633579635958375, 4.161924976738289, 5.238385038577785, 6.872457626370197, 7.468513496737164, 8.663510278825003, 9.274976783104362, 8.544730909528475, 9.461951605888506, 8.800720873368869, 8.845613843289168, 8.80362169779504, 8.686237892375443, 7.747527579781351, 7.305765476338867, 7.381462323703262, 5.6226681109058845, 4.807731520298631, 5.760215384496247, 6.065958551954203, 6.61553190072027, 7.232355817440815, 9.416952238532803, 9.10419136815519, 8.93291879580987, 9.79984131204297, 9.421600408549414, 9.727112334177376, 9.800251010770912, 9.131839803414271, 8.696252828208225, 8.701410497440135, 8.956411474590585, 8.551787655025654, 7.253563996763687, 5.400355453830513, 5.832917811873311, 6.083043636074729, 6.027993424075668, 6.333110040914223, 9.109526665318242, 10.209074288962924, 10.453831880387414, 10.17489549898483, 10.628239597487648, 10.448358671703643, 10.21133280860272, 9.770792006532153, 8.729591468802289, 8.84109699197858, 8.015618759536725, 8.451622732214245, 7.570748338274553, 7.094679286933609, 7.128052193506943, 6.508388961948018, 6.4079597578803895, 6.373469025568126],