{"west": 11.4, "south": 47.8, "east": 19.6, "north": 51.4, "cols": 12, "rows": 8, "level": "850hPa", "source": "Open-Meteo", "hourIndex": 1, "validAt": "2026-07-20T01:10:12Z", "u": [-0.12370942307561412, 2.403540450681372, 2.645144541742072, 4.057263641452197, 4.932336608569648, 4.565892366253833, 10.412146069476117, 8.246382146571193, 5.768770251290181, 9.151600793197284, 8.837598157506136, 7.4717833857252245, 1.6388888888888888, 2.2768543170480724, 3.1826439343128015, 4.437437375933457, 5.811135738868515, 9.629961320802591, 9.364778955991428, 8.480480961564258, 6.853446723847079, 7.534363570624449, 7.287128217228028, 6.271221399977062, 5.9395057640049655, 6.200487915958364, 6.0806350530230295, 7.085676693661659, 7.212324417671923, 7.225866767045303, 8.719226528535618, 8.106419650716706, 8.319093462983048, 6.3960386603276715, 5.934564811638262, 4.067014036510945, 5.817520598775134, 6.065559815585856, 5.5824829646231855, 5.841714837715784, 5.936202288990254, 8.353930109647793, 9.46230398742734, 8.95263625177762, 6.849021259194075, 6.003588495941983, 4.553708634096144, 4.756427960181179, 5.3290151695818375, 5.679280927857977, 6.324653720112301, 6.571448644746861, 7.983800771150859, 7.5958486846860955, 7.561762190728129, 8.57470852780386, 9.50027091611508, 7.076563493718796, 6.608298387730392, 7.725807413064663, 5.94410322684471, 7.079977296730155, 9.246423402994877, 9.270843328641652, 9.094120604662196, 9.500108131656043, 7.97770872992115, 6.697423243828493, 8.365561254879673, 9.230618113786973, 9.13198611141403, 9.770358614526273, 10.997019908636325, 9.492452508201007, 10.116213473863425, 10.759340453942123, 10.013142666024155, 8.84581899265808, 9.378473980132764, 9.377866859883522, 10.859861363647498, 9.380318685205314, 9.376392541359891, 10.222714994892641, 10.99743071944495, 9.087873377931468, 12.149992672847315, 12.769993900799555, 11.271248147507096, 11.022617673665028, 10.007143786813685, 9.507714565748685, 10.59307756535059, 9.663370877400482, 9.36411426041347, 10.623769774636612], "v": [0.8802382833258403, 1.0202423910553264, 1.0153758570450164, 2.248977960587174, -1.22976963596498, -0.39946382092676475, -6.5062309664188, -6.67778859391772, -7.123837980022229, -8.83759815750613, -9.151600793197279, -8.595303552537123, 5.01765007983985e-16, 1.9105076176794369, 1.7641683403408372, 1.6150951212601021, 0.5084084993613405, -1.5252360341422564, -2.162029577860478, -5.299192642332054, -6.170871147531695, -9.304164149665397, -7.287128217228036, -6.494039864168374, -0.624267211181821, -0.9820608083081195, -1.181955721360265, -0.8700117015311922, -0.3779819061990387, -1.404566215966234, -3.701092078190062, -3.780085563347361, -7.490545398961665, -8.186556162469833, -7.875433501855243, -7.3370875432249285, -1.7785945370633092, -0.7447570985870128, -0.09744260260816348, 1.2416948201616165, 1.0467126264923308, -1.0257336403266586, -4.615074017585008, -5.379286560171676, -4.7957363150462395, -6.667660517477725, -3.821015235358875, -5.4716444566150955, -2.372630417942169, -2.180071693067243, -0.33146105620531086, -1.2773602190485374, -0.8391312745653314, -2.764662825215817, -4.725113439412747, -5.3580725605801875, -5.7083386635864315, -4.95506310292153, -3.367096206401642, -4.282484978842645, -1.9313562148434196, -3.152208983837453, -4.916410532507796, -2.834381248562077, -2.0995431738760715, -2.1932727798526814, -3.386336446907036, -2.3061077607381955, -4.262466358665749, -3.9181649273507695, -2.618554880261493, -3.3642042627239563, -1.939071317280717, -1.673775490289574, -1.9663927023527277, -2.8829565857252946, -2.8712224564270756, -2.7044382686853052, -3.0472509167529505, -5.198236483752393, -6.01971945139202, -4.779511094480234, -3.2285508650334744, -2.7391682273350053, -4.443250427460964, -2.9528290573606055, 0.6367541342891464, -0.4459380134208481, -1.184655917033409, -1.1585238012164956, -1.945191702866445, -3.2737686642636343, -5.397442608014617, -5.138105437156688, -2.509106853910543, -2.2581519752706543]}