{"west": 11.4, "south": 47.8, "east": 19.6, "north": 51.4, "cols": 12, "rows": 8, "level": "850hPa", "source": "Open-Meteo", "hourIndex": 23, "validAt": "2026-07-19T23:59:02Z", "u": [-0.13356414750866835, 0.3844929314582536, 1.6461472343252292, 2.7815515637003614, 5.430520220431015, 4.567458470616844, 9.32479391767955, 6.002699384425168, 6.53581761726561, 8.656334410291418, 8.040917392670435, 7.417111799976015, 2.273530151165549, 1.2622592426001873, 2.6666666666666665, 3.1551155324566893, 3.789216918609248, 6.819862438449591, 7.502214459358939, 5.506749862635055, 8.271197773047005, 9.82266157294121, 7.73217589570237, 5.76327547735408, 4.937668255175393, 4.570354925529488, 4.569011611823393, 6.313696353496186, 4.700542636859677, 6.340992876760619, 7.976417937089102, 8.66025403784439, 6.625345227996904, 6.632649160611367, 6.286036725905618, 3.173750305329251, 4.541847667131892, 5.325470270661832, 4.0528967858687315, 2.1628388158612175, 4.932336608569648, 5.959896251797758, 8.623850688486892, 9.66800793603753, 7.272906254990644, 7.158840428896893, 4.418799078753068, 4.3965930858052475, 5.186094559154165, 4.29300367239586, 6.194797596046944, 6.838942729251445, 6.696327838537908, 7.701265115491753, 6.029869214905082, 8.637813248381674, 10.546318470259408, 7.561762190728129, 6.849021259194075, 8.060556014142135, 6.316524825380257, 6.82248361908145, 7.266304960223409, 8.624653549668805, 7.8158889153866955, 8.480022207349583, 9.245070516971097, 8.584748760541604, 7.616677414550051, 9.231817597840585, 8.637813248381674, 9.632410044666067, 8.982200431676452, 8.091797567878658, 7.602915324585233, 8.125691685205663, 9.340005249738812, 6.988060712913811, 9.528819772570042, 9.8938944551583, 11.026744742279245, 10.27669402330041, 8.713417313973883, 9.85400223828034, 12.02909743401353, 9.766010217371065, 10.119949521128412, 9.270843328641652, 9.266413343861043, 9.617603567959602, 11.151961361872745, 9.859581453591355, 10.98918314863521, 9.862988307399208, 9.62782049747986, 10.119949521128412], "v": [-1.2707779774150159, -0.5102393536413256, -0.2607241084003857, 1.1238197802477372, -2.4178233782839245, -2.5317835723975386, -7.285327458020284, -7.68310484766554, -7.008806307183718, -9.95797362793935, -10.670657787020765, -8.53241108751856, -0.5248857934690179, -0.6431532079643586, 8.164311994315688e-16, -0.4997212077674059, -0.8748096557816963, -1.4496065109793714, -3.4983400555202286, -7.048318407260125, -9.186095759373337, -11.299679548335389, -8.587451316627659, -7.376656221262927, 0.25877222809010975, -1.484998334079607, -1.396887033675293, -0.7752244344382997, -0.9991311808742281, -3.5148697467859447, -4.792715419301891, -4.999999999999992, -8.181619983116438, -9.833306763361186, -8.651987300954296, -7.855307656746394, -1.6530973594073954, -1.131963650007796, -0.49763315223768584, -0.6201840505882483, -1.22976963596498, -3.1689330488047593, -6.038485260473504, -6.2784777647565555, -6.782094802843728, -7.413196275712206, -4.575800396598639, -5.834476087289941, -2.4183156088495537, -1.150306867122312, -1.7763296263762174, -1.205890122687013, -2.705492063559369, -4.094835297632487, -4.222159878695194, -4.401185678030611, -5.607576999942578, -4.725113439412747, -4.7957363150462395, -5.234586280977755, -3.0807750038232378, -3.1813763592147044, -6.5426103732866165, -2.4730796091358545, -3.4798579463151813, -3.2551755417031445, -3.1833330658033137, -4.003134090377174, -2.6226323553493205, -4.7038460111903095, -4.401185678030611, -3.891746276043092, -2.9184938357633894, -2.945173456415475, -3.545297640158084, -1.5794744617280672, -4.35531597516109, -5.265881452580425, -4.855176177770159, -6.182391416054062, -5.141855517845167, -3.3391003003292896, -3.344767529089469, -3.201759413940424, -4.14195040948272, -1.7220110951970546, -2.901848829295631, -2.834381248562077, -3.3726986355725597, -4.282032992381343, -4.505684859696949, -5.242432451109109, -3.9997355650029514, -2.0964428824123975, -4.905619566630108, -2.901848829295631]}