{"west": 11.4, "south": 47.8, "east": 19.6, "north": 51.4, "cols": 24, "rows": 17, "source": "Open-Meteo/icon_seamless+formation", "hourIndex": 7, "validAt": "2026-07-20T06:34:41Z", "level": "850hPa", "u": [-1.131222447241453, 5.102694996447305e-16, 0.13369990800957268, 1.64898240919305, 2.791388898352391, 3.9350882232304296, 4.9513945359780465, 3.9166666666666665, 2.5238814965117755, 5.420447896541076, 4.689762677000648, 4.172327345550542, 3.665834897858304, 6.708361209499403, 5.950397904463985, 6.711212106742307, 7.206858610291627, 6.438172844220552, 5.924515692000335, 7.287128217228028, 6.345647276419198, 6.6525642750466965, 4.2372446642357655, 4.402777777777776, 0.3798774860312386, 0.5069525372345917, 1.3945717073401345, 2.143269229193862, 2.158738781824919, 2.761983524484584, 3.9228363650637443, 6.324653720112301, 5.819123626515641, 7.331123265196417, 6.589403617840998, 7.215612043792255, 7.582148535476063, 7.983814086477364, 8.617067838856821, 7.852351572557495, 6.959773501730982, 5.963421737389199, 5.319072586845377, 7.2133796645070305, 6.285034405823938, 5.767393971873805, 4.34239397079987, 3.7499999999999982, 1.9096457764500576, 2.786487396643334, 3.5362703987864594, 3.93527881516529, 4.667902132486009, 5.072301420240819, 5.556504163494367, 5.829003331186269, 5.940823249502402, 6.198544788126416, 6.972222222222222, 7.099781308601284, 7.861111111111111, 8.349652498920186, 8.105793571737463, 7.857657033827132, 6.455961936413364, 5.442697280367178, 5.702775298774611, 6.833728103217187, 6.478984420593735, 5.485995688063085, 4.489593766420204, 2.7468697328536242, 3.541053509102903, 3.776726719417412, 4.57068963108454, 5.430520220431015, 6.197936720356422, 6.969147295552812, 7.600649855828638, 7.736892001328578, 7.58194976948232, 7.967939939565056, 7.717518053091906, 7.454020264441463, 7.471460235688092, 7.471460235688092, 7.592570826977552, 7.348411782443353, 6.102612646227236, 5.54777725176645, 5.93279129208295, 6.254259930722162, 5.609360108522664, 4.871493590967742, 3.5436480674114588, 1.7815812896683259, 4.428697720294248, 4.6667997482670565, 4.956178340456575, 5.292377467571573, 6.4663238330967845, 7.616677414550051, 7.593250245550176, 8.340479320581162, 6.96266703398328, 7.971008014163452, 8.488351045413877, 8.488351045413877, 8.220969937952551, 8.10617004137711, 8.10617004137711, 6.8443977892826835, 5.963421737389199, 5.537964462847244, 5.282967061559406, 6.216506463762953, 4.527610591164112, 3.7034068213261913, 3.1653226509618366, 2.1225578555005984, 6.206980804183215, 6.45042269227494, 6.687640618113169, 6.029869214905082, 5.9365316500185275, 5.941896520409902, 6.198024052021522, 6.466336781546264, 6.968689958643471, 6.584588937300917, 6.336905162861381, 6.582330659779576, 7.210283741419981, 7.325355192747271, 7.101365580476971, 6.959383927544925, 6.315686077854244, 5.93279129208295, 5.953820021757425, 5.708621948749641, 4.301566252218161, 3.676625646175328, 1.5377804845445555, 1.3888888888888882, 6.217184364512144, 6.4663238330967845, 6.495190528383294, 6.453104092246737, 6.06379440072639, 5.199580269058126, 5.820973603182042, 5.949429733470218, 5.305552056687727, 5.702016175552617, 5.935755502373488, 6.8315110224497015, 7.217822639582359, 7.717518053091906, 7.856322334622336, 7.853017467581311, 7.730130110701206, 7.313103409735264, 7.0590758165674865, 5.924515692000335, 4.414679624983645, 3.809867310122601, 3.6806079660838664, 2.2963168116772192, 6.310001232468413, 6.459797300365665, 6.45042269227494, 6.949283010170711, 6.315686077854244, 6.472467958119795, 6.820590453496647, 6.574279678589869, 6.851150834759216, 7.468125460342578, 7.713763012883112, 8.216071571327578, 8.38227696866208, 9.136117150505022, 9.618451407215757, 9.864673217139297, 9.47523392625791, 8.872644004111024, 7.45744097703267, 6.029869214905082, 5.452536440577326, 3.79017162497848, 4.447188745431649, 3.9265087337906555, 7.3517687889779095, 7.951889205690034, 7.830771839882573, 8.220758726738504, 8.509438732672395, 8.00571878549041, 8.075462383687858, 8.125691685205663, 7.572277277896056, 7.719803401654726, 7.572277277896056, 8.725574963979234, 9.012923099263425, 10.39328069104251, 8.834644651028976, 9.109998763369076, 9.639318673159254, 9.12834194797264, 8.719226528535618, 6.57784834550136, 4.553659434326662, 3.803237313933781, 4.299654941304415, 5.048184851930703, 8.98805681764086, 8.971502427072501, 7.607610671719394, 9.094120604662196, 9.109998763369076, 10.115389903082745, 9.754305240651007, 9.217715286643706, 8.112750378029858, 7.850303850162937, 7.4764798572980355, 7.740543313180001, 8.597951835892742, 8.732661536483967, 9.489062773327417, 9.482597573780506, 10.376773739340518, 8.881151347268935, 6.466336781546264, 4.292981136553926, 5.3211502018548655, 5.055555555555555, 5.940823249502402, 7.204629251876509, 7.968888066884815, 9.256515615459735, 9.489062773327417, 9.489062773327417, 11.029186469979038, 12.024932997233883, 11.534119405510049, 10.772202382903433, 10.39328069104251, 9.012923099263425, 9.00520311865192, 8.869014051723417, 8.352080751127298, 8.237200796409555, 9.109471715362924, 7.743496995058679, 7.342971288417713, 4.040122942260968, 6.077633805028336, 5.690875290162897, 6.207065201616683, 6.463352266605993, 7.212324417671923, 8.11975053987696, 5.1975380577654775, 6.473438054302926, 7.570745984707366, 9.729909921823186, 10.515086707888413, 10.483527497652794, 9.754305240651007, 12.386420290726154, 12.27029848729001, 11.63564980771345, 10.758428504584153, 10.646549335192969, 9.980473853548343, 9.002188127116188, 9.882864844966614, 8.349652498920186, 8.362263691595484, 7.831197209998999, 7.583333333333333, 7.344488176499979, 8.10987574960184, 7.7210460903743545, 7.845672730127489, 8.228013880408653, 3.7777928681936084, 5.301734064425978, 5.952273006920888, 7.18576034534116, 7.3659606223916985, 10.74157865271532, 7.726532121389894, 8.471606396604962, 9.748515027774815, 11.637116229736886, 11.250545558758397, 11.644772461373769, 10.894299220634279, 10.861921602478514, 10.242010444024405, 10.238667730387384, 7.333099860953126, 7.223530325834067, 7.845672730127489, 8.488351045413879, 9.380833407030604, 9.105560868396205, 10.008173695716662, 9.890159074086258, 6.2201400455952305, 6.985546599908906, 6.056580043943776, 6.058001539893195, 7.619734620245202, 7.852828117813034, 9.589791911328904, 9.246382797313993, 8.597951835892742, 9.882864844966614, 9.242501974921323, 9.608371472187736, 10.25, 8.216076477475388, 10.513349824221763, 10.880465723435128, 9.875433301039088, 9.244365149926635, 9.625679126662144, 9.748515027774815, 10.65374885459228, 10.513349824221763, 11.27805300511233, 10.497957378537517, 6.05444331951698, 6.831699063610669, 6.621479024669355, 8.01073498500606, 9.008573262864536, 9.138603519286223, 8.76215462939937, 9.39358133513803, 12.897490493631805, 13.04095360350959, 10.502132640235372, 12.538348603029648, 10.252741627670416, 10.7548285975915, 10.132712551721388, 12.538348603029648, 11.506851983747616, 10.50784450720222, 10.771212246761364, 11.124174128691159, 11.381750580325795, 12.037352601941924, 11.658006662372538, 10.8875968249683, 7.963978208365202, 8.230382617431822, 8.45222581466718, 8.732422821493094, 9.39035568235196, 9.971182809450477, 9.475046827343455, 9.614161802725489, 9.001160182756285, 10.50784450720222, 12.654963433426856, 12.137029278161195, 11.760631852471995, 11.534119405510049, 12.65208369776989, 12.40389808389874, 13.53697813778422, 12.784498625510736, 11.388856240466326, 11.511979358976337, 11.38808279052806, 12.0171395690333, 12.397089576252831, 12.131119631171712, 8.192419738911289, 9.006833807755578, 9.520038027847894, 10.119336188844382, 11.857526880396176, 11.546199534093983, 11.787576040043751, 11.901467212066104, 11.004785643780934, 11.13461464461886, 11.649943552684025, 13.162303440928238, 12.538348603029648, 12.386420290726154, 11.000914665365286, 11.888595888421706, 11.762981494312486, 13.411694453493192, 12.409102768820441, 11.02105995351614, 12.026188828132327, 12.148040901729896, 