{"west": 7.0, "south": 46.5, "east": 22.5, "north": 52.5, "cols": 18, "rows": 12, "source": "formation-steer-fallback", "hourIndex": 16, "validAt": "2026-07-22T15:54:40Z", "level": "850hPa", "u": [7.805019988267478, 8.626852046844524, 8.951721909259946, 7.6308864672495, 9.565891585724112, 8.416779393620468, 7.6529430885740055, 7.847191738784603, 6.924224693872909, 6.381593817913372, 4.968294752214523, 4.145122275885897, 4.37191459247307, 5.01817265335771, 4.6982882631750424, 3.672045610400714, 2.7719754225243936, 1.999920113495583, 7.601795087836381, 8.823728903051206, 9.970877248355771, 9.634532617101883, 8.684319569379056, 8.443938161507328, 8.57076980539355, 8.126116314731204, 8.916650158632006, 6.935994192717018, 7.105022610175813, 6.0313146939350375, 4.782521359704674, 4.489848127286508, 4.301162704644392, 3.0679575017824883, 1.8444563335777122, 1.9266382590553923, 7.601818340408547, 9.19718835797872, 9.0040511374507, 9.419342666142457, 10.335675680585068, 8.88779968053556, 8.96971488496446, 8.379954660607499, 8.509075712190384, 7.746167538603927, 6.942844623928462, 5.850639687567452, 4.419289278652625, 4.1752043165461945, 4.382754166883437, 3.6207806915876257, 2.394145455687937, 0.8940313214529299, 8.650457371389635, 7.490860872985692, 7.738116515333226, 8.585901719364337, 8.838325659408596, 8.832986157168397, 9.508635978143404, 9.188889236161753, 9.739408689679435, 9.642712087494589, 8.073980583375207, 7.624282505591962, 5.016986173350669, 3.9486357294112167, 4.010096632964851, 2.3551603208215335, 2.0233654312272056, 1.8386151247247375, 8.619465550063246, 7.684997084287946, 8.443097911915807, 9.61416553649178, 9.329922095067424, 9.177527617856496, 8.655287528888797, 9.11643389626842, 9.820370305746923, 9.453923915359022, 8.477643966598531, 8.386546792174768, 4.345821253881047, 3.462737118435528, 3.389802020549628, 2.430296493725647, 2.2345463674163017, 1.9210247526727877, 9.42063943583242, 9.220467234290597, 9.83893857345826, 11.886444272373687, 9.284669965150893, 9.051699237774956, 9.473408055238266, 8.8822235389001, 9.873808411033133, 9.167188500871434, 9.264724673464434, 7.586043282348126, 5.848999246726484, 4.407787347906164, 3.776412903130944, 3.527590056719808, 3.5389312166885953, 3.067207718966187, 8.281772419081733, 8.668893557107824, 9.586823443256051, 10.26261011535539, 10.82383098957459, 10.4662057175505, 10.063590159817293, 9.933771413782477, 10.213405519344638, 9.547807264537528, 9.23813315118445, 8.50030011742921, 6.477114459520358, 4.922387914427083, 4.648687851340028, 3.761728595164031, 3.4840377569805705, 3.6626387642529217, 7.46360514282307, 8.795018080997977, 10.057385264122816, 10.126296732205844, 11.165419488310613, 11.115411433100414, 11.433248069843861, 11.051196895865367, 9.11455034486114, 10.026151822958791, 9.469893490110339, 8.678439728137525, 7.54665970509067, 6.547244480347026, 5.84775366259788, 5.290937571898032, 5.005540404907594, 4.696525698815626, 6.911292480301161, 7.856908122678227, 8.889872780171975, 9.848071576498041, 10.178449310720096, 11.21146635958703, 12.098542492618572, 11.421682974504725, 11.845451690317063, 10.295792146197988, 10.336583155638971, 8.84581899265808, 8.136250749360292, 7.281748412431415, 7.016445172347121, 6.2431124449528, 5.278422338181754, 4.811523691824261, 7.87592390981206, 9.215966710126551, 10.923201032361998, 11.307057371498887, 10.643003606763148, 11.424490332398525, 12.015284057109824, 11.415702159972344, 11.223336251708579, 11.05962303487883, 11.062078919656427, 10.566795138287903, 10.226457494515323, 7.657946169974974, 7.754443537768594, 6.539777756108545, 7.202202642577073, 7.067678423711344, 9.001542368193222, 9.682499791100724, 10.579512873944761, 10.651876120298184, 10.79741758553289, 11.920583779428682, 11.933139155492581, 11.45712959403357, 10.7567273088342, 11.269004329810887, 11.37359669447889, 11.272486872261817, 9.609039984910023, 8.294275976707658, 7.5984315729745795, 7.019859122201304, 7.471277092325173, 6.192648893482004, 8.196577695490731, 9.002597281465096, 9.178759309750411, 10.140509556745993, 10.812613225994433, 10.533425717402615, 11.13022362521621, 10.642018930400413, 11.113806613976823, 10.952971680030403, 10.93864837209115, 10.098461721079552, 8.624159269580248, 7.889828569479409, 7.605485969848448, 6.647528360761601, 7.010180895276484, 7.726432600400256],