{"west": 11.4, "south": 47.8, "east": 19.6, "north": 51.4, "cols": 12, "rows": 8, "source": "formation-steer-fallback", "hourIndex": 6, "validAt": "2026-07-17T06:11:57Z", "level": "850hPa", "u": [7.2401702614431995, 9.26809740105221, 6.24190895690013, 6.973643541255351, 3.231792918880374, 4.999992384566438, 4.660993889493013, 3.3123375705804907, 3.160114667101628, 3.1963797031930383, 2.3945590471338445, 2.0190548443460363, 11.126604130486042, 12.214686758547632, 9.207797112220472, 8.603480441184603, 8.591833817855639, 8.865059695982863, 4.523407833673694, 3.6144784509067316, 4.311159555865269, 3.178792849921269, 2.6542293741998204, 2.1295023450629875, 8.937085456992605, 9.247684513683545, 9.319475476232387, 7.619169720048305, 8.546404104781129, 5.269890286015221, 4.1248994766597535, 5.6523337065716825, 4.169712623312527, 3.343066685717446, 2.277512455318475, 1.2707126681929966, 5.3855878211206125, 7.491470535576911, 9.324371966665831, 9.489219482606117, 8.993167971099115, 7.835640683310746, 4.574198368048866, 3.5597726861783348, 2.6035102971570265, 3.4990755183273596, 2.120952789813035, 1.8441965077750986, 5.603376335553463, 5.54176641146839, 8.19011279103685, 8.76455667528202, 7.427878431337358, 7.577107959884867, 6.345574028350211, 4.373173195227846, 3.010168236060892, 2.3486727880515246, 2.087651339630032, 0.9942769701998876, 7.6452753404737885, 8.699791712247684, 8.759231977634942, 8.37314795139133, 7.499795742916237, 6.41651971233296, 5.5811204125833, 4.518218320452063, 2.116404614905535, 2.1231142497503486, 1.7040625653804236, 0.35569570952426366, 5.842493583435121, 5.936477939243236, 4.669518540109517, 5.624147905067019, 4.844768356171242, 4.5693254268485015, 3.2347209285703475, 3.4700967426631637, 2.6414263604254553, 1.7344365950853025, 0.8641973578978703, -0.7756449283648997, 5.303676191985768, 3.885670825799907, 4.351663071275875, 4.214270528792989, 3.395384639754086, 1.2201088493303764, 2.9339546917928914, 2.4257111882799616, 1.0899817125412545, 1.3714915126534444, 0.5114350496204357, -0.8384742516152889], "v": [3.8496668148443045, 3.6882239038064473, 1.8134421892549903, 2.6212202806150278, 2.721422335741858, -0.008726641829490695, -2.6263350818410034, -1.0507353703577942, -1.5618259476552327, -1.3633714801973758, -1.7654211876460115, -1.7926007741610526, 3.190502393581766, 5.1345815204903635, 2.1257874635495235, 1.59456084805629, 2.015196428726538, 1.230128687032464, -1.0776277512478318, -0.5079818185042385, 0.7446665588513927, -0.3677988815771728, -1.1048490526469352, -0.8690338096824745, 6.5409577688906735, 5.5785599517597335, 5.937160672232404, 3.5367008322869258, 0.9586328169744008, 2.236935710601092, -0.028797698729092106, 1.858392765147784, 1.1485302081304491, 0.6196007866733013, 0.4675061666643677, -0.10447159850330211, 5.25557502286832, 5.383167674760185, 6.602023358581549, 4.834998822226174, 3.061524104689856, 2.5006719261121586, 0.6836185264744489, 2.1814315076890867, 1.2195733403929965, 1.1234302457394134, 1.1756633290973677, 0.33847339734480014, 4.0264343583572115, 4.02632897820344, 4.960108614747722, 3.792762355562157, 2.615768913584164, 3.3261178518280707, 1.9037634440043427, 2.9497425658081897, 1.290159753910365, 1.9847823897511483, 1.6725241056980116, 0.626129624383108, 4.795872180150698, 3.3569702357194777, 4.55976755569596, 3.434078243737497, 4.208689085040078, 4.11933244364212, 4.9725969010413476, 3.3923742730912454, 1.7948416381415249, 3.4782194988969595, 2.2531745989312713, 1.4056957573479514, 4.782025588338003, 4.7051944356082, 4.002261436184983, 3.8221669693944884, 4.181891865536675, 6.197682239640539, 6.516303055741729, 4.331388760727729, 3.39306156478917, 5.534593905394406, 3.3658264849219925, 3.181823367992291, 6.253880303504643, 5.427447579988909, 5.354720208759167, 5.930054713925232, 5.8338549131875075, 7.450760658871395, 6.437975991451544, 4.54295335999099, 5.2633226070919905, 5.71267328233635, 3.9923751314248697, 3.9111329470344245]}