{"west": 11.4, "south": 47.8, "east": 19.6, "north": 51.4, "cols": 12, "rows": 8, "level": "850hPa", "source": "Open-Meteo", "hourIndex": 23, "validAt": "2026-07-18T23:51:34Z", "u": [6.468734596768644, 5.957674189051728, 5.8191236265156405, 3.7860007394810475, 6.198076245439412, 4.188696104109463, 9.875433301039088, 5.174910540138647, 5.429716146602722, 4.529283164624202, 4.537741617184343, 4.89293790536904, 4.554999381684539, 6.711212106742308, 6.332368735990478, 6.198076245439412, 7.592570826977552, 8.867820233700437, 1.9048162237824722, 2.5376262712294464, 2.6461887337857863, 4.709053828580945, 5.471644456615099, 3.2981283600855447, 5.8297798242780585, 6.326041848884945, 6.198544788126416, 8.217213466601455, 6.322236997755625, 5.9395057640049655, 4.045515181487874, 3.5468944009238195, 3.5497054992268793, 4.571558937077933, 5.155268569093667, 2.5416488300701268, -0.26674844350679294, 2.915399023797986, 3.803237313933781, 3.912145627172872, 2.9125406019164175, 3.7901716249784805, 5.846409305185019, 5.308937146308975, 7.209462719537392, 4.340918511007539, 4.04684313393675, 2.269742123107492, 0.6329458930993854, 1.7604765666516806, 1.6363890599272848, -0.3823953589872307, 2.002371663817537, 1.888363359708706, 2.0295148606512816, 2.4014366975639887, 4.695472766682971, 2.2771703408165678, 2.5240924259653514, 2.668572928496803, 3.0398024758972757, 0.6403649050240879, 2.2764755104194205, 2.4283087477047034, 4.438886955951467, 3.3020318862166302, 2.535870223906465, 1.0204787072826516, 1.6481627034843709, 2.14071707464062, 3.664433032403351, 4.93338625912602, 5.187325638864036, 5.32034160138573, 2.5358702239064654, -0.3684611433577964, 2.6666666666666665, 1.0113787953719684, 1.756107068785112, 2.930405227616217, 3.8135744261867814, 2.138888888888889, 6.819862438449591, 6.961653267577913, 6.199111584541088, 7.592570826977551, 7.3311232651964175, 4.790449915261735, 3.432394663101623, 6.079145644219085, 7.606474627867562, 7.719803401654727, 7.212324417671923, 7.461981801360565, 6.19350100055209, 7.099781308601284], "v": [1.4934250552273285, 0.41660116263852853, 0.4069127635073999, 1.5296435897816423, -1.4309386512429176, -0.21952026090790325, -1.7413053371600469, -1.2902501098648969, -4.719980236348369, -2.3077850403426985, -5.2200745965408375, -7.254078759856611, 1.1356888987873297, 1.6732931112310363, -0.11053190743612572, -1.4309386512429176, -0.530924272385841, -0.9320454641365792, -1.1445290553556757, -1.12982400854389, -1.5277777777777752, -2.5038483348580813, -4.756427960181175, -4.539484246214982, -0.20358039743125675, 1.2296579702043993, 0.5423023993187631, -0.28695141733167623, -1.9329018256669752, -0.624267211181821, -1.5529277813629678, 0.24802301775689142, 1.6552548584844053, -2.7468697328536216, -4.97838498828948, -3.9137959837453127, 1.898013798421343, 1.6160320674877897, -0.13281197356229607, -1.6606072960794118, -2.0393828848037168, 0.7367347321483254, -2.362102686261449, -0.7461224579247947, -2.0672801686274944, -3.6424631215570584, -2.151744662768664, -1.6490641800427712, -1.1418646176542107, 0.24741884615122836, 0.7630607503651515, -2.414349277010337, -1.4020757333025553, -1.2737171690167013, -1.0340894716289688, -0.8740514773878183, -1.2581481359150286, -0.36066834995386693, -0.3997769662139247, -1.2443759929031684, 2.6424599778784326, -1.5086051764914992, -1.7785775953852334, 2.8939456740050282, -0.5450267857841321, -0.7623341286097639, -0.49292323805607463, -0.7689858629165065, -1.7674381122463287, -2.295638007860174, -0.12796482124250425, -1.7956057524597568, 0.27185621715084557, -0.3720345266353338, 0.4929232380560739, -0.24853017932033183, 8.164311994315688e-16, -0.38823194534074196, 1.0138888888888882, 1.124877174961636, -0.6040108511275603, 6.548458578774041e-16, -1.4496065109793714, -0.7316992428735762, -1.5456121107756577, 0.5309242723858456, 1.8278543223086021, 1.9354673993155476, 2.779498393803448, 0.8543682031159604, -0.26562394712459214, 0.9478726709289234, -0.3779819061990387, 0.39106589525977253, -0.1081079620976142, -0.7462170849940837]}