{"west": 7.0, "south": 46.5, "east": 22.5, "north": 52.5, "cols": 18, "rows": 12, "source": "formation-steer-fallback", "hourIndex": 10, "validAt": "2026-07-21T10:27:02Z", "level": "850hPa", "u": [8.84484510526477, 9.455250483128896, 9.31657424213059, 8.799343253011978, 10.6312541673881, 11.595768337313698, 12.363565456768239, 7.786623203364872, 9.425233140881934, 8.849339521494999, 9.745362898447041, 10.521598230379185, 9.88358398447888, 10.419201260771317, 10.49026531060531, 10.698679967553767, 12.323122842802523, 10.955682111463323, 5.396141106787823, 6.348369809172091, 7.300625280547905, 8.43947733833625, 8.170708550884083, 9.14353128512515, 8.236903541488406, 8.565480677798892, 9.605040086213839, 9.303759298312913, 10.265220476753589, 10.285884207972112, 11.853084215793462, 12.186096372183945, 12.018333779088241, 11.851024343530048, 12.213364508838211, 12.849823855379434, 5.41077357409156, 5.773153987523474, 6.162055815799564, 6.882979202057161, 6.649050127139499, 7.921818842077856, 9.373572142091168, 9.595329337181356, 9.298286122731293, 8.817890536884985, 8.588986471784, 10.024716131577353, 10.770107605406578, 12.73763810708676, 12.802334812355141, 12.81134046325079, 13.181909858760374, 13.03948685624352, 2.9485689604749283, 4.524415495320185, 5.902054489659699, 6.783110119848086, 6.529997062603213, 6.920804478757674, 7.942058735435564, 8.112313592213871, 8.644127806412461, 9.48861122171141, 9.761360766998, 9.811125421363524, 10.749819270122092, 10.456965789473001, 10.204554009688879, 10.392650424531785, 10.13443292790119, 9.51365936677617, 1.149125017136505, 2.554369512456177, 4.0973409004538865, 6.974347801836166, 6.900923104107679, 6.102911796766929, 5.989952198766168, 5.474419823282673, 6.007227678090138, 6.471639503967637, 7.97572086551227, 7.902408542946212, 7.76226634387236, 8.038476082661099, 7.8661876672680515, 8.316198724819085, 8.03434498497924, 9.092997340651728, -0.11675399084971454, 1.091539440934155, 1.5468753371064536, 3.2044604868607944, 3.6889680966021783, 5.228418862969496, 6.005116146085041, 6.001767331897594, 5.288973609599991, 6.135202839577004, 5.858683255376691, 5.779866696603847, 5.627333607671386, 6.913089432779272, 8.05568947614295, 10.794539954820463, 11.1506356728845, 10.743069591659493, 0.07543998015765006, 1.645789815184134, 2.1324714116943753, 2.427553864734818, 2.999101674880714, 3.5166607915283947, 3.6901504989598655, 3.367309637493996, 4.000565282248944, 4.386194619915051, 4.642273370064431, 5.116335822902473, 5.31558135889323, 8.554347482445054, 9.51248541713626, 11.827446936530965, 11.626797574491983, 12.570158132528919, 0.42509556665780307, 0.8037246580443773, 1.4020748161396532, 2.2642422682780636, 2.136932808999395, 1.8008381154119584, 2.4627638982903157, 2.9555696735375974, 3.232082755234705, 3.8939962412390243, 4.969580111233801, 6.049357585351693, 7.607359793731247, 8.07590627902932, 9.507263319208237, 11.109326340543456, 11.939233301142595, 12.299172322907234, -1.0919706385040275, 0.09249775411760222, 1.1639348717969242, 2.2857762879904056, 1.5889653222444236, 2.476684512752616, 3.3082239024157265, 3.091813825905616, 3.513069079601434, 3.854948447489767, 5.611133080034783, 7.228872790062885, 8.266017432087786, 9.030109862985428, 9.866804816574122, 10.556727330876205, 11.99156967616001, 12.740914297236356, -1.3731884434547676, -0.8559276265101541, -0.5218221545343741, 0.5717080034099747, 1.5740536218990366, 4.44958120592741, 4.654235829985179, 4.450269859697228, 4.6248015758720875, 5.02276822773278, 6.690840759616378, 5.704960879887335, 8.70355530803361, 9.135939677532821, 9.713009148706417, 11.542545189181782, 11.559165595253399, 11.652497127355465, -1.9402028437158354, -0.5005980241858269, -0.19894480713983614, 0.5894620938171131, 1.76089513716432, 3.6117969058254724, 4.633488183539311, 4.438597977195134, 5.399719491065055, 5.316878452506364, 4.803300200537589, 6.276484027109867, 8.326204254433955, 8.733491279280303, 9.61620801830726, 9.709687049230745, 9.162569232375631, 11.466213357209046, -1.4854071561977145, -0.8417348790773398, -1.0907306234760683, -0.028099743892548313, 0.8589785260550442, 2.2227092909964252, 2.888396003923203, 3.485825514272821, 4.059665519577904, 3.313600336902202, 5.324928208734279, 5.970483611446544, 4.124414585978328, 5.57902224943583, 5.937252856548868, 6.893869543638717, 8.782566238799513, 9.859014818947267],