{"west": 11.4, "south": 47.8, "east": 19.6, "north": 51.4, "cols": 24, "rows": 17, "source": "Open-Meteo/icon_seamless+formation", "hourIndex": 11, "validAt": "2026-07-20T10:31:36Z", "level": "850hPa", "u": [-0.4998912318752555, -0.510448672285527, 3.55775099634532, 3.4194713646257227, 3.2809164457032587, 2.031538060053253, 4.316843691730897, 5.426216930724586, 2.906994544878027, 3.7858222447676635, 4.064295212842902, 5.683825377913872, 6.330788638082687, 5.698891148348937, 7.870176446460859, 7.344488176499979, 8.11111111111111, 6.461043599928665, 7.3659606223916985, 7.483407197968265, 7.1796535328612485, 6.548815853652399, 6.1891487790723865, 6.212295488091119, 1.2677200079928963, 0.5098811965938798, 2.271968344482867, 2.16342899398917, 2.78778101869109, 3.419437036748723, 5.451398764557608, 5.33196952118587, 6.57932294454238, 7.606474627867562, 8.220561014282747, 9.383039235653808, 7.969557584733964, 9.491521706818574, 5.434153337410032, 10.879701283211606, 8.58923785516706, 8.341102593677588, 7.846635150283594, 8.637813248381674, 7.871577364254562, 7.103302012279485, 7.210738675014571, 6.593307410252709, 3.9153859199412864, 4.5543406816331355, 3.665834897858304, 5.069030141407448, 5.8223862306868845, 5.312592044589876, 7.969557584733964, 8.11111111111111, 9.355408575150982, 9.361111111111112, 10.258414093877168, 8.371098481067577, 9.629961320802591, 9.002188127116188, 7.082254507357772, 7.582178354935967, 8.72016370955409, 6.849354142129195, 9.76658335470058, 9.52743907185713, 7.722056542965852, 7.714383864537518, 7.439233247888443, 6.064348289224977, 4.940907905809018, 4.031958780185727, 4.539291341930951, 4.940210237422048, 5.94410322684471, 5.957674189051729, 9.379993086277677, 8.6148371929687, 9.254578748565876, 8.744375683249768, 10.637268534580494, 10.395192948462197, 8.744669736417087, 8.356966633991865, 7.084051186430191, 6.333405421104027, 6.46424989317414, 7.583286712402293, 10.502132640235372, 6.673660187530194, 8.48340277551609, 7.3361070055035436, 6.9807386973745285, 6.9499876194791685, 5.206834186332561, 6.4618147338075875, 6.46424989317414, 6.336905162861381, 6.585953837384317, 7.4764798572980355, 7.731121389513637, 7.841961839542507, 8.855063983037738, 9.727134473963956, 9.236193355551192, 10.879701283211608, 8.725574963979234, 9.998476951563912, 13.414623243348249, 8.359837673390938, 6.962667033983279, 9.376021742973498, 8.617844989744594, 6.4618147338075875, 6.332368735990478, 6.815143329928427, 6.7118169103595315, 6.328306164927266, 6.0627470697747965, 6.707785753559037, 6.468638175173308, 7.210283741419981, 6.815143329928427, 7.344488176499979, 8.10791795946893, 7.859913825812742, 6.571448644746861, 8.093557235432378, 7.096921159314588, 7.719803401654726, 9.125910449813267, 8.606015308514802, 8.85571316164143, 10.137344687002301, 10.11419106513433, 9.882864844966614, 10.76443715438025, 6.5743111038009445, 7.221122242796159, 5.9395057640049655, 6.955238239311553, 5.556504163494367, 6.468638175173308, 6.576997937300338, 6.5764488114261965, 7.5970422562854205, 7.348411782443353, 8.609830708780876, 7.09378880184764, 7.45451796191571, 8.857669939978353, 6.962667033983279, 7.716680358769135, 7.599713065134808, 7.9805124020785945, 7.348411782443353, 7.731121389513636, 7.845672730127489, 7.714327398595629, 6.838942729251444, 7.58194976948232, 8.10791795946893, 6.959383927544924, 7.204629251876508, 8.368453977179637, 5.8297798242780585, 6.711212106742307, 7.599713065134808, 7.344488176499979, 7.839622210870765, 7.861111111111111, 8.217213466601455, 8.602066647558123, 8.356966633991865, 8.98805681764086, 7.845672730127489, 7.841961839542507, 8.609799597180036, 8.217213466601455, 8.22472645982582, 9.248591180196618, 8.114696674410089, 8.867236002309548, 8.342933677811626, 9.489062773327419, 7.471666863744397, 7.846635150283594, 7.075954150657069, 8.724580341923717, 7.984421364212344, 6.707785753559037, 8.22472645982582, 7.343179814412595, 8.61111111111111, 8.488351045413877, 7.7210460903743545, 8.617844989744594, 9.602210006606548, 8.59930988260883, 9.491521706818574, 8.488351045413877, 9.249999999999998, 8.998249181603585, 9.244365149926635, 8.998629256407522, 8.86111111111111, 8.728685439773463, 7.719803401654727, 10.141901177641545, 8.464443267012419, 8.606935572269578, 9.489062773327419, 8.490087604914969, 9.380039206690986, 6.0627470697747965, 6.46424989317414, 6.718127226072809, 8.47765825677493, 9.618451407215757, 8.877773911902935, 9.878930756076478, 9.36601802743946, 9.492452508201007, 8.37086590060377, 10.887230458369594, 9.244365149926635, 9.605256281905753, 9.248591180196618, 10.012212155624116, 9.744060563436184, 10.243755976945732, 9.740570381341513, 9.490068992106716, 9.504568589975547, 9.104112657560673, 10.406403641140209, 9.51428864931741, 8.612838617744192, 3.65652333711404, 4.824877126034203, 5.570007170845283, 5.936202288990255, 6.57366187335616, 6.593307410252709, 7.45891421526205, 8.998629256407522, 8.978076452338417, 8.353930109647793, 9.60187559186903, 10.003350615105461, 9.625679126662144, 10.64538173897188, 9.75, 9.998476951563912, 8.994517443171862, 12.790656598764182, 10.748362722931207, 10.00047017009208, 8.498672231737883, 10.393280691042508, 8.98847643907883, 9.105284397637966, 4.034279540075109, 5.04800098597473, 6.065559815585856, 6.466336781546264, 6.4618147338075875, 8.091797567878658, 7.073797228693923, 8.73992027973053, 8.480168168117318, 10.497731117776217, 9.986295347545738, 10.137344687002301, 11.024375679553327, 10.26369244053312, 10.609807372105895, 9.739752081748104, 10.11419106513433, 9.62988208155354, 7.582178354935967, 9.613711655226641, 8.732661536483969, 10.116213473863425, 9.864673217139297, 9.373914507032305, 3.3034860603643694, 3.809867310122601, 5.071110588017608, 5.582777796704782, 6.855009673095046, 7.190681244778832, 7.084051186430191, 8.602066647558123, 7.743496995058679, 8.606015308514802, 9.482597573780506, 9.104964743151662, 8.978076452338417, 10.008064811272845, 12.653425322808951, 10.780154035882136, 11.124174128691159, 12.009680526994932, 10.61472967727525, 7.961034639305697, 8.382276968662081, 11.388082790528058, 10.386532210598522, 10.379232874453162, 4.556714151489825, 5.952273006920888, 5.54777725176645, 6.721782753855155, 8.972745210223104, 8.336277220940346, 9.376392541359891, 9.37485897395307, 8.093557235432378, 8.6148371929687, 8.250829556803902, 9.116450707542505, 9.110078313713714, 7.71163918504921, 10.632407965230934, 11.026098193807982, 9.379993086277677, 8.73992027973053, 7.716497739122245, 8.627960868885381, 9.98609342109911, 12.139757596530755, 12.423218326011748, 11.25938741529605, 6.213407760803973, 7.080087399086144, 7.85530765674639, 8.22069431110036, 9.350128136482132, 10.14751218609206, 11.354619167829728, 9.717996745993286, 10.515086707888413, 11.910724271252775, 10.88225567198571, 11.519878621349166, 9.49421285668141, 11.0, 11.262321975287696, 12.406826895516526, 8.744669736417087, 6.1906709562571764, 7.839622210870764, 8.85766993997835, 9.005203118651915, 10.99743071944495, 12.666810842208054, 12.802500789158703, 6.82248361908145, 7.830771839882573, 8.458872679008737, 8.872644004111024, 9.370823635059477, 10.404267712040731, 11.544769378360616, 12.246013680526652, 11.112843575003515, 12.50337319585294, 12.145962287150565, 12.286401276464861, 12.784498625510736, 13.033547300033671, 12.514400516717437, 11.90940735531089, 10.260984427293929, 9.107318868653326, 9.876883405951377, 9.9852030264775, 11.028290573792468, 12.396152490878825, 14.688976352999958, 11.764941975492718, 6.462199460502051, 8.474606297229315, 8.065937299174427, 7.97770872992115, 9.86677251825204, 10.623941281374067, 11.293164147490067, 10.794670404758865, 11.779526201371967, 10.734088937977896, 11.407356472391411, 12.54468052768893, 12.784498625510736, 12.649307440224602, 11.381951085495258, 13.031998938408066, 12.26379689572296, 11.778312010628069, 12.148040901729896, 10.367837177545189, 10.379232874453162, 11.76645338523594, 14.04510144620988, 12.666810842208054],