{"west": 11.4, "south": 47.8, "east": 19.6, "north": 51.4, "cols": 12, "rows": 8, "level": "850hPa", "source": "Open-Meteo", "hourIndex": 6, "validAt": "2026-07-19T05:53:43Z", "u": [11.400894878161088, 10.397814721786487, 5.431433107592791, 2.7913888983523916, 2.3910274684604143, 1.509761054874734, 6.326041848884945, 7.4899503858263925, 3.914280739158125, 2.138888888888889, 0.6428754755265843, 0.7692616801142311, 8.748986873230152, 8.112750378029858, 10.780154035882136, 9.737636009292107, 8.098424263443228, 6.833333333333334, 6.194797596046944, 6.571381870479922, 2.930405227616217, 3.408343838387733, 2.138888888888889, 1.63097930178968, 8.886851356220488, 10.395192948462197, 7.717518053091906, 7.582033893797473, 8.093557235432378, 7.471666863744396, 5.556504163494367, 3.03809720483174, 1.9027795545288109, 1.0138888888888888, 2.794879569646286, 1.5093489075404385, 6.83754015575133, 5.702016175552617, 9.622183525633927, 9.737636009292107, 7.325355192747271, 6.313696353496187, 3.4001946878685705, 5.212490714609378, 3.9153859199412855, 2.645144541742072, 2.2746561624965294, 1.509761054874734, 6.713677611475499, 10.642300403709731, 7.58194976948232, 6.968689958643471, 3.821015235358871, 4.451933739296866, 4.449613291043778, 2.660426495647065, 0.238997099367019, 2.390543008631746, 2.0423963813063524, 0.8953701522641057, 6.4663238330967845, 4.396940217407915, 8.609830708780876, 5.580577267069178, 5.054785569957311, 2.4125621976497142, 2.5577138483962036, 2.0460771591226514, 1.5277777777777777, 1.274236513338431, 2.7866140917359297, 1.6597629600911183, 7.3659606223916985, 5.679280927857977, 4.438353487798107, 0.5450267857841324, 2.2573416514827453, 3.417289965654564, 2.6864206092748173, 2.6610300537019462, 2.0460771591226514, 1.1392275919116595, 3.0439282441692224, 3.4102952267483233, 8.993424357772701, 8.857397725966269, 4.436191506828525, 8.230736171626148, 4.170551296838792, 2.0445657416520673, 2.28583153669295, 2.767356157662291, 4.064291350992355, 5.4444371307708685, 5.308937146308975, 5.832444888412282], "v": [-0.9974490558898611, -1.4613175600806856, 0.6668961291892783, 1.2428064093982782, -0.5082285775545207, 0.7692616801142323, -1.229657970204401, -3.6530928899089776, -0.13668969541812953, 6.548458578774041e-16, -0.38627855618254053, -1.5097610548747347, -1.8596545678699508, -2.0227358493194476, 1.3236364797614608, 1.3685354927739815, 1.5741742118564939, 2.0921049485433953e-15, -1.7763296263762174, -2.7893861117150904, 1.124877174961636, 0.23833461862576286, 6.548458578774041e-16, -2.4180262532855368, -4.1440068442907405, -1.8329529864842595, 0.26950166898042344, 2.4635521496002775, 1.281893532968561, -0.9174053350776386, -0.780915733164811, 0.9871376209199718, 3.1667569720383595, 1.7561070687851115, 0.24452027826426376, -0.3763229487105949, -0.8395443656799054, -2.420362268141888, -1.181455579122125, 1.3685354927739815, 1.1602222823817145, 0.775224434438298, 1.039543839014177, 2.000887718294592, 1.4250839305236196, 1.0153758570450164, 0.11920967810892695, 0.7692616801142323, -5.436628933791651, -1.3067101820663045, -0.9309463732337661, 1.1037320588949644, 4.5537086340961475, 4.77411444112514, 2.889612657996394, 3.1705728340202155, 1.5089682981314605, 3.172357720465637, 3.145014629795339, 1.7572628671492811, -3.153836861621417, -3.959022754289913, -1.2100327944583458, 0.9840063401126057, 0.08823161032182274, 4.537369574413931, 3.3942009177009957, 3.274407926826201, 2.6461887337857846, 0.8922300121016278, 2.024593646785186, 1.392706487654169, -2.976041269915306, -2.180071693067243, 0.232604249968638, 4.438886955951467, 4.430282439714385, 5.0663407211696985, 5.052422336914972, 4.428697720294247, 3.274407926826201, 1.1392275919116601, 0.26630921395117835, -0.7873286902035267, -0.7868226775830214, -1.2448260696983622, 1.3562798524638087, 1.3036205420019265, 1.275065490040826, 2.270720300069815, 3.1461772003470183, 4.428695613261337, 3.4103453736146965, 1.357450636420359, -0.7461224579247947, 0.10180570421748777]}