{"west": 11.4, "south": 47.8, "east": 19.6, "north": 51.4, "cols": 24, "rows": 17, "source": "Open-Meteo/icon_seamless+formation", "hourIndex": 12, "validAt": "2026-07-20T12:06:45Z", "level": "850hPa", "u": [1.535230464113403, 1.6455458286431348, 3.682597074106961, 3.912145627172872, 3.425429240482853, 2.525724374735155, 4.704802584312473, 4.569011611823393, 3.178227625672332, 4.28735426390193, 3.910443998943519, 4.836052506571076, 6.055796889509188, 7.200253172068292, 5.949429733470218, 6.59532330268791, 7.593250245550176, 7.607814672374045, 6.107054183940913, 6.316524825380257, 7.987387276680224, 6.978472245880978, 6.608298387730392, 6.570731456015714, 2.28208548699316, 2.0335230356002474, 3.034136386115905, 2.031538060053253, 4.170239660290581, 6.21241232630684, 5.061311169856637, 4.432484486826693, 7.334936454095043, 7.707544689104117, 9.254578748565876, 10.13888888888889, 9.244365149926635, 9.998842140834459, 8.34816275414635, 9.005948274723808, 8.856315686590769, 8.840472172736856, 6.464392319893776, 7.079651567603779, 6.846256460979479, 7.721735034061086, 7.824291254345744, 7.079651567603779, 4.935160031772128, 4.437437375933458, 5.688229865924513, 5.177974366495837, 5.835228257161113, 5.923776682771027, 6.724314212119283, 7.085144667504497, 10.012511657662866, 9.760037157806332, 11.289708924563616, 8.353930109647793, 11.015794899099742, 8.867424831800076, 8.585962273107851, 11.776797815567368, 9.51428864931741, 6.8443977892826835, 7.95735552907942, 7.209315515728392, 7.572001478962095, 9.076476368722794, 8.357636411908162, 6.8315110224497015, 4.939817048571916, 6.197936720356422, 6.959383927544925, 5.199580269058126, 6.694133291741251, 6.584588937300917, 5.923776682771027, 6.4618147338075875, 8.38227696866208, 9.218424512221285, 11.381951085495258, 10.89043694162006, 8.232742306176199, 8.861912072791409, 9.63301713821184, 7.332216431146869, 6.463352266605992, 7.861562975074919, 7.334936454095043, 6.724799346055329, 7.85687441268218, 8.72016370955409, 7.839622210870765, 7.716680358769135, 5.832444888412282, 6.087990740942686, 6.077633805028336, 7.333099860953126, 6.851150834759216, 5.923776682771027, 6.9277197204563885, 8.73992027973053, 9.49421285668141, 8.472293477011213, 8.098424263443228, 8.341425372924398, 9.492452508201007, 8.726490922524844, 10.122740258247163, 7.961296568737851, 7.731121389513637, 8.994517443171862, 9.136117150505022, 7.221923522089526, 6.466642471517938, 6.838942729251445, 7.606474627867562, 7.461981801360565, 6.0524501617554165, 6.592365624317458, 7.444006141144784, 6.835002511907254, 7.085676693661659, 6.823968487489588, 8.349652498920186, 8.220969937952551, 7.968888066884815, 5.9386088241072, 7.331123265196417, 8.498672231737885, 8.500486719671429, 9.108681363266271, 8.867820233700437, 9.365081181384573, 8.722222222222221, 8.585962273107851, 10.397814721786487, 8.876706975596214, 6.823968487489588, 6.565385020081386, 7.217822639582359, 6.823968487489589, 6.57784834550136, 6.57784834550136, 6.213407760803973, 6.85351741773509, 7.199512145357572, 8.729692192677067, 8.98805681764086, 7.736892001328578, 7.850303850162937, 6.850858480965706, 11.140515773342667, 9.739704469757607, 8.742264747934193, 7.851106253180658, 8.119062964614681, 7.841961839542507, 11.012664591599052, 8.726490922524842, 7.711639185049209, 9.498553103985717, 6.707785753559038, 7.333099860953126, 8.619189759858369, 7.333333333333333, 6.826953396736116, 7.716795281282614, 7.331123265196417, 7.983812419043259, 8.481061718834995, 8.22990341464355, 8.861912072791409, 10.137344687002301, 9.589819872642797, 8.73992027973053, 10.752583309447655, 10.13469597426971, 9.23619335555119, 9.516330195089852, 8.362263691595484, 9.126364359284855, 8.987665812791166, 10.230885680244969, 8.368453977179637, 9.622183525633929, 8.619189759858369, 7.199512145357571, 8.371098481067579, 8.103044431647184, 7.338979463853002, 7.223530325834066, 6.982887038571891, 8.994934957735932, 8.480288984271791, 8.972692860777896, 7.852351572557495, 10.879701283211606, 9.238060673597055, 9.490068992106716, 9.121186439795121, 10.12380549110016, 9.246250569947954, 8.73992027973053, 10.115389903082745, 8.499800923365145, 8.978322666519134, 8.341425372924398, 11.520755367025686, 9.613711655226641, 8.58923785516706, 8.23408704601874, 8.640989204782644, 9.500108131656043, 6.558798025275483, 6.333405421104028, 6.832292583568674, 7.839622210870765, 7.861562975074919, 8.216076477475388, 8.729692192677067, 9.870320063544256, 11.38808279052806, 8.834644651028976, 10.115389903082745, 10.249100643934149, 9.760037157806332, 11.656258908744519, 11.276427111702796, 12.26379689572296, 9.361111111111112, 10.387306610791397, 12.653425322808951, 9.602210006606548, 9.486980580168453, 8.972692860777896, 10.257951515377892, 9.729909921823188, 4.15444360891213, 4.802797858492867, 5.434153337410032, 5.178435679827507, 6.960067292606081, 7.238596818468669, 6.576997937300338, 7.971008014163452, 8.232431244992929, 9.736637963857095, 10.498400799142107, 9.242501974921323, 10.502132640235372, 10.38256025847616, 11.90033528915867, 11.401020521781383, 8.876706975596212, 11.77270018752346, 10.24843887535301, 10.260984427293929, 8.609799597180036, 9.618451407215755, 10.879701283211608, 9.48414692638778, 3.6992727044315576, 3.907317195103104, 5.791542407224388, 7.35823381671558, 7.2114299799639, 8.075462383687858, 7.485925153740279, 8.597951835892742, 9.87517324106177, 8.85571316164143, 8.59930988260883, 9.108681363266271, 10.260277490016826, 12.131119631171714, 11.634846555351054, 10.759623608071863, 12.155267610056672, 11.526022041386176, 9.376021742973498, 10.751523652800326, 9.75, 8.971775828757643, 8.998477542533708, 7.726532121389894, 3.90444027134232, 4.567727288213003, 5.3211502018548655, 5.942027306088938, 6.464531874896211, 7.962622462573593, 8.234761372255402, 8.834644651028976, 8.72016370955409, 10.636873207238818, 9.492452508201007, 7.846635150283594, 10.243755976945732, 9.751839696250013, 10.49102772441738, 14.441409335814566, 11.89899222720696, 11.887078153525984, 10.391292190206501, 10.997019908636323, 10.75541152438761, 10.38722868495752, 9.605595716985734, 8.34816275414635, 5.82410116628767, 7.128699827536107, 6.473438054302926, 6.461043599928665, 8.38227696866208, 10.13469597426971, 10.127798246248126, 9.239304384512518, 9.890159074086258, 11.262321975287694, 10.127979430599412, 8.987665812791164, 9.89162587620252, 9.748515027774815, 8.744375683249768, 11.63277378923162, 11.527777777777777, 11.031331274942366, 10.00047017009208, 10.514458152374198, 9.63543730732066, 9.605746790255951, 12.637529560615311, 10.492788294594414, 6.318979292949979, 6.976130967643272, 7.726361548684139, 6.218278427723684, 9.52743907185713, 10.742141595003348, 10.388823974244213, 12.127735374518304, 10.752583309447655, 11.886253917946034, 11.381750580325795, 11.0, 12.414130403233367, 12.53834860302965, 11.132103378740483, 9.627606223876377, 10.87396604510536, 10.998324646720304, 8.57645065474278, 8.125691685205664, 10.515086707888411, 9.112772969422108, 13.564470598240721, 11.161809548229234, 7.047820027995147, 7.958328085031589, 6.994313653112738, 8.318899584029785, 8.370409798172384, 8.481061718834995, 10.997019908636325, 10.242010444024405, 11.641947206364083, 11.63564980771345, 13.031998938408066, 12.26379689572296, 12.386420290726152, 11.012664591599052, 12.797754757105643, 12.535449950987797, 12.131119631171714, 10.763007207910407, 10.515086707888411, 10.997019908636323, 10.636873207238816, 10.74513654777051, 11.881901623353283, 12.036649642363217, 6.985546599908906, 7.944943403652482, 6.681122762870384, 9.477879402238269, 10.762211664370968, 11.688169239548214, 12.15522983918905, 11.744328824512637, 13.415571507118074, 12.145962287150565, 14.047123066241959, 13.02375287839215, 12.914699395770054, 11.012664591599052, 11.519878621349166, 9.737636009292107, 11.764941975492718, 11.79033726522949, 11.132103378740483, 13.42694377359233, 12.181489534006696, 10.620131098629216, 10.787492365530023, 10.51935231559339],