{"west": 7.0, "south": 46.5, "east": 22.5, "north": 52.5, "cols": 18, "rows": 12, "source": "formation-steer-fallback", "hourIndex": 13, "validAt": "2026-07-21T12:56:52Z", "level": "850hPa", "u": [8.16926142773544, 8.803119931486991, 8.387083704855348, 9.418670111363838, 9.339325294610115, 10.815504635820142, 8.422112962919071, 10.9581416790092, 8.768186784372155, 9.362786014861236, 8.688240563274402, 9.810660568851524, 8.607842110020808, 10.272746522704038, 10.666400167846714, 9.27502463818746, 9.02623942756927, 9.522156690165769, 4.680880744779353, 6.931920176882052, 7.93188934004142, 9.820719031476559, 8.425178415029698, 7.629899644801885, 8.916337788568738, 9.003733772274218, 8.806241794156852, 8.79077148623999, 10.197374615091523, 9.815648777041751, 9.826005895059268, 10.318164664445835, 10.851090967676043, 11.04998316989183, 11.374566874854949, 11.649556403697597, 4.858828124850099, 6.7505809028716905, 7.558453069826445, 8.382810958052355, 9.323971370639597, 9.737357561052521, 9.233966957751198, 10.878760138717526, 9.084522481939402, 9.284655399008747, 9.690767749344023, 10.648933179805592, 10.674203321125328, 11.155659932600619, 11.808794248472834, 12.28424809336549, 12.56733964976513, 12.84559662593591, 2.3772277222914346, 3.8067874562872372, 4.504762960020051, 5.92604948379649, 5.816476969091445, 9.060810261472149, 8.299760146993691, 7.892397524760405, 8.304134472395333, 8.174624121429838, 7.577865808953929, 8.531347529355532, 9.104383874152838, 8.978827875529044, 8.842424476207634, 8.812568884445515, 8.19532531620327, 8.081960389077041, 1.9254928662315713, 2.6870029768397856, 3.4185715938369587, 4.391406650651273, 4.486825255072695, 6.269815540062707, 7.917068743717376, 7.615108855535479, 5.772548551745389, 6.840596124000798, 6.554173050794611, 6.84209251044822, 7.177052913107127, 6.382460866376604, 6.6952988758597565, 6.503280090340774, 6.661551998745793, 6.971760881770693, 1.4779204604615743, 2.7788363682254418, 2.061958167513697, 3.165264255488726, 2.9639389890238372, 2.8572797892802284, 4.622506105923101, 3.7379344018700613, 4.557896171814613, 4.884894723711105, 4.930673179651307, 5.173391467038324, 5.795494779299264, 5.3620056502372755, 5.947868401727325, 8.306791012820689, 8.885487774228336, 9.475843107253953, 0.8649020574588216, 1.5068257785820858, 1.6887942692939497, 2.916588147220746, 3.9913908322429683, 2.826222400266313, 2.744823715821652, 1.908863460836991, 3.2441469205686375, 3.7897800783728237, 3.8029053276832947, 3.6408742062157073, 4.568058575252513, 6.694169358049025, 8.022645286074088, 9.415459511322021, 10.335285654617781, 11.56659537867725, -0.22197702785237194, -0.6304292593227852, 0.4778318451472598, 1.2705830117930077, 1.7009178653915558, 3.2900265299851674, 2.5509785268378056, 2.545272984955588, 3.0345765266139746, 2.9877786672062028, 4.314211422236001, 3.750822830853614, 6.670190611465919, 7.8524919738437875, 8.521558065042141, 10.078186720390727, 10.873984792579037, 11.145038188228092, -0.9493992442496015, -0.11859024570424785, 0.17591168269910223, 1.4011480097650872, 2.0182074415506164, 3.773583530980834, 3.4780587366407447, 3.2361538629112587, 2.962968696902378, 2.727436388755747, 4.015858133252953, 4.889310335492551, 7.3476413284956905, 8.655239366200009, 9.491787340413824, 10.524596475087984, 10.295188064820318, 11.389365800567877, -0.37878095087926666, -0.10262280701607253, 0.5462775199050243, 0.9985253704833946, 1.5084195824150866, 4.001543143512422, 4.618964301377086, 4.312811325954624, 4.474790195372826, 3.6041496660139027, 5.795506463366818, 6.7862445504499185, 7.848874389786042, 8.845593524477767, 9.120731016702683, 10.068801442760659, 10.389892346932331, 10.660721939882297, -0.15117985889755622, -0.26847950897025064, 0.31147800806982273, 0.6260723689998391, 0.5810851329040423, 1.2292652289249038, 3.286434752628595, 4.024438624300508, 4.642160697707182, 5.342310022017926, 6.036993412467229, 6.0242725280344125, 7.4749949293276154, 8.529706052237863, 8.281896309954814, 7.467623211546877, 8.66375161690286, 10.741283172604719, 0.5452980047374919, 0.759047859156407, 0.47448279244189023, 0.7837002697853478, 0.595216224069611, -1.0994674975845176, 0.07469766481442795, 1.4026779277082837, 4.507270328950559, 5.353021205329555, 4.719384313127922, 5.515108912994089, 6.208301067223035, 7.133360894368562, 6.0384695807756446, 7.3185551852807675, 7.174374623648392, 9.230213312566576],