{"west": 7.0, "south": 46.5, "east": 22.5, "north": 52.5, "cols": 18, "rows": 12, "source": "formation-steer-fallback", "hourIndex": 10, "validAt": "2026-07-22T09:37:23Z", "level": "850hPa", "u": [5.528432516916287, 5.472901201034436, 5.8821814750860595, 4.900069800848443, 6.337500918510191, 5.567072556619073, 3.817875759439905, 4.200152423710454, 5.383599920102501, 4.5196125847929585, 4.4682653272934125, 3.8134312091168026, 3.8151778324374, 3.6384046115906528, 3.165264255488726, 4.060284510648798, 4.139713386530871, 5.441301995376995, 4.39425356183346, 4.757710715490886, 5.144096421176454, 6.325777830494995, 5.556818152202981, 5.103755714263457, 4.435057267143406, 4.262756850047511, 4.395048459131618, 4.243276194194955, 3.5071656747938804, 3.3716993826681554, 3.3225822215289065, 2.3251279231859256, 2.3439195587867627, 2.6949983461566305, 3.23096807404683, 3.5226323463664024, 4.322630343500714, 5.4419747976848925, 5.620466995390294, 6.122295146001594, 6.590311039897295, 6.3514900072655855, 4.8964149403076735, 4.981195830019884, 5.310153240653079, 4.782521359704674, 4.2654408567041315, 3.5372967939262816, 2.553223683709648, 1.8638696176074458, 1.8030521874076213, 1.5772885141312145, 1.465803127897007, 2.383442452203884, 6.008003533941903, 6.154473720298199, 6.65102481550204, 7.044824595786421, 7.241538585375542, 6.508697280889279, 5.543955301171477, 5.449203892375624, 5.066693584925273, 5.549513487256597, 4.870843895378914, 4.402895298684109, 4.014138426566527, 2.304373611728615, 2.1149405887440222, 0.8225651770060283, 0.6989365262720381, 1.5733474007224129, 6.511887306730067, 6.61119831960083, 6.792245005577825, 7.493946028333576, 7.286333889289057, 6.597034893385956, 5.528726367861358, 5.817546893688764, 4.705262799785297, 4.670454989509655, 3.6562449337682437, 3.8901461248173907, 3.67090147521852, 3.2851561741640305, 3.2021973192984974, 1.8213895657392258, 1.8877943936568018, 1.3460843704927663, 7.286333889289057, 7.774252054221811, 7.556734933243034, 7.674181524002097, 7.328780421003061, 7.310529503814004, 5.499331406169425, 5.084556176264347, 5.2051894690528515, 4.448434166038888, 4.072283641840374, 3.6442605445288807, 3.6052665243703808, 2.6590872245587227, 2.7400899666109497, 2.7193209845184083, 2.5232930482992084, 2.8394820507063665, 7.33836746952246, 7.526426853388282, 7.662275923930786, 7.752507863341174, 8.365887344283177, 7.185315838539609, 6.484923429306954, 5.488311051589748, 5.321859032016865, 4.976607231871003, 4.216817648604794, 3.799403098032708, 2.5822512599919714, 3.012262096181931, 3.2799692386679, 3.0207378770392195, 2.724302028316038, 3.279712644067428, 6.716694014832513, 7.978900103493054, 7.5085328343324855, 8.3503502083158, 7.77826601167312, 7.947845481490627, 7.329099124974757, 7.6556850833592485, 5.634481001276331, 5.942172325163931, 4.894114318399234, 4.171106495331336, 4.075104489427946, 2.690693392367171, 3.4553544963160805, 4.213101301928395, 5.44980443979265, 6.551458575749015, 7.003976703626746, 7.905582852833538, 6.965341385494595, 7.864262508996296, 8.800943873513615, 7.882345906694214, 8.065811015080582, 8.686621831876062, 7.223430189407674, 5.453931716311707, 5.337895095401328, 5.594834215459335, 4.8059155576433605, 3.1922169011656627, 2.9592546744451442, 4.082796464546632, 5.182473697009018, 6.532737553204709, 7.468513496737164, 8.663510278825003, 9.274976783104362, 8.544730909528475, 9.461951605888506, 8.800720873368869, 8.845613843289168, 8.80362169779504, 8.686237892375443, 7.747527579781351, 7.305765476338867, 7.381462323703262, 5.6226681109058845, 5.07462782251423, 5.883443268012926, 6.162550248641373, 6.693062258036279, 6.974835893018402, 9.416952238532803, 9.10419136815519, 8.93291879580987, 9.79984131204297, 9.421600408549414, 9.727112334177376, 9.800251010770912, 9.131839803414271, 8.696252828208225, 8.701410497440135, 8.956411474590585, 8.551787655025654, 7.253563996763687, 5.624147905067019, 5.9479077203695, 6.276870395320012, 6.178298470500252, 6.386205948442022, 9.109526665318242, 10.209074288962924, 10.453831880387414, 10.17489549898483, 10.628239597487648, 10.448358671703643, 10.21133280860272, 9.770792006532153, 8.729591468802289, 8.84109699197858, 8.015618759536725, 8.451622732214245, 7.570748338274553, 7.094679286933609, 7.345670715993824, 6.829083628315835, 6.63454204986027, 6.348593907107057],