{"west": 7.0, "south": 46.5, "east": 22.5, "north": 52.5, "cols": 18, "rows": 12, "source": "formation-steer-fallback", "hourIndex": 0, "validAt": "2026-07-22T00:08:19Z", "level": "850hPa", "u": [5.123515919670084, 4.670444190810359, 5.694534805011607, 4.535270705945624, 5.597488338444323, 6.18998749475335, 6.4366160577078135, 6.185104247298, 6.840548262527013, 6.380018579990848, 7.355489707619084, 7.357241263413565, 9.156238248891196, 8.251869372594085, 8.577751347551358, 8.47829915801453, 8.509246367368064, 7.91211474298296, 1.4920803202133972, 2.6159221777910884, 2.852721253485986, 4.1100678405099895, 4.161333205859994, 4.460449115783058, 5.519301450163405, 6.330372777360587, 6.156054427308143, 6.696880871427966, 5.9646299778764424, 6.1696014052371435, 8.913581692179765, 9.420876042639359, 9.30760699528391, 8.893306283813498, 8.276306775069525, 8.90617914252226, 1.6335506888453941, 1.4382741931414922, 2.085788239067461, 3.5920753461349535, 3.5858017706901197, 4.553815297741364, 5.571669397435994, 7.043101251595414, 6.579889792616129, 6.058844364480901, 4.5136126736403615, 6.057252979593601, 7.8870714128228, 8.814029389459261, 8.867850256640708, 6.949322541864664, 7.0568935392364285, 7.1568588327383065, 1.6158696019933534, 2.3401218409875546, 2.503551444253284, 3.0390100833040083, 3.309112040563988, 3.837959788405494, 5.210915581170743, 6.1135897858850905, 6.741687919533167, 6.440849512297676, 3.949610923097789, 4.059393045047507, 4.375632033659695, 3.87175716952578, 3.698732102409562, 4.783485167455573, 4.953730373468296, 6.2626177208874045, 1.187788085109706, 1.5503230874344278, 1.8118118174019824, 3.1290586978197608, 3.2342948205802013, 3.119669670668044, 4.137221044778979, 5.223139627477994, 5.7830015027726445, 5.957912301962002, 3.6705319987218594, 3.333008423202731, 3.2443322278487425, 2.511464616619633, 3.1919735284309487, 4.172044157288146, 3.799219489953212, 5.282928055818109, 1.753947809033437, 2.1426495835857837, 2.0615431206605557, 2.544119164562532, 2.171527551468271, 2.3916686277117907, 2.07140344222818, 2.7105908621384964, 2.968288611855844, 2.9064108409729097, 2.9552421864526304, 2.442680790047061, 2.112662020102685, 3.21182691052252, 3.4266527075112, 5.191292679628049, 5.440172997572766, 6.383334246053262, 1.998863055847561, 1.4714079269306997, 1.577379685851258, 1.9362227084299135, 1.9797046240023768, 2.0650635731013036, 1.8194884454892564, 2.2635494837964907, 2.049364417484015, 2.2467438282785803, 3.0741940933545484, 2.2087978293145625, 1.9407608786061479, 3.570105467482175, 4.134142959755136, 5.766106485601836, 6.671612041151778, 8.152071659451444, 2.9245217049581025, 1.9563264023834488, 1.9032997811848316, 2.0310116581947533, 1.6993136980208132, 1.9311135034947322, 1.6092199360471469, 0.6175317173322138, 1.1890868038362639, 2.086115154440994, 3.1903554578259956, 4.226008911238526, 4.206328209436085, 5.473815184468253, 5.474926860946247, 5.68647070149191, 6.071530483724776, 7.9161935001254555, 3.1665837356833393, 3.686102218994125, 2.6156331519500564, 2.1192838338916244, 1.7476590090220945, 1.9032997811848316, 1.6206312108461898, 1.1798343979283097, 1.7099330744787322, 1.862451302787529, 5.066473000603476, 5.140383575872972, 4.858084300309074, 4.270901103758705, 4.45398988738659, 6.680806765048, 7.859483056915581, 8.686339703673786, 5.309622777879559, 4.499300158874069, 4.665037458023045, 3.7330340758967964, 3.32066143692726, 1.8338045812186503, 1.53529094589688, 1.894316815680248, 2.2144464311785947, 2.3045627970507963, 3.963367339194755, 4.2991344331089705, 4.718065683664093, 4.399114303646389, 5.103184623643956, 7.487207906693369, 8.518929915027986, 10.325982427338554, 5.562005883056167, 5.6156993979387435, 5.51376269296513, 3.8792096304820043, 4.179134292230999, 2.6415312223387897, 2.5772400745644406, 2.4892633000381124, 1.94415918596932, 2.8708925167686945, 3.7749999999999995, 4.596884495396126, 5.404352304548624, 4.740558621438229, 4.897652301082997, 7.164596442388613, 7.741083546411236, 10.482284556298744, 5.013416485518583, 6.339507037667532, 6.317449782791318, 6.477086231325771, 5.316798856727212, 4.971895867679364, 3.2572440357016057, 3.0868998638467757, 3.1444497303531023, 2.9826002925488657, 2.0783335061798045, 2.6286586812438615, 3.4715004866316534, 5.083192287307009, 5.98131351836615, 6.796880770759894, 7.203239261310203, 7.024319648257826],