{"west": 11.4, "south": 47.8, "east": 19.6, "north": 51.4, "cols": 12, "rows": 8, "level": "850hPa", "source": "Open-Meteo", "hourIndex": 18, "validAt": "2026-07-17T18:21:50Z", "u": [13.914547090926444, 8.22990341464355, 7.089529658233128, 3.0380972048317405, 3.8014576622926164, 2.9055678694342575, 8.856315686590769, 4.833641530862133, 1.955824444711936, 4.59241320293355, 2.183527685660281, 1.9094025744391743, 14.185797572409943, 10.638888888888888, 10.52047522776938, 7.222222222222222, 7.222222222222222, 13.671200837904458, 7.092593606725848, 6.57366187335616, 3.42975058368581, 5.862586956543888, 4.296290581946564, 2.5318364846697556, 9.243655977465501, 8.349652498920186, 5.313038389822642, 9.365081181384573, 7.722222222222222, 7.8158889153866955, 8.724580341923717, 8.971775828757643, 4.9753530919673095, 3.190374741803946, 3.2993988044542393, 2.638888888888889, 8.755896962517692, 11.286453250428973, 6.708361209499401, 7.582178354935967, 8.617844989744594, 9.23619335555119, 8.23408704601874, 5.180973076379807, 3.708203932499366, 8.356017748131883, 3.733127978709513, 4.195469273665583, 5.855433651128024, 9.473042296523118, 12.644473995511245, 8.091352852107462, 8.464213015385717, 7.856322334622336, 4.419070727637569, 2.6613610034353634, 4.713168299323544, 1.1359841722414334, 4.442476955350934, 4.534575473829565, 9.754305240651007, 8.356966633991865, 9.244365149926635, 6.702130157792168, 7.9805124020785945, 5.431182051414599, 7.337087543224932, 2.1560875093785437, 4.177662154799429, 6.212295488091119, 2.4183156088495585, 2.1490212066910037, 4.55380551549779, 6.217184364512144, 12.688748042852424, 11.65044232461563, 9.605256281905753, 4.687429486976535, 5.31280419979464, 5.6792809278579774, 3.1584113087526364, 4.80638609262986, 0.7723492008109911, 1.155064948987552, 6.359918473586134, 8.721902079528974, 11.137192382158693, 7.454020264441463, 7.706697451114964, 8.988532367883575, 5.594229102899273, 5.220074596540838, 5.606540191256371, 1.8921892041507387, -0.10616880582680832, -0.2297550199581304], "v": [0.2428793229188637, -0.575490908389032, -1.3780649666083806, -0.9871376209199699, -1.772648820079042, -0.25420424968066846, -3.9430857898181766, 2.2539640626170625, 8.471606396604962, 5.282967061559406, 4.682590233022691, 4.288588398377764, 0.49537896708272083, 3.2572203060655295e-15, 3.016697727552711, 2.2111678317938322e-15, 2.2111678317938322e-15, -1.921361977143124, -2.1684234766936235, -1.76140739028104, 6.45042269227494, 5.278697005719882, 5.701370168948731, 4.051785348302925, -1.7967847064624654, -0.4375867452535025, 0.4648306279875113, 0.9843096957704035, 2.3642486816872515e-15, -3.4798579463151813, 1.381837774522042, 2.5726153209586573, 7.962229347246445, 5.309675223793641, 5.952273006920888, 4.570689631084537, 4.655592997626751, 2.605683046149774, 2.441643800963801, -0.13234741548272946, -0.6026184259561919, -1.1340619455756786, 1.4518917077151683, 4.195469273665581, 11.412678195541844, -0.291798569651468, 8.005718785490409, 5.180973076379805, -2.4854841228901, 2.187024139454247, 3.8658036513339695, 0.5658025092579084, -1.039274678482786, 0.2743488213002152, 2.155324805046299, 3.6630491689754567, 4.395100542624989, 0.36910363217007647, 6.586242937520608, 4.69569036332175, -2.0733415834326467, 0.7311398419386897, 0.32282034449813307, 1.9218048975018542, -0.5580517899530008, -0.37978524594023666, 4.067014036510938, 2.3945777709827136, 1.0416081616096813, 3.165322650961842, 5.186094559154164, 5.062776693988423, -5.057513395610039, -2.768068820932531, 2.69707665588593, 3.7854581810931096, 0.33542294052959176, 1.893844444491557, 1.6242872484596511, 2.1800716930672417, 1.1495677039557195, 1.65497145182388, 7.348411782443354, 5.434153337410031, -4.130179348863951, -4.83462926856764, 0.19440041614863143, 0.521235873254717, 6.240760544577553, 3.631602808393151, 5.037066508979183, 4.537741617184342, 3.503355135763967, 9.734469569189335, 6.08240681220138, 6.57932294454238]}