{"west": 7.0, "south": 46.5, "east": 22.5, "north": 52.5, "cols": 18, "rows": 12, "source": "formation-steer-fallback", "hourIndex": 15, "validAt": "2026-07-21T15:12:03Z", "level": "850hPa", "u": [5.885375576473191, 7.82187043971514, 8.475773903069797, 6.870858408257846, 9.4924592473909, 9.334564838955425, 10.530298881616718, 6.324731220879796, 6.249914326546417, 8.462598281014644, 6.974369947389068, 8.261278532481084, 9.938121066547268, 10.157236528264054, 9.026839085525044, 10.492554937541172, 11.0555060942557, 9.423263086746498, 5.047822611698071, 6.659930768333364, 7.5512802924964175, 9.466492601156965, 9.288087753346211, 8.876460990307658, 9.79883714247147, 9.560238530669395, 8.535927259526245, 8.764044155064802, 8.774345118770466, 9.174776411721998, 7.703255156481519, 8.595013443876026, 9.650428095936379, 10.6, 11.096196307228686, 12.147335304219373, 3.8009335779058, 7.175497032277459, 7.30639133090762, 7.749262383369987, 7.6238681163816135, 9.069032465868872, 10.012553238607554, 10.751574837147055, 8.94027023429227, 8.887322090719778, 8.200758887066419, 8.751985827528522, 11.443111631852398, 10.506580405398488, 11.174063922958778, 11.766320840735064, 11.975, 12.35, 2.671618761799149, 3.3489174686187293, 3.765038425945782, 5.535882930268164, 6.195737208718229, 6.50324769612414, 8.763872408362896, 9.048475291612162, 8.979946535800899, 7.590155317844994, 5.357045706228799, 7.376298218496413, 7.959555512892492, 9.144231690947166, 9.396493572058784, 8.763762359291233, 8.027340324877182, 6.946293680346392, 2.589788288785462, 2.8845887721361563, 4.065455841161149, 4.815729207767297, 4.404841675423515, 4.289468437526355, 5.340374128800244, 8.230096923507986, 7.5936269640481555, 8.112551922574596, 7.1005628130255385, 7.39615943310587, 7.013426579402427, 6.806827292860663, 6.272267116826328, 5.909088277554914, 5.777414582668419, 5.741418208585701, 0.6775798558933034, 2.0505136321914015, 1.8822525699215178, 3.201477478047204, 3.3106034358935568, 3.8250745392625736, 2.8977174922710422, 4.214791744753353, 4.730975802944253, 4.501593857010968, 5.057473741136267, 5.184496124210665, 4.719719746843276, 4.517557588401529, 4.863879391046983, 7.88334139118027, 8.890534267558118, 8.132440179176106, 0.3674933385529564, 0.7391904656755558, 1.3365465579947136, 2.442696484284786, 2.5188513119386706, 3.2410000139066626, 2.320140072583417, 3.0595872413665863, 3.028800334900178, 2.969777795191512, 4.292927509575362, 4.163641803294521, 4.528074164347754, 5.79591919365529, 7.346246695428615, 8.740154552011887, 8.950184347668618, 10.300911770488064, 0.10820689762837694, -0.10855595213685713, 0.22476919172473078, 2.245480502137469, 2.1783738014629224, 4.294910547797356, 3.516205914179418, 3.40248131176832, 2.8200858132987245, 3.7106758381901184, 2.4328053526167466, 3.793021641174063, 5.965887491911383, 6.6754170183751365, 7.408462293152641, 9.868934525255101, 11.254462749250338, 11.121142319700738, 9.2766995035412e-16, 0.5792286623574825, 0.3901216979115822, 1.2972191043741812, 2.137912573891363, 2.6721798921212327, 4.218573888739016, 4.0169153425081205, 3.400027723388344, 3.488016473781636, 3.7918170276598797, 5.232488322957915, 7.52846531861916, 8.316554899298438, 8.608114982065688, 9.704270137698058, 10.678378385456053, 11.025313449346159, -0.292283284883445, 0.6776809105788579, 0.7822698124246846, 1.5352640450712505, 1.7490404224499188, 1.888016341341674, 2.477373237153907, 3.18286103021753, 4.791471743283808, 4.873991897263438, 5.975575286112627, 6.822251101479888, 7.229733675835539, 8.205979865735934, 9.228566860570028, 9.22815536543432, 8.713122605868577, 9.506038966515135, 0.0790619700776551, 0.8937183609384395, 0.9537832757870484, 0.25687907625683515, 0.7805314639234465, 0.5874571207088917, 0.9462756386579113, 1.5987737501595127, 4.317978556285789, 4.462768532624255, 6.600900832627539, 6.009863394079641, 6.93144895985938, 8.572717614246216, 8.440655343188816, 8.17325233734906, 8.003763671845386, 9.433257748631236, 1.3293555599179485, 1.6979103595209555, 1.1551367379685422, 0.783102770567173, 0.38785354850511955, 0.12094634330101947, -1.771915446049592, 0.508263561340175, 4.197493701364738, 4.552339053417178, 4.492807812875967, 4.756427960181178, 5.909035843798992, 7.686746429247555, 7.465701371316768, 8.887428175128003, 9.78208366192284, 9.539877710379198],