{"west": 11.4, "south": 47.8, "east": 19.6, "north": 51.4, "cols": 12, "rows": 8, "source": "formation-steer-fallback", "hourIndex": 14, "validAt": "2026-07-18T14:28:24Z", "level": "500hPa", "u": [14.023991961133754, 12.277345116295887, 9.770697632666977, 11.943664117269096, 11.615142390860353, 13.160790384117112, 16.844178630801608, 16.462512173591918, 16.863285726380397, 13.880681495115056, 14.404289419219188, 12.854335882815848, 8.659365777577689, 11.852921303829383, 12.714785123936675, 14.005101704959992, 13.420579071846541, 15.299058413247169, 14.194476139984411, 14.923626059354108, 14.836054877660715, 12.200283112809366, 11.983296726903212, 12.3276733389766, 11.123817788428267, 12.10648344909775, 12.788481353654419, 11.631813620723246, 13.032837063936364, 13.029978674839166, 12.534591760334617, 12.606987377011288, 11.961637196616078, 10.868185431832618, 9.634867576390773, 9.555593093678535, 11.794808210411448, 13.111328355263188, 11.974429285775814, 11.601037199537798, 12.231238032619528, 12.202703434279648, 12.170666498561388, 11.59496793235432, 11.691381748997237, 11.212346301824272, 9.802628017087459, 9.933106922503208, 10.921738775859424, 11.181793309907862, 11.708104418816214, 10.877758217714769, 11.025853766621779, 11.714166512723663, 12.447405258314943, 10.583449529342166, 10.732092019118715, 9.780607671780414, 10.246969352871483, 10.993779558185844, 11.144787213041203, 11.543534454573987, 12.793317543485761, 11.593290175460393, 13.55008223859834, 13.075132250162177, 13.35245238000231, 9.457699343499106, 11.506463526715478, 11.618829935277205, 10.754476725699057, 10.679360873213206, 14.52905535263515, 13.063287872689127, 13.746587910188856, 13.155289370995817, 13.671701625894027, 13.767971675849548, 13.504472274056077, 10.913566618091055, 10.955275648734402, 11.436041438408674, 10.932701924817561, 10.386532210598522, 12.676417908173926, 12.962314050644622, 14.05474409464949, 14.847901210600362, 13.84082063810382, 13.698134916386056, 13.482792340296324, 11.652936286448922, 11.686796887585661, 12.754956793550555, 11.128131390967612, 10.89257026082422], "v": [5.271272029640996, 4.468588178145231, -0.2899875359319585, 3.3122712057255064, -1.5910765929416144, -0.0918811424770629, -1.3552504337628115, -1.6722010064411401, 1.8319390711634123, -1.4834169180562218, 0.2765764861277509, 1.4645665781222945, 2.483033180318134, 0.849627963486749, 0.8891043882636628, 1.5214409235085966, -0.8678699177963767, 0.26704605794382413, -0.7687453484710751, -2.1505273670931024, -1.219745743745525, -0.917343895296, 0.8169392134348145, 2.3739357072022624, 1.6426224989462286, -0.10565168047128629, 0.7373791953445684, 1.181516541230614, -0.11373584599547441, 0.29569158089858344, 0.7007924772683455, 0.5283893251802495, 0.6478191138801209, 1.6242611956353867, 0.488081335795626, 2.2060824926694864, 0.7627360322676009, 1.9595011517112952, 1.5552068286740708, 1.899742696970622, 1.2855549197709324, -0.04259564351966002, -0.06372604313156713, 0.14166630551871986, 0.0816225683170013, -0.05870824445979019, 0.29093520761800973, 2.7920704349370715, 0.2669215463177367, 2.072422892680143, 2.2122692963789814, 2.292303194325866, 0.7710028028552064, 0.4704895288435232, 0.5217008527096135, 0.6844009803049825, 0.8446339597035091, 0.7182429304419562, 0.8964936538738281, 2.781853896806145, 1.2303959631083436, 0.685812314435358, 0.6480815087882319, 0.2428448105640944, 2.0492572691098334, 1.189930250846688, 0.09321921736750423, 3.878885186296497, 1.8842556641148833, 0.9756604094094278, 0.9598114775551597, 2.72213495271523, 0.4058332628363153, -0.22802053799378563, 0.7685535819406029, 1.6385779104000027, -0.11931113256388001, -0.04805948260987818, 1.395551454299081, 0.9740098721935498, 0.19122504775518095, 0.039919477434656604, 1.8295068644084276, 3.175481570738613, 0.9753971992679157, -0.4300042441556379, 1.6510529726459813, 1.744227519635032, 1.2352603335399248, 0.4065511533163718, 0.8955260791550009, 2.159744081978464, 1.2695924259663571, 1.1832415666939415, 2.183252578727825, 3.267927689624226]}