{"west": 7.0, "south": 46.5, "east": 22.5, "north": 52.5, "cols": 18, "rows": 12, "source": "formation-steer-fallback", "hourIndex": 1, "validAt": "2026-07-22T00:57:16Z", "level": "500hPa", "u": [5.632733355995568, 5.758416266996127, 6.6162420547688265, 5.961762650564549, 6.694395659792644, 6.850279909757954, 8.074994440634143, 7.731958654520205, 8.593369099432966, 9.024871702853188, 8.649974587081765, 9.350012012358219, 12.069978718647555, 10.149361715957443, 11.192336396077629, 10.829100691677485, 11.20334933050219, 9.935360199315367, 1.9125745147238178, 3.2318905858867137, 3.550570254256171, 5.683577589699983, 5.781652078295664, 5.611002794998318, 6.506573963823262, 7.63604386154458, 8.665966461565684, 9.018517088813743, 8.98736915021481, 7.05868302664686, 11.07746139343998, 11.636280641086744, 11.832528496760117, 10.437594980556469, 10.241146334088029, 11.20370682933124, 1.9811528837776597, 2.540385256590889, 3.319226356426117, 5.418694757298735, 5.0867375037748195, 6.187040193555777, 7.4994602505105785, 8.537836263542264, 9.576451654866203, 8.417834611696007, 7.127631989114986, 6.869853279302635, 9.293622941567577, 9.896128071801387, 11.151942086936248, 9.870096669690044, 8.896812466370555, 9.915334302772038, 1.5421691053785154, 2.653859658795451, 3.7042533113895693, 4.468132236998734, 4.002085599145001, 4.507456059227293, 5.297125171944036, 6.466487021601303, 8.943206045737998, 8.447547812283922, 4.893062512857357, 5.949203513822547, 4.928047732246767, 4.273196496024984, 4.525871174494291, 5.892179489826195, 5.8285085480331125, 8.045574238331145, 2.0210348417219657, 2.263433803111852, 2.87480149830658, 3.5165453360694694, 4.36907139548787, 3.6632523851857837, 5.059093447672201, 5.560565959463147, 5.400024502331978, 5.251753351762765, 3.8028986381840286, 3.5163353214013857, 3.6116997015361068, 2.3184634385802165, 3.9855058544448108, 4.643852849849187, 5.172179328476074, 6.6727980648277105, 3.257634668822846, 2.915904503009137, 2.553439317384603, 3.443925040432621, 3.020484006666711, 2.8093547817490894, 2.7833201433680004, 3.745941326847906, 2.843668356848818, 3.0020121795277532, 3.4643089070575517, 3.7584158445727347, 3.1720898955710086, 3.4132429285676347, 3.679969114118987, 6.373485228546839, 6.9320469554555055, 8.063697515497092, 2.945105888958335, 2.789386056655389, 2.6634050730267846, 3.024050304857885, 2.659092531889139, 2.5500374340253664, 2.1972007772228612, 2.6215054533365483, 2.4421682567905227, 2.7879487276506087, 4.133284325422526, 3.0355802720058125, 2.3713926063197155, 4.362490060250607, 5.2395693966863925, 6.87260898353691, 7.799211543038525, 10.041179465489023, 4.934308419496659, 4.637720370474608, 3.600311641735845, 3.524287993898327, 2.4843473465190313, 1.786164449724008, 2.724252731703971, 1.5475166625338839, 1.7360845674688081, 2.4951436899366763, 5.533001094581193, 6.5726133972039005, 6.742751026526705, 6.790544549239071, 6.8224067782009765, 6.893713145653191, 8.361902155804337, 10.372264912159983, 5.645583661271138, 6.188593447811454, 5.046210002457231, 3.8648056845663157, 3.430134957346897, 2.373628997263367, 2.612634471951559, 2.4361434857805158, 2.609030948342825, 2.7456247692553535, 5.205654424172188, 7.449612481448946, 5.310178563264552, 5.74999604131843, 6.5092498652804265, 8.467702243324641, 9.758252581051616, 11.35525115201811, 7.991572220143595, 7.602192931027611, 7.661069852479599, 5.791499777374846, 5.174187175589882, 3.3771352953746114, 3.3237025273172733, 2.875141641633538, 3.31524297802069, 2.9804398961523333, 4.5588022399728425, 5.719762802609246, 6.284809776498796, 5.426832364353063, 6.138338888522277, 9.123350125963025, 10.62268307370743, 12.713114676501734, 7.580333966726564, 8.254993663341114, 7.816157183156806, 6.8949981560710665, 7.055137483528747, 5.202522433205, 3.67701223580609, 4.059738976922989, 3.4309131086538485, 3.9365124990426144, 4.257925537726697, 3.9288959304554028, 6.057816319220512, 6.742005963296657, 6.841684156635933, 7.84365580174836, 8.575831063117661, 12.949223290477427, 6.607459512710527, 8.53580616282033, 9.100135996639871, 9.165764190769067, 8.364894156931156, 7.800976769836079, 4.646809834033391, 4.921100966902325, 3.408462810688564, 4.615449795398111, 2.954549797523061, 4.0080270344733115, 4.484124361942361, 7.089800233371333, 8.876190289198297, 9.19326542987955, 9.56267397807252, 8.490164694262415],