{"west": 11.4, "south": 47.8, "east": 19.6, "north": 51.4, "cols": 12, "rows": 8, "source": "formation-steer-fallback", "hourIndex": 1, "validAt": "2026-07-18T01:03:10Z", "level": "500hPa", "u": [13.10970405009912, 15.358133843973594, 13.490341629525945, 13.39025752193552, 12.932002169130913, 14.74997198742586, 9.843434943654838, 9.769682995694232, 11.950708657507043, 12.77775831611423, 12.767109052627896, 12.968890928494648, 19.397248055508562, 16.42772798144, 18.405302251524205, 15.611195176107111, 17.607043609133896, 14.974548999968961, 15.622002163504101, 15.571583273018263, 17.05706699732644, 15.485323358209403, 13.893850411118773, 13.320813044549086, 13.006749943047273, 13.478038279990566, 14.618769108521628, 18.647141144350584, 18.723949425103033, 17.289619900673156, 16.595172087510843, 15.485410667888521, 15.477141606206812, 15.960447059676536, 12.980449965737098, 9.55663024938471, 12.79557537943029, 13.043431561114172, 13.314260306205183, 13.172643090057427, 14.118036080174484, 15.028802979435682, 14.499604622881904, 16.39839696571423, 14.793339663282321, 15.937530388092412, 12.908048114160744, 11.323712401287743, 12.601896333358793, 13.576045085834371, 13.359757017210459, 11.258146549719829, 14.177090682693262, 15.454306059512476, 13.49177973582615, 15.86561114184575, 13.909196402346431, 12.647140728266193, 11.921072944992359, 11.521802652064503, 11.467629035538831, 10.734038287973984, 12.553478313742865, 12.448296839134137, 11.168143740894248, 9.102721331033031, 9.60608645670384, 9.956483378158257, 11.94090498416673, 10.18563752827947, 10.840425370155508, 9.486790179083993, 8.560902482872295, 10.399963239808246, 9.781289773326078, 10.85449481567962, 11.241627545248978, 10.639668059459236, 9.023064277242097, 10.4814940600697, 11.03476940634904, 10.19061676890937, 9.89591772596282, 8.921952847080227, 8.838172215949761, 8.569882591188831, 8.910992451137476, 8.771053334778037, 8.80204701648035, 7.316036872887576, 9.867205600068596, 10.52285301769152, 8.786876042836676, 7.069890138306885, 7.78761145206623, 7.456739790089948], "v": [5.243507522505119, 1.4788200899266237, 3.589502366663684, 7.7933159786948245, 8.2385939946513, 7.067002469294644, 3.198325891780706, 4.126875671209188, 1.4885394511344603, 0.022301418008700006, -1.8852826408360137, -1.2944674049920946, 4.728539374573986, 3.8228520521016183, 6.301543439863168, 8.335601931246835, 3.967918646618228, 2.6404170126354916, 4.509059230848521, 0.7343372260625407, -1.492299995268237, -1.4910670471930951, -0.9715526648695677, 0.023249228274069757, 4.001398759202934, 3.510766006197143, 0.5871504201916448, 3.9976006767116354, 1.0140528529270159, 3.298171388534565, 2.420973787620487, -0.4866486354396124, 1.2180774611747935, 2.5564494259828874, 2.358947557486395, 4.056548868690724, 3.214026384660314, 3.276283554338965, 0.41841748655323235, 1.1756270760586869, 1.3594122565785112, 1.8453049747262746, 1.3961531283779305, 1.3193836926046294, 1.6593389102602758, 2.6956314920583284, 3.7745774201110938, 5.919893782087122, 0.6383845286068619, 1.6188453666794376, 0.8171177437464111, -1.0642081764435334, 0.42076622860715407, 0.45867309604924006, 1.5133455726622684, 1.165097652638743, 2.4275433797784434, 1.822480819570427, 4.599959214867321, 6.492202141560238, 0.8622553585027691, 1.4322264928260884, 0.1314645230927005, 0.4999752486348067, -0.5266762891842005, -0.7803785005522282, 2.270782614160914, 6.006134762877118, 1.9982221948437866, 3.9507484281468592, 6.008945904275433, 7.573205104500048, -0.05976734510643896, 2.078117718660924, 2.2222545136219334, 0.37904731140771997, 0.8847352752977409, 1.8377897868288016, 4.381364604988257, 2.9659638576933673, 3.1225249997416977, 5.533053457510374, 7.620882581894584, 9.368973457347234, -0.8665903625833343, 2.328385566985679, 2.1557959563752727, 1.7526294012802968, -0.5075228376935174, 0.9631745267571316, 3.0167074922016823, 3.871656056271071, 4.134790009198594, 5.786638027977812, 6.86570304624208, 9.578604029798884]}