{"west": 11.4, "south": 47.8, "east": 19.6, "north": 51.4, "cols": 12, "rows": 8, "source": "formation-steer-fallback", "hourIndex": 9, "validAt": "2026-07-20T08:46:42Z", "level": "500hPa", "u": [12.955035849865995, 13.594768147669145, 14.560729765845288, 15.177362602797716, 15.225732242031707, 16.031324168074363, 16.451163377320512, 17.517662938431304, 17.845312454647964, 18.397565152578608, 18.045284970862177, 17.24682103409836, 14.52830129584695, 15.872161613974072, 16.71061357595168, 17.43369865814462, 18.07580883590964, 18.006143196087088, 17.232242328889825, 16.72968611462508, 16.991856108241116, 17.73341735049885, 16.642143006259627, 17.28689245318413, 16.049586682184277, 15.516308694085627, 15.480744323829843, 16.32876273082147, 16.95216690331141, 17.399179643281766, 17.919086482350075, 16.864097791637796, 15.971346455143594, 15.645888366035356, 13.552596103610783, 12.837192467573308, 15.976298826140717, 16.58957214105244, 17.376025943258874, 17.504966638891844, 18.39450741197377, 19.64436715812096, 19.180338287397248, 19.462847370694885, 18.375124911072696, 16.05767617227053, 14.990918796570242, 13.999315766777706, 16.152664641004222, 17.46614700992781, 16.827970883066023, 17.564170405347287, 18.314228777488683, 19.88535623277069, 20.244881524331177, 19.77657349840525, 20.344682270768512, 19.180146998780508, 17.00881381939066, 16.08685783374782, 11.677025242798083, 13.694027339131946, 14.42539044949105, 16.054657534667, 17.12371076759674, 17.54917648634629, 18.23024956383763, 20.14680753778388, 19.604883917305514, 18.466513157524748, 18.995441911395652, 18.543499951053, 12.570149010579321, 13.170567118728448, 13.583367895746758, 14.84125804086844, 15.496571049291434, 16.979270580895392, 18.20788960909406, 17.530662392520213, 17.940720580531817, 19.228594685381523, 19.54560284157112, 20.01836985180548, 11.732492985426934, 13.17105206208185, 13.376635231970193, 13.389764533647316, 13.998831210642974, 14.362966507741818, 15.07195743694303, 16.060126940098815, 17.973766415375376, 17.061637984770773, 17.988043538457106, 17.944299686877034], "v": [-2.494746684668025, -2.1775290565190186, -1.4276920361984429, -1.9442649902237197, -1.5197301151745424, -0.3917971235424069, -0.08613887719883744, 1.3479107025059138, 1.2478658080893512, -1.1252432891209505, -0.3464871721999518, -0.33115588139464414, -2.771421693088029, -2.2872134285608845, -2.289069321725265, -3.04266749411144, -2.4439452404144855, -1.6386874014093096, -0.7825115452296237, -0.5549808471368332, -0.29659395162027863, -0.9914519525730261, 0.17428248481246053, 0.9664873350621966, -3.1488037191792837, -2.8757778342246945, -3.3753481203124047, -2.004919961991625, -0.5919827128161724, -1.2166691628871193, -0.2502139068277652, 0.29436392190884997, 0.1672576629678124, -0.4643591261655544, 1.5441232811314067, 1.326594794204303, -2.845812260637188, -3.044756249892777, -3.0013608352943733, -1.8398461319319075, -0.44955207800881747, 0.24001316224245933, 0.8374316549319994, 0.9518920419895175, 1.4461536936169874, 1.5461783548922257, 2.3475152365579035, 2.4684570811403233, -4.267718086402253, -3.3950750552346047, -3.7923470250864453, -2.8447748548890215, -2.3461068149254904, -0.798678409998676, 0.5654907442598328, 1.0710609349484665, 1.2086968414634207, 1.7792884406893934, 3.0603686441619105, 2.952490908986938, -5.02892157008525, -4.475898061888304, -3.5432157344485007, -3.4418203481235827, -2.559155721030175, -1.7207117990863332, -0.6047596635784956, 1.3028356010624966, 1.2677909725529042, 3.256144509279482, 3.3836035539859504, 3.3699250821234217, -7.79382259200572, -8.750503872410375, -7.8423611111111065, -6.483986206452709, -2.6210488025547396, -3.547154432572388, -0.12711711459205302, -0.4896757391145888, 0.6578563593624255, 1.1423890210069634, 4.225908915784288, 5.513977717260826, -10.601120912286008, -9.534251639313728, -7.816674505078526, -6.130312833801433, -4.46759692304401, -3.6610742552459876, -1.4512644360770575, -0.5047098219095361, 0.6276577538898422, 2.0646850607498948, 4.020804106352104, 5.969274009821872]}