{"west": 11.4, "south": 47.8, "east": 19.6, "north": 51.4, "cols": 12, "rows": 8, "level": "500hPa", "source": "Open-Meteo", "hourIndex": 12, "validAt": "2026-07-19T11:59:00Z", "u": [20.00094034018416, 21.6342899398917, 19.057525271959683, 14.312406551604878, 15.348312806169837, 15.619493035016264, 10.97167561237365, 14.6992283502969, 17.037842783573932, 15.663404933453053, 15.035235885418832, 14.669645913380014, 19.009137179951093, 22.652858745766167, 23.935964823803257, 18.613827327455386, 15.279498787085835, 12.412697546925369, 13.103420487343476, 15.004867272938867, 12.992327602086059, 14.998609823837521, 15.338412448611138, 14.669645913380014, 18.985564769217646, 20.357354131155336, 19.687078512478152, 23.005959862984717, 19.024473979999033, 14.361587946091943, 15.38265018861517, 13.235545656111228, 17.72946451636476, 14.600088129324545, 15.661543679765142, 13.977773607833106, 21.023087843757107, 21.65266810633856, 20.37460410621245, 21.676241135162133, 19.33814916466812, 9.325620035874854, 16.058989622753906, 6.66685678323865, 9.317414283885082, 13.286258912748268, 14.358340192205082, 14.31221216973408, 15.330997992398, 18.355722285310875, 20.37460410621245, 16.334530467890144, 17.71263137318154, 17.29542788010519, 15.765530624088765, 11.40948007193607, 8.660254037844389, 10.335328418050736, 13.333974943148585, 13.714676811233794, 15.323692216491189, 14.002069923178423, 14.983773447864722, 17.00807570624832, 20.38153359447244, 7.676105728976994, 19.58875431588221, 11.593177718422023, 7.672880732264847, 14.715416912851992, 12.719544967117224, 11.95195833766852, 13.664585167137348, 13.675676684277914, 11.721670123069895, 12.940897442539216, 15.381391007043455, 17.616493236768957, 11.423472531046851, 9.266854706314271, 8.984363924786665, 9.993908270190957, 7.729314747374983, 8.32814653397489, 12.996042765884932, 13.009923661108198, 12.657690761656255, 10.220932442641335, 9.247513524037888, 6.623961907870973, 7.95895793237737, 8.619260654559218, 9.294169577365516, 11.05274256294359, 9.331435743281943, 7.699130272587219], "v": [2.1021835390494754, 8.740820513037956, 11.908463465685083, 10.021654957355784, 5.586329007652588, 9.385138253916548, 4.4328446887549635, 10.292510496743779, 6.540215079201725, 6.012617820148923, 4.596732913140813, 5.339314459695161, 1.3292483607908396, 0.7910552585900198, 9.188156039730885, 12.087960804916852, 7.452309495414323, 11.575027722171846, 12.219137284453096, 7.31836275611766, 4.987287297838758, 7.642173412282374, 5.281438950082765, 5.339314459695161, 3.007018050217777, 3.2242881405514314, 3.826780407274036, 5.3113443386745995, 9.278855940368816, 8.29166666666666, 9.61214665400786, 11.10594147847299, 10.236111111111105, 11.406839001172612, 5.700335722094478, 5.365564577914352, 2.20961557074123, 4.998912318752564, 6.229141597842763, 6.627091973715376, 6.283345552290603, 2.3251382188190304, 8.901643305078576, 4.0058516937448685, 7.02117527010723, 12.38963687446872, 7.958957932377365, 6.372207408187537, -0.2676035653716728, 3.236609089291953, 6.229141597842763, 8.68522391153898, 7.886171579636349, 15.034686081032461, 15.224595952559698, 13.597288865361861, 4.999999999999997, 8.98436392478667, 9.336549769492034, 8.240609198560872, -1.0715369439028104, 1.2250223841754204, 6.360234480408737, 10.62782524378817, 12.24646089230574, 2.946580918483578, 14.76118515120163, 10.07779563977085, 6.669933461403492, 9.925674036605754, 9.24129035548722, 8.061697691703264, 0.2385162213095428, 0.7167118452158656, 7.906366329628057, 12.067582093328097, 9.242072121997088, 7.117525274902336, 12.250174502121103, 11.043807388298601, 10.335328418050741, 0.34899496702500876, 8.288675285017263, 8.328146533974895, -0.9087718384998519, 0.68182120772057, 7.016272559676154, 14.067906624408812, 11.419728155853822, 11.024123895141056, 14.35834019220508, 11.032150550494105, 10.69171905315594, 8.950334450486574, 9.011262750120887, 7.9726827870867165]}