{"west": 7.0, "south": 46.5, "east": 22.5, "north": 52.5, "cols": 18, "rows": 12, "source": "formation-steer-fallback", "hourIndex": 0, "validAt": "2026-07-22T00:08:19Z", "level": "500hPa", "u": [6.546714786245107, 5.967789799368792, 7.276350028625942, 5.795068124263853, 7.152346210234411, 7.909428465518168, 8.224564962626651, 7.903188760436333, 8.740700557673405, 8.152245963321638, 9.39868129306883, 9.400919392139555, 11.699637762472083, 10.544055309425772, 10.96046005520451, 10.83338225746301, 10.872925913859193, 10.10992439381156, 1.9065470758282295, 3.342567227177501, 3.645143823898759, 5.251753351762765, 5.3172590963766595, 5.6994627590561295, 7.052440741875461, 8.088809659960749, 7.866069546004848, 8.557125557935734, 7.621471638397675, 7.883379573358572, 11.389576606674138, 12.037786054483623, 11.893053382862773, 11.363669140428359, 10.575280879255503, 11.380117793222889, 2.087314769080226, 1.837794802347462, 2.665173861030645, 4.589874053394662, 4.581857818104042, 5.818763991558409, 7.119355341168214, 8.999518265927474, 8.407636957231718, 7.741856687947818, 5.767393971873795, 7.739823251702933, 10.077924583051354, 11.262370886531277, 11.331141994596459, 8.879689914604848, 9.017141744579881, 9.144875175165614, 2.0647222692137293, 2.9901556857063194, 3.198982400990307, 3.8831795508884546, 4.22830982960954, 4.9040597296292425, 6.6583921314959476, 7.81180917085317, 8.61437900829238, 8.229974376824808, 5.04672506840273, 5.18700222422737, 5.591085376342942, 4.9472452721718305, 4.726157686412218, 6.112231047304341, 6.3297665883206, 8.00223375446724, 1.5177292198624022, 1.9809683894995467, 2.3150928777914213, 3.9982416694363603, 4.1327100485191455, 3.9862445791869447, 5.2864491127731394, 6.67401174622188, 7.38939080909838, 7.612887941395891, 4.690124220589042, 4.2588440963146, 4.145535624473393, 3.2090936767917526, 4.07863284188399, 5.330945312090408, 4.854558237162438, 6.7504080713231405, 2.2411555337649474, 2.737830023470724, 2.63419398751071, 3.250818932496568, 2.774729649098346, 3.0560210242983983, 2.6467932872915627, 3.463532768288078, 3.7928132262602445, 3.7137471856876063, 3.7761427938005823, 3.1212032317268, 2.69951258124232, 4.104001052334331, 4.378500681819866, 6.633318423969174, 6.9513321635652, 8.156482647734725, 2.5541027935829943, 1.880132351078116, 2.01554070969883, 2.4740623496604446, 2.5296225751141477, 2.6386923434072203, 2.3249019025696054, 2.8923132292955156, 2.618632311229575, 2.870839336133741, 3.928136897064145, 2.8223527819019405, 2.479861122663411, 4.561801430671668, 5.282516004131562, 7.367802731602344, 8.524837608138382, 10.416536009299065, 3.7368888452242413, 2.499750403045518, 2.4319941648472847, 2.595181563248851, 2.1713452808043723, 2.4675339211321576, 2.056225473838021, 0.7890683054800508, 1.5193886937907817, 2.665591586230159, 4.076565307222105, 5.399900275471449, 5.374752712057219, 6.9943194023760995, 6.995739877875758, 7.266045896350772, 7.758066729203878, 10.115136139049191, 4.04619032892871, 4.7100195020480475, 3.342197916380628, 2.707973787750409, 2.233119844861565, 2.4319941648472847, 2.0708065471923534, 1.5075661751306177, 2.1849144840561574, 2.3797988868951756, 6.473826611882218, 6.568267902504353, 6.207552161506039, 5.457262521469456, 5.691209300549531, 8.536586422005776, 10.042672794947684, 11.099211843583172, 6.784517993957214, 5.74910575856131, 5.96088119636278, 4.769987985868127, 4.2430673916292765, 2.3431947426682753, 1.9617606530904577, 2.420515931146983, 2.829570439839315, 2.9447191295649064, 5.064302711193298, 5.493338442305906, 6.028639484681895, 5.621090499103718, 6.520735907989499, 9.56698788077486, 10.885299335869092, 13.194310879377039, 7.107007517238435, 7.175615897366172, 7.045363441010999, 4.95676786117145, 5.340004928961831, 3.375289895210675, 3.2931400952767853, 3.180725327826477, 2.4842034042941306, 3.668362660315554, 4.823611111111109, 5.873796855228383, 6.905561278034352, 6.057380460726625, 6.258111273606051, 9.154762120829893, 9.891384531525466, 13.394030266381726, 6.406032175940411, 8.100481214797401, 8.072296944677795, 8.276276851138483, 6.793687428040325, 6.352978053145853, 4.162034045618718, 3.944372048248657, 4.01790798878452, 3.8111003738124394, 2.655648369007528, 3.358841648256045, 4.435806177362668, 6.495190144892289, 7.642789495690081, 8.684903207082085, 9.204139056118592, 8.975519550551667],