{"west": 11.4, "south": 47.8, "east": 19.6, "north": 51.4, "cols": 24, "rows": 17, "source": "Open-Meteo/icon_seamless+formation", "hourIndex": 10, "validAt": "2026-07-20T10:11:43Z", "level": "500hPa", "u": [20.66870569592581, 21.693126337185582, 21.97606557824181, 21.99929958285938, 22.331364482223297, 22.001829330730573, 20.98720736740101, 21.330084163336345, 20.663519033232088, 20.65407709172798, 20.999999999999996, 21.32033764307404, 21.309076518050134, 22.00143969471597, 22.00143969471597, 21.63841479535157, 23.021556572791773, 23.683254007219325, 23.683254007219325, 22.99939338099039, 22.995494280951124, 23.316013324745075, 23.316013324745075, 23.316013324745075, 22.030937152719318, 22.030937152719318, 22.00143969471597, 22.984506026288983, 23.316013324745075, 23.32755918031504, 23.331914731077003, 23.01374987774529, 23.01374987774529, 22.652858745766167, 22.329931858492742, 22.333333333333336, 23.319119297112234, 22.996496988597, 22.319728470093143, 21.667234683495465, 22.3214914293768, 22.984506026288983, 23.297263837136587, 22.99939338099039, 22.666872030903782, 23.316013324745075, 23.979027921657256, 24.014102724433098, 19.365171308251476, 19.70239377521537, 20.024855048355967, 20.357354131155336, 21.345778370651626, 21.670590977502197, 21.98998413092071, 22.331364482223297, 22.331364482223297, 22.99939338099039, 23.331914731077003, 22.666872030903786, 22.33046598548422, 22.329931858492742, 22.319728470093143, 20.65407709172798, 20.663519033232088, 20.666083427559933, 20.691580545301022, 20.998959939144793, 20.333206915975076, 21.309076518050134, 22.331364482223297, 23.297263837136587, 20.020673337299776, 19.330601990030473, 19.365171308251476, 20.311273625022913, 20.01428757362737, 20.01428757362737, 20.357354131155336, 20.685599658157248, 21.01568901440444, 22.00143969471597, 20.988377237646674, 21.335169784131548, 21.641597868136742, 19.987816540381914, 20.320946816054946, 20.333206915975072, 20.0, 20.320946816054946, 19.3416585300377, 19.67417988012431, 19.010715488584143, 19.34278038794806, 19.67484528731197, 20.63632932889167, 20.373407611137146, 19.655168003433175, 19.657375539240178, 20.69964216055459, 21.023074069313257, 20.322304933669482, 20.66870569592581, 19.973253109812784, 21.01568901440444, 20.680962813256368, 21.3545951422132, 21.336786630557352, 21.32033764307404, 20.99895993914479, 20.330236468179955, 20.666666666666668, 20.65407709172798, 20.333206915975076, 20.666083427559933, 20.339222580297527, 19.67417988012431, 19.00641844481589, 19.00641844481589, 19.00641844481589, 19.998873024910814, 19.98929834959322, 19.98929834959322, 20.326442184825325, 20.649782682158122, 20.01428757362737, 19.314794216082692, 20.332447638640254, 21.023087843757107, 20.97543280982064, 22.334350680817174, 21.99758947389936, 21.986598194420107, 21.986598194420107, 21.330084163336345, 21.32033764307404, 21.333333333333332, 20.98720736740101, 20.666083427559933, 20.339222580297527, 20.333206915975076, 19.669433041728073, 19.337925743271978, 18.996230513357528, 20.326442184825325, 20.649782682158122, 20.680962813256368, 20.649782682158122, 20.981876293343436, 21.31760668451172, 21.670590977502197, 21.335169784131548, 21.99929958285938, 22.995494280951124, 22.652858745766167, 23.0, 22.996496988597, 23.666666666666668, 23.663062118701262, 22.319728470093143, 22.985989021439202, 22.330465985484224, 21.997589473899364, 21.335169784131548, 20.339222580297527, 20.00094034018416, 19.657927947785073, 18.985564769217646, 19.67916305295947, 20.311273625022913, 21.023074069313257, 21.65266810633856, 21.35494391987641, 21.356222616021427, 21.638414795351572, 21.638414795351572, 23.67514623140584, 22.984506026288983, 24.31851012413133, 24.31851012413133, 25.662757509014043, 25.317900951150424, 24.67940125611045, 22.996219008653938, 23.32755918031504, 23.659624079678956, 22.984506026288983, 22.66313712914352, 21.339742260288425, 21.003104884767637, 19.970406052955, 19.314794216082692, 19.047548562466826, 19.64577484856358, 20.66680833720116, 20.985576589188838, 21.706499818551567, 22.047275113715695, 22.30224814952872, 21.356222616021427, 22.332018423434352, 22.663137129143518, 24.35142595335378, 24.323753878406787, 25.666666666666668, 25.992085531769863, 26.011922358802575, 25.326354589747943, 25.01555575208161, 24.006653529861932, 24.35142595335378, 24.34495144164687, 22.68939604644941, 22.66313712914352, 21.345778370651622, 20.347196108647104, 18.324006105325218, 19.047548562466826, 19.657375539240178, 19.365171308251476, 19.657375539240178, 20.373407611137146, 21.62600599969414, 22.00832101651063, 22.021395588189655, 23.023732598241512, 22.693643241994323, 21.98998413092071, 23.979027921657256, 23.996344683753392, 25.317900951150424, 25.659564181683255, 24.99452148151004, 25.001175425230205, 25.309926866853715, 23.986493220629146, 24.34663611613514, 23.986493220629146, 22.66313712914352, 21.648360280544882, 17.04559876566546, 17.334507219320805, 18.043655573044163, 18.651275014010512, 18.334256175245464, 18.94187561621181, 20.618784183364923, 21.35494391987641, 21.682271816266027, 20.975831882402726, 20.975831882402726, 22.308538993039264, 21.68610244066929, 22.334350680817174, 23.994848543408512, 24.0, 25.32704283159665, 25.309926866853715, 25.995697320598474, 24.976761289370714, 25.687068891068428, 24.975818847226275, 22.978847570284852, 23.690097614127, 14.983773447864726, 15.375798921565886, 16.363590253325953, 17.037842783573932, 17.645339212535394, 17.97025337129135, 19.998873024910814, 20.323733481913518, 20.618784183364923, 20.69964216055459, 21.377658661749123, 21.638414795351572, 21.023087843757107, 21.99929958285938, 21.641597868136742, 23.32977955364913, 23.319119297112234, 25.01555575208161, 25.66419002214239, 25.001175425230205, 24.69220851487844, 24.70168682583139, 23.690097614127, 23.991786984665286, 14.355105111923699, 15.270861817339522, 16.615642762338588, 17.027472279949585, 17.018446223243764, 17.33318705898466, 19.708920114940927, 19.62913474530565, 19.657375539240178, 20.322304933669482, 21.377658661749123, 21.638414795351572, 21.648360280544885, 22.993985846357294, 23.329095520238795, 22.666666666666664, 23.319119297112234, 23.34688015341832, 24.32947878133682, 24.683490852717696, 24.70168682583139, 23.656403864381957, 23.690097614127, 23.013639383931483, 14.361587946091948, 15.636569790552372, 16.286088843390704, 15.995129369172584, 16.33511961012007, 17.037842783573932, 17.04559876566546, 18.023288789320976, 18.344077364156252, 19.298103889267036, 20.352693562252302, 20.643367910456725, 20.00094034018416, 21.99758947389936, 22.33046598548422, 22.996219008653938, 22.329931858492742, 22.329931858492742, 22.996219008653938, 23.67514623140584, 24.006653529861932, 22.9911897060757, 22.714760950373933, 22.383445654927485, 14.715416912851989, 14.403085440922869, 14.641651017533697, 14.715416912851989, 14.982183032096856, 15.91758299348455, 15.27949878708584, 16.33645983396597, 16.635167682488127, 17.034080527956384, 17.959876780140156, 18.677556074320172, 19.337925743271978, 17.314416200854172, 18.34658568985631, 19.009137179951093, 20.00094034018416, 19.987816540381914, 21.986598194420107, 20.339222580297527, 21.008893543074652, 21.64683613137677, 22.383445654927485, 22.350450369410943, 12.335084960698655, 12.708336472649505, 13.044034545331478, 13.64322910113349, 14.72332774837523, 15.014304972559625, 13.934352031056969, 13.368039858790592, 13.977773607833104, 13.657490536434576, 14.635703056319864, 15.373394355500377, 16.687662118610287, 16.98793373946059, 18.011896549447616, 18.335947846465924, 18.67661582986449, 18.655295437689787, 18.655295437689787, 19.666666666666664, 19.970406052955, 20.028124684290294, 19.694154347116005, 20.98754702798663, 11.624946112448395, 12.38963687446872, 13.286258912748274, 13.01874025884282, 14.312406551604894, 13.969620322365348, 13.29084731914315, 13.007547170051833, 13.007547170051833, 13.315390355861917, 13.991698018657752, 13.30857452048558, 13.979093208239018, 15.0063631421482, 