{"west": 7.0, "south": 46.5, "east": 22.5, "north": 52.5, "cols": 18, "rows": 12, "source": "formation-steer-fallback", "hourIndex": 19, "validAt": "2026-07-22T19:27:45Z", "level": "500hPa", "u": [11.472791737073079, 10.835000073988299, 10.735581845996533, 9.356451073996725, 10.649871075581261, 10.715512078256351, 10.937257479521714, 10.710655810627026, 9.596078126056465, 8.306378662861668, 7.911136408101335, 8.735136269820611, 7.6162361871396405, 6.880234146825544, 6.271342094598304, 4.719105885117737, 4.839413048909286, 2.2073556071263956, 9.357377286234165, 10.788402887447972, 10.579287937340307, 10.153155390573788, 10.43169637717886, 9.571309833608217, 8.549994113612623, 11.004953270432896, 10.833880865904321, 9.249588863496093, 8.118200030282559, 8.623906788340111, 8.087567081646823, 6.745962902834729, 6.355317488532669, 5.265275235165975, 3.2855410490583514, 2.1589083863154723, 8.178558536828696, 11.982800241272175, 10.752156739609694, 12.342846517403641, 11.921271475173642, 11.504093596289373, 10.454447514944656, 10.256381719082501, 10.448102197761193, 9.483134876508297, 10.391338083776985, 9.450930406523248, 8.388319737295323, 7.327011574028454, 6.413609883354824, 4.329583246943825, 3.204657863591153, 2.108222482090285, 11.951150572225254, 10.849663732579993, 12.110132157053245, 11.960727750242299, 12.298953855603877, 11.921935087390851, 14.31019343208339, 12.034237807342283, 12.060071704142675, 11.677197116276322, 11.235668695810757, 10.245485600846171, 9.18345937381124, 7.746785948874443, 6.484098008054304, 4.885990533332013, 4.029137558916833, 2.0836656886747673, 11.288020042481872, 11.904265439358179, 12.16572506256743, 11.897926622669688, 13.958544553635878, 12.951559811580942, 12.965122374121565, 11.972685691743486, 12.640735031516924, 10.977232985116943, 10.868435576011477, 10.091404915300526, 9.49539435314662, 8.142592554361267, 7.079978953744576, 4.071152914345892, 4.543487693418478, 2.9123759434817162, 8.576888032713857, 10.891506814283233, 11.664048974783244, 12.363949385291885, 14.811494232304138, 16.338039585250776, 13.671685421913645, 14.088382570534547, 13.538136171689008, 12.893986871210195, 12.037132570249838, 12.654419369684643, 9.864519152863906, 8.929663535313004, 7.781538324788257, 6.543253372589434, 5.772109060607056, 4.846638763722414, 8.524137992407784, 9.73985101252317, 9.889642391118858, 11.732993687865557, 12.427954041608485, 14.474612921642303, 13.860002081240912, 14.528692020262127, 12.389697940976248, 13.445322587240735, 11.382123980411825, 13.155484925073578, 11.419071546243384, 9.231136206293819, 8.200527137906606, 6.98548266527041, 5.910706822535509, 5.219568660877118, 8.470032024769788, 9.68850206543681, 9.989561185899934, 11.460330279886906, 11.92416861302389, 14.360507653297788, 14.765264363805422, 14.338995119359973, 15.012790365212604, 15.34989920711358, 11.806708749731376, 12.652141071342234, 12.381331723627932, 10.916107689475464, 9.995376985416554, 8.659486701945758, 7.489560454314509, 7.499216569053907, 8.053729766872596, 9.328931792979276, 11.148475982173423, 12.225962843454317, 13.455670672442643, 14.500465894615234, 14.75488152514715, 14.228512433066628, 13.98448237716267, 14.614654225367243, 14.040060700923636, 13.653265264677582, 11.5692056838647, 10.390499843803148, 10.083095520088595, 8.94443082127996, 8.525841272865023, 7.954057632918071, 9.444824000721589, 12.207351353541467, 12.62569162318876, 13.717614852869175, 13.979240474500942, 13.140732689368043, 13.681801704526832, 14.08664410483607, 15.104747729296601, 14.039761227924469, 13.322410820172493, 13.340333453074773, 13.737481248269141, 11.174796699697236, 9.885347184856174, 10.029806971788586, 9.0937433549122, 9.355103764312036, 9.783701142962864, 11.861448221338538, 12.82761120291319, 13.529895315087682, 13.369988162168244, 13.888309679251211, 13.487492502271072, 13.764571525004545, 13.821405125396454, 13.952281008246754, 12.533360873198017, 12.228025174192593, 13.574414850703342, 11.406843620351934, 10.892790099475569, 9.710386367591498, 9.368789038690181, 9.117067968047769, 10.320967884600917, 10.50283971071454, 11.472529890357475, 11.376331565819402, 12.564433256852062, 12.822520539891602, 14.722913212744423, 14.359943381269588, 12.41741117552216, 11.365174815226656, 11.892219581047877, 12.297750946011762, 11.306938252313444, 12.216818790143886, 10.081447616557021, 8.999759396083235, 8.389875077403357, 8.567729691705491],