{"west": 7.0, "south": 46.5, "east": 22.5, "north": 52.5, "cols": 18, "rows": 12, "source": "formation-steer-fallback", "hourIndex": 10, "validAt": "2026-07-22T10:04:23Z", "level": "500hPa", "u": [7.0641082160597, 6.993151534655111, 7.5161207737210765, 6.261200301084121, 8.097917840318576, 7.113481600124371, 4.878396803728767, 5.366861430296692, 6.879044342353195, 5.775060525013224, 5.70945014043047, 4.872717656093691, 4.8749494525589, 4.64301601096718, 3.9054049217549247, 4.496272341351525, 4.314031818645733, 6.954635662902516, 5.614879551231642, 6.079297025349465, 6.573012093725468, 8.082938338965825, 7.100378750037141, 6.521465634892195, 5.667017619127685, 5.446855975060708, 5.615895253334845, 5.421964025915775, 4.481378362236625, 4.308282544520421, 4.245521727509158, 2.829914458628821, 2.4754334923491568, 2.3946023893353345, 3.3828497622916127, 5.244772066670629, 5.5233609944731334, 6.953634463708474, 7.181707827443153, 7.822932686557593, 8.42095299542432, 8.11579278706158, 6.256530201504249, 6.364861338358741, 6.7851958075011565, 6.110999515178195, 5.450285539121945, 4.519879236683581, 3.2624524847401055, 2.1494658861762694, 2.0442760826173054, 1.7535489275498077, 1.4408819559579764, 3.845961638254537, 7.67689340448132, 7.864049753714364, 8.49853170869705, 9.001720316838204, 9.25307708131319, 8.316668747802966, 7.083942884830219, 6.962871640257742, 6.474108469626737, 7.091045011494539, 6.223856088539723, 5.6259217705408044, 5.129176878390561, 3.0330503848979875, 2.9980314436066546, 1.0522381630141546, 1.4430785571969245, 1.7964889816905936, 8.320744891932863, 8.447642297267727, 8.678979729349441, 9.575597702870681, 9.310315525202682, 8.429544585993165, 7.064483692267291, 7.433532141935642, 6.012280244170101, 5.96780359770678, 4.671868526481644, 4.970742270599999, 4.690596329445886, 4.465301614431944, 3.8768640806087786, 2.436415681935568, 1.9522704220959604, 1.9918742008890367, 9.310315525202682, 9.93376651372787, 9.655827970254986, 9.805898614002679, 9.364552760170577, 9.341232143762335, 7.026923463438709, 6.496932891893331, 6.651075432678644, 5.684110323271912, 5.203473542351588, 4.656555140231347, 4.606729447806597, 3.277464366149976, 3.4114514753600704, 3.358697071101926, 3.379753092565491, 3.7995606408434153, 9.376802877723142, 9.61710097932947, 9.790685902800446, 9.905982269824833, 10.689744939917391, 9.181236904800611, 8.286291048558883, 7.012841899253567, 6.800153207577104, 6.358998129612948, 5.388155884328347, 4.8547928474862365, 3.299543276656407, 3.807959736674773, 3.859993230780947, 4.292583649616888, 3.617793461060081, 4.329760444998954, 8.582442352285987, 10.195261243352231, 9.59423639942484, 10.669891932847968, 9.938895459360095, 10.155580337460245, 9.364959993023302, 9.78226427318126, 7.199614612741979, 7.592775748820578, 6.253590517954577, 5.329747188478928, 5.207077958713485, 3.507797939901011, 4.0801497243682, 5.14233824216176, 6.89948288190488, 8.295742290977401, 8.949525787967508, 10.101578089731742, 8.90015843702087, 10.048779872606378, 11.245650505045173, 10.071886436331495, 10.306314074825186, 11.09957234073052, 9.22993857535425, 6.968912748620513, 6.820643733012808, 7.148954830864706, 6.140892101433182, 4.0162544199946675, 3.6587351757057918, 5.318015248054481, 6.69349199373828, 8.781473633695251, 9.543100579164152, 11.070040911831947, 11.851359222855574, 10.918267273286384, 12.090271496413092, 11.245365560415776, 11.302728799758382, 11.249072169404773, 11.09908175136862, 9.899618574165059, 9.335144775321886, 9.431868524731946, 7.184520363935296, 6.143212498159362, 7.360275213522982, 7.750947038608148, 8.453179650920344, 9.241343544507705, 12.032772304791912, 11.633133414864965, 11.414285127979277, 12.522019454277126, 12.038711633146471, 12.42908798255998, 12.522542958207273, 11.668461971029346, 11.11187861382162, 11.118468968951284, 11.444303550865744, 10.927284225866115, 9.2684428847536, 6.900454191005655, 7.453172759615896, 7.772777979428819, 7.702436041874465, 8.092307274501504, 11.63995073901775, 13.04492825811929, 13.357674069383915, 13.001255359813948, 13.58052837456755, 13.350680524954653, 13.047814144325695, 12.484900897235526, 11.154477987914035, 11.296957267528182, 10.242179526074704, 10.799295713384867, 9.673733987795261, 9.065423533304054, 9.108066691703316, 8.316274784711355, 8.187948579513831, 8.143877088225938],