{"west": 7.0, "south": 46.5, "east": 22.5, "north": 52.5, "cols": 18, "rows": 12, "source": "formation-steer-fallback", "hourIndex": 6, "validAt": "2026-07-21T05:41:43Z", "level": "500hPa", "u": [13.256342626649124, 13.314970303340294, 12.3430668458734, 13.720937689642872, 13.015471602967944, 12.037113034626747, 12.821643480036938, 12.381427127110841, 13.65833648260749, 12.84149063627737, 10.571206240070842, 11.81382728853768, 12.323044114271573, 14.106082044888524, 15.316383697357, 15.61410858086107, 15.573927704380694, 14.549921604108853, 9.378635984551005, 9.776853048313606, 11.401231340484273, 11.347779562432818, 12.191163437247504, 11.92095587534474, 12.151167016367394, 13.07650958943242, 13.128888882890992, 13.047344638645995, 13.888193625690667, 14.214216886770451, 16.09646900394501, 18.48186238399658, 18.297586589939723, 16.279724326467573, 16.286731152651186, 15.97262519615659, 7.116395725514525, 9.551025201267091, 8.63130558555011, 10.50197567844329, 11.535719836754579, 12.772153768192128, 13.425074962453623, 14.014200246646778, 13.573198991602027, 13.770536881502975, 14.495917299594181, 14.923878467469153, 15.998633021256733, 18.01585380292362, 18.147674439039744, 16.541499332032526, 16.70991694490035, 16.779750154806713, 6.063838077367561, 7.853053078764145, 7.567448463180534, 8.75534152059951, 9.477196522344313, 11.451349917142105, 12.343197885145978, 12.438174580684025, 13.06741612840709, 13.935308329309667, 15.431719562023797, 15.792795784848272, 16.302278147748925, 15.504557719069632, 14.389135189414278, 14.653435768306112, 15.654749087643067, 13.680044975171931, 5.749774403014747, 6.177848206235271, 5.8034026056599695, 7.246845118823882, 8.817846188582033, 9.850444632799256, 10.736645256849728, 10.653506695788277, 11.686008144121422, 12.681305367849811, 12.693096449338398, 13.11301114820143, 12.335039852091782, 12.033592864341523, 12.655503490348078, 13.504072131815853, 12.95462445276584, 14.538529047017311, 0.6091611317609841, 2.6037845141678115, 5.354020006246122, 7.118845763383732, 6.939973087148632, 7.320322336903412, 7.390904411160852, 5.60104803415387, 7.360611365874669, 8.461787312898586, 9.940196543857297, 11.277456266616525, 10.760946717203312, 10.884739563930996, 12.469584112453429, 15.742310111813559, 16.013655063228153, 15.916205390790692, 0.7264329987735284, 0.9003196090076235, 2.023891757122889, 4.157166348216914, 4.407708793504684, 5.879773456170763, 5.199740134920134, 5.941129955183279, 7.320885775555227, 8.15533903225447, 9.954386225202047, 10.87177908639998, 10.985371251380915, 12.851151176438263, 13.975886088294454, 15.884724717687696, 16.41521823251797, 17.274337971479852, 0.6892413617758611, 3.33857264703994, 1.6871456109113347, 1.8856901041057303, 2.4115041294564916, 2.868525206693969, 3.9465509053560552, 4.66532923818186, 6.6848044338823, 8.379630277177434, 9.184308365543867, 11.339997117144302, 13.695019594924293, 15.04669610081265, 16.07107777800502, 16.109486915634367, 15.859329437028347, 17.981983061916818, -0.09450110733447198, 1.1854592095703895, 1.549613979617605, 1.5184818164720728, 1.849410447405135, 3.122521496892266, 3.9418593740831835, 4.87237776296391, 7.232571599720344, 7.465507429065011, 8.989640773103547, 10.091712269860787, 11.081130789634491, 13.892272963575463, 13.363068908101942, 16.30394740383138, 16.693076467381772, 17.216770566223083, -2.516616881011182, -2.092702498231834, -0.9792236058402899, 2.409054053241922, 3.534945069153442, 4.8671835111231285, 5.7914265748341345, 7.117876825142354, 6.341568328533822, 6.683433557087764, 7.297951970422199, 8.813065904158842, 9.396811835592796, 13.300182541381798, 14.141523290691264, 14.757698910206596, 15.339206122737613, 20.096171161228188, -2.9146697025576107, -1.2219482225296252, -1.200894322192993, 3.1714006613372945, 4.22303467057319, 6.1243489267668325, 5.997947596405793, 5.5403974185552975, 6.54459823293018, 7.224671165322116, 7.974980853764122, 6.3058699078859535, 10.041411436903624, 12.651436768233008, 14.053009082761477, 15.138560832782797, 15.254825392022962, 18.341784540910574, -2.0067711647020596, -1.381528209894192, -0.934939951621298, 0.8800183288285957, 2.591176378080623, 6.744402813159281, 6.936734743821639, 5.952666227667143, 5.133980230472729, 5.5590668914110895, 8.125274759885643, 8.752020891519434, 9.496371461175864, 11.536145882512885, 11.646074884562028, 13.511130251475015, 11.331304796568212, 13.143074265742142],