{"west": 11.4, "south": 47.8, "east": 19.6, "north": 51.4, "cols": 12, "rows": 8, "level": "500hPa", "source": "Open-Meteo", "hourIndex": 14, "validAt": "2026-07-18T13:58:19Z", "u": [18.95292142663559, 16.363890599272846, 11.345541103183908, 10.603468128851945, 15.663719852050304, 14.664432862293738, 21.330084163336345, 20.333206915975076, 22.332288411929746, 17.682455891128484, 17.33069338271078, 16.32125626675101, 8.329294559044872, 13.322260436581814, 15.356894624006012, 16.358751008369456, 15.664280557450128, 17.971714528261007, 17.679051779604663, 18.34340384790371, 17.997258512815044, 13.666666666666668, 14.331379550398836, 14.676706305003343, 12.991600863803134, 14.326128166231364, 14.65864951631797, 13.98818736412921, 15.994459319361912, 14.998264621270168, 15.351753537265553, 16.326734448962487, 15.663719852050304, 13.322260436581814, 11.6653749422899, 11.954337532860599, 13.650529687585882, 15.677532378427943, 13.316390885398215, 11.962367771676856, 12.987626476409975, 13.342800172693057, 14.005929028716434, 13.344231594288884, 13.650529687585882, 14.331150297241608, 11.6653749422899, 11.331160775022896, 13.004563151169313, 12.69387667734098, 12.370534697424395, 11.372487312069559, 12.661577276165374, 11.677615627631019, 11.678417614768767, 13.004563151169313, 12.64613825077577, 12.0, 10.6539837966497, 10.304540442814815, 13.650529687585882, 14.348916725868248, 13.650529687585882, 14.001290194151645, 13.306356810795604, 13.671200837904456, 13.331302602085216, 9.67082926501885, 11.997665575471448, 12.69387667734098, 11.32279718594408, 10.632443746218133, 15.988734916664406, 15.00070525513812, 14.967406828506528, 14.990962462519166, 13.647050453109083, 14.661468906646025, 15.994459319361912, 13.69406641027328, 13.322260436581814, 11.330209708499916, 13.697979167121042, 12.337316475273242, 13.647050453109083, 14.664432862293738, 15.319231713523235, 16.687020259373522, 16.358751008369456, 15.995227150506395, 14.662246530392835, 14.642616806911452, 13.650529687585882, 13.322260436581814, 12.299141722524594, 13.677748146994889], "v": [11.388064100788982, 7.630607503651514, 0.5945946139823308, 7.424628314988547, 1.646323296465542, -0.25596862774681745, 0.37231800399538384, 1.0656182201688227, 2.742060226615814, -1.5470144337709253, -0.3025083782462388, 1.1412934176469456, 0.7287188490845881, 2.349073958994309, 1.8855895632407513, 2.8844891734673443, 0.27342103418411, 4.1490972245646285, -1.2362397291319946, 1.9279694336033864, -0.3141433158710942, 4.1842098970867905e-15, 2.014144044449843, 3.9326116019744126, 2.9993473912515385, 1.001780470158694, 1.0250326280734026, 2.719028184115762, 1.3993338696707371, 1.3121781269230788, 0.5360950465689718, 1.7160089386439779, 1.646323296465542, 2.349073958994309, 2.6931640117279443, 6.091039204838922, 2.4069566848832857, 3.3323623778290825, 3.074331076032827, 3.430153761278209, 2.760605228080245, 0.6992665264682179, 1.7197118458281895, 1.6384656168914247, 2.4069566848832857, -0.2501511589343898, 2.6931640117279443, 6.024885055752266, 2.059720456363044, 2.9306123468686907, 4.259516687481135, 3.9158614133319127, 2.691301331140992, 1.0216589844308843, 0.6120399327299787, 2.059720456363044, 1.106393734324441, 3.67394039744206e-15, 3.0549806936384054, 4.37401791058826, 2.4069566848832857, 2.272645144890025, 2.4069566848832857, 1.9677530107964876, 2.1075198762364478, 1.9213619771431325, -0.23269875249710675, 0.6762502593527742, 2.332109943491102, 2.9306123468686907, 3.0339343620351045, 4.0814127587103615, 1.1180412597322371, 1.5766376542871063, 3.45549814033771, 2.643311148929941, 1.4343628015061336, 2.0605350781031984, 1.3993338696707371, 2.9107636714486267, 2.349073958994309, 2.4083104186390423, 3.9278323203922354, 4.008637121475017, 1.4343628015061336, 0.2559686277468264, 2.701193874818918, 2.942371899356321, 2.8844891734673443, 1.6811661175547599, 3.6557086446172042, 3.3805144555564217, 2.4069566848832857, 2.349073958994309, 3.7602249801840926, 4.9782931972958435]}