{"west": 11.4, "south": 47.8, "east": 19.6, "north": 51.4, "cols": 12, "rows": 8, "level": "500hPa", "source": "Open-Meteo", "hourIndex": 19, "validAt": "2026-07-19T18:39:31Z", "u": [22.66342938158721, 23.353821954488705, 22.638628349286456, 23.68001042909135, 22.330465985484224, 20.039740921729962, 21.350983762107408, 23.025065721741885, 19.919930562780866, 18.0719439231362, 20.307801638095466, 17.332108338940092, 19.988776664998845, 21.3545951422132, 22.334350680817174, 22.319728470093143, 21.997589473899364, 19.3587424876467, 19.057638744076225, 23.242747549674117, 21.578112668869057, 20.06811599935633, 19.334566123448532, 16.615642762338585, 21.67760030113591, 21.68610244066929, 22.663214423544865, 22.319728470093143, 22.030937152719318, 22.99061818092847, 23.016877274967527, 20.05144155188949, 23.6364230722192, 25.25298775221357, 19.40414208232445, 16.395596525690898, 19.644023662947735, 20.3471961086471, 20.319625382212617, 20.663519033232088, 21.99929958285938, 22.30719945006818, 21.626005999694137, 22.291597170865717, 21.656408574022823, 23.30837189952618, 22.636941804476578, 17.596119627655103, 13.361973930332113, 14.678146172733296, 15.988734916664407, 15.662394419997998, 17.00444180012649, 20.63632932889167, 21.67760030113591, 21.70849329994037, 20.59492993889116, 20.694366120687974, 21.753037620563216, 19.227318817338826, 10.347183060343985, 11.997665575471446, 11.997665575471446, 14.315396425278431, 16.326734448962487, 17.322774334997657, 16.9835674836404, 18.95821678100573, 21.299699404480588, 17.97510444289356, 17.88056169716994, 18.94448128494668, 10.969732238731403, 11.990164963884975, 13.016370289496875, 15.024349391101744, 12.991600863803136, 14.002069923178423, 15.662394419997998, 15.0063631421482, 18.000983800847724, 15.25725489120946, 13.103420487343476, 11.40948007193607, 12.991600863803136, 12.987626476409977, 12.627917077474539, 14.635703056319864, 10.304540442814819, 13.34156623629495, 13.675676684277912, 12.002972262915282, 11.954337532860599, 10.665527282897088, 9.354634083420422, 7.352626972702868], "v": [-1.9827931475092142, -3.282165630974874, -3.181651724725938, -0.8269241857564856, 1.1702901326547097, 6.900236162522516, 8.626357387271984, 9.302730403161826, 13.43616281950544, 10.858719412686984, 7.391435319649172, 6.308371532451223, -2.4543131657981108, -2.244458391830454, -1.5617699399379117, -0.779422093022526, 1.1528448139070617, 5.551030082425674, 8.886722892714149, 9.865960994354166, 13.483501278822663, 14.580339730477185, 9.01585625046825, 7.748001465246153, -4.213698647898702, -2.279301212919672, -0.3955878792450815, 0.7794220930225197, 3.4893576507584894, 5.73220491518102, 6.599983353173699, 6.515108298071815, 12.043359090312984, 15.779818090499885, 9.886904216550136, 10.245105775175299, -3.1113076935779356, -2.498321539805525, -2.494936280266493, -0.3606830663705155, 1.924689319010789, 4.741541615593893, 5.7946708431286575, 8.113477844447807, 11.034491313113989, 9.417193528927799, 13.069444444444436, 12.784329237361295, -3.5803301239181957, -2.3247899665701057, -1.1180412597322273, -1.370281955421508, -0.8911650326923488, 2.1689656128038095, 4.2136986478986955, 6.224810285533894, 7.495941474554239, 7.943822881587482, 15.231640920877789, 13.463113575462064, -3.971911440793744, -2.3321099434911052, -2.3321099434911052, -2.7826311825746144, -1.7160089386439825, -0.60492460951002, 2.0853198760436316, 5.436181184168591, 7.752456582048489, 8.381928857857202, 13.473969685015303, 13.763971324515417, -2.7350614308073595, -2.7681476965092244, -3.9795037587261257, -2.9204376792354525, -2.99934739125153, -1.225022384175412, 1.3702819554215178, 4.30300538803204, 7.640964290456913, 8.457234486519432, 12.219137284453096, 13.597288865361861, -2.99934739125153, -2.760605228080237, -4.103058980867353, -4.755428191214463, -4.374017910588254, -3.3264260644954375, -0.7167118452158695, 5.344067560412596, 6.091039204838922, 10.665527282897093, 11.973385617302133, 11.322052667263222]}