{"west": 7.0, "south": 46.5, "east": 22.5, "north": 52.5, "cols": 18, "rows": 12, "source": "formation-steer-fallback", "hourIndex": 23, "validAt": "2026-07-21T23:32:55Z", "level": "500hPa", "u": [5.869229961566484, 5.968703124241796, 7.031546548310313, 6.679333192621719, 8.179603497567728, 8.121781770805548, 8.37988124901066, 7.572104153156956, 8.586330081076179, 8.225507061222293, 9.141213932240227, 10.735754767742566, 9.798843594597624, 10.272782570197334, 10.431288430289593, 10.979249766308564, 10.795890195711705, 9.971886474733417, 2.5743757613115843, 2.7523178877363548, 3.0263814247331626, 5.4034060464631, 4.962502127465991, 5.580256392789508, 7.207105974079653, 7.271248780834971, 7.564581828200531, 6.158405304010713, 7.892288584291451, 7.40852911102698, 10.202155840765663, 12.014270959492489, 12.233012567365137, 11.390439244908082, 11.76503006681207, 11.107711025688923, 2.363577017929079, 2.084431370564601, 2.4171565833048483, 3.3627838146029085, 3.457443246829443, 5.600846248183414, 7.549717092995883, 7.7011235996175085, 7.379366737193648, 6.768696195847839, 7.169963197470546, 6.400401891192148, 8.986389486090582, 11.70862790030219, 11.466106650609582, 8.345710915439996, 9.415345003084381, 9.588212054714413, 2.2102461302793883, 2.80553012479289, 2.786637666040076, 3.862256083528042, 4.593314230112948, 6.4659869859926475, 8.281094135775062, 7.886565726554866, 8.7823106161358, 8.027155054892518, 4.454438066606967, 6.24406492869144, 7.182446449357898, 6.343686530770547, 4.916447651807828, 6.449871733152866, 6.318519211780921, 7.817275669053153, 1.4785745179165675, 2.0634581212179914, 2.0251959660308056, 4.089371180011658, 4.917968706188891, 4.622959010941655, 6.6988507217769975, 7.202994320012687, 7.941390691871838, 8.189163566213523, 4.434945352574131, 4.78192776528124, 4.709475515181687, 4.573650098343325, 4.155531013301387, 5.487378284633551, 4.819185046169653, 6.898861046262943, 1.3486358064821125, 2.60945731728576, 2.2543396204680515, 2.5801105203996535, 2.5762641938433846, 2.7851993875954286, 2.9481716531617237, 3.9860283795337166, 4.5463295273991005, 3.7472461781202604, 3.820129484307186, 2.877809100432609, 3.2983882407195164, 4.600788321520979, 5.156397238064384, 7.020369114814861, 7.023946860047093, 8.030356411814305, 2.4692005124856573, 1.9618523172230322, 2.1293752348313215, 2.201036029997904, 3.2966436260135152, 1.813128776523226, 2.2151772699479833, 2.377383460533191, 3.146751367311354, 3.0260473142734132, 4.988684805741125, 3.192455172927378, 2.887747366806952, 5.208743965299767, 6.006250434414769, 7.883827941604434, 8.945111305961692, 10.280628111339713, 2.634500883015861, 1.8119828441214396, 2.120776402362935, 2.2884714416148095, 2.3034996744969494, 2.3509360280649028, 2.14961198665716, 1.4826105099695126, 2.5259522418406686, 3.4114514753600704, 4.653861895670032, 4.830833231158787, 4.686957277530943, 7.267534107032647, 7.459489152149752, 7.501442302178512, 8.003838759499995, 9.956460425585592, 3.2216092756249335, 2.624491364064107, 2.4234845060168637, 1.948278450709218, 1.4894753017169906, 2.09870012381528, 1.2885990435324837, 1.2988826657026955, 2.1411601264623497, 3.9528984139359284, 6.298408676088267, 5.882601033880524, 5.598188637705079, 5.574586159144828, 5.6723053902069385, 8.422197591553065, 9.451124915905533, 10.369623497020626, 5.3104503361686435, 3.8639500099792037, 4.507974079519927, 3.1824287098187054, 2.888052414848344, 2.71140679390622, 1.7415083095977621, 1.2879653684919319, 2.23696618772843, 3.1324477986286605, 4.44481034163242, 4.828698339819972, 5.724062022519075, 7.04298520657092, 8.239580563161411, 10.100099217196131, 10.715277334767277, 13.099314109923947, 5.914567911989611, 5.639566188077372, 5.169744095587608, 3.8272099220215767, 3.851133592851051, 2.0222368582360346, 1.8676172409664804, 2.317157162853389, 2.2013787008914467, 3.0781004616268204, 5.4213113178887875, 5.631042126878656, 6.953742036695119, 4.469519805475775, 6.875673055401358, 10.27725926249433, 10.853657044993858, 12.72057691767451, 6.528908584411103, 7.183985510529736, 6.991904481539202, 5.881486483265025, 5.597798270359988, 4.940043971264744, 3.795869608907829, 3.862256083528042, 3.414195988387013, 3.8347536487260663, 2.3918388847330077, 3.011288043766387, 4.5553193856317495, 5.856964005072342, 6.222110061514147, 8.362287817775043, 10.348880515953285, 9.865778413072858],