{"west": 7.0, "south": 46.5, "east": 22.5, "north": 52.5, "cols": 18, "rows": 12, "source": "formation-steer-fallback", "hourIndex": 14, "validAt": "2026-07-22T13:57:21Z", "level": "500hPa", "u": [9.601643609536165, 9.414589069493486, 10.142853412480381, 8.667104692723457, 12.100597548010736, 10.267271186382729, 8.944299610197948, 8.299087347515831, 7.4612813773847275, 6.9758417235677115, 4.482816602045302, 5.143616427269096, 6.196260784799527, 6.113384953156305, 5.441531746670056, 4.1755938579735785, 3.566723086134649, 3.9409097915683473, 9.168801974157796, 10.44477634782944, 11.721806246554724, 11.081130789634491, 10.194889124786965, 9.178690289770744, 9.208410765910434, 9.25027957186794, 8.628315835624937, 7.665158170105853, 4.96092516675024, 5.046075965173283, 5.743311643375813, 6.116068776365221, 4.7265873272387715, 3.105050849828965, 2.8440417306302264, 3.0992010268209533, 10.108145173290646, 11.737021859343992, 10.56936771887105, 10.834920597340071, 11.275806848091815, 11.210172266888431, 10.684597239152675, 9.720079797440448, 8.825493482937446, 8.770048589096119, 6.859264234325891, 5.236357537588961, 5.363349211201363, 6.082542237787505, 5.343528494852419, 3.0034195929452383, 2.0080251109082394, 1.720765377273692, 10.132207286407796, 11.756818439773726, 11.338111748940388, 12.018238744098655, 12.32418942576092, 11.478412417531574, 10.758493475764501, 10.418299716025547, 10.270465563216524, 9.711602312863528, 6.280052396300539, 5.686577402892007, 4.698683096518773, 4.3134056995809225, 3.876956615318804, 2.8946839808738813, 2.488043174368781, 1.7327843983100246, 9.802791108300708, 10.035969867080286, 10.311698679333901, 12.600103441126505, 12.069751958523662, 11.360048833371787, 11.609550999776419, 11.293198283299821, 9.9027736808951, 9.217855616510423, 6.469121065683392, 6.351423317276871, 5.126188387410229, 4.316141592866734, 3.2843448079896262, 2.198553070910219, 2.435255828435089, 1.6156595744762765, 11.151586324686681, 10.18599991050107, 11.033670451531455, 10.863260542848217, 10.98752548928339, 12.157022880559417, 11.75457554400988, 10.850344290922592, 11.256734519831195, 9.819371924457112, 8.17200470466886, 7.825000672734978, 6.995661650494053, 4.215476316415564, 4.024136289804024, 4.191488240772685, 3.4810525917371598, 3.054544179697434, 10.304045487837246, 11.705075283036178, 11.642519832699788, 12.217563681778543, 11.935482600275876, 11.749374451173816, 12.09439672057328, 11.18886833831191, 11.168672597491176, 10.136306373882297, 9.694916503721553, 8.614755243455695, 6.699430951344823, 4.979101703864742, 4.769479201820002, 4.598127284544709, 4.41236690582571, 5.078246075449396, 11.070243742061043, 11.94878316421804, 12.48784455370966, 11.83005157092701, 12.392269838472453, 12.274983247614283, 12.274214905571387, 12.87029059247699, 12.060935697566231, 11.364088183360739, 10.893496299701555, 9.897316879408784, 7.795662382743321, 6.381157035335252, 6.280237853067407, 5.383879668277446, 5.059685713783161, 5.23085614434672, 11.174206747596456, 12.155763407588298, 12.774572627092528, 13.201883431167202, 12.147788059376085, 14.088482859269416, 13.674113029430428, 14.10153195126531, 13.01054694839618, 10.671154439634545, 9.993894866700833, 9.991362474924534, 8.473289541114891, 6.812965297491315, 6.585641046453897, 6.352089233031168, 5.97541506881831, 5.9992309449793, 8.534597017482461, 10.58966968013661, 11.338820025107179, 14.943470112324217, 14.126398558241265, 14.404367997163074, 13.708933580032513, 13.16965246274853, 12.994920870690859, 13.918579461989966, 12.82681789402367, 13.008300494628784, 11.641769420944618, 9.283603996153122, 8.674567500907987, 7.871643684452622, 8.030356411814305, 7.484391914827379, 10.796650310152168, 13.101507226783196, 14.247931837216782, 14.247114093797238, 14.23135420578643, 15.534195988971163, 13.823960403990753, 13.811681575479552, 12.849449075447694, 13.533532973827885, 13.543386201419416, 12.423264788500399, 11.824562414638018, 9.438953582233255, 9.086039175238264, 7.811191312495668, 8.61253882758097, 7.6008762329498385, 11.54003652292878, 12.882062453703531, 13.850773006309904, 14.933639154391145, 15.05761694358463, 13.924610877365817, 14.92549389307013, 14.533626050257032, 14.532934328371983, 12.261267617464442, 12.260698597509512, 11.426076340280757, 10.959377977499877, 9.5198223370038, 8.884908853484012, 9.6003871672683, 8.532405967271794, 7.333906576584786],