{"west": 11.4, "south": 47.8, "east": 19.6, "north": 51.4, "cols": 12, "rows": 8, "source": "formation-steer-fallback", "hourIndex": 5, "validAt": "2026-07-20T04:49:30Z", "level": "500hPa", "u": [13.650133444021378, 15.200444193846582, 16.895829481303064, 16.934373064315455, 17.150288695138805, 18.425628277431418, 19.009202771398048, 19.252024996546048, 18.08246615342159, 18.248061057717273, 18.141914311625968, 17.244376929236452, 14.965240994510083, 16.04212618169711, 16.6196140785509, 16.255848920924645, 17.233581822287043, 18.42284939251892, 18.936564243530032, 19.901116085574134, 20.191243587887936, 19.367828386382417, 18.016807497088607, 16.501972989313717, 13.102640190234839, 13.650267931664697, 14.254454358323011, 15.26774830024099, 14.680033290039495, 15.038258918428575, 15.852540569227529, 15.61026807071143, 16.388059795582436, 16.630028986331656, 15.599425524145403, 16.10011173707552, 15.39872794667477, 14.612611322488974, 14.530291165818785, 14.80685863163811, 14.971713272228563, 15.710248285966868, 17.078035867795332, 16.182098750149237, 15.901336934632525, 14.406611262777067, 13.548090511959094, 15.935235009179804, 18.00559210062333, 18.0571285920984, 17.04389720758546, 16.996419514607553, 17.13878704327488, 17.38257635975157, 17.141522611927197, 16.54681897808899, 16.25910310182257, 14.320298785068841, 14.793032837774724, 15.779540713928828, 18.384041914394015, 19.464066949261902, 19.435983599987498, 19.739343503581967, 20.245480516494325, 18.966361312919112, 18.199348619992694, 16.958134010636268, 14.976991475550724, 14.947630153200485, 14.900245446089365, 15.45090538471793, 14.240892333584577, 15.32001341516749, 17.98521925590703, 19.85951805008247, 19.527364727958687, 19.343044035663063, 19.521391904877436, 19.463236407990212, 15.023377926446328, 14.445927100232607, 15.334534107311455, 14.039325309227278, 13.499148407035245, 14.357940226643946, 14.542621207809345, 15.590765635120835, 15.474786805566737, 16.645439020376052, 15.89319212499805, 13.600076499473031, 14.595870172244567, 13.59217603519684, 15.013014560893929, 14.17360583211377], "v": [-2.2352950755116274, -2.2446063124805016, -2.1044868102245795, -0.9764298073016584, -1.1090594198918065, -0.48249205693580943, -1.0627794311754022, -1.2787180893844474, -1.042628438305161, -2.597083679227301, -2.8733969446625727, -1.873338824184056, -2.692671856970552, -2.226028960193288, -2.2470599846192734, -1.0797122940166692, -0.752434432052044, -0.5789613662858893, -0.4958713860709445, -0.10420295241723443, -1.0935186642296415, -1.8307988120172651, -2.1483742249390647, -0.6627877013953699, -1.794838445443674, -1.7970918659407935, -1.27217615959974, -1.0140827232038914, -1.8024814415575194, -1.7665894109124027, -1.331175024344916, -2.082854457118764, -2.7130257061247276, -1.6012896625913524, -0.8175312498116517, 1.012933172684686, -3.301201228842269, -2.840403906174732, -1.9645724436957073, -1.8180536354370662, -1.7852687221324623, -1.0985675774786625, -1.614349691384682, -1.2167381169983498, -1.5031188932818267, -1.361825717313335, 0.8761157127398117, 1.086355337014381, -3.110105793094894, -2.79539119743445, -1.941906796176966, -1.009773380094047, -1.6502774916572445, -0.9718368959573728, -0.6585108750554981, -0.11552046554154993, -0.14189104316592274, 1.2528638019975855, 1.3462714516878587, 1.0204171242498985, -2.9775650635552946, -2.6662455167822694, -2.3864387120405173, -2.7741838124706355, -2.8453167307391136, -1.9934449015668763, -0.5719375715475857, 0.38483389572830345, 1.9983573188989376, 2.2072739829589945, 0.7287435796870569, 1.5149745187607953, -6.9457472813469385, -6.502959878731899, -4.450891787009305, -2.052281550439823, -2.6749162339100168, -1.3525974026968524, -1.057240793852355, 1.8398175253769584, 2.7302104902627042, 2.8603705916463387, 2.621179917371661, 2.4250125589516145, -9.347253508332553, -7.284198819919702, -5.87560036034152, -3.8872144586007726, -2.9239913220236953, -2.5173859692794474, 0.6939117540035535, 1.0464688544909548, 2.390165404069016, 2.8891062036551154, 3.8267694262808307, 2.7550698832424456]}