{"west": 7.0, "south": 46.5, "east": 22.5, "north": 52.5, "cols": 18, "rows": 12, "source": "formation-steer-fallback", "hourIndex": 12, "validAt": "2026-07-20T12:26:39Z", "level": "500hPa", "u": [13.856718417942753, 12.904847935756024, 12.913473768887412, 10.245481222417895, 13.711933191897273, 14.607743069295815, 12.869228139882463, 11.477307376925124, 11.812244358239589, 11.891765698869639, 11.671581310020274, 12.796535507194111, 11.944601998959195, 13.327872155594207, 13.574321139102393, 13.543928713502497, 13.223368464569958, 10.103915804023151, 11.074446082039424, 11.755844400283298, 12.925186366715284, 13.661585614808606, 13.913213953369365, 13.601095687511082, 14.462983266805288, 14.715057785919516, 13.638948178188022, 13.504472274056077, 15.217986205094038, 16.192281319444685, 15.227266400202273, 16.046034843855086, 16.25883069133618, 15.567524858451852, 14.674350659932083, 13.76038488740545, 11.107384260178184, 11.923647108249988, 11.474376129078921, 14.024397325065737, 14.551658180432202, 13.981053961684369, 15.195443949447597, 15.824067282624457, 14.564345614637132, 13.927438367657913, 13.576820227821193, 14.775481429261356, 16.943669504042415, 16.448357097334547, 16.733152889729745, 15.34322199672223, 14.46205543236241, 14.102062507725012, 11.408233584155129, 12.630755220333178, 11.402283655324014, 13.214777373516425, 13.98619911562472, 14.286311283544842, 15.189346676596497, 15.07751434142836, 16.907419668469178, 16.62283715503861, 17.27520647423212, 17.717845937114763, 16.463155015080417, 15.95033284677444, 16.38522005446347, 16.744588019974675, 16.81331529183577, 15.568953865235502, 10.084712708762554, 10.69878204639434, 11.78439873858595, 13.757374914998996, 14.123364523928672, 15.49140438769124, 15.359060436237002, 15.535168068284266, 17.0915200564283, 17.122206534094005, 17.736865534558856, 15.486236443932956, 15.188418160477065, 14.801825118360675, 15.36747570429414, 14.899859633623118, 14.988901742810578, 15.376100939013668, 12.02092314091628, 13.506098660843763, 13.193058199732288, 12.826881458500678, 13.356581267684751, 15.473490359823462, 15.50828926805744, 16.090021155024886, 16.801911057911664, 16.97201690435359, 17.806257277892453, 18.404989851540677, 18.253412244675893, 17.945143387444556, 16.71588225299032, 14.592914467019561, 14.091603442564624, 11.94931402756345, 11.104729481869763, 11.58804475262838, 11.970102987037057, 13.056389702498306, 13.327977492483043, 13.745273925696429, 15.307284580395045, 16.09925611991108, 16.70992113274881, 17.203877261510684, 18.09836159141457, 17.58150331641687, 17.952340281247125, 19.297811813468712, 19.00186866792646, 15.568619669231017, 14.393921176939537, 12.817896360839182, 6.285658150575296, 6.944480844420455, 7.615422988408243, 9.979783492445703, 10.20827444710907, 10.238625139223833, 12.33743610841759, 14.032292832640154, 14.319000329983794, 15.666284251597808, 16.133739977824565, 17.148326900896976, 19.009202771398048, 18.58776266424987, 17.34174183800976, 17.31715406754092, 17.89307777397264, 15.03523117397863, 5.309321503052615, 6.530129353337, 6.906677642539194, 7.520936556138516, 8.94442325455426, 10.259042192132254, 12.722445658654854, 13.894603072245436, 15.363314158058424, 15.90363965104615, 15.558127777609608, 17.24263182381484, 16.655092340168412, 18.839148623912788, 18.124524015882756, 16.535751715366665, 16.527052207652982, 16.50956715854654, 4.5936392561884345, 5.322376364746084, 5.881885624252824, 6.767175857197768, 8.939189290953669, 9.441403123800658, 13.335690282341293, 12.719626085889562, 13.892031425252327, 15.369333560588132, 13.918000950956676, 13.773386126059437, 15.267778705496925, 14.97785381021931, 15.532417152147389, 15.871201710809435, 16.20802230297796, 16.447692262870447, 3.0705583286450224, 4.522538490834797, 6.077091812693686, 6.6280950880035965, 7.136668045724892, 8.960751928162997, 10.106607619852838, 10.45336912293077, 11.380453411461849, 12.836996575574277, 14.191098364489957, 13.537181143818842, 15.451448601998376, 16.158328299308323, 14.19019127015292, 15.486982674979785, 15.40024886575133, 15.66745204918517, 1.7965562575856362, 4.524771980737483, 3.697679249176233, 5.621855556989445, 6.778208956484307, 9.089351130253855, 8.589373742349679, 8.363354499981943, 10.476165294916639, 10.599688404907969, 10.733114154949282, 11.296942438796929, 10.728408344906821, 12.83775089582678, 14.759144961662294, 12.421069229727403, 13.215975699628585, 12.420638486835538],