{"west": 7.0, "south": 46.5, "east": 22.5, "north": 52.5, "cols": 18, "rows": 12, "source": "formation-steer-fallback", "hourIndex": 11, "validAt": "2026-07-22T11:25:19Z", "level": "500hPa", "u": [8.342618875918001, 7.714129235296286, 7.759147556904917, 7.096517363647689, 9.803079060577652, 8.462181168247833, 5.206656611481866, 5.588658964461987, 6.065640358055067, 5.257106880677462, 4.636519955906708, 4.495130801032997, 4.351192794528743, 3.7736552546909103, 3.9043400191200335, 4.586631049463782, 4.069508405254298, 7.388190708526937, 6.1708991725845115, 7.0121769286303, 7.759147556904917, 9.023324488280632, 7.785776805905184, 7.328319431698808, 5.952142047867253, 5.434141582628509, 5.878198557345611, 5.369735594015063, 4.240894085054807, 5.211065313880302, 5.078486647822252, 3.25564035952238, 2.8971933890852797, 2.95464655243366, 3.155749193384007, 4.697132711729084, 6.512198837223676, 7.4115663299935255, 7.954530773907854, 8.853940677990394, 9.425226890615829, 9.368184131330432, 6.422073003254129, 7.274602627241015, 6.611743791881016, 5.925278862369059, 5.394447681664793, 5.337916188809119, 4.029464279709862, 3.215072336633929, 2.414759544187578, 1.4414065354358512, 1.5149419260447066, 2.7391128199479104, 7.857700812533299, 9.317447309026468, 9.280131780506748, 9.403593743088067, 9.3529028274215, 9.582558702255435, 7.948423396279695, 6.512198837223676, 7.165339232112003, 6.71652809613197, 5.851347033874415, 7.032829792217737, 5.622222222222221, 4.637788914268806, 4.284410848484852, 1.151074231963853, 1.1228476609910227, 1.5581544277433437, 9.239706474602455, 9.146563634478795, 9.610869869859785, 10.061932585185492, 9.387184336161534, 9.53648372952936, 7.9181570353576545, 7.382283163526119, 6.215797627968413, 6.363358015634087, 4.800535484263538, 6.315911798593079, 3.8336081889301585, 5.281408685090475, 4.892364958902445, 2.656785411374902, 2.287231686364093, 1.601523790810389, 9.263244367501347, 10.077204114446317, 11.289143782507285, 9.759023533293528, 10.031140988821969, 9.239531551979411, 9.05389177510758, 7.652658452658626, 7.120144974122952, 7.476060060995965, 5.453425901710548, 5.788030873093469, 3.9944135234697495, 3.4764445682817375, 3.1370110400341735, 3.0131798163482513, 2.641171189404729, 2.931287475582247, 8.895474328015474, 10.388544143323621, 11.050602430703123, 11.173388766665445, 10.32946499101704, 9.195479518208508, 9.240185436934231, 8.074780451926845, 7.073490973000339, 7.232571599720344, 5.767393971873795, 5.555426164619795, 4.490543722282422, 4.341023994085687, 4.9091911633200205, 4.8821422492837865, 4.199511639175031, 4.607285362470922, 7.927724049565549, 8.197158372563118, 8.815517924432177, 11.377255035127911, 11.121758995994918, 10.662158582234065, 10.11228097599665, 9.739433540978103, 8.297329004027882, 8.267866370053685, 7.256700666603905, 6.157701866168345, 5.582686890570189, 4.142279795515591, 3.9979116470274514, 4.744452515412655, 6.281543214230122, 7.9930434080526025, 9.679720736590392, 10.044452768049966, 9.13727685669669, 9.573541709767557, 10.470775363455472, 11.554594075275705, 10.536621453577178, 9.730642660079486, 9.311622871974421, 8.054904416388625, 7.3810901143194725, 8.610725164050493, 6.732912682373014, 5.118482950930883, 4.499676150306347, 4.8818102754193715, 6.063625023854951, 7.3968033515283, 11.568400214453169, 11.522626696184332, 12.77674493634058, 12.789393420894635, 11.79094344870199, 11.18886833831191, 12.346893330962232, 12.587601140993776, 12.445211217672865, 11.597144187705448, 11.423245490167343, 10.332420462165947, 7.475213168206338, 5.990470347743251, 6.188581358890605, 6.480730601952219, 7.698713083650363, 8.198605234755949, 11.24012146188493, 13.170613677315929, 13.121008928134946, 12.919389937855136, 13.362181174896737, 12.10969451566053, 11.535109517782951, 12.67287215819075, 12.22224159634356, 11.733767403556664, 11.690382757565649, 12.232463594358547, 10.178726661372123, 7.410252762216818, 7.6616325068262245, 7.642119064194465, 7.616528748686114, 7.80649529492241, 11.372638234578414, 13.391575085336381, 14.724833374272267, 14.29381093874788, 14.404367997163074, 14.117980012909621, 11.953603738792763, 12.386820518101993, 12.231528351686594, 11.241084609090768, 11.335651053376658, 10.882122995234003, 9.30054812842694, 8.492943771074883, 8.844459331985556, 9.655827970254986, 8.125257531965634, 8.033144129802793],