{"west": 7.0, "south": 46.5, "east": 22.5, "north": 52.5, "cols": 18, "rows": 12, "source": "formation-steer-fallback", "hourIndex": 12, "validAt": "2026-07-22T12:18:01Z", "level": "500hPa", "u": [9.21994941276113, 8.273377166521218, 8.60345042876169, 7.287947602433871, 11.04298757315792, 10.190443657689057, 6.5464987749321235, 6.524297385342388, 5.832564968256464, 5.326103039098763, 5.148801080384289, 4.765514494580132, 4.648752724174836, 4.275719474177772, 4.01718538033424, 4.243059589036025, 4.043393813340449, 5.7497948897965845, 7.604480163744021, 7.888037051205662, 8.679334049732695, 9.760761194362653, 8.848094883039295, 8.903676721041137, 7.358533311248362, 6.775445423074577, 6.428271466062637, 6.470301243461888, 5.190146580596289, 6.266322567135176, 5.9181621973389325, 3.9361661579289047, 3.4538825097917685, 3.171315128398948, 2.509523926549799, 3.3368762295340426, 7.582630117302141, 8.366480961932034, 8.755338295499728, 9.865863823029724, 9.86554515333379, 10.215248006425035, 8.713729871124148, 7.833267646690378, 6.843911207936489, 7.201091534948981, 7.008809802734322, 6.264253553908461, 5.605492274595908, 4.248538846469808, 3.49724634640095, 1.6164691166483316, 1.6607805953054904, 2.643541584320067, 9.342491206638238, 10.401109029024576, 10.75890377957454, 10.578711761389098, 10.018832404467293, 9.925543835345907, 9.741443577993257, 8.696684276054794, 7.2979516895427, 6.613982498714054, 5.840711482945054, 5.672723703207595, 4.404014840308044, 5.3608846841517, 5.557501425036073, 1.973824642476294, 1.3813934625414606, 0.7964919876504043, 9.973081096119556, 10.428994039826252, 10.659890403526894, 11.264018652252602, 10.331963153400945, 10.126707518242089, 9.23201873508666, 8.726715779347556, 7.639993235524712, 6.913818077469506, 5.641289112083311, 6.399327103476575, 3.743419228719113, 4.058390841186075, 4.753610023234455, 3.054591235208955, 2.0638178930237037, 1.4914259557554825, 9.857791701436648, 11.110212988122244, 12.248297857109742, 11.921271475173642, 11.398456162163463, 10.977706914529387, 9.662383655186252, 9.582946087097245, 8.634427003953558, 7.898831936463687, 6.57195753352, 5.0867375037748195, 4.984320883211828, 4.0395386710361025, 4.111584818255386, 3.071130452608188, 2.6576923099251424, 2.348168806657984, 9.364233751216586, 10.67986095982779, 10.436579011229632, 12.304772336562273, 11.618231761402964, 10.854149087617861, 10.973997973850935, 9.893280614923652, 8.061867040764907, 8.342657775654585, 7.442030990608831, 5.921855339195145, 3.8407695470626484, 4.102407219805633, 5.069154957595631, 5.4477083903080965, 5.026202199542966, 4.9956486111997425, 9.317209654293212, 9.666712072555958, 9.541475913092793, 11.207978758460301, 10.701666700487584, 11.535109517782951, 11.777856070660981, 11.296227346507756, 9.904196887751477, 9.846525388671775, 7.799211543038525, 7.832700156626181, 5.803845994403048, 4.654545346419291, 4.505994250901179, 4.834204781276782, 5.903468224081031, 7.2987086370096375, 10.41381747915942, 10.55225834007474, 11.188627450818696, 10.624189115437973, 11.058812328346473, 11.08587614741799, 12.190591106059655, 10.609188028746834, 9.563122382502048, 9.702093062166574, 8.141973891239678, 7.789545237129909, 7.450513053571333, 5.7517942496659735, 5.7041841386856795, 5.507623463984373, 6.157812700123682, 6.877203235829527, 10.34980462199429, 11.814630593578228, 13.008277206779692, 13.224881866814945, 12.498989611637523, 12.295009146548837, 12.623294770782238, 13.350805875770138, 12.323511265532545, 13.08295336943807, 12.377915676014903, 11.389576606674138, 8.95518667343815, 7.169378346213435, 6.364632117358553, 6.727279491051588, 6.919096568850326, 7.596333797757051, 10.954355662006499, 12.372935668957737, 13.797295662935479, 14.262779786140722, 13.88715307728419, 14.672389489808767, 12.72800957299826, 12.315773121345476, 13.238542912844183, 12.214619585643463, 11.707378207150521, 12.040777895487278, 10.647793401030416, 8.7062814279015, 7.65770410897645, 8.2595610774345, 7.8885814775316, 7.875367212330873, 11.229240236880017, 12.688566855774036, 12.47678058235325, 13.453295621778993, 13.798641933828655, 15.287436367520975, 13.130852591855689, 12.595072091383585, 11.963142311941033, 12.261436949283471, 10.799863955214992, 11.609647330182698, 10.557000453397007, 8.706357882413469, 8.431420265074097, 9.290595875859244, 7.833757342443968, 8.04010274952942],