{"west": 7.0, "south": 46.5, "east": 22.5, "north": 52.5, "cols": 18, "rows": 12, "source": "formation-steer-fallback", "hourIndex": 20, "validAt": "2026-07-20T20:13:53Z", "level": "500hPa", "u": [14.646339811151362, 13.140825111579025, 13.976415854767705, 12.597937642492024, 13.046158969109268, 13.129051305919575, 11.83095267682637, 12.725103848771386, 10.876672786780935, 10.26801373734907, 9.774985111827386, 10.655216063564268, 10.93067873476539, 12.270351799665844, 11.614183251144633, 12.034178816939576, 11.178103474961814, 10.660031638379749, 10.33851020585639, 11.710822117567407, 13.302577594209884, 13.757907347747897, 14.123464355493969, 13.68225192033193, 14.050102225850589, 15.26066485425874, 13.726015966585912, 14.022099963806356, 13.7447071168437, 12.923667724321527, 13.35275744033937, 14.531534517450357, 13.528274237991202, 13.69376726475088, 12.997507841446742, 12.382672467835313, 10.569488619169746, 11.392426872988276, 11.444151750101918, 10.440071829580832, 10.768192799921104, 14.523876570138047, 14.409551829131841, 16.112280380161558, 15.312931678340842, 14.915968112170761, 13.602432222019624, 13.743030709282129, 15.435473753538004, 14.085762060085392, 14.050075505844978, 14.558215797182715, 14.859908994009603, 13.715627518248922, 8.952974360512869, 11.115160083301582, 11.085233199680637, 12.142649076995012, 12.670151514259587, 14.367888938006532, 14.64516551662667, 14.927033431460417, 15.898270258587791, 17.68545203660095, 14.784712441359297, 15.783446116222498, 14.688700863078886, 15.205347121562259, 15.297450454039119, 14.44965773351222, 14.042096650435925, 14.925193361120387, 8.32897478876177, 10.662035160126184, 12.710971728464239, 13.097774747841513, 13.818779498241279, 14.663214357473624, 16.149697122160898, 16.62099178525898, 15.021228894185828, 15.349454364955138, 15.992188050096313, 15.699661826694268, 14.775481429261356, 15.876364707771932, 16.03413277587952, 15.222279242918164, 13.142921917565028, 14.621816757879673, 6.460681922433211, 7.834503874557475, 8.700163450308686, 8.735225987389006, 8.738227345690763, 9.43227839107297, 10.541605562679592, 11.932982785766123, 13.653074313598552, 14.959839475293641, 15.611030576594576, 16.17959650380838, 16.348862503412864, 16.123075358560428, 15.739952775782752, 15.906486922338413, 14.659412908053298, 13.954323792204569, 4.485619809276963, 5.947240199912449, 6.765918159769427, 4.867585362234248, 6.24413130996059, 7.515603850564396, 10.099080915383848, 10.905832767442547, 12.41809103669568, 12.804140303805093, 14.454009659636665, 15.780740181752478, 16.979188026431135, 14.484189386207014, 14.308473746807529, 15.835094522357865, 15.78844402541647, 14.999909388017635, 3.8371614969998245, 3.3592612593932563, 3.7387264280770776, 5.415889310097075, 4.861779999382408, 5.926290613416076, 7.075289629071273, 7.851743975341618, 11.236506468919684, 13.739009769326234, 14.997477163180816, 14.575620159734953, 16.052549310853415, 17.31346696162979, 17.723874329245557, 17.240292002327198, 16.234698181100025, 16.80088208241038, 3.8657811363918624, 3.833457004781918, 4.7021699169708375, 4.5297442740525815, 4.913822699950262, 4.753258124396193, 7.338108595779777, 8.378425746426295, 9.473362670087916, 10.38908944355523, 14.393718678508634, 14.482102119733003, 16.363760473348744, 18.277381636429364, 18.303163037594558, 17.223831950245593, 16.234428205409948, 16.514174666824218, 0.8214332271460848, 1.9252200825000467, 1.9019641818645288, 2.348112444367015, 2.1327512676366136, 3.7102719407510785, 4.488371525481082, 6.236630780138644, 9.568587090931786, 9.453729860285367, 10.428805990639635, 12.741785352818077, 12.87014363013769, 12.979830201838777, 13.95800004593496, 15.243648114242168, 15.003951507222922, 14.824021699356546, 1.26257838659649, 1.249533907222791, 1.3069982453285627, 2.0884133721789584, 1.8271798654195581, 3.040643303535167, 5.281631196722702, 6.742366712917676, 8.61385794480311, 9.099671087632078, 10.852178580023084, 11.934632614204428, 13.872112108039476, 12.674206766428156, 12.813433855317074, 14.97785381021931, 15.33908557114823, 14.809000017525062, 0.11417960810678915, 1.316874238616345, 2.0576325566046876, 1.2998401259282724, 1.3505677278140278, 0.9168534806231092, 3.371119026037464, 5.208315982640511, 8.254647153641997, 8.381699562153416, 8.523579249421, 10.177635099632258, 14.510605255468407, 13.083120831229952, 12.347279841348245, 12.552617890280178, 13.48829398412198, 14.640576743837027],