{"west": 11.4, "south": 47.8, "east": 19.6, "north": 51.4, "cols": 24, "rows": 17, "source": "Open-Meteo/icon_seamless+formation", "hourIndex": 7, "validAt": "2026-07-20T07:06:57Z", "level": "500hPa", "u": [19.314794216082692, 19.314794216082692, 20.028124684290294, 20.680962813256368, 20.680962813256368, 21.00889354307465, 21.335169784131548, 21.99758947389936, 22.3214914293768, 22.666872030903786, 23.319119297112234, 23.663062118701262, 24.32962724880552, 24.31851012413133, 24.0, 23.663062118701262, 24.32962724880552, 23.996344683753392, 23.34688015341832, 23.316013324745075, 23.32755918031504, 23.331914731077, 23.66197203182365, 23.66197203182365, 19.644023662947735, 20.028124684290294, 20.988377237646674, 21.345778370651626, 21.648360280544885, 22.308538993039264, 23.021556572791773, 22.984506026288983, 22.666872030903786, 22.996219008653938, 23.66197203182365, 23.994848543408512, 23.994848543408512, 24.346270980437417, 25.012531531783477, 25.678792083129544, 25.662757509014043, 25.345661807456512, 24.99452148151004, 24.323753878406787, 23.99168897904287, 23.659624079678956, 24.32947878133682, 23.996957431250213, 21.3545951422132, 21.33974226028842, 21.33974226028842, 21.670590977502197, 22.00143969471597, 21.670590977502197, 21.33974226028842, 21.98998413092071, 20.63632932889167, 21.004265280470744, 21.004265280470744, 21.331836450729647, 21.66336672838848, 22.663214423544865, 23.0, 24.0, 24.66290981385765, 25.329474943961912, 25.662757509014043, 24.66200013142343, 23.331914731077, 23.659624079678956, 23.996957431250213, 24.33816082831802, 21.64683613137677, 21.33974226028842, 21.670590977502197, 21.68610244066929, 21.023087843757107, 19.979238111728897, 19.674179880124314, 19.34278038794806, 19.67484528731197, 19.67484528731197, 20.000330404390212, 19.996953903127825, 19.987816540381914, 19.987816540381914, 19.996953903127825, 20.333333333333332, 20.0, 20.663519033232088, 21.66336672838848, 22.00182933073057, 21.336786630557352, 22.00182933073057, 22.331364482223297, 24.35142595335378, 20.332447638640254, 20.671743930384135, 20.66608342755993, 20.000330404390212, 19.674179880124314, 19.67484528731197, 19.669433041728073, 19.66745389280536, 20.320946816054946, 20.330236468179955, 20.320946816054946, 20.330236468179955, 19.996953903127825, 19.333333333333332, 18.997106207971434, 18.655295437689787, 18.663823642919304, 18.663823642919304, 18.997106207971434, 18.98842571336282, 18.34409447977788, 19.67484528731197, 21.003104884767637, 22.3214914293768, 18.67865058922023, 19.341658530037705, 19.334577381220498, 19.66745389280536, 20.000330404390212, 20.333206915975072, 20.66608342755993, 20.99895993914479, 21.309076518050137, 22.001829330730573, 21.66930798064396, 20.98720736740101, 20.99895993914479, 20.333206915975072, 20.333206915975072, 20.000330404390212, 19.341658530037705, 18.997106207971434, 19.333333333333332, 18.666666666666668, 15.990253232305532, 16.658589118089743, 18.34340384790371, 19.657927947785073, 18.34658568985631, 19.674179880124314, 19.987816540381914, 20.666666666666668, 20.999999999999996, 21.333333333333332, 21.331836450729647, 21.664712962314503, 21.66336672838848, 21.666666666666668, 21.66336672838848, 22.33046598548422, 21.986598194420107, 21.653467918747076, 21.66336672838848, 21.32033764307404, 20.666666666666668, 20.663519033232088, 20.333333333333332, 18.98842571336282, 16.658589118089743, 15.995227150506395, 16.65824174741858, 17.35039099176457, 20.33922258029753, 21.004265280470744, 21.99758947389936, 22.66334249706908, 22.652858745766167, 22.33046598548422, 22.66334249706908, 22.33046598548422, 22.652858745766167, 22.666666666666664, 22.996496988597, 21.99664929344061, 22.0, 21.99664929344061, 21.653467918747076, 21.32033764307404, 21.653467918747076, 21.333333333333332, 20.996801598284215, 20.320946816054946, 18.334533078929976, 16.999601846730286, 16.00933377798872, 15.991021331999077, 21.648360280544885, 22.993985846357294, 24.006653529861932, 23.979027921657256, 24.346270980437417, 24.66060156657823, 24.66060156657823, 24.346270980437417, 23.666666666666668, 23.996344683753392, 23.329095520238795, 23.329095520238795, 22.66334249706908, 22.319728470093143, 22.329931858492742, 22.0, 22.663214423544865, 21.99664929344061, 21.32033764307404, 20.65407709172798, 19.641443518410146, 17.971714528261007, 17.02441029860869, 16.682850745848796, 20.357354131155336, 20.66870569592581, 23.32041915294075, 23.978878046670843, 23.986493220629146, 25.687274294190477, 26.011922358802575, 25.32704283159665, 25.662757509014043, 25.329474943961912, 24.31851012413133, 23.985379848458297, 23.34688015341832, 23.65224957278527, 23.32977955364913, 23.333333333333332, 22.66334249706908, 22.99939338099039, 22.331364482223297, 21.667234683495465, 20.680962813256365, 19.298103889267036, 17.649832805978576, 17.654977602727968, 19.67916305295947, 19.97288190449618, 20.686911446357545, 21.706499818551567, 21.023074069313257, 22.9911897060757, 24.66966812677411, 24.662000131423433, 25.992085531769863, 26.011922358802575, 25.345661807456512, 24.32962724880552, 24.32962724880552, 23.985379848458297, 24.0, 23.663062118701262, 23.663062118701262, 23.66443608116361, 22.66313712914352, 21.978449636792075, 21.29585639646182, 21.023074069313257, 19.33814916466812, 18.043646151020294, 18.96671099326688, 19.330601990030473, 19.64577484856358, 19.73354503650408, 20.342042154090787, 20.995914757075035, 22.360166599584367, 22.663137129143518, 24.67940125611045, 25.317900951150424, 25.317900951150424, 25.317900951150424, 24.984770675477392, 24.66290981385765, 24.333333333333332, 24.32962724880552, 23.996957431250213, 23.659624079678956, 23.32755918031504, 21.97606557824181, 22.008321016510628, 22.02847509398125, 20.32864937538531, 18.311881127694043, 16.36389059927285, 17.054909368132716, 18.023288789320976, 18.043646151020294, 19.047548562466826, 19.657375539240178, 21.642985227767362, 22.677934090197795, 22.984506026288983, 23.329095520238795, 24.996192378909782, 25.329474943961912, 24.996192378909782, 25.0, 25.317900951150424, 24.346270980437417, 23.66443608116361, 22.995494280951124, 23.659624079678956, 22.66313712914352, 22.360166599584367, 22.28721361813852, 21.012571103684895, 19.39359562468863, 16.058989622753906, 17.003374503261348, 17.671629396402626, 18.62500995942163, 19.293995480942172, 20.311273625022913, 21.682271816266027, 22.714760950373933, 22.677934090197795, 24.006653529861932, 24.329478781336825, 24.31851012413133, 24.666666666666664, 25.317900951150424, 24.65164039980436, 23.68001042909135, 23.66443608116361, 21.336786630557352, 21.68610244066929, 22.995494280951124, 22.638628349286453, 21.299699404480588, 20.353385093003958, 18.931762662543356, 15.748369553641856, 17.40854286276663, 18.051373009560287, 17.32050807568878, 17.950914424697256, 19.02877557091465, 19.694154347116008, 21.356222616021427, 20.981876293343436, 22.308538993039264, 22.65299872783289, 23.01374987774529, 23.329095520238795, 21.99664929344061, 22.330465985484224, 22.331364482223297, 21.336786630557352, 21.98998413092071, 21.670590977502197, 22.638628349286453, 22.030937152719318, 20.04724754271263, 18.983389001457724, 18.051373009560283, 15.750867003710493, 16.292023991969955, 16.354076074935776, 15.636569790552372, 16.33511961012007, 17.306611169784826, 18.043655573044163, 19.70392797676809, 19.70392797676809, 20.357354131155336, 19.00539296841727, 19.34278038794806, 20.000330404390212, 20.0, 20.98720736740101, 23.021556572791773, 21.68610244066929, 20.97543280982064, 20.668705695925812, 19.998873024910814, 21.3079675932994, 17.048105202853115, 16.726951620271894, 16.714954403108454, 16.0178417611409, 15.3443205077309, 15.056705173089304, 14.956291795026734, 15.257254891209458, 15.270861817339522, 15.378144247578906, 15.639596045742529, 16.3024600122301, 16.989749045874667, 17.311981747653665, 16.687662118610287, 18.014520790492398, 17.997258512815044, 17.663975947762914, 18.34340384790371, 18.985564769217646, 20.01428757362737, 18.352590699492296, 