{"west": 11.4, "south": 47.8, "east": 19.6, "north": 51.4, "cols": 12, "rows": 8, "level": "500hPa", "source": "Open-Meteo", "hourIndex": 16, "validAt": "2026-07-17T15:36:32Z", "u": [22.66334249706908, 22.66334249706908, 20.998959939144793, 19.305334607804056, 16.02249974743223, 14.635703056319862, 12.32487463662067, 10.3703259343035, 8.314896886631402, 5.977736680659333, 4.642858414733242, 4.653034070761476, 20.666083427559933, 24.65164039980436, 17.346305712329503, 18.324006105325214, 15.281356298090182, 17.30661116978483, 11.697454033438401, 6.712750837864933, 8.656542515117929, 4.997583627731, 4.306860687312894, 4.974225435330251, 10.344192322980797, 11.653558410644463, 13.341209464695902, 13.93435203105697, 15.396007178390024, 16.714954403108454, 8.99596960509552, 5.345859526577968, 5.081612796388021, 9.013441981908773, 3.979175301756912, 4.986686586015565, 10.333563231336928, 10.67429171398721, 9.325637507005256, 8.62385068848688, 11.684218213710757, 7.373307058248925, 10.682064179047968, 8.073170828966516, 8.073170828966516, 5.32085299129413, 4.337279136103907, 5.701370168948729, 8.330934698132097, 9.686089535843157, 9.665300995015237, 10.335328418050736, 8.341372825073314, 6.362752718429421, 7.625424831307188, 2.621997434201743, 5.03901507810575, 6.036415971416552, 4.005851693744865, 5.342945097940052, 9.014287474954875, 8.333333333333334, 8.323414169632585, 9.008573262864536, 6.32679669986965, 3.9997355650029616, 6.669392794850544, 4.012100154346986, -2.5309367182378633e-15, 5.410053455229597, 4.357113950361906, 5.96580151563797, 10.67873644158723, 11.330209708499916, 8.660254037844389, 4.392130249927405, 4.296290581946564, 5.32085299129413, 8.680110921377414, 7.065590189776062, 3.0339343620350987, 7.310988658462365, 5.6385284433300304, 6.050322156245788, 9.646997740471086, 4.287145593275726, 4.99252448763775, 5.6002872648977275, 3.3280300233398195, 2.9562027921965592, 5.410053455229597, 4.081412758710365, 9.682129294706566, 6.569444444444444, 5.637752172258816, 6.392165674105027], "v": [1.1877354514023577, 1.1877354514023577, 1.1005088576641184, 3.7525769090720456, 2.5377146550970835, 4.755428191214473, 2.3957129419499505, 5.283944983079727, 6.041126204117087, 4.343079919716609, 2.6805555555555545, 2.3708392764176347, 1.0830635389164704, -0.8608542519950284, 5.3032978662207615, 6.6693927948505385, 7.1258134687945685, 7.705399738269327, 2.9165028525071075, 8.289556922207689, 7.009929911416242, 4.660322127093739, 4.0162125648124904, 3.3551574208244803, 5.972222222222219, 2.054836769058677, 4.334821726648572, 7.099906982037916, 8.888888888888884, 9.265250520263328, 8.995969605095523, 4.64708478868276, 15.639596045742529, 4.9962324753164165, 3.338924528093969, 4.038139175903122, 2.963101575032739, 4.97750397161268, 3.0300833059543484, 6.038485260473517, 7.301109862768604, 4.607353602916478, 8.96331611285119, 9.287120667741334, 9.287120667741334, 6.341145668040431, 4.989468891472772, 4.296290581946567, 2.3888570837473244, 2.5953798689447223, 3.3280300233398243, 8.98436392478667, 6.999242861031209, 13.644967238162897, 12.690838090950717, 12.33552807592077, 11.317813169683332, 9.295265461395113, 6.666856783238652, 4.982376908234363, 3.642008547099148, 2.551347498223653e-15, 3.7058227480239574, 4.010875230330807, 3.6527777777777755, 10.989183148635206, 18.32400610532521, 5.324236733648621, 10.333333333333334, 10.617827746578051, 6.972839901730616, 5.371631812158611, 3.2648173694038993, 2.4083104186390423, 4.999999999999997, 7.3097322587652345, 5.701370168948731, 6.341145668040431, 9.640239819387306, 11.307307948752348, 11.322797185944081, 5.711970354410273, 8.359462189930001, 6.960099462054456, 3.703135478634767, 6.355954722921986, 7.687813539499718, 7.708134140850194, 9.665300995015238, 9.669303643626249, 10.617827746578051, 10.632443746218131, 13.32630771289844, 11.378611555278873, 9.022289467441977, 7.617886406572059]}