{"west": 11.4, "south": 47.8, "east": 19.6, "north": 51.4, "cols": 12, "rows": 8, "level": "500hPa", "source": "Open-Meteo", "hourIndex": 6, "validAt": "2026-07-19T05:53:43Z", "u": [17.957278195305882, 16.32652421872583, 14.642616806911452, 13.341566236294952, 12.65944315107974, 14.019687279003204, 13.647050453109083, 11.66864892014015, 11.372487312069559, 13.627053076502131, 16.340210572554962, 12.627917077474537, 18.69820773376354, 17.079945463526432, 13.93435203105697, 14.382517612584321, 13.315390355861917, 14.382517612584321, 13.697979167121042, 12.317365191892511, 10.678111308010712, 11.317813169683333, 14.36576728069739, 15.639596045742527, 15.96108713836767, 15.672319773245952, 15.010109078601756, 13.627053076502131, 14.347898383957562, 13.368039858790588, 12.657690761656255, 13.024190625930851, 10.662614327518053, 11.962367771676856, 12.335528075920772, 12.972978681405458, 12.317365191892511, 13.714676811233794, 13.333687625260255, 11.95195833766852, 13.04800331669303, 12.385792622048834, 12.677649660955534, 12.385792622048834, 13.368039858790588, 12.664360833567784, 13.69406641027328, 13.657117932809326, 15.948665619327198, 11.378611555278875, 13.714676811233794, 11.024123895141052, 11.331160775022896, 12.656941734971054, 12.375676363082807, 10.993711375819126, 8.637813248381676, 9.702071041162226, 12.664360833567784, 14.36576728069739, 14.723327748375224, 12.323798067864702, 9.349701512704083, 9.995167255462, 9.324759695644426, 11.038674279848093, 10.320307266661745, 11.013830646217322, 10.329530496427918, 12.032814385963933, 10.67873644158723, 10.989183148635208, 14.972204318527718, 12.30595898863242, 8.656542515117929, 9.64023981938731, 7.393772834779876, 10.030250385867467, 12.385792622048834, 11.331160775022896, 10.344192322980797, 9.99298154366426, 9.99728538225008, 9.35740969933139, 15.013066263793531, 13.584430355642613, 5.7849914301328536, 7.021175270107226, 13.033746436749972, 9.913780882523218, 9.625036520395648, 6.635545179725347, 8.029271367370045, 11.01640464708553, 9.309773090682718, 9.022289467441974], "v": [5.49009089979362, 1.4283857839199567, 3.3805144555564217, 3.326426064495434, 4.358995845787488, 2.220500323209948, 1.4343628015061336, 3.345931235889682, 3.9158614133319127, 6.067154925880687, 5.947350270051905, 4.103058980867361, 7.5545663005542325, 9.861111111111105, 7.099906982037916, 5.2348083047900955, 5.379766911000742, 5.2348083047900955, 3.9278323203922354, 3.0710640635846733, 2.269702624760536, 5.039015078105747, 3.581788065406194, 5.08161279638803, 7.442777165100092, 8.333120239449563, 7.981016567360145, 6.067154925880687, 7.628912895270727, 6.2336193606753145, 7.016272559676154, 4.2318160618569225, 4.307975824282993, 3.430153761278209, 2.621997434201739, 4.721778089801592, 3.0710640635846733, 8.240609198560872, 8.993685864154509, 8.061697691703264, 6.937746427835943, 6.585642755746524, 7.31944444444444, 6.585642755746524, 6.2336193606753145, 3.3934052580108274, 2.9107636714486267, 3.659413721032862, 6.122119138065541, 6.56944444444444, 8.240609198560872, 6.623961907870978, 6.024885055752266, 5.372553016727517, 5.253162949689127, 6.347222222222219, 4.4011856780306085, 4.943452108275068, 3.3934052580108274, 3.581788065406194, 9.561440836930476, 8.003168042304146, 6.3064533002534215, 9.320644254187478, 8.695479090796853, 4.914734437165919, 6.702085903101582, 5.6118270106694, 3.3562679111279046, 4.61896468302831, 3.2648173694038993, 3.9997355650029585, 11.697568031187505, 10.697406944928552, 7.009929911416242, 8.68011092137741, 10.961719014894438, 13.310591834121553, 6.585642755746524, 6.024885055752266, 5.972222222222219, 4.037426617927055, 3.638714302603641, 5.6224989844347615, 13.999910780171842, 14.067089428844735, 13.62858574694863, 9.317414283885087, 13.976981853166366, 11.404500323366335, 6.739523127124795, 7.369519519317492, 6.979739113982341, 3.5794468515098115, 5.374999999999997, 5.63775217225882]}