{"west": 11.4, "south": 47.8, "east": 19.6, "north": 51.4, "cols": 12, "rows": 8, "source": "formation-steer-fallback", "hourIndex": 3, "validAt": "2026-07-19T02:30:34Z", "level": "500hPa", "u": [15.60442756222709, 14.379464177793926, 11.940857689489697, 10.978895735219444, 8.238525096595087, 9.176455202964684, 12.234424070671974, 10.650564763659045, 10.269937847883392, 9.909798389288927, 10.730850618099847, 11.872909907113186, 14.914388327972617, 13.88737490504816, 12.25183256372318, 10.11058221639111, 10.934036183875472, 11.394346704285532, 11.017996673577237, 10.291359733298473, 10.900419109211361, 10.498947456927592, 12.699975841091733, 9.593937825112997, 14.264139409857302, 12.45791152944082, 12.040777895487278, 11.183066970140327, 11.045538319510403, 11.295313606194949, 8.991952789965945, 9.957093801992778, 11.063630719104927, 12.449730011710614, 12.846498493686278, 10.391451340058355, 12.746938193285416, 13.415678934340166, 11.920302568051024, 10.712358538169191, 9.782395169220445, 9.391616231890481, 10.290014942294407, 10.972427504637725, 11.548109505617687, 11.3249541299499, 10.971397146024406, 10.650269707520483, 12.1721973903131, 11.282339425977957, 9.652609838121204, 9.9014125733754, 9.020808545058488, 9.696171114123386, 8.904831068040064, 8.45520830142053, 9.434821454199362, 9.9838985914311, 9.695911815746163, 10.05038370122544, 11.025306453162777, 9.56875255597729, 8.186313438276272, 9.549988249078922, 9.15375352862486, 10.10912962261549, 9.485283331727096, 9.230233746517753, 9.063742858131414, 6.871671099555738, 9.19462962491392, 8.583540380350058, 11.656297908798711, 7.524508252404466, 10.179535216481547, 9.898774052287001, 7.866070640127479, 7.162097262374782, 7.729179739456975, 7.811173864754844, 8.769653562460686, 7.522915317429318, 9.490125004414548, 8.432523457979892, 13.894021680500082, 12.08283155530307, 11.520792936440282, 10.585931457111, 11.83005157092701, 9.698435028785903, 9.57863760735, 10.069808217078387, 9.76235450975767, 8.732395069647266, 10.000152509418225, 9.71160231286353], "v": [1.585039950120851, 1.3086337551890583, 1.2971922613134519, 0.9605289148648156, 1.6462197590597076, 0.6577764878607089, 0.0854137805065888, 2.128192844411789, 4.3381915941325495, 3.2007776670318817, 1.872833240960292, 1.8168105187471568, 1.7256536067054, 1.705155229810355, 1.8747938331752576, 1.8921440314413953, 2.006771164702059, 2.3182060374177422, 0.250033322083361, 2.1312381443926802, 4.227993931876463, 4.114492516718242, 2.6300385611654353, 4.131802395522305, 3.5300176241797927, 3.2450428910491937, 2.8019767881881186, 2.540730478949918, 1.9277550368828815, 1.7890019238073074, 3.026126446965437, 2.705282511281922, 3.6803800905151736, 2.5782151412409933, 2.3809577615342095, 2.687412043517672, 4.9442114831779405, 2.949628313447578, 3.62166482857823, 2.9707999474032896, 4.416920782361499, 2.7107507360307417, 2.432456457240332, 2.735733436072908, 1.0509602945434249, 4.877295794102783, 2.1525025424077153, 2.8338176578923817, 3.5593996099384895, 3.731277018412661, 4.237199478914913, 4.617104509517141, 3.681323777127149, 4.2967516064597655, 3.0835742285739163, 0.8439419846271999, 2.299961551792786, 3.852465842451381, 3.799786290227046, 3.284971748303834, 6.136606848815848, 2.671643717862494, 5.796233004580104, 5.875191970689512, 5.0323185873875, 4.9962430531965465, 2.9543367698311145, 2.455975303506731, 2.9100494725237867, 3.4711308445021043, 3.8461968884990423, 3.9661524684632967, 6.381636699356154, 10.168789286807797, 6.435235029943312, 6.161444194436254, 4.953529049640829, 5.35793329783385, 4.810990672368035, 2.195621951931938, 2.985433593315985, 4.152872368331526, 4.364969808413749, 5.006866032463678, 8.749532410705793, 9.440142621660094, 6.813377949425457, 6.260502411763248, 6.396485022815939, 6.866874769757322, 2.512908534568979, 4.3993910355418775, 3.43786771499633, 3.8696648503959934, 3.8988965404099676, 5.142028736707855]}