{"west": 11.4, "south": 47.8, "east": 19.6, "north": 51.4, "cols": 12, "rows": 8, "level": "500hPa", "source": "Open-Meteo", "hourIndex": 1, "validAt": "2026-07-20T01:10:12Z", "u": [21.667234683495465, 22.99939338099039, 23.68001042909135, 24.32962724880552, 23.985379848458297, 24.31851012413133, 22.66313712914352, 24.32772505499337, 25.662757509014043, 24.66200013142343, 22.30853899303926, 22.638628349286453, 22.308538993039264, 23.683254007219322, 24.994521481510045, 25.662757509014043, 24.996192378909782, 23.985379848458297, 24.99452148151004, 23.67514623140584, 22.9911897060757, 24.987883677134615, 23.659624079678956, 23.307116821288925, 19.330601990030473, 20.69964216055459, 21.377658661749123, 21.638414795351572, 23.647520623201164, 23.99168897904287, 23.994848543408512, 23.985379848458297, 24.03374962114835, 23.991786984665286, 24.976761289370714, 24.36297906801339, 16.364530728043388, 17.617440111909207, 18.651275014010512, 19.00539296841727, 18.985564769217646, 19.979238111728897, 20.33922258029753, 21.641597868136742, 23.0, 25.03177618207858, 23.339688584176084, 24.322540212092118, 15.004428918717878, 18.332554604675643, 18.969709977399205, 19.63254366895328, 19.00641844481589, 17.641211194518707, 16.33942313423591, 16.989749045874667, 16.666666666666668, 16.671565288541636, 20.618784183364927, 22.613652599750324, 17.027472279949585, 17.957278195305893, 19.318415114492662, 20.66870569592581, 19.674179880124314, 17.346530429518058, 15.656213566577799, 13.664585167137348, 14.333333333333334, 15.323692216491189, 15.679244421741528, 17.719718428959474, 18.324006105325218, 19.37217907168632, 18.67456597492199, 18.025312215861263, 18.66882435805078, 17.014009079431446, 14.997715427345868, 13.997867732189478, 14.326128166231364, 14.005929028716434, 15.319231713523235, 14.669645913380014, 18.691362440937052, 18.35573851029049, 16.687662118610287, 18.003684361716203, 16.656513783651597, 15.333333333333334, 14.991558262893216, 13.322260436581814, 14.669197956682032, 11.993246610314573, 13.638045485990395, 14.712644290611491], "v": [-1.8956374047615563, -1.6082742557673284, -0.8269241857564856, -0.42467522330721985, 0.8375879208600211, 0.8492210864275214, 2.7826833410841965, 1.2749620451405967, 0.44794509855694625, 1.7245350453408854, 3.135260691072596, 3.1816517247259517, -3.1352606910725824, -2.907937944028382, -1.7477872032555788, 0.44794509855694625, 0.43631016093209046, 0.8375879208600211, 1.7477872032555941, 2.488358139454973, 3.6414467139920474, 2.186156547253764, 2.0699488902568866, 4.109673538117354, -6.656060046679654, -5.161000439459587, -4.155395899311425, -3.815436348181709, -2.4854545710308775, -2.099000804506091, -1.2575167263929556, 0.8375879208600211, 3.8065719826456252, 5.099611749780034, 3.5102548797705517, 3.858716804325702, -6.946331173142638, -7.4781596535863715, -6.060166611908685, -3.694274160484774, -3.007018050217782, -1.7479568406613586, -1.4222569924496617, -1.5133279442822694, 7.041719095097281e-15, 3.517986718712778, 4.961003955901528, 4.727822885441053, -6.996680111040457, -6.312404772530433, -5.0829184690967155, -3.8161799075309, -1.9976550757818272, -2.7940933616908, -2.296356165841078, -1.785694580822418, 5.102694996447306e-15, 0.8737197139446963, 5.1408402814929435, 7.786505027433665, -7.581119097329501, -5.490090899793593, -4.1062558936507285, -4.017589402650586, -1.3757526766202448, -1.2129875712172864, -1.0947891018175189, 0.2385162213095428, 4.3883176969446825e-15, 1.0715369439028197, 2.2035740985343772, 7.521574223418523, -6.669392794850527, -5.190759737889433, -5.003834871982057, -2.8549289869842234, -0.9783916264305885, -1.189735413302578, -0.2617860965592451, 0.24433369012197068, 1.001780470158694, 1.7197118458281895, 2.701193874818918, 5.339314459695161, -7.934012636823856, -5.611912443428067, -3.243752921401265, -2.2105744789878154, -0.5816582783750193, 4.694479396731521e-15, 2.106926111756554, 2.349073958994309, 1.5417948331978888, 1.685540889405243, 3.4003466437064436, 4.218782862643512]}