{"west": 7.0, "south": 46.5, "east": 22.5, "north": 52.5, "cols": 18, "rows": 12, "source": "formation-steer-fallback", "hourIndex": 2, "validAt": "2026-07-23T02:26:27Z", "level": "500hPa", "u": [12.546620729439978, 12.682557889442274, 12.820587042251487, 12.957897449356649, 13.861440600315875, 12.324919879983401, 12.87464492471151, 13.73698643166692, 11.585681695786405, 11.630187994081721, 10.571422963297918, 10.34193594054825, 10.72939534717001, 10.833813852511698, 10.080491861644909, 9.367895303035151, 8.248313256758344, 7.6153643235586435, 11.353939364531575, 11.432854428686532, 12.264594410803682, 9.57327966335018, 10.4104958497035, 11.609841232290277, 9.704281097204365, 11.32165595623788, 12.194244921643946, 10.5828122941456, 11.718250447718919, 10.967413920625502, 10.583258251155314, 11.233831206310587, 10.252547247194798, 7.9419209851943995, 8.238842453340217, 7.006363352316192, 10.49258619201407, 11.878239972654422, 10.596737499924641, 8.971776230867881, 10.27661288152598, 11.283610256247455, 10.743166123340309, 12.020036278055475, 11.55779290634207, 11.690720832672763, 12.75169549028749, 12.431793860884316, 10.827252677694917, 11.316770437270293, 10.211435166284472, 7.575553864549527, 9.220578894600381, 6.839137891667577, 7.973681870142742, 7.140055536398739, 6.616817311905802, 9.577562685368736, 10.254245093476866, 11.49420464382678, 13.141847034936774, 14.63787372650843, 15.665400313252363, 13.55941570078024, 12.760008260293311, 13.095206618645797, 11.039574652402246, 10.953298745748924, 11.81426877692258, 8.687287631990285, 9.261504450253328, 7.035991648454135, 5.7408099831192905, 6.73205236289024, 8.233553831502496, 10.959739180573353, 12.033244385048649, 12.942095455937197, 13.452568016778848, 14.292202535767812, 14.971384624487326, 14.523892402550661, 13.134284463839979, 12.225951351847204, 12.088311093913054, 10.32297430861674, 12.021024811668164, 8.844158396404415, 9.0136338392292, 7.963631274679742, 6.890733409158899, 8.885911845712512, 9.901200272921713, 12.068960467474042, 12.731681345360974, 14.780372670073165, 15.03328670424078, 16.01216597308686, 15.764232637757951, 16.591468711407444, 14.483384461545356, 13.89195663774552, 14.504769131967516, 12.728563624283268, 12.138137432210407, 11.040838532004654, 10.509466107705169, 8.549065202116266, 6.913183520230879, 9.730092064188247, 10.014608642323935, 11.917310843577322, 12.67887796140309, 13.694728097635098, 14.485075350438919, 15.426712006977647, 15.898234839258, 16.421151442258008, 14.25673449256597, 14.273097108774017, 14.597427305992658, 13.110835366814587, 11.619968489881817, 12.22541861163458, 10.43054763544922, 10.07770600437605, 6.933259836869183, 10.34602917719943, 9.504882903693149, 11.962072848722567, 12.735247041393626, 13.30039158696207, 14.619645095090307, 13.605555302311199, 13.057736557624107, 13.770574143222307, 13.653091919875413, 13.029741164774903, 12.849140227039568, 13.548090511959094, 12.717811214605751, 11.709381474514672, 12.087714447091322, 10.43634848199614, 9.384487506431416, 9.623532749393414, 8.634979346409727, 11.459363842476476, 12.353429420118456, 13.076824766308885, 12.848172272438308, 13.659427291144526, 13.345817160860662, 13.10961995457191, 13.797201072143311, 13.456882190672433, 12.3916269074317, 13.033451417769674, 12.490201682731263, 11.076038542655574, 12.017370854780609, 11.378481614012962, 6.027182633697823, 7.970351794047287, 9.493153183515737, 11.516832533992254, 10.796516931312919, 10.608156741786482, 12.285935067938386, 11.684456160508732, 12.938645011976952, 13.192885991622097, 12.356907029936087, 13.706900395287095, 13.0248875329886, 11.849883336723458, 11.528241278697255, 10.982164603892487, 11.681476640118726, 9.800411094670226, 6.146242869157498, 8.25244626999261, 8.207309624312012, 9.191891237511799, 9.054767861331618, 8.948647901665781, 10.113008944944987, 12.053412370577707, 8.933768086967516, 10.508243347176585, 12.133500543960587, 12.799360332111101, 11.557557109820504, 11.502632854607768, 10.444433336112807, 10.31218287016661, 10.78861321035942, 10.606014776033023, 7.025549187377428, 7.71773364991625, 7.594992682250608, 6.669150958191427, 6.861020901595657, 5.770048577610944, 5.731206887118187, 5.4151869107517365, 7.456809655275976, 8.570424463342817, 10.70605617226411, 11.421575306092349, 10.378338042596946, 8.816272058378145, 8.780233254920256, 9.078982720681369, 9.143730811844481, 10.640664353065441],