{"west": 7.0, "south": 46.5, "east": 22.5, "north": 52.5, "cols": 18, "rows": 12, "source": "formation-steer-fallback", "hourIndex": 6, "validAt": "2026-07-23T05:38:07Z", "level": "500hPa", "u": [10.314483165495457, 10.268392868214352, 11.525232539761388, 9.297776254208879, 10.535952074887588, 10.449549413205197, 10.571969390308151, 11.227051067100634, 11.219842774125043, 12.533315909777745, 11.729548068177388, 11.615956989649348, 12.097577314656585, 11.76978223497261, 10.238251378690087, 9.487940875205311, 9.760750496125281, 7.550122853088427, 9.377097787238323, 8.703268950818996, 8.015458877203315, 6.434511475928715, 7.259306758391289, 9.221453136880857, 9.262103043263586, 10.580788109707722, 10.36228294905082, 10.434415300868556, 12.102307148861406, 11.209463733039893, 13.808652753904287, 13.283845920389938, 13.751999560220609, 9.659857100200497, 9.902354269492363, 8.577117325411962, 6.405101264920298, 6.124852341584578, 6.161032924646169, 7.424436318379286, 8.503053418629323, 10.582264757715548, 11.787980760566235, 11.639730385268475, 11.353939364531575, 12.13459761746532, 13.26302895719925, 11.56951264193036, 13.134434178831834, 12.135678621598515, 13.768264916026018, 10.004005424349012, 10.177120875413015, 8.88856527826298, 4.703501264284196, 5.477425307373554, 7.134100387371108, 10.208364802230884, 11.698096468266302, 13.38736424401701, 14.19911000547081, 14.063552358929869, 15.15265090084256, 14.5965903173254, 13.267791201033045, 12.495494202964835, 14.566515601691302, 12.42177771561001, 11.180777771808922, 10.86649799188119, 10.863206265802761, 9.966423786030433, 4.922404521278223, 7.106480016159773, 8.06409226531358, 10.207151404400719, 12.350506130888384, 14.28703644635637, 15.105800403079071, 15.37022255720792, 14.853522776909914, 14.372569910823861, 15.09317174688043, 14.237529389816089, 14.2641394098573, 12.796583009617411, 12.351750564615386, 12.160330214126718, 10.778300865556139, 9.496922330600515, 6.797083348037685, 8.265850109735487, 9.765881082833175, 13.215089194741962, 12.123131945616855, 14.009669016558489, 14.500105149916084, 14.465072993996712, 13.796700248180917, 13.90151458792895, 14.36385619162376, 14.973790617089955, 12.798422740251429, 12.037190011638208, 12.214434809101354, 10.577074094563837, 11.001434770243163, 11.075734934164556, 5.486449866998444, 8.112851896180775, 9.559906447821904, 9.6262632941385, 10.515881411553103, 12.17220553131665, 13.3826700951796, 14.7856780973753, 13.576763921055218, 12.59573089974603, 12.33635809106043, 12.659512237265622, 13.204107675072516, 12.946524100841508, 10.765277777777778, 10.723777961080586, 11.43725783116993, 9.293296369006072, 6.243606767878079, 6.796141626766248, 6.21538045286028, 8.406579113574933, 9.577263141290551, 10.766616330193463, 11.469422544183374, 11.780760766420492, 12.49086675032016, 12.771459024221524, 11.935429602096828, 11.76062895401287, 11.604831233948671, 10.700265785740413, 11.069530995661463, 11.071488586280536, 11.115360573299542, 9.724655354143671, 5.32134561495051, 6.74279393664319, 6.653892089510494, 8.44742802315628, 9.019531299274739, 9.95044755312001, 9.956496453299234, 10.512921662879856, 11.551137163528416, 10.87589020213277, 11.310253980515473, 11.760401447665055, 10.95625006180731, 11.750972241252162, 11.525604365228348, 11.15332028415498, 11.508089183926213, 10.542197300766139, 5.965401333171875, 7.7781677487286665, 7.573941230980795, 7.752100039981744, 8.098384458056612, 7.7779716897576945, 8.614130142264836, 6.326201366235346, 7.53675012162518, 7.592265352397318, 8.533499785932792, 10.218112319754658, 9.99471523013509, 10.81641110719012, 11.03958227911546, 9.80989124552153, 9.34567500972955, 9.820632401009483, 6.509469010208766, 6.927503674478426, 7.024393913483653, 7.561254562252184, 6.966973167305958, 7.60601700038375, 6.829638994650812, 6.822902950720141, 7.360813028236181, 7.530804704946879, 9.127719243626442, 10.046789269070741, 8.95194990766239, 9.583201967371174, 9.090844269428219, 9.297072384032344, 8.72561453196016, 8.401763589365729, 5.767498817177898, 7.151396642322616, 6.91460618126053, 5.264175806328921, 5.179246723822598, 5.59997269834779, 5.002038595973027, 4.786130469001762, 6.068237785106454, 6.514491021827679, 7.516190259855453, 8.580074679232082, 9.780940509851114, 7.792438227109697, 7.729120823574823, 7.175049734802197, 7.027555339448273, 6.796539915126836],