{"west": 11.4, "south": 47.8, "east": 19.6, "north": 51.4, "cols": 12, "rows": 8, "source": "formation-steer-fallback", "hourIndex": 15, "validAt": "2026-07-19T14:32:57Z", "level": "500hPa", "u": [18.112472413091925, 17.562594382306223, 16.096477853072443, 15.818021441187128, 15.1047477292966, 16.46793739049163, 17.424027885879784, 7.751861763532379, 11.045538319510403, 12.336232053236765, 12.704396715798186, 12.355887825692696, 16.313698138603883, 14.950716353197214, 14.267077767179245, 16.558152496845903, 18.306154187272206, 16.113825448177167, 13.748707474294017, 10.788634603636858, 12.045719554595719, 10.831376045875768, 10.483513140986542, 11.433983773101316, 15.497658396783235, 16.03572032239512, 15.66821742850566, 16.938540723288497, 9.2717499755265, 20.273489444879925, 19.035708905577774, 16.356671559376547, 17.8527938573199, 12.57783508143595, 12.051137131230112, 9.62515554109458, 15.954748962428699, 16.5459872974092, 16.72362567682746, 17.579769514023532, 20.395035094561113, 16.6822086342578, 18.488279802900735, 16.648772682477937, 18.00271336559501, 15.29500694452396, 14.121249840895791, 11.823244579909977, 12.410759461582792, 14.013668545010916, 15.325954696618101, 17.767518119869827, 20.315362403742384, 16.91590308438968, 16.429948118623386, 13.495658164176978, 13.075080436306317, 14.208550765999526, 14.08702115282063, 11.85303525668679, 11.72705521065052, 12.017146451786854, 13.87347922055948, 15.409121375081087, 17.32412194575543, 17.458023951284027, 13.61512463689177, 11.44727812963845, 8.241358122369235, 8.833073670756642, 9.526723405122434, 9.521369762133071, 11.585532741298039, 13.335314070510417, 13.135985429146505, 14.080548669152243, 15.254837535374751, 11.0952061862327, 12.754045039414528, 8.829860422547588, 8.337377883761151, 7.108811989181869, 10.063508865721104, 6.91535080985737, 8.586885673393818, 11.00389987568704, 11.531605181007587, 12.968476530401805, 12.495257506273841, 10.610638922577358, 12.859615375163168, 9.273640939053523, 4.9924858149437785, 6.2133332024388075, 6.6914428116333475, 4.940344699649131], "v": [0.031612260027332265, -0.49056768035159165, 1.0691268793694455, 3.477817569576563, 5.28960742671454, 7.2289191109972615, 7.830668621468044, 0.40625786033585254, 1.9277550368828815, 3.075768100443552, 2.080424746954241, 2.5587813587693273, -1.1693804228634839, 0.9668194571175805, 1.4743590658359704, 3.038989666086165, 6.196291338888454, 9.079674009573376, 8.066318765025827, 6.8466757136205105, 7.180690009164111, 3.249568545300494, 5.527329447250405, 3.7814285912407883, -1.9578095526357375, 0.11195226583370126, 1.2331154545226304, 2.501266077940848, 1.6849625410617108, 7.6203037016984965, 9.284335579703669, 5.377799978883537, 3.8925385581022116, 3.5354699934652083, 5.2900793494331655, 5.031909714774053, -2.384453208708927, -0.20215742770991046, 1.2574557311498715, 3.6405952496920557, 4.22360872384203, 3.242692871426949, 3.660777980631974, 5.4095141626414405, 5.469642523160456, 9.15387281793688, 6.826478896127353, 6.607788049890169, -2.277800603612968, -1.9694926745584802, -1.0985780925729214, 2.3391381364101766, 3.801916733983176, 4.9786210223293885, 4.587323939995407, 6.935826184883658, 6.981442772741031, 8.605004211253664, 8.802547778096015, 7.904991856613301, -3.8103512167510867, -3.9510367191797404, -2.4462687028828802, -1.2668603862077985, 2.28076392266732, 3.267180377271477, 5.695330007969736, 8.045281818172205, 7.317020135271578, 5.45541748856278, 6.210392856647424, 9.588074577449738, -5.158211511007128, -3.673157463959902, -2.010088233507491, 0.4424990685131306, 1.5495298901385102, 5.07978200111095, 8.963692984630217, 6.045931613040482, 7.639799264453757, 4.996156745531598, 5.951542552481425, 7.871578643264566, -6.805881720299429, -4.136094044579713, -3.7913988719401552, -0.15844771361047036, 1.756093919753048, 7.56849518943258, 8.351131870230414, 6.302359874167015, 4.854980313489981, 6.434094880806823, 8.595536774108998, 8.912617765669092]}