{"west": 11.4, "south": 47.8, "east": 19.6, "north": 51.4, "cols": 24, "rows": 17, "source": "Open-Meteo/icon_seamless+formation", "hourIndex": 11, "validAt": "2026-07-20T10:51:46Z", "level": "500hPa", "u": [20.66870569592581, 20.649782682158122, 20.981876293343436, 21.310145544347503, 21.638414795351572, 22.693643241994323, 22.9911897060757, 23.021556572791773, 21.98998413092071, 22.332288411929746, 21.641597868136742, 21.330084163336345, 20.339222580297527, 21.003104884767637, 21.309076518050134, 21.00426528047074, 21.003104884767637, 22.330465985484224, 21.664712962314507, 21.997589473899364, 22.330465985484224, 22.666872030903782, 23.331914731077, 23.32755918031504, 19.70392797676809, 20.001652163230247, 20.001652163230247, 20.024855048355967, 20.34149663477659, 20.352693562252302, 22.00143969471597, 21.97606557824181, 22.663137129143518, 22.3214914293768, 21.99758947389936, 21.336786630557352, 21.667234683495465, 22.33046598548422, 20.666666666666668, 20.65407709172798, 20.996801598284215, 21.667234683495465, 21.023087843757107, 21.336786630557352, 21.669307980643957, 21.99929958285938, 23.32755918031504, 23.647520623201164, 18.974671980508376, 19.000216263312087, 18.3525906994923, 18.974671980508376, 18.67819273081293, 19.29794044977424, 19.68707851247815, 20.988377237646674, 20.680962813256368, 21.31760668451172, 21.33974226028842, 20.63632932889167, 20.99895993914479, 20.663519033232088, 20.996801598284215, 18.33054107786717, 19.32155598903585, 19.67417988012431, 18.676615829864488, 19.010715488584143, 19.3345773812205, 20.006701230210922, 20.643367910456725, 21.667234683495465, 18.67456597492199, 18.664497929469025, 18.94187561621181, 19.365171308251476, 18.969709977399205, 18.974671980508376, 19.698805848111366, 20.001652163230247, 19.698805848111366, 20.975831882402726, 19.68707851247815, 19.640316696707814, 20.3471961086471, 19.973253109812784, 17.67019482329621, 18.997106207971434, 17.670194823296214, 18.668824358050784, 18.676615829864488, 19.009137179951093, 18.67865058922023, 18.67865058922023, 19.3416585300377, 19.67484528731197, 18.651275014010512, 18.94187561621181, 19.3587424876467, 19.97288190449618, 19.3587424876467, 20.326442184825325, 20.01428757362737, 19.698805848111366, 20.322304933669482, 21.356222616021427, 21.31760668451172, 20.028124684290294, 20.686583578020386, 20.685599658157248, 19.010715488584143, 19.654686264708882, 19.654686264708882, 18.655295437689787, 19.987816540381914, 19.669433041728073, 19.979238111728897, 18.996230513357528, 19.00764543056736, 19.3270792305713, 18.637236978920523, 19.338149164668124, 20.293302469808953, 20.293302469808953, 19.97288190449618, 19.70239377521537, 19.70392797676809, 19.63254366895328, 20.680962813256368, 21.31760668451172, 21.345778370651626, 21.64683613137677, 21.33974226028842, 22.3214914293768, 21.335169784131548, 20.65407709172798, 20.65407709172798, 20.333333333333332, 20.320946816054946, 21.00426528047074, 20.320946816054946, 20.00094034018416, 19.3270792305713, 19.640316696707814, 18.3525906994923, 19.70239377521537, 19.98929834959322, 19.338149164668124, 20.686911446357545, 20.651232206420403, 20.975831882402726, 20.66870569592581, 20.981876293343436, 21.648360280544885, 22.638628349286456, 21.68610244066929, 22.331364482223297, 22.66334249706908, 22.996219008653938, 23.68001042909135, 21.99664929344061, 22.666666666666664, 22.329931858492742, 21.669307980643957, 20.97543280982064, 20.63632932889167, 19.640316696707814, 19.314794216082692, 18.036970258302812, 18.35573851029049, 18.647727463208746, 19.655168003433175, 20.37460410621246, 20.98754702798663, 21.00888672178724, 21.35494391987641, 22.00832101651063, 22.677934090197795, 21.97606557824181, 21.97606557824181, 22.638628349286456, 23.297263837136583, 22.995494280951124, 24.346270980437417, 22.329931858492742, 24.31851012413133, 22.652858745766167, 23.329095520238795, 22.332288411929746, 21.648360280544882, 20.686583578020386, 19.31317426740608, 17.330363185822797, 17.649680077853912, 18.6479427412792, 19.657375539240178, 20.311273625022913, 20.311273625022913, 20.651232206420403, 20.326442184825325, 20.323733481913518, 21.377658661749123, 21.682271816266027, 22.00832101651063, 22.004809362285133, 22.68939604644941, 22.36355388574713, 22.993985846357294, 23.68001042909135, 24.013140704764385, 23.331914731077, 23.659624079678956, 24.31658257687634, 23.3538219544887, 22.68939604644941, 21.377658661749127, 16.63779916805957, 17.037842783573932, 18.332554604675643, 18.324006105325218, 18.651275014010512, 18.94187561621181, 19.365171308251476, 19.67916305295947, 19.97288190449618, 20.651232206420403, 20.323733481913518, 20.948956392882558, 21.978449636792078, 21.64683613137677, 21.978449636792078, 21.99929958285938, 23.32755918031504, 22.985989021439202, 23.66443608116361, 24.31658257687634, 24.675800158860646, 24.674905367139214, 23.995331150942896, 22.659227484583575, 16.651632692499078, 16.653441446150268, 17.0449800381444, 17.037842783573932, 17.037842783573932, 17.332108338940095, 18.651275014010512, 18.95821678100573, 19.67916305295947, 19.37217907168632, 19.2916852528289, 20.024855048355967, 20.357354131155336, 19.305334607804053, 20.686583578020386, 20.685599658157248, 21.99929958285938, 22.663214423544865, 23.333333333333332, 23.32755918031504, 23.35240529000555, 24.97695833439056, 23.991786984665286, 23.665737784420685, 15.39288671606581, 15.9554174598423, 16.627689856534587, 15.684159758995362, 17.027472279949585, 17.295373602616074, 18.691362440937052, 19.02877557091465, 19.330601990030473, 19.3587424876467, 19.98929834959322, 20.024855048355967, 19.318415114492662, 20.355510301910055, 20.691580545301022, 22.33046598548422, 22.33046598548422, 22.996496988597, 22.985989021439202, 22.330465985484224, 22.993985846357297, 23.63538607229299, 23.339688584176084, 23.005959862984717, 13.656676203490122, 14.324698078440388, 15.270861817339522, 15.91758299348455, 16.731122509759345, 16.367689449429932, 18.023288789320976, 18.311881127694043, 18.043655573044163, 18.3525906994923, 18.67542624171701, 17.65399168641049, 18.985564769217646, 20.691580545301022, 20.31130301109281, 20.643367910456725, 21.004265280470744, 22.985989021439202, 22.663214423544865, 22.985989021439202, 22.666872030903782, 22.00143969471597, 22.008321016510628, 22.02847509398125, 12.942197660442593, 13.708343515797724, 14.956291795026734, 15.000427762286968, 15.257254891209458, 15.678962807663245, 15.375798921565886, 17.33318705898466, 17.330363185822797, 17.957278195305893, 17.660998346582602, 17.660998346582602, 18.355722285310875, 19.31317426740608, 19.970406052955, 20.355510301910055, 21.3545951422132, 21.309076518050137, 20.98720736740101, 21.333333333333332, 22.33435068081717, 21.31760668451172, 21.69312633718558, 21.642985227767365, 12.944271909999163, 13.310591834121544, 13.708343515797724, 13.326307712898442, 13.733667779422115, 14.361587946091948, 15.39288671606581, 15.948665619327196, 15.293825582910248, 15.639596045742529, 16.336872914368527, 15.671118541962532, 16.358751008369456, 16.33942313423591, 16.687020259373526, 17.311981747653665, 18.68399153631495, 19.327079230571297, 19.674179880124314, 19.654686264708882, 20.65407709172798, 19.63254366895328, 19.687078512478152, 20.322304933669482, 11.593177718422028, 12.682291336080851, 11.904813031912061, 12.305958988632426, 12.944271909999163, 13.721582347773749, 13.6449672381629, 14.028083615353516, 14.318007318446563, 14.365767280697389, 14.662246530392833, 14.312118583970527, 14.96740682850653, 14.9856784391515, 15.686447574795276, 16.358751008369456, 16.680958641162324, 17.329691202977482, 18.34409447977788, 18.98842571336282, 19.330388773023564, 18.34340384790371, 19.005392968417272, 19.000216263312087, 9.999201768902982, 11.05924196620892, 11.691198649992284, 12.662349623737624, 13.333687625260252, 13.712068893253619, 15.010109078601763, 14.983773447864726, 14.028083615353516, 13.30857452048558, 13.347320375060388, 13.677748146994892, 14.340365063256304, 15.338412448611138, 