{"west": 7.0, "south": 46.5, "east": 22.5, "north": 52.5, "cols": 18, "rows": 12, "source": "formation-steer-fallback", "hourIndex": 15, "validAt": "2026-07-20T15:26:57Z", "level": "500hPa", "u": [14.411277151638602, 12.77746639234671, 13.13759827040704, 11.68123317058353, 11.913754360442466, 14.481986625518237, 12.53935349352807, 14.67474137030902, 13.026902170100033, 11.617578241093945, 11.951203920335047, 11.89880037418814, 12.807771239482493, 13.844888911000215, 14.010327201000548, 13.26549815774248, 12.230529688485671, 10.288745178586069, 11.508898062722233, 13.555254465783037, 13.929105517999695, 14.23021299562282, 15.172728765724198, 12.735525769106697, 14.53488838334646, 14.635022513775523, 12.051167737857865, 11.97081857442604, 13.185802223931598, 14.405167095461477, 14.66169604582182, 14.534633671720522, 14.374211809629236, 14.851904305135559, 13.181882884376996, 12.976803399000147, 11.806584079448953, 13.643911748296071, 12.768956432577234, 14.672941627849054, 15.482426903361063, 15.036091431048066, 14.368401974903056, 14.555964883221904, 13.547602744766854, 12.541172215683687, 13.477599046953959, 15.396377982758427, 14.7261870231937, 14.469422774517971, 15.288142200812777, 16.52603114096166, 14.44536222919341, 12.903308338905799, 11.237269120472398, 12.962254160090682, 12.651025954757033, 13.781895295532813, 13.602286318572157, 14.49379161533232, 16.00987380029976, 15.395625661203969, 16.472110346839713, 15.793378001121981, 15.014472073253492, 15.283942802995789, 15.41203836243406, 14.27549134228703, 16.68260248045969, 17.80653199301286, 16.320287023214686, 14.776603502982644, 12.44459767367773, 12.486973838697837, 12.639675357207805, 13.975090504734142, 14.848712453750736, 14.701672175672705, 15.595641074307471, 16.322613707601096, 17.078507986582576, 16.641641536295925, 15.04753662853214, 14.054441323056583, 15.242567594713714, 13.636766897441971, 14.708706767122857, 16.0220898259464, 15.353263085119037, 13.712051863266172, 10.526995782399156, 11.686511033423752, 12.220956537340843, 14.28487214222888, 13.992508178064929, 15.756570812119117, 15.725898964683442, 16.11689362852997, 17.68444455093056, 16.33576224289692, 16.72179245375554, 16.158136528348045, 15.814583926369805, 17.663959412099008, 16.383681530008566, 16.26484965245526, 16.58226847380916, 13.93577690474262, 8.804186392001222, 8.481918407257897, 8.126096135949783, 10.063658080202094, 10.95992864655998, 12.540206853794883, 13.96811385086653, 14.462207683770249, 14.578666985741325, 15.070373376501411, 14.50356319286511, 15.142267721166242, 17.108428476348458, 18.43149527096013, 16.48242954170819, 17.203501036936444, 16.85643694891224, 14.547797692536236, 5.618083287881737, 5.477310648287599, 6.019832582176635, 8.17418036287526, 9.108541112435988, 10.115200829510423, 11.099076073980491, 12.441571751288738, 13.116248805963366, 14.501763788007317, 16.00052457934969, 18.138502356011116, 17.076240104476554, 17.811861485019318, 17.558512790198264, 17.504647905710385, 16.23335078894899, 16.205619929305225, 4.663846979308533, 5.331237306351866, 5.897055831583981, 7.749030500375069, 8.404139086091982, 9.758104788979445, 10.907374858277105, 12.977177955670015, 14.007697017186546, 14.584888011368664, 15.455768891781625, 14.461954394818413, 15.716451226488722, 16.528058628850484, 17.080827426774682, 17.426624627630638, 16.35119158043151, 16.950346100899104, 3.1622026437747928, 5.155253713039653, 5.377241825659318, 4.879927512262381, 7.28059272371648, 8.889439273032398, 11.443911130338664, 12.231518718302986, 12.793289909661786, 13.735714980926968, 13.404819775021512, 14.073145093586177, 15.747435786916476, 13.711933191897273, 13.939944553509106, 14.545538832777476, 15.311805613816487, 15.652928534732109, 2.6526757060156885, 3.7633346771621925, 4.302934331278957, 5.217776196612487, 6.207233315146175, 7.706679886694769, 11.08980743194651, 10.708874090523864, 11.275806848091815, 11.435272398248097, 13.33724672921134, 11.688923504686395, 13.817269993357833, 15.425307488886052, 15.342793310859555, 15.257720359076483, 15.325038456018449, 14.371316858871168, 2.5502091626168975, 2.3790016664171305, 2.7268402579745983, 3.8507821662515447, 4.684299198007074, 4.763443229803995, 7.516087364954975, 7.491812861511148, 9.449783983700176, 8.531000592470988, 11.07736586756517, 11.004456928529459, 12.761217199469517, 15.219308517740101, 14.680155742620963, 14.67329136346435, 13.65393809573236, 12.845287942886356],