{"west": 11.4, "south": 47.8, "east": 19.6, "north": 51.4, "cols": 12, "rows": 8, "level": "500hPa", "source": "Open-Meteo", "hourIndex": 5, "validAt": "2026-07-18T05:10:21Z", "u": [18.665381796143752, 19.00764543056736, 20.024855048355967, 17.334507219320805, 15.293825582910246, 16.306358733249382, 15.392886716065806, 16.651632692499078, 16.33687291436852, 15.995908563557611, 14.001290194151645, 9.649051944633518, 16.320698585152687, 17.346530429518054, 18.996230513357528, 20.001652163230244, 20.693828176449923, 17.276818889972873, 16.635167682488127, 22.046371653032494, 20.37460410621245, 15.942411277134479, 14.318007318446556, 12.016874810574175, 12.998020037033085, 13.661085466058147, 14.674306219032488, 17.682455891128484, 22.383445654927485, 22.354064656683, 19.998873024910814, 18.3398842895439, 19.362088449480677, 21.606294476869778, 17.95012160520519, 16.982752300788615, 13.992944843830832, 14.34142970744763, 12.977032895167305, 15.995227150506395, 17.322774334997657, 18.63723697892052, 20.643822233918414, 22.613652599750324, 22.05922753073481, 23.66197203182365, 19.976143791227848, 18.334533078929976, 12.693077705490682, 15.663719852050304, 16.009333777988722, 16.333333333333332, 15.35148317818334, 14.312118583970527, 14.669645913380014, 12.683314043630597, 16.63779916805957, 20.686911446357545, 17.97025337129135, 17.330559777651825, 12.680154165945485, 12.016874810574175, 11.962367771676856, 12.666666666666666, 12.002972262915282, 12.622592426001875, 11.659356100603082, 11.630949933637009, 11.951055593222291, 12.032814385963933, 13.656676203490118, 13.327168713793863, 13.694066410273281, 13.67508031150266, 11.670456514322225, 12.666666666666666, 12.675333704304267, 10.349821080277295, 9.709675365879967, 11.981080915020332, 11.693952614224637, 13.04641063149599, 10.993711375819126, 10.350500460428364, 12.998020037033085, 12.9840358561969, 11.992689924229149, 11.992689924229149, 10.6539837966497, 10.349821080277295, 9.03381614802095, 11.004160508255314, 10.329530496427918, 8.385662002475243, 8.958211547886425, 6.41791108904659], "v": [2.291820707924576, 2.6713503545390433, 4.256414337019122, 5.968749498381206, 4.097968214123244, 4.06563185660553, 6.533892759737303, 5.733616942384372, 4.994683289013427, 3.692946475478457, 1.9677530107964876, 2.405778850685586, 3.7679301602597453, 1.212987571217297, 2.332443822392958, 4.617745254447682, 5.933859743282618, 8.426467599390051, 4.7700575742775095, 8.907312332333916, 6.229141597842763, 6.441152259012493, 4.37745413459876, 1.9032859913228126, -0.22688128368467908, 0.9552761543292769, 0.7690478014588092, 1.5470144337709362, 5.167625609510464, 8.580921458556906, 4.986279070415378, 9.344637786305675, 8.620557185189876, 9.171327877039902, 4.8097205881551774, 2.689803718330641, -2.9742922436429335, -0.7516024827111654, 3.7211043035294864, -1.6811661175547643, 0.6049246095100151, 6.783399509292429, 7.108238038981256, 7.786505027433665, 7.167477508418926, 1.240071407645301, 6.107320054208288, 2.251197593456193, -2.2381320677070957, -1.6463232964655465, -2.249965132187723, 5.000641096518359e-15, 3.2630584808898293, 4.10393396438643, 5.339314459695161, 3.636881778140959, 6.722107204074428, 5.543041215945652, 5.152887235134453, 4.3209938575162905, -1.3327379066625853, -1.9032859913228155, -3.4301537612782127, 3.878048197299952e-15, 5.344067560412596, 6.431532079643582, 5.686647931958316, 5.4236010256723075, 7.761106248964135, 4.61896468302831, 6.660806035934044, 7.694444444444439, -2.9107636714486183, -1.6790887313598108, -2.268506945032257, 3.878048197299952e-15, 2.0075756346829667, 2.580500219729791, 3.922963492161083, 4.360756827402275, 4.25625067249721, 7.23174350200786, 6.347222222222219, 9.99536210827113, -0.22688128368467908, -1.3646771593277016, -0.4187939604300139, 0.41879396043001055, 3.0549806936384054, 2.580500219729791, 4.602959233470408, 2.339006521699789, 3.3562679111279046, 7.2895447665611925, 6.042389984725569, 10.270804720116717]}