{"west": 11.4, "south": 47.8, "east": 19.6, "north": 51.4, "cols": 24, "rows": 17, "source": "Open-Meteo/icon_seamless+formation", "hourIndex": 12, "validAt": "2026-07-20T12:06:45Z", "level": "500hPa", "u": [19.64144351841015, 20.34149663477659, 20.352693562252302, 20.981876293343436, 20.948956392882558, 22.349664839193725, 22.677934090197795, 22.9911897060757, 23.023732598241512, 22.984506026288983, 22.001829330730573, 21.664712962314503, 20.999999999999996, 21.309076518050134, 21.653467918747076, 21.336786630557352, 21.023087843757107, 20.691580545301022, 22.65299872783289, 21.023087843757107, 21.99929958285938, 21.335169784131548, 21.667234683495465, 22.331364482223297, 18.67819273081293, 18.969709977399205, 18.969709977399205, 19.000216263312087, 20.024424311248232, 19.64144351841015, 20.678044825860873, 20.355510301910055, 20.691580545301022, 21.336786630557352, 20.97543280982064, 20.671743930384135, 20.996801598284215, 21.32033764307404, 22.652858745766167, 22.330465985484224, 20.998959939144793, 21.335169784131548, 21.98998413092071, 20.00094034018416, 21.008893543074652, 21.3545951422132, 21.335169784131548, 22.3214914293768, 19.37217907168632, 18.95821678100573, 18.974671980508376, 18.974671980508376, 19.29794044977424, 18.66631671400346, 18.367438280445906, 19.305334607804053, 19.63254366895328, 20.01428757362737, 19.970406052955, 20.00094034018416, 19.66745389280536, 21.330084163336345, 21.33183645072965, 20.000330404390215, 19.3416585300377, 19.973253109812784, 20.357354131155336, 18.665381796143752, 19.00764543056736, 19.00764543056736, 19.33773478681455, 20.691580545301022, 18.95821678100573, 18.334256175245464, 18.35573851029049, 18.67819273081293, 18.95821678100573, 18.35573851029049, 18.67542624171701, 18.67542624171701, 18.992365914248065, 21.356222616021427, 19.29794044977424, 19.31317426740608, 19.337925743271978, 21.023087843757107, 17.997258512815044, 18.663823642919304, 18.014520790492398, 17.32969120297748, 18.677556074320172, 18.025312215861263, 18.01737736182579, 17.641211194518707, 18.01737736182579, 18.665381796143752, 19.37217907168632, 18.95821678100573, 18.96671099326688, 18.94187561621181, 19.3587424876467, 18.96671099326688, 19.97614379122786, 18.67542624171701, 20.001652163230247, 20.618784183364923, 20.975831882402726, 20.975831882402726, 20.3471961086471, 20.988377237646674, 20.319625382212617, 19.009137179951093, 17.663975947762914, 18.666666666666668, 17.680389250991524, 19.33773478681455, 19.669433041728073, 18.355722285310875, 17.959876780140153, 18.666316714003457, 18.974671980508376, 18.67819273081293, 18.95821678100573, 18.651275014010512, 18.651275014010512, 18.6479427412792, 19.70392797676809, 20.326442184825325, 19.298103889267036, 20.001652163230247, 21.356222616021427, 20.323733481913518, 20.995914757075035, 21.310145544347503, 21.31760668451172, 20.691580545301022, 20.333206915975072, 19.66367133807569, 19.667453892805362, 20.671743930384135, 21.00426528047074, 20.00094034018416, 19.63254366895328, 19.000216263312087, 17.64447224146873, 18.367438280445906, 19.000216263312087, 18.67456597492199, 18.6479427412792, 18.664497929469025, 18.95821678100573, 19.2916852528289, 19.698805848111366, 20.680962813256368, 20.680962813256368, 19.31317426740608, 21.345778370651626, 21.64683613137677, 22.332288411929746, 22.308538993039264, 22.001829330730573, 21.66336672838848, 22.333333333333336, 21.997589473899364, 21.669307980643957, 21.335169784131548, 20.685599658157244, 19.31841511449266, 17.97025337129135, 17.65497760272797, 18.35573851029049, 18.95821678100573, 19.67916305295947, 19.37217907168632, 19.98929834959322, 20.001652163230247, 20.323733481913518, 20.981876293343436, 20.686583578020386, 20.988377237646674, 20.319625382212617, 21.345778370651626, 21.64683613137677, 22.68939604644941, 22.3214914293768, 22.33046598548422, 21.66336672838848, 23.68001042909135, 24.66060156657823, 23.021556572791773, 21.978449636792075, 20.995914757075035, 16.336872914368527, 17.039762583621503, 17.330363185822797, 17.649832805978576, 18.35573851029049, 18.96671099326688, 19.694154347116008, 19.70239377521537, 20.001652163230247, 20.323733481913518, 21.310145544347503, 20.975831882402726, 19.63254366895328, 20.680962813256368, 21.31760668451172, 21.64683613137677, 22.693643241994323, 22.99939338099039, 20.663519033232088, 23.01374987774529, 24.31658257687634, 24.646671933123525, 23.690097614127, 22.633248650312783, 16.01826995262705, 16.34144883095142, 17.329412240665807, 17.02753746034183, 17.330363185822797, 17.330363185822797, 18.6479427412792, 18.35573851029049, 18.95821678100573, 18.969709977399205, 19.698805848111366, 19.68707851247815, 20.34149663477659, 20.680962813256368, 20.024424311248232, 20.981876293343436, 20.97543280982064, 22.65299872783289, 21.66336672838848, 22.333333333333336, 23.66443608116361, 23.35240529000555, 24.97695833439056, 23.70967157644072, 16.01810466238085, 15.948671980560837, 16.35288843296389, 16.35288843296389, 16.340210572554966, 17.04559876566546, 17.649680077853912, 18.043646151020294, 18.35573851029049, 19.365171308251476, 19.37217907168632, 20.024855048355967, 19.305334607804053, 21.377658661749123, 20.028124684290294, 20.63632932889167, 21.3545951422132, 21.641597868136742, 21.330084163336345, 21.666666666666668, 21.64159786813674, 21.68610244066929, 24.36297906801339, 23.013639383931483, 14.033073279898838, 14.033073279898838, 14.605403252361464, 15.953594321810215, 15.91758299348455, 16.301939541403733, 17.275626496763348, 17.617440111909207, 18.043646151020294, 17.64738202458785, 18.35573851029049, 18.974671980508376, 18.025312215861263, 18.985564769217646, 19.337925743271978, 21.309076518050137, 22.329931858492742, 22.329931858492742, 23.0, 22.329931858492742, 21.64159786813674, 21.99929958285938, 22.30853899303926, 22.004809362285137, 13.018595325641147, 13.293266536931625, 13.712068893253619, 13.955465804676534, 15.011106998930277, 15.678962807663245, 17.054909368132716, 17.634296944947145, 17.04559876566546, 17.638509943318216, 17.977423595169157, 17.314812819146294, 18.027453034306813, 18.677556074320172, 18.334533078929976, 19.65792794778507, 20.691580545301022, 21.331836450729647, 21.99664929344061, 21.653467918747076, 21.33183645072965, 21.64159786813674, 21.68610244066929, 20.981876293343433, 11.968721536000277, 12.3566660860095, 13.333974943148599, 14.746614116497847, 15.014304972559625, 14.605403252361464, 15.34831280616984, 17.617440111909207, 16.32069858515269, 18.036970258302812, 18.354760822054264, 17.0088999460934, 16.687020259373526, 18.003684361716203, 18.67865058922023, 19.341658530037705, 20.332447638640254, 19.979238111728897, 20.333206915975072, 19.669433041728073, 19.996953903127825, 20.65407709172798, 21.664712962314507, 21.310145544347503, 11.404266739697288, 12.733799521309608, 12.933458398821433, 12.914620684110174, 13.64322910113349, 14.699228350296917, 14.99860982383752, 15.270861817339522, 15.338412448611138, 15.948665619327196, 16.336872914368527, 15.696294677197361, 15.647500964527307, 16.6695124904831, 16.99960184673029, 16.6695124904831, 17.311981747653665, 17.641211194518707, 18.674911146359797, 18.674911146359797, 18.67661582986449, 18.98842571336282, 19.67417988012431, 20.357354131155336, 10.68575697003335, 10.342098821227067, 11.405550597549222, 12.682291336080851, 14.064858704721765, 14.72332774837523, 14.601290110854912, 13.934352031056969, 14.617687926220018, 14.956774214175713, 15.293825582910248, 15.327440116407546, 14.318007318446563, 13.992944843830832, 13.638045485990393, 14.642616806911454, 15.991021331999075, 15.995227150506395, 16.02249974743223, 16.98793373946059, 18.01157312969127, 16.323383507978562, 17.337318311711353, 18.025312215861263, 8.653155376935272, 10.338167389125168, 10.930918159890599, 12.662349623737624, 13.64322910113349, 13.687725269421653, 13.333200622903805, 14.033073279898838, 13.692512921958958, 14.345102454118566, 15.035235885418839, 13.018134327536284, 13.631810066897202, 14.365767280697389, 