{"west": 7.0, "south": 46.5, "east": 22.5, "north": 52.5, "cols": 18, "rows": 12, "source": "formation-steer-fallback", "hourIndex": 20, "validAt": "2026-07-22T20:20:20Z", "level": "500hPa", "u": [10.272072228190043, 10.41337809725747, 10.534909408570273, 9.704226966573337, 10.228999417357263, 10.241887475259329, 10.104846986685976, 10.059788462513286, 9.76024407684105, 9.617391154068152, 8.280339858275896, 7.522125285268931, 8.006201582583238, 7.4691531012360395, 6.80292970369735, 5.85530260323304, 4.642387574716797, 2.4981682838910624, 10.117828879478672, 11.750664961077016, 11.036000054668625, 10.073880934162169, 11.248170066601395, 9.82194014384592, 9.263186413561103, 10.835760807296895, 10.094900027684304, 8.989952936287922, 8.760979868252033, 8.094260242086854, 8.540751837281332, 7.19783189445554, 6.666679568030351, 6.192280750690632, 3.4921040990006165, 2.6301093880606956, 9.112023705215776, 12.146605346102671, 11.333512986786214, 13.101422101634524, 12.560523020542336, 11.669936178303224, 11.19691191306355, 10.922716537947283, 10.0848032806148, 8.79296858471434, 10.934187986908226, 9.806776122502612, 8.727163666551375, 7.978590182235723, 7.088504997504142, 5.466798539150815, 4.404922534569463, 3.2592446210442407, 12.060634540386, 9.958388809136679, 11.929856966254338, 12.827104968770255, 11.773469983651685, 12.665394120928733, 13.252626050663645, 12.719733340732366, 12.040330994154266, 12.002355996546003, 11.302464521583587, 10.13211050642174, 10.163142447910598, 8.965840174132563, 7.1433509509785615, 4.731204889015879, 4.144996612032305, 1.8606747151169267, 11.801951685960438, 12.218293136823267, 12.527329203754137, 10.988188657643118, 13.642755622867107, 13.16529504283421, 13.318949900681213, 13.350218909702125, 12.851784577469536, 12.209448161747316, 11.207597092333838, 11.394737247531824, 10.027088746977098, 8.551985489299518, 7.644039183365385, 5.156497775051115, 5.517518932154707, 3.8932531690287924, 7.852226501406702, 9.824371370298932, 10.485399671619154, 10.99893508150413, 12.723466255206544, 15.605723649884474, 15.760696333946559, 13.678367024184574, 14.001099820266676, 13.683688386981505, 11.331725158893521, 12.495384443382898, 11.097584046971894, 9.58717081244506, 8.450983247097078, 7.578837885736903, 6.939583811860897, 4.832891353847526, 7.1928342426256835, 7.941919530930632, 9.462056645040482, 11.387605546965517, 11.628230511600457, 13.156771126769675, 14.701622774103642, 13.81835971431595, 13.00732729870615, 13.99409005929765, 11.433983773101316, 13.60748007784725, 12.31305579099907, 10.27749912541412, 9.102721331033031, 8.450567388612328, 7.0917620248579105, 5.642696499931953, 8.03254548034047, 8.601655465839098, 9.54622432909348, 11.718610738088053, 11.964429464827035, 13.248882758450774, 14.545458595846187, 13.663677500125344, 14.918961848868454, 14.930394076462456, 13.687150613265615, 11.686656303443788, 10.954237100451302, 10.709704717631789, 10.454050301563411, 9.326058781401336, 8.60603766401893, 8.144332154990892, 8.188091353030686, 9.075803944546333, 10.268467667919033, 11.73869232992938, 13.069394722095657, 14.905097837946647, 14.168563142090632, 14.044585869763445, 14.09773681185178, 14.119119096887703, 14.495498805283919, 14.299557265243656, 12.204919053803875, 10.660666873329026, 10.241924599988621, 9.263832450107584, 9.252025156136835, 8.26805450241591, 9.165743441250978, 12.309415986302172, 14.027230771788137, 13.565866130805285, 12.922149175718964, 14.650894456869738, 12.902407198986312, 12.675565451499132, 13.74803386139571, 14.20073388783637, 13.276484785114707, 11.929083023901148, 12.563812707761642, 11.11651428215056, 10.540061119773624, 9.943586645728198, 9.609394884958657, 9.569309757292864, 10.22399997795739, 12.332142623586089, 12.672887393989079, 12.628566306443094, 12.91239852637561, 14.0392989644579, 14.314809009728588, 14.66962970200764, 14.36847318097312, 13.521151878477598, 12.3916269074317, 11.782366577452018, 11.355258777635482, 11.576173288412477, 10.38852117895578, 9.761795217598124, 9.591891553906517, 9.63096747498302, 10.381201342691094, 9.680728891847172, 9.716790141125786, 11.851161239444494, 11.920070655996696, 12.65393597030488, 13.228271783568394, 13.678275783335154, 13.503564328158213, 12.609507888075752, 12.027562925855753, 11.888150017786762, 11.738725316072939, 10.34773007396465, 11.973894157680121, 9.603183702500399, 8.281278172942326, 8.4665344572361],