{"west": 7.0, "south": 46.5, "east": 22.5, "north": 52.5, "cols": 18, "rows": 12, "source": "formation-steer-fallback", "hourIndex": 18, "validAt": "2026-07-20T17:36:37Z", "level": "500hPa", "u": [13.8194060321603, 13.252401620682907, 14.313542536403366, 13.176885166416234, 12.723398473411656, 15.326215608915836, 12.626711573424494, 11.452221802729802, 12.0711401557309, 9.616686382114864, 10.73905410217208, 11.765513936397754, 11.973255671047825, 12.685937001035311, 12.679745450712067, 12.484780308407805, 11.640388264548285, 9.769916212585633, 10.302326420364546, 11.767954163337857, 13.60534880095352, 14.086448645091616, 13.786260537015762, 13.2775554132956, 14.387495705931538, 15.182840796537372, 12.95950421861047, 12.92142772190636, 11.31986676698675, 12.932455863334583, 14.101561912016804, 14.43622797668974, 14.02224414572492, 14.080548669152243, 13.991666666666664, 12.165230380195155, 11.509399750074161, 12.32468448149723, 12.631737455924632, 12.584558393817787, 13.085733733100325, 14.61826882829204, 14.511203677464696, 15.222898682404983, 13.77482779298515, 13.6405789458053, 12.878489630165062, 12.75900936983823, 15.26274170829674, 13.94643565988785, 13.761995685227017, 15.039190471525455, 16.126591257681127, 12.66304031902667, 9.922989980024331, 11.6267842550396, 10.577012971130825, 13.58148039602806, 13.925407630417329, 13.935278096517031, 15.878908534659955, 15.64207764533194, 16.72670939406785, 17.22295651901536, 14.488663989174919, 15.537294478749667, 15.221814057186014, 15.265514231796866, 13.41658492774202, 15.082632109655414, 17.115379547798074, 14.530568651217449, 9.669016309222656, 12.287964803547338, 13.420465218812932, 14.277272331771844, 14.680033290039495, 15.365192163132182, 16.67896468660329, 14.942115859604014, 16.64697940461824, 16.017735247955436, 14.892911353899349, 16.034475080297607, 17.085588928046427, 16.067663988375987, 15.07499912610079, 13.890519514329448, 14.748292157730823, 13.016472679676893, 9.079603983291742, 10.4669319427544, 11.386567392259376, 11.3515268729376, 11.488555842664672, 10.73690693695901, 12.821687107346259, 13.728848880084378, 15.642726874803726, 14.996524407299399, 15.799022084958336, 16.217705041937876, 14.79764425959015, 15.383693089567856, 15.777445949895522, 15.686374843375678, 14.41040031682753, 13.439143103297845, 7.03949579125616, 7.733937844398501, 7.602938616652056, 6.054818898457847, 7.510850407427912, 9.257961705986924, 12.398522809183921, 13.03351960489847, 13.665272961025563, 13.935278096517031, 15.03281661199855, 16.099887381066754, 16.221752129341272, 15.939403762233306, 15.776493787672912, 15.55899571938764, 15.495059391816866, 16.015733080391545, 3.3651170203021037, 3.606239304436951, 4.404685991141202, 5.83546623619897, 6.848205606058367, 8.59264029179258, 9.981913673158836, 10.344501758730265, 12.266748729022387, 12.511286667782896, 14.919527590466949, 15.736923389743573, 16.09019231500744, 17.023251131804496, 17.498943250171823, 17.560907358662515, 17.632039783967347, 17.231171116765644, 3.5102401412035387, 3.288421358863593, 4.252982705384467, 5.669621455263805, 5.758447969723244, 6.737737836923452, 8.453179650920344, 10.388827533253469, 13.190581357850665, 13.901598208580792, 16.0988147212082, 14.929088943644363, 16.43732959752663, 16.00297227027415, 16.028198258309356, 15.74402650695888, 15.86691272356099, 17.04170292768341, 3.292848019061091, 2.9155168167183985, 2.1963935976247666, 3.626213085255074, 3.190623117343937, 5.001389559080612, 6.700740702747066, 7.1641290168124385, 10.057789402976745, 11.543839025891435, 13.15447301543959, 12.580422986841118, 14.128440251077425, 14.148285255451666, 14.801825118360675, 15.100385546187189, 14.884222461337398, 14.143243994814592, 2.0155590326382526, 2.033886329430644, 1.739353965561883, 3.0879556129384507, 3.582111151417174, 3.414452084377131, 6.519830819648563, 7.568354280340742, 7.7880936242433325, 9.763620550838743, 11.474966411204477, 12.151286875842173, 13.581694007148025, 14.462856305061434, 16.160910080099576, 14.96051860457835, 14.597538764309162, 14.40627527546891, 1.1743448382534005, 1.8868951201782616, 2.997196245173878, 2.5688562170274802, 2.868734338494843, 5.223313983754852, 6.487287422985315, 4.864388378391856, 6.830980644018163, 8.297983253862443, 12.366067728452318, 13.155107989440452, 14.744884309721385, 12.770380044484531, 12.823851052004319, 13.943472652913476, 14.245005822313962, 14.116936223404878],