{"west": 11.4, "south": 47.8, "east": 19.6, "north": 51.4, "cols": 12, "rows": 8, "level": "500hPa", "source": "Open-Meteo", "hourIndex": 5, "validAt": "2026-07-19T05:12:38Z", "u": [15.687743341219786, 9.35740969933139, 15.677532378427943, 13.979093208239016, 13.650529687585882, 13.69406641027328, 11.662417281785533, 11.33156856457176, 12.627917077474537, 13.34791418666689, 15.653585307144246, 12.627917077474537, 18.270909152852017, 15.659105099350183, 15.327440116407539, 14.344892620449293, 13.6318100668972, 14.028083615353514, 12.661577276165374, 12.64613825077577, 11.66864892014015, 12.337316475273242, 14.998681580433033, 15.619644347396243, 15.953594321810211, 14.997371262966032, 14.345102454118564, 11.641308396227439, 13.347320375060384, 14.03307327989884, 11.317813169683333, 12.032814385963933, 12.69307770549068, 13.018134327536286, 13.341566236294952, 14.382517612584321, 14.677958927706007, 14.617687926220013, 13.327168713793863, 12.310680773914495, 11.332629066091034, 12.375676363082807, 12.713484234819674, 11.038674279848093, 12.992327602086059, 13.024190625930851, 14.36576728069739, 14.635703056319862, 12.620002464936826, 13.368039858790588, 11.96884514764323, 10.97167561237365, 11.641308396227439, 12.032814385963933, 11.345761200947164, 9.994560873709725, 7.373307058248925, 9.646997740471086, 13.01637028949687, 14.345102454118564, 15.279898620864206, 12.697164550786486, 9.295265461395116, 12.690838090950713, 13.333974943148585, 10.310516255845384, 12.033753394542186, 10.994919082904147, 10.347183060343987, 11.962367771676856, 10.310516255845384, 10.994919082904147, 15.344320507730892, 8.058797229832642, 11.013830646217322, 9.964753816468729, 9.628045947052463, 11.95195833766852, 10.662614327518053, 11.659356100603082, 9.008573262864536, 9.668356093384194, 9.99298154366426, 9.295265461395116, 16.088552886137244, 10.749084996854634, 6.041126204117083, 13.060369630040762, 15.290838160061176, 13.925584752912854, 6.979739113982338, 8.314896886631402, 10.012511657662865, 8.987940462991668, 9.34452869109031, 8.958211547886425], "v": [1.9262126777091335, 5.6224989844347615, 3.3323623778290825, 3.745686736067036, 2.4069566848832857, 2.9107636714486267, 1.4319647850104804, 1.3913416705420982, 4.103058980867361, 5.942874284940858, 5.389961668235151, 4.103058980867361, 8.134732861516005, 6.3266891332465205, 4.686068711806094, 3.3117794111735734, 4.429243586040918, 4.558000667030479, 2.691301331140992, -1.1063937343244332, 3.345931235889682, 4.008637121475017, 4.0188846170085855, 4.7754045104713745, 7.781087855506132, 6.677259890494387, 4.6610063318221275, 4.7033938951109, 5.665601363094472, 6.247926767247709, 5.039015078105747, 4.61896468302831, 2.2381320677071033, 3.2457854326288778, 3.326426064495434, 5.2348083047900955, 5.634340540073327, 7.772362539455305, 7.694444444444439, 5.740564721977831, 4.350188720869336, 5.253162949689127, 5.928395060529254, 4.914734437165919, 4.987287297838758, 4.2318160618569225, 3.581788065406194, 4.755428191214473, 5.098811965938808, 6.2336193606753145, 6.363947851097631, 4.4328446887549635, 4.7033938951109, 4.61896468302831, 6.28905812930665, 4.660540275307156, 4.607353602916478, 3.703135478634767, 3.9795037587261453, 4.6610063318221275, 8.124466211544721, 7.934068983936043, 6.03641597141655, 7.625424831307194, 9.336549769492034, 3.752721017045531, 5.611431364223729, 4.667066256955216, 3.971911440793741, 3.430153761278209, 3.752721017045531, 4.667066256955216, 11.988297061202399, 9.951785784212877, 5.6118270106694, 10.6858901958801, 10.693028322146946, 8.061697691703264, 4.307975824282993, 5.686647931958316, 4.010875230330807, 4.304629472552219, 4.037426617927055, 6.03641597141655, 12.56975512123219, 14.264517582233596, 8.314896886631404, 10.576078794031984, 10.706760145219535, 9.75079941796779, 8.029271367370049, 6.041126204117087, 3.253262246336255, 4.3837114678907785, 4.968574039484012, 6.042389984725569]}