{"west": 7.0, "south": 46.5, "east": 22.5, "north": 52.5, "cols": 18, "rows": 12, "source": "formation-steer-fallback", "hourIndex": 12, "validAt": "2026-07-22T11:44:13Z", "level": "500hPa", "u": [9.21994941276113, 8.273377166521218, 8.60345042876169, 7.287947602433871, 11.04298757315792, 10.190443657689057, 6.5464987749321235, 6.524297385342388, 5.832564968256464, 5.326103039098763, 5.148801080384289, 4.765514494580132, 4.648752724174836, 3.6132937115655945, 3.9375659584746603, 4.738842345864188, 3.829548606465862, 5.889472334994577, 7.604480163744021, 7.888037051205662, 8.679334049732695, 9.760761194362653, 8.848094883039295, 8.903676721041137, 7.358533311248362, 6.775445423074577, 6.428271466062637, 6.470301243461888, 5.190146580596289, 6.266322567135176, 5.9181621973389325, 3.738366684801555, 3.209999605238568, 2.483874408513512, 2.7315745574698886, 4.094375659003096, 7.582630117302141, 8.366480961932034, 8.755338295499728, 9.865863823029724, 9.86554515333379, 10.215248006425035, 8.713729871124148, 7.833267646690378, 6.843911207936489, 7.201091534948981, 7.008809802734322, 6.264253553908461, 5.605492274595908, 4.289158167137771, 3.3638299440986668, 1.7651941672635219, 2.076049358457912, 2.7665005472905966, 9.342491206638238, 10.401109029024576, 10.75890377957454, 10.578711761389098, 10.018832404467293, 9.925543835345907, 9.741443577993257, 8.696684276054794, 7.2979516895427, 6.613982498714054, 5.840711482945054, 5.672723703207595, 4.404014840308044, 5.527922656150955, 5.578915726161446, 1.9927456047489223, 1.4784373013207375, 1.0538003532063442, 9.973081096119556, 10.428994039826252, 10.659890403526894, 11.264018652252602, 10.331963153400945, 10.126707518242089, 9.23201873508666, 8.726715779347556, 7.639993235524712, 6.913818077469506, 5.641289112083311, 6.399327103476575, 3.743419228719113, 4.206113445963388, 4.441155654627206, 3.2582763079543207, 1.9469605617462173, 1.6129363664196, 9.857791701436648, 11.110212988122244, 12.248297857109742, 11.921271475173642, 11.398456162163463, 10.977706914529387, 9.662383655186252, 9.582946087097245, 8.634427003953558, 7.898831936463687, 6.57195753352, 5.0867375037748195, 4.984320883211828, 3.7826023868056984, 4.0375854494390815, 2.9673212863894363, 2.860967495758926, 2.548357929202587, 9.364233751216586, 10.67986095982779, 10.436579011229632, 12.304772336562273, 11.618231761402964, 10.854149087617861, 10.973997973850935, 9.893280614923652, 8.061867040764907, 8.342657775654585, 7.442030990608831, 5.921855339195145, 3.8407695470626484, 3.7553302467806664, 4.760387550122315, 5.303330105769013, 5.106912741965141, 4.764822893221065, 9.317209654293212, 9.666712072555958, 9.541475913092793, 11.207978758460301, 10.701666700487584, 11.535109517782951, 11.777856070660981, 11.296227346507756, 9.904196887751477, 9.846525388671775, 7.799211543038525, 7.832700156626181, 5.803845994403048, 4.543366165194247, 4.178512786694484, 4.836146321972931, 5.712194339395852, 7.0647294192460715, 10.41381747915942, 10.55225834007474, 11.188627450818696, 10.624189115437973, 11.058812328346473, 11.08587614741799, 12.190591106059655, 10.609188028746834, 9.563122382502048, 9.702093062166574, 8.141973891239678, 7.789545237129909, 7.450513053571333, 5.786117850862453, 5.614120529397379, 5.282492567713833, 5.993301957525283, 7.158746169639165, 10.34980462199429, 11.814630593578228, 13.008277206779692, 13.224881866814945, 12.498989611637523, 12.295009146548837, 12.623294770782238, 13.350805875770138, 12.323511265532545, 13.08295336943807, 12.377915676014903, 11.389576606674138, 8.95518667343815, 7.457762016568164, 6.5593595354259575, 6.890414857167287, 7.043387116675227, 7.826500376355151, 10.954355662006499, 12.372935668957737, 13.797295662935479, 14.262779786140722, 13.88715307728419, 14.672389489808767, 12.72800957299826, 12.315773121345476, 13.238542912844183, 12.214619585643463, 11.707378207150521, 12.040777895487278, 10.647793401030416, 8.41035491381541, 7.382333598800248, 8.415134990836748, 8.0581634776487, 7.919664682500934, 11.229240236880017, 12.688566855774036, 12.47678058235325, 13.453295621778993, 13.798641933828655, 15.287436367520975, 13.130852591855689, 12.595072091383585, 11.963142311941033, 12.261436949283471, 10.799863955214992, 11.609647330182698, 10.557000453397007, 8.706357882413469, 8.674966358935789, 9.321118867430204, 8.105566168349144, 8.04010274952942],