{"west": 11.4, "south": 47.8, "east": 19.6, "north": 51.4, "cols": 24, "rows": 17, "source": "Open-Meteo/icon_seamless+formation", "hourIndex": 6, "validAt": "2026-07-20T06:01:53Z", "level": "500hPa", "u": [20.355510301910055, 20.685599658157248, 20.686583578020386, 21.31760668451172, 21.345778370651626, 22.030937152719318, 22.36355388574713, 23.316013324745075, 23.659624079678956, 23.66197203182365, 23.65224957278527, 23.663062118701262, 24.333333333333332, 24.984770675477392, 24.984770675477392, 24.666666666666664, 24.65164039980436, 23.68001042909135, 23.32755918031504, 23.66443608116361, 23.329095520238795, 23.319119297112234, 23.68001042909135, 23.68001042909135, 20.01428757362737, 20.66870569592581, 21.693126337185582, 22.360166599584367, 22.308538993039264, 22.663137129143518, 23.32755918031504, 23.66443608116361, 23.996957431250216, 24.662000131423433, 24.993478078163083, 25.317900951150424, 25.662757509014043, 25.317900951150424, 25.333333333333332, 25.333333333333332, 25.662757509014043, 25.329474943961912, 25.317900951150424, 24.67940125611045, 23.994848543408512, 23.329095520238795, 23.994848543408512, 23.66197203182365, 20.319625382212617, 20.691580545301022, 21.33974226028842, 22.332288411929746, 22.308538993039264, 22.693643241994323, 21.670590977502197, 21.99929958285938, 21.66930798064396, 21.99758947389936, 22.66334249706908, 22.985989021439202, 23.663062118701262, 24.0, 24.31851012413133, 24.984770675477392, 25.345661807456512, 25.678792083129544, 25.6592311013328, 24.99452148151004, 23.996957431250213, 23.66443608116361, 23.996957431250213, 23.979027921657256, 20.643367910456725, 20.643367910456725, 19.34278038794806, 18.67661582986449, 18.34409447977788, 18.335947846465924, 19.009137179951093, 19.341658530037705, 19.334577381220498, 19.66745389280536, 20.333206915975072, 20.333206915975072, 20.320946816054946, 20.996801598284215, 20.999999999999996, 21.32033764307404, 21.664712962314507, 22.330465985484224, 23.01374987774529, 23.32755918031504, 23.331914731077, 22.995494280951124, 22.995494280951124, 24.683490852717696, 18.663823642919304, 18.663823642919304, 18.333333333333332, 17.997258512815044, 17.989034886343724, 18.655295437689787, 18.655295437689787, 18.997106207971434, 19.334577381220498, 18.655295437689787, 18.34409447977788, 18.34409447977788, 19.010715488584143, 19.010715488584143, 19.334577381220498, 18.98842571336282, 18.997106207971434, 19.333333333333332, 20.663519033232088, 20.98720736740101, 22.33435068081717, 22.00182933073057, 22.65299872783289, 23.316013324745075, 17.655904610670692, 17.997258512815044, 18.333333333333332, 18.666666666666668, 18.663823642919304, 18.98842571336282, 19.66367133807569, 19.996953903127825, 19.987816540381914, 19.654686264708882, 19.66745389280536, 19.341658530037705, 19.67484528731197, 20.332447638640254, 20.00094034018416, 19.979238111728897, 19.341658530037705, 19.00170086963564, 18.997106207971434, 18.655295437689787, 18.33054107786717, 19.667453892805362, 20.332447638640254, 22.00143969471597, 17.989034886343724, 19.00170086963564, 19.34278038794806, 19.341658530037705, 18.655295437689787, 19.330388773023564, 19.996953903127825, 20.330236468179955, 20.333333333333332, 19.667453892805362, 19.996953903127825, 20.666666666666668, 20.999999999999996, 21.32033764307404, 21.004265280470744, 20.99895993914479, 20.65407709172798, 19.666666666666664, 19.666666666666664, 18.663823642919304, 16.0, 16.671565288541636, 18.67865058922023, 20.31962538221262, 19.979238111728897, 20.63632932889167, 20.685599658157248, 20.678044825860873, 20.678044825860873, 20.643367910456725, 20.996801598284215, 21.330084163336345, 20.999999999999996, 20.330236468179955, 20.330236468179955, 20.0, 20.330236468179955, 21.330084163336345, 21.653467918747076, 21.66336672838848, 21.333333333333332, 19.987816540381914, 20.339222580297527, 19.001700869635645, 16.652718766426627, 16.326734448962487, 17.346530429518054, 18.34409447977788, 21.68610244066929, 22.331364482223297, 22.995494280951124, 22.995494280951124, 22.66342938158721, 22.66334249706908, 22.33046598548422, 22.0, 21.33183645072965, 20.996801598284215, 20.666666666666668, 20.663519033232088, 21.32033764307404, 21.666666666666668, 21.666666666666668, 21.653467918747076, 21.333333333333332, 21.33183645072965, 21.008893543074652, 19.640316696707814, 17.314812819146294, 16.982752300788615, 17.659780559224668, 17.659780559224668, 23.35240529000555, 24.006653529861932, 24.683490852717696, 25.001175425230205, 23.32755918031504, 23.68001042909135, 23.985379848458297, 22.985989021439202, 23.32977955364913, 22.652858745766167, 22.330465985484224, 22.330465985484224, 22.330465985484224, 22.330465985484224, 21.664712962314507, 21.64159786813674, 21.653467918747076, 21.669307980643957, 21.68610244066929, 20.357354131155336, 18.350636220121928, 17.334949146338, 17.64447224146873, 18.354541662726312, 21.35494391987641, 22.349664839193725, 23.649648599805797, 24.66966812677411, 24.655818777770698, 24.655818777770698, 24.683490852717696, 23.66443608116361, 23.99168897904287, 23.996957431250216, 23.994848543408512, 23.65224957278527, 23.666666666666668, 23.333333333333332, 21.986598194420107, 21.669307980643957, 21.64159786813674, 22.331364482223297, 21.339742260288425, 20.680962813256365, 18.95821678100573, 17.95012160520519, 17.646924506665925, 17.646924506665925, 19.67916305295947, 19.67916305295947, 20.618784183364923, 20.995914757075035, 22.993985846357294, 24.35142595335378, 24.655818777770698, 24.683490852717696, 24.655818777770698, 24.662000131423433, 24.662000131423433, 24.993478078163083, 24.65164039980436, 24.32962724880552, 23.34688015341832, 23.32977955364913, 22.66342938158721, 21.667234683495465, 21.31760668451172, 20.001652163230244, 19.657375539240167, 18.355738510290482, 17.654977602727968, 17.65399168641049, 17.617440111909207, 18.334256175245464, 19.694154347116008, 19.63254366895328, 20.024424311248232, 21.345778370651626, 23.316013324745075, 23.994848543408512, 24.993478078163083, 24.994521481510045, 25.326354589747943, 25.345661807456512, 24.333333333333332, 24.65164039980436, 23.996957431250213, 23.68001042909135, 22.996219008653938, 21.98998413092071, 22.00143969471597, 19.372179071686315, 19.33814916466812, 18.036877804529517, 17.334507219320805, 17.329412240665807, 16.731122509759345, 17.027472279949585, 18.30854947519512, 19.657375539240178, 20.024855048355967, 20.680962813256368, 21.64683613137677, 23.647520623201164, 23.979027921657256, 24.323753878406787, 24.32962724880552, 24.32962724880552, 22.996496988597, 23.68001042909135, 23.663062118701262, 23.994848543408512, 23.663062118701262, 23.66197203182365, 21.63841479535157, 19.372179071686315, 18.332554604675643, 17.336174740020958, 16.63779916805957, 16.653441446150264, 16.957904321758285, 18.676929356248724, 18.9726278128253, 20.72544280288921, 21.67624113516214, 21.330861997216928, 22.004809362285133, 22.308538993039264, 22.993985846357294, 23.647520623201164, 23.66197203182365, 22.996496988597, 21.997589473899364, 21.33183645072965, 21.32033764307404, 22.66334249706908, 23.994848543408512, 23.656403864381957, 22.008321016510628, 17.33318705898466, 16.354492990275276, 16.615642762338585, 16.364530728043384, 16.354492990275276, 17.286207230825934, 18.002588971952562, 16.731122509759345, 17.33617474002096, 18.6479427412792, 19.70239377521537, 19.67916305295947, 19.37217907168632, 20.024424311248232, 20.355510301910055, 19.314794216082692, 21.32033764307404, 22.331364482223297, 22.00182933073057, 19.987816540381914, 19.010715488584143, 20.341496634776593, 21.356222616021423, 19.028775570914647, 15.375798921565886, 14.997371262966032, 15.666864716978797, 15.678962807663241, 15.953594321810211, 16.285555574538932, 15.750867003710493, 16.32743441504235, 16.69504528406669, 16.627689856534587, 16.653441446150268, 17.024410298608693, 17.014871179759506, 18.025312215861263, 18.68399153631495, 18.003684361716203, 17.329691202977482, 17.00444180012649, 18.011896549447616, 16.999601846730286, 