{"west": 11.4, "south": 47.8, "east": 19.6, "north": 51.4, "cols": 12, "rows": 8, "source": "formation-steer-fallback", "hourIndex": 11, "validAt": "2026-07-20T11:11:35Z", "level": "500hPa", "u": [13.71291845458971, 15.400533857654183, 15.739153934111297, 17.0244622997774, 15.856852476542157, 16.03373881771712, 16.205538172322832, 16.791492927686363, 17.377751309915354, 17.496888040079426, 17.62806960314153, 17.95143795587639, 14.1890357121919, 13.687150613265615, 14.68547876476987, 16.143479082361353, 17.316055049461603, 18.080046791838186, 17.154055549544694, 15.075481359191366, 15.706111255554545, 16.227159873724688, 16.256725752511233, 16.78678525652405, 14.739584017398236, 15.991379565639843, 15.922034965149868, 16.177957351369166, 16.29079289752144, 16.923956369256977, 18.146900484789544, 17.560774984203476, 17.249579629668055, 16.50890346951028, 15.598799672769317, 15.220334633583205, 14.579386746301356, 15.196886610762949, 16.568090320082895, 17.26310732694229, 18.05578501745731, 17.611143464110672, 18.635221139690273, 19.325652999219365, 19.38883067476329, 18.395573212460544, 17.1227011312452, 15.8880577686146, 13.39605202257553, 14.778335370606836, 16.032884316494076, 16.607765980986123, 16.863011269576113, 17.606876456410394, 17.906292421641165, 18.34577064097533, 19.005525949726785, 19.803448072543997, 20.35992944583709, 18.361787730839524, 11.805874763160713, 13.388738108484581, 13.791944437370882, 15.140075839028707, 16.08602590262009, 17.05941675774428, 17.419000560821242, 18.559015524870166, 18.96664834576531, 18.491217440601584, 19.555419955011075, 18.87726625043186, 10.962168995790144, 12.08268027958039, 12.624901655687497, 14.46287009355279, 14.090618870350871, 14.928209844055123, 14.96613280254215, 16.1436645856643, 15.25751873940547, 16.417843942830544, 17.193720676402783, 18.301917716882667, 9.068430581907217, 10.790315410070509, 12.53639659479715, 14.189801973952262, 13.702142157438624, 13.100666723828432, 14.907497642050759, 15.687813714535178, 15.706317857289067, 15.42344862151717, 16.603210864020884, 16.697151126181765], "v": [-3.495379084211148, -2.7987513393906363, -2.718623945013019, -2.5747078509328687, -2.596659175478865, -1.4591845411842612, 0.849296267697996, 0.6157160943498858, -0.03032992849182988, -1.192818160041792, -0.4308207414251168, 0.2193291011061173, -3.695966965239651, -3.718716517056265, -3.6887373034600226, -2.817488130828824, -2.341222498260462, -2.4123932961760937, -1.0491869836171077, 0.26314350594882047, 0.5759169551713761, -0.14161227883750244, -0.31214508079606273, 0.7329268727025486, -5.075245785593229, -4.4949740748212905, -4.505481754501946, -3.320857722703699, -2.901832187027684, -2.378506954602228, -1.8432949318106002, -0.5518695865810037, 0.12042674013983798, 1.1254641291468988, 1.6394999106689032, 1.572868580257082, -4.3186111025257565, -4.704222229450707, -4.192371365609259, -4.176385197716553, -3.542404184076694, -2.5378045412518175, -2.35417590378285, -0.16865241869426964, 0.23689103980678505, 1.1573513676021068, 2.773272434837953, 2.973369192265049, -5.035244923836173, -4.321487687633129, -4.8100958128176785, -4.295060319550563, -4.455399761330077, -2.9779802451790642, -2.262090791900188, -1.4116301175334638, -0.23220785615327555, 2.5368802064505718, 3.736746306686593, 3.802543436955937, -5.133340444261258, -5.738420483041522, -5.769295332748562, -6.271224747882906, -5.071904484972072, -3.7819816429934323, -1.7386473969011467, 0.16196207481218106, 0.5629169815149764, 1.1633687923903324, 3.518575409738833, 4.288809666416853, -7.283247667541566, -7.846584319737327, -6.940598418690403, -5.902187957426805, -3.565474712807874, -3.5013800083633884, -1.5465993764114505, -1.2988884119428081, -1.5229028294024642, 0.22925124440191155, 4.1913773016223805, 4.2253306374255954, -9.931198699000598, -10.347540449362583, -7.355060196566639, -6.377149863971468, -3.9031578685374613, -4.536512593901962, -3.3049126606048636, -1.9818317557355627, -1.1533998850419667, 1.078512591277225, 2.1269203650881594, 4.070326693633286]}