{"west": 11.4, "south": 47.8, "east": 19.6, "north": 51.4, "cols": 12, "rows": 8, "level": "500hPa", "source": "Open-Meteo", "hourIndex": 20, "validAt": "2026-07-19T19:59:51Z", "u": [23.297263837136583, 23.316013324745075, 22.666872030903786, 24.66290981385765, 22.985989021439202, 21.377658661749127, 22.393469702134407, 23.387905228449274, 23.599924322433854, 23.988264402840276, 21.706499818551567, 18.651275014010512, 20.355510301910055, 21.978449636792078, 23.32755918031504, 22.3214914293768, 22.319728470093143, 21.335169784131548, 19.007269018619137, 22.635626339366667, 22.96816817907792, 21.34254375327005, 20.979626806562123, 18.931762662543356, 21.638414795351572, 22.332288411929746, 23.647520623201164, 23.68001042909135, 23.329095520238795, 22.331364482223297, 21.354943919876405, 19.293995480942172, 22.324663467164104, 23.44716385480928, 22.71871021926136, 16.750114954243333, 17.330559777651825, 19.973253109812784, 21.00889354307465, 21.004265280470744, 21.99664929344061, 22.66342938158721, 20.6512322064204, 20.66680833720115, 23.30837189952618, 23.368436427421514, 20.626448093370755, 18.378983569203093, 13.638045485990393, 14.318994044075435, 15.663719852050304, 16.989749045874667, 17.00444180012649, 18.663823642919304, 20.347196108647104, 20.618784183364927, 20.59492993889116, 21.296425597033036, 20.011611607364422, 18.65855375230711, 11.997665575471446, 12.342385558138096, 12.693876677340981, 13.322260436581816, 15.00070525513812, 16.9835674836404, 16.99741081765865, 16.358751008369456, 17.957278195305882, 20.409105434813828, 18.95292142663559, 17.286207230825926, 13.988187364129208, 12.991600863803136, 13.018134327536284, 12.664360833567786, 14.70250807597648, 14.315396425278431, 14.674306219032486, 15.651500091637752, 14.340365063256304, 17.64533921253539, 13.060369630040762, 11.745816824906592, 14.690048982432106, 14.315396425278431, 12.661577276165374, 12.627917077474539, 13.341209464695904, 14.345102454118566, 12.666666666666666, 12.991600863803134, 13.347320375060384, 11.666999370667638, 9.913780882523218, 8.261648268333092], "v": [-2.8605443104819357, -2.45061174994166, -1.5850220978526202, -0.4304926921196475, 0.8026884241575202, 4.155395899311419, 6.846370752257429, 8.51250134499442, 10.507363279458172, 8.731014214341375, 5.816239096887203, 6.060166611908697, -2.860780408623565, -3.088869657419228, -2.0408969760076525, -2.346083286674006, -0.779422093022526, 1.86658549051235, 7.679435165026204, 10.078030156211494, 11.702866215508323, 13.336301483202329, 8.053324199504104, 8.82802591191683, -3.815436348181709, -2.7420602266158203, -2.4854545710308775, -0.8269241857564856, 1.2226260888976532, 1.9537412332600086, 4.930177274369717, 7.406270957269534, 11.37498418791865, 12.467078167314211, 7.8226792668177945, 10.877651838216792, -4.320993857516295, -3.163452515258013, -2.57956776874229, -1.4687613082790782, 0.38395294162023963, 1.982793147509228, 4.767712624010258, 6.318477396508043, 9.417193528927799, 14.602219725537209, 11.433426877476114, 10.611111111111107, -3.400346643706447, -3.0435961405821863, -1.6463232964655465, -1.785694580822418, -0.8911650326923488, -0.3257782534959495, 2.4983215398055196, 5.1408402814929435, 7.495941474554239, 10.386960783641205, 12.995692529941897, 10.342605231921855, -2.3321099434911052, -3.3071322429766465, -2.9306123468686827, -2.3490739589943015, -1.5766376542871106, -2.085319876043636, -0.29669090943381116, 2.8844891734673443, 5.49009089979362, 7.834321563670864, 11.388064100788982, 10.386601177352764, -2.719028184115766, -2.99934739125153, -3.2457854326288813, -3.3934052580108203, -6.240844413370338, -2.7826311825746144, -0.7690478014588132, 3.042343426281574, 4.937783675933544, 6.4223782468931105, 10.576078794031984, 10.575980972727509, -2.590251983531704, -2.7826311825746144, -2.6913013311409846, -4.103058980867353, -4.334821726648563, -4.661006331822119, 3.878048197299952e-15, 2.9993473912515385, 5.665601363094472, 7.01024046405352, 11.404500323366335, 11.371183309825652]}