{"west": 11.4, "south": 47.8, "east": 19.6, "north": 51.4, "cols": 24, "rows": 17, "source": "Open-Meteo/icon_seamless+formation", "hourIndex": 9, "validAt": "2026-07-20T08:46:42Z", "level": "500hPa", "u": [20.357354131155336, 20.685599658157248, 20.678044825860873, 20.319625382212617, 20.332447638640254, 20.678044825860873, 20.63632932889167, 20.97543280982064, 20.671743930384135, 20.65407709172798, 21.330084163336345, 22.319728470093143, 22.0, 21.997589473899364, 22.331364482223297, 22.984506026288983, 23.647520623201164, 23.647520623201164, 23.647520623201164, 22.99939338099039, 23.316013324745075, 23.316013324745075, 23.32755918031504, 23.316013324745075, 22.693643241994323, 23.021556572791773, 22.993985846357294, 22.66342938158721, 22.334350680817174, 22.334350680817174, 21.99758947389936, 22.334350680817174, 22.334350680817174, 22.66342938158721, 22.331364482223297, 22.334350680817174, 22.99939338099039, 23.329095520238795, 22.652858745766167, 23.663062118701262, 24.013140704764385, 24.66060156657823, 24.32947878133682, 23.329095520238795, 23.32755918031504, 23.647520623201164, 23.979027921657256, 23.979027921657256, 20.352693562252302, 21.33974226028842, 21.670590977502197, 21.978449636792078, 22.3214914293768, 22.993985846357294, 22.638628349286456, 22.984506026288983, 22.993985846357294, 22.663137129143518, 22.666872030903786, 21.99758947389936, 21.653467918747076, 20.99895993914479, 20.66608342755993, 21.330084163336345, 21.330084163336345, 21.66336672838848, 21.986598194420107, 21.997589473899364, 20.97543280982064, 21.667234683495465, 22.65299872783289, 23.297263837136587, 20.686911446357545, 19.998873024910814, 19.70239377521537, 20.323733481913518, 21.01568901440444, 21.64683613137677, 21.97606557824181, 22.36355388574713, 22.308538993039264, 21.667234683495465, 21.336786630557352, 20.98720736740101, 20.663519033232088, 20.65407709172798, 20.320946816054946, 20.000330404390215, 19.987816540381914, 20.320946816054946, 19.67484528731197, 19.67484528731197, 18.676615829864488, 19.337925743271978, 19.98877666499885, 21.339742260288425, 20.69964216055459, 19.998873024910814, 20.323733481913518, 20.686583578020386, 20.686583578020386, 20.685599658157248, 20.685599658157248, 21.335169784131548, 21.66930798064396, 20.643367910456725, 21.331836450729647, 20.99895993914479, 21.309076518050137, 20.663519033232088, 20.996801598284215, 20.999999999999996, 20.333333333333332, 19.667453892805362, 19.667453892805362, 19.010715488584143, 18.014520790492398, 17.680389250991524, 18.334533078929976, 19.3270792305713, 19.698805848111366, 20.01428757362737, 20.357354131155336, 20.357354131155336, 19.973253109812784, 19.640316696707814, 19.988776664998845, 20.97543280982064, 21.336786630557352, 21.641597868136742, 21.641597868136742, 21.99929958285938, 22.33046598548422, 21.986598194420107, 21.333333333333332, 20.999999999999996, 20.663519033232088, 20.330236468179955, 19.654686264708882, 19.654686264708882, 18.665381796143752, 18.01737736182579, 17.659780559224668, 17.32969120297748, 19.000216263312087, 20.686583578020386, 20.680962813256368, 20.686583578020386, 20.678044825860873, 20.63632932889167, 20.97543280982064, 21.331836450729647, 21.99758947389936, 22.663214423544865, 22.985989021439202, 23.319119297112234, 22.985989021439202, 22.996496988597, 22.333333333333336, 22.996496988597, 21.986598194420107, 20.97543280982064, 20.31130301109281, 19.979238111728897, 19.00764543056736, 18.68377110959135, 18.01737736182579, 17.311981747653665, 19.63254366895328, 19.698805848111366, 20.01428757362737, 20.995914757075035, 21.638414795351572, 21.978449636792078, 21.667234683495465, 22.66334249706908, 23.666666666666668, 23.996344683753392, 24.346270980437417, 23.65224957278527, 23.65224957278527, 23.66197203182365, 24.013140704764385, 23.331914731077, 22.995494280951124, 22.66342938158721, 21.667234683495465, 20.31962538221262, 19.98877666499885, 19.314794216082692, 18.68377110959135, 18.025312215861263, 19.70239377521537, 20.311273625022913, 20.618784183364923, 20.618784183364923, 20.948956392882558, 21.29585639646182, 22.663137129143518, 23.32755918031504, 23.66197203182365, 24.984770675477392, 25.32704283159665, 24.987883677134615, 24.32947878133682, 23.996957431250213, 24.66200013142343, 24.014102724433098, 24.66966812677411, 23.656403864381957, 23.35240529000555, 21.648360280544882, 21.670590977502197, 20.678044825860876, 19.644023662947735, 19.314794216082692, 19.2916852528289, 19.998873024910814, 20.649782682158122, 20.651232206420403, 20.651232206420403, 21.682271816266027, 22.021395588189655, 22.030937152719318, 22.3214914293768, 24.013140704764385, 24.66290981385765, 25.345661807456512, 25.326354589747943, 25.326354589747943, 24.99452148151004, 24.655818777770698, 24.683490852717696, 24.323753878406787, 23.986493220629146, 23.647520623201164, 23.3538219544887, 21.97606557824181, 20.988377237646674, 20.352693562252302, 18.043655573044163, 18.6479427412792, 19.67916305295947, 19.98929834959322, 19.98929834959322, 20.69964216055459, 21.682271816266027, 20.981876293343436, 20.685599658157248, 21.68610244066929, 22.334350680817174, 23.996344683753392, 24.65164039980436, 24.993478078163083, 25.326354589747943, 25.333333333333332, 24.66200013142343, 25.01555575208161, 24.979078149639935, 23.986493220629146, 24.03374962114835, 23.690097614127, 22.659227484583575, 21.67760030113591, 15.942411277134479, 16.651632692499078, 17.34630571232951, 17.34630571232951, 17.977423595169157, 18.66631671400346, 20.34149663477659, 20.352693562252302, 20.680962813256368, 20.024424311248232, 20.355510301910055, 20.643367910456725, 22.33046598548422, 22.66334249706908, 23.65224957278527, 24.993478078163083, 25.659564181683255, 25.32704283159665, 25.332682723686293, 24.03374962114835, 24.34663611613514, 24.290665418222844, 24.372177718283993, 22.714760950373933, 15.00486727293887, 15.281356298090186, 16.63779916805957, 17.0449800381444, 17.334507219320805, 18.35573851029049, 20.686911446357545, 20.975831882402726, 21.377658661749123, 22.030937152719318, 22.308538993039264, 21.98998413092071, 21.66930798064396, 22.319728470093143, 23.333333333333332, 24.32962724880552, 24.993478078163083, 24.66200013142343, 25.31994857649853, 25.01555575208161, 25.03177618207858, 24.674905367139214, 24.332185784497955, 23.631016691817006, 15.011106998930277, 16.045526231228358, 17.003374503261348, 17.712631373181537, 18.311881127694043, 18.023288789320976, 18.94187561621181, 20.37460410621246, 19.63254366895328, 20.028124684290294, 21.01568901440444, 22.00143969471597, 22.66342938158721, 22.996219008653938, 23.68001042909135, 23.663062118701262, 23.663062118701262, 24.346270980437417, 24.346270980437417, 24.683490852717696, 24.675800158860646, 23.995331150942896, 24.332185784497955, 24.306079214060478, 15.382650188615168, 15.585294720985805, 15.337195092268267, 15.382650188615168, 15.636569790552372, 15.91758299348455, 16.615642762338588, 18.6479427412792, 18.350974846118827, 18.992365914248065, 20.323733481913518, 18.354541662726312, 19.988776664998845, 20.643367910456725, 21.653467918747076, 20.66608342755993, 21.653467918747076, 20.996801598284215, 22.985989021439202, 22.66334249706908, 22.02139558818965, 23.005959862984717, 23.665182744082173, 23.961340563325116, 13.731521529053216, 14.632980194319307, 14.641651017533697, 14.72332774837523, 15.381391007043462, 14.35834019220508, 14.324698078440388, 15.34831280616984, 17.035693389129094, 15.61964434739625, 16.635389230533956, 17.014871179759506, 16.982752300788615, 18.34340384790371, 19.34278038794806, 19.654686264708882, 19.987816540381914, 20.333206915975076, 20.671743930384135, 21.003104884767637, 22.030937152719318, 21.030153898281323, 20.98754702798663, 21.953554584479793, 13.67073110293991, 13.286258912748274, 14.600088129324552, 14.292633567290743, 13.333687625260252, 12.3555433346923, 12.67764966095554, 12.967270245982473, 13.677748146994892, 13.977773607833104, 14.340365063256304, 15.031976604776178, 16.00987948355394, 