{"west": 11.4, "south": 47.8, "east": 19.6, "north": 51.4, "cols": 12, "rows": 8, "level": "500hPa", "source": "Open-Meteo", "hourIndex": 7, "validAt": "2026-07-18T06:35:01Z", "u": [18.367438280445903, 18.011896549447616, 19.3416585300377, 19.641443518410146, 18.347466718072983, 18.354541662726312, 13.955477231575816, 16.363590253325956, 17.65399168641049, 14.345102454118564, 13.69406641027328, 10.012511657662865, 15.976410811985492, 17.346530429518054, 16.989749045874667, 17.682455891128484, 18.34340384790371, 19.97288190449618, 18.02328878932098, 19.008734795068026, 17.044980038144395, 18.270909152852017, 14.012129435887145, 11.01640464708553, 11.333067897820193, 14.669197956682032, 15.330329520634082, 16.9835674836404, 18.025312215861263, 18.68377110959135, 20.342042154090784, 20.668852587696936, 17.027537460341822, 19.33814916466812, 17.33318705898466, 15.327440116407539, 11.333067897820195, 13.009923661108196, 13.661085466058147, 15.666666666666666, 14.985678439151501, 18.34409447977788, 15.330997992398, 20.655595871182317, 19.99418080081507, 19.97288190449618, 19.67690180247293, 17.97025337129135, 12.675333704304267, 13.647050453109083, 14.309207019495725, 13.328564115971542, 15.988734916664407, 18.668824358050784, 13.671200837904456, 13.34791418666689, 15.661543679765142, 20.37460410621245, 18.308549475195125, 18.036877804529517, 14.331379550398838, 12.996042765884932, 13.344231594288884, 12.323335966561762, 11.663157254067384, 11.992689924229149, 13.024190625930851, 13.368039858790588, 11.721670123069895, 12.688131356147235, 14.617687926220013, 14.595654314733185, 15.662394419997998, 15.0, 12.658950475575212, 13.328564115971542, 12.987626476409977, 11.678417614768767, 11.33342348585058, 10.071681154485304, 15.375798921565886, 11.345761200947164, 11.345761200947164, 11.593177718422023, 15.333333333333334, 16.321256266751014, 14.008553195862772, 13.331302602085216, 12.680154165945485, 11.00082191051439, 8.323414169632585, 8.621822310923662, 9.031490188664565, 11.378611555278875, 11.718091546570786, 8.073170828966516], "v": [3.9041195275779192, 1.8931266125141684, 1.3525005187055483, 3.4633164323571126, 2.578568287232333, 2.9070738086642964, 7.420258867365886, 6.281393782307897, 4.401634489382847, 4.6610063318221275, 2.9107636714486267, 3.253262246336255, 3.3958909500233974, 1.212987571217297, 1.7856945808224134, 1.5470144337709362, 1.9279694336033864, 5.727131726419867, 6.918492359277319, 7.296769639352913, 6.2038653775461565, 8.134732861516005, 5.947796067003392, 3.5794468515098115, 1.5927588220985325, 1.5417948331978888, 1.3412300411722982, 2.0853198760436316, 2.854928986984219, 2.9592186303443726, 6.60953015746416, 9.638044246919835, 5.2058406313131815, 6.283345552290603, 7.003062149136362, 4.686068711806094, -1.5927588220985254, -0.6818212077205736, 0.9552761543292769, 4.796533296660467e-15, 3.73634927648376, -1.2827440449614116, 0.2676035653716822, 8.345402442210048, 7.675046919428508, 5.727131726419867, 7.949984371382142, 5.152887235134453, -2.00757563468297, -1.4343628015061374, -1.7569497007575439, -0.9320239964145602, -1.1180412597322273, 0.9783916264305834, 1.9213619771431325, 5.942874284940858, 5.700335722094478, 6.229141597842763, 7.027993677193939, 6.564886639945473, -2.0141440444498344, -0.9087718384998519, -1.638465616891428, -1.7319319230585906, -1.6391498557518804, -0.4187939604300139, 4.2318160618569225, 6.2336193606753145, 7.906366329628057, 5.6491200427194475, 7.772362539455305, 8.76995388666287, -1.370281955421508, 4.592425496802574e-15, -0.44206029156501464, -0.9320239964145602, -2.760605228080237, 0.6120399327299787, 3.6824525163014603, 7.5895561253063875, 6.212226007480547, 6.28905812930665, 6.28905812930665, 10.07779563977085, 4.694479396731521e-15, -1.1412934176469356, 0.7341571639635135, 0.2326987524971149, -1.3327379066625853, 2.9476613470009307, 3.7058227480239574, 5.387512519704252, 3.2871935997411486, 6.56944444444444, 7.609817628126628, 9.287120667741334]}