{"west": 7.0, "south": 46.5, "east": 22.5, "north": 52.5, "cols": 18, "rows": 12, "source": "formation-steer-fallback", "hourIndex": 5, "validAt": "2026-07-22T04:46:56Z", "level": "500hPa", "u": [5.072426985456537, 6.22915562420871, 7.35778312406534, 6.697123032379916, 7.2499795350182135, 6.368082777630355, 6.8404620476404245, 5.754603784031237, 8.168800450166351, 8.547127868157812, 9.736979878987459, 10.342665872302904, 9.366418564075387, 8.434493537955905, 7.611061873812121, 7.673183796352406, 10.477203274574197, 6.889085038371676, 3.04520962893824, 4.479735484591643, 5.251753351762765, 5.833960914107523, 5.261468672482099, 5.683449437640127, 4.5437835196228225, 5.509788803211022, 6.420775180553654, 6.969150089397208, 6.362663621948518, 7.463600481875851, 7.747439115825366, 6.052800459657785, 5.835320604386442, 6.9905818765526115, 8.786013742628825, 8.465071484929695, 2.78253492587003, 4.736978141610062, 5.478451601091865, 5.837799417083853, 5.848764308656897, 5.664847937372392, 5.140044061735248, 6.350776393050842, 6.787661507570204, 6.298597411794413, 3.5121387823757133, 6.124290842640431, 4.959420298873274, 5.947935238358764, 4.57643948367938, 5.837821821919445, 7.21766097125639, 6.8552452474946275, 4.817887943297478, 5.070900477610609, 5.282512686621631, 4.96868676156283, 4.939792628770177, 5.143580440656421, 5.365801657306159, 4.596262016948635, 4.026560991868832, 3.531595069127947, 3.4793059153132115, 3.7996255764858096, 2.9789901216928496, 2.140816364678825, 1.4113157375445178, 2.389080349163694, 3.452433604442006, 5.7470270243887684, 5.904870639038702, 5.3254812884069755, 5.398937276687467, 5.45128844000836, 5.572808031077104, 5.381428275660579, 4.996591589618477, 3.80057378029332, 3.3162784223599515, 4.354809197733713, 2.6115881957492015, 2.6679763446230447, 2.3715742711292096, 1.383068946098858, 1.3374079827121104, 2.578605686116921, 3.4755694387381197, 5.201787198782241, 6.270700191238877, 6.537925859774721, 5.823056536273424, 5.67165643840748, 5.637014012405532, 5.083854997757994, 4.121869147294314, 4.574463372728186, 3.497554091749402, 3.0664141239259584, 3.9675362390986204, 3.8589186257502397, 3.3595397213344405, 2.7966263686574395, 2.9297448491096882, 5.2226566901605755, 6.039757823348441, 7.040090633398863, 6.519445029944837, 6.767342958782272, 6.834666522682687, 5.624751645405807, 5.75329031017674, 5.9287883458680035, 4.42603009039498, 4.765277601987481, 3.2097006610001415, 3.029883852089413, 3.841762051002647, 5.23347712638828, 4.590699516950579, 4.855077948477437, 5.247652024623087, 5.737469535587869, 6.327429514342902, 8.032487726983115, 8.963785301903243, 7.828490026543188, 7.662117575198307, 7.7832043392257475, 6.596731350398476, 6.517568864025522, 5.702516259895796, 4.6239176312767665, 3.8349035737485075, 3.5576502591846504, 4.30723486627895, 4.006349959697725, 4.710897507845409, 4.973158166140659, 5.172951861575049, 4.932709271393711, 6.070980499611175, 9.34619672639061, 9.958243928942627, 10.244290217870779, 8.490865851655107, 8.545123068689001, 7.595916400938443, 6.874204007045383, 5.9546248916859295, 5.621262785608968, 4.782406341151969, 4.353457824064765, 3.9227220575945023, 4.62071384612141, 4.092445874562348, 6.432047273813401, 5.400575830948024, 6.084220070048773, 6.92161858698689, 9.42603618384736, 7.7692873875800945, 9.063357934964333, 10.735636326452104, 9.289016378107922, 10.992009266746107, 7.642924125529358, 7.378891210712099, 7.046958394489637, 6.103110198471248, 5.96088119636278, 5.240124624107445, 4.22999898967356, 4.119299771942721, 4.97925276505559, 6.079770182409693, 7.39596545722218, 8.741846307146318, 10.970835623393528, 8.57598553043192, 9.359126210366266, 9.187986495178375, 9.976122153520697, 9.87019796308232, 9.481475222695838, 8.192227130749044, 8.551027354815648, 7.30060865193444, 7.008910945401578, 5.5435791177231994, 5.738387606631688, 3.5488424856701943, 4.800327120270492, 5.847144225183628, 8.01140611834439, 8.98243090290343, 11.67992483569061, 9.700117146719954, 10.226095382933256, 11.052069568302148, 11.099180462265776, 10.109930352730432, 10.343902317560955, 9.7525531057989, 10.099558168327231, 8.145648932239757, 8.055429950166976, 7.288656271672645, 6.368666532499777, 6.301755325481632, 6.836685449736784, 7.829131717579035, 8.328390115023886, 8.819831653634106, 8.828958768449791],