{"west": 11.4, "south": 47.8, "east": 19.6, "north": 51.4, "cols": 12, "rows": 8, "source": "formation-steer-fallback", "hourIndex": 21, "validAt": "2026-07-19T20:34:26Z", "level": "500hPa", "u": [16.624573150330324, 16.859478639712233, 15.945313754113863, 17.986791729329408, 17.97771024952437, 17.80521202119711, 20.601624781757547, 18.998263054857997, 19.82976565711303, 17.72261401246857, 18.659099525950577, 16.80486883189162, 15.298246655598122, 15.740564181061147, 15.821461364427016, 17.48646816335516, 17.971366275160456, 18.35897358203656, 15.683796105425674, 18.76515453819758, 19.209009354539237, 18.191525398269075, 17.260742632188734, 13.538253545216536, 15.375281076393199, 16.431676707212198, 16.19136818284455, 18.502936077995543, 18.341784540910574, 17.95266840331194, 18.043223416258993, 15.847042518764253, 18.62693665807108, 19.48217660139772, 14.58113117133927, 12.923090559472481, 14.140202798239008, 14.327357758181655, 14.140103414988978, 15.139872677557634, 16.59590770072219, 16.86612968019219, 17.726466428710186, 17.19120854661669, 16.42577357181614, 17.03249207023057, 16.467523843156147, 12.357012119507532, 11.845017450126042, 12.12973691559355, 12.394197913700868, 12.753636278335232, 14.46258815018718, 15.00887670631972, 16.564353051333867, 17.384246059082034, 16.017579412143487, 16.0121342416615, 15.904626269562035, 15.240301224519008, 11.463348402879436, 12.596139651457031, 11.736161689448576, 11.436131928380576, 12.756070483662539, 12.785406326852803, 13.79117827698319, 13.658147623638602, 14.813192924927483, 17.178985289262922, 14.411234678681488, 16.70620421165487, 12.681305367849811, 13.649831823174328, 11.899402869713677, 12.635104393633307, 11.331725158893521, 12.134940661362236, 12.86560642102463, 13.216090965116164, 12.801918885551554, 13.929601138973746, 12.254532968339245, 12.622276481524205, 14.381227954462261, 13.924320155021523, 13.214600028997824, 12.905295541910274, 12.767224918715796, 11.021767563198098, 13.569332171240577, 11.691666666666665, 11.796852174543526, 11.642493199686069, 10.844291904809259, 10.101405199009609], "v": [-1.9529385048905044, -1.1493639465612167, -1.7040624550668726, -1.0371118857215356, -0.5021629164326293, -0.8396724838993823, -0.3236361837789733, 1.6621326439834636, 0.5538955081787952, 1.5817011627166393, 5.034611441336736, 6.31653492677663, -1.7430150386541858, -2.0722845878714025, -1.942631186473439, -2.2710956863176923, -1.9840573080322597, -1.638494741270201, 1.4273372595314286, 2.0716923481396896, 3.803486274792203, 2.2981240965499232, 4.04847063467017, 6.341781370043581, -3.100200479029821, -2.838243398593592, -3.088668668754693, -1.814228744688851, -2.38218188836584, -0.06266688915719615, -0.4409668820746213, 1.7215397297750332, 5.270891782293784, 3.190328768282186, 3.9616056589360653, 8.012655623746701, -1.9872759041255998, -2.62956221581649, -3.4993218187521435, -3.135316905428747, -2.628533552856545, -1.4755951445749358, -0.30941662246100493, 0.9611377741670184, 2.250051094650405, 4.5638424953077825, 6.124217220306893, 9.345534865692537, -3.0633297996049635, -2.9793491444502447, -1.7860312031790173, -1.974367209376779, -3.5255989576823614, -2.8088349286614513, -1.2454799622817756, 0.9414971121724424, 1.6270063846454357, 4.987224450679534, 4.680986069907522, 10.592285284676473, -2.8793940976375705, -3.588104767041164, -3.100827672720566, -3.6717402740568565, -3.609604108336501, -3.7387144517489936, -1.0611733348819266, -0.6202128543671832, 0.5172880955681826, 4.251369051729576, 4.433474681558182, 8.585822729919139, -2.7186363061053984, -3.352720264854495, -2.399340492935503, -3.1971729292870603, -4.440854529375779, -4.3927871952495305, -3.327272053879021, -1.3890671340901515, 0.4470528584543992, 3.5506108078894303, 4.147930565702189, 6.1835894429748075, -2.5099260736623257, -3.1635279222579773, -2.6645307579441644, -3.16984461404425, -4.123701288814079, -4.6105052445469275, -5.208778599988288, 7.159081080015568e-16, 1.889549575726482, 3.760422841942363, 5.525442707246734, 5.950182391321255]}