{"west": 11.4, "south": 47.8, "east": 19.6, "north": 51.4, "cols": 12, "rows": 8, "source": "formation-steer-fallback", "hourIndex": 20, "validAt": "2026-07-18T20:29:10Z", "level": "500hPa", "u": [13.182427165544611, 13.46208092267763, 13.859138080425016, 11.859519010251462, 14.788243349208248, 13.642302394355037, 12.986375983287326, 12.869498154730959, 12.579083820968153, 9.670991685243669, 10.994874369876426, 10.453932902725676, 12.161028450538735, 12.404977293471674, 13.051827986140628, 13.619009368098936, 14.228041017511806, 10.8122814421207, 12.477219122529608, 11.480027422858782, 10.862193149415058, 12.754502407402512, 11.087564714599647, 11.306501352179648, 11.468038088712522, 11.489798603157078, 11.61841038319186, 12.15924939683586, 10.986572891355243, 7.752249679270273, 9.353141080478077, 10.577759914669082, 9.090586206705936, 11.321570186920384, 8.64526063411583, 8.459674054286504, 10.078704825103662, 9.340218134000366, 10.32478792018918, 8.176768905627801, 9.109321486521607, 10.732092019118715, 9.786855169874553, 10.437941197851572, 10.699381847958792, 10.25770487687546, 9.240681617690166, 8.595455566719755, 9.114431268307296, 9.227213758735877, 9.547460837382108, 9.231888200279627, 9.008572251187534, 10.53254126018343, 10.48737410023177, 10.879259972018614, 9.630287942189362, 8.865962101789586, 9.010527332177833, 8.37012727295591, 8.206908955459053, 8.782461116619537, 9.059789056967883, 9.25931771894365, 7.774496769178412, 8.349181585235312, 8.409724532847182, 9.141381227352719, 9.393235084308724, 8.459318911631236, 9.122698507477809, 8.482228915658501, 10.799863955214992, 9.198304551519126, 10.358724614923018, 11.62840977263795, 9.818058141104538, 9.66959318014805, 9.134157732305926, 9.20845013183052, 8.611281386753928, 8.40095552895583, 7.855442382067922, 8.948267573626426, 10.59526257845007, 9.8513375357928, 9.472706750176544, 9.657954922248889, 10.56072679849229, 10.96046005520451, 11.077363447552582, 10.56036250810227, 10.088821758166228, 9.574169563238698, 8.882399488292842, 8.517546501857177], "v": [0.5294609684260901, -0.7055177656861291, 0.36291430279054115, 3.4904462602200605, 1.3979005707521006, -1.6026022082116733, 1.4337092561575855, 2.4317169209527676, 4.479210266081875, 1.809876899639595, 1.4084758906213575, 1.786923475497724, 0.48843735828169577, -1.4572499149087543, -0.5926800407387336, 0.7614208340803652, 4.3771169525553235, 0.6045003811551377, 3.981988561843576, 2.3773993890337803, 2.2099381730328482, 1.7471495012410656, 2.054958654820479, 2.7144508141689445, -0.020015522662806852, -0.9850232122355049, -0.4666435653924847, 0.5308842937256103, 3.998785509049277, 1.918487839228148, 3.5342575005095442, 3.6215766895765333, 1.7835021065663923, 1.3700605328767892, 2.6431214250559636, 3.095801082058758, -0.5634870809587702, -0.9816964841887129, -0.7219795032516971, 0.12845095046111288, 2.8721580322095637, 0.8446339597035091, 1.8846512484659184, 1.8780820515004704, 1.867341061368033, 1.1143433521389494, 2.2868375043599527, 3.368522202072442, 0.9901440930770232, -0.8235068890266174, -1.9424528610231073, 0.03222549994026748, 0.7564709475695017, 2.0664024407114066, 1.9626587158429374, 1.5483479820696573, 2.6888247064018023, 1.5952383690455803, 2.532745007543536, 3.4157856686130605, -0.21490547423310746, 0.1993019233997805, -0.4748034252484849, -0.2909857820154383, 0.5572828577708782, 1.3971738301678192, 1.4223984355327544, 2.009863013581722, 2.5873280057916177, 1.9841153380725876, 2.719594541935679, 2.9372351126415945, 1.4218290633081465, 0.17661647007714468, 1.070470056709413, 0.8539370345645406, 1.2925718757346787, 0.8970210380921652, 1.5449271397172235, 2.53642974993998, 2.0356206605908516, 1.6482019467579074, 2.031555532897287, 2.6336183668843867, 1.7160580812256947, 2.2020348312084312, 0.5296065286226428, 1.702958031258605, 1.7293853355574957, 1.151990772262264, 2.2738561582922823, 1.5217714843413064, 2.16285597751735, 0.8881688567952033, 2.631086596076617, 2.93282645806822]}