{"west": 7.0, "south": 46.5, "east": 22.5, "north": 52.5, "cols": 18, "rows": 12, "source": "formation-steer-fallback", "hourIndex": 12, "validAt": "2026-07-21T12:26:47Z", "level": "500hPa", "u": [10.813529437822057, 11.155099947742789, 10.528936412886024, 10.431298612838004, 12.766569495707634, 11.531505343335853, 11.76155398091254, 9.215694633623981, 11.423415597828972, 10.666259506248677, 12.002078537121292, 11.171548445376791, 12.648439400893006, 13.125247476252117, 12.566124668647346, 12.241848265931955, 12.344409586907794, 13.450777973067165, 6.773133433198844, 9.10505751346821, 10.714578783950447, 11.591795295024689, 9.683423147334361, 9.240596989560002, 11.797079151772099, 11.796644242684575, 11.212792834749079, 11.828002880108945, 13.726885853431817, 13.480555555555556, 13.470845472068891, 14.772793987449557, 13.84891792189969, 13.95409172716554, 14.6091462294671, 15.551613468126689, 7.208915401499725, 9.250812170360062, 9.389638223374737, 10.245800129680937, 10.906092344093883, 11.382760006092031, 11.213315901474875, 12.14114827010042, 12.454281528531943, 11.626006810901814, 12.616498897355395, 13.760600038554736, 12.944324132318267, 14.790660620950144, 15.340949935517205, 16.076440392252007, 16.600992071039425, 16.066856391113564, 3.657449766597142, 5.9616861641965, 5.849995972471794, 7.899464011214598, 10.436416106186604, 10.962966118738136, 9.261104093496073, 9.474912984308427, 10.53137665895988, 10.623225395687987, 12.019257985554132, 12.0005914782954, 12.811016492944148, 11.531672826216049, 10.884861247876598, 11.237755908955469, 10.937008651959527, 10.636554107969289, 2.1449944185860037, 3.141814522553376, 4.287483861724068, 4.919976049169092, 6.63989516937218, 10.428484583202483, 9.068406531430025, 9.04003772820126, 7.624561514765661, 8.14730435822723, 8.558976184632098, 9.398491207901188, 9.502409477543935, 8.098476749208885, 8.63296400502299, 8.92639692865995, 8.661616852500964, 9.50776588759708, 2.8542846855860895, 2.769178719718591, 1.8188931554936123, 3.9133321474593665, 3.5586107925394126, 5.681677737423051, 4.9767625811353025, 6.512862650980694, 6.732331360222857, 6.169167902627922, 6.492482508143332, 6.4741893862494235, 6.952469178557018, 7.503822782837436, 8.595455566719755, 11.553764193391924, 12.063904181380167, 12.902195757832663, 1.3598465823924195, 2.2140741295462707, 1.789298178093494, 4.322204360631842, 3.0639825180573874, 4.162385593855699, 4.465755660156132, 4.202282483656091, 4.481001541091225, 4.288227149343037, 4.603999670347911, 4.9370429974967625, 4.957172822888865, 8.978369259746238, 10.078667435982924, 12.75229347337508, 14.15878437869163, 14.625817218134122, -0.44929341507014425, 0.2530283401759243, 0.9071206231852533, 1.3481120604533408, 3.4291829588316447, 3.2297975069646023, 2.8893513900852037, 3.6539107412055145, 3.7380300304979825, 3.7392437365474933, 5.732634488431328, 6.668419215168613, 9.859872528976785, 9.71111050380679, 10.839839822771852, 13.959560850627774, 14.090678132662118, 14.957569852909982, -0.9259212382616068, -0.8213218257539711, 0.18196635943094347, 1.0957092496429195, 1.9760115151785524, 4.138501400917618, 5.092970737506773, 3.8399826589436117, 4.405902640533445, 4.643694248024494, 6.107576418639771, 8.050427816012844, 10.739160363968297, 11.179635220621968, 12.577643122400358, 13.133373684510389, 13.139755928771782, 15.411993716824266, -0.8999717651911552, -0.37106844469375067, 0.06935688182127768, 0.36807024534875044, 2.2645006708094813, 4.824418246165517, 6.156566821906206, 5.416229038478553, 5.579130684037763, 5.618083287881737, 7.207274182147488, 9.285855901602638, 11.053659442179603, 11.988685633412501, 12.432213556424362, 14.353566146072719, 13.784917969476622, 13.184480361874941, -0.6240517374674265, -0.5196394262008354, -0.1498607356401629, 1.0814427358258358, 1.3623044126288906, 3.7955778791095067, 4.952225811815026, 5.4264690545312195, 5.597835257225602, 6.488602250835701, 6.59430302503156, 8.0999994153556, 9.380126989398397, 10.116010929861693, 10.67801153707623, 10.371940755437771, 11.533169583466185, 13.896654311765548, -0.07136399415693916, -0.22210599754071256, 0.1534288483934979, 0.3117839847111576, -0.1545425497735268, -0.23119023114374804, 0.8386026260294239, 3.508534545591979, 6.014663791527548, 5.759691690193582, 6.332886675592361, 8.263706336575106, 7.02829042896946, 8.843572565006651, 6.776567421974467, 8.406934469139847, 9.59350996237868, 12.963928743143121],