{"west": 11.4, "south": 47.8, "east": 19.6, "north": 51.4, "cols": 12, "rows": 8, "level": "500hPa", "source": "Open-Meteo", "hourIndex": 11, "validAt": "2026-07-19T10:34:28Z", "u": [19.365171308251465, 17.92908270635251, 19.99418080081507, 9.718799294482904, 14.601290110854913, 11.048182141593436, 10.989183148635208, 17.616493236768957, 15.955417459842296, 14.324698078440385, 15.0063631421482, 14.010778246787007, 22.652858745766167, 21.008893543074652, 18.91225808656133, 14.95677421417571, 13.276243508223256, 15.677659958753198, 14.350585273732811, 13.327168713793863, 15.000427762286963, 14.357552286760377, 14.669645913380014, 14.010778246787007, 21.648360280544882, 21.015689014404437, 24.34663611613514, 19.694154347116005, 13.955477231575816, 13.313655542010803, 11.614014646218067, 12.333451635327455, 12.345501806505311, 15.672319773245952, 14.294084424571302, 12.656941734971054, 21.345778370651622, 22.3214914293768, 20.6512322064204, 15.375798921565886, 19.26906523420376, 18.562445482047398, 11.30749458580479, 14.983773447864722, 11.601269428098963, 10.999438818457403, 13.702375411850534, 13.34791418666689, 17.659780559224668, 22.64559437188816, 17.039762583621503, 14.6992283502969, 9.031490188664565, 17.52750449434454, 8.728947880285844, 11.904813031912056, 10.071681154485304, 12.733799521309612, 12.952800993823772, 13.04641063149599, 13.997867732189478, 14.676706305003343, 15.381391007043455, 20.592150781242275, 18.352590699492296, 14.320775283863112, 13.235545656111228, 11.35435750278352, 5.6918786627572215, 9.349701512704083, 12.343448302486179, 11.666999370667638, 13.664585167137348, 11.332629066091034, 13.405777754582111, 11.973385617302137, 10.342098821227069, 9.413080541757573, 10.999438818457403, 10.331615747336775, 10.64170598258826, 11.011620201214559, 7.660323462854263, 8.385662002475243, 13.331302602085216, 9.314830033432235, 11.691198649992277, 8.538036089893827, 10.693028322146949, 8.963316112851185, 10.33816738912517, 8.906367442228742, 8.070555543842103, 8.996089263269097, 8.662058069535204, 7.632994548037908], "v": [5.920527020635428, 10.772879733535305, 7.675046919428508, 7.593158195683117, 8.09362727133468, 6.9036704145937, 3.9997355650029585, 7.117525274902336, 6.772672893814081, 6.6797164147349415, 4.30300538803204, 5.660721856062676, 0.7910552585900198, 2.5795677687422844, 14.775875407815796, 5.443820614600226, 10.750890013768052, 10.977615684607528, 9.319379043590462, 7.694444444444439, 9.013166310925953, 8.626887754743413, 5.339314459695161, 5.660721856062676, 3.042478623765886, 2.9535624759302888, 4.29296883676578, 5.277032752923618, 7.420258867365886, 7.379879774860907, 9.404843621800344, 6.015426292050123, 9.64536311343531, 8.333120239449563, 5.775184981828649, 5.372553016727517, 2.9999535095836434, 2.346083286674, 4.767712624010258, 6.212226007480547, 11.124999999999993, 13.486406066488415, 11.7092534166236, 6.360234480408737, 9.063905053405522, 10.999438818457408, 7.595350717192612, 5.942874284940858, 2.481920300454509, 6.067868724070209, 5.536554482551147, 10.292510496743779, 3.2871935997411486, 19.46626584514396, 13.96923669502113, 11.101417749906224, 7.5895561253063875, 9.595606202479882, 8.411647318565418, 7.23174350200786, -0.24433369012196213, 3.9326116019744126, 9.242072121997088, 10.49222488286953, 4.917561856947894, 12.016557258862253, 11.10594147847299, 7.950406714977006, 2.2996682540254625, 6.3064533002534215, 8.325761007231117, 7.01024046405352, -0.23851622130953448, 4.350188720869336, 11.248783169514443, 9.354634083420418, 9.312067605160777, 13.955465804676534, 10.999438818457408, 10.33161574733678, 12.682291336080862, 8.000410378425332, 7.660323462854267, 7.2895447665611925, -0.23269875249710675, 4.343576579001631, 12.984391534035579, 15.403024842399358, 9.62804594705246, 10.682064179047973, 12.32054812683023, 12.719610909931845, 9.618113563604947, 9.991169320307185, 8.66205806953521, 7.3710971532038085]}