{"west": 11.4, "south": 47.8, "east": 19.6, "north": 51.4, "cols": 12, "rows": 8, "level": "500hPa", "source": "Open-Meteo", "hourIndex": 13, "validAt": "2026-07-19T13:22:37Z", "u": [19.654686264708882, 20.02442431124823, 20.07211972111571, 15.959259231645369, 21.262511097971835, 18.619742950694192, 13.725177590077916, 9.637069496429957, 20.357354131155336, 14.602606924198248, 13.644967238162899, 13.315390355861917, 19.34278038794806, 18.985564769217646, 20.323733481913514, 23.262404596098676, 19.970483313016203, 18.0719439231362, 14.66770479358448, 8.589824322758973, 10.632443746218133, 14.292633567290736, 13.04800331669303, 13.628585746948628, 19.009137179951093, 18.99236591424806, 20.024855048355967, 19.989298349593216, 22.996366636455146, 10.985260565878704, 15.672319773245952, 18.3398842895439, 14.602606924198248, 14.74661411649785, 13.702375411850534, 13.656676203490118, 20.666083427559933, 20.995914757075035, 22.667186272169808, 18.94187561621181, 20.409105434813828, 14.938472370228444, 13.347320375060384, 12.758059017134421, 12.682291336080855, 13.76752096383274, 13.721582347773744, 13.685687689313365, 15.0, 17.004441800126493, 19.989298349593216, 20.372289693398017, 15.396007178390024, 21.325029104981535, 7.980543569183835, 14.320775283863112, 5.928395060529257, 9.66732898888771, 12.30595898863242, 12.343448302486179, 14.658649516317972, 15.664280557450128, 15.324291030488531, 18.69820773376354, 14.6416510175337, 15.420255128655931, 16.629077145357225, 16.946099437325618, 8.359462189930005, 8.051369528515607, 11.394887323986712, 10.3415999821062, 14.331379550398838, 14.664432862293738, 13.650529687585882, 12.633462033115702, 12.758059017134421, 16.946099437325618, 9.331435743281943, 11.944264758725534, 10.665527282897088, 9.010672487178907, 8.35519651135405, 10.010812221379558, 13.657490536434576, 12.998020037033085, 11.962367771676856, 12.933458398821436, 9.257749179682365, 11.30749458580479, 9.944024288944146, 7.768490963226648, 6.550583056980842, 8.666666666666666, 8.35519651135405, 8.619260654559218], "v": [0.6863567684825173, 3.5308462792275854, 8.520109329557778, 13.391408535136241, 12.77580558040774, 7.147449660375705, 9.257749179682362, 4.700312851682891, 3.2242881405514314, 7.440399856842577, 6.362752718429417, 5.379766911000742, 1.6922740050170335, 3.007018050217777, 4.319942909213437, 13.430555555555548, 11.06981966229136, 10.858719412686984, 13.677855999031218, 12.734938267303834, 4.0814127587103615, 10.384206123833696, 6.937746427835943, 5.784991430132861, 1.3292483607908396, 4.036951996711489, 4.256414337019122, 5.356116350038276, 8.369992951942058, 5.357869571866507, 8.333120239449563, 9.344637786305675, 7.440399856842577, 9.214707205832957, 7.595350717192612, 6.660806035934044, 1.0830635389164704, 4.081192401109429, 5.651564283314465, 6.154588471301043, 7.834321563670864, 12.09693640573576, 5.665601363094472, 11.89708250331247, 10.641705982588267, 11.552321762977531, 8.910899767329193, 7.276809223181307, 4.592425496802574e-15, 0.891165032692344, 5.356116350038276, 8.230939316444076, 8.888888888888884, 9.051937810001514, 3.721388582550046, 12.016557258862253, 12.713484234819672, 10.010812221379561, 10.697406944928552, 8.325761007231117, -1.0250326280733937, 0.27342103418411, 2.978740427822726, 7.5545663005542325, 11.033275424454219, 13.884460081946308, 5.084019087678708, 13.72268074928117, 5.638528443330029, 8.634036755226317, 10.260002630835826, 8.677632730768284, -2.0141440444498344, 0.2559686277468264, 2.4069566848832857, 11.375220308100591, 11.89708250331247, 13.72268074928117, 9.011262750120887, 12.368648233600696, 10.665527282897093, 6.309340799861511, 8.65205926518433, 9.667328988887716, -4.7026511199367125, -0.22688128368467908, 3.430153761278209, 9.746059958267894, 13.725177590077912, 11.7092534166236, 11.043957823066828, 12.928940118923526, 14.047770699068073, 15.011106998930268, 8.65205926518433, 11.032150550494105]}