{"west": 11.4, "south": 47.8, "east": 19.6, "north": 51.4, "cols": 12, "rows": 8, "level": "500hPa", "source": "Open-Meteo", "hourIndex": 22, "validAt": "2026-07-18T22:29:57Z", "u": [15.664280557450128, 13.342800172693055, 14.997715427345868, 14.991558262893216, 14.29339480777539, 15.004867272938867, 11.326429372883084, 14.29339480777539, 16.313413955104267, 10.3703259343035, 11.048182141593436, 11.331160775022896, 16.323383507978562, 14.991558262893216, 14.334134822542337, 13.993606816144755, 16.687020259373522, 18.58738610181845, 17.642021880295516, 14.309207019495725, 17.330559777651825, 11.661395765724905, 13.315390355861917, 12.656941734971054, 15.679244421741528, 14.998264621270168, 14.331150297241608, 12.998020037033085, 16.671565288541636, 16.313413955104267, 17.079945463526432, 14.002069923178423, 14.617687926220013, 13.347320375060384, 14.95677421417571, 14.95677421417571, 13.671200837904456, 12.335528075920772, 12.344170637938483, 10.668393315278676, 10.666666666666666, 12.002972262915282, 10.344192322980797, 12.299141722524594, 12.719836947172265, 12.33669628715253, 13.347320375060384, 13.303521077585124, 13.69406641027328, 12.987626476409975, 12.011294126353624, 11.345541103183908, 9.022442404089862, 10.997019908636323, 10.957041331107432, 11.048182141593436, 12.688131356147235, 13.964876447790584, 10.714091412457599, 10.301076550752883, 12.688131356147235, 6.99431365311274, 10.997019908636323, 11.345541103183908, 9.328317882698972, 9.686089535843157, 10.012511657662865, 10.310516255845384, 10.662614327518053, 10.63265407645138, 9.35740969933139, 9.702071041162226, 14.3551051119237, 15.326783707460972, 11.993933283133845, 12.32487463662067, 11.340584920694818, 10.012511657662865, 10.023275070926573, 10.994919082904147, 10.67429171398721, 9.646997740471086, 9.637069496429957, 9.694673270142466, 14.03307327989884, 12.622592426001875, 11.630949933637009, 11.6653749422899, 11.670456514322225, 11.966563094881721, 11.372487312069559, 10.632443746218133, 10.347183060343987, 10.617827746578048, 9.010672487178907, 9.306068141522951], "v": [0.27342103418411, -0.6992665264682216, 0.2617860965592543, 2.106926111756554, 6.067186134041781, 7.31836275611766, 0.3955276292950099, 6.067186134041781, 4.371166095064795, 5.283944983079727, 6.9036704145937, 6.024885055752266, -0.5700251128075189, 2.106926111756554, -1.2540742984246311, 0.9785283122439855, 2.942371899356321, 9.47074625845555, 3.429261666906234, -1.7569497007575439, 4.3209938575162905, 4.015340571638267, 5.379766911000742, 5.372553016727517, 2.2035740985343772, 1.3121781269230788, 0.25015115893439854, -0.22688128368467908, 0.8737197139446963, 4.371166095064795, 9.861111111111105, 1.2250223841754204, 7.772362539455305, 5.665601363094472, 5.443820614600226, 5.443820614600226, 1.9213619771431325, 2.621997434201739, -0.6469305702252778, -0.7460067330968934, 3.2657247977262754e-15, 5.344067560412596, 5.972222222222219, 3.7602249801840926, 8.260358697727911, 4.984348840172834, 5.665601363094472, 5.106743281020524, 2.9107636714486267, 2.760605228080245, 0.6294852514776265, 0.5945946139823308, 1.2680215865250453, 1.9390713172807235, 6.073587186974944, 6.9036704145937, 5.6491200427194475, 5.082799352200909, 5.938917848017628, 5.70997997179019, 5.6491200427194475, 5.663883519448534, 1.9390713172807235, -0.5945946139823339, 1.6448341273450913, 2.5953798689447223, 3.253262246336255, 3.752721017045531, 4.307975824282993, 4.7339625957988964, 5.6224989844347615, 4.943452108275068, 7.314291384692702, 4.394884506637705, 2.990423431718117, 2.3957129419499505, 2.6181803269466553, 3.253262246336255, 4.254627843549872, 4.667066256955216, 4.97750397161268, 3.703135478634767, 4.700312851682891, 5.597222222222219, 6.247926767247709, 6.431532079643582, 5.4236010256723075, 2.6931640117279443, 2.2685069450322537, 5.079504670360561, 3.9158614133319127, 4.0814127587103615, 3.971911440793741, 5.410053455229602, 6.309340799861511, 4.741678552835269]}