{"west": 7.0, "south": 46.5, "east": 22.5, "north": 52.5, "cols": 18, "rows": 12, "source": "formation-steer-fallback", "hourIndex": 14, "validAt": "2026-07-20T14:11:47Z", "level": "500hPa", "u": [14.631621259434551, 12.903177218103217, 12.9462486323088, 11.484425050212145, 12.897618005172342, 14.681957051772285, 12.982363570727316, 13.79159341286352, 11.849926812452791, 11.597958541248161, 11.897356739263113, 11.859658399729595, 12.388989155146364, 13.746587910188856, 13.943056231137158, 12.870787715456029, 12.54378888797923, 10.229412607934412, 11.319190951798241, 13.110835366814587, 14.11564195640897, 14.320298785068841, 14.632978115590701, 13.587112894124799, 14.155913558380547, 14.181424661216578, 12.842323374235912, 11.855814846829775, 13.189117293654801, 14.598255353256118, 15.636664335474102, 14.36341942977016, 15.301179141235972, 14.279166666666667, 14.047845568535067, 13.620356439808475, 12.34009706284393, 13.158129190856137, 11.947486058929613, 14.094591792601385, 15.210679377988372, 13.918000950956676, 13.542952169094308, 15.078629523828388, 13.313404958926728, 12.422425634535486, 14.435722201950686, 15.2315591279274, 15.192591312057695, 15.833752484934417, 16.87388287202641, 15.628371406015173, 14.161184354123632, 13.950787575847468, 11.425941540134463, 12.326102024508915, 12.066710166970417, 13.484715918795144, 13.132457157889744, 13.887482739290112, 14.972562487333336, 14.46871945027897, 15.093453113689456, 14.708893068161416, 14.359870084484593, 15.630569122204694, 15.434273290865924, 16.009331571711936, 16.903010125019716, 17.27283260368779, 15.891728921232913, 15.066175356203752, 11.01870890084755, 11.45781544122598, 11.504293578831307, 13.560495301627927, 13.79977937484176, 15.343966858315005, 15.495854018968043, 15.17438175879164, 15.27075917709038, 14.839356541257509, 15.046631161010401, 13.924890038079118, 15.22522459555637, 14.668579693657549, 15.042664740162369, 15.829826828517664, 14.729274390613519, 14.053493118794133, 10.657657640876526, 12.226604355641193, 14.566238123378005, 14.294719557084813, 14.197108359770656, 14.82502039817635, 16.032393155068807, 15.847340128030416, 15.366275984843424, 15.373955559486198, 16.061868724898062, 17.110208238308264, 16.069345720430285, 17.607529953418865, 17.900852933106517, 16.34342368567383, 15.938937001800689, 13.89801058359568, 9.481052196187937, 8.830102487738765, 9.718535837412864, 11.577928552402472, 11.870565824578847, 13.601690007329927, 14.269235222094055, 13.589476406353853, 15.113477046498595, 16.44097214202527, 16.107853034188317, 15.261965943373044, 16.63438053808257, 17.649782327815803, 16.147540665870785, 17.690290226623805, 16.224686462545847, 14.011937674198432, 6.081799956459694, 6.231828256779504, 6.899247002852945, 8.663244407814103, 8.47814397854168, 10.701712902811268, 11.232946916111713, 12.723894786614316, 13.405248618622391, 14.724503180379793, 16.49685530393642, 17.510365198955782, 18.07986710340192, 17.98857443467869, 19.354111001066226, 16.69196389256949, 17.17492533674631, 16.231568915878032, 4.618271074912528, 5.473556585420294, 6.709735945991823, 8.085117436490082, 9.037227547367706, 9.825083219021009, 12.324919879983401, 12.27340758397265, 14.329794979726747, 14.558359623741703, 13.923339793756742, 15.18027777084271, 15.99792688279167, 16.22461666078518, 17.759325783404524, 16.827420021675792, 15.75942832776367, 17.148804359082263, 2.601346605115703, 4.394257552482332, 5.6371687936144665, 5.965008155216734, 7.999160870295007, 8.866229248820826, 11.278130854217741, 12.678746410238755, 12.082259125291962, 12.185833895510683, 14.68743881418433, 15.682113076656718, 13.32963604091959, 14.650687818365562, 14.64774067610779, 14.987043712386802, 15.34957477224518, 15.171059739481134, 2.552092018978084, 4.376753059658501, 5.384578823045792, 5.123717926886912, 4.906289973760371, 8.222520780013337, 10.819721363955223, 12.067001127636996, 12.59545642787741, 12.343849855841475, 10.255548427788604, 12.360723694594713, 14.582404827396203, 15.716068224158558, 14.725886669543504, 15.806684694977163, 14.84389943635259, 15.50852792585466, 1.5685107953993092, 2.6948857051115214, 2.8680556074422485, 4.709464629025738, 5.1572594348680765, 6.80870479963013, 6.626903339631397, 8.105991921405517, 8.92182900706462, 10.72088226219872, 9.796023774205105, 11.160709321613892, 13.32963604091959, 14.738107550419585, 15.190527872758537, 13.87708610710076, 13.379364902919617, 12.71499416219859],