{"west": 11.4, "south": 47.8, "east": 19.6, "north": 51.4, "cols": 12, "rows": 8, "source": "formation-steer-fallback", "hourIndex": 8, "validAt": "2026-07-18T08:26:09Z", "level": "500hPa", "u": [14.923219345097905, 14.398245344620976, 13.883644326582052, 15.66599681805113, 15.07291569830087, 14.616172269478247, 15.550097212773917, 16.002192272341908, 13.98859806295221, 12.846357455165732, 11.881343351797264, 10.221225800983998, 12.010452534267984, 14.967606080076544, 15.677818750455836, 15.394384700806317, 16.290773384246467, 17.067069463345295, 14.927033431460417, 16.23110231319933, 15.411308993020754, 13.521151878477598, 14.644649981510192, 14.607743069295815, 9.313187902959712, 10.774716689510996, 11.959759985972589, 12.799402647417407, 14.093147413191833, 14.03224886685273, 15.167947207988643, 17.067722421019443, 17.984158535003132, 15.343966858315005, 15.500603780625115, 11.986964161904394, 10.560726798492292, 11.077499994939275, 12.586034432215131, 12.07351033721605, 12.044097453891146, 11.74841666948314, 10.91129157445405, 13.238776262822785, 15.671369373207744, 16.029968108244915, 16.439832878624603, 15.594480602940555, 10.471394998655635, 11.471986577987979, 10.58658795205531, 11.229979767170919, 11.07727765381591, 11.037331689182151, 13.779309719855128, 13.019916426272314, 13.341462424217077, 13.61076841052679, 15.855027016839838, 14.940733929665965, 11.988707967711534, 12.103112575643447, 11.241978351961595, 11.01381349324088, 9.631225358612555, 11.269519617455607, 11.180283093303371, 10.154291207945619, 12.763475583435898, 12.830422142504059, 12.060351701849699, 13.609685961390051, 13.064250420615934, 13.362527898207487, 12.965000139752435, 12.51030384136393, 12.48753845345734, 11.55495110444698, 13.581613200792084, 12.573448651672587, 10.968071024678451, 11.802674398656492, 11.905866565593666, 11.735703761606112, 12.606987377011288, 14.124993696000558, 13.855443382367518, 13.448099029208848, 12.978504207214398, 12.650302293044902, 11.25535615053769, 9.66600295657438, 10.600318097465077, 10.907230629167302, 10.972883017101715, 10.762255942197255], "v": [1.6475387540197193, 1.082609505675699, 0.5818971049453381, 0.7661950698636937, 1.0540009414754699, 2.2627030147065574, 0.4615161111073965, -0.2513825241445979, -0.29301935820130226, 1.7825794040206622, 1.9669436369404265, 0.1427245101334858, -0.12577776255179612, 1.1779761455805615, -0.4653067978516066, -0.29558728672633056, -0.17060281622717027, 1.3731838043419058, 3.3639522685489043, 0.9643051603524782, 1.239964480040079, 3.471641744297163, 3.00611492113217, 0.8166996299972067, -1.8103003436349687, -0.6967696727201312, -1.1094733892192556, -0.5140771146219406, -1.2825768883821977, 0.809094378931696, 2.6472305634688, 4.797520406780417, 2.8484108842742044, 3.0938864251010454, 3.5785963561869836, 4.867401404365539, -1.7293853355574946, -1.7346902063827867, 0.04393372656216397, 0.18966585654023696, -0.8633316403171813, 1.987095941774222, -2.438962629503008, 0.6938148643595835, 6.236395306018587, 4.475647514489902, 5.532615019199436, 3.1443988565312666, -0.3656691710050933, -0.8021994480574413, -1.5632912987130312, -1.0220082203135799, -0.4061853322042009, -1.0239023033486216, -1.2055333916999003, -0.5912309452846046, 3.4006961293340985, 4.317590065007386, 6.117945755773538, 3.586952861580392, -0.7332607915242242, -0.9312837580949934, -0.23548587691063563, -1.5087047802280158, -0.5553329600849356, -0.39354029684389613, -0.07805436860915536, 3.377883096774201, 1.680343438455082, 3.9226537050300516, 5.269038100707133, 6.030982676536898, -1.3039855476758602, -0.770478510846318, -0.3395004768040531, 0.5462116617859297, -0.26157664168198447, -2.1624503216473094, 1.5714462631274704, 1.6553259182795723, 4.655669932374276, 4.087042452109834, 4.980331868441067, 5.0541925327489965, -0.528389325180248, -0.8639216240564662, -0.48384274456161736, 0.11735978226493672, -0.7710652264508013, -1.8004046303135537, 0.6884070728937544, 3.422911169059626, 2.214521828070053, 4.384678599613397, 4.725670018120312, 5.819130080138965]}