{"west": 11.4, "south": 47.8, "east": 19.6, "north": 51.4, "cols": 12, "rows": 8, "level": "500hPa", "source": "Open-Meteo", "hourIndex": 18, "validAt": "2026-07-19T17:57:38Z", "u": [22.349664839193725, 23.986493220629146, 22.984506026288983, 23.319119297112234, 21.99929958285938, 22.350450369410943, 20.283268313731458, 19.73865811894586, 20.0811323129999, 13.018595325641149, 18.270909152852017, 15.663404933453053, 19.979238111728897, 21.335169784131548, 20.999999999999996, 19.33773478681455, 19.64577484856358, 16.653441446150264, 21.34254375327005, 23.333998741335275, 24.647596135729405, 19.689642348182243, 17.38916231491609, 15.678962807663241, 21.310145544347503, 21.32033764307404, 21.666666666666668, 21.339742260288425, 22.681169841389636, 22.32474414609498, 21.965072812309167, 23.333998741335275, 26.89490003975007, 18.257695132470054, 17.048105202853115, 15.381391007043455, 19.327079230571297, 21.004265280470744, 21.330084163336345, 21.336786630557352, 21.63841479535157, 21.706499818551567, 21.264887492436266, 21.606294476869778, 24.03969598230295, 23.262404596098676, 21.246321054617407, 16.349843636245968, 14.662246530392833, 15.67924442174153, 14.669197956682032, 17.67019482329621, 20.000330404390215, 22.681169841389636, 21.326696760740145, 21.965072812309167, 20.655595871182317, 23.35372112235877, 21.674080369894586, 18.71975434206475, 11.322797185944081, 11.993933283133844, 13.361036663593202, 16.65824174741858, 16.664128252606524, 17.322774334997657, 15.679244421741528, 22.99061818092847, 17.91913120867717, 15.378144247578907, 17.680070623146094, 18.257695132470054, 11.348228354827375, 12.342385558138096, 12.65944315107974, 12.987626476409977, 17.329691202977482, 15.679244421741528, 14.36576728069739, 14.645043244320034, 17.676282910550277, 12.719836947172265, 11.317018250086246, 10.749084996854634, 10.969732238731403, 13.018134327536284, 12.627917077474539, 12.370534697424395, 13.988187364129208, 14.005929028716434, 11.038674279848093, 10.997504693574907, 12.633462033115702, 10.278899720480679, 9.607405308880022, 6.722222222222221], "v": [-3.9408489209411584, -3.371081778810471, -2.415768928852442, -0.814321589725027, 1.924689319010789, 5.988785126955549, 10.784805067331437, 11.8601823361232, 13.544894772958086, 6.6333056350833814, 8.134732861516005, 6.012617820148923, -1.7479568406613586, -1.866585490512337, 6.429395695523603e-15, 2.7177413881923984, 6.764582764832034, 6.061356984493794, 13.336301483202329, 14.02048092810704, 16.006336084608293, 13.280831457430233, 9.24598161153324, 7.647141116209468, -3.757553622292732, -0.7445225963200246, 6.6335034953814974e-15, 2.620190883210667, 5.2363606538933105, 7.687025869127313, 8.431601479579697, 14.02048092810704, 15.527777777777768, 13.758160112614883, 10.243535045433305, 9.242072121997088, -2.3730669368613455, -1.4687613082790782, 0.37231800399538384, 1.4920134661937998, 3.8154363481817217, 5.816239096887203, 8.162825517420723, 9.171327877039902, 9.227974700791474, 13.430555555555548, 13.797522220380685, 12.320490890640546, -3.655708644617208, -2.2035740985343675, -1.5417948331978928, -0.9260556701876449, 1.0481729014211747, 5.2363606538933105, 7.343370594978092, 8.431601479579697, 8.345402442210048, 7.588083972984828, 16.332591044987534, 13.600697643323064, -3.033934362035098, -2.99042343171812, -2.59712243706964, -1.7508517597332003, -0.2908734406213835, 0.6049246095100151, 2.2035740985343772, 5.73220491518102, 9.13025338365089, 5.903116502232303, 14.317038896383796, 13.758160112614883, -3.254052117284019, -3.3071322429766465, -4.358995845787492, -2.760605228080237, -2.4355292668011432, 2.2035740985343772, 3.581788065406194, 3.1129000375214475, 8.621299220185197, 8.260358697727911, 13.01874025884282, 14.264517582233596, -2.7350614308073595, -3.2457854326288813, -4.103058980867353, -4.259516687481138, -2.719028184115766, 1.7197118458281895, 4.914734437165919, 3.362274604311478, 11.375220308100591, 12.693384037130524, 13.720796741840612, 11.643230428657452]}