{"west": 11.4, "south": 47.8, "east": 19.6, "north": 51.4, "cols": 12, "rows": 8, "level": "500hPa", "source": "Open-Meteo", "hourIndex": 3, "validAt": "2026-07-18T03:05:07Z", "u": [18.647727463208746, 20.643822233918414, 18.324006105325214, 17.65399168641049, 16.645796099931626, 17.286207230825926, 17.950914424697253, 12.355543334692287, 12.006937491535888, 15.356894624006012, 14.664432862293738, 12.64613825077577, 17.682455891128484, 21.67760030113591, 21.70857279392005, 22.99061818092847, 19.70239377521537, 18.676929356248728, 15.585294720985798, 18.68905738218062, 16.635389230533953, 17.989034886343724, 16.989749045874667, 15.007182730617348, 14.998681580433034, 16.9835674836404, 22.723158423430814, 21.326696760740145, 22.28721361813852, 20.409105434813828, 24.714804989971025, 24.32772505499337, 18.98490501640201, 22.004809362285137, 19.3270792305713, 18.34409447977788, 11.325289159640393, 13.328564115971542, 15.942411277134479, 19.047548562466822, 17.014871179759506, 17.971714528261007, 21.030153898281323, 19.657927947785073, 17.334949146338, 17.04559876566546, 17.654977602727968, 16.358751008369456, 12.344170637938483, 14.331150297241608, 13.69406641027328, 14.318994044075433, 11.697454033438401, 13.344231594288884, 16.687662118610287, 18.334533078929976, 18.350636220121928, 17.634296944947145, 16.02102826563865, 14.655537921789408, 11.322797185944081, 11.992689924229149, 11.659559648556117, 14.678146172733296, 14.309207019495727, 13.32856411597154, 11.32279718594408, 12.69387667734098, 10.663348380370072, 12.683314043630597, 11.643230428657454, 12.320254285828074, 10.997019908636325, 11.000719847357985, 10.310516255845384, 12.993991185577745, 10.333563231336928, 9.346743740345254, 14.005929028716434, 14.005929028716434, 9.358466010099809, 9.971479692120363, 8.656542515117929, 7.305365697706804, 12.32582019990218, 10.32703854586399, 10.67429171398721, 11.66864892014015, 10.678111308010712, 10.012511657662865, 10.014358999181582, 9.637069496429957, 9.694673270142466, 9.349701512704083, 9.979856772855571, 4.977503971612683], "v": [6.420927490682813, 7.108238038981256, 6.6693927948505385, 4.401634489382847, 7.065721240181037, 10.386601177352764, 8.755245959481861, 8.651444581628285, 3.670889181518812, 1.8855895632407513, 0.2559686277468264, 1.106393734324441, 1.5470144337709362, 4.2136986478986955, 9.214742446872044, 5.73220491518102, 4.912358491204368, 8.315504702883025, 10.121208734029254, 9.937148078968024, 4.457439110098968, -0.6281909406450208, 1.7856945808224134, 0.7864931202064572, -4.0188846170085775, -2.085319876043636, 6.5157608277851695, 7.343370594978092, 6.8138850072882375, 7.834321563670864, 8.509989815116235, 1.2749620451405967, 3.3475509805791592, 4.277301646357544, 2.37306693686134, 1.2827440449614227, -1.9969540431696933, -0.9320239964145602, 6.441152259012493, 6.188923692898258, 3.3073559198601084, 4.1490972245646285, 4.855193589588428, 2.4136900513297226, 3.684657187270285, 5.869270340074854, 4.730636991040517, 2.8844891734673443, -0.6469305702252778, 0.25015115893439854, 2.9107636714486267, 3.0435961405821947, 2.9165028525071075, 1.6384656168914247, 3.2437529214012604, 2.251197593456193, 4.236578190142798, 6.769172380300111, 4.593955930283317, 5.046306394085929, -3.033934362035098, -0.4187939604300139, 0.4071607948625102, 2.324789966570102, 1.75694970075754, 0.9320239964145685, 3.0339343620351045, 2.9306123468686907, 3.671685297489046, 3.636881778140959, 6.722222222222218, 7.698549310943507, -1.939071317280717, -1.3507185560737187, 3.752721017045531, 2.2911912331053323, 2.963101575032739, 1.9867117122585862, 1.7197118458281895, 1.7197118458281895, 3.9724331396409513, 6.72584797785648, 7.009929911416242, 9.694547719185199, -0.4304271259975142, -0.360628132592512, 4.97750397161268, 3.345931235889682, 2.269702624760536, 3.253262246336255, 2.3119969474230606, 4.700312851682891, 5.597222222222219, 6.3064533002534215, 8.374094137305196, 10.674291713987209]}