{"west": 11.4, "south": 47.8, "east": 19.6, "north": 51.4, "cols": 12, "rows": 8, "level": "500hPa", "source": "Open-Meteo", "hourIndex": 21, "validAt": "2026-07-17T20:55:53Z", "u": [20.985576589188828, 22.05922753073481, 23.339688584176084, 20.686911446357545, 22.322632716789848, 20.988377237646674, 18.011896549447616, 16.658589118089743, 14.998264621270168, 12.69307770549068, 10.993299097210054, 8.031143915381296, 19.694154347116005, 23.048063466175268, 22.30719945006818, 21.31760668451172, 18.663823642919304, 21.310145544347503, 22.363553885747127, 17.654977602727968, 13.303521077585124, 11.693952614224637, 10.67873644158723, 7.68781353949972, 16.358751008369456, 16.687020259373522, 19.33773478681455, 20.975831882402723, 20.320946816054946, 15.663719852050304, 17.014871179759506, 17.027472279949585, 12.944271909999156, 13.627053076502131, 8.974566916076556, 5.624391584757218, 16.656513783651597, 18.335947846465928, 15.35689462400601, 15.281356298090182, 12.661577276165374, 15.651500091637752, 12.370534697424395, 14.601290110854913, 14.26451758223359, 6.270711293426256, 6.41791108904659, 5.624235611997757, 12.661577276165374, 9.65511367023031, 10.008064811272845, 11.348228354827375, 11.96884514764323, 12.299141722524594, 10.663348380370072, 11.951055593222291, 10.010812221379558, 9.99770421177646, 6.015426292050116, 4.401185678030605, 11.6653749422899, 9.361737054596942, 12.314073351411855, 11.641308396227439, 8.33357097904831, 12.33669628715253, 10.632443746218133, 9.329881140655834, 7.729314747374983, 9.404843621800348, 4.42924358604091, 3.9724331396409465, 7.007727392945823, 8.661387167498829, 11.345541103183908, 7.326098337950911, 7.312792551359948, 9.325637507005256, 8.027163391970635, 7.3027814544942915, 5.665601363094465, 4.660540275307159, 4.097968214123237, 4.256250672497213, 6.976315752707979, 7.627686149420175, 7.977708729921148, 9.325620035874854, 8.667253609660403, 6.613929830891484, 5.393593173363622, 13.290847319143152, 7.307108984967558, 9.995362108271125, 2.2726451448900167, 2.691301331140996], "v": [6.415934631415622, 7.167477508418926, 4.961003955901528, 5.543041215945652, 6.400911929528087, 3.3242323821049125, 1.8931266125141684, 1.4574376981691761, 1.3121781269230788, 2.2381320677071033, -0.38389446372751274, 2.6094768413884477, 5.277032752923618, 6.1757099928629255, 4.741541615593893, 3.3763772037849895, -0.3257782534959495, 3.757553622292745, 3.1429925300148223, 4.730636991040517, 5.106743281020524, 4.25625067249721, 3.2648173694038993, 4.992524487637748, 2.8844891734673443, 2.942371899356321, 2.7177413881923984, 4.4585507030919445, 0.7096230996175178, 1.646323296465542, 3.3073559198601084, 7.581119097329497, 9.404564036679574, 6.067154925880687, 7.01170013565333, 6.702888877291058, 0.5816582783750147, 0.9609463076829355, -1.8855895632407553, 7.1258134687945685, 2.691301331140992, 3.042343426281574, 4.259516687481135, 8.09362727133468, 10.749084996854641, 10.03523580451771, 10.270804720116717, 8.032240878722614, 2.691301331140992, 1.3569377343606428, 2.681652883978895, 3.254052117284016, 6.363947851097631, 3.7602249801840926, 3.671685297489046, 7.761106248964135, 9.667328988887716, 9.997704211776465, 12.333451635327458, 8.63781324838168, 2.6931640117279443, 3.5936341607181475, -1.077341820075214, 4.7033938951109, 5.007314617181085, 4.984348840172834, 4.0814127587103615, 9.329881140655838, 8.288675285017263, 11.614014646218063, 13.631810066897202, 9.35846601009981, 1.3621642169936663, 0.30246230475500757, 0.5945946139823308, 5.322722006870731, 4.053547102615206, 3.0300833059543484, 8.312371026135525, 8.703116034323946, 13.347320375060388, 9.994560873709723, 15.293825582910248, 11.693952614224635, 4.027777777777775, 4.055712667400335, 3.3863364469070407, 2.3251382188190304, 2.984374749190603, 6.386997795053562, 8.9764464545749, 6.772024954448244, 9.023528108028161, 10.35050046042837, 14.34891672586825, 12.661577276165373]}