{"west": 11.4, "south": 47.8, "east": 19.6, "north": 51.4, "cols": 12, "rows": 8, "level": "500hPa", "source": "Open-Meteo", "hourIndex": 11, "validAt": "2026-07-18T11:08:39Z", "u": [18.34658568985631, 18.674911146359797, 18.011573129691268, 19.669433041728073, 18.33054107786717, 17.004441800126493, 16.669512490483097, 22.332288411929746, 21.3545951422132, 19.33773478681455, 16.680958641162324, 13.979093208239016, 14.674306219032488, 12.996042765884932, 13.661085466058147, 16.987933739460587, 16.999601846730286, 16.99741081765865, 16.321870049212855, 17.004441800126493, 17.014009079431442, 15.319231713523235, 14.712644290611491, 13.977773607833106, 11.345550728267103, 11.348228354827375, 11.659559648556117, 13.331302602085216, 13.675676684277914, 14.002069923178423, 15.332212553594212, 15.00070525513812, 16.652718766426627, 14.662246530392835, 14.010778246787007, 13.327168713793863, 9.328317882698972, 11.663157254067382, 11.992689924229149, 12.344170637938483, 13.328564115971542, 14.00855319586277, 14.00855319586277, 13.342800172693055, 13.368582082779227, 15.309169279224632, 15.035235885418832, 13.714676811233794, 12.0171395690333, 14.333333333333334, 13.675676684277912, 12.998020037033085, 13.997867732189478, 12.64613825077577, 12.32582019990218, 13.322260436581814, 14.990962462519166, 13.013382877075111, 14.012129435887145, 14.602150558254287, 13.650529687585882, 14.341429707447631, 13.993606816144755, 14.674306219032488, 12.335528075920772, 13.997867732189478, 11.982008452047939, 13.675676684277914, 12.677047149523341, 13.964876447790584, 12.032814385963933, 14.347898383957562, 12.9840358561969, 12.996042765884932, 14.326128166231364, 14.341429707447631, 13.322260436581814, 13.306356810795604, 12.9840358561969, 14.36576728069739, 12.9840358561969, 11.358002218443144, 12.31807507183808, 11.378611555278875, 14.997715427345868, 12.999999999999998, 13.997867732189478, 13.013382877075111, 14.669197956682032, 13.675080311502661, 12.34610425743922, 14.309207019495727, 12.996042765884932, 13.685687689313365, 10.993711375819126, 10.271340031997127], "v": [1.605118262269375, 1.9628122546926037, 1.259491887046714, 2.0673407179602576, 0.319960784683533, 0.891165032692344, 2.3427471994944433, 2.742060226615814, 2.244458391830448, 2.7177413881923984, 2.6420042984572376, 3.745686736067036, 0.7690478014588092, 0.9087718384998598, 0.9552761543292769, 2.99543106475455, 2.3891382331477984, 0.29669090943382154, 2.0040736471068668, 0.891165032692344, 1.1897354133025884, 2.701193874818918, 4.218782862643512, 5.365564577914352, 0.9926070701816648, 3.254052117284016, 0.4071607948625102, 0.2326987524971149, 0.7167118452158656, 1.2250223841754204, 1.6114804753763243, 1.5766376542871063, 2.044696761575249, 3.6557086446172042, 5.660721856062676, 7.694444444444439, 1.6448341273450913, 1.6391498557518875, 0.41879396043001055, -0.6469305702252778, -0.9320239964145602, -0.7341571639635175, -0.7341571639635175, -0.6992665264682216, 4.603171961630355, 2.4247342081235828, 4.596732913140813, 8.240609198560872, 1.263052264484146, 4.3883176969446825e-15, -0.7167118452158695, -0.22688128368467908, -0.24433369012196213, -1.1063937343244332, 0.4304271259975108, 2.349073958994309, 2.643311148929941, 1.5978425024230423, 5.947796067003392, 8.43055555555555, 2.4069566848832857, 0.7516024827111614, 0.9785283122439855, 0.7690478014588092, 2.621997434201739, 0.24433369012197068, 1.048289905826002, 0.7167118452158656, 0.6643758889729222, 5.082799352200909, 4.61896468302831, 7.628912895270727, 1.364677159327698, 0.9087718384998598, 1.001780470158694, 0.7516024827111614, 2.349073958994309, 2.1075198762364478, 1.364677159327698, 3.581788065406194, 1.364677159327698, 4.588930769344927, 4.72846600094493, 6.56944444444444, 0.2617860965592543, 3.980102097228898e-15, 0.24433369012197068, 1.5978425024230423, 1.5417948331978888, 1.6790887313598073, 1.9554308130028897, 1.75694970075754, 0.9087718384998598, 7.276809223181307, 6.347222222222219, 7.7400098810944]}