{"west": 11.4, "south": 47.8, "east": 19.6, "north": 51.4, "cols": 12, "rows": 8, "level": "500hPa", "source": "Open-Meteo", "hourIndex": 4, "validAt": "2026-07-18T04:29:04Z", "u": [18.996230513357528, 18.344077364156252, 20.293302469808953, 16.018104662380843, 15.653585307144246, 16.653441446150264, 15.981333600293357, 14.983773447864722, 12.032814385963933, 15.319231713523235, 14.334134822542337, 11.663157254067382, 16.32125626675101, 18.011896549447616, 21.030153898281323, 19.290575196403434, 19.028775570914647, 18.02745303430681, 17.29537360261607, 21.69123799647472, 20.32864937538531, 16.018269952627048, 15.978709152786976, 13.661085466058147, 12.67704714952334, 13.647050453109083, 18.655295437689787, 21.377658661749127, 22.613652599750324, 20.307801638095466, 19.944271824802872, 19.651643894599, 20.347196108647104, 20.333333333333332, 18.985564769217646, 18.014520790492398, 14.331379550398838, 13.341566236294952, 15.330997992398, 16.018269952627048, 19.330601990030473, 19.70392797676809, 21.953554584479793, 23.0542499765559, 23.331914731077, 14.655537921789408, 18.9697099773992, 17.32969120297748, 14.666199721906253, 14.664432862293738, 15.330329520634082, 13.677748146994889, 15.661543679765142, 12.627917077474537, 13.638045485990395, 14.02580308745785, 17.329412240665807, 14.677958927706007, 17.034080527956384, 16.018269952627048, 11.333067897820195, 12.693876677340981, 12.348646867489395, 12.627917077474537, 10.97167561237365, 13.99294484383083, 11.372487312069559, 11.630949933637009, 10.668950080378698, 11.3532089797121, 12.350340432499873, 12.928940118923522, 12.348646867489395, 11.653558410644463, 13.306356810795604, 12.317365191892511, 11.004160508255314, 10.333563231336928, 10.329530496427918, 13.024190625930851, 14.345102454118564, 10.353515186616143, 9.625036520395648, 8.680110921377414, 12.348646867489395, 12.32582019990218, 10.66016882153702, 11.01640464708553, 11.330209708499916, 8.00493974177697, 9.99298154366426, 9.9852030264775, 11.641308396227439, 7.2933063089890995, 8.94028084858497, 5.709979971790194], "v": [2.332443822392958, 5.260079540174397, 5.8190108450255345, 4.8972260541058485, 5.389961668235151, 6.061356984493794, 10.378399389453016, 6.360234480408737, 4.61896468302831, 2.701193874818918, 1.2540742984246398, 1.6391498557518875, 1.1412934176469456, 1.8931266125141684, 4.855193589588428, 7.793898290792178, 6.9259079023447905, 3.1787263634029768, 8.064965161551678, 7.8949649751008515, 6.99971532082887, 4.292082497950135, 3.1059464247404227, 0.9552761543292769, -0.6643758889729258, -1.4343628015061374, -0.6514572717800217, 4.155395899311419, 7.786505027433665, 7.391435319649172, 8.465841117267603, 10.01301268870001, 2.4983215398055196, 6.225287895665712e-15, 3.007018050217777, 1.5760663480201555, -2.0141440444498344, 3.326426064495434, -0.2676035653716728, 4.292082497950135, 6.656060046679649, 4.549010210064833, 7.13314228682171, 8.84969742071588, 1.6315264136820513, 5.046306394085929, 5.082918469096727, 2.435529266801154, -1.2831262126738503, -0.25596862774681745, -1.3412300411722888, 4.9782931972958435, 5.700335722094478, 4.103058980867361, 3.4003466437064436, 4.288118335933479, 4.9691289979231215, 5.634340540073327, 4.247073278305281, 4.292082497950135, -1.5927588220985254, -2.9306123468686827, -1.2978950855733675, 4.103058980867361, 4.4328446887549635, 2.9742922436429415, 3.9158614133319127, 5.4236010256723075, 5.672781383662848, 7.657836150307724, 6.292812760278721, 7.768490963226655, -1.2978950855733675, -2.05483676905867, -2.107519876236451, 3.0710640635846733, 2.339006521699789, 2.963101575032739, 3.3562679111279046, 4.2318160618569225, 4.6610063318221275, 4.609681954859068, 6.739523127124795, 9.640239819387306, -1.2978950855733675, -0.4304271259975142, 0.37226129816000936, 3.5794468515098115, 2.4083104186390423, 1.9958556386972603, 4.037426617927055, 1.403328768013998, 4.7033938951109, 7.043064033820392, 6.736984842507652, 10.301076550752882]}