{"west": 11.4, "south": 47.8, "east": 19.6, "north": 51.4, "cols": 12, "rows": 8, "level": "500hPa", "source": "Open-Meteo", "hourIndex": 6, "validAt": "2026-07-18T05:52:16Z", "u": [17.314416200854172, 18.676615829864488, 18.354541662726312, 20.97543280982064, 14.340365063256304, 17.332108338940092, 14.677958927706007, 17.035693389129094, 14.998681580433033, 17.037858324821066, 13.66097830297999, 9.035036904803958, 16.680958641162324, 16.658589118089743, 18.67865058922023, 18.334533078929976, 20.686911446357545, 20.05144155188949, 16.695045284066683, 19.3587424876467, 18.324006105325214, 17.336174740020958, 13.347320375060384, 10.6539837966497, 13.342800172693057, 14.65864951631797, 15.332212553594212, 15.679244421741528, 18.985564769217646, 20.948956392882554, 21.7513868888796, 17.957278195305882, 18.931762662543356, 21.008886721787235, 17.334507219320805, 15.995908563557611, 12.693077705490682, 13.328564115971542, 15.351753537265553, 13.341566236294952, 17.346530429518058, 16.65824174741858, 19.365171308251465, 20.31127362502291, 20.342042154090784, 22.05922753073481, 20.32864937538531, 18.68377110959135, 12.31736519189251, 14.331379550398838, 14.005929028716432, 15.978709152786974, 18.0, 14.690048982432105, 12.967270245982474, 15.686447574795277, 14.712644290611491, 22.002212151477078, 18.355738510290482, 17.97025337129135, 12.693077705490682, 13.328564115971542, 12.323335966561762, 12.987626476409977, 12.998020037033085, 11.693952614224637, 13.018595325641149, 11.666999370667638, 11.595910252707577, 13.702375411850534, 14.330771738214493, 13.952631505415958, 14.00855319586277, 12.9840358561969, 12.996042765884932, 12.314073351411855, 12.32582019990218, 12.0171395690333, 8.987940462991668, 12.001725981301709, 11.317813169683333, 11.024123895141052, 11.72358192740464, 11.593177718422023, 13.664585167137348, 13.997867732189478, 11.992689924229149, 12.32582019990218, 11.345550728267103, 9.008573262864536, 8.987940462991668, 9.686089535843157, 10.008064811272845, 12.309874846194221, 9.9891040956352, 7.2820061811789705], "v": [2.125942990512014, 1.3059962028761314, 2.9070738086642964, 1.835112583409029, 4.937783675933544, 6.308371532451223, 5.634340540073327, 4.884906472534593, 4.0188846170085855, 4.565280378891686, 2.655425185656914, 2.9356614465620035, 2.6420042984572376, 1.4574376981691761, 1.6341701765185945, 2.251197593456193, 5.543041215945652, 6.515108298071815, 9.638888888888884, 5.551030082425674, 6.6693927948505385, 7.358769586547992, 5.665601363094472, 3.0549806936384054, 0.6992665264682179, 1.0250326280734026, 1.6114804753763243, 2.2035740985343772, 3.007018050217777, 4.836447668393106, 10.142838281776783, 5.49009089979362, 8.82802591191683, 5.629314230979826, 5.968749498381206, 3.692946475478457, -2.2381320677070957, -0.9320239964145602, 0.5360950465689718, 3.326426064495434, -1.2129875712172864, -1.7508517597332003, 5.920527020635428, 5.44238936507245, 6.60953015746416, 7.167477508418926, 6.99971532082887, 2.9592186303443726, -3.0710640635846764, -2.0141440444498344, -1.7197118458281933, -3.105946424740427, 5.5109105961630896e-15, 2.590251983531713, 5.7734006836592755, 3.911070645527965, 4.218782862643512, 6.309032810922422, 5.6119124434280945, 5.152887235134453, -2.2381320677070957, -0.9320239964145602, -1.7319319230585906, -2.760605228080237, 0.22688128368468702, 4.25625067249721, 6.6333056350833814, 7.01024046405352, 8.424921949525451, 7.595350717192612, 6.989584396025852, 8.05555555555555, -0.7341571639635175, -1.3646771593277016, -0.9087718384998519, -1.077341820075214, 0.4304271259975108, 1.263052264484146, 4.3837114678907785, 6.6526653444914015, 5.039015078105747, 6.623961907870978, 6.233539083657106, 10.07779563977085, 0.2385162213095428, -0.24433369012196213, 0.41879396043001055, -0.4304271259975142, 0.9926070701816648, 4.010875230330807, 4.3837114678907785, 2.5953798689447223, 2.681652883978895, 7.3965190202360604, 6.9944459877252605, 10.022821652534073]}