{"west": 11.4, "south": 47.8, "east": 19.6, "north": 51.4, "cols": 12, "rows": 8, "source": "formation-steer-fallback", "hourIndex": 6, "validAt": "2026-07-17T06:11:57Z", "level": "500hPa", "u": [9.251328667399644, 11.842568901344489, 7.975772556039055, 8.910766747159615, 4.129513174124921, 6.388879158057115, 5.955714414352182, 4.232431340186182, 4.03792429685208, 4.0842629540799935, 3.0597143380043565, 2.579903412219935, 14.217327500065494, 15.60765530258864, 11.765518532281714, 10.993336119291437, 10.978454322815535, 11.327576278200326, 5.779910009694165, 4.618500242825268, 5.508703876938955, 4.061790863788287, 3.391515311477548, 2.7210307742471507, 11.419609195046107, 11.816485767484528, 11.908218664074717, 9.735605753395056, 10.920405244998108, 6.733748698797226, 5.270704886843018, 7.222426402841593, 5.327966129788227, 4.271696320638958, 2.910154804018051, 1.6236884093577177, 6.881584438098561, 9.572434573237164, 11.914475290739672, 12.125113783330036, 11.491270185293313, 10.012207539785953, 5.844809025840216, 4.5485984323389825, 3.3267076019228665, 4.47104094008496, 2.710106342538877, 2.356473315490404, 7.159869762096091, 7.081145970209608, 10.465144121880419, 11.199155751749245, 9.491177995597733, 9.681860170963997, 8.108233480669714, 5.58794352723558, 3.8463260794111402, 3.0010818958436145, 2.6675544895272623, 1.270465017477634, 9.76896293504984, 11.116400521205374, 11.19235197142242, 10.699022382333364, 9.583072338170746, 8.198886299092113, 7.131431638300884, 5.773278965022079, 2.704294785712628, 2.7128682080143345, 2.177413277986096, 0.4545000732810035, 7.4654084677226535, 7.585499589033024, 5.966607023473271, 7.18641121203008, 6.190537343996586, 5.838582489861973, 4.133254519839888, 4.434012504514042, 3.3751559049880817, 2.216224538164553, 1.1042521795361677, -0.9911018529107053, 6.776919578648481, 4.965023832966548, 5.560458368852507, 5.384901231235485, 4.338547039685776, 1.5590279741443698, 3.7489421061798054, 3.099519851691062, 1.3927544104693805, 1.7524613772794007, 0.6535003411816679, -1.071383765952869], "v": [4.919018707856611, 4.7127305437526825, 2.3171761307147096, 3.349337025230313, 3.4773729845590395, -0.01115070900434922, -3.3558726045746146, -1.3426063065682925, -1.995666488670575, -1.7420857802522023, -2.2558159619921256, -2.2905454336502333, 4.076753058465588, 6.56085416507102, 2.716283981202168, 2.0374944169608153, 2.5749732144839093, 1.571831100097037, -1.3769687932611183, -0.6490878791998603, 0.9515183807545573, -0.4699652375708318, -1.4117515672710836, -1.1104320901498284, 8.357890482471415, 7.1281599383596586, 7.586371970074738, 4.519117730144404, 1.2249197105784009, 2.858306741323617, -0.036797059487173246, 2.3746129776888347, 1.4675663770555736, 0.7917121163047738, 0.597368990737803, -0.13349148697644156, 6.715456973665076, 6.878492028860235, 8.435918735965313, 6.178054050622332, 3.9119474671037042, 3.1953030166988694, 0.87351256160624, 2.787384704269388, 1.5583437127243842, 1.4354942028892503, 1.5022364760688582, 0.43249378549613354, 5.14488834678977, 5.144753694371063, 6.337916563288756, 4.8463074543294224, 3.342371389579765, 4.250039477335868, 2.4325866228944375, 3.769115500754909, 1.6485374633299112, 2.536110831348689, 2.13711413505857, 0.8000545200450823, 6.128058896859225, 4.289461967863777, 5.826369654500391, 4.387988866997913, 5.377769386440098, 5.263591455764931, 6.353873817997277, 4.334700460061034, 2.293408759847504, 4.444391581923893, 2.8790564319677348, 1.7961668010557152, 6.110366029543004, 6.012192889943811, 5.1140007240141445, 4.883880016448513, 5.343528494852417, 7.919260639540687, 8.326387237892208, 5.534552305374321, 4.335578666119495, 7.071981101337295, 4.300778286289213, 4.065663192434594, 7.991069276700378, 6.935071907763607, 6.842142488970047, 7.577292134460018, 7.454370166850702, 9.52041639744678, 8.22630265574364, 5.804884848877375, 6.725356664617543, 7.299526971874224, 5.101368223487333, 4.997558765655097]}