{"west": 11.4, "south": 47.8, "east": 19.6, "north": 51.4, "cols": 12, "rows": 8, "level": "500hPa", "source": "Open-Meteo", "hourIndex": 19, "validAt": "2026-07-18T19:14:14Z", "u": [17.004441800126493, 13.675080311502661, 17.35039099176457, 17.322134485070848, 21.648360280544882, 16.02102826563865, 16.699620277013615, 19.97288190449618, 21.377658661749127, 13.671200837904456, 12.335528075920772, 13.979093208239016, 15.990253232305532, 15.687743341219786, 18.01737736182579, 15.978709152786976, 18.350378445274657, 12.627917077474537, 15.948665619327198, 16.326734448962487, 15.647500964527305, 13.308574520485575, 15.647500964527305, 15.319231713523235, 13.675676684277912, 15.684883812938587, 13.32856411597154, 15.994459319361912, 9.649051944633518, 15.035235885418832, 14.344892620449293, 11.997665575471448, 13.964876447790584, 15.647500964527305, 14.028083615353514, 13.964876447790584, 11.662417281785531, 12.333333333333332, 11.659559648556117, 11.663157254067382, 12.991600863803134, 12.661577276165374, 12.664360833567784, 13.964876447790584, 14.02580308745785, 12.675333704304267, 11.348228354827375, 10.985260565878704, 11.677615627631019, 10.666666666666666, 12.682534159861337, 12.323335966561762, 12.32487463662067, 12.682534159861337, 13.01637028949687, 11.688169239548209, 10.997504693574907, 9.649051944633518, 10.969732238731405, 9.99728538225008, 13.333333333333332, 14.348916725868248, 12.34610425743922, 11.997665575471448, 11.32279718594408, 11.66864892014015, 11.993933283133845, 11.993933283133845, 11.333067897820193, 10.669871130144212, 9.649051944633518, 10.310516255845384, 10.993299097210054, 15.647500964527305, 15.324291030488531, 13.306356810795604, 12.006937491535888, 11.993933283133845, 11.348228354827375, 12.627917077474537, 13.306356810795604, 10.997019908636323, 11.962367771676856, 10.632443746218133, 11.000719847357985, 10.993299097210054, 12.342385558138094, 12.991600863803134, 13.66097830297999, 12.69387667734098, 12.683314043630597, 12.69387667734098, 12.32487463662067, 12.348646867489395, 11.33342348585058, 11.688169239548209], "v": [0.891165032692344, 1.6790887313598073, 1.5179625195217168, 3.9991298550020518, 3.042478623765886, 4.593955930283317, 3.8554111258379153, 5.727131726419867, 4.155395899311419, 1.9213619771431325, 2.621997434201739, 3.745686736067036, -0.5583919472400185, 1.9262126777091335, 2.5321772535789773, 3.1059464247404227, 8.950077580277007, 4.103058980867361, 6.122119138065541, 1.7160089386439779, 2.759076600707895, 4.068839557391426, 2.759076600707895, 2.701193874818918, -0.7167118452158695, -0.5477282121364765, 0.9320239964145685, 1.3993338696707371, 2.405778850685586, 4.596732913140813, 3.3117794111735734, 2.332109943491102, 5.082799352200909, 2.759076600707895, 4.558000667030479, 5.082799352200909, -1.4319647850104835, 3.775994297371005e-15, -0.4071607948625135, 1.6391498557518875, 2.9993473912515385, 2.691301331140992, 3.3934052580108274, 5.082799352200909, 4.288118335933479, 2.0075756346829667, 3.254052117284016, 5.357869571866507, 1.0216589844308843, 3.2657247977262754e-15, 1.5572193879546599, 1.731931923058598, 2.3957129419499505, 1.5572193879546599, 3.9795037587261453, 3.5734319466112323, 3.362274604311478, 2.405778850685586, 2.735061430807357, 3.638714302603641, 4.082155997157844e-15, 2.272645144890025, 1.9554308130028897, 2.332109943491102, 3.0339343620351045, 3.345931235889682, 2.990423431718117, 2.990423431718117, 1.5927588220985325, 1.3100954416053334, 2.405778850685586, 3.752721017045531, 0.3838944637275097, 2.759076600707895, 2.978740427822726, 2.1075198762364478, 3.670889181518812, 2.990423431718117, 3.254052117284016, 4.103058980867361, 2.1075198762364478, 1.9390713172807235, 3.430153761278209, 4.0814127587103615, 1.3507185560737158, 0.3838944637275097, 3.3071322429766536, 2.9993473912515385, 2.655425185656914, 2.9306123468686907, 3.636881778140959, 2.9306123468686907, 2.3957129419499505, 1.297895085573364, 3.6824525163014603, 3.5734319466112323]}