{"west": 7.0, "south": 46.5, "east": 22.5, "north": 52.5, "cols": 18, "rows": 12, "source": "formation-steer-fallback", "hourIndex": 23, "validAt": "2026-07-22T22:51:22Z", "level": "500hPa", "u": [10.63035090500028, 12.144271670756567, 11.650895545730464, 11.491057025589052, 11.196339102100133, 11.61238213858824, 9.956731405932773, 10.965484793837435, 9.918430428879399, 8.972852978616586, 10.375789962615999, 9.274544892912486, 9.860314026958491, 8.358809044494846, 8.118251746578816, 7.588101378921662, 6.752911941772516, 5.803028218418403, 10.283320510887325, 12.729991958019902, 12.8309211402493, 12.168053075708722, 12.195014625032348, 11.669936178303224, 10.642666563755888, 12.065833694557979, 10.202978898588592, 9.693035192707569, 9.871037384682726, 8.625245963315004, 9.464946457445473, 8.81366817803509, 8.193782078740155, 7.081650253940933, 7.137492702856748, 5.563137028587455, 13.036263696294089, 12.933082582567966, 14.772090603201846, 10.618566111976339, 10.543267935579381, 11.17588705447116, 11.943974215264484, 11.684636929934083, 10.953051233866537, 9.488856547050535, 11.37665997382242, 9.61161636565089, 9.842968893337337, 9.221614166802473, 8.707198489184451, 7.140913038340895, 6.706766329534845, 5.793636067169777, 10.14552171110129, 10.753979260893779, 9.849672608341898, 11.296779217525716, 12.635643786088327, 13.272840007789197, 12.920176286671037, 12.668022850056593, 13.12414862008933, 13.230645568408944, 11.59943649751647, 11.211594040239463, 9.705783568346344, 9.78452151587017, 9.42182335932152, 6.956222534165209, 7.269243433199355, 5.553242319581976, 8.80761986863187, 9.361172123803295, 9.353174641472775, 11.840206803705373, 12.862935121606291, 13.499194475918403, 15.00012596407763, 14.643167017546572, 13.132957231116784, 13.262957574976907, 12.140172145459074, 12.17280469152397, 10.958388593809362, 9.869275782320967, 9.797031496133448, 6.758858788633684, 7.484319119922983, 6.304255225890459, 5.902018953545314, 7.470305026106853, 9.528234257652057, 11.480531023339005, 12.148227828776319, 13.797043518587081, 14.164523808820118, 13.890256223607018, 14.236369782409911, 14.503524463833983, 13.801079041452466, 13.93577690474262, 11.599420300975686, 11.570285044049145, 10.948868260504707, 9.901315594318632, 7.85623931976826, 7.459471559264783, 6.363358015634087, 9.546770277116776, 10.009069719631043, 11.306692617785599, 12.170055130210825, 13.924368918399583, 14.790830506398429, 14.668340529412857, 14.815182101665402, 15.404073460805535, 14.204470159294306, 14.123364523928672, 11.547379928253651, 11.396306796720618, 11.209614007030755, 9.79523629967759, 9.68862288558132, 8.148528197710908, 8.359869785340246, 10.7895909778443, 10.562776694324826, 11.633755358732788, 12.217140644835721, 13.885626898474, 14.996413313240128, 15.555232353906367, 14.080167884926468, 14.632790967284391, 15.383517775178197, 14.299681415403072, 12.19294716038267, 10.932855254661083, 10.741948097826384, 10.395979548976877, 10.67660745615047, 9.663095201623461, 9.549976046173173, 10.596728325727254, 11.28707274327644, 13.555168045825855, 13.838140682318945, 13.547581460314486, 13.303181458280491, 14.33920087370639, 14.20359506560111, 13.51664182577477, 14.785424845158005, 14.785489907197265, 12.599250291930014, 11.919936515160524, 11.338187902046144, 10.095995702137474, 10.838182888003574, 10.444433336112807, 11.178774942412579, 11.358933132493975, 11.175252035267876, 11.149903439220664, 12.522483129579816, 13.094600995158805, 13.044225908699145, 13.735235822053896, 13.698284410041794, 13.443414821128558, 14.193743391858808, 13.679169555766922, 11.8818673159904, 11.652619434479593, 12.330086045782934, 10.41421768076395, 10.797059598800349, 10.30237774772579, 8.428318639681143, 9.499104598426884, 10.448648314211841, 11.89100850005539, 12.48251491071585, 12.449501220713087, 12.358477977579607, 13.122646279389343, 12.958185450976877, 13.996787688329604, 13.545768150056556, 12.667202494329288, 11.807277151276363, 11.915114446098157, 11.113805340303996, 11.61314742061885, 10.519889333369296, 9.633111704303717, 8.47439895782982, 8.081429647867797, 8.134560318594938, 10.047444996085815, 9.876303497461326, 10.698662990470993, 8.616086063569801, 9.173064965926399, 10.808814148867002, 11.28314370047998, 11.380302529168759, 11.813697433378943, 11.271992394461993, 10.7632938675762, 9.710293428511841, 8.586721944701564, 10.158239681442812, 8.135634604589493],