{"west": 7.0, "south": 46.5, "east": 22.5, "north": 52.5, "cols": 18, "rows": 12, "source": "formation-steer-fallback", "hourIndex": 4, "validAt": "2026-07-22T03:56:50Z", "level": "500hPa", "u": [4.794247960960098, 6.0809845019567605, 7.418636540268866, 6.219063393820713, 6.869865861085147, 6.348838864795066, 7.646906612200766, 6.830776020467577, 8.803296876892773, 9.831638813265618, 11.55849197048656, 10.921587919574161, 10.168085475093958, 9.533381370674022, 9.123943453511442, 9.878655108822981, 11.984704302485621, 8.238000771936832, 3.4225839341475837, 4.058390841186075, 5.229989288830928, 5.739123143124995, 5.416324724980547, 5.495994658461057, 5.5580784821659055, 5.838432196159982, 7.642696122662315, 8.153490074720938, 8.854998209302163, 8.254116172862126, 9.186522403580405, 7.155946054988266, 6.770500081982122, 7.630387890297003, 8.64549632600981, 8.957678667907073, 1.914342316455745, 3.812657793040506, 4.922817396368905, 6.085016166382122, 5.505409013220359, 5.553740109505557, 5.475208385012149, 6.7347721909297595, 7.33097968365839, 6.701813244050849, 7.268324767529499, 6.924995232370457, 5.490846306609549, 6.523880434468472, 5.24469066799057, 6.634648083386192, 7.6349735421889084, 7.471709954392394, 4.396728414129015, 4.489848127286506, 3.856314179983718, 4.04619032892871, 4.278309625622971, 4.477760724156917, 5.304168585139943, 4.736780385434563, 5.231049639527635, 4.423847210245472, 3.9170475343308055, 3.4973574589732794, 3.9759999914278747, 2.3131019034516695, 1.1194401810392292, 3.205999242746901, 4.267492389276859, 6.354146499675584, 5.332617881056273, 4.506550120675058, 4.949779968232132, 4.514234022956531, 4.650658934452696, 4.723491495604553, 4.962959650069301, 3.8382521780274383, 3.5508341268880206, 2.843549153955116, 2.0814815447274624, 2.736735125127175, 2.6049408771701628, 0.9276168129378997, 1.542749271383638, 2.9791236009733657, 3.9457073511081537, 5.384141849277779, 6.358333848907818, 5.961762650564549, 4.7845838879637235, 4.786088931735516, 5.302492692185319, 4.732371583699968, 3.4463460491123823, 3.7791893267903434, 3.7427155349050145, 4.266723548914113, 2.2367601481344734, 2.090558799033163, 2.873129086247194, 2.4315806020133186, 2.710114790077209, 5.419473332649368, 5.839974186844584, 7.411628573398662, 6.696956526813986, 5.5939753286427, 5.517242155480954, 4.813269386706287, 5.1509929009800235, 4.892702963319553, 4.090592591765187, 3.707382376659717, 2.8851225432840137, 3.6517961862187773, 4.096113802402742, 4.397419345358019, 3.6346389601843145, 4.347761395262839, 5.335990020992357, 7.021942679050927, 7.26139797288754, 9.002186509789109, 8.16563871216418, 7.684544280734048, 7.68202008607723, 6.507348018620867, 5.035629238086636, 4.930217432267085, 4.271530087744339, 3.668974708423954, 3.5550147807338908, 3.349069864159541, 4.688812657793506, 4.047750186497649, 4.84887358548105, 4.794835995979456, 5.529407813869474, 6.521422514222613, 7.604480163744021, 10.056255753978794, 9.143689411673062, 9.986457516054442, 8.101003031870214, 7.397123478104773, 6.338938198604705, 5.729956984734671, 4.469051243345404, 4.540264242094038, 4.272985081283887, 4.0157335800388605, 4.307513104296166, 5.4152631622812075, 5.524594651998711, 6.1110551939168145, 5.358754788768227, 5.895150709072253, 7.442926100260221, 10.678875954580482, 7.759967159345167, 9.389367021100094, 10.850415551578477, 9.392343824062912, 10.214586260087316, 7.350868106873266, 6.291244990304684, 4.990142537064332, 5.375806326310616, 4.862711456913332, 4.008987318241091, 3.6131574487358384, 4.100144105911383, 5.920371011171884, 6.776336368812797, 7.394869968783068, 8.951824044259773, 10.59542671073913, 8.59845858571164, 8.347829676940833, 9.589378375975512, 9.79472380550891, 10.697383075167345, 8.478306997202015, 7.679449954097629, 6.755799624847164, 6.0694823507579505, 6.473259466826522, 5.305981773832542, 3.546836516628585, 3.726084341013834, 5.6525251335896085, 7.0322174991066975, 8.834460705957461, 9.775089760598497, 11.460711255307501, 8.791772218629646, 10.082684921300945, 9.976046858877751, 9.72808391589143, 9.756439460399976, 10.915882567462512, 10.498185770166089, 9.501579290085687, 7.352285836580906, 7.029684589791399, 5.831600461185443, 5.277421185151227, 5.75544768509266, 6.304249962657267, 6.930957265059079, 7.526909548467778, 8.692223128484374, 8.98782120257866],