{"west": 7.0, "south": 46.5, "east": 22.5, "north": 52.5, "cols": 18, "rows": 12, "source": "formation-steer-fallback", "hourIndex": 7, "validAt": "2026-07-21T07:11:53Z", "level": "500hPa", "u": [13.428289007657558, 12.953502515199213, 12.830322136689416, 12.331981529386205, 14.706683927569374, 12.909930724146239, 11.650326035745076, 12.03613049020371, 14.03224886685273, 13.224274864858897, 11.635867018120907, 10.957956633959325, 12.517339996116437, 14.380072588930592, 14.54734036463633, 16.1130897977043, 16.299543204553085, 14.26697680313167, 7.360889152462143, 11.054845649206108, 11.13454084563689, 11.179721146898109, 11.659082912254823, 11.29669219338333, 11.632721556701256, 12.302001427086811, 12.666400269634433, 12.489898232088075, 14.30742756452928, 14.292783689480352, 15.604752775605787, 16.410807254564947, 16.850319213541713, 15.767465041286505, 15.10500966770653, 16.21213145003587, 6.1504941375862945, 8.648692823668126, 10.29218752707948, 9.862174935434146, 10.540879938503931, 11.722736174033159, 12.550935341205372, 13.10467812428043, 13.171726892268092, 13.007693522189662, 13.751040903055955, 14.708706767122857, 15.777445949895522, 16.77338112685992, 16.9957839845258, 16.802589204765347, 16.979188026431135, 16.815057110719778, 6.069751445539705, 6.802581839430144, 7.295675529784659, 8.099541877518039, 8.417752380331553, 10.346854948425781, 12.121524620434647, 12.114397230822373, 13.019815969454656, 13.570311551051628, 15.177231589269784, 15.718000599108292, 16.80556024399686, 14.90429115999315, 14.05544661113348, 13.761154842646595, 13.805429774503416, 12.466980891955346, 3.8257046680096165, 6.958561165217649, 6.059043433038438, 6.554282237244708, 7.128286391809928, 7.774651308363411, 9.269649297435487, 10.010101902094787, 10.93665401680119, 11.654329778937244, 12.798422740251429, 12.989802023812024, 12.811756705155506, 11.085216474133142, 10.871635915557357, 11.523551780793593, 11.892219581047877, 13.629093807776043, 1.7299354384651593, 1.2168716072519998, 3.5696781255362535, 6.274856326689041, 6.6387818412711495, 7.789934819092238, 7.126514307974436, 6.904260499314869, 7.075290626881541, 7.435759234333297, 8.970607391106753, 10.203222194826642, 9.571865364907433, 10.838515906547148, 11.992735037256194, 14.722839526234564, 14.828680935175747, 15.101415137819966, 0.2795781492725881, 0.8839523795346826, 1.5863289740427302, 3.0302695989992023, 3.367923834400692, 5.398538757591603, 5.712970770067232, 6.302559903483235, 6.269062495392043, 7.674006717725513, 8.649780245410806, 8.880694145464485, 10.483575403581291, 12.63302285563477, 13.652999082092537, 15.893223075318476, 16.077635788983812, 17.2885529615091, -0.7832013697451029, 1.9309207519294083, 2.4682629937778553, 1.898740719252285, 2.120838355706499, 2.1522061806050488, 3.733082498822593, 3.7366398530688505, 6.437047722683595, 7.040911649287831, 7.530009592189256, 10.256700204774504, 13.35083656273554, 14.89587646601109, 15.988468604082515, 15.084373984793089, 14.96051860457835, 17.144735579300892, -0.9707892155668527, -0.22410376301351423, 0.778980794668013, 2.2565281838950937, 2.326118448365267, 3.2827077450927016, 3.6416894104547706, 4.844743887930404, 6.272797728672684, 7.868066521113759, 8.270015230840288, 9.80443841620506, 10.987055021929836, 13.705183099273398, 13.202545102440503, 15.285754149491964, 17.3681528983376, 16.973989597588588, -2.7400227733465314, -1.7598228461509315, -1.5608668912480057, 2.4074897834644635, 3.580303417823313, 4.801896242812282, 5.879887769089405, 6.231945841973579, 6.33617867282685, 7.037879176030133, 7.71087306524105, 8.719418337079448, 8.360311745615373, 11.920679695859755, 14.187897745115002, 14.706414112502152, 14.725213683378097, 17.24364356318537, -1.9894714132822142, -1.697083494008007, -1.3442613565131558, 1.4886796606828905, 4.463547949387303, 5.991428445208849, 5.450311956709096, 5.599223188456521, 5.660679153407112, 7.756744260013505, 8.918771056541992, 9.762108475554035, 9.42278577175895, 11.514013376759339, 12.666108236279944, 14.263187110440454, 13.607984798512087, 16.646436243960235, -2.4675339211321545, -1.1453931669044293, -0.6201514141082551, 0.4703035387964482, 1.4764440224145232, 4.728182708495066, 6.270503774699092, 5.909457183995139, 5.778018211350261, 3.8789758002683485, 6.449702468562364, 9.426377417080417, 8.945964169993173, 11.125225039678908, 10.022877953434046, 11.725583813287804, 11.165454840622868, 13.122557839105008],