{"west": 7.0, "south": 46.5, "east": 22.5, "north": 52.5, "cols": 18, "rows": 12, "source": "formation-steer-fallback", "hourIndex": 1, "validAt": "2026-07-23T00:39:18Z", "level": "500hPa", "u": [12.495265900524048, 12.833463694143042, 12.922697158469957, 11.419285860307964, 12.267515820936232, 12.433860060372261, 11.159570029058793, 12.59292634906266, 11.141498734992274, 10.502436921947659, 9.675454153198551, 10.194533602514154, 10.274985225895955, 9.694503411870405, 9.374391871492378, 8.653494056268581, 7.437230236715857, 7.369707409895462, 11.756818439773726, 11.251976922133075, 12.339567654220787, 12.664153476319978, 13.926138783114725, 11.734881934895826, 10.093657963662784, 10.790103787106343, 11.64350778137398, 10.695841725136518, 11.237920218044097, 10.46514412188042, 10.801691534277792, 10.944526684358767, 9.541941023780277, 7.771665298453234, 7.4673407867465835, 7.024383157121878, 10.958689030154806, 12.504448810124748, 12.31249180957822, 10.976557893608444, 10.128646971229761, 11.097431558185436, 11.575784788165537, 12.457426022203226, 13.247870791466395, 11.287984176029605, 12.006698191138346, 11.862663466092336, 10.335982545190932, 11.067907599519348, 9.358930530793462, 7.050780956008402, 8.056140190080779, 6.3709378783109205, 9.780258851478857, 9.476174674186975, 8.486747064957738, 9.856507309482037, 9.179964392149436, 11.591792322342817, 14.276654129877834, 15.486287250952854, 13.622124872626012, 13.892601933135365, 13.555216967169693, 13.16949258805594, 10.642201747564814, 10.699419683488754, 10.63022654925365, 7.952422186472832, 8.91054534146956, 6.610575222470887, 7.20165813289384, 6.837059432300108, 7.701476180762421, 9.78892849087136, 11.451669672130256, 12.762344130160294, 13.80921799518482, 15.409029556639307, 14.579657664079347, 13.79240814678382, 14.350170124958263, 12.69141437106497, 11.305948899174103, 10.817597443459341, 11.155640016665528, 8.048532971837355, 8.184414388467387, 6.941801231968282, 6.299210178531062, 8.377265309676, 10.248640863112778, 11.45368454514642, 12.973093527865478, 14.496070731337184, 14.910321711154719, 15.72066382263989, 15.664314537670393, 15.766432209387656, 14.80193523846461, 14.941247937506995, 14.206206742162637, 11.667931427072428, 12.45004507494032, 11.138000103663295, 10.227924028304388, 8.143736671774478, 6.889290307727562, 9.970438420041134, 10.409970508163596, 12.71098660850975, 13.34750491813617, 14.16330331701633, 14.853995378641564, 16.079892768880743, 15.667387538092264, 15.18349161770899, 14.984150941038745, 14.931033830751506, 14.024397325065737, 11.548367608244726, 11.623779189846678, 11.371789202846436, 10.501255538654183, 9.040123480053262, 8.41346102985845, 11.072500616655486, 11.016779861161872, 13.327767967385562, 13.383364960973157, 13.554720811078669, 13.249879935393347, 14.386054822388685, 14.431539077093207, 14.623276759439564, 14.176047935412884, 13.280393490691807, 13.130391627821103, 13.184231738620616, 11.664592026719616, 11.812892208008812, 12.112276029477846, 10.806676542398913, 9.281982207605695, 11.980538593989541, 11.25975299583701, 12.504115848437172, 13.46925508049257, 13.200424244251316, 13.031495357585623, 14.332677212109225, 14.064047267465162, 12.917249621105789, 14.132031464068117, 13.236534975324, 12.64618763246382, 12.732712387457484, 11.850233663015823, 11.60483301444651, 10.738972295973547, 11.59433518251545, 6.964981132007464, 8.837195576313716, 10.070536836049518, 12.93132424996566, 13.184686657552511, 12.532549131316227, 12.047355118654911, 12.405775615184892, 12.551345295709883, 13.391608373997196, 12.84206434298122, 13.544980368297534, 12.296305213432133, 11.919555786866495, 11.663186354287776, 11.688854219329437, 10.906768965345949, 10.625134767496753, 6.7835293902243325, 7.773291270987912, 9.183091560656312, 9.796387764722423, 9.516269686713025, 10.961955258058648, 12.07408244808859, 11.863587501275767, 11.871893458091325, 11.654868151090154, 12.72408543319883, 13.16918677118133, 11.214615650687513, 10.835353048124995, 10.940910822504836, 10.414958155891897, 11.1848759872595, 10.491760341202962, 6.922415865762903, 7.893532676133106, 8.109115457771978, 8.012419179048564, 8.145172069960847, 7.32463857784793, 8.477382660581805, 7.9012498584063415, 9.32875992240984, 10.668419234698877, 11.361579211715407, 10.871560926403827, 10.170169592330872, 9.155053078278334, 9.391923152167191, 9.800633170745456, 9.532954804008348, 10.48113768130762],