{"west": 7.0, "south": 46.5, "east": 22.5, "north": 52.5, "cols": 18, "rows": 12, "source": "formation-steer-fallback", "hourIndex": 2, "validAt": "2026-07-22T02:06:49Z", "level": "500hPa", "u": [4.57546588435321, 5.510372205043675, 6.692906095777251, 6.679333192621719, 6.969150089397208, 6.850279909757954, 7.132408250292599, 6.651899724823499, 9.947444192967728, 9.149621021510171, 8.397441518105468, 8.918592799202173, 10.747694845963323, 11.464942808825368, 11.610089588473805, 10.697324599756945, 11.962749635080831, 9.442597045290471, 2.2362460711676095, 3.766835004797615, 4.601875798776619, 5.5621835222037435, 5.562329745311823, 6.04323987785634, 6.707556637177617, 7.756139275982479, 9.377097787238323, 9.693660832136658, 8.747339285423296, 7.243595746189881, 9.996162129742032, 10.511816328717822, 11.838152486078496, 10.172341135384258, 9.917387180613554, 10.440529598325956, 1.5677245984182653, 3.2517461655689166, 3.821960501923699, 5.548231342215404, 4.580483808799273, 6.02198960430979, 6.903523705355841, 7.866002016974133, 8.891491773651708, 9.365736617762451, 7.6021148535448475, 7.439685647208658, 9.092358521180904, 8.705879335056965, 8.912591986216452, 9.965695155959397, 8.847263424779678, 9.59734334649248, 2.001953591677081, 2.400697547269056, 3.4034895605714635, 3.9203985855282286, 4.150911756646946, 3.8714018613220373, 4.949314914984612, 5.822662316167946, 7.250209635759445, 6.9857622136423965, 5.074996506033223, 5.788640583617312, 4.005676949025106, 3.8314416119195522, 3.6133609130695947, 5.03096264869791, 5.554015830161793, 7.632757115898433, 2.995368542731692, 2.604446785598164, 3.284807418164607, 4.156863325109453, 3.7980014176243997, 3.343075226379903, 5.225879357328389, 5.2368553248802385, 3.8286359991433003, 4.076321804109773, 2.473900402079154, 3.5418248925746045, 3.3715671273198584, 1.7913340178693982, 3.4935222953153526, 4.325725985223339, 4.6538696040272605, 6.291827310911328, 3.812657793040506, 3.946949652821605, 3.0668823587090803, 4.069144744345421, 3.4463460491123823, 4.011320614571786, 3.3842156077692067, 4.666871736286369, 2.0040123401289405, 2.4810320728556006, 2.8191694191387136, 1.4371528087770276, 3.021591367426432, 3.0886055935247727, 3.2104092571939242, 5.882897360264388, 6.458826478616787, 7.9419209851943995, 3.974023473400926, 3.161073080497062, 3.6884765296416684, 3.947649284952588, 3.8639906600733394, 3.686212547684019, 3.7031352855979014, 3.029883852089413, 2.8881886901926315, 2.759537346410963, 2.5587462094818414, 2.6804464098417613, 2.7583066465609454, 3.8584178123902886, 5.213628291650818, 7.131599519088225, 7.366214319427803, 10.015636059907509, 6.4124428337353025, 5.201492831381788, 4.854312901311438, 4.407319368782834, 3.4530104058032163, 2.6516568488493486, 3.364366835876132, 2.6120406237964593, 2.7004014138713712, 3.338399589448111, 4.757100992005942, 6.494640667498431, 6.43505600942406, 6.227640039278286, 6.244173568593129, 7.038968116119615, 8.284803719078727, 10.83665640407664, 7.073780981907775, 7.035811424815691, 6.261787698942482, 5.014410828904073, 4.2430320299848505, 3.0710231049506946, 3.315361442488457, 3.50118187344146, 2.52325902752557, 3.3423010228460854, 3.862709679324221, 4.197458556236937, 5.696915648092978, 5.614311853591788, 6.561685017994798, 8.679877616099102, 9.703283975558211, 10.728935009295576, 8.929188688723203, 8.53997062089938, 9.024053270178946, 7.607551157002422, 7.1952218900891864, 4.937839405565259, 4.002794367373918, 3.7116018628244474, 3.0653028699085283, 3.6996262719891546, 5.270684953342242, 4.745019261258706, 6.9159909389961856, 6.573012093725468, 6.869853279302635, 7.774944190167846, 9.30300639572219, 11.61917416744122, 8.113979560990122, 9.096145742129949, 8.982793535336624, 8.238528313415049, 8.272407703894487, 6.655926484107671, 4.234491569641572, 4.241249796776524, 4.572771452487916, 3.7527379555661304, 3.9522985811081557, 4.4857349268151445, 5.178624443435749, 7.002142554650216, 7.55743265564884, 8.18401168586072, 8.349263273206905, 12.49086675032016, 7.682961972162537, 8.156431816271503, 8.397666019346685, 10.117904140322434, 10.235704735965921, 9.187258656072895, 6.442729069863738, 5.238444229915509, 4.289158167137771, 4.218630029622458, 3.2286144538460455, 3.2544711445186283, 4.770399858046254, 7.0260590812909225, 8.960407286094206, 9.568587090931786, 9.651144248317625, 8.391187872936687],