{"west": 11.4, "south": 47.8, "east": 19.6, "north": 51.4, "cols": 12, "rows": 8, "source": "formation-steer-fallback", "hourIndex": 7, "validAt": "2026-07-20T06:34:41Z", "level": "500hPa", "u": [12.59964235855336, 13.508369964911251, 14.926186672756979, 16.15032908526071, 15.926906368291784, 17.38257635975157, 18.791674788499037, 18.36525801172677, 18.46876783157522, 18.341177034811317, 18.098372397246397, 17.526844847859667, 15.053859728723433, 15.645023204742218, 16.491839521559964, 16.356938109479138, 16.025878793711577, 16.645649130628787, 18.267519122568636, 19.00344169497875, 19.02729091219134, 19.062960296827153, 17.90224310548006, 17.37767190640871, 14.8151988357368, 15.416670583341501, 15.590555548433052, 16.141373010673785, 16.871177714238133, 16.887226588789176, 16.321124946073702, 15.968980998790682, 14.939993540719604, 14.632073745775152, 12.550419119627934, 13.716010652119767, 15.958321172931589, 17.13219370453888, 17.537061025871328, 17.708764715941467, 17.710915726914543, 18.268214821937594, 18.0952609134014, 17.93171678970332, 17.581363530934695, 15.84148414450892, 12.803088122456282, 12.190007936313464, 16.961291753210514, 18.44186620035221, 19.435511679933207, 21.039387618571773, 20.194937668395227, 19.069787667441453, 19.069410070566203, 19.120618332484895, 18.686105345529693, 16.135437663023303, 14.825309584312853, 14.482977375432196, 14.640366129664876, 15.946021911888355, 17.501545475256894, 18.58328642089827, 21.038564951567267, 20.9426246007683, 19.838463294982528, 19.389805250386132, 18.7482986303574, 17.457328866137086, 17.624223924974064, 15.284068546390385, 12.78018037761005, 14.555975638474074, 15.326142768184685, 16.42873383494485, 18.800869988901326, 19.043399846596785, 18.698663520468656, 19.553289604068414, 18.596358628339125, 19.275570615689865, 17.853051475256393, 16.08999313043351, 13.739119997651187, 13.582405879717891, 14.552585626975926, 14.61298710321035, 14.946337381633086, 15.883919809096547, 16.60291453051965, 16.636566678511898, 18.322306642013448, 17.91800895533228, 13.98759653032178, 15.391509868241764], "v": [-2.7932734621011814, -2.8220455154167063, -2.901356779697795, -1.5835536122026397, -2.125103026228678, -0.9718368959573728, -1.4459405717790688, -0.3205667710181583, -1.0002327118309045, -0.9933226412828499, -1.9980789144494486, -1.9349816855720978, -2.1424815100731287, -2.5059267100543696, -2.4647219305862578, -2.0373643416057843, -1.5431166155756055, -0.9889337793791605, -0.4145480006715413, -0.3648847211663209, -0.6644476399970598, -1.2327463440433095, -1.346076420773765, 0.06065976459344467, -2.0030934720034663, -2.084415642875402, -2.441415846020218, -1.327062429354037, -1.4167123753068385, -1.2104914533547781, -0.28488629563526763, -1.0606585476516694, -1.7814863731448936, -1.9263490535142616, -0.30672563655809937, 0.7428325839158719, -1.8746718854197015, -2.0125702149634965, -1.5034564818331388, -1.362615182896885, -0.8042479770415578, -0.38266454997978294, -0.7900561536546463, -1.3797704100196877, -1.3528121959695696, -1.0521902159338916, 1.3456587861498328, 1.045052327662598, -2.565154203990632, -3.0199714068690575, -3.078282639847208, -1.3605561656665288, -1.0230314091345427, -0.19970564958356993, -0.23298838676219413, -0.7345400636093917, 0.2283052031086808, 0.958621632884782, 3.2324402361862767, 2.9992804281270846, -4.87020159922967, -5.397430637345809, -5.250715276587238, -3.143127629079871, -0.734682877110843, -1.7954162705012802, -1.1091422922669465, 0.13536857641644753, 1.1466950675963954, 2.702537294023167, 4.03648612532023, 4.296157913819581, -8.98206120795938, -8.135059816138371, -7.34305725325146, -5.4651123535869175, -3.382810442160484, -1.867221680530278, -0.8818065870341185, 1.0589683114893709, 1.0071427823789612, 1.7881406219863558, 5.6290455079424895, 5.761051604022257, -11.205352845162244, -10.160937789820622, -7.672707992813902, -5.785690886360851, -3.6988445540318713, -2.2040760118679104, -0.5217676091311308, 0.4647013844785062, 2.2821639330390395, 3.5803714911868925, 7.096312739247168, 6.660501082520803]}