{"west": 7.0, "south": 46.5, "east": 22.5, "north": 52.5, "cols": 18, "rows": 12, "source": "formation-steer-fallback", "hourIndex": 6, "validAt": "2026-07-22T06:22:14Z", "level": "500hPa", "u": [5.496558550984692, 6.193839318207503, 7.437705405414284, 6.929888516761731, 6.8345075836061655, 6.088278390365032, 5.9416666666666655, 4.507989103418896, 7.640006179114029, 7.459162870290107, 8.418266763022602, 8.774292516664254, 9.544321637541001, 7.55176972206442, 6.450837147745441, 8.177220468948692, 8.753912964934882, 7.885738621941447, 3.1577140736061615, 4.484124361942361, 5.199853078959353, 5.3060850561497865, 5.284119200385116, 5.363997197071517, 5.463613726230146, 5.819674356577435, 5.718621492307113, 5.643247758728116, 3.8056324711320215, 4.931329336449214, 6.6650961490831335, 6.0347382666085805, 5.43404911628012, 6.5152374539777425, 7.022515066253456, 9.016023475727748, 4.029777387318975, 5.568047583258708, 5.613809208017076, 5.4637111957206494, 5.946447038499769, 5.551883376716546, 6.213272970966187, 6.247600445943899, 6.397849506617237, 5.49608893809375, 5.3714979954063535, 4.354895338433099, 4.323096999653311, 5.02697015726407, 4.128170480582198, 4.673125544991962, 6.634721431723051, 6.80412521335488, 4.836216088193548, 5.750674600815154, 5.728503339204486, 5.886221730873492, 5.618570445171336, 5.205119523724082, 5.500774927640961, 5.081049009348097, 3.668166486468885, 3.864084964156307, 4.510738293853375, 3.850964236197665, 2.5118194901540702, 1.7295445603222293, 1.4902661089909317, 2.186672470863224, 2.8236498649362143, 5.456832690363718, 5.209372693917098, 6.207451249211468, 6.6162420547688265, 5.947609896172347, 5.7676221253563265, 5.892160099805625, 5.13028658385131, 4.031585491037243, 3.350125064918897, 3.567232181267372, 2.7498465310323734, 2.9637232466243577, 1.6131251560620192, 1.8640641838530931, 1.606807405268812, 2.641171189404729, 3.078539686642147, 4.979646305138889, 6.8001325142445745, 7.105042094509091, 6.961262089471039, 6.101392430400759, 6.637664302199489, 6.156809060529169, 4.1540088310304615, 5.005932369488297, 3.537390301970067, 3.2750473623572973, 3.899222146471703, 4.871329930538389, 4.690580635048553, 3.4629474098595057, 2.9676825821342656, 4.659428442007558, 5.147275904645459, 6.980074988781594, 7.381819809068768, 6.81253241504626, 7.6418448455430585, 6.467946992763853, 6.520693603467573, 6.488356357178735, 5.076308918139705, 4.442652643716932, 3.7879648575693077, 3.192756944791709, 3.4640366438269163, 3.5720679582069867, 4.600457860243335, 5.011438976717023, 4.8196623125173135, 5.079827450929478, 6.057855094880294, 7.997528065366936, 9.595293746332299, 8.590221558712216, 8.125080263995518, 8.61034753387403, 7.864538045519081, 6.719282244015318, 6.716237158464516, 5.621262785608968, 3.8366782286702414, 4.075275810219508, 3.840118408900135, 4.5827818779264256, 4.265245399038693, 4.789158491228609, 5.4428559921623725, 4.089757423467604, 5.019650432643402, 8.003985031488536, 8.800922640532189, 10.800265224634414, 8.81944463290423, 8.912690188671599, 9.05671556331758, 7.139356251072507, 6.784065709326718, 6.813443029216629, 4.940356906135292, 3.8069419967886375, 3.7368888452242413, 3.8182776052606164, 3.6836284714978227, 6.108747299001364, 5.567247920883503, 6.5623467992713405, 6.7675842591563224, 8.952574637020694, 8.344060491375762, 9.521588743563498, 10.285905959589627, 8.614766117145978, 11.260943087942131, 9.013787878340077, 8.51190431400977, 7.9701904295879995, 6.827009415088084, 6.879683471433241, 5.468618162129089, 5.638744893607386, 4.28163272935765, 4.1695252493856305, 4.977120248524885, 7.183026385553346, 8.504018319382908, 10.904690256098286, 9.022618181800397, 9.909203596165385, 9.443338066090698, 10.486050727358776, 9.632095489125327, 9.833709982776629, 10.260990115812566, 9.175411454819812, 9.289602534945745, 8.78631665286387, 6.970682743680566, 6.313868184542249, 5.915618709247818, 5.087997862177397, 5.516323066720241, 6.705531064671067, 7.535791963005665, 10.349100793466357, 10.119295746755776, 10.403403041984797, 10.421574031729511, 11.445564484652927, 11.505176453409227, 11.04666003860439, 10.03112510378475, 10.317453996619554, 9.519864271541538, 9.025916969672448, 8.264965611006511, 7.75123678248046, 6.62621502052667, 6.800959846179767, 6.817119704953355, 7.660417163954506, 8.483171377502115, 9.900189291643457],