{"west": 7.0, "south": 46.5, "east": 22.5, "north": 52.5, "cols": 18, "rows": 12, "source": "formation-steer-fallback", "hourIndex": 0, "validAt": "2026-07-23T00:17:53Z", "level": "500hPa", "u": [11.787884135644987, 12.34445104687342, 12.16454881615483, 11.222399078363082, 11.419302120928547, 11.96446818091109, 11.106889924497974, 12.325781319533224, 9.901908826830377, 10.00393552277453, 9.949020765688157, 10.615175151817663, 10.526436344821182, 8.806984545775565, 8.709907727003749, 7.893164733712951, 7.245541253961394, 6.624939967696673, 12.808863686200578, 14.404269518970567, 13.387803391475055, 13.104901277119978, 12.385161476087083, 10.965486749479512, 10.572578272814457, 12.09719897597262, 10.899807712978527, 10.39142984039834, 10.49009992923594, 9.736529650576236, 9.718986845545565, 9.551907959963367, 8.53374924144996, 7.083992989921424, 7.072792019164555, 6.762797208820471, 11.218206784290182, 13.610010910449747, 13.116160906596098, 11.768377696383316, 11.374661636461761, 11.050391282400497, 11.35148517015296, 11.888668924214757, 10.925358711812049, 11.110310889664957, 11.657485802641226, 10.692721885720841, 9.7197717760529, 10.149865496448664, 8.615094897247976, 6.961372775949683, 6.930779241588574, 5.7669698193905345, 9.626833992079995, 10.08660621809162, 8.860134472413165, 10.842586264878173, 11.049649022834036, 14.103644307658769, 14.9730775842553, 14.267877625622557, 13.432711272128232, 13.347303856578272, 12.402648400633918, 11.714282403432474, 10.744385820267434, 10.377834879312003, 9.820632401009483, 6.978791834942685, 7.876033747856556, 6.271669652557485, 8.514689099547855, 8.242064669007544, 8.619878937965957, 10.375207289113181, 11.174760230051834, 12.476308490077066, 14.977262554815619, 15.641928335858308, 12.949080484180367, 13.509686755103255, 12.990181794919616, 12.05967882578571, 11.54955500319257, 10.053604460124323, 10.283857625368272, 7.327783401759476, 8.05476799151966, 6.694901582518209, 6.32404918938174, 7.898416069062036, 9.725154223981693, 11.459322275680266, 12.223083692869697, 14.123894720469792, 15.456172374076287, 15.362006042255727, 14.672772369781018, 15.289872555883912, 14.778641709351945, 13.893169550647873, 12.81712395031884, 11.677198101572646, 12.074337920088556, 10.367716350403388, 9.231044551513673, 7.78562677970476, 6.435235029943312, 9.503559489470762, 9.75171864093578, 11.641113230694245, 13.37627847478081, 13.511017686083756, 14.818534287217789, 15.345941305812314, 15.859526408909062, 14.742804761574728, 15.567533997952818, 14.3799322462816, 13.776952552840239, 11.512970705102639, 11.648624750249576, 10.892242603120728, 9.838754019834402, 8.14181385631252, 8.562421696438799, 10.615815926087, 10.944351815482344, 12.897061564828853, 13.002363294976393, 13.424990757339117, 13.224109921675385, 14.932580984657259, 14.2774577253976, 14.263204599925599, 14.870316711087792, 14.55967991635634, 12.396733975766944, 12.210555436510642, 11.370819259388663, 12.285455900622873, 11.249648219053158, 10.17668829328693, 8.29557350359178, 11.389695147590597, 10.925820052825237, 13.424687514347383, 13.16086272316613, 14.034676610995088, 13.344735914896956, 13.312887594550709, 13.672903296270519, 14.382814783167031, 14.533051795990954, 14.344709996513917, 12.680583701280261, 12.810385012086574, 12.01111111111111, 10.652519987602197, 10.35110838213629, 10.278230127714306, 9.046882137586088, 10.469707189582982, 10.908971763805297, 12.11210423921208, 12.460178323305964, 12.36309700351131, 12.612322899816503, 12.488700960834748, 13.712821799710802, 13.924610877365817, 14.125206587538074, 12.53726789143181, 13.015061256123074, 11.75204640209435, 11.8129463023116, 11.11272624198128, 10.603135619350374, 10.442059163924522, 7.489013296044415, 8.897474244294639, 10.2516676360978, 12.223919640173817, 11.845361634412184, 11.931992502464636, 12.300296713089336, 12.297391000563328, 13.462446919940238, 13.027022623609872, 13.173290491421376, 12.947330495206717, 11.292835655516305, 11.179465719826249, 11.58198950092171, 10.728272311245924, 11.35496922640543, 10.430247962946304, 7.461849216529849, 8.17348862018707, 8.651572401564854, 9.440055618871279, 9.098523844627211, 9.792911671758057, 8.267035022601753, 8.696431315842887, 10.703619714329587, 10.305572985942634, 10.51694700553578, 11.100628096165496, 10.059496240923153, 9.774047172190947, 9.687455332523179, 10.02596611242414, 9.765537272986057, 8.783871167445445],