{"west": 7.0, "south": 46.5, "east": 22.5, "north": 52.5, "cols": 18, "rows": 12, "source": "formation-steer-fallback", "hourIndex": 17, "validAt": "2026-07-22T16:33:11Z", "level": "500hPa", "u": [10.63035090500028, 10.301471860960085, 11.869323879388787, 9.638141715656497, 12.203641503267544, 10.75940078578906, 9.761050979854655, 9.908735345077545, 8.71295459933889, 8.74629398281726, 7.885861211909317, 8.107827023737416, 6.5449749005143785, 6.5796775446234355, 6.027884055986629, 4.097077083541405, 4.2456816622341504, 3.1418963556739308, 8.796426474698197, 11.112876509010547, 11.514474407743585, 11.945401745818467, 11.376634814982992, 10.599992702256586, 10.32174784235466, 10.655195300844877, 10.263814023645947, 8.424994199670918, 8.55267811121256, 8.798654150990625, 6.519798783233539, 5.853473843243437, 5.509419292307541, 5.476776869267958, 3.4419069828869007, 1.2314549932879804, 9.49407542277885, 10.776906598478575, 10.42133676048455, 11.03483848639983, 12.197617519068697, 12.449115179401305, 11.294599459744857, 11.11274732551143, 9.989037961030894, 9.408933083954466, 9.691349411783225, 9.450841769171122, 6.094886167185449, 5.53623459433845, 5.464479327338004, 3.520813812115088, 3.4404545460943075, 1.113394826509527, 11.175703937791576, 10.552683969115268, 11.081856327472437, 11.057026364012044, 11.14904162943057, 12.31249180957822, 12.40891488919908, 11.09723815326199, 12.157203474011162, 11.47102290676445, 10.531202112281958, 9.585503983689522, 8.808053369101994, 5.163530167708185, 4.924963623149759, 2.819783094038686, 3.1173263914779272, 2.528542150840163, 11.061726104609086, 11.52903871030326, 11.315475499990278, 11.50633894215879, 12.267625546287277, 12.873425377212763, 12.246445885986454, 11.659314927059617, 11.463817064395883, 11.74991408628843, 11.176720520181373, 8.688640119258297, 7.9051433278552725, 5.270223072068127, 4.462305429875619, 3.9160141390621694, 3.16471493765518, 1.8020934192245393, 10.223885691945837, 12.149923749849906, 14.088498040327021, 14.27001114878222, 13.6336373291434, 12.995870540649378, 11.732878312212037, 11.88045748396792, 11.549239592807226, 11.48876855934634, 11.211443450991345, 10.143707658673979, 7.877148982418819, 6.450516942741973, 5.446137656726597, 4.583658258047993, 4.299839020366558, 4.029342980923155, 10.049430629058138, 9.993544670394883, 11.432159474019821, 13.89677693123228, 14.819948932755628, 13.655008193648916, 13.553175465020162, 13.078757355250675, 11.69550732519576, 12.888107622980396, 11.679453884303568, 11.564251869661588, 8.908967029111476, 6.762972639468786, 6.626379438483274, 4.9932418459187575, 5.032482999344085, 4.591819619058537, 9.513268859478659, 10.71253141949409, 10.766050361831978, 12.86935738408641, 12.6603271841312, 14.453360695320361, 13.705633975774457, 13.37455562736784, 13.404937399906173, 11.83506847524463, 12.266539116122253, 12.890216543834121, 10.276950173642856, 9.723849973586079, 8.207141827086776, 6.911860196495468, 6.668823074898486, 6.1218098113989, 8.946785666068548, 9.610741420422432, 10.993602885245046, 12.531235282732842, 12.842343961576494, 15.132467075987533, 15.060648896360862, 14.461342694999084, 14.7419494660263, 13.609975281940157, 12.27778113400738, 10.575719139183809, 10.33788399839468, 9.632362207676115, 9.467948713623313, 7.747167173065455, 7.124383455362948, 6.83021068775775, 9.128451897606293, 11.917721591075802, 14.046291683039817, 13.866530845646997, 13.35093532200061, 14.961922561880522, 14.600323361526744, 14.515288655107344, 14.64830590947909, 13.892031425252327, 15.258317522286386, 13.19758685828002, 11.288244345678153, 10.072394632589996, 9.436407270412518, 9.00459925350155, 9.218409846986143, 8.937057443101056, 10.442795013453765, 13.055296241869929, 12.778931581369854, 12.296024183076607, 13.487271337589064, 14.141703744688584, 15.231798366711628, 14.705513406512969, 15.026407253962436, 14.521915613905124, 14.55040784140193, 14.780721278799048, 12.11065549940309, 10.831785899209732, 10.429133019415962, 10.21398715005878, 9.041991121839967, 8.310110222360107, 10.601053739285549, 10.786892443809647, 11.44276289730943, 12.950824189361759, 13.569838733626126, 14.710320336504898, 14.117980012909621, 14.251893362440592, 13.229380736927105, 14.498482970203769, 13.411779874053364, 12.05048526318898, 11.197133658435659, 10.245905859902715, 9.504162714754658, 9.204735616739358, 8.93952693147905, 8.636352706163722],