{"west": 7.0, "south": 46.5, "east": 22.5, "north": 52.5, "cols": 18, "rows": 12, "source": "formation-steer-fallback", "hourIndex": 16, "validAt": "2026-07-20T16:06:46Z", "level": "500hPa", "u": [14.846134120682972, 12.744882107463843, 13.036809650182075, 11.886633608415645, 12.011036516689876, 14.632449814431483, 12.153534526658795, 9.182840145481176, 11.632645310858678, 12.23991475949877, 11.664035238650476, 11.320559131741799, 12.745522726365841, 13.242282885137858, 13.127428970907813, 12.43236541097423, 11.103394893445607, 9.162582082524954, 11.89478555736172, 12.979127185154036, 13.871966018721894, 13.978439355239896, 14.803634945461331, 13.748227383812104, 14.21163023007042, 14.704462440197142, 12.280222385731966, 12.22224159634356, 12.834606523052063, 13.998927142425355, 15.597881282974878, 14.310566187851695, 13.94643565988785, 14.514802890564743, 12.549111083317722, 12.199431229821544, 11.47544740125248, 13.70854416528547, 13.045371176143828, 13.99277975742337, 14.196415467478799, 14.772137849832689, 14.816486662059598, 15.398065287111027, 13.249267872982808, 13.428332371848077, 12.1341561186843, 13.85848356712891, 16.227555331415182, 12.962314050644622, 13.523325461531499, 15.983671045601914, 13.876724850318588, 11.752410513773732, 10.92212039611577, 13.163688576217908, 12.256617954558696, 13.475192544852668, 13.99957750077762, 14.866629136718613, 15.425607578486265, 14.607447541147453, 15.536007126207705, 16.717464311518903, 16.25101117355289, 15.920773753120612, 15.63419982556444, 13.371982932478282, 14.23021299562282, 16.83780820074896, 15.729466095156116, 13.982607776362439, 10.889997143822555, 12.88415796184803, 13.647813406446456, 14.20496336714057, 14.233072114643669, 15.13939431285278, 15.680899354088508, 16.224012690830083, 16.342142097935618, 16.57878619649906, 16.872865340700248, 16.479120451542595, 15.901336934632525, 13.64056116785791, 13.876789576693765, 15.314790704653978, 15.567456533345776, 13.446197856350475, 10.0488055524678, 9.944059929123235, 10.766761758308776, 11.804281248735684, 13.205802744657493, 14.16001415964893, 14.995298991874723, 15.34731068337927, 16.445725002708823, 17.016539215105848, 17.234837104398988, 15.004766240566715, 14.660353177970368, 16.258137289690172, 15.621753016570572, 16.15321559969358, 15.510082342860319, 12.599388275852597, 8.55423690642678, 8.25646243068481, 8.283439421146195, 8.435377151321989, 9.984364250841871, 10.952150186957684, 12.959504836045, 14.397969624911603, 14.8475148086624, 14.617546503722892, 14.633943505007869, 15.326851214169631, 16.987208385840113, 16.765086387610907, 16.413042750009815, 15.608509989963416, 16.27639205643444, 15.105878568487084, 4.414821946697446, 5.156397238064384, 5.995312405285579, 7.642376354110972, 9.46167795925138, 9.802660491640545, 11.666632377574002, 12.343357294483017, 12.461013804872197, 13.03351960489847, 15.69055335084303, 16.475843959750055, 17.663555837325468, 17.301441580589664, 17.210818849970163, 17.383755762201318, 17.790989313786312, 16.531575150029077, 3.7949587397526034, 4.493293267279835, 5.444845713888176, 6.797971286833542, 7.971426548331326, 8.545463137281747, 11.054175734644701, 12.332209276740691, 14.064047267465162, 13.900158464029357, 15.410157475095922, 15.471721875027818, 15.012425395195248, 15.988934246232983, 15.833752484934417, 16.36738145862275, 17.122206534094, 16.130606094414556, 2.947096510009555, 4.240236639868436, 4.8054389270355, 4.4631215757252285, 6.310695868322646, 8.700258626929083, 11.26854793706844, 11.929180592222968, 12.269292592435503, 12.238946558810282, 13.479111365411542, 12.776444704934777, 14.314752811776053, 15.264211987196216, 13.577480644672306, 14.939993540719604, 14.650450706167623, 16.044616940939406, 2.5931486488103275, 3.899267425464869, 4.614835194729385, 4.59085076005478, 5.0573506909797885, 8.119906690270895, 9.192356564322603, 8.512082446608051, 11.822729374705043, 12.033168545960606, 14.149482793870257, 14.212668446522375, 13.294309685871886, 15.673161270868254, 15.636664335474102, 13.990613954951653, 14.521915613905124, 14.370199778854131, 2.2235040384502422, 2.4241227213630796, 2.511882057824484, 4.909113183938161, 4.308282544520421, 3.9693519634232635, 6.38895761144054, 6.177234296518276, 7.550994529893118, 9.664759949005779, 11.189595177460834, 10.568480495318514, 12.081626243769048, 14.244596631866425, 14.974551759257146, 15.053859728723431, 13.33591371649018, 13.114637203771018],