{"west": 11.4, "south": 47.8, "east": 19.6, "north": 51.4, "cols": 12, "rows": 8, "level": "500hPa", "source": "Open-Meteo", "hourIndex": 23, "validAt": "2026-07-19T22:34:32Z", "u": [23.331914731077003, 23.99168897904287, 24.655818777770698, 25.662757509014043, 25.329474943961912, 23.329095520238795, 20.028124684290294, 23.979027921657256, 25.664447448219025, 24.290665418222844, 23.307116821288925, 22.02139558818965, 22.3214914293768, 24.35142595335378, 24.994521481510045, 24.66290981385765, 25.99604007406617, 24.66290981385765, 23.32755918031504, 20.668705695925812, 23.3538219544887, 23.69138731657225, 24.36297906801339, 22.350450369410943, 22.663137129143518, 22.331364482223297, 23.319119297112234, 24.329478781336825, 24.31851012413133, 24.31851012413133, 25.012531531783477, 23.34688015341832, 20.686911446357545, 23.287097430623916, 25.632357349234415, 22.97787816411182, 20.649782682158122, 21.682271816266027, 21.31760668451172, 20.352693562252302, 22.00143969471597, 22.995494280951124, 20.671743930384135, 20.663519033232088, 20.357354131155336, 21.067677584323107, 24.3627958408465, 23.95143725712978, 16.699620277013615, 16.98793373946059, 17.642021880295513, 18.67818390726805, 17.642021880295513, 17.65978055922467, 16.98793373946059, 16.323383507978562, 16.32652421872583, 18.651275014010512, 21.61560521439549, 22.32967783081679, 18.036970258302812, 18.68399153631495, 18.34340384790371, 16.687662118610287, 16.009333777988722, 14.661468906646025, 14.690048982432106, 14.001290194151647, 15.995227150506395, 17.64447224146873, 17.027537460341822, 18.002588971952562, 17.64738202458785, 19.00539296841727, 18.67865058922023, 17.333333333333332, 15.995227150506395, 14.669197956682032, 12.348646867489395, 13.661085466058148, 14.005929028716434, 14.967406828506528, 14.340365063256304, 12.734938267303837, 18.691362440937052, 17.682455891128484, 17.682455891128484, 15.664280557450128, 14.008553195862772, 12.333333333333332, 13.675676684277912, 11.982008452047939, 14.331150297241608, 14.645043244320034, 12.690838090950713, 9.9891040956352], "v": [-1.6315264136820369, -2.099000804506091, -2.157104633004529, -0.4479450985569306, 0.44212762974451836, 1.2226260888976532, 3.1721433188713544, 2.520297392120089, 3.606902866548375, 5.16314032197435, 4.109673538117354, 3.8829661950521945, -2.346083286674006, -2.1304737116094117, -1.7477872032555788, -0.4304926921196475, 0.45376256736937404, 0.43049269211966257, 2.0408969760076667, 4.0175894026505805, 3.282165630974889, 5.906926284225225, 3.858716804325702, 5.988785126955549, -2.7826833410842027, -1.953741233259995, -0.814321589725027, -1.7012828874261618, -0.8492210864275281, -0.8492210864275281, -0.8734568480264872, 0.8152910201889788, 5.543041215945652, 5.80612549439203, 4.51967617983094, 7.0250423495879915, -4.389246806152679, -4.608709146460312, -3.376377203784995, -3.5887290051165506, -2.7014371121474374, -2.011845061758433, -1.44550915036437, 0.36068306637052816, 3.2242881405514314, 8.51189426150601, 6.527991470919134, 6.8679641157735585, -3.8554111258379047, -2.99543106475454, -3.429261666906239, -3.630671162025926, -3.429261666906239, -2.4819203004544983, -2.99543106475454, -0.5700251128075189, 1.4283857839199567, 6.060166611908697, 7.442849753284444, 9.02177545809989, -5.514455208520489, -3.294491815180919, -1.9279694336033915, -3.243752921401265, -2.249965132187723, -2.060535078103189, -2.590251983531704, -1.967753010796479, 1.6811661175547599, 3.111196516532504, 5.2058406313131815, 9.978998016737101, -5.733982006735129, -3.694274160484774, -1.634170176518583, 5.306802796305197e-15, -1.6811661175547643, -1.5417948331978928, -1.2978950855733675, -0.9552761543292685, 1.7197118458281895, 3.45549814033771, 4.937783675933544, 8.58982432275897, -7.934012636823856, -1.5470144337709253, -1.5470144337709253, -0.27342103418410046, 0.7341571639635135, 3.775994297371005e-15, -0.7167118452158695, -1.0482899058259947, -0.2501511589343898, 3.1129000375214475, 7.625424831307194, 6.9944459877252605]}