{"west": 7.0, "south": 46.5, "east": 22.5, "north": 52.5, "cols": 18, "rows": 12, "source": "formation-steer-fallback", "hourIndex": 22, "validAt": "2026-07-22T21:54:14Z", "level": "500hPa", "u": [10.533093723063473, 11.48611154520219, 10.880505032464253, 10.64212968032716, 10.644041417511689, 10.816897855879802, 10.231514736715708, 9.573003631399713, 9.567472404500549, 9.172922766233519, 9.953522256885945, 8.190205614844603, 8.671713668710915, 8.483065503999471, 8.24264083616904, 8.347482293349284, 6.307394316612937, 4.032767105964694, 9.07247700991459, 12.285599456379732, 11.212681514836415, 10.058126632103052, 9.72349610464131, 12.585009533442152, 9.629214874607536, 10.474433971191162, 10.23417677053539, 9.61809876014217, 9.464940010046595, 9.360076841979687, 8.823335661928285, 7.902239847514062, 7.629369743631565, 7.126370187069588, 7.096740927738748, 4.439097829973676, 10.497510115643328, 12.824903894222436, 11.860799620471736, 10.483575403581291, 10.8523682764997, 12.028103738330243, 10.961651486472324, 10.798211181161902, 10.892152518214285, 8.99873461629205, 10.67801153707623, 10.568938532661182, 9.211015517832196, 8.829464232863305, 8.630907682909486, 6.7678271628918045, 6.160123624622821, 4.223333540595364, 10.72431623402369, 10.91037415036124, 12.678146453664555, 10.50118480418732, 11.878890959311033, 11.947442971175258, 13.171605941173635, 12.882121126726844, 13.66228867527331, 13.116160906596098, 10.898717308524565, 11.0345921806144, 9.38903094630811, 9.793555787641454, 8.555291354397836, 6.265744389451646, 5.862401378873817, 4.98391950543651, 8.544917013002406, 9.651656981196771, 8.719118013521074, 12.07452624633097, 13.48579325454607, 13.65128732534623, 14.70607724840367, 14.405030446835877, 12.700036547314088, 12.415663014226608, 11.758516731861071, 11.82367865124839, 10.483463187001092, 9.467612737601891, 9.185080428054265, 6.8364363901745815, 7.0459630346666895, 6.267899030370093, 6.052592825129971, 7.333805170840576, 7.796918335723586, 9.87931342153962, 11.425861550012137, 12.863780073189691, 14.415992688207755, 14.831085029608108, 13.986850084201825, 14.090408933003904, 13.249349847017838, 12.559414008117642, 11.977694627588251, 10.691757923017786, 10.069097863055244, 9.289956272098431, 7.233920277211953, 6.393332959095622, 5.715524583789336, 8.530804918218138, 9.602287891778884, 10.757704519267467, 12.713244115491902, 13.053409976970277, 13.705183099273398, 13.83773654385852, 14.981006750709176, 14.030470690255358, 13.361514872033156, 13.262341304933797, 12.107901346713192, 10.848224081034797, 10.827629930268138, 9.139793499961634, 8.671795681459773, 7.6173842268538365, 8.892986419893521, 9.773305154953482, 10.433084638487962, 11.539047375957786, 13.045217263106764, 14.61781429243952, 15.278912212520321, 15.210908612032918, 14.112630912574732, 14.318428668202058, 14.388148652733458, 12.91894094180021, 12.027562925855753, 10.701372589745668, 11.244427318180524, 10.250652819853526, 10.15303533076761, 9.135985875560518, 8.419044258017651, 10.592037443977448, 10.954839512708725, 13.614239159248344, 13.90109582417832, 13.550398164753622, 15.03222821270948, 15.663477979287496, 14.074984644939963, 13.775550570486546, 14.233130411140218, 13.302752363611937, 13.282087340836743, 11.054953948233889, 10.24660848869391, 10.019479775482356, 10.02444521212765, 9.192852813466956, 9.972773857234301, 11.676953748516674, 11.675641997413628, 11.161809288666856, 11.95989962088671, 13.011036982422251, 13.9827273453728, 12.867026834659931, 13.989227437911422, 14.52403102558361, 14.701942476140676, 12.679796984092356, 11.01561156152491, 12.682918494553373, 11.415981587672613, 10.606984627526332, 10.353921190643753, 10.378978189450809, 9.679037276224374, 10.70554370459246, 10.3216977094403, 11.05055291301072, 11.3693897273943, 12.387922499502299, 13.445175475564898, 13.417379693354741, 13.899021493744973, 14.547062111108941, 13.676663954788493, 12.512494493773778, 9.740147153909719, 11.718451082316276, 11.461069525967602, 10.318596789894578, 9.944852800006425, 9.25199329056006, 7.9037946179246825, 9.262526357434467, 9.430989466519645, 11.198222120067802, 11.415518237439038, 11.813050818496308, 11.409113452214175, 10.964021897040425, 10.904944804176123, 11.264513805693483, 11.077007089651456, 11.559926232981237, 10.439470013903637, 9.634605703362316, 10.318094404137874, 10.585012206289184, 9.46968450933743, 7.592942396478187],