{"west": 11.4, "south": 47.8, "east": 19.6, "north": 51.4, "cols": 12, "rows": 8, "level": "500hPa", "source": "Open-Meteo", "hourIndex": 13, "validAt": "2026-07-18T12:34:09Z", "u": [16.669512490483097, 20.31130301109281, 19.318415114492662, 17.346530429518054, 16.656513783651597, 19.330388773023564, 17.679051779604663, 19.330388773023564, 18.655295437689787, 17.670194823296214, 17.314416200854172, 15.00070525513812, 14.334134822542337, 14.669197956682032, 14.998264621270168, 15.664280557450128, 18.00307133488107, 18.322165162016756, 17.670194823296214, 17.655904610670692, 16.656513783651597, 12.661577276165374, 16.302460012230096, 15.976410811985492, 14.334134822542337, 13.013382877075111, 13.308574520485575, 12.680154165945485, 13.993606816144755, 13.331302602085216, 14.309207019495727, 14.326128166231364, 15.664280557450128, 14.309207019495727, 13.991698018657752, 13.628585746948628, 10.6539837966497, 12.299141722524594, 11.993933283133845, 12.323335966561762, 12.323335966561762, 12.34610425743922, 12.680154165945485, 12.996042765884932, 13.341209464695902, 12.998020037033085, 12.987626476409975, 12.622592426001875, 11.6653749422899, 13.306356810795604, 11.662417281785533, 12.34610425743922, 13.342800172693057, 13.661085466058147, 12.658950475575212, 11.663157254067382, 12.993991185577745, 9.65658713370304, 11.962367771676856, 12.688131356147235, 14.331379550398836, 15.024349391101746, 15.994459319361912, 14.65864951631797, 14.315396425278433, 13.661085466058147, 10.343291789010193, 13.004563151169313, 11.348228354827375, 11.981080915020332, 11.32279718594408, 11.954337532860599, 15.662394419997998, 14.690048982432105, 14.001290194151645, 14.666199721906253, 13.671200837904456, 14.348916725868248, 12.992327602086059, 10.969732238731405, 12.69387667734098, 6.657306788615864, 12.337316475273242, 11.286082639719323, 14.348916725868248, 14.979939832359587, 15.976410811985492, 15.324291030488531, 15.679244421741528, 14.344892620449293, 14.028083615353514, 15.324291030488531, 12.991600863803134, 13.650529687585882, 12.370534697424395, 11.96884514764323], "v": [2.3427471994944433, 1.7770087549105902, -4.1062558936507285, 1.212987571217297, 0.5816582783750147, 0.33741319112081664, 1.2362397291320055, -0.3374131911208048, 0.6514572717800164, 0.92605567018764, 2.125942990512014, 1.5766376542871063, 1.2540742984246398, 1.5417948331978888, 1.3121781269230788, 0.27342103418411, 0.9435009889352878, 0.6398241062125161, 0.92605567018764, 0.6165577750775155, -0.5816582783750193, 2.691301331140992, 3.465194846962651, 3.3958909500233974, 1.2540742984246398, 1.5978425024230423, 4.068839557391426, 1.3327379066625817, 0.9785283122439855, -0.23269875249710675, 1.75694970075754, 1.001780470158694, -0.27342103418410046, 1.75694970075754, 4.012054845780763, 5.784991430132861, 3.0549806936384054, 3.7602249801840926, 2.990423431718117, 1.731931923058598, 1.731931923058598, 1.9554308130028897, 1.3327379066625817, 0.9087718384998598, 4.334821726648572, -0.22688128368467908, 2.760605228080245, 6.431532079643582, 2.6931640117279443, 2.1075198762364478, 1.4319647850104804, 1.9554308130028897, 0.6992665264682179, 0.9552761543292769, 0.4420602915650111, 1.6391498557518875, 2.2911912331053323, 1.702716853234068, 3.430153761278209, 5.6491200427194475, 2.014144044449843, 2.9204376792354485, 1.3993338696707371, 1.0250326280734026, 2.7826311825746104, 0.9552761543292769, -1.638216481115757, 2.059720456363044, 3.254052117284016, 4.360756827402275, 3.0339343620351045, 6.091039204838922, 1.3702819554215178, 2.590251983531713, 1.9677530107964876, 1.2831262126738594, 1.9213619771431325, 2.272645144890025, 4.987287297838758, 2.735061430807357, 2.9306123468686907, 1.6598530059199437, 4.008637121475017, 5.750546330034262, 2.272645144890025, 2.372589386443506, 3.3958909500233974, 2.978740427822726, 2.2035740985343772, 3.3117794111735734, 4.558000667030479, 2.978740427822726, 2.9993473912515385, 2.4069566848832857, 4.259516687481135, 6.363947851097631]}