{"west": 7.0, "south": 46.5, "east": 22.5, "north": 52.5, "cols": 18, "rows": 12, "source": "formation-steer-fallback", "hourIndex": 16, "validAt": "2026-07-21T15:31:47Z", "level": "500hPa", "u": [6.896058575803362, 8.351024587154637, 9.255025827303083, 8.169916690449728, 12.01409672767435, 12.681801160986893, 9.440737920403688, 8.866494468547804, 3.690393849640082, 4.749450016896366, 5.180731623795711, 8.551459935197121, 12.433931607947924, 14.397739117260096, 12.975733617801458, 12.681770603487852, 14.18539573159984, 13.124047802050653, 5.902067338808648, 9.0306885949328, 9.079646606016293, 10.910157890491861, 11.321755841910864, 10.680661597051921, 12.726635591941852, 13.207332271540869, 10.412701847952421, 11.798043054532554, 10.079182892737721, 11.758786242437676, 10.665919175496148, 10.007193335486644, 10.389765583453531, 12.806425119143396, 13.57506551693187, 14.725289853485794, 3.0071928309158817, 6.157861704291156, 6.3950722515389495, 8.504419915111598, 9.904267130826153, 11.039574652402246, 12.922431104535248, 12.682680475286165, 11.801862215542437, 11.241020796250591, 9.047173722304779, 10.263065140250845, 12.32963532200763, 12.58750805642211, 12.743195969012817, 14.805767702214085, 14.978658656448829, 15.244124905353647, 4.017518029641293, 4.542355857659834, 4.557780636980244, 6.077657949120393, 7.61924597327601, 8.262001797813122, 8.99196318930319, 10.55331873537045, 12.88231211211422, 10.7799499335769, 8.365850680812652, 8.290206986475193, 9.906900226520156, 10.491760341202962, 11.448746694186143, 11.923647108249988, 11.234581156222719, 8.323657898627447, 1.8839043493597643, 3.5192512719398015, 5.100492970578259, 4.524469922605278, 5.590901563645536, 4.718302270685904, 7.093527251891234, 7.878865861814057, 10.32409394403497, 11.25547100196958, 9.948162721101852, 9.461649278042339, 9.555995803159258, 9.34887271281446, 8.685380558931255, 6.731848876429157, 5.428387461426626, 6.788806761741437, 0.7171590874592477, 1.0647649913714174, 2.622405159843517, 4.220220020495537, 4.725197167570846, 5.134233833959517, 3.4332385676508386, 4.1966348462203396, 5.705274844176182, 5.535291032834794, 6.253523730552885, 6.839230017001385, 7.386751560114139, 5.625236869875098, 6.347323678684788, 10.15464951808232, 11.148071413423985, 10.909531699352765, 0.12878755047156185, 0.41202915087271347, 0.9322567902010532, 3.7537432612673545, 3.8313739560405358, 4.7043798814995315, 4.46753695930839, 5.007277548560606, 3.747393666069146, 3.9356870220965017, 5.2596293020040354, 5.2467585219784585, 5.818153660093334, 6.994613718955711, 9.13681315444157, 10.633027201116475, 10.616917496799282, 12.442186800199096, -0.4915508085683578, 0.7377146027048951, 0.4401014885678541, 2.7165787803470582, 3.5346011046977837, 4.202123330761938, 6.0830214527537585, 5.899378759939919, 3.552137691499882, 4.628911793077962, 4.618437808169931, 5.148631619883897, 7.667704661353617, 8.795148496138154, 9.141213932240227, 11.607319877003297, 13.61908715558786, 14.602440228412467, -0.825901648626349, 1.4626706318955753, 0.8421276274788704, 1.7873280317995879, 3.381269656648051, 3.9979346550548347, 5.079827450929478, 6.097158790773744, 4.053650180512317, 4.77056088721823, 5.738099060402038, 6.976745792595741, 9.862551947589935, 10.021503928948157, 10.72088226219872, 11.952900427593821, 12.374646362449502, 12.918722199112944, 1.0868883091129298, 0.9326874970426476, 0.9382378183635902, 1.961690828393581, 2.107631110683971, 1.330410998286408, 1.3020634256016062, 4.09226786652695, 5.775909741210269, 5.796825522805333, 7.435901247250275, 9.388067959196341, 9.327913264868734, 9.75641992445772, 10.716026025014257, 11.37797862343205, 11.947219474731687, 11.331206090608873, 1.0281333230047691, 1.4111022082711295, 2.2388412297489833, 1.3815954875128482, 1.2023527502739706, 0.7790713219451819, 1.6564947830586194, 1.9314883239093563, 4.200453860160174, 5.7401927284649155, 7.994230047197922, 7.760533110914342, 8.40627727975716, 10.849375834032548, 10.595884179197084, 11.094200494033712, 11.406684217252476, 12.23996945246415, 1.870413274168959, 2.5794326782216244, 2.1025799582829556, 2.639877989603865, 1.8893097797370673, -0.1772873620587396, 0.2524193700718207, 0.056199145398591555, 3.2355986395119034, 4.560682074183536, 5.291870728642469, 6.3911266387914845, 8.043542773062285, 9.441839714343704, 9.92256321096868, 11.902624078178812, 13.215494279413296, 13.597630425908218],