{"west": 11.4, "south": 47.8, "east": 19.6, "north": 51.4, "cols": 12, "rows": 8, "level": "500hPa", "source": "Open-Meteo", "hourIndex": 8, "validAt": "2026-07-19T07:58:07Z", "u": [12.631055842287426, 17.977423595169157, 16.352888432963887, 15.0063631421482, 12.992327602086059, 12.292749481495784, 13.04800331669303, 11.048182141593436, 12.972978681405458, 13.315390355861917, 12.992327602086059, 11.96884514764323, 22.716004436886287, 24.725783146903048, 17.048105202853115, 9.331435743281943, 10.271340031997127, 13.686850218782425, 14.635703056319862, 10.961719014894442, 12.350340432499873, 10.304540442814815, 12.310680773914495, 12.713484234819674, 9.988071895613924, 20.303484466501846, 16.088552886137244, 11.3532089797121, 14.347898383957562, 13.955477231575816, 14.03307327989884, 13.315390355861917, 10.320307266661745, 11.3540225542647, 10.67429171398721, 10.617827746578048, 18.37790790379874, 13.331302602085216, 13.687725269421659, 14.6329801943193, 13.720796741840607, 11.951055593222291, 13.313655542010803, 12.631055842287426, 12.350340432499873, 12.375676363082807, 12.310680773914495, 12.002972262915282, 17.330559777651825, 14.318994044075433, 12.947153144456559, 13.060369630040762, 13.08973418491166, 11.614014646218067, 12.309874846194221, 12.028130608117205, 11.721670123069895, 12.713484234819674, 11.966563094881721, 11.981080915020332, 14.346146959979535, 14.323926948034336, 13.628585746948628, 9.995362108271125, 11.593177718422023, 8.048154237594048, 13.327168713793863, 10.320307266661745, 9.346683105279732, 9.691304340702677, 11.630949933637009, 10.304540442814815, 14.323926948034336, 13.227859661782968, 10.286808597609353, 9.317414283885082, 9.731090202198995, 6.073587186974947, 8.662058069535204, 8.62433991447357, 11.718091546570786, 8.62385068848688, 9.295265461395116, 9.702071041162226, 11.048109688261134, 13.122394669148724, 11.406839001172616, 11.101417749906227, 8.411647318565421, 9.257749179682365, 7.740009881094394, 8.385662002475243, 8.94028084858497, 9.390513700938401, 8.62433991447357, 8.689558940101199], "v": [6.7160515231870495, 4.482275121249403, 5.31337554216924, 4.30300538803204, 4.987287297838758, 7.097222222222219, 6.937746427835943, 6.9036704145937, 4.721778089801592, 5.379766911000742, 4.987287297838758, 6.363947851097631, 9.177861538689854, 10.49547225692022, 10.243535045433305, 9.011262750120887, 7.7400098810944, 6.9737985098880415, 4.755428191214473, 7.393772834779872, 6.292812760278721, 4.37401791058826, 5.740564721977831, 5.928395060529254, 3.053660027104144, 11.722222222222216, 12.56975512123219, 7.657836150307724, 7.628912895270727, 7.420258867365886, 6.247926767247709, 5.379766911000742, 6.702085903101582, 5.294467667918205, 4.97750397161268, 5.410053455229602, 8.569759196408624, -0.23269875249710675, 10.314440813467051, 12.720255617649283, 9.607405308880029, 7.761106248964135, 7.379879774860907, 6.7160515231870495, 6.292812760278721, 5.253162949689127, 5.740564721977831, 5.344067560412596, 4.3209938575162905, 3.0435961405821947, 9.06569423010404, 10.576078794031984, 10.2268211734651, 9.404843621800344, 7.3965190202360604, 6.944444444444441, 7.906366329628057, 5.928395060529254, 5.079504670360561, 4.360756827402275, 8.964467553278386, 9.661610721077901, 5.784991430132861, 10.35050046042837, 10.07779563977085, 8.938380817547545, 7.694444444444439, 6.702085903101582, 7.302429165668224, 6.293606626840313, 5.4236010256723075, 4.37401791058826, 9.661610721077901, 12.773995590107123, 11.031251666089151, 7.02117527010723, 11.597061708328974, 10.957041331107432, 8.66205806953521, 6.7380728132863705, 7.609817628126628, 6.038485260473517, 6.03641597141655, 4.943452108275068, 9.603975229944373, 14.57389574408445, 14.60008812932454, 11.90481303191205, 12.952800993823768, 13.725177590077912, 10.27134003199713, 7.2895447665611925, 6.736984842507652, 7.604288058518865, 6.7380728132863705, 5.64306555723903]}