{"west": 11.4, "south": 47.8, "east": 19.6, "north": 51.4, "cols": 12, "rows": 8, "level": "500hPa", "source": "Open-Meteo", "hourIndex": 22, "validAt": "2026-07-17T22:19:46Z", "u": [23.013639383931483, 18.324006105325214, 19.923895888101, 20.27944148668922, 21.008886721787235, 17.64533921253539, 19.996953903127825, 20.006701230210922, 15.679244421741528, 14.65864951631797, 12.0, 8.985857264130503, 22.66684697170116, 20.985576589188828, 23.063120520157472, 23.63538607229299, 21.978449636792075, 20.028124684290294, 21.63841479535157, 20.347196108647104, 16.018269952627048, 13.677748146994889, 11.993933283133845, 8.987940462991668, 14.95677421417571, 16.699620277013615, 16.635389230533953, 20.341496634776593, 18.647727463208746, 19.00641844481589, 18.025312215861263, 15.619644347396243, 15.96108713836767, 15.392886716065806, 10.671271876635025, 7.672880732264847, 13.638045485990395, 15.333333333333334, 18.003684361716203, 18.333333333333332, 17.049880881200366, 16.306358733249382, 15.686447574795277, 14.318007318446556, 14.358340192205082, 12.956290357945393, 8.364752619628964, 6.712750837864933, 11.653558410644463, 11.330209708499916, 11.001750682740283, 8.363343056073267, 12.683314043630597, 11.966563094881721, 10.678111308010712, 12.688131356147235, 10.660034361290935, 8.37409413730519, 7.396519020236053, 5.393593173363622, 10.663348380370072, 10.329530496427918, 10.012511657662865, 13.997867732189478, 13.341566236294952, 11.966563094881721, 10.006739385734504, 13.293266536931622, 7.59935041914004, 7.319444444444445, 5.3797669110007345, 5.0695605804249375, 6.965475454775978, 7.646912791455123, 9.669303643626245, 8.667253609660403, 7.361299246022977, 8.357477201554227, 8.67445999524249, 7.407259966234359, 10.342098821227069, 6.247926767247713, 4.6610063318221195, 4.103058980867353, 6.66685678323865, 9.668356093384194, 7.373307058248925, 7.6397493935429175, 10.329530496427918, 7.032429352360884, 4.632625260131666, 5.410053455229597, 8.621822310923662, 8.36413257948573, 4.686068711806085, 2.4069566848832786], "v": [4.891700058962275, 6.6693927948505385, 10.15173200806487, 7.784548237345128, 5.629314230979826, 6.4223782468931105, 0.34904812874567237, 1.3990048345349657, 2.2035740985343772, 1.0250326280734026, 3.67394039744206e-15, 2.0745486122823142, 7.364905032602921, 6.415934631415622, 7.493662113592483, 4.167556264006331, 3.0888696574192416, 3.1721433188713544, 3.8154363481817217, 2.4983215398055196, 4.292082497950135, 4.9782931972958435, 2.990423431718117, 4.3837114678907785, 5.443820614600226, 3.8554111258379153, 4.457439110098968, 3.953986404191732, 6.420927490682813, 1.9976550757818219, 2.854928986984219, 4.7754045104713745, 7.442777165100092, 6.533892759737303, 6.668150741601164, 6.669933461403492, 3.4003466437064436, 4.694479396731521e-15, 2.2105744789878106, 5.6129644960920355e-15, 6.888599023370389, 4.06563185660553, 3.911070645527965, 4.37745413459876, 7.958957932377365, 8.095988759118411, 9.622547147840345, 8.289556922207689, 2.054836769058677, 2.4083104186390423, 1.7425061244759084, 1.9308298831181776, 3.636881778140959, 5.079504670360561, 2.269702624760536, 5.6491200427194475, 8.32853162454432, 9.979856772855575, 12.309874846194225, 8.9764464545749, 3.671685297489046, 3.3562679111279046, 3.253262246336255, -0.24433369012196213, 3.326426064495434, 5.079504670360561, 5.320677711573429, 7.068155195276468, 8.742052637580446, 12.677649660955533, 13.315390355861918, 9.949572853436777, 3.7036089953109164, 2.048984107061622, 2.956202792196565, 2.984374749190603, 5.9610625929998475, 4.632625260131664, 6.3023640940248535, 7.943313814808211, 9.312067605160777, 14.033073279898838, 14.345102454118566, 12.627917077474539, 4.0058516937448685, 4.304629472552219, 4.607353602916478, 3.7261547477071617, 3.3562679111279046, 5.2993156205333145, 8.357477201554225, 10.617827746578051, 5.387512519704252, 9.289310318467425, 15.327440116407542, 13.650529687585884]}