{"west": 7.0, "south": 46.5, "east": 22.5, "north": 52.5, "cols": 18, "rows": 12, "source": "formation-steer-fallback", "hourIndex": 20, "validAt": "2026-07-21T19:42:39Z", "level": "500hPa", "u": [4.686105144662368, 6.695509370446336, 8.545756048326325, 9.369456436791733, 10.114440076217457, 9.508799358784298, 10.336317633535288, 8.501976879600212, 11.788774285973194, 11.912881477791602, 10.44891908389816, 8.585136193791257, 8.411233263881941, 9.706680508944302, 10.765400133072328, 11.432703367547829, 10.788523927249583, 12.04239522717827, 3.3436255544212337, 4.241249796776524, 4.767220896218146, 6.561685017994798, 5.951563884841188, 6.454891890789934, 6.796592749857976, 8.682876772562164, 9.357619088448882, 8.690608728422982, 8.05600515611015, 7.729232474808524, 8.92639692865995, 11.425603239809924, 11.720758516470148, 12.233463118850802, 12.254038989432766, 12.795146738729784, 2.5270758011181957, 2.817626303907103, 3.6676217210680337, 4.372093277695864, 5.150573593035432, 5.872070614086163, 6.973765840540766, 7.99391300783239, 9.344832244781339, 7.563733738362416, 8.379887911040667, 6.187050678052255, 9.74108830069886, 11.031810987829836, 10.672988161181532, 11.77716035979029, 11.248920172304876, 11.211885211510806, 1.1130287436252226, 2.381762026797465, 2.1502674423600676, 3.026937713693865, 3.943679269965629, 6.4487217466394045, 7.330272382062058, 6.503001153848963, 7.88598810649184, 8.423771989204752, 6.2841213990262235, 7.370477562952764, 8.621866156139179, 7.469081843886304, 7.666169013644835, 7.543164179911986, 6.81504955010645, 6.96082380366471, 1.5764338687553892, 2.300177858357175, 1.696386015916367, 2.860186582569472, 4.1532362200422455, 6.558837930794157, 7.126184676011557, 8.397441518105468, 7.251762121887365, 6.7372077010592895, 6.021571316048606, 5.960734752798882, 7.321814263644495, 6.55485202504956, 5.482951477724467, 5.809662065074051, 5.808045879059458, 6.4697054137270005, 1.3322994264320294, 2.201022782600073, 2.655029585375757, 2.952098839395027, 3.064275626337296, 5.254891589904962, 6.511207551673774, 7.121021469160166, 6.7795874002192456, 5.831687836321003, 4.431027021423569, 4.290037339616041, 4.271550381832192, 4.895725959284917, 5.532539979732021, 7.919354097025606, 7.321409996522805, 8.062871458915623, 0.7388619423761175, 1.9248418138330146, 2.6590129827971962, 2.5366355697470016, 3.495806853047754, 4.532367562256392, 5.736561133089204, 5.082632242666697, 5.407849750957095, 5.119556442611326, 4.687697698873542, 4.083047533031215, 4.8613958199027, 6.460449769726693, 7.225442411930931, 7.77786916693262, 9.037226556249372, 9.599630132523693, 1.3777774475669, 1.8645672375897535, 2.219407874590295, 2.782101799396179, 2.640946280644923, 2.150935759867435, 3.781266919320972, 2.586362376205933, 5.501296632587814, 4.338466140456583, 5.227075232765884, 5.320560586902107, 6.75385850626307, 7.626730815898578, 8.543945444888413, 8.252846257477318, 8.991472750897493, 10.841052137579993, 1.4729207530828508, 2.4033110989959994, 2.052903835154978, 1.9662994163064034, 2.733757710251978, 1.3956867764128829, 1.3292769330457557, 2.287505923947969, 5.636368750819801, 6.116895821432862, 5.1421979528394, 5.941241080065378, 7.4749948537139606, 7.4002236574943545, 7.468799946680937, 8.58328200109477, 9.465670874407431, 10.555569986528717, 2.5042390548791533, 1.8365097087613538, 2.8811677519535026, 2.5477518504949814, 2.5907383864784777, 0.7483058911165875, 0.5792670947762015, 0.8581496477431959, 2.288539315748036, 4.034049719619712, 5.749671796650271, 6.285035001530573, 6.936787027290065, 8.024039297684538, 8.775506358070999, 9.930198396394628, 10.285752175705927, 11.776955142373756, 3.3835873642615026, 2.331825663193554, 3.01194526225638, 2.5093820937104185, 2.127836173998067, 1.826074994507028, 0.3936349923516102, 0.34512517948482174, 0.8697497164215104, 2.4501925467436427, 4.809275326321989, 4.689803311586897, 5.418855597288645, 8.153578004023725, 8.625402184933812, 10.726319006133842, 10.763326107168744, 13.306755780889924, 3.8814135586949945, 3.75816466236873, 3.682765698272172, 3.6345674552024363, 2.848831693682956, 1.9068442864908488, 2.327467195011441, 1.2219482225296276, 2.747944623111623, 3.3389685797429927, 5.350651258003728, 5.8990608577329695, 6.657174336626118, 7.60354260606883, 9.162455427418175, 11.355055099900428, 11.98654588144412, 12.37715984697214],