{"west": 11.4, "south": 47.8, "east": 19.6, "north": 51.4, "cols": 12, "rows": 8, "level": "500hPa", "source": "Open-Meteo", "hourIndex": 23, "validAt": "2026-07-18T23:10:58Z", "u": [14.005929028716434, 13.331302602085216, 13.664585167137348, 13.306356810795604, 13.650529687585882, 15.35148317818334, 17.34662419159802, 11.966563094881721, 14.340365063256304, 9.010672487178907, 12.333451635327455, 12.713484234819674, 16.687662118610287, 14.341429707447631, 14.309207019495727, 13.675676684277912, 14.690048982432105, 15.338412448611138, 19.315903871710336, 19.305334607804056, 14.00855319586277, 16.03586959419884, 13.007547170051831, 11.643230428657454, 14.979939832359587, 16.32125626675101, 14.991558262893216, 12.677047149523341, 14.341429707447631, 16.35172919429728, 17.049880881200366, 19.315903871710336, 14.712644290611491, 15.279498787085835, 15.659105099350183, 14.702508075976477, 13.36197393033211, 14.967406828506528, 13.004563151169313, 10.669871130144212, 11.333333333333332, 12.011294126353624, 12.292749481495784, 14.998609823837521, 14.324698078440385, 14.29339480777539, 14.71823237313079, 14.677958927706007, 14.318994044075433, 14.678146172733296, 13.650529687585882, 11.012664591599052, 9.9852030264775, 10.31208318564374, 8.958211547886425, 12.350340432499873, 10.617827746578048, 13.677748146994889, 11.684218213710757, 11.378611555278875, 13.708343515797715, 11.01640464708553, 7.980543569183835, 11.670456514322225, 7.9955106659995385, 7.98729920447606, 9.99728538225008, 10.3703259343035, 11.966563094881721, 9.709675365879967, 9.9891040956352, 10.344192322980797, 15.684159758995358, 15.011106998930272, 14.990962462519166, 14.678146172733296, 11.66864892014015, 9.949572853436774, 9.994560873709725, 10.31116503115433, 8.660274409461323, 9.637069496429957, 8.958211547886425, 9.317414283885082, 14.998609823837521, 15.004428918717874, 14.983773447864722, 12.370534697424395, 13.018134327536286, 11.693952614224637, 11.3540225542647, 9.994560873709725, 9.306068141522951, 9.309773090682718, 9.349701512704083, 9.658325539559295], "v": [1.7197118458281895, -0.23269875249710675, 0.2385162213095428, 2.1075198762364478, 2.4069566848832857, 3.2630584808898293, 9.615390801552351, 5.079504670360561, 4.937783675933544, 6.309340799861511, 6.015426292050123, 5.928395060529254, 3.2437529214012604, 0.7516024827111614, 1.75694970075754, -0.7167118452158695, 2.590251983531713, 5.281438950082765, 7.030414057249855, 3.7525769090720456, -0.7341571639635175, 5.210369877377591, 6.344204652141932, 6.722222222222218, 2.372589386443506, 1.1412934176469456, 2.106926111756554, 0.6643758889729222, 0.7516024827111614, 2.589859476777161, 6.888599023370389, 7.030414057249855, 4.218782862643512, 7.452309495414323, 6.3266891332465205, 6.240844413370347, 3.5803301239182033, 3.45549814033771, 2.059720456363044, 1.3100954416053334, 3.4698325975841673e-15, 0.6294852514776265, 7.097222222222219, 7.642173412282374, 6.6797164147349415, 6.067186134041781, 6.552979249554559, 5.634340540073327, 3.0435961405821947, 2.324789966570102, 2.4069566848832857, 0.5771492952346831, 1.403328768013998, 2.380731991805909, 6.042389984725569, 6.292812760278721, 5.410053455229602, 4.9782931972958435, 7.301109862768604, 6.56944444444444, 9.959694552733575, 3.5794468515098115, 3.721388582550046, 2.2685069450322537, 0.9817252663192421, 3.066036901665344, 3.638714302603641, 5.283944983079727, 5.079504670360561, 3.922963492161083, 6.9944459877252605, 5.972222222222219, 7.313643807345989, 8.66666666666666, 2.643311148929941, 2.324789966570102, 3.345931235889682, 5.069560580424942, 4.660540275307156, 5.029091211774698, 4.03835227885557, 4.700312851682891, 6.042389984725569, 7.02117527010723, 7.642173412282374, 6.996680111040466, 6.360234480408737, 4.259516687481135, 3.2457854326288778, 4.25625067249721, 5.294467667918205, 4.660540275307156, 4.741678552835269, 5.374999999999997, 6.3064533002534215, 6.035191620433725]}