{"west": 11.4, "south": 47.8, "east": 19.6, "north": 51.4, "cols": 24, "rows": 17, "source": "Open-Meteo/icon_seamless+formation", "hourIndex": 8, "validAt": "2026-07-20T08:12:40Z", "level": "500hPa", "u": [18.985564769217646, 19.640316696707814, 19.973253109812784, 20.357354131155336, 20.357354131155336, 20.357354131155336, 20.355510301910055, 21.3545951422132, 21.336786630557352, 21.309076518050137, 21.986598194420107, 21.99664929344061, 22.666666666666664, 23.34688015341832, 23.666666666666668, 23.68001042909135, 23.66197203182365, 23.68001042909135, 23.65224957278527, 23.329095520238795, 23.32755918031504, 23.331914731077, 23.66197203182365, 23.331914731077, 21.33974226028842, 21.33974226028842, 21.33974226028842, 21.33974226028842, 21.648360280544885, 21.648360280544885, 21.978449636792078, 22.332288411929746, 22.332288411929746, 22.331364482223297, 22.996219008653938, 22.996496988597, 23.32977955364913, 23.65224957278527, 23.663062118701262, 23.996344683753392, 24.32962724880552, 24.32962724880552, 24.31851012413133, 24.013140704764385, 23.996957431250213, 23.66443608116361, 24.32947878133682, 24.323753878406787, 22.332288411929746, 22.65299872783289, 21.99929958285938, 22.331364482223297, 22.65299872783289, 22.663137129143518, 22.993985846357294, 22.66342938158721, 21.66930798064396, 21.641597868136742, 21.331836450729647, 21.32033764307404, 20.996801598284215, 21.333333333333332, 21.653467918747076, 21.66336672838848, 21.986598194420107, 21.986598194420107, 22.652858745766167, 22.330465985484224, 22.00182933073057, 22.995494280951124, 23.659624079678956, 24.33816082831802, 20.352693562252302, 20.988377237646674, 21.64683613137677, 22.308538993039264, 22.3214914293768, 22.3214914293768, 22.332288411929746, 21.3545951422132, 21.336786630557352, 21.004265280470744, 20.65407709172798, 20.65407709172798, 20.330236468179955, 19.996953903127825, 19.996953903127825, 19.32155598903585, 18.668824358050784, 18.322165162016756, 18.655295437689787, 19.001700869635645, 19.00641844481589, 20.00094034018416, 21.339742260288425, 22.993985846357297, 20.01428757362737, 20.028124684290294, 20.685599658157248, 20.678044825860873, 21.003104884767637, 21.004265280470744, 20.333206915975072, 20.320946816054946, 20.65407709172798, 20.98720736740101, 20.663519033232088, 20.996801598284215, 20.996801598284215, 20.663519033232088, 20.663519033232088, 19.666666666666664, 18.997106207971434, 18.34409447977788, 18.014520790492398, 17.679051779604663, 16.989749045874667, 18.011896549447616, 19.3270792305713, 20.347196108647104, 19.305334607804053, 19.644023662947735, 19.640316696707814, 19.988776664998845, 20.006701230210922, 19.987816540381914, 19.987816540381914, 20.663519033232088, 21.653467918747076, 22.0, 21.66336672838848, 21.330084163336345, 21.32033764307404, 20.996801598284215, 20.666666666666668, 19.996953903127825, 19.654686264708882, 19.330388773023564, 18.666666666666668, 18.322165162016756, 17.35039099176457, 16.652718766426627, 16.9835674836404, 17.680389250991524, 18.984905016402013, 19.669433041728073, 19.979238111728897, 20.000330404390212, 20.320946816054946, 20.663519033232088, 21.330084163336345, 21.99664929344061, 22.333333333333336, 22.0, 22.333333333333336, 21.99664929344061, 21.99664929344061, 21.66336672838848, 21.333333333333332, 20.996801598284215, 20.666666666666668, 20.0, 20.320946816054946, 19.32155598903585, 18.011896549447616, 17.680389250991524, 16.989749045874667, 16.652718766426627, 19.64144351841015, 20.355510301910055, 21.01568901440444, 21.3545951422132, 21.66930798064396, 21.99664929344061, 22.663214423544865, 22.663214423544865, 22.329931858492742, 22.0, 22.652858745766167, 23.319119297112234, 23.319119297112234, 22.66334249706908, 22.330465985484224, 21.997589473899364, 21.66336672838848, 20.98720736740101, 20.666083427559933, 19.67417988012431, 19.00641844481589, 18.334533078929976, 17.641211194518707, 16.982752300788615, 19.298103889267036, 20.34149663477659, 21.31760668451172, 22.308538993039264, 22.638628349286456, 22.3214914293768, 22.996496988597, 23.663062118701262, 23.663062118701262, 23.663062118701262, 23.01374987774529, 23.34688015341832, 23.66197203182365, 23.66197203182365, 23.66197203182365, 23.329095520238795, 21.99929958285938, 22.330465985484224, 22.330465985484224, 21.309076518050134, 19.970406052955, 19.640316696707814, 18.98490501640201, 18.67818390726805, 19.63254366895328, 20.024855048355967, 20.323733481913518, 20.326442184825325, 20.34149663477659, 21.01568901440444, 22.995494280951124, 22.996219008653938, 23.985379848458297, 24.666666666666664, 24.346270980437417, 24.32772505499337, 23.68001042909135, 23.68001042909135, 24.0, 23.65224957278527, 24.013140704764385, 23.319119297112234, 22.66334249706908, 22.66334249706908, 21.670590977502197, 20.352693562252302, 20.02442431124823, 19.698805848111366, 18.992365914248065, 19.68707851247815, 20.01428757362737, 20.649782682158122, 20.326442184825325, 20.323733481913518, 20.988377237646674, 21.3545951422132, 23.34688015341832, 24.66290981385765, 24.66290981385765, 25.0, 24.66290981385765, 24.65164039980436, 24.66290981385765, 24.996192378909782, 24.346270980437417, 24.683490852717696, 23.647520623201164, 22.66342938158721, 22.638628349286453, 21.69312633718558, 20.618784183364927, 20.69964216055459, 17.957278195305893, 18.3525906994923, 18.3525906994923, 18.664497929469025, 18.67456597492199, 18.969709977399205, 19.70392797676809, 19.698805848111366, 21.33974226028842, 21.667234683495465, 23.329095520238795, 24.66290981385765, 25.666666666666668, 25.317900951150424, 25.345661807456512, 25.662757509014043, 25.662757509014043, 24.66060156657823, 24.323753878406787, 24.33816082831802, 23.63538607229299, 22.978847570284852, 21.65266810633856, 21.277780820177533, 16.354492990275276, 16.363590253325953, 17.329412240665807, 17.330559777651825, 17.035693389129094, 17.957278195305893, 19.698805848111366, 19.998873024910814, 20.651232206420403, 21.29585639646182, 22.331364482223297, 23.01374987774529, 23.996344683753392, 25.0, 25.666666666666668, 25.329474943961912, 25.317900951150424, 24.993478078163083, 24.35142595335378, 24.308107493535886, 23.995331150942896, 24.34663611613514, 23.286378185119588, 21.995009387149814, 15.403024842399358, 16.064740925627703, 17.018446223243764, 17.33617474002096, 18.332554604675643, 18.664497929469025, 20.001652163230247, 20.649782682158122, 21.01568901440444, 22.663137129143518, 23.297263837136583, 22.99939338099039, 23.994848543408512, 24.65164039980436, 25.329474943961912, 25.666666666666668, 25.666666666666668, 24.66060156657823, 23.32755918031504, 23.02373259824151, 23.690097614127, 24.64974927324134, 23.668122089793677, 21.6629539822785, 15.585294720985805, 16.957904321758285, 16.97221484051049, 17.275626496763348, 17.276818889972876, 17.0449800381444, 17.04559876566546, 18.96671099326688, 20.001652163230247, 20.3471961086471, 21.00889354307465, 21.336786630557352, 21.641597868136742, 21.653467918747076, 22.666666666666664, 23.319119297112234, 23.34688015341832, 22.996219008653938, 21.003104884767637, 21.64683613137677, 22.714760950373933, 23.3307498845798, 22.967569647317845, 21.67981212643502, 15.41626828170039, 15.677659958753216, 15.337195092268267, 15.619493035016271, 16.33511961012007, 16.63779916805957, 16.01810466238085, 17.03785832482107, 17.035693389129094, 16.313413955104267, 17.64447224146873, 18.67865058922023, 18.66882435805078, 19.654686264708882, 20.333206915975072, 20.999999999999996, 20.666083427559933, 22.331364482223297, 24.014102724433098, 23.649648599805797, 20.024855048355967, 19.67916305295947, 21.345935143513444, 20.31989878774027, 14.320775283863107, 13.235545656111224, 13.95903207461248, 13.687725269421653, 13.969236695021124, 14.35834019220508, 13.977773607833104, 13.991698018657752, 14.645043244320036, 13.992944843830832, 15.351483178183342, 15.67924442174153, 16.32187004921285, 17.311981747653665, 19.00641844481589, 19.330388773023564, 19.67417988012431, 19.654686264708882, 20.006701230210922, 