{"west": 7.0, "south": 46.5, "east": 22.5, "north": 52.5, "cols": 18, "rows": 12, "source": "formation-steer-fallback", "hourIndex": 0, "validAt": "2026-07-21T00:26:49Z", "level": "500hPa", "u": [16.158349927868798, 16.232760620972815, 15.720505777386682, 15.155495903409953, 14.81996472598473, 14.614313809513042, 13.850592860893112, 8.018130576556695, 11.709887058635282, 13.620356439808475, 12.69353625944164, 12.028873144838451, 13.045963098668828, 12.552999014251432, 12.523879965261989, 12.8038190931807, 12.664564280338906, 11.858563930467726, 10.189719038381613, 12.961543809311548, 13.15461689725788, 13.543124186303798, 14.182987695504847, 14.499044897982799, 14.745387767542319, 16.213543259548693, 14.142374385637071, 14.633943505007869, 15.318018145380215, 15.398380366648784, 14.380890233251948, 15.583898564105139, 16.642233541621216, 14.438339100243228, 14.268641727246662, 14.11084326038351, 9.585637085325619, 10.444815115380523, 10.473166089917544, 13.146785652793112, 13.571736599494542, 14.618769108521628, 15.011602200889707, 15.915423125717492, 16.04060447375996, 16.646818817402057, 17.550216855916325, 16.768165211009304, 14.388353091301527, 17.431046272665068, 16.599954985545455, 16.287473343548957, 16.15500224045857, 15.161387175868501, 7.745311151619692, 9.801448946224895, 9.79905399453021, 10.190710522605308, 10.466468394898676, 12.918099262230228, 15.524517833703717, 16.053500026845697, 16.497668011778185, 16.092152977848116, 16.454015974553446, 17.264994847117844, 16.91053791891865, 17.656240390171224, 17.961690216913922, 16.992347882007774, 17.76108405939878, 14.762690928325636, 7.802601958386761, 10.622356091414627, 11.019862234388121, 11.429689598540769, 11.836312439008056, 14.058740412567698, 15.831416034379448, 15.85316769982667, 14.375573187723523, 14.375492635991414, 14.141389511446146, 14.111043182022442, 15.797118816406169, 17.328076241585638, 16.716759465848167, 16.126416429987636, 16.821370849185858, 16.169996189042113, 4.8708888240414545, 4.108601732043555, 4.987018001088436, 6.930487810410642, 7.62793909028499, 7.254877164302915, 7.070051707494489, 7.003848508593273, 9.61916877189859, 11.238952430381248, 12.314382277359817, 12.715222662806445, 13.96984300361241, 14.765940691897308, 14.885257737395705, 14.7261870231937, 16.212332529114477, 15.716794864614695, 4.20128553279013, 5.44470159376552, 5.113411707385767, 5.022226384024983, 5.8497079018574585, 6.369588225724356, 6.630405978007207, 6.615896053349004, 8.949752256243679, 9.251328667399644, 10.800088663822718, 10.349123582636546, 11.97844783716488, 15.217564927051532, 15.53702155530565, 15.088562710469576, 14.959017571977357, 15.388228598976028, 1.0379030232668391, 2.5855061908320933, 3.4903154385038637, 3.75037237404497, 4.087045288851112, 3.2011988643246445, 4.456780940367977, 4.565998743683796, 6.23865590838763, 7.655747948066463, 8.0701971453362, 10.931842136491477, 13.690562745966547, 16.626290634079723, 17.76248521612241, 17.15322609282422, 17.194458808822844, 17.326516878792344, -0.11863179836343869, 1.7070979941935065, 2.2995977568822825, 1.8321447931215116, 1.8150602962517743, 2.1104618231669, 3.1194586698743065, 4.62879227894839, 7.769814601346684, 7.137850118977537, 10.44312139770374, 11.476833947456138, 11.19691191306355, 15.506917325442295, 17.144431786147777, 16.864097791637796, 16.76775437480114, 16.575679972845908, 1.386276482978824, 1.5753642718473873, 1.6655842293359866, 0.41879682188687534, 1.1251094275030558, 1.7869942476879017, 2.834784158115593, 4.975879838959877, 5.4034060464631, 6.9102797844797434, 10.448357404392937, 12.568718267781936, 14.84095166035614, 14.821590977371008, 15.47855778525288, 15.7423235652862, 14.588017607796573, 13.109614311040204, 1.3954059182598597, 2.6674029947697733, 3.382790298296747, 1.7983095661153587, 0.8873097787194132, 1.9359991049827359, 3.848456138072102, 5.124654708256998, 7.1237303053458065, 8.840068759350821, 10.308566814141372, 9.487188917316079, 14.566808595380271, 16.290105222597028, 15.810669135194486, 16.224012690830083, 14.257910695457346, 13.134434178831835, -1.2892807160399014, 0.9908843034048403, 1.9088400079607517, 2.0284722222222213, 2.379219810483128, 3.430349676243109, 4.769048625300006, 4.779484902875669, 3.8060006185833144, 5.4172075471169165, 9.43685451816478, 11.16745990516583, 12.322286082877639, 13.121144750903532, 14.425669797917635, 14.519482032950275, 14.403033423302807, 12.322488949686418],