{"west": 7.0, "south": 46.5, "east": 22.5, "north": 52.5, "cols": 18, "rows": 12, "source": "formation-steer-fallback", "hourIndex": 5, "validAt": "2026-07-23T04:43:57Z", "level": "500hPa", "u": [11.611470995174127, 11.230248249434027, 11.717849509304404, 10.722366714939666, 10.820030012945933, 10.239026523246796, 10.806486915898855, 11.564426831134234, 11.26861657595831, 12.443988927561472, 11.63553590613599, 11.58714859509351, 11.458199965224793, 11.68869486476706, 10.559361814200821, 9.281698768242416, 9.826099374830664, 8.486008452176796, 10.242544511174604, 9.915376700289476, 10.558625986682372, 9.448820279750901, 8.905649528316419, 9.009163028482103, 9.094044154965134, 10.218545428078418, 10.610838492505147, 10.746429221598847, 12.435310479712788, 12.371730912780338, 11.779885897170594, 12.612476188615023, 12.885361611544411, 9.112286040049591, 10.233355094101336, 8.285323639657983, 8.864282304702039, 7.900392498996411, 7.806544743046923, 8.040573409790374, 9.10859699760002, 10.661979971817008, 11.268356387522868, 11.383638014559079, 11.2610996652749, 11.559235957313728, 11.303409447072116, 12.752303036479978, 14.459589795819694, 12.312303555858245, 13.030627149046127, 8.66966596343546, 10.65530047131461, 7.880857869773175, 5.937239828216529, 5.746331795154905, 6.391249005273237, 10.156237958913886, 11.657205984349734, 12.951355208762868, 13.469254915353156, 13.794427470891776, 14.996674355929965, 15.006186748585034, 11.992636465544528, 11.759546912341525, 13.831792426223652, 11.619324130148103, 11.15324634405019, 10.218719321972362, 9.966287166539573, 9.486979794355296, 5.279745470514956, 6.878492028860234, 8.575285935214604, 10.864035267888823, 12.065191051619475, 14.540598196476319, 14.633963465253832, 14.927540388472101, 15.37205161373768, 15.281344283761703, 15.62744957403832, 14.165208905484452, 13.815944467423611, 12.730415554770426, 11.9285936854075, 10.347033981201143, 10.23211814631108, 9.68233604571053, 6.959171473651912, 8.571839367840685, 9.982127559584024, 13.064948200768141, 13.27318766556384, 13.85333699684954, 13.389712071364851, 14.418758105042832, 14.33138750834712, 13.733119640214179, 14.876939993981704, 13.79242909309702, 13.250555573611107, 12.257567764255372, 13.031348293538297, 11.05772039600508, 10.379667512464541, 10.920405244998108, 5.8248112439844215, 8.54655618185, 10.075570674310358, 10.55679058732958, 11.144866195258786, 12.88335591701242, 13.352304618103751, 13.951547505668222, 13.637979227862484, 13.072197644969188, 13.739343086656016, 13.575463433592166, 14.320457281074734, 12.985173670493099, 11.626006810901814, 11.809922642255463, 12.006995203317524, 11.111122644428304, 6.717319029307653, 7.269716430569689, 6.584381070149133, 9.224653953389062, 9.858566533059166, 12.084060704156649, 12.115075036493318, 12.870808313917022, 12.040994659689503, 11.85303525668679, 11.604855342403257, 11.870660424873067, 11.588024826997776, 11.699637762472083, 12.202703434279648, 11.513963423615262, 11.210432884015594, 12.193787056436493, 5.993100481417337, 6.493613744571821, 6.202552754984711, 9.512711456835058, 9.619354817970665, 10.397759847312715, 11.981723047137383, 12.488038652657119, 12.814651145496578, 11.513637066950826, 13.281916059718114, 12.781144386725506, 12.153173509783041, 11.974867102193079, 11.576173288412477, 11.206784353487643, 10.822952136939962, 10.766996549592351, 5.979424230798297, 7.612001237166629, 8.962529115691552, 8.755315560212745, 9.913977921999713, 8.757269763121165, 8.726069988585591, 8.833938991860483, 9.618550652643979, 8.535107306746864, 10.885147890438711, 11.253238282896614, 11.306501352179648, 11.340001423207704, 10.822569830927621, 9.89237664469184, 9.804598776901427, 10.070246864878161, 6.809107572262731, 7.953086527764017, 7.823509117594126, 7.671123569697389, 7.558801553210328, 7.599915845559804, 7.254615205003264, 7.341736828484681, 6.8585816206110275, 7.330458329372313, 10.301471860960085, 9.076480486034898, 11.210200733500622, 9.35799733887189, 9.48736994769746, 9.669608357992827, 8.615585558382822, 9.086414809147282, 6.6954264994540225, 7.297152756720291, 7.363400474350766, 6.813235824656103, 5.203835713696762, 5.600024563351192, 5.83793059444724, 5.299367015107821, 6.824043425311379, 7.292454618333635, 8.553158386937984, 8.481100072510309, 9.53295480400835, 8.05476799151966, 7.344286602331063, 7.16692377345925, 7.326776347379659, 7.680098872798758],