{"west": 7.0, "south": 46.5, "east": 22.5, "north": 52.5, "cols": 18, "rows": 12, "source": "formation-steer-fallback", "hourIndex": 18, "validAt": "2026-07-20T18:24:23Z", "level": "500hPa", "u": [13.8194060321603, 13.252401620682907, 14.313542536403366, 13.176885166416234, 12.723398473411656, 15.326215608915836, 12.626711573424494, 11.452221802729802, 12.0711401557309, 9.616686382114864, 10.73905410217208, 11.765513936397754, 11.973255671047825, 12.435096030339093, 12.480114832710303, 11.764240061348248, 10.988738255918943, 8.899582631802273, 10.302326420364546, 11.767954163337857, 13.60534880095352, 14.086448645091616, 13.786260537015762, 13.2775554132956, 14.387495705931538, 15.182840796537372, 12.95950421861047, 12.92142772190636, 11.31986676698675, 12.932455863334583, 14.101561912016804, 14.29855783519255, 13.717737390472852, 13.720862310241502, 13.311014765686481, 12.007084920898624, 11.509399750074161, 12.32468448149723, 12.631737455924632, 12.584558393817787, 13.085733733100325, 14.61826882829204, 14.511203677464696, 15.222898682404983, 13.77482779298515, 13.6405789458053, 12.878489630165062, 12.75900936983823, 15.26274170829674, 14.04861998736278, 13.337954524839414, 14.77505221902961, 15.037609561669917, 12.54771919774641, 9.922989980024331, 11.6267842550396, 10.577012971130825, 13.58148039602806, 13.925407630417329, 13.935278096517031, 15.878908534659955, 15.64207764533194, 16.72670939406785, 17.22295651901536, 14.488663989174919, 15.537294478749667, 15.221814057186014, 14.891797210734948, 13.38421257301308, 14.685084657654505, 16.663589735977027, 14.224421118596595, 9.669016309222656, 12.287964803547338, 13.420465218812932, 14.277272331771844, 14.680033290039495, 15.365192163132182, 16.67896468660329, 14.942115859604014, 16.64697940461824, 16.017735247955436, 14.892911353899349, 16.034475080297607, 17.085588928046427, 15.744557565430659, 14.630466421204392, 13.555270463994743, 14.528645318775967, 12.653539563588565, 9.079603983291742, 10.4669319427544, 11.386567392259376, 11.3515268729376, 11.488555842664672, 10.73690693695901, 12.821687107346259, 13.728848880084378, 15.642726874803726, 14.996524407299399, 15.799022084958336, 16.217705041937876, 14.79764425959015, 15.12091553874217, 15.485323358209401, 15.379210777983864, 15.079047940040992, 13.466489296824722, 7.03949579125616, 7.733937844398501, 7.602938616652056, 6.054818898457847, 7.510850407427912, 9.257961705986924, 12.398522809183921, 13.03351960489847, 13.665272961025563, 13.935278096517031, 15.03281661199855, 16.099887381066754, 16.221752129341272, 15.651252007756746, 15.74801145225644, 15.292069195532855, 15.325291058693919, 15.46922373062778, 3.3651170203021037, 3.606239304436951, 4.404685991141202, 5.83546623619897, 6.848205606058367, 8.59264029179258, 9.981913673158836, 10.344501758730265, 12.266748729022387, 12.511286667782896, 14.919527590466949, 15.736923389743573, 16.09019231500744, 16.8553389084, 17.02265472044185, 17.583461923654273, 17.248835209560085, 17.378109489214662, 3.5102401412035387, 3.288421358863593, 4.252982705384467, 5.669621455263805, 5.758447969723244, 6.737737836923452, 8.453179650920344, 10.388827533253469, 13.190581357850665, 13.901598208580792, 16.0988147212082, 14.929088943644363, 16.43732959752663, 16.32201995094632, 16.38188441303694, 15.828146022970447, 16.063518770606976, 17.49499464170443, 3.292848019061091, 2.9155168167183985, 2.1963935976247666, 3.626213085255074, 3.190623117343937, 5.001389559080612, 6.700740702747066, 7.1641290168124385, 10.057789402976745, 11.543839025891435, 13.15447301543959, 12.580422986841118, 14.128440251077425, 14.790187670344176, 14.711229099292982, 14.73376536597273, 14.974164863533844, 14.455830515334977, 2.0155590326382526, 2.033886329430644, 1.739353965561883, 3.0879556129384507, 3.582111151417174, 3.414452084377131, 6.519830819648563, 7.568354280340742, 7.7880936242433325, 9.763620550838743, 11.474966411204477, 12.151286875842173, 13.581694007148025, 14.833588691576042, 15.772768803993667, 15.477303916098966, 14.607447541147453, 14.369481359520739, 1.1743448382534005, 1.8868951201782616, 2.997196245173878, 2.5688562170274802, 2.868734338494843, 5.223313983754852, 6.487287422985315, 4.864388378391856, 6.830980644018163, 8.297983253862443, 12.366067728452318, 13.155107989440452, 14.744884309721385, 12.770380044484531, 12.632162176199278, 14.374808588907804, 14.18539573159984, 14.230421014427137],