{"west": 7.0, "south": 46.5, "east": 22.5, "north": 52.5, "cols": 18, "rows": 12, "source": "formation-steer-fallback", "hourIndex": 5, "validAt": "2026-07-21T04:31:51Z", "level": "500hPa", "u": [12.853538115559417, 13.070991300886446, 13.229860694060582, 12.297013576611068, 13.762687597770878, 13.605825482455373, 14.780721278799048, 13.251191651964534, 14.219117223460495, 12.489345624106173, 12.217954960629221, 11.714166512723663, 12.552617890280178, 14.972546512314294, 15.953171623046265, 15.718483753445147, 15.593616780387823, 13.842020084004922, 8.158318663286078, 10.036747878242622, 11.779913765111782, 12.430666677828622, 13.143074265742142, 12.81217051448832, 13.019923093273997, 13.753765541989484, 13.433051308795685, 13.279179689677251, 13.95800004593496, 14.396325322121351, 17.375368112289422, 18.744123739843403, 18.223322570678626, 16.899904300809194, 17.24364356318537, 15.979870212353857, 8.325299488844792, 8.241616455612954, 9.27539614899818, 11.334043073839508, 12.170833333333333, 13.609278023231258, 14.036859305197996, 14.318629727964732, 14.049631839202537, 14.43532194251278, 14.862556911386113, 14.881999986276618, 16.27329086578535, 18.069456972610794, 17.578913464987885, 16.445725002708823, 16.896440593740152, 16.498276451918596, 7.254893622812841, 8.306926873546304, 8.226831640904251, 9.905604280410607, 10.482815691892979, 11.562610289175058, 12.90512202154269, 13.065813031622913, 13.902329904880897, 14.486668054325518, 15.665187837905052, 15.676197318374852, 15.911682343432258, 15.143544236486978, 14.875188674495456, 15.792636641723009, 16.762534004592528, 15.99704795041657, 6.129003528501646, 6.7197410927665855, 6.920838763323628, 8.826078427202553, 9.81525060502167, 11.124971361231921, 12.10388278663734, 11.886592971924264, 13.154726691535334, 12.826808340003945, 11.726244594703061, 11.887875898191322, 12.379004507582167, 12.791375790307617, 13.495765879922022, 13.770607114022209, 13.442609591659409, 14.62678288693467, 1.3213035197894933, 5.436385359807709, 6.959731846079677, 6.816947527029244, 6.91886827192926, 7.148378050823689, 5.929402323734652, 5.693701175385455, 7.649276868556333, 8.767178541842947, 10.73792489400667, 11.748416709103502, 11.393098285393386, 11.44025830442399, 12.83049494622795, 15.910704530354087, 16.56018296345249, 15.861278084586411, 0.34101046971151405, 1.5265369142285359, 3.710556187627672, 6.1205436610540325, 5.922045214457733, 5.920576563549006, 4.526764835199294, 5.603263901283271, 7.696828028425796, 8.811966952576896, 10.129637384708728, 11.40568621963847, 10.884739563930996, 12.78311642965532, 14.076877604255142, 15.82406398230571, 16.387100648184653, 16.195216645626807, 1.7486933504565254, 3.3586595146538265, 2.67905096865524, 1.9760879670871216, 2.642989164365772, 2.5393472568164324, 4.103088730670706, 4.145286244364935, 7.215286810025146, 8.517991638886256, 10.246365458077703, 10.775918551686912, 13.074898780727816, 14.583840297651111, 14.982011058679397, 15.869725656425185, 16.512731494576027, 18.938179789655944, 1.4991636233022136, 2.548885696034102, 1.8225570175285222, 1.5042452304644196, 1.0832739730875478, 2.658233335361136, 5.002502215995889, 5.790995634225374, 8.554500693167386, 7.602192931027611, 10.860164146994144, 12.718511623172656, 12.488840568194624, 14.918978304299504, 15.512068753562186, 16.49625704036236, 16.641020002788963, 17.31175291738386, -1.5724801172925476, -1.4699604749092676, 1.2955854981110508, 1.9975012265679417, 2.953657648394557, 4.0573648921123, 6.167506654431354, 6.870756393591906, 6.31974073211504, 6.7066706165049785, 8.467866540695656, 10.052418908786308, 9.89625701447185, 13.574629128833067, 14.064401200742717, 17.016770454328864, 18.883849903951283, 18.087677448242218, -2.1152080661405086, -1.0667830630767312, -0.4547126760901464, 2.8669551423658364, 3.6076889153095397, 5.181702674020962, 6.5802421100006585, 6.038923674451672, 5.905361222298489, 6.641885331458601, 7.451508113331368, 6.783458197243421, 9.927022573543699, 13.214471113690918, 13.16086272316613, 15.899576012195721, 17.545398131071824, 18.216435301984657, -1.8485852326961245, -1.4488722515584875, -0.6831496276516289, 1.7126929690971628, 4.745573709593715, 6.08967750793012, 5.839483207844529, 6.11773552634453, 6.817490604238267, 6.2627153915987135, 8.664585260344538, 8.177937660414708, 10.709738379395473, 12.027237841863691, 12.283235096070081, 12.847195166061802, 13.419503830142423, 11.984994781068961],