{"west": 7.0, "south": 46.5, "east": 22.5, "north": 52.5, "cols": 18, "rows": 12, "source": "formation-steer-fallback", "hourIndex": 17, "validAt": "2026-07-21T16:37:00Z", "level": "500hPa", "u": [6.5521892613759976, 7.789545237129909, 8.593288447945081, 7.318514359310044, 9.970703632725408, 9.986481896340397, 13.471911065664324, 8.524055442072546, 10.354072330877562, 11.705193188305191, 8.703985301213416, 11.471650426969976, 10.550364691815801, 13.29559485136336, 13.431288117817969, 14.589718031663494, 14.422859916812, 12.833843870303554, 4.725197167570846, 8.244507028312306, 8.458055744089876, 9.311483557834473, 9.661016961450608, 9.773885268549662, 12.217449765322359, 12.553200958695703, 10.327981903897653, 10.66744995106439, 9.359645615984784, 9.128877809194371, 11.973960112396982, 11.805460215479096, 11.629680974785872, 11.560436949886293, 12.600762948951807, 15.011122011159685, 4.421323376815769, 4.2300467911317545, 5.606863033918808, 7.030479347495399, 7.560964790464805, 8.501089441908157, 11.435842007261062, 12.928648872149653, 10.55289149235134, 10.558782460937316, 8.667262529384175, 7.76869624958893, 10.975843091187226, 11.788491120014193, 12.154173906763852, 13.494943511741276, 14.755613551395266, 15.165268901616242, 3.2364100216342964, 3.4310617921538347, 4.203289556787467, 5.421788138950142, 5.437789641515481, 6.475165362530437, 7.986094616659661, 8.790281376403676, 9.172736899384807, 9.304212165269643, 8.620943056213878, 8.737070031933666, 8.759197404925692, 9.168690652354531, 9.984054533747557, 11.166353819481568, 10.338464652481921, 7.315810629717276, 2.5335774853097788, 2.767967658842484, 4.033563116280917, 5.073703752577396, 5.023968838234048, 6.062721059200544, 6.066666826345144, 7.145042553841827, 7.231024348583813, 8.874506520055144, 9.293540244252647, 10.010550357700176, 9.171837059734935, 7.8731949301264, 8.025112806049927, 6.277803977917541, 5.599293681838605, 6.6068232287961814, 0.569649546618713, 1.0060502604333226, 1.1972623998522613, 3.8193967809826503, 3.587965221207766, 4.20999749776916, 5.117256296581023, 4.954600319491158, 5.666925345814123, 5.544522384813145, 5.298152052318149, 5.194577981299096, 6.044789514961893, 5.705663148005316, 6.394799332978619, 9.799109751705357, 10.17178478829812, 9.754983357001613, 0.27650178347089893, 0.6605298739866723, 0.17394231749159159, 2.2831915471202926, 3.6796075031437745, 3.8500024378759767, 5.744623008897871, 5.479344515077403, 4.245741689938221, 4.411036016466735, 4.9367313272797615, 4.536238504957295, 5.042193865422738, 6.9997514837633314, 8.602851460056979, 9.459420746337196, 10.575485830027342, 11.55563555839893, -0.20237303863006204, 1.320631156823249, 1.862762912940755, 2.0117817193096363, 1.7984334976501397, 3.4767136219934707, 5.090786361836534, 6.041520043467426, 3.7561736845514817, 3.734743339080195, 4.734341906690918, 5.535798710570804, 7.429577985107413, 8.454687021365322, 9.38413687396751, 11.572279482694904, 12.352815450622622, 12.749537548655756, 0.3005841968699773, 1.4271041727613365, 1.117793331557337, 2.164821161336001, 2.2857327571148613, 2.5132933787800438, 3.5896706433878367, 5.407157481529173, 5.034446533109136, 5.199370398764215, 6.297331667628426, 6.409315262157575, 8.834703690244053, 9.743589755992918, 9.750887657349438, 10.91652868871634, 11.685768491616038, 11.906542464608563, 1.2350926317824895, 2.081736754188054, 1.6785418260835432, 1.6203641672821978, 2.395899285432264, 1.834387983814478, 2.50412586647881, 3.3019415287230385, 4.808836733308782, 5.270936464629354, 5.644517342204261, 7.955344621803039, 7.858458030916017, 9.26162422949489, 10.411920971377269, 10.779231616935942, 10.806694845506003, 11.638929610238819, 1.0106434669447195, 1.188720912827151, 1.8893097797370673, 1.0612019386569693, 1.3431017221108967, 1.897925401719234, 1.5571992805340695, 1.6038558335947322, 3.433715728690287, 4.567592039020695, 6.584609074847599, 7.494547305064346, 7.048818729132192, 9.808362974557127, 9.869587207506175, 11.526451688741806, 11.419674123520867, 12.495542625228147, 1.6052901694247264, 2.2793734682887306, 2.3715168254967947, 2.2097290172777866, 1.3092502225183504, 0.10671038897346494, 0.47515202888713326, 0.5659962772405295, 1.933950847558045, 3.7566969091533093, 4.975765434336978, 5.928400441288367, 7.796918335723586, 9.481807649101038, 10.01971407842299, 12.315237565896325, 13.201031837852614, 14.789430172919314],