{"west": 7.0, "south": 46.5, "east": 22.5, "north": 52.5, "cols": 18, "rows": 12, "source": "formation-steer-fallback", "hourIndex": 19, "validAt": "2026-07-21T18:47:06Z", "level": "500hPa", "u": [5.220442703352226, 6.605108174712697, 9.518049368426603, 8.407629200166324, 9.511574126646925, 10.20730677519273, 11.626900840205627, 9.561162612915904, 10.093792471508701, 8.808197446550642, 9.264479600819088, 10.496512259171716, 10.268246131438824, 11.575026598136084, 11.807840097713305, 11.548367608244726, 12.158180239351811, 13.974428333114227, 3.3971580484288895, 4.8841095873945815, 5.187350386127322, 6.947628144299266, 7.5916585298663986, 6.624232952243733, 8.098658385871428, 9.630495832418733, 9.491276090545922, 10.136715918055625, 8.565805741137723, 8.17248148099738, 8.91762282166195, 11.559766486633642, 12.596257960660546, 11.49925352046725, 14.17925144647909, 11.942564179968233, 3.4002766377470244, 4.986763963807141, 4.791666666666666, 5.699833315492141, 5.730004634335522, 7.150664977346758, 7.839084516400985, 9.350668734750311, 9.977559577583111, 8.3564950133942, 8.780233254920258, 6.5436227159656015, 11.108031660323586, 11.654900370410164, 10.919865458539462, 11.337463284967614, 11.922319650524004, 12.272976110833534, 1.805570156548989, 2.5540712294565084, 2.6802342121321483, 3.838514489433212, 4.7771741726408745, 5.716570691171193, 7.757263937195095, 6.983970443410651, 7.6983875823339805, 5.799808684666312, 6.4156425805868516, 8.05962676327694, 10.521883688312725, 8.207686396161833, 7.699580610605105, 7.444420323167504, 7.275247922639681, 6.763714359229677, 0.8688027203168955, 1.7452384389381836, 2.0551514764805385, 3.415145346737804, 4.41110966456509, 5.6517184744733235, 7.543342052232559, 7.271489997618999, 5.615972807987383, 6.495287148032084, 7.679704106018955, 7.706215573911677, 7.704578319382799, 6.133757910468116, 5.73307672889595, 5.993816251359506, 5.490602920045772, 6.736572080507428, 0.8018328332784553, 1.0625936608631472, 1.664128369308082, 2.4512748117791525, 3.6132984030768487, 4.1335269631144795, 6.013049012120615, 7.11415037306522, 4.958470270276189, 4.584177110875481, 5.402005943161846, 4.1661329772191955, 4.23075795753258, 5.232122943449582, 5.569313006972489, 8.318489178928635, 7.874807660696225, 8.658095027691127, 0.6552543243407957, 1.4731671309251209, 2.3850032793169516, 2.7052825112819225, 3.237811396617505, 4.946723203090819, 6.375565066065393, 5.913310908247901, 4.903388061251306, 4.612854045929462, 4.208364001605884, 3.8690858399978656, 4.3718617741537, 6.528647626803125, 7.713393979536245, 8.181110245687336, 9.42233056776124, 10.066674564834369, 0.5376144134818364, 1.6210210475599844, 2.127145100267929, 2.691685881429354, 2.4074268753986514, 2.4507903646171814, 3.6900270828880055, 3.517935476286415, 5.175147577989002, 4.74217712548459, 6.011375296729307, 5.461941953863683, 6.633372505168413, 8.187138231845037, 8.851463764470326, 8.866223951758808, 9.887073239155992, 10.72088226219872, 0.44869573595431694, 1.980686261997472, 1.6220079294176757, 1.859235946169373, 2.4616124464109967, 1.9095527085416346, 1.9013618863312496, 3.61735295836653, 5.394336887251219, 5.273558265072902, 6.295882894904648, 6.7795874002192456, 7.78565052791922, 8.23837799631816, 7.944033365538562, 8.948602203031792, 10.423754174297242, 10.774413265081293, 2.2481628683680768, 1.8573791372700055, 2.357965606562112, 1.449339587022772, 1.6052908779285509, 0.8675643430674432, 1.3007923454015418, 1.991094415887661, 3.3314699596974484, 4.458169320362853, 5.350241093469341, 5.805800284814981, 5.667244092069656, 8.70062663498864, 9.23623729827815, 10.273396034279717, 10.553970699186884, 11.88046014686502, 1.8208576373798648, 2.384522288350471, 2.4204173364926844, 1.6289828851575858, 1.4052988813397598, 0.8375601599290545, 0.9039971408243411, 0.19979483708864956, 2.2470199444134153, 2.934997038027843, 5.010172313278971, 5.212960647198941, 5.6014894168478335, 7.759967159345167, 9.590696831022147, 10.299276356293754, 11.252136885875984, 13.300512857621946, 2.8347720115354167, 2.4319941648472847, 2.7035806086334175, 2.562262866405943, 2.059980941996571, 1.0179316490181516, 0.9359084814315178, 0.3875036061779091, 2.40752849924834, 3.23952155592392, 4.9328570494344355, 6.5369510764494185, 7.154099414066777, 7.991393326632427, 9.811994693230405, 12.502191540769447, 13.612336364924586, 13.638665889809683],