{"west": 7.0, "south": 46.5, "east": 22.5, "north": 52.5, "cols": 18, "rows": 12, "source": "formation-steer-fallback", "hourIndex": 3, "validAt": "2026-07-21T02:51:48Z", "level": "500hPa", "u": [13.931848068765941, 13.104678124280428, 13.401772489073098, 14.23317173528983, 15.14297555006617, 16.29972428658884, 14.789635096684382, 12.135552978854959, 11.067438526300542, 10.921337539917078, 8.31059448855916, 10.71444081971508, 13.195676215723493, 14.438949149210345, 13.823962234248858, 14.68623568864793, 13.94777668250159, 12.297441567776026, 8.026845790513578, 11.430833474401528, 13.359004078378057, 12.904847935756024, 13.511182855675722, 14.090887430281535, 13.723706975189968, 14.823204913084657, 14.388898666560914, 14.201372622183438, 15.141666666666664, 16.207347680676783, 16.52110432405402, 18.246299201642852, 17.60668733855912, 17.30698212648438, 16.42779333102822, 14.849732546124654, 6.718566523816899, 9.231888200279627, 10.565198214761901, 13.955858954508788, 14.205232128255204, 15.061458489182543, 14.671532340340775, 14.42217351841267, 15.173861373394187, 15.56104350270055, 17.340315032611866, 17.001459828685228, 16.263419013060137, 16.39110182446322, 16.801911057911664, 16.277497030813947, 15.561449761967138, 15.755949948105092, 7.473444140156745, 8.560902482872295, 9.008113806604431, 10.221225800983998, 10.789263766911342, 12.606045962598856, 13.68538558253247, 14.26088015445919, 14.87987701314065, 15.548918115327304, 15.706317857289067, 16.490802513161345, 16.97878642769736, 17.0635846100293, 16.94179584483162, 17.90409552482228, 19.075191832985098, 16.94999721961516, 7.403001483153505, 8.042040694974613, 8.055535995407906, 10.251275285365367, 11.241372146096529, 13.388925698960588, 14.885638343310205, 15.038258918428575, 14.681957051772285, 13.758674105097134, 12.439234520351631, 13.149489520169212, 13.366111562590119, 14.214303375076671, 14.51618163812087, 15.94080721767819, 15.574051720881624, 16.477684906680434, 5.847133709044373, 6.128480847704574, 7.084238257813765, 6.325759797584926, 6.040973474110671, 6.694073657096045, 5.929337531195956, 5.828687893413383, 8.6437277860315, 9.519803094574156, 11.724174511706419, 12.232463594358547, 10.93168161992077, 12.823014861452421, 14.27275339897649, 16.33162198577982, 16.25910310182257, 13.955858954508788, 2.948149764766485, 5.786117850862453, 6.892458984738311, 7.355117949754317, 6.626106814978402, 4.968331034419041, 4.585595721712732, 6.014548177823134, 7.724932459893944, 8.344751061494652, 10.55865247279406, 11.156122726592134, 11.442522902612518, 13.738123403021234, 14.385586695777729, 15.437003592880295, 15.868554849362052, 16.237141957747426, 1.2570163186792387, 2.073190424817206, 3.2626912344518932, 3.296919461892332, 3.016908124616762, 2.366420222884951, 3.9450268965902615, 3.9409097915683473, 7.867908143694957, 8.705879335056965, 10.511816328717822, 12.124526815457454, 13.966567333547589, 14.75127003500805, 15.657492226302255, 16.89795256638123, 17.535790514813172, 18.400467800857633, 2.3938101920384125, 2.2859601739903677, 1.8882373589471817, 1.4429549811943598, 0.9522299313562089, 2.47429874968569, 5.394317301818429, 6.653232925584401, 8.233446335141112, 8.454601425917742, 11.532008856488314, 11.595686926212204, 13.071805734800922, 13.594590991358498, 15.044449335167672, 17.129335840610743, 17.450787058195004, 18.212519262400512, 1.0504398680832223, 2.9424153867693783, 3.130555555555555, 1.8862812461416525, 1.0868667591988235, 2.544705544593158, 6.654621192853576, 7.565197485753808, 8.009246170669337, 8.311380201636403, 10.205168227262762, 11.232126647232013, 13.178480485948851, 15.301419923174512, 16.119998516646987, 18.411458807667987, 17.307138464018134, 15.774610104782141, 0.21162240593722204, 2.9339063147990223, 2.938103991043875, 1.734697522088019, 2.2410705690324493, 3.71672885496303, 7.57003673326695, 7.029617309053857, 5.695157786438264, 7.493641722498141, 9.14196910519374, 7.416628944072818, 9.509604114207416, 14.17499024098935, 15.807815306879924, 18.852882565061883, 18.302800620493187, 15.849346250550877, -1.1235106460677693, -0.3066874842579264, 0.35663508724758514, 4.4650242840600125, 4.383873127330777, 7.4292639054123795, 4.695141978974943, 4.134444256398393, 4.4281869276700165, 6.2211058947635305, 5.2812862598068495, 6.877064385068362, 10.422861724057961, 12.578852038722983, 11.134344373585602, 12.03352074848349, 11.938885362924395, 12.746547375355274],