{"west": 7.0, "south": 46.5, "east": 22.5, "north": 52.5, "cols": 18, "rows": 12, "source": "formation-steer-fallback", "hourIndex": 15, "validAt": "2026-07-21T14:52:14Z", "level": "500hPa", "u": [7.520202125493521, 9.994612228524902, 10.830155542811408, 8.77943018832947, 12.129253482777258, 11.92749951644304, 13.455381904288027, 8.081601004457516, 7.986001639475976, 10.813320025740932, 8.91169493277492, 10.556078124836942, 12.698710251699286, 12.978691119448511, 11.534294387059777, 13.407153531302608, 14.126480009326727, 12.0408361663983, 6.4499955593919776, 8.509911537314851, 9.648858151523198, 12.096073879256119, 11.868112129275714, 11.342144598726449, 12.520736348713543, 12.215860344744227, 10.907018164950202, 11.198500864805025, 11.211663207317818, 11.723325414978106, 9.843048255504161, 10.982517178286033, 12.331102567029815, 13.544444444444444, 14.178473059236651, 15.521595110946977, 4.8567484606574105, 9.168690652354531, 9.33594447838196, 9.901835267639427, 9.741609259820951, 11.588208150832445, 12.793818027109651, 13.738123403021234, 11.423678632706789, 11.356022671475271, 10.47874746680709, 11.183093001842, 14.621753751811395, 13.425074962453623, 14.277970568225106, 15.034743296494803, 15.301388888888887, 15.780555555555553, 3.4137350845211345, 4.27917232101282, 4.810882433152943, 7.073628188675988, 7.916775322251071, 8.309705389491956, 11.198281410685924, 11.561940650393316, 11.474376129078921, 9.698531795024158, 6.84511395795902, 9.425269945856527, 10.170543155362628, 11.6842960495436, 12.006630675408443, 11.198140792427688, 10.25715708178751, 8.875819702664833, 3.309173924559201, 3.6858634310628653, 5.194749130372579, 6.153431765480435, 5.628408807485601, 5.4809874479503415, 6.823811386800312, 10.516234957815758, 9.702967787394865, 10.366038567734206, 9.072941372199299, 9.450648164524166, 8.961600629236434, 8.697612651988624, 8.014563538166973, 7.550501687986833, 7.382251966742978, 7.336256599859507, 0.8657964825303319, 2.620100752244568, 2.405100506010828, 4.09077677750476, 4.230215501419544, 4.887595244613288, 3.702639017901886, 5.3855672294070605, 6.045135748206546, 5.752036595069569, 6.462327558118564, 6.624633936491404, 6.030753009855296, 5.772434696290842, 6.214956999671144, 10.0731584442859, 11.360127119657596, 10.391451340058355, 0.46957482148433316, 0.9445211505854323, 1.7078094907710228, 3.1212232854750037, 3.2185322319216345, 4.141277795547402, 2.9646234260788105, 3.9094725861906374, 3.8701337612613385, 3.7947160716335975, 5.485407373346296, 5.320208970876332, 5.785872543333241, 7.405896747448425, 9.386870777492117, 11.167975260904077, 11.436346666465456, 13.162276151179192, 0.13826436919181498, -0.13871038328598412, 0.28720507831493375, 2.869225086064543, 2.7834776352026225, 5.487941255518844, 4.492929779229256, 4.347615009481741, 3.603442983659481, 4.741419126576262, 3.108584617232509, 4.846638763722414, 7.623078461886767, 8.529699523479339, 9.46636848569504, 12.61030522671485, 14.380702401819876, 14.210348519617607, 1.1853560476747087e-15, 0.7401255130123385, 0.498488836220355, 1.6575577444781202, 2.731777177750075, 3.414452084377131, 5.390399968944298, 5.1327251598714865, 4.344479868773995, 4.45690993872098, 4.845099535343179, 6.685957301557335, 9.619705684902259, 10.626709037992446, 10.999258032639489, 12.399900731503072, 13.644594603638286, 14.08790051860898, -0.3734730862399575, 0.8659256079618738, 0.9995669825426524, 1.961726279813264, 2.2348849842415626, 2.412465325047694, 3.165532469696658, 4.0669890941668445, 6.122436116418198, 6.227878535392171, 7.635457310032801, 8.717320851890966, 9.2379930302343, 10.485418717329248, 11.792057655172812, 11.79153185583274, 11.133434440832069, 12.146605346102671, 0.10102362843255927, 1.141973461199117, 1.2187230746167839, 0.3282343752170671, 0.997345759457737, 0.7506396542391394, 1.2091299827295532, 2.0428775696482666, 5.517417044142952, 5.702426458353215, 8.4344843972463, 7.679269892435096, 8.856851448709204, 10.95402806264794, 10.78528182740793, 10.443600208834908, 10.227031358469103, 12.053607123251023, 1.6986209932284893, 2.1695521260545543, 1.476008054070915, 1.0006313179469433, 0.4955906453120971, 0.15454254977352483, -2.2641141810633676, 0.649447883934668, 5.363464173966054, 5.816877679366394, 5.7408099831192905, 6.077657949120393, 7.550434689298712, 9.821953770705207, 9.539507307793647, 11.356158223774667, 12.49932912356807, 12.189843741040084],