{"west": 7.0, "south": 46.5, "east": 22.5, "north": 52.5, "cols": 18, "rows": 12, "source": "formation-steer-fallback", "hourIndex": 18, "validAt": "2026-07-21T18:11:47Z", "level": "500hPa", "u": [4.748145572477237, 7.7755487303031, 9.17762510456141, 7.4099691684885975, 8.79346473611336, 10.021540560390518, 12.039435321544893, 9.791931992367141, 7.783235251373905, 10.643071097409564, 9.023871106339453, 11.496251286157637, 11.089930920624637, 12.869498154730959, 11.802613296375103, 13.286742429292616, 14.152189871822948, 14.0996697540127, 4.92343437985968, 5.307027429604694, 5.458901534368321, 7.372958660117158, 7.975533478976809, 8.27689804227151, 10.851451499834422, 12.247315175858478, 9.953239891377736, 11.03409084400169, 9.70824421917176, 9.19372320578253, 9.217682598581765, 12.419489746739513, 13.15302635739684, 13.301885223431956, 11.65562516022982, 12.29769326158792, 3.064485624181578, 4.49449380575708, 4.8452789919733945, 5.561712055582452, 5.5479092034636786, 8.305989788964395, 9.49875058023443, 10.76608761918025, 11.496878189587592, 9.473565679745072, 8.263702874020176, 6.569692809920756, 11.042097221441827, 12.11276167281786, 12.3916269074317, 12.43887277326864, 12.519475891957232, 14.34128608838626, 2.414415349364813, 2.5641821871781993, 3.759897367450797, 4.662715294211983, 5.25331187213984, 5.569792677931761, 6.8341160863156265, 7.412321029717552, 7.621425555753005, 7.938143019300081, 9.407547063565449, 9.078855528372705, 9.70121000510573, 7.634336871968591, 8.637367778270972, 8.686037202423703, 7.308540776709464, 6.191786205418202, 1.2759467214408209, 2.1394837701745346, 2.3582610458322213, 4.993753066419854, 5.059027888842003, 4.97146252639199, 7.114000697550336, 6.613158478577653, 5.747333212255897, 7.0865906988992045, 9.154275071645362, 7.916787403289429, 8.365595193038379, 6.5323486371088455, 6.384760620527222, 5.963913779021664, 5.104334689396207, 7.114488309719015, 1.125670049437843, 0.9147254006860903, 0.6378470275519393, 2.6006545262472662, 3.5029769246911413, 4.561827046292766, 6.5187178114301, 6.494601397263052, 4.702729852713104, 5.141362677633325, 5.284469266330591, 4.608028842766801, 5.029825711847991, 5.3872066325406465, 6.075236123168478, 8.77859859376176, 8.951042527197078, 8.74474473097561, 0.21876102769822983, 1.74221971074442, 1.526366330861684, 2.30929043648959, 2.76591719240996, 3.873529482980919, 7.001237398229179, 5.481288193490064, 4.911168778435002, 4.296783352642897, 4.251098403390222, 4.499738174187258, 5.043017064884375, 6.552380334973592, 8.108688885799323, 8.487916521120644, 9.597255475409218, 10.415082382465144, 0.054526745566646974, 1.4091629239799581, 1.483406460785576, 1.965786601916054, 2.5517714711686006, 3.2771072617860884, 4.095781367881059, 5.7005704858285995, 4.828143501085612, 4.082161324110911, 5.246293096007035, 5.485118121817582, 7.152445605051059, 8.019157883987022, 8.734665992304906, 9.56984761467801, 10.497510115643328, 11.407629808688698, 0.9468228660546261, 1.6286228753756673, 1.8106035473786724, 2.4496922876881153, 2.8025884948862663, 2.7583743997212036, 2.93580495249994, 4.588247745913374, 6.415322743528366, 5.365984630940576, 7.149134298300796, 6.985511899619873, 8.796100516345627, 8.649780245410806, 8.373554230509692, 10.362189513937434, 10.719929829450411, 11.060700006490999, 1.0869174573994835, 1.4326418369182896, 2.2350030831166348, 1.827755782937914, 1.3425688144458625, 1.3029416740330164, 1.049147463788064, 3.019484809348972, 3.487037058129587, 4.336623730244204, 5.5546373432413345, 6.802475730944504, 6.156348891702294, 8.772161121365961, 9.525469963815695, 10.571439200223924, 10.831606173646218, 11.206157613749236, 1.8730402694976098, 1.8236486785049824, 1.8945803526853795, 1.8743927609479278, 0.9318229286982976, 0.749585182539926, 1.189033792293139, 1.3666803621677803, 2.9104257962141267, 3.468511626117781, 6.503651866843587, 6.684106979484505, 5.33697176213397, 8.987576065633698, 9.602950754030145, 11.121086324487498, 11.68819878227639, 13.062346134073344, 2.153230407287225, 2.4534459281911625, 1.9987526886855682, 2.112757024515938, 1.7173167228669752, 0.3032600205809859, 0.07181001912042255, -0.1112256117708921, 3.08297714020495, 3.196400883097687, 4.967221389121865, 5.5888589101447606, 7.479405144727901, 9.102679220117446, 10.14468589568428, 11.765083789472767, 13.50481006696532, 15.809264090577992],