{"west": 11.4, "south": 47.8, "east": 19.6, "north": 51.4, "cols": 12, "rows": 8, "level": "500hPa", "source": "Open-Meteo", "hourIndex": 23, "validAt": "2026-07-17T23:42:12Z", "u": [15.327440116407539, 15.352330674334292, 15.679244421741528, 15.67415208795405, 16.26236851054285, 14.702508075976477, 13.686850218782425, 15.024349391101746, 17.337318311711353, 18.33054107786717, 12.677047149523341, 10.003350615105461, 24.287065968235563, 24.31658257687634, 20.323733481913514, 22.047275113715695, 25.955410677882906, 23.994848543408512, 22.714760950373933, 22.030937152719318, 17.680389250991524, 17.314416200854172, 12.991600863803134, 10.333563231336928, 14.998681580433033, 17.957278195305882, 17.95012160520519, 19.005392968417272, 20.64978268215812, 18.985564769217646, 20.668705695925812, 22.995494280951124, 19.297940449774238, 15.9391167104808, 12.688131356147235, 10.000285174857973, 13.293266536931622, 17.034080527956384, 17.322134485070848, 19.3416585300377, 21.68610244066929, 22.363553885747127, 17.034080527956384, 12.020297636508191, 17.02441029860869, 13.313655542010803, 11.032150550494109, 8.32814653397489, 17.04559876566546, 15.373394355500375, 15.024349391101746, 12.987626476409975, 19.31841511449266, 13.368582082779227, 14.028083615353514, 13.66097830297999, 9.31861848946026, 12.343448302486179, 9.247513524037888, 7.307108984967558, 13.650529687585882, 10.989183148635208, 11.993246610314573, 13.6318100668972, 12.348646867489395, 12.31807507183808, 12.33669628715253, 11.33342348585058, 9.645111770398339, 13.712068893253614, 6.585642755746517, 6.702085903101585, 9.32502431398312, 9.702071041162226, 8.326720723075132, 12.69387667734098, 11.340584920694818, 9.309773090682718, 10.997504693574907, 12.33669628715253, 7.720449020237372, 10.682064179047968, 6.015426292050116, 4.068839557391418, 6.976315752707979, 8.976446454574898, 7.977708729921148, 6.965475454775978, 8.321744517582593, 8.010734985006058, 8.010734985006058, 5.7119703544102745, 5.0, 8.32814653397489, 10.387601292349695, 2.7826311825746153], "v": [4.686068711806094, 9.969920113191746, 2.2035740985343772, 6.653282826775691, 9.771416810099089, 6.240844413370347, 6.9737985098880415, 2.9204376792354485, 0.908610351439992, -0.3199607846835218, 0.6643758889729222, 0.6995024172674829, 9.812611599755705, 3.4174728124638416, 4.319942909213437, 5.4970030722368985, 6.471410707291117, 1.257516726392949, 4.8281714867679595, 3.4893576507584894, 1.8582837914249506, 2.125942990512014, 2.9993473912515385, 2.963101575032739, 4.0188846170085855, 5.49009089979362, 4.8097205881551774, 3.6942741604847686, 4.38924680615269, 3.007018050217777, 4.0175894026505805, 2.0118450617584474, 4.455280604088222, 8.121385606451897, 5.6491200427194475, 6.008777540617302, 7.068155195276468, 4.247073278305281, 3.9991298550020518, 1.3525005187055483, 2.2793012129196657, 3.1429925300148223, 4.247073278305281, 3.905631456683367, 3.9303948106192035, 7.379879774860907, 8.619260654559215, 8.328146533974895, 5.869270340074854, 3.5492277463143203, 2.9204376792354485, 2.760605228080245, 4.10625589365074, 4.603171961630355, 4.558000667030479, 2.655425185656914, 3.3916997546462144, 8.325761007231117, 11.419728155853822, 9.023528108028161, 2.4069566848832857, 3.9997355650029585, 1.685540889405243, 4.429243586040918, 1.297895085573364, 4.72846600094493, 4.984348840172834, 3.6824525163014603, 5.346372756605438, 7.916666666666662, 12.38579262204884, 10.320307266661741, 1.3105467007072875, 4.943452108275068, 3.030678492246897, 2.9306123468686907, 2.6181803269466553, 5.374999999999997, 3.362274604311478, 4.984348840172834, 6.951523521617026, 8.96331611285119, 12.333451635327458, 13.308574520485578, 4.027777777777775, 5.393593173363627, 3.3863364469070407, 3.7036089953109164, 2.7038987007807926, 4.6249999999999964, 4.6249999999999964, 7.310988658462363, 8.660254037844386, 8.328146533974895, 11.949568353527226, 14.315396425278431]}