{"west": 11.4, "south": 47.8, "east": 19.6, "north": 51.4, "cols": 12, "rows": 8, "level": "500hPa", "source": "Open-Meteo", "hourIndex": 17, "validAt": "2026-07-19T16:35:13Z", "u": [23.021556572791773, 25.32704283159665, 21.336786630557352, 21.00426528047074, 21.008886721787235, 21.583163380995988, 20.75185178865445, 21.034441853748625, 17.67162939640263, 14.95677421417571, 16.64682833926517, 14.382517612584321, 20.99895993914479, 20.0, 19.33773478681455, 19.99418080081507, 14.990962462519166, 19.382608681405355, 23.204798430818563, 25.595861934073415, 18.65855375230711, 17.596119627655103, 15.010109078601756, 14.60540325236146, 20.643367910456725, 19.979238111728897, 19.970406052955, 20.32644218482532, 21.345935143513444, 19.67690180247293, 22.68567393312312, 27.27980021920982, 22.764839313939486, 14.004642638500227, 15.38265018861517, 13.96962032236535, 19.66367133807569, 20.643367910456725, 20.97543280982064, 21.310145544347503, 21.008886721787235, 21.345935143513444, 22.39600746206415, 22.613652599750324, 26.978954226244987, 17.690980678379702, 18.92969124000679, 14.926770584821622, 16.687020259373526, 16.65824174741858, 16.333333333333332, 18.322165162016756, 20.686583578020386, 20.725442802889205, 22.996366636455146, 20.372289693398017, 18.96671099326687, 17.399377402900623, 19.965887751182322, 17.04291336590152, 12.693876677340981, 13.660978302979988, 14.005929028716432, 16.656513783651597, 16.99741081765865, 18.344077364156252, 21.34650597807192, 18.350378445274657, 14.3551051119237, 14.403085440922862, 16.226255974789595, 16.349843636245968, 12.987626476409977, 13.657490536434576, 16.01810466238085, 15.988734916664407, 16.664128252606524, 16.652718766426627, 17.32969120297748, 15.014304972559627, 14.355612899135716, 9.361907001453284, 10.380736542296518, 9.959694552733568, 11.981080915020335, 12.032814385963933, 10.99491908290415, 14.318994044075435, 13.328564115971542, 13.024190625930851, 12.337316475273242, 11.101417749906227, 13.336819567379601, 9.413080541757573, 3.9997355650029616, 6.652665344491405], "v": [-2.826691715091617, -1.771039361170287, -1.4920134661937867, 1.4687613082790911, 5.629314230979826, 11.47597153476622, 14.53060305422651, 15.282416559604306, 9.004144911501017, 5.443820614600226, 7.411645496047915, 5.2348083047900955, -1.1005088576641242, 6.123233995736766e-15, 2.7177413881923984, 7.675046919428508, 2.643311148929941, 12.587213253680625, 17.486069839362294, 14.77777777777777, 10.342605231921855, 12.784329237361295, 7.981016567360145, 7.123531135322515, -1.806060669159797, 1.7479568406613708, 2.806657536027996, 4.69272893922897, 6.935714762637716, 7.949984371382142, 6.935706550922712, 15.749999999999991, 16.53962390478543, 14.004642638500234, 9.61214665400786, 7.7434869900456595, 0.3432306599332445, 1.8060606691598096, 1.835112583409029, 3.757553622292745, 5.629314230979826, 6.935714762637716, 8.151480082595103, 7.786505027433665, 14.344964418457776, 10.629813601615847, 12.768237962582049, 10.451837284619069, -2.9423718993563113, -1.7508517597332003, 5.000641096518359e-15, 0.6398241062125161, 3.276432962231509, 7.543444272238359, 8.369992951942058, 8.230939316444076, 5.798705477000955, 8.865425592136154, 15.04537557880121, 11.933576411859274, -2.9306123468686827, -2.655425185656918, -1.7197118458281933, -0.5816582783750193, 0.29669090943382154, 5.260079540174397, 5.322281703192695, 8.950077580277007, 7.314291384692702, 11.252923632341195, 14.105269123295908, 12.320490890640546, -2.760605228080237, -4.7026511199367125, -4.897226054105825, -1.1180412597322273, 0.2908734406213937, 2.044696761575249, 2.435529266801154, 8.322565147562116, 11.62494611244838, 14.982183032096863, 13.286736873313336, 13.708343515797722, -4.360756827402268, -4.618964683028314, -4.66706625695521, -3.0435961405821863, -0.9320239964145602, 4.2318160618569225, 4.008637121475017, 11.90481303191205, 13.336819567379607, 13.955465804676534, 10.989183148635206, 12.001725981301707]}