{"west": 11.4, "south": 47.8, "east": 19.6, "north": 51.4, "cols": 12, "rows": 8, "level": "500hPa", "source": "Open-Meteo", "hourIndex": 4, "validAt": "2026-07-18T03:47:40Z", "u": [18.99236591424806, 18.647727463208746, 18.723474109193884, 16.02102826563865, 15.035235885418832, 17.044980038144395, 13.720796741840607, 14.358340192205082, 15.004428918717874, 14.642616806911452, 14.334134822542337, 11.663157254067382, 15.656213566577797, 18.003684361716203, 21.354943919876405, 19.62913474530564, 19.315903871710336, 17.311981747653665, 16.26236851054285, 21.6629539822785, 20.409105434813828, 15.031976604776176, 15.978709152786976, 13.661085466058147, 11.993246610314573, 12.682534159861335, 17.666666666666668, 20.680962813256365, 23.670739961123818, 21.277780820177533, 20.59492993889116, 22.716004436886287, 22.00182933073057, 19.3345773812205, 18.985564769217646, 18.014520790492398, 12.693876677340981, 10.333333333333334, 12.299141722524599, 14.655537921789408, 18.651275014010512, 19.005392968417272, 21.354943919876405, 24.031542398457972, 20.332447638640254, 15.326783707460972, 18.9697099773992, 17.32969120297748, 13.647050453109083, 13.664585167137348, 14.326128166231365, 12.627917077474537, 14.669645913380014, 11.661395765724905, 13.66097830297999, 14.676706305003343, 17.330559777651825, 14.95677421417571, 17.034080527956384, 16.018269952627048, 11.333067897820195, 12.299141722524599, 10.003350615105461, 12.64613825077577, 11.993933283133845, 13.69406641027328, 9.686089535843157, 10.969732238731405, 10.662614327518053, 12.320254285828074, 12.350340432499873, 12.928940118923522, 12.680154165945485, 11.000719847357985, 11.331568564571759, 12.987626476409975, 9.686089535843157, 9.99728538225008, 10.012511657662865, 12.370534697424395, 11.981080915020332, 10.681420929539273, 9.625036520395648, 8.680110921377414, 12.67704714952334, 12.658950475575212, 10.66016882153702, 11.66864892014015, 11.00082191051439, 9.9852030264775, 10.023275070926573, 9.665300995015237, 9.022289467441974, 8.976446454574898, 8.703116034323942, 5.709979971790194], "v": [4.036951996711489, 6.420927490682813, 7.187268321436295, 4.593955930283317, 4.596732913140813, 6.2038653775461565, 9.607405308880029, 7.958957932377365, 6.996680111040466, 3.3805144555564217, 1.2540742984246398, 1.6391498557518875, 1.0947891018175284, 2.2105744789878106, 4.930177274369717, 7.144420771691745, 7.030414057249855, 2.7419485400107186, 9.771416810099089, 7.038720427429365, 7.834321563670864, 4.884185272204035, 3.1059464247404227, 0.9552761543292769, -1.6855408894052355, -1.5572193879546632, 5.4088566962341436e-15, 3.646611731005539, 7.691089637776476, 6.505270430080902, 7.495941474554239, 9.177861538689854, 1.538517782023217, 1.0132822639258792, 3.007018050217777, 1.5760663480201555, -2.9306123468686827, 3.1636708977973294e-15, -3.760224980184074, 5.046306394085929, 6.060166611908697, 3.6942741604847686, 4.930177274369717, 6.890933895424975, 2.137026360138693, 4.394884506637705, 5.082918469096727, 2.435529266801154, -1.4343628015061374, -0.23851622130953448, -1.0017804701586854, 4.103058980867361, 5.339314459695161, 4.015340571638267, 2.655425185656914, 3.9326116019744126, 4.3209938575162905, 5.443820614600226, 4.247073278305281, 4.292082497950135, -1.5927588220985254, -3.760224980184074, 0.6995024172674829, 1.106393734324441, 2.990423431718117, 2.9107636714486267, 2.5953798689447223, 2.735061430807357, 4.307975824282993, 7.698549310943507, 6.292812760278721, 7.768490963226655, -1.3327379066625853, -1.3507185560737187, -1.3913416705421013, 2.760605228080245, 2.5953798689447223, 3.638714302603641, 3.253262246336255, 4.259516687481135, 4.360756827402275, 0.934503241683226, 6.739523127124795, 9.640239819387306, -0.6643758889729258, 0.4420602915650111, 0.37226129816000936, 3.345931235889682, 2.9476613470009307, 1.403328768013998, 4.254627843549872, 3.3280300233398243, 5.63775217225882, 5.393593173363627, 7.302781454494297, 10.301076550752882]}