{"west": 7.0, "south": 46.5, "east": 22.5, "north": 52.5, "cols": 18, "rows": 12, "source": "formation-steer-fallback", "hourIndex": 16, "validAt": "2026-07-21T16:21:48Z", "level": "500hPa", "u": [6.896058575803362, 8.351024587154637, 9.255025827303083, 8.169916690449728, 12.01409672767435, 12.681801160986893, 9.440737920403688, 8.866494468547804, 3.690393849640082, 4.749450016896366, 5.180731623795711, 8.551459935197121, 12.433931607947924, 14.2914982307099, 13.792915604901337, 13.176885166416234, 13.12194846013532, 12.129109740694801, 5.902067338808648, 9.0306885949328, 9.079646606016293, 10.910157890491861, 11.321755841910864, 10.680661597051921, 12.726635591941852, 13.207332271540869, 10.412701847952421, 11.798043054532554, 10.079182892737721, 11.758786242437676, 10.665919175496148, 10.626581807149353, 11.238024757877275, 13.090021578237181, 13.588419855355863, 15.89660756189896, 3.0071928309158817, 6.157861704291156, 6.3950722515389495, 8.504419915111598, 9.904267130826153, 11.039574652402246, 12.922431104535248, 12.682680475286165, 11.801862215542437, 11.241020796250591, 9.047173722304779, 10.263065140250845, 12.32963532200763, 12.50317036518939, 13.359004078378057, 14.971882477347727, 15.357695940730679, 15.684626665526979, 4.017518029641293, 4.542355857659834, 4.557780636980244, 6.077657949120393, 7.61924597327601, 8.262001797813122, 8.99196318930319, 10.55331873537045, 12.88231211211422, 10.7799499335769, 8.365850680812652, 8.290206986475193, 9.906900226520156, 10.280352637746367, 10.783984439975848, 11.316640309989362, 10.504536308732625, 7.717096857835099, 1.8839043493597643, 3.5192512719398015, 5.100492970578259, 4.524469922605278, 5.590901563645536, 4.718302270685904, 7.093527251891234, 7.878865861814057, 10.32409394403497, 11.25547100196958, 9.948162721101852, 9.461649278042339, 9.555995803159258, 8.377124144676891, 8.045010577512443, 6.399680166055551, 5.446459097039666, 7.749102659146704, 0.7171590874592477, 1.0647649913714174, 2.622405159843517, 4.220220020495537, 4.725197167570846, 5.134233833959517, 3.4332385676508386, 4.1966348462203396, 5.705274844176182, 5.535291032834794, 6.253523730552885, 6.839230017001385, 7.386751560114139, 6.01232377107374, 7.066064776336093, 10.307404183063941, 10.714274139776276, 10.619511125593387, 0.12878755047156185, 0.41202915087271347, 0.9322567902010532, 3.7537432612673545, 3.8313739560405358, 4.7043798814995315, 4.46753695930839, 5.007277548560606, 3.747393666069146, 3.9356870220965017, 5.2596293020040354, 5.2467585219784585, 5.818153660093334, 7.228263933119988, 8.89246287530432, 10.245444406911151, 11.09360558119536, 12.320609746023896, -0.4915508085683578, 0.7377146027048951, 0.4401014885678541, 2.7165787803470582, 3.5346011046977837, 4.202123330761938, 6.0830214527537585, 5.899378759939919, 3.552137691499882, 4.628911793077962, 4.618437808169931, 5.148631619883897, 7.667704661353617, 8.815050730472697, 10.114640645151587, 12.640127282787102, 13.436168522206337, 14.438638144103479, -0.825901648626349, 1.4626706318955753, 0.8421276274788704, 1.7873280317995879, 3.381269656648051, 3.9979346550548347, 5.079827450929478, 6.097158790773744, 4.053650180512317, 4.77056088721823, 5.738099060402038, 6.976745792595741, 9.862551947589935, 10.219767550164528, 10.197093270301131, 11.202375792907114, 11.988223676104926, 12.641488887306897, 1.0868883091129298, 0.9326874970426476, 0.9382378183635902, 1.961690828393581, 2.107631110683971, 1.330410998286408, 1.3020634256016062, 4.09226786652695, 5.775909741210269, 5.796825522805333, 7.435901247250275, 9.388067959196341, 9.327913264868734, 9.739946415874996, 10.87921892508149, 10.731544282745912, 10.813135195440578, 11.110780271246568, 1.0281333230047691, 1.4111022082711295, 2.2388412297489833, 1.3815954875128482, 1.2023527502739706, 0.7790713219451819, 1.6564947830586194, 1.9314883239093563, 4.200453860160174, 5.7401927284649155, 7.994230047197922, 7.760533110914342, 8.40627727975716, 10.252929844277453, 10.580350321870363, 10.764553355257465, 10.983819183291097, 11.033670451531455, 1.870413274168959, 2.5794326782216244, 2.1025799582829556, 2.639877989603865, 1.8893097797370673, -0.1772873620587396, 0.2524193700718207, 0.056199145398591555, 3.2355986395119034, 4.560682074183536, 5.291870728642469, 6.3911266387914845, 8.043542773062285, 9.441839714343704, 10.838013409584184, 12.025037757457257, 13.041067573383646, 12.654480509153052],