{"west": 7.0, "south": 46.5, "east": 22.5, "north": 52.5, "cols": 18, "rows": 12, "source": "formation-steer-fallback", "hourIndex": 21, "validAt": "2026-07-21T20:57:09Z", "level": "500hPa", "u": [4.507222628848252, 5.9248871496795115, 8.803502630241475, 7.094610033895369, 8.281165022142678, 7.997792485697581, 9.233871375489512, 7.918313798711369, 10.020833892383017, 10.788673774502438, 10.982025288699928, 9.873908446510475, 8.359492506302008, 9.102815767980434, 9.695969198833902, 11.450174152570302, 11.109894693695614, 11.997778544325314, 2.786637666040076, 3.272809375937671, 4.099413541758805, 5.704977696659667, 6.721547590700918, 6.142338124219739, 7.284411942855792, 7.697510860594938, 7.8859154143412615, 7.784848169240212, 8.26303699832799, 8.290292609210594, 10.013104406827603, 11.522468419783067, 10.86314203965526, 11.969516191475133, 12.905535899275371, 13.60302764884082, 2.3508624480051896, 2.6313546149299674, 2.9499237361838935, 3.5192512719398015, 3.6281849283683782, 5.847337028271284, 7.1316631591742246, 7.58176474300586, 8.090829129325392, 7.086615805077565, 8.727529258389968, 6.258581538768952, 10.007068904855577, 11.108475859792511, 11.562828836910791, 10.365734034495501, 10.902238217777981, 11.49971975311204, 1.7371568954072947, 3.4252083956646415, 2.0382461780991026, 2.921927357923115, 3.8318784698093915, 6.602113563006755, 8.011249518337682, 7.430282200604757, 8.582893086272433, 7.7987309788442, 5.580627610540482, 6.391537453062752, 8.667996742023707, 6.910771592020576, 6.187677758572607, 7.665253792932605, 7.547494980804555, 6.739251200824954, 1.588375188277353, 2.2401500042593634, 2.488822210999403, 3.297217231776609, 4.543770821270931, 6.023756693479509, 7.5771397838658565, 8.007289941801904, 7.353944843042851, 6.916195945472574, 4.923781881710608, 6.2895419104840755, 7.129126041494502, 6.21949682098623, 5.135838955397345, 6.032571687655433, 5.42367490595186, 6.53344635376372, 0.4390759226010685, 1.781433659217767, 2.5313701648030213, 2.6448964806995594, 3.952903842198086, 4.725380159567175, 6.15652208464297, 6.23865590838763, 6.003745155823375, 4.77163567678823, 3.4695886423508124, 3.2597225149724185, 4.370158039109523, 4.552757464284871, 5.441055606055067, 7.474165725207454, 7.059716335844989, 8.015210215445412, 0.7365489184957532, 1.2933064413990987, 2.0053495389087717, 2.035825975670303, 3.504443973501007, 3.2235562039370986, 3.6271195163225376, 3.787997560597734, 5.9103135961565245, 5.137778256701924, 4.207846089161112, 3.292119746101099, 4.367777134655339, 6.283125919186568, 7.075873179928399, 7.675050657333462, 8.889114235010878, 9.249780903978701, 1.617088744324858, 2.1088940122117337, 2.4144746499574863, 3.1625425253692, 2.0117817193096363, 1.7938262921607098, 2.429911241999831, 0.5586526074176178, 4.207581993188831, 4.533417802906373, 4.6630541640329115, 4.657358360756929, 5.747333212255897, 6.9768763656319415, 8.070796983125597, 8.111871897298265, 8.606021424978683, 10.54986849309387, 2.0773237425678457, 2.8594603401634338, 2.1469710165683664, 2.132313752270735, 1.7976880747477058, 1.7659118813012669, 0.5115839722747756, 1.646985835880577, 4.814718978052333, 5.303134791785421, 6.6363343032324815, 5.672372396508323, 6.584373150074368, 6.797971286833542, 7.016548633200331, 8.634372965386998, 9.374093573949889, 10.132421671237806, 3.2995443271390217, 1.6909955087759496, 2.368187794090157, 3.157348824914352, 2.360321532168806, 1.5901145150751932, 0.5456552113081737, 0.5596205053050032, 2.3672469767328272, 3.4651309543396196, 5.791935056703912, 5.974024092269302, 4.6514007311424646, 6.950171658411832, 8.323978735006717, 9.312890584555396, 10.622475380911398, 11.733392456214183, 4.54110119608972, 2.5653051650387835, 2.2089732742793418, 2.018445312810703, 1.9987526886855682, 1.8568933706226305, 1.0785304911324993, 0.5937192457716165, 2.1636245515920702, 3.2675207138530307, 3.15557582641383, 3.7467435780158125, 5.503237979302944, 7.821778159300048, 8.836288674444017, 11.10627237167418, 11.61403920736836, 13.527131771597338, 4.469341785604098, 4.693208921831913, 4.2557981638413285, 4.093986160423607, 3.5438395641833793, 2.4337208706118068, 2.567438291574917, 1.994493620601017, 2.744919761670626, 3.695334529640897, 4.472031269638545, 5.629902187418157, 5.751146449670329, 6.152142562357155, 8.826651225607135, 10.104621697861411, 10.70443564136852, 11.667638595989564],