{"west": 11.4, "south": 47.8, "east": 19.6, "north": 51.4, "cols": 12, "rows": 8, "source": "formation-steer-fallback", "hourIndex": 19, "validAt": "2026-07-17T18:55:20Z", "level": "500hPa", "u": [18.824048106899316, 16.916257244984884, 16.52454482925832, 15.04397716621365, 14.083849970020662, 13.5416439627083, 11.715737460952273, 9.154608737375982, 7.8678368691540586, 7.642124505549194, 6.612240563466959, 7.7900588223798675, 16.77930696758782, 18.31834014869667, 16.00691175308806, 16.629647828689453, 15.924427387253823, 15.990047457569622, 12.129084659207233, 9.271437143353134, 7.395144109240977, 7.600104309361027, 4.886917254739954, 6.745699209346398, 18.008930667298873, 14.079533227033368, 12.304495796718381, 14.564632221147782, 12.574131922187213, 12.706542182873491, 11.541708328379283, 12.64415694533977, 7.050479342763319, 5.715524583789338, 6.01731437732166, 5.882897360264387, 13.668703119684222, 9.538821535294515, 12.810924050582521, 10.326987543674354, 11.253732353808385, 12.190327573588108, 13.216077389455151, 10.838631558537186, 7.641297583798984, 6.317800385563331, 5.978756993718058, 7.242215251628419, 7.191956231318491, 8.30910688538366, 9.692750793241144, 9.147967536156072, 9.686176337490117, 9.535007317876907, 10.928533299059861, 10.211179261574884, 7.913980228341121, 5.4293597063434875, 6.0287000405044795, 5.765577513439901, 9.67987037194885, 7.535991482412415, 9.592639178863056, 10.648697794108728, 9.314015866159831, 8.12796924565507, 11.92749951644304, 8.070001351987466, 9.828516760740802, 4.787708104684711, 3.2691816311084825, 4.1653252891854935, 8.358379732924083, 6.7894249125394825, 8.520056245383365, 12.063387625769552, 8.37596607652381, 6.189328522291325, 5.867503250674064, 5.839422171461476, 7.309333089230029, 4.468444599973166, 4.3561094005325005, 3.19852721619244, 7.784931075632327, 6.448774223106888, 9.623547961675186, 9.141863536362637, 8.524164333907754, 6.467790909528004, 4.392093211470389, 5.897986883350229, 2.965001808282653, 1.3171004066177339, 3.3365251587095006, 3.952904388359037], "v": [1.812549675438015, 2.1970382182855923, 0.8660146981644922, 0.23632967838743815, 1.3809335633971855, 0.9706771088222265, -0.4295965905445006, 1.6142045182288405, 5.800669616551181, 4.201293499562041, 4.647160502277552, 2.0291583338570645, 3.566551796236315, 1.7315929650606667, 1.400423316455079, 0.6679156526634213, 2.5791944375564757, 1.8783988672992655, 1.3390634128415593, 2.994592602591177, 8.3001277930726, 5.184439650225657, 5.907268194614383, 3.1455712009283445, 1.1961518551361123, 2.7367840211855263, 2.324958617106061, 2.176698869732306, 0.548998455978715, 1.0000265576311576, 8.021696256897844, 5.3671261954984955, 8.80043677386097, 8.97157650483457, 7.98524588448675, 4.073511256549597, 0.3101862662367493, 5.708866918713324, 2.397499269652451, 1.9513045536425868, 2.6602695997613304, 3.6109395353051505, 8.387177749185126, 6.207342821556672, 8.636915763487618, 10.514585555279243, 7.652459985025275, 4.130886648055198, 1.5024779364487086, 1.2418043443375197, 1.8665296018460538, 3.6219365711364686, 1.9003522445828112, 4.858328889573899, 7.042959106189899, 7.8920961908426985, 6.3176474161224085, 9.0359719615681, 7.033805027671742, 5.433205395969103, -1.3604170618846387, -1.0055159448159552, 2.0389784012002767, 1.345243373590199, 5.334187181695759, 3.071303642615323, 6.748254538251262, 8.504007035714888, 6.213330373738369, 7.968084366110052, 7.739236830926455, 7.185563187509489, -0.8490132523050578, -0.7975741222262746, 2.140090207703599, 2.0403692914196436, 4.914150109354411, 8.095305653983836, 8.01692654550641, 9.795721824580118, 8.290810961276662, 10.526995782399158, 10.262350637031581, 7.837751686690162, -0.8044943677724105, -2.1702523003489502, -1.3011547339509695, 4.204787430123335, 5.347198206400708, 8.645674552438129, 8.73270532090461, 9.082103358708986, 9.882865714174782, 12.966611905068538, 10.268768552331279, 9.496242872137135]}