{"west": 11.4, "south": 47.8, "east": 19.6, "north": 51.4, "cols": 12, "rows": 8, "level": "500hPa", "source": "Open-Meteo", "hourIndex": 17, "validAt": "2026-07-18T17:09:40Z", "u": [18.665381796143752, 13.328564115971542, 18.67818390726805, 15.976410811985492, 14.330771738214493, 15.378144247578907, 14.361587946091943, 17.616493236768957, 16.987933739460587, 14.348916725868248, 14.666666666666666, 15.662394419997998, 18.0, 17.316202990464657, 19.305334607804056, 20.02442431124823, 14.669645913380014, 17.95012160520519, 14.020102598854216, 17.655904610670692, 19.298103889267036, 13.997867732189478, 16.33084568755439, 15.687743341219786, 11.697454033438401, 15.653585307144246, 8.328256891825799, 9.99298154366426, 13.979093208239016, 14.315396425278433, 14.635703056319862, 15.332212553594212, 13.331302602085216, 12.998020037033085, 12.69387667734098, 11.966563094881721, 12.998020037033085, 13.306356810795604, 13.004563151169313, 14.019687279003204, 14.001290194151645, 13.316390885398215, 12.323335966561762, 12.323335966561762, 11.662417281785533, 11.993246610314573, 10.6539837966497, 10.006739385734504, 11.659559648556117, 13.013382877075111, 11.653558410644463, 12.69387667734098, 12.69387667734098, 12.664360833567784, 11.997665575471448, 12.680154165945485, 11.012664591599052, 11.333067897820193, 11.004160508255314, 9.99728538225008, 14.666666666666666, 13.993606816144755, 11.345550728267103, 11.677615627631019, 12.335528075920772, 13.638045485990395, 13.99294484383083, 13.671200837904456, 10.678111308010712, 11.004160508255314, 10.014358999181582, 9.99298154366426, 16.982752300788615, 16.35172919429728, 14.991558262893216, 14.019687279003204, 13.36197393033211, 12.993991185577745, 13.004563151169313, 13.315543154652993, 12.32582019990218, 12.64613825077577, 11.962367771676856, 10.994919082904147, 12.32487463662067, 13.650529687585882, 14.661468906646025, 14.331379550398836, 14.002069923178423, 13.322260436581814, 13.661085466058147, 14.99117086640458, 14.674306219032488, 13.341209464695902, 12.370534697424395, 13.341209464695902], "v": [2.291820707924576, -0.9320239964145602, 3.6306711620259207, 3.3958909500233974, 6.989584396025852, 5.903116502232303, 8.29166666666666, 7.117525274902336, 2.99543106475455, 2.272645144890025, 4.4903715968736284e-15, 1.3702819554215178, 5.5109105961630896e-15, 3.053313790643527, 3.7525769090720456, 3.5308462792275854, 5.339314459695161, 4.8097205881551774, 3.236795726392285, 0.6165577750775155, 4.811557701371172, -0.24433369012196213, 0.28505597180896575, 1.9262126777091335, 2.9165028525071075, 5.389961668235151, -0.29082913918750963, 4.037426617927055, 3.745686736067036, 2.7826311825746104, 4.755428191214473, 1.6114804753763243, 0.2326987524971149, 0.22688128368468702, 2.9306123468686907, 5.079504670360561, 0.22688128368468702, 2.1075198762364478, 2.059720456363044, 2.220500323209948, 1.9677530107964876, 3.074331076032827, 1.731931923058598, 1.731931923058598, 1.4319647850104804, 1.685540889405243, 3.0549806936384054, 5.320677711573429, 0.4071607948625102, 1.5978425024230423, 2.054836769058677, 2.9306123468686907, 2.9306123468686907, 3.3934052580108274, 2.332109943491102, 1.3327379066625817, 0.5771492952346831, 1.5927588220985325, 2.339006521699789, 3.638714302603641, 4.4903715968736284e-15, 0.9785283122439855, 0.9926070701816648, 1.0216589844308843, 2.621997434201739, 3.4003466437064436, 2.9742922436429415, 1.9213619771431325, 2.269702624760536, 2.339006521699789, 2.3119969474230606, 4.037426617927055, 2.689803718330641, 2.589859476777161, 2.106926111756554, 2.220500323209948, 3.5803301239182033, 2.2911912331053323, 2.059720456363044, 1.399519980416916, 0.4304271259975108, 1.106393734324441, 3.430153761278209, 4.667066256955216, 2.3957129419499505, 2.4069566848832857, 2.0605350781031984, 2.014144044449843, 1.2250223841754204, 2.349073958994309, 0.9552761543292769, 1.0482847859881113, 0.7690478014588092, 4.334821726648572, 4.259516687481135, 4.334821726648572]}