{"west": 11.4, "south": 47.8, "east": 19.6, "north": 51.4, "cols": 12, "rows": 8, "source": "formation-steer-fallback", "hourIndex": 12, "validAt": "2026-07-20T12:06:45Z", "level": "500hPa", "u": [13.785646858205713, 15.01459130809927, 15.325038456018449, 16.972306198381087, 16.654321440827395, 16.208782801077955, 16.95668737489789, 16.73580411456952, 16.684048157726064, 16.44715445476022, 16.866255637897655, 17.40842292874134, 14.809406855611812, 14.840388878322297, 15.082847976673992, 14.80575525698971, 16.841106122818847, 17.511847130130498, 17.560774984203476, 17.73341735049885, 15.916580370625978, 15.164367757199471, 16.091148476662287, 16.38522005446347, 14.951054160886992, 15.451584896696264, 15.123291808181744, 16.29475508052268, 15.855817278284936, 17.010092049369486, 17.627852406204653, 17.31434994227959, 16.33162198577982, 17.11645268732654, 15.83463782054965, 15.250024204080425, 14.571122938917503, 15.00819223883963, 16.32034317510969, 16.66099549944784, 17.136340883488277, 17.814094131863556, 17.814094131863556, 18.583865909062595, 18.74367996534566, 19.429252827887357, 18.09880902550443, 17.04799712658866, 13.145199729821153, 14.125357014344246, 14.50975432860583, 15.713006611965, 16.885202377214306, 16.92145961019417, 18.12329983094617, 18.54072333438311, 19.009403861226012, 18.493551548275377, 18.971022021037477, 19.468873671621886, 10.766803679625436, 11.923566779227743, 13.303885090957783, 14.342633475983789, 15.704511189047366, 15.477334598859718, 17.155128662331478, 18.23958324389133, 19.195687069648326, 18.9037379533187, 18.040904842402746, 17.600091471112215, 9.959145647839291, 11.494231761847427, 12.636601558870908, 13.845110606969632, 14.231471407074109, 15.119227082716659, 15.754709996018706, 14.709606937765408, 15.837811371666934, 15.506465282225765, 16.064557076447688, 17.752098976694374, 8.344060491375762, 9.771420193072167, 13.070827503833977, 13.373257033587652, 14.05969569416751, 15.191957831424485, 13.64513461184433, 13.621806128123024, 15.26034291089482, 15.635401237251944, 14.624313738621908, 15.447071209875366], "v": [-3.335098970838399, -3.4112314508464094, -3.7641904791775467, -3.4222172293974804, -3.5399853024095997, -1.9327803326476445, 0.4440264856722981, 0.32134385527924936, 0.8743739133977401, 0.37323814745777073, 0.1177505903589527, 0.2126945909303095, -3.719865888299348, -3.7276480345091794, -3.3990665928552586, -2.8511390681920292, -3.7335833404322725, -3.1508786225474736, -0.5518695865810037, 0.9914519525730283, 1.9543103318831012, 0.5295513909372559, 0.5337983720552765, 1.0595846502312076, -4.062111510748398, -4.16915757373505, -4.393722432470584, -3.226448389709534, -4.0121385779288605, -3.708799849940042, -3.044858818414581, -1.8198115098056074, -0.8844890301509898, 1.1368735331116677, 1.8321301058425414, 3.074944263314713, -4.233302546498027, -4.445629076129455, -4.129681700329121, -4.215879990089309, -4.0192924679338065, -2.6941284377108317, -2.6941284377108317, -2.248894880296352, -1.6398595097257307, 0.9842434884090606, 2.5114172884231993, 3.5304704823526167, -4.0942737871292945, -3.287073544799499, -4.547081380027275, -4.180907790919482, -4.241269684358044, -3.813415619670259, -3.3589550816754024, -3.2025390072253366, -1.529460319388277, -0.2905199231132179, 2.4975824308550725, 4.566383094240588, -5.251321029244157, -5.867122221543635, -6.749446128774803, -6.657628798873451, -4.681718120849001, -3.945123119877142, -1.4707133279638143, -0.1591744315279801, -0.3350619641424576, 0.5280292123057114, 2.2151445793655067, 3.99864267578469, -7.051468177546495, -7.579049411753556, -8.684895632847432, -6.515014521072786, -4.0271004871320475, -3.7976873503976605, -1.3506550971096256, -2.067300437177637, -1.8044906727975902, -0.7583926760768961, 2.0579172234727037, 3.258119850737539, -8.947909385504545, -9.240372732110037, -9.778228268546776, -7.566224785312021, -4.487021257492028, -3.9006317996565354, -2.6276387598803654, -2.401891946367998, -1.7926782840693372, -0.7373468048578805, 1.4339264992386127, 3.227061306981139]}