{"west": 7.0, "south": 46.5, "east": 22.5, "north": 52.5, "cols": 28, "rows": 18, "source": "Open-Meteo/icon_seamless+formation", "hourIndex": 6, "validAt": "2026-07-22T06:22:14Z", "level": "500hPa", "u": [8.312371026135525, 8.99174750423314, 9.32988114065583, 9.294169577365523, 10.077795639770851, 10.387601292349702, 9.746059958267907, 9.311415774880317, 8.589824322758982, 8.411647318565418, 8.291666666666663, 8.411647318565418, 9.936092143450209, 11.375220308100602, 10.641705982588258, 10.743263624317233, 11.333350354017714, 11.405550597549222, 11.666999370667641, 12.31736519189251, 9.318898107846481, 8.98794046299167, 7.627686149420177, 9.668962871635989, 11.00082191051439, 11.641308396227439, 10.990289927543968, 10.023275070926573, 7.407259966234357, 7.729314747374981, 8.048154237594053, 9.294169577365523, 9.731090202198994, 9.06569423010403, 9.24129035548722, 7.906366329628067, 8.380589042240281, 7.319444444444441, 7.625424831307196, 7.761106248964135, 8.380589042240281, 9.311415774880317, 10.030250385867486, 9.959694552733575, 8.743034919681158, 10.341599982106198, 10.000285174857979, 10.3703259343035, 9.30606814152295, 8.365561254879673, 7.701512421199679, 8.666666666666666, 10.678111308010712, 11.659356100603082, 12.972978681405458, 13.66097830297999, 7.407259966234357, 7.699130272587223, 8.364752619628971, 8.677632730768277, 9.404843621800355, 8.0959887591184, 7.934068983936033, 8.003168042304146, 7.7684909632266566, 8.331508432110937, 8.055555555555552, 8.0959887591184, 6.431532079643572, 7.276809223181308, 6.944444444444442, 9.35463408342042, 5.294467667918206, 5.663883519448541, 8.293520060793641, 7.969558355240399, 8.621822310923662, 6.977732902338267, 7.309732258765236, 7.659615856761619, 10.014358999181582, 10.994919082904147, 12.375676363082807, 12.317365191892511, 7.699130272587223, 8.662058069535203, 8.68011092137742, 8.677632730768277, 8.950334450486585, 7.379879774860919, 7.396519020236061, 8.592581163893145, 7.239146275124656, 8.0959887591184, 7.743486990045673, 6.7720249544482325, 6.344204652141933, 7.420258867365887, 5.7099799717902, 7.302781454494291, 6.03641597141655, 4.632625260131672, 3.9743944817490333, 4.6150162010321445, 6.033668038358161, 5.948541251656235, 5.33208479110755, 5.664423668979064, 6.990406743282017, 9.665300995015237, 11.00082191051439, 10.997019908636323, 7.9726827870867165, 8.312371026135525, 8.99174750423314, 9.011262750120887, 8.67455827220782, 7.950406714976996, 7.352626972702866, 7.657836150307735, 6.944444444444442, 7.379879774860919, 6.37220740818755, 5.2653037852347575, 5.379766911000731, 5.773400683659288, 4.588930769344917, 3.32485819855918, 2.9656355312093003, 5.061484116962965, 2.962725457060953, 3.291666666666665, 4.296290581946573, 4.296290581946573, 4.006938426723766, 3.9847791776201995, 3.9889935413568742, 6.008437405287087, 8.659870845665264, 10.007143786813685, 7.604288058518875, 7.289544766561194, 8.328146533974888, 8.364132579485736, 8.0705555438421, 8.000410378425332, 7.396519020236061, 6.944444444444442, 6.292812760278711, 6.937746427835944, 6.067186134041782, 5.106743281020537, 4.603171961630344, 4.288118335933467, 3.905631456683368, 1.6933815479774315, 4.624999999999997, 4.055712667400336, 1.3305704257981692, 2.6805555555555545, 3.3551574208244848, 3.712314157494269, 3.3084791092188026, 3.3244577240103754, 3.320502624871652, 4.0, 5.981549564376027, 7.646912791455123, 6.903670414593691, 7.5931581956831184, 8.355196511354055, 8.68011092137742, 8.024200308693988, 7.609817628126628, 7.0102404640535205, 6.585642755746525, 6.431532079643572, 5.9428742849408716, 5.234808304790096, 4.231816061856923, 4.0688395573914145, 3.326426064495423, 3.071064063584663, 2.984374749190596, 2.9583278321848954, 3.364546199965552, 2.309482341514161, 1.304738420694224, 3.712314157494269, 3.6597654366580796, 2.6613610034353656, 3.3221166240609135, 3.6543601919452002, 4.322777551125905, 5.321150201854866, 6.666896299017179, 7.265301527113246, 7.589556125306397, 8.695479090796853, 8.683229630737472, 8.677632730768277, 7.657836150307735, 7.396519020236061, 6.937746427835944, 6.091039204838912, 5.773400683659288, 4.334821726648573, 4.702651119936697, 3.6368817781409706, 3.245785432628867, 3.3071322429766545, 2.4084550030373464, 4.2871455932757305, 5.366704445897229, 4.005851693744869, 3.326332672245706, 3.3690364066431857, 3.009075115760246, 3.9614992171038432, 3.983986112556172, 4.330775867362019, 4.990616769160187, 5.994756980414314, 6.990406743282017, 7.5931581956831184, 8.037802594529428, 8.998589473046854, 9.32988114065583, 8.67455827220782, 7.282006181178976, 7.695483854376532, 7.016272559676166, 6.292812760278711, 4.984348840172824, 3.7211043035294984, 4.721778089801593, 4.360756827402276, 3.3459312358896933, 3.4301537612782202, 1.9390713172807241, 4.055712667400336, 6.386997795053563, 6.341145668040426, 5.656854249492377, 5.008673033404708, 4.33727913610391, 4.006938426723766, 4.989468891472772, 4.659280933030136, 5.673111453595901, 7.007727392945822, 8.329294559044872, 8.373424309656231, 8.02716339197064, 8.364132579485736, 9.320644254187478, 8.68011092137742, 7.011700135653331, 7.282006181178976, 6.722222222222219, 6.652665344491412, 6.091039204838912, 4.603171961630344, 3.670889181518801, 4.728466000944942, 3.254052117284026, 2.916502852507098, 3.26481736940389, 4.037426617927047, 4.326854555952715, 6.033668038358161, 6.627328060202501, 6.359772483558616, 5.688306568149108, 5.33208479110755, 5.344898210296307, 5.664423668979064, 6.315686077854244, 7.334841321022187, 8.343831059305144, 9.642699035328102, 8.364132579485736, 7.699130272587223, 8.364132579485736, 8.68011092137742, 7.606320047957379, 7.599350419140046, 6.668150741601155, 6.28905812930666, 6.2335390836571065, 4.618964683028322, 3.7602249801840815, 4.008637121475018, 3.9158614133319034, 3.579446851509812, 3.905631456683368, 4.037426617927047, 4.26246635866574, 4.668274884746012, 4.997583627731002, 5.008673033404708, 4.33727913610391, 4.33727913610391, 4.306860687312896, 3.9614992171038432, 4.312169957236787, 5.701333908247557, 7.340205515320398, 9.642699035328102, 10.010812221379561, 9.011262750120887, 8.695479090796853, 7.606320047957379, 8.998589473046854, 8.02716339197064, 7.3053656977068195, 5.97222222222222, 5.672781383662848, 5.6866479319583165, 4.7033938951108905, 3.9158614133319034, 3.254052117284026, 3.671685297489037, 3.362274604311468, 3.4301537612782202, 4.383711467890779, 4.269018044946919, 5.017314397831041, 4.33727913610391, 4.660322127093739, 4.989468891472772, 5.33208479110755, 5.977736680659336, 6.666856783238652, 7.969558355240399, 9.008573262864536, 8.998589473046854, 9.663792676216145, 10.331615747336771, 8.328146533974888, 8.995969605095516, 8.051369528515606, 8.683229630737472, 8.364132579485736, 6.270711293426253, 5.283944983079719, 5.7099799717902, 5.7099799717902, 5.039015078105758, 3.9158614133319034, 3.054980693638415, 3.7527210170455314, 2.6181803269466557, 2.681652883978896, 4.269018044946919, 4.62064517774361, 5.342584568965022, 5.965801515637968, 6.627328060202501, 7.326098337950915, 7.687813539499723, 8.293520060793641, 8.66025403784439, 9.702071041162226, 8.996089263269102, 9.663792676216145, 9.339295869504301, 9.339295869504301, 8.683229630737472, 8.373424309656231, 8.634036755226324, 8.328146533974888, 7.0099299114162505, 6.035191620433718, 5.597222222222219, 5.97222222222222, 5.7099799717902, 4.9775039716126805, 4.037426617927047, 3.356267911127905, 3.5936341607181563, 2.6611408515963384, 3.3916997546462153, 4.326854555952715, 4.038615413955398, 4.343079919716609, 4.956890441261612, 6.341145668040426, 7.310988658462369, 8.314896886631406, 9.29526546139512, 10.000285174857979, 8.98436392478667, 9.671123982330753, 9.979856772855568, 10.010812221379561, 9.331435743281949, 8.662058069535203, 10.335328418050741, 8.979398225435379, 7.660323462854261, 7.289544766561194, 6.302340659120071, 6.03641597141655, 6.293606626840313, 5.7099799717902, 4.9775039716126805, 4.304629472552229, 4.038352278855571, 