{"west": 11.4, "south": 47.8, "east": 19.6, "north": 51.4, "cols": 12, "rows": 8, "level": "500hPa", "source": "Open-Meteo", "hourIndex": 12, "validAt": "2026-07-18T11:51:25Z", "u": [16.699620277013615, 19.330388773023564, 18.34340384790371, 14.664432862293738, 19.667453892805362, 17.346530429518054, 17.322774334997657, 20.663519033232088, 20.63632932889167, 18.67865058922023, 17.641211194518707, 14.990962462519166, 14.334134822542337, 15.995227150506395, 14.998264621270168, 14.678146172733296, 18.34340384790371, 16.32125626675101, 17.314416200854172, 17.333333333333332, 17.33069338271078, 13.361036663593204, 16.306358733249382, 15.69629467719736, 12.996042765884932, 14.020102598854216, 12.011294126353624, 12.996042765884932, 13.997867732189478, 13.32856411597154, 14.997715427345868, 15.662394419997998, 16.323383507978562, 13.66097830297999, 14.345102454118564, 13.644967238162899, 9.686089535843157, 11.697454033438401, 11.982008452047939, 12.32582019990218, 12.658950475575212, 12.666666666666666, 12.32582019990218, 12.0171395690333, 13.664585167137348, 12.680154165945485, 14.020102598854216, 13.04641063149599, 11.663157254067382, 12.996042765884932, 11.992689924229149, 12.998020037033085, 13.009923661108196, 13.009923661108196, 11.659559648556117, 11.982008452047939, 11.66864892014015, 14.326128166231364, 12.65944315107974, 13.293266536931622, 14.645043244320034, 14.979939832359587, 13.661085466058147, 12.996042765884932, 13.993606816144755, 13.638045485990393, 11.33156856457176, 12.34610425743922, 12.682534159861337, 13.361036663593204, 11.348228354827375, 13.018595325641149, 13.322260436581814, 12.9840358561969, 13.671200837904456, 14.998264621270168, 13.361036663593204, 12.69387667734098, 12.9840358561969, 11.325289159640393, 11.677615627631019, 13.671200837904456, 12.370534697424395, 11.345761200947164, 15.332212553594212, 14.661468906646025, 14.309207019495727, 14.005929028716434, 14.344892620449293, 12.683314043630597, 13.657117932809326, 14.019687279003204, 13.650529687585882, 14.001290194151645, 11.659356100603082, 11.322052667263225], "v": [3.8554111258379153, -0.3374131911208048, 1.9279694336033864, 0.2559686277468264, 1.0307275826735272, 1.212987571217297, 0.6049246095100151, 0.36068306637052816, 2.1689656128038095, 1.6341701765185945, 2.7940933616907957, 2.643311148929941, 1.2540742984246398, 1.6811661175547599, 1.3121781269230788, 2.324789966570102, 1.9279694336033864, 1.1412934176469456, 2.125942990512014, 5.306802796305197e-15, -0.3025083782462388, 2.597122437069636, 4.06563185660553, 4.205809482915962, 0.9087718384998598, 3.236795726392285, 0.6294852514776265, 0.9087718384998598, 0.24433369012197068, 0.9320239964145685, 0.2617860965592543, 1.3702819554215178, 0.5700251128075143, 2.655425185656914, 4.6610063318221275, 6.362752718429417, 2.5953798689447223, 2.9165028525071075, 1.048289905826002, 0.4304271259975108, -0.44206029156501464, 3.878048197299952e-15, -0.4304271259975142, -1.2630522644841493, -0.23851622130953448, 1.3327379066625817, 3.236795726392285, 7.23174350200786, 1.6391498557518875, 0.9087718384998598, 0.41879396043001055, 0.22688128368468702, -0.6818212077205736, -0.6818212077205736, 0.4071607948625102, 1.048289905826002, 3.345931235889682, 1.001780470158694, 4.358995845787488, 7.068155195276468, 3.1129000375214475, 2.372589386443506, 0.9552761543292769, 0.9087718384998598, 0.9785283122439855, -3.400346643706447, 1.3913416705420982, 1.9554308130028897, 1.5572193879546599, 2.597122437069636, 3.254052117284016, 6.6333056350833814, 2.349073958994309, 1.364677159327698, 1.9213619771431325, 1.3121781269230788, 2.597122437069636, 2.9306123468686907, 1.364677159327698, 1.9969540431697002, -1.0216589844308772, 1.9213619771431325, 4.259516687481135, 6.28905812930665, 1.6114804753763243, 2.0605350781031984, 1.75694970075754, 1.7197118458281895, 3.3117794111735734, 3.636881778140959, 3.659413721032862, 2.220500323209948, 2.4069566848832857, 1.9677530107964876, 5.686647931958316, 7.352626972702866]}