{"west": 11.4, "south": 47.8, "east": 19.6, "north": 51.4, "cols": 12, "rows": 8, "level": "500hPa", "source": "Open-Meteo", "hourIndex": 2, "validAt": "2026-07-19T01:48:08Z", "u": [18.676615829864488, 15.662394419997998, 15.684883812938587, 12.006937491535888, 11.325289159640393, 11.333067897820193, 13.991698018657752, 15.67415208795405, 14.382517612584321, 11.682085539358598, 12.335528075920772, 12.96523639788541, 15.995908563557611, 15.988734916664406, 11.993246610314573, 12.675333704304267, 13.993606816144755, 11.32279718594408, 13.368582082779227, 15.995908563557611, 14.680411030640796, 14.60540325236146, 16.635389230533953, 13.657490536434576, 13.36197393033211, 13.638045485990395, 12.323335966561762, 12.683314043630597, 13.671200837904456, 12.682534159861337, 12.317365191892511, 16.653441446150264, 18.000983800847724, 17.719718428959474, 16.018104662380843, 15.663404933453053, 15.0063631421482, 14.645043244320034, 11.962367771676856, 12.342385558138094, 12.342385558138094, 12.299141722524594, 14.661468906646025, 14.294084424571302, 9.349701512704083, 16.33645983396597, 15.378144247578907, 15.375798921565886, 14.989472315496394, 15.348995443541229, 11.038674279848093, 12.299141722524594, 12.33669628715253, 12.032814385963933, 12.631055842287426, 12.664360833567784, 11.6653749422899, 12.622592426001875, 13.686850218782425, 13.290847319143152, 11.72358192740464, 10.010812221379558, 12.292749481495784, 14.345102454118564, 14.03307327989884, 12.33669628715253, 11.685297722993479, 11.66864892014015, 11.685297722993479, 11.630949933637009, 10.344192322980797, 11.684218213710757, 16.72697707154608, 6.966535229339823, 13.95454639442525, 10.301076550752883, 7.699130272587219, 10.632443746218133, 9.668356093384194, 11.00082191051439, 9.668356093384194, 8.62433991447357, 9.625036520395648, 10.022821652534068, 14.6416510175337, 16.582646609894795, 15.011106998930272, 11.979532650709393, 16.301939541403737, 14.315396425278433, 11.990164963884975, 10.97167561237365, 9.694673270142466, 9.010672487178907, 10.320307266661745, 9.66325854392298], "v": [1.3059962028761314, 1.3702819554215178, 0.5477282121364722, 3.670889181518812, 1.9969540431697002, 1.5927588220985325, 4.012054845780763, 6.653282826775691, 5.2348083047900955, 5.95231988547406, 2.621997434201739, 6.045789022123892, 3.692946475478457, 1.1180412597322371, 1.685540889405243, 2.0075756346829667, 0.9785283122439855, 3.0339343620351045, 4.603171961630355, 3.692946475478457, 5.931271062418612, 7.123531135322515, 4.457439110098968, 4.702651119936709, 3.5803301239182033, 3.4003466437064436, 1.731931923058598, 3.636881778140959, 1.9213619771431325, 1.5572193879546599, 3.0710640635846733, 6.061356984493794, 7.640964290456913, 7.521574223418523, 4.8972260541058485, 6.012617820148923, 4.30300538803204, 3.1129000375214475, 3.430153761278209, 3.3071322429766536, 3.3071322429766536, 3.7602249801840926, 2.0605350781031984, 5.775184981828649, 6.3064533002534215, 5.625094224231987, 5.903116502232303, 6.212226007480547, 6.056139926890585, 4.987190936995685, 4.914734437165919, 3.7602249801840926, 4.984348840172834, 4.61896468302831, 6.7160515231870495, 3.3934052580108274, 2.6931640117279443, 6.431532079643582, 6.9737985098880415, 6.772024954448244, 6.233539083657106, 9.667328988887716, 7.097222222222219, 4.6610063318221275, 6.247926767247709, 4.984348840172834, 4.960114603322172, 3.345931235889682, 4.960114603322172, 5.4236010256723075, 5.972222222222219, 7.301109862768604, 12.604681318240125, 5.061484116962965, 9.062188388166701, 5.70997997179019, 7.9726827870867165, 4.0814127587103615, 4.304629472552219, 2.9476613470009307, 4.304629472552219, 6.7380728132863705, 6.739523127124795, 7.282006181178976, 11.033275424454219, 14.415074775874759, 8.66666666666666, 9.027225347280726, 9.03631264403589, 2.7826311825746104, 2.768147696509232, 4.4328446887549635, 5.597222222222219, 6.309340799861511, 6.702085903101582, 7.020768291271209]}