{"west": 11.4, "south": 47.8, "east": 19.6, "north": 51.4, "cols": 12, "rows": 8, "level": "500hPa", "source": "Open-Meteo", "hourIndex": 7, "validAt": "2026-07-19T06:34:44Z", "u": [18.723474109193884, 17.044980038144395, 15.319231713523235, 16.018269952627048, 10.989183148635208, 14.010778246787007, 13.36197393033211, 11.981080915020332, 13.36197393033211, 13.303521077585124, 15.661543679765142, 12.972978681405458, 20.01429696372602, 18.051373009560283, 12.385792622048834, 15.004867272938867, 13.347320375060384, 15.948671980560833, 13.677748146994889, 14.028083615353514, 11.013830646217322, 11.01640464708553, 13.657117932809326, 15.031976604776176, 10.669871130144212, 15.619493035016264, 17.690980678379702, 14.347898383957562, 15.68253035619798, 14.617687926220013, 14.012129435887145, 13.347320375060384, 12.006937491535888, 10.31116503115433, 11.962367771676856, 12.31807507183808, 15.67924442174153, 13.290847319143152, 13.955465804676537, 12.067336076716316, 13.235545656111228, 13.327168713793863, 12.928940118923522, 14.3551051119237, 12.310680773914495, 13.991698018657752, 12.664360833567784, 12.627917077474537, 17.02441029860869, 12.033753394542186, 12.345501806505311, 13.326307712898435, 11.95195833766852, 12.320254285828074, 10.714091412457599, 12.028130608117205, 12.001725981301709, 11.72358192740464, 12.299141722524594, 13.36197393033211, 13.720796741840607, 12.34798583203854, 9.97893778294554, 10.685890195880104, 8.070555543842103, 7.986355100472928, 11.331160775022896, 10.64316065038456, 9.971479692120363, 9.702071041162226, 10.989183148635208, 10.989183148635208, 14.571486777318208, 13.907236139880583, 13.658853062516513, 7.307108984967558, 10.26000263083583, 8.058797229832642, 8.288675285017266, 10.64316065038456, 10.671271876635025, 9.314830033432235, 10.304540442814815, 9.309773090682718, 13.72740118979592, 13.584430355642613, 10.962194602326305, 8.90998968457411, 8.74303491968114, 10.077795639770844, 11.423472531046851, 10.000285174857973, 9.66325854392298, 6.635545179725347, 9.35740969933139, 9.022289467441974], "v": [7.187268321436295, 6.2038653775461565, 2.701193874818918, 4.292082497950135, 3.9997355650029585, 5.660721856062676, 3.5803301239182033, 4.360756827402275, 3.5803301239182033, 5.106743281020524, 5.700335722094478, 4.721778089801592, 9.332819946773775, 9.598085283622657, 6.585642755746524, 7.31836275611766, 5.665601363094472, 5.804841876999543, 4.9782931972958435, 4.558000667030479, 5.6118270106694, 3.5794468515098115, 3.659413721032862, 4.884185272204035, 1.3100954416053334, 9.385138253916548, 10.629813601615847, 7.628912895270727, 6.9823123728012355, 7.772362539455305, 5.947796067003392, 5.665601363094472, 3.670889181518812, 5.029091211774698, 3.430153761278209, 4.72846600094493, -2.2035740985343675, 6.772024954448244, 9.41308054175757, 11.252972941031222, 11.10594147847299, 7.694444444444439, 7.768490963226655, 7.314291384692702, 5.740564721977831, 4.012054845780763, 3.3934052580108274, 4.103058980867361, 3.9303948106192035, 5.611431364223729, 9.64536311343531, 9.682129294706575, 8.061697691703264, 7.698549310943507, 5.938917848017628, 6.944444444444441, 6.6526653444914015, 6.233539083657106, 3.7602249801840926, 3.5803301239182033, 9.607405308880029, 9.999201768902969, 8.67455827220782, 9.964753816468725, 9.618113563604947, 6.018150231520484, 6.024885055752266, 6.395056096799844, 6.72584797785648, 4.943452108275068, 3.9997355650029585, 3.9997355650029585, 11.799757332184447, 13.430061828873953, 10.671465572311408, 9.023528108028161, 11.394887323986708, 9.951785784212877, 7.729314747374981, 6.395056096799844, 6.668150741601164, 4.343576579001631, 4.37401791058826, 5.374999999999997, 13.256397236259204, 14.067089428844735, 14.030969251719684, 11.40426673969728, 11.602399215409285, 11.593177718422028, 12.250174502121103, 6.008777540617302, 7.020768291271209, 7.369519519317492, 5.6224989844347615, 5.63775217225882]}