{"west": 7.0, "south": 46.5, "east": 22.5, "north": 52.5, "cols": 18, "rows": 12, "source": "formation-steer-fallback", "hourIndex": 7, "validAt": "2026-07-22T07:22:10Z", "level": "500hPa", "u": [5.646559107905969, 5.831687836321003, 6.963007263471853, 6.0147079683708835, 6.861774510729049, 6.5056740327160485, 5.828152490621866, 5.229360204811031, 7.238572560977527, 6.883791264672169, 6.873607008450816, 8.018572705232515, 8.922980946230773, 7.246840878983002, 6.335660859212941, 8.113950665693174, 7.274638033636778, 6.2467967765485914, 3.8387208591348227, 4.93827126081645, 5.113410586732551, 6.00853948399939, 5.444540256440565, 5.790351396911383, 5.838625536227998, 6.243437621274039, 5.556841719442765, 5.544997524160901, 4.885360777775271, 5.078693014393651, 5.255869740160986, 4.7353218052338875, 4.493780960370591, 6.181534785168645, 6.499537996860782, 8.088531534784497, 4.557580246670728, 6.446858823987131, 6.198751589463312, 6.97182969011627, 6.094971143056436, 6.289424827136057, 6.11091284010532, 6.223406027723292, 5.974283310909468, 5.079163602903617, 5.380502483764532, 3.499704245434082, 3.6278815200539714, 3.458870117928816, 3.5449001166856666, 3.7847554058792077, 5.376557850192177, 6.292902198230753, 4.361621101211593, 6.091170061284393, 6.411115970518226, 6.4208185143878485, 6.0121928899438135, 5.85161102691686, 6.299091658410471, 5.064140885412581, 3.651048873577561, 4.314239469440635, 5.707191430110948, 4.336786342957247, 2.7768442105433113, 1.3473565611479768, 1.5647789868414816, 2.024681427685977, 2.2335802342490223, 4.303690452869551, 5.6058443852941515, 6.349612994344573, 7.12964237539975, 7.0501142979341, 6.548824444107829, 6.324009029983284, 5.341612786032376, 4.288827240192294, 3.931731980423317, 4.015860613724087, 3.864415143818039, 3.52874297470131, 2.6445568807769506, 2.2901592805343327, 2.1218001362992776, 2.673060505509924, 2.5662131814416664, 4.164684371190719, 7.83467589527922, 7.643012775477897, 7.20431550789571, 7.513419206491042, 7.5930809609958105, 6.956486938077606, 5.073446110312031, 5.078492756430004, 4.20075261690921, 3.658207936739521, 3.910885805574676, 3.3912691843888, 4.595015973967699, 4.374095700025165, 3.3308667409704045, 4.156149803218107, 4.726571328998092, 6.295602662117927, 7.833757342443968, 7.6412267771589475, 8.33060481331965, 7.7889174873890905, 7.955374407154881, 6.898611067081837, 6.309826201327171, 5.073446110312031, 4.212095342015638, 3.8088157943352527, 3.6917694774435534, 4.102258803231126, 4.5463295273991005, 4.896737622377105, 4.007797951775251, 4.879036790187178, 4.920832108411815, 6.966366275470131, 8.817146243593575, 9.46559843460842, 9.116892283239798, 9.364423423545377, 8.259452146513201, 8.220948237505016, 7.205852499084641, 6.670145630174025, 5.259302783635153, 4.694437431959229, 3.942089230347969, 3.162824848434287, 3.726910647786254, 5.104101573900966, 5.610562093962965, 4.999379061329369, 5.4758604677426765, 7.49886942091803, 8.025364057144527, 9.860490307160578, 8.783889887576425, 9.350012012358219, 9.507182341141556, 8.467540981014741, 7.414938014792275, 7.518055556861577, 6.039684389314923, 5.834601639656513, 4.5657647904279255, 3.535516968470194, 3.8964801000876514, 4.514095719284739, 4.788677757475349, 6.670752050509491, 6.7093855199175465, 8.737645196289034, 9.205526004135491, 9.415560052190159, 11.707337494299782, 8.947630064866766, 11.359326914727465, 10.520450606388247, 10.122896711085472, 9.446658101451973, 8.062005063722994, 7.887717963518914, 7.010587607702069, 6.885975982220614, 5.080325023646132, 4.559570207244904, 4.619008093550766, 6.1773765839824035, 7.72651144383698, 10.342665872302904, 8.98782120257866, 9.937398026571213, 9.384037484592923, 10.866530575021466, 10.58077094239854, 10.653776671091396, 11.322171687451608, 11.138679636188659, 10.200258242865804, 9.436089645588169, 8.71286782236925, 8.00197257874699, 6.506701623398483, 6.986217287683426, 6.596731350398476, 7.580333966726564, 7.726687590707035, 10.052516065792185, 10.51825267635317, 10.728406324416767, 10.91400541321455, 10.978047604269102, 11.655055792686527, 11.598932655233149, 10.824226632583438, 10.840858395754637, 10.787106490327705, 10.573017605939375, 8.700178789458223, 8.69401288715142, 7.810035623333266, 7.147930030303144, 6.426252466629819, 7.104932595118776, 7.921912775060374, 9.320044071276566],