{"west": 7.0, "south": 46.5, "east": 22.5, "north": 52.5, "cols": 18, "rows": 12, "source": "formation-steer-fallback", "hourIndex": 21, "validAt": "2026-07-22T21:07:53Z", "level": "500hPa", "u": [10.12476226672177, 11.280395972824905, 10.793866121745934, 9.645236740156971, 9.941547471878616, 11.053362196775641, 10.387906084207577, 10.225762075971435, 9.888301123364045, 9.593633637670047, 8.905672277917757, 7.689482620833376, 8.675218121791987, 7.770326564329737, 7.379480648889749, 7.299994974195573, 5.520837741065379, 2.98967667352773, 10.037358833555306, 12.42075781511262, 11.122004892812978, 9.905477811410151, 9.72982014589911, 11.171747152484196, 8.738794028945854, 10.359367906736727, 10.702210667621852, 9.440612437586699, 8.775077145405588, 8.111133242989833, 8.859172484718917, 7.528985568572276, 7.654948126797473, 6.2768413799249485, 5.394277611508308, 3.9422661145651996, 9.836683234414163, 12.875856553441558, 11.35148517015296, 11.492852951328139, 12.970271441146725, 11.812023990802738, 10.493517043956917, 10.385538722365638, 11.269426241212097, 9.07247700991459, 11.239830864751273, 9.795601566856705, 9.24455299470118, 8.296063275250436, 8.30048343296805, 5.354575213136644, 5.2301320728289475, 3.784486700863258, 12.618140098618216, 10.75762200129904, 11.896824313798971, 11.885174565672305, 11.764926035117323, 13.222792363368521, 12.245826892772712, 13.734608158871373, 13.200059590433602, 12.525477602217604, 10.18397799355192, 11.587479992112312, 9.589791911328899, 8.97133750456318, 7.883748464250934, 5.318372341716936, 4.461947822755536, 3.3082313018240037, 10.19962875591564, 10.870703602052295, 11.02726590221395, 12.339648790270738, 13.676104038437215, 13.20092398568466, 13.224485579465503, 13.033068858884711, 13.743342199111474, 13.132294186941527, 11.462289551956042, 11.84638480133057, 9.864519152863906, 8.723715859876537, 8.808197446550642, 6.618364841584785, 6.135317228906607, 5.76007415459907, 6.293428414440063, 8.247281626301296, 8.369411311657252, 10.710086807439563, 10.977673394991731, 13.194855810393094, 15.501202508668984, 14.501247718866459, 14.028701968353499, 14.1826466234278, 11.430492482748823, 12.09719897597262, 11.510518922186765, 10.08882175816623, 9.045945149588382, 8.13883058814394, 7.3873282180191575, 5.520666864346607, 5.444757965055346, 8.447608114190034, 9.593914740051341, 10.796780017049393, 11.616946895695483, 13.431841245549558, 13.612746529645424, 14.112183773331353, 14.33574130162754, 14.678117389110401, 13.359509492717331, 11.91795762427574, 11.955726900440586, 10.69986582580991, 9.888984731833931, 8.851633414011756, 8.199056240232615, 6.631146490674919, 8.151796755621932, 10.42546413691946, 9.326061335719224, 10.470811701004138, 12.197567997496616, 13.599393497530688, 15.254539577851949, 12.822904162688705, 14.845294260408622, 14.637229851467053, 14.629903339516968, 12.399604042554788, 11.502632854607768, 10.91834478518362, 10.556078124836942, 9.698674646433096, 9.350087041416149, 8.362701979110627, 8.396695040597175, 9.835250034691546, 10.76850558959076, 13.086961004508938, 13.699990568010868, 14.918151547311192, 15.418380312815692, 14.56402441267056, 13.06375978959661, 13.122671241949636, 12.934491454988102, 13.887639347241045, 13.407153531302608, 10.648390733036084, 10.153862245712743, 9.738767248246496, 9.893834865694494, 9.086201673399055, 9.249605546594832, 12.762053681891707, 13.189894505653987, 13.135287480215903, 12.931086225938463, 14.361027432195089, 13.317650975235935, 13.435984830085841, 14.216104325697094, 13.807978115266273, 13.907565166105458, 11.213202841677266, 11.198500864805025, 11.531505343335853, 10.474983567756212, 9.975616494935478, 9.940128874495414, 9.33490676344234, 10.48979770030971, 10.647790107288328, 10.181572723673067, 11.67700998407876, 11.883366597177835, 13.774527625874052, 13.9966801541911, 14.411564311797978, 14.018588739841398, 14.630063454796185, 13.735617977202706, 11.49127602002662, 10.523147494530113, 12.10161569536204, 10.86769799221382, 9.981708324888892, 9.297221403743615, 9.278132133512251, 8.968874197425189, 9.881271298269617, 10.248453448094288, 11.071844922477021, 11.740977757453818, 12.502253744681331, 12.28172483788375, 12.798783154058494, 13.273584364157971, 12.427434909893638, 11.874574323346215, 11.434886357531854, 10.984604486387893, 10.442545064104538, 9.055300699016158, 9.101112352166586, 8.628196061722141, 7.800576637825298],