{"west": 7.0, "south": 46.5, "east": 22.5, "north": 52.5, "cols": 18, "rows": 12, "source": "formation-steer-fallback", "hourIndex": 13, "validAt": "2026-07-21T12:56:52Z", "level": "500hPa", "u": [10.438500713217506, 11.24843102356671, 10.716829178426279, 12.034967364520455, 11.933582320890702, 13.819811479103512, 10.761588785952144, 14.002069923178421, 11.203794224475532, 11.963559907878242, 11.101640719739512, 12.535844060199167, 10.998909362804365, 13.126287223455158, 13.629289103359683, 11.85142037101731, 11.53352815744962, 12.167200215211816, 5.98112539610695, 8.85745355934929, 10.135191934497369, 12.548696540220044, 10.765505752537948, 9.749316212802407, 11.393098285393386, 11.504770931239278, 11.252420070311532, 11.232652454639988, 13.029978674839166, 12.54221788177557, 12.555451977020173, 13.184321515680788, 13.86528290314161, 14.119422939306226, 14.534168784536877, 14.885544293613593, 6.208502603975126, 8.625742264780493, 9.658023367000457, 10.711369557511341, 11.913963418039483, 12.44217910578933, 11.798957779348752, 13.900637955027948, 11.60800094914479, 11.863726343177838, 12.382647679717357, 13.606970174196032, 13.63925979921569, 14.254454358323011, 15.089014873048622, 15.696539230411457, 16.05826733025544, 16.413817910918105, 3.0375687562612774, 4.864228416367025, 5.756086004470064, 7.572174340406627, 7.432165016061291, 11.577702000769966, 10.60524907671416, 10.084730170527184, 10.610838492505147, 10.445353044049236, 9.682828533663354, 10.901166287509847, 11.633379394750849, 11.472946729842665, 11.29865349737642, 11.26050468568038, 10.471804570704178, 10.326949386042886, 2.460351995740341, 3.4333926926286145, 4.368174814347225, 5.611241831387738, 5.733165603703998, 8.011430967857901, 10.116254505861091, 9.730416870962001, 7.376034260563552, 8.740761714001017, 8.374776676015335, 8.742673763350503, 9.17067872230355, 8.155366662592327, 8.555104119154132, 8.3097467821021, 8.511983109508511, 8.908361126706996, 1.8884539217009, 3.550735359399175, 2.63472432515639, 4.044504326457816, 3.787255374863791, 3.6509686196358464, 5.906535579790628, 4.776249513500633, 5.8239784417631135, 6.241809924741968, 6.300304618443336, 6.610444652326746, 7.405354440215725, 6.851451664192074, 7.600054068873803, 10.614232960826435, 11.353678822625094, 12.108021748157828, 1.1051526289751612, 1.9253884948548874, 2.157903788542269, 3.726751521448731, 5.100110507866015, 3.6112841781180656, 3.5072747479943325, 2.439103311069488, 4.145298842948814, 4.842496766809719, 4.859267918706432, 4.652228152386737, 5.8369637350448755, 8.553660846395974, 10.25115786553911, 12.030864931133692, 13.206198336456053, 14.779538539420932, -0.2836373133669197, -0.8055484980235587, 0.6105629132437208, 1.6235227372910654, 2.1733950502225436, 4.20392278831438, 3.25958367318164, 3.2522932585543627, 3.877514450673411, 3.8177171858745913, 5.512603483968223, 4.792718061646284, 8.523021336873116, 10.03373974435595, 10.888657527553846, 12.877683031610372, 13.894536123850992, 14.24088212940256, -1.2131212565411575, -0.15153198062209444, 0.22477603900440837, 1.7903557902553893, 2.5788206197591212, 4.82180117847551, 4.444186163485396, 4.135085491497719, 3.7860155571530383, 3.485057607854565, 5.131374281378774, 6.247452095351592, 9.388652808633381, 11.059472523477787, 12.128394934973219, 13.448095495945756, 13.154962527270404, 14.55307852294784, -0.48399788167906294, -0.13112914229831488, 0.6980212754341977, 1.275893528951004, 1.9274250219748326, 5.113082905599206, 5.902009940648498, 5.51081447205313, 5.717787471865277, 4.605302351017764, 7.405369369857602, 8.671312481130451, 10.029117275837718, 11.302702836832701, 11.654267410231206, 12.865690732416397, 13.275973554413534, 13.6220335898496, -0.19317426414687736, -0.3430571503508758, 0.3979996769781068, 0.7999813603886833, 0.7424976698218319, 1.5707277925151546, 4.1993332950254265, 5.14233824216176, 5.931649780403621, 6.8262850281340155, 7.713936027041459, 7.697681563599527, 9.551382409696396, 10.899068844526157, 10.58242306272004, 9.541962992532119, 11.070349288264763, 13.724972942772695, 0.6967696727201284, 0.9698944866998533, 0.606283568120193, 1.0013947891701664, 0.7605540640889474, -1.404875135802439, 0.09544701615176904, 1.7923106854050292, 5.7592898647701585, 6.83997154014332, 6.030324400107898, 7.047083611048002, 7.932829141451654, 9.114850031693159, 7.715822242102212, 9.35148718119209, 9.167256463550721, 11.794161454946181],