{"west": 7.0, "south": 46.5, "east": 22.5, "north": 52.5, "cols": 18, "rows": 12, "source": "formation-steer-fallback", "hourIndex": 8, "validAt": "2026-07-21T07:51:42Z", "level": "500hPa", "u": [12.13472919484218, 12.969424690855943, 11.695052983671076, 13.729919857024829, 11.973255671047825, 12.703032125915612, 10.410320309259346, 10.796253048408488, 13.706952437653237, 14.787552108865816, 12.312303555858245, 11.675272746796868, 11.971869281999584, 12.381685228906024, 14.726388888888888, 15.51008234286032, 16.22274680335394, 14.762887228168378, 6.6497704170536425, 9.216227676599376, 11.614017088711261, 12.356236508658935, 11.836684616299108, 11.211885211510806, 11.970337019502232, 12.161028450538735, 12.064408173443713, 12.153023391761934, 13.661921294367739, 13.351207419309473, 14.400244653518968, 15.563166384862365, 15.820020913467307, 16.04212618169711, 15.621753016570572, 15.336265626588599, 4.9200584882153215, 7.137081213641133, 7.88154503039535, 12.112201156767384, 12.007525671705098, 11.051952905219272, 11.754910990985685, 12.803401397573808, 12.448979293297771, 12.000818864656182, 13.179404098771874, 13.450713329235086, 15.082632109655414, 16.51022995711375, 16.778090006291674, 17.403485579178756, 17.438201695236074, 17.134095013992113, 4.764527560304584, 7.351896606113799, 7.085875300771495, 7.47749354345398, 8.860587947331645, 8.383122895432553, 11.124971361231921, 11.623380568308134, 12.364947478393182, 12.455740233594575, 14.125335261072982, 14.740640754204048, 15.584694908319786, 14.54734036463633, 13.721863629038223, 13.927251808820774, 13.457378800775112, 12.743892081180835, 2.1654289715246002, 5.289230600084849, 7.083423178331169, 6.620413114991478, 6.910915416801827, 6.425999212192451, 7.676757961034421, 7.724563918114562, 9.762410751268252, 10.93644331757812, 12.172582997451848, 11.684119159381751, 11.582304020973904, 10.724463041256083, 10.405045102805856, 10.567797908284163, 11.138010166164655, 12.80935950145995, 0.9264144193309343, 0.9364374497967007, 1.8324041997607685, 5.402344216947498, 5.821433886644774, 7.469217174771078, 7.749541313444201, 7.037492322469982, 6.42103217149061, 6.874112546776915, 8.305042236010152, 8.521349018788483, 8.828919235799589, 10.424422545076519, 11.930681475107924, 14.46871945027897, 14.245338971965484, 14.649638496324508, -0.739242415105779, 1.1733413182485029, 2.0570571086043246, 3.5696781255362535, 3.5798306161695463, 4.8598156623592645, 6.6031762736038795, 6.33604285050158, 5.751215927203895, 6.738449830382163, 7.282864786681443, 7.297125111015879, 8.572687913918434, 11.950867446430642, 12.97888938764072, 15.46965991112861, 15.622559431806, 17.621059445013252, -0.6328462312453143, 0.5347996320382956, 2.7784562006325046, 2.579485419973588, 3.004903219327979, 2.0110094185376224, 2.0478428399098147, 3.065567551418616, 5.446001738397203, 5.459451199836909, 6.4840169073036025, 9.66688167917201, 12.08295053562616, 14.104589456102355, 14.822661412280931, 14.482244232752219, 14.087101457057429, 16.383282010275714, -0.6945945943494533, -0.3153690029850322, 1.1951118779964647, 2.7214081057219053, 2.4442873972940715, 2.4831746916298125, 3.089239298307765, 4.049290313850509, 5.060175494209202, 5.774034812737772, 8.996435487603286, 9.285708596957596, 10.08069391033303, 13.078887823487346, 12.783444447042354, 14.187200730225412, 16.5718980875516, 16.9044217642302, -2.1152080661405086, -2.154289886231104, -1.1837660444311628, 0.7727437810532911, 3.140523707178565, 4.582802671363588, 5.110133745448543, 4.910027218554834, 5.031128709158762, 6.235591633470028, 8.565294227618349, 8.676048593646861, 10.630022899228639, 10.990854067252092, 12.73331766543856, 14.536440399061055, 14.596619742212242, 15.137967659875324, -1.7581905143123393, -1.7081328615473084, -1.3887405925742529, 0.676691846632701, 2.4385519477221993, 5.51696303720213, 5.303330105769013, 5.750674600815154, 5.172411478117927, 6.440554157850013, 8.05091430705737, 10.017108539408378, 11.016085684729486, 11.96995019525081, 12.996720111630951, 14.039081571458565, 13.629167843681483, 15.371935655505196, -2.6823160329085236, -1.128143269812495, -0.6478760688656511, 0.2869721850221256, 1.173693151429884, 3.8381680823620234, 4.37449345902888, 3.5295911682725722, 4.4022568859319575, 4.150535945989757, 6.572713545983782, 8.29558227361344, 7.972215909202716, 8.536603613459583, 8.818331518762278, 10.751395246242401, 11.475562277312484, 13.828098738211745],