{"west": 7.0, "south": 46.5, "east": 22.5, "north": 52.5, "cols": 18, "rows": 12, "source": "formation-steer-fallback", "hourIndex": 13, "validAt": "2026-07-20T13:01:47Z", "level": "500hPa", "u": [14.294825407874809, 13.608146793667062, 12.972039253883992, 10.455264031896272, 13.859138080425016, 14.349697526404125, 13.335677638845507, 13.061914897081419, 11.872023033131077, 11.520195722815172, 11.61710939100369, 11.25998679530398, 13.288807928430192, 13.349849292954394, 13.540958230715214, 12.75785420899198, 12.996319842906606, 9.787314349576903, 11.174711942339936, 12.99135138254642, 13.345436633422295, 14.02754166201652, 13.79971773752692, 12.965744165554012, 13.74769050964899, 14.120560177692044, 13.23255304843528, 13.224677716078844, 15.58354696600785, 16.595301014054193, 15.428320675668713, 14.835143784840096, 15.611317543727456, 14.78297966852038, 14.802071013435343, 13.90838457371946, 11.546743254652267, 12.727191391359831, 12.357914945656992, 14.020265997244046, 14.717738316417302, 14.347387994054824, 14.204447649872266, 15.631378816849788, 14.512570158546286, 14.758853196154922, 14.486668054325516, 15.357695940730679, 16.089187139836362, 15.927436212122908, 16.354334934890947, 15.146902944537684, 14.108569234931984, 14.425669797917635, 10.90079438695434, 12.798067278977324, 11.50598598067418, 13.066365216072107, 13.820978712660668, 15.287634134480653, 14.337744987412917, 15.238478072407522, 16.220764964504436, 15.777689788862045, 16.13171508854859, 17.664309179388816, 16.789543707569266, 16.773201997530155, 16.439244714977946, 16.30282962219847, 16.00840014368973, 15.65861383697608, 10.347995585301977, 11.143102060803635, 11.446667607075518, 13.689395304149441, 14.171836361546028, 15.281744444780065, 15.444549587963134, 14.434250646122392, 16.576779687685573, 16.017402967613393, 17.097735548089545, 16.91312673020668, 14.560729765845288, 15.4526108386995, 14.758758366950692, 14.467168752125579, 14.84095880141455, 15.156906264399813, 11.67975811476871, 13.051168052097102, 14.058694362504879, 14.21585416557442, 13.935886233788025, 14.914388327972617, 15.070891130189834, 15.575302186824967, 16.327525968425576, 16.757297164020745, 17.605544671108326, 18.401147777045793, 17.43913093105012, 18.111966691615482, 17.421025633066893, 15.80953527441274, 15.09483670835755, 12.961761463739895, 9.659077243866177, 11.229235473107279, 11.120687977500635, 11.72705521065052, 12.563380381413529, 13.747687399582414, 14.403669606617894, 15.460341024009772, 16.584296125546892, 16.48963555391296, 17.086785282555834, 16.00052457934969, 18.70162768122261, 18.64422496074037, 19.42464806049179, 17.056889300768198, 14.718294778079677, 13.417981608652306, 6.174862895136131, 6.528275829646076, 7.3459889984452, 9.57365047947921, 10.202940749703242, 10.373056130105446, 11.792879241157385, 13.315055356885209, 14.56422315773126, 15.855278460696692, 17.0252441111374, 15.586514625604629, 18.493219737427367, 19.175690606209226, 18.100240238185535, 17.317304088872525, 18.01272657268516, 15.463605006517493, 4.945536718291445, 6.551913191789858, 6.25866302725497, 7.6012422740605565, 9.112029206515952, 10.366226560966009, 12.043456181438348, 13.253035409726044, 14.058694362504879, 15.419478584223642, 15.710096242843596, 16.512731494576027, 17.779940586300647, 16.441081479676317, 17.977492171603444, 16.342018158783077, 15.996306537371236, 16.5042967778281, 3.5975432616218153, 5.131878995429176, 5.605743118765284, 7.043603455979199, 8.015470542468444, 8.874568645476897, 12.039987001074584, 12.005718191208095, 12.811069409919979, 13.944866170177688, 14.504769131967516, 13.0982983919831, 13.70234613336096, 14.616172269478247, 15.008655305308757, 15.598013323783944, 16.15852946461416, 15.33318071633938, 1.7276364585825423, 4.308098109703074, 5.12550620329402, 5.9675796489354855, 6.715588536483796, 8.750419354670699, 10.151272169493721, 9.857277684268217, 10.011909604608537, 12.518413262477209, 14.110698841631226, 15.496620308980004, 14.21043971601355, 15.39325912076588, 16.10953598303932, 14.855047420075962, 15.626047161472115, 15.027819462424908, 2.3271698261530127, 3.892935494943774, 3.4229116514208746, 5.318587245540172, 6.143788862996975, 8.133212520437302, 7.512844489510283, 7.733223421951894, 10.14445895920318, 11.842272329505223, 10.824226632583438, 11.646185260082955, 12.41710684511438, 13.107396100628346, 13.030719316156242, 13.730674307984945, 12.6578903489973, 14.031582225136463],