{"west": 11.4, "south": 47.8, "east": 19.6, "north": 51.4, "cols": 12, "rows": 8, "level": "500hPa", "source": "Open-Meteo", "hourIndex": 20, "validAt": "2026-07-18T19:54:46Z", "u": [16.656513783651597, 18.014520790492398, 17.655904610670692, 14.712644290611491, 20.323733481913514, 17.333333333333332, 16.34144883095142, 17.346305712329503, 18.043655573044163, 12.69387667734098, 10.957041331107432, 12.31807507183808, 15.330997992398, 15.662394419997998, 15.994459319361912, 16.321870049212855, 17.04559876566546, 14.028083615353516, 14.581715875578544, 12.385792622048834, 14.047770699068074, 14.340365063256304, 13.657117932809326, 13.638045485990395, 14.331150297241608, 14.664432862293738, 14.664432862293738, 14.690048982432105, 15.281356298090182, 8.671040120454364, 13.644967238162899, 14.31221216973408, 11.66864892014015, 16.352888432963887, 14.02580308745785, 14.02580308745785, 12.333333333333332, 11.345541103183908, 12.666666666666666, 9.645622173902806, 10.662614327518053, 12.991600863803134, 11.01640464708553, 13.657117932809326, 12.992327602086059, 14.36576728069739, 11.358002218443144, 10.994919082904147, 11.670456514322225, 11.666666666666666, 11.677615627631019, 10.343291789010193, 10.329530496427918, 12.020297636508191, 12.020297636508191, 13.024190625930851, 10.67429171398721, 10.347183060343987, 10.023275070926573, 9.668356093384194, 12.314073351411855, 11.678417614768767, 12.675333704304267, 11.663157254067382, 9.99728538225008, 10.67325298903596, 11.32279718594408, 10.994919082904147, 10.989183148635208, 11.00082191051439, 9.361737054596942, 9.008573262864536, 13.004563151169313, 12.016874810574175, 11.670456514322225, 13.98818736412921, 11.348228354827375, 11.00082191051439, 11.348228354827375, 12.370534697424395, 12.032814385963933, 10.6539837966497, 11.688169239548209, 10.304540442814815, 10.989183148635208, 11.325289159640393, 12.0171395690333, 10.997504693574907, 11.962367771676856, 12.32487463662067, 12.342385558138094, 11.993933283133845, 11.33342348585058, 10.678111308010712, 9.994560873709725, 10.663348380370072], "v": [0.5816582783750147, -1.5760663480201444, -0.6165577750775205, 4.218782862643512, 4.319942909213437, 5.306802796305197e-15, 4.685835048888983, 5.3032978662207615, 5.8627390877247025, 2.9306123468686907, 6.073587186974944, 4.72846600094493, 0.2676035653716822, -1.370281955421508, 1.3993338696707371, 2.0040736471068668, 5.869270340074854, -4.55800066703047, 9.11166734889872, 6.585642755746524, 6.550583056980838, 4.937783675933544, 3.659413721032862, 3.4003466437064436, 0.25015115893439854, -0.25596862774681745, 0.2559686277468264, 2.590251983531713, 7.1258134687945685, -1.6854794591594808, 6.362752718429417, 6.372207408187537, 3.345931235889682, 5.31337554216924, 4.288118335933479, 4.288118335933479, 3.775994297371005e-15, -0.5945946139823339, 3.878048197299952e-15, 2.0502402844529017, 4.307975824282993, 2.9993473912515385, 3.5794468515098115, 3.659413721032862, 4.987287297838758, 3.581788065406194, 4.588930769344927, 4.667066256955216, 2.2685069450322537, 3.571886497513113e-15, -1.0216589844308772, 1.6382164811157545, 3.3562679111279046, 3.905631456683367, 3.905631456683367, 4.2318160618569225, 4.97750397161268, 3.971911440793741, 4.254627843549872, 4.304629472552219, -1.077341820075214, 0.6120399327299787, 2.0075756346829667, 1.6391498557518875, 3.638714302603641, 2.6611408515963473, 3.0339343620351045, 4.667066256955216, 3.9997355650029585, 2.9476613470009307, 3.5936341607181475, 4.010875230330807, 2.059720456363044, 1.9032859913228126, 2.2685069450322537, 2.719028184115762, 3.254052117284016, 2.9476613470009307, 3.254052117284016, 4.259516687481135, 4.61896468302831, 3.0549806936384054, 3.5734319466112323, 4.37401791058826, 3.9997355650029585, 1.9969540431697002, 1.263052264484146, 3.362274604311478, 3.430153761278209, 2.3957129419499505, 3.3071322429766536, 2.990423431718117, 3.6824525163014603, 2.269702624760536, 4.660540275307156, 3.671685297489046]}