{"west": 7.0, "south": 46.5, "east": 22.5, "north": 52.5, "cols": 18, "rows": 12, "source": "formation-steer-fallback", "hourIndex": 1, "validAt": "2026-07-21T01:03:00Z", "level": "500hPa", "u": [15.151407115713697, 15.572841215737471, 15.943265980709977, 15.646515027200268, 15.170283287448175, 15.804697485783128, 12.633799868379953, 13.45245693187468, 7.813767051661964, 8.663438274539422, 13.55555977119906, 12.446508318020461, 13.398615263392506, 12.813290592436882, 12.734710510269517, 13.2113857854822, 12.978504207214398, 11.84958386495762, 9.098052251693183, 12.458162557582524, 13.189117293654801, 13.203070524720522, 13.73140408890036, 14.12936146793459, 14.753276021097598, 16.13105991969503, 14.688573204662125, 15.602902448757913, 15.093752488298147, 15.721562349560113, 15.824714068584525, 16.434752865873733, 16.980419005695012, 15.261909895362294, 15.07327690703406, 14.405167095461477, 8.736452082853617, 10.2221599449463, 10.701323692365659, 13.686616524078284, 13.831417766383446, 14.679317539424668, 15.165268901616244, 15.747422053115029, 15.874443974951266, 16.80444294376151, 17.962590999505682, 17.929904979896047, 14.611199464889337, 17.230878429976876, 17.708136418287832, 15.62061920681501, 16.441367147279426, 15.269421187756505, 7.479578850204101, 9.987495650890802, 9.779339205306725, 9.802105309364487, 10.685729228977028, 12.676999945046493, 14.526429299808958, 16.069345720430285, 16.421767352344354, 16.38060786749716, 16.30453547294976, 16.51563563340133, 17.776723129642118, 18.096447739393103, 18.104553308010193, 17.70635953302672, 18.063346872989758, 15.890455766015364, 7.370243877825162, 9.776213019976312, 10.396924957752587, 11.220633572937771, 11.34777956243282, 13.610289194578085, 15.85316769982667, 15.190470810520642, 14.393108577301371, 13.493539615495534, 13.264750680700972, 13.47288489825508, 15.005566172424716, 16.519789417013897, 16.546289338636463, 16.84036755586941, 16.86886664770618, 16.140573495009114, 5.093116592250216, 4.886753776046571, 5.033469589970371, 6.027137768393315, 6.9432118386672395, 7.768819327969931, 6.493573891099721, 6.672412016499112, 9.572800452831466, 10.467770532099875, 12.29333530858373, 11.85736588052438, 11.871913116001041, 15.589111823258115, 15.458993581663634, 14.341985128449286, 15.908236414322678, 15.654445411372594, 5.363904208189394, 5.622650432678966, 6.273729152424774, 5.713616308895212, 5.5202265721839305, 5.733750398109005, 5.3356127797989155, 6.045929467842428, 7.600114909865807, 8.778533606235388, 10.80768138695344, 10.787422369899396, 11.505861600350736, 14.716506316706669, 15.396501580883962, 15.872906934445776, 15.338920914956182, 14.771963486467593, 0.6624029085093268, 2.553365489505581, 2.6318710178493743, 3.413088868487835, 3.7445978836563163, 3.2025218563072695, 3.9347717313187274, 4.4795214960102125, 6.9007836917634595, 8.228262249104349, 8.29579509648644, 9.80443841620506, 12.231125462580039, 15.660073224186783, 16.143479082361353, 17.394450937901652, 17.112635299077798, 17.585657333997165, 1.2155370404108192, 2.5558425475990267, 3.2188013053985634, 1.8066468557827973, 0.7564815649649856, 1.989699205083284, 3.9113124243976345, 5.427229129136112, 7.952681778199058, 6.3881370602296315, 10.3522318282414, 11.933845237272584, 13.169375041190854, 15.506244494023873, 16.25278510150355, 17.342636706510017, 16.773911354648465, 16.565221363364568, 1.3530829476165573, 1.9743644486938505, 2.5813085530972057, 1.2694846692217874, 0.9597823883172878, 2.4339554948972393, 3.8864793299251255, 5.525245787994821, 7.603828819586671, 8.381201294229871, 10.497347793480445, 11.09003799827351, 13.758322772235188, 15.58680287557751, 16.007479053981253, 16.702644232698244, 15.437178893826921, 14.531644036924819, 1.7767848099016106, 2.125589577640877, 3.4266632011350184, 2.0359358504924847, 0.9590683504632305, 3.30951811759286, 4.9530864261335275, 6.353290303333369, 8.408614678147927, 8.773389151974532, 10.647719762723685, 12.381105297715962, 12.650358342629463, 17.63795070420329, 15.8530593309113, 16.990070232878523, 16.08641546874859, 13.454740008188999, -1.629995533568652, 7.902373651164725e-16, 1.9946020980028327, 3.0089300476810275, 3.2873568723683895, 4.655193536493084, 4.580426836404343, 5.028975084235063, 5.16588169986581, 7.049484219219345, 8.347028991093579, 9.022766948935507, 11.314038366122448, 11.386704965338543, 14.351873805554742, 13.406707661728419, 14.400516956409552, 13.201746904955822],