{"west": 7.0, "south": 46.5, "east": 22.5, "north": 52.5, "cols": 18, "rows": 12, "source": "formation-steer-fallback", "hourIndex": 8, "validAt": "2026-07-22T08:27:06Z", "level": "500hPa", "u": [6.046631811643035, 6.183063488662825, 6.940335973119344, 5.4821130910071805, 7.556083262252249, 6.36865531899149, 5.47619456025708, 4.672070270879447, 6.077009865023282, 6.383915322611611, 5.101461290454211, 5.826369654500392, 5.908491857006499, 6.59899061324297, 6.184060409356966, 7.739951161262551, 7.710471083504784, 7.077516875922761, 4.210705563876615, 5.427229129136112, 6.129000734606834, 6.642452407312395, 5.857079867733117, 5.5055689706012645, 5.655230104163379, 5.721145857449362, 5.271509913227264, 4.877622882653776, 3.6884436844236963, 4.279822059648404, 4.915059019585455, 3.435543636787988, 3.729945799070144, 4.507157976187712, 6.080993819248446, 7.410023011538757, 4.380706183010019, 6.437378198362593, 6.571025409978836, 6.516508144493376, 6.978358613212737, 6.025146345287908, 6.234224216888451, 6.193377856906592, 5.99720292950818, 4.609584857490308, 5.63141054707215, 3.4290604907803854, 2.6895085915115984, 2.580512470132181, 2.97167384062352, 3.5579430796372122, 3.8099391411647083, 5.672943663268011, 5.75621874555754, 5.879425700740157, 7.17143770684691, 7.370390365437691, 7.230808863447083, 6.086768788102474, 6.147742675872585, 5.589293781989824, 5.73937991527248, 5.491889274926691, 5.078486647822252, 4.266931029348258, 3.4034895605714635, 2.0020577331468883, 1.9195647766345756, 1.790543878253692, 2.0966077115857904, 3.1379702331656674, 7.132823171211157, 7.288673817787143, 7.806211137020726, 8.054816587244318, 7.534587307193738, 6.332536434938987, 6.2475353735981445, 5.409035487524056, 4.6619163533936065, 4.874027683089629, 3.1953123396456165, 3.322992608712494, 4.194642656152605, 2.371527213955213, 2.235399163486398, 2.434223604627431, 2.353255768264833, 2.99539025017749, 8.961433403516445, 9.559708210429628, 9.067080553302597, 8.452523867462617, 8.001727083832527, 6.975695538992218, 6.662350170472345, 6.425330327966577, 4.5959825887588615, 5.21485222321226, 3.7174448996722314, 4.194195255688226, 4.535922660273589, 4.795194518988616, 3.8463249533695882, 4.648801540231429, 5.065876298975189, 5.841134124564987, 8.745557236464467, 9.158141338460824, 9.31263973309721, 8.180462985706814, 8.024392837689007, 7.505840552110305, 7.194399931336647, 6.514324729223036, 4.859839142892627, 4.458583535731185, 3.8850343312647238, 4.3507422891706575, 4.310631078992103, 3.9427772176568863, 3.9134928622589245, 4.424177540149776, 3.5616447950270977, 4.961675304551372, 8.510794026129568, 9.24722030959753, 9.725084127467142, 10.153897317877659, 8.771047684395862, 9.311483557834473, 8.028223159619737, 7.4242933228502395, 5.554863263017791, 5.117919662602806, 4.883915749488838, 3.9631186884520333, 3.663160101794556, 5.434234017273395, 5.963970742762473, 5.553475578869174, 5.833073941401632, 7.572852200732835, 8.727232455326966, 9.58480575402487, 8.429484395673592, 9.452617292739589, 10.086228733227005, 9.78226427318126, 8.473095119235, 8.206256431310003, 7.24199050022134, 6.07434067481671, 5.155866827963147, 5.707248772840176, 3.955161787120191, 3.4933832395625792, 3.926108962069761, 6.272508667679744, 6.941040128671901, 8.835570574815371, 8.78018798261105, 10.096818394939643, 11.469379147835797, 10.185941475013546, 11.49240203970879, 10.175159150542905, 10.750766277209616, 9.927966525905273, 9.993916333586304, 8.3398522487736, 7.995735911734115, 7.895669766004939, 7.2326334771349, 6.156657523766381, 5.503746777146593, 6.334060238738662, 7.606803798955979, 8.547451122634882, 9.324864497675359, 9.506586878140716, 10.137292681499115, 11.36555244521034, 11.070349288264763, 10.625650605780782, 11.080992327028737, 11.106756569075728, 11.51803280102635, 10.91183187171037, 9.327451941647691, 8.394510526539529, 7.381819809068768, 7.437111401054401, 7.447162131309348, 8.307759289866512, 8.516209446944318, 9.504620921726932, 12.43410748100826, 11.544191239822778, 11.4351349960398, 11.873417493720467, 12.588748465024466, 12.557576717053495, 10.99434329355709, 10.92968003004398, 9.833792253994979, 9.461166670886174, 9.402209317671199, 8.761988614569384, 8.523021336873116, 7.977744943033567, 8.086641351963472, 7.691496860880358, 7.26666566670136, 8.810752006138157],