{"west": 7.0, "south": 46.5, "east": 22.5, "north": 52.5, "cols": 18, "rows": 12, "source": "formation-steer-fallback", "hourIndex": 10, "validAt": "2026-07-22T09:37:23Z", "level": "500hPa", "u": [7.0641082160597, 6.993151534655111, 7.5161207737210765, 6.261200301084121, 8.097917840318576, 7.113481600124371, 4.878396803728767, 5.366861430296692, 6.879044342353195, 5.775060525013224, 5.70945014043047, 4.872717656093691, 4.8749494525589, 4.649072559254723, 4.044504326457816, 5.188141319162352, 5.289633771678335, 6.9527747718706046, 5.614879551231642, 6.079297025349465, 6.573012093725468, 8.082938338965825, 7.100378750037141, 6.521465634892195, 5.667017619127685, 5.446855975060708, 5.615895253334845, 5.421964025915775, 4.481378362236625, 4.308282544520421, 4.245521727509158, 2.970996790737571, 2.9950083251164186, 3.4436089978668054, 4.128459205726505, 4.5011413314681805, 5.5233609944731334, 6.953634463708474, 7.181707827443153, 7.822932686557593, 8.42095299542432, 8.11579278706158, 6.256530201504249, 6.364861338358741, 6.7851958075011565, 6.110999515178195, 5.450285539121945, 4.519879236683581, 3.2624524847401055, 2.381611178053958, 2.3039000172430715, 2.0154242125009962, 1.872970663423953, 3.0455098000382956, 7.67689340448132, 7.864049753714364, 8.49853170869705, 9.001720316838204, 9.25307708131319, 8.316668747802966, 7.083942884830219, 6.962871640257742, 6.474108469626737, 7.091045011494539, 6.223856088539723, 5.6259217705408044, 5.129176878390561, 2.9444773927643406, 2.702424085617362, 1.0510555039521472, 0.8930855613476041, 2.0103883453675273, 8.320744891932863, 8.447642297267727, 8.678979729349441, 9.575597702870681, 9.310315525202682, 8.429544585993165, 7.064483692267291, 7.433532141935642, 6.012280244170101, 5.96780359770678, 4.671868526481644, 4.970742270599999, 4.690596329445886, 4.197699555876261, 4.09169657465919, 2.3273311117779, 2.4121817252281352, 1.7199966956296457, 9.310315525202682, 9.93376651372787, 9.655827970254986, 9.805898614002679, 9.364552760170577, 9.341232143762335, 7.026923463438709, 6.496932891893331, 6.651075432678644, 5.684110323271912, 5.203473542351588, 4.656555140231347, 4.606729447806597, 3.397722564713923, 3.5012260684473233, 3.47468792466241, 3.224207783937877, 3.6282270647914685, 9.376802877723142, 9.61710097932947, 9.790685902800446, 9.905982269824833, 10.689744939917391, 9.181236904800611, 8.286291048558883, 7.012841899253567, 6.800153207577104, 6.358998129612948, 5.388155884328347, 4.8547928474862365, 3.299543276656407, 3.8490015673435782, 4.191071804964539, 3.859831731772336, 3.4810525917371598, 4.190743934086157, 8.582442352285987, 10.195261243352231, 9.59423639942484, 10.669891932847968, 9.938895459360095, 10.155580337460245, 9.364959993023302, 9.78226427318126, 7.199614612741979, 7.592775748820578, 6.253590517954577, 5.329747188478928, 5.207077958713485, 3.438108223580274, 4.415175189737214, 5.383407219130727, 6.963639006401719, 8.37130818012374, 8.949525787967508, 10.101578089731742, 8.90015843702087, 10.048779872606378, 11.245650505045173, 10.071886436331495, 10.306314074825186, 11.09957234073052, 9.22993857535425, 6.968912748620513, 6.820643733012808, 7.148954830864706, 6.140892101433182, 4.078943818156124, 3.7812698617910177, 5.216906593587362, 6.622049723955967, 8.34738687353935, 9.543100579164152, 11.070040911831947, 11.851359222855574, 10.918267273286384, 12.090271496413092, 11.245365560415776, 11.302728799758382, 11.249072169404773, 11.09908175136862, 9.899618574165059, 9.335144775321886, 9.431868524731946, 7.184520363935296, 6.484246662101516, 7.517733064683182, 7.874369762152864, 8.552246218601912, 8.912290307745735, 12.032772304791912, 11.633133414864965, 11.414285127979277, 12.522019454277126, 12.038711633146471, 12.42908798255998, 12.522542958207273, 11.668461971029346, 11.11187861382162, 11.118468968951284, 11.444303550865744, 10.927284225866115, 9.2684428847536, 7.18641121203008, 7.600104309361027, 8.020445505131125, 7.894492490083656, 8.160152045231474, 11.63995073901775, 13.04492825811929, 13.357674069383915, 13.001255359813948, 13.58052837456755, 13.350680524954653, 13.047814144325695, 12.484900897235526, 11.154477987914035, 11.296957267528182, 10.242179526074704, 10.799295713384867, 9.673733987795261, 9.065423533304054, 9.386134803769886, 8.726051302848012, 8.477470397043678, 8.112092214636796],