{"west": 7.0, "south": 46.5, "east": 22.5, "north": 52.5, "cols": 18, "rows": 12, "source": "formation-steer-fallback", "hourIndex": 11, "validAt": "2026-07-21T11:02:04Z", "level": "500hPa", "u": [11.056699696901552, 11.045538319510403, 10.87100374778217, 10.490235029315443, 13.261189771705844, 13.97024703698938, 8.24204638022486, 11.612886747702783, 12.591754711114923, 10.831378466439892, 10.973828998580816, 11.331141994596459, 13.19062423533819, 13.481208817766115, 13.831859673143923, 13.431288117817969, 13.448590627710228, 14.01958433786271, 7.109147459306272, 9.030859260758234, 9.92754726237718, 10.586496865620047, 9.737573527974835, 10.953867182847558, 11.213315901474875, 11.382785214728534, 10.907496932174126, 11.973960112396982, 12.631488879626577, 13.413724169954177, 14.511236102203092, 15.439952425592443, 15.730754246112397, 14.224685673625237, 15.15281620443572, 16.86458586785734, 6.812732117021273, 8.584186376584126, 9.14605397346968, 9.679483858737191, 8.704544362061732, 10.87944083086961, 10.53306325643762, 12.62218857389443, 11.85137083819595, 11.658756186131143, 12.032491749704445, 13.350467812646537, 13.45692585857751, 15.494746894484631, 16.043571964864572, 16.932334783599902, 16.476078360967843, 16.640520737581994, 3.8054187466106173, 5.620006072145384, 6.2093014722523, 10.130160616155612, 10.362688435003193, 8.877793849558941, 10.142064792422445, 10.421154603343119, 9.543352531683183, 11.188847075564011, 12.402415020002898, 12.737577800260295, 11.620309347427366, 12.873722697889301, 12.599277326822023, 12.69353625944164, 12.368052887230226, 11.836312439008056, 1.5152104132987536, 2.9917245153241643, 4.649920683477236, 7.301095831042409, 8.44201160041148, 8.939766811110415, 8.506672173528873, 7.831531307023019, 7.541472384818491, 8.20002480309239, 10.372238330101938, 9.765366294066213, 9.36232677781912, 9.423909102061401, 9.745909835041955, 10.249303706324135, 9.368071247124428, 10.818663061569923, 0.9756832868448854, 1.5546890023318218, 2.6352338623383975, 3.1476389064022454, 4.780247436594779, 5.548332185758518, 6.46796996014614, 6.712366180717757, 6.729261339432708, 6.590155629524106, 7.036297706523886, 6.62102010250362, 6.837279642417686, 8.139142721439987, 9.785137998099653, 12.950427244334913, 13.12289664475833, 13.342204981675978, 1.1342549170975382, 1.7373183636897487, 2.4630547350713297, 2.9747466254987778, 3.6479516129209215, 4.417476680351114, 5.2829849964659745, 3.7297217571954855, 4.4199816186203975, 4.651973703258827, 4.738553920532229, 5.764625724719191, 6.72792791312387, 9.894490544343661, 11.370134757217901, 14.360428616252621, 15.19228562656045, 15.990488070865636, -0.20682517477836354, 0.291853981868172, 2.029158333857063, 2.6856747600691686, 3.3081156543801167, 2.3553971784046306, 3.244443257979693, 3.8146238431183934, 3.626799754993955, 4.674996781419767, 5.014750190179287, 7.591835505069843, 10.004687456769211, 9.958775791848407, 11.309696290413468, 14.276630325201154, 14.446451212474534, 15.52590328887449, -0.8185376839717541, -0.5987614567334574, 0.7461499976341182, 1.01861680229752, 3.2522090450718153, 3.5556063633816644, 4.607252939512993, 4.49679628310034, 3.977176845184792, 4.272076823443448, 6.676480521765069, 8.946013114540932, 10.809484042983959, 11.55067202372168, 12.637867273989052, 12.647045327361692, 14.036697132563933, 16.006583033353326, -1.4855920995178518, -0.6907828580494627, -0.6878287346903387, 0.6481632509300418, 2.3256207545404264, 5.57659610462077, 5.614426671914422, 5.519704536435516, 5.5451583413943535, 6.147738455564664, 7.580609627357299, 8.010468744112057, 11.42158859368241, 11.731977857402304, 11.800451979331955, 14.337544550733535, 13.357140373290985, 13.882072639906747, -1.3054807854963464, -0.6965202837872256, -0.41792802834601833, 0.2642417504189222, 0.9254260235344848, 5.357531863761332, 5.894281000019914, 5.355530673338284, 6.32696798515244, 6.237555567652939, 6.033160621173812, 8.25188909871511, 9.997154735947092, 10.647562553745836, 12.109420106366967, 12.128394934973219, 11.627915391439256, 13.770434589647516, -0.4376268271469371, -0.35374733386202656, -0.8133411070582383, 0.14941472154599358, 0.11340069549217746, 1.2298795240872398, 3.0624813421716, 4.306538725036996, 4.965512696602953, 5.597395532009743, 7.384386821493633, 8.131727983645296, 6.9603319121069775, 7.457193789587985, 7.227475316867662, 10.399010683274867, 9.898502428286202, 12.229465246228763],