{"west": 11.4, "south": 47.8, "east": 19.6, "north": 51.4, "cols": 12, "rows": 8, "level": "500hPa", "source": "Open-Meteo", "hourIndex": 18, "validAt": "2026-07-18T17:52:36Z", "u": [15.99756312250226, 18.34658568985631, 13.657117932809326, 21.030153898281323, 16.635389230533953, 17.039762583621503, 13.36197393033211, 23.63538607229299, 15.0063631421482, 12.993991185577745, 14.002069923178423, 14.979939832359587, 14.666666666666666, 15.988734916664406, 16.00987948355394, 17.037842783573932, 16.629077145357225, 15.955417459842296, 17.65399168641049, 13.341566236294952, 15.994459319361912, 17.642021880295516, 16.671565288541636, 15.991021331999077, 14.664432862293738, 14.65864951631797, 13.308574520485575, 6.965475454775978, 10.632443746218133, 13.368582082779227, 14.678146172733296, 14.312118583970527, 15.356894624006012, 12.34610425743922, 13.36197393033211, 12.620002464936826, 11.678417614768767, 12.32582019990218, 13.647050453109083, 12.683314043630597, 12.661577276165374, 14.348916725868248, 12.683314043630597, 13.024190625930851, 11.670456514322225, 11.993246610314573, 11.00082191051439, 10.006739385734504, 11.659559648556117, 12.682534159861337, 11.663157254067382, 12.683314043630597, 12.664360833567784, 12.69387667734098, 12.370534697424395, 11.990164963884975, 11.000719847357985, 10.331977468548171, 11.004160508255314, 9.99728538225008, 14.008553195862772, 13.675080311502661, 12.677047149523341, 12.0171395690333, 11.00082191051439, 10.969732238731405, 12.020297636508191, 13.013382877075111, 11.653558410644463, 10.669871130144212, 10.007143786813685, 10.347183060343987, 15.00070525513812, 15.995227150506395, 14.678146172733296, 13.671200837904456, 11.962367771676856, 12.335528075920772, 12.342385558138094, 13.650529687585882, 12.9840358561969, 9.65658713370304, 11.66864892014015, 10.63265407645138, 10.335871965192068, 12.661577276165374, 13.316390885398215, 13.66097830297999, 13.650529687585882, 13.675080311502661, 12.664360833567784, 13.671200837904456, 13.306356810795604, 14.666199721906253, 12.342385558138094, 12.627917077474537], "v": [0.2792385029965379, 1.605118262269375, 3.659413721032862, 4.855193589588428, 4.457439110098968, 5.536554482551147, 3.5803301239182033, 4.167556264006331, 4.30300538803204, 2.2911912331053323, 1.2250223841754204, 2.372589386443506, 4.4903715968736284e-15, 1.1180412597322371, 3.9917112773945207, 6.540215079201725, 5.084019087678708, 6.772672893814081, 4.401634489382847, 3.326426064495434, 1.3993338696707371, 3.429261666906234, 0.8737197139446963, 1.9634505326384841, -0.25596862774681745, 1.0250326280734026, 4.068839557391426, 3.7036089953109164, 4.0814127587103615, 4.603171961630355, 2.324789966570102, 4.10393396438643, 1.8855895632407513, 1.9554308130028897, 3.5803301239182033, 5.098811965938808, -0.6120399327299819, -0.4304271259975142, 1.4343628015061336, 3.636881778140959, 2.691301331140992, 2.272645144890025, 3.636881778140959, 4.2318160618569225, 2.2685069450322537, 1.685540889405243, 2.9476613470009307, 5.320677711573429, -0.4071607948625135, 1.5572193879546599, 1.6391498557518875, 3.636881778140959, 3.3934052580108274, 2.9306123468686907, 4.259516687481135, 2.768147696509232, 1.3507185560737158, 1.0859345906139553, 2.339006521699789, 3.638714302603641, 0.7341571639635135, 1.6790887313598073, 0.6643758889729222, 1.263052264484146, 2.9476613470009307, 2.735061430807357, 3.905631456683367, 1.5978425024230423, 2.054836769058677, 1.3100954416053334, 1.945191702866442, 3.971911440793741, 1.5766376542871063, 1.6811661175547599, 2.324789966570102, 1.9213619771431325, 3.430153761278209, 2.621997434201739, 3.3071322429766536, 2.4069566848832857, 1.364677159327698, 1.702716853234068, 3.345931235889682, 4.7339625957988964, -0.722754575182185, 2.691301331140992, 3.074331076032827, 2.655425185656914, 2.4069566848832857, 1.6790887313598073, 3.3934052580108274, 1.9213619771431325, 2.1075198762364478, 1.2831262126738594, 3.3071322429766536, 4.103058980867361]}