{"west": 7.0, "south": 46.5, "east": 22.5, "north": 52.5, "cols": 18, "rows": 12, "source": "formation-steer-fallback", "hourIndex": 23, "validAt": "2026-07-20T23:11:37Z", "level": "500hPa", "u": [16.514648926605638, 16.056763083313772, 15.670743205264365, 14.738107550419585, 14.433941042285962, 10.103915804023151, 9.573246722989726, 8.482228915658501, 13.465701306840998, 12.680390993631852, 11.934897573394402, 12.065143375310866, 12.493896914137745, 12.069464438837528, 11.843320884513869, 12.523585347636873, 12.521745414370233, 11.347220031076812, 10.732287091033198, 12.8410658368596, 12.257255639269047, 13.672138926365676, 13.959637174817294, 14.146539561355489, 15.254219813524818, 16.479120451542595, 13.593192408714346, 14.426622595179703, 15.102029335004275, 15.09913527848299, 14.721450328216633, 15.138812230477319, 16.445162529473556, 14.719907217841428, 14.470745172064607, 13.783433868424739, 11.151942086936248, 11.007675971950388, 9.917387180613554, 12.714240495260988, 12.503898082862674, 14.604803260206864, 15.312319532903464, 15.943315906739281, 15.94828670602563, 16.625009974120314, 17.206665093241828, 15.87678396803893, 14.556304526040494, 17.06019594805824, 15.961187112579765, 15.787844583627573, 15.772768803993667, 14.44536217658015, 7.594326526045166, 9.614411127200846, 10.079182892737721, 10.466468394898676, 11.297124597109864, 13.43899950168575, 16.089187139836362, 15.477141606206812, 16.045986899635423, 16.77622024896606, 16.359821095790583, 16.63655029376898, 16.19638441319546, 17.66033445558903, 17.017028051708333, 16.640520737581994, 16.543593142943482, 14.788453137912779, 7.703532833866668, 11.327699344672416, 11.155640016665528, 12.024659742026454, 12.672722719965767, 14.358777402388194, 16.071178183468906, 16.703214791651327, 13.892476915899172, 14.882317168955108, 16.044985042100834, 15.536765561004211, 17.043039571962932, 17.66381388606872, 17.05270426018566, 16.476078360967843, 16.40928621363476, 15.34255435075175, 4.373344941726448, 4.18469335652896, 6.157118608675157, 7.454836056382187, 7.982886943709258, 6.770845336474005, 7.4428381919143485, 8.110029826687189, 10.301493848055937, 11.691017273825832, 13.153847966230465, 14.295631618637852, 15.575907902063298, 14.927192443527412, 14.563199379999805, 15.512492984151773, 16.682496676880554, 14.727875586743519, 3.9427598402238586, 4.453350325338152, 4.933283896032751, 5.27468806348364, 5.949466745886795, 5.9434068774523405, 7.222929875878343, 7.255068127243872, 9.372825487996197, 10.213945741698524, 11.689012597398124, 13.10078486665576, 14.97074310723164, 15.538086922384522, 15.39700639359116, 14.094591792601383, 14.762690928325636, 16.084081389949226, 2.7597287346168646, 4.0206635131137745, 3.9576774108222166, 3.4872444637741338, 3.3957533724806894, 3.726110630552898, 4.293862693158921, 5.19957776376264, 6.1472256358710995, 8.405690138887328, 10.686776400157967, 12.417005207950252, 14.618767754960547, 17.6504839974421, 17.325124790634955, 17.824565617323657, 17.815265353019022, 16.48995422379394, 0.14449448039446977, 1.6467027032227441, 1.8898996594449158, 1.5107148476519248, 2.503647491707197, 2.9830819620413194, 3.6448257858268813, 4.484105468442459, 6.835702824941219, 7.719428946472148, 10.601808884077254, 11.5796130429336, 13.551275292027862, 17.703266828023512, 17.947235195842286, 16.99421148880488, 16.84506649117327, 17.50348673670758, 0.7783799247266915, 1.1584336969365365, 1.270329644600441, 1.12365837780339, 1.2626937375473086, 1.9283839966613483, 3.734427808055151, 5.296618843086691, 5.46570931288191, 8.052323123977114, 10.682770157922628, 12.058369864302833, 12.367416777983998, 14.82195990978313, 15.105833120585602, 15.222997276353556, 14.059079557978418, 13.712193586728683, 0.9044614710055567, 2.067288010503511, 3.0825797323864927, 1.3906621809848865, 0.39887139222856216, 1.724932487412756, 2.968280487331771, 4.389271064913468, 5.3714979954063535, 7.916131777726839, 10.649109651141545, 12.239864588204355, 14.381197438772354, 14.866008969704893, 15.490695888152144, 14.07693567162496, 13.399144154243142, 13.504284777881738, -1.5242713382557578, 1.1400709363559804, 2.3811154421488485, 0.8534055192691692, 1.4961599974096667, 2.4784844837037636, 4.9662230430351455, 4.721181263677066, 6.675318691846454, 5.479687461542915, 9.208819214008138, 10.992668465161408, 13.889352905248238, 13.773076137728642, 13.255308968107569, 13.90838457371946, 12.780323649024577, 12.25734352962067],