{"west": 11.4, "south": 47.8, "east": 19.6, "north": 51.4, "cols": 12, "rows": 8, "level": "500hPa", "source": "Open-Meteo", "hourIndex": 14, "validAt": "2026-07-19T14:02:47Z", "u": [20.98720736740101, 20.671743930384135, 19.372179071686315, 15.41626828170038, 14.415074775874752, 10.962194602326305, 11.979532650709393, 11.595910252707577, 6.033668038358158, 14.324698078440385, 13.315390355861917, 13.024190625930851, 19.001700869635645, 17.64447224146873, 18.025312215861263, 19.970483313016203, 20.0811323129999, 20.002981552433194, 12.219304259551013, 11.37661313629821, 9.607405308880022, 11.378611555278875, 11.966563094881721, 12.967270245982474, 19.009137179951093, 18.68377110959135, 17.64738202458785, 10.012511657662865, 20.32864937538531, 18.753605755446287, 20.0629218543395, 16.657671763742094, 17.064919704447316, 11.718091546570786, 12.928940118923522, 12.656941734971054, 19.654686264708882, 20.686583578020386, 19.976143791227848, 21.67981212643502, 19.64577484856358, 21.39455144056088, 17.597743179427628, 14.323926948034336, 18.613827327455386, 13.969236695021126, 13.95454639442525, 13.007547170051831, 14.664432862293738, 17.33069338271078, 19.973253109812784, 21.296425597033036, 19.651643894599, 17.003374503261348, 21.296946934594473, 13.3337135664773, 8.581748084665508, 13.335321034955463, 13.658853062516513, 12.677649660955534, 13.988187364129208, 15.664280557450128, 15.991021331999077, 19.298103889267036, 17.027153877111996, 15.595576765645744, 13.999910780171847, 6.667569270742274, 9.750799417967784, 6.635545179725347, 11.721974606507263, 10.660034361290935, 14.344892620449295, 14.334134822542337, 14.309207019495727, 14.998681580433033, 12.001173425138346, 13.75809494825736, 16.208695310709935, 8.652059265184327, 7.016272559676158, 4.702651119936702, 8.30839073629355, 9.31206760516078, 11.038674279848092, 12.020297636508193, 13.32856411597154, 13.991698018657752, 13.567547900831775, 12.100644312491577, 15.420255128655931, 10.665527282897088, 7.694444444444444, 7.698549310943501, 6.722222222222221, 8.424921949525446], "v": [0.7328894307525183, 1.4455091503643827, 5.190759737889445, 11.200574529795464, 16.5826466098948, 14.030969251719684, 9.027225347280726, 8.424921949525451, 5.626486470515611, 6.6797164147349415, 5.379766911000742, 4.2318160618569225, 0.9958369451782314, 3.111196516532504, 2.854928986984219, 11.06981966229136, 13.544894772958086, 18.010765487825935, 15.089584084956186, 10.608863378749975, 13.720796741840612, 6.56944444444444, 5.079504670360561, 5.7734006836592755, 1.3292483607908396, 2.9592186303443726, 5.733982006735141, 3.253262246336255, 6.99971532082887, 12.178733977419355, 11.583333333333327, 13.014399520078495, 15.913295068124961, 7.609817628126628, 7.768490963226655, 5.372553016727517, 0.6863567684825173, 3.276432962231509, 6.107320054208288, 8.322100161663077, 6.764582764832034, 8.21259884374646, 14.766259811410228, 9.661610721077901, 12.087960804916852, 8.728947880285851, 9.062188388166701, 6.344204652141932, -0.25596862774681745, -0.3025083782462388, 3.163452515258008, 10.386960783641205, 10.01301268870001, 8.663652036696355, 16.048400617387955, 8.011703387489737, 13.733667779422122, 12.007176991883956, 10.671465572311408, 7.31944444444444, -2.719028184115766, -0.27342103418410046, 1.9634505326384841, 4.811557701371172, 8.304697836393087, 11.752110035441387, 15.013066263793526, 2.038480496816862, 13.92558475291286, 7.369519519317492, 10.930918159890599, 8.32853162454432, -3.3117794111735646, -1.2540742984246311, 1.75694970075754, 4.0188846170085855, 12.00117342513835, 14.246924378929396, 16.784595341235192, 8.355196511354054, 12.657690761656255, 13.657490536434578, 11.025606902597353, 10.342098821227067, -4.914734437165921, -3.9056314566833596, 0.9320239964145685, 4.012054845780763, 13.102028709490538, 13.920198924108911, 13.884460081946308, 10.665527282897093, 13.32716871379386, 12.32025428582808, 11.643230428657452, 11.595910252707583]}