{"west": 11.4, "south": 47.8, "east": 19.6, "north": 51.4, "cols": 12, "rows": 8, "source": "formation-steer-fallback", "hourIndex": 6, "validAt": "2026-07-20T06:01:53Z", "level": "500hPa", "u": [13.17902061394324, 13.922745551899366, 15.36541264306408, 16.742262465300072, 16.936196993110332, 17.610751331681147, 18.91907597350581, 18.945413500353087, 18.176283533445226, 18.518063474428555, 18.151833811987025, 17.5292660841424, 14.538571805167537, 15.626361281623614, 16.659010011371322, 16.321664773708314, 16.90248158961806, 17.387426586533017, 18.908778094264292, 19.453692582347866, 19.33684316280547, 19.36498012102951, 17.759854904602904, 17.05822940812914, 14.439018747409538, 14.572056802795965, 15.032000752381686, 15.935519441970328, 16.106790938852374, 15.586490435945393, 16.156381097333067, 15.796426291461488, 14.924330998105889, 14.740263994007362, 14.371849851868271, 15.309425050790374, 15.958886315784873, 16.602350955115572, 15.886863960051103, 16.512731494576027, 16.661566538533386, 16.56859967201957, 17.73165993175027, 17.995417382206707, 16.479120451542595, 14.724638001469717, 12.2475400406323, 14.182987695504847, 18.554982886416884, 19.54996393721543, 19.188280833369426, 19.170517213776698, 18.49705532448769, 17.888207734814618, 18.4318321507313, 18.144444444444442, 17.601147613405054, 14.926072111862123, 13.677726829389954, 15.049903820283003, 15.84229823742888, 17.62069198991595, 20.060568045751413, 20.91183978807622, 20.476831408410487, 20.240483668871843, 19.34981295881107, 18.75036073833858, 17.431041674591395, 15.929759612715129, 15.140528061513681, 15.203029352762448, 13.787434575440058, 15.11268234883614, 17.545398131071824, 19.4042842041906, 20.066967289578457, 20.46558613806527, 19.16640393474235, 19.54997022365477, 19.92112675434021, 15.552756484276157, 15.483525647627493, 14.850844587781207, 14.140498404797277, 14.14199925850142, 14.964111860117065, 14.985001771127346, 16.068236258377393, 16.65902768458383, 16.37312537824504, 17.165766169285998, 13.999180222709766, 13.912717391871222, 14.648843932116542, 14.663339591433209], "v": [-2.5140326373584716, -2.7063075844239934, -2.4336422818272574, -2.293404680289139, -1.750185706215081, -0.8921221766860469, -1.4557435587063845, -1.0592130572452834, -1.0798702188623017, -1.6526931359085908, -2.810052340078337, -2.432386674451837, -2.53738697162362, -2.419088536241351, -2.6385279770118926, -2.0619057660683127, -0.97459095644045, -0.8808090331411151, -0.2970428229413213, -0.13581460137993034, -0.9119023749875013, -1.4900540129519892, -1.5225566549235778, -0.059544695391357205, -0.9590385670383357, -1.892579738598077, -1.8190719680212812, -0.3894557064694443, -0.9005094173549968, -1.0352535524983357, -1.1297642226808964, -1.8836097958092501, -2.7391273081421765, -1.8359969357493986, -1.0049776418719611, 0.8559297432285137, -2.356603301045017, -3.3174770809948457, -2.801282755001938, -1.0678304451746392, -0.6691976404804316, -1.187651991970726, -1.0224010788318683, -1.3846719034833457, -1.4997174451060464, -1.3918880951789714, 0.684743794582811, -0.09901754189275709, -2.70687926349186, -2.5044081398080067, -2.5602632880607934, -1.0382380998452048, -1.0665334995008697, -0.15610802391535702, -0.06433949296032417, 1.111026790559793e-15, -0.09216023560496978, 1.621490326641815, 2.2643329931887135, 1.3431681327916885, -4.995057447320981, -4.328057069175803, -2.7836338476578786, -2.124147224398205, -2.804976990826225, -2.880647408501686, -0.5742890417476041, -0.19636049632421362, 0.6087053883194563, 2.9236579899538624, 2.9704535085226467, 1.7321663973347632, -8.251609368140237, -7.047159514526162, -6.5250750747269795, -3.4564294582935933, -2.21541381391588, -1.323450088421078, -0.10035597343553879, -0.034121169553308614, 1.7428727556677523, 4.518493454893684, 4.527699755715207, 3.2651699469791793, -10.694374949400736, -9.538898945038488, -7.137515225834189, -4.296880113458329, -2.6889005788135405, -2.1932026020530335, 0.6862372754872607, 2.2599159891877285, 4.360259091165535, 4.094735406046272, 4.844641935197084, 4.48303280574863]}