{"west": 7.0, "south": 46.5, "east": 22.5, "north": 52.5, "cols": 18, "rows": 12, "source": "formation-steer-fallback", "hourIndex": 21, "validAt": "2026-07-20T21:21:51Z", "level": "500hPa", "u": [15.118057237655494, 13.876789576693765, 14.423269069405055, 13.821151146283448, 14.372810617873123, 12.807707347408384, 8.880502476932397, 10.371788108216084, 12.011021911083287, 10.894742550891706, 10.209439998688378, 10.306601223739548, 10.96823530396643, 11.625841528120114, 11.131291696383908, 12.104289191458648, 11.713327512311754, 10.783776598985204, 9.964101339582891, 12.490201682731263, 13.383070982258003, 13.592252901865931, 13.528737701389923, 13.98360107409352, 14.280290160431232, 15.009955319470931, 14.40058075090245, 14.602440228412467, 14.385586695777729, 13.990613954951653, 13.473144161014856, 14.758243420516223, 14.33746341391908, 13.565451683671816, 13.12194846013532, 12.604498347612621, 11.052508429379904, 11.494938391372916, 11.052508429379904, 10.700981412790888, 10.535871026386022, 14.107059292756936, 14.24800076438235, 15.918323096605661, 15.886808230561465, 15.78338088736936, 15.205624489874051, 15.08297434789098, 15.82406398230571, 15.468260723363823, 14.88590705598322, 14.8081147510022, 15.25818958752551, 13.034955684302702, 8.307203354250912, 10.93067873476539, 10.042120072221778, 12.253661240550098, 13.097502765260835, 14.163889706150016, 15.206601497755523, 15.01417549487358, 16.262097346178965, 17.585582282627694, 14.862151681450245, 15.014679507747903, 15.200444193846582, 15.643242528479455, 15.217986205094038, 15.123589596244878, 14.91173970481761, 14.84685524350547, 7.736489220368569, 10.061161996979378, 11.0278449091707, 13.945832105615422, 14.047162897157584, 14.733918948430112, 15.79380336132728, 16.05953806020455, 15.460341024009772, 16.12115969229889, 17.375118286458523, 16.562370287480014, 15.751769718050241, 16.13155132033772, 15.899587185273448, 16.115754168497027, 14.217059561357875, 14.482977375432196, 5.127842617668223, 7.010034541633624, 8.761257237979086, 7.075701621303452, 8.252924906765282, 8.341319246996191, 9.996205520551413, 10.450606700860227, 12.803819130852082, 13.910523075783907, 14.963118932873867, 15.865913388610629, 16.62283715503861, 15.51109427457463, 15.10963016862375, 15.979870212353857, 15.682209857642631, 13.991077618753687, 3.174829665918722, 4.998383731409591, 6.293565243293434, 5.7549982823726165, 5.797070934192058, 6.762252832934959, 9.069180359561466, 9.3519593931293, 10.844332519454111, 12.050516666670747, 13.740832082437812, 15.099049919531296, 16.027212946687346, 14.592521752233598, 14.339363786771534, 14.64991010281215, 15.793114714527592, 15.560619050877369, 4.139736085649047, 4.009068694294119, 4.285067442500466, 5.084545193372588, 4.350327336769993, 5.323859881361843, 5.7683760878074075, 7.698858232918053, 10.16405224810768, 10.300865765899916, 13.404543922435117, 14.969171868779895, 15.784151549764767, 17.605838808408933, 17.760867646194573, 17.169684319816117, 16.385152457438647, 15.751164372680982, 3.550905944879631, 3.044331224045709, 3.561805555555555, 3.148488535082164, 3.162499999999999, 4.648334814323497, 6.291474841805061, 6.31688465242382, 8.708569587459795, 8.433354646167526, 12.896565327815978, 14.383832527821117, 14.800759946072505, 17.894949698507567, 18.23316616781246, 18.629892674137825, 17.41702822898757, 16.990260643121424, -0.5102879822365386, 1.0283374374083247, 2.206071826935082, 2.0618506444070404, 1.8492510323713087, 3.093443684325039, 4.413787584326028, 6.902709216693678, 8.994890471030555, 8.4681094697033, 10.183282006281884, 10.805205669024945, 12.689511081429757, 13.528737701389923, 13.927756564564511, 14.597427305992658, 14.702838381248174, 14.786896202615393, 0.6811475142067206, 1.1401152383377247, 1.0268933084589942, 1.2419835863988649, 1.868114021646185, 1.9326638515225856, 4.655169584119892, 6.094942968480455, 8.27722459175104, 8.49818686017121, 8.188043166642498, 10.679428342233935, 13.484277962374245, 13.301340562637078, 12.873434642835273, 13.55015360112852, 14.77953853942093, 15.414899362921986, 0.3912557726148135, 1.7497327506012708, 1.158772702109746, 1.3203120448203611, 0.6377155598122802, 1.27795562310356, 3.6747181517079075, 5.105010730136942, 7.452247566504648, 7.037678234211594, 11.380878852523448, 12.062405870970416, 11.515709885711209, 13.320326116817315, 12.841353724308442, 11.881143379045538, 12.745179560242736, 13.658800295446557],