{"west": 11.4, "south": 47.8, "east": 19.6, "north": 51.4, "cols": 12, "rows": 8, "level": "500hPa", "source": "Open-Meteo", "hourIndex": 15, "validAt": "2026-07-17T14:54:56Z", "u": [25.99604007406617, 22.984506026288983, 18.350974846118827, 17.642021880295516, 14.010778246787007, 12.658950475575212, 11.96884514764323, 9.35740969933139, 6.972839901730613, 5.665580387511448, 4.659280933030133, 4.341158998223056, 17.311981747653665, 18.01737736182579, 17.003374503261348, 15.917582993484544, 15.281356298090182, 13.69251292195896, 4.9601146033221655, 7.2820061811789705, 3.7261547477071573, 6.327791082155643, 4.312169957236785, 4.659280933030133, 12.0171395690333, 12.016874810574175, 14.983773447864722, 13.714676811233794, 16.045526231228354, 14.324698078440385, 11.043957823066831, 5.626486470515613, 8.029271367370045, 7.977708729921148, 3.993177550236464, 5.011410826267034, 10.661561909112129, 11.01640464708553, 10.668950080378698, 11.013830646217322, 11.340584920694818, 10.660034361290935, 5.375, 5.320341601385729, 5.622498984434756, 7.31649009715965, 4.340849962284083, 5.701370168948729, 12.32582019990218, 9.949572853436774, 8.029271367370045, 9.022289467441974, 11.048109688261134, 7.123531135322507, 6.056139926890576, 3.4301537612782136, 6.293606626840315, 6.050322156245788, 4.287145593275726, 4.997583627731, 8.329294559044872, 11.990164963884975, 7.70151242119968, 6.656827771005402, 5.32085299129413, 7.2768092231813, 7.672880732264847, 4.259516687481128, 3.7058227480239596, 7.660323462854263, 5.015125192933733, 5.688306568149105, 12.348646867489395, 9.637069496429957, 4.0549331077989645, 6.386997795053558, 3.2764896247772817, 4.053547102615208, 5.709979971790194, 7.319444444444445, 5.611827010669395, 4.7065402708787865, 6.01815023152048, 5.7119703544102745, 7.407259966234359, 0.6997599902084544, 8.62385068848688, 8.010734985006058, 6.635545179725347, 4.632625260131666, 0.4071607948625142, 4.9601146033221655, 10.750890013768057, 9.603975229944368, 4.602959233470403, 6.01815023152048], "v": [0.45376256736937404, 2.4157689288524358, 3.567068163567072, 3.429261666906234, 5.660721856062676, 0.4420602915650111, 6.363947851097631, 5.6224989844347615, 4.357113950361909, 3.012442527876133, 3.0257724167501503, 2.3082351836972963, 2.7419485400107186, 2.5321772535789773, 8.663652036696355, 8.463529006890088, 7.1258134687945685, 5.256063259997733, 11.68529772299348, 10.022821652534073, 7.63974939354292, 3.3645461999655515, 3.3690364066431853, 3.0257724167501503, 1.263052264484146, 1.9032859913228126, 6.360234480408737, 8.240609198560872, 9.263888888888884, 6.6797164147349415, 9.944024288944142, 6.033668038358155, 6.979739113982341, 3.3863364469070407, 3.009075115760242, 3.641003090589488, 2.0723976997841382, 3.5794468515098115, 5.672781383662848, 5.6118270106694, 2.6181803269466553, 8.32853162454432, 9.309773090682715, 0.3720345266353371, 9.357409699331393, 6.360127808824641, 4.340849962284085, 4.296290581946567, -0.4304271259975142, 5.069560580424942, 6.979739113982341, 5.63775217225882, 9.603975229944373, 14.605403252361464, 14.989472315496398, 11.962367771676854, 9.691304340702676, 6.960099462054456, 6.355954722921986, 4.660322127093739, 0.7287188490845881, 2.768147696509232, 4.269018044946911, 3.6899398874304534, 6.341145668040431, 13.68568768931337, 6.669933461403492, 12.370534697424397, 8.323414169632585, 7.660323462854267, 6.655295917060776, 5.304431689374987, 1.297895085573364, 4.700312851682891, 8.313844928267294, 6.613929830891488, 7.3591161865653945, 7.312792551359947, 10.301076550752882, 12.677649660955533, 11.013830646217327, 6.977732902338267, 7.986355100472932, 7.310988658462363, 7.943313814808211, 6.657771577326497, 6.038485260473517, 4.6249999999999964, 7.369519519317492, 8.357477201554225, 11.659559648556117, 11.68529772299348, 13.276243508223253, 11.048109688261139, 9.033816148020954, 7.986355100472932]}