{"west": 11.4, "south": 47.8, "east": 19.6, "north": 51.4, "cols": 12, "rows": 8, "level": "500hPa", "source": "Open-Meteo", "hourIndex": 16, "validAt": "2026-07-18T16:29:40Z", "u": [14.309207019495725, 17.660998346582602, 16.00933377798872, 13.656676203490118, 17.037842783573932, 13.368582082779227, 15.309169279224632, 15.024349391101746, 17.0088999460934, 16.0, 15.323692216491189, 15.990253232305532, 14.309207019495727, 20.352693562252302, 18.011896549447616, 16.018269952627048, 18.355722285310875, 15.330997992398, 18.011896549447616, 19.667453892805362, 16.652718766426624, 14.666666666666666, 15.007182730617348, 14.979939832359587, 10.997504693574907, 13.627053076502131, 13.657117932809326, 13.675080311502661, 15.007182730617348, 12.991600863803134, 15.323692216491189, 15.662394419997998, 15.351753537265553, 14.001290194151645, 11.6653749422899, 11.317813169683333, 12.64613825077577, 13.36197393033211, 13.99294484383083, 15.332212553594212, 13.361036663593204, 12.69387667734098, 12.996042765884932, 13.993606816144755, 13.344231594288884, 11.990164963884975, 10.333563231336928, 10.3703259343035, 11.000719847357985, 12.32487463662067, 11.653558410644463, 12.661577276165374, 12.627917077474537, 13.018134327536286, 13.018134327536286, 11.992689924229149, 12.677047149523341, 11.662417281785533, 10.6539837966497, 9.99728538225008, 13.993606816144755, 14.008553195862772, 12.344170637938483, 12.34610425743922, 13.01637028949687, 13.638045485990395, 13.306356810795604, 13.671200837904456, 12.675333704304267, 13.32856411597154, 10.333563231336928, 9.99298154366426, 15.324291030488531, 15.356894624006012, 14.348916725868248, 14.990962462519166, 14.019687279003204, 13.344231594288884, 13.361036663593204, 14.001290194151645, 14.642616806911452, 14.645043244320034, 12.342385558138094, 11.332629066091034, 12.993991185577745, 14.666199721906253, 14.334134822542337, 14.001290194151645, 14.331379550398836, 15.309169279224632, 15.332212553594212, 15.356894624006012, 14.678146172733296, 13.341209464695902, 12.992327602086059, 13.6318100668972], "v": [-1.7569497007575439, 3.753961084209538, 2.2499651321877328, 6.660806035934044, 6.540215079201725, 4.603171961630355, 2.4247342081235828, 2.9204376792354485, 3.6153532903310324, 4.898587196589413e-15, -1.0715369439028104, 0.5583919472400141, 1.75694970075754, 3.5887290051165626, 1.8931266125141684, 4.292082497950135, 3.236609089291953, -0.2676035653716728, 1.8931266125141684, 1.0307275826735272, -2.0446967615752536, 4.4903715968736284e-15, 0.7864931202064572, 2.372589386443506, 3.362274604311478, 6.067154925880687, 3.659413721032862, 1.6790887313598073, 0.7864931202064572, 2.9993473912515385, 1.0715369439028197, 1.3702819554215178, 0.5360950465689718, 1.9677530107964876, 2.6931640117279443, 5.039015078105747, 1.106393734324441, 3.5803301239182033, 2.9742922436429415, 1.6114804753763243, 2.597122437069636, 2.9306123468686907, 0.9087718384998598, 0.9785283122439855, 1.6384656168914247, 2.768147696509232, 2.963101575032739, 5.283944983079727, 1.3507185560737158, 2.3957129419499505, 2.054836769058677, 2.691301331140992, 4.103058980867361, 3.2457854326288778, 3.2457854326288778, 0.41879396043001055, 0.6643758889729222, 1.4319647850104804, 3.0549806936384054, 3.638714302603641, 0.9785283122439855, 0.7341571639635135, 0.6469305702252743, 1.9554308130028897, 3.9795037587261453, 3.4003466437064436, 2.1075198762364478, 1.9213619771431325, 2.0075756346829667, 0.9320239964145685, 2.963101575032739, 4.037426617927055, 2.978740427822726, 1.8855895632407513, 2.272645144890025, 2.643311148929941, 2.220500323209948, 1.6384656168914247, 2.597122437069636, 1.9677530107964876, 3.3805144555564217, 3.1129000375214475, 3.3071322429766536, 4.350188720869336, 2.2911912331053323, 1.2831262126738594, 1.2540742984246398, 1.9677530107964876, 2.014144044449843, 2.4247342081235828, 1.6114804753763243, 1.8855895632407513, 2.324789966570102, 4.334821726648572, 4.987287297838758, 4.429243586040918]}