{"west": 11.4, "south": 47.8, "east": 19.6, "north": 51.4, "cols": 12, "rows": 8, "source": "formation-steer-fallback", "hourIndex": 13, "validAt": "2026-07-17T12:54:09Z", "level": "500hPa", "u": [14.766637757069011, 13.076170166137636, 10.98603927617851, 11.529914843649731, 8.427110177251912, 6.709286765217328, 5.9202458853152855, 4.764845375084652, 3.972787270634993, 2.5519047081445105, 3.340931199638376, 4.46247224342423, 14.558709978981677, 13.337246729211339, 14.81756533218328, 14.407339295694587, 9.323458601520148, 11.828874258286987, 7.2481515044514255, 6.626215020526667, 4.493511011397393, 2.7479463444340593, 4.036707508221549, 3.9649094312685618, 10.78035776543904, 10.968071024678451, 12.048731590474674, 13.086200123004891, 11.074513223641553, 10.044638247561222, 5.870569813307738, 5.500353878130433, 2.715609072988504, 3.8475009865634346, 3.48731235797768, 3.5752245316436166, 11.174836703944813, 12.54117221568369, 11.327082435606187, 9.803626374671397, 7.765995053317149, 5.500353878130433, 5.030467538741146, 5.652610152465805, 3.511200514041565, 3.0628294799064495, 3.8937471535353736, 3.4751670911922554, 10.52622696897731, 10.009050697959234, 9.991446857679312, 8.957610958740522, 7.763544455348351, 8.712058933938918, 3.6011087139103215, 3.7104005343916717, 4.306320832332434, 4.352703153805046, 3.9576781056332884, 2.286460715104885, 9.18510802559566, 8.807814963068369, 6.519614066189506, 7.997497300368041, 5.055518434467802, 5.8078855130663625, 6.1255699788435045, 5.153367593906987, 4.765706089333717, 4.982338741541517, 3.3027029408549486, 2.3530219460242, 9.489799295237239, 7.916936499505768, 9.300545231072844, 9.435401444871749, 8.283144428057003, 6.287118127010598, 7.309333089230029, 7.270182665059059, 5.829770110798346, 3.833102453811675, 2.740562033426841, 1.9722362175153831, 7.8497235519225175, 9.499341819208436, 8.673949253950452, 9.555818940498844, 7.265950177368367, 7.9410737099769735, 5.093245143374723, 6.083260684393978, 2.82291378435311, 2.2984207348690657, 2.272684381757034, 1.9179330356418602], "v": [3.490685248305612, 3.4060872032600726, 3.506092367867149, 2.450759055514339, 2.1167437690741053, 5.317715163382645, 3.4180555555555556, 5.423709674932293, 1.8356854330387553, 2.642574683188517, 2.924764172221419, 1.355802730698517, 5.29893708166366, 4.333534155838672, 5.334651774529663, 4.9608447535409255, 4.2686126239701965, 3.4814270192375796, 4.184722222222223, 6.790134811014194, 3.2170379142442425, 3.7683750418466477, 2.922088911066683, 1.2349317687396941, 4.095073762326058, 4.655669932374276, 6.3257255055692, 4.480407733104682, 9.064384043825385, 6.107235781872453, 6.705897875533142, 5.877806326797055, 4.6658835488806245, 4.2730827464950165, 3.332548074541568, 2.411519396217595, 3.5448670108673617, 4.490389754910805, 3.5931622017511136, 3.318344452561751, 9.288025872741619, 5.877806326797055, 6.848151709439471, 6.344350554475033, 4.832752906675901, 4.406834089017544, 3.4087179561141716, 2.030723685855452, 5.088576936828129, 4.688581953066408, 1.833773650503606, 4.722812492664093, 7.549717092995887, 6.905092824093882, 6.550392433327879, 5.779542800999359, 5.7146807607828505, 5.839599275575342, 3.902800719564777, 2.9160314424900657, 3.785828336157655, 6.517440228724071, 5.548626486323803, 4.862554576327797, 7.301095831042409, 7.380505988405648, 9.996021704601239, 7.965893464770244, 6.487722672100551, 5.2686754960270346, 4.823475992018533, 5.000426169114294, 5.412885952624052, 6.66667956803035, 4.00544758220358, 7.586257532866669, 7.074473670907819, 6.933725242189456, 8.290810961276662, 9.074671347550687, 7.96537074778611, 6.230619114071432, 5.877154246769608, 7.309432376281465, 5.097670079119816, 5.26557115323105, 5.76295810587027, 4.37499549310341, 7.190256962062928, 7.641865982456355, 9.953073718221622, 10.245378663929968, 7.093669091281536, 6.675098499682399, 6.953286609004911, 8.441813785259132]}