{"west": 7.0, "south": 46.5, "east": 22.5, "north": 52.5, "cols": 18, "rows": 12, "source": "formation-steer-fallback", "hourIndex": 2, "validAt": "2026-07-21T01:56:46Z", "level": "500hPa", "u": [14.205232128255204, 14.05341482636483, 14.770238602653762, 15.558249955527602, 15.567524858451852, 16.138685574374854, 14.092160819679597, 8.97370934507748, 11.276320189268887, 5.882320987222841, 11.41009347500052, 11.695212585290868, 13.372516876452416, 13.578061861858165, 12.937104431120888, 13.87924361680701, 13.702650634818973, 11.580983212681621, 8.579311797635626, 11.97072239055886, 13.695627388228111, 12.885432751081897, 13.703978813340775, 14.069925565458973, 13.849616982848492, 15.128384852413545, 14.314334526296168, 14.670394332140589, 15.93302867450261, 15.552117608569585, 15.562593051013637, 16.96021199280254, 17.57993858233368, 16.399101190131706, 15.491899303558808, 14.005651874289896, 7.346942462513146, 10.185249490838016, 11.274997748775835, 14.182793275460162, 14.211618897802524, 14.9698749168049, 14.455936620346465, 14.874088349540763, 15.470551639848555, 15.849746230115443, 17.398344849828348, 16.96281775086416, 15.731061150347658, 16.789829052158673, 17.363663270006573, 15.61966754523764, 16.387499999999996, 15.102915854879374, 7.431086943878726, 8.978538552563897, 9.460793954319534, 10.114299371328327, 10.68364402362651, 12.586034432215131, 13.895812168774226, 14.499597078950467, 15.739702386681014, 15.930486658034726, 15.582208404591718, 15.878908534659955, 17.029764556708425, 17.69354328423316, 17.90409552482228, 18.591833246237975, 18.612354490722012, 16.712789013779492, 7.0103958329275775, 8.905661949918644, 9.223144205389222, 11.751163071379244, 11.849204821574986, 13.306045542722575, 15.06455200493501, 16.10011173707552, 13.467062689378718, 13.18671998525476, 12.116818744189985, 12.841065836859602, 13.964592855426405, 14.95931028123024, 15.734206522337786, 16.415494503853242, 16.70684266002161, 17.029924903014695, 6.351483488821837, 5.625698762796996, 6.042148118926897, 5.640580163206533, 6.124798987099566, 7.383324645084395, 7.022581626079988, 6.399641935570678, 9.205434530640174, 10.02712802437905, 12.136509547577498, 11.761220297295388, 10.714449117233814, 14.133126690224563, 15.638813339410309, 15.588793916043107, 15.588865145659359, 14.25880823882097, 5.114385848647027, 6.196443408735362, 6.5609956488624945, 6.1291488038550215, 6.120050242832874, 5.12560211446263, 5.238747300387846, 6.3560553660305175, 8.050993161279987, 8.929328992918826, 10.6759003717815, 11.377561927998793, 11.722312225967658, 13.664602024900963, 14.385565550387078, 15.748515165182893, 15.888932205614369, 14.882655586849271, 0.6255458455431843, 2.0133066174118723, 2.9564908930746805, 2.273034191251905, 2.5902359270838775, 2.679960695348549, 4.374442983844825, 4.7315492486047575, 7.354256437820284, 8.810565849637852, 9.669148236045958, 10.972618027220108, 13.62186383929982, 15.260775780594006, 16.23596402175237, 16.99815601371024, 17.598056062540152, 17.723243992655963, 1.81617527088963, 3.204657863591153, 2.79831604701389, 1.1885253244346092, 0.9451593044888924, 2.2410705690324493, 4.987889164868152, 5.924222650282813, 9.014855652008018, 8.525125469825609, 10.855965188319573, 13.230834929919762, 13.258804525458453, 14.69071307346932, 15.67144418834424, 17.38541837739231, 17.284999054398693, 16.80088208241038, 1.5805518668536653, 2.115638676106018, 2.5607520133932327, 1.6151723144283283, 0.7133417775550638, 2.5568078268713372, 5.4325195076573145, 6.854625942093774, 7.903693890217735, 9.638141715656497, 10.960177172914388, 11.846615926735945, 14.136416834120826, 15.917775880827334, 17.306929594199158, 17.114673323551454, 17.023795687391946, 14.380640512885908, 0.8664722266029686, 3.1398044388086133, 2.715349927047364, 1.6245534334593694, 0.7556847087713024, 2.779441660971742, 5.816877679366394, 7.276716781075358, 6.227010658273613, 7.971802038542859, 10.415165627110108, 10.69319625052772, 12.23319495693625, 15.045826570326069, 17.71059564453441, 18.355178524780765, 16.975578486159257, 14.411316196813921, -1.7188710333503736, -0.12711169355154914, 2.181872917291781, 3.8093024258446255, 3.8820249615206754, 5.664376452440613, 4.186999931875807, 3.8929003888302627, 4.743476211183505, 5.449601231571027, 4.345739607077947, 5.2111179551860145, 10.86457126459494, 10.597105442088472, 12.04812046970813, 12.352540709602339, 12.927634724681585, 13.12414862008933],