{"west": 7.0, "south": 46.5, "east": 22.5, "north": 52.5, "cols": 18, "rows": 12, "source": "formation-steer-fallback", "hourIndex": 3, "validAt": "2026-07-23T03:24:19Z", "level": "500hPa", "u": [14.392202423894515, 13.368138273614274, 13.573845845706545, 13.414012626631209, 14.051842138762375, 12.465165333540163, 12.460641791029191, 12.133938091541426, 12.284791074433912, 12.350913009890055, 10.918250725157165, 11.931671553001548, 10.66984927571007, 10.971850157373359, 10.387300035689066, 9.9442081326626, 9.722348690198436, 7.800582305115422, 11.759064478854443, 10.86665654134497, 11.314862463055853, 9.10263584368868, 8.130398206723932, 9.752383153261516, 10.423898055256767, 12.315001573018392, 11.937757617983678, 11.037794081475122, 12.44527435241429, 12.607855848200199, 11.316531679404639, 11.585418124271092, 10.366472401878061, 8.684892766475608, 9.614782345608445, 7.319717976049315, 9.024871702853188, 11.74937851803807, 11.862663466092336, 10.318742079176392, 9.450930406523248, 9.427468002272269, 10.642430133744833, 11.69656798623632, 10.834631676121253, 11.461829392356755, 12.210349927020568, 11.650895545730464, 11.227051067100634, 11.774928453239674, 11.46231040208191, 8.523469789976517, 9.382207532307211, 7.190039103061048, 7.83467589527922, 6.302434802025382, 7.087346099038383, 9.993544670394883, 11.080835274245251, 12.053412370577707, 13.436639181733064, 14.391756685370465, 15.60711042115597, 14.569454430150216, 13.1339891791595, 13.316690774338413, 12.321131964859037, 10.86314203965526, 12.331541309932202, 9.590795271877363, 9.973022494888701, 8.188688043867874, 5.907103765793885, 7.362461133918523, 8.106860858581538, 10.96350035486032, 12.722110316508985, 13.002650412372729, 14.117435701301245, 14.49035292960389, 15.546107560471258, 14.595422307879495, 14.493476143796117, 13.302391389245415, 10.664373683636972, 11.516924708655669, 11.680310452930781, 9.03024193906592, 9.964080712730642, 8.714976367411364, 6.739053567075352, 8.763150137653126, 10.061537076971115, 11.420718509587807, 11.91773949719689, 13.917338638691545, 15.000607800634704, 15.449622046299009, 16.097033306423167, 16.957552987191228, 14.939424393739996, 14.59319395332391, 13.181378216359233, 13.897157116712052, 12.667423390738271, 11.198281410685924, 10.395558652461657, 9.183806416898639, 6.237587166248838, 8.193397375027446, 9.156110174088854, 12.03015757573386, 12.760697817286266, 13.477112659212635, 14.136448341987798, 14.930226667435695, 14.662919722340604, 15.692122261287025, 15.453312791909477, 13.961704466924015, 13.841876212410908, 13.679578753211034, 12.582354028329277, 12.083003852401587, 11.429492920772955, 10.464359486940973, 7.678253619025587, 9.533107907834186, 8.867506637634722, 10.811248120171374, 11.984061953223895, 13.474076320471342, 13.834582345409611, 13.300182541381798, 12.27078262203588, 13.27705279050988, 13.415181183633383, 13.28272891063427, 12.166675706093418, 12.994240932542763, 12.681249085384016, 11.159701565688929, 11.546250607063168, 11.674913722331507, 7.289793098836066, 8.49605005698415, 7.789947911985935, 10.40053379594574, 11.734878009018477, 12.290799565590746, 12.343009496292815, 11.956968726601996, 12.399665279642079, 12.121694945099884, 13.721836162780178, 12.647130397611143, 11.73868135743702, 13.281582869626018, 11.97887474282504, 10.718349586529488, 11.255370327803801, 11.177337386660561, 5.756662766835263, 8.05683158908909, 8.585464783963431, 8.023399416778313, 9.463342561908817, 9.42574597500235, 10.43374038669433, 11.312190940694222, 11.681306491002713, 10.362189513937434, 12.43483646411549, 12.694647357369576, 13.207856254427574, 11.59470301799122, 11.748066292949414, 11.079742719033932, 10.751969203103917, 9.99471523013509, 5.886453103782312, 7.860646027962452, 7.489688604384705, 7.7589739640257545, 7.962155693344939, 8.150847934408127, 9.059511054547238, 9.67412123149883, 10.846555597096973, 10.14221396219495, 10.054742754250633, 11.674765821887581, 11.652936286448922, 10.765015435552103, 10.825256928523013, 10.598241525793116, 9.71898856457878, 10.034026716173226, 6.914510493171264, 7.144996919966804, 7.269134910404873, 6.115211240651105, 5.579164056045735, 5.072441979196403, 4.643188243547536, 5.75802290004898, 6.876281829645123, 8.418699052312654, 9.043542508417065, 11.082545013270167, 10.325642392622374, 8.783116588175556, 8.510807428074159, 9.761604104522776, 8.617108412033739, 8.141979811619079],