{"west": 7.0, "south": 46.5, "east": 22.5, "north": 52.5, "cols": 18, "rows": 12, "source": "formation-steer-fallback", "hourIndex": 14, "validAt": "2026-07-21T13:57:06Z", "level": "500hPa", "u": [10.003538662158476, 11.847585863189629, 11.026546513407059, 8.907676581355439, 14.399502412078169, 12.876410250527703, 12.36431106271911, 6.56416444172443, 10.269937847883392, 6.484424707104122, 11.179176238163011, 10.11156638174659, 13.159609912737215, 12.07286501241449, 13.052842528361854, 12.846777591340034, 12.097191030850867, 12.177342530749117, 6.489357033729364, 8.365503240502342, 9.548452452537159, 12.657116781488922, 11.781997823227256, 10.15882592171638, 10.763178641347247, 11.960843328709592, 8.973423305480264, 10.352720657083667, 10.572000698924453, 7.206613146649972, 8.528077353640647, 12.82656187554654, 13.375307560919467, 13.736090189822797, 14.214216886770451, 15.459604023988298, 6.9258850221689805, 9.600180431403581, 10.381323932182067, 10.59147264484952, 11.043152336737247, 12.896035774317625, 12.46355622036761, 14.136204581090382, 11.15956839237751, 10.643071097409564, 11.818562355292284, 12.86896769645344, 11.79043317007694, 13.831859673143923, 14.540816164628609, 15.48265032305682, 15.844347914666766, 15.747435786916476, 2.7401667165317134, 4.7839549957390615, 5.108025711398286, 7.246312756992638, 7.595758934281174, 10.3226900558282, 11.822499089915432, 10.088616078703309, 9.793602481344836, 9.127431198314715, 9.967403481665661, 10.162103449039067, 11.516171693466916, 11.58349350151196, 11.087434523866497, 11.107866239617229, 10.425971138593736, 9.775355084416056, 2.4024216730984347, 3.1034589687089067, 4.848261589634699, 6.5698671322113515, 5.468714726554601, 6.249494805818761, 10.178700521329372, 10.811108710043523, 8.790270423700573, 9.16855223201386, 9.53597778878888, 8.369677521794094, 8.48012851493432, 8.003765023588583, 8.306914981989909, 8.053409191511948, 8.259434093149196, 8.324566929626775, 1.3384481747153243, 3.4301859186709613, 3.459738082725512, 3.93833088038381, 4.501297222792747, 4.683897176953446, 5.220784469889456, 5.459905668171455, 6.444001971049584, 5.860772759876794, 6.717250256371768, 6.979782620367693, 6.6337517853815715, 6.103980433268724, 6.656036355831705, 10.306314074825186, 11.115286498671281, 10.924669491271358, 0.9725762342661877, 1.7373183636897487, 1.9549371713362247, 3.327948213089677, 4.174660913212569, 3.961979686950332, 3.4299076414294243, 3.971781550191034, 3.9376836061654363, 4.9084006997956635, 5.569556306367718, 5.508703876938955, 5.881387147566693, 7.718894731882553, 9.70788512216328, 11.528736653996276, 11.650733867266082, 14.342443186864632, -0.2738259597598879, -0.90587321938913, 0.7558211351502345, 2.780314630807672, 2.9751389947183435, 4.429894056936115, 4.08161180639044, 4.139992013253615, 4.431406640437458, 4.2558908585333795, 4.240943553324357, 6.360855745960654, 8.1661385601835, 9.591932734700055, 10.29611716066262, 13.502491873778082, 14.683642621549353, 14.644923349817768, -1.3766296511055047, -0.03501317294547685, 0.036351255987981716, 2.3431947426682753, 2.923368077574909, 4.653935473837236, 4.629949939853542, 5.147765844772129, 4.770981496266059, 4.04428821079286, 4.718782715289995, 6.405545928100221, 9.503498714549385, 10.70904014259623, 11.763856952019026, 12.847337592071101, 13.99775642107555, 14.626930782225415, -0.5994653807539413, -0.25075805635027215, 0.35219313616351783, 0.7240109258744636, 1.8725701507193426, 3.268970819722044, 4.98670545399277, 5.6540416959874005, 5.892795187449453, 5.339749221168851, 8.100133365007656, 8.926141297926119, 9.487743467796378, 11.29493269975759, 12.028487005972574, 10.694202554628594, 11.59593359172895, 12.801305522946663, -1.0557040309278827, 0.6920038506459718, 0.8794308895772681, 1.3393588962857135, 1.0226209317505, 1.4060953748814418, 1.5797756805957481, 3.8523993358764943, 5.660856089763204, 7.164138663169235, 8.617384141085259, 7.836338870848403, 9.844775828854166, 10.973278657125533, 10.571155582583753, 9.373287151684497, 10.375632887558274, 12.987309397389643, 0.748719484853614, 0.6986373667166726, 1.1463397660858459, 0.9147654260677663, 0.018510176947221655, -0.7619249962904039, 0.0413132090643, 1.614969096239316, 5.720443349021106, 7.084806546852628, 6.1880481315455755, 6.6676142351708565, 8.480835354418664, 8.631785991983172, 8.688923596845301, 10.747694845963323, 10.970835623393528, 12.413317001272095],