{"west": 7.0, "south": 46.5, "east": 22.5, "north": 52.5, "cols": 18, "rows": 12, "source": "formation-steer-fallback", "hourIndex": 22, "validAt": "2026-07-21T22:22:02Z", "level": "500hPa", "u": [5.152205281540589, 5.795043588905392, 7.930513862132522, 7.2518687455715884, 8.721571037658983, 8.065484445670334, 8.154237159365014, 7.114700085401186, 9.864899328940165, 10.115062025494128, 10.626357386720647, 12.068067363643262, 9.39616259544485, 9.441924951975642, 10.337312858845545, 11.051700397313947, 10.697241285180258, 10.219980319965087, 2.5974992489143607, 2.538766411327222, 3.6010599847888165, 5.039241656011013, 5.479024273280105, 6.764142201472803, 6.981825511180553, 7.0031078345335, 7.261950345507963, 7.439430974548165, 8.110371599048094, 7.429978446319972, 10.633567229911327, 12.153173509783041, 12.22667609163174, 11.486270579426492, 12.040414314458868, 11.000277257607658, 2.9393991901542713, 2.397386073700986, 1.9897166589476063, 2.6556636937459515, 3.0959081249805767, 5.619954842950945, 7.407419793833665, 7.267284098499932, 7.018359066866231, 6.5292883114503075, 8.24998899181312, 8.238525096595087, 10.049644942687756, 11.47493896910804, 11.209795258045695, 8.687559143229262, 10.198550405875075, 11.072416794543726, 1.9383013780334026, 3.385021881769628, 3.4229116514208746, 3.1261815731592377, 4.287682112424062, 5.96780359770678, 8.38448171361291, 7.563702339118055, 9.090918231150795, 7.999425680206979, 5.276389990823141, 6.816723732293179, 8.041777297281607, 7.024202340374664, 4.732673298685035, 6.683206212777212, 7.130561103352119, 7.010658464325986, 1.1535721936321288, 1.423776779004104, 2.3559030665721665, 4.074195249580047, 4.872214006333386, 6.2799220093222905, 7.322536771559592, 7.96983910080093, 7.370086472162986, 6.951406416259268, 4.431049246980549, 4.980547849574821, 5.794772384699749, 5.231126919763802, 4.54454939213776, 5.94086183903583, 5.313027529897042, 6.611414731167678, 0.9780070475989441, 2.309754104825103, 2.5299009815387086, 2.8606693901748086, 3.8494421558583363, 4.303383064422104, 3.9951415417347085, 4.816867638692014, 5.39552680962183, 5.367885246721013, 3.638253418317167, 2.682692585459577, 3.6897437495312913, 4.70578868443124, 5.521873138918549, 7.41016640102738, 7.089690731907204, 8.07926473230708, 2.0646956347102905, 2.0875798063417856, 1.4802525444308172, 1.510097692320362, 2.7021161803242393, 2.49405130186717, 1.7702296739396677, 2.3197323944877617, 3.262110576938901, 4.34403944934891, 4.394066445914816, 3.312361925742791, 3.362946300585311, 6.072397998400015, 6.465366513171706, 8.075494460393394, 8.81181048807761, 9.714145385289761, 2.7841639837491603, 2.2755026876881566, 2.2632982055754294, 2.670535072205583, 2.4834057838463193, 1.6812385560537142, 1.5885461985327687, 0.59190704039679, 3.6224690923926532, 4.250168737169379, 5.1664581779934915, 4.889715844052423, 5.116989616816945, 7.045418413641885, 7.283404297690136, 7.5083569883262, 8.043530777101523, 9.396505706743179, 2.4317691143842577, 2.26861516561634, 2.0521318406089217, 2.122010287078193, 2.3231185229356357, 1.4829247757579838, 1.4802525444308172, 1.4378238648066695, 2.794008764365562, 4.8200081580364165, 5.891483948562771, 5.533495082087441, 6.355749082363452, 5.997495585323503, 6.252057924218586, 8.404764500085106, 9.399705851474343, 10.253245932946234, 4.263773791453696, 2.96378021783477, 2.935132754111148, 2.5051423566453015, 2.737830023470724, 1.8626065695366796, 0.574186202749124, 0.8164484932816677, 2.3352571527229236, 3.6858998072617353, 5.7669698193905345, 5.210544764456474, 4.64058156319713, 6.74103104001617, 8.064174913450167, 10.297972495397701, 10.885768222424339, 12.450048313874465, 5.174615647718899, 4.1715944252654875, 3.5446748159686834, 3.153667604924245, 2.5547532437857514, 1.9889269875649582, 0.7773916006275123, 1.2000881652189739, 1.7865967098464952, 3.2309818682122424, 4.3604080395085605, 4.729786262372381, 5.972464046051524, 6.562349384544098, 7.696842010143838, 10.728434685402753, 11.795995230154094, 13.09454639442277, 5.009652335044878, 5.6356365659581265, 5.860876614991879, 4.9194444444444425, 4.290006533241729, 2.851457872405861, 3.0991113862795627, 2.697622940745516, 3.748797093192231, 3.748046376644106, 2.323772426596131, 4.478179704777455, 4.820211476888588, 5.982071359990348, 6.716878890336467, 8.733375549477138, 10.78721372016303, 11.414235356580733],