{"west": 7.0, "south": 46.5, "east": 22.5, "north": 52.5, "cols": 18, "rows": 12, "source": "formation-steer-fallback", "hourIndex": 17, "validAt": "2026-07-20T17:01:39Z", "level": "500hPa", "u": [14.252391541423718, 12.935903932731483, 12.66091545486485, 12.64657289493177, 13.4444871733451, 14.855509927959908, 8.807608971890772, 11.577928552402472, 12.54797194325812, 9.389935896342442, 11.924938244479026, 11.172057939982846, 11.84099320726883, 12.785829508117887, 13.198109655744997, 12.493224247196968, 11.829283659630265, 9.353927927097137, 11.817552511179537, 12.732363739115446, 13.47791857935438, 13.562412944033658, 13.541866653018186, 13.989446296170643, 14.120765763093392, 14.607510180151777, 12.218961702556713, 11.365444757271257, 12.216471288479829, 13.839486058798643, 14.523876570138047, 14.438866897209081, 13.829837772309027, 14.56586796709096, 13.350467812646537, 12.40043035896478, 12.317201264707167, 13.210450474356275, 12.332385571337078, 12.873434642835273, 13.482088508995457, 14.402786813809396, 14.638042515879427, 15.194409371369732, 12.823014861452421, 12.939009865325898, 12.489051469162863, 13.924962132432919, 14.67474137030902, 13.982269776286362, 13.639529872692629, 15.686263389850993, 15.029605397053503, 12.14006288639287, 9.663608483420923, 12.193394788145959, 11.55870769114071, 13.506318641856845, 14.616172269478247, 14.498482970203769, 15.944521955007216, 15.18027777084271, 16.72670939406785, 16.439964491051793, 15.804081035888972, 15.30680825692914, 15.304733575801958, 13.718520059099443, 13.28546845277719, 15.120976892007278, 17.636170718981102, 13.953396834200749, 10.078667435982924, 12.105430121256836, 13.546484973807331, 14.252961669014311, 15.050620535133435, 14.961120423604536, 16.02911215322403, 15.797322610809749, 16.306505621673256, 16.065626361753473, 16.820176327863226, 15.772840118480588, 16.031324168074363, 15.03263558119574, 13.542381559951567, 13.928819418214086, 15.69392043115642, 12.867272510894026, 9.645346184098173, 10.332570580693991, 11.765518532281714, 11.824517014220751, 11.55963293269971, 12.91950347027223, 14.19764384874204, 15.375096655074838, 15.766083219517354, 16.248118478855993, 16.337275748963, 14.665963364756019, 15.225732242031707, 15.581196713256901, 15.98294012670637, 15.117347761279355, 15.639978760104471, 12.936317886962943, 8.153606465313825, 7.883827941604434, 8.027569409483156, 7.981084638434199, 9.309265025547695, 10.741808703644471, 12.882309741423544, 13.6300991002129, 13.975318322783945, 14.268914534501603, 12.913809207742863, 14.66720925444583, 15.61026807071143, 16.03413277587952, 16.13133018943104, 15.162837121137958, 15.643519899082762, 16.367710168683406, 3.957071360217833, 4.342757619864889, 5.0238662372349125, 6.336413947817955, 7.666590358169691, 9.269639416263448, 10.596737499924641, 11.482430658078886, 11.767624718795092, 12.85326423453986, 14.870922248746364, 15.892893867675102, 16.891349109730594, 18.045284970862177, 17.199464636074893, 17.507372314742216, 17.55490066721399, 16.48748746152693, 3.2430268270284675, 3.792180557509603, 4.895224296008274, 6.473826611882218, 7.476106993983577, 7.763026598791459, 9.440347864940149, 12.178713838330198, 12.254573571285825, 14.323467487988372, 15.090999322195042, 16.00840014368973, 16.05151461376219, 15.620238539864905, 16.274895532840393, 15.901289573557385, 17.112916286540887, 17.004147144357848, 2.98967667352773, 4.016648494085297, 4.336183664123535, 4.498567298061559, 5.487592155572396, 6.8914347519106185, 9.8418537577279, 10.44318015493409, 12.296116101328662, 11.939089603861923, 12.042562081569494, 13.237348979766226, 11.867322066319918, 13.7939260696475, 14.983811847788102, 14.963424742403218, 15.081452245142977, 15.043119234637276, 2.6455275727774556, 1.8036962967618337, 2.09246390793554, 2.9679114727366582, 4.773689371967454, 5.609708739501782, 6.2480775121691945, 7.234512388369474, 10.833880865904321, 11.061726104609086, 11.647685983394068, 13.617294019501944, 13.865506602676748, 15.650393783906289, 15.874841322153273, 15.322026572483827, 13.748769421744466, 14.806455660366224, 1.2851409211487628, 1.7779308048398172, 2.7968283916327326, 3.6717831557423293, 3.287047022133272, 4.5866797234697145, 6.303114333623123, 7.613699676006342, 8.067258003071927, 9.754501730773443, 13.26029777025952, 14.16697646378858, 13.08530908883042, 12.988117734265149, 14.231406024110957, 14.965527327933376, 14.842031302801145, 14.557857323842525],