{"west": 11.4, "south": 47.8, "east": 19.6, "north": 51.4, "cols": 12, "rows": 8, "level": "500hPa", "source": "Open-Meteo", "hourIndex": 17, "validAt": "2026-07-17T16:58:45Z", "u": [20.97543280982064, 19.67417988012431, 19.67484528731197, 20.339222580297527, 17.641211194518707, 13.675676684277914, 13.306356810795604, 7.9695583552404, 5.997637402451161, 7.373307058248925, 4.653034070761476, 5.019464947113311, 18.33054107786717, 17.64447224146873, 18.99236591424806, 17.039762583621503, 14.989472315496394, 13.007547170051831, 13.991698018657752, 10.347183060343987, 6.623961907870973, 6.7028888772910555, 3.642463121557055, 5.000142587428987, 15.293825582910246, 13.657490536434576, 14.309207019495727, 12.33669628715253, 14.982183032096858, 13.721582347773744, 11.307307948752344, 8.355976303383953, 4.6172719348965305, 7.361299246022977, 3.642463121557055, 5.011410826267034, 11.33156856457176, 11.992689924229149, 10.012511657662865, 9.694673270142466, 9.995167255462, 12.355543334692287, 10.010812221379558, 1.3569377343606375, 12.36864823360069, 5.004793051091378, 3.9831696968822645, 5.688555863117997, 7.997229659680956, 12.675333704304267, 11.013485828903187, 8.958211547886425, 7.009929911416246, 9.329881140655834, 8.702487207552444, 9.570393299777361, 3.3610536020372095, 6.008777540617297, 3.703608995310913, 5.342945097940052, 9.349701512704083, 7.995126616152766, 7.027250925958635, 5.6002872648977275, 6.695704267568115, 6.6330485689578484, 8.291666666666666, 2.3957129419499545, 6.02488505575226, 4.609681954859072, 3.721388582550049, 5.688306568149105, 5.964793675816572, 10.97167561237365, 7.6178864065720555, 5.004793051091378, 5.061484116962961, 4.01087523033081, 7.37987977486091, 8.288675285017266, -0.9087718384998589, 2.3888570837473275, 5.387512519704247, 6.050322156245788, 10.681420929539273, 4.341158998223056, 4.383711467890773, 4.01087523033081, 4.620645177743606, 5.0, 6.363947851097624, 7.26530152711325, 2.3094823415141574, 6.036415971416552, 6.270711293426256, 6.319566837833664], "v": [1.835112583409029, 1.3757526766202568, 1.7213259192662527, 1.4222569924496742, 2.7940933616907957, 0.7167118452158656, 2.1075198762364478, 4.060692803225948, 4.685867895534176, 4.607353602916478, 2.3708392764176347, 1.6309230258677796, -0.3199607846835218, 3.111196516532504, 4.036951996711489, 5.536554482551147, 6.056139926890585, 6.344204652141932, 4.012054845780763, 3.971911440793741, 11.024123895141056, 5.6243915847572215, 4.340918511007542, 3.004388770308651, 4.097968214123244, 4.702651119936709, 1.75694970075754, 4.984348840172834, 9.361907001453291, 8.910899767329193, 7.065590189776068, 10.318771377123113, 12.685850380609763, 5.9610625929998475, 4.340918511007542, 3.641003090589488, 1.3913416705420982, 0.41879396043001055, 3.253262246336255, 5.597222222222219, 9.320644254187478, 8.651444581628285, 9.667328988887716, 9.65511367023031, 11.944264758725541, 8.009343130366247, 5.688555863117998, 3.9831696968822676, 0.6996669348353686, 2.0075756346829667, 0.9635551559324453, 6.042389984725569, 8.656542515117927, 9.329881140655838, 11.97794605560686, 11.40555059754923, 8.318899584029786, 10.000285174857977, 6.965475454775981, 4.982376908234363, 6.3064533002534215, 0.27919597362000703, 2.2832922362148915, 7.708134140850194, 7.979629615822688, 3.379707053616628, 14.36158794609194, 12.324874636620669, 11.3311607750229, 10.353515186616141, 7.980543569183834, 5.304431689374987, -3.0392141788119695, 4.4328446887549635, 6.392165674105032, 8.009343130366247, 6.966535229339826, 9.008573262864536, 13.313655542010801, 7.729314747374981, 12.996042765884932, 8.330934698132095, 8.621822310923665, 6.960099462054456, -0.9345032416832194, 2.3082351836972963, 8.98794046299167, 9.008573262864536, 6.359772483558615, 8.660254037844386, 11.968845147643234, 10.37592589432723, 6.0164071929819665, 9.295265461395113, 10.03523580451771, 7.01859001839761]}