{"west": 7.0, "south": 46.5, "east": 22.5, "north": 52.5, "cols": 18, "rows": 12, "source": "formation-steer-fallback", "hourIndex": 9, "validAt": "2026-07-21T09:01:39Z", "level": "500hPa", "u": [11.71631476242793, 12.23285881476757, 11.933582320890702, 11.825076580928888, 14.81725331719618, 14.790421040474532, 9.473616659719934, 10.770920731555377, 12.007525671705098, 13.43018025698408, 13.887134291782825, 12.044965470639646, 12.158304309827823, 12.633799868379953, 13.150559120077624, 16.094899590738493, 15.828374713221343, 14.255272959256923, 5.323560577388058, 8.17203266819793, 9.319450291288433, 12.091523525801152, 12.233568962343192, 10.640797027147695, 11.371113703594698, 11.229034324129207, 11.786465740524271, 11.652811701384959, 13.57388692498482, 13.257258323924642, 14.100055027651324, 14.64155420024704, 15.393997726891008, 16.245807800346675, 15.79224983547494, 15.376120864290563, 6.108766236790087, 6.974946596029962, 7.313765426714051, 9.702967787394865, 9.002171787500142, 11.18093830965036, 11.03910192410286, 12.122649800270242, 12.607890388353805, 11.975590763003755, 12.5320691730596, 13.236509834893505, 13.845338923751518, 17.11663877236871, 15.843039101206486, 16.430820921640667, 16.846518332681896, 16.190207002287362, 3.9603137607321655, 6.942296254125275, 7.916303500321065, 7.57341807977173, 7.262769103135707, 9.262865607770498, 9.928607569266234, 10.478270971429234, 11.977082437136524, 11.479033605396381, 14.051841058468755, 14.761800694985833, 15.21345796666736, 13.679476675199941, 13.460346255094935, 13.67232019850592, 13.096036917989696, 12.58179816517847, 1.3126788191468084, 3.206188216987378, 6.293156295273946, 8.337805081207762, 7.566159474799284, 6.7338256573773565, 6.74879486699992, 6.914946289174926, 8.995330306427023, 10.005770203539173, 11.45695300485853, 11.07636951817307, 10.239261243851377, 10.40966311559871, 10.538489693719848, 10.439484603422496, 10.746329036440423, 11.910392923294953, -0.15147315315644036, 1.286636910010387, 1.5014533994225907, 3.4748627100369194, 4.8330745464291125, 7.124383455362948, 7.676431480931275, 6.429133373061787, 7.535851190066979, 7.01768441794508, 8.03766652659742, 7.875384266910085, 7.778305540244106, 9.76201909639289, 11.112548853068605, 14.592914467019561, 14.338366015324072, 14.592396256952062, -1.3919354598466689, 1.7850981771905456, 2.563332807634621, 3.2595275838637745, 4.174997125652947, 4.615389485525885, 5.87194529540657, 4.99141693349973, 5.7982969051673505, 5.99626863577626, 6.32179187801125, 6.607954494681677, 7.816799817671203, 11.736940002393563, 12.941795862030512, 14.394784707766563, 14.654707317203522, 16.217705041937876, -0.029214813094633557, 0.2208075028501511, 0.8681498087847246, 2.783910260785631, 2.2001438948739773, 1.852304133755003, 2.285285011856215, 2.8761162191442433, 4.797870894021103, 4.863433562942522, 7.063023213834286, 9.205237560747275, 11.828957468284356, 12.262156465158126, 13.413546694061734, 15.205604766525777, 14.47258189791896, 16.030846419234884, -1.421535039264931, -0.22120142677671722, -0.11640867385538381, 2.354020044973881, 2.1172522038065895, 2.412045050999482, 3.4109882831780625, 3.678012929390498, 4.236085361751159, 5.667884672268592, 8.243389982337536, 9.041712601972293, 9.472909175235925, 12.896796345147198, 12.635961106692196, 13.719080960204519, 15.888189682486521, 16.356828010331466, -2.1406244124034375, -1.6261766334654622, -1.6789519830780162, 0.19985372895608358, 2.917340297173145, 4.917599494973883, 4.894187582537114, 5.287585723450575, 5.53803182979798, 5.692792639799621, 7.453144607375849, 9.179143014013071, 11.754721880228047, 11.848773732302433, 12.847428469078006, 14.56595485702924, 14.883868522689191, 15.253867845531053, -2.4228883771385616, -1.5796773512853548, -1.2832661349065921, 0.6622224746086216, 1.9819134699338472, 6.041112440433238, 4.953804576698637, 4.40262056905282, 6.213547962901709, 5.832124555486938, 6.640911186643659, 8.374288689181029, 10.577974873448206, 11.09403502653862, 12.640451264527542, 14.137864123789294, 13.21526082495762, 14.679175886179394, -2.576264193843382, -1.773347329090894, -0.7155740301522256, 0.4102361014439469, 1.4397598474606335, 2.8719210684839194, 3.32093156545361, 3.51029767984029, 4.010100884516358, 4.174265354258431, 4.844880544876319, 6.181114743660366, 7.217448389731509, 7.317184548982864, 7.672133479570547, 9.663896595468575, 11.933566980176396, 12.279649730392169],