{"west": 7.0, "south": 46.5, "east": 22.5, "north": 52.5, "cols": 18, "rows": 12, "source": "formation-steer-fallback", "hourIndex": 22, "validAt": "2026-07-20T21:41:44Z", "level": "500hPa", "u": [15.940059272394048, 15.325767258941216, 15.23348078337796, 14.59838981526174, 14.339363786771534, 11.89420002710513, 9.565458484876226, 10.169608171642286, 12.264270175858682, 12.477392954045326, 11.124086088488582, 10.812725925959253, 11.121616437540709, 11.310495304058364, 10.96823530396643, 12.154153629242124, 12.228685125363512, 11.164563178394626, 10.329576639232611, 12.571164177381542, 12.775321421446076, 13.224677716078844, 13.445661608454069, 14.03995213140991, 14.722382775084572, 15.31578435050203, 13.678196060794772, 14.831804159680846, 14.961756122584328, 14.758853196154922, 14.203302790881148, 15.090372065009388, 15.428790668758651, 13.703978813340775, 13.798297528246914, 13.760146621961203, 11.007675971950388, 11.626343287689528, 10.157080124959535, 11.105222834173444, 11.402429756846011, 13.95409172716554, 14.740543794757318, 15.489533634289627, 15.646982814856278, 16.012898690447507, 15.83771917868669, 16.45864125695659, 15.776704662346821, 16.347485076203963, 15.728738295665316, 15.811418573956969, 15.486236443932956, 13.900040196462825, 7.396031601027831, 9.314861922066095, 9.727314074889264, 11.021162602339377, 12.510106341084814, 14.06945894433222, 15.27601638005104, 14.72368083748644, 16.386185793037594, 17.502833515218807, 16.16739024141907, 15.75399466013863, 15.613480819248787, 16.45016111615007, 16.33739884382244, 15.61966754523764, 15.094167817712757, 15.304104670461998, 7.824848311565357, 10.082030593491698, 10.496880061826706, 12.901378250912925, 13.553638227488932, 15.177362602797716, 15.682454503050078, 15.918722270972154, 14.839597124999289, 14.807294348888716, 17.365569419920607, 16.83552609180061, 16.38002218096587, 16.865407901606286, 16.422431613551385, 16.014024900135922, 15.065190127050922, 15.531656061734987, 3.819477906511558, 6.104095541502966, 7.629395023223744, 7.196805939630144, 7.738156652303466, 6.4138153699560085, 8.763089369536313, 8.938081300448443, 10.803202139227926, 12.578913009405845, 14.154818783429649, 14.826471986385755, 16.129590093880854, 14.89987178519106, 14.470039888360096, 16.021773742207657, 16.83685169271494, 14.263732302009547, 2.8051930400477127, 4.316776908353625, 5.072879566378667, 5.905621863927479, 5.932095272414804, 6.3899093219141205, 7.92659868090142, 8.288824075709217, 10.36806890631812, 10.17487552237878, 12.963842567073511, 14.206283921021365, 16.522251197941493, 14.62678288693467, 14.377158281009605, 14.394178682699774, 15.71247863953652, 16.116596769670306, 3.387010508367095, 4.306527353226078, 4.244978236018213, 4.001515584626056, 3.900920805181211, 4.4016484384463865, 5.261384598915821, 7.322239173773816, 8.06453659742473, 8.443233444677299, 10.773566449273574, 12.251549845425597, 16.132473097895318, 17.13313206613017, 17.49489164409539, 18.21077980691401, 16.906718624479492, 15.983389297788833, 2.065406184988098, 2.0272241936991997, 2.253996446325733, 2.569245145606734, 3.171794002654155, 3.9522103922773506, 5.306467221803454, 4.59085076005478, 8.440539168865605, 8.421297498930242, 11.35663292512877, 13.349768334986026, 15.312931678340842, 18.847520359603315, 18.229908850501698, 18.285323804544205, 17.92996554430982, 16.65351673848298, -0.3121209495919586, 1.0509596866283215, 1.5548794628074325, 1.1597853836713348, 1.0235125435077301, 2.1529006550975436, 4.374221165621591, 5.722398482603492, 7.15677133599454, 8.406934469139847, 9.11376389001269, 9.197548663301133, 12.450364204325814, 14.406944444444443, 14.246875027466581, 13.919293351871517, 13.831285720446422, 14.370862354277865, 1.024371888229779, 1.263137385224825, 1.8851969869743581, 1.304571730675141, 1.1911726067484212, 1.2016317836957557, 3.677636037197461, 4.636519955906708, 7.290241689821089, 9.150189791091766, 9.845010000213906, 10.248593988713726, 12.143540848881388, 14.373927188868995, 13.560180545156273, 13.187773390869653, 13.77376594474538, 14.30697729430688, 0.36785683344766745, 1.3505242483535864, 2.151960823878288, 1.4697794088427993, 0.4763813848963206, 1.539419977608136, 4.8826648580650716, 4.824090101998964, 5.638156033770752, 6.860451458419311, 10.243756378192167, 12.463158010610465, 10.864058174770886, 13.433681471189939, 13.174974931435687, 12.397296247184004, 11.632645310858678, 13.602689279582911],