{"west": 7.0, "south": 46.5, "east": 22.5, "north": 52.5, "cols": 18, "rows": 12, "source": "formation-steer-fallback", "hourIndex": 15, "validAt": "2026-07-22T14:33:46Z", "level": "500hPa", "u": [10.00854367542105, 10.100803337335666, 11.248170066601395, 8.912589720876282, 12.258644531253642, 10.647513670765154, 9.151154095352974, 9.415775390141057, 8.26189353542178, 7.751691710166171, 5.824703789902002, 4.684470569325755, 5.879516850504136, 6.86566314979754, 6.890133196186801, 3.8293118438071025, 4.119299771942721, 3.2864662146623576, 9.79572182458012, 11.171052905889105, 12.194146258529903, 12.247430399425296, 10.531436792259015, 10.174319503419573, 10.09175300433198, 10.079058995779059, 9.49768173422372, 8.209408512348528, 7.0714524908232965, 5.44745015049529, 5.289121181782318, 6.142487816445238, 5.786769491593857, 3.2940423279229964, 2.2482025915848745, 2.448515533466215, 10.94351329467699, 12.568199960227009, 11.010248563527, 11.504073190139138, 12.19345875446416, 12.144721483247986, 10.492462116708442, 10.050547784031643, 9.893042511247437, 9.243419488498727, 7.767702259310023, 6.909742188060406, 4.886169676035747, 5.665286641607205, 5.707672417971014, 3.4626045326060804, 2.503891523571318, 1.6320145645897728, 9.428580908307822, 10.468641105587427, 9.466354332887644, 10.574988701375437, 11.399013794989106, 13.070063584922718, 11.439712679831553, 11.663992264644435, 11.747284813963885, 10.850859962638362, 7.938943769018744, 6.698297819761464, 4.531996180944224, 5.03179128841774, 3.4752139621101263, 2.000918319131229, 2.3620973381674077, 2.005660307285893, 10.333723329902389, 10.138409864253036, 9.937680439380351, 11.249079645592658, 11.640081973684227, 11.218332390618649, 11.645496927223808, 12.383061904784084, 11.295048544471895, 11.123530733402038, 8.126488827059989, 8.015941146694537, 5.862574951164494, 4.5197697245223765, 4.6371458207762615, 1.8200092572214426, 2.118599739457455, 2.044848875910209, 9.98873313820705, 11.293429374678158, 11.721545519753588, 11.786298357952955, 12.461640765949289, 12.32600454472782, 10.672309846641474, 11.459234449939279, 11.437332476906237, 11.72887576026986, 10.438780733943297, 9.516856982535197, 7.055646677755326, 4.814387161468544, 4.5329652299469165, 4.226495392498428, 3.7996839241870304, 3.3643329887032216, 10.437651185773158, 12.746751101615049, 13.799795857429281, 12.936404478295684, 11.796001899375458, 12.580956156371688, 12.092352495290452, 13.68672204526054, 11.026740427209187, 12.330648941079884, 11.872085813818245, 10.084222315814849, 6.67078539958551, 5.3040412556104926, 5.005083159984786, 4.390212081162946, 4.142179054994258, 4.325148448067035, 10.175774246216609, 11.624753785418713, 13.457664346301824, 12.382113673745254, 13.624451640717513, 14.40934399131828, 12.217122127570736, 13.237310978928734, 12.3418003990661, 11.725266280231189, 11.898055550119961, 11.102935255111088, 8.820593258245298, 7.234994467463441, 6.531437805859442, 6.094572101962337, 5.80662761114634, 5.164959410550244, 10.21114454017174, 12.400969302225183, 12.320686519899134, 13.070876536729035, 13.11464343675862, 14.875406419151846, 14.378602226664377, 14.3575355704936, 12.861006714531388, 11.970377770691663, 11.730919254213726, 10.378977608012462, 10.125768701393557, 8.995549597422249, 7.317368915637048, 6.644902515339518, 5.441055606055067, 6.259746553449547, 9.154591442542912, 12.130798963079423, 12.786249271696578, 15.1989469107335, 13.799178253373976, 16.397239245056667, 14.052509391313427, 14.730520792195161, 14.704395996284127, 13.724062207885705, 12.722240139852023, 12.77632067726844, 12.367273836497555, 9.34082977862043, 9.802928992440078, 9.232642767724519, 7.668763210776841, 8.033346621320918, 11.699474267725282, 13.705897152166663, 13.275919346665738, 15.343248293937052, 13.991177912471539, 15.139057852471884, 15.366270019881926, 14.617546503722892, 14.004186663127738, 13.824339861894387, 13.946597807733655, 13.693126523047551, 12.167699133748776, 9.758750978419876, 9.801448946224895, 9.078982720681369, 7.975772556039055, 8.214136749550825, 10.623769829070136, 11.546377783853169, 12.664850167015949, 14.076001435658428, 14.064899337040625, 14.532344206160635, 14.216819103357405, 14.91470827879644, 13.830676966264827, 13.944618103895692, 12.243786860641567, 12.597132505470064, 11.435832421150305, 9.488781156859885, 9.480194284496351, 9.752472884847723, 8.24812852018118, 7.927542301076395],