{"west": 11.4, "south": 47.8, "east": 19.6, "north": 51.4, "cols": 12, "rows": 8, "level": "500hPa", "source": "Open-Meteo", "hourIndex": 1, "validAt": "2026-07-19T01:07:54Z", "u": [16.35172919429728, 16.999601846730286, 12.993991185577745, 12.69307770549068, 11.325289159640393, 12.992327602086059, 15.661543679765142, 17.054909368132712, 13.686850218782425, 11.614014646218067, 13.677748146994889, 13.347320375060384, 16.339423134235908, 14.65864951631797, 13.306356810795604, 14.326128166231364, 12.991600863803134, 13.991698018657752, 16.363590253325956, 17.33300232729828, 20.047646794238272, 14.347898383957562, 13.93435203105697, 11.718091546570786, 13.675080311502661, 15.319231713523235, 14.318007318446556, 12.682534159861337, 15.332212553594212, 14.326128166231364, 14.36576728069739, 16.643489035165185, 19.028775570914647, 18.344077364156252, 16.64682833926517, 14.998609823837521, 15.324291030488531, 14.678146172733296, 14.001290194151645, 13.018134327536286, 12.661577276165374, 13.671200837904456, 15.656213566577797, 15.67111854196253, 14.294084424571302, 14.330771738214493, 15.96166924603322, 16.367689449429932, 12.34610425743922, 15.96166924603322, 13.322260436581814, 13.024190625930851, 11.990164963884975, 12.335528075920772, 12.0171395690333, 12.675333704304267, 12.033753394542186, 8.62433991447357, 12.292749481495784, 13.327168713793863, 8.938380817547547, 14.382517612584321, 14.028083615353514, 13.638045485990395, 12.385792622048834, 9.306068141522951, 9.994560873709725, 9.035036904803958, 11.659356100603082, 11.641308396227439, 10.320307266661745, 11.024123895141052, 12.697164550786486, 14.3551051119237, 14.312406551604878, 11.371183309825646, 12.993991185577745, 12.323335966561762, 11.697454033438401, 8.987940462991668, 8.987940462991668, 9.010672487178907, 8.656542515117929, 9.06485924357457, 15.945365574173426, 14.682518493113742, 15.352330674334292, 17.30661116978483, 15.373394355500375, 11.688169239548209, 12.310680773914495, 10.985260565878704, 10.000285174857973, 9.295265461395116, 8.62385068848688, 9.694547719185193], "v": [2.589859476777161, 2.3891382331477984, 2.2911912331053323, 2.2381320677071033, 1.9969540431697002, 4.987287297838758, 5.700335722094478, 7.239379519509604, 6.9737985098880415, 9.404843621800344, 4.9782931972958435, 5.665601363094472, 2.296356165841088, 1.0250326280734026, 2.1075198762364478, 1.001780470158694, 2.9993473912515385, 4.012054845780763, 6.281393782307897, 4.6443639760063435, 10.214786244139809, 7.628912895270727, 7.099906982037916, 7.609817628126628, 1.6790887313598073, 2.701193874818918, 4.37745413459876, 1.5572193879546599, 1.6114804753763243, 1.001780470158694, 3.581788065406194, 5.407797401561585, 6.9259079023447905, 5.260079540174397, 7.411645496047915, 7.642173412282374, 2.978740427822726, 2.324789966570102, 1.9677530107964876, 3.2457854326288778, 2.691301331140992, 1.9213619771431325, 1.0947891018175284, 3.617962790697168, 5.775184981828649, 6.989584396025852, 7.1065930137410644, 7.287364855108088, 1.9554308130028897, 7.1065930137410644, 2.349073958994309, 4.2318160618569225, 2.768147696509232, 2.621997434201739, 1.263052264484146, 2.0075756346829667, 5.611431364223729, 6.7380728132863705, 7.097222222222219, 7.694444444444439, 8.048154237594044, 5.2348083047900955, 4.558000667030479, 3.4003466437064436, 6.585642755746524, 4.741678552835269, 4.660540275307156, 2.9356614465620035, 5.686647931958316, 4.7033938951109, 6.702085903101582, 6.623961907870978, 7.934068983936043, 7.314291384692702, 10.021654957355784, 8.261648268333097, 2.2911912331053323, 1.731931923058598, 2.9165028525071075, 4.3837114678907785, 4.3837114678907785, 6.309340799861511, 7.009929911416242, 7.606320047957386, 15.398260545174445, 12.320095852325343, 9.969920113191746, 7.705399738269327, 3.5492277463143203, 3.5734319466112323, 5.740564721977831, 5.357869571866507, 6.008777540617302, 6.03641597141655, 6.038485260473517, 7.30536569770681]}