{"west": 7.0, "south": 46.5, "east": 22.5, "north": 52.5, "cols": 18, "rows": 12, "source": "formation-steer-fallback", "hourIndex": 4, "validAt": "2026-07-21T03:56:45Z", "level": "500hPa", "u": [14.45230136458616, 13.059619069734232, 13.096903052155378, 12.867258761152728, 13.724062207885705, 16.06297551307489, 15.368083605066998, 13.03620510228641, 12.237801488898137, 9.933152621953097, 9.67013705471321, 9.023618626670597, 12.894152095845463, 15.568953865235502, 15.383984112430559, 15.386009124108915, 14.82705957162727, 12.658787570575953, 7.506933010717111, 10.830889999128557, 12.976044632841267, 12.845308068887512, 13.000893835838482, 13.642302394355037, 13.734643743379166, 14.501862693369121, 13.711606038998129, 13.558348503471027, 14.77505221902961, 15.483307258909713, 17.967249300923942, 18.65427952336359, 18.115163454465495, 17.83503206083974, 16.266671725438872, 15.566077205196386, 6.516656741218257, 8.397691102586325, 9.980960175361076, 13.080449358676216, 13.361162807918507, 14.584830055980564, 14.793032837774724, 14.55040784140193, 14.780499645805602, 14.784448641324296, 16.733667962170856, 16.684579102703818, 16.537220090572067, 16.742319309958326, 16.923574625797173, 16.9238232799228, 16.232125450443515, 16.101855116208313, 7.261225282991131, 8.747164883357613, 8.85195020673506, 10.419100178366152, 11.076038542655574, 12.412801815045041, 13.700688477221512, 14.175290985010463, 14.259162506864026, 14.899728932929644, 16.68260248045969, 16.30082293306663, 17.284398641692935, 15.72075775777519, 15.505938645208568, 16.87043297461544, 17.41623773916093, 17.05459215894174, 7.092816026182655, 8.105530883880153, 7.619607107903135, 8.707918682154284, 9.56139279717295, 11.93946479848471, 14.475088204212115, 14.313393069651994, 14.617859389541161, 14.574074164228833, 12.168203453656856, 12.936521345196079, 13.36419694727758, 13.527470578890725, 14.016205494165563, 14.452970369803802, 14.37851563053675, 14.789173974325209, 3.841010043038615, 6.6758008491957215, 7.212021766833284, 6.448616907577995, 6.47209551117021, 6.684788214504946, 5.684964905364811, 5.58695306887106, 8.143313985759276, 8.916989712529523, 11.07724867411034, 11.766637771970835, 11.203850476861746, 12.05200683437865, 13.69696580570839, 15.97011287002777, 16.580128040452124, 15.716570915354938, 0.8094226833397207, 4.123437726809519, 5.8037241129884345, 7.027209714987319, 6.160343259949567, 5.213409374426394, 4.398742092895891, 5.6114807873414, 7.508344178387621, 7.827682161562956, 10.269746687641014, 11.296633289273911, 10.946176547129623, 14.047146345146063, 14.690061308327046, 15.83771480350007, 15.647413961770178, 16.50278428007249, 1.6117418097568428, 3.034169702763382, 3.1409639604608066, 3.0506962152003796, 3.103243627892693, 2.6106972589859088, 3.8913209635294277, 4.179374996928028, 7.809521602288316, 8.414025394638832, 10.91732648012819, 11.551165521477893, 12.610911333018711, 15.025459330545877, 15.541821091067733, 16.352434634103094, 17.068391236321403, 18.069769143776437, 1.8824650256561026, 2.9091296924414416, 2.236278760354264, 1.562367015830729, 1.040039872097296, 2.5073129387400983, 5.070255609931186, 6.616279875843884, 8.278977547014687, 8.763908354975364, 10.168974421198104, 10.24654837131245, 12.216634606405009, 14.29075699639096, 14.865206143577625, 16.52979335158218, 17.52981933050768, 18.0272676784584, 0.2709314149864899, 1.701284334834883, 3.0310171281222242, 2.13958616050641, 1.7042799262383388, 3.584224033716505, 6.39850957580106, 7.633109249989147, 6.538721655605388, 6.705819424114569, 9.179964392149436, 10.752872001736703, 11.721977571951038, 14.226265695320606, 15.906475955005789, 18.706757408470068, 19.136770051250977, 17.725278367439447, -0.8420082985314244, 0.725020553411865, 1.497130214654697, 2.690989013010661, 3.0958575621449587, 4.604527264932307, 7.301233746599343, 6.311275849390681, 4.690150310776636, 7.26697966087496, 7.874807631908437, 7.228565105969513, 9.198240741807378, 13.385186633953827, 14.313012986030811, 18.13869572492012, 19.177292317216278, 17.840894615374815, -1.2496685588336147, -0.08864656137293901, 0.4026035193988475, 3.5413195221894025, 5.511658328533269, 7.342009995827763, 5.381889435443962, 5.692246963466953, 5.705366545974843, 6.938225618249306, 6.608424272153209, 8.661434901936223, 10.70994065475715, 12.875194811079268, 13.749706728457273, 12.773839938461284, 11.7421866072738, 12.605946581561723],