{"west": 11.4, "south": 47.8, "east": 19.6, "north": 51.4, "cols": 12, "rows": 8, "level": "500hPa", "source": "Open-Meteo", "hourIndex": 18, "validAt": "2026-07-17T17:40:34Z", "u": [20.666083427559933, 19.67484528731197, 19.00641844481589, 18.67818390726805, 18.674911146359797, 15.309169279224632, 11.001750682740283, 9.9852030264775, 6.327791082155643, 8.621822310923662, 4.6792330050499045, 5.339368220793615, 16.652718766426627, 22.3214914293768, 19.979238111728897, 18.34409447977788, 17.334949146338, 14.997371262966032, 10.693049741304156, 10.023275070926573, 11.96884514764323, 7.2933063089890995, 3.65976543665808, 5.344898210296308, 17.334507219320805, 15.687743341219786, 13.675080311502661, 15.309169279224632, 15.010109078601756, 12.320548126830225, 13.708343515797715, 10.071681154485304, 6.613929830891484, 7.021175270107226, 3.6410030905894852, 5.011410826267034, 9.005786564845636, 14.664432862293738, 13.991698018657752, 11.66864892014015, 10.006739385734504, 10.999438818457403, 10.342098821227069, 7.301109862768598, 9.324759695644426, 9.320644254187481, 3.974394481749035, 5.324236733648618, 7.664661948785765, 10.353515186616143, 9.035036904803958, 9.358466010099809, 8.652059265184327, 9.311415774880297, 9.622547147840342, 9.746059958267887, 7.2820061811789705, 5.948541251656237, 3.7201999284212848, 5.342584568965024, 11.333067897820193, 9.035036904803958, 7.001034961589212, 6.6330485689578484, 9.289310318467429, 10.286808597609353, 12.7083364726495, 8.260358697727915, 7.740009881094394, 6.347222222222222, 3.3248581985591747, 5.656854249492379, 10.334352847962906, 7.9796296158226845, 9.318898107846481, 6.7028888772910555, 7.42462831498854, 9.979856772855571, 7.396519020236053, 5.931271062418605, 7.021175270107226, 1.34123004117229, 4.9685740394840066, 5.663883519448538, 7.333333333333333, 8.329294559044872, 10.006739385734504, 6.979739113982338, 2.2969779651416613, 4.277407572049223, 7.097222222222222, 7.761106248964138, 2.597122437069641, 2.7038987007807878, 4.081412758710365, 6.050322156245788], "v": [1.0830635389164704, 1.7213259192662527, 1.9976550757818219, 3.6306711620259207, 1.9628122546926037, 2.4247342081235828, 1.7425061244759084, 1.403328768013998, 3.3645461999655515, 5.387512519704252, 1.9862165698204757, 1.6324086847019497, 2.044696761575249, -2.346083286674006, 1.7479568406613708, 1.2827440449614227, 3.684657187270285, 6.677259890494387, 6.944147696441595, 4.254627843549872, 6.363947851097631, 7.043064033820392, 4.684286146439956, 2.962725457060948, 5.968749498381206, 1.9262126777091335, 1.6790887313598073, 2.4247342081235828, 7.981016567360145, 10.338167389125177, 9.959694552733575, 7.5895561253063875, 6.386997795053562, 9.317414283885087, 5.011410826267037, 3.641003090589488, -0.6297459435233514, 0.2559686277468264, 4.012054845780763, 3.345931235889682, 5.320677711573429, 10.999438818457408, 9.312067605160777, 11.68421821371076, 8.695479090796853, 9.995167255461995, 6.360360721173197, 4.012100154346989, 0.9411021518508597, 4.609681954859068, 2.9356614465620035, 3.9724331396409513, 8.355196511354054, 12.35666608600951, 8.36475261962897, 12.933458398821442, 10.022821652534073, 6.379029508567207, 7.301303462099127, 5.342584568965027, 1.5927588220985325, 2.9356614465620035, 0.6125111920877102, 3.379707053616628, 8.364132579485728, 11.031251666089151, 12.272297878108958, 12.719836947172261, 10.27134003199713, 10.993711375819123, 8.661551734724037, 5.6568542494923815, 2.0087947013252903, 6.695704267568121, 2.6721510327814624, 5.6243915847572215, 10.603468128851949, 8.374094137305196, 12.309874846194225, 14.6804110306408, 9.317414283885087, 15.330329520634082, 9.344528691090314, 6.994313653112738, 2.2451857984368142e-15, -0.728718849084583, 5.320677711573429, 8.029271367370049, 8.010514132819324, 8.044633623825781, 12.29274948149578, 11.951055593222287, 13.361036663593202, 8.321744517582594, 10.632443746218131, 6.960099462054456]}