{"west": 7.0, "south": 46.5, "east": 22.5, "north": 52.5, "cols": 18, "rows": 12, "source": "formation-steer-fallback", "hourIndex": 3, "validAt": "2026-07-22T02:42:03Z", "level": "500hPa", "u": [4.44481034163242, 5.626177105895238, 6.441103851067366, 5.952682206566165, 6.68228136196815, 6.938225618249306, 7.3530018854323425, 6.562341794554906, 9.081553047178769, 9.334165872874086, 9.662502745506492, 9.27699923687336, 10.40662176542375, 11.175957712775718, 11.318249491646283, 10.616690122836305, 12.958996196637077, 9.870457482245923, 2.8825879817122773, 3.9442131712386845, 4.812503047344971, 6.091561772979375, 5.473013224361383, 5.723991887999715, 6.114421058746942, 6.690964815370288, 8.711596198681532, 9.4273629135389, 8.875101534695423, 8.908382180950337, 9.487123957925466, 9.627484480662902, 9.810481640276599, 9.417282155261365, 9.507253436306128, 9.495522471163351, 2.076693208001317, 3.6301204090322083, 4.570163291826436, 5.748885690083908, 5.530040830216949, 5.479827318917898, 6.066756489686724, 7.306049443997943, 7.382992856358254, 8.24264083616904, 7.0510357054386175, 7.928001600362237, 6.8310172633956965, 7.749006308867709, 6.9854629085701205, 8.463717729696418, 8.58728440598409, 8.811295791551695, 3.437276954643483, 2.7948700405400557, 3.587968797324262, 4.085833909611668, 4.148391292123588, 3.5339526828934966, 4.930910729099915, 5.1318797142616335, 6.247591588678716, 5.302445179733682, 4.334956795439623, 4.303244511670439, 4.648801540231429, 3.3851238883049386, 2.253880422151886, 4.736533207624943, 5.1497092787430425, 7.080609085990548, 4.572955299494108, 3.3022710573558407, 3.7501081226894133, 4.188786778361679, 4.272298160600773, 3.9787426407098354, 5.125041072765265, 4.44106938458899, 3.8230978625597256, 2.9685934946270907, 1.8815029191298465, 2.8185848732727004, 3.2461010707801194, 1.5691026021302268, 2.7839946472162, 3.6572074146745868, 4.280287196433961, 5.765138172902249, 5.26864174559562, 4.612326976694531, 4.333076540644144, 4.646345420677528, 3.9744545284510235, 4.361024253255174, 2.731561168545245, 3.8382521780274383, 2.756099166659646, 2.8846476663742804, 1.4588631200577953, 1.8903186089777848, 1.7141496311988482, 2.7131777284761633, 3.308294861439495, 5.45388169410656, 5.969871237658467, 7.738213251335532, 5.472001403112441, 4.600287980744735, 4.607379966638465, 4.48329939508418, 4.437333945511829, 4.296093643387683, 3.505201641436987, 2.9944547123210303, 2.8979206963888813, 3.6234801162865873, 3.2521802410180407, 3.2304095342853913, 3.1954862201467438, 4.028159497600282, 5.1440415234956, 6.9276697571435975, 7.784848169240212, 9.398588722602236, 7.878201930842971, 6.548824444107829, 6.276914421661458, 4.842044911955973, 4.762230884297697, 3.480497554031845, 3.751291448677056, 3.085469336157927, 2.1773387468366616, 3.3423010228460854, 3.9205646621400705, 4.117452354354204, 5.386979808427539, 5.753247177058477, 5.784507813673295, 7.36325052069624, 8.425257661438543, 10.558202373822077, 8.420509477714553, 8.758895529973374, 7.362461133918523, 5.952321109794348, 5.345045091365014, 4.583035494685254, 3.685079546813876, 4.014284891283866, 3.3909213450497258, 3.2356823965223906, 4.721181263677066, 3.782728014921997, 5.646559107905969, 6.079824750775462, 5.9072681946143835, 7.156762270219832, 8.946224973937774, 11.15140381854969, 9.439712152580524, 9.779967030109518, 10.245927328798011, 9.056142034358654, 8.314224828176508, 6.5153548966884, 4.186999931875807, 4.708174728938864, 4.720170499774633, 4.364738181777283, 4.376845083623974, 4.907517012754273, 4.283690871756035, 7.0802203055219115, 7.225094692754788, 7.6917897068505425, 9.227677685932223, 11.162051138583973, 8.210269154891128, 9.423269570661907, 10.190751310405703, 9.903495955928465, 9.6059922493174, 7.63964802219186, 5.3876817922655516, 5.059582424762931, 5.569792677931761, 4.746993457765905, 3.4617308851373707, 3.6557536166327074, 4.463256838128603, 6.5087749323931625, 7.382142148745779, 8.44979394591878, 9.301391204061849, 12.35756699447724, 8.51596058944328, 8.88633397542422, 8.943206045737998, 8.627049225223104, 10.152533796809182, 10.609182684509612, 9.074466975598941, 7.381819809068768, 5.8158580929096155, 4.820966001961272, 4.9273267626423705, 5.161913395442082, 4.619187351792018, 5.933013596771454, 6.789385390520405, 8.446138873843188, 9.144317742583992, 8.547127868157812],