{"west": 11.4, "south": 47.8, "east": 19.6, "north": 51.4, "cols": 12, "rows": 8, "level": "500hPa", "source": "Open-Meteo", "hourIndex": 10, "validAt": "2026-07-18T10:27:00Z", "u": [18.011896549447616, 18.665381796143752, 19.00764543056736, 19.010715488584143, 17.33069338271078, 17.666666666666668, 17.330559777651825, 21.99929958285938, 21.978449636792075, 18.354541662726312, 14.979939832359587, 12.31807507183808, 11.345550728267103, 11.662417281785533, 14.990962462519166, 16.302460012230096, 18.997106207971434, 15.990253232305532, 15.677532378427943, 19.00641844481589, 17.670194823296214, 15.69629467719736, 12.65944315107974, 11.954337532860599, 11.678417614768767, 12.011294126353624, 12.677047149523341, 14.002069923178423, 14.666666666666666, 14.341429707447631, 15.007182730617348, 16.320698585152687, 17.014871179759506, 16.653441446150264, 14.047770699068074, 12.947153144456559, 9.660777994517925, 11.333333333333332, 12.333333333333332, 13.997867732189478, 14.666666666666666, 14.333333333333334, 13.664585167137348, 12.317365191892511, 17.957278195305882, 18.666316714003457, 16.354492990275276, 14.581715875578544, 12.677047149523341, 14.002069923178423, 13.331302602085216, 12.998020037033085, 12.999999999999998, 12.658950475575212, 12.666666666666666, 14.979939832359587, 16.32652421872583, 11.345541103183908, 15.279898620864206, 16.045526231228354, 13.675080311502661, 15.330997992398, 12.658950475575212, 13.67508031150266, 13.664585167137348, 12.677047149523341, 11.982008452047939, 13.660978302979988, 13.661085466058147, 12.656941734971054, 13.007547170051831, 15.636569790552366, 13.675676684277912, 14.331150297241608, 13.331302602085216, 12.64613825077577, 14.008553195862772, 12.996042765884932, 12.677047149523341, 12.32582019990218, 13.308574520485575, 13.03208417807762, 12.032814385963933, 11.322052667263225, 12.680154165945485, 12.682534159861335, 13.664585167137348, 13.993606816144755, 14.334134822542337, 13.997867732189478, 12.9840358561969, 11.678417614768767, 11.661395765724905, 12.96523639788541, 11.666999370667638, 9.718799294482904], "v": [1.8931266125141684, 2.291820707924576, 2.6713503545390433, 1.663222090767814, -0.3025083782462388, 5.4088566962341436e-15, 4.3209938575162905, 1.924689319010789, 3.0888696574192416, 2.9070738086642964, 2.372589386443506, 4.72846600094493, 0.9926070701816648, 1.4319647850104804, 2.643311148929941, 3.465194846962651, 0.33159572230838874, 0.5583919472400141, 3.3323623778290825, 1.9976550757818219, 0.92605567018764, 4.205809482915962, 4.358995845787488, 6.091039204838922, 0.6120399327299787, 0.6294852514776265, 0.6643758889729222, 1.2250223841754204, 4.4903715968736284e-15, 0.7516024827111614, 0.7864931202064572, 3.7679301602597453, 3.3073559198601084, 6.061356984493794, 6.550583056980838, 9.06569423010404, 0.3373618014575085, 3.4698325975841673e-15, 3.775994297371005e-15, -0.24433369012196213, 4.4903715968736284e-15, 4.3883176969446825e-15, -0.23851622130953448, 3.0710640635846733, 5.49009089979362, 3.9676480997722345, 6.607644078308455, 9.11166734889872, 0.6643758889729222, 1.2250223841754204, 0.2326987524971149, 0.22688128368468702, 3.980102097228898e-15, 0.4420602915650111, 3.878048197299952e-15, 2.372589386443506, 1.4283857839199567, -0.5945946139823339, 8.124466211544721, 9.263888888888884, 1.6790887313598073, 0.2676035653716822, 0.4420602915650111, -1.6790887313598108, 0.2385162213095428, 0.6643758889729222, 1.048289905826002, -2.655425185656918, 0.9552761543292769, 5.372553016727517, 6.344204652141932, 9.027777777777771, -0.7167118452158695, -0.2501511589343898, -0.23269875249710675, 1.106393734324441, 0.7341571639635135, 0.9087718384998598, 0.6643758889729222, 0.4304271259975108, 4.068839557391426, 5.265303785234769, 4.61896468302831, 7.352626972702866, -1.3327379066625853, -1.5572193879546632, -0.23851622130953448, 0.9785283122439855, 1.2540742984246398, 0.24433369012197068, 1.364677159327698, -0.6120399327299819, 4.015340571638267, 6.045789022123892, 7.01024046405352, 7.593158195683117]}