{"west": 7.0, "south": 46.5, "east": 22.5, "north": 52.5, "cols": 18, "rows": 12, "source": "formation-steer-fallback", "hourIndex": 22, "validAt": "2026-07-21T21:31:52Z", "level": "500hPa", "u": [5.152205281540589, 5.795043588905392, 7.930513862132522, 7.2518687455715884, 8.721571037658983, 8.065484445670334, 8.154237159365014, 7.114700085401186, 9.864899328940165, 10.115062025494128, 10.626357386720647, 12.068067363643262, 9.39616259544485, 9.542462994829368, 10.29340667290879, 10.553889194980101, 11.465540421460831, 9.087715459717739, 2.5974992489143607, 2.538766411327222, 3.6010599847888165, 5.039241656011013, 5.479024273280105, 6.764142201472803, 6.981825511180553, 7.0031078345335, 7.261950345507963, 7.439430974548165, 8.110371599048094, 7.429978446319972, 10.633567229911327, 12.35955573830296, 12.011036516689876, 11.85720744820386, 12.043037212937662, 10.823212963469276, 2.9393991901542713, 2.397386073700986, 1.9897166589476063, 2.6556636937459515, 3.0959081249805767, 5.619954842950945, 7.407419793833665, 7.267284098499932, 7.018359066866231, 6.5292883114503075, 8.24998899181312, 8.238525096595087, 10.049644942687756, 11.292343050822947, 11.604831233948671, 8.655247728159827, 10.199848470522356, 11.400762406379576, 1.9383013780334026, 3.385021881769628, 3.4229116514208746, 3.1261815731592377, 4.287682112424062, 5.96780359770678, 8.38448171361291, 7.563702339118055, 9.090918231150795, 7.999425680206979, 5.276389990823141, 6.816723732293179, 8.041777297281607, 7.247706362565691, 4.968646215264152, 6.836876996211558, 7.230582640386128, 7.56823899783578, 1.1535721936321288, 1.423776779004104, 2.3559030665721665, 4.074195249580047, 4.872214006333386, 6.2799220093222905, 7.322536771559592, 7.96983910080093, 7.370086472162986, 6.951406416259268, 4.431049246980549, 4.980547849574821, 5.794772384699749, 5.333750237516208, 4.742000360936641, 5.828673936862388, 5.205450176820636, 6.532659023576487, 0.9780070475989441, 2.309754104825103, 2.5299009815387086, 2.8606693901748086, 3.8494421558583363, 4.303383064422104, 3.9951415417347085, 4.816867638692014, 5.39552680962183, 5.367885246721013, 3.638253418317167, 2.682692585459577, 3.6897437495312913, 4.449862257717009, 5.051528089640011, 7.019742498566963, 6.798248033137787, 7.746642815165194, 2.0646956347102905, 2.0875798063417856, 1.4802525444308172, 1.510097692320362, 2.7021161803242393, 2.49405130186717, 1.7702296739396677, 2.3197323944877617, 3.262110576938901, 4.34403944934891, 4.394066445914816, 3.312361925742791, 3.362946300585311, 5.937702374629327, 6.502584552168988, 7.922348235433812, 8.53372819623692, 9.17025340281941, 2.7841639837491603, 2.2755026876881566, 2.2632982055754294, 2.670535072205583, 2.4834057838463193, 1.6812385560537142, 1.5885461985327687, 0.59190704039679, 3.6224690923926532, 4.250168737169379, 5.1664581779934915, 4.889715844052423, 5.116989616816945, 6.769052592640089, 7.891330722573654, 8.36942668157332, 8.756189642559987, 9.30376713469532, 2.4317691143842577, 2.26861516561634, 2.0521318406089217, 2.122010287078193, 2.3231185229356357, 1.4829247757579838, 1.4802525444308172, 1.4378238648066695, 2.794008764365562, 4.8200081580364165, 5.891483948562771, 5.533495082087441, 6.355749082363452, 7.591044184160315, 7.056516042744552, 8.315103120282755, 9.515937595448534, 10.09717647370765, 4.263773791453696, 2.96378021783477, 2.935132754111148, 2.5051423566453015, 2.737830023470724, 1.8626065695366796, 0.574186202749124, 0.8164484932816677, 2.3352571527229236, 3.6858998072617353, 5.7669698193905345, 5.210544764456474, 4.64058156319713, 6.684947499150811, 8.007651074798845, 10.205303898133918, 10.921953715175661, 11.99253727155252, 5.174615647718899, 4.1715944252654875, 3.5446748159686834, 3.153667604924245, 2.5547532437857514, 1.9889269875649582, 0.7773916006275123, 1.2000881652189739, 1.7865967098464952, 3.2309818682122424, 4.3604080395085605, 4.729786262372381, 5.972464046051524, 7.186590833511585, 7.87289110670826, 10.689514458785776, 11.61357532069197, 13.48852581543814, 5.009652335044878, 5.6356365659581265, 5.860876614991879, 4.9194444444444425, 4.290006533241729, 2.851457872405861, 3.0991113862795627, 2.697622940745516, 3.748797093192231, 3.748046376644106, 2.323772426596131, 4.478179704777455, 4.820211476888588, 5.982071359990348, 7.277424695275313, 9.053513081352257, 10.41381747915942, 11.680817299106543],