{"west": 7.0, "south": 46.5, "east": 22.5, "north": 52.5, "cols": 18, "rows": 12, "source": "formation-steer-fallback", "hourIndex": 4, "validAt": "2026-07-23T04:20:21Z", "level": "500hPa", "u": [11.471901144936464, 11.36020848393436, 11.650904483003691, 11.547527534400295, 11.32776974493747, 11.127554446762696, 12.325023069777838, 11.299021423330636, 11.553881472902654, 10.520778128507276, 11.40444609439655, 12.447863546924568, 11.518300474684581, 10.479688914835423, 9.8767479087764, 9.743478269586552, 10.013981531905612, 8.477793168656433, 10.620494330381481, 10.747506728595157, 11.144365419267324, 10.13347241248137, 9.187258656072895, 9.526313164526588, 9.64805736331414, 11.146327019735466, 11.192171621161702, 11.938667612128533, 12.469162945140665, 11.918629434844187, 11.968725204174358, 13.076269570065426, 11.646185260082955, 9.084700668756808, 9.787314349576903, 7.738947592420934, 8.613006873115733, 9.991297222399485, 9.133281542308964, 8.920425904163453, 8.868424487253124, 9.943595648730259, 10.855740170588296, 10.778402938149384, 10.653247081056552, 11.35228384619483, 12.122780566983934, 11.962253554176359, 11.636307320186669, 12.150258705700534, 12.789174341779402, 8.984004132225133, 9.338047715379368, 7.888352331173411, 6.4124428337353025, 6.391824046488565, 7.062934516165303, 10.096745803613581, 11.482422190196209, 12.649991290900546, 13.54790524534167, 14.23485537074691, 15.612877506783063, 14.455854016864526, 12.372347983256768, 12.908802090707344, 12.1299430577947, 11.382052470434479, 12.448296839134137, 8.917407917562343, 10.586731467306727, 8.915633301747542, 5.697506936585016, 7.158918321332626, 8.131263262534723, 10.101806478157124, 12.512049979457231, 14.033073948262107, 14.427135410474106, 14.997320687437568, 15.014922637774333, 15.667763715356255, 13.690562745966547, 13.643583400555645, 12.40481353097275, 11.411350123308617, 12.677183190386526, 9.772856180966613, 10.604708137586146, 8.908577253314007, 6.767075593665252, 8.140569283502634, 9.084699499149627, 12.456499073283977, 12.879139550667917, 13.428245460317985, 13.811483168402795, 14.80112138888585, 15.102236627954612, 15.425629769992264, 15.55943223983447, 14.444852805683189, 12.999982739198003, 13.248040998079546, 13.152272027009092, 11.102919693688026, 10.089463445469633, 10.12984197056724, 5.499642593622305, 9.046884387499098, 10.124056687615113, 12.108298452135625, 13.081784352210562, 13.343469574107598, 14.068577826885692, 15.070537324238968, 14.205693338542012, 12.75659894916458, 15.185901524096717, 14.356390600870297, 13.770607114022209, 13.560626334366, 12.905535899275371, 12.233212854904092, 11.306611019393523, 11.029914588695204, 7.318540028762272, 8.669154718969647, 8.089348265671878, 10.597105442088472, 10.794168092836417, 12.966036385679883, 13.172417895386163, 12.37907874300692, 10.443903909057406, 12.095727469425114, 12.452657030991908, 13.884632155011825, 10.394396717665895, 12.475366101543772, 12.864122183625064, 11.60483301444651, 11.42151822749322, 12.360617131370887, 6.899999999999999, 7.403158730597851, 7.380311546116696, 9.827116574372749, 11.067451053510013, 11.808149117213269, 11.742973754175555, 13.342417875276436, 11.42467286588316, 12.377379798594548, 12.479659178924228, 13.587817334410156, 13.113382105373264, 12.484093664931732, 12.246030836700658, 11.161101692694913, 11.312135982505492, 10.955024921957207, 6.474442594925751, 7.713683694925745, 7.686145384769382, 7.508690123625556, 8.941419335561303, 8.875469735946483, 9.35908564858162, 9.640827127137632, 10.110078476806818, 9.589791911328899, 10.30031367017088, 10.899807712978527, 11.809596811469001, 11.275004873099421, 10.891048097458409, 10.573240194735238, 10.229430286060706, 10.789315112962464, 6.86239710756969, 7.928080930517886, 7.902330662327028, 8.638634092210497, 7.961571879859271, 7.075894175469488, 7.273454989448012, 8.143048450717187, 7.886813105262775, 8.49853170869705, 9.401032291254964, 10.700729166931858, 11.499113436761782, 10.223945096793544, 10.123366058325841, 9.630014542152205, 9.259760867428374, 10.045925240961468, 7.0395674287634, 7.821771611149352, 7.609411820195978, 6.962371857683011, 6.955917652951762, 5.413622538936765, 5.69947239881356, 6.443545788570354, 7.560003034297338, 8.003619019290431, 10.178727585899193, 9.961947944050502, 10.340054895240213, 8.913244554017426, 7.908277747884939, 7.436287298778202, 8.438512829838002, 8.066390930623516],