{"west": 7.0, "south": 46.5, "east": 22.5, "north": 52.5, "cols": 18, "rows": 12, "source": "formation-steer-fallback", "hourIndex": 18, "validAt": "2026-07-22T17:48:12Z", "level": "500hPa", "u": [10.541351395003101, 10.206735257189674, 11.123172416477411, 9.64325238541176, 12.320963048662442, 11.104761813579737, 10.256953549570346, 10.071933460190465, 8.698856153777944, 7.894507725133731, 8.368810871613645, 7.991655474576992, 7.3174042084876225, 6.057731600307191, 6.087685231388925, 4.059283535574013, 4.940256631639582, 2.7426394099181577, 8.924061742103222, 11.151586324686681, 10.8987874369363, 10.773566449273574, 10.532541292795194, 10.528649038364533, 10.203919408498958, 10.663113486186639, 11.075834759103175, 9.658465893146305, 8.561716693956209, 9.718752958490338, 8.033144129802793, 6.429519957400622, 5.9370988332951296, 4.93774634015934, 4.279955083493089, 1.4897349910882545, 8.685901605402568, 10.463794963819407, 10.398759764397417, 11.574002866617716, 11.574239798300283, 10.831606173646218, 11.921567121475041, 11.009087598561532, 10.610442283013983, 10.09613887087594, 10.381392714105912, 9.697765286158612, 8.062875955481607, 6.177459727912701, 5.36857914447628, 2.9653122101538267, 3.659326192328264, 1.5433952518609475, 10.706257687797356, 12.32418942576092, 13.191629123378199, 12.374710610818214, 11.987114899247038, 11.811482526763358, 11.669710448744873, 11.276166173582869, 12.93330746498691, 12.139385645978921, 11.111108273613647, 10.163304746019973, 8.780488264195634, 6.07722499922801, 4.845904368581301, 3.873719557912683, 3.646510623227618, 2.0053931598896337, 10.848935275814512, 12.325754702705707, 11.070349288264763, 11.222417601602192, 12.015893172448044, 13.687635424084627, 11.807023066405922, 11.549625122230577, 11.357345840335935, 11.312271105181088, 10.726631328222737, 9.555818940498844, 8.990613401082184, 6.202125737839673, 5.728250983307743, 3.9284918745009643, 3.932171776128164, 2.161317826140907, 9.869255592075811, 10.791651092438602, 10.774265260088171, 13.381990460179656, 16.361276342186724, 14.30757776711893, 14.115570105747887, 13.271105090553972, 12.402648400633918, 12.179578843662842, 12.118760240245328, 11.195745043893956, 10.049612794985741, 7.3556710507343475, 5.610657559001733, 5.070658263709323, 4.7327152629271, 4.538840932358028, 9.453842317011565, 10.827314267756694, 11.620401794254597, 14.20260974570498, 15.7298096403446, 15.002135811300862, 13.663677500125344, 14.385082498411931, 13.387504655661559, 12.368707182415898, 11.84313093878516, 12.249817666452058, 10.62991297415642, 8.064544067000844, 7.8870250446304455, 5.715008080127012, 4.907761901094706, 4.805080329283892, 8.366084054405672, 9.18112898136269, 9.530176423744043, 12.440420981068272, 12.746804774107275, 13.792108150642996, 15.012815513131578, 13.832720028251165, 15.110343719611302, 15.220290281780297, 12.5653767685179, 13.519020226133058, 12.009920293913556, 10.191023169835107, 9.06300580062392, 7.261225282991131, 7.107337107494386, 7.069444680016581, 8.563877828015231, 10.130063352414432, 11.069364918477667, 12.561700971439206, 13.01846959402416, 14.822715300231813, 14.453360695320361, 15.092934013627227, 14.676944720939519, 14.030068056352555, 13.822508521208638, 12.817545522138023, 11.092216033347507, 9.80968188845732, 9.654310472353371, 8.405728849874086, 7.2943639688506146, 7.729120823574823, 9.608938907606213, 12.084060704156649, 12.344845401760432, 12.66287329220054, 12.821188698114309, 13.45054516202047, 14.659052913770159, 15.06233037204515, 15.552666532657708, 15.214701873209636, 14.84380031484486, 14.596225783449622, 12.478435185790927, 10.526685050726734, 10.177733663288723, 9.263536148386141, 9.15631455107335, 8.711219157824827, 9.810616367686537, 11.981632739328287, 12.202804054656413, 11.771214098482735, 12.602088456393323, 14.067739649302087, 13.941878113683558, 14.010909431697144, 13.548559890083595, 13.784760149207724, 12.718027335428154, 14.110698841631226, 13.24531585179667, 11.688657340664546, 9.90647752270329, 9.803120864305475, 9.257667203477272, 8.587221444843639, 10.246736623362443, 10.414583979010988, 10.63634941917421, 11.066188159571942, 11.936310075283382, 14.537685128400662, 15.005402920340385, 14.820895456304806, 13.539639339830027, 12.729012678265194, 12.241717756939206, 12.07218194502282, 11.616710709837932, 10.374292083568601, 10.302172156328455, 8.976739840405951, 8.624789814834028, 9.01483060293747],