{"west": 7.0, "south": 46.5, "east": 22.5, "north": 52.5, "cols": 18, "rows": 12, "source": "formation-steer-fallback", "hourIndex": 10, "validAt": "2026-07-21T10:27:02Z", "level": "500hPa", "u": [11.301746523393872, 12.081708950664698, 11.90451153161131, 11.243605267737525, 13.584380324995903, 14.816815097678614, 15.797889194759414, 9.949574093188447, 12.043353457793582, 11.307489388576943, 12.452408148015662, 13.44426440548451, 12.629023980167457, 13.313423833207791, 13.404227896884562, 13.670535514096478, 15.746212521358776, 13.998927142425357, 6.8950691920066625, 8.11180586727545, 9.328576747366768, 10.783776598985206, 10.440349815018548, 11.683401086548802, 10.524932303012962, 10.94478086607636, 12.273106776828794, 11.888136881177607, 13.11667060918514, 13.143074265742142, 15.145607609069426, 15.571123142235038, 15.35675982883497, 15.14297555006617, 15.605965761293268, 16.419219370762605, 6.913766233561437, 7.376807872946662, 7.873737986854999, 8.79491786929526, 8.49600849578936, 10.122324075988372, 11.977342181560937, 12.260698597509512, 11.881143379045538, 11.267304574908591, 10.974816047279555, 12.80935950145995, 13.761804162463955, 16.275870914610856, 16.358538926898234, 16.370046147487116, 16.84355148619381, 16.661566538533386, 3.7676158939401856, 5.781197577353569, 7.541514070120726, 8.667307375361442, 8.343885135548549, 8.843250167301472, 10.148186161945443, 10.365734034495501, 11.04527441930481, 12.12433656107569, 12.472849868941887, 12.536438038408946, 13.73588017848934, 13.361678508771051, 13.039152345713566, 13.279497764679501, 12.94955318565152, 12.156342524213995, 1.468326410785534, 3.263916599249559, 5.235491150579966, 8.911666635679545, 8.817846188582033, 7.79816507364663, 7.653827809534547, 6.995091996416749, 7.675902033115175, 8.269317143958647, 10.191198883710122, 10.097522027097936, 9.91845143939246, 10.271386105622513, 10.051239797064733, 10.626253926157718, 10.266107480806808, 11.618829935277205, -0.14918565497463523, 1.394744841193642, 1.976562930747135, 4.094588399877681, 4.71368145676945, 6.680757436016578, 7.673203964441997, 7.668924924091368, 6.758132945599988, 7.839425850570616, 7.486095270759105, 7.385385223438249, 7.190481832024549, 8.833392052995736, 10.293380997293768, 13.793023275603922, 14.24803447090797, 13.727255589342683, 0.09639553020144173, 2.102953652735282, 2.7248245816094796, 3.101874382716712, 3.83218547345869, 4.493511011397393, 4.715192304226494, 4.3026734256867725, 5.111833416206983, 5.604582014335898, 5.931793750637883, 6.5375402181531586, 6.7921317363635705, 10.93055511645757, 12.154842477451886, 15.112848863345123, 14.856463567406422, 16.061868724898062, 0.5431776685071927, 1.0269815075011486, 1.7915400428451123, 2.893198453910858, 2.730525255943671, 2.301070925248614, 3.1468649811487364, 3.776561249520263, 4.129883520577678, 4.97566186380542, 6.3500190310209685, 7.72973469239383, 9.720515291989926, 10.319213578759687, 12.148169796766078, 14.19525032402775, 15.255686995904428, 15.715609079270351, -1.3952958158662574, 0.11819157470582506, 1.4872501139627363, 2.9207141457655177, 2.0303445784234304, 3.164652432961676, 4.227174986420094, 3.9506509997682873, 4.488921601712943, 4.925767460681367, 7.169781157822223, 9.236893009524797, 10.562133385445502, 11.538473713814712, 12.607583932289156, 13.489151589452927, 15.322561252871122, 16.280057157579787, -1.7546296777477586, -1.0936853005407523, -0.6667727530161446, 0.7305157821349677, 2.0112907390932135, 5.685575985351689, 5.947079116092173, 5.686455931835345, 5.909468680281, 6.417981624325219, 8.549407637287594, 7.2896722354115955, 11.121209560265166, 11.673700699069716, 12.41106724556931, 14.748807741732278, 14.77004492726823, 14.889301884954206, -2.479148078081345, -0.6396530309041121, -0.25420725356756835, 0.7532015643218667, 2.25003267526552, 4.6150738241103255, 5.920568234522452, 5.671541859749338, 6.899641571916459, 6.79378913375813, 6.137550256242474, 8.019951812418162, 10.639038769554498, 11.159461079080385, 12.2873769122815, 12.406822340683728, 11.70772735247997, 14.651272623100448, -1.8980202551415242, -1.0755501232654894, -1.3937113522194207, -0.035905228307145064, 1.0975836721814451, 2.8401285384954313, 3.6907282272352036, 4.454110379348604, 5.187350386127322, 4.23404487493059, 6.804074933382689, 7.628951281292803, 5.270085304305641, 7.128750652056893, 7.586489761145775, 8.808833305760581, 11.222167971799376, 12.597630046432617],