{"west": 7.0, "south": 46.5, "east": 22.5, "north": 52.5, "cols": 18, "rows": 12, "source": "formation-steer-fallback", "hourIndex": 19, "validAt": "2026-07-20T19:01:52Z", "level": "500hPa", "u": [14.114868958722328, 12.591754711114923, 14.184535282135661, 13.055541670141006, 12.764115269636932, 15.766102697385652, 9.322435499506717, 12.180275614043566, 12.683303980384949, 7.7445925755514775, 9.44399671175036, 10.508697776636673, 11.114243663716413, 12.373892182588316, 11.92986519175381, 11.412273890073779, 10.541409773686036, 9.75463764852868, 10.33177226452216, 12.044097453891146, 14.05341482636483, 14.406154502539524, 14.250989993015361, 13.584335204556007, 14.305511966687718, 15.158166647977112, 12.909777858393433, 13.21250850672106, 12.465631067715897, 12.469566606680495, 13.171726892268092, 14.245052301269807, 13.431388243908993, 13.31010200492035, 13.0261678144409, 12.191781605698887, 10.43579166644745, 10.265213817119957, 12.634654905550136, 11.871100271012994, 11.804470015486244, 14.702838381248174, 14.821223132877435, 15.07689251684657, 14.567912223671557, 14.725155508658753, 13.223412874919129, 12.672935907484007, 15.04016005838408, 13.15461689725788, 13.46559045330678, 14.279647679557335, 15.291112380915909, 12.686927313292259, 10.006199974008334, 11.198420819375693, 11.200723623709095, 12.771472715784347, 13.98228005449335, 15.180526231116268, 14.65891928745945, 14.605432272772907, 17.862863239702648, 16.59486097314573, 15.731055208693217, 16.024018545334744, 14.890230374790656, 15.643242528479455, 14.497808038048289, 13.049355754278121, 15.688351378698593, 14.850844587781207, 8.754871300216118, 11.891862958713702, 13.087904201528536, 13.493408667268765, 14.40193663798624, 14.670661747468035, 16.185952780946376, 15.531153469092397, 14.470876372199898, 16.32267080224139, 16.123216529857437, 16.83048133109396, 15.767921647783226, 15.556920749869077, 16.03491433069386, 13.648418914394451, 13.711606038998129, 13.768174752330827, 7.315519104750356, 9.38432664860896, 10.062114497920287, 9.6642557384405, 10.385239739535443, 9.528077537482998, 11.101359779800589, 12.36739899245454, 13.725036060744838, 14.940340993373606, 15.11193574332336, 15.050097466636768, 16.313897885845297, 15.446395559235055, 15.97508886689902, 15.000590243118506, 14.04026411943227, 14.362966507741818, 5.757711846250576, 5.957494836825032, 6.905688795198341, 5.216565541043571, 7.0269469314849315, 8.50581855434287, 11.743720270376622, 11.926604523676225, 13.704384084373523, 14.480047846540295, 15.216757649880002, 16.353691711797588, 16.22201487459048, 15.443947344550903, 15.232278489315053, 15.781252110573512, 15.511955501902081, 15.164495079197588, 3.4102649533427782, 3.4089998622098525, 3.818084880103915, 5.008946137660695, 6.058306703794018, 7.724994681597369, 9.05449468273735, 8.42643930554512, 12.30105500534423, 12.993488647057973, 14.913663816034653, 15.85002303446776, 16.05151461376219, 17.217950657268922, 16.57792935782891, 16.02189785756589, 16.947168575876695, 16.95522709532278, 4.056678149861892, 3.3040988197064953, 3.623946048169955, 5.13993741201746, 4.788011865215652, 5.428846393677241, 7.442939176359037, 9.831216536710327, 13.321457661359581, 13.088060710609964, 15.811832279279978, 16.69931024095139, 16.22274680335394, 16.993176143285126, 17.122117907785054, 15.833588857715965, 15.614701582849541, 16.878212250753844, 2.2547906195031584, 2.284534088602763, 2.7267168133141646, 3.3521539774429683, 3.519184973845444, 4.162827577691924, 5.2559081670744305, 6.789848168642448, 7.697585075788858, 8.691419369768846, 12.048577165344822, 12.789965567989237, 13.307145262220029, 14.011310021539126, 15.027870674749659, 15.314790704653978, 14.880171590305292, 14.173503932514224, 2.139668941327182, 1.7312263562669385, 2.245004008346392, 3.128707730930186, 3.754220119338879, 4.095959496284413, 5.361036581329944, 7.193035369624653, 9.282352409426492, 9.32100569233873, 10.99744032688563, 12.899502990578712, 13.595485636238712, 12.302058135065495, 14.325931917118039, 15.408182976157068, 15.557682162324125, 14.11872743440462, 0.9715137001489671, 2.032887680848422, 2.969338112990036, 2.272647130418039, 2.0504219906455274, 2.3451720834134226, 5.721442919033205, 5.535421723406792, 6.784743935218034, 7.71682071964041, 8.937922187559478, 11.626420557912224, 14.127660907088911, 12.588315667433942, 12.345375649619035, 13.628312936667898, 13.64445437981882, 14.19596552859909],