{"west": 7.0, "south": 46.5, "east": 22.5, "north": 52.5, "cols": 18, "rows": 12, "source": "formation-steer-fallback", "hourIndex": 9, "validAt": "2026-07-22T09:18:17Z", "level": "500hPa", "u": [6.539119742870489, 6.880537806395908, 7.3414606618594, 5.5468491238021755, 7.6197156462753215, 6.612446646052409, 5.691069145397247, 5.055464424980245, 6.835553893581013, 5.9501814575391725, 5.298304934967972, 5.883093700013922, 5.648892701965569, 5.2578556243951615, 5.933393654695093, 6.501204593687349, 6.342228783747238, 7.416067169571598, 4.818316877911775, 5.751659374269367, 6.341583177974627, 6.732912682373014, 6.189328522291328, 5.5480484569832536, 5.7091280987788, 5.59663209402778, 5.005699321575397, 4.6355463076917856, 4.518715852731524, 5.08400290880461, 5.067011368397637, 2.9182149246542646, 2.9219646542658215, 3.6699765645292226, 4.7315492486047575, 6.420588847674533, 5.12624744698256, 6.270503774699092, 6.938242580087004, 6.886987973795137, 7.324402371107619, 6.631272066271385, 6.470050250020272, 6.365712150477033, 6.555691995791641, 5.262895872097548, 5.9793530750188335, 4.5659514618662564, 3.213628991287516, 2.3221272014460195, 2.088694575219626, 3.429035840231915, 2.5178849947212827, 4.445329964878114, 6.809961944351963, 7.193022623266611, 7.821604492979725, 8.470597173435742, 8.091842237976447, 7.228598204210914, 6.592899450720804, 7.217775712810947, 5.753583569685906, 6.31294370955807, 4.479343122988195, 4.15173464539795, 3.9188732112443203, 2.210075632127134, 2.547553199932037, 1.0969727694630587, 1.6523229891358429, 1.972126030727757, 7.513419206491042, 8.259062453662889, 8.563492986258748, 9.317413361738405, 8.897098451555534, 7.19028636183519, 7.944605636717369, 6.90569617107916, 4.997679870371684, 5.975780387471844, 4.334060108122103, 4.104588223923008, 4.508658213099989, 2.5872175024117645, 2.955991697855611, 2.5708916869773195, 1.903695615021889, 2.6024247446621565, 9.203084852584473, 10.30031367017088, 9.483468257362668, 9.327364922944962, 9.165580194196728, 8.325484337442699, 6.753678204507798, 6.706982981885118, 5.593488358230973, 5.599820525235459, 4.350792425191959, 3.8567228274849725, 4.467096581602391, 4.774304272156031, 3.7749403660123146, 3.8539224370760494, 4.205930027515031, 4.660217292236169, 9.376647435110895, 9.280131780506748, 9.441156474160644, 9.741346714313444, 8.787330445156746, 8.867776435789601, 7.470218360818046, 6.8732081192321735, 5.917524425071063, 5.69492162538187, 5.132466461912444, 3.7501081226894133, 4.477660495623159, 3.2472571006090174, 3.7351176150540826, 3.9084381288311087, 2.844158614905119, 4.110395433181166, 9.30652668409534, 9.299607059010821, 9.480919406497518, 10.626055059794083, 10.158998652490492, 9.522759915127939, 8.54050976586354, 8.415843140944446, 7.183334052393082, 6.535781014662816, 5.683752536791181, 5.7407518502483565, 3.8312066582471376, 4.152088726552803, 5.324996333916633, 6.097565388193756, 6.525895475630256, 8.00266346858179, 9.284103098722042, 9.633071480028509, 8.87952468904844, 9.323802695247826, 9.861849288960386, 9.968300475512049, 9.00324175220423, 9.276549540969762, 7.428236715585658, 6.605072768931515, 6.1857468742142245, 6.174078661090558, 5.183399750250084, 3.56673600370749, 3.7031775152939512, 5.695178065844016, 6.6221014023084654, 8.635227800213121, 8.952574637020694, 10.556612274762186, 11.576416020752937, 10.595832507057105, 12.223491545634925, 10.284115351999983, 10.986572891355245, 11.32079393556345, 10.344358656952148, 11.019409947746695, 9.124656336749124, 7.685728500488934, 7.442405116577752, 7.147014469574015, 6.970038855712351, 7.892288584291451, 8.712166762410332, 8.657339030916669, 10.544425528793749, 11.0818225183183, 10.483218754440674, 10.745488900578849, 11.64514210369401, 11.943260908627854, 11.392171899324598, 11.660955687187757, 11.666293266553884, 10.935524452870666, 10.364968985668636, 9.83457061414972, 8.377817129548498, 7.44857138572365, 7.236488180073847, 7.489508946429511, 8.491483379876442, 8.93787142462131, 12.966283126655059, 12.76767257560014, 12.77880694107702, 12.526765144107829, 13.337494722567758, 13.101422101634524, 11.992309467629063, 11.531001586411202, 10.785722748036823, 10.264313192887103, 9.695332919486985, 9.613042846249176, 8.543945444888413, 8.595737940295002, 9.43387853403605, 8.314772842667633, 8.005465513557134, 8.637626278728725],