{"west": 7.0, "south": 46.5, "east": 22.5, "north": 52.5, "cols": 18, "rows": 12, "source": "formation-steer-fallback", "hourIndex": 16, "validAt": "2026-07-22T15:54:40Z", "level": "500hPa", "u": [9.973081096119556, 11.023199837634667, 11.438311328498822, 9.750577152596582, 12.223083692869697, 10.754773669626152, 9.778760613177894, 10.026967221780327, 8.847620442170939, 8.154258767333753, 6.348376627829668, 5.296545130298645, 5.586335312604476, 6.412109501512629, 6.0033683362792205, 4.692058279956468, 3.5419685954478353, 2.555453478355467, 9.713404834457597, 11.274764709454315, 12.740565372899038, 12.310791677407957, 11.096630560873239, 10.789476539703807, 10.951539195780647, 10.383370846600982, 11.393497424918671, 8.862659246249523, 9.078640001891314, 7.706679886694769, 6.110999515178195, 5.73702816264387, 5.495930122601167, 3.92016791894429, 2.356805315127076, 2.4618155532374453, 9.713434546077588, 11.751962901861695, 11.505176453409227, 12.035826740070917, 13.206696702969806, 11.35663292512877, 11.46130235301014, 10.707719844109581, 10.87270785446549, 9.897880743771683, 8.8714125750197, 7.47581737855841, 5.6468696338339095, 5.334983293364582, 5.600185879906614, 4.626553105917521, 3.059185860045697, 1.1423733551898547, 11.053362196775641, 9.571655559926162, 9.887593325148009, 10.970874419187764, 11.293416120355428, 11.286593423048506, 12.149923749849906, 11.741358468428906, 12.444799992368164, 12.321243222909752, 10.316752967646096, 9.742138757145282, 6.410593443725855, 5.045478987580998, 5.124012364343976, 3.0093715210497365, 2.5854113843458735, 2.3493415482593867, 11.013761536191925, 9.819718496590152, 10.788402887447972, 12.28476707440616, 11.921567121475041, 11.726840845038854, 11.059534064691238, 11.648776645231868, 12.548250946232178, 12.080013891847639, 10.832545068431456, 10.716143123334426, 5.552993824403559, 4.424608540223174, 4.331413692924524, 3.1053788530938817, 2.855253691698608, 2.4546427395263395, 12.037483723563648, 11.781708132704651, 12.571977066085552, 15.188234348033042, 11.863744955470587, 11.566060137156889, 12.104910292804448, 11.349507855261235, 12.616532969653445, 11.713629751113498, 11.838259304982328, 9.693277527444828, 7.473721259706062, 5.632172722324542, 4.825416487333983, 4.507476183586421, 4.521967665768761, 3.9192098631234606, 10.582264757715548, 11.076919545193329, 12.24982995527162, 13.113335147398551, 13.830450708900864, 13.373485083536748, 12.859031870877653, 12.693152362055386, 13.050462608051479, 12.199975949131284, 11.804281248735684, 10.861494594492875, 8.276312920498233, 6.289717890656828, 5.939990032267813, 4.806653204931817, 4.451826022808506, 4.680038420989844, 9.536828793607256, 11.23807865905297, 12.851103393045818, 12.939156935596356, 14.266924901730226, 14.203025720072748, 14.609150311467156, 14.120973811383521, 11.646369885100345, 12.811193996002899, 12.100419459585432, 11.089117430397947, 9.642954067615856, 8.365923502665645, 7.47212967998618, 6.760642452980817, 6.395968295159702, 6.001116170708855, 8.831095947051482, 10.039382601199957, 11.3592818857753, 12.583647014414161, 13.005796341475676, 14.325762570583427, 15.45924874056817, 14.594372689644924, 15.135854937627355, 13.15573440903076, 13.207856254427574, 11.302990935063098, 10.396320401960374, 9.304456304773474, 8.96545772022132, 7.977310346328577, 6.744650765454461, 6.148058050664331, 10.06368055142652, 11.77595746293948, 13.95742354135144, 14.447906641359689, 13.599393497530688, 14.597959869175892, 15.35286296186255, 14.586730537742437, 14.340929654960961, 14.131740544567394, 14.13487861956099, 13.50201601003454, 13.067140131880688, 9.785153439412465, 9.908455631593203, 8.356382688360917, 9.202814487737372, 9.030922430297826, 11.501970803802452, 12.37208306640648, 13.518266450040526, 13.610730598158788, 13.796700248180917, 15.231857051492202, 15.247900032018295, 14.639665592376227, 13.7447071168437, 14.399283310313912, 14.532929109611914, 14.403733225667876, 12.27821775849614, 10.598241525793116, 9.709107009911962, 8.969819989479443, 9.546631840193275, 7.912829141671449, 10.473404833127045, 11.503318748538733, 11.728414673569967, 12.957317766953214, 13.816116899881772, 13.459377305570005, 14.22195240999849, 13.598135299956082, 14.200975117859274, 13.99546381337218, 13.977161808783135, 12.903589976934981, 11.019759066685873, 10.081447616557021, 9.718120961473014, 8.494064016528714, 8.957453366186618, 9.872663878289215],