{"west": 7.0, "south": 46.5, "east": 22.5, "north": 52.5, "cols": 18, "rows": 12, "source": "formation-steer-fallback", "hourIndex": 22, "validAt": "2026-07-20T22:01:39Z", "level": "500hPa", "u": [15.940059272394048, 15.325767258941216, 15.23348078337796, 14.59838981526174, 14.339363786771534, 11.89420002710513, 9.565458484876226, 10.169608171642286, 12.264270175858682, 12.477392954045326, 11.124086088488582, 10.812725925959253, 11.121616437540709, 12.157101899570684, 11.76051170274566, 12.477419908510969, 12.16859039628051, 10.71571657436667, 10.329576639232611, 12.571164177381542, 12.775321421446076, 13.224677716078844, 13.445661608454069, 14.03995213140991, 14.722382775084572, 15.31578435050203, 13.678196060794772, 14.831804159680846, 14.961756122584328, 14.758853196154922, 14.203302790881148, 15.344644077286315, 15.766713327198927, 14.246441037988088, 14.304812220375183, 13.634065785326648, 11.007675971950388, 11.626343287689528, 10.157080124959535, 11.105222834173444, 11.402429756846011, 13.95409172716554, 14.740543794757318, 15.489533634289627, 15.646982814856278, 16.012898690447507, 15.83771917868669, 16.45864125695659, 15.776704662346821, 16.255537121306705, 14.934610018371183, 15.173403115004355, 15.205462918107623, 14.240819639367574, 7.396031601027831, 9.314861922066095, 9.727314074889264, 11.021162602339377, 12.510106341084814, 14.06945894433222, 15.27601638005104, 14.72368083748644, 16.386185793037594, 17.502833515218807, 16.16739024141907, 15.75399466013863, 15.613480819248787, 16.62720888108534, 16.345592193023432, 15.135763158569363, 15.331838701475997, 14.885638343310205, 7.824848311565357, 10.082030593491698, 10.496880061826706, 12.901378250912925, 13.553638227488932, 15.177362602797716, 15.682454503050078, 15.918722270972154, 14.839597124999289, 14.807294348888716, 17.365569419920607, 16.83552609180061, 16.38002218096587, 16.947621005551884, 16.443271121572344, 15.863598792435043, 15.488430720151525, 15.040276029973109, 3.819477906511558, 6.104095541502966, 7.629395023223744, 7.196805939630144, 7.738156652303466, 6.4138153699560085, 8.763089369536313, 8.938081300448443, 10.803202139227926, 12.578913009405845, 14.154818783429649, 14.826471986385755, 16.129590093880854, 15.37088818494861, 15.177194129336943, 15.729724468083164, 16.49845345837712, 14.020533954606577, 2.8051930400477127, 4.316776908353625, 5.072879566378667, 5.905621863927479, 5.932095272414804, 6.3899093219141205, 7.92659868090142, 8.288824075709217, 10.36806890631812, 10.17487552237878, 12.963842567073511, 14.206283921021365, 16.522251197941493, 14.713192651852376, 14.76446169249048, 14.492088018277368, 15.718081368329393, 16.073756707202357, 3.387010508367095, 4.306527353226078, 4.244978236018213, 4.001515584626056, 3.900920805181211, 4.4016484384463865, 5.261384598915821, 7.322239173773816, 8.06453659742473, 8.443233444677299, 10.773566449273574, 12.251549845425597, 16.132473097895318, 17.24824645741142, 17.714089345180636, 18.229166293391362, 17.145671150633397, 16.39811248046523, 2.065406184988098, 2.0272241936991997, 2.253996446325733, 2.569245145606734, 3.171794002654155, 3.9522103922773506, 5.306467221803454, 4.59085076005478, 8.440539168865605, 8.421297498930242, 11.35663292512877, 13.349768334986026, 15.312931678340842, 17.868016197199935, 17.759122234374846, 17.409297959572392, 17.409658290585714, 16.615707613851725, -0.3121209495919586, 1.0509596866283215, 1.5548794628074325, 1.1597853836713348, 1.0235125435077301, 2.1529006550975436, 4.374221165621591, 5.722398482603492, 7.15677133599454, 8.406934469139847, 9.11376389001269, 9.197548663301133, 12.450364204325814, 14.574403936708405, 14.370708915604505, 14.235744590394425, 14.03980096068502, 14.498165030540308, 1.024371888229779, 1.263137385224825, 1.8851969869743581, 1.304571730675141, 1.1911726067484212, 1.2016317836957557, 3.677636037197461, 4.636519955906708, 7.290241689821089, 9.150189791091766, 9.845010000213906, 10.248593988713726, 12.143540848881388, 14.870002685414653, 14.278622959753813, 13.148692413034066, 13.864386386821282, 14.882317168955108, 0.36785683344766745, 1.3505242483535864, 2.151960823878288, 1.4697794088427993, 0.4763813848963206, 1.539419977608136, 4.8826648580650716, 4.824090101998964, 5.638156033770752, 6.860451458419311, 10.243756378192167, 12.463158010610465, 10.864058174770886, 13.433681471189939, 13.511491557536857, 13.169087566188587, 11.724864815018293, 13.706434058374185],