{"west": 11.4, "south": 47.8, "east": 19.6, "north": 51.4, "cols": 12, "rows": 8, "source": "formation-steer-fallback", "hourIndex": 10, "validAt": "2026-07-20T09:36:32Z", "level": "500hPa", "u": [13.534207711981821, 14.880171590305292, 16.070557525466143, 15.341319686312856, 14.783273670563448, 15.902881944819486, 16.4132920594552, 16.798904443043128, 18.03199981181666, 18.629892674137825, 18.077223528332727, 17.53533644214712, 14.136444186926967, 14.965411286122428, 16.741385715041407, 17.260779635167655, 18.18187649779152, 18.905651995222446, 18.037616384879374, 17.248318539160493, 17.14828836218487, 17.234868819205303, 16.70684266002161, 17.22475756312715, 15.980260043682414, 15.570198606452877, 15.959059651166072, 15.962975055605666, 15.98860817900198, 18.242616834548475, 18.045284970862177, 17.771813090945987, 17.59066659835139, 15.889340968206644, 14.87608077092033, 14.261844373699448, 16.55301889104753, 16.496626513516688, 17.354503079920704, 17.53867658680181, 18.680436268000733, 19.149854243561453, 20.37608576293039, 18.466993967515887, 18.96064448306346, 18.057848268559223, 16.205384777356628, 15.429962688960112, 14.441465393878387, 15.567533997952818, 16.020992395577885, 17.234053996137348, 18.08900351887007, 18.64729207257475, 20.083140845570888, 20.134567715726487, 20.671738015022285, 20.019285606600064, 19.579507494034456, 17.51720805667825, 11.281877954347115, 13.077535816636232, 14.438638144103479, 16.216495119890936, 17.110088357775027, 18.324266135066622, 18.096612260165575, 19.28022282607826, 20.121001464981916, 19.86306970751921, 20.04517096531735, 19.09394304143298, 12.32601503465511, 12.82918476765823, 13.65030652820833, 13.983573897486313, 15.175841262406353, 16.0224587049253, 15.508987576589952, 15.915423125717492, 17.057060264124544, 17.526646160814966, 19.01544402868953, 18.84806515277685, 10.076050893137163, 11.931992502464636, 13.126261606799918, 13.06344721820814, 13.33641993476444, 14.04892257251612, 14.641803613757343, 15.416736854619971, 16.515177161053867, 16.229394562673324, 16.463893564226286, 17.675840833599025], "v": [-3.1495087929246304, -2.6237757289424093, -1.4059916000195143, -0.8577129301935712, -1.4495126568390304, -0.4164316193310798, 1.1189459971248124, 2.570593606312467, 1.3241872919548772, -1.4662043514141008, -0.3471004238321641, 0.27546707735605847, -4.348938088053892, -3.482560297463787, -2.9218395430817443, -2.2724247492754817, -1.81479253837127, -1.6207861165315507, -0.6298874439569443, 0.24084761085025727, 0.44904373409797377, -0.7223550268286933, -0.05831811926906332, 0.9328595239873739, -3.6306260047390198, -3.968793858596405, -3.860902862637245, -2.3287462147587554, -1.5958752566446655, -1.4998161183823728, -0.3464871721999518, -0.8691866678494466, 0.6142796134872169, 0.7771184211652126, 1.4848302586674043, 1.5241514787351096, -4.621685917074021, -3.8085463228496033, -3.6255445857784077, -2.997940891121179, -1.9633929683774258, -0.8026166964763262, 0.42681815190052963, 1.0324652527693945, 1.3258574210949357, 1.7705875034076781, 1.9610670372550119, 3.3078973773794766, -5.057329256279967, -4.581774419100235, -4.624221843817146, -4.424952978429104, -3.189579374507157, -2.256570289444121, -0.6311381271990025, 0.949522109929228, 1.9540545612663776, 2.3517255660036445, 3.3819681875961978, 3.627639394710945, -5.28481780836965, -5.151378353402621, -5.255234507794268, -3.7438728947257425, -4.520680343913668, -2.7385799228736194, -0.7584727781701281, 0.7406714497830952, 1.6542474464531605, 2.0176170444511854, 4.333919367305931, 4.198075646116088, -7.8223270028114396, -8.68601108937911, -7.660194765568746, -6.520647596774206, -4.208633258821325, -2.767559176023253, -1.220583793399431, -0.8898102955646403, -0.20840167258125908, 1.2255824900877557, 3.62738994818865, 5.191622096867116, -10.9576230274296, -9.73149562408685, -7.547935192772577, -5.357710163572034, -4.827716620521762, -3.191836896953798, -2.5027693256218098, -0.619200115616951, 0.057649077747814144, 0.9926322949091245, 3.021689914666319, 5.336650984138618]}