{"west": 11.4, "south": 47.8, "east": 19.6, "north": 51.4, "cols": 12, "rows": 8, "source": "formation-steer-fallback", "hourIndex": 9, "validAt": "2026-07-19T08:32:17Z", "level": "500hPa", "u": [10.615210830855018, 10.509356977498102, 11.23533022479704, 13.716540899514287, 9.900355407531569, 10.261362313976573, 9.290206270076611, 11.403783174761795, 10.63845432916688, 10.227146802581611, 10.39600651128512, 9.791451918569834, 18.589424286326903, 22.11547517155629, 17.263347094083354, 13.549913533549562, 14.336842831216412, 14.441834727834358, 11.599378892364943, 10.27644372361755, 9.656482927893814, 10.568480495318514, 10.535092174290785, 10.426599450300959, 16.188704901183524, 10.33044090253875, 13.96106613970897, 14.020982046300903, 12.237792531548271, 13.71586999599516, 11.580278853248565, 10.531044666489208, 9.317530406165073, 9.850599817995134, 9.601986061911607, 8.908563257580147, 16.211328552134635, 16.079669786741697, 10.031535050637796, 12.400662564044314, 17.69165819599667, 9.859720999900134, 9.840769188217402, 10.597315537498698, 9.543172108425535, 9.31910711126326, 9.54794162421862, 9.498539517156901, 16.011702623135438, 19.39963106025168, 13.861983781735473, 11.818320589816848, 11.625843078698635, 11.107074370493189, 9.418280219213019, 10.55079959315324, 9.836688991845826, 10.5755113238156, 10.563519979848833, 8.587570632400539, 13.028070838396882, 12.1518461909221, 11.481924525106631, 10.188954660466798, 10.993085638837046, 11.6748174937135, 9.51627893852179, 8.1004812147974, 8.960577327843767, 8.437010975589706, 9.369456436791733, 8.950601849894207, 9.892903392127563, 11.119980158177205, 12.042714362565116, 9.990318727069932, 8.80296346771182, 8.350175992562724, 7.496324063626129, 7.4335321419356415, 7.071473738056181, 5.5458390780322215, 6.001284523423663, 6.479454453647495, 9.293720180573775, 9.00084313571725, 10.352066564055129, 9.38716841136809, 6.099399587234307, 8.325603526553282, 5.875064987682994, 4.12316733679859, 6.010745424782869, 6.470061116218912, 6.148718424421931, 6.13948005405029], "v": [4.505889666453388, 5.682388120031261, 5.383068287158029, 4.509769184518292, 2.413446496782562, 3.255095865564853, 5.626348907358164, 5.172985471247319, 3.3338894992216774, 4.596262016948635, 4.284924676294194, 6.5054251011050885, 6.256032452649086, 4.579894735822569, 2.487686318713633, 4.402633789303071, 2.9168636404871595, 4.33275806040066, 5.359665497923373, 4.404489405843274, 4.461921527021208, 4.771851916658404, 5.0701974639693725, 5.2897158097035915, 0.4804695448284395, 2.537399654992153, 4.375132924480023, 8.9667921065795, 7.2951884831143365, 6.106698766179722, 5.011234147801365, 4.7770937259988004, 5.642896992379806, 5.872136021161539, 6.21180336235253, 5.2057440518358025, 2.8001826633634113, 4.0389338829024295, 1.1252169434382986, 7.3337313966369475, 9.726071398253515, 7.189832216258977, 6.488791723751884, 5.51661329312189, 5.825177133773109, 4.789370502403873, 6.059308006554152, 5.461902470719398, 1.3445402354327183, 1.833805049803831, -0.9693243330694081, 8.183393149318386, 7.435036833094709, 6.940470363498781, 7.708773037271142, 5.872499718613646, 5.9573106077909985, 5.694326155332584, 5.783358258791514, 5.058465684175018, 2.273762351195193, 3.738396023856263, 3.184219483854675, 3.668249394656299, 8.075224206926574, 8.053917117336486, 7.328521357525226, 6.845437365916788, 6.950536240384101, 5.542080335014473, 5.365938295872518, 3.9290395168120105, 3.252621137506556, 7.844283102543936, 7.7907813120007985, 4.179040850003767, 6.141032374981874, 8.985859558458513, 7.681768675086764, 7.564417263529626, 7.425778962490031, 6.009968244781893, 5.4607487554501315, 5.24695876037802, 1.9077267768723387, 9.15932451788828, 10.608156741786482, 9.224744706257482, 7.1414793602602895, 9.181861412865217, 9.512540876199461, 9.528077537482998, 7.749006308867708, 6.313868184542247, 5.439926534726699, 5.206657725059198]}