{"west": 7.0, "south": 46.5, "east": 22.5, "north": 52.5, "cols": 18, "rows": 12, "source": "formation-steer-fallback", "hourIndex": 13, "validAt": "2026-07-22T12:37:36Z", "level": "500hPa", "u": [9.359941332154381, 8.982285732630627, 9.573043148704231, 7.738311771550853, 11.222417601602192, 10.135467822972089, 8.279068629669734, 7.6743500675628615, 6.966164803899822, 5.411580659996559, 4.407428046143935, 6.429920914180412, 5.530546816184704, 5.033266543529681, 4.438928758325539, 4.195414318538151, 3.732671821834077, 4.682995759262048, 8.41499486015924, 8.9725519233549, 9.850522660260875, 10.372543406490419, 9.571532231435976, 9.477776618958893, 9.312762291566228, 8.5033762402099, 7.619687013744046, 6.079881921952053, 4.821960871552824, 5.102767768258565, 6.846781634216942, 5.312502323342258, 4.005486640381372, 2.7958982971899142, 2.35190686437433, 3.6030265640868158, 9.132306875027341, 9.482838253152524, 9.767278806793882, 10.631228534030534, 10.645111391608122, 10.928533299059863, 9.635408688639066, 8.829162763746677, 8.266722138983516, 7.311901163982524, 6.071441327308065, 6.209960743948173, 5.455802490951441, 5.786638027977812, 4.532387051139648, 2.601113921388775, 2.028082946162858, 2.130724090237194, 10.038542307099124, 11.60929289173824, 11.8640951131824, 11.60929289173824, 11.401029237459953, 10.431403023796046, 10.596542932264025, 10.956320499806717, 9.357016268669833, 8.216815760813805, 6.455481190986614, 6.725892601170622, 4.64950981944853, 4.752860034142162, 5.004127660202289, 2.6090536440447147, 2.0804765433227743, 1.0870491074234265, 9.98383635447188, 10.371940755437771, 10.924243092089704, 11.461848315243108, 11.897926622669688, 10.411186237075922, 10.624800380083396, 9.59848603343199, 8.680240378235137, 8.560283943741714, 6.591251280994057, 5.85161102691686, 4.098288130521368, 3.5542909565915135, 2.775462574417831, 3.00625493606835, 2.288546448953712, 1.5726200136673478, 9.793595614296116, 11.360888005909521, 12.0353095779935, 11.366840612799622, 11.402425477441998, 10.833800804881667, 10.949255626276123, 10.190428607788922, 9.409333377136226, 9.490137200190746, 8.146059921406932, 6.96005459956199, 5.409084560104724, 3.900001110706596, 4.24898822389391, 3.8442700185866583, 3.331136731489013, 2.60899524150595, 9.71931409713487, 11.290628477317533, 10.887234346391045, 11.865508437145383, 11.257424322601988, 11.568339506015183, 12.168878098905374, 11.018270498693566, 9.221813352167441, 9.499060440524223, 8.098068226175483, 7.291886384497811, 5.260184795428546, 4.047502074638515, 4.150742768905437, 5.161532765172919, 5.1119730501570215, 5.457925422560781, 10.340038535129096, 10.642882520184605, 10.642545166624396, 10.713030579178522, 11.287197762657183, 11.267223007405693, 13.009122665053116, 12.417337099562957, 11.106750013143794, 10.250419619285662, 9.989693752265845, 8.265109714749753, 7.510371750957923, 6.034508793938972, 5.070405200377347, 4.618276399626259, 5.109700754751231, 5.938884541595049, 9.62435102699469, 11.66756540068762, 13.774785214785524, 12.207153285129841, 11.85783978582748, 12.30551183919988, 12.442186800199096, 12.88565080257889, 11.742951134735307, 9.771492438710322, 8.729254669529174, 9.077519390989757, 7.77786916693262, 6.385176071008387, 5.8505641819039615, 6.3500190310209685, 6.333420257800856, 7.123836104480769, 10.22825202928118, 12.109996358417686, 11.897109393748961, 13.87397557783222, 12.298367763237398, 13.068525051651532, 13.527470578890725, 13.195676215723493, 14.183992545692215, 12.532657431928435, 12.976803399000147, 12.557001449355749, 10.117947452905096, 8.400962430593927, 7.70476702434963, 7.077320250804839, 7.315636099087277, 7.510395632705966, 9.919142648179097, 11.388287821108324, 11.45362874494962, 14.615364211156738, 15.614221460954493, 15.6378456498896, 13.101104340375487, 14.043388346911241, 11.672846829492585, 14.16655365405335, 12.400487550946089, 13.488633831748617, 11.185376818905487, 9.526164508613258, 8.220619336899706, 7.925310342741304, 7.852728069818065, 7.402926686968489, 11.620339672383626, 13.479920641530377, 14.739414819790923, 14.388665573664024, 13.880941688430843, 15.635121919329146, 15.593980911833702, 13.054788459891139, 12.749352525909506, 12.513728169952799, 11.809596811469001, 11.218661770806847, 11.091538124678726, 9.304456304773474, 8.264296503029124, 9.625971267898244, 8.61359820731684, 7.3167883824016835],