{"type": "FeatureCollection", "features": [{"type": "Feature", "properties": {"band": "light", "dbz": 30.0, "source": "OPERA-ORD", "time": "20260725155000"}, "geometry": {"type": "Polygon", "coordinates": [[[7.207006633812355, 56.07696305408993], [7.21117989725114, 56.07480929676909], [7.215352692766984, 56.07265539847647], [7.219525020359888, 56.070501359212074], [7.223696880155923, 56.06834717902706], [7.227868272155089, 56.06619285792142], [7.232039196483454, 56.0640383959463], [7.236209653141018, 56.06188379310167], [7.240379642253848, 56.05972904943869], [7.244549163821944, 56.05757416495733], [7.248718217971368, 56.055419139708675], [7.25288680470212, 56.05326397369273], [7.25705492414026, 56.05110866696057], [7.261222576285787, 56.0489532195122], [7.265389761264759, 56.04679763139865], [7.269556479077175, 56.04464190261993], [7.271797616322655, 56.041320509489324], [7.272113173001202, 56.03683345200682], [7.270346295698189, 56.033424281567314], [7.266496984413615, 56.03109299817083], [7.260565354767462, 56.02983921760884], [7.252551406759731, 56.02966293988136], [7.244537527373477, 56.02948614752683], [7.236523716608699, 56.029308840545255], [7.230593606219854, 56.028053935689776], [7.22674719620694, 56.0257214329604], [7.224984369394418, 56.02231171650608], [7.225305125782291, 56.01782478632679], [7.223543174565403, 56.0144149624334], [7.219698515743758, 56.012082244825905], [7.213771266769555, 56.0108262495745], [7.205761427642795, 56.01064697667919], [7.19967299470943, 56.01163403947337], [7.19550596796946, 56.01378743795705], [7.193260229021439, 56.01710755603352], [7.192935777865367, 56.02159439370279], [7.190689066576265, 56.024914358072884], [7.186520095154133, 56.02706744914379], [7.182350657086008, 56.02922039929259], [7.17818075237189, 56.031373208519284], [7.178017932138914, 56.03361661204204], [7.181862196387081, 56.03595060986086], [7.185706918343385, 56.038284490073224], [7.189552098007827, 56.04061825267913], [7.193397735531672, 56.0429518976337], [7.19724383091492, 56.045285424936935], [7.201090384308872, 56.047618834543954], [7.204937395713528, 56.04995212645475], [7.204775323496236, 56.052195548442036], [7.200604167656996, 56.0543491005058], [7.194509117939345, 56.055335609373486], [7.186490174343284, 56.05515507504509], [7.1805577342814875, 56.05389778799699], [7.176711797753954, 56.05156374822918], [7.1728663192785405, 56.04922959085333], [7.169021298855247, 56.04689531586944], [7.1630903832850565, 56.04563690486296], [7.1550735725679715, 56.045454357833876], [7.149143612843318, 56.04419558367259], [7.145300504111097, 56.0418605823791], [7.141457853072829, 56.03952546363378], [7.137615659728516, 56.03719022743663], [7.133773923926724, 56.03485487383247], [7.129932645667456, 56.03251940282129], [7.128178016488441, 56.029108345070526], [7.12851003638968, 56.02462170058018], [7.126756281262214, 56.02121053613632], [7.12291675110604, 56.018874851738985], [7.11907767794258, 56.016539050047214], [7.115239061771836, 56.01420313106104], [7.115405397870349, 56.01195981697856], [7.11957668623812, 56.009809107799796], [7.123747508479898, 56.007658257508524], [7.127917864595683, 56.00550726610472], [7.132087754710348, 56.00335613363945], [7.136257178823891, 56.00120486011269], [7.140426137061182, 55.999053445575456], [7.144594629422219, 55.99690189002776], [7.146843602860473, 55.99358275627404], [7.147173057375944, 55.9890960443143], [7.145419187674698, 55.985685133774695], [7.141581993756736, 55.9833500246552], [7.137745255900491, 55.98101479826713], [7.133908974105963, 55.978679454610486], [7.13215630244773, 55.97526844537924], [7.1324872409257924, 55.97078177057342], [7.130735440556052, 55.96737065470769], [7.126900901338508, 55.965035097782064], [7.123066817635507, 55.96269942370007], [7.1192331894470495, 55.96036363246172], [7.117482584806956, 55.95695241804228], [7.1178150037152275, 55.95246578044174], [7.118147332401436, 55.94797914022872], [7.118479570865581, 55.94349249740323], [7.116730160500614, 55.9400811844904], [7.112899101306533, 55.93774520149026], [7.106986514656996, 55.936484165487805], [7.098992400552004, 55.936298076483034], [7.093080763895978, 55.935036678872166], [7.089251604688919, 55.93269997265519], [7.0854228999992745, 55.930363149527274], [7.081594649827044, 55.9280262094884], [7.075684530505599, 55.926763692840204], [7.067692542034942, 55.92657559958269], [7.061613760443761, 55.927555952163544], [7.057448185732056, 55.92970475058276], [7.053282147057264, 55.931853407903546], [7.049115644419383, 55.93400192412591], [7.044948677694737, 55.93615029919897], [7.040781246883325, 55.938298533122726], [7.036613351861467, 55.940446625846306], [7.032444992629164, 55.94259457736971], [7.028276169062733, 55.94474238764203], [7.024106881162176, 55.946890056663264], [7.021850509731598, 55.95020706464264], [7.021507054770998, 55.95469341158016], [7.019249712389851, 55.95801026458744], [7.015078482588157, 55.96015762366448], [7.011079528670782, 55.96006169525997], [7.007252850637728, 55.95772247937391], [7.005512158561864, 55.954309722644524], [7.005857452443189, 55.94982342507183], [7.004117628063062, 55.94641056272862], [7.000292685421483, 55.94407113561489], [6.9943827506680485, 55.942804760856646], [6.98638782380276, 55.94261143845387], [6.980478840342167, 55.94134470298035], [6.97665580028627, 55.93900455443609], [6.972833214600631, 55.93666428942042], [6.969011083285251, 55.93432390793334], [6.963103622713293, 55.933056054743005], [6.955110832884756, 55.93286072984943], [6.949204323300342, 55.931592516303915], [6.945384093960052, 55.929251414106474], [6.941564318631911, 55.9269101955922], [6.937744997315919, 55.9245688607611], [6.9318400110907294, 55.923299530226245], [6.92384935995634, 55.92310220398764], [6.917945324412134, 55.921832513457446], [6.914127904458111, 55.91949045863566], [6.912396970617679, 55.91607642204951], [6.912752522890839, 55.911590403699], [6.911022452911656, 55.908176262282964], [6.907206760680129, 55.90583399780139], [6.903391521707739, 55.90349161722393], [6.899576735994487, 55.90114912055057], [6.897847842650773, 55.89773488285471], [6.898204841676597, 55.89324890413632], [6.898561743984743, 55.88876292253344], [6.89891854957521, 55.88427693804605], [6.897190831435436, 55.8808626041274], [6.89337858956542, 55.878519920777514], [6.8874819540520456, 55.87724850603461], [6.879500924895315, 55.87704835989871], [6.873425101677575, 55.87801952975293], [6.869254484398825, 55.8801620155973], [6.865083404473115, 55.882304359742946], [6.860911861900443, 55.88444656218988], [6.856739856558664, 55.88658862288721], [6.852567388447777, 55.888730541834924], [6.848394457445632, 55.890872318982154], [6.844221063552231, 55.893013954328886], [6.840229369737052, 55.892912561844184], [6.836419376000098, 55.890568141528064], [6.832609834898365, 55.88822360544577], [6.828800746431854, 55.885878953597334], [6.822905083487985, 55.884604479825704], [6.814922846066757, 55.88440018413088], [6.806940687394453, 55.88419537620414], [6.798958607471075, 55.88399005604549], [6.792879659700809, 55.88495727849883], [6.788703844083653, 55.88709704356417], [6.784527565601486, 55.88923666656862], [6.78035082425431, 55.891376147512176], [6.776173619920331, 55.89351548634387], [6.7719959525995534, 55.895654683063725], [6.7678178221701835, 55.8977937376207], [6.763639228632221, 55.899932650014826], [6.759460171863878, 55.90207142019507], [6.755280651865153, 55.90421004816144], [6.751100668514253, 55.9063485338629], [6.746920221811179, 55.90848687729944], [6.740836530532476, 55.90945125947351], [6.732849594678143, 55.90924168038511], [6.72676502210002, 55.91020565047377], [6.722582812798107, 55.912343169739486], [6.720302829339706, 55.91565462033829], [6.719925071724816, 55.92014000227017], [6.721639335549996, 55.923556651607974], [6.725445620815248, 55.92590456835169], [6.729252359432804, 55.92825236965801], [6.7330595514026665, 55.93060005552694], [6.736867196876308, 55.93294762591447], [6.740675295853731, 55.935295080820616], [6.744483848486444, 55.93764242020137], [6.748292854774448, 55.939989644056716], [6.752102314869288, 55.94233675234264], [6.755912228770965, 55.94468374505914], [6.761814484224371, 55.94596111258537], [6.769809081229508, 55.94616885492134], [6.777803758223694, 55.94637608414009], [6.785798515206929, 55.946582800241636], [6.79379335178607, 55.94678900320967], [6.801788267961114, 55.946994693044196], [6.807876310160887, 55.94602734646024], [6.8120574783853876, 55.943886963457814], [6.8162381822248435, 55.94174643830359], [6.820418421679253, 55.93960577099757], [6.824598196871136, 55.93746496159086], [6.828777507800492, 55.93532401008346], [6.832956354589835, 55.933182916526455], [6.837134737239167, 55.93104168091983], [6.841312655871002, 55.92890030331468], [6.84549011048534, 55.92675878371098], [6.8496671012046955, 55.92461712215977], [6.85384362802907, 55.92247531866107], [6.85783906606773, 55.922576302536385], [6.861653415320678, 55.92492007378572], [6.863379866916949, 55.92833488582004], [6.863018420856542, 55.932820738639336], [6.862656876701208, 55.93730658861086], [6.862295234450948, 55.94179243573459], [6.864022861950813, 55.945207151973825], [6.867839759200806, 55.94755073732858], [6.8716571108168765, 55.94989420660752], [6.875474916799021, 55.952237559810655], [6.87720372163704, 55.95565218019794], [6.876843525330932, 55.96013806776936], [6.876483231192711, 55.964623952546674], [6.876122839222379, 55.96910983452988], [6.875762349342032, 55.97359571373207], [6.875401761551665, 55.978081590153224], [6.877132058614283, 55.9814961233737], [6.880953240529883, 55.9838393133935], [6.884774877850024, 55.986182387181735], [6.888596970574708, 55.9885253447384], [6.892419518855619, 55.99086818601914], [6.8962425226927575, 55.99321091102398], [6.900065982237843, 55.99555351970852], [6.903889897490877, 55.99789601207279], [6.905623110988058, 56.001310239710534], [6.905265622729386, 56.00579620262174], [6.906999704639592, 56.009210325341776], [6.910825356718679, 56.011552607870634], [6.914651465055446, 56.01389477396785], [6.918478029649895, 56.01623682363341], [6.9202132963689795, 56.019650850120705], [6.919857265212698, 56.02413685342971], [6.917587028647475, 56.02745180635666], [6.91340258667331, 56.02959570890153], [6.909217677873078, 56.031739469369704], [6.905032302246776, 56.033883087761176], [6.900846459670425, 56.036026564024624], [6.896660150144023, 56.03816989816004], [6.892473373543585, 56.04031309011609], [6.888286129869113, 56.04245613989278], [6.888106485481107, 56.044699096441775], [6.891934440379568, 56.04704195976309], [6.895762852464549, 56.04938470662888], [6.899591721736049, 56.05172733703914], [6.901326827734401, 56.05514161769706], [6.900968170459607, 56.059627548602634], [6.9006094154944595, 56.06411347688692], [6.900250562838961, 56.06859940254991], [6.976283352906648, 56.07264175722364], [7.128707785697525, 56.07624054090811], [7.207006633812355, 56.07696305408993]]]}}, {"type": "Feature", "properties": {"band": "light", "dbz": 30.0, "source": "OPERA-ORD", "time": "20260725155000"}, "geometry": {"type": "Polygon", "coordinates": [[[7.0606748182026315, 56.07248007823053], [7.061015153589395, 56.06799365134296], [7.059265468051658, 56.06458156043692], [7.055425761589422, 56.06224380551241], [7.05158651313277, 56.05990593344437], [7.047747722681704, 56.0575679442328], [7.047918214100144, 56.05532473926833], [7.05209798738809, 56.05317631855094], [7.05610731086858, 56.05327097469426], [7.059946184541611, 56.05560870769827], [7.063785516124556, 56.05794632353695], [7.067625305617412, 56.06028382221031], [7.071465553172171, 56.06262120367357], [7.07530625878883, 56.06495846792674], [7.077057370105894, 56.068370337829585], [7.076718887123363, 56.07285681338208], [7.072538396851385, 56.07500586128732], [7.064515899289962, 56.07481748154532], [7.0606748182026315, 56.07248007823053]]]}}, {"type": "Feature", "properties": {"band": "light", "dbz": 30.0, "source": "OPERA-ORD", "time": "20260725155000"}, "geometry": {"type": "Polygon", "coordinates": [[[9.658497098719373, 56.10659431675476], [9.650502374920649, 56.10208127096944], [9.64250951160441, 56.09756771340846], [9.63451850877066, 56.093053644071794], [9.630565807383357, 56.08630577540796], [9.630651407442508, 56.07732410741695], [9.636725396788778, 56.071727784220656], [9.648787775422164, 56.06951680581908], [9.660848776329921, 56.06730466191327], [9.672908399512046, 56.065091352503224], [9.680971996186344, 56.06062164652997], [9.685039566352811, 56.05389554399349], [9.689105723326847, 56.0471693056698], [9.693170467108446, 56.040442931558886], [9.695238080454558, 56.03258887233704], [9.695308563365181, 56.02360712800426], [9.699369074271036, 56.016880346957706], [9.707419613172119, 56.0124085291974], [9.713473024982253, 56.006809026538534], [9.71752930970144, 56.0000818389811], [9.723548459510734, 55.99897244453636], [9.731530474410137, 56.0034808432043], [9.741525362953997, 56.00686993420716], [9.75353312514231, 56.009139717544954], [9.759509198958146, 56.01476550219148], [9.759453584401502, 56.02374728814673], [9.755401397221728, 56.030475635409495], [9.747352637418825, 56.03495054397976], [9.739302020159526, 56.03942493146518], [9.731249545443834, 56.043898797865765], [9.725193236294775, 56.049499437870345], [9.721133092712343, 56.05622685147892], [9.71707153722199, 56.0629541297022], [9.713008569823717, 56.06968127254019], [9.716990666517912, 56.07418091371488], [9.729017827304574, 56.07645305322629], [9.743060698675087, 56.07760512192627], [9.759119280629449, 56.07763711981482], [9.773176600809931, 56.076541042242134], [9.785232659216533, 56.07431688920822], [9.791284853887355, 56.0687139255219], [9.791333184822392, 56.05973215118316], [9.787358018472425, 56.052988857487975], [9.77935935483745, 56.04848404443634], [9.779383493974944, 56.04399315204959], [9.787430435884906, 56.03951618032771], [9.791478019689418, 56.032786796748944], [9.791526245388479, 56.023805001313285], [9.791574444841553, 56.014823200432865], [9.791622618048638, 56.0058413941077], [9.795664586634786, 55.999111472678116], [9.803700350599993, 55.99463343614413], [9.805732651887546, 55.98902308014101], [9.80176149049744, 55.98228040466875], [9.791766998262688, 55.97889517187203], [9.775749175183286, 55.97886738175086], [9.761740991101581, 55.977718988968505], [9.74974244601757, 55.97544999352496], [9.739739197833144, 55.97430700549166], [9.731731246548298, 55.9742900248686], [9.723723302036166, 55.97427252968929], [9.71571536429675, 55.9742545199537], [9.707724992234098, 55.97199055047989], [9.699752185848208, 55.967480621267825], [9.689770709012492, 55.96408769549633], [9.677780561726946, 55.961811773165415], [9.667763068671047, 55.962908449570826], [9.65971822984479, 55.96737772471257], [9.653663565083214, 55.97297492106492], [9.649599074386316, 55.979700038627875], [9.64356197543588, 55.983051016798235], [9.63555226823191, 55.983027855576005], [9.627564761146013, 55.98075875019246], [9.619599454178191, 55.97624370064758], [9.613648801071271, 55.97061179230424], [9.609712801825253, 55.96386302516244], [9.603718724156495, 55.96272120931176], [9.595666568064996, 55.96718634475221], [9.583633634301746, 55.969391644386654], [9.567619922866745, 55.96933710821511], [9.553621351642894, 55.96816533171424], [9.541637920630192, 55.96587631488406], [9.531670980610503, 55.96247122004856], [9.523720531583828, 55.95795004720774], [9.515771925934006, 55.953428366561496], [9.507825163661039, 55.94890617810983], [9.497865188715757, 55.945497895569595], [9.485892001098161, 55.9432035189408], [9.477859428380718, 55.945416012815016], [9.473767470563427, 55.952135377192256], [9.475693908691015, 55.957757176467645], [9.483638742763485, 55.96228141064118], [9.491585420965494, 55.966805137425986], [9.499533943297042, 55.97132835682207], [9.499474785090904, 55.9758191578166], [9.491407946347078, 55.980277540409595], [9.481351922694177, 55.983604143828074], [9.469306714132205, 55.98579896807203], [9.461234315849975, 55.99025577647178], [9.457134727847485, 55.99697456902733], [9.45906095362843, 56.002596607303495], [9.46701299319281, 56.00712189130028], [9.466950001147145, 56.01161266326425], [9.45887197749144, 56.0160689231954], [9.45278076948001, 56.02165630196356], [9.448676377112854, 56.02837479956875], [9.438604587518872, 56.031697453939465], [9.422565400698065, 56.03162426507571], [9.40854877241926, 56.030436190116625], [9.39655470268246, 56.028133229062185], [9.390628107824957, 56.02249101768335], [9.390768987846753, 56.01350955598011], [9.390909791222182, 56.00452808858532], [9.39105051795124, 55.995546615498974], [9.385130783849931, 55.989903274267675], [9.373150588918257, 55.987598064891415], [9.361171811814263, 55.98529170493095], [9.349194452537946, 55.98298419438627], [9.339239993125872, 55.97956372932352], [9.331308433578043, 55.97503030974272], [9.321357255830598, 55.97160793321996], [9.309386459883537, 55.96929659975524], [9.299438988383425, 55.96587295750918], [9.291514841330264, 55.96133700648177], [9.27954830391668, 55.959022225928685], [9.263539376142674, 55.95892861584991], [9.247530522362059, 55.9588329486462], [9.231521742574827, 55.95873522431753], [9.219560888071417, 55.95641585067343], [9.21164795885182, 55.951874827713915], [9.201713199899, 55.94844290813856], [9.189756611212953, 55.946120091947385], [9.181849201876197, 55.94157756162491], [9.177990971888736, 55.93481531717114], [9.170087286284312, 55.9302712705056], [9.158138145062926, 55.927945421628266], [9.15423556337496, 55.92342810847833], [9.158379541220416, 55.9167193310558], [9.16449644492012, 55.91114634968785], [9.17258627447407, 55.90670916437448], [9.178699874573583, 55.90113576772273], [9.182837245218659, 55.894426159732596], [9.18297934675201, 55.88769023925215], [9.179126179173638, 55.880928006281394], [9.17118452045496, 55.87862932151809], [9.159154370595976, 55.88079418496223], [9.15106837118085, 55.88523089261883], [9.146926522209583, 55.89193944448788], [9.140809831195039, 55.897511280793246], [9.13271829813722, 55.901946401534936], [9.122651994784043, 55.90524403876528], [9.110610921135505, 55.9074041924843], [9.098568509808548, 55.909563179290444], [9.08652476080317, 55.91172099918371], [9.07453401127389, 55.911632403741116], [9.062596261220708, 55.909297392962664], [9.060677666620293, 55.90591467552611], [9.068778227472645, 55.90148425143147], [9.076876942616586, 55.897053296987025], [9.084973812052118, 55.892621812192786], [9.089127037835679, 55.88591553151999], [9.08933661996727, 55.87693445496863], [9.085448171822009, 55.87241441522178], [9.07746169339989, 55.87235541227944], [9.069421019342851, 55.874541151049606], [9.061326149650887, 55.87897163153228], [9.051259746758253, 55.88226349726115], [9.039221810664948, 55.884416748236234], [9.027182542240194, 55.88656883220015], [9.015141941483986, 55.8887197491529], [9.005068727233557, 55.89200834394768], [8.996962899488906, 55.89643461658448], [8.988855225714447, 55.90086035755445], [8.980745705910177, 55.9052855668576], [8.978601599340124, 55.91088235882276], [8.982422906004281, 55.91765073344993], [8.99030224984096, 55.922205891888446], [9.00223963085016, 55.924547834138295], [9.008093970296205, 55.93020924507621], [9.007865268179092, 55.9391901247022], [9.007636441738471, 55.9481709978844], [9.007407490974344, 55.95715186462281], [9.003290687188784, 55.96161014908722], [8.995286030381791, 55.96154585127765], [8.987281398641981, 55.96148103919404], [8.979276791969353, 55.9614157128364], [8.977187620728785, 55.96476724767933], [8.98101388492028, 55.97153564372287], [8.986872925123933, 55.97719746814167], [8.994764741339743, 55.98175272093572], [9.000626916455417, 55.98741418285577], [9.004459450470957, 55.994181853901814], [9.012356795354702, 55.998735607611174], [9.024318951106652, 56.00107544398386], [9.034361658560643, 56.00003103214717], [9.042484917716676, 55.995602372101125], [9.052581862851776, 55.992310792548544], [9.064652493965944, 55.99015629348941], [9.07277018507837, 55.985726037599775], [9.076934936189051, 55.979020024879624], [9.082968909220765, 55.97794160535379], [9.090872104173512, 55.98249077902228], [9.096748364192678, 55.98814772800531], [9.100597689278265, 55.99491245230288], [9.108506415476949, 55.99946012210359], [9.120474542788735, 56.00179073740746], [9.130415737453404, 56.00522912727353], [9.138329999470962, 56.009775291701814], [9.150302417936146, 56.01210246236599], [9.166332992848957, 56.012210639266044], [9.17642296549835, 56.00890999244121], [9.18057233588432, 56.002200521891474], [9.186653317224486, 55.998871790661504], [9.19466590951885, 55.9989237987513], [9.200606594133198, 56.00233056224717], [9.20447537106753, 56.009092081149106], [9.214425208496781, 56.012522808559034], [9.230456106420949, 56.01262274447696], [9.24041008131092, 56.01605285380319], [9.24428713316669, 56.02281313653774], [9.248165526913475, 56.02957329663221], [9.252045262551272, 56.03633333408658], [9.25998008222592, 56.040871392948276], [9.27196998593742, 56.04318747321731], [9.281935124287337, 56.0466137855506], [9.289875497275673, 56.05115032994814], [9.29781772289202, 56.055686369018964], [9.305761801136374, 56.06022190276305], [9.31370773315177, 56.06475693080089], [9.321655518938204, 56.0692914531325], [9.327578443474744, 56.07493749245782], [9.331476506761387, 56.081695048776865], [9.339467083628119, 56.083982707629815], [9.351550174074939, 56.08180046901667], [9.357666108803798, 56.07621865606946], [9.357814887814701, 56.06723726878816], [9.36190226307437, 56.062766952279816], [9.369928234582808, 56.062807706544426], [9.377918896046424, 56.06509330286381], [9.385874247465214, 56.069623741237955], [9.389781213934764, 56.07637967224906], [9.389639795455079, 56.08536109589711], [9.389498299775557, 56.09434251436382], [9.389356726896201, 56.103323927649186], [9.457588070497076, 56.10807368563076], [9.594192330578181, 56.10859178830853], [9.658497098719373, 56.10659431675476]]]}}, {"type": "Feature", "properties": {"band": "light", "dbz": 30.0, "source": "OPERA-ORD", "time": "20260725155000"}, "geometry": {"type": "Polygon", "coordinates": [[[9.853349355373073, 56.108097654013385], [9.849340272556919, 56.10584743290845], [9.845331655350389, 56.10359708300902], [9.841323503753484, 56.101346604315104], [9.837315817625196, 56.09909599687489], [9.833308596965521, 56.09684526068837], [9.827288455718943, 56.09571421259376], [9.81925539388546, 56.09570285259105], [9.813225011149187, 56.09681685921156], [9.80919730751013, 56.09905623245527], [9.805169137826711, 56.10129547548223], [9.801140502098932, 56.10353458829243], [9.795108731534569, 56.1046474302394], [9.787073826133621, 56.10463400132312], [9.781041126140874, 56.1057464538561], [9.777010631556328, 56.10798478783834], [9.79508501239333, 56.109133657263556], [9.835264268651876, 56.10919306213175], [9.853349355373073, 56.108097654013385]]]}}, {"type": "Feature", "properties": {"band": "light", "dbz": 30.0, "source": "OPERA-ORD", "time": "20260725155000"}, "geometry": {"type": "Polygon", "coordinates": [[[9.891878793167916, 55.979022800824204], [9.883869828419478, 55.97901559595246], [9.877859406847907, 55.98013273085682], [9.873847528453206, 55.98237420553729], [9.869835187402057, 55.98461555065885], [9.865822383694455, 55.986856766221514], [9.861817443569516, 55.98685239127386], [9.857820367027237, 55.984602425815865], [9.85382375269634, 55.98235233192703], [9.849827600576827, 55.98010210960736], [9.843825052306368, 55.97897185211751], [9.835816107884963, 55.97896155945749], [9.829804314859363, 55.98007637663059], [9.825789673229563, 55.98231630363682], [9.823772175755341, 55.985681725388275], [9.823751822436694, 55.99017264188495], [9.823731463579264, 55.99466355697959], [9.823711099183054, 55.9991544706722], [9.82569944645384, 56.00252542371275], [9.82969650539162, 56.00477641610121], [9.833694027128276, 56.00702728008525], [9.837692011663805, 56.00927801566486], [9.837682284348233, 56.011523471149275], [9.833664845181563, 56.01376364653849], [9.829646942414648, 56.016003692097804], [9.825628576047492, 56.01824360782722], [9.8236091940229, 56.0216090184174], [9.823588796340877, 56.026099923868344], [9.82156848409708, 56.02946520315737], [9.817548257291511, 56.031704856284485], [9.813527566356012, 56.03394437945495], [9.809506411290577, 56.036183772668764], [9.807484695636585, 56.039548917793255], [9.807462419394028, 56.04403981482841], [9.807440137080153, 56.04853071054593], [9.80741784869496, 56.05302160494585], [9.809407533497478, 56.05639280575474], [9.813409191487711, 56.05864431297262], [9.817411313763563, 56.06089569167675], [9.821413900325036, 56.06314694186714], [9.825416951312747, 56.06539806349575], [9.829420466726695, 56.06764905656258], [9.833424446707518, 56.06989992101957], [9.837428891255215, 56.072150656866725], [9.841433800510442, 56.074401264055965], [9.845439174473203, 56.07665174258729], [9.849445013284168, 56.078902092412605], [9.85345131694334, 56.081152313531895], [9.857458085591414, 56.08340240589705], [9.861465319228389, 56.08565236950807], [9.86548046371481, 56.085656756902466], [9.869503519050681, 56.08341556808027], [9.871522488377893, 56.08004952499707], [9.871537371696448, 56.07555862765287], [9.873555408583519, 56.07219245352914], [9.87757659903911, 56.06995100262587], [9.883600948316895, 56.06883388892331], [9.891628456416878, 56.06884111242147], [9.899655967129029, 56.06884781995654], [9.907683480453345, 56.06885401152853], [9.913706440239736, 56.06773573528863], [9.917724846488195, 56.06549299123683], [9.921742787882248, 56.063250117556116], [9.925760264421893, 56.06100711424648], [9.929773559461967, 56.06100943578681], [9.933782673002478, 56.06325708217711], [9.935783510961087, 56.06662635851841], [9.935776073337795, 56.071117264810724], [9.93376314924302, 56.07448434734441], [9.929744738676757, 56.07672760611947], [9.925725862888402, 56.07897073525399], [9.921706521877958, 56.08121373474796], [9.919692197786999, 56.08458068451388], [9.91968289061553, 56.08907158455173], [9.919673580904169, 56.09356248334748], [9.919664268652914, 56.09805338090115], [9.921666024628811, 56.101422780289695], [9.925678848831856, 56.10367068151314], [9.931702744478649, 56.10479669812042], [9.939737711569194, 56.10480083011152], [9.945765334852402, 56.10368101095603], [9.94978561432827, 56.10143724065394], [9.953805427985566, 56.09919334073652], [9.957824775824287, 56.096949311203794], [9.96184179553184, 56.096950602284245], [9.96585648710822, 56.09919721397787], [9.969871644371905, 56.101443696390376], [9.973887267322894, 56.10369004952178], [9.979912565367693, 56.10481374258661], [9.987947538506296, 56.10481477558487], [9.99397376846109, 56.10369263188371], [9.997991255232076, 56.10144731148313], [9.997991720972468, 56.099201861667694], [9.99397516568227, 56.09695628243742], [9.989959075992129, 56.094710573840686], [9.985943451902042, 56.09246473587749], [9.985943917388342, 56.09021928482801], [9.989960472451031, 56.08797422069222], [9.995984374300212, 56.08685168862437], [10.004015622935889, 56.08685168862446], [10.010038594066607, 56.085728769070684], [10.014053287692374, 56.08348292996305], [10.014052822460119, 56.08123747766528], [10.01003719836985, 56.07899241217739], [10.006022039398168, 56.07674721731594], [10.002007345545078, 56.07450189308093], [10.002006880566508, 56.07225643952067], [10.006020644462467, 56.07001085663516], [10.010033943519698, 56.06776514447263], [10.014046777738207, 56.065519303033085], [10.01605226565058, 56.062150926882666], [10.016050407256822, 56.05766001602136], [10.018054966251844, 56.0542915100782], [10.022065942635647, 56.05204540905319], [10.02607645471367, 56.049799178877315], [10.030086502485908, 56.04755281955057], [10.032089670003137, 56.04418418204599], [10.032085957265355, 56.03969326636358], [10.034088197156688, 56.03632449924457], [10.038096389677133, 56.03407788068897], [10.04210411842402, 56.031831133108454], [10.046111383397347, 56.02958425650301], [10.046109064831947, 56.02733879681628], [10.042097162727817, 56.02509475404827], [10.036082090770426, 56.02397376326142], [10.02806384895977, 56.023975824455746], [10.02204970382782, 56.02285444659195], [10.018039655374574, 56.020609629670034], [10.016033704478811, 56.01724175914595], [10.016031851140532, 56.0127508350197], [10.014026827192346, 56.00938283454971], [10.010018632634257, 56.007137757736004], [10.006010901171601, 56.00713801528554], [10.002003632804378, 56.00938360719833], [9.997995901228634, 56.01162906999406], [9.993987706444369, 56.01387440367271], [9.989979974981711, 56.01387414612309], [9.985972706840665, 56.01162829734517], [9.983969998935102, 56.00825990952394], [9.983971851265025, 56.00376898265941], [9.98197006924606, 56.00040046518072], [9.977964652878203, 55.99815435708787], [9.971955603038499, 55.99703027324181], [9.963942919726943, 55.99702821364253], [9.9579320189129, 55.998149207824035], [9.953922900596371, 56.00039325578633], [9.949913319245724, 56.00263717446193], [9.94590327486096, 56.004880963850844], [9.941892767303239, 56.00712462390498], [9.937881796572562, 56.00936815462432], [9.933870362530067, 56.01161155596073], [9.92985846517576, 56.01385482791422], [9.925850737710341, 56.013852509969155], [9.921847180133812, 56.011604602125544], [9.919850032163449, 56.00823518636623], [9.91985929379925, 56.003744262691214], [9.917863070598687, 56.0003747178056], [9.913861362561756, 55.99812655170937], [9.909860117209139, 55.99587825690586], [9.905859334540834, 55.99362983339508], [9.903864494139743, 55.99026015774958], [9.903875596005864, 55.98576922996937], [9.901881679089728, 55.98239942537447], [9.897882743391333, 55.98015074396487], [9.891878793167916, 55.979022800824204]]]}}, {"type": "Feature", "properties": {"band": "light", "dbz": 30.0, "source": "OPERA-ORD", "time": "20260725155000"}, "geometry": {"type": "Polygon", "coordinates": [[[7.037879021699663, 55.976432938073586], [7.041709342537285, 55.9787712198802], [7.047625942139803, 55.980035066537134], [7.055628820507213, 55.98022447804437], [7.061546373059246, 55.98148796310138], [7.065378599795901, 55.98382552170815], [7.067125376840577, 55.98723753725944], [7.066786704193275, 55.99172400975526], [7.066447939465951, 55.99621047966442], [7.066109082658607, 56.000696946986935], [7.063852775628341, 56.00401459983378], [7.059679018375153, 56.00616343820496], [7.055504795011509, 56.00831213520085], [7.051330105537407, 56.01046069082145], [7.049072224883102, 56.01377817277641], [7.048731153048593, 56.01826458106572], [7.050478349050816, 56.02167673596402], [7.054313812889771, 56.02401463747131], [7.058149733744986, 56.02635242192682], [7.061986111616462, 56.02869008933055], [7.063734503093512, 56.032102146479254], [7.063394908176133, 56.03658859337291], [7.061136200155017, 56.03990618219079], [7.056958379030162, 56.0420549129329], [7.050861569307749, 56.04303440145503], [7.042845770987778, 56.042844647757185], [7.036919807809437, 56.041580553178704], [7.0330836797727265, 56.039242117719596], [7.029248009038323, 56.03690356527404], [7.0254127956062264, 56.03456489584201], [7.021578039324622, 56.032226109468205], [7.017743740193508, 56.0298872061526], [7.015999066431186, 56.026474602100464], [7.016344018037657, 56.021988297311786], [7.014600215971975, 56.01857558744659], [7.010767660234139, 56.0162364725049], [7.006935561096574, 56.01389724073344], [7.00310391855928, 56.01155789213222], [6.999272732470665, 56.009218426745825], [6.995442002830733, 56.006878844574246], [6.991611729487923, 56.004539145662015], [6.987781912442239, 56.002199330009155], [6.987955537160577, 55.99995620830677], [6.992132603642938, 55.99780978055485], [6.99822419728938, 55.996832863329026], [7.006230318099901, 55.997025456629274], [7.012148827615907, 55.99829128862257], [7.0159797258374, 56.00063035930891], [7.019811080317742, 56.0029693131665], [7.023642891056935, 56.00530815019537], [7.027646523969482, 56.00540368813376], [7.0318219790553815, 56.00325592698168], [7.034080979208857, 55.9999388615877], [7.034423524429908, 55.99545249195182], [7.032679264154327, 55.992040027475284], [7.028848198382116, 55.989701468158074], [7.025017588527657, 55.987362792013165], [7.021187434590949, 55.985023999040564], [7.019444365165282, 55.98161143708728], [7.019788380250653, 55.97712510615333], [7.022046551323379, 55.97380814707739], [7.026218878383462, 55.97166055985949], [7.030219746755339, 55.97175602398046], [7.034049156439014, 55.974094539440344], [7.037879021699663, 55.976432938073586]]]}}, {"type": "Feature", "properties": {"band": "light", "dbz": 30.0, "source": "OPERA-ORD", "time": "20260725155000"}, "geometry": {"type": "Polygon", "coordinates": [[[7.887802670029332, 56.006093913906774], [7.879791392748398, 56.00595793772486], [7.871780168384892, 56.005821446961384], [7.8637689969388145, 56.00568444161636], [7.855757878807841, 56.00554692170062], [7.8477468139919715, 56.00540888721417], [7.84167601035995, 56.006427292814934], [7.837545467911778, 56.0086021385029], [7.835355095368936, 56.01193380868627], [7.835104892731422, 56.016422303365054], [7.836920885988697, 56.01982339311276], [7.840803075140755, 56.022137077929386], [7.8446857233721214, 56.024450642484496], [7.848568830682792, 56.02676408677809], [7.852452397221306, 56.02907741076453], [7.856336422987667, 56.03139061444381], [7.862286796631873, 56.03261577200372], [7.870303518153927, 56.03275288344425], [7.876254840705717, 56.033977671979905], [7.880140764287245, 56.03629013761068], [7.8840271474417625, 56.03860248277638], [7.887913990169268, 56.040914707477015], [7.8918012926183305, 56.04322681166686], [7.895689054788949, 56.04553879534593], [7.897511268907921, 56.048939097452184], [7.897267934975248, 56.05342771798563], [7.8990910393801474, 56.056827907289545], [7.902980582122621, 56.05913966536392], [7.908936652160358, 56.0603626070935], [7.91695924949336, 56.0604967324783], [7.9230361480732405, 56.05947496149709], [7.927167347899999, 56.05729729414989], [7.931298080742968, 56.0551194888971], [7.9354283466021425, 56.0529415457387], [7.939558145607151, 56.05076346472511], [7.9436874777579956, 56.04858524585632], [7.945870965282938, 56.04525177250166], [7.946108608181978, 56.04076304466113], [7.946346186391698, 56.03627431491063], [7.946583699912096, 56.03178558325015], [7.944757969068838, 56.028385987578545], [7.940868993861923, 56.0260755278958], [7.934916861384133, 56.024853819477336], [7.9269015716354705, 56.024720862323164], [7.92095038702321, 56.02349878441383], [7.9170633075473535, 56.02118758574935], [7.913176687241759, 56.018876266536395], [7.909290526106425, 56.016564826774975], [7.905404823993172, 56.01425326651076], [7.901519580902001, 56.01194158574374], [7.897634796684761, 56.00962978451961], [7.893750471341454, 56.007317862838356], [7.887802670029332, 56.006093913906774]]]}}, {"type": "Feature", "properties": {"band": "light", "dbz": 30.0, "source": "OPERA-ORD", "time": "20260725155000"}, "geometry": {"type": "Polygon", "coordinates": [[[7.982543108601173, 56.03461836862492], [7.974525661149244, 56.034488467340815], [7.968453671132646, 56.035513039396626], [7.96432713855138, 56.037692084792354], [7.962145977317756, 56.041025988387716], [7.961910187431774, 56.04551475018274], [7.961674333308651, 56.05000351009103], [7.961438414948387, 56.0544922681126], [7.963267185150382, 56.05789152971184], [7.967160643914636, 56.06020129488874], [7.973118877486977, 56.06142117846756], [7.9811418858674035, 56.0615511804483], [7.989164944629089, 56.06168066697749], [7.9971880537720335, 56.06180963805513], [8.005211212896295, 56.061938093670975], [8.013234422001874, 56.062066033825005], [8.019308996158385, 56.061039573513796], [8.023434935365826, 56.05885871273736], [8.0256121556912, 56.05552383671994], [8.025840657134504, 56.05103494546154], [8.024007116173285, 56.047636501010004], [8.020111532807542, 56.04532850336531], [8.014153990884022, 56.04411056750942], [8.006134490402726, 56.04398269344232], [8.000177896730564, 56.042764387231664], [7.9962842098675395, 56.04045564887747], [7.9923909829088045, 56.03814678959202], [7.98849821585436, 56.035837809375316], [7.982543108601173, 56.03461836862492]]]}}, {"type": "Feature", "properties": {"band": "light", "dbz": 30.0, "source": "OPERA-ORD", "time": "20260725155000"}, "geometry": {"type": "Polygon", "coordinates": [[[10.10230630625166, 56.05200544130521], [10.098299981464654, 56.054254118485034], [10.094293192366216, 56.05650266679909], [10.090285938956342, 56.058751086247405], [10.086278221094872, 56.06099937678185], [10.082270038781807, 56.06324753840242], [10.080270596137161, 56.06661707175848], [10.080279893160938, 56.071107976850016], [10.082294211041, 56.07447480043436], [10.086313549777353, 56.076717542511524], [10.090327772507637, 56.07671470434039], [10.094336879231854, 56.07446628592095], [10.0983455211381, 56.07221773857664], [10.102353698226377, 56.06996906230745], [10.106361410637051, 56.067720257161525], [10.110368658370119, 56.06547132313885], [10.112365777876583, 56.06210140389715], [10.112352769156445, 56.05761049943641], [10.110337065758571, 56.05424406108335], [10.106318667682963, 56.05200208883799], [10.10230630625166, 56.05200544130521]]]}}, {"type": "Feature", "properties": {"band": "light", "dbz": 30.0, "source": "OPERA-ORD", "time": "20260725155000"}, "geometry": {"type": "Polygon", "coordinates": [[[10.244781949153854, 56.05966638497103], [10.23675637060856, 56.059681859821694], [10.230743689680876, 56.06081599357875], [10.2267439063708, 56.063068786242184], [10.224757030416766, 56.066440623712374], [10.224783061818776, 56.070931505989314], [10.22680991454737, 56.074295990036894], [10.23083758860255, 56.07653407585513], [10.236866074235738, 56.07764537733639], [10.244895371446935, 56.07762989448069], [10.25090990148332, 56.076495370718284], [10.254909664344893, 56.07424180604918], [10.256894670741907, 56.07086958657868], [10.25686492067436, 56.066378712306765], [10.254836218837065, 56.06301461826453], [10.25080856523002, 56.060777304451975], [10.244781949153854, 56.05966638497103]]]}}, {"type": "Feature", "properties": {"band": "light", "dbz": 30.0, "source": "OPERA-ORD", "time": "20260725155000"}, "geometry": {"type": "Polygon", "coordinates": [[[12.185306961217034, 56.02280540212718], [12.177292413533115, 56.02294556713095], [12.171344075647822, 56.02417262024613], [12.167461947561156, 56.02648656147274], [12.165646121097785, 56.0298877754272], [12.165896596257708, 56.0343762621095], [12.16614713962994, 56.03886474681318], [12.166397751214479, 56.043353229538255], [12.168590781648222, 56.04668471564647], [12.172726230931168, 56.04885920513784], [12.178804007069786, 56.04987631308037], [12.186824110064073, 56.049736039474055], [12.194844158325374, 56.04959525066717], [12.202864151853685, 56.04945394665972], [12.20881505812038, 56.04822568278307], [12.212696877125456, 56.04591045903723], [12.214509702494022, 56.0425086603173], [12.214253534226078, 56.03802028662328], [12.212057382499125, 56.03468950646105], [12.207921247313164, 56.03251631983063], [12.20378557851031, 56.03034299481936], [12.199650376090556, 56.02816953142724], [12.19551563992526, 56.025995929704706], [12.191381370014415, 56.023822189651774], [12.185306961217034, 56.02280540212718]]]}}, {"type": "Feature", "properties": {"band": "light", "dbz": 30.0, "source": "OPERA-ORD", "time": "20260725155000"}, "geometry": {"type": "Polygon", "coordinates": [[[5.862066070566907, 55.73936727806103], [5.8541184626763485, 55.739101440167836], [5.848038823788654, 55.74002238975706], [5.843827153903823, 55.74213012682869], [5.841483280754727, 55.74542503033243], [5.8410072043413654, 55.74990710026827], [5.842637867633504, 55.75333533571918], [5.846375270631142, 55.755709736685176], [5.850113119606309, 55.75808402621522], [5.853851414559007, 55.76045820430932], [5.855483172633564, 55.763886354092705], [5.85500839382998, 55.76836847556535], [5.852663561725655, 55.771663473972986], [5.848448676320587, 55.773771349315595], [5.844233331105358, 55.77587907911043], [5.840017526079966, 55.7779866633575], [5.839779491145906, 55.780227700915916], [5.84351922630318, 55.782602191785685], [5.847259408151928, 55.7849765711601], [5.85100003669215, 55.78735083903916], [5.850761873209331, 55.78959187250128], [5.846544917703472, 55.791699671546446], [5.84256618329487, 55.79156631061903], [5.838825669983526, 55.78919178971905], [5.835085603449338, 55.78681715734638], [5.831345983692304, 55.784442413501026], [5.8254980459979, 55.78312093262124], [5.817541790366124, 55.78285271470701], [5.809585637319928, 55.7825839867671], [5.801629586859311, 55.782314748801504], [5.795783207475409, 55.780992170854994], [5.792046499168224, 55.77861625292757], [5.788310237198523, 55.77624022374254], [5.784574421566305, 55.7738640832999], [5.78059700408134, 55.77372871661964], [5.776377984743625, 55.77583412370174], [5.772158505546929, 55.77793938492798], [5.767938566491251, 55.78004450029836], [5.763718167461457, 55.78214946976133], [5.75949730845755, 55.7842542933169], [5.759254611061526, 55.786495154659264], [5.762990075273386, 55.78887205378842], [5.7688365328997335, 55.79019617700683], [5.776793983940569, 55.7904675243145], [5.782641393438057, 55.791791298605766], [5.786378761392198, 55.79416749988062], [5.7880059123608385, 55.797596507614216], [5.787522846343977, 55.80207832180654], [5.789150832732231, 55.805507233455], [5.792889871525601, 55.80788324255961], [5.798740137959534, 55.80920596942397], [5.80670163203403, 55.80947541404809], [5.814663228945861, 55.809744348258306], [5.822624928695029, 55.81001277205461], [5.8284767561166255, 55.81133440107382], [5.8322187112106505, 55.81370923531591], [5.833850620215745, 55.817137654558685], [5.83337248313191, 55.82161965880215], [5.835005229476235, 55.8250479815903], [5.838748859248721, 55.827422622923145], [5.842492936906292, 55.82979715266144], [5.846237462448948, 55.8321715708052], [5.845998654695121, 55.834412583969296], [5.8417765136448105, 55.836520192153735], [5.835681764102047, 55.837440192058835], [5.8277144060668284, 55.83717258368459], [5.821618791427345, 55.838092165186126], [5.817394920183598, 55.840198936563446], [5.815042617885513, 55.84349327790443], [5.814561884533089, 55.84797518920908], [5.814081021133941, 55.852457096480514], [5.813600027688065, 55.85693899971872], [5.815232400269924, 55.8603675708862], [5.818978138879515, 55.862742809982926], [5.822724326264918, 55.86511793747099], [5.826470962426132, 55.86749295335039], [5.8281044349223725, 55.870921439290484], [5.827624743753639, 55.875403395291286], [5.8271449227183405, 55.8798853473146], [5.826664971816477, 55.88436729536043], [5.828299545577676, 55.88779569602999], [5.832048644001935, 55.89017054932328], [5.835798191990149, 55.89254529088269], [5.839548189542316, 55.89491992070821], [5.843298636812512, 55.897294438757086], [5.847049533800739, 55.899668845029304], [5.851039289878269, 55.899802104831025], [5.855267905045106, 55.89769421816224], [5.859496057020788, 55.895586185517764], [5.863723745805315, 55.8934780068976], [5.867713604163111, 55.8936107549784], [5.871465632094175, 55.89598442976015], [5.875218109878106, 55.898357992634075], [5.878971037514903, 55.900731443600165], [5.88272441515859, 55.9031047826156], [5.886478242809168, 55.90547800968038], [5.8881184458169695, 55.908905722024365], [5.887645024181996, 55.91338791964757], [5.889286070280184, 55.91681553500929], [5.893041584111532, 55.919188568109526], [5.897033473216554, 55.91932036033931], [5.9012617375952505, 55.91721091169863], [5.905489538233856, 55.915101317198435], [5.90971687513237, 55.91299157683875], [5.91582212737609, 55.912067713992556], [5.923805294965013, 55.912329728659884], [5.929675708176522, 55.913646647147], [5.9334333670106165, 55.91601846945391], [5.935078100786381, 55.91944557673962], [5.934609909503816, 55.923927969004126], [5.936255487869411, 55.92735497893837], [5.940014835883163, 55.92972660654236], [5.9458881240102865, 55.93104247043465], [5.953875352250781, 55.93130257061526], [5.96186268053086, 55.931562158484326], [5.969850108850525, 55.93182123404186], [5.975956440229932, 55.930894701920266], [5.980181674669081, 55.928782562119515], [5.982525643298189, 55.925485196088374], [5.982988346117256, 55.92100260382685], [5.9834509235740185, 55.9165200078248], [5.9839133756684735, 55.91203740808224], [5.982264645187121, 55.90861092984322], [5.978504732129963, 55.90624057310773], [5.974745269480244, 55.903870104027746], [5.970986257237964, 55.90149952260327], [5.971217752236557, 55.89925823365983], [5.975439754476022, 55.897146237197425], [5.981540911906049, 55.89621913193884], [5.989521224526639, 55.89647691788408], [5.995621511633345, 55.895549394735916], [5.999841773226169, 55.89343656249436], [6.002181841638356, 55.89013880220856], [6.002641716869906, 55.88565611387852], [6.003101467627038, 55.88117342177693], [6.003561093909752, 55.87669072590378], [6.001912020768883, 55.873264497464035], [5.99815424820443, 55.8708947364577], [5.994396925149958, 55.8685248631224], [5.9906400516054665, 55.86615487745816], [5.988992090791836, 55.86272856205231], [5.989453042709067, 55.85824591690488], [5.9878059244881685, 55.854819503816735], [5.984050736129141, 55.85244932278789], [5.980295996733524, 55.85007902953605], [5.976541706301318, 55.84770862406121], [5.974895698217046, 55.84428212412011], [5.975357972480706, 55.83979952971275], [5.975820121784892, 55.835316931435294], [5.976282146129599, 55.83083432928777], [5.976744045613737, 55.82635172325778], [5.977205820237305, 55.82186911334535], [5.9755611882418265, 55.81844253731184], [5.971810149627303, 55.816071995157245], [5.968059558951481, 55.81370134092574], [5.964309416214359, 55.81133057461731], [5.960559721263386, 55.80895969627466], [5.95681047409856, 55.8065887058978], [5.9530616745673655, 55.804217603529395], [5.949313322669803, 55.801846389169455], [5.947671475744587, 55.79841953158993], [5.948136133791721, 55.79393703079083], [5.946495125368641, 55.79051007592548], [5.942748450475351, 55.788138666993916], [5.936896277882668, 55.786822424330765], [5.928938607590591, 55.786561347936036], [5.923087385505925, 55.78524475501888], [5.919342611628669, 55.782872645579296], [5.9155982846230515, 55.780500424361215], [5.911854404489072, 55.778128091364636], [5.908110971074447, 55.77575564663213], [5.904367984379178, 55.773383090163684], [5.900625444251019, 55.771010422001815], [5.896883350689969, 55.768637642146516], [5.893141703543828, 55.7662647506403], [5.889400502812592, 55.763891747483164], [5.885659748344095, 55.761518632717575], [5.881919440138335, 55.75914540634355], [5.878179578043188, 55.75677206840352], [5.874440162058653, 55.7543986188975], [5.872806682572241, 55.75097079127447], [5.873279139583952, 55.74648858553442], [5.871646494695403, 55.743060661250205], [5.867908747906593, 55.74068701842182], [5.862066070566907, 55.73936727806103]]]}}, {"type": "Feature", "properties": {"band": "light", "dbz": 30.0, "source": "OPERA-ORD", "time": "20260725155000"}, "geometry": {"type": "Polygon", "coordinates": [[[7.252792449617531, 55.91282377095733], [7.244802586406653, 55.91264705659134], [7.23873053573509, 55.913636075707906], [7.234576297602843, 55.91579082830703], [7.230421595974434, 55.91794544059907], [7.226266430849861, 55.92009991258402], [7.222110802104662, 55.92225424421123], [7.217954709738834, 55.924408435480714], [7.215716235745103, 55.92772899815064], [7.21539538012347, 55.93221593222103], [7.217153489385654, 55.935625793625725], [7.220990563531658, 55.93795858236474], [7.22690671946211, 55.939213915398696], [7.2349019571770095, 55.93939179272759], [7.240819062193964, 55.940646763041144], [7.244658034512972, 55.94297882633934], [7.248497462141371, 55.94531077204282], [7.252337345079161, 55.94764260015158], [7.258255961536437, 55.948896448892235], [7.2662533115132, 55.94907231826476], [7.272172877349195, 55.950325803924564], [7.2760146590444235, 55.95265690587164], [7.279856896402374, 55.95498789006848], [7.283699589423046, 55.95731875651507], [7.289620666196195, 55.95857111987698], [7.29762012672182, 55.95874498015421], [7.3036973202864965, 55.9577533848293], [7.307852246890226, 55.955596333902264], [7.308007832013975, 55.953352748566346], [7.304164075657744, 55.95102262882153], [7.300320774921515, 55.94869239123893], [7.296477929805288, 55.946362035818524], [7.292635540159434, 55.94403156260504], [7.288793605983951, 55.94170097159848], [7.2849521271292454, 55.93937026284357], [7.281111103595315, 55.937039436340314], [7.277270535232596, 55.93470849213339], [7.27343042204109, 55.93237743022279], [7.269590763871265, 55.930046250653206], [7.26575156072312, 55.927714953424626], [7.26398954505616, 55.92430576683533], [7.264304716870383, 55.91981869088534], [7.262543572388863, 55.91640939671784], [7.258706111611602, 55.914077884332826], [7.252792449617531, 55.91282377095733]]]}}, {"type": "Feature", "properties": {"band": "light", "dbz": 30.0, "source": "OPERA-ORD", "time": "20260725155000"}, "geometry": {"type": "Polygon", "coordinates": [[[9.779956823501724, 55.942947772802256], [9.771955306281896, 55.942933377957345], [9.763953794822225, 55.942918469016725], [9.75595228912271, 55.94290304598039], [9.749943780074629, 55.94401401400014], [9.745928267677977, 55.946251373075974], [9.7439057413454, 55.949615507672135], [9.743876201076898, 55.95410641778862], [9.745855340111927, 55.95747865045683], [9.749843158450485, 55.95973220567674], [9.753831438190184, 55.961985632969785], [9.757820179331029, 55.96423893233599], [9.761809382012702, 55.96649210372768], [9.765799046235202, 55.96874514714489], [9.771797407055246, 55.96987887184035], [9.779804464472832, 55.969893277814094], [9.785815765685827, 55.96878116022285], [9.789831310694233, 55.96654251906662], [9.791851090519167, 55.96317773912938], [9.791875105160631, 55.95868682041113], [9.79189911327715, 55.95419590023223], [9.791923114868725, 55.94970497859268], [9.789940732276293, 55.946333380885854], [9.785951965499859, 55.94408110711176], [9.779956823501724, 55.942947772802256]]]}}, {"type": "Feature", "properties": {"band": "light", "dbz": 30.0, "source": "OPERA-ORD", "time": "20260725155000"}, "geometry": {"type": "Polygon", "coordinates": [[[9.526117086009958, 55.92539929847294], [9.522090656644018, 55.927629428674045], [9.520049779089803, 55.93098990920372], [9.519994453347307, 55.93548074006196], [9.519939112572507, 55.939971569404086], [9.519883756765404, 55.94446239723008], [9.521843006526051, 55.94783816662769], [9.525816861854452, 55.95009887759689], [9.529817947860268, 55.95011404527776], [9.533846264543499, 55.94788366967029], [9.535887178285108, 55.94452306404872], [9.535940689085095, 55.94003222841305], [9.535994185353754, 55.935541391263456], [9.536047667091085, 55.931050552599906], [9.534088381143043, 55.9276749082942], [9.530116327509631, 55.925414458346324], [9.526117086009958, 55.92539929847294]]]}}, {"type": "Feature", "properties": {"band": "light", "dbz": 30.0, "source": "OPERA-ORD", "time": "20260725155000"}, "geometry": {"type": "Polygon", "coordinates": [[[17.26984190112651, 55.6939792507267], [17.261929004469888, 55.694445098667906], [17.256201215198242, 55.695910258707606], [17.252658533311575, 55.69837473084581], [17.25307293120917, 55.7006066261964], [17.257444408891022, 55.70260594475938], [17.26181634214957, 55.70460510513768], [17.26618873098481, 55.7066041073313], [17.27056157549344, 55.70860295128661], [17.274934875675466, 55.71060163700359], [17.278892567498396, 55.71036837152643], [17.28243465096223, 55.70790315485511], [17.283789851763323, 55.70443874452292], [17.28295816990167, 55.69997514052986], [17.280356334091838, 55.69674408558902], [17.27598434433383, 55.694745579700395], [17.26984190112651, 55.6939792507267]]]}}, {"type": "Feature", "properties": {"band": "light", "dbz": 30.0, "source": "OPERA-ORD", "time": "20260725155000"}, "geometry": {"type": "Polygon", "coordinates": [[[17.298159694949938, 55.67425683794872], [17.290251051280883, 55.67472446944163], [17.284527116362067, 55.67619091721539], [17.280987890193487, 55.678656181270014], [17.279633672167385, 55.68212063350721], [17.280464462283753, 55.68658427392701], [17.28306575235512, 55.68981522304277], [17.28743754238148, 55.69181348085449], [17.291809787650067, 55.693811580403555], [17.296182488160888, 55.69580952168995], [17.300555644010366, 55.69780730466006], [17.304929255198502, 55.699804929313885], [17.311072866261956, 55.70056924239627], [17.318986477200717, 55.7001002439072], [17.324712395064772, 55.698632492654866], [17.328250619854117, 55.69616598863928], [17.329601453004784, 55.6927011039352], [17.328764894516777, 55.68823783854264], [17.326160110523226, 55.685007765531985], [17.321787101024128, 55.683010884903226], [17.317414546432616, 55.68101384593398], [17.31304244674869, 55.67901664862425], [17.308670801876158, 55.6770192930276], [17.304299611815033, 55.67502177914404], [17.298159694949938, 55.67425683794872]]]}}, {"type": "Feature", "properties": {"band": "light", "dbz": 30.0, "source": "OPERA-ORD", "time": "20260725155000"}, "geometry": {"type": "Polygon", "coordinates": [[[17.359743621339085, 55.66157152332078], [17.351838167299224, 55.66204307439052], [17.343932535512824, 55.66251412073621], [17.336026725979885, 55.66298466235785], [17.330306133788262, 55.664453208311144], [17.32677075893796, 55.6669197585961], [17.325420902449945, 55.670384684860494], [17.32625656432422, 55.674847987104336], [17.328860799601415, 55.67807795458691], [17.33323360828154, 55.68007458730822], [17.339374689040536, 55.680837513429175], [17.347284041878403, 55.68036673294978], [17.355193216681975, 55.679895447496754], [17.363102213451242, 55.67942365707011], [17.368823565516234, 55.67795389249436], [17.372357272876947, 55.67548615376949], [17.373703638357597, 55.672020812615614], [17.37286266195819, 55.66755786903272], [17.370255717408618, 55.66432873487743], [17.365882804708882, 55.66233341014975], [17.359743621339085, 55.66157152332078]]]}}, {"type": "Feature", "properties": {"band": "light", "dbz": 30.0, "source": "OPERA-ORD", "time": "20260725155000"}, "geometry": {"type": "Polygon", "coordinates": [[[8.727398983011952, 55.82884021009997], [8.7194219760405, 55.82875822044219], [8.711445000710503, 55.82867571852357], [8.703468057021961, 55.82859270434412], [8.695491145367319, 55.82850917791034], [8.687514265746577, 55.82842513922225], [8.681493587063784, 55.82948443758561], [8.677429109318938, 55.83168707300045], [8.675320777338417, 55.83503342823634], [8.675168591122215, 55.83952350329329], [8.675016363674828, 55.84401357647252], [8.674864094996252, 55.84850364777402], [8.674711785053725, 55.852993717211795], [8.674559433847246, 55.857483784785856], [8.676441195819892, 55.86087255831065], [8.680357070971663, 55.863160037786194], [8.6863071146215, 55.86434584002065], [8.6942913267694, 55.86442996501401], [8.702275571056516, 55.864513577227406], [8.710259847482845, 55.864596676660824], [8.718244155654652, 55.86467926330775], [8.726228495571938, 55.864761337168176], [8.732253030655746, 55.86370016273324], [8.73631776090608, 55.861495740002944], [8.738422633281704, 55.85814845220002], [8.738567647782622, 55.85365829932448], [8.738712623005267, 55.84916814460899], [8.738857558949638, 55.84467798805356], [8.739002455646922, 55.84018782964419], [8.739147313097117, 55.83569766938085], [8.73726167799108, 55.832309743169105], [8.733345550328812, 55.83002405100895], [8.727398983011952, 55.82884021009997]]]}}, {"type": "Feature", "properties": {"band": "light", "dbz": 30.0, "source": "OPERA-ORD", "time": "20260725155000"}, "geometry": {"type": "Polygon", "coordinates": [[[8.951730223547067, 55.79500454268184], [8.943759732774264, 55.79493696692752], [8.935789268060837, 55.79486887935456], [8.927818829406792, 55.794800279962935], [8.919848417203575, 55.79473116875801], [8.911878031451185, 55.7946615457398], [8.90586870040591, 55.795731729640025], [8.901820424067745, 55.79794172045868], [8.899733156738662, 55.801291900651606], [8.899606898418664, 55.805782270218785], [8.897518697827504, 55.80913231197631], [8.893468554965182, 55.81134202592419], [8.887456515968289, 55.812411029408395], [8.879482580836822, 55.81233932242893], [8.873469638897127, 55.81340793221298], [8.869417690149206, 55.81561685876052], [8.869353137018795, 55.817862027025335], [8.873275979505895, 55.82014343700742], [8.879225283440123, 55.82132000468109], [8.887201048821481, 55.821391730046344], [8.895176841503567, 55.821462943215835], [8.903152661486383, 55.82153364418956], [8.911128508377551, 55.821603832961976], [8.919104382177073, 55.821673509533106], [8.925116976694312, 55.8206029751803], [8.929166291929269, 55.81839222990357], [8.933215147842652, 55.81618135173329], [8.937263544434462, 55.81397034066945], [8.941251063298179, 55.81400440627544], [8.945177704433803, 55.816283548551255], [8.949104801475404, 55.81856256666701], [8.953032354422984, 55.8208414606227], [8.956960363417954, 55.82312023037203], [8.960888828460314, 55.825398875914985], [8.962793492947862, 55.82878341317079], [8.962674356880594, 55.83327384213946], [8.962555188539529, 55.837764269314036], [8.962435987924664, 55.84225469469454], [8.962316755010356, 55.84674511829503], [8.962197489796605, 55.851235540115525], [8.96410387254993, 55.854619959646556], [8.968035903270337, 55.85689837688811], [8.973993625215696, 55.85807040860449], [8.98197703838601, 55.858136054795686], [8.98793568877699, 55.85930770993697], [8.991869576388636, 55.861585374028344], [8.995803921249681, 55.863862913627344], [8.999738723360128, 55.86614032873397], [9.005698798439571, 55.8673108420366], [9.013684146488018, 55.867374453535234], [9.019701175481991, 55.866299349312406], [9.023749885421495, 55.86408552936811], [9.025830235293547, 55.86073337707136], [9.025942225098149, 55.85624289242216], [9.026054184565101, 55.851752406025554], [9.026166113694405, 55.84726191788154], [9.024255078979513, 55.8438783526684], [9.020321080420421, 55.841601710386136], [9.016387538546349, 55.839324943580365], [9.012454453357295, 55.83704805225109], [9.010544730772704, 55.833664367061495], [9.010658370792575, 55.82917388801158], [9.008749547260729, 55.82579008153978], [9.004818260177164, 55.82351294764609], [9.000887429249167, 55.821235689348775], [8.996957054476736, 55.81895830664784], [8.993027135718659, 55.81668079958965], [8.989097672974932, 55.81440316817419], [8.983145816248406, 55.81323157144538], [8.975171565539082, 55.81316600940322], [8.969220634731993, 55.811994036550956], [8.965293023827137, 55.8097156528886], [8.96338868974053, 55.80633124110632], [8.963507632472172, 55.80184080120412], [8.961604195111862, 55.798456268579514], [8.957678377659601, 55.7961776432325], [8.951730223547067, 55.79500454268184]]]}}, {"type": "Feature", "properties": {"band": "light", "dbz": 30.0, "source": "OPERA-ORD", "time": "20260725155000"}, "geometry": {"type": "Polygon", "coordinates": [[[9.078203771791031, 55.840921658045566], [9.070223738530608, 55.84086219557666], [9.064211667978375, 55.84194003711986], [9.060167560134332, 55.844155182675166], [9.058091375788361, 55.84750801531665], [9.057983114940466, 55.851998535044295], [9.059897825103207, 55.85538148972935], [9.063835506276583, 55.8576568793718], [9.069796197710653, 55.858824320693216], [9.077779899405416, 55.858883813693595], [9.083793842933849, 55.85780560423553], [9.087838028295957, 55.855589692319015], [9.089912417183967, 55.852236461231186], [9.090017009597885, 55.84774591097204], [9.088100426458944, 55.84436332420185], [9.084162667767142, 55.84208870092063], [9.078203771791031, 55.840921658045566]]]}}, {"type": "Feature", "properties": {"band": "light", "dbz": 30.0, "source": "OPERA-ORD", "time": "20260725155000"}, "geometry": {"type": "Polygon", "coordinates": [[[12.66731287890156, 55.79772178944026], [12.659346131598298, 55.79789280308645], [12.653446975647014, 55.79914271392185], [12.64961541104771, 55.80147152194645], [12.645783394728882, 55.80380021235287], [12.641950926690532, 55.806128785141084], [12.638118006785108, 55.80845724026668], [12.634284635012609, 55.810785577729675], [12.630450811225455, 55.81311379748564], [12.626616535423647, 55.81544189953459], [12.62278180745957, 55.817769883832064], [12.618946627333223, 55.820097750378075], [12.619097300786597, 55.82234146162038], [12.62323382781969, 55.82450101755899], [12.627370815734572, 55.826660434118864], [12.631508264531249, 55.82881971129999], [12.635646174333935, 55.83097884905219], [12.63978454514264, 55.833137847375454], [12.645840820287006, 55.83413226384156], [12.65381499976704, 55.83396209845051], [12.659719080167969, 55.832712455710315], [12.663553061489791, 55.83038333562096], [12.667386590415056, 55.828054097909316], [12.671219666943761, 55.82572474257541], [12.67505229122384, 55.82339526966365], [12.678884463255294, 55.82106567917404], [12.682716183186015, 55.818735971150986], [12.686547451016006, 55.81640614559449], [12.69053300662799, 55.81631981661475], [12.694672850021973, 55.81847698421175], [12.698813154167702, 55.82063401215503], [12.702953919065177, 55.8227909004446], [12.706939408342105, 55.822704059892885], [12.710769621998491, 55.82037349049988], [12.7125290765653, 55.816964613982584], [12.712217772042534, 55.81247743034099], [12.709992273187847, 55.8091555091149], [12.705852580001237, 55.80699885030432], [12.699798579560845, 55.8060070724015], [12.691830271866671, 55.80618017540645], [12.685777154708617, 55.805187991131376], [12.681639228086688, 55.80303051957627], [12.67750176172009, 55.80087290850333], [12.673364755608823, 55.798715157912554], [12.66731287890156, 55.79772178944026]]]}}, {"type": "Feature", "properties": {"band": "light", "dbz": 30.0, "source": "OPERA-ORD", "time": "20260725155000"}, "geometry": {"type": "Polygon", "coordinates": [[[12.762275066675405, 55.78665564672349], [12.754310940643803, 55.78683274981242], [12.74841644235321, 55.788087162707555], [12.744591571803626, 55.7904188854089], [12.740766250093046, 55.79275049090824], [12.736940477221463, 55.7950819792056], [12.733114253041123, 55.79741335025672], [12.729287577552025, 55.79974460406159], [12.727530719881038, 55.80315380311854], [12.72784368002816, 55.807640947427565], [12.730070889875654, 55.81096244237648], [12.734212349423519, 55.81311828796528], [12.738354269594172, 55.81527399375563], [12.742496650387613, 55.81742955974753], [12.744725403153529, 55.82075088697404], [12.74504052789192, 55.825237975435165], [12.74727024059586, 55.828559150152216], [12.751414541265348, 55.8307144111252], [12.755400742052053, 55.830626013290015], [12.75922884295597, 55.828293956646654], [12.763056491781143, 55.82596178277488], [12.766883688527564, 55.823629491674716], [12.770869821364537, 55.82354058219172], [12.775014890292058, 55.825695054325905], [12.779160420210633, 55.82784938644572], [12.783306411120268, 55.830003578551135], [12.789365893297912, 55.83099098618253], [12.797338866743566, 55.830811609339875], [12.803237931553717, 55.82955515943346], [12.807063087728363, 55.82722163646327], [12.808814452366615, 55.82381142212855], [12.808492025468471, 55.8193245164293], [12.806257933137543, 55.816004349138026], [12.802112175373825, 55.813850920254744], [12.796054635197343, 55.81286384828274], [12.788085312608104, 55.81304313322202], [12.782028654834964, 55.812055654030615], [12.777884661877927, 55.80990141070855], [12.775653449716026, 55.806580784765345], [12.77533501834926, 55.802093776201005], [12.775016673048949, 55.797606764876264], [12.77469841381509, 55.79311975079112], [12.772468745571421, 55.78979895660616], [12.768327668317946, 55.7876443823214], [12.762275066675405, 55.78665564672349]]]}}, {"type": "Feature", "properties": {"band": "light", "dbz": 30.0, "source": "OPERA-ORD", "time": "20260725155000"}, "geometry": {"type": "Polygon", "coordinates": [[[8.559514560312868, 55.62038044989851], [8.55158013713125, 55.62028773777368], [8.54364574923675, 55.6201945164625], [8.535711396629369, 55.62010078596496], [8.529718562609713, 55.62115278317829], [8.525667247177779, 55.623350508102476], [8.521615477273963, 55.6255480991134], [8.517563252898263, 55.62774555621108], [8.51351057392292, 55.629942879347055], [8.509457440347937, 55.63214006852133], [8.505403852045545, 55.63433712368544], [8.501349809015746, 55.63653404483938], [8.495353910553188, 55.63758408799165], [8.487416156657872, 55.63748725314224], [8.481419369234963, 55.638536901325], [8.477363548284464, 55.64073303253993], [8.475248631045158, 55.64407602714949], [8.475074617517052, 55.6485658851537], [8.474900557098863, 55.653055740902126], [8.474726449790595, 55.65754559439477], [8.474552295555206, 55.662035445645586], [8.474378094392701, 55.66652529465456], [8.474203846265995, 55.67101514143564], [8.474029551175091, 55.67550498598882], [8.475885502124271, 55.67889679944564], [8.479771699113535, 55.68119058180608], [8.485688205118947, 55.68238595218245], [8.493635020140513, 55.68248291057475], [8.49955244947909, 55.68367791022073], [8.503440493134676, 55.68597095112038], [8.507328988196795, 55.68826387006049], [8.511217934665448, 55.690556667041044], [8.515107332682245, 55.6928493420166], [8.518997182247187, 55.695141894987174], [8.522887483501918, 55.69743432590732], [8.526778236446438, 55.69972663477705], [8.532698945041695, 55.70091976214334], [8.54064960928769, 55.701013708006215], [8.546653988686552, 55.699961487439424], [8.55071208323828, 55.697763100442955], [8.552823832766878, 55.694418928166336], [8.55298923727235, 55.68992897060956], [8.555100054233868, 55.686584657298475], [8.559156283651433, 55.6843859882331], [8.563130306834942, 55.68443217793744], [8.567022123784398, 55.68672322641149], [8.568886237960738, 55.69011374121971], [8.568722649363965, 55.69460372236211], [8.570587647152063, 55.69799411972464], [8.574481231325034, 55.70028493330728], [8.578375267449253, 55.702575624598275], [8.582269755524724, 55.704866193597624], [8.58413602591332, 55.70825647606676], [8.583974078615048, 55.71274647200568], [8.583812087598123, 55.717236465833366], [8.583650052862543, 55.72172645754979], [8.583487974373709, 55.72621644716895], [8.583325852131617, 55.73070643469086], [8.583163686101628, 55.735196420129455], [8.583001476283744, 55.73968640348477], [8.580889813746726, 55.74303107637351], [8.576828698490576, 55.745230438795716], [8.57081818961226, 55.74628410903992], [8.562858287111775, 55.74619208710613], [8.55684688257071, 55.74724536180281], [8.552783975989062, 55.74944393312995], [8.550669507302601, 55.75278818279956], [8.550503476511327, 55.75727811081165], [8.550337400843535, 55.761768036769254], [8.550171280299226, 55.76625796067239], [8.55000511484283, 55.77074788253503], [8.549838904474349, 55.77523780235715], [8.549672649158177, 55.779727720152735], [8.549506348894315, 55.78421763592179], [8.549340003647117, 55.788707549678264], [8.549173613416583, 55.793197461422174], [8.549007178167033, 55.797687371167484], [8.548840697898468, 55.802177278914186], [8.550708977362847, 55.80556794770131], [8.554612016560169, 55.80785937752886], [8.560549875858014, 55.80905118593869], [8.568522555256381, 55.80914337293082], [8.574461344255464, 55.81033480871061], [8.578366242855264, 55.81262549327805], [8.580237191590218, 55.81601580911873], [8.580074190460321, 55.82050575623265], [8.57795782514275, 55.82385034934524], [8.573888095637503, 55.826049588456506], [8.56981790614167, 55.82824869315273], [8.56574725665525, 55.83044766343393], [8.563629427177219, 55.833792106491416], [8.563464417707578, 55.83828202232519], [8.56533564882725, 55.84167246482167], [8.569243120536239, 55.843963433980875], [8.575186892730455, 55.84515454689875], [8.583166965409903, 55.845245803575274], [8.591147072926821, 55.84533654778264], [8.599127215281209, 55.84542677952083], [8.607107392080144, 55.84551649878277], [8.615087603323623, 55.84560570556848], [8.623067848618703, 55.84569439987095], [8.631048127965379, 55.84578258169017], [8.637072328523583, 55.84472601886143], [8.641140450293317, 55.84252471138471], [8.643252436318372, 55.839179042207476], [8.643408286598751, 55.83468901132973], [8.643564094689577, 55.83019897854794], [8.643719860590846, 55.825708943862104], [8.641842960324396, 55.82231958066665], [8.63793339389023, 55.82003088896158], [8.634024282745562, 55.817742074365015], [8.6301156268904, 55.81545313687697], [8.626207426182042, 55.81316407654335], [8.62229968062049, 55.81087489336417], [8.618392390063072, 55.808585587385366], [8.61448555450979, 55.80629615860691], [8.61261172127903, 55.80290644364317], [8.612770890370793, 55.79841644249413], [8.612930016418863, 55.793926439372484], [8.613089099423235, 55.78943643427826], [8.61520025117649, 55.78609112748476], [8.619263471678625, 55.78389051899201], [8.625278818534813, 55.78283422661333], [8.633246291745056, 55.78292225034872], [8.641213798421326, 55.783009762511895], [8.649181338563626, 55.783096763102854], [8.655195380643512, 55.78203930238427], [8.659255924660986, 55.779837380356135], [8.663316010120042, 55.777635324450856], [8.66737563702068, 55.77543313466844], [8.671359000088826, 55.775475862122406], [8.675266099324485, 55.77776350681275], [8.677143802535284, 55.7811523782469], [8.676992109721224, 55.78564247642484], [8.67488595421235, 55.78898874135136], [8.670825336008662, 55.79119117302646], [8.666764258880313, 55.79339347080863], [8.662702722827303, 55.79559563469789], [8.658640727719295, 55.7977976646454], [8.654578273556291, 55.79999956065118], [8.650515360207944, 55.802201322666384], [8.646451987674256, 55.80440295069102], [8.646374667182645, 55.80664797841608], [8.650283398733116, 55.808936405841564], [8.656224309022809, 55.8101236413222], [8.66419739805173, 55.81020968485797], [8.672170519845599, 55.810295216415035], [8.680143674404418, 55.81038023599337], [8.688116861336429, 55.81046474358634], [8.696090080641632, 55.81054873919393], [8.704063331928248, 55.81063222280959], [8.712036615196274, 55.810715194433314], [8.72000993005391, 55.8107976540586], [8.727983276501154, 55.81087960168544], [8.735956654146182, 55.81096103730745], [8.743930062988992, 55.811041960924626], [8.749945824615516, 55.80997991335511], [8.754003939025747, 55.80777489459888], [8.756104354098982, 55.80442728723357], [8.756247069835215, 55.79993709125917], [8.758346549402596, 55.79658934425562], [8.762402792801122, 55.794384046222966], [8.768415851707044, 55.79332081478094], [8.776385726120358, 55.793399649929555], [8.784355630506678, 55.793477973316726], [8.792325564866001, 55.793555784942455], [8.798337311147817, 55.79249138651038], [8.802390869352129, 55.79028477802049], [8.804486189433248, 55.78693634185923], [8.804623271391174, 55.782446078026595], [8.806717657731504, 55.77909750268371], [8.810769348454238, 55.77689061583058], [8.816778393163316, 55.775825035278245], [8.824744791858736, 55.7759007610267], [8.832711219306137, 55.77597597525758], [8.840677675505521, 55.77605067797089], [8.848644160066193, 55.776124869160824], [8.856610672988154, 55.77619854882736], [8.862617990107093, 55.775131030466724], [8.866666111423015, 55.77292231407891], [8.86875498962183, 55.769572781866515], [8.86888462470354, 55.765082433829505], [8.870972571174976, 55.76173276302412], [8.875018829036136, 55.759523769450354], [8.879064629137547, 55.75731464296053], [8.883109971479207, 55.75510538355465], [8.88519647875415, 55.75175556672625], [8.885324150962376, 55.74726519247533], [8.887409727774504, 55.74391523724168], [8.891453209190535, 55.74170570102529], [8.895496233355917, 55.73949603202144], [8.899538800270651, 55.737286230230154], [8.899602129321142, 55.735041035603054], [8.89568622050739, 55.73276044814015], [8.889749512434147, 55.731584383425066], [8.881792005101413, 55.73151284145781], [8.875856219311885, 55.73033640222891], [8.871942155065563, 55.72805506573837], [8.872006360116703, 55.725809878275086], [8.876048834465303, 55.72360083983905], [8.882047915112786, 55.722532082462806], [8.890003602059148, 55.72260360614635], [8.896001784594043, 55.72153445606692], [8.900042462717469, 55.7193246322245], [8.902125590662344, 55.71597451618649], [8.902251168428664, 55.71148410795287], [8.900357316613427, 55.7080986206734], [8.896444035216627, 55.70581805434806], [8.89051136995871, 55.70464202761211], [8.882559320839679, 55.704570540465554], [8.87662757636326, 55.703394139483436], [8.872716136529458, 55.701112824665785], [8.870824954715514, 55.69772697735287], [8.87095403092143, 55.6932365975447], [8.871083072321813, 55.68874621568757], [8.871212078916665, 55.684255831781485], [8.871341050733488, 55.67976544581237], [8.87146998777228, 55.675275057780226], [8.869580498305364, 55.67188909369898], [8.865672582332738, 55.669607553568625], [8.859746286742181, 55.66843005647306], [8.851801611533695, 55.668356602412295], [8.845809987322635, 55.66942390904791], [8.841771414109004, 55.6716319763799], [8.839685844078193, 55.67498118531369], [8.839553277230204, 55.67947153584929], [8.841440904417174, 55.682857862194105], [8.845348725639106, 55.685140164348134], [8.84925699897718, 55.68742234315387], [8.853165724431395, 55.6897043986113], [8.853099841446602, 55.691949575514], [8.849059350022799, 55.69415787386198], [8.845018402538924, 55.69636603938558], [8.840976998994977, 55.698574072084796], [8.83693513926087, 55.70078197191128], [8.832892823336602, 55.70298973886506], [8.828850051092068, 55.705197372897736], [8.824806822527268, 55.707404874009335], [8.822717872248129, 55.71075378203294], [8.822583200254646, 55.71524409696855], [8.820493320546133, 55.718592866164144], [8.816448233122589, 55.72080008961974], [8.812470971073273, 55.720762034306745], [8.808561534398189, 55.71847870022516], [8.806675061410777, 55.71509188543747], [8.806811552111041, 55.710601589943664], [8.804925968130265, 55.707214655767196], [8.801018309468445, 55.70493108290806], [8.797111103298239, 55.702647386843594], [8.793204349619646, 55.70036356757378], [8.79132005286462, 55.69697651593421], [8.79145821303316, 55.69248623192489], [8.78957480404194, 55.689099061057355], [8.785669825890963, 55.68681500333162], [8.77974332883258, 55.68563367765735], [8.771795312866793, 55.68555508403457], [8.765869736605275, 55.68437338522459], [8.761966600048027, 55.682088581227404], [8.758063915279623, 55.67980365425362], [8.754161682300063, 55.6775186043032], [8.748237525879482, 55.67633577243307], [8.74029144601788, 55.67625515864321], [8.73429557533565, 55.67731705954411], [8.730249913832791, 55.679521475135786], [8.728154409055598, 55.68286878637118], [8.728009061004073, 55.687358993250314], [8.72591262684007, 55.69070616494318], [8.721865106563591, 55.69291030144981], [8.715866553069226, 55.693971021621365], [8.707916966356978, 55.69388832545786], [8.701917518307626, 55.69494865182624], [8.69786820892117, 55.69715200072649], [8.693818443225808, 55.69935521616917], [8.68976822122154, 55.70155829815427], [8.683767472131285, 55.70261745966478], [8.675816195955045, 55.7025327007007], [8.66981455222049, 55.7035914680543], [8.665762540927625, 55.705793761725566], [8.661710073054794, 55.70799592177724], [8.657657148601997, 55.71019794820931], [8.653681104959892, 55.71015479760398], [8.649781942128481, 55.70786646996123], [8.6498588043579, 55.70562142001687], [8.653911691648151, 55.70341964777089], [8.657964122475615, 55.70121774188888], [8.66201609684029, 55.69901570237084], [8.66606761487143, 55.696813529265306], [8.670118676569032, 55.69461122257228], [8.676118937100416, 55.69355243788808], [8.68406839646558, 55.6936371752127], [8.690067762830681, 55.69257799647175], [8.694117036195715, 55.690374901665216], [8.696216162350623, 55.68702827192341], [8.69636514129541, 55.68253810724633], [8.694490391256693, 55.67914950068216], [8.690591912234474, 55.676862452230885], [8.686693884707857, 55.67457528110929], [8.682796308676842, 55.672287987317375], [8.680922836555538, 55.66889926455485], [8.681073468343943, 55.664409112821716], [8.679200880503497, 55.661020271771356], [8.675305073034199, 55.65873274140378], [8.671333535032975, 55.658690155649744], [8.667286266499822, 55.660892514509236], [8.663238542616892, 55.66309473990944], [8.65919036338418, 55.665296831850355], [8.655218857901868, 55.6652537362743], [8.651324026169956, 55.66296545318129], [8.64945369797351, 55.65957625545556], [8.649607873312524, 55.6550861430971], [8.647738428334389, 55.651696827353504], [8.643845363039102, 55.64940830822476], [8.637928733417642, 55.64822020513504], [8.629988539470006, 55.64813251808435], [8.622048378966458, 55.64804432142326], [8.614108251907, 55.64795561515175], [8.606168158677576, 55.64786639927671], [8.598228099278188, 55.64777667379812], [8.59231339639517, 55.64658668174323], [8.58842405002852, 55.64429642311206], [8.588504244227844, 55.64205140309782], [8.59255397899314, 55.639851621700515], [8.596603258968925, 55.637651706632674], [8.600652084155202, 55.63545165789429], [8.600732235172053, 55.6332066356532], [8.596843712019478, 55.630916639909394], [8.590931265095204, 55.629726292819726], [8.582994894399231, 55.6296355943842], [8.577083366972564, 55.6284448762859], [8.573196682815205, 55.62615413852484], [8.569310448528313, 55.62386327872346], [8.56542466411189, 55.62157229688177], [8.559514560312868, 55.62038044989851]]]}}, {"type": "Feature", "properties": {"band": "light", "dbz": 30.0, "source": "OPERA-ORD", "time": "20260725155000"}, "geometry": {"type": "Polygon", "coordinates": [[[9.01768474960872, 55.78768427823614], [9.013643637530173, 55.78989792191531], [9.011566384379256, 55.79324999054128], [9.011452990155966, 55.79774048411406], [9.011339565244668, 55.80223097585033], [9.011226109645357, 55.80672146575011], [9.013134596879441, 55.810105146889136], [9.01706502694692, 55.812382019267396], [9.02099591295914, 55.814658767203326], [9.024927254916106, 55.81693539069691], [9.028859052958873, 55.81921188970177], [9.032791307087441, 55.821488264217905], [9.038745572190553, 55.822657191961454], [9.04672184826821, 55.82271867293244], [9.052731081725408, 55.821641958762534], [9.05677327256215, 55.81942704945173], [9.056827758140534, 55.81718178728278], [9.05289453846056, 55.81490617225565], [9.048961774796268, 55.81263043265474], [9.045029467147664, 55.810354568480065], [9.043118211978706, 55.80697137543268], [9.043228009289395, 55.80248085351259], [9.041317652312564, 55.79909753897807], [9.03738714104821, 55.796821431829095], [9.033457085271555, 55.79454520022617], [9.029527484982594, 55.79226884416929], [9.025598340040585, 55.78999236370478], [9.021669650445522, 55.787715758832626], [9.01768474960872, 55.78768427823614]]]}}, {"type": "Feature", "properties": {"band": "light", "dbz": 30.0, "source": "OPERA-ORD", "time": "20260725155000"}, "geometry": {"type": "Polygon", "coordinates": [[[6.5538097169347, 55.67062500356972], [6.545872219015861, 55.67040357872962], [6.539820172119729, 55.671358528377546], [6.535653576246304, 55.67348985251349], [6.531486523349946, 55.67562103433836], [6.527319013430656, 55.67775207385216], [6.521265775374713, 55.67870583483699], [6.513326809182117, 55.678482317292854], [6.505387928004035, 55.67825829070931], [6.497449131840465, 55.678033755086375], [6.491394703595281, 55.67898632701492], [6.487224643268483, 55.681116006494946], [6.483054125701368, 55.68324554343458], [6.4788831508939335, 55.68537493783382], [6.474711718728137, 55.687504189642105], [6.470539829203976, 55.689633298859434], [6.468252064946247, 55.69294014744084], [6.467848425954949, 55.69742473538633], [6.4674446781717165, 55.7019093197642], [6.467040821596548, 55.706393900574454], [6.46872432033605, 55.70981397189085], [6.472495174390222, 55.71216953371339], [6.4783535299040755, 55.71346020656683], [6.486299386877613, 55.713685990451154], [6.492158684603786, 55.71497630908321], [6.495931423082593, 55.717331162463005], [6.497617457003173, 55.7207509301113], [6.4972167863655255, 55.725235612028115], [6.498903666123098, 55.72865527832523], [6.502678096275892, 55.73100992900266], [6.50665251121638, 55.7311220995711], [6.510826910944562, 55.72899179003054], [6.515000852181814, 55.72686133789283], [6.519174334928135, 55.72473074315794], [6.52523516603639, 55.72377683749397], [6.533183345506581, 55.72399962090091], [6.539045689243139, 55.7252877301119], [6.542822197246064, 55.727641165126954], [6.544512726046538, 55.731060305648114], [6.54411727564456, 55.73554515167537], [6.545808651734661, 55.73896419047281], [6.549586854316843, 55.74131742204041], [6.55545202662058, 55.74260446645833], [6.563404168645872, 55.74282532372654], [6.569466302680831, 55.741869537001065], [6.573638428725459, 55.73973710628192], [6.575920404472547, 55.736428411521004], [6.576312229922096, 55.73194345271831], [6.574618898659816, 55.72852473736875], [6.570840410685706, 55.7261722654723], [6.5670623700982, 55.72381967933585], [6.563284776897298, 55.72146697895938], [6.563480983960778, 55.71922450846209], [6.567650991288638, 55.71709226784398], [6.571820540463466, 55.71495988490927], [6.5759896314852595, 55.712827359657965], [6.576185732782497, 55.710584885715036], [6.572408844355179, 55.708232463080506], [6.5686324028364895, 55.70587992624861], [6.56485640822643, 55.70352727521936], [6.563164805882341, 55.70010848461878], [6.56355759580422, 55.695623554446875], [6.563950279926088, 55.69113862078939], [6.564342858247944, 55.68665368364631], [6.564735330853232, 55.68216874300479], [6.565127697741952, 55.677683798864805], [6.563437527363263, 55.67426492409355], [6.559664819717167, 55.671912118691026], [6.5538097169347, 55.67062500356972]]]}}, {"type": "Feature", "properties": {"band": "light", "dbz": 30.0, "source": "OPERA-ORD", "time": "20260725155000"}, "geometry": {"type": "Polygon", "coordinates": [[[8.985706025101203, 55.71444105631359], [8.97775184481071, 55.71437567857633], [8.971756639588657, 55.71544907307489], [8.967720409435044, 55.71766123980928], [8.965643111619938, 55.721012560288436], [8.965524746143338, 55.72550303451236], [8.963446520632914, 55.72885421733178], [8.959408435088667, 55.731066108746695], [8.955430017842582, 55.73103264107457], [8.95151126889466, 55.7287538143154], [8.949611987203689, 55.72536917237609], [8.94973217276967, 55.720878715256674], [8.947833783201657, 55.71749395275986], [8.943916818499655, 55.715214884885654], [8.939939336982569, 55.715180915055775], [8.935901338650396, 55.71739204327022], [8.931862883721521, 55.719603038939034], [8.927823972195949, 55.721813902062216], [8.923784603942906, 55.72402463259144], [8.919744778962396, 55.72623523052671], [8.917662920221009, 55.72958573858059], [8.91753902771874, 55.73407615675306], [8.91545624002652, 55.737426526721904], [8.911414557144347, 55.7396368484871], [8.907372417026103, 55.741847037530036], [8.903329819671786, 55.7440570938507], [8.901245596324122, 55.74740731822574], [8.90111974698311, 55.75189771065513], [8.900993863628006, 55.75638810114418], [8.900867946258812, 55.760878489692885], [8.90074199484857, 55.76536887631529], [8.900616009397279, 55.769859261011405], [8.902513180509441, 55.77324463748708], [8.906433508185057, 55.77552500574234], [8.912377038021662, 55.776699983552945], [8.92034377001926, 55.77676957091892], [8.928310528424383, 55.77683864673354], [8.93627731323703, 55.7769072109968], [8.944244124066392, 55.77697526370336], [8.952210960912469, 55.777042804853224], [8.958215781631598, 55.77597065587219], [8.962258586223777, 55.773758816760264], [8.964339331352624, 55.77040766976699], [8.96445801701814, 55.765917214892376], [8.966537831921919, 55.762565930105225], [8.970578776063963, 55.76035381540554], [8.976580892346208, 55.759280488741865], [8.984544180768651, 55.75934595011421], [8.990545395865459, 55.75827223111707], [8.99458453763663, 55.75605933175044], [8.99666156413944, 55.752707634061245], [8.996776475373888, 55.74821713804947], [8.996891355573755, 55.74372664011208], [8.997006204739039, 55.73923614024908], [8.997121022894305, 55.73474563844636], [8.997235810039554, 55.73025513470392], [8.997350566199326, 55.725764629007685], [8.99746529137362, 55.72127412135766], [8.995562769282188, 55.71789008694504], [8.99164299992503, 55.71561252576983], [8.985706025101203, 55.71444105631359]]]}}, {"type": "Feature", "properties": {"band": "light", "dbz": 30.0, "source": "OPERA-ORD", "time": "20260725155000"}, "geometry": {"type": "Polygon", "coordinates": [[[5.854706859157174, 55.65815669803656], [5.846775692079028, 55.657890452876416], [5.840708509000652, 55.6588110994623], [5.836505309922045, 55.6609186377942], [5.834165923166609, 55.66421344584119], [5.833690348734344, 55.66869552360327], [5.835317274179778, 55.672123866209404], [5.8390466995029096, 55.674498473659604], [5.842776568605457, 55.67687296991615], [5.846506881487419, 55.67924735497905], [5.850237638299959, 55.68162162880611], [5.853968839043075, 55.683995791397344], [5.857936724426654, 55.684128744476], [5.862141294450696, 55.682020488042056], [5.864479692874835, 55.67872525736278], [5.86495191969907, 55.67424305243816], [5.865424019476884, 55.669760843273515], [5.8658959922082765, 55.66527862986884], [5.864267094604541, 55.66185059752903], [5.860537326665678, 55.6594767462541], [5.854706859157174, 55.65815669803656]]]}}, {"type": "Feature", "properties": {"band": "light", "dbz": 30.0, "source": "OPERA-ORD", "time": "20260725155000"}, "geometry": {"type": "Polygon", "coordinates": [[[13.527860586851734, 55.6053766517252], [13.519936548758029, 55.60560276243468], [13.514093420227166, 55.606893334033856], [13.510331201259145, 55.609248366522735], [13.508650036422337, 55.6126682381223], [13.509049925716734, 55.61715294883257], [13.509449922552893, 55.62163765587598], [13.509850026930808, 55.626122359252534], [13.508167733008545, 55.62954213852062], [13.504403040786107, 55.63189699368022], [13.50063790385633, 55.63425173513615], [13.496872322219211, 55.63660636288839], [13.493106295726342, 55.638960876894075], [13.489339824377723, 55.64131527715322], [13.4855729080249, 55.64366956362289], [13.481805546667875, 55.646023736303114], [13.480120438107267, 55.64944322054537], [13.480517582343074, 55.653928016349674], [13.482799308932861, 55.65723569734486], [13.486965617876628, 55.65936626353093], [13.493016365293375, 55.66031933601349], [13.500951551183107, 55.66009491479254], [13.506802680540888, 55.65880523906354], [13.510569753366717, 55.65645030882649], [13.512252914456784, 55.65303050294341], [13.511852163811087, 55.64854582141429], [13.513534482901992, 55.645125914355575], [13.517299871729504, 55.64277078176725], [13.521064815672403, 55.64041553551893], [13.524829314730692, 55.63806017561063], [13.528593369052917, 55.63570470208518], [13.53235697863908, 55.63334911494257], [13.536120143637687, 55.63099341422567], [13.539882864048737, 55.62863759993448], [13.541562372029736, 55.62521739865762], [13.54115866758068, 55.62073281039508], [13.540755071635603, 55.616248218433874], [13.540351584194509, 55.61176362277398], [13.538068031830118, 55.60845689280064], [13.53390441454243, 55.60632802851386], [13.527860586851734, 55.6053766517252]]]}}, {"type": "Feature", "properties": {"band": "light", "dbz": 30.0, "source": "OPERA-ORD", "time": "20260725155000"}, "geometry": {"type": "Polygon", "coordinates": [[[5.73424687475122, 55.466246358988315], [5.730058821527865, 55.468350382863676], [5.727722552724543, 55.47164325310559], [5.7272380683412525, 55.47612496971407], [5.726753454261752, 55.4806066816372], [5.72626871048604, 55.48508838887497], [5.723930840657431, 55.4883810701732], [5.719739844775927, 55.49048472553188], [5.715548396819936, 55.49258823589996], [5.71135649678946, 55.49469160127746], [5.707164144572452, 55.49679482161374], [5.702971340168911, 55.4988978969088], [5.696925701192889, 55.49981131978464], [5.6890272276443845, 55.49953509024127], [5.681128857872226, 55.49925835485409], [5.673230591876412, 55.49898111362311], [5.667183817287822, 55.49989334462001], [5.662988534106455, 55.5019950478448], [5.662742718390817, 55.50423576747563], [5.666446370140906, 55.5066155035125], [5.670150460658835, 55.50899512947578], [5.673854989944605, 55.51137464536546], [5.675461687152387, 55.51480513346552], [5.674970552282181, 55.51928659377597], [5.674479285784254, 55.52376804940404], [5.673987887658606, 55.528249500349716], [5.675595652786531, 55.53167990409911], [5.679302581168029, 55.5340592606522], [5.683009949081291, 55.53643850701046], [5.686717756526318, 55.538817643173886], [5.688326590874964, 55.542247962533054], [5.687836452127231, 55.546729465087964], [5.6873461819168325, 55.55121096301615], [5.68685578024377, 55.55569245631763], [5.684510200245471, 55.55898433119193], [5.680309441921938, 55.56108658763904], [5.676354456231213, 55.56094799179783], [5.672645243173292, 55.5585685436683], [5.671036731210267, 55.55513810810524], [5.671528920342138, 55.55065668510867], [5.672020977536203, 55.54617525746599], [5.672512902792464, 55.54169382517722], [5.6709054602507845, 55.53826330533696], [5.667198649911161, 55.53588369794522], [5.661392649075805, 55.53455462674859], [5.653487457744713, 55.53427609174704], [5.645582371277765, 55.53399705043588], [5.637677389674961, 55.5337175028151], [5.631872930575206, 55.53238734430066], [5.628168993978502, 55.53000657489255], [5.626565401150013, 55.52657557076158], [5.62706215208974, 55.52209433190773], [5.627558769980173, 55.5176130883131], [5.6280552548213105, 55.51313183997769], [5.626452726613462, 55.5097007519525], [5.62275118535663, 55.507319824237555], [5.616950809837945, 55.505988680984444], [5.609051600057409, 55.505707322193174], [5.603002269905058, 55.506616391632704], [5.598802819380893, 55.50871588930303], [5.596453068800677, 55.51200619101241], [5.59595301816441, 55.51648729676083], [5.597553584148562, 55.51991868941908], [5.601254766753129, 55.522300368987175], [5.604956388320381, 55.52468193869964], [5.608658448850315, 55.527063398556486], [5.610260078052459, 55.53049470756062], [5.60976127592681, 55.534975865712056], [5.6113637237159315, 55.53840708028149], [5.615067421419823, 55.54078835126893], [5.618771558618731, 55.54316951229882], [5.622476135312655, 55.54555056337116], [5.624079648415309, 55.54898169418421], [5.623582097926691, 55.553462904737955], [5.6230844139707035, 55.55794411059913], [5.6225865965473485, 55.562425311767726], [5.624191176262262, 55.56585635878543], [5.6278981531154475, 55.56823725165225], [5.631605570229851, 55.57061803444037], [5.635313427605474, 55.572998707149786], [5.636919075233379, 55.57642967033306], [5.636422513113567, 55.580910923990196], [5.635925817688017, 55.58539217301051], [5.635428988956728, 55.58987341739401], [5.634932026814941, 55.59435465715275], [5.634434931262658, 55.59883589228675], [5.636041896029731, 55.602266782437056], [5.639752921116161, 55.604647327603686], [5.643464387465686, 55.60702776255103], [5.647176295078305, 55.60940808727909], [5.648784330867388, 55.61283889354094], [5.648288494832935, 55.61732018133658], [5.649897354024271, 55.62075089278046], [5.653610908441398, 55.623131027872574], [5.659429336965103, 55.62446020933365], [5.667352639595385, 55.62473843716365], [5.673418267540976, 55.62382656207515], [5.677626220801876, 55.621724584068176], [5.681833718498882, 55.619622460417894], [5.686040760631992, 55.61752019112433], [5.690247347314296, 55.615417776238544], [5.694453478545794, 55.61331521576052], [5.696801639272292, 55.61002318123562], [5.697291829493791, 55.60554167266383], [5.699639020817706, 55.60224947281408], [5.703843213244039, 55.60014658168636], [5.70780288346475, 55.60028433892178], [5.711518031479838, 55.602662744520345], [5.7131314071343375, 55.60609273661895], [5.712643010428249, 55.6105743152176], [5.714257210459381, 55.614004212027396], [5.717974007227735, 55.61638242704835], [5.721934678095281, 55.61651971180796], [5.726139223062021, 55.61441606630622], [5.728484797056334, 55.611123419370436], [5.728971400078217, 55.606641771000604], [5.729457872449147, 55.602160118134655], [5.729944214169121, 55.597678460772606], [5.730430425340787, 55.5931967989023], [5.73091650596414, 55.58871513252374], [5.733259823242514, 55.585422272270165], [5.737460377175907, 55.583318218141585], [5.743518342835563, 55.582402593218866], [5.751433720221484, 55.582675397502015], [5.757490834995567, 55.58175935650293], [5.761689687157814, 55.57965447022159], [5.765888084887287, 55.57754943880675], [5.770086028183988, 55.57544426225841], [5.77614199798613, 55.57452702754407], [5.784055994293714, 55.574797734663754], [5.790111113156257, 55.573880084218274], [5.794307354573757, 55.57177407620762], [5.7945469368709155, 55.56953311090232], [5.7908298600477295, 55.56715718830238], [5.787113223921684, 55.56478115500081], [5.783397028492777, 55.56240501099761], [5.781778767475133, 55.55897598410606], [5.782258440868756, 55.55449407432617], [5.7827379856524095, 55.55001216003437], [5.783217401826093, 55.54553024123065], [5.7836966894906965, 55.54104831790282], [5.78417584864622, 55.536566390050865], [5.784654879393448, 55.532084457662606], [5.7851337817323785, 55.527602520738014], [5.7835171053700325, 55.52417342919638], [5.77980485030641, 55.52179718303769], [5.776093034708369, 55.51942082633822], [5.772381658575908, 55.51704435909795], [5.768670721759738, 55.51466778135855], [5.764960224259857, 55.51229109312001], [5.761250165927011, 55.50991429442399], [5.757540546761199, 55.50753738527047], [5.755926586410487, 55.504108017225086], [5.756408284874877, 55.499626190287835], [5.756889854386209, 55.49514435872762], [5.757371294944484, 55.490662522544454], [5.7578526066506885, 55.48618068172615], [5.758333789504822, 55.48169883627271], [5.75672115284437, 55.47826939330759], [5.753014696669333, 55.47589235283078], [5.749308678667326, 55.47351520203727], [5.745603098838349, 55.47113794092705], [5.74189795703362, 55.468760569541615], [5.7381932532531374, 55.466383087880956], [5.73424687475122, 55.466246358988315]]]}}, {"type": "Feature", "properties": {"band": "light", "dbz": 30.0, "source": "OPERA-ORD", "time": "20260725155000"}, "geometry": {"type": "Polygon", "coordinates": [[[6.6695064446172445, 55.619847692764196], [6.66157861118309, 55.6196337212852], [6.655537281073849, 55.620594369261234], [6.6513824542895215, 55.6227296366923], [6.64911399299642, 55.626039902165644], [6.648731897194543, 55.6305251656813], [6.648349698585428, 55.635010425697914], [6.647967397169074, 55.63949568221551], [6.649663912032318, 55.642913347783825], [6.653439243175163, 55.64526342240285], [6.659293528681195, 55.64654552717949], [6.667226768550414, 55.64675966211376], [6.673271441077086, 55.64579873247298], [6.67742754626121, 55.64366273825718], [6.6796949469343145, 55.640352058390306], [6.680073643096398, 55.63586669287238], [6.680452237415939, 55.6313813238856], [6.680830729892938, 55.62689595142993], [6.679132572432159, 55.6234786185275], [6.675357765033601, 55.621129325178295], [6.6695064446172445, 55.619847692764196]]]}}, {"type": "Feature", "properties": {"band": "light", "dbz": 30.0, "source": "OPERA-ORD", "time": "20260725155000"}, "geometry": {"type": "Polygon", "coordinates": [[[6.9101960489396435, 55.59014133162732], [6.902273076724324, 55.58994281480821], [6.896242337596673, 55.59091525842983], [6.8921038315566925, 55.59305866249218], [6.887964870780481, 55.595201926016195], [6.8838254552680365, 55.59734504900186], [6.8777935125557095, 55.598316310574376], [6.869869042643497, 55.598115710733744], [6.8638362330941805, 55.59908656487393], [6.859695083907761, 55.60122887299494], [6.857445465985051, 55.60454301366424], [6.85708737932605, 55.60902898688186], [6.854836808102633, 55.612342972330595], [6.850693752314802, 55.61448497001044], [6.846550241194349, 55.61662682690207], [6.842406274741275, 55.61876854300548], [6.838261852836299, 55.620910118270636], [6.834116975479421, 55.62305155269754], [6.82997164255136, 55.62519284623613], [6.825825854052117, 55.62733399888642], [6.823571824257828, 55.63064750018096], [6.823209553168493, 55.63513335011976], [6.824921077800509, 55.63854864965168], [6.8287063981538765, 55.64089339877672], [6.834565645067156, 55.64216721845335], [6.842498818540346, 55.642370108681604], [6.848359000840292, 55.64364357181236], [6.852146191966994, 55.645987607845655], [6.855933829226111, 55.648331528707395], [6.859721912617646, 55.6506753343976], [6.865583596349595, 55.6519476904419], [6.873518880421961, 55.652148596840306], [6.879559220194662, 55.65117757480435], [6.883704615667698, 55.649034624334035], [6.88595493811404, 55.645720124651305], [6.886310187533686, 55.641234075756145], [6.884593641427653, 55.637819527570926], [6.880805299795939, 55.63547648009564], [6.87701740402364, 55.633133317384406], [6.873229954110756, 55.630790039437215], [6.871514564019072, 55.627375394925494], [6.871871233748588, 55.62288938384923], [6.874120727258469, 55.619574986229026], [6.878263044548714, 55.617432202064876], [6.882404906494682, 55.615289277240564], [6.886546313096373, 55.6131462117561], [6.890687264473239, 55.61100300566149], [6.89482776062528, 55.6088596589567], [6.900861294520792, 55.607887294507606], [6.908787866159773, 55.608085912314166], [6.914820532309979, 55.60711314056674], [6.91895929297141, 55.60496897926532], [6.921204021225545, 55.60165380714348], [6.921554717072386, 55.59716762420123], [6.91983693250868, 55.59375354705679], [6.916050667534429, 55.59141157571018], [6.9101960489396435, 55.59014133162732]]]}}, {"type": "Feature", "properties": {"band": "light", "dbz": 30.0, "source": "OPERA-ORD", "time": "20260725155000"}, "geometry": {"type": "Polygon", "coordinates": [[[6.7668579070266315, 55.59546167709821], [6.758934516484168, 55.59525396434263], [6.752899368958952, 55.59621939253604], [6.748752464450982, 55.59835796167843], [6.74460510501907, 55.60049638967098], [6.7404572906632145, 55.60263467651368], [6.736309021264834, 55.60477282215646], [6.732160296823927, 55.60691082659932], [6.731974454164131, 55.6091536155094], [6.735751493285447, 55.611501188886706], [6.739528977280557, 55.613848647654024], [6.74330690614946, 55.61619599181135], [6.745010328288977, 55.61961246093544], [6.744639243699108, 55.6240980550263], [6.744268059275604, 55.62858364569476], [6.743896775018467, 55.63306923294082], [6.7456013436653794, 55.636485607129316], [6.749381765216344, 55.63883276826025], [6.755238173754337, 55.640110337406234], [6.763170569279358, 55.64031831456727], [6.771103043363933, 55.640525783066806], [6.779035596008064, 55.64073274290486], [6.785076545935111, 55.639766336884605], [6.789225893145075, 55.63762656500603], [6.793374784432507, 55.63548665202475], [6.797523219797409, 55.63334659794077], [6.801671199358973, 55.63120640280423], [6.805818723117202, 55.62906606661513], [6.808074424080866, 55.62575299619869], [6.808438302249963, 55.621267191554914], [6.806729319473075, 55.617851581096254], [6.802947475750203, 55.615506164822705], [6.7970929027124996, 55.61423056403724], [6.789165600359964, 55.61402477873989], [6.783311961485705, 55.61274882205648], [6.779531986089722, 55.61040269398703], [6.777825541704598, 55.60698677318585], [6.778192628330331, 55.60250105965294], [6.776487029306864, 55.59908503553386], [6.772708744634196, 55.59673870082862], [6.7668579070266315, 55.59546167709821]]]}}, {"type": "Feature", "properties": {"band": "light", "dbz": 30.0, "source": "OPERA-ORD", "time": "20260725155000"}, "geometry": {"type": "Polygon", "coordinates": [[[5.832490587917343, 55.56744709351143], [5.82457777346021, 55.567179496507144], [5.818524096611922, 55.56809911751048], [5.814329557372477, 55.57020595652145], [5.8101345638938104, 55.572312650627296], [5.805939116175923, 55.57441919982805], [5.801743214105485, 55.576525604072884], [5.7975468576825, 55.57863186336178], [5.795209352081719, 55.58192596875083], [5.794730697303145, 55.586407920240035], [5.796351116516709, 55.58983677630926], [5.800070609722409, 55.59221253695853], [5.803790544393051, 55.59458818678364], [5.8075109205286335, 55.5969637257846], [5.811231738279361, 55.59933915391948], [5.814952997645232, 55.601714471188295], [5.818912489696124, 55.601848642353985], [5.823110214432035, 55.59974166741653], [5.827307484183043, 55.59763454752257], [5.83150429894915, 55.595527282672094], [5.835700658844021, 55.593419872915966], [5.839896563867658, 55.5913123182542], [5.842231156042774, 55.588017462993385], [5.84270443536937, 55.58353530713353], [5.843177587690672, 55.57905314687367], [5.8436506130066785, 55.57457098221381], [5.8420270930349885, 55.571142647916304], [5.838307027775603, 55.568768143981146], [5.832490587917343, 55.56744709351143]]]}}, {"type": "Feature", "properties": {"band": "light", "dbz": 30.0, "source": "OPERA-ORD", "time": "20260725155000"}, "geometry": {"type": "Polygon", "coordinates": [[[6.529191123389802, 55.58900934493305], [6.521270171369281, 55.58878639556074], [6.51523011344124, 55.58974019013864], [6.5110709496056804, 55.591870728666734], [6.508792536549679, 55.59517838919635], [6.508394874273236, 55.599663171727485], [6.510077692624633, 55.60308271343981], [6.513840991603872, 55.60543701433335], [6.517604734639626, 55.60779120152167], [6.521368921731896, 55.61014527500479], [6.523052869981038, 55.613564724112734], [6.522656579387051, 55.6180495488455], [6.524341368562487, 55.621468896562575], [6.528107237507347, 55.62382276726399], [6.533954329262116, 55.625110782462734], [6.541882643826796, 55.62533294215882], [6.547927123650295, 55.62437813823961], [6.552087768732616, 55.62224637070509], [6.554364436945854, 55.618938018074246], [6.554757128290012, 55.614453080347076], [6.5530703969775015, 55.61103405453614], [6.549304243008325, 55.608680940641456], [6.545538533214226, 55.60632771291239], [6.541773267595206, 55.60397437134893], [6.540087668359041, 55.60055525261013], [6.540481735505732, 55.596070356695975], [6.538796976659324, 55.59265113645897], [6.535033391819816, 55.590297591899116], [6.529191123389802, 55.58900934493305]]]}}, {"type": "Feature", "properties": {"band": "light", "dbz": 30.0, "source": "OPERA-ORD", "time": "20260725155000"}, "geometry": {"type": "Polygon", "coordinates": [[[6.549746556733204, 55.535634447364444], [6.541836200012166, 55.53541285139342], [6.535804855627204, 55.53636768664982], [6.53165252357832, 55.53849895313365], [6.5274997381786175, 55.54063007779343], [6.523346499428097, 55.54276106062917], [6.517313973544603, 55.54371471170354], [6.509402160528136, 55.54349103101652], [6.50336877534845, 55.54444427244313], [6.499213818005547, 55.546574435983366], [6.495058407087461, 55.54870445753577], [6.490902542594192, 55.55083433710034], [6.484867977000097, 55.55178639372231], [6.4769547103051766, 55.55156062740167], [6.469041528797233, 55.551334353892436], [6.461128432476266, 55.551107573194614], [6.45321542172068, 55.55088028532559], [6.445302496530474, 55.550652490285366], [6.439266431910516, 55.551602586475056], [6.435107227860805, 55.553730573894654], [6.430947570031829, 55.55585841903526], [6.426787458423585, 55.557986121896874], [6.422626892919588, 55.56011368242928], [6.418465873519837, 55.562241100632484], [6.4161814704521785, 55.56554703923888], [6.415773683716614, 55.57003149824846], [6.417447303534621, 55.57345227732317], [6.421202329906201, 55.57580937646301], [6.4270389098091005, 55.57710241788521], [6.434957043243319, 55.577331401589745], [6.442875262831029, 55.57755987775643], [6.450793568572228, 55.577787846385235], [6.458711960087657, 55.57801530745868], [6.466630437377313, 55.57824226097675], [6.472669520424341, 55.5772911145512], [6.476829209228741, 55.575161868182015], [6.480988443737914, 55.57303247965122], [6.48514722395186, 55.57090294895882], [6.489305549987504, 55.568773276155014], [6.493463421844846, 55.56664346123982], [6.497620839640811, 55.56451350426344], [6.501777803375397, 55.56238340522586], [6.505735908756071, 55.56249557027787], [6.5094951557828304, 55.56484999941948], [6.511176268330349, 55.56826961636288], [6.510779246398625, 55.572754421108094], [6.512461197366472, 55.57617393681528], [6.516222121233888, 55.57852816348445], [6.522062161115547, 55.57981672318292], [6.5299813170114485, 55.5800396159107], [6.536019113176259, 55.579085366989084], [6.54017554960998, 55.57695397641807], [6.542450484106806, 55.57364582216236], [6.542843916666737, 55.56916090422196], [6.541160028424734, 55.56574170976652], [6.537398819380798, 55.563388238796044], [6.533638053271995, 55.56103465416103], [6.529877730098322, 55.558680955861476], [6.530074736349826, 55.556438505431], [6.534229072026507, 55.55430730286958], [6.5402632101750005, 55.553352555822386], [6.548177150795308, 55.5535742642894], [6.554210428734791, 55.55261910772421], [6.558363043993449, 55.55048708612683], [6.560634855348231, 55.54717857716911], [6.561025862799136, 55.54269358085106], [6.559341458666872, 55.53927462335651], [6.55558164295144, 55.536921704685476], [6.549746556733204, 55.535634447364444]]]}}, {"type": "Feature", "properties": {"band": "light", "dbz": 30.0, "source": "OPERA-ORD", "time": "20260725155000"}, "geometry": {"type": "Polygon", "coordinates": [[[6.959120541027674, 55.57337652982396], [6.9512007188927125, 55.57318116060849], [6.945173784792371, 55.57415600609025], [6.94103973872665, 55.57630106626923], [6.938798455134176, 55.57961671950392], [6.93844993401495, 55.58410296579431], [6.9401693349397915, 55.58751670692833], [6.9439566579087, 55.58985794290597], [6.949812028610019, 55.591126295169396], [6.957735447043749, 55.59132176371861], [6.963764304462238, 55.59034658943149], [6.967898600865485, 55.58820077230804], [6.97013821147751, 55.58488469093426], [6.970483136298312, 55.58039834531014], [6.968761812055323, 55.576984932981475], [6.964974238748544, 55.57464445394829], [6.959120541027674, 55.57337652982396]]]}}, {"type": "Feature", "properties": {"band": "light", "dbz": 30.0, "source": "OPERA-ORD", "time": "20260725155000"}, "geometry": {"type": "Polygon", "coordinates": [[[6.848966951868762, 55.56162322277716], [6.841049975718078, 55.5614207963808], [6.833133076035232, 55.56121786241698], [6.825216252820226, 55.56101442088569], [6.8191880240812885, 55.56198311208963], [6.815048389818418, 55.5641239360288], [6.812797219409411, 55.56743727077907], [6.812434512854267, 55.571923116340436], [6.814142521469105, 55.575338575878675], [6.8179212452539275, 55.57768364939378], [6.823770814962969, 55.57895795861086], [6.831691230596226, 55.57916150352991], [6.83961172282178, 55.57936454062478], [6.847532291639628, 55.57956706989547], [6.853562112287445, 55.57859727762076], [6.85770118476523, 55.57645516380066], [6.8599493798749975, 55.57314110676165], [6.860306697616748, 55.568655106503755], [6.858595377351744, 55.565240188774936], [6.854815419079984, 55.5628963535752], [6.848966951868762, 55.56162322277716]]]}}, {"type": "Feature", "properties": {"band": "light", "dbz": 30.0, "source": "OPERA-ORD", "time": "20260725155000"}, "geometry": {"type": "Polygon", "coordinates": [[[5.822366728774661, 55.51312641448872], [5.814464838114591, 55.512858212019765], [5.808419290601188, 55.51377737566555], [5.804230086234455, 55.51588390542607], [5.801897053602781, 55.519178177502134], [5.8014201927061695, 55.52366019189374], [5.803038826443004, 55.527088975497705], [5.806752954813284, 55.529464528314016], [5.8104675230136955, 55.53183997044208], [5.814182531044236, 55.534215301881886], [5.817897979054269, 55.53659052259167], [5.821613867043796, 55.53896563257143], [5.825567094404112, 55.53909956556746], [5.8297576611352175, 55.53699232157976], [5.832089716759683, 55.53369762889402], [5.832563261277506, 55.52921548751023], [5.833036678911919, 55.524733341634246], [5.833509969662918, 55.52025119126607], [5.831889379804989, 55.51682271599228], [5.828174909338127, 55.514447915812895], [5.822366728774661, 55.51312641448872]]]}}, {"type": "Feature", "properties": {"band": "light", "dbz": 30.0, "source": "OPERA-ORD", "time": "20260725155000"}, "geometry": {"type": "Polygon", "coordinates": [[[6.487264444207501, 55.52487800625737], [6.479356550287655, 55.52465241170377], [6.47332531655931, 55.52560419301656], [6.469170743022465, 55.52773335019575], [6.466892685238239, 55.5310402604789], [6.466491143206633, 55.53552492386602], [6.468167783094161, 55.53894503738256], [6.471922604900824, 55.54130060102852], [6.477755753211297, 55.54259123736817], [6.48566722802558, 55.542816946401516], [6.491700396260202, 55.54186484497578], [6.495855257915165, 55.53973493309095], [6.498131669311403, 55.536427588215105], [6.498529630448914, 55.531942810348234], [6.4968510560551085, 55.52852301694464], [6.493095946129985, 55.52616820800432], [6.487264444207501, 55.52487800625737]]]}}, {"type": "Feature", "properties": {"band": "light", "dbz": 30.0, "source": "OPERA-ORD", "time": "20260725155000"}, "geometry": {"type": "Polygon", "coordinates": [[[6.9646460666905945, 55.50159505896322], [6.956740591352943, 55.501400085986766], [6.948835189405187, 55.501204606232555], [6.940929860847326, 55.5010086197006], [6.934913722640358, 55.501983003675015], [6.930786774784283, 55.504127758155825], [6.9266593746129725, 55.50627237258318], [6.9225315221264285, 55.50841684695708], [6.918403217206078, 55.51056118122793], [6.914274459851923, 55.51270537539572], [6.914099556426997, 55.51494848640276], [6.917878506931301, 55.51729051424904], [6.923722362931245, 55.51856007816058], [6.931631124426826, 55.51875717813738], [6.9374759081811055, 55.52002638592694], [6.941256714194082, 55.52236770152928], [6.942973417125465, 55.525781502651625], [6.942626016975257, 55.53026778929398], [6.9443435645858305, 55.53368148595552], [6.948126059957184, 55.53602259263624], [6.953973628177238, 55.53729073141516], [6.9618862692459915, 55.53748590229228], [6.967906765980261, 55.53651049506381], [6.972035118380045, 55.53436450972974], [6.97616301772236, 55.532218384426606], [6.980290464007204, 55.53007211915441], [6.984417457353663, 55.52792571396279], [6.988543997761736, 55.52577916885175], [6.990778187646114, 55.52246267554571], [6.991120027006796, 55.51797623404467], [6.989399492001387, 55.514563089609354], [6.985616582629888, 55.51222324223978], [6.981834116131871, 55.50988327955372], [6.978052092507339, 55.50754320155119], [6.974270511611159, 55.5052030082753], [6.970489373443333, 55.50286269972606], [6.9646460666905945, 55.50159505896322]]]}}, {"type": "Feature", "properties": {"band": "light", "dbz": 30.0, "source": "OPERA-ORD", "time": "20260725155000"}, "geometry": {"type": "Polygon", "coordinates": [[[10.636928708988977, 55.50137617228232], [10.629016955556628, 55.50141678706293], [10.6211051870517, 55.50145689419875], [10.613193403474195, 55.501496493689785], [10.605281605205564, 55.50153558553302], [10.597369792245804, 55.50157416972844], [10.58945796497638, 55.50161224627308], [10.581546123397288, 55.50164981516694], [10.575628411866408, 55.50280054087848], [10.57170483038374, 55.5050644234077], [10.569775402468933, 55.50844184183812], [10.569840128121983, 55.51293279616973], [10.571867543350248, 55.51629180456854], [10.575857648153724, 55.51851886703456], [10.57984820353142, 55.520745799621736], [10.583839209483337, 55.522972602330064], [10.583872048160943, 55.52521807386836], [10.579946719564239, 55.52748221423661], [10.576020941990707, 55.52974622940518], [10.572094715440347, 55.53201011937404], [10.572127571759209, 55.53425558873561], [10.576119510947292, 55.53648263748988], [10.580111901194032, 55.53870955630528], [10.584104742499429, 55.5409363451818], [10.588098034994456, 55.54316300407222], [10.592091778679112, 55.54538953297654], [10.598049054674473, 55.546483480824605], [10.605969862980535, 55.546444847616414], [10.613890656535592, 55.546405706115664], [10.621811435339641, 55.54636605632236], [10.627733998513769, 55.545213403682965], [10.631658346057971, 55.54294774819748], [10.635582244372824, 55.5406819676973], [10.639505693458323, 55.538416062182456], [10.643465609720066, 55.53839547746779], [10.647461993158052, 55.54062021355329], [10.649497120985172, 55.543978025197006], [10.649570993201426, 55.548468912398924], [10.649644885272131, 55.55295979744705], [10.649718797197288, 55.55745068034139], [10.651755317190219, 55.560808352106356], [10.655754445250922, 55.56303281274197], [10.661716154486411, 55.56412368244895], [10.669640444896688, 55.564080961227305], [10.677564718997463, 55.5640377314674], [10.685488976788736, 55.56399399316923], [10.693413217886928, 55.56394974633616], [10.701337442292036, 55.56390499096818], [10.70726031573086, 55.562748524940446], [10.7111818382034, 55.560480348252945], [10.711141717375849, 55.55823492721827], [10.707139953248204, 55.55601226183643], [10.703138640815771, 55.5537894659394], [10.69913778007855, 55.55156653952719], [10.699097680808093, 55.54932111633509], [10.7030183430044, 55.54705319636311], [10.706938555993903, 55.54478515165363], [10.7108583197766, 55.54251698220665], [10.712777684615261, 55.53913747391662], [10.712696650509887, 55.534646626783534], [10.712615638160852, 55.53015577745607], [10.712534647568157, 55.52566492593424], [10.710495114091117, 55.522308151562015], [10.706497037729731, 55.52008545433941], [10.70249941209358, 55.517862626722874], [10.698502237182666, 55.51563966871242], [10.69450551286681, 55.51341658035535], [10.690509239146014, 55.511193361651664], [10.684554374569554, 55.510103588145334], [10.676640919137427, 55.510147259836344], [10.668727447475243, 55.510190423763355], [10.660813959583002, 55.510233079926365], [10.654860411746668, 55.509142155180086], [10.650866803966242, 55.506917649524524], [10.646873646483309, 55.50469301374556], [10.642880939297871, 55.5024682478432], [10.636928708988977, 55.50137617228232]]]}}, {"type": "Feature", "properties": {"band": "light", "dbz": 30.0, "source": "OPERA-ORD", "time": "20260725155000"}, "geometry": {"type": "Polygon", "coordinates": [[[11.238725677362732, 55.514765558203344], [11.230812042139203, 55.51484478814351], [11.224911428831346, 55.516026608067506], [11.221023837439162, 55.518311017975314], [11.21914931810447, 55.52169839690402], [11.219287870827277, 55.52618874485362], [11.221371118325699, 55.52953687789012], [11.225399060599738, 55.53174279601354], [11.231371647456715, 55.53280611998651], [11.23928887889663, 55.53272684980905], [11.245191239688104, 55.531544630634905], [11.249078729831133, 55.52925946246406], [11.250951400433227, 55.52587172452249], [11.250809251494381, 55.521381416810186], [11.248724256512343, 55.51803368302384], [11.24469641548711, 55.51582852316345], [11.238725677362732, 55.514765558203344]]]}}, {"type": "Feature", "properties": {"band": "light", "dbz": 30.0, "source": "OPERA-ORD", "time": "20260725155000"}, "geometry": {"type": "Polygon", "coordinates": [[[11.159324605547223, 55.50655415432355], [11.151412478794297, 55.50662828803904], [11.143500324365936, 55.506701914124896], [11.135588142262138, 55.50677503258112], [11.12968590616794, 55.50795229871061], [11.12579361608334, 55.510233712513376], [11.123911318225723, 55.5136196529693], [11.124039012595091, 55.51811012007838], [11.126113750741876, 55.521459871105094], [11.130135532666085, 55.52366890604942], [11.13610431210346, 55.52473684573127], [11.144020089054003, 55.524663690150625], [11.15193583828406, 55.524590026682766], [11.15985155979363, 55.5245158553277], [11.165755055369633, 55.52333743447167], [11.16964632501207, 55.52105476411468], [11.17152541654767, 55.517668223418134], [11.171392329976435, 55.513177812382025], [11.169314507249034, 55.50982872701444], [11.165291948365468, 55.507620967315354], [11.159324605547223, 55.50655415432355]]]}}, {"type": "Feature", "properties": {"band": "light", "dbz": 30.0, "source": "OPERA-ORD", "time": "20260725155000"}, "geometry": {"type": "Polygon", "coordinates": [[[7.033824939995613, 55.450466948363015], [7.029708829209539, 55.452615056402045], [7.02748227927722, 55.45593240363495], [7.027145290198657, 55.460418990061726], [7.024917797832677, 55.46373618403132], [7.0207998021792815, 55.46588398554373], [7.016681355273453, 55.468031647511786], [7.012562457115192, 55.47017916993549], [7.0103334393593215, 55.473496193284795], [7.00999430200584, 55.477982717559705], [7.01171550723307, 55.48139550488045], [7.015497055041013, 55.48373455524704], [7.021339067358201, 55.48499949128858], [7.029241544184634, 55.485190313005084], [7.037144092394593, 55.48538062812575], [7.0450467119880775, 55.485570436650605], [7.051057180825487, 55.484590937123926], [7.055175498906823, 55.482442129545724], [7.057401545848822, 55.479124391334985], [7.057735321651484, 55.47463772249171], [7.056010832095064, 55.471225481369274], [7.05222807717956, 55.46888766796767], [7.0484457641764395, 55.46654973910255], [7.044663893085703, 55.464211694773894], [7.042940559440744, 55.46079935532801], [7.043275763241564, 55.45631272076487], [7.041553272703643, 55.452900276198356], [7.037773087826982, 55.45056202162845], [7.033824939995613, 55.450466948363015]]]}}, {"type": "Feature", "properties": {"band": "light", "dbz": 30.0, "source": "OPERA-ORD", "time": "20260725155000"}, "geometry": {"type": "Polygon", "coordinates": [[[11.048076261614426, 55.48958358961404], [11.04016735492603, 55.48965058228907], [11.034264849619131, 55.490823282772595], [11.030368745693732, 55.49310169106462], [11.028479085414117, 55.49648618597678], [11.02859586878029, 55.50097676750903], [11.028712683490388, 55.505467346726164], [11.028829529544419, 55.509957923628164], [11.030895759103565, 55.513309284943475], [11.034911372167825, 55.515521430672116], [11.038868083060144, 55.51548816694965], [11.042765891780522, 55.51320949377608], [11.04666325286222, 55.51093069734677], [11.050560166305239, 55.508651777661726], [11.05445663224722, 55.50637273476634], [11.058352650688166, 55.504093568660615], [11.06024047247277, 55.50070871183937], [11.060120097601033, 55.4962181643026], [11.058052611363529, 55.492867191219794], [11.054038013760259, 55.49065579259095], [11.048076261614426, 55.48958358961404]]]}}, {"type": "Feature", "properties": {"band": "light", "dbz": 30.0, "source": "OPERA-ORD", "time": "20260725155000"}, "geometry": {"type": "Polygon", "coordinates": [[[14.807460554214853, 55.39226333254126], [14.80379517021531, 55.394657003438574], [14.800129351964266, 55.39705056639777], [14.796463099461718, 55.39944402141887], [14.790692101796399, 55.40079418544294], [14.782816358968315, 55.40110105846999], [14.777044427724814, 55.40245088182284], [14.773376308065902, 55.40484365550148], [14.771812193721965, 55.40827975348458], [14.772352084693, 55.41275917577212], [14.774726920020647, 55.41604217258836], [14.778936699704905, 55.41812874393329], [14.784981229820648, 55.41901851563367], [14.79286051036787, 55.41871148768949], [14.798634016200168, 55.41736121282389], [14.802301747317536, 55.414967691036885], [14.80596904372657, 55.412574061276], [14.80963590542727, 55.410180323541226], [14.813302332569325, 55.40778647787326], [14.816968325152738, 55.40539252427207], [14.818528868300463, 55.401955947239315], [14.817983962012502, 55.39747674677501], [14.815606943205047, 55.394194484180304], [14.811397811878098, 55.392109159455174], [14.807460554214853, 55.39226333254126]]]}}, {"type": "Feature", "properties": {"band": "light", "dbz": 30.0, "source": "OPERA-ORD", "time": "20260725155000"}, "geometry": {"type": "Polygon", "coordinates": [[[6.952985245581129, 55.44736852208021], [6.945090636258557, 55.447172833113726], [6.939082817097024, 55.4481474510238], [6.934961788096527, 55.45029237581044], [6.930840308230737, 55.4524371607567], [6.926718377499654, 55.454581805862574], [6.922595995785232, 55.45672631107864], [6.918473163087471, 55.458870676404885], [6.918298821148825, 55.46111380830329], [6.922072969969293, 55.46345570677385], [6.927909060145507, 55.464725056283775], [6.935807091677466, 55.46492185683306], [6.943705196738249, 55.46511815113051], [6.951603375327856, 55.46531393917614], [6.957613103541702, 55.464338993837316], [6.961734381379785, 55.46219331511404], [6.9639670848116495, 55.45887728008755], [6.964311213837291, 55.45439088875783], [6.9625955963231885, 55.45097736146059], [6.958820232269339, 55.448636698195834], [6.952985245581129, 55.44736852208021]]]}}, {"type": "Feature", "properties": {"band": "light", "dbz": 30.0, "source": "OPERA-ORD", "time": "20260725155000"}, "geometry": {"type": "Polygon", "coordinates": [[[6.112266405331748, 55.30674425973896], [6.104403811484835, 55.306494788988665], [6.096541310296632, 55.30624481480147], [6.088678901767138, 55.30599433717738], [6.080816586265414, 55.30574335613528], [6.07295436379146, 55.30549187167518], [6.066946693392716, 55.30642387654457], [6.062793575069182, 55.30853937074345], [6.058640009506716, 55.310654722047474], [6.054485996705317, 55.312769930456625], [6.048477184201334, 55.31370075374619], [6.040613571994767, 55.313447191916154], [6.034603918028353, 55.31437760452438], [6.030448222302096, 55.31649199157087], [6.028146324648307, 55.319790727232586], [6.027698225066986, 55.32427381150953], [6.027250006000134, 55.328756891209665], [6.02680166744775, 55.333239966333004], [6.024498200248361, 55.33653851768015], [6.020339604401968, 55.33865254525111], [6.014326040733863, 55.339581674589326], [6.006457509244044, 55.33932590569481], [5.99858907293299, 55.33906963297457], [5.9907207318007005, 55.33881285642862], [5.9828524862170305, 55.338555576076345], [5.97498433618198, 55.338297791917746], [5.967116282065337, 55.33803950397232], [5.959248323867101, 55.33778071224005], [5.951380461956994, 55.33752141674051], [5.943512696335016, 55.33726161747369], [5.937497098538291, 55.338187247619146], [5.933333668566821, 55.340298307176866], [5.929169790516681, 55.34240922319073], [5.9250054643878745, 55.34451999566075], [5.918988728917458, 55.345444441802954], [5.911119584105433, 55.34518256161732], [5.903250536768944, 55.34492017759766], [5.895381586907991, 55.34465728974395], [5.887512734892327, 55.344393898076056], [5.8796439807219505, 55.344130002594], [5.873625813742175, 55.34505249198595], [5.869458233953, 55.34716136625192], [5.867141074392623, 55.35045699970222], [5.866674335061043, 55.35493939233684], [5.868292269364419, 55.35836738119902], [5.871994877302751, 55.360740966288745], [5.875697920871304, 55.36311444086616], [5.879401400070078, 55.36548780493128], [5.881020405540694, 55.368915707242216], [5.880554937283152, 55.37339814779898], [5.880089344756474, 55.37788058369178], [5.879623627960662, 55.38236301492061], [5.879157786798629, 55.38684544149775], [5.878691821270376, 55.39132786342321], [5.880312155595915, 55.39475568882577], [5.884018789775244, 55.39712891770544], [5.889811890837802, 55.398447175112565], [5.897691458783585, 55.39871046104716], [5.905571124678473, 55.39897324239085], [5.913450888522464, 55.39923551914363], [5.919475956815388, 55.398311383999044], [5.923646329557249, 55.39620083695709], [5.927816252788202, 55.394090146146404], [5.931985726508248, 55.391979311566985], [5.938009653824279, 55.39105399057227], [5.945888034736292, 55.391314183162244], [5.953766512404172, 55.3915738712282], [5.96164508682792, 55.391833054770146], [5.969523757636032, 55.39209173376842], [5.977402524828511, 55.39234990822302], [5.985281388033789, 55.392607578114365], [5.993160347251865, 55.39286474344245], [5.999182534799359, 55.39193669085355], [6.003347950676269, 55.38982342034765], [6.003574228049897, 55.387581960659624], [5.999861366920242, 55.385212311789445], [5.996148942390638, 55.38284255185999], [5.992436954461084, 55.38047268087125], [5.990807499372767, 55.37704629509273], [5.991260577125688, 55.37256339452444], [5.993568763538635, 55.369265397062684], [5.99773205861161, 55.36715230270746], [6.00166937183837, 55.36728055216632], [6.005380703218914, 55.36965014543925], [6.0070107153803285, 55.373076424713034], [6.006559408322612, 55.37755938998767], [6.008190239343876, 55.38098557207195], [6.011903208444121, 55.38335497096589], [6.017698477346444, 55.384667211701654], [6.025576046050846, 55.38492229427923], [6.033453709576275, 55.38517687236164], [6.0413314679227295, 55.385430945948876], [6.049209320718677, 55.385684515021666], [6.057087267964118, 55.38593757958003], [6.0649653092874525, 55.38619013960476], [6.072843444688683, 55.38644219509585], [6.080721673796145, 55.38669374603422], [6.088599996609839, 55.38694479241983], [6.09461898779296, 55.38601205259985], [6.098778647345505, 55.38389552657428], [6.102937857712549, 55.38177885754505], [6.107096618894091, 55.37966204551218], [6.111254931003185, 55.37754509052559], [6.115412794039834, 55.3754279925853], [6.115632632248821, 55.37318630052276], [6.111914445630147, 55.370820014337966], [6.108196695588722, 55.36845361668836], [6.104479382124547, 55.36608710757396], [6.1046991030085005, 55.36384541108663], [6.108855858240584, 55.36172852722637], [6.113012164877993, 55.35961150048657], [6.117168022920729, 55.35749433086723], [6.121323432481685, 55.35537701841821], [6.125478393560863, 55.35325956313952], [6.129632906271159, 55.351141965080984], [6.133786970612576, 55.349024224242626], [6.13608210466517, 55.34572359926116], [6.1365183084289425, 55.341240090136594], [6.134878364141954, 55.33781548267049], [6.131162271804205, 55.335449776862866], [6.1274466151846045, 55.333083959606164], [6.123731394283151, 55.330718030900385], [6.122092536342302, 55.32729333432665], [6.122530041362058, 55.322809869884956], [6.12296742979301, 55.31832640095822], [6.1234047016351605, 55.31384292754643], [6.1217669287309775, 55.31041814190893], [6.118054111080462, 55.308052044045716], [6.112266405331748, 55.30674425973896]]]}}, {"type": "Feature", "properties": {"band": "light", "dbz": 30.0, "source": "OPERA-ORD", "time": "20260725155000"}, "geometry": {"type": "Polygon", "coordinates": [[[5.760667469899566, 55.349075002055464], [5.752798541964823, 55.348802978473806], [5.746776649403461, 55.34971923385755], [5.742601792215482, 55.351823768206685], [5.7402737982822165, 55.35511695570186], [5.7397926676036635, 55.359598796343064], [5.739311408540199, 55.36408063214074], [5.738830021091822, 55.3685624630949], [5.740437452098828, 55.371992080893286], [5.744133701561216, 55.3743694855359], [5.749918941906923, 55.37569430254355], [5.757793173135951, 55.37596653191622], [5.763818395073976, 55.37505002464039], [5.767994607720999, 55.37294478071604], [5.770321639536375, 55.36965117466099], [5.770799490520103, 55.365169206475215], [5.771277214054493, 55.36068723348355], [5.771754810139546, 55.356205255686014], [5.770145689603289, 55.352775953552005], [5.766449852445722, 55.35039932708153], [5.760667469899566, 55.349075002055464]]]}}, {"type": "Feature", "properties": {"band": "light", "dbz": 30.0, "source": "OPERA-ORD", "time": "20260725155000"}, "geometry": {"type": "Polygon", "coordinates": [[[11.172221203462495, 55.407614741496886], [11.164328834755747, 55.40768968136119], [11.156436438241762, 55.407764115013094], [11.148544013920542, 55.407838042452596], [11.142656855067719, 55.40901592453271], [11.13877496168329, 55.41129776125342], [11.136898380223027, 55.41468393041198], [11.137027110686933, 55.41917443200839], [11.137155875622042, 55.423664931129046], [11.137284675028354, 55.42815542777396], [11.139355744404675, 55.43150499341598], [11.143369083751002, 55.4337136280551], [11.147317543521488, 55.4336768942182], [11.151201123716135, 55.431394791905284], [11.155084258673478, 55.42911256702215], [11.158966948393516, 55.426830219568814], [11.164856264378699, 55.42565155694816], [11.172752206629026, 55.42557657916019], [11.178640616579399, 55.42439754555674], [11.182521494229816, 55.4221144561378], [11.184394887631864, 55.41872768888086], [11.184260796785544, 55.414237243785905], [11.182187160475756, 55.410888333820004], [11.1781739787025, 55.408680958983155], [11.172221203462495, 55.407614741496886]]]}}, {"type": "Feature", "properties": {"band": "light", "dbz": 30.0, "source": "OPERA-ORD", "time": "20260725155000"}, "geometry": {"type": "Polygon", "coordinates": [[[11.154086008923027, 55.32693500323549], [11.146209618755854, 55.32700876283187], [11.140334331169951, 55.328186530964835], [11.136460146165316, 55.330468307634376], [11.1325855184947, 55.33274996195425], [11.128710448158106, 55.33503149392447], [11.122833774892982, 55.33620813861278], [11.114955498699327, 55.3362798960192], [11.109077924687346, 55.337456170204575], [11.105201052857037, 55.3397369611689], [11.101323738053395, 55.34201762963012], [11.097445980276417, 55.344298175588236], [11.093567779390227, 55.34657859899836], [11.089689135394828, 55.3488588998605], [11.085810048154313, 55.35113907812978], [11.081930517668685, 55.35341913380619], [11.078050543802021, 55.35569906684482], [11.074170126554323, 55.357978877245664], [11.070289265789643, 55.3602585649638], [11.066407961507982, 55.36253812999925], [11.060525397632013, 55.36371179600548], [11.052641574161733, 55.363779562982515], [11.044757725631417, 55.363846824348286], [11.036873852041063, 55.36391358010278], [11.030931979206521, 55.3628407934048], [11.026932107127791, 55.36062846425434], [11.022932681904804, 55.35841600393054], [11.018933703537558, 55.356203412433416], [11.014992175161467, 55.35623602776615], [11.01110809677653, 55.358513849928755], [11.009223091323637, 55.3618980964302], [11.009337158802792, 55.366388767270514], [11.00945125678303, 55.370879435589046], [11.009565385264358, 55.37537010138579], [11.009679544270664, 55.37986076467483], [11.00979373380195, 55.384351425456174], [11.009907953882138, 55.38884208374389], [11.010022204511223, 55.39333273953797], [11.012080677191037, 55.39668446750097], [11.016083371921578, 55.398897267632876], [11.02008651457764, 55.4011099364852], [11.024090105159223, 55.40332247405794], [11.02614998004411, 55.40667405753622], [11.026266139232302, 55.411164686920046], [11.026382329519304, 55.415655313847935], [11.026498550905114, 55.42014593831989], [11.028559829619676, 55.42349737720222], [11.03256616566299, 55.42570963049491], [11.036513914504718, 55.42567645095505], [11.04040307614486, 55.42339783858262], [11.04429179253612, 55.4211191032169], [11.048180063678494, 55.41884024485789], [11.054071463616241, 55.417666880766234], [11.061965992349364, 55.41759901094192], [11.067856487738066, 55.41642527503876], [11.07174294978235, 55.414145673056765], [11.073625422001605, 55.410760582922066], [11.073503904395835, 55.40627000463468], [11.073382419297248, 55.40177942386319], [11.073260966705838, 55.397288840607615], [11.071197606030674, 55.393938046565836], [11.067192337271752, 55.39172704173785], [11.063187516243055, 55.38951590546961], [11.059183142944581, 55.387304637761105], [11.0591229112873, 55.385059338048755], [11.06300682127121, 55.38278000633258], [11.068892444823508, 55.38160593400218], [11.076779781944193, 55.38153712105754], [11.082664502750504, 55.380362677396796], [11.086546607242438, 55.37808260301994], [11.088426139441186, 55.37469727541972], [11.088303099346748, 55.37020669459613], [11.090181758600826, 55.366821247477326], [11.094062117203423, 55.364540934063314], [11.097942032223695, 55.362260498049466], [11.10182150366164, 55.359979939435796], [11.105700531653351, 55.3576992582672], [11.10957911619883, 55.3554184545437], [11.115459325848995, 55.35424215586498], [11.123341160603845, 55.354170362231045], [11.129284593226256, 55.35523896139711], [11.133289623716225, 55.35744795336318], [11.137295101162762, 55.3596568137102], [11.141301025565863, 55.36186554243818], [11.147245741237539, 55.36293298975686], [11.155129248177786, 55.36285915566622], [11.161008902394201, 55.36168096653376], [11.164884703886786, 55.35939842235946], [11.168760062076444, 55.35711575588583], [11.172634976963177, 55.354832967112856], [11.176509448683293, 55.35255005608536], [11.180383477236795, 55.35026702280335], [11.182253732325513, 55.34688026317876], [11.182120213949446, 55.34238977721161], [11.180050570846745, 55.33904079834714], [11.176044803017412, 55.33683332658537], [11.172039481581846, 55.334625723122855], [11.168034606540052, 55.33241798795957], [11.16403017776602, 55.33021012114278], [11.160026195259748, 55.32800212267246], [11.154086008923027, 55.32693500323549]]]}}, {"type": "Feature", "properties": {"band": "light", "dbz": 30.0, "source": "OPERA-ORD", "time": "20260725155000"}, "geometry": {"type": "Polygon", "coordinates": [[[6.377196297462701, 55.34183336748359], [6.369325362128369, 55.34160084356027], [6.363319375673898, 55.342547352722605], [6.35917833809929, 55.3446728949706], [6.356902102197643, 55.34797784524448], [6.356490667968957, 55.352462203544256], [6.358150637650729, 55.35588382013561], [6.361882011242959, 55.35824269501854], [6.36768493610033, 55.35953845305694], [6.3755594122228425, 55.35977109425082], [6.38156731590706, 55.35882426866911], [6.385708647152984, 55.35669797631182], [6.387983259496364, 55.353392592348015], [6.3883911529372, 55.348908116777686], [6.386729266025681, 55.34548681660571], [6.382997598761806, 55.343128691832064], [6.377196297462701, 55.34183336748359]]]}}, {"type": "Feature", "properties": {"band": "light", "dbz": 30.0, "source": "OPERA-ORD", "time": "20260725155000"}, "geometry": {"type": "Polygon", "coordinates": [[[11.235689045459242, 55.35421513043733], [11.231817805886422, 55.35649990212816], [11.227946123156398, 55.35878455177521], [11.224073997269171, 55.361069079378474], [11.22020142808816, 55.363353484893196], [11.216328415613365, 55.36563776831938], [11.212454959708182, 55.367921929612216], [11.20858106037261, 55.3702059687717], [11.204706717470026, 55.37248988575304], [11.20083193100043, 55.37477368055621], [11.200900151993736, 55.377018899967126], [11.20491138044995, 55.37922554398578], [11.208923056521758, 55.381432056021254], [11.212935180209161, 55.38363843607354], [11.215009963742931, 55.386986836763754], [11.215147407123062, 55.39147725809192], [11.217223102841272, 55.39482552053604], [11.221237050897555, 55.397031624096115], [11.225181796247103, 55.396992397344974], [11.22905733888992, 55.39470784028262], [11.232932437428435, 55.392423161073836], [11.236807091862648, 55.39013835971862], [11.242688674102663, 55.38895597835342], [11.250577184148481, 55.38887601697825], [11.256457861603057, 55.38769326563336], [11.260330706466391, 55.38540772431873], [11.262195769838748, 55.382019770543316], [11.262053051720123, 55.3775294043071], [11.259974802504212, 55.37418179853032], [11.255961022191014, 55.371976953213014], [11.251947689292862, 55.36977197575255], [11.247934803809756, 55.36756686614893], [11.245857968667645, 55.36421911288613], [11.245717183866528, 55.35972871596416], [11.243641259910891, 55.356380824275355], [11.239630196800732, 55.354175437819734], [11.235689045459242, 55.35421513043733]]]}}, {"type": "Feature", "properties": {"band": "light", "dbz": 30.0, "source": "OPERA-ORD", "time": "20260725155000"}, "geometry": {"type": "Polygon", "coordinates": [[[11.155390406626616, 55.37184016789867], [11.147505118116179, 55.3719140206385], [11.139619802265148, 55.37198736767148], [11.131734459073526, 55.372060208997624], [11.12585209688785, 55.373237286293644], [11.12197271570812, 55.37551859955954], [11.118092890644174, 55.37779979028262], [11.114212621696016, 55.38008085846287], [11.11033190872727, 55.38236180405537], [11.106450751737942, 55.38464262706012], [11.106513658868774, 55.38688790030105], [11.110520630119767, 55.38909762377817], [11.116468597392025, 55.39016655241234], [11.12435756068555, 55.39009468620356], [11.132246496971408, 55.39002231402693], [11.140135406249605, 55.38994943588245], [11.146019505335396, 55.388771962703515], [11.149898794228779, 55.386489894490126], [11.153777639072699, 55.38420770383601], [11.157656039867158, 55.38192539074116], [11.161533996748727, 55.379642955250496], [11.165411509717407, 55.377360397364015], [11.165345962371768, 55.37511514919777], [11.161337354711812, 55.372907210751755], [11.155390406626616, 55.37184016789867]]]}}, {"type": "Feature", "properties": {"band": "light", "dbz": 30.0, "source": "OPERA-ORD", "time": "20260725155000"}, "geometry": {"type": "Polygon", "coordinates": [[[10.870716678335093, 55.338253780517945], [10.862837644235494, 55.33830937007484], [10.856952388344046, 55.33947358159478], [10.85306091066075, 55.341746415077765], [10.849168989455954, 55.34401912503638], [10.845276624729664, 55.346291711470606], [10.84138381634699, 55.34856417433532], [10.837490564307934, 55.350836513630526], [10.833596868477596, 55.35310872931103], [10.82970272885597, 55.355380821376826], [10.825808145308132, 55.35765278978274], [10.821913117834082, 55.359924634528774], [10.818017646298873, 55.362196355569694], [10.814121730702508, 55.36446795290552], [10.810225370910016, 55.36673942649101], [10.8063285669214, 55.369010776326135], [10.80442564187803, 55.372391879665734], [10.804516595779909, 55.376882736509785], [10.806556843116887, 55.380237911890106], [10.810546383888965, 55.38245740580671], [10.81648518522271, 55.38354084065208], [10.824373247118123, 55.38348821642623], [10.832261289193395, 55.383435086269614], [10.840149311448528, 55.38338145018225], [10.846041235331557, 55.38221833017267], [10.849937060842484, 55.37994572624086], [10.851836822398846, 55.376564015981], [10.851740520000646, 55.37207319939307], [10.851644243341154, 55.36758238032487], [10.851547992420366, 55.36309155877641], [10.853446470068013, 55.359709726851264], [10.857339676284091, 55.357436884549436], [10.86322757633656, 55.35627265458591], [10.871110170225423, 55.356217036960665], [10.876997170866472, 55.35505243423876], [10.880888578259711, 55.35277884642019], [10.882784428018478, 55.349396650767964], [10.882684720142773, 55.344905847282064], [10.880640198499915, 55.34155183058921], [10.8766508630899, 55.3393346006894], [10.870716678335093, 55.338253780517945]]]}}, {"type": "Feature", "properties": {"band": "light", "dbz": 30.0, "source": "OPERA-ORD", "time": "20260725155000"}, "geometry": {"type": "Polygon", "coordinates": [[[5.579822091542105, 55.27070922533122], [5.571969727491486, 55.27042568553533], [5.565955496719774, 55.27133311384866], [5.56177939922697, 55.27343151027123], [5.559441256504554, 55.27672124779656], [5.558941068552525, 55.281202326424655], [5.558440747441983, 55.285683399881606], [5.5579402931729245, 55.29016446816742], [5.559529272807068, 55.29359639445385], [5.563207686344416, 55.29597917874089], [5.568975712613425, 55.29731244773835], [5.576833351614096, 55.29759620144621], [5.58285090401602, 55.29668852732881], [5.587028369819195, 55.29458942538616], [5.589365571074976, 55.291299268948435], [5.589862507783362, 55.28681805801564], [5.59035931226098, 55.28233684195074], [5.5908559845078285, 55.277855620753726], [5.589265308865293, 55.2744240064237], [5.585587285333373, 55.272041998960674], [5.579822091542105, 55.27070922533122]]]}}, {"type": "Feature", "properties": {"band": "light", "dbz": 30.0, "source": "OPERA-ORD", "time": "20260725155000"}, "geometry": {"type": "Polygon", "coordinates": [[[10.636181476811124, 55.33183236253539], [10.632278164849506, 55.33409820292574], [10.628374409155454, 55.33636391892502], [10.624470209728965, 55.338629510533224], [10.62056556643615, 55.34089497770499], [10.61666047927701, 55.34316032044032], [10.61669563787445, 55.34540582394448], [10.620671042228466, 55.34763148821747], [10.626599419296173, 55.348724100138654], [10.634480769077573, 55.34868365970802], [10.642362103616644, 55.3486427138145], [10.650243422913388, 55.348601262458075], [10.656135712360326, 55.34744723944907], [10.66003897195746, 55.34518064478749], [10.660002033519168, 55.34293515161594], [10.656024897045448, 55.34071075993443], [10.652048206437714, 55.338486238651726], [10.648071961695967, 55.33626158776783], [10.644096162691802, 55.33403680732946], [10.640120809425223, 55.33181189733663], [10.636181476811124, 55.33183236253539]]]}}, {"type": "Feature", "properties": {"band": "light", "dbz": 30.0, "source": "OPERA-ORD", "time": "20260725155000"}, "geometry": {"type": "Polygon", "coordinates": [[[11.04534070728764, 55.311065105082065], [11.041462747091249, 55.31334389232537], [11.037584344489156, 55.31562255688826], [11.033705499481364, 55.31790109877072], [11.027828563135373, 55.31907320052386], [11.019953535451181, 55.319138862147675], [11.014075700178367, 55.32031059279206], [11.010195057316928, 55.322588392457014], [11.008311647859887, 55.32597263793762], [11.008425471807243, 55.33046332923386], [11.010480506020917, 55.33381511251369], [11.01447675050091, 55.336027987777115], [11.020414164212838, 55.337101578031], [11.0282927471567, 55.33703588327535], [11.03617130547687, 55.33696968328591], [11.04404983917335, 55.33690297806267], [11.051928347870582, 55.33683576761069], [11.05980683156857, 55.336768051929965], [11.065685439161104, 55.33559442068139], [11.069564170648182, 55.33331487386495], [11.069504131844786, 55.33106955884032], [11.065505322750916, 55.3288584756075], [11.061506959714343, 55.326647261149645], [11.057509042735067, 55.32443591546676], [11.05545053766193, 55.321084919411106], [11.055331444494932, 55.316594272982684], [11.053273845280035, 55.31324314019146], [11.049277740017235, 55.311031521037435], [11.04534070728764, 55.311065105082065]]]}}, {"type": "Feature", "properties": {"band": "light", "dbz": 30.0, "source": "OPERA-ORD", "time": "20260725155000"}, "geometry": {"type": "Polygon", "coordinates": [[[13.276875491184946, 55.26164128042471], [13.269018610943967, 55.26185108525537], [13.263217621805625, 55.26312969584811], [13.259472523769922, 55.265477112202916], [13.255726989944169, 55.267824414863185], [13.251981020328357, 55.27017160382893], [13.248234614779545, 55.272518679057946], [13.244487773297731, 55.27486564055026], [13.244670854493476, 55.27710854008523], [13.248783858366778, 55.27924737766286], [13.254770641893716, 55.280212344757274], [13.262631205074289, 55.280003441368464], [13.270491690721633, 55.279794034479444], [13.278352098835748, 55.2795841240902], [13.284154720023356, 55.278305086178364], [13.287899554284452, 55.27595692074393], [13.289586734015572, 55.27254000240961], [13.289216259216712, 55.26805433117541], [13.28697424918932, 55.264742716171085], [13.282860703933398, 55.26260515739662], [13.276875491184946, 55.26164128042471]]]}}, {"type": "Feature", "properties": {"band": "light", "dbz": 30.0, "source": "OPERA-ORD", "time": "20260725155000"}, "geometry": {"type": "Polygon", "coordinates": [[[5.581023405849516, 55.117780974897684], [5.573200983361085, 55.117497639894815], [5.565378664809632, 55.11721380452743], [5.557556450195156, 55.11692946879553], [5.551565083965849, 55.11783631037161], [5.5474045661217115, 55.11993432925566], [5.545074719302544, 55.123223896639495], [5.544575543508346, 55.127705012523116], [5.544076235386463, 55.13218612299227], [5.543576794936895, 55.13666722804697], [5.543077222057077, 55.14114832769923], [5.542577516747009, 55.14562942194905], [5.54207767890402, 55.15011051080844], [5.541577708528109, 55.1545915942774], [5.5410776055165, 55.159072672367955], [5.540577369869189, 55.16355374508011], [5.5400770014832945, 55.168034812425866], [5.539576500358814, 55.17251587440522], [5.541159641308559, 55.175948065402636], [5.544826424332528, 55.17833138541811], [5.55057702766789, 55.17966546255705], [5.558411451314646, 55.17995029681944], [5.564411609794003, 55.179043435396274], [5.568577503105962, 55.17694487828755], [5.570908953884033, 55.173654997427725], [5.57140596212822, 55.169173792816814], [5.57190283855201, 55.1646925828784], [5.572399583155403, 55.1602113676125], [5.572896196040583, 55.15573014700706], [5.573392677207548, 55.151248921062084], [5.573889026758376, 55.14676768976553], [5.574385244693067, 55.14228645311741], [5.574881331113589, 55.13780521110564], [5.575377286019943, 55.13332396373026], [5.5777052569072, 55.130033815085504], [5.581865243775358, 55.12793476517136], [5.586024788248485, 55.12583557109943], [5.590183890326581, 55.12373623286971], [5.590431235297654, 55.121495583415914], [5.586766823161707, 55.119113622738055], [5.581023405849516, 55.117780974897684]]]}}, {"type": "Feature", "properties": {"band": "light", "dbz": 30.0, "source": "OPERA-ORD", "time": "20260725155000"}, "geometry": {"type": "Polygon", "coordinates": [[[5.0102720169905, 55.03276380616651], [5.002469885538341, 55.032444032317194], [4.994667870683422, 55.032123759796], [4.986865972425743, 55.031802988602934], [4.979064191121747, 55.031481718761704], [4.971262526771432, 55.031159950272304], [4.96346097973116, 55.030837683158545], [4.95565955000093, 55.03051491742041], [4.949667359384413, 55.03139221652203], [4.945484407881608, 55.0334695804634], [4.943110495387764, 55.03674737846296], [4.9425456219028785, 55.04122561052074], [4.941980599122619, 55.0457038362748], [4.941415427046984, 55.05018205572514], [4.9408501055606795, 55.054660268883175], [4.940284634663704, 55.05913847574891], [4.939719014240646, 55.06361667633374], [4.939153244291507, 55.068094870637644], [4.938587324700751, 55.07257305867206], [4.938021255468378, 55.07705124043697], [4.937455036478737, 55.08152941594379], [4.936888667731829, 55.08600758519252], [4.936322149111876, 55.090485748194524], [4.935755480618881, 55.094963904949836], [4.937284198617472, 55.09840356013497], [4.9409083031076495, 55.10080471374994], [4.946627995338072, 55.1021669957814], [4.95444327530874, 55.10249040622938], [4.962258673342556, 55.10281331706901], [4.97007418943952, 55.10313572830029], [4.97788982324102, 55.1034576398993], [4.985705574747052, 55.10377905186602], [4.991707420899878, 55.10290030611497], [4.995895361699498, 55.10082140264614], [4.9982691979757945, 55.097542711586456], [4.99882892972877, 55.09306423293593], [4.999388513422637, 55.08858574812622], [4.999947949057394, 55.08410725715733], [5.000507236747437, 55.07962876001779], [5.001066376492764, 55.0751502567076], [5.003437953352167, 55.071871337736596], [5.007621967325646, 55.069792003104794], [5.011805540581992, 55.06771252220005], [5.015988673121205, 55.06563289502236], [5.018358648202073, 55.06235377756064], [5.018915465824591, 55.057875169814885], [5.0194721362972174, 55.053396555885726], [5.020028659619948, 55.048917935773176], [5.020585035906361, 55.044439309465716], [5.021141265156456, 55.03996067696335], [5.019607805515273, 55.03652194380692], [5.015984656982811, 55.034123109996415], [5.0102720169905, 55.03276380616651]]]}}, {"type": "Feature", "properties": {"band": "light", "dbz": 30.0, "source": "OPERA-ORD", "time": "20260725155000"}, "geometry": {"type": "Polygon", "coordinates": [[[5.121693355297669, 55.019271677408824], [5.113893068676845, 55.018959042111675], [5.10609289597374, 55.01864590822435], [5.098292837188357, 55.018332275746836], [5.090492892677117, 55.01801814470229], [5.082693062440022, 55.017703515090716], [5.076705672629053, 55.0185870818407], [5.072530723244212, 55.02066884495224], [5.070168019336059, 55.023949173713746], [5.069617560904593, 55.02842806812523], [5.071155441190965, 55.03186612027905], [5.074781660195173, 55.03426333017521], [5.078408303845574, 55.03666043348269], [5.082035372142171, 55.039057430201495], [5.083574251032543, 55.04249540277842], [5.083024940516692, 55.04697435121348], [5.082475484773505, 55.051453293539495], [5.081925883802983, 55.055932229756486], [5.0813761374929225, 55.060411159876004], [5.080826245843323, 55.06489008389805], [5.08027620874187, 55.06936900183418], [5.079726026188562, 55.0738479136844], [5.079175698070965, 55.07832681946027], [5.078625224389078, 55.08280571916178], [5.078074605030352, 55.087284612800474], [5.077523839994786, 55.091763500376345], [5.079064579199938, 55.0952014354835], [5.082696822645806, 55.09759841812195], [5.088420765940413, 55.09895407807275], [5.096236409083758, 55.09926841533593], [5.102235062690122, 55.09838422202873], [5.106416726759504, 55.09630149815115], [5.110597949386203, 55.09421862830116], [5.114778730570216, 55.09213561247873], [5.120776304062361, 55.09125023478684], [5.128590669862637, 55.091562495225475], [5.136405149594324, 55.091874256043155], [5.144219743257422, 55.09218551723988], [5.150216235640535, 55.0912989555237], [5.1543946267436604, 55.08921457089461], [5.1567547238014875, 55.08593273361387], [5.157296526814017, 55.08145344368148], [5.159655677389154, 55.07817143833094], [5.163832175526902, 55.076086717562234], [5.169826213442402, 55.07519891128188], [5.1776377911356555, 55.07550801948989], [5.185449481502801, 55.075816628254486], [5.193261284543839, 55.076124737575675], [5.201073199900198, 55.07643234743061], [5.208885227571877, 55.076739457819286], [5.2146106275912745, 55.07808950492938], [5.218249399958389, 55.08048248876091], [5.219801354537793, 55.083918779515855], [5.219266491329488, 55.088398377194224], [5.218731486532521, 55.09287796899972], [5.218196340146891, 55.09735755493235], [5.217661052063048, 55.10183713500382], [5.2171256222809905, 55.10631670921413], [5.218678809907193, 55.10975292951564], [5.222320614941653, 55.11214579590839], [5.228051227648606, 55.113494937773865], [5.235870648028049, 55.1138003551121], [5.241868296804066, 55.11290930109307], [5.246044173976653, 55.11082177571676], [5.248398090144639, 55.10753814964418], [5.248930045308024, 55.10305842287531], [5.249461859683402, 55.098578690286786], [5.249993533270777, 55.09409895187861], [5.250525066179003, 55.08961920763905], [5.251056458408083, 55.085139457568125], [5.249501789426864, 55.08170355205172], [5.245861059235345, 55.079311491089825], [5.2422207553353095, 55.076919322787376], [5.238580877726757, 55.074527047144386], [5.237027220885731, 55.071091060584536], [5.237559784812232, 55.06661136310784], [5.23809220793172, 55.062131659743905], [5.238624490244193, 55.05765195049274], [5.239156631858405, 55.053172235342615], [5.239688632774354, 55.04869251429353], [5.238136208686734, 55.045256456887444], [5.234499359595543, 55.04286406312436], [5.228778274432284, 55.04151496317441], [5.2209729531969575, 55.04120915703758], [5.21498519109619, 55.042099509665036], [5.210814988129982, 55.044186021056774], [5.206644344983305, 55.04627238707326], [5.202473261656156, 55.04835860771449], [5.196484417495479, 55.049247778622465], [5.188677812501274, 55.04893989979719], [5.182688151347293, 55.049828656514734], [5.178515434033537, 55.0519140487751], [5.174342276350037, 55.05399929549982], [5.170168678296795, 55.05608439668888], [5.164177936230663, 55.05697197110456], [5.156370050151643, 55.05666201874686], [5.15064982900947, 55.05530955444689], [5.1470172728041454, 55.052914578204664], [5.143385141888908, 55.05051949506903], [5.1397534362637565, 55.04812430503999], [5.134034732714697, 55.04677077445474], [5.126229031241727, 55.046458903313294], [5.118423443602653, 55.04614653318986], [5.110617969797476, 55.04583366408445], [5.104900784246156, 55.04447906768179], [5.101271886948695, 55.0420827439819], [5.1015451723321235, 55.03984320799118], [5.105720640396445, 55.03776045970965], [5.111710246348473, 55.03687548113237], [5.119513990188208, 55.03718827225935], [5.127317847770854, 55.037500564527306], [5.13512181909641, 55.03781235793622], [5.141110347784658, 55.036926197032074], [5.145283433835597, 55.03484208181487], [5.1455548456856475, 55.0326024619165], [5.14192458333481, 55.03020733733695], [5.13829474568663, 55.027812105938246], [5.1346653327411085, 55.02541676772037], [5.131036344353282, 55.023021322722926], [5.127407780523148, 55.020625770945905], [5.121693355297669, 55.019271677408824]]]}}, {"type": "Feature", "properties": {"band": "light", "dbz": 30.0, "source": "OPERA-ORD", "time": "20260725155000"}, "geometry": {"type": "Polygon", "coordinates": [[[4.934518254695026, 55.01163084146491], [4.926720749113276, 55.01130624309374], [4.9189233617211965, 55.01098114641521], [4.911126092518787, 55.01065555142933], [4.903328941861532, 55.01032945816012], [4.895531909749431, 55.01000286660759], [4.889541441325453, 55.01087722173303], [4.885357536589598, 55.012952523536434], [4.881173192605687, 55.01502767876275], [4.876988409373723, 55.017102687411985], [4.870996877270199, 55.017975858556596], [4.863198596295113, 55.01764719219657], [4.855400435026718, 55.01731802750328], [4.847602393465012, 55.0169883644767], [4.839804471965441, 55.01665820314118], [4.832006670528006, 55.01632754349674], [4.82601382462905, 55.017198762234784], [4.821825934268575, 55.01927185935533], [4.819442794661354, 55.022547203698394], [4.818864405807389, 55.02702479526398], [4.818285864166567, 55.031502380337066], [4.8177071697388865, 55.03597995891763], [4.815322421745087, 55.03925510205588], [4.811131620185168, 55.04132780975182], [4.805134970564399, 55.042197712900034], [4.797332472882783, 55.04186481150054], [4.791335012058951, 55.042734297584566], [4.787142588092905, 55.04480617115211], [4.782949724102813, 55.04687789762187], [4.778756420088673, 55.04894947699382], [4.772757898623052, 55.04981777706383], [4.764954159705951, 55.0494827978319], [4.758954827132691, 55.05035068050635], [4.754759900903274, 55.05242142508719], [4.752369173166699, 55.05569540067426], [4.751782643922966, 55.060172607267575], [4.753294442178303, 55.06361448343402], [4.756904567932709, 55.066021029173605], [4.762613229243625, 55.067391875196776], [4.770420426111048, 55.06772702150353], [4.77822774504542, 55.06806166886369], [4.7860351860467425, 55.06839581727727], [4.793842748758213, 55.06872946671952], [4.801650433179835, 55.06906261719042], [4.809458238954726, 55.06939526866532], [4.817266166082886, 55.069727421144194], [4.825074214207354, 55.07005907460245], [4.832882383328128, 55.07039022904008], [4.840690673088165, 55.070720884432546], [4.848499083487466, 55.07105104077986], [4.856307614168903, 55.071380698057546], [4.864116265132479, 55.071709856265606], [4.871925036020985, 55.072038515379646], [4.879733926834423, 55.07236667539968], [4.885733437012991, 55.07149312295004], [4.889923566556689, 55.06941785803073], [4.892304112510471, 55.06614125022427], [4.892875074874338, 55.061663299530636], [4.893445886355799, 55.05718534248992], [4.894016546954855, 55.052707379102124], [4.892493515811096, 55.04926711254904], [4.888876792924521, 55.046864542830676], [4.885260494279141, 55.04446186723267], [4.881644619874955, 55.04205908575502], [4.8801225754141075, 55.0386187413751], [4.880694360896598, 55.034140834092895], [4.88307321977677, 55.030864276734974], [4.88725915205462, 55.028789069301354], [4.893252360256455, 55.027914842711766], [4.901052844382276, 55.02824159696624], [4.9070452406958545, 55.027366954195045], [4.91122954919719, 55.0252909143982], [4.915413418172457, 55.02321472810698], [4.919596847621653, 55.021138395321366], [4.925588178104513, 55.02026256853346], [4.933387409621033, 55.02058724774325], [4.939377928126358, 55.019711005105066], [4.943559733620488, 55.017633840618906], [4.9438422291471396, 55.01539472894449], [4.940225414706314, 55.01299367008182], [4.934518254695026, 55.01163084146491]]]}}, {"type": "Feature", "properties": {"band": "light", "dbz": 30.0, "source": "OPERA-ORD", "time": "20260725155000"}, "geometry": {"type": "Polygon", "coordinates": [[[5.3723950598105645, 55.020051919469935], [5.364592954983303, 55.01975531916353], [5.3567909582742415, 55.019458220028966], [5.34898906968338, 55.019160622066266], [5.341187289568059, 55.018862525297415], [5.333385617928279, 55.01856392972242], [5.325584055121306, 55.01826483536336], [5.3177826011471385, 55.01796524222022], [5.311800543506233, 55.01886037708485], [5.307637882198589, 55.02095023995724], [5.305294431521242, 55.02423520051511], [5.304770191474194, 55.02871525875847], [5.304245812864557, 55.03319531114968], [5.303721295692329, 55.03767535768876], [5.305279476146122, 55.04111053188648], [5.308920354225936, 55.04350083374285], [5.312561657981227, 55.04589102808071], [5.316203387411997, 55.048281114900064], [5.317762582421406, 55.051716207371406], [5.317239243009456, 55.05619630549472], [5.31671576516726, 55.06067639782165], [5.316192148894819, 55.06515648435219], [5.315668394085108, 55.069636565098115], [5.3151445007381275, 55.07411664005944], [5.316704937444241, 55.07755166080878], [5.320349704203448, 55.07994162734615], [5.324256115135542, 55.08009141712544], [5.328424170240524, 55.078001030146645], [5.3307692771443635, 55.074715761798124], [5.331291435847062, 55.070235612079884], [5.331813456466712, 55.06575545659737], [5.332335339003317, 55.0612752953506], [5.334678861795397, 55.0579898332044], [5.338844024842954, 55.05589907015877], [5.344831013214138, 55.05500263606757], [5.3526398269089475, 55.055300530930765], [5.358366925648552, 55.05664384446926], [5.362012309432949, 55.05903257668302], [5.363575794054332, 55.06246709775959], [5.3630573795127, 55.066947407698954], [5.36253882779674, 55.07142771191452], [5.362020138906452, 55.07590801040628], [5.36358464295891, 55.07934244931492], [5.367232339954112, 55.08173102864045], [5.372963414068728, 55.08307337788089], [5.380777865302756, 55.08336949703625], [5.3867675999814235, 55.08247128956172], [5.39093261810473, 55.08037875545729], [5.3932727363579875, 55.0770922652661], [5.393787954741198, 55.07261181898816], [5.394303036859155, 55.0681313670266], [5.394817982711862, 55.06365090938143], [5.393251788898008, 55.06021677688878], [5.38960445541759, 55.05782896954865], [5.385957548171067, 55.05544105436186], [5.382311067158438, 55.053053031328396], [5.380745893671078, 55.0496188164109], [5.381262027708984, 55.04513840960938], [5.381778025343643, 55.04065799706858], [5.382293886575058, 55.036177578788525], [5.382809611508534, 55.03169715475732], [5.383325200144076, 55.02721672497498], [5.381761273902434, 55.02378243746864], [5.378117832783608, 55.021394292238305], [5.3723950598105645, 55.020051919469935]]]}}, {"type": "Feature", "properties": {"band": "light", "dbz": 30.0, "source": "OPERA-ORD", "time": "20260725155000"}, "geometry": {"type": "Polygon", "coordinates": [[[14.917306934875743, 55.01770351519909], [14.909507104638607, 55.018018144810476], [14.90170716012733, 55.018332275854846], [14.893907101341906, 55.018645908332196], [14.886106928638762, 55.01895904221935], [14.878306642017897, 55.01927167751633], [14.87050624183581, 55.01958381419999], [14.862705728092502, 55.01989545227035], [14.856990700607797, 55.0212488172574], [14.853361159381697, 55.02364390916113], [14.851817296689852, 55.027081097413046], [14.852359112532264, 55.031560382013154], [14.852901071570209, 55.03603966056579], [14.853443173803681, 55.040518933070956], [14.85580127215594, 55.04380060452581], [14.859975366626983, 55.045884674930356], [14.865965264599009, 55.046770774561985], [14.873770966072016, 55.04645890342071], [14.881576553711128, 55.046146533297446], [14.889382027516344, 55.045833664192195], [14.89718738713032, 55.04552029612813], [14.904992632553054, 55.04520642910525], [14.910709214204264, 55.043851103862664], [14.914337132083947, 55.0414543204004], [14.917964625172171, 55.03905743030989], [14.921591693468937, 55.03666043359115], [14.925218337119507, 55.03426333028375], [14.928844556123881, 55.03186612038766], [14.930382436410486, 55.02842806823388], [14.929831977979319, 55.0239491738224], [14.927469274071377, 55.02066884506084], [14.923294324686665, 55.01858708194921], [14.917306934875743, 55.01770351519909]]]}}, {"type": "Feature", "properties": {"band": "light", "dbz": 30.0, "source": "OPERA-ORD", "time": "20260725155000"}, "geometry": {"type": "Polygon", "coordinates": [[[4.873285572949698, 55.00006432048809], [4.865490741426603, 54.99973581772166], [4.857696029419175, 54.99940681686687], [4.849901436927414, 54.99907731792374], [4.842106964306209, 54.99874732091655], [4.834312611555557, 54.9984168258453], [4.828322504621686, 54.99928817462295], [4.824136643504594, 55.0013613672495], [4.82384826146713, 55.00360019992487], [4.827457358509293, 55.00600467264904], [4.8331599453525556, 55.00737219767889], [4.840956021996918, 55.00770277501442], [4.848752218607574, 55.00803285416348], [4.856548535184524, 55.00836243512606], [4.864344971372605, 55.008691517877864], [4.8721415271718165, 55.009020102418894], [4.878131689996421, 55.008146866741576], [4.882315459846418, 55.00607181084591], [4.8826012557563745, 55.00383285514139], [4.878989077726289, 55.00142999962801], [4.873285572949698, 55.00006432048809]]]}}, {"type": "Feature", "properties": {"band": "light", "dbz": 30.0, "source": "OPERA-ORD", "time": "20260725155000"}, "geometry": {"type": "Polygon", "coordinates": [[[12.962924986983971, 55.062868824230776], [12.955105646625455, 55.06305840418074], [12.94932342222644, 55.06432212958096], [12.945578313786928, 55.06666000043144], [12.943870438596305, 55.07007238920916], [12.944199796654575, 55.0745592959141], [12.946402581410855, 55.07787724359636], [12.95047879286515, 55.080026232255946], [12.956428313610953, 55.08100588922237], [12.964251143648266, 55.08081621449561], [12.970034995102358, 55.07955206914649], [12.973779867973228, 55.07721345317499], [12.97548588054029, 55.07380073922518], [12.975153032803545, 55.069313927297074], [12.972948620992188, 55.065996399563716], [12.968872645106215, 55.0638481560251], [12.962924986983971, 55.062868824230776]]]}}, {"type": "Feature", "properties": {"band": "light", "dbz": 30.0, "source": "OPERA-ORD", "time": "20260725155000"}, "geometry": {"type": "Polygon", "coordinates": [[[11.710689618832147, 55.07784944506511], [11.70286327921513, 55.07795881698309], [11.697040829997603, 55.0791631302967], [11.693222271179568, 55.08146238500594], [11.691407670344233, 55.08485695475838], [11.691597027491598, 55.08934683955399], [11.69369653955392, 55.09268708340794], [11.697706206531201, 55.0948776863202], [11.703625960772609, 55.09591827444836], [11.711455802278143, 55.09580884779239], [11.71727993438338, 55.09460413337244], [11.721098357088314, 55.09230413118852], [11.722911138923008, 55.08890921506774], [11.72271827988746, 55.08441938501011], [11.720617084937427, 55.0810795422625], [11.716607554072914, 55.078889686824915], [11.710689618832147, 55.07784944506511]]]}}, {"type": "Feature", "properties": {"band": "light", "dbz": 30.0, "source": "OPERA-ORD", "time": "20260725155000"}, "geometry": {"type": "Polygon", "coordinates": [[[4.986952110245091, 54.84274155916345], [4.979186763542602, 54.842420472534485], [4.971421532553118, 54.842098889867614], [4.963656417276639, 54.841776811162845], [4.955891418063544, 54.841454236443674], [4.948126534913834, 54.84113116571011], [4.940361768177809, 54.84080759898574], [4.932597117855469, 54.840483536270575], [4.924832584297039, 54.840158977588274], [4.91706816750252, 54.83983392293884], [4.909303867822057, 54.839508372345996], [4.901539685255649, 54.839182325809745], [4.8937756201533675, 54.83885578335389], [4.8860116725152105, 54.83852874497844], [4.880046584496567, 54.83940278748738], [4.8758803560974355, 54.84147791088073], [4.871713692842125, 54.84355288831053], [4.867546594730634, 54.84562771977681], [4.861580453923461, 54.846500583821495], [4.853815270420606, 54.846171480444575], [4.847848326817834, 54.84704393008373], [4.843679623115145, 54.849117932738935], [4.839510484376671, 54.85119178927186], [4.83534091060241, 54.853265499682486], [4.8314580698436345, 54.85310018358376], [4.827861962100346, 54.8506958409757], [4.82426627351033, 54.848291393183], [4.8206710040735885, 54.84588684020565], [4.817076153646496, 54.84348218208244], [4.81348172222905, 54.841077418813356], [4.809887709677671, 54.83867255043714], [4.806294115992357, 54.83626757695378], [4.802412367745615, 54.83610131006094], [4.798242464937444, 54.83817374975863], [4.79407212739261, 54.84024604319228], [4.789901355111111, 54.84231819036191], [4.783933973758983, 54.84318723265504], [4.776169983336224, 54.84285317007169], [4.770201800420696, 54.84372179741631], [4.766029425012397, 54.84579311468887], [4.763652652368913, 54.84906748865731], [4.763071482490244, 54.853544919321635], [4.762490159823212, 54.85802234316739], [4.761908684367818, 54.8624997601946], [4.761327056006767, 54.86697717041448], [4.760745274740058, 54.87145457382703], [4.760163340450281, 54.8759319704435], [4.759581253137432, 54.88040936026388], [4.758999012683977, 54.88488674329942], [4.758416619089915, 54.88936411955011], [4.757834072237589, 54.893841489027174], [4.757251372127, 54.89831885173062], [4.756668518640369, 54.902796207671685], [4.7560855117776955, 54.907273556850356], [4.75550235142108, 54.91175089927786], [4.754919037570523, 54.916228234954204], [4.754335570108001, 54.9207055638906], [4.753751949033514, 54.92518288608706], [4.755259407115063, 54.92862478456764], [4.7588579443526475, 54.93103125933234], [4.762748008767044, 54.931198932966225], [4.766929600358255, 54.92912780546927], [4.771110754960803, 54.92705653126063], [4.77529147257469, 54.924985110340316], [4.78127164837211, 54.924116307265955], [4.789051282353064, 54.924450122037555], [4.796831036852057, 54.92478343981932], [4.804610911869085, 54.92511626061125], [4.810301654473085, 54.92648510240546], [4.813903264664058, 54.92888996520196], [4.817505295963684, 54.93129472266581], [4.821107748371967, 54.93369937479701], [4.826800010329988, 54.93506715828171], [4.834582081837749, 54.935398073119906], [4.842364272901504, 54.93572849077333], [4.850146583521251, 54.93605841124199], [4.85612632029988, 54.935186192691305], [4.860303483237387, 54.93311183512128], [4.86448020904036, 54.931037331202006], [4.8686564977087965, 54.92896268093348], [4.872547402383177, 54.92912687495681], [4.876152923063501, 54.931529913272], [4.8776705862844185, 54.934970416470904], [4.877100392045931, 54.93944838455351], [4.8765300475345725, 54.943926346097214], [4.875959552750343, 54.94840430110202], [4.875388907577561, 54.9528822495793], [4.874818112016224, 54.957360191529034], [4.876336959633722, 54.960800627373445], [4.8799454504300535, 54.96320355711253], [4.8835543634196865, 54.965606381184166], [4.887163698602622, 54.96800909958836], [4.8886835279023995, 54.971449457492916], [4.88811385131902, 54.975927454897864], [4.889634458282225, 54.97936772419271], [4.8932453487920125, 54.98177026537748], [4.898946724467393, 54.98313470988511], [4.906738585308364, 54.9834610577156], [4.914530564410912, 54.983786907630055], [4.922322661775035, 54.984112259628475], [4.930114877046086, 54.98443711368685], [4.937907210224067, 54.9847614698052], [4.945699660954248, 54.985085327959624], [4.9534922292366295, 54.98540868815013], [4.961284914716408, 54.98573155035287], [4.969077717393585, 54.98605391456782], [4.976870636913273, 54.98637578077126], [4.984663673275473, 54.986697148963174], [4.992456826125222, 54.98701801911987], [5.000250095462519, 54.98733839124135], [5.00623412103912, 54.98645882577914], [5.010408902855024, 54.984379322733226], [5.01277424375996, 54.98110025092066], [5.0133301437539295, 54.976621610341454], [5.011799514254801, 54.97318276102196], [5.008182355262575, 54.970783702962194], [5.00456561902698, 54.96838453874201], [5.000949305548019, 54.96598526836139], [4.999419666221398, 54.962546339980264], [4.999976701047118, 54.95806775359862], [5.000533589068758, 54.95358916086401], [5.001090330286319, 54.94911056177645], [5.001646924812768, 54.94463195632445], [5.002203372648106, 54.94015334450802], [5.002759673905186, 54.93567472631565], [5.003315828584009, 54.93119610174736], [5.003871836797309, 54.926717470791644], [5.004427698545088, 54.9222388334485], [5.004983413939964, 54.917760189706456], [5.005538982981939, 54.91328153956549], [5.004011170881608, 54.909842573309575], [5.0003999776389705, 54.907443290938716], [4.996789205551891, 54.90504390258713], [4.9931788546203695, 54.90264440825483], [4.98956892470056, 54.90024480798092], [4.985959415792462, 54.89784510176541], [4.980266853387057, 54.89648446644402], [4.972491237484346, 54.89616290201675], [4.964715737848415, 54.895840840822316], [4.956940354479266, 54.89551828286072], [4.9512493024620685, 54.89415658810591], [4.947642581796822, 54.891755756557885], [4.9440362817160945, 54.88935481926911], [4.940430402219887, 54.88695377623958], [4.934740860978204, 54.885591022516124], [4.9269676579910495, 54.88526655809874], [4.91919457223317, 54.88494159710697], [4.911421603704568, 54.88461613954081], [4.9054502318642115, 54.885491391355266], [4.9012804567121, 54.88756735255032], [4.897110245519653, 54.88964316770989], [4.892939598286871, 54.89171883683397], [4.888768514911523, 54.89379435987313], [4.8845969953936095, 54.89586973682737], [4.880425039630908, 54.89794496764727], [4.876252647623421, 54.90002005233283], [4.872079819268931, 54.90209499083458], [4.867906554567441, 54.90416978315253], [4.863732853416746, 54.90624442923721], [4.859558715816847, 54.908318929088615], [4.8535830654523675, 54.909191341575955], [4.845805902323307, 54.90886166669923], [4.838028858464849, 54.908531495003146], [4.830251933876994, 54.90820082648769], [4.824563304303782, 54.906833217902445], [4.82096296974521, 54.9044286692474], [4.819450726847063, 54.90098754811589], [4.82002657560934, 54.896509854507926], [4.8224017350462836, 54.893234394135156], [4.826576205157893, 54.891161166997584], [4.832550189097501, 54.89028980568998], [4.840323686865106, 54.89062031021234], [4.8480973037135415, 54.89095031815863], [4.855871039642809, 54.89127982952884], [4.861843969365754, 54.89040728788798], [4.866016092882381, 54.88833269323605], [4.870187780405819, 54.886257952428046], [4.874359031936068, 54.884183065463965], [4.878529847575195, 54.88210803239321], [4.882700227323197, 54.880032853215795], [4.885069465635452, 54.87675623349545], [4.885637562511955, 54.87227817323217], [4.888005862617959, 54.86900138387804], [4.892174365953462, 54.866925865433075], [4.898143272811242, 54.86605125065246], [4.905912583191298, 54.86637753953622], [4.913682010965165, 54.866703332112465], [4.921451556132845, 54.867028628381206], [4.927419406946912, 54.86615283471313], [4.931585563407368, 54.86407595110822], [4.933949826774583, 54.860798344878745], [4.93451219704856, 54.85632001602473], [4.936875523680205, 54.85304224064439], [4.941039806669518, 54.850965018737725], [4.9470052442092785, 54.85008798315664], [4.954771836299487, 54.85041113390111], [4.962538544545411, 54.850733788509835], [4.970305368947051, 54.851055946982825], [4.978072309153755, 54.851377609296506], [4.985839365165521, 54.851698775450885], [4.99180349135144, 54.850819797889464], [4.99596468771151, 54.84874067661224], [4.996242660317742, 54.846501362599696], [4.992637409170138, 54.844101855851854], [4.986952110245091, 54.84274155916345]]]}}, {"type": "Feature", "properties": {"band": "light", "dbz": 30.0, "source": "OPERA-ORD", "time": "20260725155000"}, "geometry": {"type": "Polygon", "coordinates": [[[11.646603807448432, 55.04279055914488], [11.638784147143475, 55.042895814363455], [11.632964861046307, 55.04409707337473], [11.629145949156925, 55.04639433617872], [11.627327476363646, 55.049787976051675], [11.62750944266647, 55.05427799299359], [11.629601738692289, 55.057619365476285], [11.633604364441101, 55.05981209349977], [11.639517254959717, 55.060855803593284], [11.647340410248137, 55.060750495756835], [11.653254158278486, 55.06179381598753], [11.657258499050766, 55.06398576428538], [11.659353498433038, 55.06732671412031], [11.659539156425303, 55.07181666549235], [11.661635057634728, 55.07515747428802], [11.665641202061309, 55.07734914050733], [11.669554033307223, 55.07729571477883], [11.673373551372467, 55.074997197102505], [11.67719263462199, 55.0726985599907], [11.681011283055792, 55.07039980344342], [11.684829496808835, 55.06810092750412], [11.688647275881118, 55.0658019321728], [11.690461637324788, 55.062407482413846], [11.690272581139844, 55.05791757822724], [11.688175509531414, 55.05457715819712], [11.684170422499502, 55.05238622232347], [11.678257252985828, 55.051344397263456], [11.670436000990394, 55.05145168301708], [11.664523688160266, 55.050409467949905], [11.660520314495443, 55.04821775206195], [11.6565173801475, 55.04602590347238], [11.652514885116439, 55.04383392218119], [11.646603807448432, 55.04279055914488]]]}}, {"type": "Feature", "properties": {"band": "light", "dbz": 30.0, "source": "OPERA-ORD", "time": "20260725155000"}, "geometry": {"type": "Polygon", "coordinates": [[[12.756517373512594, 55.02276046856509], [12.74870500860536, 55.02293680912544], [12.742922143884911, 55.02419076275102], [12.73916877935125, 55.02652232944181], [12.735414983741478, 55.02885378102526], [12.7316607570556, 55.03118511750138], [12.72775404330879, 55.03127254837765], [12.72369484250105, 55.02911607365409], [12.71963608125727, 55.02695946200252], [12.715577759577455, 55.02480271342294], [12.709642225063115, 55.02381100875893], [12.701829477714256, 55.02398434801049], [12.694016667350699, 55.024157187018076], [12.686203793972442, 55.0243295257817], [12.680418807191835, 55.02558052130199], [12.676661707008872, 55.027910173578945], [12.676811545734328, 55.03015401998866], [12.680868323368205, 55.03231206053113], [12.684925540685326, 55.03446996428367], [12.68898319768569, 55.03662773124628], [12.69116241969551, 55.03995044458544], [12.691463206714785, 55.04443810430119], [12.69364334419761, 55.04776066808975], [12.697702832143989, 55.049918135951145], [12.70364156339234, 55.050910135319384], [12.711459537942662, 55.05073666619444], [12.719277448962822, 55.05056269646494], [12.727095296452822, 55.05038822613085], [12.733035212651831, 55.05137906558308], [12.737097197559851, 55.05353521482162], [12.741159622728636, 55.05569122696895], [12.745222488158186, 55.05784710202508], [12.751163588433222, 55.058836781172886], [12.758982923553743, 55.05866026441238], [12.764769953787026, 55.05740583217314], [12.768524679133066, 55.055073484455164], [12.770247209564708, 55.05166359384749], [12.76993754508196, 55.04717616035015], [12.769627962564572, 55.04268872293481], [12.769318462012542, 55.03820128160149], [12.769009043362429, 55.033713836336844], [12.76869970661423, 55.02922638714085], [12.76651466767165, 55.02590507147837], [12.76245392653469, 55.0237498893494], [12.756517373512594, 55.02276046856509]]]}}, {"type": "Feature", "properties": {"band": "light", "dbz": 30.0, "source": "OPERA-ORD", "time": "20260725155000"}, "geometry": {"type": "Polygon", "coordinates": [[[5.3640343668394825, 54.95673328029713], [5.3562445623676425, 54.95643620036036], [5.350272586067854, 54.9573332782958], [5.346118437940117, 54.95942451410345], [5.343781934505002, 54.96271027681797], [5.3432630757625095, 54.96719056643937], [5.342744080104361, 54.9716708501664], [5.34222494753056, 54.976151127999074], [5.3437842506889925, 54.97958584646297], [5.34742198957966, 54.9819750055581], [5.3531383480078, 54.98331823595908], [5.360933325973413, 54.98361553766591], [5.366908571592355, 54.982718222832936], [5.371064084864627, 54.98062629146014], [5.373399682839385, 54.977340112914014], [5.373915365516628, 54.97285968719455], [5.3744309121793545, 54.96837925562083], [5.374946322827564, 54.96389881819286], [5.373385338382603, 54.960464404675534], [5.369747958844469, 54.958076015068855], [5.3640343668394825, 54.95673328029713]]]}}, {"type": "Feature", "properties": {"band": "light", "dbz": 30.0, "source": "OPERA-ORD", "time": "20260725155000"}, "geometry": {"type": "Polygon", "coordinates": [[[11.787350926651303, 55.040810308503374], [11.779531987809147, 55.040924580011264], [11.773717171374312, 55.04213254012763], [11.7699064773468, 55.04443418885247], [11.768099976198991, 55.04782989935701], [11.76829766793089, 55.05231967164125], [11.77040158016779, 55.055658605380614], [11.774411712909695, 55.057846700575105], [11.78032799561378, 55.058883583859064], [11.788150428280046, 55.0587692552325], [11.793966920681337, 55.05756089329633], [11.797777472817652, 55.05525849805056], [11.799582156107968, 55.05186244284489], [11.799380970552285, 55.04737272767932], [11.797275382348928, 55.04403419575975], [11.793265391497897, 55.041846847086205], [11.787350926651303, 55.040810308503374]]]}}, {"type": "Feature", "properties": {"band": "light", "dbz": 30.0, "source": "OPERA-ORD", "time": "20260725155000"}, "geometry": {"type": "Polygon", "coordinates": [[[11.833853769216983, 55.03113484196893], [11.826036829324345, 55.03125208932086], [11.820224794488407, 55.03246226154484], [11.81641766470917, 55.034765358640875], [11.81461551226262, 55.038161753639244], [11.814818337148758, 55.042651446539956], [11.816925599852901, 55.04598957634317], [11.82093730037505, 55.04817614304888], [11.826853366367004, 55.04921077343255], [11.834673797828765, 55.04909346749417], [11.840487505699613, 55.04788289285772], [11.84429448997955, 55.045579049523205], [11.84609482389205, 55.04218231069881], [11.845888507437119, 55.03769267638455], [11.843779571698065, 55.03435494899381], [11.839768016674888, 55.032169128526576], [11.833853769216983, 55.03113484196893]]]}}, {"type": "Feature", "properties": {"band": "light", "dbz": 30.0, "source": "OPERA-ORD", "time": "20260725155000"}, "geometry": {"type": "Polygon", "coordinates": [[[12.64300662087286, 54.962354238847915], [12.63520554124722, 54.962523280735695], [12.629427822940954, 54.96377184931616], [12.625673465954062, 54.96609994458928], [12.625820147944912, 54.96834388202139], [12.629867868913502, 54.970503661612454], [12.63391602794367, 54.972663304833645], [12.637964625035417, 54.97482281168496], [12.640136156124253, 54.97814648612908], [12.640430621210182, 54.982634328166], [12.64260306371691, 54.985957853677505], [12.64665348364444, 54.98811706266358], [12.650704342096066, 54.99027613515116], [12.654755639071787, 54.99243507114026], [12.658807374687132, 54.99459387058322], [12.662859548942105, 54.99675253348006], [12.668789525640943, 54.99774625988816], [12.676597304783648, 54.9975750498075], [12.68237812758765, 54.99632452962282], [12.686131994052944, 54.99399469933411], [12.689885430199869, 54.991664753838116], [12.693638436028426, 54.989334693134815], [12.69754179718915, 54.98924834903731], [12.701595513682042, 54.99140572154561], [12.70377323719557, 54.99472823562022], [12.704074967729731, 54.99921589126116], [12.702348970885318, 55.00262488221278], [12.698595246662325, 55.00495520847509], [12.692813688066488, 55.00620649800457], [12.685004295097809, 55.00637875080122], [12.679221839655968, 55.007629685829805], [12.675466321740968, 55.009959303090326], [12.67561600196457, 55.01220315728555], [12.679670880326771, 55.01436124841548], [12.685603885865152, 55.015354146096236], [12.693415018579717, 55.015181850327814], [12.70122608833007, 55.0150090544398], [12.709037095116216, 55.01483575843221], [12.714819389033263, 55.013583699253914], [12.718572970081215, 55.011252876904905], [12.720297945954295, 55.00784366351351], [12.719994316652503, 55.003356059079735], [12.721718467347692, 54.99994673946621], [12.725470398039866, 54.997615704672945], [12.729374501859366, 54.99752833920437], [12.733430778806195, 54.99968464306049], [12.737487494618888, 55.001840810027744], [12.741544649297447, 55.00399684010615], [12.745602242957096, 55.006152733247916], [12.749660275597833, 55.00830848945306], [12.753718747334887, 55.01046410867379], [12.757777658168257, 55.01261959091011], [12.763712361496346, 55.01360868367538], [12.771522857319155, 55.01343138696959], [12.77745840248382, 55.014420081584475], [12.781518996990338, 55.016574767520034], [12.785580030821743, 55.018729316313696], [12.789641503978038, 55.020883727965455], [12.793703416574374, 55.02303800242748], [12.797765768610752, 55.02519213969974], [12.801828560202333, 55.02734613973439], [12.805891791349113, 55.029500002531414], [12.811830199716317, 55.03048674045619], [12.819643785303944, 55.03030635350873], [12.825424884734094, 55.02904905767369], [12.829173498006766, 55.02671485295107], [12.830889737301248, 55.02330411154329], [12.830573602617541, 55.018816833450344], [12.828384031390984, 55.01549663512375], [12.824321023621582, 55.01334351656352], [12.820258455055601, 55.01119026072366], [12.816196325693044, 55.00903686760415], [12.812134635419, 55.00688333725286], [12.808073384233463, 55.00472966966978], [12.802138510158237, 55.003742461971335], [12.79433001319332, 55.00392171415754], [12.788395980101294, 55.00293410817595], [12.784336410882158, 55.00077964402657], [12.780277280523729, 54.998625042802864], [12.776218589026007, 54.996470304504825], [12.772160336274005, 54.99431542918022], [12.768102522267723, 54.992160416829044], [12.764045146892183, 54.99000526749907], [12.759988210147387, 54.98784998119028], [12.75405703708325, 54.98686042040785], [12.746251627699774, 54.98703658515177], [12.74032129537499, 54.986046626641745], [12.736266040108893, 54.983890544877774], [12.732211223245134, 54.981734326292205], [12.728156844783712, 54.979577970885046], [12.724102904609573, 54.977421478703974], [12.720049402722722, 54.97526484974899], [12.715996339008106, 54.97310808406775], [12.711943713465724, 54.97095118166026], [12.706016241832517, 54.96995927052697], [12.698213924108481, 54.970132350667875], [12.690411543671889, 54.970304931310025], [12.682609100522743, 54.97047701245342], [12.676831699874725, 54.97172782678929], [12.673079341727838, 54.974057374317624], [12.669326553665709, 54.97638680662005], [12.665573335688334, 54.97871612369658], [12.6616715867214, 54.9788014256214], [12.657621306764907, 54.97664271239452], [12.655448144108732, 54.97331945195498], [12.655152098752875, 54.96883164430275], [12.65297984722763, 54.96550823483349], [12.648931389532997, 54.96334922354718], [12.64300662087286, 54.962354238847915]]]}}, {"type": "Feature", "properties": {"band": "light", "dbz": 30.0, "source": "OPERA-ORD", "time": "20260725155000"}, "geometry": {"type": "Polygon", "coordinates": [[[12.562708209825454, 54.928117618174014], [12.55491345989391, 54.928281502302184], [12.547118650738858, 54.928444887439355], [12.539323782360297, 54.928607773585526], [12.533547971114555, 54.92985179498007], [12.52979121700163, 54.93217695162298], [12.526034033668301, 54.934501992589915], [12.522276421114569, 54.936826917880865], [12.518378465689167, 54.93690762248429], [12.514340167392103, 54.93474410640021], [12.51030230611662, 54.93258045455845], [12.506264881862718, 54.93041666695902], [12.500348560036471, 54.92941471918759], [12.492553340637878, 54.92957461124416], [12.484758063456248, 54.92973400426211], [12.476962728491579, 54.929892898241434], [12.471184835403172, 54.93113396527909], [12.467424384191029, 54.93345720537508], [12.465681472338561, 54.93686298991006], [12.46595609984577, 54.94135131888404], [12.466230799894669, 54.94583964399513], [12.466505572485266, 54.95032796524332], [12.468661834755826, 54.95365463884883], [12.47269958670635, 54.955819664811656], [12.478618730679791, 54.95682267145546], [12.48641926667615, 54.95666365878023], [12.492339253137995, 54.95766627009975], [12.496378690065328, 54.95983050541402], [12.49853767603784, 54.96315673639086], [12.49881621105553, 54.967644963030274], [12.500976105623064, 54.97097104630336], [12.505017359740437, 54.97313498621012], [12.509059051918793, 54.9752987902413], [12.513101182158131, 54.97746245839688], [12.513240994430952, 54.979706555965315], [12.509478488737255, 54.9820310829466], [12.505715552509354, 54.984355494036656], [12.501952185747253, 54.986679789235495], [12.502092071959822, 54.98892388297485], [12.506135211147058, 54.99108777525474], [12.510178788858541, 54.9932515315928], [12.514222805094272, 54.99541515198903], [12.51638524530753, 54.99874104017302], [12.516666109498319, 55.00322919614477], [12.514924095853704, 55.00663556199215], [12.511159204373687, 55.008960137715135], [12.507393881679365, 55.011284597480184], [12.503628127770735, 55.01360894128729], [12.503768236146001, 55.01585302362042], [12.507814206805167, 55.018016844479575], [12.513743427159593, 55.01901810916746], [12.521555897209279, 55.01885681768405], [12.527344511315212, 55.017613635894676], [12.531109269477389, 55.01528856379933], [12.534873596383292, 55.012963375828605], [12.538637492032922, 55.010638071982484], [12.544424686258438, 55.009393794184305], [12.552235179059839, 55.00923054243406], [12.560045612209485, 55.00906679057629], [12.567855985707379, 55.00890253861101], [12.57364175949813, 55.00765716525047], [12.577402933581746, 55.00533067049469], [12.579139610027061, 55.001923426531164], [12.57885178883408, 54.997435433359875], [12.578564043729887, 54.99294743632996], [12.578276374714488, 54.98845943544143], [12.577988781729058, 54.983971430680796], [12.577701264773596, 54.97948342204806], [12.577413823789346, 54.97499540952978], [12.577126458776304, 54.970507393125956], [12.574960564732123, 54.96718257851268], [12.570916141656806, 54.96502096568996], [12.566872156412607, 54.96285921677767], [12.562828608999535, 54.96069733177583], [12.56268547408064, 54.958453307461724], [12.566442751655924, 54.95612714383533], [12.570343130306108, 54.95604488064667], [12.574386610031194, 54.95820651789576], [12.57843052747183, 54.960368019041], [12.58247488262802, 54.962529384082416], [12.586519675615339, 54.964690612972525], [12.590564906433789, 54.966851705711306], [12.594610575198958, 54.96901266225128], [12.598656681910843, 54.97117348259243], [12.602557807963816, 54.97109019986347], [12.606313953357876, 54.96876281406442], [12.610069668868181, 54.96643531281226], [12.613824954494731, 54.964107696107], [12.617579810374622, 54.96177996399076], [12.621334236507856, 54.959452116463524], [12.621188499324425, 54.95720815416599], [12.61714259882433, 54.955048077098155], [12.613097135923825, 54.95288786378882], [12.609052110622908, 54.95072751423798], [12.60500752280624, 54.948567028493144], [12.600963372473819, 54.9464064065543], [12.596919659510306, 54.94424564846892], [12.592876383915701, 54.942084754237], [12.58883354557467, 54.93992372390598], [12.584791144487209, 54.93776255747586], [12.580749180537993, 54.93560125499407], [12.576707653727013, 54.933439816460606], [12.57266656393895, 54.93127824192288], [12.5686259111738, 54.92911653138091], [12.562708209825454, 54.928117618174014]]]}}, {"type": "Feature", "properties": {"band": "light", "dbz": 30.0, "source": "OPERA-ORD", "time": "20260725155000"}, "geometry": {"type": "Polygon", "coordinates": [[[27.181172515240107, 53.77103425601107], [27.173785057539305, 53.77212286133033], [27.168700613145536, 53.77402477900365], [27.1659191820588, 53.77674000903102], [27.165441370939917, 53.780268863658144], [27.167267179788873, 53.784611342885015], [27.170484412966374, 53.78759608046353], [27.175093070472414, 53.78922307639369], [27.179702106590618, 53.790849883965066], [27.18431152132098, 53.79247650317767], [27.1889213146885, 53.79410293398061], [27.193531486693182, 53.795729176373925], [27.1972268085054, 53.79518432781132], [27.20000728012515, 53.792468388292804], [27.20048274094735, 53.78893947417153], [27.198653190972003, 53.78459758544749], [27.196824094543015, 53.780255654871084], [27.194995451660382, 53.77591368244231], [27.191777408686928, 53.7729295105088], [27.187169965622648, 53.77130313907056], [27.181172515240107, 53.77103425601107]]]}}, {"type": "Feature", "properties": {"band": "light", "dbz": 30.0, "source": "OPERA-ORD", "time": "20260725155000"}, "geometry": {"type": "Polygon", "coordinates": [[[12.830844636220995, 54.96712206218001], [12.823043347888618, 54.967303133367196], [12.817270717003478, 54.96856059186404], [12.813526743565575, 54.97089443767055], [12.809782340658364, 54.97322816881157], [12.806037508281843, 54.97556178528712], [12.802292246298137, 54.97789528705527], [12.798546554707247, 54.98022867411602], [12.796829705567792, 54.98363906769878], [12.797141698879766, 54.98812646780354], [12.799327406359165, 54.99144715202488], [12.803386828005987, 54.993601120362804], [12.809319852860092, 54.99458800100257], [12.817126480921484, 54.99440779394419], [12.822902529409227, 54.993150625178764], [12.82664799832332, 54.99081649470629], [12.83039303736702, 54.988482249587534], [12.834137646540324, 54.98614788982251], [12.83788182598135, 54.9838134154531], [12.841625575690095, 54.98147882647932], [12.843338932826406, 54.97806789540196], [12.843021897390281, 54.97358062222105], [12.84083385485096, 54.97026062086955], [12.836774805208442, 54.96810789134746], [12.830844636220995, 54.96712206218001]]]}}, {"type": "Feature", "properties": {"band": "light", "dbz": 30.0, "source": "OPERA-ORD", "time": "20260725155000"}, "geometry": {"type": "Polygon", "coordinates": [[[12.025774673838, 54.803443156585864], [12.018002219723938, 54.80357261352235], [12.012228479190457, 54.804791889921255], [12.008453452237553, 54.8071009857826], [12.004677997956769, 54.8094099642621], [12.000902116348103, 54.81171882535978], [11.99712580727838, 54.81402756903326], [11.993349070747605, 54.81633619528252], [11.989571906622587, 54.81864470406515], [11.985794314903323, 54.82095309538116], [11.982016295456598, 54.8232613691881], [11.978237848282408, 54.825569525485996], [11.97445897324751, 54.82787756423238], [11.970679670351906, 54.830185485427265], [11.966899939462326, 54.832493289028164], [11.963119780578769, 54.834800975035094], [11.96322905049134, 54.83704574275025], [11.967227749200038, 54.83922759217363], [11.971226882178993, 54.84140930833553], [11.975226449428206, 54.84359089123592], [11.97922645106493, 54.845772340828255], [11.983226887089161, 54.84795365711253], [11.987227757618165, 54.85013484004213], [11.991229062651936, 54.85231588961709], [11.99133931091713, 54.85456063416443], [11.987558502413748, 54.85686907368414], [11.981776560864827, 54.858086623554286], [11.97399348627037, 54.85821328377486], [11.966210366128049, 54.85833944572277], [11.958427200437857, 54.85846510939801], [11.950643989558586, 54.85859027479135], [11.942860733490235, 54.85871494190278], [11.936969654003173, 54.8576858563274], [11.932970751097404, 54.855503018065185], [11.928972282790614, 54.85332004664785], [11.924974249082803, 54.85113694207541], [11.92108298563329, 54.85119852054671], [11.917298492442077, 54.853504782061776], [11.915512637678741, 54.856902725290276], [11.915725421343286, 54.8613923502322], [11.913938734042322, 54.864790181357804], [11.910152575775854, 54.86709621866709], [11.906260404512047, 54.867157314062865], [11.902262220250904, 54.86497346754513], [11.898264470805513, 54.86278948796384], [11.894267156175871, 54.860605375319], [11.890374940961411, 54.86066597233936], [11.88658782516213, 54.86297127902495], [11.8828002803524, 54.86527646769476], [11.879012306532223, 54.867581538348794], [11.873225607170873, 54.86879393054873], [11.86544018226835, 54.86891364429456], [11.857654714295677, 54.869032859581054], [11.849869203252858, 54.86915157640823], [11.842083649499166, 54.86926979476734], [11.834298053034605, 54.869387514658406], [11.828509478176917, 54.870598066198596], [11.824717924926103, 54.8729014493879], [11.824819647270733, 54.87514633832146], [11.8288146452108, 54.877332732999264], [11.83281007828072, 54.87951899484361], [11.836805946480492, 54.881705123854495], [11.840802249928378, 54.883891119985364], [11.84479898862438, 54.886076983236215], [11.848796162686764, 54.88826271356048], [11.852793772115533, 54.89044831095817], [11.856791817028965, 54.89263377538268], [11.860790297427062, 54.89481910683398], [11.864789213428102, 54.8970043052655], [11.868788565032085, 54.899189370677206], [11.87278835235731, 54.901374303022486], [11.876788575403774, 54.903559102301344], [11.882684815779793, 54.9045910865911], [11.89047707348537, 54.90447025589173], [11.89826928726212, 54.904348926255835], [11.906061457110047, 54.90422709768342], [11.911958911326021, 54.90525793584047], [11.915961649910045, 54.907441440726984], [11.919964824464568, 54.90962481233023], [11.923968434989586, 54.91180805065018], [11.92797248160327, 54.91399115564015], [11.931976964305615, 54.91617412730012], [11.935981883214794, 54.91835696558334], [11.93998723833081, 54.920539670489816], [11.945887599231083, 54.92156858084802], [11.953682965915618, 54.921443696657946], [11.961478287157536, 54.9213183133199], [11.969273562956834, 54.92119243083391], [11.977068792952723, 54.921066049209244], [11.984863977145203, 54.9209391684459], [11.990765914603688, 54.92196617479765], [11.994774605328182, 54.924147068264496], [11.998783732512873, 54.92632782807566], [12.002793296157762, 54.92850845423113], [12.006803296380816, 54.93068894668406], [12.010813733182037, 54.932869305434444], [12.010925373372974, 54.935114001145614], [12.007138216953624, 54.937423033817566], [12.003350629917675, 54.93973194874141], [11.99956261226512, 54.942040745917154], [11.997779898176518, 54.9454398428075], [11.998002487651862, 54.949929239412455], [11.996218938148084, 54.95332822467724], [11.99242924966519, 54.955636798601844], [11.98852864488654, 54.9557005440598], [11.984517123812138, 54.953519461051094], [11.98240093645741, 54.95018420537334], [11.98218008282235, 54.94569477702654], [11.980064795639843, 54.94235937798551], [11.976055074909887, 54.94017800825025], [11.970150842524214, 54.93915029596087], [11.962352098482826, 54.93927624111738], [11.954553308926041, 54.93940168687787], [11.946754473853861, 54.93952663324234], [11.940959220654808, 54.940742537591014], [11.937167549328883, 54.94304939992389], [11.933375447082415, 54.9453561442169], [11.9295829139154, 54.94766277047005], [11.925789949693378, 54.9499692786405], [11.921996554416353, 54.952275668728255], [11.920206868082023, 54.95567363665791], [11.920420890690389, 54.96016318242947], [11.918630367059555, 54.963561038120694], [11.914835297189521, 54.9658672037316], [11.910933596905334, 54.965928466514036], [11.906925266206994, 54.96374482646802], [11.902917372856955, 54.961561053010264], [11.898909916855217, 54.95937714614076], [11.894902898083023, 54.95719310590636], [11.89089631654037, 54.955008932307074], [11.886890172108508, 54.952824625389724], [11.882884464787436, 54.950640185154306], [11.876981103474542, 54.94960795603739], [11.869180088169827, 54.94972793803897], [11.861379029483844, 54.9498474204661], [11.853577927416596, 54.94996640331878], [11.847778398444198, 54.95117787839018], [11.84398044256665, 54.9534818456803], [11.842184132780773, 54.95687867726055], [11.84238946908656, 54.96136837313093], [11.844494652050358, 54.96470607062943], [11.848499681672159, 54.966891769756046], [11.852505148734899, 54.96907733567199], [11.856511053238577, 54.97126276837725], [11.858617651871647, 54.974600310951345], [11.858824944634108, 54.979089963394294], [11.860932443146371, 54.982427363544005], [11.864940147408436, 54.9846125114005], [11.870847983619097, 54.985645034504344], [11.878655951778356, 54.98552493285554], [11.886463876054137, 54.98540433114383], [11.894271756446447, 54.9852832293692], [11.902079592592314, 54.98516162754064], [11.90988738449174, 54.98503952565814], [11.915796809379607, 54.98607014248333], [11.919807867255917, 54.988253478016226], [11.923819363181206, 54.990436679979936], [11.927831297155468, 54.99261974837447], [11.933741940622715, 54.99364921607557], [11.941551293582943, 54.99352508308323], [11.949360601171666, 54.99340044993982], [11.957169863388886, 54.99327531664535], [11.963081724610618, 54.994303634825414], [11.96709618483686, 54.996485404479984], [11.971111083361727, 54.99866704034727], [11.975126420185216, 55.00084854242728], [11.979031417738337, 55.00078521767493], [11.982826076021095, 54.99847706609026], [11.986620302146424, 54.996168796512514], [11.990414096114328, 54.9938604089417], [11.994207458060036, 54.991551903420714], [11.998000387983542, 54.989243279949555], [11.999785322641255, 54.98584428411806], [11.999562262033177, 54.98135491592623], [11.999339260385014, 54.97686554420338], [11.999116317696767, 54.972376168949495], [12.00090006910884, 54.96897706413538], [12.00469051462123, 54.96666822976103], [12.010487574963634, 54.96544929367916], [12.018291250136054, 54.96532025588977], [12.026094878234874, 54.965190718369534], [12.033898459260094, 54.965060681118445], [12.039808144153628, 54.96608528671753], [12.04382393291547, 54.96826453516679], [12.047840159307782, 54.970443649614836], [12.051856823330567, 54.97262263006165], [12.05776771951664, 54.97364608577487], [12.065572847866008, 54.97351401675448], [12.071368775103267, 54.972292473967215], [12.075155501228409, 54.969981457413105], [12.076933108244223, 54.96658133926938], [12.076701596150702, 54.96209211953604], [12.076470145216778, 54.95760289619993], [12.076238755442457, 54.953113669261036], [12.074115274609003, 54.94977992758792], [12.070099702716423, 54.947601671180585], [12.066084567883799, 54.94542328075939], [12.06206987011113, 54.94324475632434], [12.061954700621273, 54.94100012916597], [12.065739059414224, 54.93868939928427], [12.06963856047203, 54.938623172619515], [12.073653203794699, 54.94080144917172], [12.077668284064265, 54.9429795916952], [12.081683801280727, 54.94515760018996], [12.08759142222446, 54.946179620358826], [12.095391146895459, 54.9460456522018], [12.101299614430296, 54.94706728020587], [12.105316824828977, 54.94924450437104], [12.105433791021717, 54.95148909467022], [12.101650513008519, 54.95380105110344], [12.097866804184122, 54.956112890115804], [12.094082664548527, 54.958424611707315], [12.094199692564013, 54.96066919838326], [12.098217888230582, 54.96284665014363], [12.104128535777512, 54.96386785888975], [12.111931635204803, 54.963732824621594], [12.117843130027818, 54.96475364088631], [12.12186302024656, 54.96693030768388], [12.125883348118897, 54.969106840170596], [12.12990411364483, 54.97128323834646], [12.135816815967747, 54.97230290389315], [12.143621455087644, 54.97216583681066], [12.14941484253977, 54.970940587718246], [12.153196978324122, 54.96862715661591], [12.15697868311059, 54.96631360827628], [12.160759956899176, 54.96399994269936], [12.164540799825375, 54.96168615992779], [12.168321211889193, 54.95937225996157], [12.168200710828222, 54.95712774129269], [12.164179296642466, 54.95495260392116], [12.160158319773707, 54.95277733213249], [12.156137780221938, 54.950601925926684], [12.152117677869688, 54.9484263853508], [12.148098012716954, 54.94625071040484], [12.144078784646263, 54.944074901135856], [12.140059993657612, 54.94189895754385], [12.136041639633538, 54.93972287967584], [12.13202372257404, 54.937546667531834], [12.128006242361655, 54.93537032115883], [12.123989198996384, 54.933193840556825], [12.11997259236077, 54.93101722577282], [12.11595642245482, 54.928840476806805], [12.110050258325906, 54.92781955225075], [12.102254099974033, 54.927954452104665], [12.094457892894598, 54.92808885277289], [12.086661637087598, 54.928222754255444], [12.07886533291386, 54.92835615654244], [12.071068980373377, 54.92848905963389], [12.065164383073078, 54.927466228879], [12.061151541012961, 54.92528766427777], [12.057139135433669, 54.92310896577372], [12.053127166335202, 54.92093013336687], [12.049115633599897, 54.91875116710408], [12.045104537227749, 54.91657206698535], [12.044990416187176, 54.91432741248985], [12.048773270478176, 54.91201720361755], [12.054561189140905, 54.910796179646425], [12.062354172175363, 54.91066434057645], [12.068256594011313, 54.91168758954906], [12.072268454648752, 54.91386592656425], [12.076280751541436, 54.91604412964689], [12.080293484689363, 54.91822219879699], [12.086197112636182, 54.91924429928578], [12.093991635381894, 54.91911043111325], [12.101786109439, 54.91897606387897], [12.109580534807506, 54.918841197582935], [12.117374911126902, 54.91870583223509], [12.125169238397195, 54.91856996783544], [12.13296351625791, 54.918433604394], [12.140757744709045, 54.918296741910765], [12.148551923390166, 54.918159380395835], [12.156346052301272, 54.9180215198492], [12.162131314137124, 54.91679567352639], [12.165907708897723, 54.9144818414274], [12.167675321875365, 54.9110803950231], [12.167434153070046, 54.906591334313454], [12.16530565253099, 54.90325917242039], [12.161289820258197, 54.901083909343896], [12.157274423919237, 54.89890851204372], [12.1532594635141, 54.89673298051986], [12.151132390841095, 54.89340065972922], [12.150893205900214, 54.88891154967179], [12.15266063638199, 54.88551022252184], [12.156434682286418, 54.88319667827934], [12.160328693076794, 54.883127558664384], [12.16434266875312, 54.88530286367697], [12.168357080020431, 54.88747803448333], [12.172371926878732, 54.88965307108348], [12.178273718000268, 54.8906707132159], [12.186062453385041, 54.89053096088058], [12.191965087290129, 54.89154821072894], [12.195981619715537, 54.89372246276098], [12.199998587969178, 54.89589658043134], [12.204015992051051, 54.89807056374005], [12.209919824809942, 54.899086664360176], [12.217710086245853, 54.898944882291715], [12.223614761832323, 54.899960590292416], [12.227633851569351, 54.90213378836226], [12.229767443110955, 54.90546484772007], [12.230015536457138, 54.90995376836584], [12.23215002965148, 54.91328468242679], [12.236170922693983, 54.91545758990292], [12.242078127483415, 54.91647211939351], [12.249871644019773, 54.916328270898546], [12.25766510826401, 54.916183923444585], [12.265458520216125, 54.91603907703162], [12.271240212920333, 54.91480805328937], [12.275010186376635, 54.91249085221784], [12.278779730549086, 54.9101735345434], [12.282548845437683, 54.90785610026603], [12.286445039459775, 54.90778293773907], [12.290468312615364, 54.90995404696252], [12.294492022078051, 54.912125021389755], [12.298516167847843, 54.914295861020804], [12.304424787671604, 54.915307360817174], [12.312217881549332, 54.915159520778886], [12.320010921694506, 54.915011181824745], [12.327803908107127, 54.914862343954745], [12.333713722601331, 54.915872692568456], [12.337740365177117, 54.918042227665886], [12.341767444297695, 54.92021162774958], [12.345794959963062, 54.92238089281953], [12.351705968286124, 54.92339008986029], [12.359500469266887, 54.923239218871856], [12.365280346381775, 54.922003734114256], [12.36904559963079, 54.91968363558749], [12.370796322334208, 54.91627929466566], [12.370532514492027, 54.91179071134874], [12.372282410099414, 54.90838626170115], [12.37604600915637, 54.906065945722894], [12.381823218075521, 54.904829392243464], [12.38961403685687, 54.90467660126286], [12.395390356740641, 54.90343969175145], [12.399152177726833, 54.90111866370924], [12.400899594211493, 54.89771388827204], [12.40063260619462, 54.89322536543986], [12.398485572240755, 54.8898973375505], [12.394458492349905, 54.88772980460395], [12.390564407699943, 54.88780642089408], [12.38680331829087, 54.890127186420884], [12.383041800366982, 54.89244783582408], [12.379279853928276, 54.89476836910367], [12.37350428106431, 54.8960045136222], [12.365715081775082, 54.89615626937966], [12.35980772032812, 54.895147739638475], [12.355782196723421, 54.892978924398655], [12.351757108975384, 54.89080997418129], [12.34773245708401, 54.888640888986366], [12.343708240933326, 54.88647166886098], [12.339684460523328, 54.88430231380512], [12.335661115738052, 54.88213282386582], [12.331638206577498, 54.87996319904306], [12.3276157329257, 54.87779343938391], [12.323593694782666, 54.87562354488834], [12.323464262488532, 54.87337918908214], [12.327227436043302, 54.8710603719653], [12.33099018148534, 54.868741438563916], [12.334752498814648, 54.866422388877986], [12.334623134730482, 54.8641780291818], [12.330602089232844, 54.862008359475375], [12.32470025921442, 54.86099783269073], [12.316917644675211, 54.86114644882787], [12.309134976660426, 54.86129456679054], [12.301352255170066, 54.86144218657873], [12.29356948056247, 54.861589308181614], [12.285786652837634, 54.86173593159919], [12.279886365831146, 54.86072349901927], [12.275868619543006, 54.858552010441876], [12.271851308181088, 54.856380387324315], [12.267834431745392, 54.8542086296666], [12.26381799011991, 54.85203673751562], [12.259801983304637, 54.84986471087137], [12.255786411183575, 54.847692549780724], [12.251771273756718, 54.84552025424368], [12.24587385941262, 54.844505887921564], [12.23809416815128, 54.84464945081437], [12.230314425288864, 54.84479251572591], [12.222534630825372, 54.84493508265619], [12.21663841013775, 54.84391956828365], [12.212625763225997, 54.84174597260831], [12.210496777032743, 54.83841466622279], [12.210251451557989, 54.83392564912711], [12.208123362954067, 54.8305941978146], [12.20411251122098, 54.82842031228526], [12.198218809859739, 54.82740362212772], [12.190442258870345, 54.827544127342], [12.184670272243931, 54.82877159274335], [12.180902849980495, 54.831086018331774], [12.179140077720977, 54.83448777453795], [12.179381955465374, 54.83897686136187], [12.179623896932434, 54.84346594434053], [12.179865902122156, 54.847955023473915], [12.178101967357224, 54.8513566725095], [12.174332092637638, 54.8536708914473], [12.168556192528643, 54.85489730955193], [12.160774267030236, 54.8550359268234], [12.154997482314648, 54.85626198756509], [12.151225838381881, 54.85857549177702], [12.147453766161238, 54.860888879026135], [12.143681265652717, 54.86320214931246], [12.1397897967153, 54.86327071922082], [12.135779359348987, 54.86109458875126], [12.133655663118068, 54.857761936353704], [12.133418708022543, 54.853272762028155], [12.131295909288664, 54.849939965282644], [12.12728726691643, 54.84776354611716], [12.123279059093045, 54.84558699304363], [12.119271285818511, 54.84341030606206], [12.115263946976237, 54.84123348521917], [12.111257042566221, 54.83905653051495], [12.107250572471878, 54.83687944199611], [12.103244536693207, 54.834702219662645], [12.09923893511363, 54.83252486356123], [12.095233767733149, 54.830347373691865], [12.089342562930439, 54.829325396790296], [12.0815653207055, 54.82945893285651], [12.07567495679957, 54.82843656506864], [12.071671471212651, 54.82625829342669], [12.06766841958699, 54.824079888171475], [12.063665801922586, 54.821901349303005], [12.059663618102809, 54.81972267686787], [12.055661868127654, 54.81754387086609], [12.051660551880492, 54.81536493134423], [12.047659669361325, 54.8131858583023], [12.043659220453527, 54.811006651786855], [12.039659205157097, 54.80882731179789], [12.03565962335542, 54.80664783838196], [12.031660475048497, 54.80446823153907], [12.025774673838, 54.803443156585864]]]}}, {"type": "Feature", "properties": {"band": "light", "dbz": 30.0, "source": "OPERA-ORD", "time": "20260725155000"}, "geometry": {"type": "Polygon", "coordinates": [[[13.14284023239978, 54.95946979302701], [13.135041719455245, 54.959670834171234], [13.129279837147955, 54.96094303357529], [13.12555458547791, 54.96328639123918], [13.123866088071289, 54.96670127825822], [13.124214344928092, 54.97118769463242], [13.126426094376962, 54.97450240723239], [13.130501336417897, 54.97664541605817], [13.134401929254206, 54.976545107580975], [13.138127872885892, 54.974201481800804], [13.141853387908531, 54.97185774264067], [13.145578474322122, 54.969513890100586], [13.149303132265631, 54.967169924222055], [13.15302736173906, 54.964825845005095], [13.15285197957484, 54.96258267216119], [13.14877698577298, 54.96044040569033], [13.14284023239978, 54.95946979302701]]]}}, {"type": "Feature", "properties": {"band": "light", "dbz": 30.0, "source": "OPERA-ORD", "time": "20260725155000"}, "geometry": {"type": "Polygon", "coordinates": [[[12.62708558696604, 54.927868658110455], [12.623334387889766, 54.93019668550011], [12.619582759880231, 54.932524597586614], [12.615830702937432, 54.93485239436998], [12.61207821692462, 54.93718007580817], [12.608325301841798, 54.93950764190118], [12.608470885151839, 54.94175161210691], [12.61251496685474, 54.94391198642538], [12.616559485926285, 54.94607222453561], [12.620604442366474, 54.94823232643762], [12.624649836290569, 54.95039229208395], [12.62869566769857, 54.95255212147458], [12.634618255939834, 54.95354753627006], [12.642417601014362, 54.95337853647036], [12.648193163361693, 54.95212964301394], [12.651944942981824, 54.94980085590079], [12.653673044528325, 54.94639254661037], [12.653377468001192, 54.94190471514267], [12.651206868202914, 54.93858125610845], [12.647161245133493, 54.93642216950771], [12.643116059200999, 54.93426294660874], [12.639071310405436, 54.93210358741156], [12.635026998631783, 54.929944091963634], [12.630983123880045, 54.92778446026496], [12.62708558696604, 54.927868658110455]]]}}, {"type": "Feature", "properties": {"band": "light", "dbz": 30.0, "source": "OPERA-ORD", "time": "20260725155000"}, "geometry": {"type": "Polygon", "coordinates": [[[14.087288447506735, 54.86844005721795], [14.079512221654868, 54.868701473719085], [14.07173590167536, 54.868962393004246], [14.06395948756821, 54.869222815073435], [14.058239690515709, 54.87053871119219], [14.05457651051786, 54.8729100813605], [14.05091290706082, 54.87528134195985], [14.04724888014459, 54.87765249299024], [14.043584429628448, 54.880023534411464], [14.039919555512395, 54.88239446622356], [14.038311563351133, 54.88582148700802], [14.038760453144665, 54.89030459676488], [14.03920946121282, 54.89478770122555], [14.039658587555596, 54.89927080039003], [14.040107832264077, 54.90375389427075], [14.040557195338268, 54.90823698286772], [14.0428405983475, 54.91153454658919], [14.046958041291774, 54.913646585435174], [14.052909364951383, 54.91457272996297], [14.06069456932633, 54.914312980172575], [14.066420190855311, 54.91299724322243], [14.070086229538331, 54.910625519112514], [14.071692845448814, 54.90719817724974], [14.071240038586755, 54.90271521763412], [14.07078735099085, 54.89823225269976], [14.070334782661094, 54.89374928244668], [14.071940352396739, 54.890321852742005], [14.075604060197787, 54.887949963585754], [14.081325745919239, 54.88663324588148], [14.089105409561098, 54.88637169962917], [14.094826194438784, 54.885054639953125], [14.098488100552299, 54.88268206685332], [14.100091288806418, 54.8792543493778], [14.099635759201144, 54.87477148752659], [14.097350135907046, 54.87147487969258], [14.093234418924126, 54.86936452587578], [14.087288447506735, 54.86844005721795]]]}}, {"type": "Feature", "properties": {"band": "light", "dbz": 30.0, "source": "OPERA-ORD", "time": "20260725155000"}, "geometry": {"type": "Polygon", "coordinates": [[[8.693178546060054, 54.9390912320094], [8.685378338838444, 54.9390072712293], [8.679491256860786, 54.940066750447], [8.675517300127082, 54.94226966966251], [8.67345641640959, 54.94561640110342], [8.673308605708307, 54.95010694476974], [8.675148642146759, 54.95349603938344], [8.678976525724948, 54.955783684944514], [8.682804841886682, 54.9580712099927], [8.68663359063196, 54.960358614528005], [8.69046277209309, 54.962645898506864], [8.694292386270075, 54.96493306192928], [8.700109934416139, 54.96611815544512], [8.707915416531286, 54.96620117905438], [8.713805221840715, 54.96514061060704], [8.717779350344433, 54.962936450103086], [8.719837751208892, 54.959589070087986], [8.719980424434098, 54.95509847056175], [8.718136902714857, 54.95170996153029], [8.71430718605117, 54.94942354299361], [8.710477901815365, 54.94713700384416], [8.706649050007437, 54.94485034408194], [8.70282063049532, 54.94256356375048], [8.698992643279013, 54.9402766628498], [8.693178546060054, 54.9390912320094]]]}}, {"type": "Feature", "properties": {"band": "light", "dbz": 30.0, "source": "OPERA-ORD", "time": "20260725155000"}, "geometry": {"type": "Polygon", "coordinates": [[[13.86436800543633, 54.82176569839641], [13.856599512670366, 54.822012821556996], [13.848830931169905, 54.82225944797514], [13.841062260934944, 54.82250557765085], [13.835341919496646, 54.82381098933536], [13.831669906855012, 54.826175683028644], [13.830046373147425, 54.829600027418145], [13.830471318373887, 54.834084022503845], [13.830896375415303, 54.83856801242581], [13.831321544271677, 54.84305199718407], [13.82969695285539, 54.84647625129668], [13.826022601166438, 54.848840774763644], [13.8223478259221, 54.85120518783512], [13.818672627122377, 54.85356949051112], [13.817046976737842, 54.85699365430503], [13.817470874768501, 54.86147767921687], [13.819733231538958, 54.86477952245806], [13.823834047049214, 54.8668991840286], [13.829773171263977, 54.86783629472173], [13.83755060418325, 54.86759085453746], [13.84349054972513, 54.86852756047063], [13.847593007889618, 54.87064641252124], [13.85169590190443, 54.87276512364579], [13.855799231769566, 54.874883693844275], [13.861740295137675, 54.875819233427535], [13.869519092008758, 54.87557174239555], [13.875460976672622, 54.87650687688724], [13.879565949129264, 54.878624636902586], [13.883671357641251, 54.880742255834235], [13.887777202208587, 54.88285973368221], [13.893720203647707, 54.883793701232065], [13.901500361958615, 54.8835441584838], [13.909280429972249, 54.88329411819098], [13.91706040768861, 54.8830435803536], [13.92278621777557, 54.881734598913155], [13.926457860233128, 54.879367173869646], [13.930129078748234, 54.87699963876417], [13.933799873320886, 54.87463199359672], [13.937470244091443, 54.87226423840763], [13.941140191059905, 54.8698963731969], [13.942756227894185, 54.86647067973806], [13.942318354594283, 54.861987158031106], [13.940046367020276, 54.85868753765551], [13.935940265172167, 54.85657181861128], [13.929999894576541, 54.855639631971535], [13.922225255233398, 54.85589097773627], [13.916285704196437, 54.85495838576412], [13.912181241465651, 54.85284185605509], [13.908077214079697, 54.850725185248244], [13.903973622038578, 54.84860837334358], [13.89987046523424, 54.84649142038943], [13.895767743666688, 54.8443743263858], [13.89350036555063, 54.841073909562134], [13.893068330886067, 54.83659016991844], [13.890801873652645, 54.833289594057625], [13.886700993850367, 54.83117218197969], [13.882600548840681, 54.8290546289846], [13.878500538623587, 54.82693693507237], [13.874400963091107, 54.82481910029122], [13.870301822243242, 54.82270112464115], [13.86436800543633, 54.82176569839641]]]}}, {"type": "Feature", "properties": {"band": "light", "dbz": 30.0, "source": "OPERA-ORD", "time": "20260725155000"}, "geometry": {"type": "Polygon", "coordinates": [[[14.033463227212875, 54.798270571835424], [14.025700157599612, 54.798528493186126], [14.019989041030925, 54.79984256760201], [14.016329877506813, 54.80221279508308], [14.01267029216108, 54.80458291302242], [14.009010284993721, 54.80695292142003], [14.005349855864981, 54.80932282023583], [14.001689004774855, 54.81169260946982], [14.000080367981694, 54.81511916543647], [14.000523945485497, 54.81960248813578], [14.000967639644013, 54.82408580547389], [14.001411450457242, 54.828569117450826], [14.001855378014842, 54.83305242407903], [14.00229942231681, 54.8375357253585], [14.002743583452894, 54.842019021301724], [14.003187861423097, 54.84650231190869], [14.003632256317255, 54.85098559719185], [14.004076768135372, 54.855468877151225], [14.006354044752701, 54.85876717789041], [14.010464086169243, 54.86088049940941], [14.016406735114819, 54.861808472818524], [14.024181991589428, 54.86155109811773], [14.031957155074066, 54.86129322626629], [14.03973222556873, 54.86103485726421], [14.047507202719132, 54.860775991130396], [14.055282086525269, 54.86051662786486], [14.061000325113291, 54.85920116506272], [14.0646619184832, 54.85682960272396], [14.068323088895415, 54.854457930915316], [14.071983836349936, 54.85208614963677], [14.077700605903608, 54.85076961555225], [14.085473397556429, 54.85050832866176], [14.091189268195452, 54.84919145288986], [14.094848217820676, 54.84681898823656], [14.09850674483032, 54.84444641425508], [14.102164849224385, 54.842073730945415], [14.105822531143355, 54.83970093834761], [14.109479790587226, 54.83732803646166], [14.111080396938679, 54.83390016004712], [14.110624350197716, 54.82941730910398], [14.108340530786096, 54.82612087653702], [14.10422893870382, 54.82401086234625], [14.098289413231525, 54.82308689820557], [14.090521954369208, 54.82334898411498], [14.082754401400377, 54.82361057343847], [14.074986754325034, 54.823871666176025], [14.06904833198428, 54.822946534764085], [14.064939134378118, 54.82083517920263], [14.060830371302607, 54.8187236820443], [14.056722042757745, 54.8166120432891], [14.052614148636543, 54.814500262985355], [14.048506688939003, 54.81238834113309], [14.046228718531339, 54.80909080909624], [14.045780237413554, 54.80460766687483], [14.043503188145873, 54.80130997461311], [14.039397570728296, 54.799197732311086], [14.033463227212875, 54.798270571835424]]]}}, {"type": "Feature", "properties": {"band": "light", "dbz": 30.0, "source": "OPERA-ORD", "time": "20260725155000"}, "geometry": {"type": "Polygon", "coordinates": [[[4.43960754721974, 54.79185844521137], [4.447359275760828, 54.79221396187254], [4.455111131579714, 54.79256898369667], [4.462863114676397, 54.79292351068376], [4.47061522470398, 54.79327754280803], [4.4783674616624625, 54.79363108006948], [4.484334236514538, 54.792777053945365], [4.488515549260207, 54.79071546443568], [4.4909111849197485, 54.7874466772285], [4.491521143493164, 54.782970692323836], [4.492130942170705, 54.778494700109924], [4.492740580952374, 54.77401870058676], [4.493350059960456, 54.769542693743425], [4.493959379194949, 54.76506667957992], [4.494568538778013, 54.76059065808526], [4.495177538709649, 54.75611462925948], [4.493698244367432, 54.75266951496903], [4.490130655751362, 54.750255315213906], [4.484474987129231, 54.74887166478742], [4.476731238501038, 54.74851856368958], [4.4689876163015265, 54.748164968330556], [4.461244120530699, 54.74781087871036], [4.453500751534104, 54.74745629485466], [4.445757509311742, 54.74710121676344], [4.44034733688772, 54.75811293000857], [4.437270234262037, 54.78049143459005], [4.43960754721974, 54.79185844521137]]]}}, {"type": "Feature", "properties": {"band": "light", "dbz": 30.0, "source": "OPERA-ORD", "time": "20260725155000"}, "geometry": {"type": "Polygon", "coordinates": [[[4.590507065923775, 54.77166944434831], [4.582758171182143, 54.77132309337722], [4.575009400644817, 54.77097624772645], [4.567260754311798, 54.77062890739601], [4.559512232529755, 54.77028107241111], [4.55176383529869, 54.76993274277174], [4.545801507876742, 54.77079037764427], [4.541625250263911, 54.772853977028674], [4.541323482651054, 54.775092131947616], [4.54489620503817, 54.77750484240109], [4.55055761417813, 54.77888540546191], [4.5583077100709355, 54.77923382113005], [4.566057930613541, 54.77958174202328], [4.573808275805947, 54.77992916814161], [4.581558745301214, 54.780276099459776], [4.5893093390993425, 54.7806225359778], [4.595271747801812, 54.77976302623195], [4.599445971408622, 54.77769757022222], [4.599745190732669, 54.775459286621484], [4.596169405773951, 54.773048175429736], [4.590507065923775, 54.77166944434831]]]}}, {"type": "Feature", "properties": {"band": "light", "dbz": 30.0, "source": "OPERA-ORD", "time": "20260725155000"}, "geometry": {"type": "Polygon", "coordinates": [[[13.971356088812389, 54.80032004594415], [13.963592283643397, 54.8005739967033], [13.957878903992473, 54.80188515625383], [13.95421594985962, 54.80425352459574], [13.952603575948764, 54.807679470004885], [13.953041782259906, 54.81216299248127], [13.955312322094251, 54.81546229943734], [13.959415195451797, 54.81757739087312], [13.96535024747553, 54.81850789832349], [13.973117478165445, 54.81825382178847], [13.978832415372802, 54.81694223099692], [13.982495059097598, 54.814573125948854], [13.984105565044116, 54.81114687507457], [13.983663933212357, 54.80666347837406], [13.98139183582158, 54.803364602659], [13.977289272871785, 54.80125024792938], [13.971356088812389, 54.80032004594415]]]}}, {"type": "Feature", "properties": {"band": "light", "dbz": 30.0, "source": "OPERA-ORD", "time": "20260725155000"}, "geometry": {"type": "Polygon", "coordinates": [[[12.307085116744863, 54.82538428690513], [12.299309292020336, 54.82553176025818], [12.293540864371337, 54.82676438972617], [12.289779833797867, 54.82908217530912], [12.288026290193955, 54.832485487331894], [12.288280233559604, 54.8369743257945], [12.290415553899283, 54.84030425326697], [12.294432251212992, 54.84247526974929], [12.298449383113542, 54.84464615164784], [12.302466949600927, 54.84681689896262], [12.306484950790919, 54.848987511646726], [12.310503386683525, 54.85115798970017], [12.316403049166631, 54.852168939100956], [12.32418393824024, 54.85202035984908], [12.329954746885338, 54.85078656000832], [12.333715475101924, 54.84846753957869], [12.335466214410813, 54.84506366914328], [12.335206964812006, 54.840574948702084], [12.333068213112574, 54.837245719952264], [12.329049959312517, 54.835075982893834], [12.325032139875542, 54.83290611116125], [12.32101475480165, 54.83073610475452], [12.316997803975312, 54.82856596372052], [12.312981287396521, 54.826395688059236], [12.307085116744863, 54.82538428690513]]]}}, {"type": "Feature", "properties": {"band": "light", "dbz": 30.0, "source": "OPERA-ORD", "time": "20260725155000"}, "geometry": {"type": "Polygon", "coordinates": [[[4.448212985720964, 54.72919811781891], [4.455952839551272, 54.7295530208126], [4.46369281995511, 54.72990742981095], [4.4714329269324775, 54.730261344813954], [4.477085600238018, 54.73164559139648], [4.480650839871734, 54.734060169558525], [4.484216494640863, 54.73647464411151], [4.487782564545407, 54.738889015055435], [4.493436752277613, 54.74027221336378], [4.501179057837482, 54.74062423903656], [4.508921489035087, 54.7409757705172], [4.516664045870426, 54.74132680780571], [4.524406727997969, 54.74167735087666], [4.532149535417718, 54.74202739973002], [4.539892467784054, 54.74237695434044], [4.54763552509698, 54.7427260147079], [4.555378707010798, 54.743074580807125], [4.563122013525508, 54.7434226526381], [4.570865444295331, 54.7437702301756], [4.578608999320267, 54.74411731341962], [4.586352678254455, 54.744463902345], [4.594096481097894, 54.74480999695174], [4.600053483460748, 54.743950216598925], [4.604223685343015, 54.74188456128656], [4.606606876879583, 54.73861339636647], [4.60720305807045, 54.73413672183863], [4.607799083161591, 54.72966004009773], [4.608394952153006, 54.72518335114376], [4.608990665163931, 54.72070665496564], [4.609586222194368, 54.71622995156337], [4.608098528820303, 54.71278616813843], [4.604527585041735, 54.710375304690814], [4.59887360019198, 54.70899699625134], [4.591136574271038, 54.70865124282], [4.583399671867351, 54.708304995550506], [4.57566289298092, 54.70795825444286], [4.56792623795653, 54.70761101952215], [4.560189706794182, 54.707263290788376], [4.554537838895758, 54.70588321412323], [4.550970634261257, 54.703470789526726], [4.549487881676164, 54.70002638183787], [4.550089581140478, 54.695549991056666], [4.550691123234879, 54.69107359292617], [4.551292507959366, 54.686597187446395], [4.551893735433999, 54.68212077460629], [4.5524948056587755, 54.677644354405864], [4.55309571875363, 54.67316792683409], [4.553696474718562, 54.66869149189097], [4.554297073673382, 54.66421504956545], [4.554897515618091, 54.65973859985754], [4.555497800672376, 54.6552621427562], [4.5560979288362375, 54.65078567826143], [4.554616866404837, 54.64734123650047], [4.551054613378173, 54.64492881747334], [4.545411380289882, 54.6435480570416], [4.537687167139963, 54.643198955205264], [4.529963078196338, 54.64284936046938], [4.5222391134590065, 54.64249927283393], [4.516597384617057, 54.64111746598526], [4.51303789167049, 54.63870393992335], [4.511560422799785, 54.63525905869218], [4.51216497800494, 54.630782822291735], [4.512769375376094, 54.62630657839555], [4.513373614913247, 54.62183032700362], [4.51189708498438, 54.6183853704212], [4.5083397855894916, 54.615971708648296], [4.502701928518498, 54.614588977948465], [4.494983513771398, 54.61423717832171], [4.4872652239616855, 54.61388488622919], [4.479547059089359, 54.613532101670906], [4.473606219768971, 54.61438632933801], [4.469442706000519, 54.61644756923051], [4.465278763243281, 54.61850866237813], [4.4611143914972535, 54.620569608780876], [4.4553599189196325, 54.648455228067206], [4.448015345510417, 54.702165520237116], [4.448212985720964, 54.72919811781891]]]}}, {"type": "Feature", "properties": {"band": "light", "dbz": 30.0, "source": "OPERA-ORD", "time": "20260725155000"}, "geometry": {"type": "Polygon", "coordinates": [[[12.245388635219742, 54.80070285591458], [12.24162724926997, 54.80301916063959], [12.239870746431674, 54.80642179792501], [12.240119126704855, 54.81091076777082], [12.240367572362047, 54.8153997336923], [12.240616083403246, 54.81988869568944], [12.242746545761936, 54.823219480582246], [12.246758959438115, 54.825392088370705], [12.25064662494341, 54.825320102589835], [12.25440954227782, 54.823003523239635], [12.256165884540062, 54.819600770409906], [12.255915651730133, 54.815111844100656], [12.255665484756197, 54.81062291385739], [12.255415383618255, 54.806133979680105], [12.25328508183562, 54.80280331033161], [12.249274579408294, 54.800630905811914], [12.245388635219742, 54.80070285591458]]]}}, {"type": "Feature", "properties": {"band": "light", "dbz": 30.0, "source": "OPERA-ORD", "time": "20260725155000"}, "geometry": {"type": "Polygon", "coordinates": [[[11.945891043512933, 54.759819142051555], [11.938126728547077, 54.75994346970215], [11.930362369142543, 54.7600673004161], [11.922597965299325, 54.7601906341934], [11.916827541609269, 54.761405374556254], [11.91305109807238, 54.76371152150467], [11.911268709519906, 54.76710944488402], [11.911480375951845, 54.77159914469432], [11.913581123149914, 54.77493575585642], [11.917570951114111, 54.7771192783703], [11.92156121173347, 54.77930266802748], [11.925551905007989, 54.78148592482796], [11.927654056121511, 54.784822380311546], [11.92786766507404, 54.78931203447824], [11.929970707097123, 54.79264834750346], [11.93396318219076, 54.79483131938721], [11.937956090401142, 54.79701415829007], [11.941949431728265, 54.79919686421205], [11.945943206289096, 54.80137943710673], [11.949937414083632, 54.803561876974115], [11.955820928501259, 54.80459035851569], [11.963593749541976, 54.80446488173145], [11.971366525252394, 54.80433890741422], [11.979139255632514, 54.804212435564], [11.984913613710964, 54.80299501596484], [11.988689599487746, 54.80068664861675], [11.988579699012643, 54.79844188150619], [11.984583912285654, 54.79626071463318], [11.980588558692755, 54.794079414595316], [11.976593638233947, 54.79189798139261], [11.974486794099594, 54.78856248411963], [11.974268026289696, 54.78407292277639], [11.972162073706084, 54.78073728266416], [11.968168936348754, 54.778555563782945], [11.964176231664378, 54.77637371186125], [11.960183959652959, 54.774191726899055], [11.958079413602963, 54.770855930505775], [11.957862593514395, 54.76636632268141], [11.955758937851547, 54.76303038363348], [11.951768446614421, 54.760848113362], [11.945891043512933, 54.759819142051555]]]}}, {"type": "Feature", "properties": {"band": "light", "dbz": 30.0, "source": "OPERA-ORD", "time": "20260725155000"}, "geometry": {"type": "Polygon", "coordinates": [[[12.443788299791027, 54.76878284262273], [12.436023773589861, 54.76893904112131], [12.428259191495185, 54.76909474276435], [12.420494553506996, 54.769249947551856], [12.414737748777345, 54.77048831343419], [12.410988777306235, 54.772809840411355], [12.407239380321014, 54.7751312516774], [12.403489557821686, 54.77745254723233], [12.399739309674052, 54.779773727034296], [12.395988635878116, 54.7820947910833], [12.394245951899148, 54.78549963224321], [12.39451125773715, 54.789988250514014], [12.396652759600764, 54.793316317751255], [12.400670457489987, 54.79548383395492], [12.404555006571673, 54.79540692927715], [12.40830640684583, 54.79308560371794], [12.412057381160292, 54.79076416240337], [12.415807929515065, 54.788442605333444], [12.421567239859357, 54.78720418597094], [12.429335312193164, 54.78704890431586], [12.437103328544342, 54.78689312555986], [12.444871288912887, 54.78673684970291], [12.450629202498153, 54.78549733977538], [12.454377069300136, 54.783174595777254], [12.456114985178179, 54.779768987445564], [12.455842950132283, 54.7752805147803], [12.453697840179904, 54.77195339467911], [12.449679655321042, 54.769787627141994], [12.443788299791027, 54.76878284262273]]]}}, {"type": "Feature", "properties": {"band": "light", "dbz": 30.0, "source": "OPERA-ORD", "time": "20260725155000"}, "geometry": {"type": "Polygon", "coordinates": [[[12.068449572190922, 54.68702108896499], [12.064688542668216, 54.689331948203446], [12.060927088884533, 54.691642690603395], [12.057165210839868, 54.69395331616482], [12.053402908402182, 54.696263824845715], [12.049640181571473, 54.69857421664608], [12.04787196407578, 54.701974148715536], [12.0480982559151, 54.7064636210541], [12.050206766695355, 54.709797881274824], [12.054197496416544, 54.7119769293777], [12.058188657253822, 54.71415584429408], [12.062180249207193, 54.71633462602397], [12.06429016636412, 54.7196687288463], [12.064518408724604, 54.72415815276107], [12.064746711031951, 54.72864757271632], [12.06497507328616, 54.73313698871204], [12.067086398402664, 54.73647093401601], [12.071080686381462, 54.738649408628234], [12.076957856517062, 54.73967204305565], [12.084717908809465, 54.73953883729828], [12.09247791318407, 54.739405134943496], [12.10023786964088, 54.7392709359913], [12.106116232970535, 54.74029242728848], [12.110113003173034, 54.74246960883504], [12.114110205301014, 54.744646656870664], [12.11810783935448, 54.74682357139538], [12.12210590544908, 54.749000352362756], [12.126104403584817, 54.7511769997728], [12.130103333877345, 54.753353513579064], [12.134102696326662, 54.75552989378154], [12.139983924975146, 54.756549460733304], [12.147747019822797, 54.756412214434334], [12.15362908512112, 54.757431390811625], [12.157630120870115, 54.75960698986517], [12.161631589011238, 54.76178245516084], [12.165633489544485, 54.76395778669865], [12.169635822585457, 54.766132984432055], [12.173638588134155, 54.76830804836107], [12.177641786306182, 54.77048297843916], [12.181645417101542, 54.77265777466633], [12.185649480635842, 54.77483243699601], [12.18965397690908, 54.777006965428185], [12.193658906036877, 54.7791813599163], [12.197664268019231, 54.781355620460346], [12.203550872155242, 54.78237208797954], [12.211318718444906, 54.782230762473866], [12.219086513776706, 54.7820889398378], [12.226854258150638, 54.78194662007134], [12.232742052504719, 54.78296194171822], [12.23674989683895, 54.785134904778445], [12.240758174265672, 54.787307733678965], [12.244766884784891, 54.789480428419786], [12.248651109463246, 54.78940851395666], [12.252410848300741, 54.787091990289596], [12.256170160950553, 54.784775350273144], [12.259929047412683, 54.7824585939073], [12.265692207821509, 54.78122756451269], [12.273459642177027, 54.78108226208932], [12.279348492341594, 54.782095319859614], [12.283358758315208, 54.78426673782356], [12.287369457390271, 54.78643802144422], [12.291380589566783, 54.78860917072158], [12.29727062687204, 54.78962108174259], [12.305039569306041, 54.78947375450725], [12.310802086292073, 54.78824087087837], [12.314558177830136, 54.785922430855955], [12.318313843359194, 54.783603874730645], [12.322069082879244, 54.781285202502445], [12.325823896524259, 54.77896641421332], [12.329578284294238, 54.776647509863274], [12.329449599428651, 54.774403110519344], [12.325437841927496, 54.77223321618153], [12.321426517192876, 54.77006318739589], [12.317415625224786, 54.767893024162426], [12.315282024797737, 54.764563527952994], [12.315025715911732, 54.7600746987676], [12.312893010696627, 54.756745056980066], [12.308883909152424, 54.75457460259038], [12.304875239917667, 54.752404013878404], [12.300867002992355, 54.75023329084412], [12.296859198261643, 54.74806243353416], [12.292851825725528, 54.745891441948515], [12.288844885269171, 54.74372031613379], [12.284838376892568, 54.74154905608995], [12.280832300480885, 54.73937766186362], [12.276826656034121, 54.73720613345478], [12.270944406088402, 54.73619293063639], [12.263185550643726, 54.73633805340845], [12.257304134932134, 54.73532445927391], [12.253300158953632, 54.73315214823276], [12.251173710647043, 54.729821489603815], [12.25092479001237, 54.72533248338708], [12.25067593470969, 54.720843473099954], [12.250427144739001, 54.71635445874246], [12.25017842005019, 54.71186544030093], [12.249929760643258, 54.70737641777537], [12.24780525617036, 54.70404558419713], [12.243804906631496, 54.70187293956621], [12.239928397467041, 54.701944694128414], [12.236175728676994, 54.704260847883766], [12.232422635656917, 54.70657688542996], [12.228669118406806, 54.708892806767004], [12.22479255809778, 54.7089640652559], [12.220792954729836, 54.706790660896644], [12.216793782408292, 54.704617122726745], [12.21279504113315, 54.702443450746195], [12.206919461756877, 54.701427120407665], [12.199167044279477, 54.701568131711156], [12.19329229819263, 54.70055141091581], [12.189295223496332, 54.69837695802162], [12.18529857961325, 54.696202371470456], [12.181302366543381, 54.69402765126231], [12.177426510118472, 54.69409740423953], [12.173671010338522, 54.69641163040212], [12.169915086375708, 54.6987257401327], [12.166158738230031, 54.70103973343129], [12.162282832114467, 54.701108990416415], [12.158287368029018, 54.69893351108808], [12.154292334749139, 54.69675789822456], [12.150297732274824, 54.69458215182586], [12.144424878528175, 54.693562783145964], [12.136673773509196, 54.69369979218487], [12.128922619702522, 54.693836305267745], [12.121171417108153, 54.6939723223946], [12.113420166079433, 54.69410784355555], [12.105668866616359, 54.6942428687506], [12.097917519072308, 54.69437739796993], [12.090166123447279, 54.69451143121352], [12.08429516802046, 54.69348941587363], [12.08030465279185, 54.69131135195026], [12.076314568121228, 54.689133154827864], [12.072324914008593, 54.68695482450646], [12.068449572190922, 54.68702108896499]]]}}, {"type": "Feature", "properties": {"band": "light", "dbz": 30.0, "source": "OPERA-ORD", "time": "20260725155000"}, "geometry": {"type": "Polygon", "coordinates": [[[12.362478955088504, 54.70748025954545], [12.354725871402465, 54.707631227736904], [12.346972733899973, 54.707781699873976], [12.339219542581022, 54.70793167595667], [12.331466297799041, 54.70808115597406], [12.32371299955403, 54.708230139926144], [12.317961889925321, 54.709463910909555], [12.314212968912917, 54.711782468924284], [12.314341181423035, 54.714026896830966], [12.318346527455677, 54.71619719462961], [12.324226705072974, 54.71720783314722], [12.331981714274928, 54.7170588123838], [12.339736669971316, 54.716909295432835], [12.347491572162136, 54.71675928229433], [12.355246420493685, 54.7166087729792], [12.363001214965962, 54.71645776748743], [12.368751678655157, 54.71522214635017], [12.372497811561269, 54.71290190956743], [12.372367032743625, 54.710657537244465], [12.368359342202224, 54.7084890293813], [12.362478955088504, 54.70748025954545]]]}}, {"type": "Feature", "properties": {"band": "light", "dbz": 30.0, "source": "OPERA-ORD", "time": "20260725155000"}, "geometry": {"type": "Polygon", "coordinates": [[[11.893438591258118, 54.63484368938263], [11.885697964021492, 54.63496461650728], [11.87795729389362, 54.635085048380994], [11.870216580874501, 54.63520498500377], [11.864462260011589, 54.63641722783294], [11.86069433130488, 54.63872177686851], [11.858912866978052, 54.64211900056461], [11.85911786703111, 54.646608898921265], [11.859322920818656, 54.651098793303454], [11.859528028340698, 54.65558868371118], [11.861618352924895, 54.65892627954531], [11.86559389457124, 54.66111158080585], [11.869466404678144, 54.66105182329915], [11.873235883245604, 54.6587470070252], [11.877004937941326, 54.656442073269346], [11.880773568765308, 54.65413702203159], [11.884646036072002, 54.65407676896474], [11.88862233986141, 54.65626131406879], [11.890714806648651, 54.65959849825488], [11.89092343643373, 54.66408832152298], [11.889143060682173, 54.66748588713863], [11.885373679393975, 54.669791195101816], [11.881603873921962, 54.672096385579124], [11.877833644266133, 54.67440145857056], [11.877937614079375, 54.67664637171961], [11.881915783361691, 54.6788311250263], [11.887779448724972, 54.67986296350426], [11.895528610169219, 54.6797418871535], [11.903277728198274, 54.679620314950476], [11.911026802812136, 54.67949824689519], [11.916785532658217, 54.67828407262098], [11.920553917736516, 54.675977792127874], [11.924321878622234, 54.673671394290466], [11.928089415315366, 54.67136487910878], [11.931963459667493, 54.67130310894247], [11.935944011678615, 54.673486083791545], [11.939924993748367, 54.675668926052424], [11.943906405876742, 54.67785163572512], [11.947888248179522, 54.68003421276352], [11.951870520656701, 54.68221665716766], [11.953969555711938, 54.6855527183752], [11.954185353345231, 54.690042396386154], [11.954401207607361, 54.694532070442776], [11.954617118498327, 54.699021740545064], [11.956717552397315, 54.702357645688274], [11.960702509304323, 54.70453978587241], [11.9646878970693, 54.70672179326745], [11.968673715692248, 54.70890366787337], [11.972659965289123, 54.71108540964403], [11.97664664585993, 54.7132670185794], [11.9805239763773, 54.71320369862414], [11.984291956841233, 54.71089544977824], [11.988059512390125, 54.708587083741534], [11.991826643023973, 54.70627860051401], [11.995593348874742, 54.703970000137815], [11.999359629942433, 54.70166128261294], [12.00312548635898, 54.69935244798148], [12.006890918124387, 54.69704349624346], [12.010655925370564, 54.69473442744095], [12.014420508097515, 54.69242524157394], [12.016191481547526, 54.68902587237194], [12.0159688457206, 54.68453631983493], [12.013864773229855, 54.68120134432988], [12.009879264075295, 54.679020945856784], [12.004012240098655, 54.677994755572755], [11.996263701299942, 54.6781227734778], [11.990397511807497, 54.677096194550764], [11.986413671621326, 54.674915018791644], [11.98243026151103, 54.672733710261696], [11.978447281476614, 54.67055226896092], [11.974464731402525, 54.6683706949354], [11.970482611288766, 54.66618898818513], [11.966500921019795, 54.66400714875616], [11.962519660595612, 54.66182517664853], [11.956656333343876, 54.66079668127938], [11.948910939264584, 54.66092166264874], [11.94304844620115, 54.65989277918161], [11.939068854153575, 54.65771003087798], [11.935089691713825, 54.65552715004856], [11.931110958881902, 54.65334413669335], [11.92713265554221, 54.65116099085833], [11.92315478169475, 54.648977712543505], [11.919177337223934, 54.64679430179485], [11.915200322129762, 54.644610758612366], [11.911223736296652, 54.642427083041994], [11.9072475797246, 54.64024327508374], [11.90327185229804, 54.63805933478354], [11.899296554016967, 54.63587526214138], [11.893438591258118, 54.63484368938263]]]}}, {"type": "Feature", "properties": {"band": "light", "dbz": 30.0, "source": "OPERA-ORD", "time": "20260725155000"}, "geometry": {"type": "Polygon", "coordinates": [[[7.938979357825853, 54.42540513986423], [7.931278766843011, 54.42527307623128], [7.925446407700509, 54.42629625231948], [7.9214822803983465, 54.42847466812883], [7.9213688197991825, 54.43071949203818], [7.925106025903016, 54.43303072404754], [7.92884364995422, 54.4353418399509], [7.9325816919527945, 54.43765283974827], [7.932468172220629, 54.43989765923889], [7.928503090757725, 54.44207629842277], [7.924537584881537, 54.444254805238], [7.920571654592064, 54.4464331796846], [7.918474659427771, 54.44976717165656], [7.918246599388659, 54.454256781153894], [7.918018479884501, 54.45874638626243], [7.917790300915298, 54.46323598698218], [7.919546381634589, 54.466636427106955], [7.923286722042374, 54.46894770663678], [7.927027481266585, 54.47125886997134], [7.930768659307223, 54.47356991711061], [7.9325258841103725, 54.476970248579], [7.932299155676031, 54.481459864376504], [7.932072368080369, 54.48594947583512], [7.931845521323385, 54.49043908295486], [7.933603891539744, 54.49383930570575], [7.937347478729446, 54.49615014408778], [7.943076362164348, 54.497371231353924], [7.950790541844449, 54.49750256750417], [7.956520290636728, 54.498723299809576], [7.960265608541187, 54.501033428270134], [7.964011346128753, 54.50334344030563], [7.9677575033994295, 54.50565333591606], [7.971504080483091, 54.50796311505988], [7.975251077379737, 54.5102727777371], [7.977013513199839, 54.513672447906885], [7.976791387943398, 54.51816212556923], [7.974694918013494, 54.521496955979046], [7.970724103410126, 54.523676939136315], [7.966752862410598, 54.525856789825774], [7.962781195014905, 54.52803650804742], [7.962669621904398, 54.5302813325316], [7.966418143079075, 54.53259126327832], [7.972152970467091, 54.533810973603295], [7.979874104068448, 54.533940463506525], [7.98759528332669, 54.53406945957599], [7.995316508241817, 54.534197961811685], [8.001052694577776, 54.53541658371796], [8.004803842334566, 54.53772532529483], [8.006569874564565, 54.54112455376497], [8.006350791267776, 54.545614269128386], [8.008117639476517, 54.54901338662189], [8.011870419190785, 54.55132190624546], [8.015623619936045, 54.55363030910743], [8.019377241712293, 54.5559385952078], [8.021145244897488, 54.5593376031807], [8.02092762949163, 54.56382733302614], [8.022696449773367, 54.56722622988207], [8.026451705742701, 54.569534293748475], [8.03020738322311, 54.571842240747074], [8.033963482214592, 54.574150070877856], [8.037720002847546, 54.576457784099034], [8.041476945121968, 54.5787653804106], [8.04523430916828, 54.58107285977073], [8.048992094986481, 54.58338022217943], [8.052750302707015, 54.58568746759486], [8.05650893232988, 54.58799459601702], [8.060267983985543, 54.59030160740405], [8.064027457674007, 54.59260850175594], [8.063920575933993, 54.59485339077459], [8.0599473387655, 54.59703627445999], [8.055973673446552, 54.599219025791584], [8.05199957997715, 54.60140164476939], [8.048025058242276, 54.60358413134753], [8.044050108241931, 54.605766485526], [8.040074729861097, 54.607948707258956], [8.036098923099772, 54.610130796546386], [8.034002721116545, 54.61346669689204], [8.033786123911419, 54.617956408295925], [8.03555828132481, 54.62135509052404], [8.039319193356716, 54.623662743576375], [8.043188031889757, 54.62372541249181], [8.047164796923933, 54.62154309727034], [8.05114113324391, 54.61936064958697], [8.055117040849685, 54.61717806944172], [8.06097347397521, 54.61614869811192], [8.068710432620483, 54.61627253559757], [8.074460288796537, 54.6174876784072], [8.078223042503375, 54.61979412654081], [8.07999861923974, 54.62319224819863], [8.079787019005636, 54.62768204338066], [8.079575363336692, 54.632171834528435], [8.079363652232912, 54.636661621641935], [8.081140393198991, 54.640059633143764], [8.084905586234928, 54.64236586903391], [8.090659305621529, 54.64357996081193], [8.098401551358792, 54.64370190847783], [8.104260347885191, 54.642670723166034], [8.108235695200726, 54.64048640487656], [8.112210613377101, 54.63830195430591], [8.116185102414313, 54.63611737145406], [8.120055863738893, 54.636177594813866], [8.123822897350838, 54.638482624385304], [8.127590354391927, 54.640787536520925], [8.131358234862155, 54.64309233122074], [8.135229038919011, 54.643152059264324], [8.139202766562494, 54.640966720651676], [8.143176065079889, 54.63878124987939], [8.147148934471193, 54.63659564694746], [8.15300581040325, 54.63556182326514], [8.160746692876064, 54.63567977883242], [8.168487617184422, 54.63579723912293], [8.17622858332833, 54.63591420413668], [8.18396959095583, 54.636030673865186], [8.191710640066919, 54.636146648308454], [8.197565954148764, 54.63511093749756], [8.201535533201366, 54.63292354143249], [8.203619307435137, 54.62958482860251], [8.203817276850078, 54.625094799007606], [8.204015194435588, 54.62060476542791], [8.204213060191671, 54.616114727863426], [8.204410874157977, 54.61162468630032], [8.204608636334505, 54.60713464073858], [8.20282336404537, 54.60373832555994], [8.199055057290568, 54.601435740764394], [8.195287173151586, 54.59913303836211], [8.191519711628422, 54.59683021835309], [8.189735608757232, 54.593433791722745], [8.18993486453802, 54.58894375847108], [8.188151583098147, 54.58554721939444], [8.184385764437614, 54.58324417449283], [8.178637478656519, 54.582034255885105], [8.170906725754865, 54.58191746357127], [8.163176014490073, 54.58180017671077], [8.155445344862146, 54.581682395303616], [8.149596289168729, 54.582716361979294], [8.145628847409823, 54.58490207673779], [8.141660977871098, 54.58708765952221], [8.137692680552558, 54.58927311033253], [8.131842431511968, 54.59030594122959], [8.12411023074933, 54.59018615221338], [8.116378072708116, 54.59006586855472], [8.108645957388323, 54.58994509025361], [8.102899244564886, 54.588731856073295], [8.09913793423781, 54.586426166013794], [8.097361953067752, 54.58302838797841], [8.097571301054714, 54.57853852196716], [8.095796139221058, 54.575140632204075], [8.09203646756678, 54.57283471868914], [8.088277217586928, 54.570528688062915], [8.084518389281499, 54.56822254032541], [8.082744388387193, 54.56482454023974], [8.082955214904008, 54.56033468780592], [8.083165986324097, 54.55584483122754], [8.08337670264746, 54.551354970504605], [8.081603861343835, 54.547956860160056], [8.077847462413223, 54.5456505001939], [8.07409148445789, 54.54334402324572], [8.070335927477833, 54.54103742931552], [8.066580791343142, 54.53873071844506], [8.062826076053815, 54.53642389063433], [8.05907178147996, 54.53411694592509], [8.055317907621575, 54.53180988431733], [8.053547857569846, 54.52841144097459], [8.053761631324775, 54.52392161589685], [8.051992397253832, 54.52052306124936], [8.04824015535702, 54.51821577703209], [8.044488333697197, 54.5159083760224], [8.040736932274362, 54.51360085822031], [8.038968852801805, 54.51020219366907], [8.039184095279525, 54.50571238236872], [8.039399281589908, 54.50122256681651], [8.039614411732959, 54.49673274701243], [8.037847485518917, 54.493333972620235], [8.034098502947785, 54.491026243639894], [8.030349939917576, 54.48871839799566], [8.026601796428293, 54.48641043568753], [8.024836022134853, 54.48301155151695], [8.025052617037254, 54.47852174548392], [8.025269155460922, 54.474031935149426], [8.025485637405854, 54.46954212051347], [8.02372101369705, 54.46614312662692], [8.019975284334512, 54.463834953489766], [8.016229973818387, 54.461526663816926], [8.012485082148675, 54.459218257608384], [8.008740609196154, 54.45690973490563], [8.00499655496082, 54.454601095708675], [7.999271521812092, 54.45338266669742], [7.991565509749968, 54.453254447871885], [7.983859543020885, 54.453125736299626], [7.976153621624841, 54.45299653198066], [7.970429940850608, 54.451777016850826], [7.9666885006981865, 54.44946719091014], [7.964929223378806, 54.446067420428776], [7.965152108892466, 54.44157770540673], [7.963393642134466, 54.43817782442405], [7.959653823104804, 54.43586777748075], [7.955914422105349, 54.43355761431074], [7.952175439136099, 54.431247334914005], [7.948436874067925, 54.428936939331905], [7.944698726900825, 54.42662642756444], [7.938979357825853, 54.42540513986423]]]}}, {"type": "Feature", "properties": {"band": "light", "dbz": 30.0, "source": "OPERA-ORD", "time": "20260725155000"}, "geometry": {"type": "Polygon", "coordinates": [[[11.583665947807063, 54.58650692969772], [11.579886798371648, 54.58880275539694], [11.57808409433025, 54.592195885011094], [11.578257835682871, 54.596686318540165], [11.578431622520075, 54.60117674814332], [11.578605454841862, 54.60566717382055], [11.57680156777564, 54.609060189537146], [11.573019961321412, 54.6113557952931], [11.569237931450232, 54.61365128250373], [11.565455478162097, 54.61594665116903], [11.565542036702695, 54.61819186435318], [11.569497607072028, 54.620386922056184], [11.573453605858033, 54.62258184880065], [11.57741003306071, 54.62477664458658], [11.581366888796943, 54.62697130936842], [11.585324173066734, 54.629165843146154], [11.591173030876133, 54.63021207023874], [11.598913462225138, 54.63010999064617], [11.604763156744244, 54.631155832730045], [11.608722114433446, 54.633349596490376], [11.612681500899004, 54.63554322909458], [11.616641316140921, 54.63773673054267], [11.622492218658165, 54.63878143810271], [11.630234208450737, 54.63867735177471], [11.637976160985275, 54.6385727700654], [11.645718076261778, 54.638467692974785], [11.651570185995816, 54.639511265618744], [11.655532490187392, 54.64170348799727], [11.659495223406315, 54.64389557900668], [11.663458385652586, 54.64608753864698], [11.669311701820469, 54.647129975982764], [11.677055171909965, 54.64702289101404], [11.682816207697263, 54.64581983942823], [11.686594809182363, 54.643520821225344], [11.68839104166398, 54.640126205085956], [11.688204905142111, 54.63563599101006], [11.688018817367603, 54.63114577301518], [11.687832778340454, 54.62665555110128], [11.68575869293937, 54.623314820314164], [11.681796561164353, 54.62112358065383], [11.675946317831668, 54.62008146373136], [11.668207962941317, 54.62018846954676], [11.660469570148644, 54.62029498023993], [11.65273113945365, 54.62040099581086], [11.646882100665412, 54.619357744200144], [11.642922453783932, 54.61716522540779], [11.642831636444008, 54.61492007567749], [11.64660964864564, 54.612622295009245], [11.650387237620386, 54.61032439610088], [11.654164403368245, 54.60802637895239], [11.654073633569316, 54.60578122528614], [11.650114928223596, 54.603588935102124], [11.646156650890617, 54.60139651371668], [11.642198801570377, 54.599203961129774], [11.638241380146521, 54.59701127738701], [11.63428438661905, 54.59481846248836], [11.628439153615282, 54.59377403414008], [11.620705681135217, 54.59387799234216], [11.612972171895578, 54.59398145576443], [11.605238625896366, 54.5940844244069], [11.599394597777342, 54.59303886271488], [11.595440087538512, 54.590844770688356], [11.591486004945514, 54.588650547718345], [11.587532349998352, 54.58645619380485], [11.583665947807063, 54.58650692969772]]]}}, {"type": "Feature", "properties": {"band": "light", "dbz": 30.0, "source": "OPERA-ORD", "time": "20260725155000"}, "geometry": {"type": "Polygon", "coordinates": [[[11.519832616526418, 54.58620336495318], [11.512100345341057, 54.58630037204978], [11.50634242126594, 54.58749558201891], [11.502558844301065, 54.58978899486057], [11.498774844303812, 54.59208228894157], [11.494990421274183, 54.59437546426194], [11.491205575083248, 54.59666852077928], [11.487420305731003, 54.598961458493605], [11.487502518622389, 54.601206739838034], [11.491452213757398, 54.60340436481257], [11.495402336812294, 54.605601859192845], [11.499352887787076, 54.607799222978855], [11.503303866798802, 54.609996456125174], [11.507255273847473, 54.61219355863177], [11.51309966608159, 54.613243570496124], [11.520837043501157, 54.61314649171821], [11.528574386212032, 54.61304891787344], [11.536311694214223, 54.61295084896183], [11.544048967156126, 54.61285228499045], [11.55178620503774, 54.6127532259593], [11.557546070792366, 54.611556134898734], [11.561328564420005, 54.60926101180875], [11.563133746236886, 54.605868225048944], [11.562961616243008, 54.60137777461933], [11.560899090611883, 54.59803487344632], [11.556946169343512, 54.59583952152993], [11.551102792180943, 54.59479135070011], [11.54336895912418, 54.59489036095687], [11.537526417482002, 54.5938418058506], [11.53357516725441, 54.5916456853813], [11.529624344635234, 54.589449434211204], [11.525673949624476, 54.587253052340316], [11.519832616526418, 54.58620336495318]]]}}, {"type": "Feature", "properties": {"band": "light", "dbz": 30.0, "source": "OPERA-ORD", "time": "20260725155000"}, "geometry": {"type": "Polygon", "coordinates": [[[7.940331898044839, 54.398467001005734], [7.932636353446842, 54.39833503427137], [7.926807867927405, 54.39935828984965], [7.922846441486528, 54.40153676774057], [7.92075199489374, 54.40487083358448], [7.920524528149043, 54.40936048738138], [7.922278615431562, 54.412760918471776], [7.926014256741297, 54.41507212685566], [7.931731531386244, 54.41629374670565], [7.939430439366403, 54.41642577802172], [7.94526068543219, 54.41540218899155], [7.949222269583604, 54.41322297961517], [7.951315113340729, 54.40988851573768], [7.951539216703566, 54.405398797359084], [7.949783368874696, 54.40199869972057], [7.946047569854123, 54.399688222822135], [7.940331898044839, 54.398467001005734]]]}}, {"type": "Feature", "properties": {"band": "light", "dbz": 30.0, "source": "OPERA-ORD", "time": "20260725155000"}, "geometry": {"type": "Polygon", "coordinates": [[[21.423345682450666, 53.841536070640956], [21.415836570968217, 53.842262922758486], [21.408327216302144, 53.84298930149103], [21.400817618452443, 53.84371520683858], [21.395490098948535, 53.845366037765885], [21.392344657790428, 53.84794179427293], [21.39138170857986, 53.85144281554642], [21.392601251316833, 53.85586910158639], [21.39382110276604, 53.86029536645095], [21.395041262927492, 53.86472161014011], [21.39783514408056, 53.867859857062385], [21.40220274622525, 53.86971010721778], [21.40814365506157, 53.870272021180845], [21.415657870589513, 53.86954559895159], [21.423171842378466, 53.868818703021375], [21.430685570428423, 53.86809133339018], [21.43601446412892, 53.86643920494495], [21.439158523479954, 53.86386231768567], [21.44011816396454, 53.86036101087688], [21.43889338558268, 53.85593528451859], [21.437668917011145, 53.85150953685161], [21.436444758249937, 53.84708376787595], [21.43364956869997, 53.843946323686644], [21.42928334836125, 53.842097204283675], [21.423345682450666, 53.841536070640956]]]}}, {"type": "Feature", "properties": {"band": "light", "dbz": 30.0, "source": "OPERA-ORD", "time": "20260725155000"}, "geometry": {"type": "Polygon", "coordinates": [[[26.376696798075347, 53.16896919064159], [26.369394081411542, 53.1700058584438], [26.364343609227006, 53.171872594346304], [26.361545381521733, 53.17456939834909], [26.358746829064632, 53.177266138635915], [26.355947951855697, 53.17996281520676], [26.353148749759416, 53.182659428040246], [26.350349222775787, 53.18535597713639], [26.35120277498617, 53.187534798366016], [26.35570940639056, 53.18919589172912], [26.360216407717793, 53.190856802729975], [26.36472377896787, 53.19251753136859], [26.369231520169826, 53.194178077595865], [26.37373963132366, 53.1958384414118], [26.37824811245837, 53.197498622767355], [26.382756963573954, 53.199158621662505], [26.387266184699357, 53.20081843804816], [26.391775775834578, 53.20247807192433], [26.395429400307755, 53.20195909557037], [26.39822705811889, 53.19926150898628], [26.40102439104656, 53.196563858791414], [26.403821399090752, 53.193866144985755], [26.406618082387148, 53.19116836759066], [26.409414440935745, 53.18847052660614], [26.409956428026774, 53.1849432199153], [26.40824404366024, 53.18058644751814], [26.405134174112238, 53.17757847669365], [26.400626819382772, 53.175919307441816], [26.396119834105164, 53.1742599557513], [26.39161321827942, 53.17260042162212], [26.387106971876726, 53.17094070510327], [26.382601094897076, 53.16928080619475], [26.376696798075347, 53.16896919064159]]]}}, {"type": "Feature", "properties": {"band": "light", "dbz": 30.0, "source": "OPERA-ORD", "time": "20260725155000"}, "geometry": {"type": "Polygon", "coordinates": [[[7.566249313401907, 54.211709325183506], [7.558589703102862, 54.211553526434116], [7.552778366889653, 54.21255873548341], [7.54881530476228, 54.21472495233141], [7.544851823511794, 54.21689103605652], [7.540887923138197, 54.21905698665877], [7.536923603532307, 54.2212228040929], [7.532958864694125, 54.223388488358914], [7.528993706514468, 54.22555403941157], [7.525028128993336, 54.227719457250856], [7.521062132021541, 54.2298847418315], [7.517095715599084, 54.2320498931535], [7.516961014885373, 54.23429433645968], [7.520658029880408, 54.23661807175006], [7.5243554571524065, 54.238941693010055], [7.528053296701367, 54.24126520023968], [7.531751548655788, 54.243588593398556], [7.535450213015668, 54.24591187248667], [7.539282846765053, 54.24599057282369], [7.543249449903941, 54.24382469440963], [7.545366239125652, 54.240497285623036], [7.545633214430187, 54.23600834646392], [7.547749133392518, 54.232680792462006], [7.551713996012645, 54.230514623617296], [7.55567843918471, 54.228348321632225], [7.5596424629087124, 54.22618188650679], [7.56360606729398, 54.22401531828623], [7.567569252340513, 54.22184861697055], [7.571532018157637, 54.21968178260497], [7.575494364745349, 54.21751481518951], [7.575626433167263, 54.21527030475089], [7.571928223423374, 54.21294825128909], [7.566249313401907, 54.211709325183506]]]}}, {"type": "Feature", "properties": {"band": "light", "dbz": 30.0, "source": "OPERA-ORD", "time": "20260725155000"}, "geometry": {"type": "Polygon", "coordinates": [[[26.192300183030277, 53.13062818256912], [26.185000007411496, 53.13165322443709], [26.179946168743477, 53.13351202289297], [26.177138667026213, 53.136204577936766], [26.17798194683612, 53.138384884065324], [26.182476008173197, 53.140052941278654], [26.186970439165457, 53.14172081700103], [26.191465239812906, 53.14338851123244], [26.195960410145506, 53.14505602392396], [26.20045595016326, 53.14672335507561], [26.2049518598961, 53.14839050463844], [26.209448139344012, 53.15005747261248], [26.213944788536892, 53.15172425894877], [26.218441807474733, 53.1533908636473], [26.2220931450923, 53.152877369003264], [26.224898801389585, 53.15018377501665], [26.22545599266748, 53.14665702231477], [26.22376471892599, 53.142297110897616], [26.220671311678775, 53.139283878955105], [26.216175770925826, 53.13761732648723], [26.211680599624668, 53.13595059244083], [26.207185797775296, 53.134283676815905], [26.202691365347874, 53.13261657966137], [26.198197302342404, 53.13094930097721], [26.192300183030277, 53.13062818256912]]]}}, {"type": "Feature", "properties": {"band": "light", "dbz": 30.0, "source": "OPERA-ORD", "time": "20260725155000"}, "geometry": {"type": "Polygon", "coordinates": [[[7.4300600560318655, 54.18189799140987], [7.42240642466016, 54.18173350515299], [7.416595945104044, 54.182732118247955], [7.412628617363516, 54.184893830694776], [7.410504344060719, 54.18821900532656], [7.410223125195655, 54.192707642143304], [7.4119263996675855, 54.19611544280686], [7.415614167476512, 54.198442407317216], [7.42128652609499, 54.199688172656984], [7.428943475523017, 54.199852738826145], [7.434755711127057, 54.19885380275116], [7.438723232907112, 54.19669136443203], [7.440845944201656, 54.193365786907954], [7.44112384501069, 54.18887707017895], [7.4394188144908355, 54.18546959249541], [7.435730852642091, 54.18314335385734], [7.4300600560318655, 54.18189799140987]]]}}, {"type": "Feature", "properties": {"band": "light", "dbz": 30.0, "source": "OPERA-ORD", "time": "20260725155000"}, "geometry": {"type": "Polygon", "coordinates": [[[7.540665390831338, 54.15837723889122], [7.536706944638583, 54.1605430921524], [7.53274808062028, 54.16270881241958], [7.528788798776429, 54.16487439969274], [7.522983664241556, 54.16587792226431], [7.515332677015662, 54.16571938013426], [7.509526737731011, 54.16672251565616], [7.505565846387601, 54.168887328830024], [7.503449909195067, 54.17221418238978], [7.50317892615341, 54.17670307633543], [7.502907872990107, 54.18119196521587], [7.502636749705159, 54.185680849031115], [7.504347350774506, 54.18908735781187], [7.508039676198147, 54.19141149155813], [7.513713819929753, 54.19265288725277], [7.52136978196932, 54.192811544895804], [7.52704477928026, 54.194052591788996], [7.53073881186257, 54.19637602793235], [7.534433255788928, 54.198699350110715], [7.538128111059333, 54.20102255832408], [7.541956589163828, 54.20110116305854], [7.545918690102415, 54.19893516431409], [7.549880372351515, 54.19676903250945], [7.55384163591113, 54.194602767644604], [7.5578024808902775, 54.19243636976471], [7.561762907288957, 54.19026983886976], [7.565722915216185, 54.18810317500492], [7.569682504671961, 54.18593637817017], [7.573641675765295, 54.18376944841066], [7.577600428496186, 54.18160238572639], [7.57971115145424, 54.17827431206378], [7.5799738446394525, 54.17378522742281], [7.5782579905533165, 54.17037969292388], [7.574563589195832, 54.16805770856698], [7.568890731827536, 54.16681891154967], [7.56123941844843, 54.166663301871964], [7.555567413009122, 54.165424155906514], [7.551874715509609, 54.16310147365332], [7.548182428551818, 54.1607786774602], [7.544490552135749, 54.158455767327155], [7.540665390831338, 54.15837723889122]]]}}, {"type": "Feature", "properties": {"band": "light", "dbz": 30.0, "source": "OPERA-ORD", "time": "20260725155000"}, "geometry": {"type": "Polygon", "coordinates": [[[16.21705893413641, 53.984667769391415], [16.209462897285725, 53.985064310425535], [16.203932829793935, 53.98647970105578], [16.200468731661033, 53.98891394128214], [16.199070832801066, 53.992367386571814], [16.199739133214024, 53.996840036924795], [16.20214029138423, 54.00009551955024], [16.20627430731168, 54.002133834448145], [16.212140950860924, 54.002954625974915], [16.219740222031962, 54.00255789413055], [16.22527167627314, 54.00114205256551], [16.22873531358446, 53.998707101279784], [16.230131364873596, 53.99525339586555], [16.229459830140556, 53.99078093632279], [16.227057285220962, 53.98752590463215], [16.22292373011482, 53.98548830079362], [16.21705893413641, 53.984667769391415]]]}}, {"type": "Feature", "properties": {"band": "light", "dbz": 30.0, "source": "OPERA-ORD", "time": "20260725155000"}, "geometry": {"type": "Polygon", "coordinates": [[[15.949562831520389, 53.827096812202285], [15.941993174832529, 53.82747614366103], [15.936474866748975, 53.82887908815286], [15.933007907269726, 53.83130564567776], [15.931592514387823, 53.83475617054559], [15.932228688103264, 53.83923066275633], [15.934599144167848, 53.84249183087624], [15.938703882581581, 53.84453967490532], [15.944542685142263, 53.84537384035829], [15.952115551849893, 53.844994327235156], [15.957635246463468, 53.84359093753797], [15.96110176898299, 53.84116367126674], [15.96251533837528, 53.83771288285793], [15.96187595464034, 53.83323857231156], [15.959504112045732, 53.82997784939701], [15.955399810591457, 53.827930714114274], [15.949562831520389, 53.827096812202285]]]}}, {"type": "Feature", "properties": {"band": "light", "dbz": 30.0, "source": "OPERA-ORD", "time": "20260725155000"}, "geometry": {"type": "Polygon", "coordinates": [[[6.794048504472812, 53.906897027871125], [6.790075499569469, 53.90903815877505], [6.786102082490633, 53.91117915459409], [6.782128253236301, 53.91332001532823], [6.778154011703337, 53.91546074093246], [6.774179357891738, 53.91760133140676], [6.772018324356022, 53.920915134294624], [6.771670911096189, 53.925402149596074], [6.773311640232611, 53.92881889444001], [6.776940511765286, 53.93116536882644], [6.780742766490275, 53.93126820635504], [6.784718404407577, 53.9291274070258], [6.788693629726465, 53.92698647254709], [6.7926684424469395, 53.9248454029189], [6.796642842672286, 53.922704198186295], [6.8006168304025065, 53.92056285834928], [6.802775811438061, 53.917248625427185], [6.80311978577895, 53.91276149942002], [6.801477581443168, 53.909345067917116], [6.797849198430712, 53.90699933091848], [6.794048504472812, 53.906897027871125]]]}}, {"type": "Feature", "properties": {"band": "light", "dbz": 30.0, "source": "OPERA-ORD", "time": "20260725155000"}, "geometry": {"type": "Polygon", "coordinates": [[[6.929716113639406, 53.90035711058533], [6.922116009903213, 53.9001608214573], [6.916332892108744, 53.901135293960174], [6.912366760255996, 53.90328052809396], [6.910217500148459, 53.906596883136146], [6.90988511178613, 53.91108435908672], [6.907734989328338, 53.91440056470313], [6.903767132775085, 53.91654549998536], [6.899798863906608, 53.91869030060023], [6.895830182722906, 53.920834966547744], [6.891861089120271, 53.92297949778292], [6.8878915830987, 53.925123894305756], [6.88392166455448, 53.92726815607129], [6.879951333487614, 53.929412283079536], [6.879783701520245, 53.93165597055527], [6.883418768652376, 53.933999218498506], [6.88903948180134, 53.93527005235896], [6.896645840967133, 53.935468472136634], [6.9024338502486255, 53.93449524405423], [6.906403509645815, 53.93235036811175], [6.910372756408368, 53.930205357482734], [6.9143415905362815, 53.92806021216719], [6.920128505674011, 53.92708585494597], [6.927733501821555, 53.927282285819096], [6.933519629904011, 53.92630753951438], [6.937486889921381, 53.92416161603184], [6.941453737508018, 53.922015558010564], [6.945420172663925, 53.919869365450566], [6.949386195493024, 53.917723038396794], [6.953351805995314, 53.91557657684924], [6.9535160043214335, 53.91333278283683], [6.9498787904713835, 53.91099165635956], [6.946241979777047, 53.908650418864106], [6.942605572238424, 53.90630907035046], [6.93896956772871, 53.90396761085757], [6.935333966247906, 53.90162604038542], [6.929716113639406, 53.90035711058533]]]}}, {"type": "Feature", "properties": {"band": "light", "dbz": 30.0, "source": "OPERA-ORD", "time": "20260725155000"}, "geometry": {"type": "Polygon", "coordinates": [[[6.886602137033806, 53.891368979772], [6.882635410954221, 53.8935132262362], [6.878668273093796, 53.89565733802648], [6.874700723452529, 53.89780131514284], [6.868917166692318, 53.898773219445246], [6.861317602813163, 53.898573050933706], [6.8555332609565145, 53.89954456600574], [6.851564141122373, 53.90168776466134], [6.851395137664465, 53.903931421832006], [6.855026250582791, 53.906275537517736], [6.858657766366499, 53.90861954253534], [6.862289685015592, 53.91096343688482], [6.865922006657156, 53.91330722052734], [6.869554731291189, 53.915650893462875], [6.873355769616804, 53.91575077130112], [6.877325121633998, 53.913606854042065], [6.88129406144791, 53.91146280204493], [6.885262589058538, 53.90931861530973], [6.889230704569447, 53.9071742938814], [6.893198407980638, 53.90502983775993], [6.895349183249955, 53.901713889592244], [6.895683030377398, 53.89722644937833], [6.89403384047424, 53.8938112610885], [6.890401613540479, 53.89146832472276], [6.886602137033806, 53.891368979772]]]}}, {"type": "Feature", "properties": {"band": "light", "dbz": 30.0, "source": "OPERA-ORD", "time": "20260725155000"}, "geometry": {"type": "Polygon", "coordinates": [[[15.865058633709268, 53.76821966445645], [15.857498919361152, 53.76859355212475], [15.851985502299048, 53.76999255870405], [15.848518382522954, 53.772416684194354], [15.84505087121062, 53.774840709384065], [15.841582968362044, 53.777264634273166], [15.83606810833783, 53.77866262292632], [15.828506291137973, 53.77903467534351], [15.822990576520148, 53.78043234527381], [15.819520964484362, 53.78285563271722], [15.818097668265121, 53.7863048916838], [15.818720687862434, 53.79078012217353], [15.819343866567003, 53.79525534350286], [15.819967204378827, 53.799730555671786], [15.82232647029841, 53.80299406209392], [15.82642166432575, 53.80504586276925], [15.832252572860511, 53.80588560341948], [15.839819195902697, 53.80551328404461], [15.84738569308599, 53.805140483168394], [15.85495206441039, 53.804767200790856], [15.860469699309371, 53.80336832571042], [15.863938597782932, 53.800943857927095], [15.867407104202803, 53.79851928985859], [15.870875218568987, 53.796094621504906], [15.87434294101464, 53.79366985290155], [15.877810271539767, 53.79124498404852], [15.879229224303536, 53.78779511275487], [15.878599799305944, 53.783320239020604], [15.877970534907163, 53.7788453560215], [15.877341431107194, 53.77437046375754], [15.874979782126236, 53.77110794337475], [15.870885587964295, 53.76905779487312], [15.865058633709268, 53.76821966445645]]]}}, {"type": "Feature", "properties": {"band": "light", "dbz": 30.0, "source": "OPERA-ORD", "time": "20260725155000"}, "geometry": {"type": "Polygon", "coordinates": [[[6.961424208953801, 53.8831868075434], [6.953827097078214, 53.88299255171333], [6.948047122178447, 53.88396857877792], [6.944084284254496, 53.88611488873717], [6.941938470399091, 53.889431840713634], [6.941609680612232, 53.89391943470731], [6.9432631241964495, 53.8973338971725], [6.946898801151743, 53.89967522810923], [6.952516824494252, 53.90094306821422], [6.960117194223974, 53.90113741748746], [6.9658989106182085, 53.90016107791893], [6.969861973676957, 53.89801404950862], [6.972006271172834, 53.894696691585054], [6.97233180310584, 53.89020900414822], [6.970676618027156, 53.88679485418697], [6.967040715936781, 53.884454241701285], [6.961424208953801, 53.8831868075434]]]}}, {"type": "Feature", "properties": {"band": "light", "dbz": 30.0, "source": "OPERA-ORD", "time": "20260725155000"}, "geometry": {"type": "Polygon", "coordinates": [[[15.780797146822234, 53.70928008763672], [15.773247364841012, 53.70964854836627], [15.76773884707645, 53.7110436277031], [15.764271593528546, 53.71346532564723], [15.762845814538744, 53.716913995574735], [15.763461510107042, 53.72138963748562], [15.765811630397685, 53.72465438655516], [15.769896175410668, 53.72670824278333], [15.775714934603307, 53.727550852619444], [15.783267907975603, 53.72718221606349], [15.78877781061437, 53.725786695373586], [15.792244642519606, 53.723364290549725], [15.79366861499267, 53.71991535509556], [15.793049728033564, 53.71543988901108], [15.790698222868718, 53.71217558129462], [15.786614099498136, 53.710122431946175], [15.780797146822234, 53.70928008763672]]]}}, {"type": "Feature", "properties": {"band": "light", "dbz": 30.0, "source": "OPERA-ORD", "time": "20260725155000"}, "geometry": {"type": "Polygon", "coordinates": [[[5.29351414642438, 53.00056009889554], [5.28608174091574, 53.00026019301731], [5.278649432215964, 52.9999598146789], [5.2712172203250525, 52.99965896388031], [5.263785105542617, 52.99935764064108], [5.256353087868657, 52.99905584496122], [5.248921167602727, 52.99875357686036], [5.24148934474483, 52.99845083633848], [5.235791060867244, 52.99934408412854], [5.231826315969973, 53.00143332023052], [5.22959494327176, 53.00471889226412], [5.229096942772605, 53.009200800229365], [5.230582084861234, 53.01263812557315], [5.234050369537646, 53.01503086829548], [5.237519032797484, 53.017423508350056], [5.240988074640748, 53.01981604573686], [5.2444574951898435, 53.02220848042085], [5.2479272944447715, 53.02460081240203], [5.251397472527969, 53.02699304164532], [5.254868029439437, 53.02938516815072], [5.258338965301641, 53.03177719188313], [5.26181028011458, 53.03416911284255], [5.267265126457459, 53.03551563929982], [5.274703504330277, 53.03581677125495], [5.2804054533041915, 53.034921907549105], [5.284370973379204, 53.03283104818229], [5.28833610112471, 53.03074005086997], [5.29230083654071, 53.02864891561216], [5.296265179716896, 53.026557642452666], [5.300229130653271, 53.02446623139149], [5.302456377611861, 53.02117940478424], [5.302946920592669, 53.01669716263091], [5.303437340691978, 53.01221491166679], [5.303927637909789, 53.00773265189186], [5.3024371771836964, 53.004296154461954], [5.298965958513699, 53.00190541937709], [5.29351414642438, 53.00056009889554]]]}}, {"type": "Feature", "properties": {"band": "light", "dbz": 30.0, "source": "OPERA-ORD", "time": "20260725155000"}, "geometry": {"type": "Polygon", "coordinates": [[[5.28160369340052, 52.973066725273625], [5.274176097973399, 52.97276608496154], [5.266748599433983, 52.972464972535874], [5.259321197782274, 52.97216338799664], [5.251893893317149, 52.97186133136338], [5.244466686038609, 52.971558802636096], [5.23877205057771, 52.97245222279675], [5.234809986934453, 52.9745415918453], [5.234561807159375, 52.976782594759605], [5.238027511252479, 52.97917523153966], [5.243474735820189, 52.9805228495742], [5.250903480862505, 52.98082544886322], [5.258332323165149, 52.98112757594929], [5.265761262728122, 52.981429230832404], [5.2731902992523185, 52.981730413492976], [5.28061943273774, 52.98203112393101], [5.2863140786651535, 52.98113591781925], [5.290274237034559, 52.9790447951577], [5.2905201099429675, 52.97680368672761], [5.2870516973903765, 52.97441259252898], [5.28160369340052, 52.973066725273625]]]}}, {"type": "Feature", "properties": {"band": "light", "dbz": 30.0, "source": "OPERA-ORD", "time": "20260725155000"}, "geometry": {"type": "Polygon", "coordinates": [[[16.79059607573157, 52.4116010518147], [16.787284594211187, 52.41405224841266], [16.78597618498253, 52.41751338920398], [16.786670848045603, 52.42198447418866], [16.789021989753422, 52.425229911563854], [16.79302961010599, 52.427249701329565], [16.79869348010084, 52.428043505252774], [16.806013599737977, 52.4276113233335], [16.811329171083155, 52.42616929594759], [16.814640194136373, 52.42371742309503], [16.81429167010212, 52.42148196094979], [16.81028359898038, 52.41946290951185], [16.806275906014044, 52.41744371434892], [16.80226859120311, 52.415424375461], [16.798261654471172, 52.413404892891705], [16.794255095818233, 52.41138526664105], [16.79059607573157, 52.4116010518147]]]}}, {"type": "Feature", "properties": {"band": "light", "dbz": 30.0, "source": "OPERA-ORD", "time": "20260725155000"}, "geometry": {"type": "Polygon", "coordinates": [[[25.47339531049649, 50.009428268380645], [25.470709519792337, 50.01210484331507], [25.468023450172556, 50.01478135407835], [25.465337101637147, 50.017457800670506], [25.46265047407957, 50.020134183072976], [25.459963567499827, 50.022810501285775], [25.459350819254478, 50.02633908299808], [25.460812229343528, 50.030719928209884], [25.46227397245903, 50.03510073659813], [25.463736048600975, 50.03948150816283], [25.463123091365745, 50.04301005334988], [25.46043510075333, 50.045686372159295], [25.455671632968848, 50.04751017510895], [25.448832688012292, 50.04848146219882], [25.444068513318346, 50.050305040156964], [25.441379108887016, 50.05298090898337], [25.440764918272436, 50.05650935825123], [25.442225941474604, 50.06089038796056], [25.44368729786392, 50.06527138092717], [25.445148987440383, 50.069652337151055], [25.444534586540478, 50.07318074996786], [25.4418440951642, 50.07585661937757], [25.439153323791032, 50.07853242449451], [25.436462272420968, 50.0812081653187], [25.4371933186882, 50.083398639001295], [25.44134646259272, 50.085103845542314], [25.446845153399558, 50.0854708227742], [25.453689391108703, 50.08449957069695], [25.460533369745278, 50.08352789546167], [25.467377089309288, 50.08255579706836], [25.47214347033377, 50.08073145919872], [25.474832512818733, 50.07805488185274], [25.477521275507343, 50.0753782403154], [25.4802097583996, 50.07270153458673], [25.4828979616025, 50.070024764685286], [25.485585885116038, 50.06734793061108], [25.48619721187199, 50.063819339818], [25.48473194187035, 50.05943899230607], [25.483267005782054, 50.05505860791092], [25.481802403607098, 50.05067818663258], [25.482413522366922, 50.04714955946187], [25.48510036206153, 50.044472726398794], [25.48778692250298, 50.0417958291944], [25.49047320369128, 50.039118867848686], [25.491084114719655, 50.03559020425088], [25.489619655588097, 50.03120983840099], [25.488155529965905, 50.02682943563396], [25.48669173785307, 50.0224489959498], [25.485228279034725, 50.018068519352795], [25.483765153510863, 50.01368800584295], [25.48095974452384, 50.010645807044384], [25.476812052073658, 50.00894192295708], [25.47339531049649, 50.009428268380645]]]}}, {"type": "Feature", "properties": {"band": "light", "dbz": 30.0, "source": "OPERA-ORD", "time": "20260725155000"}, "geometry": {"type": "Polygon", "coordinates": [[[21.994851170939327, 50.09987433479553], [21.99197014455676, 50.102465991852604], [21.9910990150665, 50.105975665980324], [21.992237782468543, 50.1104033571787], [21.99337681251714, 50.114831021934066], [21.994516105212302, 50.11925866024643], [21.997096717086947, 50.12239036365854], [22.001118648141077, 50.124226132170385], [22.006581548104798, 50.12476566260585], [22.013485416978106, 50.12400895496495], [22.020389081442033, 50.12325181668217], [22.027292541496582, 50.122494247757515], [22.032755984911407, 50.123032682786544], [22.036779411686517, 50.124867121769256], [22.040803165689766, 50.12670140643937], [22.04482724692114, 50.1285355367969], [22.048278982350812, 50.12815606641175], [22.05115837197878, 50.12556299528389], [22.052025657791205, 50.12205298674232], [22.050880839788103, 50.117626040787], [22.048296951637585, 50.1144955503122], [22.044273993339644, 50.11266151531791], [22.0388116134626, 50.11212363288431], [22.03190981200644, 50.112881903011406], [22.02644796912747, 50.11234361108498], [22.022426084825696, 50.11050875710503], [22.018404527522392, 50.10867374893276], [22.014383297217556, 50.10683858656817], [22.010362393867645, 50.10500327005172], [22.00634181747266, 50.1031677993834], [22.00232156798903, 50.10133217460368], [21.998301645416745, 50.09949639571255], [21.994851170939327, 50.09987433479553]]]}}, {"type": "Feature", "properties": {"band": "light", "dbz": 30.0, "source": "OPERA-ORD", "time": "20260725155000"}, "geometry": {"type": "Polygon", "coordinates": [[[22.059613085634616, 50.02788115846198], [22.05272372592669, 50.028640570031335], [22.047841862376437, 50.03031679388678], [22.044967494983844, 50.032909830028316], [22.045538336962316, 50.035123436018594], [22.049554388311854, 50.03695761185764], [22.053570765399797, 50.03879163365293], [22.05758746822616, 50.04062550140446], [22.06160449683411, 50.04245921507193], [22.065621851223653, 50.04429277465533], [22.069067361841256, 50.04391273411805], [22.07194102868692, 50.04131909346009], [22.072805955831996, 50.03780880040854], [22.07166214327649, 50.033381854963416], [22.069082119121198, 50.03025164984996], [22.065065883366117, 50.02841818506818], [22.059613085634616, 50.02788115846198]]]}}, {"type": "Feature", "properties": {"band": "light", "dbz": 30.0, "source": "OPERA-ORD", "time": "20260725155000"}, "geometry": {"type": "Polygon", "coordinates": [[[18.98945567108713, 50.213261260941664], [18.982502455425987, 50.213828388425156], [18.977501519432273, 50.21536824972153], [18.974452863105988, 50.21788084483077], [18.973356752056112, 50.22136648650795], [18.974213186282647, 50.225825174753055], [18.97659459504821, 50.22902750510721], [18.980500978352797, 50.23097347757041], [18.98593207035728, 50.23166277924957], [18.992887871061654, 50.23109541014469], [18.99831954318786, 50.23178431911368], [19.00222708673589, 50.233729506156514], [19.0046107682263, 50.236931284115215], [19.00547058765909, 50.24138965298979], [19.00785502714002, 50.24459124666761], [19.011764086669093, 50.2465360651487], [19.015242723941803, 50.246251634897945], [19.018290938958152, 50.243737955915336], [19.01938449007237, 50.240251992584234], [19.018523377284453, 50.23579374490461], [19.0176624648945, 50.23133547776255], [19.01680175290251, 50.22687719115804], [19.014417802877297, 50.22367566286323], [19.010510614818863, 50.22173089287815], [19.00660376097605, 50.219785978651096], [19.002697241348855, 50.21784092018207], [18.99879105588087, 50.21589571751064], [18.99488520457209, 50.21395037063682], [18.98945567108713, 50.213261260941664]]]}}, {"type": "Feature", "properties": {"band": "light", "dbz": 30.0, "source": "OPERA-ORD", "time": "20260725155000"}, "geometry": {"type": "Polygon", "coordinates": [[[17.44786799705339, 50.17553584004005], [17.444741859859942, 50.178006545547824], [17.44161540589675, 50.18047716244709], [17.43848863516382, 50.18294769073785], [17.43536154755839, 50.185418130393046], [17.43223414308046, 50.18788848141268], [17.432588875343118, 50.190124112175525], [17.436425744346366, 50.192125022681594], [17.44026294884503, 50.19412579444726], [17.444100488839116, 50.19612642747253], [17.447938364391057, 50.19812692171864], [17.45177657550085, 50.2001272771856], [17.457178530010694, 50.20089189687263], [17.46414422792059, 50.20042078077975], [17.469190167620205, 50.198949537211035], [17.472316349109548, 50.19647816616646], [17.47196014622278, 50.19424265245502], [17.468121558959904, 50.192242996076715], [17.46428330713492, 50.19024320086772], [17.46044539074782, 50.18824326682805], [17.458170804773605, 50.185007735926746], [17.457459549212274, 50.18053660816378], [17.455185707486233, 50.17730090503326], [17.451349279595487, 50.1753006265352], [17.44786799705339, 50.17553584004005]]]}}, {"type": "Feature", "properties": {"band": "light", "dbz": 30.0, "source": "OPERA-ORD", "time": "20260725155000"}, "geometry": {"type": "Polygon", "coordinates": [[[20.29833543963671, 49.86248296086796], [20.29144753207582, 49.86313174416024], [20.286524030354535, 49.86472997443228], [20.283564934472853, 49.867277651684056], [20.282570541943212, 49.87077508218963], [20.283540852765608, 49.87522226594901], [20.28599133928591, 49.87839554293757], [20.289922001504124, 49.880294913155296], [20.295332541653373, 49.88092007019604], [20.302222959733665, 49.8802710140598], [20.307147418814996, 49.87867234105844], [20.310105918897367, 49.87612405119197], [20.311098758267732, 49.87262645080102], [20.310125936926088, 49.86817953988559], [20.307674493045738, 49.86500670562636], [20.303744426626686, 49.86310794802333], [20.29833543963671, 49.86248296086796]]]}}, {"type": "Feature", "properties": {"band": "light", "dbz": 30.0, "source": "OPERA-ORD", "time": "20260725155000"}, "geometry": {"type": "Polygon", "coordinates": [[[18.902525854480448, 49.89541668479761], [18.89949239577265, 49.89792745654766], [18.898396156944, 49.90141294879977], [18.899237137994497, 49.90587316155394], [18.901595484543833, 49.909077929212756], [18.905471196592, 49.91102725177625], [18.909347237736757, 49.91297643143763], [18.913223607978107, 49.91492546819691], [18.917100307371634, 49.916874362015236], [18.920977335917335, 49.9188231128926], [18.926371297865344, 49.91951590138561], [18.93328219321566, 49.91895272749426], [18.940192937064488, 49.91838912015961], [18.94710352941182, 49.91782507938166], [18.95207472854195, 49.91628696911012], [18.955106534454874, 49.913774789344984], [18.95619920764321, 49.9102888503416], [18.95535274810695, 49.905829152099976], [18.952991021608433, 49.90262548418036], [18.949114028147648, 49.90067784658276], [18.94372150745568, 49.89998592918778], [18.936813459532523, 49.90054973199541], [18.9299052603196, 49.90111310153576], [18.922996909816916, 49.901676037808826], [18.917605051295876, 49.90098305150387], [18.913729684756476, 49.8990341426209], [18.909854647073672, 49.897085090865204], [18.905979938247455, 49.89513589623678], [18.902525854480448, 49.89541668479761]]]}}, {"type": "Feature", "properties": {"band": "light", "dbz": 30.0, "source": "OPERA-ORD", "time": "20260725155000"}, "geometry": {"type": "Polygon", "coordinates": [[[18.885352263632385, 49.87869722567458], [18.882318902019865, 49.88120754439804], [18.879285233506863, 49.883717779446016], [18.87625125809337, 49.88622793081851], [18.873216975677053, 49.88873799849036], [18.870182386257913, 49.89124798246157], [18.870601631742307, 49.89347820694885], [18.87447471213024, 49.8954286719522], [18.879865244026103, 49.896123795396974], [18.886773227429888, 49.89556357728316], [18.891744034695378, 49.89402818575224], [18.894777665822573, 49.89151762080421], [18.895874379266644, 49.88803219265303], [18.895034175027597, 49.8835719012987], [18.892677790790717, 49.88036683329437], [18.888805226556, 49.878416988640026], [18.885352263632385, 49.87869722567458]]]}}, {"type": "Feature", "properties": {"band": "light", "dbz": 30.0, "source": "OPERA-ORD", "time": "20260725155000"}, "geometry": {"type": "Polygon", "coordinates": [[[20.90833916590217, 49.45791931477455], [20.901515944319854, 49.45860564523352], [20.89469254370513, 49.45929154971478], [20.887868964057994, 49.45997702821834], [20.88300456545279, 49.461601523260185], [20.88009934788952, 49.46416503484032], [20.87915361873977, 49.467667864179255], [20.88016737800354, 49.47211001127699], [20.88263435757476, 49.47527033152892], [20.886554557453422, 49.47714882493503], [20.891927670008194, 49.47774519014703], [20.898753695239066, 49.47705942716494], [20.903619008885602, 49.47543448863317], [20.906523610947794, 49.472870374551746], [20.90942792038274, 49.470306183448415], [20.91233193719044, 49.467741915323145], [20.915235661471993, 49.465177570198534], [20.918139093227403, 49.46261314807457], [20.91763080100216, 49.4603922401457], [20.913710784796272, 49.458514846411944], [20.90833916590217, 49.45791931477455]]]}}, {"type": "Feature", "properties": {"band": "light", "dbz": 30.0, "source": "OPERA-ORD", "time": "20260725155000"}, "geometry": {"type": "Polygon", "coordinates": [[[20.059946092629595, 49.204071776220005], [20.053148466943277, 49.2047045655275], [20.046350678155953, 49.20533693002318], [20.039552726267633, 49.20596886970705], [20.03468609170546, 49.207555586092866], [20.031750774469437, 49.21009707918064], [20.030747054710353, 49.21359365050867], [20.03167493242821, 49.21804530007695], [20.034071077199883, 49.2212261379827], [20.037935489025372, 49.223136164225906], [20.043267887517835, 49.22377507713972], [20.050068272677265, 49.22314287672414], [20.056868494511658, 49.22251025132979], [20.06366855302101, 49.22187720095666], [20.068535574463212, 49.2202894478427], [20.07146955883826, 49.2177469919879], [20.072470787381697, 49.21425013495035], [20.071539260093523, 49.20979887673004], [20.069141348705266, 49.20661878110648], [20.065277053216924, 49.20470984807967], [20.059946092629595, 49.204071776220005]]]}}, {"type": "Feature", "properties": {"band": "light", "dbz": 30.0, "source": "OPERA-ORD", "time": "20260725155000"}, "geometry": {"type": "Polygon", "coordinates": [[[23.71646800112298, 48.45179602375201], [23.70981934789402, 48.45265565489295], [23.70317048384833, 48.45351487446089], [23.696521408985916, 48.454373682455824], [23.691843320488996, 48.456120559551806], [23.68913621835757, 48.458755505748854], [23.688400465620585, 48.4622788053057], [23.689636062278034, 48.46669045822236], [23.690871932445027, 48.47110207854425], [23.692108076121563, 48.47551366627137], [23.694698480038586, 48.478607668364376], [23.698643144196094, 48.480384084823285], [23.703941705035565, 48.48084263121925], [23.710594162556994, 48.479983307552274], [23.715893197651983, 48.48044145092257], [23.719838810320528, 48.48221706133014], [23.722431364723313, 48.48531042312584], [23.723670860860338, 48.489721536309666], [23.724910631478895, 48.49413261682369], [23.726150676578982, 48.49854366466789], [23.727390996332332, 48.502954679843135], [23.72863159073894, 48.507365662349414], [23.73122625074245, 48.51045862633991], [23.735174976342865, 48.51223357181464], [23.73850286326452, 48.511802990654196], [23.741209911507422, 48.509166882858565], [23.74391669319557, 48.506530707031374], [23.74662320832896, 48.50389446317263], [23.749329457003142, 48.501258151300924], [23.75203543921811, 48.49862177141627], [23.752767279182958, 48.49509823001507], [23.7515249768977, 48.49068752709731], [23.750282949551927, 48.48627679143185], [23.749041197145647, 48.48186602301869], [23.74644716216883, 48.47877333151851], [23.74250084462148, 48.47699871693132], [23.73855482470324, 48.47522394813717], [23.73460910241412, 48.47344902513606], [23.732016477969452, 48.47035602777875], [23.73077695136924, 48.46594495606523], [23.72953769896492, 48.46153385164045], [23.728298720756488, 48.45712271450442], [23.725707505673572, 48.454029411497686], [23.721764053716164, 48.45225394262025], [23.71646800112298, 48.45179602375201]]]}}, {"type": "Feature", "properties": {"band": "light", "dbz": 30.0, "source": "OPERA-ORD", "time": "20260725155000"}, "geometry": {"type": "Polygon", "coordinates": [[[24.029662154837997, 48.438251865589834], [24.02301993269018, 48.43913093273019], [24.018354143798348, 48.440891913536426], [24.0156647881625, 48.443534808008565], [24.014952236735823, 48.4470598991242], [24.01621648951832, 48.45146718688333], [24.01748102179394, 48.4558744411093], [24.018745833562676, 48.4602816618021], [24.020010924998964, 48.46468884896203], [24.02127629610279, 48.4690960025891], [24.023887188171603, 48.47218156687089], [24.02784360120539, 48.473945541807424], [24.033145163472433, 48.47438764419699], [24.039791874972725, 48.47350787403958], [24.044459818347526, 48.47174620437088], [24.047148993596835, 48.46910263519086], [24.04785977287864, 48.46557744962078], [24.046592156192922, 48.46117064766066], [24.04532481962776, 48.45676381208841], [24.04405776318314, 48.45235694290406], [24.042790986684395, 48.44795004010736], [24.04152449013153, 48.443543103698275], [24.038914247869297, 48.44045780962522], [24.0349602598977, 48.43869415788818], [24.029662154837997, 48.438251865589834]]]}}, {"type": "Feature", "properties": {"band": "light", "dbz": 30.0, "source": "OPERA-ORD", "time": "20260725155000"}, "geometry": {"type": "Polygon", "coordinates": [[[21.584777685182615, 48.724439096991055], [21.581948115109057, 48.72702121496019], [21.581060838714514, 48.73053065592882], [21.58211585599899, 48.73496741989695], [21.581228126044632, 48.73847680996397], [21.57839764885144, 48.741058826129915], [21.575566892427656, 48.74364076793692], [21.57273585677328, 48.74622263538498], [21.5718477345134, 48.74973197115589], [21.572902525648015, 48.75416877524962], [21.57537342034909, 48.75731457189633], [21.57926041861663, 48.75916936109602], [21.584563206366873, 48.75973284931037], [21.591281783599822, 48.759005036539364], [21.59605627585713, 48.75734990298656], [21.5988866831388, 48.754767448651954], [21.59977331999385, 48.75125796700513], [21.59871618642227, 48.74682145804611], [21.599602369648764, 48.74331192559538], [21.60243186967334, 48.74072936965295], [21.605261090619436, 48.738146739431926], [21.608090032487063, 48.73556403493231], [21.607561528032377, 48.733345777058815], [21.60367557725537, 48.73149196581146], [21.599789932447212, 48.7296380064523], [21.59590459360791, 48.72778389898134], [21.59201956069604, 48.725929643436025], [21.58813483371161, 48.72407523981633], [21.584777685182615, 48.724439096991055]]]}}, {"type": "Feature", "properties": {"band": "light", "dbz": 30.0, "source": "OPERA-ORD", "time": "20260725155000"}, "geometry": {"type": "Polygon", "coordinates": [[[21.60546246395885, 48.702852421896736], [21.59875163627586, 48.70358102072149], [21.593982169288513, 48.70523650430707], [21.59115406299681, 48.70781887265349], [21.590267631058463, 48.71132841882191], [21.59132287347347, 48.715765142812316], [21.59379275354054, 48.71891060888322], [21.597677271259677, 48.72076481703465], [21.601033652756573, 48.720400615801424], [21.603861898031226, 48.71781800518356], [21.606689864556678, 48.71523532031159], [21.609517552332917, 48.712652561185514], [21.612344961456138, 48.71006972782625], [21.615172091926333, 48.7074868202338], [21.614643712321158, 48.705268555449265], [21.610759822640617, 48.703414933472665], [21.60546246395885, 48.702852421896736]]]}}, {"type": "Feature", "properties": {"band": "light", "dbz": 30.0, "source": "OPERA-ORD", "time": "20260725155000"}, "geometry": {"type": "Polygon", "coordinates": [[[20.795964400710268, 48.587625308003865], [20.789259296998967, 48.588303153437735], [20.78447495445698, 48.58992288355287], [20.781611373084303, 48.592484498349265], [20.78066884350952, 48.59598829235755], [20.781647365732624, 48.60043426557775], [20.78405826445533, 48.60359936290946], [20.787901539677627, 48.60548358435269], [20.793176900530273, 48.606086635254044], [20.799884347013265, 48.605408515613526], [20.804669569957873, 48.60378835383497], [20.807532569364106, 48.601226149918396], [20.80847363656989, 48.597722198453326], [20.807492771575223, 48.59327649943975], [20.8050809924499, 48.59011183377146], [20.801238299193916, 48.58822820144844], [20.795964400710268, 48.587625308003865]]]}}, {"type": "Feature", "properties": {"band": "light", "dbz": 30.0, "source": "OPERA-ORD", "time": "20260725155000"}, "geometry": {"type": "Polygon", "coordinates": [[[9.362343140663189, 48.965119592228874], [9.355523608731302, 48.96507918794289], [9.350393903924951, 48.96617411391934], [9.34695402624414, 48.968404370158225], [9.346924216962453, 48.97065514988259], [9.350304476079891, 48.97292645309243], [9.353685048219809, 48.975197647814355], [9.357065933382204, 48.9774687340484], [9.36044713164844, 48.97973971176347], [9.363828643018518, 48.98201058095957], [9.368930430160649, 48.983165796076946], [9.375752493074831, 48.98320535711562], [9.380883172431645, 48.98210947946541], [9.384322468231087, 48.979878163126315], [9.384351035637254, 48.97762738764115], [9.380968874650147, 48.975357153009895], [9.377587026725216, 48.97308680980184], [9.374205491862464, 48.97081635801697], [9.370824269980599, 48.96854579768636], [9.367443361079621, 48.96627512881004], [9.362343140663189, 48.965119592228874]]]}}, {"type": "Feature", "properties": {"band": "light", "dbz": 30.0, "source": "OPERA-ORD", "time": "20260725155000"}, "geometry": {"type": "Polygon", "coordinates": [[[9.392541083704852, 48.86737395976634], [9.389110082011054, 48.869605699934155], [9.385678767425134, 48.87183732772783], [9.382247139947093, 48.874068843147356], [9.378815199499298, 48.87630024616088], [9.375382946081752, 48.87853153676842], [9.371950379616813, 48.88076271493812], [9.368517500104485, 48.88299378066998], [9.36508430746712, 48.88522473393214], [9.36165080170472, 48.88745557472459], [9.361621739378414, 48.8897064718157], [9.364997120488201, 48.891977425205454], [9.370089577911726, 48.8931326416084], [9.376899111648987, 48.893172121024556], [9.382020329815383, 48.89207611967434], [9.385453232410912, 48.889844637557765], [9.388885821829128, 48.887613043028026], [9.392318098070026, 48.8853813360851], [9.395750061211334, 48.8831495167609], [9.399181711253052, 48.880917585055414], [9.40092501758045, 48.877550693131575], [9.400979980193533, 48.8730488409894], [9.399319742262993, 48.86966295860934], [9.395944303788832, 48.8673930459914], [9.392541083704852, 48.86737395976634]]]}}, {"type": "Feature", "properties": {"band": "light", "dbz": 30.0, "source": "OPERA-ORD", "time": "20260725155000"}, "geometry": {"type": "Polygon", "coordinates": [[[24.54611962201795, 47.479862397446304], [24.539608058989916, 47.480771496781585], [24.53309628476027, 47.481680194679285], [24.526584299329006, 47.4825884911394], [24.520072102853945, 47.48349638612109], [24.513559695335083, 47.48440387962434], [24.50899312481342, 47.48618540368162], [24.50637239128896, 47.4888409582929], [24.50375140776521, 47.49149644756845], [24.501130174242174, 47.49415187150829], [24.496562399934078, 47.49593261507208], [24.490048084840915, 47.496838678259806], [24.48547968887189, 47.49861919959835], [24.482857212027003, 47.50127417908769], [24.482181018401842, 47.504803891220675], [24.483451107996416, 47.50920833599733], [24.48472147245773, 47.513612745100396], [24.48599211178578, 47.51801711852988], [24.48726302614768, 47.522421456286004], [24.488534215543417, 47.526825758368766], [24.49111743417662, 47.52990243044888], [24.495012682047296, 47.531651472526356], [24.500219594313794, 47.5320726098971], [24.506738170976117, 47.53116584256109], [24.511945526729498, 47.53158658145878], [24.515841661573926, 47.53333482659018], [24.51973807901549, 47.535082918209355], [24.52363477905419, 47.5368308563163], [24.528842527361483, 47.53725054966379], [24.535361323937362, 47.5363419982518], [24.54187990864419, 47.53543304494012], [24.548398281481962, 47.53452368972875], [24.55491644229233, 47.53361393265868], [24.561434391075295, 47.53270377372992], [24.5679521276726, 47.531793212983494], [24.574469652084254, 47.5308822504194], [24.579037812326142, 47.52909814257492], [24.581656608398262, 47.52644088945005], [24.582326407142396, 47.522910765423035], [24.581047208558545, 47.51850777049387], [24.57845914421901, 47.51543331362692], [24.57456221412381, 47.51368739482217], [24.569356051722238, 47.51326973980669], [24.5628406570143, 47.51418034858046], [24.556325050396588, 47.51509055567699], [24.549809231869112, 47.51600036109629], [24.544603460166442, 47.515581660775], [24.540707735288578, 47.513834454713106], [24.540069881298727, 47.511632682401014], [24.54268989819689, 47.50897634383874], [24.547257283659224, 47.50719336016685], [24.55377203768573, 47.506283731385366], [24.558338801231102, 47.50450052582526], [24.560957574295344, 47.50184374348653], [24.561628722757078, 47.498313658649465], [24.560352246616294, 47.49391027131407], [24.559076046428338, 47.48950684807175], [24.55780012219322, 47.48510338892249], [24.555215470939736, 47.48202820645557], [24.55132209266789, 47.48028130067097], [24.54611962201795, 47.479862397446304]]]}}, {"type": "Feature", "properties": {"band": "light", "dbz": 30.0, "source": "OPERA-ORD", "time": "20260725155000"}, "geometry": {"type": "Polygon", "coordinates": [[[25.09496728189526, 47.41085925217242], [25.088472690849922, 47.41180218000636], [25.08393125876219, 47.41360829235218], [25.08134298563206, 47.41627758920988], [25.080708248069165, 47.41981034228441], [25.082027046073506, 47.424206551575786], [25.084640506874255, 47.427268021307796], [25.088548630471408, 47.428994751480445], [25.09375103995767, 47.42938647028575], [25.10024773533304, 47.42844317772372], [25.104789842635817, 47.42663661129793], [25.107377361866018, 47.423966771008395], [25.10801067031398, 47.42043392858197], [25.10668976797971, 47.41603808401867], [25.104075631963912, 47.41297706836664], [25.10016826226659, 47.41125088162585], [25.09496728189526, 47.41085925217242]]]}}, {"type": "Feature", "properties": {"band": "light", "dbz": 30.0, "source": "OPERA-ORD", "time": "20260725155000"}, "geometry": {"type": "Polygon", "coordinates": [[[24.892217701968164, 47.41257978922579], [24.885719772769175, 47.41351017500757], [24.879221628421075, 47.41444016060376], [24.872723268923867, 47.415369746014356], [24.866224694432724, 47.41629893119781], [24.85972590494765, 47.41722771615413], [24.855176422785295, 47.419024045576755], [24.852576247945663, 47.42168791946568], [24.85192575175556, 47.42521961041104], [24.85322493421499, 47.42961911841282], [24.85452439705366, 47.434018589606], [24.855824140271565, 47.43841802399058], [24.858424622917262, 47.441485405052944], [24.862325844990753, 47.44322073279308], [24.867527434639346, 47.44362373446532], [24.874029391863047, 47.442694410069635], [24.880531133674264, 47.4417646852387], [24.887032660073, 47.44083455997251], [24.893533970903814, 47.43990403431269], [24.900035066166705, 47.43897310825926], [24.90458470958005, 47.43717509884253], [24.907182901143848, 47.434510006062524], [24.907830013638417, 47.43097810246296], [24.906526047063764, 47.42657938804386], [24.905222361690335, 47.42218063665796], [24.90391895751813, 47.417781848305275], [24.901317108215938, 47.414715489680425], [24.89741681378375, 47.4129815607834], [24.892217701968164, 47.41257978922579]]]}}, {"type": "Feature", "properties": {"band": "light", "dbz": 30.0, "source": "OPERA-ORD", "time": "20260725155000"}, "geometry": {"type": "Polygon", "coordinates": [[[24.63213345668156, 47.4494828789764], [24.625626980694772, 47.450397241611704], [24.621066972924268, 47.452183556472015], [24.61845343337004, 47.45484182355734], [24.617786728461578, 47.4583723165445], [24.619066858198885, 47.46277503543349], [24.62165428820766, 47.46584853219862], [24.625549018487913, 47.4675928068399], [24.630750682319565, 47.46800758557569], [24.637259279702622, 47.46709286840599], [24.641819981401532, 47.4653061025888], [24.644432787416296, 47.46264728812411], [24.645098064856942, 47.45911669871446], [24.643815813723474, 47.45471433435985], [24.64122768978629, 47.45164128855159], [24.6373336930454, 47.449897561289696], [24.63213345668156, 47.4494828789764]]]}}, {"type": "Feature", "properties": {"band": "light", "dbz": 30.0, "source": "OPERA-ORD", "time": "20260725155000"}, "geometry": {"type": "Polygon", "coordinates": [[[24.650464090276067, 47.41940747715278], [24.643961640674306, 47.42032291153273], [24.63940476800543, 47.42210999597627], [24.63679347226943, 47.42476873048339], [24.636128119755213, 47.428299388453965], [24.637408710462775, 47.432701969887965], [24.638689577740273, 47.43710451514211], [24.639970721587716, 47.441507024216406], [24.64255816961063, 47.44458005119206], [24.646451921809025, 47.4463235960691], [24.65165161137464, 47.446737385290746], [24.65815723830746, 47.445821418856994], [24.662715459287845, 47.44403376871942], [24.66532627431578, 47.44137443487803], [24.66599005058866, 47.437843690810475], [24.66470678810648, 47.43344153651675], [24.663423802608396, 47.429039345965116], [24.66214109409442, 47.42463711915554], [24.659553633647306, 47.42156444430377], [24.655661421267066, 47.4198213214098], [24.650464090276067, 47.41940747715278]]]}}, {"type": "Feature", "properties": {"band": "light", "dbz": 30.0, "source": "OPERA-ORD", "time": "20260725155000"}, "geometry": {"type": "Polygon", "coordinates": [[[25.09251614444006, 47.12561802166496], [25.088632438208485, 47.123890480930754], [25.08603684147161, 47.120827999589636], [25.08472935422943, 47.116430577641594], [25.082134432542894, 47.11336787838749], [25.078252076412006, 47.11163990182732], [25.073081915174605, 47.11124637831771], [25.06662394883069, 47.11218730785867], [25.06210664202083, 47.11399231585431], [25.05952999474502, 47.116661402304636], [25.056953104483163, 47.11933042506509], [25.054375971235274, 47.121999384135655], [25.051146407657445, 47.122469297985035], [25.047264413749673, 47.12074016661323], [25.04338269566938, 47.11901088145831], [25.03950125341656, 47.117281442520266], [25.03627147594647, 47.1177509589757], [25.03369336325912, 47.120419430824604], [25.031115007423384, 47.12308783891462], [25.028536408439265, 47.125756183245755], [25.024016751311848, 47.127559320664744], [25.017556036041135, 47.12849725117159], [25.01303576917326, 47.13030017101432], [25.010455950708224, 47.132968080192946], [25.009816950107634, 47.13650124872278], [25.011118767371496, 47.14089967660382], [25.01371101348377, 47.14396405996501], [25.017593688444467, 47.14569439880633], [25.021476639643303, 47.147424583856434], [25.025359867080283, 47.149154615115314], [25.026011454432457, 47.15135372780475], [25.02343140169983, 47.15402192192474], [25.020851105372163, 47.15669005224276], [25.018270565449452, 47.15935811875879], [25.01568978184457, 47.1620261214568], [25.013108754557518, 47.16469406033677], [25.00858537647552, 47.16649655946489], [25.002119647598576, 47.16743361884115], [24.997595658578636, 47.16923590016658], [24.995013409415698, 47.17190340344118], [24.992430916314937, 47.174570842830974], [24.989848179276358, 47.17723821833599], [24.985322998082832, 47.17903972980898], [24.978855372734365, 47.17997537724996], [24.97238753372063, 47.180910626653905], [24.965919481041624, 47.181845478020804], [24.959451214849395, 47.18277993130945], [24.952982735143948, 47.18371398651983], [24.948455780795765, 47.185514175534244], [24.94587035180485, 47.1881804983527], [24.94328467845784, 47.19084675715011], [24.940698760754746, 47.193512951926465], [24.938112598608235, 47.196179082665616], [24.93552619201831, 47.19884514936757], [24.93488192566796, 47.202377800997404], [24.93617979955718, 47.20677703755513], [24.935535167068327, 47.2103096513522], [24.9329480282014, 47.21297564238861], [24.928418013837618, 47.21477473977774], [24.921945123976982, 47.21570694351958], [24.917414497104097, 47.2175058224309], [24.91482613321896, 47.2201713765117], [24.914180401228254, 47.22370387672767], [24.91547730113198, 47.2281033230788], [24.918068905446226, 47.23116990276033], [24.921955214170996, 47.232903615772265], [24.92584180050929, 47.234637175001524], [24.92972866446111, 47.23637058044811], [24.932321626699697, 47.23943684231322], [24.933620687225055, 47.243835960596854], [24.93492002696207, 47.24823504168612], [24.93621964591074, 47.252634085581015], [24.93557490908751, 47.256166579991934], [24.93298581649238, 47.258832524918894], [24.929746912983127, 47.25929883119978], [24.92585819855975, 47.25756549883459], [24.921969762050317, 47.25583201261137], [24.91808160345482, 47.25409837253012], [24.914193722747108, 47.25236457862622], [24.910306119927185, 47.250630630899664], [24.907713833985824, 47.24756391851366], [24.906416864923024, 47.243164441468224], [24.903825257651725, 47.24009751194471], [24.89993901217192, 47.238363129943124], [24.894757759538248, 47.23796102429396], [24.88828149975072, 47.23889119499721], [24.88180502682989, 47.23982096699131], [24.87532834077577, 47.24075034027627], [24.86885144174155, 47.241679314810966], [24.862374329727235, 47.24260789059539], [24.857839507408865, 47.24440423497906], [24.85524697478645, 47.24706834796198], [24.85265419668945, 47.249732396657265], [24.850061173117865, 47.25239638106491], [24.84552515623428, 47.25419195279559], [24.839046146038697, 47.25511911184928], [24.834509515339164, 47.2569144644367], [24.831915264135674, 47.259578010557824], [24.829320767201008, 47.26224149232381], [24.826726024535166, 47.26490490973465], [24.82218819887475, 47.26669948920108], [24.815707290219756, 47.26762523072309], [24.811168850332475, 47.269419590853886], [24.8085728792129, 47.27208256959347], [24.807919744276823, 47.27561443865458], [24.809209445524246, 47.280015198037205], [24.811797656850597, 47.283084378883224], [24.815684378255877, 47.28482198119262], [24.819571378218967, 47.286559429877016], [24.823458656739874, 47.2882967249364], [24.826048226670704, 47.291365589288986], [24.82734008801146, 47.295766022934785], [24.828632227405542, 47.30016641973798], [24.829924644852948, 47.30456677969857], [24.829272496740387, 47.308098644499246], [24.826675783067856, 47.31076201414001], [24.822134135328117, 47.312556616669184], [24.81564755352117, 47.31348245208677], [24.81110529015474, 47.315276835126966], [24.80850734522883, 47.31793976578977], [24.80785408703491, 47.32147151610594], [24.80914551557298, 47.325872086075485], [24.811736442251917, 47.32894110142011], [24.81562686707172, 47.3306785621398], [24.819517571053858, 47.33241586908396], [24.823408554198327, 47.33415302225256], [24.82405494872412, 47.336353207413524], [24.821456754631242, 47.33901642456688], [24.816912576341927, 47.340810819260284], [24.810422413856177, 47.34173639149377], [24.805877619068823, 47.343530566569896], [24.803278191979864, 47.346193344488675], [24.802624501299746, 47.34972499749609], [24.803916547028475, 47.354125525592124], [24.805208871204954, 47.358526016961505], [24.806501473829183, 47.36292647160424], [24.807794355069483, 47.36732688952004], [24.809087514925857, 47.3717272707089], [24.81168116314946, 47.37479612090256], [24.81557529974029, 47.37653344010099], [24.82076955523629, 47.37693895585113], [24.827263929637454, 47.37601266815296], [24.833758090049805, 47.375085980491264], [24.84025203647334, 47.37415889286605], [24.845446670533843, 47.37456336518224], [24.849341992231313, 47.37629939743982], [24.85193837185176, 47.37936726195139], [24.853235809395173, 47.38376695871693], [24.85583287199256, 47.38683460591194], [24.859729559643924, 47.38857020353643], [24.864925501615517, 47.388973479215565], [24.87142069790734, 47.38804443294933], [24.87661707578853, 47.38844730960997], [24.880514635259093, 47.39018210919749], [24.883113747607062, 47.3932491040064], [24.884414412832434, 47.397648294036706], [24.88701420870378, 47.400715071238004], [24.89091313522109, 47.40244943561029], [24.896110820647788, 47.40285111479696], [24.902607264983875, 47.401920108797974], [24.907153719049095, 47.40012201062901], [24.909750182843453, 47.39745682029006], [24.912346399638682, 47.39479156573801], [24.914942369434776, 47.392126246972865], [24.91753809232027, 47.389460864010985], [24.92013356829517, 47.386795416852365], [24.920779674351095, 47.383263331246226], [24.919476410488045, 47.378864607192554], [24.91687593496628, 47.375798516660666], [24.9129782477858, 47.37406505965056], [24.909080840085615, 47.372331448438175], [24.905183711865718, 47.370597683023504], [24.902584603174933, 47.36753127424188], [24.901283514013254, 47.36313222209327], [24.899982705069878, 47.35873313294183], [24.8986821763448, 47.35433400678756], [24.899329282620457, 47.350801916728834], [24.901924023896846, 47.34813686276566], [24.904518518736023, 47.345471744594], [24.90711276713798, 47.34280656221386], [24.907759661521492, 47.339274423785334], [24.906459201886562, 47.33487532930843], [24.905159022166846, 47.330476197790624], [24.903859122362345, 47.326077029231904], [24.904505805109082, 47.32254484238486], [24.90709907040705, 47.319879637249485], [24.91163854762362, 47.318081142114956], [24.9181242367588, 47.317149356981275], [24.922663098333437, 47.31535064296358], [24.92525513234754, 47.31268500006186], [24.927846920459576, 47.31001929303086], [24.930438462669535, 47.307353521870574], [24.93497612473835, 47.30555403517646], [24.941459906666008, 47.30462083294854], [24.9466484417882, 47.305020426335304], [24.950541730104916, 47.30675281533678], [24.953140142936444, 47.309818271411324], [24.954443680282775, 47.314216794558945], [24.957042774094568, 47.31728203286488], [24.96093742437182, 47.31901398632914], [24.966127259347648, 47.31941238343185], [24.972612279022044, 47.31847722417302], [24.977149449154314, 47.31667617836514], [24.979738769744447, 47.31400924600824], [24.982327844666084, 47.3113422496641], [24.984916673919226, 47.308675189332746], [24.989452643625004, 47.306873371499584], [24.99593575378342, 47.305936796164595], [25.000471108294956, 47.30413475998875], [25.003058707159614, 47.30146726297203], [25.005646060613838, 47.29879970203541], [25.008233168657632, 47.29613207717889], [25.012767323147386, 47.29432926944678], [25.019248524083103, 47.29339127883909], [25.02378206379374, 47.291588252956416], [25.026367942279293, 47.28892019179876], [25.02895357561235, 47.28625206678841], [25.031538963792904, 47.28358387792535], [25.03607130388731, 47.2817800809551], [25.042550595895563, 47.28084067587766], [25.04708232162603, 47.279036660948755], [25.049666481078702, 47.27636803616838], [25.05030344730902, 47.27283507245789], [25.048993220316977, 47.2684377698173], [25.049629821179693, 47.264904768816194], [25.052213249897168, 47.262236069454595], [25.056743133555102, 47.26043140095523], [25.063219472153488, 47.25949076331811], [25.06840461869429, 47.259884384828304], [25.072298573177516, 47.26161226548581], [25.07490170889677, 47.264674675987656], [25.076214025852057, 47.269071616333825], [25.07881784141219, 47.27213380835921], [25.082713155577164, 47.2738612520638], [25.08789959460684, 47.27425367668993], [25.094377158501217, 47.2733110822376], [25.10085450600008, 47.27236808921765], [25.107331637103428, 47.271424697630096], [25.111860435786618, 47.269617919662004], [25.11444090204965, 47.266947755313375], [25.117021123828827, 47.26427752735286], [25.119601101124147, 47.261607235780446], [25.122180834023357, 47.25893688061221], [25.124760322526452, 47.25626646184814], [25.125392102728444, 47.25273310765865], [25.124076174629334, 47.24833681804373], [25.12276052907725, 47.243940490679236], [25.121445166072203, 47.239544125565175], [25.120130085444295, 47.23514772270232], [25.118815287193524, 47.230751282090665], [25.116211504909106, 47.22768990697252], [25.112318738591036, 47.22596359734789], [25.108426249306508, 47.22423713339434], [25.104534037055526, 47.222510515111864], [25.10387732163848, 47.22031219282431], [25.106456103055365, 47.217642166531675], [25.10903464054163, 47.214972076630325], [25.111612934097266, 47.21230192312025], [25.112245527863095, 47.20876851281764], [25.11093242183912, 47.2043718457225], [25.10961959751406, 47.1999751408816], [25.10830705488792, 47.19557839829494], [25.10570600530838, 47.192516615375546], [25.101816448775445, 47.190789792123404], [25.096638012555296, 47.190397658440155], [25.09017069664793, 47.19134021432579], [25.0837031654463, 47.1922823723005], [25.0772354189504, 47.193224132364264], [25.072057349192125, 47.19283095821596], [25.06816895617148, 47.19110284985558], [25.065570611811914, 47.18804007752307], [25.06426231611342, 47.18364264121843], [25.064897696518607, 47.18010934946544], [25.06747675302747, 47.1774402022641], [25.07005556590686, 47.17477099137207], [25.07263413515678, 47.172101716789335], [25.07521246086445, 47.16943237853194], [25.07779054302986, 47.16676297659987], [25.082311682001695, 47.16495726910368], [25.088775877779945, 47.16401525604337], [25.095239858528544, 47.1630728453181], [25.101703624247488, 47.16213003692788], [25.10231612971918, 47.152864422557585], [25.097077374943627, 47.13527600220725], [25.09251614444006, 47.12561802166496]]]}}, {"type": "Feature", "properties": {"band": "light", "dbz": 30.0, "source": "OPERA-ORD", "time": "20260725155000"}, "geometry": {"type": "Polygon", "coordinates": [[[24.595884863843413, 47.41791337846446], [24.589381780071914, 47.41882542995758], [24.584823234920723, 47.42061017204799], [24.58220922838984, 47.423267604735685], [24.58154012544805, 47.42679800160768], [24.582815926095357, 47.431201362663955], [24.58539925994701, 47.43427591909074], [24.589290127003018, 47.43602167088804], [24.594488162005316, 47.43643834436405], [24.6009933649539, 47.43552593951878], [24.605552604385455, 47.433740747152314], [24.60816588029998, 47.43108276726463], [24.608833558345093, 47.42755227346871], [24.607555638520804, 47.42314926576456], [24.604971610388787, 47.42007515961384], [24.601081473949037, 47.41832995501655], [24.595884863843413, 47.41791337846446]]]}}, {"type": "Feature", "properties": {"band": "light", "dbz": 30.0, "source": "OPERA-ORD", "time": "20260725155000"}, "geometry": {"type": "Polygon", "coordinates": [[[24.588230377966774, 47.39149345469775], [24.581730469852516, 47.39240497674558], [24.5752303509841, 47.3933160981891], [24.568730021361525, 47.39422681902832], [24.564172864751953, 47.3960106612719], [24.56155888115539, 47.39866762491988], [24.560888434584616, 47.40219798346168], [24.562161525039638, 47.40660173689729], [24.564742136746645, 47.40967692040958], [24.568630269705633, 47.411423533998565], [24.573825559615422, 47.41184130407005], [24.58032800647601, 47.41093023062406], [24.58683024230873, 47.41001875643422], [24.593332267113578, 47.40910688150054], [24.597889536760334, 47.407322032493326], [24.600502051248995, 47.40466420941257], [24.601170175542684, 47.4011336857141], [24.599893909641402, 47.39673046139791], [24.597311915524045, 47.39365606034832], [24.593424193190614, 47.39191048256532], [24.588230377966774, 47.39149345469775]]]}}, {"type": "Feature", "properties": {"band": "light", "dbz": 30.0, "source": "OPERA-ORD", "time": "20260725155000"}, "geometry": {"type": "Polygon", "coordinates": [[[25.122918367816176, 47.27832919342127], [25.116440625338093, 47.27927356387466], [25.109962666172315, 47.28021753573376], [25.103484490318856, 47.281161108998575], [25.09895443528224, 47.28296778687316], [25.096372501062476, 47.28563756935752], [25.095739062067935, 47.2891707271983], [25.097054118298608, 47.29356726039549], [25.096420314366775, 47.29710038115926], [25.093837650272434, 47.29977008948962], [25.091254741161475, 47.30243973413018], [25.088671587033907, 47.30510931508095], [25.088037580548075, 47.30864238776067], [25.08935272170397, 47.313038952169336], [25.091959963293878, 47.31610063524451], [25.095859305317788, 47.317827436986185], [25.101050372872812, 47.31821908638244], [25.10753316595895, 47.31727558343328], [25.11206576462059, 47.315468770562966], [25.114648168857716, 47.31279864777151], [25.11723032806159, 47.31012846134628], [25.119812242232207, 47.30745821128728], [25.12434363847373, 47.305650628071], [25.13082451678615, 47.30470571169743], [25.135355298060524, 47.30289791101467], [25.13793598229686, 47.30022722602271], [25.138566945077052, 47.29669392747944], [25.13724818640111, 47.29229801538485], [25.13592971112374, 47.28790206553654], [25.134611519244945, 47.283506077934504], [25.132003627242966, 47.28044531514876], [25.128106035117803, 47.278719777179305], [25.122918367816176, 47.27832919342127]]]}}, {"type": "Feature", "properties": {"band": "light", "dbz": 30.0, "source": "OPERA-ORD", "time": "20260725155000"}, "geometry": {"type": "Polygon", "coordinates": [[[25.034829888252755, 47.30030896489511], [25.028348071724803, 47.30124793420915], [25.02381385794272, 47.30305141208608], [25.021227246906513, 47.30571939852588], [25.020588611657953, 47.30925216469241], [25.02189795219705, 47.313649710585665], [25.024501122120512, 47.31671317278396], [25.028398121428346, 47.31844255128732], [25.033588576784553, 47.31883757482912], [25.04007248818913, 47.31789824340937], [25.044607376030196, 47.316094313304546], [25.04719324030775, 47.31342578451466], [25.047830454738715, 47.30989292822593], [25.046519019323096, 47.305495744438346], [25.043915175340647, 47.302432734467935], [25.04001892279137, 47.30070389831471], [25.034829888252755, 47.30030896489511]]]}}, {"type": "Feature", "properties": {"band": "light", "dbz": 30.0, "source": "OPERA-ORD", "time": "20260725155000"}, "geometry": {"type": "Polygon", "coordinates": [[[24.713342158482313, 47.26385502842647], [24.70685995890884, 47.26477402780873], [24.702318176263955, 47.26656372313133], [24.69971681054765, 47.26922411439428], [24.699056226570345, 47.27275547368611], [24.70033642433204, 47.27715780100684], [24.70291783015839, 47.280229844159535], [24.706800444049396, 47.281971603144214], [24.711983900906656, 47.2823828057687], [24.718468200730168, 47.28146345203299], [24.72365209331477, 47.28187425734761], [24.727535578660465, 47.283615221712566], [24.73011902241621, 47.28668661724128], [24.731402424582015, 47.291088443933745], [24.733986547920814, 47.29415962344348], [24.73787139243261, 47.29590015577046], [24.74175651583925, 47.29764053467667], [24.745641918140734, 47.29938076016209], [24.749527599363912, 47.30112083219129], [24.753413559508775, 47.30286075076427], [24.758599630294235, 47.30326956848711], [24.765085811720283, 47.30234728535981], [24.771571780863574, 47.30142460276812], [24.77805753772411, 47.30050152071207], [24.78454308214746, 47.29957803923263], [24.79102841413364, 47.298654158329825], [24.795569927690714, 47.296860895647065], [24.79816762281869, 47.294198251184326], [24.798821867029147, 47.290666496910475], [24.797532660322087, 47.286265632825504], [24.7949451308967, 47.28319600186956], [24.791059278752993, 47.281457604042664], [24.787173705170105, 47.279719052695604], [24.78328841014804, 47.277980347828375], [24.779403393660125, 47.27624148947641], [24.775518655706357, 47.2745024776397], [24.77033498337648, 47.274094245863246], [24.763852376670485, 47.27501679414706], [24.75866913926164, 47.274608164868155], [24.754785271149952, 47.272868358026535], [24.75090168157499, 47.271128397805015], [24.747018370536765, 47.26938828420357], [24.741835512967796, 47.26897861424351], [24.735353108868086, 47.26989938792485], [24.730170686480093, 47.2694893206493], [24.72628824580382, 47.267748412416864], [24.72240608366652, 47.26600735090932], [24.718524200068202, 47.26426613612667], [24.713342158482313, 47.26385502842647]]]}}, {"type": "Feature", "properties": {"band": "light", "dbz": 30.0, "source": "OPERA-ORD", "time": "20260725155000"}, "geometry": {"type": "Polygon", "coordinates": [[[24.887035493749465, 47.073978201481175], [24.880579260093395, 47.07490754671329], [24.87605890916614, 47.076704579363636], [24.873474440967705, 47.07936929943221], [24.87282622076397, 47.08290197706764], [24.87411424855493, 47.087302612269944], [24.876695029686076, 47.09037079843364], [24.880568564157414, 47.09210653555872], [24.885734486416187, 47.09250955339437], [24.89219279646239, 47.09157985194059], [24.89671381998695, 47.08978237101904], [24.899297556989865, 47.087117110629734], [24.89994437340082, 47.08358434094475], [24.89865426921981, 47.07918406196409], [24.896072815491358, 47.0761163240716], [24.892200012215454, 47.07438112726728], [24.887035493749465, 47.073978201481175]]]}}, {"type": "Feature", "properties": {"band": "light", "dbz": 30.0, "source": "OPERA-ORD", "time": "20260725155000"}, "geometry": {"type": "Polygon", "coordinates": [[[25.018626576170792, 47.018242755300754], [25.012179143236068, 47.01918011945253], [25.00766768793017, 47.02098275038901], [25.005092210253103, 47.023650648110184], [25.0044530774583, 47.02718408190353], [25.00575028954577, 47.03158305176903], [25.008335757413725, 47.034647983177464], [25.01220948106217, 47.03637887612884], [25.017371092949798, 47.03677546123423], [25.02382059307661, 47.03583773849362], [25.02833271439426, 47.03403465896409], [25.03090745690275, 47.03136622264562], [25.031545188517267, 47.027832698848044], [25.030245909237813, 47.02343408757136], [25.027659775358103, 47.02036960475598], [25.023786786878137, 47.018639250401904], [25.018626576170792, 47.018242755300754]]]}}, {"type": "Feature", "properties": {"band": "light", "dbz": 30.0, "source": "OPERA-ORD", "time": "20260725155000"}, "geometry": {"type": "Polygon", "coordinates": [[[24.93866044945394, 47.0206650804153], [24.93221150877006, 47.02159750537394], [24.927697233431637, 47.02339671856046], [24.92511762343867, 47.026062719974874], [24.924473044244223, 47.02959577921301], [24.9257634958483, 47.03399589627487], [24.928344270008363, 47.03706292347923], [24.93221536672441, 47.0387968608261], [24.93737642025679, 47.0391974386179], [24.94382743060549, 47.038264656854615], [24.948342374992517, 47.03646499565843], [24.950921253417874, 47.03379845502934], [24.951564431996147, 47.03026530458618], [24.95027191072734, 47.025865544328965], [24.947690467518676, 47.022798965134264], [24.943820102370147, 47.02106556700207], [24.93866044945394, 47.0206650804153]]]}}, {"type": "Feature", "properties": {"band": "light", "dbz": 30.0, "source": "OPERA-ORD", "time": "20260725155000"}, "geometry": {"type": "Polygon", "coordinates": [[[16.70219298023133, 47.5925985886326], [16.695581143938988, 47.59301896383544], [16.690769701352636, 47.59445514154911], [16.68775865247227, 47.59690712177361], [16.68474732361326, 47.59935901451914], [16.681735714775606, 47.601810819785676], [16.67872382587487, 47.60426253754924], [16.675711656911048, 47.60671416780981], [16.67600647616609, 47.60895626753051], [16.679608283639993, 47.61098883671132], [16.684716355851766, 47.61179526441053], [16.691330692801404, 47.61137555062815], [16.697944929668573, 47.610955422987175], [16.704559066453264, 47.6105348814876], [16.70937148640791, 47.609098324661794], [16.712382189532505, 47.606645752509735], [16.71359134901017, 47.603177461038904], [16.712998964840903, 47.59869345024931], [16.710901804161576, 47.59543568389867], [16.707299866972193, 47.59340416198701], [16.70219298023133, 47.5925985886326]]]}}, {"type": "Feature", "properties": {"band": "light", "dbz": 30.0, "source": "OPERA-ORD", "time": "20260725155000"}, "geometry": {"type": "Polygon", "coordinates": [[[18.873397150470954, 47.40453530491572], [18.866826813683733, 47.40509127798749], [18.86025634644804, 47.40564684134287], [18.85368574876388, 47.40620199498187], [18.84711502081282, 47.4067567388789], [18.840544162594856, 47.40731107303394], [18.83580956163671, 47.408843848149374], [18.832911217938385, 47.411355064225205], [18.830012603207784, 47.413866199300884], [18.82711371744491, 47.416377253376425], [18.822378023561438, 47.41790918212191], [18.815805521557365, 47.41846198553735], [18.80923288974528, 47.41901437905676], [18.802660128125176, 47.41956636268015], [18.79608723687899, 47.42011793638202], [18.78951421600671, 47.420669100162364], [18.784776953745613, 47.422199594335005], [18.781875450095697, 47.42470941889994], [18.780809928698247, 47.42819886435698], [18.781580389553273, 47.43266793070613], [18.783802164758, 47.435882030760666], [18.787475254312433, 47.43784116452059], [18.792599434393757, 47.43854504136523], [18.79917470500197, 47.43799366129459], [18.805749845811732, 47.437441871147385], [18.812324856823036, 47.436889670923605], [18.818899737853734, 47.436337060648775], [18.82547448890382, 47.43578404032289], [18.8320491097912, 47.4352306099715], [18.838623600515874, 47.43467676959459], [18.8451979608958, 47.43412251921776], [18.851772190930983, 47.43356785884101], [18.856508448693344, 47.43203461444351], [18.859406734182873, 47.42952278602526], [18.8623047485262, 47.42701087667516], [18.865202491723323, 47.424498886393216], [18.869937655069958, 47.42296479569073], [18.876510238566098, 47.42240860456769], [18.88124478456721, 47.42087425531429], [18.884141293073277, 47.418361747930504], [18.88519999010227, 47.414871372696865], [18.884420875654182, 47.41040312961337], [18.882194068538745, 47.40719108564868], [18.878519568755955, 47.40523524080278], [18.873397150470954, 47.40453530491572]]]}}, {"type": "Feature", "properties": {"band": "light", "dbz": 30.0, "source": "OPERA-ORD", "time": "20260725155000"}, "geometry": {"type": "Polygon", "coordinates": [[[19.192086907435584, 47.3226257062866], [19.18552991310646, 47.32320147224924], [19.178972784344417, 47.32377682960774], [19.172415521149453, 47.3243517783621], [19.165858123700957, 47.32492631848597], [19.15930059199894, 47.325500449979344], [19.15458246741439, 47.3270474532742], [19.151703749947313, 47.32956732837053], [19.150664671304934, 47.33306036421338], [19.15146523148725, 47.33752656080274], [19.15370570873405, 47.34073276376771], [19.157386103045326, 47.342678973108285], [19.162506182526407, 47.34336489975989], [19.169065947177295, 47.34279054372253], [19.17562557739667, 47.342215778901135], [19.182185073184534, 47.341640605295694], [19.18874443436126, 47.341065022932604], [19.195303660926857, 47.340489031811856], [19.20002170802928, 47.33894045728162], [19.20289857566853, 47.336419299341905], [19.203934496804454, 47.332925846928376], [19.20312947143705, 47.32846010004104], [19.200886570215047, 47.32525487577436], [19.197205793138444, 47.32331017412831], [19.192086907435584, 47.3226257062866]]]}}, {"type": "Feature", "properties": {"band": "light", "dbz": 30.0, "source": "OPERA-ORD", "time": "20260725155000"}, "geometry": {"type": "Polygon", "coordinates": [[[19.25764943450638, 47.31684557673598], [19.251093789884127, 47.317425427946816], [19.246379032571667, 47.31897652401831], [19.243505162568997, 47.32149886495047], [19.24247241375878, 47.32499273941621], [19.243280786141014, 47.32945814741553], [19.245526651231035, 47.332662328335374], [19.24921000902885, 47.33460528217573], [19.254330625462668, 47.335286720144396], [19.260888500532495, 47.334706642241386], [19.265604138870593, 47.33315514411706], [19.268477540476965, 47.33063222577141], [19.26950893986531, 47.327138175945], [19.268698337035627, 47.32267299463781], [19.266451590919967, 47.31946921577081], [19.262768701518326, 47.31752683934398], [19.25764943450638, 47.31684557673598]]]}}, {"type": "Feature", "properties": {"band": "light", "dbz": 30.0, "source": "OPERA-ORD", "time": "20260725155000"}, "geometry": {"type": "Polygon", "coordinates": [[[9.88385533582283, 47.60679786873266], [9.877218508982889, 47.6067903646094], [9.870581684038395, 47.60678244359166], [9.863944860989346, 47.60677410567944], [9.857308040035262, 47.60676535087314], [9.850671221176142, 47.60675617917276], [9.845690089795479, 47.60787560527951], [9.842364645893275, 47.61012362919339], [9.84069488543413, 47.613500552621716], [9.840680808418046, 47.61800637556448], [9.840666728281018, 47.62251218390183], [9.840652645023045, 47.62701797763377], [9.840638558642151, 47.63152375677454], [9.840624469138339, 47.636029521324176], [9.838953523979258, 47.63940628375506], [9.83562572316491, 47.64165404406721], [9.830641070939286, 47.64277250027664], [9.823999567302387, 47.64276165238337], [9.817358066366287, 47.642750387265934], [9.810716568130987, 47.64273870492434], [9.805731040132107, 47.64385621705698], [9.802401482369648, 47.64610292366385], [9.800727889761239, 47.649479126741376], [9.800710262306882, 47.653984826289566], [9.80069263094148, 47.65849051128783], [9.800674995665032, 47.66299618173616], [9.800657356475062, 47.66750183764883], [9.80063971337157, 47.67200747902584], [9.800622066352076, 47.676513105881426], [9.80060441541658, 47.68101871821558], [9.802253019137888, 47.68440100213188], [9.805567877516003, 47.6866599576303], [9.808883029982795, 47.68891880569687], [9.812198476538267, 47.691177546331595], [9.81551421725576, 47.69343617950521], [9.818830252135273, 47.695694705217726], [9.823812549977339, 47.696829398499986], [9.830461110781956, 47.696840259352], [9.837109674097487, 47.69685070248094], [9.843758239923929, 47.69686072788678], [9.848741425920775, 47.6979944792307], [9.85205923208802, 47.70025195651269], [9.853711654509882, 47.70363346216964], [9.85369869318636, 47.70813899620157], [9.85535170314799, 47.711520387470095], [9.858670684394776, 47.713777635975205], [9.863655640644652, 47.71491043914758], [9.870306571897618, 47.71491879698721], [9.876957505061474, 47.71492673693601], [9.88360844013622, 47.71493425899397], [9.89025937692071, 47.714941363160726], [9.896910315414944, 47.71494804943628], [9.901900582585359, 47.713826527851424], [9.905230178431953, 47.71157679840614], [9.90523459805734, 47.70932403592819], [9.901913841461521, 47.70706824041756], [9.898593379326995, 47.704812337149875], [9.895273211653757, 47.70255632612515], [9.893617838943513, 47.69917553674942], [9.89362726119626, 47.694669969022684], [9.89529617839778, 47.69129240616009], [9.898624590548073, 47.68904284816162], [9.903612500319772, 47.68792099266136], [9.91025990771288, 47.68792683965931], [9.916907316410791, 47.68793226901508], [9.923554726413505, 47.68793728072866], [9.928541755754491, 47.68681448109868], [9.931868404433754, 47.684563870125125], [9.933534670618617, 47.68118575016052], [9.93354055430908, 47.67668012120487], [9.93188370202787, 47.67329979816874], [9.928564113774987, 47.67104478105215], [9.925244819492125, 47.668789656163746], [9.921925819179283, 47.666534423503535], [9.921929053054889, 47.66428158746201], [9.925254521118939, 47.66203114803917], [9.928579695177032, 47.65978060040494], [9.931904575229161, 47.65752994455933], [9.935229161347932, 47.65527918053171], [9.93855345353334, 47.653028308322085], [9.941877451857975, 47.650777327959865], [9.945201156321838, 47.64852623944504], [9.946865357857611, 47.64514782218065], [9.946870056465292, 47.64064207616667], [9.946874754031331, 47.636136315578256], [9.94687945055573, 47.63163054041539], [9.945223176161802, 47.62825031731696], [9.941905930849545, 47.62599564628297], [9.936927716099055, 47.62486622545703], [9.930288531910326, 47.62486205483915], [9.923649348820451, 47.62485746715992], [9.917010166829431, 47.62485246241934], [9.910370986137051, 47.62484704061765], [9.903731806743314, 47.62484120175486], [9.898754769704146, 47.6237102142948], [9.895439875019543, 47.62145407823748], [9.89378712003034, 47.618073095423846], [9.893796504736537, 47.61356726585393], [9.892144335127925, 47.6101861685003], [9.88883061120451, 47.60792980336296], [9.88385533582283, 47.60679786873266]]]}}, {"type": "Feature", "properties": {"band": "light", "dbz": 30.0, "source": "OPERA-ORD", "time": "20260725155000"}, "geometry": {"type": "Polygon", "coordinates": [[[9.684584540267345, 47.63342603806686], [9.677944292367629, 47.633406015297], [9.672956769305783, 47.634517271137454], [9.669621971081805, 47.63675980558822], [9.667939889164206, 47.64013392056136], [9.667910523552987, 47.64463961605688], [9.666227850717627, 47.64801361371815], [9.662891870658125, 47.65025591354517], [9.65957087330434, 47.65024527328866], [9.656264858656272, 47.647981692948605], [9.654627121420184, 47.644597057146086], [9.65465766159608, 47.64009136588112], [9.653020507861582, 47.63670661699679], [9.64971566021669, 47.63444281049309], [9.646395255344824, 47.63443175517895], [9.643059293245981, 47.636673451054364], [9.639723037165943, 47.6389150378702], [9.636386487104705, 47.64115651562646], [9.633049642990438, 47.64339788429359], [9.629712504823138, 47.64563914387158], [9.62802748380185, 47.649012600238805], [9.627994579926572, 47.65351825339526], [9.62796166875098, 47.658023891991085], [9.627928750275071, 47.66252951602627], [9.627895824494226, 47.66703512551507], [9.627862891408443, 47.67154072045749], [9.629499710295457, 47.674925704786716], [9.63280628115527, 47.67719007850273], [9.637782613581617, 47.678333539347676], [9.644428707574496, 47.67835608732152], [9.651074806883088, 47.67837821774943], [9.657720911507386, 47.678399930631414], [9.664367021246825, 47.678421225966424], [9.6710131361014, 47.67844210375447], [9.677659255870541, 47.67846256399456], [9.684305380554244, 47.6784826066867], [9.689296741209382, 47.67737108354252], [9.692633337835952, 47.675127994562025], [9.6926471611602, 47.67287519473112], [9.689338211182129, 47.670612684049786], [9.686029554884056, 47.66835006634433], [9.682721192265989, 47.66608734161473], [9.681081118987903, 47.662703158597424], [9.681109335049799, 47.65819751729241], [9.682791144612281, 47.654823236376686], [9.68612654767535, 47.65258031585026], [9.689461656608469, 47.65033728638292], [9.692796471411636, 47.648094147974675], [9.694477387044147, 47.64471972704109], [9.694504403506, 47.6402140235822], [9.692864599856994, 47.63682989125252], [9.689557976097133, 47.634567330052036], [9.684584540267345, 47.63342603806686]]]}}, {"type": "Feature", "properties": {"band": "light", "dbz": 30.0, "source": "OPERA-ORD", "time": "20260725155000"}, "geometry": {"type": "Polygon", "coordinates": [[[10.323551205257628, 47.60749288777512], [10.320246914519249, 47.60975590196303], [10.318608845932925, 47.613140302635315], [10.318636999498656, 47.61764608979199], [10.318665159306079, 47.622151862334974], [10.318693325355191, 47.62665762026427], [10.31705438965921, 47.63004188678632], [10.313748352218138, 47.63230466190113], [10.310442021617618, 47.63456733005874], [10.307135397857655, 47.636829891259154], [10.30382848086491, 47.63909234547328], [10.300521270639386, 47.64135469270112], [10.29721376710774, 47.64361693291356], [10.293905970269972, 47.6458790661106], [10.293919187786043, 47.64813191149706], [10.297253419655952, 47.65037546907293], [10.300587945642254, 47.65261891774937], [10.303922765744948, 47.65486225752639], [10.307257880036072, 47.65710548837442], [10.31059328851563, 47.65934861029345], [10.31558287895826, 47.66046015389419], [10.322226651363959, 47.660440119176634], [10.32887041886174, 47.660419667077235], [10.335514181451597, 47.66039879759599], [10.342157938933232, 47.66037751073391], [10.348801691306642, 47.660355806490976], [10.353776568768026, 47.6592129628218], [10.357082571317385, 47.65694897972638], [10.35871970819023, 47.65356415931823], [10.358687979386564, 47.64905850159735], [10.357003836845587, 47.645684833200654], [10.353667280567297, 47.643443154128136], [10.348678301323758, 47.64233316239787], [10.342036899114968, 47.64235485800986], [10.337048504944127, 47.64124454756709], [10.333713118811234, 47.63900223106956], [10.333698145684728, 47.636749377077564], [10.33700358556461, 47.6344859855911], [10.340308732318553, 47.632222487230365], [10.343613585946558, 47.629958881995364], [10.345250756209117, 47.626574204556974], [10.345220243106226, 47.622068454915194], [10.343537889949182, 47.61869450575332], [10.340203696737982, 47.616452357071346], [10.336869797162306, 47.61421009943609], [10.333536191222155, 47.61196773284756], [10.330202878845764, 47.60972525733526], [10.326869860033133, 47.6074826728992], [10.323551205257628, 47.60749288777512]]]}}, {"type": "Feature", "properties": {"band": "light", "dbz": 30.0, "source": "OPERA-ORD", "time": "20260725155000"}, "geometry": {"type": "Polygon", "coordinates": [[[9.327784410045377, 47.623873833429144], [9.324435145289119, 47.62610545979513], [9.322730575536989, 47.62947405339805], [9.322670700788986, 47.6339796142379], [9.324286045308966, 47.63736936610572], [9.327576609096925, 47.639643309001514], [9.330867465699006, 47.64191714604335], [9.33415861511521, 47.64419087723124], [9.337450057419696, 47.64646450253633], [9.340741792612464, 47.64873802195863], [9.344062609871457, 47.648758675984794], [9.347412509196674, 47.64652646461481], [9.34911623519712, 47.64315758483949], [9.349173787872795, 47.638652036658854], [9.34755697805023, 47.63526259824459], [9.344265805729425, 47.632989269596706], [9.340974926111455, 47.63071583506963], [9.337684339196318, 47.62844229466336], [9.33439404490994, 47.626168648406704], [9.331104043252317, 47.62389489629967], [9.327784410045377, 47.623873833429144]]]}}, {"type": "Feature", "properties": {"band": "light", "dbz": 30.0, "source": "OPERA-ORD", "time": "20260725155000"}, "geometry": {"type": "Polygon", "coordinates": [[[19.69799004375112, 46.968184680903455], [19.691482346625463, 46.968791517606086], [19.684974510557044, 46.969397949433045], [19.678466535545862, 46.97000397638433], [19.671958421764938, 46.97060959843275], [19.665450169214274, 46.97121481557832], [19.660777851048557, 46.97278431331052], [19.657941467267783, 46.975318091629354], [19.655104820873753, 46.97785179172364], [19.652267911866474, 46.98038541359337], [19.647594507503396, 46.98195408157244], [19.641084607784528, 46.982557795660846], [19.634574569724517, 46.98316110469013], [19.62806439332337, 46.9837640086603], [19.623389902798536, 46.98533184657231], [19.62055109815001, 46.987864618426165], [19.62096780394392, 46.99009620680505], [19.62464002018026, 46.992026611708965], [19.62831252053426, 46.993956880003324], [19.63198530500592, 46.99588701168811], [19.63565837363878, 46.997817006729846], [19.639331726432843, 46.999746865128515], [19.642587565825657, 46.999445123079944], [19.645425891817222, 46.996911780584135], [19.648263954918608, 46.99437835981878], [19.65110175512981, 46.991844860783885], [19.65577601328102, 46.99027579073063], [19.662286729372234, 46.98967114965902], [19.66696038199356, 46.988101828065396], [19.669796971144997, 46.98556782594978], [19.672633297633492, 46.983033745643695], [19.675469361459044, 46.980499587147136], [19.680141927168176, 46.97892943584002], [19.686650994760893, 46.97832329172234], [19.69315992331957, 46.97771674265412], [19.6996687128442, 46.97710978863535], [19.704340191606732, 46.975538807928764], [19.70717435960716, 46.97300380053436], [19.706754555784016, 46.9707725382659], [19.703080780137302, 46.96884502112339], [19.69799004375112, 46.968184680903455]]]}}, {"type": "Feature", "properties": {"band": "light", "dbz": 30.0, "source": "OPERA-ORD", "time": "20260725155000"}, "geometry": {"type": "Polygon", "coordinates": [[[9.490146046822707, 47.15496130171555], [9.483567482993573, 47.15492910380528], [9.476988926784085, 47.15489649312141], [9.47041037819424, 47.15486346966395], [9.46546471244537, 47.155965351901486], [9.462151929537477, 47.158202139834025], [9.458838859269248, 47.16043881906405], [9.455525501640683, 47.16267538959155], [9.452211856582657, 47.164911851387586], [9.448897924095169, 47.167148204452154], [9.445583704109087, 47.16938444875631], [9.442269196624407, 47.17162058430006], [9.438954401571994, 47.17385661105442], [9.43563931895185, 47.176092529019414], [9.433957086501662, 47.179464048236], [9.433907704221435, 47.183971168704176], [9.433858311091795, 47.18847827385028], [9.433808907112745, 47.1929853636743], [9.435417911254698, 47.19637450738274], [9.438685323517655, 47.1986457049756], [9.441953022473788, 47.20091679717339], [9.445221008123093, 47.20318778397613], [9.448489280537302, 47.20545866535554], [9.451757839716409, 47.20772944131164], [9.456684830651595, 47.20888177372299], [9.46327025334286, 47.20891566258958], [9.4681978225442, 47.21006768456371], [9.47146753825562, 47.212337839645386], [9.47307938698544, 47.21572642632378], [9.473033368733656, 47.22023344459891], [9.474645786974348, 47.22362191973864], [9.47791664170751, 47.22589185174296], [9.481187783564328, 47.22816167818259], [9.484459212544799, 47.23043139905752], [9.4877309287207, 47.232701014339455], [9.491002932092028, 47.23497052402838], [9.495933393960714, 47.23612099278328], [9.502522314326756, 47.23615242060417], [9.50747465734698, 47.23504909049307], [9.510790423021387, 47.23281100245], [9.514105900372437, 47.23057280572711], [9.517421089400127, 47.22833450032437], [9.520715272617428, 47.22834959249235], [9.523988450024339, 47.23061808223105], [9.527261914678316, 47.232886466254854], [9.53053566657936, 47.235154744563786], [9.533809705799168, 47.23742291712951], [9.537084032337741, 47.239690983952016], [9.537063589017063, 47.24194446877084], [9.53374837583713, 47.244183371585976], [9.530432874162194, 47.24642216575607], [9.527117083992257, 47.24866085128114], [9.525438443997349, 47.2520336545865], [9.52539695417747, 47.25654057567217], [9.525355455228382, 47.26104748156015], [9.525313947150087, 47.265554372250435], [9.526931203196527, 47.268941932148024], [9.530207223367704, 47.27121016125291], [9.535142019670864, 47.2723587605786], [9.541735592106011, 47.27238773012508], [9.54667096799934, 47.27353601812983], [9.549948147350847, 47.275803624592825], [9.549928244850378, 47.27805705147318], [9.546611260497933, 47.28029629877089], [9.541655405274167, 47.281401434796855], [9.535060679179079, 47.281372459551065], [9.530104249887568, 47.28247727849929], [9.526786117399629, 47.284715891641525], [9.525106269694525, 47.28808859805029], [9.525064706772255, 47.292595397725584], [9.526682787300018, 47.295982893746036], [9.529960511277814, 47.29825108611165], [9.533238523460561, 47.30051917262125], [9.536516823848256, 47.30278715327483], [9.538135751988118, 47.30617451606725], [9.538095307880146, 47.31068126099853], [9.538054854863047, 47.31518799081901], [9.538014392936821, 47.31969470552872], [9.537973922095876, 47.324201405141906], [9.537933442340213, 47.328708089658576], [9.53789295366423, 47.333214759092996], [9.537852456067931, 47.33772141344515], [9.537811949545707, 47.34222805272932], [9.537771434097564, 47.34673467694548], [9.53773090971789, 47.351241286107914], [9.537690376406688, 47.355747880216626], [9.537649834158342, 47.36025445928586], [9.537609282972856, 47.36476102331563], [9.537568722844608, 47.36926757232019], [9.537528153773602, 47.373774106299535], [9.539149586959578, 47.377161208829996], [9.542433022402534, 47.37942887991157], [9.54571674721275, 47.381696444950514], [9.549000761390229, 47.38396390394683], [9.552285065007354, 47.386231256871916], [9.55556965806413, 47.38849850372577], [9.560516272801507, 47.3896458192786], [9.56712490921949, 47.38967320353039], [9.57373355201737, 47.389700172882755], [9.580342201195148, 47.3897267273357], [9.586950856556552, 47.389752866887974], [9.593559518101582, 47.38977859153959], [9.60016818563396, 47.38980390128934], [9.606776859153685, 47.389828796137216], [9.611741776682205, 47.388720683459525], [9.61506293821952, 47.38647956325627], [9.618383809368197, 47.38423833440288], [9.621704390128233, 47.38199699689932], [9.625024680570174, 47.3797555507748], [9.62834468069402, 47.37751399602931], [9.630020908655593, 47.374139933627205], [9.630053364454897, 47.36963336356848], [9.630085813099758, 47.365126778492815], [9.630118254590181, 47.36062017840021], [9.631793598717595, 47.35724597509958], [9.635111845482, 47.3550041685909], [9.638429802325183, 47.35276225355436], [9.641747469247143, 47.35052022998994], [9.645064846318324, 47.34827809792676], [9.648381933538719, 47.34603585736483], [9.653341938830826, 47.344925514255635], [9.659944862194644, 47.34494706859918], [9.664904290869202, 47.3438364087297], [9.668220224854501, 47.34159353464718], [9.66989265560279, 47.338218745930945], [9.66992158311407, 47.33371204258098], [9.668293122155749, 47.33032677833073], [9.665007272727834, 47.32806295318021], [9.660064043371014, 47.326920267679704], [9.653463434085293, 47.326898721829224], [9.646862829977366, 47.326876761644705], [9.640262231047238, 47.32685438712615], [9.635319879046769, 47.32571076884879], [9.63203577397596, 47.32344590681265], [9.628751957554503, 47.32118093857403], [9.625468429782396, 47.31891586413293], [9.622185190587736, 47.31665068351791], [9.618902239970518, 47.314385396728966], [9.617277520321242, 47.3109993652112], [9.617311031639904, 47.30649258896463], [9.617344535581141, 47.30198579760018], [9.617378032144956, 47.29747899111787], [9.617411521335976, 47.29297216950341], [9.617445003154199, 47.28846533275681], [9.617478477604248, 47.2839584808638], [9.617511944686125, 47.27945161382439], [9.61754540440445, 47.2749447316243], [9.61757885675922, 47.27043783426352], [9.617612301755049, 47.265930921727794], [9.61764573939194, 47.26142399401713], [9.619318650881723, 47.25804973933993], [9.622631036224398, 47.255808157696215], [9.625943133034077, 47.25356646767459], [9.62925494131076, 47.25132466927504], [9.6309269735942, 47.24795027351046], [9.630959229884397, 47.24344328038084], [9.630991479082727, 47.23893627203451], [9.63102372118919, 47.23442924847146], [9.629400926471474, 47.2310431351515], [9.62612309492958, 47.228777932074635], [9.621190236049554, 47.22763334058517], [9.614602349831397, 47.2276093606831], [9.609652803908343, 47.2287179799642], [9.606341598280395, 47.23095919842849], [9.603030104417257, 47.23320030849716], [9.599718322318937, 47.235441310170216], [9.594767924217813, 47.2365489916681], [9.588178910113887, 47.23652335299081], [9.581589902123401, 47.23649730079938], [9.575000900246351, 47.23647083509381], [9.56841190467679, 47.23644395587533], [9.561822915414714, 47.23641666314395], [9.556890962463184, 47.235269288290326], [9.553616045822201, 47.23300183131444], [9.553635329024766, 47.23074832565787], [9.556948812070877, 47.22850877132062], [9.560262006900697, 47.226269108454304], [9.563574913514223, 47.22402933705894], [9.56525034971495, 47.22065592148317], [9.565288315502876, 47.21614886172701], [9.56367040317634, 47.21276169036409], [9.560396612735346, 47.21049440739442], [9.5571231092685, 47.208227018648586], [9.553849892775807, 47.2059595241266], [9.55386915056408, 47.203705972694024], [9.557180882633315, 47.20146636435087], [9.560473360651724, 47.20148020795343], [9.563746584619306, 47.20374750350169], [9.567020095506452, 47.20601469326155], [9.570293893313162, 47.20828177723302], [9.575223567186748, 47.2094285442767], [9.581809117127214, 47.20945499439259], [9.58675719323559, 47.20834789992624], [9.59006779551188, 47.20610726087765], [9.59174091348264, 47.20273337574001], [9.591776547147873, 47.198226244513314], [9.593449086051567, 47.19485224210078], [9.596758530193725, 47.1926113685024], [9.60170488984577, 47.19150332535257], [9.608288165007707, 47.1915281126513], [9.613233952672388, 47.1904197534125], [9.61654225283981, 47.18817824763619], [9.618213055718552, 47.18480389367591], [9.618246361308607, 47.180296691531694], [9.616626091013188, 47.17691024464218], [9.613352244832289, 47.17464455300739], [9.608424832549293, 47.17349931840242], [9.601843854164198, 47.17347454082726], [9.595262881670793, 47.17344935030457], [9.588681915069081, 47.17342374683436], [9.583755375030268, 47.17227758297123], [9.580483261554352, 47.170010858715195], [9.577211434511192, 47.16774402869459], [9.573939893900786, 47.16547709290943], [9.569014226461352, 47.164330000062385], [9.562434432192891, 47.164302750153475], [9.555854644391207, 47.16427508738167], [9.5492748630563, 47.16424701174697], [9.54269508838117, 47.16421852325068], [9.536115320365818, 47.16418962189278], [9.529535559203243, 47.164160307674635], [9.52295580489345, 47.16413058059622], [9.516376057629428, 47.164100440658935], [9.509796317411181, 47.16406988786276], [9.504872414378879, 47.16292001286825], [9.50160434853252, 47.1606508156754], [9.498336568891323, 47.1583815129769], [9.495069075455289, 47.15611210477276], [9.490146046822707, 47.15496130171555]]]}}, {"type": "Feature", "properties": {"band": "light", "dbz": 30.0, "source": "OPERA-ORD", "time": "20260725155000"}, "geometry": {"type": "Polygon", "coordinates": [[[8.883209249685565, 47.23139090315775], [8.876621450991662, 47.23132061037887], [8.871655854291223, 47.232394355457934], [8.868312459584246, 47.234612138394944], [8.864968775899197, 47.236829810645716], [8.86162480323608, 47.23904737221025], [8.858280541526776, 47.24126482305908], [8.854935990771285, 47.2434821631922], [8.851591150901488, 47.24569939258014], [8.848246021917383, 47.24791651122294], [8.843278457379967, 47.24898866968497], [8.836688457289235, 47.248915867966254], [8.831720324225708, 47.24998770528291], [8.828374058189384, 47.25220418163493], [8.826649629391467, 47.25556559569258], [8.826547037831956, 47.26007194745586], [8.82811815530278, 47.263470068264944], [8.831362981803943, 47.26575995811982], [8.836281547148577, 47.26694131822129], [8.842873851336682, 47.26701414856934], [8.847793000214196, 47.26819520172529], [8.851038993781117, 47.270484477689145], [8.854285274267777, 47.27277364993359], [8.857531841674176, 47.27506271845863], [8.862451887741507, 47.27624284746935], [8.86904541246977, 47.27631403696577], [8.87563895383926, 47.27638481266317], [8.882232511849981, 47.27645517456155], [8.887201912971316, 47.275381198655246], [8.890547157203263, 47.27316288494426], [8.892268216198635, 47.26980053232074], [8.892365089957432, 47.26529414078466], [8.89246194241032, 47.26078773395784], [8.892558773557298, 47.25628131184026], [8.892655583411713, 47.25177487441774], [8.892752371973566, 47.247268421690286], [8.89284913925619, 47.24276195364368], [8.892945885259588, 47.23825547027793], [8.891371480954094, 47.23485818383309], [8.888125926339708, 47.23257009430916], [8.883209249685565, 47.23139090315775]]]}}, {"type": "Feature", "properties": {"band": "light", "dbz": 30.0, "source": "OPERA-ORD", "time": "20260725155000"}, "geometry": {"type": "Polygon", "coordinates": [[[9.424360761057951, 47.15462074787812], [9.417782277282267, 47.1545844222631], [9.412835513553649, 47.15568382092546], [9.409520469872096, 47.1579189438652], [9.407837131323458, 47.16129008913242], [9.407785497907735, 47.16579725672712], [9.409391959949872, 47.16918686647805], [9.412656517449863, 47.17145891838522], [9.417579185333995, 47.172613114270014], [9.424159963602264, 47.17264945413244], [9.429107889260232, 47.17154976447778], [9.432422962307893, 47.16931404530604], [9.434105168293362, 47.16594259479912], [9.434154507216638, 47.16143541295703], [9.432546883245154, 47.1580460941984], [9.429282296378913, 47.15577463852322], [9.424360761057951, 47.15462074787812]]]}}, {"type": "Feature", "properties": {"band": "light", "dbz": 30.0, "source": "OPERA-ORD", "time": "20260725155000"}, "geometry": {"type": "Polygon", "coordinates": [[[9.466765410120484, 47.02975700782519], [9.463460773970166, 47.03199405828565], [9.460155852218328, 47.03423100028651], [9.456850644864971, 47.03646783382779], [9.451916215472169, 47.037568957375754], [9.445352564039922, 47.03753437093039], [9.440417567925103, 47.03863517842019], [9.437111227127716, 47.040871379845164], [9.433804600579803, 47.04310747271284], [9.430497688281365, 47.045343457023236], [9.42556185262419, 47.04644332897672], [9.418997093608276, 47.046407088573304], [9.41406069115477, 47.04750664425107], [9.410752645263674, 47.04974199601003], [9.40744431347321, 47.051977239113896], [9.404135695783374, 47.05421237356269], [9.400826792125665, 47.05644739932762], [9.397517602500079, 47.058682316408664], [9.395836744395927, 47.06205352491564], [9.395784217813212, 47.06656102484855], [9.394102782430236, 47.069932115021814], [9.390792438247002, 47.07216679543542], [9.385853200607553, 47.073264768699055], [9.379285069511887, 47.073226034812706], [9.374345264594558, 47.07432369138627], [9.371033785855564, 47.076557738419716], [9.369350617472294, 47.0799284733142], [9.36929575944475, 47.08443589606971], [9.369240889389577, 47.08894330333785], [9.369186007306775, 47.09345069511862], [9.37078772780174, 47.096841076910806], [9.374046050874476, 47.099114448714396], [9.37730465917199, 47.10138771549923], [9.380563552694284, 47.1036608772653], [9.383822731512733, 47.10593393398455], [9.387082195627345, 47.108206885657], [9.39199828855594, 47.10936233124136], [9.398571010298518, 47.109400270737645], [9.40351342789517, 47.108301730684175], [9.406825541345901, 47.106066711080956], [9.410137368144316, 47.10383158271822], [9.413448908290416, 47.101596345595965], [9.418390484547915, 47.10049686851027], [9.424962096916813, 47.100533151461136], [9.431533717643138, 47.10056902212945], [9.438105346726887, 47.10060448051521], [9.444676983975988, 47.100639526616796], [9.451248629390445, 47.100674160434195], [9.456165640142897, 47.101826832034845], [9.45942801623335, 47.104097541418746], [9.45940427503862, 47.10635123758155], [9.456094416558715, 47.108587920523256], [9.45115309261103, 47.10968894169551], [9.444580303195567, 47.10965430109832], [9.43800752195092, 47.10961924813624], [9.43143474887709, 47.109583782809295], [9.424861984166274, 47.1095479051191], [9.41828922781847, 47.10951161506566], [9.413346787932944, 47.11061107906909], [9.410034664509691, 47.11284629712938], [9.40672225430836, 47.11508140641273], [9.403409557328946, 47.11731640691913], [9.398466275739171, 47.118414933709815], [9.391892409539038, 47.118376986784796], [9.386975464168195, 47.117221543321804], [9.383715439626641, 47.11494860332084], [9.38045570050636, 47.11267555825732], [9.377196246807351, 47.11040240813125], [9.37228017715792, 47.10924603860565], [9.365707491558066, 47.109206449680514], [9.359134815282161, 47.1091664484009], [9.35256214833021, 47.10912603476679], [9.345989490894382, 47.10908520878005], [9.339416842974682, 47.10904397044068], [9.334472768381362, 47.11013971160757], [9.33115726711442, 47.11237243228075], [9.329470322313385, 47.11574243013771], [9.329411933978253, 47.12024970517845], [9.327724409701581, 47.12361958422664], [9.324407749483369, 47.12585206728227], [9.321090802222987, 47.12808444127233], [9.317773567920439, 47.13031670619683], [9.316085158149395, 47.133686441158986], [9.31602557290986, 47.138193646158804], [9.317625177640053, 47.14158472288325], [9.320883972339978, 47.14385967133233], [9.325801974238612, 47.145018193560546], [9.332379183335961, 47.145060289567894], [9.337297762476663, 47.146218502566], [9.340557711660722, 47.14849283255485], [9.343817946713777, 47.150767057539426], [9.347078467635829, 47.153041177519725], [9.351997925136995, 47.15419846412776], [9.358576319217274, 47.15423891736353], [9.365154722652747, 47.15427895784081], [9.371733135443414, 47.15431858555961], [9.376680423052651, 47.153221353780644], [9.379996585480459, 47.15098726250392], [9.381681606960331, 47.147616609758316], [9.38173548749227, 47.143109395543846], [9.383419929266182, 47.13973862428229], [9.386734932282065, 47.137504295973656], [9.391680512100939, 47.13640611271569], [9.3982566687228, 47.136444074508375], [9.403201679439366, 47.13534557422946], [9.406515544250638, 47.133110611878934], [9.409829122032061, 47.13087554071655], [9.413142412783639, 47.12864036074232], [9.416455416574243, 47.12640507198513], [9.419768133403874, 47.12416967444501], [9.423080563341404, 47.121934168150844], [9.426392706386832, 47.119698553102644], [9.43133573669241, 47.1185984817142], [9.43790965425814, 47.11863395398553], [9.444483580000153, 47.11866901381123], [9.45105751391845, 47.11870366119132], [9.457631455820696, 47.11873789612419], [9.464205405706892, 47.11877171860985], [9.470779363384704, 47.11880512864675], [9.477353328854132, 47.11883812623488], [9.483927301922837, 47.11887071137271], [9.490501282590817, 47.11890288406024], [9.495420892958492, 47.120053699100616], [9.498686133025863, 47.12232315649384], [9.50195165879651, 47.12459250844518], [9.505217470270434, 47.12686175495464], [9.510137953490823, 47.12801164263726], [9.516713108457674, 47.12804217149304], [9.523288270451463, 47.12807228781341], [9.52986343947219, 47.12810199159837], [9.534784795193856, 47.12925095164912], [9.538052337616456, 47.13151916796566], [9.539666054990713, 47.13490693840509], [9.539625947316628, 47.139414262967406], [9.54124023268996, 47.14280192154002], [9.544508911110709, 47.145069914122935], [9.549431994145063, 47.14621794272934], [9.55600948179302, 47.146246007359245], [9.562586975899098, 47.14627365928807], [9.5691644764633, 47.146300898515804], [9.574106774803637, 47.145194343738034], [9.57741387092011, 47.14295399495474], [9.579085754053276, 47.13958015015714], [9.579122424203138, 47.13507280934522], [9.577506119222088, 47.13168564552859], [9.574236839110126, 47.129418658707266], [9.569314594617865, 47.12827155101844], [9.562739385745301, 47.128244322462116], [9.557817716616256, 47.12709690418469], [9.554549587230731, 47.124829296186164], [9.554568769061678, 47.12257560665494], [9.5578752621091, 47.12033583559101], [9.561181468455363, 47.11809595620561], [9.564487388100467, 47.11585596849873], [9.56779302111357, 47.11361587249918], [9.571098367494667, 47.11137566820696], [9.574403427312912, 47.10913535565085], [9.577708200568306, 47.10689493483085], [9.577726793533904, 47.10464121179044], [9.574459206209706, 47.10237418652961], [9.571191904368892, 47.10010705564474], [9.567924888011458, 47.09783981913584], [9.566310246406552, 47.094452455991934], [9.56634797955417, 47.08994496621302], [9.56638570443207, 47.08543746096909], [9.566423421040252, 47.08092994026014], [9.566461129383871, 47.07642240407191], [9.566498829462933, 47.07191485240439], [9.56488530127384, 47.068527333526866], [9.561620544816593, 47.06625984743934], [9.55670457112487, 47.06511209677931], [9.55013738019867, 47.06508408154677], [9.54522198017881, 47.06393602076935], [9.541958371065293, 47.06166791444703], [9.538695046830687, 47.05939970267327], [9.53543200747499, 47.05713138544807], [9.53216925292737, 47.054862962799525], [9.528906783187823, 47.052594434727624], [9.525644598185526, 47.050325801260456], [9.522382697920479, 47.04805706239801], [9.517469314029615, 47.04690745539203], [9.510904446512935, 47.046876980242516], [9.504339586172367, 47.046846093284636], [9.497774733007908, 47.0468147945184], [9.492862218514887, 47.04566426158653], [9.4896020426933, 47.04339449448902], [9.486342151433227, 47.04112462213283], [9.483082544734668, 47.03885464451794], [9.479823222526765, 47.03658456167238], [9.476564184809522, 47.03431437359615], [9.473305431512085, 47.03204408031727], [9.470046962634457, 47.02977368183573], [9.466765410120484, 47.02975700782519]]]}}, {"type": "Feature", "properties": {"band": "light", "dbz": 30.0, "source": "OPERA-ORD", "time": "20260725155000"}, "geometry": {"type": "Polygon", "coordinates": [[[6.199922891325283, 46.96090891398987], [6.193376065053371, 46.96067044970814], [6.18682929394712, 46.960431575341474], [6.18028257800653, 46.96019229088988], [6.175289598677867, 46.96113791029676], [6.171850355961132, 46.963268433562135], [6.168410826647274, 46.96539883834139], [6.164971010736291, 46.96752912463453], [6.161530908167919, 46.96965929241087], [6.158090518942154, 46.9717893416704], [6.156203706187448, 46.97510478603046], [6.155870469903803, 46.97960562549103], [6.157257993257897, 46.98304146377513], [6.16036627624973, 46.98541230088274], [6.16519541518665, 46.98671784189179], [6.171745410068656, 46.98695808680226], [6.176575137839505, 46.98826333921896], [6.179684598499199, 46.99063359914189], [6.182794337652656, 46.99300376387983], [6.185904355299876, 46.99537383343278], [6.190735037809905, 46.996678193277006], [6.1972863851827436, 46.99691684341252], [6.202282158117781, 46.99597043551863], [6.20572235661502, 46.99383896959536], [6.209162268129148, 46.99170738523936], [6.212601892660163, 46.98957568245065], [6.216041230268548, 46.98744386125994], [6.219480280954304, 46.985311921667225], [6.221363598843844, 46.9819954157836], [6.221691183937169, 46.97749434360905], [6.220299808900301, 46.974059264320346], [6.217189473733241, 46.97169017791748], [6.214079416840045, 46.96932099625829], [6.210969638220713, 46.96695171934279], [6.207860137798596, 46.964582347196455], [6.204750915573691, 46.962212879819305], [6.199922891325283, 46.96090891398987]]]}}, {"type": "Feature", "properties": {"band": "light", "dbz": 30.0, "source": "OPERA-ORD", "time": "20260725155000"}, "geometry": {"type": "Polygon", "coordinates": [[[9.386280076434447, 47.03720456558914], [9.37971651009809, 47.037165861973634], [9.374780152747707, 47.03826357243851], [9.371471004383299, 47.04049769698378], [9.368161570209777, 47.04273171277073], [9.364851850227144, 47.044965619799385], [9.361541844367022, 47.047199418040904], [9.35823155262941, 47.04943310749529], [9.358203880422174, 47.05168687124939], [9.36145882774531, 47.05396070930318], [9.36471405965134, 47.05623444245699], [9.367969576140263, 47.05850807071082], [9.371225377283267, 47.0607815940367], [9.37448146308035, 47.06305501243463], [9.377764667741909, 47.063074579655506], [9.38107499126794, 47.06084029569932], [9.384385028745921, 47.058605902990195], [9.387694780175847, 47.056371401528125], [9.391004245626206, 47.05413679134196], [9.394313425096993, 47.05190207243169], [9.395994255120751, 47.04853093194241], [9.396046735697478, 47.04402336987414], [9.394445196890038, 47.04063317097923], [9.39118963869843, 47.03836033525767], [9.386280076434447, 47.03720456558914]]]}}, {"type": "Feature", "properties": {"band": "light", "dbz": 30.0, "source": "OPERA-ORD", "time": "20260725155000"}, "geometry": {"type": "Polygon", "coordinates": [[[9.79334255384201, 47.011753344355014], [9.786782033091605, 47.01174017597913], [9.781856802574666, 47.01285710179561], [9.778566862291193, 47.01510412180447], [9.775276636962401, 47.017351034352174], [9.77198612658829, 47.01959783943872], [9.767060047923843, 47.02071383333194], [9.760498400969059, 47.02069901603184], [9.753936757547693, 47.02068378714451], [9.747375117659745, 47.020668146669955], [9.74244819121899, 47.02178320837205], [9.739155978225426, 47.0240289722508], [9.739144866077291, 47.02628286196256], [9.742414854774585, 47.02854487750732], [9.745685128167992, 47.03080678703311], [9.748955686257506, 47.03306859053991], [9.750580130958607, 47.03645335946744], [9.750558462271288, 47.040961093815696], [9.752183474535109, 47.04434574968706], [9.755455167750068, 47.04660732708153], [9.75872714592645, 47.04886879838442], [9.76199940906426, 47.05113016359573], [9.76527195723381, 47.05339142268721], [9.768544790435108, 47.05565257565888], [9.773464314727303, 47.05679015467694], [9.780030530110395, 47.05680415974139], [9.786596748653361, 47.056817752895526], [9.793162970356201, 47.05683093413934], [9.79809191777455, 47.05571374285954], [9.801383590908404, 47.05346617905612], [9.80303798469547, 47.05008854003074], [9.803055099135742, 47.04558082578339], [9.803072209828523, 47.04107309601549], [9.803089316773812, 47.03656535072703], [9.803106419973943, 47.032057589903744], [9.803123519428915, 47.0275498135456], [9.803140615141064, 47.02304202163833], [9.803157707110389, 47.018534214181926], [9.80153039337559, 47.01515021497603], [9.798258673936672, 47.01289002402065], [9.79334255384201, 47.011753344355014]]]}}, {"type": "Feature", "properties": {"band": "light", "dbz": 30.0, "source": "OPERA-ORD", "time": "20260725155000"}, "geometry": {"type": "Polygon", "coordinates": [[[9.386812620739562, 46.99212791054464], [9.380254749120864, 46.99208924469014], [9.375322692721568, 46.99318702262119], [9.372016451541676, 46.995421244337784], [9.368709925177654, 46.99765535738305], [9.365403113629505, 46.999889361757], [9.362123907019788, 46.9998694099188], [9.358872305348507, 46.99759550186846], [9.3556209874428, 46.99532148903985], [9.352369953302661, 46.993047371432965], [9.347465528153242, 46.99188974577709], [9.340907711994541, 46.991848612072204], [9.334349905460195, 46.99180706706265], [9.327792108550208, 46.99176511074843], [9.322858970683018, 46.99286041281158], [9.319550491858624, 46.99509297325211], [9.316241727804472, 46.99732542486088], [9.312932678520559, 46.999557767637896], [9.309623343938831, 47.00179000155437], [9.306313724059294, 47.0040221266103], [9.304628734431525, 47.00739200464703], [9.30456837505552, 47.011899635664555], [9.306163394927731, 47.015291208394636], [9.309413794048153, 47.01756672283729], [9.312694100522844, 47.01758832848643], [9.316004314351801, 47.01535602534207], [9.319314242701207, 47.01312361333105], [9.322623885571058, 47.01089109245336], [9.327558743606945, 47.00979581836079], [9.334118816808866, 47.00983779105334], [9.340678899647996, 47.00987935228069], [9.347238992124336, 47.00992050204284], [9.353799094047124, 47.009961240337894], [9.360359205416358, 47.01000156716586], [9.366919326041273, 47.010041482524876], [9.373479455921867, 47.010080986414955], [9.380039594867366, 47.010120078834284], [9.386599742877774, 47.01015875978287], [9.39153295297624, 47.00906069257121], [9.394839225162764, 47.006825877199304], [9.396518544162186, 47.00345461056032], [9.396570909974503, 46.99894689265425], [9.394970708797723, 46.995556586143884], [9.391717940631848, 46.99328369102922], [9.386812620739562, 46.99212791054464]]]}}, {"type": "Feature", "properties": {"band": "light", "dbz": 30.0, "source": "OPERA-ORD", "time": "20260725155000"}, "geometry": {"type": "Polygon", "coordinates": [[[15.294015864215066, 46.859648332361886], [15.287488490610514, 46.85997988045452], [15.282706905965206, 46.86135212153208], [15.279671110279143, 46.86376505559458], [15.276635040980448, 46.86617789896823], [15.273598698069119, 46.86859065165304], [15.270562081466736, 46.87100331362482], [15.2675251911733, 46.87341588488356], [15.266234308560499, 46.876869636386715], [15.266689433628336, 46.88136456813427], [15.268663563137821, 46.88465318222655], [15.272156697088953, 46.88673547866355], [15.277168704197347, 46.88761116490166], [15.283699584463006, 46.887280240940854], [15.288483338284683, 46.88590820086388], [15.291519965662381, 46.88349504467074], [15.294556319231752, 46.8810817978096], [15.297592398992789, 46.87866846028048], [15.300628205024022, 46.87625503210757], [15.30366373732545, 46.87384151329086], [15.304952363045338, 46.870387365839015], [15.304494082183686, 46.865892589752015], [15.30251859406898, 46.862604540860275], [15.29902589870122, 46.86052321916381], [15.294015864215066, 46.859648332361886]]]}}, {"type": "Feature", "properties": {"band": "light", "dbz": 30.0, "source": "OPERA-ORD", "time": "20260725155000"}, "geometry": {"type": "Polygon", "coordinates": [[[9.846040571825068, 46.939716350503105], [9.839489125425967, 46.93970648960018], [9.8345718523856, 46.940825961163945], [9.83128875270397, 46.943074765194396], [9.828005369027311, 46.945323462058106], [9.82472170135563, 46.94757205175507], [9.819803581646493, 46.948690593293904], [9.813251009899899, 46.94867908667464], [9.80833232358281, 46.949797314963696], [9.805047522695224, 46.952045278161094], [9.803396602401385, 46.955423272732055], [9.803379562701295, 46.95993129867659], [9.805005491425398, 46.96331534420767], [9.808274388573693, 46.965575409325304], [9.811543569625652, 46.967835368336544], [9.814813034581274, 46.97009522124139], [9.816439808232055, 46.973479130544725], [9.816423890577997, 46.97798709624657], [9.81640796944149, 46.98249504632836], [9.81639204482253, 46.987002980790095], [9.8180196642099, 46.990386753825426], [9.821290827603592, 46.992646365434354], [9.826205539522965, 46.993781518810934], [9.832763799968014, 46.99379221395516], [9.837679081915384, 46.994927055963416], [9.840951385365074, 46.997186044835686], [9.842580706264483, 47.000569477393164], [9.842567044613611, 47.005077353635855], [9.844196933072391, 47.008460672611776], [9.84747037164082, 47.010719434320926], [9.852387364183986, 47.01185334181407], [9.858947910701888, 47.0118623950912], [9.865508459223939, 47.01187103685707], [9.872069009750138, 47.01187926711167], [9.878629562089623, 47.01188708585462], [9.885190116242388, 47.011894493085926], [9.89011281017347, 47.010772929367235], [9.893397643882865, 47.00852239469856], [9.896682192795947, 47.006271752946944], [9.899966456912713, 47.00402100411239], [9.903250436302535, 47.00177014822327], [9.906534130965412, 46.999519185279595], [9.909817540970714, 46.997268115309765], [9.913100666318437, 46.99501693831377], [9.916383507077946, 46.992765654319975], [9.919666063249238, 46.99051426332839], [9.919669760865789, 46.98826029773359], [9.916394599927598, 46.98600375753558], [9.913119723263538, 46.98374711087783], [9.90984513087361, 46.98149035776034], [9.90821181411396, 46.97810799245693], [9.908219772984593, 46.97360001496757], [9.906587023741245, 46.970217535709224], [9.90331356638392, 46.96796055468188], [9.89839940331173, 46.96682877527425], [9.891844534524676, 46.96682219748631], [9.886930940335986, 46.965690106476906], [9.883658620745656, 46.963432502246036], [9.880386585081133, 46.961174791696486], [9.877114833342418, 46.95891697482825], [9.87220209461639, 46.95778395608026], [9.865648368903056, 46.95777573545253], [9.86073619897034, 46.95664240531958], [9.85746558481824, 46.9543839656814], [9.855836522925284, 46.951000713062555], [9.855849013291472, 46.946492647463046], [9.85422051761208, 46.943109281236104], [9.850951035887107, 46.940850614381745], [9.846040571825068, 46.939716350503105]]]}}, {"type": "Feature", "properties": {"band": "light", "dbz": 30.0, "source": "OPERA-ORD", "time": "20260725155000"}, "geometry": {"type": "Polygon", "coordinates": [[[9.950821343758664, 46.984898518688205], [9.944264191877092, 46.98489522850878], [9.939344906269898, 46.986019591740934], [9.936063486937076, 46.988271608384665], [9.934419932326044, 46.991651575193885], [9.934414242436802, 46.9961594921686], [9.936049831201807, 46.99954140120627], [9.939326698621054, 47.00179730230689], [9.944244846248345, 47.002926898588996], [9.950804274083676, 47.00293019005258], [9.95572469898652, 47.00180553064467], [9.959006120956873, 46.999552920365254], [9.96064853890986, 46.9961726560961], [9.96065195284548, 46.99166473783721], [9.959015224784828, 46.988283124975304], [9.95573835472791, 46.986027817510376], [9.950821343758664, 46.984898518688205]]]}}, {"type": "Feature", "properties": {"band": "light", "dbz": 30.0, "source": "OPERA-ORD", "time": "20260725155000"}, "geometry": {"type": "Polygon", "coordinates": [[[10.39622338543338, 46.921045601602586], [10.389674351334506, 46.92107024397558], [10.384770795829123, 46.922215595320054], [10.381512718917232, 46.92448165563602], [10.378254358890313, 46.92674761049835], [10.374995715748367, 46.92901345990704], [10.370091299054737, 46.930157886645276], [10.363541108809418, 46.930180890713075], [10.356990913346806, 46.93020348400324], [10.350440712666902, 46.93022566651575], [10.345535435134835, 46.93136916837718], [10.342275080750607, 46.933633989587506], [10.340659658144455, 46.93702042645717], [10.340689167316377, 46.94152847898619], [10.340718682939414, 46.946036515829235], [10.340748205013567, 46.9505445369863], [10.340777733542845, 46.95505254247168], [10.340807268527248, 46.959560532285366], [10.34246810966051, 46.962936122983066], [10.34576025694263, 46.96517931456478], [10.350683701725208, 46.96628981045127], [10.357238444008246, 46.96626761064253], [10.362162454813069, 46.967377792128396], [10.365455734139674, 46.96962035490886], [10.36874929803318, 46.97186280987136], [10.372043146493583, 46.9741051570159], [10.376967999526748, 46.97521440616422], [10.38352385713267, 46.975190557316324], [10.388449276266817, 46.976299491847215], [10.39174425692919, 46.97854120975687], [10.395039522308444, 46.980782819751404], [10.39833507240458, 46.98302432183081], [10.40326133338964, 46.98413232360959], [10.409818305263622, 46.984106825087764], [10.416375271137582, 46.984080915312106], [10.422932231011522, 46.984054594282625], [10.429489184694994, 46.98402786200053], [10.436046132187997, 46.98400071846583], [10.442603073300086, 46.98397316367976], [10.449160008031264, 46.98394519764231], [10.454067755210467, 46.982797103962845], [10.457326314837694, 46.98052888264137], [10.458935698346092, 46.97714083038468], [10.45889590573566, 46.97263294719277], [10.4588561218253, 46.96812504834773], [10.458816346615006, 46.96361713384956], [10.45877658009937, 46.95910920368398], [10.458736822278393, 46.95460125785097], [10.457068912274405, 46.951227432754564], [10.453772850087406, 46.94898772839474], [10.448848624308141, 46.94788184833368], [10.442296234936608, 46.94790979257138], [10.437372574096024, 46.94680359766829], [10.434077641786388, 46.94456326362442], [10.43241144894452, 46.9411890868658], [10.432373995570428, 46.936681067392456], [10.430708374730688, 46.93330677350428], [10.427414586425304, 46.93106620520127], [10.422492619916067, 46.92995906618334], [10.41594247520298, 46.92998535645048], [10.411021073309222, 46.92887790286462], [10.407728414234786, 46.926636705425764], [10.404436039143881, 46.924395400133776], [10.401143948036506, 46.922153986988654], [10.39622338543338, 46.921045601602586]]]}}, {"type": "Feature", "properties": {"band": "light", "dbz": 30.0, "source": "OPERA-ORD", "time": "20260725155000"}, "geometry": {"type": "Polygon", "coordinates": [[[10.003275168367745, 46.93081350641519], [9.996724829378, 46.93081350641512], [9.991811791503226, 46.93194038488929], [9.988536054743424, 46.93419414183769], [9.985260034281948, 46.936447792116134], [9.981983730118797, 46.938701335724616], [9.978707142184726, 46.940954772634896], [9.97543027047974, 46.943208102846995], [9.972153114934583, 46.94546132633264], [9.968875675549258, 46.947714443091826], [9.963960652219951, 46.94883976861582], [9.957408044946662, 46.948837302904614], [9.950855438338314, 46.94883442624172], [9.944302832394907, 46.948831138627135], [9.937750227306429, 46.948827440061024], [9.931197623072876, 46.94882333054339], [9.926281466854375, 46.94994711044153], [9.923001758650924, 46.95219877975545], [9.921358496585192, 46.95557863495546], [9.92135168065718, 46.960086676041556], [9.921344863238525, 46.96459470148194], [9.92133804432923, 46.9691027112766], [9.922971932441763, 46.97248489493724], [9.926246527576126, 46.97474125246386], [9.93116183161233, 46.97587148718799], [9.937717844550376, 46.975875599109614], [9.942635991445638, 46.974751531866985], [9.945916272298117, 46.972499285460124], [9.949196268909073, 46.97024693219716], [9.95247598127851, 46.96799447207812], [9.955753704746686, 46.96799591111067], [9.959029439313598, 46.9702512492948], [9.96230545802024, 46.97250648090344], [9.965581760866606, 46.97476160593659], [9.970497920757635, 46.97588999083777], [9.977053937693327, 46.97589163560699], [9.9819712347289, 46.97476571769926], [9.985249811864351, 46.972512237114586], [9.9868896686753, 46.96913149052228], [9.986890805161742, 46.96462347792233], [9.986891941399747, 46.9601154496773], [9.986893077389308, 46.95560740578719], [9.988532081510401, 46.95222652110521], [9.991808953763025, 46.94997279563137], [9.99672369438091, 46.948845932894486], [10.003276303364053, 46.94884593289454], [10.008190476235493, 46.947718758027094], [10.011466212995222, 46.94546440829213], [10.013103513876821, 46.94208318014653], [10.01310237888029, 46.937575073590295], [10.011463943002173, 46.93419414183794], [10.008188206242469, 46.931940384889465], [10.003275168367745, 46.93081350641519]]]}}, {"type": "Feature", "properties": {"band": "light", "dbz": 30.0, "source": "OPERA-ORD", "time": "20260725155000"}, "geometry": {"type": "Polygon", "coordinates": [[[10.260749648918367, 46.678005699431246], [10.24771225823153, 46.678037567386546], [10.234674853763924, 46.67806780110361], [10.22163743551555, 46.67809640058242], [10.208600004976157, 46.67812336581785], [10.195562562145742, 46.67814869680989], [10.184158435271579, 46.679297040640805], [10.174387624353663, 46.681568397310585], [10.169516797906658, 46.687213042186116], [10.169545955930559, 46.69623097526738], [10.164672604734518, 46.701874685137746], [10.154896744318533, 46.70414417179721], [10.146741869842241, 46.703028942430294], [10.140207981305645, 46.698528997036995], [10.130420045258957, 46.696286790084315], [10.117378061702176, 46.696302321572254], [10.10433607180516, 46.69631621816984], [10.091294075567903, 46.696328479877074], [10.078252074482219, 46.69633910669175], [10.065210068548105, 46.696348098613875], [10.058691589982978, 46.6986070676553], [10.058696638786836, 46.703116013816036], [10.060333904416492, 46.70875119523323], [10.063603386871943, 46.71551261190689], [10.06687371404064, 46.722273889685276], [10.07014488592258, 46.7290350285684], [10.076676557559681, 46.73353896916575], [10.08646872895194, 46.735785711477334], [10.096261740755677, 46.73803152852798], [10.10605559297089, 46.74027642031771], [10.115844664476885, 46.74026598878715], [10.125628955273658, 46.73800023393632], [10.132143763208909, 46.73348363388331], [10.135389088282636, 46.72671618862813], [10.143536102053226, 46.723323059909774], [10.156584804520676, 46.72330424772824], [10.166378911013638, 46.72554394370386], [10.17291842153211, 46.730042147836656], [10.182713636847517, 46.73227938776684], [10.19576455695986, 46.732255663494406], [10.208815465480006, 46.73223030307784], [10.221866362407953, 46.732203306517135], [10.230038345280892, 46.73556776740043], [10.233331414098826, 46.74232368572772], [10.239878770219201, 46.7468173246921], [10.249680413642018, 46.74904868429359], [10.259482893493216, 46.75127911689727], [10.26928620977279, 46.75350862250316], [10.279090362116175, 46.755737200847165], [10.288895350523367, 46.75796485192929], [10.295449453199017, 46.76245552722274], [10.298752670143124, 46.76920922672753], [10.305309016480278, 46.773698650850775], [10.315118492210477, 46.775923799592476], [10.324928803633423, 46.77814802022128], [10.334739950749114, 46.780371312737174], [10.341300806907476, 46.78485901980072], [10.344611372108508, 46.79161114141192], [10.352799889691868, 46.7949646747045], [10.365866359657554, 46.79491961967849], [10.377291054872574, 46.793751984247834], [10.38707397533693, 46.791461768412546], [10.395231755027638, 46.790304169209264], [10.401764393944699, 46.79027918663796], [10.406690500582826, 46.793641690090766], [10.41001007494202, 46.800391679567696], [10.418204167966463, 46.80374004583646], [10.431272779656155, 46.803686788897096], [10.43946941979405, 46.80703459566294], [10.442794088380142, 46.813783466133984], [10.447744158020033, 46.8193979733523], [10.45431962871372, 46.823878117317896], [10.462520478371715, 46.82722330695407], [10.47234670699402, 46.82943354226083], [10.480549810587457, 46.83277767202102], [10.487129789152023, 46.837255696234635], [10.496958517762646, 46.839463139544115], [10.510035996419326, 46.83940000194946], [10.519821227165286, 46.837097864512], [10.526314210000528, 46.83255672723175], [10.536098266422972, 46.83025213661992], [10.549173396432622, 46.83018409267651], [10.562248494427813, 46.83011440921179], [10.575323560408552, 46.83004308622576], [10.583457380820743, 46.826616992422814], [10.586649955664388, 46.81983612780296], [10.589841707238472, 46.81305513031455], [10.593032635542995, 46.80627399995761], [10.597921373129735, 46.80511878654913], [10.60450791999869, 46.809589490089095], [10.612716139988523, 46.81292289079289], [10.622546033099233, 46.81511898866049], [10.624219613024474, 46.81849067267028], [10.617736879764246, 46.82303794282227], [10.616169963279418, 46.82868311806567], [10.619518863569986, 46.835426198400484], [10.626111086056614, 46.83989512987691], [10.635946630739298, 46.84208991249494], [10.644133963905269, 46.843167007903325], [10.650673085554521, 46.84312641610208], [10.655534649957579, 46.83971462485994], [10.658718657114443, 46.8329316341769], [10.66684805056485, 46.82949791939268], [10.6799228303088, 46.829413480507256], [10.692997570508336, 46.82932740217126], [10.706072271163457, 46.8292396843847], [10.717528414186502, 46.830288912305654], [10.727365999577472, 46.832475085934114], [10.735585907122635, 46.835799108784244], [10.742188136821989, 46.84026098085603], [10.748791499218498, 46.8447224179855], [10.755395994312158, 46.84918342017266], [10.760382862002217, 46.8547830593394], [10.763752102288674, 46.861521335485726], [10.7703260710204, 46.86372699624649], [10.78010476819739, 46.86140004162171], [10.789882595841735, 46.85907216742192], [10.799659553953436, 46.85674337364714], [10.80947124910484, 46.8566676974172], [10.819317681295951, 46.858845138732086], [10.822658637662473, 46.86332775768486], [10.819494118204405, 46.8701155542755], [10.81632878223599, 46.87690322011835], [10.813162629757228, 46.883690755213415], [10.809995659981887, 46.89047815952638], [10.806827872909963, 46.89726543305725], [10.80200513927873, 46.90293807412645], [10.795527459088188, 46.907496082733985], [10.78904864936508, 46.91205367465787], [10.782568710109409, 46.91661084989808], [10.776021309886309, 46.916659712461446], [10.769406448695777, 46.912200262347966], [10.759551573551116, 46.91001775758354], [10.746456684452326, 46.91011219816815], [10.738319989483125, 46.91355191183246], [10.735141488643512, 46.920336898576466], [10.73196216597546, 46.92712175390651], [10.72878202147897, 46.9339064778226], [10.727223448665875, 46.93955276196814], [10.727286447536176, 46.9440606063431], [10.730626034483539, 46.94854541830355], [10.737242209507961, 46.9530071978495], [10.747103413223325, 46.95519082132492], [10.760209645629628, 46.95509628872982], [10.77166053418326, 46.95388555305688], [10.78145607888422, 46.95155861430608], [10.789630091869025, 46.95037028130469], [10.796182573137672, 46.95032055405271], [10.804390898251114, 46.951384559239], [10.814255067209354, 46.953562296863566], [10.82242759245772, 46.95237140388003], [10.828908473996215, 46.947811880288384], [10.835461452217768, 46.94775968243323], [10.842086527122373, 46.952214810314565], [10.848638345803284, 46.952161800879495], [10.855116908260502, 46.947600654128024], [10.86166983744911, 46.94754681245772], [10.868297133369111, 46.952000275868585], [10.876506138738645, 46.95305862722067], [10.886296853557711, 46.95072186651401], [10.889496666497099, 46.94618661877276], [10.886105577556808, 46.939452883996935], [10.88109699808568, 46.933859658901284], [10.874470928083712, 46.92940694348579], [10.871120185369525, 46.924926685762856], [10.87104476994312, 46.9204188857325], [10.874242981265702, 46.91588355945392], [10.880714819337275, 46.91132070692712], [10.89049792038592, 46.90898302810992], [10.903592284411635, 46.90887052300231], [10.915069936691575, 46.909897950875205], [10.924930877225737, 46.91206531172862], [10.929941864371196, 46.917656742709994], [10.930102898127954, 46.92667224381934], [10.935116427607799, 46.932262705530405], [10.94498245281073, 46.93442812784319], [10.956465913658295, 46.935450445807746], [10.969566810150495, 46.93532965942406], [10.98100849959836, 46.93409598000179], [10.990790982001894, 46.93174940754095], [10.998957121117765, 46.93054469547579], [11.005506916945972, 46.93048184380634], [11.013716401059023, 46.93152941446397], [11.023585573456915, 46.93368740744866], [11.030090522883253, 46.931369504228435], [11.033231249338039, 46.92457570480331], [11.0330977216172, 46.917814213449596], [11.029689939720738, 46.91108503016729], [11.023054041531136, 46.90664139033702], [11.013190027048394, 46.904483293958776], [11.011487025644325, 46.90111855464927], [11.017945037318926, 46.896547172408525], [11.017857833416308, 46.892039397872345], [11.011225413936472, 46.88759523104074], [11.004594130450759, 46.88315062572912], [10.997963982959163, 46.87870558193749], [10.999534233346443, 46.875308862507524], [11.009304881612598, 46.87296046743921], [11.015759647439529, 46.86838942144523], [11.018898530827236, 46.861595724525564], [11.025351011001174, 46.857023457008296], [11.035117087961341, 46.85467261889342], [11.04322467852629, 46.85121044603471], [11.04967378269602, 46.8466369384322], [11.054464453073294, 46.84095268736362], [11.05759668965811, 46.834157692828995], [11.062385129206273, 46.828472812759415], [11.068829771717784, 46.82389804715489], [11.070349116648469, 46.818246419024334], [11.066943163998332, 46.811517928367735], [11.060361941878414, 46.80933031759187], [11.050605450288717, 46.811683586696745], [11.04245970077254, 46.812892796804945], [11.035924693329887, 46.8129579479165], [11.029345685751416, 46.81076865700105], [11.022722678037127, 46.8063249240586], [11.014489151527947, 46.803023502259066], [11.00464510622388, 46.800864391602445], [10.996498940918277, 46.80207002447718], [10.99005065561114, 46.80664040088329], [10.983517222479021, 46.80670225652423], [10.976898641521917, 46.80225559140001], [10.96870981606861, 46.80120461261764], [10.958950746119102, 46.803549320177105], [10.949190804405402, 46.80589311080887], [10.939429990927511, 46.80823598451294], [10.931242493164783, 46.807182427126904], [10.924628311117214, 46.802732438650764], [10.914787623492003, 46.80056438512235], [10.90172043028915, 46.80067826654167], [10.890267720430767, 46.79964977975493], [10.880429493916855, 46.79747892476215], [10.87382090603358, 46.79302596639062], [10.870441956780947, 46.78629090464034], [10.862221037209377, 46.78297701693562], [10.849158147318875, 46.78308430327645], [10.841047920154754, 46.78653232231893], [10.837890355717013, 46.793321074063066], [10.831429295836163, 46.79788138119836], [10.821664740512203, 46.800213243724805], [10.813480910881742, 46.79915042558381], [10.806877806944778, 46.794692926775376], [10.798693648115426, 46.79362857922507], [10.788928434393686, 46.7959573829329], [10.780779189762052, 46.79714615679894], [10.77424591422053, 46.797194900823186], [10.76606309724655, 46.79612797755705], [10.756230738840113, 46.79394538700052], [10.744781782178093, 46.79290037381819], [10.731716227260488, 46.79299293801007], [10.720268626734839, 46.79194575954703], [10.710438980601149, 46.78975883842907], [10.70061015983725, 46.78757098550539], [10.690782164443146, 46.785382200775985], [10.682573294426781, 46.78205487776887], [10.675983549788157, 46.777589016484065], [10.666158032017327, 46.77539743738425], [10.653096741114291, 46.775480140469426], [10.641654576344138, 46.774424305800466], [10.631831537706862, 46.77222993337739], [10.630157502886643, 46.76885863352541], [10.636632471883484, 46.76431040624453], [10.639814841605517, 46.75752772742767], [10.639704612052743, 46.748510597074805], [10.637976928898034, 46.74063053594472], [10.634631792141391, 46.73388754403743], [10.628052218345234, 46.72941817745752], [10.618238207509561, 46.727222436205], [10.608425022144655, 46.725025765195795], [10.598612662250513, 46.72282816442991], [10.590419500020156, 46.71949340332431], [10.58384553545358, 46.71502148187896], [10.57403565346721, 46.712821092888966], [10.560989854061038, 46.71289223635429], [10.547944022915733, 46.712961744424426], [10.534898160031288, 46.71302961709938], [10.5250915844072, 46.71082551222118], [10.518524296043466, 46.70634942978982], [10.508718797872298, 46.704142865704284], [10.495675089893695, 46.70420581996457], [10.484271927392841, 46.705387037191855], [10.47450931036974, 46.70768651738615], [10.466386419770968, 46.71110517245633], [10.459903255596531, 46.71564300240238], [10.453418970653335, 46.72018041293669], [10.446933564941379, 46.72471740405925], [10.44208791494043, 46.73037435535357], [10.438882020650489, 46.737151266819666], [10.432375264592276, 46.739432637639865], [10.422567646765792, 46.737218467814166], [10.41276086026893, 46.73500336979288], [10.40295490510169, 46.732787343576014], [10.391526590859932, 46.73170346353942], [10.378475917543659, 46.7317517296831], [10.368703357826977, 46.73404169555195], [10.362208911709889, 46.738573361145974], [10.35405951553976, 46.739728420207264], [10.34425516931659, 46.73750687273582], [10.339323787940643, 46.731887300997414], [10.339265371411916, 46.72286970499205], [10.337583771900317, 46.714984529666125], [10.334278989405842, 46.708231775019655], [10.326104579598908, 46.70487542886301], [10.31306054247952, 46.70491549119621], [10.303264886184953, 46.70269047089417], [10.296717610715213, 46.69820036795688], [10.288547394405812, 46.69484141676273], [10.278754237256747, 46.6926136173117], [10.272210330077108, 46.68812222955304], [10.268915672866894, 46.68136725348674], [10.260749648918367, 46.678005699431246]]]}}, {"type": "Feature", "properties": {"band": "light", "dbz": 30.0, "source": "OPERA-ORD", "time": "20260725155000"}, "geometry": {"type": "Polygon", "coordinates": [[[10.225790558486548, 46.88548715772028], [10.219245940458404, 46.885501110995726], [10.212701319310177, 46.885514653884], [10.206156695041873, 46.88552778638512], [10.20125247125347, 46.88666454923437], [10.197988647944973, 46.88892494243176], [10.19472454179305, 46.89118522968007], [10.191460152797703, 46.89344541097932], [10.186555074368966, 46.894581248221186], [10.18000930650684, 46.89459274140566], [10.173463536090201, 46.894603824121454], [10.166917763119052, 46.89461449636857], [10.160371987782607, 46.8946247581465], [10.153826210080869, 46.89463460945526], [10.148919990732654, 46.89576890557613], [10.14565332973796, 46.898027646509114], [10.145659843117922, 46.90028176525374], [10.148939530872532, 46.90253126180999], [10.153852829975275, 46.90365108347521], [10.160399740426145, 46.90364123024939], [10.165313605065295, 46.904760739108745], [10.168594423892722, 46.90700961005328], [10.171875526219186, 46.90925837389769], [10.175156912044686, 46.911507030642], [10.180071621878504, 46.91262561018484], [10.18661965572064, 46.91261411252621], [10.193167686815391, 46.91260220423963], [10.199715715162753, 46.912589885325104], [10.206263740573261, 46.91257715578318], [10.212811763046913, 46.91256401561389], [10.219359782394243, 46.91255046481779], [10.225907798615248, 46.91253650339489], [10.230813709374083, 46.91139883263872], [10.234077514670748, 46.90913745254925], [10.235699220309435, 46.90575265929185], [10.235678826290147, 46.90124445286651], [10.235658436723273, 46.896736230690124], [10.235638051608811, 46.8922279927627], [10.23398661116384, 46.88885045061988], [10.23070411538836, 46.886603604261666], [10.225790558486548, 46.88548715772028]]]}}, {"type": "Feature", "properties": {"band": "light", "dbz": 30.0, "source": "OPERA-ORD", "time": "20260725155000"}, "geometry": {"type": "Polygon", "coordinates": [[[6.098296537390614, 46.740503414539155], [6.0917776642494745, 46.740258711648266], [6.0868041956216326, 46.741200381242564], [6.083376131507087, 46.74332842332205], [6.081493374964698, 46.746643130841456], [6.081155925994466, 46.75114450380078], [6.079272569778453, 46.754459072410036], [6.075843306316661, 46.756586836669214], [6.0724137590762375, 46.75871448259686], [6.068983928057181, 46.76084201019299], [6.065553813200289, 46.762969419427186], [6.062123414505562, 46.765096710299446], [6.057147270810597, 46.766036708290855], [6.050625382115394, 46.765789413401386], [6.045648703242674, 46.76672907686356], [6.042217234192436, 46.7688556986774], [6.040330876878906, 46.772169571954684], [6.0399896313020855, 46.77667069669543], [6.039648311493697, 46.781171803964966], [6.039306917453743, 46.78567289376327], [6.038965449136362, 46.79017396610364], [6.038623906541554, 46.79467502098607], [6.039999291775447, 46.79811283046625], [6.04309160483804, 46.80048739454418], [6.046184193556934, 46.802861864119144], [6.04927705793213, 46.80523623919116], [6.052370198039703, 46.80761051973504], [6.0554636138796525, 46.809984705750814], [6.058557305528067, 46.812358797213314], [6.061651272984947, 46.81473279412254], [6.064745516326395, 46.81710669645334], [6.067840035552413, 46.819480504205686], [6.070934830739115, 46.82185421735442], [6.074029901886504, 46.824227835899535], [6.07712524907071, 46.82660135981583], [6.080220872291734, 46.82897478910332], [6.085033717354545, 46.83028409238158], [6.091563784259144, 46.830529269650626], [6.096545478668181, 46.82958770850322], [6.09997880058166, 46.82745940893936], [6.101863652940976, 46.82414466461102], [6.1022000357461295, 46.81964347551818], [6.104084286494826, 46.81632859228416], [6.107516405187065, 46.814200014908955], [6.112496488617658, 46.81325744985425], [6.119024536786605, 46.81350089712004], [6.123837086112163, 46.81480865666712], [6.126934136594331, 46.81718072849549], [6.130031463125549, 46.81955270554829], [6.133129065705819, 46.82192458782554], [6.136393453565281, 46.822045710060294], [6.139824626703939, 46.81991607225255], [6.141706649952223, 46.81660057077488], [6.1420395233101335, 46.81209920562725], [6.143920945510814, 46.80878356551611], [6.147350916554265, 46.80665365044145], [6.150780603178838, 46.804523617162175], [6.154210005384534, 46.80239346567828], [6.156090438254601, 46.799077649282474], [6.156421901789042, 46.79457616797475], [6.156753293224769, 46.79007466930556], [6.1570846125617855, 46.785573153274875], [6.155702106848873, 46.78213675668497], [6.152605776086033, 46.77976547953583], [6.149509720885091, 46.77739410760164], [6.146413941246048, 46.7750226408824], [6.145032126400719, 46.77158613808865], [6.145364276349102, 46.7670845992204], [6.143982980491447, 46.76364800466133], [6.140888238827754, 46.761276354411436], [6.136080147008764, 46.75996935530821], [6.129558705034478, 46.75972700735164], [6.123037318533931, 46.75948425111105], [6.116515987507119, 46.75924108658642], [6.111708840948985, 46.75793319972131], [6.108615878859527, 46.755560590515714], [6.107237004858374, 46.75212355208124], [6.107572218945526, 46.747622084417884], [6.106193862982122, 46.7441849544358], [6.103101936968164, 46.741812162135], [6.098296537390614, 46.740503414539155]]]}}, {"type": "Feature", "properties": {"band": "light", "dbz": 30.0, "source": "OPERA-ORD", "time": "20260725155000"}, "geometry": {"type": "Polygon", "coordinates": [[[10.979948165068484, 46.877749276415166], [10.976718794389651, 46.88003387779163], [10.9734891419596, 46.88231837560168], [10.970259207778334, 46.8846027698453], [10.967028991774798, 46.886887060495035], [10.963798493948996, 46.88917124755088], [10.958910846650841, 46.89034330311596], [10.95236604988033, 46.89040322719029], [10.947477830813222, 46.89157497684188], [10.944246189449515, 46.89385855207074], [10.941014266102346, 46.896142023610814], [10.937782060771712, 46.89842539146211], [10.934509358887414, 46.898454740792126], [10.93119616044945, 46.896230071600854], [10.92788324607497, 46.894005293011105], [10.924570615763976, 46.89178040502287], [10.921297900445332, 46.89180934393519], [10.918065100119033, 46.89409210974808], [10.914832017771314, 46.89637477179233], [10.91159865340217, 46.89865733006796], [10.908325924838252, 46.89868585855994], [10.905013832079554, 46.896460357268296], [10.901702023364152, 46.89423474665794], [10.898390498692041, 46.89200902672888], [10.895079257996134, 46.889783197509864], [10.891768301276427, 46.887557259000886], [10.89172952768272, 46.88530330651682], [10.894962937215013, 46.88302134005765], [10.898196064882123, 46.88073926979267], [10.901428910684048, 46.878457095721885], [10.904661474691673, 46.8761748178728], [10.907893756905, 46.87389243624541], [10.911165353804465, 46.87386391884851], [10.91447626539007, 46.87608926568207], [10.917787460781183, 46.878314503192335], [10.921098939977806, 46.88053963137931], [10.924370523649625, 46.88051070372161], [10.927602211796637, 46.87822772021926], [10.930833618187142, 46.87594463301839], [10.934064742821135, 46.873661442119015], [10.937336313076482, 46.87363210420318], [10.940648328953184, 46.87585661927089], [10.943960628655446, 46.87808102493561], [10.947273212183273, 46.880305321197355], [10.95220133653163, 46.88138751311781], [10.958745001700514, 46.88132760069699], [10.963631809442628, 46.88015554597075], [10.966861759757968, 46.8778713489391], [10.970091428373957, 46.8755870483286], [10.973320815290592, 46.873302644139244], [10.976592344163656, 46.87327207546516], [10.979906014993151, 46.87549534230634], [10.979948165068484, 46.877749276415166]]]}}, {"type": "Feature", "properties": {"band": "light", "dbz": 30.0, "source": "OPERA-ORD", "time": "20260725155000"}, "geometry": {"type": "Polygon", "coordinates": [[[10.225595499165621, 46.84040365240649], [10.219056534911676, 46.84041759212754], [10.214156829225484, 46.8415549994313], [10.210896382107043, 46.84381587431779], [10.207635652777142, 46.84607664337548], [10.204374641235782, 46.848337306604385], [10.20111334741367, 46.85059786397657], [10.197851771310802, 46.852858315492014], [10.194589912857877, 46.85511866112277], [10.191327772054894, 46.85737890086884], [10.188065348832541, 46.85963903470224], [10.184802643190825, 46.86189906262298], [10.184810841360651, 46.864153241362644], [10.188089943342025, 46.86640157092121], [10.19300067789469, 46.867519582231296], [10.199543045018645, 46.8675072752929], [10.204454343877043, 46.86862497378555], [10.207734574469884, 46.87087267770925], [10.211015088107757, 46.87312027447969], [10.214295884790666, 46.87536776409685], [10.219208026275153, 46.876484533624385], [10.225751512561219, 46.87647058306229], [10.232294995540316, 46.87645622219347], [10.238838475212447, 46.876441451017904], [10.245381951388651, 46.876426269536296], [10.251925424068931, 46.87641067774862], [10.256827370253204, 46.87527175433139], [10.26008778994147, 46.87300949928462], [10.261706689576814, 46.86962420848912], [10.261684069159228, 46.86511588194491], [10.261661453676474, 46.8606075395911], [10.26163884312855, 46.85609918142769], [10.25998686832362, 46.85272195632148], [10.256705529261689, 46.85047586427249], [10.251794819508968, 46.849360609597134], [10.245254739065457, 46.84937619229543], [10.240344592799044, 46.848260624598744], [10.237064380709729, 46.84601390650706], [10.233784451321952, 46.84376708123241], [10.23050480463571, 46.841520148774784], [10.225595499165621, 46.84040365240649]]]}}, {"type": "Feature", "properties": {"band": "light", "dbz": 30.0, "source": "OPERA-ORD", "time": "20260725155000"}, "geometry": {"type": "Polygon", "coordinates": [[[8.8283595030696, 46.74388355911519], [8.82183327138327, 46.743809912290644], [8.815307056630113, 46.743735856418624], [8.808780858810131, 46.74366139149912], [8.803860355248036, 46.7447324125636], [8.800545545943825, 46.74694891961208], [8.797230454354999, 46.7491653167124], [8.793915080481558, 46.75138160386457], [8.790599424257731, 46.75359778103985], [8.787283485683519, 46.755813848238226], [8.785573191480927, 46.75917589258759], [8.785468541649953, 46.76368391408793], [8.78536386902717, 46.76819191948721], [8.785259173612578, 46.77269990878544], [8.786813302472098, 46.776099883581324], [8.790026255605731, 46.77839184387484], [8.793239488790038, 46.78068370148115], [8.796453002025014, 46.78297545640026], [8.799666795381693, 46.785267108605], [8.802880868860072, 46.78755865809538], [8.807753816609534, 46.78874170139821], [8.814285638630075, 46.788816238513476], [8.82081747764012, 46.788890366184944], [8.827349333639667, 46.788964084412605], [8.833881206441216, 46.78903739319311], [8.840413096044767, 46.789110292526466], [8.845336805861331, 46.788037812261564], [8.848652335890906, 46.78581995239842], [8.850359657454943, 46.78245700798043], [8.850458770553445, 46.777948979007604], [8.850557862070762, 46.773440933964224], [8.850656932006897, 46.76893287285029], [8.849099091770485, 46.76553376020148], [8.845884341361527, 46.76324359601777], [8.842669870839766, 46.76095332901747], [8.839455680205198, 46.758662959200564], [8.837898638814451, 46.75526371856804], [8.837998746667521, 46.75075560711988], [8.836442255173733, 46.74735625917871], [8.833229164333087, 46.745065674744545], [8.8283595030696, 46.74388355911519]]]}}, {"type": "Feature", "properties": {"band": "light", "dbz": 30.0, "source": "OPERA-ORD", "time": "20260725155000"}, "geometry": {"type": "Polygon", "coordinates": [[[8.880569953072614, 46.74445800777108], [8.87404358965862, 46.74438763339222], [8.869124366266094, 46.7454617400896], [8.865812282895039, 46.74768032786323], [8.864107311455484, 46.75104369142817], [8.864009451947432, 46.75555183078442], [8.865568196221485, 46.75895068313542], [8.86878354427764, 46.76124024848115], [8.873655524228564, 46.76242023198062], [8.880184136074252, 46.762490633633824], [8.885056685194998, 46.76367031301811], [8.888273171590802, 46.76595927013347], [8.891489938004009, 46.76824812428609], [8.89470698443462, 46.770536875475955], [8.899580407921693, 46.771715640114614], [8.90611020846523, 46.771784418202074], [8.910984201234434, 46.77296287851096], [8.914202386229306, 46.775251021041264], [8.917420851402756, 46.777539060514734], [8.920639596754786, 46.77982699693138], [8.925514463589089, 46.78100454207392], [8.932045451905665, 46.781071695942366], [8.93696650467636, 46.77999487509195], [8.940277621901167, 46.777774079522665], [8.941978777189899, 46.77440960424029], [8.94206997054255, 46.76990144924485], [8.940506167932796, 46.76650369847859], [8.937287369360634, 46.7642163519415], [8.932413601194858, 46.763039114753894], [8.925884863435465, 46.76297198691576], [8.921011664164592, 46.76179444528961], [8.917794003382234, 46.759506489875434], [8.914576622534721, 46.757218431433955], [8.911359521622051, 46.75493026996517], [8.906487195641478, 46.753751813513375], [8.899959644593, 46.75368306207855], [8.895087887395686, 46.7525043014027], [8.891871924049536, 46.75021553148584], [8.888656240477248, 46.747926658635684], [8.885440836678825, 46.745637682852234], [8.880569953072614, 46.74445800777108]]]}}, {"type": "Feature", "properties": {"band": "light", "dbz": 30.0, "source": "OPERA-ORD", "time": "20260725155000"}, "geometry": {"type": "Polygon", "coordinates": [[[17.988354830833693, 46.41668262347826], [17.985467527537338, 46.41917207201825], [17.982579963474997, 46.421661438176386], [17.979692138646655, 46.42415072195266], [17.975020113811556, 46.4256447023725], [17.968563888969694, 46.42614337943592], [17.962107552789533, 46.426641654265524], [17.955651105271073, 46.4271395268613], [17.950978057804296, 46.4286326679173], [17.9480884103892, 46.43112107743349], [17.945198501949584, 46.433609404450095], [17.942308332485446, 46.43609764896712], [17.937634262478184, 46.43758995035923], [17.931176291927788, 46.43808630862644], [17.924718210481643, 46.43858226451995], [17.918260018139755, 46.43907781803979], [17.91358492568387, 46.44056927946798], [17.910692933114003, 46.443056648804514], [17.911030425881176, 46.44529651391847], [17.914597403985393, 46.44728887480983], [17.918164660579013, 46.44928110581124], [17.921732195662027, 46.45127320692268], [17.925300009281624, 46.45326517811226], [17.928868101437796, 46.45525701938], [17.932097951691823, 46.45500897039384], [17.93498956004371, 46.45252103115379], [17.937880907103157, 46.45003300936567], [17.94077199287016, 46.44754490502946], [17.945446949468902, 46.44605222391142], [17.951905776899373, 46.44555496601156], [17.956580146886736, 46.44406202491533], [17.959470059430988, 46.44157340062275], [17.962359710891608, 46.439084693862526], [17.9652491012686, 46.43659590463464], [17.969922448014344, 46.435102123896684], [17.97637975112884, 46.43460335164866], [17.982836942660608, 46.43410417711414], [17.989294022609652, 46.43360460029315], [17.993966346023008, 46.43210998021366], [17.99685391290067, 46.42962031687566], [17.997956916889834, 46.42613589497967], [17.99727535799051, 46.42165671452569], [17.9951505545261, 46.41842231802609], [17.991582506496613, 46.41643270548087], [17.988354830833693, 46.41668262347826]]]}}, {"type": "Feature", "properties": {"band": "light", "dbz": 30.0, "source": "OPERA-ORD", "time": "20260725155000"}, "geometry": {"type": "Polygon", "coordinates": [[[17.6370208950068, 46.42515244682568], [17.63411686968052, 46.42763224231257], [17.631212582477957, 46.430111954417114], [17.628308033399115, 46.4325915831393], [17.625403222364923, 46.43507112845741], [17.622498149375392, 46.437550590371444], [17.619592814351442, 46.44002996885965], [17.61668721729307, 46.442509263922005], [17.612003794802177, 46.44398693382426], [17.605542546878773, 46.44446297856639], [17.6008585385885, 46.4459403863639], [17.59795176993137, 46.44841915721678], [17.595044739033188, 46.45089784456272], [17.592137445893957, 46.453376448401706], [17.58745242160036, 46.45485301248761], [17.580989666152394, 46.455327536820434], [17.57452680453529, 46.455801658279704], [17.568063836749044, 46.45627537686541], [17.563377796556008, 46.45775109694057], [17.560468683956184, 46.46022881850516], [17.560791440160127, 46.462469954845076], [17.564346065167836, 46.464474505960325], [17.567900969138336, 46.466478928217626], [17.571456152071622, 46.46848322161698], [17.575011614015942, 46.47048738612662], [17.578567354971284, 46.472491421746554], [17.58357768594376, 46.473256086669245], [17.590042606933352, 46.472781380894716], [17.59472911584592, 46.47130470269103], [17.59763721268145, 46.46882605205821], [17.60054504705612, 46.46634731790652], [17.603452618969918, 46.46386850023595], [17.60635992850206, 46.461389599068326], [17.60926697565254, 46.45891061440364], [17.612173760500546, 46.45643154626367], [17.615080283046076, 46.453952394648425], [17.619764602497646, 46.452474348178896], [17.62622671885525, 46.4519974068551], [17.630910452246113, 46.450519098333096], [17.633815802670235, 46.4480394226129], [17.63672089099871, 46.44555966349855], [17.639625717231542, 46.443079820990036], [17.644308433936843, 46.44160066921938], [17.650769041114604, 46.4411222081866], [17.655451172011713, 46.439642794567646], [17.658354826628162, 46.43716242836254], [17.658028563301702, 46.43492156627491], [17.654472382032328, 46.432920208304765], [17.650916479224737, 46.430918721294304], [17.647360854878922, 46.428917105243514], [17.643805508946997, 46.426915360184154], [17.640250441428957, 46.42491348611621], [17.6370208950068, 46.42515244682568]]]}}, {"type": "Feature", "properties": {"band": "light", "dbz": 30.0, "source": "OPERA-ORD", "time": "20260725155000"}, "geometry": {"type": "Polygon", "coordinates": [[[7.477911542858158, 46.58458072186828], [7.471407576601167, 46.58442250155595], [7.4649036462961424, 46.58426387392129], [7.458399751943083, 46.58410483896429], [7.451895893725772, 46.58394539669209], [7.44539207164421, 46.583785547104675], [7.440459262129822, 46.58479205540648], [7.4370974651826085, 46.5869649215975], [7.435306617826951, 46.590304438502415], [7.435086720062851, 46.59481060612122], [7.434866774595684, 46.599316756875226], [7.4346467814254495, 46.603822890764434], [7.436108545547798, 46.607242623206034], [7.4392520669627284, 46.609575954200025], [7.444077408736636, 46.6108225907282], [7.450584570869519, 46.61098253279055], [7.457091769209933, 46.61114206730275], [7.463599003757878, 46.6113011942648], [7.470106274329204, 46.61145991366957], [7.476613580923915, 46.61161822551706], [7.48154797651113, 46.610610248728484], [7.484909461090849, 46.608435983303835], [7.486697972687937, 46.605095722296355], [7.48691351130239, 46.600589465706065], [7.48712900317723, 46.59608319227867], [7.487344448312458, 46.59157690201418], [7.485880009656716, 46.58815777566756], [7.482735687210008, 46.58582581323881], [7.477911542858158, 46.58458072186828]]]}}, {"type": "Feature", "properties": {"band": "light", "dbz": 30.0, "source": "OPERA-ORD", "time": "20260725155000"}, "geometry": {"type": "Polygon", "coordinates": [[[7.532482072010324, 46.531753545548796], [7.525984490625507, 46.531598762902604], [7.521058168843961, 46.53260916795984], [7.517703106665687, 46.53478476072052], [7.515919243257861, 46.53812583365762], [7.515706578620484, 46.54263238677114], [7.513922134225229, 46.54597333030696], [7.510565910072096, 46.54814866426507], [7.5072094054608405, 46.55032388472832], [7.503852620391461, 46.552498991696716], [7.502067247635955, 46.55583977290824], [7.501853287194318, 46.56034622836289], [7.501639280368314, 46.56485266693165], [7.501425227157945, 46.56935908861452], [7.502890423376933, 46.57277798784345], [7.50603486902528, 46.575109364618456], [7.51085862541897, 46.57635292614549], [7.517361692558003, 46.576508672424545], [7.523864794890421, 46.57666401143144], [7.530367932416224, 46.57681894316616], [7.53529799519158, 46.57580836770045], [7.538654983216486, 46.573632285034314], [7.540438835945721, 46.57029098798564], [7.540649553379282, 46.56578447655446], [7.540860225149561, 46.56127794825764], [7.541070851256558, 46.55677140309517], [7.542853776148066, 46.553429944051416], [7.546208999824085, 46.551253571126395], [7.549563943049829, 46.5490770848236], [7.5529186058252975, 46.54690048514304], [7.5530235727352, 46.54464717983501], [7.5498788437795366, 46.54231716889951], [7.546734389783248, 46.539987059387215], [7.543590210746337, 46.53765685129814], [7.540446306596594, 46.53532654465816], [7.5373026773340195, 46.532996139467315], [7.532482072010324, 46.531753545548796]]]}}, {"type": "Feature", "properties": {"band": "light", "dbz": 30.0, "source": "OPERA-ORD", "time": "20260725155000"}, "geometry": {"type": "Polygon", "coordinates": [[[7.334803353041022, 46.35652200674603], [7.33145194804483, 46.358691894811315], [7.32810026503107, 46.360861669217684], [7.324748303999741, 46.36303132996514], [7.321396064890102, 46.36520087702461], [7.318043547702153, 46.36737031039612], [7.316252969599845, 46.37070836273539], [7.316024330583178, 46.37521503404242], [7.31423317432434, 46.37855295596951], [7.3108795008233285, 46.380722128516666], [7.305963375472453, 46.38172226050188], [7.299484798271715, 46.38155335192516], [7.2945681381566985, 46.38255315927992], [7.291213395127402, 46.38472168256616], [7.287858373716073, 46.386890092019], [7.284503073922711, 46.38905838763844], [7.279585660709467, 46.39005725381388], [7.273106134076341, 46.389886690545296], [7.26818818607592, 46.39088523188107], [7.264831816708202, 46.393052877821205], [7.26303695943502, 46.396389919593034], [7.262803614256374, 46.40089635719656], [7.26100817763473, 46.40423326818316], [7.25765064957009, 46.40640065255286], [7.252731096835199, 46.40739821896272], [7.246249519430055, 46.40722596741275], [7.2397679807931965, 46.40705331015299], [7.233286480924623, 46.406880247183445], [7.228366175675816, 46.40787687160566], [7.225007065046778, 46.41004318341963], [7.223209081472747, 46.413379473955786], [7.222972224953724, 46.41788574321413], [7.221173661200484, 46.421221902688636], [7.217813390213026, 46.4233879523793], [7.212891479791717, 46.42438360084018], [7.206407929936556, 46.42420884807128], [7.20148548433397, 46.42520417107586], [7.19812414298396, 46.42736956985392], [7.1963238376073155, 46.430705335850035], [7.1960845682040375, 46.43521146906417], [7.195845247068846, 46.43971758503956], [7.195605874201738, 46.44422368377617], [7.1970480260233645, 46.44764711699473], [7.200171702533724, 46.44998788469522], [7.20497697211008, 46.45124569524116], [7.211463834752434, 46.451420548632576], [7.21795073665465, 46.45159499594164], [7.224437677816729, 46.451769037168354], [7.230924658056891, 46.451942672305], [7.237411677375135, 46.45211590135157], [7.242218186037486, 46.45337221818164], [7.245344184043946, 46.45571162279522], [7.2467896040639355, 46.4591344068806], [7.2465544460974565, 46.46364057043779], [7.244755736322451, 46.46697701511604], [7.241393474738916, 46.46914374091536], [7.238030933625439, 46.471310352559115], [7.2346681129820185, 46.47347685004732], [7.2328684686306985, 46.4768131296394], [7.2326320005714795, 46.48131919133539], [7.232395481337519, 46.48582523588432], [7.232158910928816, 46.4903312632862], [7.233604606481171, 46.493754075475934], [7.236732567994584, 46.496093672453526], [7.239860803361463, 46.49843317184129], [7.24298931258181, 46.50077257363924], [7.246118095728178, 46.503111877821745], [7.249247152800567, 46.50545108438882], [7.254058588447187, 46.506706588952326], [7.260552402668038, 46.50687839151228], [7.265364408726752, 46.50813360338502], [7.268494606623326, 46.51047222457055], [7.26837757865362, 46.51272523690878], [7.265013324817635, 46.514892640399694], [7.26164879085009, 46.51705992971414], [7.258283976750986, 46.5192271048521], [7.256484188435893, 46.522563670889], [7.256249425904807, 46.527069627824844], [7.257697624923759, 46.530492013706194], [7.260828785492748, 46.532830828533044], [7.265642974796552, 46.534085779993134], [7.272140192835169, 46.53425686808648], [7.2786374494530826, 46.5344275493585], [7.28513474465029, 46.53459782380919], [7.290065608079333, 46.5335988696237], [7.29343003974021, 46.53143068680204], [7.295227973215717, 46.52809356768262], [7.295459408505854, 46.523587512265436], [7.295690793692225, 46.519081439793666], [7.29592212877483, 46.5145753502673], [7.2977191273957285, 46.51123806665673], [7.301081789554922, 46.509069588961964], [7.306010181391484, 46.508069625029734], [7.3125043029054115, 46.50823817486003], [7.317432156697475, 46.507237885502065], [7.32079374276767, 46.50506875695584], [7.324155048894607, 46.50289951443777], [7.327516075078286, 46.50073015794784], [7.330762915648217, 46.50081381490246], [7.333895570604399, 46.50315048530162], [7.335347943025935, 46.50657193082787], [7.335120032912823, 46.51107815148123], [7.334892073444634, 46.51558435508801], [7.334664064621369, 46.52009054164822], [7.334436006412691, 46.524596711175725], [7.334207898818603, 46.52910286367052], [7.333979741808744, 46.53360899914646], [7.333751535383113, 46.538115117603525], [7.335205044295701, 46.54153641217094], [7.338340268546504, 46.543872882848696], [7.343157273460411, 46.5451242371886], [7.349656059037424, 46.54529047519064], [7.354586677345354, 46.54428846185474], [7.357949128384201, 46.54211819718088], [7.361311299000589, 46.53994781857344], [7.364673189194521, 46.5377773260324], [7.369603046821709, 46.53677436902743], [7.376100871882152, 46.53693894755852], [7.3825987340578445, 46.53710311920854], [7.389096633348787, 46.537266883977495], [7.393914401430211, 46.538516122150654], [7.397052038302119, 46.540850833728015], [7.400189949893637, 46.543185447171886], [7.403328136204763, 46.54551996248228], [7.406466597307987, 46.547854379633385], [7.4096053332033085, 46.5501886986252], [7.4127443439632295, 46.55252291943191], [7.41588362958775, 46.554857042053506], [7.420703442902236, 46.55610479612289], [7.4272037839066885, 46.556266181640055], [7.432133926568257, 46.555260490308875], [7.435493870886941, 46.55308772212934], [7.438853534673882, 46.55091484023062], [7.442212917929078, 46.5487418446127], [7.445572020714298, 46.54656873530485], [7.448930843029543, 46.54439551230709], [7.450719362365611, 46.54105570011201], [7.450937578722503, 46.536549298719606], [7.449476939035895, 46.53312952420947], [7.4463374433057865, 46.5307963765816], [7.441519154134221, 46.52954956342206], [7.435022071521198, 46.52938908473086], [7.428525025266969, 46.52922819920764], [7.422028015371533, 46.5290669068524], [7.415531042017902, 46.52890520767234], [7.409034105206073, 46.52874310166746], [7.404217050442329, 46.52749478969033], [7.401079877726666, 46.52516027174094], [7.399622523401258, 46.52173984018397], [7.399844987466107, 46.51723349501941], [7.400067403372818, 46.51272713284402], [7.400289771121391, 46.50822075365781], [7.402079917690148, 46.50488161847934], [7.405437843079092, 46.50270972730861], [7.41036361085459, 46.50170478797378], [7.4168572210166435, 46.501866800474815], [7.421782450161561, 46.500861536369925], [7.42513929828934, 46.49868899565911], [7.426927702313196, 46.49534947051448], [7.4271476622331285, 46.490842960936035], [7.427367574561618, 46.486336434319156], [7.427587439298665, 46.48182989066383], [7.42612973439875, 46.47840964913122], [7.422994459861874, 46.47607570972133], [7.419859459196331, 46.473741672213166], [7.416724732402119, 46.47140753660672], [7.41526775941704, 46.46798717836381], [7.415488540241094, 46.46348059748442], [7.417276131336779, 46.46014106887881], [7.420630532704094, 46.457968592547005], [7.423984654806503, 46.45579600264239], [7.427338497644005, 46.45362329916496], [7.429125161357363, 46.45028360730594], [7.42934464594658, 46.44577692706534], [7.429564083090158, 46.44127022971682], [7.429783472788098, 46.43676351526042], [7.4283267936312125, 46.433343184292426], [7.425194045619501, 46.431009236812855], [7.422061570889541, 46.42867519129738], [7.418929369441331, 46.42634104774599], [7.417473420709441, 46.42292059995624], [7.41769372469387, 46.41841384792813], [7.416238301275228, 46.414993301314766], [7.413107150453514, 46.41265896011617], [7.408300335260627, 46.41141053284423], [7.4018178556965655, 46.41124801949897], [7.397011607598624, 46.409999299163495], [7.393881590966803, 46.4076643718378], [7.390751847257384, 46.405329346604375], [7.387622376470367, 46.402994223463224], [7.384493178533917, 46.40065900243995], [7.3813642534480355, 46.39832368353454], [7.381475664781499, 46.39607030357781], [7.384827412534308, 46.39389886256974], [7.388178881858181, 46.39172730800867], [7.391530072753119, 46.38955563989459], [7.391641435969457, 46.38730224272904], [7.388512971507196, 46.38496711651203], [7.383709226666717, 46.383717532316794], [7.377230201448018, 46.383553490143335], [7.37242702306242, 46.382303613189784], [7.369299691509922, 46.379967901456126], [7.366172632475246, 46.37763209192944], [7.363045845958393, 46.37529618460973], [7.3599193318876175, 46.37296017952251], [7.35679309026292, 46.37062407666778], [7.353667121012567, 46.3682878760711], [7.350541424136559, 46.36595157773246], [7.347415999563171, 46.36361518167738], [7.344290847292401, 46.361278687905866], [7.341165967252541, 46.35894209644343], [7.338041359443593, 46.35660540729007], [7.334803353041022, 46.35652200674603]]]}}, {"type": "Feature", "properties": {"band": "light", "dbz": 30.0, "source": "OPERA-ORD", "time": "20260725155000"}, "geometry": {"type": "Polygon", "coordinates": [[[7.540796094134771, 46.00397690958118], [7.527512569547041, 46.01268550565796], [7.514647079226078, 46.01237538539498], [7.502199623171881, 46.00304654879223], [7.48788180502487, 45.99931214813141], [7.471693624785043, 46.00117218341252], [7.457058636335557, 46.004196880072186], [7.443976839676409, 46.0083862381104], [7.440330287703276, 46.017323361432496], [7.446118980416154, 46.03100825003848], [7.448905691076803, 46.04010481808534], [7.448690419685219, 46.04461306557307], [7.443591321476987, 46.050128115523385], [7.4336083964521045, 46.05664996793629], [7.419067475116329, 46.057413694642044], [7.399968557469657, 46.052419295640654], [7.38220376119178, 46.053097700380434], [7.365773086282699, 46.059448908861384], [7.3524467389182995, 46.06813485999443], [7.342224719098581, 46.079155553779586], [7.3305575947835795, 46.08675231789169], [7.317445365973291, 46.09092515233075], [7.309107482828511, 46.09635019731526], [7.305543945349243, 46.103027452845204], [7.299215167895071, 46.10060453250861], [7.290121150466001, 46.08908143630546], [7.284365515519473, 46.07538885288529], [7.281948263055486, 46.05952678224811], [7.274532829060497, 46.04691703010973], [7.2621192135345085, 46.03755959647015], [7.248042929045152, 46.02928419420239], [7.23230397559243, 46.02209082330644], [7.214901794405682, 46.015977992194465], [7.195836385484906, 46.01094570086646], [7.180109985403747, 46.00374503703338], [7.167722594162204, 45.994376000695226], [7.151761810632714, 45.99167708956736], [7.132227634815278, 45.9956483036498], [7.120427049886108, 46.00547695865106], [7.116360055845206, 46.02116305457116], [7.117180526252015, 46.035857288288724], [7.122888461106534, 46.04955965980376], [7.1285992195601535, 46.06326157019641], [7.134312801612872, 46.076963019466675], [7.1400292127332925, 46.090664007499946], [7.145748452921415, 46.10436453429624], [7.158157255470897, 46.11373429383774], [7.177255620381738, 46.11877328612446], [7.188000751316626, 46.12922439476183], [7.1903926482755605, 46.145087619749845], [7.1967214453147, 46.147516532050126], [7.206987142434045, 46.13651113166267], [7.2203547153316325, 46.127844708635784], [7.236824164007464, 46.121517262969455], [7.250067191002349, 46.11510175906389], [7.2600837963162865, 46.1085981969191], [7.263307023841499, 46.108684201351345], [7.2597368735779835, 46.11535977236065], [7.2497177943327245, 46.12186231360727], [7.2332497861057234, 46.12819182509119], [7.22478092962763, 46.1358638827454], [7.224311224898445, 46.14487848656988], [7.2319649028213675, 46.152982191021785], [7.247741963396394, 46.160174996101105], [7.258509322449065, 46.17061799465765], [7.26426697997938, 46.18431118669138], [7.273486442531145, 46.19358166939754], [7.286167710104358, 46.1984294427761], [7.297293809871718, 46.2021068051539], [7.306864741833224, 46.20461375653093], [7.319665506090498, 46.207203158639246], [7.3356961026435386, 46.20987501147885], [7.348834223668459, 46.20570089461454], [7.359079869165257, 46.19468080804632], [7.361311510635491, 46.18232681778683], [7.355529148079161, 46.16863892383604], [7.352862025839618, 46.15728738733877], [7.353310143916861, 46.148272208295], [7.360094918450773, 46.141675594487154], [7.373216349441354, 46.13749754591524], [7.384338511607105, 46.141165716944165], [7.393461404948026, 46.15268010757393], [7.404474586893562, 46.158599352802995], [7.417378057443711, 46.15892345263135], [7.430281670981348, 46.15924593786909], [7.443185427506471, 46.159566808516196], [7.457542396599587, 46.16330640741702], [7.473352578260696, 46.17046473457157], [7.4826049734359525, 46.179718009308075], [7.485299582125355, 46.19106623162657], [7.478414469203549, 46.199923162848165], [7.46194963467053, 46.206288802972864], [7.4549545719526655, 46.21739968698962], [7.4574292810499525, 46.23325581489843], [7.458558774881726, 46.24343763012372], [7.458343053447986, 46.247945132665485], [7.453659639582843, 46.24444473246365], [7.444508533286297, 46.23293642951822], [7.430242985679733, 46.226940068198374], [7.410862996763154, 46.22645564850411], [7.397610535000591, 46.23289291959417], [7.390485600392045, 46.24625188146857], [7.391715443204895, 46.25418043242608], [7.401300063439138, 46.25667857246674], [7.415679666577729, 46.26042310867411], [7.434854252620666, 46.265414041048196], [7.44255313977892, 46.27350361626875], [7.43877632805249, 46.28469183433575], [7.443140034028083, 46.29495291809278], [7.455644257705699, 46.30428686753984], [7.453644864237942, 46.312134310506195], [7.43714185362481, 46.31849524699186], [7.415947481737671, 46.321350500349965], [7.3900617485765245, 46.32070007058049], [7.373546733672747, 46.32705294728534], [7.366402437026338, 46.34040913046451], [7.365844072286931, 46.351676469207405], [7.371871639454525, 46.36085496351403], [7.384490600707723, 46.3679424262613], [7.403700956046523, 46.372938857449206], [7.419566041895356, 46.38010518108064], [7.432085858254224, 46.389441397155586], [7.447959058298378, 46.3966018016831], [7.467185642027818, 46.40158639466318], [7.481393289560593, 46.40983045020866], [7.490582000896702, 46.42133396831954], [7.501449455923911, 46.43174873629563], [7.51399565464222, 46.441074754136935], [7.5282208445747285, 46.44931085333759], [7.544125025721437, 46.45645703389762], [7.558359056626263, 46.464689594989665], [7.570922937289208, 46.474008536613724], [7.587043624233839, 46.47664030362317], [7.606721117460156, 46.472584896018006], [7.624823400311479, 46.46736218142683], [7.641350472787808, 46.460972159849646], [7.646672196916949, 46.45094255391357], [7.6407885726989, 46.437273363618594], [7.646102664772538, 46.42724192857147], [7.662614473137863, 46.4208482487722], [7.674309837717278, 46.413216718718076], [7.681188758510784, 46.404347338409096], [7.6733356560442925, 46.398529562105196], [7.650750530317804, 46.395763389806376], [7.649278517240635, 46.3923464859224], [7.668919616812785, 46.38827885045329], [7.688460418216321, 46.3864612606439], [7.707900921451247, 46.38689371649423], [7.7257695400154045, 46.386160431667406], [7.742066273908794, 46.384261406163404], [7.756884014588996, 46.37894422441205], [7.770222762056009, 46.370208886413366], [7.786701971185853, 46.36379427724404], [7.806321641978529, 46.35970039690409], [7.827511723301905, 46.35676329933619], [7.850272215155984, 46.35498298454034], [7.866735307688581, 46.34855769225598], [7.876901000899694, 46.337487422483115], [7.8866159435554835, 46.3376864572784], [7.895880135655947, 46.34915479664184], [7.901908517590151, 46.36055684908216], [7.904701089358097, 46.37189261459937], [7.90915975289686, 46.382133860539696], [7.915284508206444, 46.39128058690315], [7.926580171950194, 46.392634603047185], [7.943046744128111, 46.3861959089718], [7.953030586292364, 46.37962749908949], [7.956531698442953, 46.37292937340025], [7.971239745233804, 46.3698327873597], [7.997154726664916, 46.37033774096785], [8.019747506045803, 46.37302946298727], [8.039018083376465, 46.37790795341796], [8.050563217513883, 46.37248809107846], [8.054382908458054, 46.356769875968745], [8.048323603855126, 46.345376073464294], [8.032385303705096, 46.338306683565094], [8.021432588311448, 46.32794729118575], [8.015465457674182, 46.31429789632628], [8.002861423210756, 46.305030491082846], [7.983620484921172, 46.300145075455454], [7.96438306018079, 46.295256070516956], [7.945149148989611, 46.29036347626734], [7.927580117656289, 46.284373065152344], [7.9116759661808285, 46.27728483717197], [7.899098341202934, 46.268006338584634], [7.889847242722605, 46.25653756939035], [7.885311439951048, 46.24854895721337], [7.88549093288826, 46.24404050205369], [7.895363223632843, 46.23972873163816], [7.914928312184796, 46.23561364596675], [7.930998915860758, 46.23819381238877], [7.943575034660729, 46.247469230904215], [7.95781501386905, 46.25564756459654], [7.973718853485724, 46.262728813465756], [7.986308023527556, 46.27199946307961], [7.995582523994548, 46.28345951343809], [8.009839897886353, 46.29162982151737], [8.029080145202975, 46.296510387317454], [8.04832389968319, 46.3013873612671], [8.067571161327, 46.30626074336634], [8.086821927851314, 46.311130531443915], [8.106076199256137, 46.31599672549983], [8.123912384523251, 46.31519451058044], [8.140330483652662, 46.308723886685726], [8.156589897661348, 46.306759417484415], [8.172690626549308, 46.30930110297652], [8.188868863702835, 46.309585865205214], [8.205124609121924, 46.30761370417051], [8.217918119610218, 46.3123471204309], [8.22724939516771, 46.32378611398641], [8.233645983062747, 46.32615161823501], [8.237107883295323, 46.31944363317672], [8.234173604827468, 46.31037039469407], [8.224843147659186, 46.298931902787054], [8.226722294172912, 46.29106880596436], [8.239811044368643, 46.28678110422599], [8.246578810447398, 46.27787370221783], [8.247025592409171, 46.264346599939884], [8.237626881242454, 46.25516210095735], [8.218382676947243, 46.250320205270214], [8.199141953841957, 46.245474715074124], [8.179904711926595, 46.240625630369095], [8.162325880458747, 46.234674888486886], [8.146405459438416, 46.227622489427496], [8.130489230223542, 46.22056760760917], [8.11457719281413, 46.2135102430319], [8.096850157872234, 46.212056414691666], [8.077308125397858, 46.21620612258848], [8.06124278021543, 46.21365028899128], [8.048654122324953, 46.20438891390008], [8.037725617432098, 46.19402968070684], [8.028457265536868, 46.18257258941154], [8.020848045382246, 46.170018467846994], [8.014897956968232, 46.156367316013196], [8.005556220340692, 46.14716197610893], [7.992822835499622, 46.142402448134206], [7.9829733876695865, 46.146722935481456], [7.976007876850585, 46.16012343815068], [7.97723804551142, 46.170300119076174], [7.986663893652093, 46.17725297825797], [7.9849211740983606, 46.18060286691292], [7.972009886850225, 46.18034978504102], [7.957353486915463, 46.18344437704661], [7.940951974294074, 46.18988664292971], [7.926205477563703, 46.19523190315448], [7.91311399672435, 46.19948015772094], [7.898630877687026, 46.19805774190438], [7.882756120451731, 46.19096465570479], [7.870021994626315, 46.18619072952514], [7.86042850021078, 46.18373596336542], [7.850652520744784, 46.18578888059266], [7.84069405622833, 46.192349481206854], [7.827783016755246, 46.19207779119991], [7.811919402325531, 46.18497381057183], [7.797720413646916, 46.176775039628566], [7.7851860507194, 46.167481478370135], [7.770995656140667, 46.15927827675144], [7.755149229910721, 46.152165434772485], [7.740967555539886, 46.14395869104366], [7.728450633028161, 46.13465804556497], [7.709294434032442, 46.12971936960223], [7.683498958552727, 46.129142663155434], [7.665814367619991, 46.12761741182296], [7.65624066123423, 46.1251436156048], [7.65653604793708, 46.118380879390465], [7.666700527728539, 46.10732920317997], [7.6797911873120395, 46.1031113899959], [7.695808026687581, 46.105727439838255], [7.704010482799665, 46.102526835116834], [7.704398555648293, 46.09350957583164], [7.6983446948417384, 46.08434784482256], [7.685848900380001, 46.07504164208959], [7.6862364736843745, 46.06602417226722], [7.699507414754859, 46.05729543535546], [7.699801164066191, 46.05053233613502], [7.687117721618368, 46.04573487460592], [7.674436534618479, 46.04093583955432], [7.661757603066524, 46.03613523098022], [7.648880967063506, 46.035841759347804], [7.635806626609426, 46.04005542465707], [7.6226290325001465, 46.04652168749679], [7.609348184735668, 46.05524054786698], [7.597826618702246, 46.06061413778768], [7.5880643343998795, 46.0626424572589], [7.586606431062993, 46.05922348381503], [7.593452908691585, 46.05035721745607], [7.593860678683816, 46.04134010316344], [7.587829741039684, 46.03217214093714], [7.581596123367598, 46.02751239718981], [7.575159825667557, 46.02736087192143], [7.568929350643853, 46.022700338477314], [7.562904698296488, 46.01353079685745], [7.556778743199263, 46.00661517242134], [7.5505514853521785, 46.001953465168974], [7.540796094134771, 46.00397690958118]]]}}, {"type": "Feature", "properties": {"band": "light", "dbz": 30.0, "source": "OPERA-ORD", "time": "20260725155000"}, "geometry": {"type": "Polygon", "coordinates": [[[7.7187220477284075, 46.436763608255404], [7.7122357108281525, 46.43662052252074], [7.7057494062045695, 46.43647703066871], [7.69926313385766, 46.43633313269933], [7.6943491369911055, 46.43735188861], [7.691007415604904, 46.43953329840071], [7.687665415311562, 46.441714595462884], [7.68432313611108, 46.443895779796506], [7.679408372688502, 46.44491359679643], [7.67292112504383, 46.44476804646267], [7.66800582259342, 46.44578554061122], [7.664662465337271, 46.447966079242086], [7.662890996296897, 46.45130995424848], [7.662691415472299, 46.4558171656304], [7.664164066359122, 46.45923412173485], [7.667308948957367, 46.46156082256183], [7.672126120291262, 46.46279697609443], [7.678615580360805, 46.46294258233265], [7.6851050731357, 46.46308778223293], [7.691594598615946, 46.46323257579528], [7.696510836386339, 46.462214201196204], [7.699853786446878, 46.46003265843571], [7.703196457362652, 46.457851002947365], [7.706538849133661, 46.45566923473119], [7.711454319332951, 46.45464992096338], [7.71794286796052, 46.454793061643926], [7.7228577986076274, 46.453773425187286], [7.726199111274271, 46.451591011593464], [7.727966750368539, 46.44824611285156], [7.72816071589043, 46.44373872896156], [7.726684578033166, 46.44032256554311], [7.723538336796746, 46.43799762259619], [7.7187220477284075, 46.436763608255404]]]}}, {"type": "Feature", "properties": {"band": "light", "dbz": 30.0, "source": "OPERA-ORD", "time": "20260725155000"}, "geometry": {"type": "Polygon", "coordinates": [[[8.071005218117614, 46.38978888120357], [8.064523906061629, 46.389667869736684], [8.059621477067456, 46.39070402043457], [8.056297931135099, 46.3928973332972], [8.052974107135705, 46.395090534631045], [8.04965000506928, 46.39728362443609], [8.046325624873251, 46.399476602683684], [8.043000966547622, 46.40166946937383], [8.039676030029817, 46.403862224477834], [8.036350815319837, 46.40605486799569], [8.031446530277968, 46.40708944293576], [8.02496317490421, 46.406965949298026], [8.020058349368105, 46.4080002037073], [8.016732053669651, 46.410192206163586], [8.013405479648938, 46.412384096937515], [8.010078627305964, 46.4145758760291], [8.006751496578179, 46.416767543409605], [8.003424087465582, 46.418959099079046], [8.003339126579949, 46.421213125724414], [8.006496613921275, 46.423529623345715], [8.011318112315784, 46.42475004877338], [8.01780362176348, 46.42487440200741], [8.024289159078606, 46.424998349137205], [8.030774724261159, 46.42512189016276], [8.037260317129032, 46.425245025078596], [8.043745937682228, 46.425367753884714], [8.04856863652299, 46.42658667589728], [8.051728413651318, 46.4289017911163], [8.054888465078294, 46.4312168064317], [8.058048790803912, 46.43353172184348], [8.062872371632064, 46.43474974333823], [8.06935920756275, 46.43487087091595], [8.075846070650261, 46.43499159228991], [8.082332960894599, 46.43511190746012], [8.088819878113487, 46.435231816421215], [8.095306822306924, 46.435351319173215], [8.101793793292618, 46.43547041571081], [8.108280791070573, 46.43558910603399], [8.114767815458482, 46.435707390137495], [8.121254866456347, 46.43582526802133], [8.126080279002108, 46.43704057778392], [8.129244053095762, 46.439353319425265], [8.132408101744524, 46.44166596091593], [8.135572424948393, 46.443978502255916], [8.138737022778052, 46.446290943419], [8.141901895233502, 46.448603284405195], [8.145067042385435, 46.45091552518831], [8.14823246423385, 46.453227665768324], [8.153059886084423, 46.454441478478486], [8.159549307937153, 46.4545569633188], [8.164455465294992, 46.4535163667798], [8.167778358157939, 46.45131968886148], [8.169517941710666, 46.44796722177197], [8.169674215953172, 46.443458965511255], [8.169830456404437, 46.43895069245424], [8.169986663064456, 46.43444240260093], [8.170142835953962, 46.42993409593723], [8.170298975072951, 46.42542577246314], [8.168794807801412, 46.4220158267792], [8.165630334139347, 46.4197042588854], [8.16080559880934, 46.41849077683544], [8.154320601811389, 46.418375380629314], [8.147835630842055, 46.41825957834355], [8.141350685901337, 46.418143369978154], [8.136526829542328, 46.41692898670153], [8.13336406176503, 46.414616428513696], [8.130201568187593, 46.41230377021535], [8.127039348810012, 46.40999101180652], [8.123877403561746, 46.40767815331334], [8.120715732442795, 46.40536519473581], [8.117554335382625, 46.403052136100065], [8.114393212381234, 46.400738977406114], [8.109571362231364, 46.39952309841916], [8.103088784933014, 46.39940449913921], [8.096606234356333, 46.39928549395593], [8.090123710501324, 46.399166082869314], [8.085302739834361, 46.3979493034915], [8.082143322355444, 46.395635155822475], [8.078984178748392, 46.39332090822522], [8.0758253090132, 46.39100656069975], [8.071005218117614, 46.38978888120357]]]}}, {"type": "Feature", "properties": {"band": "light", "dbz": 30.0, "source": "OPERA-ORD", "time": "20260725155000"}, "geometry": {"type": "Polygon", "coordinates": [[[6.956695179396091, 46.36300960699937], [6.950219879236506, 46.362818843014296], [6.945298275821238, 46.363802034070204], [6.941930369150286, 46.36595918016708], [6.940116084944593, 46.369290572099075], [6.939855423204162, 46.373796209866185], [6.93959470518471, 46.37830183015358], [6.939333930886235, 46.38280743296127], [6.9407579632592995, 46.386234498964285], [6.9438668023039, 46.38858302816262], [6.946975913274958, 46.39093146079705], [6.950085296172474, 46.393279796867546], [6.951510038554968, 46.39670674971988], [6.951250140422442, 46.401212319354045], [6.952675402177575, 46.404639176039126], [6.955785823820369, 46.40698731977511], [6.960581479517041, 46.408256459427655], [6.967062369267589, 46.40844659499674], [6.971987497187015, 46.407462640474165], [6.975356863275316, 46.405304595859924], [6.977170393812357, 46.4019727523049], [6.9774280887981375, 46.397467109809085], [6.976001651556052, 46.394040507774335], [6.972891082086101, 46.39169294620065], [6.969780784598832, 46.38934528798558], [6.966670759094246, 46.38699753312912], [6.965245032921568, 46.38357081774434], [6.965503606080798, 46.379065141831234], [6.965762123434292, 46.37455944845484], [6.966020584982047, 46.370053737615166], [6.9645955691859145, 46.366626908894474], [6.961487076045894, 46.364278962292765], [6.956695179396091, 46.36300960699937]]]}}, {"type": "Feature", "properties": {"band": "light", "dbz": 30.0, "source": "OPERA-ORD", "time": "20260725155000"}, "geometry": {"type": "Polygon", "coordinates": [[[6.843907681574134, 46.29643676174842], [6.837440847320714, 46.29623896945557], [6.832523323988282, 46.297216867092594], [6.829155111576837, 46.29937045465949], [6.829020542606347, 46.30162324688517], [6.832119617076813, 46.30397524376963], [6.8352189621702415, 46.30632714454302], [6.83831857788663, 46.30867894920536], [6.841418464298292, 46.31103065773155], [6.8445186214052285, 46.31338227012162], [6.847752882725041, 46.31348099226051], [6.851121248257731, 46.31132682414822], [6.852939206782013, 46.307996928367984], [6.853206758297887, 46.30349130491981], [6.85179067521708, 46.3000627843705], [6.8486909575395885, 46.297711366720065], [6.843907681574134, 46.29643676174842]]]}}, {"type": "Feature", "properties": {"band": "light", "dbz": 30.0, "source": "OPERA-ORD", "time": "20260725155000"}, "geometry": {"type": "Polygon", "coordinates": [[[8.125093420229753, 46.3276234574233], [8.11861960823571, 46.32750585031499], [8.112145822641995, 46.32738783791861], [8.105672063448612, 46.32726942023413], [8.100776249268966, 46.32830759313199], [8.09745838010306, 46.330502356612165], [8.097377637022383, 46.332756634343404], [8.10053402002694, 46.33507042632571], [8.105349641426109, 46.33628654249095], [8.11182450121989, 46.336404982839156], [8.118299387431392, 46.33652301782182], [8.124774300060611, 46.33664064743894], [8.129670182313328, 46.33560156680282], [8.132987034189544, 46.33340577591344], [8.133066676652431, 46.331151475595924], [8.129909109701993, 46.32883866585028], [8.125093420229753, 46.3276234574233]]]}}, {"type": "Feature", "properties": {"band": "light", "dbz": 30.0, "source": "OPERA-ORD", "time": "20260725155000"}, "geometry": {"type": "Polygon", "coordinates": [[[7.552476361204905, 46.27616713165075], [7.54913909158961, 46.27834426487433], [7.545801545128227, 46.28052128525848], [7.542463721820756, 46.282698192803224], [7.539125621606261, 46.284874987479725], [7.535787244484745, 46.28705166928798], [7.532553643684836, 46.28697448259564], [7.529424819206533, 46.284643427402685], [7.529529575626994, 46.28238965576209], [7.532867912946217, 46.28021316767384], [7.536205973416647, 46.27803656670767], [7.539543757038282, 46.275859852863555], [7.542881263872021, 46.27368302617032], [7.5462184939178645, 46.27150608662794], [7.549451580708727, 46.27158285390231], [7.552580524244609, 46.27391332799341], [7.552476361204905, 46.27616713165075]]]}}, {"type": "Feature", "properties": {"band": "light", "dbz": 30.0, "source": "OPERA-ORD", "time": "20260725155000"}, "geometry": {"type": "Polygon", "coordinates": [[[7.595325566575359, 46.25912364187947], [7.5984557913401165, 46.261452754802704], [7.601586287492328, 46.26378176942426], [7.604717055031995, 46.266110685744145], [7.604615129102463, 46.26836456473542], [7.601280509703731, 46.27054340639808], [7.598047835591495, 46.270468272238446], [7.594917106765754, 46.26813916225652], [7.591786649373265, 46.265809953985894], [7.5886564634140266, 46.263480647426604], [7.585423822895276, 46.263405108643404], [7.582088727817014, 46.265583337636286], [7.578753356078307, 46.26776145391456], [7.575417707679156, 46.26993945747823], [7.572185100933568, 46.26986351407809], [7.569055535841542, 46.26753362371414], [7.567594027157195, 46.264114826992746], [7.567800574880525, 46.25960712391392], [7.569571357222482, 46.25626435149455], [7.572906374183067, 46.25408650973461], [7.577805684480051, 46.253073308257704], [7.584269288113434, 46.253224747063825], [7.58906593099584, 46.25446512120462], [7.5921956131272665, 46.2567944306801], [7.595325566575359, 46.25912364187947]]]}}, {"type": "Feature", "properties": {"band": "light", "dbz": 30.0, "source": "OPERA-ORD", "time": "20260725155000"}, "geometry": {"type": "Polygon", "coordinates": [[[8.112200110093465, 46.234899275487194], [8.112039901215098, 46.239408200659426], [8.110303766131711, 46.24276028399739], [8.106991704843303, 46.244955525501084], [8.103679367476875, 46.24715065591504], [8.100366754032429, 46.249345675239255], [8.09705386444788, 46.25154058344532], [8.093740698723233, 46.253735380533236], [8.090508526836926, 46.253675660869334], [8.08735734878896, 46.25136142445362], [8.087438327250867, 46.249107004575706], [8.090751462222649, 46.24691240123559], [8.094064321111127, 46.24471768676722], [8.097376903916299, 46.24252286117059], [8.099113847567288, 46.23917099710323], [8.099275152064095, 46.23466209456514], [8.101011528481362, 46.23131010515736], [8.104322976819088, 46.22911502887989], [8.107554079374125, 46.229174321281135], [8.110704836146475, 46.2314879823611], [8.112200110093465, 46.234899275487194]]]}}, {"type": "Feature", "properties": {"band": "light", "dbz": 30.0, "source": "OPERA-ORD", "time": "20260725155000"}, "geometry": {"type": "Polygon", "coordinates": [[[7.898840044694433, 46.15181094996149], [7.892388048251614, 46.15167923260298], [7.885936081094911, 46.151547111519406], [7.879484143224328, 46.15141458671077], [7.874600116091845, 46.152442234600926], [7.871283999697463, 46.15463005518987], [7.8711940932057765, 46.156884442970494], [7.874330396616786, 46.15920539794281], [7.879125062749443, 46.160432150450404], [7.885578091603747, 46.160564700493254], [7.892031149763393, 46.16069684673432], [7.898484237228381, 46.160828589173576], [7.903368339883624, 46.159800037153744], [7.906683457729123, 46.1576111906748], [7.906772273217865, 46.15535677773668], [7.903634786349851, 46.153036798339386], [7.898840044694433, 46.15181094996149]]]}}, {"type": "Feature", "properties": {"band": "light", "dbz": 30.0, "source": "OPERA-ORD", "time": "20260725155000"}, "geometry": {"type": "Polygon", "coordinates": [[[6.189066877944339, 46.030486705787915], [6.182634446141502, 46.030248088507975], [6.177729444014926, 46.03119507064642], [6.174351871564612, 46.03332765220323], [6.1709740249674905, 46.03546011726549], [6.167595904223561, 46.037592465833185], [6.164217509276106, 46.039724697877105], [6.160838840125123, 46.04185681339723], [6.158987448088509, 46.04517500775193], [6.158663333166265, 46.04967928094119], [6.158339148753686, 46.054183535631395], [6.15801489485077, 46.05868777182255], [6.159380820976776, 46.06212599366839], [6.162436927131703, 46.06449820116892], [6.165493299575946, 46.06687031485119], [6.168549938309505, 46.06924233471522], [6.169916532692291, 46.07268044856262], [6.169593082724302, 46.0771846563934], [6.170960179388821, 46.08062267853523], [6.174017822685846, 46.082994514988115], [6.178766104228525, 46.084299877716674], [6.185205024016858, 46.084538766720925], [6.191643996430418, 46.08477725321848], [6.198083021469206, 46.08501533720934], [6.202832216215158, 46.0863198236453], [6.205891580668272, 46.08869071252634], [6.208951211802967, 46.09106150742974], [6.212011109619245, 46.09343220835551], [6.215230971497274, 46.09355065781493], [6.218610797437055, 46.09141685580799], [6.220460339210485, 46.088097778945254], [6.220779596817563, 46.08359342722672], [6.22109878596187, 46.07908905709988], [6.221417906643408, 46.07458466856475], [6.2217369589037155, 46.07008026160789], [6.222055942742792, 46.06557583622928], [6.22068616453731, 46.06213837516627], [6.217627624287266, 46.05976787841887], [6.2145693503368875, 46.05739728771188], [6.211511342686174, 46.0550266030453], [6.210142234582812, 46.0515890335831], [6.210462026026802, 46.04708457932526], [6.2090934200720564, 46.04364691794137], [6.206036416718578, 46.04127604943146], [6.202979679407266, 46.03890508702105], [6.199923208138118, 46.03653403071015], [6.196867002839098, 46.034162880523], [6.1938110635102035, 46.03179163645959], [6.189066877944339, 46.030486705787915]]]}}, {"type": "Feature", "properties": {"band": "light", "dbz": 30.0, "source": "OPERA-ORD", "time": "20260725155000"}, "geometry": {"type": "Polygon", "coordinates": [[[7.35732677345729, 46.09985576059534], [7.3604374682105655, 46.10219230278465], [7.365215290753911, 46.10344291750552], [7.371660241087325, 46.103607604757954], [7.378105227736873, 46.1037718888501], [7.384550250702553, 46.103935769781955], [7.389328958429212, 46.10518549639405], [7.392441350916852, 46.107521068686374], [7.395554012461682, 46.10985654351457], [7.398666943063704, 46.11219192087864], [7.401780142793354, 46.11452720075337], [7.404893611650634, 46.11686238313876], [7.404783678358688, 46.11911630302881], [7.401450342917516, 46.12128896042351], [7.39656003985816, 46.12229372081267], [7.390112769180621, 46.122130584196306], [7.383665534689236, 46.12196704425966], [7.377218336384008, 46.12180310100275], [7.372438603849506, 46.12055305403548], [7.369326337085731, 46.11821690335787], [7.366214339442843, 46.11588065528049], [7.36310261092084, 46.113544309803345], [7.359991151449213, 46.11120786695163], [7.356879961027964, 46.108871326725335], [7.353769039586592, 46.10653468914964], [7.350658387125095, 46.10419795422456], [7.34743569496491, 46.10411499798788], [7.344100963106034, 46.106285820439595], [7.340765956554521, 46.10845652977319], [7.337430675310369, 46.11062712598867], [7.334208019921736, 46.11054376657151], [7.331097990388618, 46.108206451521724], [7.331210594937756, 46.1059525922629], [7.334545833569152, 46.10378218879504], [7.337880797565866, 46.10161167219956], [7.341215486927899, 46.09944104247647], [7.344549901714996, 46.09727029965441], [7.347884041927156, 46.09509944373338], [7.35110619054509, 46.095182384204826], [7.354216347568799, 46.09751912106873], [7.35732677345729, 46.09985576059534]]]}}, {"type": "Feature", "properties": {"band": "light", "dbz": 30.0, "source": "OPERA-ORD", "time": "20260725155000"}, "geometry": {"type": "Polygon", "coordinates": [[[7.6159403175901925, 46.08811472921851], [7.619061581220772, 46.090443512990916], [7.622183114060887, 46.092772198660676], [7.625304916110538, 46.095100786227775], [7.625204363585322, 46.09735501068165], [7.621881456485239, 46.09953487202232], [7.618558274921823, 46.101714621093905], [7.615234818895073, 46.103894257896414], [7.615134223171148, 46.10614846479544], [7.618256487750048, 46.10847724179098], [7.623040787809364, 46.10971590939289], [7.629487123349095, 46.10986446760117], [7.634271981304236, 46.11110284247084], [7.637395361674789, 46.11343103400192], [7.63729526687456, 46.115685237485295], [7.63397169690355, 46.117865452920995], [7.629086199999488, 46.118881267409456], [7.622638776162374, 46.118732680950686], [7.6161913852901755, 46.118583691125494], [7.609744027382894, 46.11843429793388], [7.603296702618296, 46.118284501382355], [7.596849410996382, 46.11813430147092], [7.590402152694906, 46.11798369820612], [7.583954927713869, 46.11783269158796], [7.579170798684832, 46.11659221790469], [7.576049765607794, 46.11426227715632], [7.574591770343871, 46.11084315868478], [7.5747968128930605, 46.10633486249007], [7.575001811414614, 46.101826548725114], [7.575206765908531, 46.09731821738989], [7.575411676401578, 46.09280986847045], [7.575616542893757, 46.08830150196678], [7.577380882530396, 46.084958094595805], [7.580704695311495, 46.08277964635749], [7.585588039256693, 46.08176586816714], [7.592030914365988, 46.081916760024754], [7.59847382270849, 46.082067248834726], [7.604916764284198, 46.082217334597054], [7.609698597747765, 46.08345686744174], [7.61281932309919, 46.08578584736878], [7.6159403175901925, 46.08811472921851]]]}}, {"type": "Feature", "properties": {"band": "light", "dbz": 30.0, "source": "OPERA-ORD", "time": "20260725155000"}, "geometry": {"type": "Polygon", "coordinates": [[[7.889151072005845, 46.070385679118445], [7.882708931954085, 46.07025338090983], [7.876266821193505, 46.070120679670815], [7.869824739724109, 46.0699875754014], [7.863382687723242, 46.06985406810737], [7.856940665190901, 46.069720157788716], [7.852063705346502, 46.07074683251413], [7.848751808190043, 46.072934092283624], [7.84543963704491, 46.07512124051721], [7.842127191911104, 46.0773082772149], [7.838905953548132, 46.077240711113404], [7.835775921955991, 46.07491854221275], [7.832646159683694, 46.072596274609985], [7.829516666731243, 46.07027390830512], [7.826295458289908, 46.07020593915546], [7.8229825343596895, 46.07239236716098], [7.821234048155048, 46.07574005948566], [7.821049999675986, 46.080249016129486], [7.8208659116725965, 46.08475795527742], [7.820681784144881, 46.08926687692947], [7.8204976170687965, 46.09377578109968], [7.820313410444343, 46.09828466778804], [7.821786792592008, 46.10170038385241], [7.824917763511793, 46.10402292929278], [7.828049004143699, 46.10634537600568], [7.831180514487727, 46.108667723991104], [7.832654631530488, 46.11208331934261], [7.832471355271984, 46.1165921620602], [7.833945994647711, 46.12000765638082], [7.8370785496576705, 46.12232980230447], [7.84186907227245, 46.12355831030378], [7.848317562492051, 46.12369318037874], [7.854766082474328, 46.12382764697601], [7.8612146322192835, 46.12396171009559], [7.866096072617255, 46.122934882807456], [7.869410403668242, 46.120747165111595], [7.872724460150595, 46.118559335863964], [7.876038242064309, 46.11637139506456], [7.8809189223285685, 46.11534363665725], [7.887366500943369, 46.115476060642024], [7.893814108767553, 46.115608081208265], [7.900261745801123, 46.11573969835595], [7.906709411866122, 46.115870912079345], [7.9131571069625535, 46.116001722378456], [7.9180367979592035, 46.114972421757436], [7.921348484856072, 46.11278301021629], [7.923092117696952, 46.10943377726874], [7.923267696481843, 46.104924722914774], [7.925010763957844, 46.1015753637101], [7.928321320124955, 46.09938569965472], [7.931631602037477, 46.09719592426566], [7.934941609695411, 46.095006037542944], [7.936683783721747, 46.09165651983842], [7.936858124116487, 46.087147371152085], [7.93537800449861, 46.08373317811166], [7.932243424868118, 46.08141394071714], [7.927454434770666, 46.08018936970406], [7.921011034206253, 46.080059465072424], [7.9145676624197545, 46.079929157316805], [7.908124319411169, 46.0797984464372], [7.903336199953749, 46.07857298259721], [7.900203304047496, 46.07625276579683], [7.897070677578708, 46.07393245010317], [7.893938320547386, 46.071612035516225], [7.889151072005845, 46.070385679118445]]]}}, {"type": "Feature", "properties": {"band": "light", "dbz": 30.0, "source": "OPERA-ORD", "time": "20260725155000"}, "geometry": {"type": "Polygon", "coordinates": [[[5.815201675972764, 45.86234443686487], [5.808790808345368, 45.862082549143196], [5.8038945322654065, 45.8630118827408], [5.800512847732881, 45.8651324376577], [5.797130891157257, 45.86725287530553], [5.793748662538536, 45.86937319568428], [5.790366161821511, 45.87149339876481], [5.786983389006185, 45.873613484547114], [5.78511504178121, 45.87692526837857], [5.784761120146586, 45.8814287502592], [5.784407122905863, 45.88593221309572], [5.784053050059043, 45.89043565688816], [5.782183743842097, 45.89374726041235], [5.778799204255025, 45.895867023668295], [5.775414392227981, 45.897986669525714], [5.7720293077609695, 45.90010619798459], [5.771851889864898, 45.90235787888369], [5.774882138539766, 45.90474171222302], [5.7779126507190135, 45.9071254530787], [5.7809434264026365, 45.90950910145074], [5.782281550728624, 45.9129525904801], [5.781927023696978, 45.917455920166795], [5.780056572515041, 45.92076740074256], [5.776670197182814, 45.9228870322074], [5.773283549063197, 45.92500654621067], [5.7698966281561885, 45.92712594275237], [5.768025215820052, 45.930437242928285], [5.767669312054788, 45.934940446738416], [5.76731333218096, 45.939443631572736], [5.766957276198566, 45.94394679743124], [5.765084901848391, 45.947257917131296], [5.7616962091304345, 45.9493769906729], [5.756791298746622, 45.95030373141552], [5.750370170696956, 45.95003813935915], [5.743949100914186, 45.94977214616014], [5.737528089398312, 45.94950575181849], [5.732622485300231, 45.9504315475342], [5.729232288619945, 45.95254953330726], [5.7290528032625945, 45.95480102497595], [5.732084029228179, 45.95718602254028], [5.735115519271492, 45.95957092767446], [5.738147273392531, 45.96195574037852], [5.741179291663674, 45.964340460628655], [5.744211574084921, 45.966725088424866], [5.748939354061238, 45.96805024858204], [5.755362631592626, 45.968315941100165], [5.760090973735171, 45.96964082067465], [5.763124380488872, 45.97202488730547], [5.76446275097964, 45.9754684277791], [5.764106085207475, 45.97997144209552], [5.7654449508564705, 45.98341489309801], [5.768479347926626, 45.98579878078658], [5.773209377198153, 45.987122818243776], [5.779635038671053, 45.987387005469586], [5.784365630528999, 45.98871076209787], [5.787401152771991, 45.99109408812862], [5.788741505003783, 45.99453727051491], [5.788386687224374, 45.999040309256756], [5.789727535353329, 46.00248340203665], [5.79276404939065, 46.00486654885461], [5.795800828230082, 46.007249603004034], [5.798837871871626, 46.009632564484946], [5.801875180387798, 46.01201543327345], [5.804912753778597, 46.014398209369524], [5.809646160144193, 46.01572056092871], [5.8160753994845855, 46.01598248795102], [5.820985313211662, 46.01505300211985], [5.824375901325423, 46.01293210343519], [5.826247064194761, 46.0096200790868], [5.826598801819675, 46.00511692907469], [5.828469383807523, 46.001804765474404], [5.831858810158305, 45.999683588285954], [5.835247962766459, 45.99756229365552], [5.838636841631985, 45.99544088158311], [5.840506461048398, 45.99212853821282], [5.8408568210156995, 45.987625263544665], [5.839513279871716, 45.984182719549736], [5.83647583761645, 45.981800906228024], [5.833438659923466, 45.97941900015456], [5.830401746792765, 45.977037001329336], [5.827365098152027, 45.97465490977624], [5.824328714001256, 45.97227272549529], [5.8211164885235664, 45.97214207419457], [5.817728421718963, 45.97426295587409], [5.814340081470332, 45.97638372010779], [5.810951467777677, 45.97850436689566], [5.807739299705915, 45.97837331420158], [5.804703577255047, 45.97599056202556], [5.801668119229339, 45.97360771719711], [5.798632925628793, 45.97122477971626], [5.793903516076349, 45.96990166866469], [5.787479890572005, 45.96963838404242], [5.78275104307966, 45.96831499216501], [5.779716973599312, 45.96593149303247], [5.778377581778322, 45.962488173446324], [5.778732867616691, 45.95798503340659], [5.780604650751128, 45.95467361798368], [5.783992931181634, 45.952553927177604], [5.788897809181346, 45.95162567430632], [5.795319284750268, 45.95188885936982], [5.800223649808749, 45.95096027599957], [5.8036109043567885, 45.94883992419559], [5.805480948596093, 45.94552809064895], [5.805833782526664, 45.941024775359644], [5.8077032474774635, 45.937712802539046], [5.811089343448493, 45.93559217218714], [5.814475166500786, 45.93347142446518], [5.8178607166343435, 45.931350559373165], [5.819729221234806, 45.928038406551444], [5.820080680302176, 45.92353496600002], [5.821948606209856, 45.92022267402469], [5.825332998957847, 45.918101530625485], [5.82871711901398, 45.915980269935666], [5.832100966378254, 45.913858891955236], [5.83396793321813, 45.91054642012434], [5.834318019533606, 45.90604285444297], [5.834668031061471, 45.901539269787996], [5.835017967801724, 45.897035666159425], [5.8353678297995195, 45.892532043544], [5.8357176170548595, 45.888028401941725], [5.834376627421344, 45.884585517508455], [5.831344860898975, 45.88220339024417], [5.828313357675272, 45.87982117037576], [5.825282117750234, 45.877438857903215], [5.823941777366259, 45.87399586744414], [5.824292336523347, 45.86949219899853], [5.822952489523034, 45.86604911876323], [5.819922236365319, 45.86366662673822], [5.815201675972764, 45.86234443686487]]]}}, {"type": "Feature", "properties": {"band": "light", "dbz": 30.0, "source": "OPERA-ORD", "time": "20260725155000"}, "geometry": {"type": "Polygon", "coordinates": [[[6.037375802434669, 45.98861717147801], [6.030948968758487, 45.98836909458554], [6.024522189633324, 45.98812061608031], [6.018095465059181, 45.98787173596232], [6.011668795210406, 45.98762245424231], [6.005242180086998, 45.98737277092029], [6.000337907656673, 45.98831132852897], [5.996955977919431, 45.99043812706836], [5.995096295552295, 45.9937534536993], [5.994758860555265, 45.99825730842182], [5.994421353295113, 46.00276114444357], [5.994083773771839, 46.00726496176456], [5.993746121941661, 46.01176876039811], [5.993408397804579, 46.01627254034423], [5.994762788771467, 46.019712987143926], [5.997809294842325, 46.0220901007972], [6.002548011535344, 46.02340359388993], [6.0089789388505235, 46.02365346642213], [6.015409921034226, 46.02390293705022], [6.021840958086451, 46.02415200577418], [6.028272049832397, 46.02440067258323], [6.034703196272064, 46.024648937477394], [6.039609955797836, 46.02370900025537], [6.04299232840971, 46.021580860917176], [6.044850219627873, 46.018264806930006], [6.045183629452321, 46.01376083829385], [6.045516967887769, 46.00925685101234], [6.045850234934216, 46.00475284508546], [6.046183430634893, 46.00024882049985], [6.046516554989801, 45.995744777255496], [6.045159642693632, 45.99230486920605], [6.042112693746384, 45.98992909635152], [6.037375802434669, 45.98861717147801]]]}}, {"type": "Feature", "properties": {"band": "light", "dbz": 30.0, "source": "OPERA-ORD", "time": "20260725155000"}, "geometry": {"type": "Polygon", "coordinates": [[[5.974466049797716, 45.968102944793486], [5.968041918032653, 45.96785094737268], [5.961617841617807, 45.967598548544004], [5.955193820553178, 45.96734574830745], [5.9502904899521045, 45.96828193935797], [5.946907849814588, 45.970407121695565], [5.946737429351594, 45.97265901249098], [5.949779228563123, 45.975037611744206], [5.9545126767792365, 45.97635333540506], [5.960937773999936, 45.97660618347355], [5.965671783803416, 45.97792162525587], [5.968714706189681, 45.980299660752], [5.96854475107865, 45.98255155670279], [5.965161918470324, 45.98467731310821], [5.961778812305372, 45.98680295249001], [5.958395432583793, 45.98892847484821], [5.958225404702654, 45.99118035205171], [5.961268728661955, 45.99355858410051], [5.96600407155342, 45.99487377038898], [5.972431433377047, 45.99512591091709], [5.977336594548115, 45.994188911553564], [5.980719555066623, 45.99206277229841], [5.982580219116613, 45.98874778033885], [5.982918586698089, 45.98424393567489], [5.98325688187491, 45.97974007227292], [5.983595104647074, 45.97523619013293], [5.98224269094493, 45.97179542267318], [5.979199640768475, 45.969417769893646], [5.974466049797716, 45.968102944793486]]]}}, {"type": "Feature", "properties": {"band": "light", "dbz": 30.0, "source": "OPERA-ORD", "time": "20260725155000"}, "geometry": {"type": "Polygon", "coordinates": [[[18.40749377904703, 45.68488599517649], [18.404662124926713, 45.6873879012185], [18.403596879232154, 45.69087831787725], [18.40429804196335, 45.695357245152735], [18.404999353130528, 45.69983614812981], [18.405700812733674, 45.70431502680849], [18.407818803973473, 45.707542891073786], [18.411353326849927, 45.70951974092569], [18.41453672057749, 45.70925709524066], [18.41736898515617, 45.70675495401869], [18.418433868395915, 45.70326449312887], [18.41773137029672, 45.69878571257121], [18.41702902084696, 45.69430690769363], [18.416326820046635, 45.68982807849612], [18.414209191261648, 45.686600258461894], [18.41067613449201, 45.68462344759095], [18.40749377904703, 45.68488599517649]]]}}, {"type": "Feature", "properties": {"band": "light", "dbz": 30.0, "source": "OPERA-ORD", "time": "20260725155000"}, "geometry": {"type": "Polygon", "coordinates": [[[5.41127358241685, 45.828109291782305], [5.414283916841198, 45.830503750950946], [5.417294513103124, 45.83289811876692], [5.420305371202629, 45.835292395230226], [5.42501390945016, 45.83663245848193], [5.431420127845719, 45.836918308522016], [5.436320383578787, 45.836006993405476], [5.4397146766493645, 45.83389851313231], [5.443108698071224, 45.83178991458741], [5.446502447844367, 45.82968119777077], [5.449705383386155, 45.829823509347364], [5.4527175046965874, 45.83221684931718], [5.454032941410446, 45.83566464654274], [5.453651693527731, 45.84016690102405], [5.453270364291492, 45.8446691361234], [5.452888953701729, 45.849171351840795], [5.452507461709382, 45.8536735481893], [5.452125888314451, 45.858175725168906], [5.451744233467839, 45.86267788279267], [5.451362497169547, 45.8671800210606], [5.450980679370433, 45.87168213998575], [5.450598780070497, 45.87618423956812], [5.4519152851216255, 45.87963188644842], [5.454930194523817, 45.88202508062665], [5.4596436159173365, 45.88336353628472], [5.466055549302183, 45.88364725342265], [5.470769531677789, 45.88498543069322], [5.473785563044149, 45.887378068096424], [5.476801857082174, 45.88977061390307], [5.479818413791863, 45.89216306811315], [5.4845333174089355, 45.89350037952603], [5.490946567933391, 45.89378254814173], [5.495851004931265, 45.89286846302978], [5.499246628402556, 45.89075812419019], [5.502641979500746, 45.8886476671373], [5.506037058225835, 45.886537091871105], [5.5092435081248965, 45.88667756212294], [5.512261329197931, 45.8890690778928], [5.513581802761013, 45.8925159802223], [5.513204928814142, 45.89701826911145], [5.514525892592924, 45.900465083338055], [5.517544694097358, 45.90285642290212], [5.520563758557947, 45.90524767072402], [5.523583085974691, 45.90763882680377], [5.52660267642002, 45.91002989111777], [5.529622529893934, 45.91242086366604], [5.532830173001702, 45.91256058561331], [5.536225605743326, 45.9104490569596], [5.5396207658616055, 45.90833741016205], [5.543015653356544, 45.90622564522067], [5.546223357450869, 45.90636496648153], [5.549243878144581, 45.908755373944615], [5.552264661933817, 45.91114568956689], [5.555285708818577, 45.91353591334833], [5.560004295422068, 45.91486975854462], [5.566420421744294, 45.91514722515575], [5.571139569802, 45.91648079119315], [5.574161739595191, 45.91887045665684], [5.5754868260585635, 45.92231650774254], [5.57511482919212, 45.92681894445027], [5.576440407307648, 45.930264907095555], [5.579463560405146, 45.93265439567839], [5.582486976960374, 45.93504379230235], [5.585510656973335, 45.937433096967425], [5.588534600516509, 45.93982230964997], [5.591558807589896, 45.94221143034999], [5.596280764505385, 45.94354359967498], [5.602700471262975, 45.94381881762495], [5.6091202381942, 45.94409363456039], [5.615540065299063, 45.94436805048129], [5.620446953709902, 45.94344806760351], [5.623840903426718, 45.94133368592704], [5.625721810437545, 45.93802519190319], [5.626089674742384, 45.93352258553196], [5.6279700012142815, 45.93021395110414], [5.631362789853236, 45.92809928861973], [5.6347553056497395, 45.925984508240354], [5.638147548603791, 45.923869609966026], [5.641539518770402, 45.92175459382607], [5.644931216149573, 45.91963945982051], [5.64832264079632, 45.917524207978644], [5.651713792710644, 45.91540883830049], [5.65510467194756, 45.913293350815366], [5.658495278507071, 45.91117774552325], [5.661885612444193, 45.90906202245346], [5.665275673758929, 45.906946181605996], [5.668665462506295, 45.90483022301015], [5.672054978686294, 45.90271414666593], [5.676957266881333, 45.90179118357034], [5.68337232709141, 45.902061333723374], [5.689787446243056, 45.902331083166885], [5.696202624336269, 45.902600431900865], [5.70110422210255, 45.9016765242435], [5.7044922395418975, 45.899559360194786], [5.706366574765978, 45.89624922597895], [5.70672722777479, 45.891746121596], [5.705394407690275, 45.88830162459015], [5.702368114512434, 45.885915734961394], [5.699342084420428, 45.88352975309407], [5.696316317414257, 45.88114367898817], [5.6964967960509805, 45.87889211081453], [5.699883520330598, 45.876775048573144], [5.703269972433519, 45.87465786875078], [5.706656152359743, 45.87254057134743], [5.706836553937942, 45.870288984050525], [5.703811177168111, 45.867903106860055], [5.700786063261411, 45.86551713745061], [5.69776121221784, 45.86313107582218], [5.6964293401176915, 45.8596864416756], [5.69679044696097, 45.85518323501087], [5.695459066396248, 45.85173851177973], [5.692435198423529, 45.84935227198219], [5.689411593058839, 45.8469659400227], [5.68638825030218, 45.84457951590126], [5.683365170081649, 45.842192999641476], [5.680342352397247, 45.83980639124335], [5.677138329445194, 45.83967128156115], [5.673753101225491, 45.84178767059487], [5.670367601246798, 45.843903942027936], [5.666981829509116, 45.84602009586036], [5.663595785957632, 45.848136132062926], [5.6602094705923465, 45.85025205063563], [5.65682288335845, 45.85236785154929], [5.653436024255942, 45.854483534803876], [5.64853791791912, 45.85540522777047], [5.642128564347984, 45.85513293044908], [5.635719270215533, 45.85486023283919], [5.629310035521771, 45.8545871349408], [5.622900860438817, 45.85431363676562], [5.616491744966671, 45.85403973831363], [5.611592773322424, 45.85495987393494], [5.608203945506073, 45.85707404362954], [5.606325157680127, 45.86038253317798], [5.605956409844582, 45.86488534258027], [5.605587583273703, 45.86938813276726], [5.605218677967487, 45.87389090373895], [5.603338925846479, 45.87719921109807], [5.5999483269106785, 45.879313054844616], [5.595046985316978, 45.880232149025005], [5.588634901065378, 45.87995649363921], [5.583918651317172, 45.87862394238041], [5.580898236072363, 45.87623449524857], [5.577878083544557, 45.873844956239395], [5.574858193733755, 45.87145532535288], [5.571838566567766, 45.86906560261259], [5.56881920204659, 45.8666757880185], [5.565800100098048, 45.86428588159417], [5.56278126072214, 45.86189588333961], [5.5580670495681765, 45.86056190758343], [5.551657466636154, 45.86028395432564], [5.546756768900452, 45.86120097399374], [5.543364956361069, 45.86331296658773], [5.5399728717759515, 45.86542484114435], [5.536580515145101, 45.86753659766361], [5.533375547529655, 45.86739700745996], [5.5303579689296125, 45.865006070533404], [5.52734065280221, 45.862615041889], [5.524323599147449, 45.86022392152674], [5.5213068078931204, 45.857832709470145], [5.518290279039221, 45.85544140571922], [5.518478087169859, 45.85319016131251], [5.521870232285034, 45.85107897625003], [5.52526210553678, 45.84896767312611], [5.528653706925098, 45.84685625194074], [5.528841434920988, 45.84460498822355], [5.5258252895244455, 45.842213881974544], [5.522809406306504, 45.83982268405028], [5.519793785267165, 45.837431394450775], [5.516778426334316, 45.8350400131995], [5.513763329507956, 45.832648540296454], [5.510560086324979, 45.83250822885874], [5.507168696785385, 45.83461907888636], [5.503777035564594, 45.836729810828515], [5.5003851026626105, 45.838840424685216], [5.497181920664561, 45.838699713195574], [5.494167489570447, 45.836307676359596], [5.492849216035826, 45.83286043135051], [5.493227100060698, 45.828357978168306], [5.491909315009661, 45.8249106451739], [5.488895860882715, 45.82251843236729], [5.485882668612543, 45.82012612801664], [5.482869738199145, 45.81773373212196], [5.479857069570452, 45.815341244706644], [5.476844662726462, 45.8129486657707], [5.473832517595122, 45.810555995337545], [5.470820634176433, 45.808163233407186], [5.467809012398352, 45.80577038000301], [5.464797652260879, 45.80337743512502], [5.461786553691988, 45.800984398796615], [5.458775716691681, 45.798591271017784], [5.45746051609972, 45.795143482781974], [5.457840951916104, 45.79064103408919], [5.458221306672468, 45.78613856593606], [5.458601580368808, 45.78163607832256], [5.4589817730539005, 45.77713357123566], [5.459361884727747, 45.772631044675336], [5.458047460373939, 45.769183136949145], [5.455038499992473, 45.76678984805707], [5.451839293945606, 45.76664772383829], [5.448449842233336, 45.7687567642928], [5.445060119676068, 45.77086568662473], [5.441670126273803, 45.77297449083409], [5.438279861972536, 45.77508317689167], [5.434889326772265, 45.77719174479748], [5.43149852061899, 45.77930019452229], [5.428107443512708, 45.78140852606613], [5.423212055538606, 45.782319528589326], [5.416812356696685, 45.78203320209191], [5.412651484257962, 45.79314554468189], [5.410729438222438, 45.815656556359286], [5.41127358241685, 45.828109291782305]]]}}, {"type": "Feature", "properties": {"band": "light", "dbz": 30.0, "source": "OPERA-ORD", "time": "20260725155000"}, "geometry": {"type": "Polygon", "coordinates": [[[7.056915147173189, 45.95966158085208], [7.050488364105293, 45.95947726542615], [7.0456060140382295, 45.960465748046765], [7.042268096971997, 45.96262702871392], [7.040474542524914, 45.96596139524888], [7.040225350696981, 45.97046884765165], [7.041645657081436, 45.973895677230296], [7.044735461678279, 45.976241883984805], [7.047825533061991, 45.97858799448324], [7.050915871232571, 45.98093400872561], [7.0540064762604295, 45.98327992668713], [7.057097348145567, 45.985625748367795], [7.060312109320138, 45.98571774869952], [7.063650759784142, 45.9835559276823], [7.065443654430774, 45.9802212741091], [7.065690793260034, 45.9757137879799], [7.0659378791742675, 45.9712062838156], [7.066184912173479, 45.96669876161619], [7.064763456181598, 45.96327218502863], [7.061673511198624, 45.960926554052904], [7.056915147173189, 45.95966158085208]]]}}, {"type": "Feature", "properties": {"band": "light", "dbz": 30.0, "source": "OPERA-ORD", "time": "20260725155000"}, "geometry": {"type": "Polygon", "coordinates": [[[18.4835892087284, 45.27810724207703], [18.47727258423308, 45.27863625575096], [18.47270963469177, 45.28015290752549], [18.469900360104475, 45.282657197400624], [18.46884495389963, 45.286149400854555], [18.46954341607724, 45.29062951788728], [18.468487582958204, 45.29412165330601], [18.465677454542526, 45.29662580711073], [18.462867080308136, 45.299129880951874], [18.460056460255032, 45.301633874829456], [18.45900016525166, 45.305125929166984], [18.459698195298017, 45.30960604396444], [18.46039637200435, 45.31408613385029], [18.46109469537066, 45.318566198824506], [18.46179316548348, 45.323046238897135], [18.462491782342813, 45.327526254068175], [18.463190546035243, 45.33200624434768], [18.463889456560782, 45.33648620973565], [18.46283262941807, 45.33997815712324], [18.460020064607107, 45.34248208651047], [18.457207253428194, 45.344985935876934], [18.45439419588132, 45.347489705222614], [18.453336905642995, 45.35098157165086], [18.454035382713222, 45.35546153516169], [18.454734006668193, 45.35994147383236], [18.45543277750792, 45.36442138766289], [18.45613169531915, 45.36890127666331], [18.456830760101887, 45.37338114083364], [18.45752997194296, 45.3778609801839], [18.45822933084238, 45.38234079471408], [18.457171506813197, 45.385832554564686], [18.454356499855415, 45.38833625973571], [18.45154124597876, 45.39083988482854], [18.448725745183232, 45.39334342984316], [18.4476674568431, 45.39683510885605], [18.448366380958376, 45.4013149218672], [18.449065452183678, 45.405794710109674], [18.449764670519016, 45.410274473583485], [18.450464036051372, 45.414754212298675], [18.451163548780755, 45.419233926255224], [18.45010476031152, 45.42272551174551], [18.44728767064367, 45.425228968769545], [18.44447033360528, 45.42773234566222], [18.441652749196344, 45.430235642423554], [18.4405934953331, 45.43372714716064], [18.44129257201555, 45.438206859873446], [18.441991795946667, 45.44268654787905], [18.442691167126455, 45.447166211177446], [18.443390685642072, 45.45164584977866], [18.444090351493518, 45.456125463682675], [18.444790164768015, 45.46060505289954], [18.44549012546556, 45.46508461742925], [18.444430334575422, 45.468576016244214], [18.441610792097592, 45.47107924934442], [18.438791001695233, 45.47358240225549], [18.435970963368348, 45.476085474977424], [18.434910705861178, 45.47957679316038], [18.435610229173726, 45.48405635680439], [18.436309899961024, 45.48853589581266], [18.437009718223074, 45.493015410185194], [18.43770968404726, 45.497494899932015], [18.438409797433586, 45.50197436505311], [18.439110058469506, 45.506453805558515], [18.43981046715502, 45.51093322144822], [18.43874967095195, 45.51442443408065], [18.4359276698603, 45.51692744345581], [18.433105420288435, 45.519430372583805], [18.43028292223636, 45.52193322146463], [18.429221658189128, 45.52542435358606], [18.429921628146744, 45.529903768948095], [18.4306217458057, 45.53438315974587], [18.431322011165996, 45.53886252597938], [18.432022424315264, 45.54334186765864], [18.43272298525349, 45.54782118478366], [18.431661216847004, 45.55131222405889], [18.428837119095796, 45.55381498548436], [18.426012772408814, 45.55631766660896], [18.423188176786063, 45.558820267432694], [18.422125939441955, 45.56231122628082], [18.4228260603765, 45.56679054315332], [18.42352632915171, 45.57126983552301], [18.42422674576759, 45.575749103389896], [18.42492731031192, 45.580228346763974], [18.425628022784704, 45.58470756564526], [18.426328883273793, 45.58918676004376], [18.427029891779192, 45.59366592995947], [18.425967112469348, 45.59715678391122], [18.423140545344253, 45.59965932189898], [18.420313728724608, 45.602161779527464], [18.41748666261041, 45.604664156796645], [18.41642341312803, 45.60815493044183], [18.41712398027747, 45.612634100462984], [18.417824695494968, 45.61711324605281], [18.41852555878052, 45.621592367211306], [18.419226570222158, 45.62607146394847], [18.419927729819882, 45.630550536264295], [18.420629037661772, 45.63502958416879], [18.421330493747835, 45.63950860766195], [18.42026670061297, 45.64299927678165], [18.41743765825718, 45.6455015915279], [18.414608365846338, 45.64800382585622], [18.41177882338044, 45.650505979766606], [18.41071455883395, 45.65399656870009], [18.411415572206863, 45.65847559265667], [18.412116733875745, 45.66295459225337], [18.412818043840602, 45.6674335674902], [18.41351950218968, 45.671912518377155], [18.414221108922984, 45.67639144491423], [18.41633837531863, 45.67961922080485], [18.419871301376627, 45.68159584604902], [18.423053025130148, 45.68133295192822], [18.4258835465792, 45.67883053844246], [18.42694748540164, 45.67533991749845], [18.42624484159748, 45.67086108909618], [18.425542346390575, 45.666382236322534], [18.42483999978093, 45.6619033591775], [18.425903467118566, 45.658412658171564], [18.428732748403487, 45.65591013330471], [18.431561779580118, 45.65340752805113], [18.43439056064846, 45.65090484241085], [18.435453556983084, 45.6474140613197], [18.43475076858399, 45.64293518477769], [18.43404812872984, 45.638456283812836], [18.433345637420643, 45.63397735842513], [18.43264329456811, 45.62949840860461], [18.43194110017224, 45.62501943435127], [18.433003590017716, 45.62152856103557], [18.43583076410454, 45.619025788657495], [18.438657688541603, 45.61652293594672], [18.441484363328907, 45.614020002903246], [18.442546383271306, 45.61052904941871], [18.4418437483688, 45.606050075493116], [18.441141261870605, 45.60157107708326], [18.44043892377672, 45.597092054189126], [18.43973673399902, 45.59261300680075], [18.439034692537508, 45.58813393491811], [18.440096207339007, 45.58464288902577], [18.442921278403517, 45.58213986912373], [18.44574610027566, 45.579636768942855], [18.448570672955423, 45.57713358848315], [18.44963171895059, 45.57364246233818], [18.448929238261158, 45.569163390507946], [18.44822690583551, 45.56468429413202], [18.44752472167366, 45.560205173210406], [18.446822685687636, 45.55572602773311], [18.44612079787744, 45.551246857700136], [18.447181340075808, 45.54775563896389], [18.450004312282726, 45.54525237152438], [18.452827035753526, 45.54274902385973], [18.4556495104882, 45.54024559596993], [18.456709584973794, 45.536754296897044], [18.4560072592103, 45.53227512664106], [18.4553050815702, 45.52779593177797], [18.454603052053493, 45.523316712307775], [18.453901170572387, 45.51883746822048], [18.453199437126877, 45.514358199516096], [18.452497851629253, 45.50987890618462], [18.45179641407951, 45.505399588226055], [18.452855950860823, 45.5019081839378], [18.455676461973198, 45.49940469331985], [18.458496724905952, 45.49690112253479], [18.461316739659093, 45.494397471582616], [18.46413650630772, 45.4918937404833], [18.466956024851832, 45.48938992923686], [18.46977529536651, 45.48688603786326], [18.472594317851758, 45.48438206636251], [18.473652526252128, 45.48089044570648], [18.472949920567626, 45.47641117589518], [18.47083831725732, 45.47318384277126], [18.46731771632121, 45.47120844633474], [18.463797381004653, 45.469232920758586], [18.460277311307646, 45.46725726604279], [18.459926487121457, 45.46501756955433], [18.46274490844609, 45.46251383129318], [18.465563082044845, 45.46001001291826], [18.468381007917717, 45.45750611442958], [18.46943911180346, 45.454014456119815], [18.46873739370207, 45.449535037988966], [18.46803582335619, 45.44505559511822], [18.467334400765807, 45.440576127507576], [18.466633125843533, 45.436096635146995], [18.46593199858937, 45.431617118036485], [18.466989602795547, 45.4281253665211], [18.469805938462066, 45.425621380600845], [18.472622026855312, 45.423117314619994], [18.475437867975288, 45.420613168578555], [18.476495007866117, 45.41712133643635], [18.475793446527792, 45.412641818193364], [18.475092032805104, 45.40816227514907], [18.474390766698054, 45.403682707303446], [18.473689648119404, 45.3992031146465], [18.472988677069164, 45.39472349717823], [18.474045318607608, 45.39123157164607], [18.476859572734746, 45.38872733805002], [18.479673580040096, 45.3862230244464], [18.48248734052367, 45.38371863083522], [18.48354351882727, 45.38022662459141], [18.4828421149509, 45.37574700571498], [18.483897864730935, 45.37225493154869], [18.48671076816737, 45.36975040209255], [18.491280630645917, 45.368233141267055], [18.497607452166577, 45.367703149072206], [18.50217675662716, 45.36618563633734], [18.504988544027675, 45.36368060306245], [18.506043009286913, 45.36018832527404], [18.505340152404884, 45.35570880297212], [18.503231912430856, 45.352481748241104], [18.49971828936483, 45.350507161081], [18.496204930415495, 45.34853244497632], [18.492691835582846, 45.346557599927074], [18.49234088384593, 45.344317776868195], [18.49515207520474, 45.34181297579968], [18.499719437993956, 45.34029533343188], [18.506042972213578, 45.339764849764805], [18.51060977771153, 45.338246955655315], [18.51341985448781, 45.33574165110342], [18.514473397377987, 45.3322492119227], [18.513770406382065, 45.32776963811317], [18.513067563051546, 45.323290039326814], [18.51236486738643, 45.31881041556364], [18.511662319299656, 45.31433076681367], [18.51095991879122, 45.3098510930769], [18.50885335163729, 45.30662399849044], [18.505342617837865, 45.304649483054284], [18.501832147592722, 45.30267483876716], [18.498321940901857, 45.30070006562906], [18.496216441318296, 45.29747274322083], [18.49551564884204, 45.292992871542474], [18.49481500347582, 45.28851297486861], [18.494114505219642, 45.284033053199245], [18.49201007231268, 45.280805503083435], [18.48850170475493, 45.27883032452118], [18.4835892087284, 45.27810724207703]]]}}, {"type": "Feature", "properties": {"band": "light", "dbz": 30.0, "source": "OPERA-ORD", "time": "20260725155000"}, "geometry": {"type": "Polygon", "coordinates": [[[5.878753984057379, 45.89315493541473], [5.8753733414673786, 45.8952779105376], [5.871992426458029, 45.8974007685533], [5.868611239029332, 45.89952350946184], [5.863712841951148, 45.90045544025617], [5.857297235223479, 45.90019656093629], [5.852398325920349, 45.90112816196313], [5.84901611404176, 45.903250243336686], [5.847150501191529, 45.906563091424694], [5.846801487369658, 45.91106670622716], [5.848144115750405, 45.914509304850384], [5.851178386333774, 45.91689088729436], [5.854212920726971, 45.919272377019084], [5.857247718929996, 45.92165377402454], [5.860282781014857, 45.9240350782869], [5.863318106981555, 45.92641628980617], [5.86804523917093, 45.927736007567034], [5.874464177582982, 45.927994231569514], [5.880883172415361, 45.92825205454214], [5.887302223668066, 45.92850947648491], [5.8922027784846955, 45.92757645664475], [5.89558483686525, 45.925452995021644], [5.897448301304422, 45.92213937822371], [5.897793171802211, 45.91763560625095], [5.898137968605866, 45.91313181537217], [5.898482691715388, 45.90862800558739], [5.897137227285404, 45.90518597242896], [5.894101575315913, 45.9028057158969], [5.89106618702864, 45.90042536655278], [5.8880310624235825, 45.89804492439661], [5.884996201428885, 45.89566438945222], [5.881961604044548, 45.8932837617196], [5.878753984057379, 45.89315493541473]]]}}, {"type": "Feature", "properties": {"band": "light", "dbz": 30.0, "source": "OPERA-ORD", "time": "20260725155000"}, "geometry": {"type": "Polygon", "coordinates": [[[5.598741695159924, 45.83520425149626], [5.592334955736696, 45.8349288558236], [5.587437310883782, 45.8358478618938], [5.58404876060118, 45.83796126970686], [5.582169200583863, 45.841269364876574], [5.5817986308318295, 45.845772147402954], [5.5831228703231535, 45.849218252036124], [5.586141919057835, 45.85160767877611], [5.590855881423365, 45.85294014189044], [5.597264757419742, 45.85321564137912], [5.602163574692839, 45.8522964015322], [5.605552333242653, 45.85018242234969], [5.607430929107062, 45.84687398958725], [5.607799362286067, 45.84237110324487], [5.606473950374561, 45.83892523238841], [5.603454693372545, 45.836536377017865], [5.598741695159924, 45.83520425149626]]]}}, {"type": "Feature", "properties": {"band": "light", "dbz": 30.0, "source": "OPERA-ORD", "time": "20260725155000"}, "geometry": {"type": "Polygon", "coordinates": [[[7.117543339204835, 45.78981708299942], [7.111136656746445, 45.78963663082037], [7.106270955897209, 45.79062821873534], [7.102946236657127, 45.79279184674435], [7.099621246659099, 45.79495536152929], [7.096295985903128, 45.79711876309015], [7.0929704543311844, 45.7992820513986], [7.089644651943271, 45.801445226454646], [7.089522911890261, 45.80369934945678], [7.092605234172154, 45.80604442040501], [7.095687821170947, 45.80838939520353], [7.09877067288664, 45.810734273852326], [7.100190548644308, 45.81416081732054], [7.099947448443951, 45.818669025608166], [7.101367831038006, 45.822095472311425], [7.104451696426474, 45.824440157430324], [7.107535826783622, 45.826784746338774], [7.110620222109453, 45.82912923903677], [7.113704882473581, 45.831473635499684], [7.116789807876003, 45.833817935727524], [7.119874998386346, 45.836162139695645], [7.122960454004609, 45.83850624740405], [7.124382549066137, 45.84193238475824], [7.124141283570929, 45.84644055175821], [7.125563886409596, 45.84986659220179], [7.128650357582137, 45.85221050608897], [7.131857241550319, 45.85230024141967], [7.135184538314146, 45.85013579819389], [7.1385115636298, 45.84797124174199], [7.1418383174972835, 45.845806572063985], [7.145045240528773, 45.84589590646559], [7.14813233272427, 45.84823924494681], [7.149556268278566, 45.85166501328181], [7.149317047191663, 45.85617321147057], [7.149077774976561, 45.86068139149023], [7.148838451633261, 45.86518955334078], [7.150263087406581, 45.86861520577908], [7.153351682296522, 45.87095834880513], [7.156440542825445, 45.8733013954118], [7.159529668993351, 45.875644345599085], [7.160955005660679, 45.879069882126885], [7.16071655282743, 45.8835780049952], [7.162142398580315, 45.887003444393464], [7.165232542919333, 45.889346200321675], [7.168441692699807, 45.889434799717776], [7.171769847921738, 45.88726924258176], [7.175097731235217, 45.8851035722561], [7.178425342640244, 45.88293778874082], [7.183298087158872, 45.88194288618642], [7.189715964791101, 45.882118864592925], [7.196133880791394, 45.88229444177204], [7.2025518351597535, 45.88246961772377], [7.208969827721797, 45.88264439244059], [7.2153878584775235, 45.88281876592248], [7.221805927252534, 45.88299273816195], [7.228224034046829, 45.88316630915901], [7.234642178685991, 45.88333947890617], [7.241060361170021, 45.883512247403445], [7.2459317372412775, 45.88251458256628], [7.24925630689976, 45.880346484394686], [7.251034004856759, 45.87700824026711], [7.251264831112276, 45.87249985018356], [7.253041963890226, 45.86916147596045], [7.256365403190608, 45.86699311759779], [7.259688570880678, 45.86482464633821], [7.263011466960437, 45.8626560621817], [7.2647876923870776, 45.859317522675155], [7.2650172471606, 45.85480902781856], [7.265246752895272, 45.85030051484503], [7.2654762095910925, 45.84579198375458], [7.265705617277682, 45.84128343453331], [7.265934975955043, 45.83677486718122], [7.26450400943359, 45.83335064232509], [7.261412717713325, 45.831010759964926], [7.258321691275848, 45.82867078094205], [7.255230930121154, 45.82633070525647], [7.253800667154743, 45.82290636358546], [7.254030902376613, 45.818397755929006], [7.252601148080299, 45.81497331663391], [7.249511404265806, 45.812633045700174], [7.244761735925929, 45.81137665627105], [7.23835214306067, 45.81120414834654], [7.231942587843378, 45.811031239775176], [7.22553307027405, 45.81085793055696], [7.219123590526201, 45.810684220699336], [7.212714148599828, 45.81051011020229], [7.207848469080412, 45.81150650315492], [7.204526551967953, 45.81367339955723], [7.201204363875016, 45.81584018299778], [7.197881904801603, 45.818006853476575], [7.194676972942045, 45.81791918902191], [7.191589568296341, 45.815577189633785], [7.188502428621304, 45.81323509380778], [7.185415553916934, 45.81089290154391], [7.180667510106905, 45.809633548290066], [7.174258297191214, 45.809457034046254], [7.167849122790884, 45.809280119193076], [7.161439986905916, 45.80910280373051], [7.155030889709736, 45.80892508766617], [7.148621831202346, 45.80874697100005], [7.143874991043759, 45.807486144332245], [7.140790369233972, 45.80514260766277], [7.137706012177303, 45.80279897471763], [7.1346219198737515, 45.80045524549683], [7.131538092253867, 45.79811142002497], [7.12845452931765, 45.79576749830207], [7.125371230995664, 45.7934234803527], [7.122288197287908, 45.79107936617687], [7.117543339204835, 45.78981708299942]]]}}, {"type": "Feature", "properties": {"band": "light", "dbz": 30.0, "source": "OPERA-ORD", "time": "20260725155000"}, "geometry": {"type": "Polygon", "coordinates": [[[5.51281432281001, 45.78628614295384], [5.506413762057019, 45.78600541085031], [5.5000132623560525, 45.785724279111], [5.49361282370711, 45.785442747735935], [5.488717971565579, 45.7863570954479], [5.485328705931458, 45.78846732224689], [5.483444920445419, 45.79177371327634], [5.483066615107464, 45.79627626853625], [5.482688229111185, 45.80077880437254], [5.482309762456585, 45.805281320785184], [5.483626768091158, 45.808728773350154], [5.486639246014905, 45.81112116206745], [5.491347302737466, 45.812458201609616], [5.497750938258844, 45.812739891976655], [5.502459553947823, 45.814076653297064], [5.505473149804403, 45.81646848557084], [5.508487007512612, 45.818860226249264], [5.511501127072451, 45.821251875332344], [5.5162106601265055, 45.82258777169967], [5.522615606674779, 45.82286791535127], [5.529020614090982, 45.823147659044906], [5.535425682375115, 45.8234270027806], [5.541830811355599, 45.823705946546404], [5.548236001032431, 45.823984490342326], [5.5531330030989094, 45.823067556946086], [5.5565218175550335, 45.820955146357676], [5.5599103605351665, 45.8188426178753], [5.563298632039309, 45.81672997149894], [5.568194950007577, 45.81581209415873], [5.574599314439968, 45.8160889858547], [5.579495124404135, 45.81517077767151], [5.582882379900075, 45.81305746960918], [5.584760976628699, 45.80974934712485], [5.5851309145900085, 45.80524641021853], [5.583807758006113, 45.801800153341276], [5.580791506877013, 45.79941057649309], [5.576082265419382, 45.7980773943353], [5.569680033633222, 45.7978006068679], [5.563277862082531, 45.797523419630636], [5.5568757507673086, 45.79724583262351], [5.551980935546809, 45.79816319480418], [5.548593416421032, 45.80027550617265], [5.5452056260552665, 45.80238769965228], [5.541817564449514, 45.80449977524305], [5.536922066042954, 45.80541619375568], [5.530519130835587, 45.805136955190164], [5.525810759461173, 45.80380170511021], [5.522796951919711, 45.80141044351581], [5.521477602660306, 45.79796345572209], [5.521852711682959, 45.79346074172906], [5.52053385044234, 45.7900136658008], [5.51752101893845, 45.78762222793734], [5.51281432281001, 45.78628614295384]]]}}, {"type": "Feature", "properties": {"band": "light", "dbz": 30.0, "source": "OPERA-ORD", "time": "20260725155000"}, "geometry": {"type": "Polygon", "coordinates": [[[7.053537044481139, 45.816216551800615], [7.050208578607998, 45.81837840229638], [7.048420599392227, 45.821713344433576], [7.048173106833824, 45.82622137821221], [7.047925561413661, 45.830729393719295], [7.04767796313174, 45.83523739095483], [7.047430311956129, 45.83974536993263], [7.0471826078868265, 45.84425333065268], [7.046934850891877, 45.8487612731288], [7.046687040971279, 45.853269197361], [7.048104884189588, 45.85669626723402], [7.051188380546804, 45.85904248274787], [7.05427214221733, 45.861388602155905], [7.057356169201166, 45.86373462545814], [7.0587747089542, 45.867161580180436], [7.058527761476429, 45.871669466322786], [7.059946808871613, 45.875096324489945], [7.063031851139751, 45.877442154681916], [7.0677829579329, 45.87870666968288], [7.074200129251059, 45.87888986949284], [7.0806173405059685, 45.87907266814477], [7.087034591697627, 45.87925506563868], [7.09190849558903, 45.87826472272603], [7.095239052180177, 45.876101639406826], [7.097026192551812, 45.87276610292398], [7.097269916703936, 45.8682581132775], [7.095848899821807, 45.86483168244359], [7.0927631419054284, 45.86248681042225], [7.089677649382499, 45.86014184218189], [7.08659242225302, 45.85779677772252], [7.0835074604472, 45.85545161706879], [7.08042276396504, 45.85310636022068], [7.075673441345652, 45.85184218374529], [7.069259492589035, 45.85165908764262], [7.064510723558256, 45.850394623188926], [7.061427134253315, 45.8480487903842], [7.061550207841344, 45.84579479310288], [7.064879944322342, 45.84363263134499], [7.068209409408686, 45.841470356163626], [7.071538603100377, 45.83930796755881], [7.0716616241213455, 45.837053952038254], [7.068578472471591, 45.83470830960194], [7.065495585823438, 45.83236257105668], [7.062412964176884, 45.83001673640245], [7.060994863606458, 45.826589784823184], [7.061241284112157, 45.8220817163189], [7.059823690128182, 45.81865466818825], [7.056742081654534, 45.816308640431245], [7.053537044481139, 45.816216551800615]]]}}, {"type": "Feature", "properties": {"band": "light", "dbz": 30.0, "source": "OPERA-ORD", "time": "20260725155000"}, "geometry": {"type": "Polygon", "coordinates": [[[5.693497148919339, 45.77597046027931], [5.687097045991405, 45.77570102186938], [5.682206517710505, 45.776624653571744], [5.678825564076636, 45.77874135538641], [5.676954083319863, 45.78205141258743], [5.676592075440184, 45.786554825174804], [5.677921077169616, 45.78999991226579], [5.680941088508158, 45.79238667386038], [5.685652211306112, 45.79371482456605], [5.692054445563482, 45.793984364382815], [5.696946141107256, 45.79306049803927], [5.700327297937436, 45.7909432255354], [5.70219781462771, 45.787632832286356], [5.702557691178077, 45.78312931829214], [5.701227522185771, 45.77968446584234], [5.698207307650795, 45.77729827493696], [5.693497148919339, 45.77597046027931]]]}}, {"type": "Feature", "properties": {"band": "light", "dbz": 30.0, "source": "OPERA-ORD", "time": "20260725155000"}, "geometry": {"type": "Polygon", "coordinates": [[[5.665251202827314, 45.648246103777765], [5.658866318158017, 45.64797498110492], [5.6539869470261985, 45.64889744765547], [5.650613089431858, 45.651013503429425], [5.647238962499868, 45.653129441931426], [5.643864566230226, 45.65524526316149], [5.6389845136567365, 45.65616678973844], [5.6325988047793984, 45.65589402166229], [5.626213154836504, 45.65562085495841], [5.619827563828054, 45.655347289626775], [5.6134420319237, 45.65507332567899], [5.607056559123441, 45.654798963115056], [5.602175649542407, 45.655718938699835], [5.598799303180598, 45.65783325243334], [5.5969274170230525, 45.66114218861647], [5.596559991069772, 45.66564574724924], [5.59788126790321, 45.66909217479891], [5.600891247523368, 45.671481471265494], [5.603901487391905, 45.673870676051706], [5.606911987508822, 45.67625978915755], [5.608233898324293, 45.679706111769455], [5.607867219838321, 45.68420964388742], [5.607500463335367, 45.688713156515526], [5.6071336288154345, 45.69321664965376], [5.608456174231963, 45.69666286732598], [5.611468099584955, 45.699051809532186], [5.6144802855485265, 45.70144065999224], [5.617492732122678, 45.703829418706135], [5.620505439378743, 45.706218085650505], [5.623518407316721, 45.708606660825346], [5.628220926747878, 45.70993748604662], [5.6346129976722175, 45.71021056131433], [5.6410051275905575, 45.71048323749772], [5.6473973165029, 45.71075551459679], [5.6521007455695935, 45.71208547541551], [5.655115414790637, 45.71447311995389], [5.656441222075821, 45.71791873298035], [5.656078167425145, 45.7224223144949], [5.657404462585071, 45.725867838674716], [5.660420107555601, 45.72825530551979], [5.665125204336928, 45.72958443013208], [5.671519752929053, 45.72985521251158], [5.67640594764341, 45.728932236035426], [5.679783788479998, 45.72681550070362], [5.683161359049878, 45.724698648043955], [5.686538659353051, 45.722581678056414], [5.689735755719972, 45.72271645768111], [5.692752648150641, 45.72510298691804], [5.695769801678791, 45.72748942414293], [5.698787216304423, 45.72987576935578], [5.703493373077874, 45.731203135314736], [5.709888271999145, 45.73147152201979], [5.716283228967232, 45.73173950942289], [5.722678243982133, 45.73200709752403], [5.7273853095890015, 45.73333359797907], [5.7304044257878335, 45.73571901078801], [5.733423803291503, 45.73810433146345], [5.736443442100006, 45.74048956000537], [5.739463342284677, 45.74287469639029], [5.742483503845515, 45.74525974061818], [5.745503926853864, 45.747644692665546], [5.748524611309725, 45.750029552532396], [5.753233697950738, 45.75135462838918], [5.759631186776901, 45.751619920235896], [5.764517801268832, 45.75069275721464], [5.767893541426532, 45.7485731393254], [5.76975830762367, 45.74526135173868], [5.770112099860246, 45.74075739445445], [5.770465816766331, 45.73625341789216], [5.770819458341922, 45.73174942205179], [5.771173024632317, 45.72724540692013], [5.771526515637515, 45.72274137249717], [5.770193275312957, 45.71929721600342], [5.7671733036586454, 45.71691293743887], [5.764153593113846, 45.71452856667209], [5.76113414367856, 45.712144103703054], [5.758114955281616, 45.70975954855526], [5.755096027923015, 45.707374901228704], [5.750390535041581, 45.70604965706345], [5.743998476637316, 45.705783816059494], [5.737606475826068, 45.70551757595386], [5.731214532607837, 45.705250936746566], [5.726331227884649, 45.70617678327021], [5.722956561656503, 45.708295115524784], [5.71958162537404, 45.710413330604524], [5.716206419037259, 45.712531428509436], [5.71301026867661, 45.712397497703506], [5.709993174292093, 45.710011538186734], [5.7086638768678535, 45.70656662754809], [5.709022376403896, 45.70206276578758], [5.707693567110265, 45.6986177660222], [5.704677448986965, 45.696231628251944], [5.701661591591867, 45.69384539848491], [5.69864599492497, 45.69145907672112], [5.697317824242434, 45.688013971364136], [5.69767707954426, 45.683510082413974], [5.6980362584426825, 45.679006174039785], [5.698395360937702, 45.674502246241566], [5.69706782824386, 45.6710570352956], [5.694053660361157, 45.66867054120188], [5.689352958177331, 45.66734247946862], [5.682965721692379, 45.667072850095835], [5.678265573900188, 45.66574450971376], [5.675252514800757, 45.663357458322395], [5.67392644313182, 45.659911980377814], [5.674287358893378, 45.65540807587999], [5.672961773871108, 45.65196250900186], [5.669949688065011, 45.649575279743416], [5.665251202827314, 45.648246103777765]]]}}, {"type": "Feature", "properties": {"band": "light", "dbz": 30.0, "source": "OPERA-ORD", "time": "20260725155000"}, "geometry": {"type": "Polygon", "coordinates": [[[17.770693562005704, 45.480376729686284], [17.764348089710708, 45.4808616069068], [17.75974977086728, 45.48234632065666], [17.756898605475413, 45.48483087093585], [17.75579477274608, 45.48831553599587], [17.75643827267927, 45.4928003158367], [17.757081908451795, 45.49728507207841], [17.75772568006366, 45.50176980472101], [17.759795741291583, 45.505012206490484], [17.763292092135558, 45.50701227738684], [17.768214553134584, 45.50776973898476], [17.77456312428866, 45.50728459128423], [17.779163003238054, 45.50579945324526], [17.782014189982753, 45.503314324867844], [17.783116864383523, 45.49982948453757], [17.78247102644035, 45.495344932254454], [17.781825324761922, 45.49086035633273], [17.781179759348234, 45.48637575677242], [17.77910930701934, 45.48313366551319], [17.77561396777525, 45.48113408255509], [17.770693562005704, 45.480376729686284]]]}}, {"type": "Feature", "properties": {"band": "light", "dbz": 30.0, "source": "OPERA-ORD", "time": "20260725155000"}, "geometry": {"type": "Polygon", "coordinates": [[[17.477455037427518, 45.49329896431012], [17.47110593689918, 45.4937655924419], [17.46649888705915, 45.495237138690754], [17.463633887907434, 45.497713603056646], [17.462511112088045, 45.501195264404586], [17.46313055960098, 45.505682122734584], [17.463750137968173, 45.51016895789989], [17.46436984718962, 45.5146557699005], [17.466422767324296, 45.51790429626257], [17.469908898372196, 45.51991453698611], [17.474828067448183, 45.5206862130313], [17.481180274552244, 45.52021932439813], [17.485788898061976, 45.51874735884876], [17.488653937977382, 45.5162703163832], [17.489775567585415, 45.512788476002925], [17.48915378688607, 45.508301837707954], [17.488532137468553, 45.50381517621021], [17.487910619332855, 45.4993284915097], [17.48585729212168, 45.49608027443064], [17.48237215583502, 45.494070524973026], [17.477455037427518, 45.49329896431012]]]}}, {"type": "Feature", "properties": {"band": "light", "dbz": 30.0, "source": "OPERA-ORD", "time": "20260725155000"}, "geometry": {"type": "Polygon", "coordinates": [[[5.427524933683847, 45.655960761495976], [5.433909773943762, 45.656246336351224], [5.4386033843844945, 45.65758609778678], [5.44160576500604, 45.65998004580267], [5.44460840540835, 45.662373902606504], [5.447611305591428, 45.66476766819829], [5.452305827965429, 45.66610656798022], [5.458691972530354, 45.6663906019523], [5.463576137616472, 45.66547772650337], [5.46695832322378, 45.663367941633425], [5.468838423138575, 45.66006153157355], [5.469216437360857, 45.65555849632374], [5.4679038879988395, 45.6521103800634], [5.464900775052522, 45.6497171827925], [5.460207204651973, 45.64837862039755], [5.453823176797191, 45.64809469287853], [5.449130161135152, 45.64675585331499], [5.446128157665858, 45.64436210170695], [5.44312641375862, 45.6419682589055], [5.440124929413438, 45.63957432491064], [5.437123704559021, 45.63718029974555], [5.434122739195368, 45.634786183410235], [5.431122033251202, 45.63239197592783], [5.428121586726523, 45.629997677298334], [5.426049150986609, 45.63555488950478], [5.424904726031461, 45.64906361254715], [5.427524933683847, 45.655960761495976]]]}}, {"type": "Feature", "properties": {"band": "light", "dbz": 30.0, "source": "OPERA-ORD", "time": "20260725155000"}, "geometry": {"type": "Polygon", "coordinates": [[[5.526289544604476, 45.62417583320007], [5.519908081659852, 45.623896047949934], [5.515028446674526, 45.62481189492774], [5.511650639648499, 45.6269233741335], [5.509774555699812, 45.63023076954994], [5.509400194828464, 45.63473408117708], [5.509025754389501, 45.63923737315648], [5.508651234382922, 45.64374064548814], [5.509966450824816, 45.64718822745347], [5.512971403715185, 45.649580119052494], [5.517666198083693, 45.65091603611965], [5.524050833930341, 45.651195978654954], [5.530435530067938, 45.65147552265618], [5.536820286496484, 45.65175466812334], [5.54170174255554, 45.65083802776307], [5.545079898245106, 45.64872560157538], [5.546954649249285, 45.64541767376669], [5.547325995568076, 45.64091424433698], [5.5460087930506825, 45.63746705408838], [5.543003041697107, 45.6350761030209], [5.539997549989798, 45.63268506049633], [5.536992317928758, 45.630293926514675], [5.533987345442876, 45.627902701099174], [5.530982632532151, 45.62551138424981], [5.526289544604476, 45.62417583320007]]]}}, {"type": "Feature", "properties": {"band": "light", "dbz": 30.0, "source": "OPERA-ORD", "time": "20260725155000"}, "geometry": {"type": "Polygon", "coordinates": [[[17.407097081159687, 45.43613042385054], [17.40423232676767, 45.43860534187938], [17.401367321975645, 45.441080176913154], [17.398502066783617, 45.443554928951855], [17.395636561117765, 45.446029597974714], [17.392770804978092, 45.44850418398173], [17.391644284180686, 45.45198526058564], [17.39225699872555, 45.45647282778642], [17.394303108099482, 45.459723059103844], [17.397782612302482, 45.46173595453792], [17.402695340596697, 45.46251123533894], [17.409041292982124, 45.46204890150689], [17.413646976373066, 45.46058016291293], [17.416512390769512, 45.45810501955706], [17.41763770730998, 45.45462375015114], [17.41702292599446, 45.45013635469518], [17.41640827435127, 45.445648936054376], [17.41579375238041, 45.441161494228716], [17.41374723313516, 45.43791157119594], [17.41026871661552, 45.43589916695606], [17.407097081159687, 45.43613042385054]]]}}, {"type": "Feature", "properties": {"band": "light", "dbz": 30.0, "source": "OPERA-ORD", "time": "20260725155000"}, "geometry": {"type": "Polygon", "coordinates": [[[5.605069595407982, 45.600479465783586], [5.59869058573779, 45.6002046150498], [5.593814493283594, 45.60112427054924], [5.59044131804539, 45.60323843228193], [5.588570957097454, 45.60654738413944], [5.588203410439788, 45.61105112612179], [5.589522979630147, 45.61449781302698], [5.592529664668533, 45.61688744485502], [5.597223568561629, 45.618219737596895], [5.603604691309435, 45.6184946912526], [5.608481943059334, 45.61757480325237], [5.611855323811325, 45.615460073596196], [5.613724730977406, 45.61215078631598], [5.614090164557577, 45.607646941411716], [5.612769436071517, 45.60420048700731], [5.6097625455192235, 45.60181142310276], [5.605069595407982, 45.600479465783586]]]}}, {"type": "Feature", "properties": {"band": "light", "dbz": 30.0, "source": "OPERA-ORD", "time": "20260725155000"}, "geometry": {"type": "Polygon", "coordinates": [[[6.938167093962431, 45.5588144745135], [6.931788228143012, 45.55862291237595], [6.926940062690041, 45.559606268677584], [6.923622597603519, 45.56176454341839], [6.921835761153294, 45.56509802135869], [6.921579553339366, 45.5696067024985], [6.9197921570170395, 45.572940048746396], [6.916473572186313, 45.575098060102405], [6.911623870804091, 45.576080451696065], [6.905243052870372, 45.575887223527374], [6.900522056926741, 45.574615007765566], [6.897460882973199, 45.57226380441064], [6.894399970449898, 45.569912505811644], [6.891339319356838, 45.56756111196857], [6.888149237666556, 45.56746390913359], [6.884829725379053, 45.569620897306706], [6.883040222158996, 45.572953658852754], [6.8827807280063835, 45.57746219377175], [6.882521178703062, 45.581970709935995], [6.8822615742490285, 45.58647920734548], [6.8820019146111795, 45.59098768601399], [6.881742199789516, 45.59549614594152], [6.881482429750904, 45.60000458714183], [6.881222604495348, 45.60451300961492], [6.8809627239896844, 45.609021413374585], [6.880702788233916, 45.613529798420814], [6.8804427971948545, 45.61803816476737], [6.8801827508725015, 45.62254651241427], [6.881584454022786, 45.625976476644446], [6.884647906645704, 45.62832805745791], [6.8893731816866195, 45.62960096961585], [6.895760279145531, 45.62979521311828], [6.900486102737476, 45.63106783955894], [6.903550652462456, 45.633418848937836], [6.904953855764939, 45.63684852652378], [6.904695712644926, 45.64135687231675], [6.904437514592263, 45.645865199467515], [6.9041792616069495, 45.65037350797607], [6.905583148661814, 45.65380307105229], [6.908649175756858, 45.656153888696146], [6.913377415378786, 45.65742567544574], [6.919767867527598, 45.65761843130106], [6.926158361222438, 45.65781078790293], [6.932548896463302, 45.658002745251366], [6.937405599883105, 45.6570194663346], [6.940728471481844, 45.654860951152635], [6.944051074037265, 45.65270232254778], [6.947373407549371, 45.65054358052002], [6.95222939289752, 45.64955937179424], [6.95861903008171, 45.64974969637045], [6.965008708271289, 45.64993962174343], [6.971398427466257, 45.65012914791318], [6.9762536943321845, 45.64914400960994], [6.979574508869072, 45.64698420683369], [6.982895054477416, 45.64482429076541], [6.9862153311572195, 45.642664261405116], [6.991069879130988, 45.64167819375608], [6.997458698398724, 45.641866087818315], [7.003847558131738, 45.64205358272787], [7.010236458330028, 45.642240678484725], [7.014965996974871, 45.64350801486911], [7.018036174066264, 45.645855591881045], [7.021106613743351, 45.648203073186764], [7.024177316006132, 45.65055045878627], [7.0272482809235495, 45.65289774865527], [7.030319508495604, 45.65524494279376], [7.03339099879125, 45.65759204117737], [7.036462751810488, 45.65993904380611], [7.039534767622284, 45.66228595065566], [7.042607046226637, 45.66463276172599], [7.045679587692526, 45.666979476992765], [7.04875239201995, 45.66932609645599], [7.053484999881363, 45.67059140915025], [7.059877411276761, 45.67077541507556], [7.064732888366979, 45.669786093999726], [7.068051431152016, 45.66762344592274], [7.071369704783584, 45.66546068477647], [7.074687709261686, 45.663297810560884], [7.078005444643801, 45.66113482330415], [7.081322910929929, 45.65897172300628], [7.083103328551987, 45.65563577182361], [7.083346697509974, 45.65112696975616], [7.0835900146903, 45.64661814915593], [7.083833280092964, 45.6421093100229], [7.08407649374908, 45.637600452343264], [7.084319655658649, 45.633091576116996], [7.082905199264925, 45.629664302797565], [7.07983312456791, 45.62731863238497], [7.076761312297531, 45.624972866126626], [7.073689762453789, 45.62262700402255], [7.072275995927958, 45.619199614834464], [7.072520012720039, 45.61469069856238], [7.0727639776338025, 45.610181763694555], [7.073007890669249, 45.605672810230985], [7.071594813349462, 45.60224530518667], [7.0685247456744404, 45.59989924856161], [7.063797756165354, 45.59863435519756], [7.0574138448222055, 45.59845062509453], [7.051029973130515, 45.59826649617969], [7.044646141090283, 45.59808196845307], [7.038262348872209, 45.597897041922465], [7.031878596476292, 45.59771171658787], [7.027152803564261, 45.596445357601795], [7.0240849701361165, 45.594097964964234], [7.022675026686578, 45.590669823780985], [7.0229229732156435, 45.586160934052074], [7.021513530305911, 45.58273269661747], [7.01844669795738, 45.580385111477156], [7.013722545791089, 45.57911789365169], [7.007341073807037, 45.578931043141054], [7.000959642104827, 45.578743793998775], [6.994578250684459, 45.57855614622487], [6.988196899716339, 45.57836809982726], [6.981815589200469, 45.57817965480594], [6.9754343193072375, 45.577990811168895], [6.9690530900366445, 45.57780156891611], [6.964330461340103, 45.57653229764749], [6.961266433217614, 45.574182997363046], [6.958202666659699, 45.57183360164865], [6.955139161666359, 45.56948411050431], [6.952075918168898, 45.56713452395421], [6.949012936167317, 45.56478484199834], [6.94595021559293, 45.562435064660875], [6.942887756445737, 45.5600851919418], [6.938167093962431, 45.5588144745135]]]}}, {"type": "Feature", "properties": {"band": "light", "dbz": 30.0, "source": "OPERA-ORD", "time": "20260725155000"}, "geometry": {"type": "Polygon", "coordinates": [[[17.39022343769692, 45.41809702199632], [17.383882453045352, 45.418558137847484], [17.379279356359877, 45.42002578341991], [17.376414147640485, 45.42249995871358], [17.37528699689737, 45.4259809422084], [17.37589790413052, 45.430468733904355], [17.37650894024334, 45.43495650244972], [17.377120105235832, 45.43944424784451], [17.37916458460122, 45.44269485302827], [17.38264237833951, 45.444708318001], [17.38581421010709, 45.44447785036421], [17.388680079903963, 45.44200345011788], [17.39154569925634, 45.43952896684067], [17.394411068164228, 45.43705440053256], [17.397276186701415, 45.43457975121432], [17.40014105486791, 45.432105018885956], [17.40126700310167, 45.42862384249067], [17.400654031402706, 45.42413622202849], [17.39860914167059, 45.42088592486573], [17.395132333905334, 45.4188729510024], [17.39022343769692, 45.41809702199632]]]}}, {"type": "Feature", "properties": {"band": "light", "dbz": 30.0, "source": "OPERA-ORD", "time": "20260725155000"}, "geometry": {"type": "Polygon", "coordinates": [[[17.292310386791243, 45.34473164782834], [17.289444990760956, 45.34720353889132], [17.2865793451095, 45.34967534673641], [17.28371344983689, 45.35214707136362], [17.280847304869837, 45.35461871275222], [17.277980910208363, 45.35709027090221], [17.2768485353237, 45.36057042779767], [17.277450180215858, 45.36505918343861], [17.27948553735599, 45.36831211790033], [17.282954606744084, 45.370329231182836], [17.286423941327506, 45.37234621907183], [17.28989354110625, 45.37436308156732], [17.29336340612612, 45.37637981863941], [17.296833536387105, 45.378396430288085], [17.301737099718036, 45.37917675686456], [17.308074096118904, 45.37872079836884], [17.31441099579886, 45.37826444566518], [17.320747798757896, 45.377807698753585], [17.325348812150224, 45.37634290658295], [17.328214035975837, 45.373870069153256], [17.329343638648297, 45.370389464728035], [17.328737620167594, 45.36590109330731], [17.326699504649163, 45.362649098223784], [17.323229292092993, 45.36063347947747], [17.319759344568524, 45.35861773525534], [17.316289662075754, 45.356601865557415], [17.312820244569007, 45.354585870413565], [17.309351092048285, 45.35256974982379], [17.305882204467906, 45.35055350381799], [17.302413581827867, 45.348537132396146], [17.298945224082484, 45.346520635588135], [17.295477131231753, 45.34450401339395], [17.292310386791243, 45.34473164782834]]]}}, {"type": "Feature", "properties": {"band": "light", "dbz": 30.0, "source": "OPERA-ORD", "time": "20260725155000"}, "geometry": {"type": "Polygon", "coordinates": [[[17.631157252795642, 45.30960451045679], [17.624830520534257, 45.310080514610235], [17.620242602837347, 45.31155901045547], [17.61739349970492, 45.31403999799248], [17.616283385669185, 45.31752375451089], [17.616912260730146, 45.32201028001067], [17.617541268135614, 45.32649678187094], [17.61817040788559, 45.330983260091685], [17.620224802396617, 45.33422919037454], [17.623704451668697, 45.33623457271953], [17.628609180926905, 45.33699912966406], [17.634938990171236, 45.336522861208124], [17.63952846164569, 45.33504394565909], [17.64237759535026, 45.33256238301694], [17.6434865664559, 45.329078450705566], [17.642855374962597, 45.324592148724946], [17.642224316235314, 45.320105823066335], [17.64159339027405, 45.31561947372973], [17.639538600201647, 45.31237385139109], [17.636059946018104, 45.31036895605041], [17.631157252795642, 45.30960451045679]]]}}, {"type": "Feature", "properties": {"band": "light", "dbz": 30.0, "source": "OPERA-ORD", "time": "20260725155000"}, "geometry": {"type": "Polygon", "coordinates": [[[5.439708002593365, 45.49264791870695], [5.4430800436620395, 45.49053852653074], [5.446451817417465, 45.48842901681214], [5.449823323859641, 45.48631938955116], [5.4531945630416185, 45.48420964477656], [5.456565534963397, 45.48209978248833], [5.458439479975347, 45.478792990855524], [5.45881639807747, 45.47428926987811], [5.45750835492292, 45.47084050651232], [5.454515350511697, 45.468446700758136], [5.451522603527061, 45.46605280400955], [5.448530113969014, 45.463658816266545], [5.445537881767089, 45.46126473755211], [5.442545906921288, 45.45887056786625], [5.440292935138547, 45.466680765966245], [5.438778966418868, 45.48469533185212], [5.439708002593365, 45.49264791870695]]]}}, {"type": "Feature", "properties": {"band": "light", "dbz": 30.0, "source": "OPERA-ORD", "time": "20260725155000"}, "geometry": {"type": "Polygon", "coordinates": [[[6.79255289778928, 45.42786655841246], [6.786189808932931, 45.42766595999371], [6.781350700428055, 45.428642561549694], [6.7780355722746535, 45.430796363080404], [6.77472017780012, 45.4329500511295], [6.771404517004452, 45.435103625696975], [6.768088589831689, 45.43725708675484], [6.76477239628183, 45.43941043430311], [6.764638446585257, 45.44166479981607], [6.767686740741969, 45.4440201832937], [6.770735294557903, 45.44637547206436], [6.773784108033055, 45.448730666128036], [6.77517474307352, 45.45216260953561], [6.774907199679294, 45.4566713022871], [6.776298329340998, 45.460103150847864], [6.7793481320586295, 45.46245815521792], [6.782398194682005, 45.46481306482232], [6.785448517211126, 45.4671678796611], [6.7868403201395315, 45.47059961422815], [6.786573603467223, 45.475108268523485], [6.787965901577124, 45.4785399081743], [6.7910172144692345, 45.48089453318056], [6.79406878751389, 45.48324906336245], [6.797120620711089, 45.485603498719954], [6.8001727141293955, 45.487957839229125], [6.80322506776881, 45.49031208488995], [6.807936560367174, 45.491588842335204], [6.814307191924487, 45.49178811156487], [6.819151119317248, 45.49081023935943], [6.822468342545456, 45.48865522571889], [6.825785298774774, 45.48650009862938], [6.829101988005202, 45.4843448580909], [6.833945206101983, 45.48336605829089], [6.840314953065118, 45.48356369922935], [6.845157661776799, 45.482584577912135], [6.848473332237027, 45.480428694339246], [6.848604347214296, 45.478174293096764], [6.84555070670861, 45.475821374184704], [6.842497326354366, 45.47346836031123], [6.839444206151564, 45.47111525147637], [6.838048841089118, 45.467684276605965], [6.838311231167028, 45.46317543570001], [6.836916361690754, 45.459744365634116], [6.833864232660301, 45.45739106640829], [6.829154917541467, 45.45611525408019], [6.822788416334252, 45.4559169286498], [6.818079645550739, 45.45464083191115], [6.815028605190928, 45.452286963864225], [6.813635221404562, 45.448855608421184], [6.81389949419164, 45.44434676558201], [6.812506605279212, 45.44091531508293], [6.809456554667277, 45.438561256923954], [6.806406763686775, 45.43620710395811], [6.8033572323377065, 45.43385285618541], [6.800307960551743, 45.431498513629755], [6.797258948328884, 45.429144076291145], [6.79255289778928, 45.42786655841246]]]}}, {"type": "Feature", "properties": {"band": "light", "dbz": 30.0, "source": "OPERA-ORD", "time": "20260725155000"}, "geometry": {"type": "Polygon", "coordinates": [[[18.534076019048946, 45.11045173678745], [18.527778971142283, 45.110983691082026], [18.523230906877142, 45.11250262859731], [18.520431826253514, 45.11500854933329], [18.519381922209384, 45.11850172749885], [18.52008119474475, 45.122982163093994], [18.52218051254648, 45.126209589498835], [18.52567987561458, 45.12818400671339], [18.530579090862094, 45.12890514041965], [18.536878158289024, 45.12837299061761], [18.541427039109298, 45.12685368110648], [18.54422573332291, 45.12434721188625], [18.545274434401946, 45.120853857232305], [18.54457314234641, 45.116373617144625], [18.54247300798955, 45.11314656273563], [18.538974031331367, 45.11117269400532], [18.534076019048946, 45.11045173678745]]]}}, {"type": "Feature", "properties": {"band": "light", "dbz": 30.0, "source": "OPERA-ORD", "time": "20260725155000"}, "geometry": {"type": "Polygon", "coordinates": [[[6.733795286926161, 45.344683624755305], [6.727442073425642, 45.34447939595691], [6.722609316455001, 45.34545331380611], [6.719297016014237, 45.347605378302916], [6.715984450264828, 45.349757329306556], [6.712671619206773, 45.35190916681704], [6.709358522784538, 45.354060890806466], [6.706045160998121, 45.356212501274854], [6.7027315337919875, 45.358363998194264], [6.6994176411661375, 45.360515381564724], [6.696103483065035, 45.36266665135831], [6.69278905948868, 45.36481780757503], [6.6926524177559825, 45.36707221200964], [6.695693557866943, 45.36942986466213], [6.698734956598841, 45.371787422914906], [6.701776613951677, 45.37414488676797], [6.704818529993666, 45.37650225619757], [6.707860704724809, 45.378859531203695], [6.710903138213335, 45.38121671176261], [6.713945830459243, 45.38357379787431], [6.715331177193068, 45.387006726146836], [6.715059178414812, 45.39151549658017], [6.7147871220424795, 45.39602424786816], [6.714515008076072, 45.40053298001082], [6.715901023359793, 45.4039657946181], [6.718945167893643, 45.406322691690015], [6.723647517637134, 45.40760338774303], [6.730008072590265, 45.40780788277715], [6.73636867105996, 45.40801198069218], [6.742729313046219, 45.40821568148814], [6.749089998380972, 45.40841898515648], [6.755450727064219, 45.40862189169721], [6.760288289607424, 45.407646708875774], [6.763602686010588, 45.40549343669215], [6.763736934045081, 45.40323901373447], [6.760691033710906, 45.400883440002744], [6.757645392461848, 45.39852777165501], [6.754600010297908, 45.3961720086913], [6.753211744400357, 45.392739685014845], [6.753480594769195, 45.388230800625635], [6.753749388241812, 45.38372189710249], [6.754018124818208, 45.37921297444542], [6.75428680453234, 45.374704032640665], [6.754555427384207, 45.37019507168823], [6.753168008096331, 45.36676261475392], [6.750124546668712, 45.364406661837734], [6.747081343862715, 45.36205061438549], [6.744038399678342, 45.35969447239717], [6.742651649268357, 45.35626190147594], [6.74292109263276, 45.3517529016218], [6.741534834155326, 45.34832023605967], [6.738492873836055, 45.345963904789556], [6.733795286926161, 45.344683624755305]]]}}, {"type": "Feature", "properties": {"band": "echo", "dbz": 35.0, "source": "OPERA-ORD", "time": "20260725155000"}, "geometry": {"type": "Polygon", "coordinates": [[[7.058584380669424, 56.07355440323836], [7.054743840989772, 56.07121662636647], [7.050903759563527, 56.06887873232807], [7.047064136390687, 56.066540721123175], [7.043224971319087, 56.06420259279655], [7.039386264348726, 56.06186434734819], [7.035548015327476, 56.059525984822876], [7.031710224255333, 56.0571875052206], [7.027872890980204, 56.05484890858608], [7.024036015502087, 56.052510194919336], [7.020199597668922, 56.05017136426506], [7.0163636374807075, 56.047832416623265], [7.014618321017387, 56.04441979554482], [7.014963648278961, 56.03993350102973], [7.0153088815892986, 56.03544720395284], [7.0156540209484, 56.03096090431414], [7.013909898061103, 56.027548185939835], [7.010076512927409, 56.0252090488299], [7.006243584640677, 56.022869794867425], [7.002411113200906, 56.02053042405241], [7.000668182433424, 56.01711760844158], [7.001014792338229, 56.01263134803494], [6.999272732470665, 56.009218426745825], [6.995442002830733, 56.006878844574246], [6.991611729487923, 56.004539145662015], [6.987781912442239, 56.002199330009155], [6.986041042383926, 55.9987863116192], [6.986389119312985, 55.994300090492146], [6.986737101666672, 55.98981386670965], [6.987084989444986, 55.985327640271706], [6.985345307745347, 55.98191452483976], [6.981518056567759, 55.97957452041382], [6.977691260892465, 55.9772343993816], [6.973864920719468, 55.9748941617431], [6.972126425930163, 55.97148094932784], [6.9724757765245515, 55.96699476213581], [6.972825032271571, 55.96250857223491], [6.973174193171221, 55.95802237962511], [6.9735232592989655, 55.95353618429328], [6.973872230654805, 55.949049986239395], [6.972135238721761, 55.94563668532987], [6.968312283499835, 55.94329628156473], [6.964489782742276, 55.9409557613499], [6.960667736449085, 55.93861512468538], [6.956846144469489, 55.9362743716155], [6.953025006803488, 55.93393350214026], [6.947118118593393, 55.932664891926734], [6.939125479839204, 55.932468540974924], [6.933042491702256, 55.93344259951507], [6.928869154182552, 55.93558706754717], [6.92469535248689, 55.93773139392153], [6.920521086615271, 55.93987557863816], [6.916346356444639, 55.94201962164604], [6.912171161974993, 55.94416352294519], [6.907995503083278, 55.94630728248457], [6.903819379769492, 55.94845090026417], [6.899642791910579, 55.95059437623298], [6.895465739506538, 55.95273771039099], [6.891288222434311, 55.95488090268711], [6.887110240693897, 55.95702395312135], [6.882931794162236, 55.95916686164262], [6.87875288283933, 55.961309628250916], [6.878573195626233, 55.963552583532326], [6.882392732522947, 55.96589572748685], [6.886212724333387, 55.968238755254674], [6.890033171057555, 55.970581666835805], [6.8938540728468904, 55.97292446218596], [6.897675429701392, 55.975267141305125], [6.901497241772538, 55.977609704148996], [6.905319509060326, 55.97995215071755], [6.909142231716267, 55.98229448096647], [6.912965409740361, 55.98463669489575], [6.916789043284151, 55.98697879246101], [6.92061313234764, 55.98932077366226], [6.920434994565551, 55.9915637719765], [6.916254629937886, 55.99370778740374], [6.912073799497389, 55.99585166090175], [6.907892503244058, 55.997995392470536], [6.905623110988058, 56.001310239710534], [6.905265622729386, 56.00579620262174], [6.906999704639592, 56.009210325341776], [6.910825356718679, 56.011552607870634], [6.914651465055446, 56.01389477396785], [6.918478029649895, 56.01623682363341], [6.9202132963689795, 56.019650850120705], [6.919857265212698, 56.02413685342971], [6.921593401598655, 56.02755077485641], [6.925421705526851, 56.02989261440077], [6.92925046626329, 56.03223433740193], [6.933079683807969, 56.03457594385988], [6.934817007307774, 56.03798976891976], [6.934462436762703, 56.0424758125816], [6.932192333269573, 56.04579102756876], [6.928006696828386, 56.04793541388126], [6.923820593047601, 56.05007965810897], [6.919634021927222, 56.05222376025186], [6.915446983342989, 56.05436772025861], [6.9112594772949, 56.0565115381292], [6.907071503658694, 56.05865521381223], [6.9028830624343716, 56.06079874730769], [6.9006094154944595, 56.06411347688692], [6.900250562838961, 56.06859940254991], [6.940179515010721, 56.07181259695463], [7.020396272009739, 56.07375306010108], [7.058584380669424, 56.07355440323836]]]}}, {"type": "Feature", "properties": {"band": "echo", "dbz": 35.0, "source": "OPERA-ORD", "time": "20260725155000"}, "geometry": {"type": "Polygon", "coordinates": [[[9.598232220937572, 56.106415338631116], [9.598278805945892, 56.10192452376292], [9.600321955893467, 56.09856280206177], [9.604361670780296, 56.096330173527676], [9.608400919458854, 56.09409741395719], [9.61243970192914, 56.091864523350324], [9.612462509938753, 56.089619112381975], [9.608469343487695, 56.087361181052145], [9.602457261732884, 56.086219309806275], [9.594426264674324, 56.08619349864437], [9.58839092020046, 56.087296649808344], [9.584351228311295, 56.089528763298205], [9.58230717145305, 56.092890225319906], [9.58225874962572, 56.09738103587344], [9.580213754363143, 56.10074236439161], [9.576172185665316, 56.10297421087441], [9.572155306208947, 56.10296052567536], [9.568163115994034, 56.100701308794456], [9.56619216290982, 56.09732629861861], [9.566242446956306, 56.092835495147824], [9.564272417406585, 56.08946035855024], [9.560282074260662, 56.087200888825855], [9.554271436157517, 56.08605669977405], [9.54624050309715, 56.08602779139483], [9.53820958150801, 56.085998366817215], [9.530178671390097, 56.085968426041205], [9.52416945135463, 56.08482308093305], [9.520181921401619, 56.08256233149273], [9.516194855817215, 56.08030145470096], [9.512208254601425, 56.07804045055773], [9.50822211761204, 56.07577931911078], [9.50423644484906, 56.07351806036011], [9.500251236170305, 56.07125667435344], [9.496266491575774, 56.068995161090776], [9.49026056112946, 56.067847894033825], [9.482233444831365, 56.0678148731826], [9.476197771270463, 56.06891260469371], [9.472153540446755, 56.07114108856717], [9.468108843867595, 56.07336944091449], [9.464063681532986, 56.075597661735685], [9.458026638971461, 56.07669422534343], [9.44999771618302, 56.07665913173773], [9.441968807268701, 56.07662352208267], [9.433939912228501, 56.07658739637826], [9.425911031464453, 56.07655075462739], [9.417882164976556, 56.076513596830054], [9.411843310743452, 56.07760821558743], [9.407794468765141, 56.079834610899525], [9.405735613998477, 56.08319316882107], [9.405666746443462, 56.08768388935208], [9.407623230367834, 56.091061417138704], [9.411605065771592, 56.09332575218093], [9.415587365716878, 56.09558996026324], [9.419570130203684, 56.097854041385624], [9.42152797258294, 56.101231444521666], [9.421460892854647, 56.10572216967136], [9.465622746851226, 56.108140835700965], [9.554013534572682, 56.10848744261047], [9.598232220937572, 56.106415338631116]]]}}, {"type": "Feature", "properties": {"band": "echo", "dbz": 35.0, "source": "OPERA-ORD", "time": "20260725155000"}, "geometry": {"type": "Polygon", "coordinates": [[[7.131687224992415, 56.0359303300475], [7.12367254886453, 56.03574577146638], [7.117578044979478, 56.036728807169105], [7.113403713337261, 56.03887943715568], [7.111149431877433, 56.04219804555304], [7.1108152005999905, 56.0466846323612], [7.112569059985972, 56.05009592810704], [7.116411010035377, 56.05243193279057], [7.120253418066843, 56.054767820087385], [7.12409628408037, 56.057103589997496], [7.12793960822769, 56.05943924247604], [7.131783390508805, 56.06177477752303], [7.1357930770021545, 56.06186685889962], [7.1399686677077385, 56.05971548660582], [7.142221818902495, 56.056396461838126], [7.142552530586424, 56.05190978459656], [7.142883152257538, 56.04742310491491], [7.143213683915837, 56.042936422793204], [7.141457853072829, 56.03952546363378], [7.137615659728516, 56.03719022743663], [7.131687224992415, 56.0359303300475]]]}}, {"type": "Feature", "properties": {"band": "echo", "dbz": 35.0, "source": "OPERA-ORD", "time": "20260725155000"}, "geometry": {"type": "Polygon", "coordinates": [[[9.571524427974424, 55.97833319771411], [9.563515734242923, 55.97830540799327], [9.555507051471185, 55.97827710366887], [9.547498379659206, 55.978248284740914], [9.539489719205452, 55.97821895121169], [9.531481070109917, 55.97818910308119], [9.52546071670996, 55.97928922782223], [9.521428659005577, 55.9815193254348], [9.519384876908303, 55.98487978078627], [9.519329370418138, 55.989370593876636], [9.521290817789218, 55.99274636211322], [9.525269219021549, 55.99500708549603], [9.529248082242148, 55.99726768176602], [9.533227407451015, 55.99952815092321], [9.53320009442843, 56.001773557303345], [9.529166143174393, 56.004003900906426], [9.525131728138376, 56.00623411344798], [9.521096849320378, 56.00846419492801], [9.517061506583481, 56.010694145297904], [9.513025699927692, 56.012923964557665], [9.506999793951243, 56.01402290445829], [9.498983788654138, 56.01399096499977], [9.492956961553519, 56.01508951408439], [9.488919312649385, 56.01731855171214], [9.486870820431518, 56.02067846318414], [9.48681148489992, 56.02516924850039], [9.488771900824851, 56.028545519230164], [9.492752068206315, 56.03080727537346], [9.496732698520198, 56.03306890442279], [9.5007137917665, 56.03533040637816], [9.50267556630618, 56.038706551465694], [9.502618022139242, 56.04319733968539], [9.504580716053827, 56.0465733590038], [9.508563648049932, 56.048834609420936], [9.512547043514235, 56.051095732620304], [9.516530902446735, 56.053356728601905], [9.520515224989296, 56.055617597318076], [9.524500011141921, 56.0578783387688], [9.528485261046496, 56.060138952906414], [9.532470974703022, 56.06239943973091], [9.534436871470712, 56.06577508125568], [9.534382951349562, 56.07026587748071], [9.53634976956942, 56.07364139291064], [9.540337326130283, 56.07590162754548], [9.546345640606532, 56.07704619531386], [9.55437471299817, 56.07707509621579], [9.560409077055004, 56.07597387606266], [9.564448732777036, 56.073742534854475], [9.566493661551368, 56.07038145866686], [9.566543863377998, 56.06589064749982], [9.564575166926957, 56.0625155105688], [9.560587572198248, 56.060256047873786], [9.556600441283429, 56.057996457732244], [9.5526137741825, 56.055736740144184], [9.552639318988208, 56.053491334404896], [9.556677075700545, 56.051260240514395], [9.562707713323498, 56.05015861714964], [9.570731231857067, 56.050186464310634], [9.576736800630592, 56.05132986201488], [9.580724419644076, 56.05358881026239], [9.582694070999496, 56.05696369481418], [9.582645754696854, 56.06145451567025], [9.582597425219452, 56.06594533521721], [9.58254908256729, 56.070436153455056], [9.584520100897924, 56.07381091129533], [9.588510480211351, 56.07606960873804], [9.594520238036559, 56.07721185970224], [9.602549374373542, 56.07723766418791], [9.608582390973032, 56.076134116614995], [9.612619287835026, 56.073901216983494], [9.616655719135464, 56.07166818642581], [9.620691684874345, 56.06943502494195], [9.626723325347363, 56.068330311224315], [9.634750640554515, 56.06835404527291], [9.642777964803283, 56.06837726337748], [9.650805298093667, 56.06839996553801], [9.656835561629343, 56.067294086119695], [9.660868755410315, 56.06505962512252], [9.662904864926475, 56.06169696852862], [9.662943890177825, 56.057206116338], [9.662982904796237, 56.05271526283286], [9.663021908781712, 56.048224408013205], [9.665056603174609, 56.044861615325914], [9.669086987974925, 56.04262688477098], [9.67311690818022, 56.040392023630176], [9.677146363790492, 56.03815703190349], [9.679179644738262, 56.034794103229785], [9.679216751023535, 56.03030323760908], [9.679253847206406, 56.02581237063278], [9.67929093328687, 56.021321502300864], [9.679328009273, 56.01683063259916], [9.679365075164796, 56.012339761527656], [9.677389277571056, 56.00896639305618], [9.673400616491783, 56.00671052718471], [9.667399105685547, 56.005571778688044], [9.659384745152344, 56.00555014756617], [9.65338416408451, 56.004411015251044], [9.649397362482041, 56.00215438174268], [9.647424325638989, 55.99878063224887], [9.64746505355535, 55.99428976676961], [9.645492936178211, 55.99091589042141], [9.641507973507569, 55.98865900320427], [9.635510180633261, 55.987518720118445], [9.62749955755529, 55.987495041163946], [9.621480490716054, 55.988599802765], [9.617452980115557, 55.99083300492161], [9.615417009709294, 55.99419503262998], [9.615372579497265, 55.99868588589011], [9.613335676853344, 56.00204778063291], [9.609306301777533, 56.00428071685836], [9.60328447073015, 56.00538430936592], [9.5952701837112, 56.0053585581556], [9.589247430942429, 56.00646176073565], [9.585216212423838, 56.00869391710606], [9.583176510729267, 56.01205541247781], [9.583128325858716, 56.016546246850886], [9.583080127865951, 56.021037079843865], [9.583031916750976, 56.02552791145675], [9.58099079791626, 56.0288892697351], [9.576956771361804, 56.03112115467892], [9.572947326584872, 56.031107497755244], [9.568962463585462, 56.02884829896405], [9.566995064701345, 56.02547328728753], [9.567045129932517, 56.02098246272567], [9.56507865057917, 56.01760732479271], [9.561095626641306, 56.01534787348868], [9.55711306525632, 56.01308829488165], [9.553130966424217, 56.010828588971634], [9.553156441750986, 56.00858317642339], [9.557189491236628, 56.00635205723693], [9.563213138713515, 56.00525040325906], [9.57122738418165, 56.00527821448978], [9.57725011030146, 56.00417617032086], [9.58128131707295, 56.00194427075229], [9.583320986680956, 55.99858290097871], [9.583369119125486, 55.99409206100013], [9.583417238479193, 55.98960121959887], [9.58346534474208, 55.985110376774934], [9.581499242115187, 55.98173548966586], [9.577518930598512, 55.979476558271635], [9.571524427974424, 55.97833319771411]]]}}, {"type": "Feature", "properties": {"band": "echo", "dbz": 35.0, "source": "OPERA-ORD", "time": "20260725155000"}, "geometry": {"type": "Polygon", "coordinates": [[[12.185306961217034, 56.02280540212718], [12.177292413533115, 56.02294556713095], [12.171344075647822, 56.02417262024613], [12.167461947561156, 56.02648656147274], [12.165646121097785, 56.0298877754272], [12.165896596257708, 56.0343762621095], [12.16614713962994, 56.03886474681318], [12.166397751214479, 56.043353229538255], [12.168590781648222, 56.04668471564647], [12.172726230931168, 56.04885920513784], [12.178804007069786, 56.04987631308037], [12.186824110064073, 56.049736039474055], [12.194844158325374, 56.04959525066717], [12.202864151853685, 56.04945394665972], [12.20881505812038, 56.04822568278307], [12.212696877125456, 56.04591045903723], [12.212569221264399, 56.043666264018256], [12.208432090537212, 56.04149309772614], [12.204295426447146, 56.039319793018294], [12.200159228994206, 56.037146349894726], [12.197964041420974, 56.0338154211825], [12.197709863727445, 56.029327006881616], [12.19551563992526, 56.025995929704706], [12.191381370014415, 56.023822189651774], [12.185306961217034, 56.02280540212718]]]}}, {"type": "Feature", "properties": {"band": "echo", "dbz": 35.0, "source": "OPERA-ORD", "time": "20260725155000"}, "geometry": {"type": "Polygon", "coordinates": [[[7.075010490614208, 55.935736730495705], [7.067016665285378, 55.9355485888619], [7.059022912740833, 55.935359934093015], [7.051029232980573, 55.93517076618907], [7.044948677694737, 55.93615029919897], [7.040781246883325, 55.938298533122726], [7.036613351861467, 55.940446625846306], [7.032444992629164, 55.94259457736971], [7.028276169062733, 55.94474238764203], [7.024106881162176, 55.946890056663264], [7.021850509731598, 55.95020706464264], [7.021507054770998, 55.95469341158016], [7.023249163248124, 55.95810594859411], [7.027076835162976, 55.960444675684485], [7.032990195731363, 55.96170920973658], [7.040989244953289, 55.9618995507504], [7.046903557532331, 55.963163723505765], [7.050733133468489, 55.96550172800267], [7.052477848415819, 55.96891394739709], [7.05213770237432, 55.97340038168901], [7.053883286937907, 55.97681249507573], [7.057714602106581, 55.97915028755724], [7.061546373059246, 55.98148796310138], [7.065378599795901, 55.98382552170815], [7.069211282467517, 55.986162963332994], [7.073044421074094, 55.98850028797593], [7.078963496808935, 55.98976265258733], [7.08696850967204, 55.98995005716721], [7.0928885386584035, 55.99121205981746], [7.0967235837680285, 55.99354866053805], [7.098473522366343, 55.99696024287513], [7.098138354453351, 56.00144680682868], [7.09988916505039, 56.004858282753275], [7.103725954157461, 56.00719467064892], [7.109648844138749, 56.00845558675016], [7.117657834994253, 56.008641031056996], [7.123747508479898, 56.007658257508524], [7.127917864595683, 56.00550726610472], [7.130168781925166, 56.00218844063845], [7.130500260468346, 55.99770178110968], [7.128747483358384, 55.994290641074315], [7.12491045059528, 55.99195502053233], [7.12107387408493, 55.989619282765005], [7.117237753827334, 55.987283427772354], [7.11548617425021, 55.98387218923373], [7.115819135353558, 55.97938556714912], [7.114068427190403, 55.97597422209178], [7.110234049760743, 55.97363815406171], [7.106400128036166, 55.9713019689185], [7.10256666201667, 55.96896566666215], [7.102733467229384, 55.96672236369579], [7.106900543674307, 55.96457206001941], [7.111067155260781, 55.96242161534654], [7.115233301988807, 55.96027102967721], [7.117482584806956, 55.95695241804228], [7.1178150037152275, 55.95246578044174], [7.116065269112124, 55.94905445953259], [7.112233380997646, 55.94671845531484], [7.106319460843469, 55.94545738476489], [7.098323508649594, 55.945271247882786], [7.092410539012158, 55.94400981564248], [7.088580551931159, 55.941673088043984], [7.084751019612651, 55.939336243511704], [7.080921942056633, 55.93699928204564], [7.075010490614208, 55.935736730495705]]]}}, {"type": "Feature", "properties": {"band": "echo", "dbz": 35.0, "source": "OPERA-ORD", "time": "20260725155000"}, "geometry": {"type": "Polygon", "coordinates": [[[9.37860166128466, 56.022431505132474], [9.370584026550704, 56.02239131345469], [9.36455226215824, 56.02348365347977], [9.360506368107268, 56.02570852520771], [9.358446317440023, 56.029066314016546], [9.358372110156509, 56.033557019906276], [9.36032177731261, 56.0369352952264], [9.364295318908322, 56.039201139976925], [9.370292761928981, 56.04035416857311], [9.378314106374583, 56.04039438101496], [9.384347752115435, 56.039301665887564], [9.388393699151536, 56.03707602319091], [9.390451921455703, 56.033717838515685], [9.390522419027942, 56.02922711186187], [9.388570870523454, 56.025849211644065], [9.384597275942243, 56.023584137862265], [9.37860166128466, 56.022431505132474]]]}}, {"type": "Feature", "properties": {"band": "echo", "dbz": 35.0, "source": "OPERA-ORD", "time": "20260725155000"}, "geometry": {"type": "Polygon", "coordinates": [[[9.891803835216953, 56.00596835137981], [9.883789318061027, 56.005961140931106], [9.877774726142997, 56.00707826940882], [9.873760059462866, 56.00931973681296], [9.869744929370263, 56.01156107456835], [9.865729335865186, 56.01380228267497], [9.859713360523894, 56.01491825024737], [9.851697003346384, 56.014908977285536], [9.84568010291325, 56.01602455694819], [9.841662659224493, 56.01826498923533], [9.837644751821482, 56.02050529171076], [9.833626380704215, 56.022745464374495], [9.829607545734152, 56.02498550717822], [9.825588246911295, 56.02722542012195], [9.823568393102349, 56.0305908279741], [9.823547984307318, 56.035081730734674], [9.82553815258272, 56.038452678457965], [9.829538897928549, 56.04070367114397], [9.835550227621741, 56.04183432312233], [9.843572141662296, 56.04184463439302], [9.849592754888043, 56.04072944798875], [9.853612067298982, 56.03848876390951], [9.857630915514811, 56.036247950024936], [9.861649299535529, 56.03400700633503], [9.867668527860646, 56.032890657937045], [9.875688600490163, 56.032898904830965], [9.881706902539346, 56.031782168462186], [9.885723434008195, 56.0295404488307], [9.8897395015845, 56.027298599557], [9.893755105268262, 56.025056620641095], [9.897770245198336, 56.022814512131205], [9.901784921374723, 56.020572274027344], [9.90379781946677, 56.01720569523929], [9.903808939474478, 56.01271477576702], [9.901813648057479, 56.00934497617422], [9.897811945215771, 56.00709629646085], [9.891803835216953, 56.00596835137981]]]}}, {"type": "Feature", "properties": {"band": "echo", "dbz": 35.0, "source": "OPERA-ORD", "time": "20260725155000"}, "geometry": {"type": "Polygon", "coordinates": [[[9.18768539668836, 55.94947525139607], [9.179682989782329, 55.949422802847906], [9.17168060334566, 55.949369840170796], [9.163678237378354, 55.94931636336474], [9.155675892277618, 55.949262372433964], [9.147673568043448, 55.94920786737846], [9.1416469087469, 55.950289435056376], [9.137595914387967, 55.952507075467715], [9.133544457162627, 55.954724583366044], [9.129492537070876, 55.95694195875138], [9.125440153978273, 55.95915920157486], [9.121387307884817, 55.96137631183649], [9.11931006559299, 55.96473013555402], [9.119208427102786, 55.96922067272746], [9.119106760972192, 55.97371120836263], [9.119005067201206, 55.97820174245956], [9.120931196150377, 55.98158373309356], [9.124885147819707, 55.98385718026465], [9.130866959202756, 55.98502169913261], [9.13887663029952, 55.98507728969744], [9.144859375718074, 55.98624142936755], [9.148815195458415, 55.98851411814292], [9.152771476288674, 55.99078668138102], [9.156728218208851, 55.99305911908183], [9.16271239195129, 55.99422211081271], [9.17072399751599, 55.994275656573656], [9.178735623634516, 55.994328687542925], [9.186747270306867, 55.99438120372052], [9.19277914784472, 55.99329774818419], [9.196831256248071, 55.99107832093395], [9.200882900846842, 55.98885876130929], [9.204934081641031, 55.986639069310186], [9.208939472494016, 55.98666455191752], [9.212899073405799, 55.98893520913127], [9.216859135545407, 55.991205740541986], [9.220819658912845, 55.99347614614965], [9.224780643650526, 55.99574642590716], [9.22874208975845, 55.99801657981448], [9.232703997379058, 56.00028660782447], [9.236666366512353, 56.00255650993712], [9.242654378191109, 56.003715666118005], [9.250668032415327, 56.00376407636711], [9.25665697805389, 56.004922852221426], [9.260621215106795, 56.007191993680955], [9.264585913991125, 56.009461009082244], [9.26855107470688, 56.01172989842529], [9.274541445010417, 56.012887524309726], [9.282557024901735, 56.01293388673555], [9.288548329358939, 56.014091131931096], [9.292515358382024, 56.01635925989637], [9.29247411521617, 56.01860458966274], [9.288424599861372, 56.02082712123021], [9.28437461991817, 56.0230495206781], [9.280324175386562, 56.02527178800641], [9.280282909755991, 56.027517116351156], [9.284250823026458, 56.02978550571237], [9.29024444110731, 56.03094237822722], [9.29826376399855, 56.030987733895735], [9.30429820292147, 56.02989888902725], [9.30834775787607, 56.027675843621765], [9.312396848144111, 56.02545266618065], [9.316445473725594, 56.0232293567039], [9.322478555266288, 56.02213934349905], [9.330496092766193, 56.0221826265661], [9.338513646871755, 56.022225394404934], [9.34653121758297, 56.022267647015546], [9.352562940914167, 56.021176465913335], [9.356608816865348, 56.01895185109829], [9.358668818094888, 56.01559418793099], [9.35874294460279, 56.01110347641147], [9.358817050940965, 56.00661276346324], [9.358891137109417, 56.00212204908632], [9.356943684622589, 55.99874365084719], [9.352974693480487, 55.99647756874586], [9.349006163976053, 55.994211360262696], [9.345038096109288, 55.99194502539771], [9.341070489738325, 55.989678564198194], [9.33710334486316, 55.98741197666413], [9.33309780878653, 55.98739061204739], [9.329053881508436, 55.989614470347995], [9.325009490574065, 55.99183819680435], [9.320964635983415, 55.99406179141647], [9.316959116664009, 55.99403991203822], [9.312992932615838, 55.99177255866957], [9.311049618007829, 55.988393538421555], [9.311129172839976, 55.983902851294175], [9.309186771143933, 55.980523706975454], [9.305222412919699, 55.97825610546539], [9.301258515732666, 55.9759883778289], [9.297295079582835, 55.97372052406597], [9.295354019522621, 55.970341256412894], [9.295435335552028, 55.965850574869684], [9.29349518712597, 55.96247118331557], [9.289533574244444, 55.960203081750564], [9.283550526809814, 55.959045885590875], [9.275546044822075, 55.95899959483649], [9.269521445931511, 55.960087348902086], [9.265476730138124, 55.962309147787664], [9.261431551369336, 55.96453081465785], [9.257385909625148, 55.96675234951264], [9.25135996081989, 55.96783893676735], [9.243353704953561, 55.967790576421976], [9.237326840490159, 55.96887677125805], [9.233279367429684, 55.97109752127559], [9.22923143110519, 55.973318139114035], [9.225183031516673, 55.975538624773385], [9.221179470154278, 55.97551366977194], [9.217220747018004, 55.9732432741097], [9.21528666244826, 55.96986276633056], [9.215377216445047, 55.96537214643452], [9.213444042047593, 55.961991515408755], [9.209487139255895, 55.95972087325327], [9.205530696798885, 55.95745010542515], [9.201574714676564, 55.95517921192443], [9.197619192746897, 55.95290819279809], [9.193664131009884, 55.95063704804613], [9.18768539668836, 55.94947525139607]]]}}, {"type": "Feature", "properties": {"band": "echo", "dbz": 35.0, "source": "OPERA-ORD", "time": "20260725155000"}, "geometry": {"type": "Polygon", "coordinates": [[[9.7636812476022, 55.98782757736025], [9.755670503263676, 55.98781213443989], [9.749655045149169, 55.9889230836828], [9.745634873258677, 55.99116042508896], [9.743609976961952, 55.99452454367295], [9.743580356258992, 55.9990154394348], [9.745561747119906, 56.00238766658903], [9.749554149544691, 56.00464122513565], [9.755557574174388, 56.00577572985374], [9.763572021008999, 56.005791180743294], [9.769589340529532, 56.00467985036609], [9.77360953273599, 56.002441738722126], [9.775632587942841, 55.99907723103462], [9.775658506150084, 55.99458632730356], [9.773675253883145, 55.99121448128363], [9.769682831142024, 55.988961692974826], [9.7636812476022, 55.98782757736025]]]}}, {"type": "Feature", "properties": {"band": "echo", "dbz": 35.0, "source": "OPERA-ORD", "time": "20260725155000"}, "geometry": {"type": "Polygon", "coordinates": [[[9.058998225678227, 55.975517273303026], [9.050990628542898, 55.97545655202439], [9.044957202064339, 55.97653343239509], [9.040897946242545, 55.97874791441511], [9.038812820714101, 55.98210038279537], [9.038701825479004, 55.98659083753587], [9.040621382719763, 55.98997405919911], [9.044571492436383, 55.992250047785106], [9.050552195033553, 55.99341841837695], [9.058563490511276, 55.99347917097464], [9.06459880606836, 55.99240192144508], [9.068658141704807, 55.99018666978826], [9.070741457969563, 55.98683380093008], [9.070848754862627, 55.98234331487053], [9.068927308543342, 55.97896046236615], [9.064977119011708, 55.97668524341695], [9.058998225678227, 55.975517273303026]]]}}, {"type": "Feature", "properties": {"band": "echo", "dbz": 35.0, "source": "OPERA-ORD", "time": "20260725155000"}, "geometry": {"type": "Polygon", "coordinates": [[[9.683720194402206, 55.96968644970313], [9.675713218223645, 55.96966586985136], [9.669698284468318, 55.970772961789315], [9.665675393136222, 55.97300772551699], [9.663644530235793, 55.9763705458181], [9.663605695767023, 55.98086142269265], [9.663566850733043, 55.98535229813905], [9.663527995133853, 55.98984317215729], [9.665501977730937, 55.993216669165136], [9.669488798524299, 55.99547278916258], [9.673494594359418, 55.99548334313123], [9.677519365236298, 55.99324833107109], [9.681543672919165, 55.991013188625764], [9.685567517408021, 55.988777915795254], [9.689573321224074, 55.988787954946766], [9.693561084367325, 55.99104330608031], [9.697549309689283, 55.99329852941786], [9.701537997189948, 55.99555362495941], [9.705543808587924, 55.995563149292195], [9.70956674388321, 55.99332710241622], [9.713589216030464, 55.99109092528775], [9.717611225029685, 55.9888546179068], [9.721632771018474, 55.98661818032168], [9.725653853996832, 55.984381612532374], [9.725670039555903, 55.98213616586983], [9.721681327695686, 55.97988184033405], [9.715682544193907, 55.97874541422691], [9.707673689050562, 55.97872688754839], [9.701675833267299, 55.977590077505695], [9.697688976844116, 55.975334984098836], [9.693702582097266, 55.97307976295381], [9.689716649026748, 55.97082441407062], [9.683720194402206, 55.96968644970313]]]}}, {"type": "Feature", "properties": {"band": "echo", "dbz": 35.0, "source": "OPERA-ORD", "time": "20260725155000"}, "geometry": {"type": "Polygon", "coordinates": [[[9.091657902527158, 55.94881193671531], [9.083655753169005, 55.948753318749716], [9.077627380106417, 55.94983178691925], [9.073572783339396, 55.95204734122391], [9.071491923950067, 55.95540036605853], [9.071384801938432, 55.9598908614231], [9.073305901407654, 55.96327358729], [9.077255222357733, 55.965548543659224], [9.083232803746302, 55.966715345930254], [9.091238645573362, 55.96677399410308], [9.097268903332534, 55.96569515653516], [9.101323577023816, 55.96347883322649], [9.103402628641003, 55.96012540878624], [9.103506058184095, 55.95563488321443], [9.10158307401829, 55.952252526745916], [9.097633676143586, 55.949978339380706], [9.091657902527158, 55.94881193671531]]]}}, {"type": "Feature", "properties": {"band": "echo", "dbz": 35.0, "source": "OPERA-ORD", "time": "20260725155000"}, "geometry": {"type": "Polygon", "coordinates": [[[6.79023808202505, 55.892755484345784], [6.782254329728831, 55.892549086771226], [6.776173619920331, 55.89351548634387], [6.7719959525995534, 55.895654683063725], [6.769721192546621, 55.898967058941366], [6.769349339761537, 55.9034526139768], [6.771067236635206, 55.906868597268115], [6.774874883167627, 55.9092150088153], [6.778682982740859, 55.911561304771446], [6.782491535354905, 55.91390748513655], [6.786300541160836, 55.91625354986661], [6.790110000158654, 55.91859949896164], [6.794104206516959, 55.91870250770884], [6.7982831602357505, 55.91656257610825], [6.8005568311932105, 55.91324978270691], [6.800925219389339, 55.90876412750487], [6.801293507745404, 55.904278469357514], [6.801661696261406, 55.89979280826485], [6.799941832432846, 55.89637715407215], [6.7961339162597225, 55.89403150677942], [6.79023808202505, 55.892755484345784]]]}}, {"type": "Feature", "properties": {"band": "echo", "dbz": 35.0, "source": "OPERA-ORD", "time": "20260725155000"}, "geometry": {"type": "Polygon", "coordinates": [[[9.044086283687886, 55.930490619746784], [9.036087962056776, 55.930428948955836], [9.030061106755305, 55.93150511740154], [9.026005717783468, 55.93371912508391], [9.02392175426796, 55.93707135615759], [9.023809216208777, 55.94156181062257], [9.025725294672212, 55.94494526928922], [9.029669989658261, 55.94722173215753], [9.035643342081976, 55.94839081486745], [9.043645351943354, 55.94845251741897], [9.049674091779341, 55.94737598059163], [9.053729561589932, 55.94516120438546], [9.055811721409864, 55.941808573169595], [9.055920571239136, 55.93731808694403], [9.054002608241188, 55.93393499665901], [9.050057832416023, 55.931659302314515], [9.044086283687886, 55.930490619746784]]]}}, {"type": "Feature", "properties": {"band": "echo", "dbz": 35.0, "source": "OPERA-ORD", "time": "20260725155000"}, "geometry": {"type": "Polygon", "coordinates": [[[5.922853367518162, 55.787485942628], [5.91864055766538, 55.78959620840665], [5.914427287559543, 55.79170632886857], [5.91021355720065, 55.79381630401376], [5.904127149764495, 55.79473969942143], [5.896168065251079, 55.794476515091574], [5.888209081482496, 55.794212820503056], [5.880250198458748, 55.79394861565587], [5.874162624675751, 55.79487081139198], [5.869946360133506, 55.79697940771139], [5.869709883122593, 55.79922050506962], [5.873453193643011, 55.801594103466684], [5.8771969514654865, 55.80396759019834], [5.8809411565900165, 55.8063409652646], [5.882577044632368, 55.80976876103767], [5.882104615592543, 55.81425097751753], [5.881632058865605, 55.818733189991136], [5.8811593744515545, 55.82321539845845], [5.880686562249297, 55.827697602931764], [5.880213622258832, 55.832179803411066], [5.881850874387438, 55.83560752420999], [5.885598318635113, 55.837980765328545], [5.889346211208203, 55.84035389463663], [5.893094552106705, 55.842726912134246], [5.894732907089095, 55.84615454700583], [5.894261276155374, 55.8506367992514], [5.895900471184859, 55.854064337172254], [5.899650492177551, 55.8564371607684], [5.903635994131961, 55.85656871654102], [5.90785697704809, 55.8544590044901], [5.91207749797246, 55.8523491468517], [5.9162975569050715, 55.85023914362581], [5.9202831595604675, 55.8503701882659], [5.924034305938646, 55.85274228077198], [5.925675758100357, 55.85616951652588], [5.925207516045601, 55.86065189552762], [5.926849809393206, 55.86407903408415], [5.93060263814317, 55.86645093219547], [5.934355916138286, 55.86882271823986], [5.938109643378555, 55.871194392217326], [5.941863820017403, 55.873565954085024], [5.945618446054831, 55.875937403842954], [5.949606071893096, 55.87606749284164], [5.953826697532198, 55.87395622108107], [5.958046860634269, 55.87184480384923], [5.96226656119931, 55.86973324114611], [5.968363730747215, 55.86880676502416], [5.976338369277984, 55.86906537548339], [5.982434670115832, 55.868138481691254], [5.986652633260758, 55.866026083647775], [5.986883627417752, 55.86378477950783], [5.983127652586817, 55.86141456927144], [5.979372126959495, 55.85904424679183], [5.975617050535785, 55.856673812069005], [5.973970774514251, 55.85324730136165], [5.974433298894894, 55.84876471466975], [5.972787864679521, 55.84533810640622], [5.969034471868131, 55.84296747657105], [5.96317328873287, 55.8416524448018], [5.955204315273736, 55.84139301109848], [5.949344085615904, 55.84007762834075], [5.945592599759375, 55.83770629652861], [5.941841562341221, 55.83533485268724], [5.938090973361442, 55.832963296816644], [5.934340832667107, 55.83059162895953], [5.930591140258217, 55.8282198491159], [5.928949909181273, 55.82479275401545], [5.929417139436274, 55.82031034365817], [5.931758306750548, 55.81701378979826], [5.935973411124093, 55.81490309243571], [5.9401880546014265, 55.81279224975644], [5.944402237182548, 55.81068126176043], [5.944635208790806, 55.80844003395509], [5.940886969426202, 55.80606856634043], [5.937139177629221, 55.80369698679946], [5.9333918333998605, 55.80132529533219], [5.93175139803761, 55.79789823253233], [5.932217871542468, 55.793415798399884], [5.930578274332311, 55.78998863843491], [5.926832606407139, 55.78761675263742], [5.922853367518162, 55.787485942628]]]}}, {"type": "Feature", "properties": {"band": "echo", "dbz": 35.0, "source": "OPERA-ORD", "time": "20260725155000"}, "geometry": {"type": "Polygon", "coordinates": [[[9.110662458223366, 55.90515930556361], [9.106614408948612, 55.90737594808375], [9.104538809804811, 55.910729540123995], [9.104435660791957, 55.915220081684346], [9.102359125563318, 55.91857353670516], [9.098309204118891, 55.920789905186425], [9.094258820645369, 55.92300614110013], [9.09020797514275, 55.92522224444628], [9.088130000222439, 55.92857555618642], [9.08802489588443, 55.93306607632056], [9.089946135911049, 55.93644855229124], [9.09389372030229, 55.93872298409847], [9.09789342288459, 55.9387520248109], [9.101945243657951, 55.93653567442854], [9.105996602033876, 55.93431919146424], [9.110047498012364, 55.93210257591799], [9.116072220890999, 55.931022534351406], [9.12407077066978, 55.93107906676448], [9.130094581379922, 55.929998632135735], [9.134143653021425, 55.92778123046516], [9.136217949055736, 55.924427245935384], [9.13631746948285, 55.91993667854643], [9.134393375258664, 55.91655481916084], [9.130445666383173, 55.91428166777861], [9.126498416423058, 55.91200839119287], [9.122551625378318, 55.90973498940361], [9.118605293107146, 55.907461462457626], [9.114659419609543, 55.9051878103549], [9.110662458223366, 55.90515930556361]]]}}, {"type": "Feature", "properties": {"band": "echo", "dbz": 35.0, "source": "OPERA-ORD", "time": "20260725155000"}, "geometry": {"type": "Polygon", "coordinates": [[[9.028984821451186, 55.89444301804844], [9.020993912130367, 55.894380384081394], [9.014972217355215, 55.8954558295909], [9.010919737125727, 55.89766935457696], [9.006866795404534, 55.899882746712166], [9.002813392191637, 55.9020960059965], [8.998759527353837, 55.90430913238118], [8.994705200891136, 55.906522125866196], [8.99262001918931, 55.90987383836321], [8.992503982248358, 55.914364269872216], [8.994416029034799, 55.91774821293214], [8.998356159548631, 55.92002566754299], [9.00432441594936, 55.92119624968821], [9.012320798236985, 55.92125995936782], [9.018346194276539, 55.92018493354643], [9.022400604068022, 55.91797117222403], [9.026454551882216, 55.91575727805318], [9.030508037719123, 55.913543251033865], [9.034561061712209, 55.911329091214924], [9.038613623861474, 55.90911479859635], [9.040695131840838, 55.90576241049959], [9.040805585650304, 55.90127192692467], [9.038890678444176, 55.897888597610894], [9.034950410222454, 55.89561242255827], [9.028984821451186, 55.89444301804844]]]}}, {"type": "Feature", "properties": {"band": "echo", "dbz": 35.0, "source": "OPERA-ORD", "time": "20260725155000"}, "geometry": {"type": "Polygon", "coordinates": [[[17.26984190112651, 55.6939792507267], [17.261929004469888, 55.694445098667906], [17.256201215198242, 55.695910258707606], [17.252658533311575, 55.69837473084581], [17.25307293120917, 55.7006066261964], [17.257444408891022, 55.70260594475938], [17.26181634214957, 55.70460510513768], [17.26618873098481, 55.7066041073313], [17.27056157549344, 55.70860295128661], [17.274934875675466, 55.71060163700359], [17.278892567498396, 55.71036837152643], [17.28243465096223, 55.70790315485511], [17.283789851763323, 55.70443874452292], [17.28295816990167, 55.69997514052986], [17.280356334091838, 55.69674408558902], [17.27598434433383, 55.694745579700395], [17.26984190112651, 55.6939792507267]]]}}, {"type": "Feature", "properties": {"band": "echo", "dbz": 35.0, "source": "OPERA-ORD", "time": "20260725155000"}, "geometry": {"type": "Polygon", "coordinates": [[[17.298159694949938, 55.67425683794872], [17.290251051280883, 55.67472446944163], [17.284527116362067, 55.67619091721539], [17.280987890193487, 55.678656181270014], [17.279633672167385, 55.68212063350721], [17.280464462283753, 55.68658427392701], [17.28306575235512, 55.68981522304277], [17.28743754238148, 55.69181348085449], [17.291809787650067, 55.693811580403555], [17.296182488160888, 55.69580952168995], [17.300555644010366, 55.69780730466006], [17.304929255198502, 55.699804929313885], [17.311072866261956, 55.70056924239627], [17.318986477200717, 55.7001002439072], [17.324712395064772, 55.698632492654866], [17.328250619854117, 55.69616598863928], [17.329601453004784, 55.6927011039352], [17.328764894516777, 55.68823783854264], [17.326160110523226, 55.685007765531985], [17.321787101024128, 55.683010884903226], [17.317414546432616, 55.68101384593398], [17.31304244674869, 55.67901664862425], [17.308670801876158, 55.6770192930276], [17.304299611815033, 55.67502177914404], [17.298159694949938, 55.67425683794872]]]}}, {"type": "Feature", "properties": {"band": "echo", "dbz": 35.0, "source": "OPERA-ORD", "time": "20260725155000"}, "geometry": {"type": "Polygon", "coordinates": [[[17.359743621339085, 55.66157152332078], [17.351838167299224, 55.66204307439052], [17.343932535512824, 55.66251412073621], [17.336026725979885, 55.66298466235785], [17.330306133788262, 55.664453208311144], [17.32677075893796, 55.6669197585961], [17.325420902449945, 55.670384684860494], [17.32625656432422, 55.674847987104336], [17.328860799601415, 55.67807795458691], [17.33323360828154, 55.68007458730822], [17.339374689040536, 55.680837513429175], [17.347284041878403, 55.68036673294978], [17.355193216681975, 55.679895447496754], [17.363102213451242, 55.67942365707011], [17.368823565516234, 55.67795389249436], [17.372357272876947, 55.67548615376949], [17.373703638357597, 55.672020812615614], [17.37286266195819, 55.66755786903272], [17.370255717408618, 55.66432873487743], [17.365882804708882, 55.66233341014975], [17.359743621339085, 55.66157152332078]]]}}, {"type": "Feature", "properties": {"band": "echo", "dbz": 35.0, "source": "OPERA-ORD", "time": "20260725155000"}, "geometry": {"type": "Polygon", "coordinates": [[[8.715279080909394, 55.711931752711], [8.707325859386824, 55.71184901429855], [8.701323645003269, 55.71290930679716], [8.697272437758729, 55.71511263020684], [8.693220773712248, 55.717315820094875], [8.689168652863827, 55.71951887646125], [8.685116075083865, 55.721721799257416], [8.681063040372361, 55.723924588483364], [8.6770095485997, 55.72612724409052], [8.672955599765883, 55.7283297660789], [8.668901193741286, 55.730532154399874], [8.664846330525908, 55.73273440905346], [8.660791009990115, 55.73493652999102], [8.656735232133906, 55.73713851721254], [8.652678996827637, 55.73934037066941], [8.648622304071305, 55.74154209036163], [8.646516452946246, 55.74488798531693], [8.646361443452461, 55.74937805553533], [8.646206392069143, 55.75386812372372], [8.646051298796296, 55.758358189882095], [8.647925939781839, 55.76174741384486], [8.651830315025773, 55.764035795612], [8.657764480683092, 55.76522295320843], [8.665728436753795, 55.76530888663413], [8.673692425455513, 55.76539430873574], [8.681656446788251, 55.76547921951326], [8.689620500361848, 55.76556361896008], [8.697584586176308, 55.765647507076196], [8.705548703841444, 55.765730883855056], [8.713512853357262, 55.76581374929666], [8.7194494583579, 55.76699824890749], [8.723358518843366, 55.76928438268754], [8.725239981546821, 55.77267253266658], [8.725093846468269, 55.77716269884463], [8.724947671866692, 55.78165286306472], [8.72480145774209, 55.78614302532688], [8.726684208705613, 55.789531058736884], [8.73059592475726, 55.79181696329475], [8.736536658870005, 55.79300035665232], [8.744506411043849, 55.7930812388096], [8.750519391544513, 55.792019158328614], [8.754575600371998, 55.789814115209346], [8.756674985489425, 55.78646649181178], [8.756817546896793, 55.78197628813591], [8.758915997529641, 55.77862852515596], [8.762970337387966, 55.77642320287194], [8.768980618064942, 55.77535993912105], [8.776946839560567, 55.77543873390329], [8.78491309098013, 55.77551701718594], [8.792879372323629, 55.77559478896901], [8.800845683200436, 55.77567204924641], [8.80881202361055, 55.77574879801815], [8.814820580865602, 55.77468359573665], [8.818871354965594, 55.77247644240189], [8.820964296608032, 55.769127720191406], [8.82109940579291, 55.7646374291052], [8.8231914149613, 55.76128856790178], [8.827240324113198, 55.759081136581145], [8.831288775463026, 55.75687357214873], [8.835336769010784, 55.754665874604534], [8.837427336054176, 55.75131686675872], [8.837560476593204, 55.746826548611295], [8.839650112427247, 55.74347740196081], [8.8436962435563, 55.74126942680726], [8.847741917391938, 55.739061318670736], [8.851787133934158, 55.736853077551245], [8.851853194970712, 55.734607910756665], [8.847940100501596, 55.73232581828699], [8.842004883169665, 55.73114746844164], [8.834047542974911, 55.731072861220625], [8.828045839618706, 55.732139290698626], [8.823999773101047, 55.734346756875645], [8.819953249392686, 55.73655408998785], [8.815906268493624, 55.73876129003524], [8.809903255035884, 55.73982655492639], [8.801944209019467, 55.73974988466129], [8.79600956424178, 55.73856962417505], [8.792099320702823, 55.73628577346764], [8.78818953049089, 55.73400179949538], [8.78428019360598, 55.73171770225827], [8.780301170226757, 55.73167860565223], [8.776252460353216, 55.73388450967725], [8.772203293248378, 55.73609028044206], [8.768153668912241, 55.73829591794666], [8.764174675541527, 55.73825631043219], [8.76026631313624, 55.73597145789866], [8.758383181876493, 55.73258391790502], [8.758525281762289, 55.728093690451246], [8.756643039572479, 55.724706031419096], [8.752736455307064, 55.72242094080855], [8.746805580699712, 55.72123803711398], [8.738850415750422, 55.721157320335394], [8.732920464231698, 55.719974043417935], [8.729015726143539, 55.717688206361615], [8.725111440742264, 55.7154022463544], [8.721207608027873, 55.713116163396286], [8.715279080909394, 55.711931752711]]]}}, {"type": "Feature", "properties": {"band": "echo", "dbz": 35.0, "source": "OPERA-ORD", "time": "20260725155000"}, "geometry": {"type": "Polygon", "coordinates": [[[6.55144674927684, 55.69753439389816], [6.543503830351634, 55.69731279963557], [6.537447557719164, 55.69826761678162], [6.533277931379431, 55.70039884533631], [6.530994807940319, 55.703706864674416], [6.530598187401828, 55.70819167479593], [6.532287284672935, 55.71161089901649], [6.53606209975364, 55.713964537336096], [6.541922776181531, 55.71525221017967], [6.549869313956606, 55.715473917547214], [6.555927539018972, 55.71451877746265], [6.5600974513686285, 55.712386789925986], [6.562378908387943, 55.70907833454443], [6.562771910076915, 55.704593411317965], [6.561080860375911, 55.70117451003591], [6.557305759284932, 55.698821630698276], [6.55144674927684, 55.69753439389816]]]}}, {"type": "Feature", "properties": {"band": "echo", "dbz": 35.0, "source": "OPERA-ORD", "time": "20260725155000"}, "geometry": {"type": "Polygon", "coordinates": [[[13.527860586851734, 55.6053766517252], [13.519936548758029, 55.60560276243468], [13.514093420227166, 55.606893334033856], [13.510331201259145, 55.609248366522735], [13.508650036422337, 55.6126682381223], [13.509049925716734, 55.61715294883257], [13.509449922552893, 55.62163765587598], [13.509850026930808, 55.626122359252534], [13.508167733008545, 55.62954213852062], [13.504403040786107, 55.63189699368022], [13.50063790385633, 55.63425173513615], [13.496872322219211, 55.63660636288839], [13.493106295726342, 55.638960876894075], [13.489339824377723, 55.64131527715322], [13.4855729080249, 55.64366956362289], [13.481805546667875, 55.646023736303114], [13.480120438107267, 55.64944322054537], [13.480517582343074, 55.653928016349674], [13.482799308932861, 55.65723569734486], [13.486965617876628, 55.65936626353093], [13.493016365293375, 55.66031933601349], [13.500951551183107, 55.66009491479254], [13.506802680540888, 55.65880523906354], [13.510569753366717, 55.65645030882649], [13.512252914456784, 55.65303050294341], [13.511852163811087, 55.64854582141429], [13.513534482901992, 55.645125914355575], [13.517299871729504, 55.64277078176725], [13.521064815672403, 55.64041553551893], [13.524829314730692, 55.63806017561063], [13.528593369052917, 55.63570470208518], [13.53235697863908, 55.63334911494257], [13.536120143637687, 55.63099341422567], [13.539882864048737, 55.62863759993448], [13.541562372029736, 55.62521739865762], [13.54115866758068, 55.62073281039508], [13.540755071635603, 55.616248218433874], [13.540351584194509, 55.61176362277398], [13.538068031830118, 55.60845689280064], [13.53390441454243, 55.60632802851386], [13.527860586851734, 55.6053766517252]]]}}, {"type": "Feature", "properties": {"band": "echo", "dbz": 35.0, "source": "OPERA-ORD", "time": "20260725155000"}, "geometry": {"type": "Polygon", "coordinates": [[[8.637306595193696, 55.666180587878415], [8.62936277674346, 55.66609285609839], [8.621418991791954, 55.66600461444823], [8.61347524033918, 55.66591586292793], [8.60747750953788, 55.6669716179402], [8.603425799388049, 55.669171879485035], [8.601320052226448, 55.67251702833141], [8.601160268053079, 55.67700706447936], [8.603027246000234, 55.68039698128066], [8.606920986067916, 55.68268677873529], [8.610894205308274, 55.6827314265102], [8.614946903721307, 55.680530924605385], [8.618999146257341, 55.67833028898258], [8.623050932916371, 55.67612951964179], [8.627024185890047, 55.67617365735502], [8.630918905178367, 55.678462702122275], [8.632788144771242, 55.681852263081225], [8.632631904668669, 55.68634234023187], [8.634502028594536, 55.68973178325251], [8.638398516548843, 55.69202059214315], [8.644321424984577, 55.69320838580503], [8.652270753901737, 55.69329516423815], [8.658270930759832, 55.69223752714876], [8.662321955558863, 55.69003547453687], [8.662398734895737, 55.68779042037064], [8.658501268770456, 55.68550236465007], [8.654604254306426, 55.68321418636353], [8.65070769150365, 55.68092588551101], [8.648836580923662, 55.67753668323151], [8.648990922566465, 55.67304657952502], [8.647120696145604, 55.669657259195944], [8.643225901661078, 55.66736872224426], [8.637306595193696, 55.666180587878415]]]}}, {"type": "Feature", "properties": {"band": "echo", "dbz": 35.0, "source": "OPERA-ORD", "time": "20260725155000"}, "geometry": {"type": "Polygon", "coordinates": [[[8.52710528998985, 55.63796633313123], [8.519167390860742, 55.63787153599098], [8.511229527847354, 55.63777622941973], [8.503291700949681, 55.63768041341748], [8.497295311130761, 55.63873083193466], [8.493240358390592, 55.640927484971286], [8.491126780622368, 55.644270752900574], [8.490954577826086, 55.64876063572252], [8.49078232862715, 55.65325051629558], [8.49061003302556, 55.65774039461974], [8.49246659542083, 55.66113196603125], [8.49635201581296, 55.663425230530095], [8.50226635642154, 55.6646198074336], [8.51020961724657, 55.66471569674179], [8.516124880046872, 55.665909902955356], [8.520012144822445, 55.668202426074316], [8.52187135024267, 55.671593646809164], [8.521702496307542, 55.67608356515989], [8.523562583503708, 55.679474668860564], [8.527451611831166, 55.68176695791117], [8.53336964229592, 55.68296005139192], [8.54131667489797, 55.68305394930281], [8.547318285939918, 55.6820016907069], [8.551374475421762, 55.6798032756042], [8.553485183263978, 55.6764590849281], [8.553650409466568, 55.671969118678604], [8.553815591146243, 55.667479150234975], [8.553980728303003, 55.66298917959721], [8.554145820972003, 55.65849920675135], [8.554310869153241, 55.654009231697394], [8.552449680067738, 55.650618490123186], [8.548562253715495, 55.64832698202872], [8.544675277778895, 55.64603535192729], [8.54078875225794, 55.64374359981889], [8.5369026770117, 55.64145172574885], [8.533017052040169, 55.639159729717186], [8.52710528998985, 55.63796633313123]]]}}, {"type": "Feature", "properties": {"band": "echo", "dbz": 35.0, "source": "OPERA-ORD", "time": "20260725155000"}, "geometry": {"type": "Polygon", "coordinates": [[[8.590288074094756, 55.64768643872293], [8.582348083127279, 55.64759569405113], [8.576352310297096, 55.64864994492751], [8.572300755604205, 55.650849191352094], [8.570193360167318, 55.654193813858015], [8.570030123986433, 55.65868381244529], [8.57189357116489, 55.66207419949305], [8.57578370170269, 55.66436497500129], [8.581700574540811, 55.66555575823511], [8.589644189679253, 55.665646549194506], [8.59564183304355, 55.6645919408213], [8.599693504633702, 55.662391933115494], [8.601799146433912, 55.65904690682516], [8.601958758444182, 55.654556861950304], [8.60009344073161, 55.65116683239936], [8.5962031932962, 55.64887681817233], [8.590288074094756, 55.64768643872293]]]}}, {"type": "Feature", "properties": {"band": "echo", "dbz": 35.0, "source": "OPERA-ORD", "time": "20260725155000"}, "geometry": {"type": "Polygon", "coordinates": [[[5.744240168254426, 55.52057396790851], [5.740046781411137, 55.52267829665508], [5.735852941622943, 55.52478248037168], [5.731658648889842, 55.52688651905831], [5.727463903099369, 55.52899041266426], [5.723268704251522, 55.53109416118952], [5.720927952624855, 55.53438686121413], [5.720441648219368, 55.53886851273809], [5.719955213404125, 55.54335015966173], [5.719468648179127, 55.54783180198507], [5.721081087391233, 55.55126162451355], [5.724792531040441, 55.55363962724718], [5.730603154316509, 55.5549654336234], [5.738512957219438, 55.555239043642196], [5.744566144298909, 55.554323617587166], [5.7487627155549195, 55.5522191554583], [5.752958833122947, 55.55011454824771], [5.757154497002992, 55.54800979595541], [5.761349707307858, 55.54590489863215], [5.765544464037545, 55.54379985627795], [5.767882315260875, 55.54050640552491], [5.768363260977848, 55.53602454637303], [5.766747721573986, 55.53259524284072], [5.763035697049287, 55.530218494927986], [5.759324112156733, 55.527841636519256], [5.755612966896326, 55.52546466761451], [5.751902261118609, 55.523087588255414], [5.748191994823584, 55.52071039844196], [5.744240168254426, 55.52057396790851]]]}}, {"type": "Feature", "properties": {"band": "echo", "dbz": 35.0, "source": "OPERA-ORD", "time": "20260725155000"}, "geometry": {"type": "Polygon", "coordinates": [[[6.979771422205237, 55.51095631427026], [6.971864010727434, 55.51076230570081], [6.9658471586132675, 55.51173819622052], [6.961720865862736, 55.51388398582939], [6.95759412054475, 55.516029635476556], [6.953466922659307, 55.51817514516202], [6.949339272087582, 55.52032051483617], [6.945211168829573, 55.52246574449902], [6.942973417125465, 55.525781502651625], [6.942626016975257, 55.53026778929398], [6.9443435645858305, 55.53368148595552], [6.948126059957184, 55.53602259263624], [6.953973628177238, 55.53729073141516], [6.9618862692459915, 55.53748590229228], [6.967906765980261, 55.53651049506381], [6.972035118380045, 55.53436450972974], [6.97616301772236, 55.532218384426606], [6.980290464007204, 55.53007211915441], [6.984417457353663, 55.52792571396279], [6.988543997761736, 55.52577916885175], [6.990778187646114, 55.52246267554571], [6.991120027006796, 55.51797623404467], [6.989399492001387, 55.514563089609354], [6.985616582629888, 55.51222324223978], [6.979771422205237, 55.51095631427026]]]}}, {"type": "Feature", "properties": {"band": "echo", "dbz": 35.0, "source": "OPERA-ORD", "time": "20260725155000"}, "geometry": {"type": "Polygon", "coordinates": [[[10.668879409465399, 55.51917220188915], [10.660964123569645, 55.51921486888026], [10.655046093970201, 55.52036940346096], [10.651125320667067, 55.522635805631246], [10.649201830461585, 55.52601445466739], [10.649275623353754, 55.53050535056941], [10.651310702637147, 55.533863040068], [10.655307068311764, 55.53608752316316], [10.6593038851407, 55.53831187599717], [10.663301153123955, 55.54053609857], [10.663338529541123, 55.54278154059004], [10.659416014392205, 55.545048202057295], [10.655493049940699, 55.54731473859316], [10.6515696361866, 55.54958115019764], [10.649644885272131, 55.55295979744705], [10.649718797197288, 55.55745068034139], [10.651755317190219, 55.560808352106356], [10.655754445250922, 55.56303281274197], [10.659716147693553, 55.563011709084115], [10.663640424518112, 55.56074504113278], [10.667564251693925, 55.55847824824151], [10.671487629220994, 55.556211330410285], [10.67741054547426, 55.555056007903865], [10.685333000453717, 55.55501228072225], [10.69125500838507, 55.553856581928855], [10.695176569268316, 55.55158891152367], [10.697097711543018, 55.54820964918744], [10.697018435209179, 55.54371879492018], [10.696939180165167, 55.53922793847585], [10.696859946410987, 55.53473707985445], [10.694821272201526, 55.531380049041935], [10.690823157536784, 55.52915684603828], [10.686825493821146, 55.52693351267483], [10.682828281054608, 55.52471004895158], [10.678831519106824, 55.522486454915864], [10.674835207977793, 55.52026273056768], [10.668879409465399, 55.51917220188915]]]}}, {"type": "Feature", "properties": {"band": "echo", "dbz": 35.0, "source": "OPERA-ORD", "time": "20260725155000"}, "geometry": {"type": "Polygon", "coordinates": [[[14.807460554214853, 55.39226333254126], [14.80379517021531, 55.394657003438574], [14.800129351964266, 55.39705056639777], [14.796463099461718, 55.39944402141887], [14.790692101796399, 55.40079418544294], [14.782816358968315, 55.40110105846999], [14.777044427724814, 55.40245088182284], [14.773376308065902, 55.40484365550148], [14.771812193721965, 55.40827975348458], [14.772352084693, 55.41275917577212], [14.774726920020647, 55.41604217258836], [14.778936699704905, 55.41812874393329], [14.784981229820648, 55.41901851563367], [14.79286051036787, 55.41871148768949], [14.798634016200168, 55.41736121282389], [14.802301747317536, 55.414967691036885], [14.80596904372657, 55.412574061276], [14.80963590542727, 55.410180323541226], [14.813302332569325, 55.40778647787326], [14.816968325152738, 55.40539252427207], [14.818528868300463, 55.401955947239315], [14.817983962012502, 55.39747674677501], [14.815606943205047, 55.394194484180304], [14.811397811878098, 55.392109159455174], [14.807460554214853, 55.39226333254126]]]}}, {"type": "Feature", "properties": {"band": "echo", "dbz": 35.0, "source": "OPERA-ORD", "time": "20260725155000"}, "geometry": {"type": "Polygon", "coordinates": [[[6.109634129009984, 55.33364479111758], [6.101766238381053, 55.333395131847475], [6.09389844063539, 55.333144968762795], [6.086030735772992, 55.33289430186355], [6.078163124163807, 55.33264313116866], [6.070295605807835, 55.33239145667813], [6.062428181074958, 55.33213927841099], [6.054560849965179, 55.331886596367234], [6.046693612848313, 55.331633410565956], [6.038826469724361, 55.33137972100716], [6.032814048164678, 55.33231003314449], [6.028656348169265, 55.33442434697794], [6.026353209316602, 55.337723036891965], [6.025904631606691, 55.34220610288656], [6.02545593422469, 55.34668916432922], [6.025007117170599, 55.35117222121995], [6.026638535654308, 55.35459817158352], [6.030350189675815, 55.356967015419926], [6.036142239944861, 55.35827837804558], [6.044014686461446, 55.35853225946049], [6.051887227198875, 55.358785636739725], [6.059759862157149, 55.359038509883305], [6.06763259096556, 55.359290878872066], [6.075505413624107, 55.359542743706015], [6.083378329762022, 55.359794104366074], [6.091251339379302, 55.36004496085227], [6.099124442105113, 55.360295313145585], [6.106997637939455, 55.36054516124602], [6.113012164877993, 55.35961150048657], [6.117168022920729, 55.35749433086723], [6.119465054764557, 55.3541940272167], [6.11990326040948, 55.34971058953498], [6.120341349192415, 55.34522714740579], [6.120779321113366, 55.34074370082912], [6.119140748886493, 55.33731888834375], [6.115425632511797, 55.334952709949675], [6.109634129009984, 55.33364479111758]]]}}, {"type": "Feature", "properties": {"band": "echo", "dbz": 35.0, "source": "OPERA-ORD", "time": "20260725155000"}, "geometry": {"type": "Polygon", "coordinates": [[[11.044993940132356, 55.372828086055314], [11.037108284674717, 55.37289485867213], [11.02922260451351, 55.372961125544954], [11.021336899648729, 55.37302688667379], [11.015451147788507, 55.3741986839997], [11.011565348932852, 55.376476517522676], [11.009679544270664, 55.37986076467483], [11.00979373380195, 55.384351425456174], [11.011851714450167, 55.387703161264994], [11.015853486215317, 55.38991597210129], [11.021799007866857, 55.3909894803343], [11.029688279404787, 55.39092368596399], [11.03557577293999, 55.38975149449059], [11.039461488472465, 55.3874729059141], [11.043346759706747, 55.38519419444886], [11.047231586642832, 55.38291536009487], [11.051115969416868, 55.38063640289718], [11.05499990802885, 55.37835732285579], [11.054940599966423, 55.376112012063054], [11.050938045229591, 55.373900470518954], [11.044993940132356, 55.372828086055314]]]}}, {"type": "Feature", "properties": {"band": "echo", "dbz": 35.0, "source": "OPERA-ORD", "time": "20260725155000"}, "geometry": {"type": "Polygon", "coordinates": [[[14.917306934875743, 55.01770351519909], [14.909507104638607, 55.018018144810476], [14.90170716012733, 55.018332275854846], [14.893907101341906, 55.018645908332196], [14.886106928638762, 55.01895904221935], [14.878306642017897, 55.01927167751633], [14.87050624183581, 55.01958381419999], [14.862705728092502, 55.01989545227035], [14.856990700607797, 55.0212488172574], [14.853361159381697, 55.02364390916113], [14.851817296689852, 55.027081097413046], [14.852359112532264, 55.031560382013154], [14.852901071570209, 55.03603966056579], [14.853443173803681, 55.040518933070956], [14.85580127215594, 55.04380060452581], [14.859975366626983, 55.045884674930356], [14.865965264599009, 55.046770774561985], [14.873770966072016, 55.04645890342071], [14.881576553711128, 55.046146533297446], [14.889382027516344, 55.045833664192195], [14.89718738713032, 55.04552029612813], [14.904992632553054, 55.04520642910525], [14.910709214204264, 55.043851103862664], [14.914337132083947, 55.0414543204004], [14.917964625172171, 55.03905743030989], [14.921591693468937, 55.03666043359115], [14.925218337119507, 55.03426333028375], [14.928844556123881, 55.03186612038766], [14.930382436410486, 55.02842806823388], [14.929831977979319, 55.0239491738224], [14.927469274071377, 55.02066884506084], [14.923294324686665, 55.01858708194921], [14.917306934875743, 55.01770351519909]]]}}, {"type": "Feature", "properties": {"band": "echo", "dbz": 35.0, "source": "OPERA-ORD", "time": "20260725155000"}, "geometry": {"type": "Polygon", "coordinates": [[[12.756517373512594, 55.02276046856509], [12.74870500860536, 55.02293680912544], [12.742922143884911, 55.02419076275102], [12.73916877935125, 55.02652232944181], [12.737445023824868, 55.029931881411215], [12.737750877305771, 55.03441941865923], [12.739934283924688, 55.03774115064551], [12.743995243681622, 55.03989707737004], [12.74993364764752, 55.04088682642612], [12.757749495822377, 55.04071039781372], [12.763533992866488, 55.03945602786435], [12.76728713877985, 55.03712371657801], [12.769009043362429, 55.033713836336844], [12.76869970661423, 55.02922638714085], [12.76651466767165, 55.02590507147837], [12.76245392653469, 55.0237498893494], [12.756517373512594, 55.02276046856509]]]}}, {"type": "Feature", "properties": {"band": "echo", "dbz": 35.0, "source": "OPERA-ORD", "time": "20260725155000"}, "geometry": {"type": "Polygon", "coordinates": [[[12.820415569123197, 55.01343392632518], [12.81666766789583, 55.01576786440873], [12.812919336069292, 55.018101687718875], [12.809170573643582, 55.020435396255635], [12.805421380480281, 55.02276898997698], [12.801671756579388, 55.02510246888291], [12.801828560202333, 55.02734613973439], [12.805891791349113, 55.029500002531414], [12.811830199716317, 55.03048674045619], [12.819643785303944, 55.03030635350873], [12.825424884734094, 55.02904905767369], [12.829173498006766, 55.02671485295107], [12.830889737301248, 55.02330411154329], [12.830573602617541, 55.018816833450344], [12.828384031390984, 55.01549663512375], [12.824321023621582, 55.01334351656352], [12.820415569123197, 55.01343392632518]]]}}, {"type": "Feature", "properties": {"band": "echo", "dbz": 35.0, "source": "OPERA-ORD", "time": "20260725155000"}, "geometry": {"type": "Polygon", "coordinates": [[[4.806921878200624, 54.907205840194955], [4.7991454328067285, 54.90687318454766], [4.791369107739053, 54.90654003215397], [4.7835929029975945, 54.90620638301385], [4.775816818934066, 54.90587223715178], [4.768040855548468, 54.90553759456775], [4.762063157478341, 54.90640576281672], [4.757883724723686, 54.908476741898696], [4.75550235142108, 54.91175089927786], [4.754919037570523, 54.916228234954204], [4.754335570108001, 54.9207055638906], [4.753751949033514, 54.92518288608706], [4.755259407115063, 54.92862478456764], [4.7588579443526475, 54.93103125933234], [4.762748008767044, 54.931198932966225], [4.766929600358255, 54.92912780546927], [4.771110754960803, 54.92705653126063], [4.77529147257469, 54.924985110340316], [4.78127164837211, 54.924116307265955], [4.789051282353064, 54.924450122037555], [4.796831036852057, 54.92478343981932], [4.804610911869085, 54.92511626061125], [4.810590033987429, 54.92424627558612], [4.814768403207086, 54.922173484743944], [4.817145815503556, 54.91889825585326], [4.817722270876837, 54.91442058891406], [4.8162103991470016, 54.910979358587994], [4.812610200314047, 54.90857456487507], [4.806921878200624, 54.907205840194955]]]}}, {"type": "Feature", "properties": {"band": "echo", "dbz": 35.0, "source": "OPERA-ORD", "time": "20260725155000"}, "geometry": {"type": "Polygon", "coordinates": [[[12.830844636220995, 54.96712206218001], [12.823043347888618, 54.967303133367196], [12.817270717003478, 54.96856059186404], [12.813526743565575, 54.97089443767055], [12.81181153895093, 54.9743050422866], [12.812125103159541, 54.978792405712205], [12.814311521949527, 54.98211282376969], [12.818370795320881, 54.984266296459055], [12.824302811786666, 54.985252452087806], [12.832107571346874, 54.98507129065593], [12.83788182598135, 54.9838134154531], [12.841625575690095, 54.98147882647932], [12.843338932826406, 54.97806789540196], [12.843021897390281, 54.97358062222105], [12.84083385485096, 54.97026062086955], [12.836774805208442, 54.96810789134746], [12.830844636220995, 54.96712206218001]]]}}, {"type": "Feature", "properties": {"band": "echo", "dbz": 35.0, "source": "OPERA-ORD", "time": "20260725155000"}, "geometry": {"type": "Polygon", "coordinates": [[[13.14284023239978, 54.95946979302701], [13.135041719455245, 54.959670834171234], [13.129279837147955, 54.96094303357529], [13.12555458547791, 54.96328639123918], [13.123866088071289, 54.96670127825822], [13.124214344928092, 54.97118769463242], [13.126426094376962, 54.97450240723239], [13.130501336417897, 54.97664541605817], [13.134401929254206, 54.976545107580975], [13.138127872885892, 54.974201481800804], [13.141853387908531, 54.97185774264067], [13.145578474322122, 54.969513890100586], [13.149303132265631, 54.967169924222055], [13.15302736173906, 54.964825845005095], [13.15285197957484, 54.96258267216119], [13.14877698577298, 54.96044040569033], [13.14284023239978, 54.95946979302701]]]}}, {"type": "Feature", "properties": {"band": "echo", "dbz": 35.0, "source": "OPERA-ORD", "time": "20260725155000"}, "geometry": {"type": "Polygon", "coordinates": [[[11.95498882532593, 54.948380660544366], [11.94718825468781, 54.94850563802142], [11.939387638859536, 54.948630115969124], [11.931586977841107, 54.94875409438746], [11.925789949693378, 54.9499692786405], [11.921996554416353, 54.952275668728255], [11.9221039716004, 54.95452043570347], [11.926112201245523, 54.95670357956615], [11.932017514854305, 54.95773314684776], [11.939819912426747, 54.95760913754829], [11.94572607501091, 54.958638313758684], [11.949736002606794, 54.96082067547895], [11.949844345310385, 54.96306542347817], [11.946051103121677, 54.96537255775637], [11.942257429465826, 54.967679573967345], [11.938463324342834, 54.96998647211112], [11.936674265724644, 54.97338467165128], [11.936890253611264, 54.97787417258782], [11.93900416348468, 54.98121020896322], [11.943015995344895, 54.98339278077748], [11.948925672307897, 54.9844215156361], [11.956733194373685, 54.984296413539084], [11.96253393068746, 54.9830800411296], [11.966327881249223, 54.98077239840765], [11.970121400066269, 54.978464637676964], [11.9739144871386, 54.976156758937535], [11.977707142601176, 54.97384876223223], [11.981499366453995, 54.97154064756104], [11.981389228185046, 54.96929593437126], [11.977376727794326, 54.967114622662855], [11.97336466489446, 54.96493317724801], [11.969353039485446, 54.962751598126715], [11.967237610013022, 54.959416082200946], [11.967018376477185, 54.9549266294707], [11.964903847443198, 54.95159097028064], [11.960894022911061, 54.949409104630774], [11.95498882532593, 54.948380660544366]]]}}, {"type": "Feature", "properties": {"band": "echo", "dbz": 35.0, "source": "OPERA-ORD", "time": "20260725155000"}, "geometry": {"type": "Polygon", "coordinates": [[[14.087288447506735, 54.86844005721795], [14.079512221654868, 54.868701473719085], [14.07173590167536, 54.868962393004246], [14.06395948756821, 54.869222815073435], [14.058239690515709, 54.87053871119219], [14.05457651051786, 54.8729100813605], [14.05091290706082, 54.87528134195985], [14.04724888014459, 54.87765249299024], [14.043584429628448, 54.880023534411464], [14.039919555512395, 54.88239446622356], [14.038311563351133, 54.88582148700802], [14.038760453144665, 54.89030459676488], [14.03920946121282, 54.89478770122555], [14.039658587555596, 54.89927080039003], [14.040107832264077, 54.90375389427075], [14.040557195338268, 54.90823698286772], [14.0428405983475, 54.91153454658919], [14.046958041291774, 54.913646585435174], [14.052909364951383, 54.91457272996297], [14.06069456932633, 54.914312980172575], [14.066420190855311, 54.91299724322243], [14.070086229538331, 54.910625519112514], [14.071692845448814, 54.90719817724974], [14.071240038586755, 54.90271521763412], [14.07078735099085, 54.89823225269976], [14.070334782661094, 54.89374928244668], [14.071940352396739, 54.890321852742005], [14.075604060197787, 54.887949963585754], [14.081325745919239, 54.88663324588148], [14.089105409561098, 54.88637169962917], [14.094826194438784, 54.885054639953125], [14.098488100552299, 54.88268206685332], [14.100091288806418, 54.8792543493778], [14.099635759201144, 54.87477148752659], [14.097350135907046, 54.87147487969258], [14.093234418924126, 54.86936452587578], [14.087288447506735, 54.86844005721795]]]}}, {"type": "Feature", "properties": {"band": "echo", "dbz": 35.0, "source": "OPERA-ORD", "time": "20260725155000"}, "geometry": {"type": "Polygon", "coordinates": [[[13.86436800543633, 54.82176569839641], [13.856599512670366, 54.822012821556996], [13.848830931169905, 54.82225944797514], [13.841062260934944, 54.82250557765085], [13.835341919496646, 54.82381098933536], [13.831669906855012, 54.826175683028644], [13.830046373147425, 54.829600027418145], [13.830471318373887, 54.834084022503845], [13.830896375415303, 54.83856801242581], [13.831321544271677, 54.84305199718407], [13.82969695285539, 54.84647625129668], [13.826022601166438, 54.848840774763644], [13.8223478259221, 54.85120518783512], [13.818672627122377, 54.85356949051112], [13.817046976737842, 54.85699365430503], [13.817470874768501, 54.86147767921687], [13.819733231538958, 54.86477952245806], [13.823834047049214, 54.8668991840286], [13.829773171263977, 54.86783629472173], [13.83755060418325, 54.86759085453746], [13.84349054972513, 54.86852756047063], [13.847593007889618, 54.87064641252124], [13.85169590190443, 54.87276512364579], [13.855799231769566, 54.874883693844275], [13.861740295137675, 54.875819233427535], [13.869519092008758, 54.87557174239555], [13.875460976672622, 54.87650687688724], [13.879565949129264, 54.878624636902586], [13.883671357641251, 54.880742255834235], [13.887777202208587, 54.88285973368221], [13.893720203647707, 54.883793701232065], [13.901500361958615, 54.8835441584838], [13.907226737679478, 54.88223590777964], [13.910899330810292, 54.87986894911957], [13.912518294890678, 54.876443651774636], [13.91208362992063, 54.87196001574484], [13.911649079358645, 54.867476374518375], [13.91121464320472, 54.86299272809523], [13.910780321370883, 54.85850907646288], [13.910346113857134, 54.85402541962135], [13.908077214079697, 54.850725185248244], [13.903973622038578, 54.84860837334358], [13.89987046523424, 54.84649142038943], [13.895767743666688, 54.8443743263858], [13.89350036555063, 54.841073909562134], [13.893068330886067, 54.83659016991844], [13.890801873652645, 54.833289594057625], [13.886700993850367, 54.83117218197969], [13.882600548840681, 54.8290546289846], [13.878500538623587, 54.82693693507237], [13.874400963091107, 54.82481910029122], [13.870301822243242, 54.82270112464115], [13.86436800543633, 54.82176569839641]]]}}, {"type": "Feature", "properties": {"band": "echo", "dbz": 35.0, "source": "OPERA-ORD", "time": "20260725155000"}, "geometry": {"type": "Polygon", "coordinates": [[[14.033463227212875, 54.798270571835424], [14.025700157599612, 54.798528493186126], [14.019989041030925, 54.79984256760201], [14.016329877506813, 54.80221279508308], [14.01267029216108, 54.80458291302242], [14.009010284993721, 54.80695292142003], [14.005349855864981, 54.80932282023583], [14.001689004774855, 54.81169260946982], [14.000080367981694, 54.81511916543647], [14.000523945485497, 54.81960248813578], [14.000967639644013, 54.82408580547389], [14.001411450457242, 54.828569117450826], [14.001855378014842, 54.83305242407903], [14.00229942231681, 54.8375357253585], [14.002743583452894, 54.842019021301724], [14.003187861423097, 54.84650231190869], [14.003632256317255, 54.85098559719185], [14.004076768135372, 54.855468877151225], [14.006354044752701, 54.85876717789041], [14.010464086169243, 54.86088049940941], [14.016406735114819, 54.861808472818524], [14.024181991589428, 54.86155109811773], [14.031957155074066, 54.86129322626629], [14.03973222556873, 54.86103485726421], [14.047507202719132, 54.860775991130396], [14.055282086525269, 54.86051662786486], [14.061000325113291, 54.85920116506272], [14.0646619184832, 54.85682960272396], [14.068323088895415, 54.854457930915316], [14.071983836349936, 54.85208614963677], [14.077700605903608, 54.85076961555225], [14.085473397556429, 54.85050832866176], [14.091189268195452, 54.84919145288986], [14.094848217820676, 54.84681898823656], [14.09850674483032, 54.84444641425508], [14.102164849224385, 54.842073730945415], [14.105822531143355, 54.83970093834761], [14.109479790587226, 54.83732803646166], [14.111080396938679, 54.83390016004712], [14.110624350197716, 54.82941730910398], [14.108340530786096, 54.82612087653702], [14.10422893870382, 54.82401086234625], [14.098289413231525, 54.82308689820557], [14.090521954369208, 54.82334898411498], [14.082754401400377, 54.82361057343847], [14.074986754325034, 54.823871666176025], [14.06904833198428, 54.822946534764085], [14.064939134378118, 54.82083517920263], [14.060830371302607, 54.8187236820443], [14.056722042757745, 54.8166120432891], [14.052614148636543, 54.814500262985355], [14.048506688939003, 54.81238834113309], [14.046228718531339, 54.80909080909624], [14.045780237413554, 54.80460766687483], [14.043503188145873, 54.80130997461311], [14.039397570728296, 54.799197732311086], [14.033463227212875, 54.798270571835424]]]}}, {"type": "Feature", "properties": {"band": "echo", "dbz": 35.0, "source": "OPERA-ORD", "time": "20260725155000"}, "geometry": {"type": "Polygon", "coordinates": [[[11.935077432591608, 54.85883911072316], [11.927294086862712, 54.858962781252465], [11.921509763792589, 54.86017775306363], [11.917724463381234, 54.86248402615666], [11.915938261106447, 54.86588197150654], [11.916151156968223, 54.87037158911328], [11.918257567014594, 54.87370805490866], [11.922257491245563, 54.875891368892674], [11.926257850645705, 54.87807454967333], [11.93025864521502, 54.88025759725063], [11.934259875071332, 54.882440511577954], [11.938261540214642, 54.88462329265528], [11.942263640762773, 54.88680594043596], [11.94626617671573, 54.888988454920025], [11.950269148191346, 54.89117083606075], [11.954272555189618, 54.89335308385814], [11.958167185474725, 54.89329044672597], [11.961953039046668, 54.89098292466425], [11.96573846314, 54.88867528482686], [11.969523457754718, 54.88636752721381], [11.973308023024748, 54.88405965186772], [11.977092158950082, 54.881751658788595], [11.978874265399202, 54.878352919071304], [11.978654342372112, 54.87386343271585], [11.976543215668126, 54.87052792718721], [11.972540885287245, 54.8683464024854], [11.968648029564845, 54.868409506962145], [11.964864648500924, 54.870717240617445], [11.961080838409533, 54.87302485654354], [11.95729659929067, 54.87533235474041], [11.953403698145403, 54.875394960754555], [11.949402134973733, 54.87321267458598], [11.947293177574368, 54.869876753420286], [11.947076825947306, 54.86538719725747], [11.944968763964347, 54.86205113324667], [11.940968991625487, 54.8598685613879], [11.935077432591608, 54.85883911072316]]]}}, {"type": "Feature", "properties": {"band": "echo", "dbz": 35.0, "source": "OPERA-ORD", "time": "20260725155000"}, "geometry": {"type": "Polygon", "coordinates": [[[12.074248387887682, 54.83857060838234], [12.066469325735016, 54.8387031816595], [12.060692039662488, 54.83992476337635], [12.056916529670099, 54.8422353535329], [12.053140591579833, 54.84454582640106], [12.049364225391685, 54.84685618198082], [12.045474191805287, 54.846921729793856], [12.041470490820636, 54.84474246984016], [12.037467224244825, 54.84256307633246], [12.03346439207786, 54.84038354927075], [12.027573303120715, 54.83935857844253], [12.019793957373391, 54.839488163847825], [12.014015165325617, 54.84070752885981], [12.010236926977393, 54.84301667347849], [12.008459321342496, 54.84641596839326], [12.00868234842092, 54.85090541360414], [12.010795357526497, 54.85424027051688], [12.014798348659223, 54.85642053913149], [12.018801774536584, 54.85860067423667], [12.02280563515858, 54.860780675832416], [12.02291766864634, 54.86302538484209], [12.019137874999863, 54.86533480126571], [12.015357652586555, 54.867644100188585], [12.011577001406415, 54.86995328161072], [12.009798365831868, 54.87335258377189], [12.010021745862911, 54.87784200667211], [12.012136315700136, 54.881176822846385], [12.016142075343542, 54.88335703229472], [12.02014827041981, 54.88553710813817], [12.024154900928941, 54.88771705037675], [12.028161966988405, 54.889896858963695], [12.032169468598196, 54.89207653389902], [12.038068027478918, 54.89310098332113], [12.04585764363057, 54.89297020723002], [12.051642643951896, 54.89174960992369], [12.055423028442892, 54.88943919140215], [12.059202983710517, 54.887128655477184], [12.062982509754772, 54.88481800214882], [12.066876814017188, 54.88475187424511], [12.07088589649777, 54.88693027176605], [12.074895414543544, 54.88910853545045], [12.078905368154505, 54.891286665298296], [12.08480500947811, 54.89230884604668], [12.092594338514358, 54.89217507769561], [12.098377825834426, 54.890952261044156], [12.102155471438317, 54.88864039609233], [12.103927357974126, 54.88523985405949], [12.10369348544185, 54.880750634945656], [12.105464541610917, 54.87734998220721], [12.109240526481322, 54.875037895844144], [12.113016082617511, 54.87272569232915], [12.116791210019485, 54.87041337166221], [12.118561097186516, 54.86701261105102], [12.118325744118607, 54.862523410495555], [12.116203690839992, 54.85919035345777], [12.112194937350669, 54.85701343993767], [12.10818661863491, 54.85483639253901], [12.104178734692715, 54.85265921126182], [12.100171285407331, 54.850481896152814], [12.096164270778758, 54.848304447212], [12.092157690690254, 54.84612686448607], [12.088151545141812, 54.843949147975025], [12.084145834016699, 54.841771297725565], [12.080140557314909, 54.839593313737694], [12.074248387887682, 54.83857060838234]]]}}, {"type": "Feature", "properties": {"band": "echo", "dbz": 35.0, "source": "OPERA-ORD", "time": "20260725155000"}, "geometry": {"type": "Polygon", "coordinates": [[[13.971356088812389, 54.80032004594415], [13.963592283643397, 54.8005739967033], [13.957878903992473, 54.80188515625383], [13.95421594985962, 54.80425352459574], [13.952603575948764, 54.807679470004885], [13.953041782259906, 54.81216299248127], [13.955312322094251, 54.81546229943734], [13.959415195451797, 54.81757739087312], [13.96535024747553, 54.81850789832349], [13.973117478165445, 54.81825382178847], [13.978832415372802, 54.81694223099692], [13.982495059097598, 54.814573125948854], [13.984105565044116, 54.81114687507457], [13.983663933212357, 54.80666347837406], [13.98139183582158, 54.803364602659], [13.977289272871785, 54.80125024792938], [13.971356088812389, 54.80032004594415]]]}}, {"type": "Feature", "properties": {"band": "echo", "dbz": 35.0, "source": "OPERA-ORD", "time": "20260725155000"}, "geometry": {"type": "Polygon", "coordinates": [[[12.428259191495185, 54.76909474276435], [12.420494553506996, 54.769249947551856], [12.414737748777345, 54.77048831343419], [12.410988777306235, 54.772809840411355], [12.409247733401557, 54.77621489806729], [12.409514617063309, 54.78070348640198], [12.411656845093752, 54.78403129212662], [12.415674417492887, 54.7861983152412], [12.419558052044525, 54.786120932550034], [12.42330774874867, 54.78379914405314], [12.427057019761854, 54.78147723988462], [12.430805865084078, 54.77915522004447], [12.434554284849664, 54.77683308457452], [12.438302279058608, 54.77451083347478], [12.438167584744631, 54.77226656603632], [12.43415020190773, 54.77010028225917], [12.428259191495185, 54.76909474276435]]]}}, {"type": "Feature", "properties": {"band": "echo", "dbz": 35.0, "source": "OPERA-ORD", "time": "20260725155000"}, "geometry": {"type": "Polygon", "coordinates": [[[4.4966421597918895, 54.659350619205846], [4.4889153221876805, 54.65899838692088], [4.4811886100154155, 54.65864566157326], [4.4734620232750935, 54.658292443162985], [4.467514469522758, 54.65914632633774], [4.463345948758409, 54.66120731109752], [4.460956246962959, 54.664475761583454], [4.460345364136408, 54.66895167779555], [4.461819585294275, 54.67239714518702], [4.4653789104365575, 54.67481216375787], [4.471023553792458, 54.67619636918211], [4.478753515361976, 54.67654976145974], [4.48648360256197, 54.67690266043551], [4.494213815392438, 54.677255066109424], [4.500163036496975, 54.67640014399613], [4.504331265875581, 54.674337894095615], [4.506718290707651, 54.67106868081821], [4.507324110993187, 54.666592504163916], [4.505846660500464, 54.663147495714654], [4.502285939229483, 54.66073365547044], [4.4966421597918895, 54.659350619205846]]]}}, {"type": "Feature", "properties": {"band": "echo", "dbz": 35.0, "source": "OPERA-ORD", "time": "20260725155000"}, "geometry": {"type": "Polygon", "coordinates": [[[12.113887169728628, 54.703086516582616], [12.106134159969322, 54.703221575128026], [12.09838110209079, 54.703356137575454], [12.09062799609304, 54.703490203924915], [12.08487058464139, 54.7047129189187], [12.081108867735843, 54.70702428255683], [12.079342926477961, 54.7104246639237], [12.07957276086775, 54.7149140630193], [12.079802655607043, 54.71940345813279], [12.080032610695842, 54.72389284926416], [12.082144678258885, 54.727226535857504], [12.08613885829617, 54.72940451791282], [12.092015069562537, 54.730426426053185], [12.09977331205799, 54.73029226027859], [12.107531506319237, 54.7301575980389], [12.115289652346284, 54.730022439334114], [12.121167055464126, 54.731043204465934], [12.125163715672759, 54.73321989343435], [12.129160807584341, 54.735396448862545], [12.133158331198873, 54.73757287075051], [12.13903692535242, 54.738592492485196], [12.146796590044982, 54.738455314066584], [12.15255663586473, 54.73722994166509], [12.156317062811661, 54.73491637528069], [12.158077954854255, 54.73151498433129], [12.157839311992511, 54.72702576881689], [12.155721312256022, 54.723693319447676], [12.151723955644787, 54.72151763622367], [12.147727030402773, 54.71934181941557], [12.143730536529983, 54.717165869023354], [12.139734473911162, 54.71498978509341], [12.135738842546314, 54.71281356762572], [12.131743642320194, 54.710637216666655], [12.1277488732328, 54.70846073221621], [12.1237545351689, 54.706284114320724], [12.119760628128486, 54.70410736298018], [12.113887169728628, 54.703086516582616]]]}}, {"type": "Feature", "properties": {"band": "echo", "dbz": 35.0, "source": "OPERA-ORD", "time": "20260725155000"}, "geometry": {"type": "Polygon", "coordinates": [[[12.222915346316888, 54.710121786655144], [12.21516131938716, 54.710263825094366], [12.209406669734761, 54.71149244940087], [12.205651397359691, 54.71380765957465], [12.205773620353082, 54.716052212897175], [12.209773338714932, 54.71822610936846], [12.213773488460962, 54.720399872011726], [12.217774069591174, 54.722573500826975], [12.221775082220526, 54.72474699576775], [12.225776526349023, 54.72692035683405], [12.229654798154364, 54.726849063123524], [12.233409897636554, 54.72453311463617], [12.235163908323845, 54.72113061547583], [12.234916830216239, 54.71664156564249], [12.232793058317267, 54.71331047240325], [12.228792592626924, 54.7111373357581], [12.222915346316888, 54.710121786655144]]]}}, {"type": "Feature", "properties": {"band": "echo", "dbz": 35.0, "source": "OPERA-ORD", "time": "20260725155000"}, "geometry": {"type": "Polygon", "coordinates": [[[12.362478955088504, 54.70748025954545], [12.354725871402465, 54.707631227736904], [12.346972733899973, 54.707781699873976], [12.339219542581022, 54.70793167595667], [12.331466297799041, 54.70808115597406], [12.32371299955403, 54.708230139926144], [12.317961889925321, 54.709463910909555], [12.314212968912917, 54.711782468924284], [12.314341181423035, 54.714026896830966], [12.318346527455677, 54.71619719462961], [12.324226705072974, 54.71720783314722], [12.331981714274928, 54.7170588123838], [12.339736669971316, 54.716909295432835], [12.347491572162136, 54.71675928229433], [12.355246420493685, 54.7166087729792], [12.363001214965962, 54.71645776748743], [12.368751678655157, 54.71522214635017], [12.372497811561269, 54.71290190956743], [12.372367032743625, 54.710657537244465], [12.368359342202224, 54.7084890293813], [12.362478955088504, 54.70748025954545]]]}}, {"type": "Feature", "properties": {"band": "echo", "dbz": 35.0, "source": "OPERA-ORD", "time": "20260725155000"}, "geometry": {"type": "Polygon", "coordinates": [[[8.163176014490073, 54.58180017671077], [8.155445344862146, 54.581682395303616], [8.149596289168729, 54.582716361979294], [8.145628847409823, 54.58490207673779], [8.143542948048204, 54.588239907432175], [8.143338591083872, 54.59272985406244], [8.143134180631252, 54.597219796635386], [8.142929716690345, 54.60170973515098], [8.144710275914598, 54.60510684021381], [8.14847585830401, 54.60741111182385], [8.154226535521856, 54.60862218183722], [8.16196230756813, 54.60874005025394], [8.167814437373272, 54.60770576835213], [8.17178292493728, 54.605519336131806], [8.173867699439445, 54.60218112175282], [8.174068760879765, 54.597691125215185], [8.174269769720574, 54.59320112463588], [8.174470725961875, 54.58871112001491], [8.172688740387903, 54.58531435513191], [8.16892381299866, 54.583010829986875], [8.163176014490073, 54.58180017671077]]]}}, {"type": "Feature", "properties": {"band": "echo", "dbz": 35.0, "source": "OPERA-ORD", "time": "20260725155000"}, "geometry": {"type": "Polygon", "coordinates": [[[8.04250498068626, 54.51699939618531], [8.03478687324155, 54.516873918709024], [8.028944040356258, 54.517902067938245], [8.024976482030379, 54.520083843872975], [8.02288412237575, 54.523419613556], [8.022666961392366, 54.527909376987324], [8.022449743671212, 54.53239913619976], [8.022232469212286, 54.536888891193314], [8.024000272760587, 54.54028778359738], [8.027753154316118, 54.542595813411964], [8.03349118990051, 54.543812613304674], [8.041214379513761, 54.5439381832755], [8.048937613424542, 54.54406325925486], [8.056660891632848, 54.54418784124278], [8.062506435299705, 54.543158632265154], [8.066474244425105, 54.540975632321995], [8.066580791343142, 54.53873071844506], [8.062826076053815, 54.53642389063433], [8.05907178147996, 54.53411694592509], [8.055317907621575, 54.53180988431733], [8.053547857569846, 54.52841144097459], [8.053761631324775, 54.52392161589685], [8.051992397253832, 54.52052306124936], [8.04824015535702, 54.51821577703209], [8.04250498068626, 54.51699939618531]]]}}, {"type": "Feature", "properties": {"band": "echo", "dbz": 35.0, "source": "OPERA-ORD", "time": "20260725155000"}, "geometry": {"type": "Polygon", "coordinates": [[[7.953484547681418, 54.4436265893355], [7.945780495397631, 54.443495446213376], [7.939945902157721, 54.4445193162925], [7.935980767961687, 54.44669819957288], [7.93388501386024, 54.450032462210814], [7.933658639853381, 54.45452210420631], [7.935415675977088, 54.45792232072379], [7.939156122231362, 54.460233111763245], [7.944880057642839, 54.46145411098079], [7.952587482211523, 54.46158531837644], [7.958423840166259, 54.46056111417516], [7.962389131507048, 54.458381498376944], [7.964483278038576, 54.45504683734333], [7.9647062797608426, 54.45055713107431], [7.96294747892231, 54.44715724867899], [7.959206875522977, 54.444847190157375], [7.953484547681418, 54.4436265893355]]]}}, {"type": "Feature", "properties": {"band": "echo", "dbz": 35.0, "source": "OPERA-ORD", "time": "20260725155000"}, "geometry": {"type": "Polygon", "coordinates": [[[21.423345682450666, 53.841536070640956], [21.415836570968217, 53.842262922758486], [21.408327216302144, 53.84298930149103], [21.400817618452443, 53.84371520683858], [21.395490098948535, 53.845366037765885], [21.392344657790428, 53.84794179427293], [21.39138170857986, 53.85144281554642], [21.392601251316833, 53.85586910158639], [21.39382110276604, 53.86029536645095], [21.395041262927492, 53.86472161014011], [21.39783514408056, 53.867859857062385], [21.40220274622525, 53.86971010721778], [21.40814365506157, 53.870272021180845], [21.415657870589513, 53.86954559895159], [21.423171842378466, 53.868818703021375], [21.430685570428423, 53.86809133339018], [21.43601446412892, 53.86643920494495], [21.439158523479954, 53.86386231768567], [21.44011816396454, 53.86036101087688], [21.43889338558268, 53.85593528451859], [21.437668917011145, 53.85150953685161], [21.436444758249937, 53.84708376787595], [21.43364956869997, 53.843946323686644], [21.42928334836125, 53.842097204283675], [21.423345682450666, 53.841536070640956]]]}}, {"type": "Feature", "properties": {"band": "echo", "dbz": 35.0, "source": "OPERA-ORD", "time": "20260725155000"}, "geometry": {"type": "Polygon", "coordinates": [[[26.364343609227006, 53.171872594346304], [26.361545381521733, 53.17456939834909], [26.360999958114164, 53.17809658155786], [26.362707339004295, 53.1824541439726], [26.364415138235245, 53.18681166780694], [26.366123355807023, 53.191169153060905], [26.369231520169826, 53.194178077595865], [26.37373963132366, 53.1958384414118], [26.379647128545855, 53.196149933213256], [26.386954011836423, 53.19511255300023], [26.39200614468483, 53.19324510970351], [26.394803527091085, 53.190547603323104], [26.393948166834676, 53.18836905814679], [26.389440063915604, 53.18670947417456], [26.384932330712783, 53.18504970775277], [26.38042496722622, 53.183389758881425], [26.37731690062834, 53.180381121899174], [26.37560813091914, 53.17602379680601], [26.372500990318315, 53.17301489878079], [26.367995478825865, 53.17135442782354], [26.364343609227006, 53.171872594346304]]]}}, {"type": "Feature", "properties": {"band": "echo", "dbz": 35.0, "source": "OPERA-ORD", "time": "20260725155000"}, "geometry": {"type": "Polygon", "coordinates": [[[15.949562831520389, 53.827096812202285], [15.941993174832529, 53.82747614366103], [15.936474866748975, 53.82887908815286], [15.933007907269726, 53.83130564567776], [15.931592514387823, 53.83475617054559], [15.932228688103264, 53.83923066275633], [15.934599144167848, 53.84249183087624], [15.938703882581581, 53.84453967490532], [15.944542685142263, 53.84537384035829], [15.952115551849893, 53.844994327235156], [15.957635246463468, 53.84359093753797], [15.96110176898299, 53.84116367126674], [15.96251533837528, 53.83771288285793], [15.96187595464034, 53.83323857231156], [15.959504112045732, 53.82997784939701], [15.955399810591457, 53.827930714114274], [15.949562831520389, 53.827096812202285]]]}}, {"type": "Feature", "properties": {"band": "echo", "dbz": 35.0, "source": "OPERA-ORD", "time": "20260725155000"}, "geometry": {"type": "Polygon", "coordinates": [[[6.886602137033806, 53.891368979772], [6.882635410954221, 53.8935132262362], [6.878668273093796, 53.89565733802648], [6.874700723452529, 53.89780131514284], [6.868917166692318, 53.898773219445246], [6.861317602813163, 53.898573050933706], [6.8555332609565145, 53.89954456600574], [6.851564141122373, 53.90168776466134], [6.851395137664465, 53.903931421832006], [6.855026250582791, 53.906275537517736], [6.860642403756286, 53.90754770369254], [6.868243597184951, 53.90774792035642], [6.875844858640425, 53.9079476520018], [6.88344618812271, 53.90814689862869], [6.889230704569447, 53.9071742938814], [6.893198407980638, 53.90502983775993], [6.895349183249955, 53.901713889592244], [6.895683030377398, 53.89722644937833], [6.89403384047424, 53.8938112610885], [6.890401613540479, 53.89146832472276], [6.886602137033806, 53.891368979772]]]}}, {"type": "Feature", "properties": {"band": "echo", "dbz": 35.0, "source": "OPERA-ORD", "time": "20260725155000"}, "geometry": {"type": "Polygon", "coordinates": [[[15.866314120512975, 53.77716960171693], [15.85875280621587, 53.77754357873005], [15.851191366034929, 53.77791707460688], [15.843629799970149, 53.77829008934744], [15.83606810833783, 53.77866262292632], [15.828506291137973, 53.77903467534351], [15.822990576520148, 53.78043234527381], [15.819520964484362, 53.78285563271722], [15.818097668265121, 53.7863048916838], [15.818720687862434, 53.79078012217353], [15.819343866567003, 53.79525534350286], [15.819967204378827, 53.799730555671786], [15.82232647029841, 53.80299406209392], [15.82642166432575, 53.80504586276925], [15.832252572860511, 53.80588560341948], [15.839819195902697, 53.80551328404461], [15.84738569308599, 53.805140483168394], [15.85495206441039, 53.804767200790856], [15.860469699309371, 53.80336832571042], [15.863938597782932, 53.800943857927095], [15.867407104202803, 53.79851928985859], [15.870875218568987, 53.796094621504906], [15.87434294101464, 53.79366985290155], [15.877810271539767, 53.79124498404852], [15.879229224303536, 53.78779511275487], [15.878599799305944, 53.783320239020604], [15.876237509520744, 53.7800577549177], [15.872142354947933, 53.77800766044614], [15.866314120512975, 53.77716960171693]]]}}, {"type": "Feature", "properties": {"band": "echo", "dbz": 35.0, "source": "OPERA-ORD", "time": "20260725155000"}, "geometry": {"type": "Polygon", "coordinates": [[[5.29351414642438, 53.00056009889554], [5.28608174091574, 53.00026019301731], [5.278649432215964, 52.9999598146789], [5.2712172203250525, 52.99965896388031], [5.263785105542617, 52.99935764064108], [5.256353087868657, 52.99905584496122], [5.248921167602727, 52.99875357686036], [5.24148934474483, 52.99845083633848], [5.235791060867244, 52.99934408412854], [5.231826315969973, 53.00143332023052], [5.22959494327176, 53.00471889226412], [5.229096942772605, 53.009200800229365], [5.230582084861234, 53.01263812557315], [5.234050369537646, 53.01503086829548], [5.237519032797484, 53.017423508350056], [5.240988074640748, 53.01981604573686], [5.2444574951898435, 53.02220848042085], [5.2479272944447715, 53.02460081240203], [5.251397472527969, 53.02699304164532], [5.254868029439437, 53.02938516815072], [5.258338965301641, 53.03177719188313], [5.26181028011458, 53.03416911284255], [5.267265126457459, 53.03551563929982], [5.274703504330277, 53.03581677125495], [5.2804054533041915, 53.034921907549105], [5.284370973379204, 53.03283104818229], [5.28833610112471, 53.03074005086997], [5.29230083654071, 53.02864891561216], [5.296265179716896, 53.026557642452666], [5.300229130653271, 53.02446623139149], [5.302456377611861, 53.02117940478424], [5.302946920592669, 53.01669716263091], [5.303437340691978, 53.01221491166679], [5.303927637909789, 53.00773265189186], [5.3024371771836964, 53.004296154461954], [5.298965958513699, 53.00190541937709], [5.29351414642438, 53.00056009889554]]]}}, {"type": "Feature", "properties": {"band": "echo", "dbz": 35.0, "source": "OPERA-ORD", "time": "20260725155000"}, "geometry": {"type": "Polygon", "coordinates": [[[5.28160369340052, 52.973066725273625], [5.274176097973399, 52.97276608496154], [5.266748599433983, 52.972464972535874], [5.259321197782274, 52.97216338799664], [5.251893893317149, 52.97186133136338], [5.244466686038609, 52.971558802636096], [5.23877205057771, 52.97245222279675], [5.234809986934453, 52.9745415918453], [5.234561807159375, 52.976782594759605], [5.238027511252479, 52.97917523153966], [5.243474735820189, 52.9805228495742], [5.250903480862505, 52.98082544886322], [5.258332323165149, 52.98112757594929], [5.265761262728122, 52.981429230832404], [5.2731902992523185, 52.981730413492976], [5.28061943273774, 52.98203112393101], [5.2863140786651535, 52.98113591781925], [5.290274237034559, 52.9790447951577], [5.2905201099429675, 52.97680368672761], [5.2870516973903765, 52.97441259252898], [5.28160369340052, 52.973066725273625]]]}}, {"type": "Feature", "properties": {"band": "echo", "dbz": 35.0, "source": "OPERA-ORD", "time": "20260725155000"}, "geometry": {"type": "Polygon", "coordinates": [[[25.46265047407957, 50.020134183072976], [25.459963567499827, 50.022810501285775], [25.459350819254478, 50.02633908299808], [25.460812229343528, 50.030719928209884], [25.46227397245903, 50.03510073659813], [25.463736048600975, 50.03948150816283], [25.46654230529206, 50.04252398701006], [25.47069274253228, 50.044228173139835], [25.474111529104754, 50.043741946133835], [25.476798665009476, 50.04106530599205], [25.47741059905531, 50.0375367015285], [25.47594733124225, 50.03315613274318], [25.47448439669717, 50.028775527087525], [25.473021795420074, 50.02439488456154], [25.470216352928507, 50.02135242846555], [25.466068069222466, 50.01964815879957], [25.46265047407957, 50.020134183072976]]]}}, {"type": "Feature", "properties": {"band": "echo", "dbz": 35.0, "source": "OPERA-ORD", "time": "20260725155000"}, "geometry": {"type": "Polygon", "coordinates": [[[22.0109324022007, 50.10721703591853], [22.008051842471822, 50.109809096983824], [22.007181833856734, 50.11331886690268], [22.008322376355444, 50.117746345675094], [22.010903823557292, 50.1208777140821], [22.01492617546227, 50.1227129721237], [22.020389081442033, 50.12325181668217], [22.027292541496582, 50.122494247757515], [22.03218420065536, 50.12081912974732], [22.03506405891838, 50.11822646265158], [22.03449271885701, 50.11601285634652], [22.03047018047124, 50.114178310832145], [22.02644796912747, 50.11234361108498], [22.022426084825696, 50.11050875710503], [22.018404527522392, 50.10867374893276], [22.014383297217556, 50.10683858656817], [22.0109324022007, 50.10721703591853]]]}}, {"type": "Feature", "properties": {"band": "echo", "dbz": 35.0, "source": "OPERA-ORD", "time": "20260725155000"}, "geometry": {"type": "Polygon", "coordinates": [[[22.059613085634616, 50.02788115846198], [22.05272372592669, 50.028640570031335], [22.047841862376437, 50.03031679388678], [22.044967494983844, 50.032909830028316], [22.045538336962316, 50.035123436018594], [22.049554388311854, 50.03695761185764], [22.053570765399797, 50.03879163365293], [22.05758746822616, 50.04062550140446], [22.06160449683411, 50.04245921507193], [22.065621851223653, 50.04429277465533], [22.069067361841256, 50.04391273411805], [22.07194102868692, 50.04131909346009], [22.072805955831996, 50.03780880040854], [22.07166214327649, 50.033381854963416], [22.069082119121198, 50.03025164984996], [22.065065883366117, 50.02841818506818], [22.059613085634616, 50.02788115846198]]]}}, {"type": "Feature", "properties": {"band": "echo", "dbz": 35.0, "source": "OPERA-ORD", "time": "20260725155000"}, "geometry": {"type": "Polygon", "coordinates": [[[20.29833543963671, 49.86248296086796], [20.29144753207582, 49.86313174416024], [20.286524030354535, 49.86472997443228], [20.283564934472853, 49.867277651684056], [20.282570541943212, 49.87077508218963], [20.283540852765608, 49.87522226594901], [20.28599133928591, 49.87839554293757], [20.289922001504124, 49.880294913155296], [20.295332541653373, 49.88092007019604], [20.302222959733665, 49.8802710140598], [20.307147418814996, 49.87867234105844], [20.310105918897367, 49.87612405119197], [20.311098758267732, 49.87262645080102], [20.310125936926088, 49.86817953988559], [20.307674493045738, 49.86500670562636], [20.303744426626686, 49.86310794802333], [20.29833543963671, 49.86248296086796]]]}}, {"type": "Feature", "properties": {"band": "echo", "dbz": 35.0, "source": "OPERA-ORD", "time": "20260725155000"}, "geometry": {"type": "Polygon", "coordinates": [[[18.94372150745568, 49.89998592918778], [18.936813459532523, 49.90054973199541], [18.9299052603196, 49.90111310153576], [18.922996909816916, 49.901676037808826], [18.918026177907514, 49.90321309863665], [18.9149930645914, 49.90572428401921], [18.913897829224698, 49.909209904177004], [18.91474047180742, 49.91366995911004], [18.917100307371634, 49.916874362015236], [18.920977335917335, 49.9188231128926], [18.926371297865344, 49.91951590138561], [18.93328219321566, 49.91895272749426], [18.940192937064488, 49.91838912015961], [18.94710352941182, 49.91782507938166], [18.95207472854195, 49.91628696911012], [18.955106534454874, 49.913774789344984], [18.95619920764321, 49.9102888503416], [18.95535274810695, 49.905829152099976], [18.952991021608433, 49.90262548418036], [18.949114028147648, 49.90067784658276], [18.94372150745568, 49.89998592918778]]]}}, {"type": "Feature", "properties": {"band": "echo", "dbz": 35.0, "source": "OPERA-ORD", "time": "20260725155000"}, "geometry": {"type": "Polygon", "coordinates": [[[20.90833916590217, 49.45791931477455], [20.901515944319854, 49.45860564523352], [20.89469254370513, 49.45929154971478], [20.887868964057994, 49.45997702821834], [20.88300456545279, 49.461601523260185], [20.88009934788952, 49.46416503484032], [20.87915361873977, 49.467667864179255], [20.88016737800354, 49.47211001127699], [20.88263435757476, 49.47527033152892], [20.886554557453422, 49.47714882493503], [20.891927670008194, 49.47774519014703], [20.898753695239066, 49.47705942716494], [20.903619008885602, 49.47543448863317], [20.906523610947794, 49.472870374551746], [20.90942792038274, 49.470306183448415], [20.91233193719044, 49.467741915323145], [20.915235661471993, 49.465177570198534], [20.918139093227403, 49.46261314807457], [20.91763080100216, 49.4603922401457], [20.913710784796272, 49.458514846411944], [20.90833916590217, 49.45791931477455]]]}}, {"type": "Feature", "properties": {"band": "echo", "dbz": 35.0, "source": "OPERA-ORD", "time": "20260725155000"}, "geometry": {"type": "Polygon", "coordinates": [[[21.598375252022805, 48.730929163190176], [21.59166055233468, 48.73165736919498], [21.58688824302827, 48.73331255461828], [21.584058324103577, 48.7358947194601], [21.581228126044632, 48.73847680996397], [21.57839764885144, 48.741058826129915], [21.575566892427656, 48.74364076793692], [21.57273585677328, 48.74622263538498], [21.5718477345134, 48.74973197115589], [21.572902525648015, 48.75416877524962], [21.57537342034909, 48.75731457189633], [21.57926041861663, 48.75916936109602], [21.584563206366873, 48.75973284931037], [21.591281783599822, 48.759005036539364], [21.59605627585713, 48.75734990298656], [21.5988866831388, 48.754767448651954], [21.59977331999385, 48.75125796700513], [21.59871618642227, 48.74682145804611], [21.599602369648764, 48.74331192559538], [21.60243186967334, 48.74072936965295], [21.605261090619436, 48.738146739431926], [21.608090032487063, 48.73556403493231], [21.607561528032377, 48.733345777058815], [21.60367557725537, 48.73149196581146], [21.598375252022805, 48.730929163190176]]]}}, {"type": "Feature", "properties": {"band": "echo", "dbz": 35.0, "source": "OPERA-ORD", "time": "20260725155000"}, "geometry": {"type": "Polygon", "coordinates": [[[24.54611962201795, 47.479862397446304], [24.539608058989916, 47.480771496781585], [24.535042653564894, 47.48255413719134], [24.532423405742882, 47.48521031867558], [24.529803908084197, 47.48786643489524], [24.527184160588835, 47.49052248585034], [24.522617551182627, 47.49230434614138], [24.51610407986557, 47.49321201576838], [24.511536848940132, 47.49499365401638], [24.508915858406304, 47.49764926088538], [24.50824147291047, 47.501179110748836], [24.509513692452625, 47.505583203606726], [24.512096939618836, 47.50865940496267], [24.515991214409098, 47.510407714816665], [24.52119615188741, 47.51082785868987], [24.527711752053776, 47.509919836582284], [24.532279682416466, 47.508137747707245], [24.53489994297548, 47.50548159206474], [24.53751995350404, 47.50282537116152], [24.540139714002148, 47.50016908499759], [24.544706439222736, 47.49838621580483], [24.551220129165817, 47.49747676358322], [24.555786232739493, 47.49569367251591], [24.55840474994376, 47.493036942602885], [24.559076046428338, 47.48950684807175], [24.55780012219322, 47.48510338892249], [24.555215470939736, 47.48202820645557], [24.55132209266789, 47.48028130067097], [24.54611962201795, 47.479862397446304]]]}}, {"type": "Feature", "properties": {"band": "echo", "dbz": 35.0, "source": "OPERA-ORD", "time": "20260725155000"}, "geometry": {"type": "Polygon", "coordinates": [[[24.65241003787549, 47.42027928327516], [24.649799483472577, 47.42293832989984], [24.647188680529, 47.42559731160459], [24.644577629044758, 47.42825622838939], [24.641966328931115, 47.43091508023758], [24.639354780188075, 47.43357386714917], [24.638689577740273, 47.43710451514211], [24.639970721587716, 47.441507024216406], [24.64255816961063, 47.44458005119206], [24.646451921809025, 47.4463235960691], [24.649704576524485, 47.445865857656415], [24.652316133757004, 47.443206835954], [24.654927442256756, 47.440547749335764], [24.657538502023744, 47.4378885978017], [24.660149313146775, 47.43522938136848], [24.66275987562585, 47.43257010003609], [24.663423802608396, 47.429039345965116], [24.66214109409442, 47.42463711915554], [24.659553633647306, 47.42156444430377], [24.655661421267066, 47.4198213214098], [24.65241003787549, 47.42027928327516]]]}}, {"type": "Feature", "properties": {"band": "echo", "dbz": 35.0, "source": "OPERA-ORD", "time": "20260725155000"}, "geometry": {"type": "Polygon", "coordinates": [[[24.897349571390034, 47.246760321319336], [24.8908722655225, 47.24769067108952], [24.884394746383958, 47.248620622081845], [24.8779170139744, 47.2495501742963], [24.871439068447113, 47.25047932769175], [24.864960909802093, 47.251408082268206], [24.86042544139322, 47.253204542240724], [24.857832663220503, 47.25586870760931], [24.857182943542686, 47.25940084979469], [24.858476282359774, 47.26380096879686], [24.859769899338268, 47.26820105083976], [24.861063794478163, 47.27260109592338], [24.86041386160067, 47.27613318931276], [24.857820100705776, 47.278797331007894], [24.855226093965864, 47.281461408406], [24.852631841380934, 47.284125421507085], [24.85198169504718, 47.28765746614909], [24.853275654964616, 47.292057542332], [24.854569893343246, 47.29645758159393], [24.855864410183074, 47.300857583934835], [24.855214050136183, 47.304389579878055], [24.852618813202582, 47.30705356942359], [24.85002333005924, 47.30971749464401], [24.84742760070616, 47.312381355539344], [24.844831625055306, 47.31504515209322], [24.842235403106688, 47.31770888430565], [24.83769368911217, 47.3195041569536], [24.83120648307176, 47.320430970037044], [24.826664153258065, 47.3222260232735], [24.82406669967108, 47.32488931666295], [24.82341449110083, 47.32842112222747], [24.824707527547318, 47.33282143996706], [24.82405494872412, 47.336353207413524], [24.821456754631242, 47.33901642456688], [24.816912576341927, 47.340810819260284], [24.810422413856177, 47.34173639149377], [24.805877619068823, 47.343530566569896], [24.803278191979864, 47.346193344488675], [24.802624501299746, 47.34972499749609], [24.803916547028475, 47.354125525592124], [24.805208871204954, 47.358526016961505], [24.806501473829183, 47.36292647160424], [24.80909444061513, 47.36599542160843], [24.812987771562796, 47.36773286697407], [24.818181097440316, 47.36813853529982], [24.824674418247678, 47.36721242658567], [24.83116752520479, 47.36628591797724], [24.83766041831165, 47.36535900947452], [24.844153097413404, 47.36443170111884], [24.850645562510056, 47.363503992910196], [24.855190522896578, 47.36170814099716], [24.85778797857297, 47.35904414537971], [24.86038518747817, 47.35638008543228], [24.86298214961218, 47.353715961154855], [24.8675259087156, 47.35191933505939], [24.874016464788433, 47.35099020714591], [24.87855960715573, 47.34919336176902], [24.881155335817496, 47.34652879892873], [24.883750817966487, 47.34386417182626], [24.886346053602697, 47.3411994804616], [24.890887995086647, 47.33940186137266], [24.89737664241833, 47.338471314559435], [24.901917967580403, 47.33667347638211], [24.904511970572866, 47.33400834684069], [24.905159022166846, 47.330476197790624], [24.903859122362345, 47.326077029231904], [24.90255950230418, 47.32167782363275], [24.901260161992347, 47.31727858099315], [24.901907001910192, 47.313746383483696], [24.904500022057714, 47.31108123110441], [24.909038852032808, 47.309282852195835], [24.915523491835476, 47.308351246757965], [24.92006170643412, 47.306552648978624], [24.922653495828747, 47.303887058857796], [24.925245039415525, 47.301221404605315], [24.927836337194456, 47.298555686221164], [24.930427389253524, 47.29588990372162], [24.933018195592723, 47.293224057106684], [24.93366319456915, 47.289691670712294], [24.932362386182806, 47.285292744538445], [24.931061857478632, 47.28089378120777], [24.929761608456626, 47.27649478072029], [24.92846163894828, 47.27209574307644], [24.9271619489536, 47.26769666827623], [24.924567623446784, 47.264630374279406], [24.92067866242783, 47.26289686108597], [24.91678997940562, 47.26116319403295], [24.912901574380157, 47.259429373120355], [24.910308608529874, 47.256362761257144], [24.909011081854775, 47.251963358443305], [24.906418794968868, 47.24889652938585], [24.902531747872157, 47.24716227408478], [24.897349571390034, 47.246760321319336]]]}}, {"type": "Feature", "properties": {"band": "echo", "dbz": 35.0, "source": "OPERA-ORD", "time": "20260725155000"}, "geometry": {"type": "Polygon", "coordinates": [[[25.09251614444006, 47.12561802166496], [25.088632438208485, 47.123890480930754], [25.084749007741983, 47.12216278627604], [25.080865853040557, 47.12043493770082], [25.075694773898796, 47.12004156837846], [25.0692357703167, 47.12098267830894], [25.06277655254707, 47.12192339087338], [25.05631712058991, 47.122863706071755], [25.049857474596124, 47.123803623862784], [25.043397614565706, 47.12474314424648], [25.036937540649678, 47.125682267181574], [25.03047725284803, 47.12662099266807], [25.024016751311848, 47.127559320664744], [25.017556036041135, 47.12849725117159], [25.01303576917326, 47.13030017101432], [25.010455950708224, 47.132968080192946], [25.009816950107634, 47.13650124872278], [25.011118767371496, 47.14089967660382], [25.01371101348377, 47.14396405996501], [25.017593688444467, 47.14569439880633], [25.021476639643303, 47.147424583856434], [25.025359867080283, 47.149154615115314], [25.026011454432457, 47.15135372780475], [25.02343140169983, 47.15402192192474], [25.020851105372163, 47.15669005224276], [25.018270565449452, 47.15935811875879], [25.01568978184457, 47.1620261214568], [25.013108754557518, 47.16469406033677], [25.00858537647552, 47.16649655946489], [25.002119647598576, 47.16743361884115], [24.997595658578636, 47.16923590016658], [24.995013409415698, 47.17190340344118], [24.994373269958828, 47.175436399004155], [24.995675240208023, 47.17983488685552], [24.99503473608851, 47.183367844788336], [24.992451757600293, 47.18603527280263], [24.989868534993793, 47.18870263691848], [24.987285068269014, 47.19136993713589], [24.984701357338636, 47.19403717343875], [24.982117402202668, 47.196704345827044], [24.977590355964722, 47.19850553737802], [24.971120218624804, 47.199440748091654], [24.964649867496046, 47.200375560590224], [24.958179302578444, 47.20130997487373], [24.95170852402431, 47.202243990900925], [24.94523753183363, 47.20317760867181], [24.940708710929165, 47.204977477126434], [24.938122061310917, 47.20764359626481], [24.937477952188786, 47.211176236880874], [24.938776383562775, 47.21557539897463], [24.94007509384691, 47.219974523835994], [24.941374083041197, 47.22437361146497], [24.94396704076823, 47.227439523520765], [24.947853967028006, 47.22917226000338], [24.953034492090488, 47.22957154996522], [24.95950861595567, 47.22863739340629], [24.964038754454375, 47.226836958463494], [24.96662490758661, 47.22417024513683], [24.96921081607013, 47.221503467833514], [24.971796479904942, 47.218836626553525], [24.975032959708905, 47.21836899557181], [24.97892025548202, 47.22010057488835], [24.981515243583463, 47.22316560145459], [24.982817924013236, 47.22756407527053], [24.982176434591373, 47.23109684940496], [24.979590775317867, 47.2337639238579], [24.975060575587143, 47.23556502777083], [24.968585835399196, 47.236500161143766], [24.962110881022483, 47.23743489598634], [24.955635712457003, 47.23836923229857], [24.949160329855488, 47.23930317003911], [24.942684733217945, 47.24023670920795], [24.938152755546312, 47.242036489028955], [24.935564396840594, 47.244702509502105], [24.93492002696207, 47.24823504168612], [24.93621964591074, 47.252634085581015], [24.937519544239265, 47.25703309228109], [24.938819721947652, 47.261432061786344], [24.941414723919785, 47.26449790489927], [24.94530455015567, 47.2662306216199], [24.949194654383817, 47.26796318437624], [24.953085036604225, 47.269695593168336], [24.955681399303018, 47.27276111797515], [24.956983742480194, 47.2771597587967], [24.95828636574564, 47.281558362382626], [24.95958926909936, 47.285956928732915], [24.958946056099617, 47.28948944428628], [24.956356726746414, 47.29215590904273], [24.95376715183693, 47.29482230975357], [24.95117733137117, 47.29748864641882], [24.950533909419537, 47.301021113522964], [24.95183688598203, 47.305419711066], [24.953140142936444, 47.309818271411324], [24.954443680282775, 47.314216794558945], [24.957042774094568, 47.31728203286488], [24.96093742437182, 47.31901398632914], [24.966127259347648, 47.31941238343185], [24.972612279022044, 47.31847722417302], [24.977149449154314, 47.31667617836514], [24.979738769744447, 47.31400924600824], [24.982327844666084, 47.3113422496641], [24.984916673919226, 47.308675189332746], [24.989452643625004, 47.306873371499584], [24.99593575378342, 47.305936796164595], [25.000471108294956, 47.30413475998875], [25.003058707159614, 47.30146726297203], [25.005646060613838, 47.29879970203541], [25.008233168657632, 47.29613207717889], [25.012767323147386, 47.29432926944678], [25.019248524083103, 47.29339127883909], [25.02378206379374, 47.291588252956416], [25.026367942279293, 47.28892019179876], [25.02700653229393, 47.2853873664603], [25.02569783383766, 47.28098977694102], [25.02633605786893, 47.27745691423536], [25.028921204387743, 47.27478877834332], [25.033452900780688, 47.27298509831492], [25.039931147047753, 47.27204587415015], [25.0444622293412, 47.27024197617508], [25.047046147661035, 47.267573404389694], [25.047683274831048, 47.26404042966443], [25.046373610851237, 47.25964305199931], [25.0470103727635, 47.25611003996147], [25.04959356056783, 47.2534413935509], [25.052831576561786, 47.25297131924988], [25.056724420745372, 47.25469981705841], [25.060617542491045, 47.25642816059688], [25.0645109417988, 47.25815634986533], [25.06840461869429, 47.259884384828304], [25.072298573177516, 47.26161226548581], [25.076192805274086, 47.26333999180244], [25.08008731498401, 47.26506756377819], [25.085272829473322, 47.26546014327032], [25.091749348742017, 47.26451773027883], [25.09627809095626, 47.262711622010556], [25.098859056116055, 47.260041818465474], [25.09949261810841, 47.25650859027009], [25.098178776933327, 47.25211193742441], [25.095574975041373, 47.249050095629244], [25.091681212432547, 47.2473230648846], [25.087787727188413, 47.24559587980418], [25.083894519308977, 47.243868540387965], [25.083238282675367, 47.24167011212883], [25.085819017287584, 47.23900059502678], [25.089055864088213, 47.23852941601422], [25.092948823077258, 47.24025657509114], [25.09684205934816, 47.241983579834], [25.100735572900923, 47.24371043024277], [25.105919113185617, 47.24410203361025], [25.11239268020224, 47.24315838993641], [25.116918968925333, 47.241351411826656], [25.119497979354897, 47.23868109928098], [25.120130085444295, 47.23514772270232], [25.118815287193524, 47.230751282090665], [25.116211504909106, 47.22768990697252], [25.112318738591036, 47.22596359734789], [25.108426249306508, 47.22423713339434], [25.104534037055526, 47.222510515111864], [25.10387732163848, 47.22031219282431], [25.106456103055365, 47.217642166531675], [25.10903464054163, 47.214972076630325], [25.111612934097266, 47.21230192312025], [25.112245527863095, 47.20876851281764], [25.11093242183912, 47.2043718457225], [25.10961959751406, 47.1999751408816], [25.10830705488792, 47.19557839829494], [25.10570600530838, 47.192516615375546], [25.101816448775445, 47.190789792123404], [25.096638012555296, 47.190397658440155], [25.09017069664793, 47.19134021432579], [25.0837031654463, 47.1922823723005], [25.0772354189504, 47.193224132364264], [25.0707674573118, 47.1941654944756], [25.064299280530502, 47.19510645863449], [25.057830888758183, 47.19604702479947], [25.051362281994834, 47.196987192970525], [25.046184087838192, 47.196592734555985], [25.04229630628825, 47.194863649555835], [25.03969930873924, 47.19180020833143], [25.03839309519117, 47.18740241088276], [25.039030251734502, 47.18386924616914], [25.041610778369243, 47.181200714190545], [25.046134303993032, 47.179396544687734], [25.05260082860587, 47.178456737660724], [25.059067138504687, 47.177516532776266], [25.065533233689496, 47.176575930034375], [25.07005556590686, 47.17477099137207], [25.07263413515678, 47.172101716789335], [25.073269313014666, 47.16856837640552], [25.071961099480518, 47.164170970220624], [25.07259591418176, 47.1606375925008], [25.075173757118396, 47.15796824324605], [25.077751356692723, 47.155298830330096], [25.080328712904745, 47.152629353752936], [25.082905825841554, 47.149959813530565], [25.085482695503156, 47.147290209662984], [25.090001974430123, 47.145484184414514], [25.096463662622455, 47.14454173778517], [25.098385379427928, 47.139673333860884], [25.095767124846542, 47.130878972641675], [25.09251614444006, 47.12561802166496]]]}}, {"type": "Feature", "properties": {"band": "echo", "dbz": 35.0, "source": "OPERA-ORD", "time": "20260725155000"}, "geometry": {"type": "Polygon", "coordinates": [[[25.122918367816176, 47.27832919342127], [25.116440625338093, 47.27927356387466], [25.111911156574084, 47.28108079423926], [25.10932996152416, 47.28375088451507], [25.108697414862558, 47.28728410538753], [25.110013516589266, 47.29168045685664], [25.1126207385266, 47.29474167227224], [25.116519080674554, 47.29646775163434], [25.121708168063662, 47.29685842415512], [25.128188000693925, 47.2959136898346], [25.132718139522574, 47.29410600684014], [25.135298584549616, 47.291435375171744], [25.13592971112374, 47.28790206553654], [25.134611519244945, 47.283506077934504], [25.132003627242966, 47.28044531514876], [25.128106035117803, 47.278719777179305], [25.122918367816176, 47.27832919342127]]]}}, {"type": "Feature", "properties": {"band": "echo", "dbz": 35.0, "source": "OPERA-ORD", "time": "20260725155000"}, "geometry": {"type": "Polygon", "coordinates": [[[24.82218819887475, 47.26669948920108], [24.815707290219756, 47.26762523072309], [24.811168850332475, 47.269419590853886], [24.8085728792129, 47.27208256959347], [24.807919744276823, 47.27561443865458], [24.809209445524246, 47.280015198037205], [24.811797656850597, 47.283084378883224], [24.815684378255877, 47.28482198119262], [24.820869242034398, 47.28522773314936], [24.82735224818616, 47.28430163475345], [24.831891369069744, 47.28250682446091], [24.834486604685157, 47.27984330227177], [24.835138323120812, 47.27631133992282], [24.833846524376714, 47.27191093741406], [24.831257632054058, 47.268842206729786], [24.827371646152848, 47.26710514786998], [24.82218819887475, 47.26669948920108]]]}}, {"type": "Feature", "properties": {"band": "echo", "dbz": 35.0, "source": "OPERA-ORD", "time": "20260725155000"}, "geometry": {"type": "Polygon", "coordinates": [[[16.70219298023133, 47.5925985886326], [16.695581143938988, 47.59301896383544], [16.690769701352636, 47.59445514154911], [16.68775865247227, 47.59690712177361], [16.68654816987061, 47.60037520042902], [16.68713825354766, 47.604859377515325], [16.689234436858694, 47.6081175229781], [16.692836719803715, 47.61014963681734], [16.697944929668573, 47.610955422987175], [16.704559066453264, 47.6105348814876], [16.70937148640791, 47.609098324661794], [16.712382189532505, 47.606645752509735], [16.71359134901017, 47.603177461038904], [16.712998964840903, 47.59869345024931], [16.710901804161576, 47.59543568389867], [16.707299866972193, 47.59340416198701], [16.70219298023133, 47.5925985886326]]]}}, {"type": "Feature", "properties": {"band": "echo", "dbz": 35.0, "source": "OPERA-ORD", "time": "20260725155000"}, "geometry": {"type": "Polygon", "coordinates": [[[18.873397150470954, 47.40453530491572], [18.866826813683733, 47.40509127798749], [18.86025634644804, 47.40564684134287], [18.85368574876388, 47.40620199498187], [18.84711502081282, 47.4067567388789], [18.840544162594856, 47.40731107303394], [18.83580956163671, 47.408843848149374], [18.832911217938385, 47.411355064225205], [18.830012603207784, 47.413866199300884], [18.82711371744491, 47.416377253376425], [18.824214560563988, 47.4188882264299], [18.82131513256502, 47.42139911846132], [18.820252336165602, 47.42488893531763], [18.821026171365727, 47.42935767699881], [18.82325028283156, 47.43257091841954], [18.826924670563095, 47.43452865957982], [18.8320491097912, 47.4352306099715], [18.838623600515874, 47.43467676959459], [18.8451979608958, 47.43412251921776], [18.851772190930983, 47.43356785884101], [18.856508448693344, 47.43203461444351], [18.859406734182873, 47.42952278602526], [18.8623047485262, 47.42701087667516], [18.865202491723323, 47.424498886393216], [18.869937655069958, 47.42296479569073], [18.876510238566098, 47.42240860456769], [18.88124478456721, 47.42087425531429], [18.884141293073277, 47.418361747930504], [18.88519999010227, 47.414871372696865], [18.884420875654182, 47.41040312961337], [18.882194068538745, 47.40719108564868], [18.878519568755955, 47.40523524080278], [18.873397150470954, 47.40453530491572]]]}}, {"type": "Feature", "properties": {"band": "echo", "dbz": 35.0, "source": "OPERA-ORD", "time": "20260725155000"}, "geometry": {"type": "Polygon", "coordinates": [[[9.858889214449082, 47.63492900120372], [9.855562586056454, 47.637177396487246], [9.852235663903734, 47.63942568337454], [9.848908447990922, 47.641673861865605], [9.845580938245693, 47.643921931931004], [9.842253134668042, 47.64616989357074], [9.838925037185643, 47.648417746755385], [9.835596645798491, 47.65066549148492], [9.83226796043425, 47.65291312772991], [9.828938981092918, 47.65516065549034], [9.827266849452682, 47.65853725691957], [9.827251565513544, 47.66304293201762], [9.825578844145193, 47.66641941711356], [9.82224868534763, 47.6686667122074], [9.818918232297728, 47.670913898740295], [9.815587484995488, 47.67316097671225], [9.815579543823944, 47.675413791914266], [9.818894408783095, 47.677672344346334], [9.822209567716508, 47.67993078932194], [9.825525020624184, 47.68218912684107], [9.827175094926805, 47.68557108958865], [9.827159790624368, 47.690076677564676], [9.828810451650927, 47.69345852610901], [9.832127078006486, 47.69571663522168], [9.837109674097487, 47.69685070248094], [9.843758239923929, 47.69686072788678], [9.850406808060418, 47.69687033556907], [9.857055378506951, 47.696879525527805], [9.863703951062659, 47.696888297762534], [9.87035252572754, 47.69689665227325], [9.875341607167051, 47.69577636812116], [9.878671195381191, 47.69352744530622], [9.878676788596254, 47.69127465529128], [9.875358386812236, 47.68901799807635], [9.872040279196696, 47.68676123322168], [9.868722465749634, 47.68450436072729], [9.867069442699552, 47.6811231131188], [9.867081210046456, 47.676617490396225], [9.865428773902073, 47.67323612834542], [9.862112134266408, 47.670979026966386], [9.858795788522402, 47.66872181802322], [9.85547973667006, 47.66646450151592], [9.855485910413561, 47.6642116687964], [9.858814309752905, 47.661963319864654], [9.862142415013388, 47.65971486251395], [9.86547022619501, 47.65746629674429], [9.867140007632152, 47.65408915889835], [9.867151759324814, 47.64958344897613], [9.86716350841174, 47.645077724492126], [9.86717525489293, 47.64057198544633], [9.865523978261491, 47.637190537833064], [9.862209678517427, 47.634933381652324], [9.858889214449082, 47.63492900120372]]]}}, {"type": "Feature", "properties": {"band": "echo", "dbz": 35.0, "source": "OPERA-ORD", "time": "20260725155000"}, "geometry": {"type": "Polygon", "coordinates": [[[10.322112662080695, 47.64241744155559], [10.315471239866682, 47.642437468306085], [10.310496926294999, 47.64357875595528], [10.307189721365646, 47.64584130450319], [10.305549633124802, 47.649225415936584], [10.305576661572463, 47.65373109025546], [10.307257880036072, 47.65710548837442], [10.31059328851563, 47.65934861029345], [10.313914883224818, 47.659338802601425], [10.317222664163634, 47.657076065298334], [10.320530151626176, 47.65481322101699], [10.323837345612441, 47.65255026975738], [10.327144246195886, 47.65028721154863], [10.330450853376512, 47.64802404639074], [10.330436461022042, 47.64577120490392], [10.327101069132484, 47.64352868708821], [10.322112662080695, 47.64241744155559]]]}}, {"type": "Feature", "properties": {"band": "echo", "dbz": 35.0, "source": "OPERA-ORD", "time": "20260725155000"}, "geometry": {"type": "Polygon", "coordinates": [[[19.660613891397773, 46.980745438299564], [19.654104268707812, 46.98134996245201], [19.647594507503396, 46.98195408157244], [19.641084607784528, 46.982557795660846], [19.634574569724517, 46.98316110469013], [19.62806439332337, 46.9837640086603], [19.623389902798536, 46.98533184657231], [19.62055109815001, 46.987864618426165], [19.62096780394392, 46.99009620680505], [19.62464002018026, 46.992026611708965], [19.62831252053426, 46.993956880003324], [19.63198530500592, 46.99588701168811], [19.63565837363878, 46.997817006729846], [19.639331726432843, 46.999746865128515], [19.642587565825657, 46.999445123079944], [19.645425891817222, 46.996911780584135], [19.648263954918608, 46.99437835981878], [19.65110175512981, 46.991844860783885], [19.65577601328102, 46.99027579073063], [19.662286729372234, 46.98967114965902], [19.66696038199356, 46.988101828065396], [19.669796971144997, 46.98556782594978], [19.669378624976225, 46.98333641272481], [19.665705343487243, 46.981407588390496], [19.660613891397773, 46.980745438299564]]]}}, {"type": "Feature", "properties": {"band": "echo", "dbz": 35.0, "source": "OPERA-ORD", "time": "20260725155000"}, "geometry": {"type": "Polygon", "coordinates": [[[9.56841190467679, 47.23644395587533], [9.561822915414714, 47.23641666314395], [9.556871387172865, 47.23752278495893], [9.553557319951244, 47.23976232132024], [9.550242964316844, 47.24200174910617], [9.546928320269668, 47.2442410683167], [9.541975940996348, 47.24534625168985], [9.535385826496892, 47.24531729922565], [9.530432874162194, 47.24642216575607], [9.527117083992257, 47.24866085128114], [9.525438443997349, 47.2520336545865], [9.52539695417747, 47.25654057567217], [9.525355455228382, 47.26104748156015], [9.525313947150087, 47.265554372250435], [9.526931203196527, 47.268941932148024], [9.530207223367704, 47.27121016125291], [9.535142019670864, 47.2723587605786], [9.541735592106011, 47.27238773012508], [9.54667096799934, 47.27353601812983], [9.549948147350847, 47.275803624592825], [9.549928244850378, 47.27805705147318], [9.546611260497933, 47.28029629877089], [9.543293987154753, 47.28253543739454], [9.53997642482084, 47.28477446734412], [9.538297439401386, 47.28814738504891], [9.538257030896396, 47.292654190508884], [9.53821661349345, 47.29716098082957], [9.538176187192555, 47.301667756010936], [9.539795412512921, 47.305055028043924], [9.543074289454552, 47.307322796928545], [9.546353454745176, 47.30959045990021], [9.549632908384794, 47.31185801695892], [9.551252982217736, 47.315245155657884], [9.551213676244007, 47.3197518759971], [9.551174361610219, 47.324258581241075], [9.551135038316371, 47.32876527138982], [9.551095706357028, 47.33327194645761], [9.55105636573219, 47.337778606444424], [9.549376150480601, 47.34115149741297], [9.54605506060226, 47.343390619363255], [9.542733680840689, 47.34562963251719], [9.53941201119589, 47.34786853687477], [9.539392038440322, 47.350121842874046], [9.54267376257398, 47.35238955051503], [9.545955775692448, 47.354657152162076], [9.549238077795728, 47.35692464781519], [9.552520668956074, 47.35919203744583], [9.555803549173486, 47.36145932105398], [9.559086718520227, 47.36372649861107], [9.562370176996298, 47.365993570117126], [9.565653924673974, 47.36826053554354], [9.56893796155325, 47.370527394890324], [9.573883145035314, 47.371674096551786], [9.580489475120164, 47.371700640527926], [9.587095811380326, 47.37172676976708], [9.593702153815807, 47.371752484269244], [9.600308502230588, 47.37177778403323], [9.606914856624671, 47.371802669059015], [9.611878027390278, 47.37069453407598], [9.615198014527405, 47.368453379084116], [9.615215107953505, 47.366200090075466], [9.611929307668575, 47.36393466705003], [9.608643796580786, 47.361669137809976], [9.60535857469014, 47.359403502355306], [9.605375660580941, 47.357150198320966], [9.608695054253197, 47.35490922570697], [9.613656775521301, 47.35380076243051], [9.620260824385259, 47.35382480849161], [9.625221969042043, 47.3527160281526], [9.628540209491657, 47.350474421413494], [9.630215536166277, 47.34710028792099], [9.630247949065906, 47.342593627675065], [9.628621820508364, 47.33920777310318], [9.625337150493653, 47.33694272420535], [9.622052769310741, 47.334677569100975], [9.618768676959627, 47.33241230779008], [9.615484873368324, 47.3301469403012], [9.612201358536831, 47.32788146663435], [9.608918132393164, 47.32561588681811], [9.605635194937326, 47.32335020085245], [9.604011067248017, 47.319963987256806], [9.604045749325238, 47.31545724603116], [9.604080423765884, 47.3109504897008], [9.604115090569957, 47.30644371826573], [9.604149749742245, 47.301936931711694], [9.604184401282748, 47.29743013003868], [9.602561401910402, 47.2940437611249], [9.599280751625209, 47.291777824970346], [9.594342460629813, 47.290632022420716], [9.58774652892422, 47.29060635347602], [9.581150603356718, 47.29058027052905], [9.57455468392731, 47.2905537735798], [9.569617270580366, 47.28940703958927], [9.56633836331588, 47.28714006855746], [9.566357120397738, 47.28488665137958], [9.569673541825939, 47.28264678805562], [9.57462913515769, 47.28154010226165], [9.581223900392994, 47.28156659399767], [9.586178919396266, 47.28045959136827], [9.58949419216751, 47.278219094373476], [9.591169708179034, 47.274845402079784], [9.591205467430836, 47.27033851448719], [9.591241218816256, 47.26583161171742], [9.591276962335295, 47.26132469377044], [9.591312697992878, 47.256817760632025], [9.591348425789006, 47.25231081230217], [9.589727677999687, 47.24892413272499], [9.586450454624915, 47.2466577219005], [9.583173518763136, 47.2443912051541], [9.579896870414352, 47.24212458248578], [9.576620509506926, 47.23985785392397], [9.57334443604086, 47.23759101946868], [9.56841190467679, 47.23644395587533]]]}}, {"type": "Feature", "properties": {"band": "echo", "dbz": 35.0, "source": "OPERA-ORD", "time": "20260725155000"}, "geometry": {"type": "Polygon", "coordinates": [[[8.869638627118956, 47.24927574106478], [8.863048559433008, 47.24920459354676], [8.85808095136196, 47.25027767866629], [8.854735802905811, 47.25249499642338], [8.853013084946596, 47.255856845498215], [8.852912797484318, 47.26036322589081], [8.854485660285242, 47.26376095446416], [8.857731673349369, 47.266050031218256], [8.86102756278281, 47.26608582230554], [8.86437332858557, 47.263868327726016], [8.867718805028732, 47.26165072240517], [8.871063992112298, 47.259433006343], [8.874408889904505, 47.257215179569], [8.877753498405351, 47.254997242083164], [8.877802767232314, 47.25274403371113], [8.87455669638539, 47.2504555544529], [8.869638627118956, 47.24927574106478]]]}}, {"type": "Feature", "properties": {"band": "echo", "dbz": 35.0, "source": "OPERA-ORD", "time": "20260725155000"}, "geometry": {"type": "Polygon", "coordinates": [[[9.54432998830588, 47.16535260636867], [9.541020020139943, 47.167591871246756], [9.537709764561058, 47.1698310276477], [9.534399221569224, 47.17207007557151], [9.529453499127966, 47.17317473307919], [9.522872597237287, 47.17314500017078], [9.516291702397103, 47.1731148543225], [9.509710814607411, 47.17308429553438], [9.50478605568566, 47.171934423688896], [9.50151742563185, 47.169665238786045], [9.49824908190887, 47.16739594836157], [9.494981024516719, 47.16512655241549], [9.49005714038205, 47.163975752330856], [9.483477429504862, 47.163943548107696], [9.47689772625242, 47.16391093103002], [9.470318030624723, 47.16387790109782], [9.463738342814757, 47.16384445831261], [9.457158662822518, 47.1638106026744], [9.452211856582657, 47.164911851387586], [9.448897924095169, 47.167148204452154], [9.445583704109087, 47.16938444875631], [9.442269196624407, 47.17162058430006], [9.438954401571994, 47.17385661105442], [9.43563931895185, 47.176092529019414], [9.433957086501662, 47.179464048236], [9.433907704221435, 47.183971168704176], [9.433858311091795, 47.18847827385028], [9.433808907112745, 47.1929853636743], [9.435417911254698, 47.19637450738274], [9.438685323517655, 47.1986457049756], [9.441953022473788, 47.20091679717339], [9.445221008123093, 47.20318778397613], [9.448489280537302, 47.20545866535554], [9.451757839716409, 47.20772944131164], [9.456684830651595, 47.20888177372299], [9.46327025334286, 47.20891566258958], [9.4681978225442, 47.21006768456371], [9.47146753825562, 47.212337839645386], [9.474737540892804, 47.21460788920664], [9.478007830455756, 47.21687783324748], [9.482936277114742, 47.21802892634849], [9.489522880869767, 47.21806116850966], [9.496109492086482, 47.2180929973285], [9.502696110764886, 47.21812441280502], [9.507646718154975, 47.217021058244], [9.510961314256752, 47.21478293364544], [9.5142756222886, 47.21254470040189], [9.517589642250524, 47.21030635851336], [9.522539400860547, 47.20920206569668], [9.529124898118672, 47.20923182195186], [9.535710402252564, 47.20926116494161], [9.542295913262222, 47.20929009466592], [9.547244822707652, 47.20818486386245], [9.550557130588858, 47.20594547253122], [9.552232825428376, 47.20257221915982], [9.55227190722621, 47.19806510374826], [9.550655409766044, 47.19467768677653], [9.54738333304788, 47.192409968244604], [9.544111543034877, 47.19014214400923], [9.54084003972703, 47.187874214070405], [9.540859854902674, 47.185620634804756], [9.544170988561806, 47.18338140621228], [9.5474818346248, 47.18114206913692], [9.550792393091655, 47.178902623578665], [9.55246718748689, 47.17552929716605], [9.552506217810503, 47.17102208989906], [9.550890542826442, 47.16763460818158], [9.547620162534711, 47.165366852013605], [9.54432998830588, 47.16535260636867]]]}}, {"type": "Feature", "properties": {"band": "echo", "dbz": 35.0, "source": "OPERA-ORD", "time": "20260725155000"}, "geometry": {"type": "Polygon", "coordinates": [[[9.347618345459694, 47.110222396500504], [9.344303406670612, 47.112455533602045], [9.340988181045326, 47.11468856172488], [9.337672668583831, 47.11692148086903], [9.334356869217487, 47.119154291005536], [9.331040782946287, 47.12138699213439], [9.329353532832092, 47.12475696478338], [9.329295118874903, 47.1292642089525], [9.330895320627153, 47.13265510666138], [9.334154138088847, 47.13492965791002], [9.339071588145035, 47.13608756482138], [9.345647670795723, 47.13612882739545], [9.350593771898325, 47.1350328103033], [9.353909891452844, 47.132799513544924], [9.35559601304736, 47.12942923500109], [9.355652136681872, 47.12492197467181], [9.355708248007572, 47.12041469891041], [9.355764347024454, 47.1159074077169], [9.35416325111323, 47.11251677857754], [9.3509049602739, 47.11024281149234], [9.347618345459694, 47.110222396500504]]]}}, {"type": "Feature", "properties": {"band": "echo", "dbz": 35.0, "source": "OPERA-ORD", "time": "20260725155000"}, "geometry": {"type": "Polygon", "coordinates": [[[9.466765410120484, 47.02975700782519], [9.463460773970166, 47.03199405828565], [9.460155852218328, 47.03423100028651], [9.456850644864971, 47.03646783382779], [9.453545151841551, 47.038704558880745], [9.450239373148065, 47.04094117544537], [9.446933308715966, 47.043177683492914], [9.443626958545254, 47.04541408302338], [9.43869139562796, 47.046514574386066], [9.432126619964084, 47.046479157580976], [9.427190490163879, 47.04757933274756], [9.423883006227344, 47.049815099885805], [9.420575236403224, 47.05205075840922], [9.417267180691523, 47.0542863083178], [9.412330211361368, 47.055385547650836], [9.405764328412761, 47.05534847640834], [9.400826792125665, 47.05644739932762], [9.397517602500079, 47.058682316408664], [9.397491630325776, 47.06093607597873], [9.400748875602757, 47.06320867803782], [9.404006405640251, 47.06548117506043], [9.40726422043826, 47.06775356704655], [9.410522320067932, 47.07002585396819], [9.413780704529268, 47.07229803582533], [9.417039373893427, 47.07457011258997], [9.420298328160413, 47.0768420842621], [9.423557567401387, 47.07911395081368], [9.42681709161635, 47.081385712244725], [9.430076900876479, 47.083657368527184], [9.433336995181776, 47.085928919661065], [9.43494245931625, 47.08931840946746], [9.434893293279902, 47.093825837946355], [9.436499323013486, 47.097215216566376], [9.439760548517004, 47.09948654532752], [9.444676983975988, 47.100639526616796], [9.451248629390445, 47.100674160434195], [9.45782028277818, 47.100708381965816], [9.46439194413919, 47.100742191211665], [9.469309252752407, 47.101894246017295], [9.472572208617827, 47.104164546382705], [9.474180798347714, 47.107553389940605], [9.474135021942072, 47.11206077669099], [9.475744178201648, 47.11544950880687], [9.479008267126446, 47.11771958628825], [9.483927301922837, 47.11887071137271], [9.490501282590817, 47.11890288406024], [9.497075270665732, 47.11893464429599], [9.50364926614758, 47.118965992079964], [9.50856917378489, 47.12011618995672], [9.51183499357766, 47.122385237926245], [9.515101099090808, 47.12465418041349], [9.518367490324335, 47.126923017418456], [9.523288270451463, 47.12807228781341], [9.52986343947219, 47.12810199159837], [9.534804840232646, 47.12699727397182], [9.538112472732829, 47.12475813493374], [9.539786325228953, 47.12138487232699], [9.53982639772102, 47.11687748615156], [9.539866461425818, 47.11237008455142], [9.539906516343347, 47.10786266752659], [9.539946562479095, 47.10335523506279], [9.539986599833057, 47.09884778716003], [9.540026628410716, 47.094340323804026], [9.540066648212072, 47.089832844994774], [9.54173902619732, 47.08645939118702], [9.545043762366456, 47.08421996238076], [9.54998086823916, 47.08311426107372], [9.556550343815427, 47.08314228726591], [9.561486881038757, 47.08203627024792], [9.564790479909146, 47.07979621001975], [9.566461129383871, 47.07642240407191], [9.566498829462933, 47.07191485240439], [9.56488530127384, 47.068527333526866], [9.561620544816593, 47.06625984743934], [9.55670457112487, 47.06511209677931], [9.55013738019867, 47.06508408154677], [9.54357019588343, 47.065055654340796], [9.537003018179146, 47.06502681516137], [9.532087913569093, 47.063878137853834], [9.528824882053268, 47.0616096224182], [9.52556213539944, 47.0593410015714], [9.522299673607609, 47.05707227531343], [9.517385438429788, 47.05592267163145], [9.510819429865977, 47.055892190525455], [9.505905768337646, 47.0547422770252], [9.502644453844797, 47.05247293113068], [9.4993834240552, 47.050203479921386], [9.496122678968852, 47.047933923397316], [9.492862218514887, 47.04566426158653], [9.4896020426933, 47.04339449448902], [9.486342151433227, 47.04112462213283], [9.483082544734668, 47.03885464451794], [9.479823222526765, 47.03658456167238], [9.476564184809522, 47.03431437359615], [9.473305431512085, 47.03204408031727], [9.470046962634457, 47.02977368183573], [9.466765410120484, 47.02975700782519]]]}}, {"type": "Feature", "properties": {"band": "echo", "dbz": 35.0, "source": "OPERA-ORD", "time": "20260725155000"}, "geometry": {"type": "Polygon", "coordinates": [[[9.386812620739562, 46.99212791054464], [9.380254749120864, 46.99208924469014], [9.375322692721568, 46.99318702262119], [9.372016451541676, 46.995421244337784], [9.368709925177654, 46.99765535738305], [9.365403113629505, 46.999889361757], [9.362096016829053, 47.002123257430874], [9.3587886347763, 47.0043570444047], [9.358761023087686, 47.00661088606366], [9.362013181763214, 47.008884782407776], [9.366919326041273, 47.010041482524876], [9.373479455921867, 47.010080986414955], [9.380039594867366, 47.010120078834284], [9.386599742877774, 47.01015875978287], [9.39153295297624, 47.00906069257121], [9.394839225162764, 47.006825877199304], [9.396518544162186, 47.00345461056032], [9.396570909974503, 46.99894689265425], [9.394970708797723, 46.995556586143884], [9.391717940631848, 46.99328369102922], [9.386812620739562, 46.99212791054464]]]}}, {"type": "Feature", "properties": {"band": "echo", "dbz": 35.0, "source": "OPERA-ORD", "time": "20260725155000"}, "geometry": {"type": "Polygon", "coordinates": [[[9.87220209461639, 46.95778395608026], [9.865648368903056, 46.95777573545253], [9.859094645185865, 46.95776710379486], [9.852540923464817, 46.95775806110725], [9.847622224659162, 46.95887813110703], [9.844338548768896, 46.9611273137942], [9.841054588648923, 46.96337638932131], [9.83777034429924, 46.96562535768835], [9.832850797718248, 46.96674449742776], [9.826295948905939, 46.96673380853954], [9.821375835139609, 46.96785263499502], [9.81809045641926, 46.97010097679421], [9.816439808232055, 46.973479130544725], [9.816423890577997, 46.97798709624657], [9.818051230763379, 46.98137089215496], [9.821321828788196, 46.98363051826991], [9.826235689168907, 46.984765677856366], [9.83279281190551, 46.98477637091431], [9.837707242064585, 46.98591121918856], [9.840978979646138, 46.988170222679095], [9.842608020600164, 46.99155367813623], [9.842594364926669, 46.99606158555996], [9.844223973192026, 46.99944492744444], [9.847496845396241, 47.00170370378971], [9.852412985401918, 47.00283761771743], [9.858972393209052, 47.00284666922764], [9.863894795697899, 47.00172633168195], [9.867180192868457, 46.99947660508036], [9.870465305339275, 46.99722677133221], [9.873750133110354, 46.99497683043747], [9.877034676250972, 46.99272678242457], [9.880318934761128, 46.99047662729349], [9.88196618266567, 46.98709757788423], [9.881976419964595, 46.98258963419677], [9.881986655024784, 46.97808167489137], [9.881996887846235, 46.973573699968], [9.882007118430344, 46.96906570941239], [9.882017346777108, 46.964557703224536], [9.880386585081133, 46.961174791696486], [9.877114833342418, 46.95891697482825], [9.87220209461639, 46.95778395608026]]]}}, {"type": "Feature", "properties": {"band": "echo", "dbz": 35.0, "source": "OPERA-ORD", "time": "20260725155000"}, "geometry": {"type": "Polygon", "coordinates": [[[10.396292005397022, 46.93006176261146], [10.389741837159054, 46.93008640978344], [10.384837434641728, 46.931231756840184], [10.381578797845041, 46.93349780378169], [10.3783198778096, 46.935763745253645], [10.375060674535408, 46.93802958125605], [10.370155410450916, 46.93917400353172], [10.36360408555613, 46.93919701208066], [10.35705275544057, 46.93921960977194], [10.350501420104237, 46.93924179660557], [10.345595294802639, 46.940385293829465], [10.342334379535771, 46.94265010144362], [10.340718682939414, 46.946036515829235], [10.340748205013567, 46.9505445369863], [10.342408752425001, 46.95392015223788], [10.345700325173722, 46.95616336158398], [10.350622914616876, 46.95727386851616], [10.357176520754466, 46.95725167303442], [10.363730121664318, 46.9572290665349], [10.370283717346435, 46.9572060490176], [10.376837307610735, 46.957182620483565], [10.383390892457223, 46.95715878093278], [10.388314599568368, 46.95826773814738], [10.39160842894417, 46.96050949212734], [10.393272390356923, 46.96388433939022], [10.393306483806622, 46.968392279936026], [10.393340584713698, 46.972900204834616], [10.393374693078151, 46.977408114086], [10.395039522308444, 46.980782819751404], [10.39833507240458, 46.98302432183081], [10.40326133338964, 46.98413232360959], [10.409818305263622, 46.984106825087764], [10.414726933424664, 46.98296057801305], [10.417987217872767, 46.98069358238546], [10.42124721851187, 46.97842648132903], [10.42450693534197, 46.97615927484375], [10.427766368433435, 46.9738919629576], [10.431025517786264, 46.971624545670586], [10.432636341197218, 46.968236874328056], [10.4325988386663, 46.963728948930026], [10.432561344333278, 46.95922100786704], [10.432523858198158, 46.954713051139116], [10.43248638025584, 46.95020507873198], [10.432448910506325, 46.945697090645645], [10.430782993733684, 46.94232282161339], [10.427488629937917, 46.940082271635234], [10.422565808373935, 46.938975144340326], [10.416014529041735, 46.939001439728685], [10.411092272339348, 46.93789399780825], [10.40779903826677, 46.935652818579015], [10.404506088301863, 46.93341153147967], [10.401213422444625, 46.931170136510204], [10.396292005397022, 46.93006176261146]]]}}, {"type": "Feature", "properties": {"band": "echo", "dbz": 35.0, "source": "OPERA-ORD", "time": "20260725155000"}, "geometry": {"type": "Polygon", "coordinates": [[[10.221637435701771, 46.67809640058181], [10.208600004789936, 46.67812336581844], [10.200464220920043, 46.68152170341853], [10.197230084092093, 46.68829141338206], [10.190726493534253, 46.69281224332889], [10.18095344924653, 46.69508419325901], [10.172813450725288, 46.69847994932427], [10.16630649797053, 46.7029995115247], [10.161432598992121, 46.7086434687191], [10.158191753790062, 46.7154118209075], [10.161467959537259, 46.71991539167742], [10.171261216233711, 46.72215418102887], [10.18268218124153, 46.72326171586492], [10.195730854560715, 46.723237996185574], [10.205526623443733, 46.72547400797653], [10.212069487890583, 46.72996975123776], [10.220240059925231, 46.73333423945518], [10.23003833954768, 46.73556747262877], [10.239837455599687, 46.73779977924442], [10.24963740808126, 46.74003115930211], [10.257812183499345, 46.74339304409171], [10.264361781853943, 46.747885433613206], [10.274164242169107, 46.75011403294096], [10.287219564444836, 46.75007884207496], [10.295398544394773, 46.75343812125555], [10.298701182018915, 46.760191870482714], [10.302004675233821, 46.766945478715115], [10.305309024039486, 46.77369894595275], [10.313492209663048, 46.777055617341595], [10.326554232104503, 46.77701549288165], [10.339616235412077, 46.77697373072206], [10.352678219585767, 46.776930330862825], [10.365740183125046, 46.77688529331179], [10.378802126029912, 46.776838618068965], [10.38861575142878, 46.7790572904934], [10.395181059321654, 46.78354131058509], [10.400122932704356, 46.7891584321723], [10.403441371576893, 46.795908655255026], [10.410010064766977, 46.80039138426683], [10.419829012274615, 46.80260661920771], [10.429629625423445, 46.8025666803788], [10.439411904213465, 46.8002715677801], [10.44756990213192, 46.79910987930794], [10.454103619178813, 46.79908161496232], [10.454122787383099, 46.801335859152935], [10.447627406744779, 46.80587261187978], [10.446042619358488, 46.811515306414975], [10.449368425224225, 46.81826394275854], [10.454319628781487, 46.82387811728954], [10.46089623003028, 46.82835783000798], [10.470722169105983, 46.830567763251544], [10.483797446008602, 46.83050791702023], [10.496872694662317, 46.83044643123782], [10.509947915067128, 46.830383305904306], [10.52302310571677, 46.83031854103117], [10.536098266611246, 46.830252136618405], [10.549173396244349, 46.83018409267808], [10.562248494616082, 46.830114409210196], [10.57367648461933, 46.82892527729707], [10.583457366254098, 46.826616696938686], [10.588297036146557, 46.820954035215834], [10.588195494296702, 46.8119372921285], [10.593032620809518, 46.80627370467193], [10.602808415685, 46.80396327284614], [10.610990141597625, 46.80504299533129], [10.617577798547394, 46.8095128721274], [10.625786842085093, 46.81284524296193], [10.635617272210721, 46.815040107834875], [10.643828566682902, 46.81837141511173], [10.650420725501633, 46.82283916479247], [10.658633968641393, 46.82616890964442], [10.668468296102184, 46.82836064966757], [10.679922830120574, 46.82941348050919], [10.692997570696562, 46.829327402169284], [10.702772854163234, 46.827008096365844], [10.709248680520588, 46.82245556309887], [10.715786010511263, 46.82241088448625], [10.722384844135265, 46.82687406052798], [10.728984809649988, 46.83133680197016], [10.73558590705543, 46.83579910881281], [10.745424851376978, 46.83798311533297], [10.758501642614625, 46.83788882153065], [10.768342826882606, 46.84007156404244], [10.774948404180918, 46.84453134286834], [10.783173023599474, 46.84785120327083], [10.793016685138271, 46.850031145249886], [10.80286117192319, 46.85221015336886], [10.812706483954237, 46.85438822762774], [10.82255262084738, 46.856565367764716], [10.832399582602623, 46.85874157377978], [10.834088144405762, 46.86210974341115], [10.827618306256792, 46.866669876658804], [10.822800867961748, 46.87234382029666], [10.81963582952063, 46.879131574324745], [10.816469974218485, 46.88591919762057], [10.813303302055314, 46.89270669018411], [10.808481690432327, 46.89837964902861], [10.802005139349527, 46.90293807415405], [10.79883601345549, 46.90972517438339], [10.798974312750218, 46.91874094971662], [10.795802954033526, 46.92552761149515], [10.789321937305413, 46.93008515971896], [10.787770482398592, 46.935732412571895], [10.791148589313064, 46.94246937005392], [10.796148512976547, 46.94806666050607], [10.802770253389042, 46.95252428392834], [10.810977992449475, 46.95358778432055], [10.820771730157844, 46.95125716168269], [10.825597089140857, 46.945584077124835], [10.825454069398512, 46.936568530646994], [10.828621331589888, 46.929780766014915], [10.835098875714982, 46.92522078322862], [10.838265098337873, 46.91843293414399], [10.838119999458561, 46.909417218761035], [10.841283991012512, 46.90262893217096], [10.847757072999723, 46.89806807437376], [10.850920027793574, 46.89127970320648], [10.850772855394064, 46.88226381866912], [10.85227952312077, 46.87436149512107], [10.855440030973693, 46.86757273256235], [10.860253485825982, 46.86189726687191], [10.866719887677638, 46.85733509804973], [10.871531416312733, 46.851659283634795], [10.874688071731267, 46.84486982362709], [10.881151095740003, 46.84030640894321], [10.89092048833894, 46.83796903958315], [10.900728536755862, 46.83788478370881], [10.910575240990765, 46.840053641320196], [10.917193003407299, 46.84450468209803], [10.920581824005469, 46.85123790604229], [10.927201823107774, 46.85568767852083], [10.937053000714219, 46.85785399953363], [10.946904999793999, 46.86001938524748], [10.956757820347113, 46.8621838356624], [10.964912805170691, 46.86098174028706], [10.971369954264732, 46.85641309912147], [10.979482213194789, 46.85295550208818], [10.98924958196086, 46.850608949187176], [10.999016075984285, 46.848261478876324], [11.00878169526506, 46.84591309115563], [11.01523318560646, 46.84134198647672], [11.018370547008484, 46.8345481648396], [11.023207874336206, 46.831119075652666], [11.02974516758963, 46.83105471891592], [11.037939480631337, 46.83210049087802], [11.047790813461326, 46.83425639153896], [11.05593936296265, 46.83304716549031], [11.062385129135308, 46.8284728127321], [11.067172772408377, 46.82278790244173], [11.07030229278186, 46.815992434619204], [11.068599579525884, 46.8126280956119], [11.062064632640443, 46.812694885419816], [11.053918343238244, 46.81390461002459], [11.044160711319293, 46.816257269426245], [11.035969825512494, 46.81521195174216], [11.029345685817848, 46.810768656972314], [11.019499113247258, 46.80861051581564], [11.006430107800721, 46.80873752827212], [10.996670917425691, 46.811086212760806], [10.990221542122166, 46.815656569281714], [10.985299482419682, 46.814576096337646], [10.98190473831824, 46.807844793928616], [10.976940353831466, 46.804509663934844], [10.97040632895936, 46.80457070635633], [10.962259212122817, 46.80577327598209], [10.952499003321837, 46.80811737281211], [10.942697883312775, 46.80820647875364], [10.932855852095633, 46.80604059380667], [10.923014640617533, 46.80387377475068], [10.913174248878477, 46.80170602158566], [10.903373008762106, 46.80179144093495], [10.893610920268419, 46.804130032798554], [10.883847961750494, 46.806467707112276], [10.874084133208333, 46.808804463876136], [10.862667393567598, 46.81002651665677], [10.849597742828294, 46.81013386545416], [10.839759683048644, 46.80795964064061], [10.833153214228652, 46.803503842216095], [10.823316209589745, 46.801327149393195], [10.810248669131921, 46.80142956217191], [10.79718108244655, 46.80153033653049], [10.78411344953363, 46.801629472468946], [10.771045771895674, 46.80172696996927], [10.757978049532683, 46.80182282903147], [10.748145397748576, 46.79963993766874], [10.74154781654335, 46.79517829588109], [10.7317162274482, 46.792992938007984], [10.718650630463122, 46.793083864049464], [10.707203275275727, 46.7920352500744], [10.697374161886017, 46.78984709608281], [10.68916416829206, 46.786520305304826], [10.68257329449386, 46.78205487774043], [10.674365244573416, 46.778726524895234], [10.664540018530726, 46.776535246769235], [10.653096741301782, 46.77548014046757], [10.640035412886586, 46.77556120599025], [10.633477448672519, 46.77334748623651], [10.633422848659581, 46.76883898120634], [10.634986587197588, 46.76319334508984], [10.63816866428654, 46.756410577887], [10.639704612045321, 46.74851059706053], [10.639594430473927, 46.73949340261042], [10.634631776375675, 46.73388724932194], [10.624816649750564, 46.73169213719507], [10.615002348589751, 46.72949609516533], [10.605188872893242, 46.727299123232726], [10.595376223035409, 46.725101221658726], [10.58556439901625, 46.72290239044332], [10.577372057756751, 46.719566601705736], [10.57079919925691, 46.715093855445964], [10.560989854247687, 46.71289223635271], [10.547944022729082, 46.71296174442597], [10.534898160217944, 46.71302961709786], [10.521852266714275, 46.71309585436837], [10.508806343711331, 46.71316045622553], [10.495760391209112, 46.713223422669344], [10.484355269133081, 46.71440464231698], [10.474590977483237, 46.716704115168426], [10.466466696854647, 46.720122753323196], [10.459982427247317, 46.72466055678129], [10.455138191233752, 46.73031811469308], [10.451933988813954, 46.73709542705858], [10.443805474287517, 46.74051149379807], [10.430752647654439, 46.740566314911554], [10.419340121160234, 46.741740389336854], [10.409567894804903, 46.74403371707397], [10.399794814081655, 46.74632612392675], [10.390020878990494, 46.748617609895206], [10.378606315831881, 46.749786676935024], [10.365551124605815, 46.749833325046225], [10.354120509465682, 46.748745886548456], [10.344314470411478, 46.74652436144171], [10.339382229904441, 46.740904832929466], [10.339323787944574, 46.731887301011724], [10.339265371407986, 46.722869704977754], [10.339206980294684, 46.71385204482756], [10.334278981099104, 46.70823148046773], [10.324481373821246, 46.706008011898255], [10.313060542666097, 46.704915491195344], [10.300016487633652, 46.70495391835898], [10.286972415807632, 46.704990710347964], [10.273928327188042, 46.70502586716227], [10.262509409717262, 46.7039283284926], [10.252715663395298, 46.70169809433896], [10.244547942070167, 46.69833607024319], [10.238006245741868, 46.69384225620528], [10.233090585972711, 46.68821724138061], [10.229800962762695, 46.681461025769195], [10.221637435701771, 46.67809640058181]]]}}, {"type": "Feature", "properties": {"band": "echo", "dbz": 35.0, "source": "OPERA-ORD", "time": "20260725155000"}, "geometry": {"type": "Polygon", "coordinates": [[[6.0839101685399735, 46.75801913994426], [6.077389172570501, 46.757773525847284], [6.0724137590762375, 46.75871448259686], [6.068983928057181, 46.76084201019299], [6.065553813200289, 46.762969419427186], [6.062123414505562, 46.765096710299446], [6.058692731913795, 46.76722388277936], [6.055261765424991, 46.76935093686693], [6.053376218707146, 46.772665050264], [6.05303609176026, 46.77716622297059], [6.054412007389478, 46.78060389256078], [6.0575039655947975, 46.78297805903455], [6.060596199251522, 46.78535213098779], [6.063688708359653, 46.78772610842051], [6.065065311251326, 46.79116367250879], [6.06472600792654, 46.79566482325262], [6.064386630762665, 46.80016595657347], [6.064047179759703, 46.80466707247133], [6.065424470595701, 46.80810453104924], [6.068518503270659, 46.81047833230716], [6.073329375496248, 46.81178818276928], [6.079857087272468, 46.81203408243556], [6.086384855299421, 46.81227957337949], [6.09291267957711, 46.812524655601095], [6.099440559920263, 46.81276932908926], [6.105968496328877, 46.81301359384398], [6.112496488617658, 46.81325744985425], [6.119024536786605, 46.81350089712004], [6.123837086112163, 46.81480865666712], [6.126934136594331, 46.81718072849549], [6.130031463125549, 46.81955270554829], [6.133129065705819, 46.82192458782554], [6.136393453565281, 46.822045710060294], [6.139824626703939, 46.81991607225255], [6.141706649952223, 46.81660057077488], [6.1420395233101335, 46.81209920562725], [6.143920945510814, 46.80878356551611], [6.147350916554265, 46.80665365044145], [6.150780603178838, 46.804523617162175], [6.154210005384534, 46.80239346567828], [6.154376053330844, 46.800142745380924], [6.151278747017769, 46.7977714562701], [6.146467079211922, 46.796464952455324], [6.139941049913302, 46.7962232339366], [6.135129965601538, 46.794916442734696], [6.132033826276629, 46.792544578849615], [6.128937962643235, 46.790172620222016], [6.125842374701356, 46.78780056685191], [6.122747062375125, 46.78542841876447], [6.119652025664543, 46.783056175959686], [6.118271773647958, 46.779619349466984], [6.118606306325371, 46.775117939286375], [6.117226573170052, 46.77168102117591], [6.114132574182003, 46.76930859513561], [6.109324405712838, 46.76800036796647], [6.102802067762557, 46.7677563396685], [6.097994482136318, 46.766447825499455], [6.094901648834121, 46.76407482545932], [6.091809090768444, 46.761701730827625], [6.088716807939288, 46.759328541604376], [6.0839101685399735, 46.75801913994426]]]}}, {"type": "Feature", "properties": {"band": "echo", "dbz": 35.0, "source": "OPERA-ORD", "time": "20260725155000"}, "geometry": {"type": "Polygon", "coordinates": [[[10.251794819508968, 46.849360609597134], [10.245254739065457, 46.84937619229543], [10.240354763135626, 46.85051482253208], [10.237094891719476, 46.852776500307066], [10.233834737999825, 46.85503807231692], [10.230574301976672, 46.857299538561634], [10.227303974058266, 46.85730671550747], [10.224023754244602, 46.85505960315444], [10.220743817242468, 46.85281238364159], [10.217464163051861, 46.85056505696893], [10.212554285833694, 46.849447954779166], [10.206014185587968, 46.849461077072284], [10.20111334741367, 46.85059786397657], [10.197851771310802, 46.852858315492014], [10.196229462269779, 46.85624272730638], [10.196246420290597, 46.86075109941966], [10.197894731620911, 46.864129244563145], [10.201174396260718, 46.86637716273685], [10.204454343877043, 46.86862497378555], [10.207734574469884, 46.87087267770925], [10.211015088107757, 46.87312027447969], [10.214295884790666, 46.87536776409685], [10.219208026275153, 46.876484533624385], [10.225751512561219, 46.87647058306229], [10.230654034772805, 46.875332889047975], [10.233915592909913, 46.87307145158144], [10.237176868497038, 46.8708099083177], [10.240437861534176, 46.868548259256755], [10.245339528773334, 46.86740964034803], [10.251881870214513, 46.86739405159153], [10.256782970438936, 46.86625512257816], [10.260042829446604, 46.86399285330792], [10.261661453676474, 46.8606075395911], [10.26163884312855, 46.85609918142769], [10.25998686832362, 46.85272195632148], [10.256705529261689, 46.85047586427249], [10.251794819508968, 46.849360609597134]]]}}, {"type": "Feature", "properties": {"band": "echo", "dbz": 35.0, "source": "OPERA-ORD", "time": "20260725155000"}, "geometry": {"type": "Polygon", "coordinates": [[[8.8281576450992, 46.75289979295445], [8.821630289529129, 46.752826131862236], [8.816709187381457, 46.75389775133249], [8.81339433865619, 46.756114651365195], [8.810079207532112, 46.758331441471434], [8.806763794009221, 46.76054812165121], [8.80344809802168, 46.76276469187577], [8.800132119569486, 46.764981152145126], [8.798422345161274, 46.76834338426906], [8.798318774797043, 46.77285138824756], [8.798215181871821, 46.777359376142556], [8.79811156638561, 46.78186734795406], [8.799666795381693, 46.785267108605], [8.802880868860072, 46.78755865809538], [8.807753816609534, 46.78874170139821], [8.814285638630075, 46.788816238513476], [8.819209860893505, 46.787744993655764], [8.822526483399823, 46.78552796682508], [8.825842823146948, 46.78331083005385], [8.829158880134878, 46.781093583342084], [8.832474654429594, 46.77887622671856], [8.8357901460311, 46.77665876018327], [8.837497989370181, 46.77329600338167], [8.837598184446842, 46.768787956313744], [8.837698357710856, 46.76427989315787], [8.83779850916223, 46.759771813914035], [8.836241769386996, 46.75637248659423], [8.833028138385156, 46.754081911198455], [8.8281576450992, 46.75289979295445]]]}}, {"type": "Feature", "properties": {"band": "echo", "dbz": 35.0, "source": "OPERA-ORD", "time": "20260725155000"}, "geometry": {"type": "Polygon", "coordinates": [[[17.6008585385885, 46.4459403863639], [17.59795176993137, 46.44841915721678], [17.595044739033188, 46.45089784456272], [17.592137445893957, 46.453376448401706], [17.58745242160036, 46.45485301248761], [17.580989666152394, 46.455327536820434], [17.57452680453529, 46.455801658279704], [17.568063836749044, 46.45627537686541], [17.563377796556008, 46.45775109694057], [17.560468683956184, 46.46022881850516], [17.560791440160127, 46.462469954845076], [17.564346065167836, 46.464474505960325], [17.567900969138336, 46.466478928217626], [17.571456152071622, 46.46848322161698], [17.575011614015942, 46.47048738612662], [17.578567354971284, 46.472491421746554], [17.58357768594376, 46.473256086669245], [17.590042606933352, 46.472781380894716], [17.59472911584592, 46.47130470269103], [17.59763721268145, 46.46882605205821], [17.60054504705612, 46.46634731790652], [17.603452618969918, 46.46386850023595], [17.60635992850206, 46.461389599068326], [17.60926697565254, 46.45891061440364], [17.610395918469106, 46.455430133500386], [17.609746756951754, 46.45094815635855], [17.607644612874076, 46.44770562607509], [17.60408948623607, 46.445702542650004], [17.6008585385885, 46.4459403863639]]]}}, {"type": "Feature", "properties": {"band": "echo", "dbz": 35.0, "source": "OPERA-ORD", "time": "20260725155000"}, "geometry": {"type": "Polygon", "coordinates": [[[17.937634262478184, 46.43758995035923], [17.931176291927788, 46.43808630862644], [17.924718210481643, 46.43858226451995], [17.918260018139755, 46.43907781803979], [17.91358492568387, 46.44056927946798], [17.910692933114003, 46.443056648804514], [17.911030425881176, 46.44529651391847], [17.914597403985393, 46.44728887480983], [17.919610528861142, 46.44803723118039], [17.92606980050842, 46.447541583030144], [17.932528961187458, 46.4470455324316], [17.938988010898264, 46.44654907938477], [17.9436628174242, 46.44505671816667], [17.946553380765277, 46.442568448777294], [17.946214808765205, 46.44032867836836], [17.942647101423987, 46.43833740693987], [17.937634262478184, 46.43758995035923]]]}}, {"type": "Feature", "properties": {"band": "echo", "dbz": 35.0, "source": "OPERA-ORD", "time": "20260725155000"}, "geometry": {"type": "Polygon", "coordinates": [[[17.988354830833693, 46.41668262347826], [17.985467527537338, 46.41917207201825], [17.982579963474997, 46.421661438176386], [17.979692138646655, 46.42415072195266], [17.975020113811556, 46.4256447023725], [17.968563888969694, 46.42614337943592], [17.962107552789533, 46.426641654265524], [17.955651105271073, 46.4271395268613], [17.950978057804296, 46.4286326679173], [17.9480884103892, 46.43112107743349], [17.948427376157216, 46.43336082296456], [17.95199495510834, 46.435351904510505], [17.957007507552202, 46.43609846146778], [17.9634650334888, 46.4356004938364], [17.969922448014344, 46.435102123896684], [17.97637975112884, 46.43460335164866], [17.982836942660608, 46.43410417711414], [17.989294022609652, 46.43360460029315], [17.993966346023008, 46.43210998021366], [17.99685391290067, 46.42962031687566], [17.997956916889834, 46.42613589497967], [17.99727535799051, 46.42165671452569], [17.9951505545261, 46.41842231802609], [17.991582506496613, 46.41643270548087], [17.988354830833693, 46.41668262347826]]]}}, {"type": "Feature", "properties": {"band": "echo", "dbz": 35.0, "source": "OPERA-ORD", "time": "20260725155000"}, "geometry": {"type": "Polygon", "coordinates": [[[10.094554576725093, 46.6963260275346], [10.08803357720788, 46.69633174966533], [10.081512576478563, 46.69633706307291], [10.074991574537135, 46.69634196775735], [10.070102224977566, 46.697472731453225], [10.066844527799852, 46.69972935416055], [10.06521848471167, 46.7031121303784], [10.065224095713019, 46.70762106010676], [10.065229707935188, 46.71212997378914], [10.065235321378175, 46.716638871425516], [10.06687062463168, 46.72001946511711], [10.070135617695701, 46.72227175486391], [10.07340089163247, 46.72452393814664], [10.076666446441987, 46.726776014965296], [10.079932282192393, 46.729027985291935], [10.08319839888369, 46.73127984912655], [10.088094202355453, 46.732402917762634], [10.094619692607687, 46.732397191200185], [10.099511562698122, 46.73126553327489], [10.102769812626757, 46.72900794398678], [10.104394444888587, 46.725624718100086], [10.104385459483613, 46.72111585561481], [10.10437647603315, 46.716606977097186], [10.1043674945372, 46.71209808254718], [10.104358514994557, 46.70758917195049], [10.104349537405216, 46.703080245307106], [10.102712555578835, 46.69970012810637], [10.09944756951541, 46.697448820348285], [10.094554576725093, 46.6963260275346]]]}}, {"type": "Feature", "properties": {"band": "echo", "dbz": 35.0, "source": "OPERA-ORD", "time": "20260725155000"}, "geometry": {"type": "Polygon", "coordinates": [[[7.334349372683095, 46.365535532597285], [7.33099736837097, 46.367705387389215], [7.329207597271776, 46.37104366649491], [7.328980059385513, 46.375550369914386], [7.3287524723590005, 46.380057056072154], [7.328524836192236, 46.3845637249682], [7.328297150855124, 46.389070376616424], [7.328069416347663, 46.39357701101681], [7.3278416326397275, 46.398083628183215], [7.327613799731319, 46.40259022811565], [7.327385917592284, 46.40709681082797], [7.327157986222625, 46.41160337632017], [7.325366239350383, 46.41494138955295], [7.322010676975556, 46.41711085052632], [7.317091364341821, 46.41811146777317], [7.310608301449176, 46.4179432412935], [7.304125276443511, 46.41777460898871], [7.297642289324824, 46.4176055708588], [7.292722221937689, 46.41860524644163], [7.289365074282106, 46.420773635737234], [7.286007647764, 46.422941911121136], [7.282649942383371, 46.42511007259334], [7.279408230126331, 46.42502493664129], [7.276282510992883, 46.42268650326498], [7.273157064778852, 46.420347972305755], [7.270031891484239, 46.418009343763636], [7.265227926026901, 46.41675429299731], [7.258745168406837, 46.41658282000678], [7.253824445780794, 46.41758064484597], [7.250465758148774, 46.41974776751486], [7.24866903853185, 46.4230844794351], [7.248434286930022, 46.42759078060666], [7.249879430994332, 46.43101353695421], [7.253004470724781, 46.43335274847776], [7.2578094731540155, 46.4346081236324], [7.264294438282038, 46.43477966241813], [7.269100009124002, 46.43603474526148], [7.272226185679906, 46.438373372162445], [7.275352635390392, 46.440711901456], [7.278479358255457, 46.443050333142125], [7.281606354347314, 46.44538866719525], [7.2847336236659626, 46.44772690361538], [7.287861166283626, 46.45006504237694], [7.290988982200306, 46.45240308347993], [7.294117071488236, 46.454741026898745], [7.297245434147419, 46.45707887263338], [7.298694247912968, 46.46050094288218], [7.298463512784885, 46.46500723764514], [7.299912851553468, 46.468429209728335], [7.303042264218717, 46.47076685913177], [7.307851816721564, 46.47201989399111], [7.314341509062007, 46.472188314306365], [7.319151630769411, 46.47344105633845], [7.3222821818437716, 46.475778120087384], [7.325413006650735, 46.478115086024005], [7.328544105190302, 46.48045195414831], [7.333355129496473, 46.48170380178617], [7.3398460795692495, 46.48187062893756], [7.346337067157494, 46.48203704969763], [7.352828092261204, 46.48220306406638], [7.359319154698074, 46.48236867203641], [7.365810254468103, 46.48253387360773], [7.370622513827481, 46.483784224889526], [7.3737559327762074, 46.48611972588179], [7.376889625681546, 46.4884551288935], [7.3800235925434965, 46.490790433924644], [7.3848367536542066, 46.492039890125085], [7.391329109013678, 46.49220349749483], [7.396253927161421, 46.49119943662676], [7.399611208097436, 46.489027707520876], [7.401400888142678, 46.48568860225909], [7.401622967297146, 46.48118212084138], [7.40341206689485, 46.47784288554171], [7.406768186935789, 46.47567089636008], [7.410124027468447, 46.473498793527824], [7.413479588492825, 46.47132657704494], [7.41526775941704, 46.46798717836381], [7.415488540241094, 46.46348059748442], [7.417276131336779, 46.46014106887881], [7.420630532704094, 46.457968592547005], [7.423984654806503, 46.45579600264239], [7.427338497644005, 46.45362329916496], [7.429125161357363, 46.45028360730594], [7.42934464594658, 46.44577692706534], [7.427887761792076, 46.44235661403307], [7.424754508893852, 46.440022668209146], [7.421621529395152, 46.437688624336865], [7.418488823295976, 46.43535448241623], [7.417032669864098, 46.4319340525845], [7.417253069099517, 46.427427334841695], [7.417473420709441, 46.42292059995624], [7.41769372469387, 46.41841384792813], [7.416238301275228, 46.414993301314766], [7.413107150453514, 46.41265896011617], [7.408300335260627, 46.41141053284423], [7.4018178556965655, 46.41124801949897], [7.397011607598624, 46.409999299163495], [7.393881590966803, 46.4076643718378], [7.390751847257384, 46.405329346604375], [7.387622376470367, 46.402994223463224], [7.384493178533917, 46.40065900243995], [7.3813642534480355, 46.39832368353454], [7.378235601140895, 46.395988266772605], [7.3751072216125, 46.39365275215414], [7.371979114791034, 46.39131713970472], [7.368851280676498, 46.388981429424334], [7.365723719197091, 46.38664562133857], [7.362596430352814, 46.38430971544743], [7.359469414071876, 46.38197371177646], [7.35634267035428, 46.37963761032566], [7.353216199128244, 46.377301411120584], [7.35009000039377, 46.37496511416123], [7.346964074079091, 46.37262871947313], [7.343838420184207, 46.37029222705629], [7.340713038637364, 46.36795563693623], [7.337587929438559, 46.36561894911296], [7.334349372683095, 46.365535532597285]]]}}, {"type": "Feature", "properties": {"band": "echo", "dbz": 35.0, "source": "OPERA-ORD", "time": "20260725155000"}, "geometry": {"type": "Polygon", "coordinates": [[[7.452394636718539, 46.00069638376834], [7.442422173137404, 46.00721940600911], [7.44376297374124, 46.01289464002801], [7.456417038530045, 46.017722085825], [7.465748693099935, 46.02472334647906], [7.471757937450908, 46.03389842199016], [7.471329654883547, 46.042915012874964], [7.4644638453978525, 46.05177311913348], [7.454483263121328, 46.05829656317915], [7.441387908053975, 46.062485345011986], [7.431728850718562, 46.06224521754282], [7.425506091115088, 46.05757618077165], [7.415955517296122, 46.055079563567936], [7.403077129261661, 46.05475536593168], [7.391863972037772, 46.05334362722469], [7.382316045624457, 46.05084434744697], [7.372545999020389, 46.05285215894405], [7.362553832225569, 46.05936706171592], [7.35577997096248, 46.06596405017497], [7.352224415231126, 46.0726431243212], [7.356777461234554, 46.07840161722442], [7.369439108972765, 46.08323952888463], [7.382322563025515, 46.083567909830506], [7.395427823392808, 46.079386760062036], [7.404982957290745, 46.081885267266514], [7.410987964719327, 46.09106343144395], [7.4189862282050605, 46.09239241229069], [7.428977747747943, 46.085872209806766], [7.437086954768933, 46.08494623194936], [7.443313849268028, 46.089614478718474], [7.444545813769913, 46.09754359283321], [7.440782848274589, 46.10873357429355], [7.4339028871869814, 46.11758880716719], [7.423905930507091, 46.124109291454104], [7.4202470698574015, 46.13304464552151], [7.42292630523791, 46.14439486936939], [7.430608768638381, 46.15248429692994], [7.443294460058815, 46.15731292820314], [7.4559824271412625, 46.16213998806639], [7.4686726698857235, 46.16696547651968], [7.479698509836484, 46.172877185318804], [7.489059946993543, 46.17987511446378], [7.498634567277594, 46.18236431352997], [7.508422370688637, 46.18034478251737], [7.511544200550922, 46.182676936264286], [7.50800005686445, 46.189360774770705], [7.499665184439434, 46.194799656997375], [7.4865395832758725, 46.19899358294428], [7.474972549517757, 46.20435252082026], [7.4649640831650865, 46.21087647062531], [7.458075137654459, 46.21973310161077], [7.454305712985877, 46.23092241377664], [7.458882340383255, 46.23667574371357], [7.471805019846595, 46.23699309142155], [7.481390612986558, 46.23948429339093], [7.487639119803143, 46.24414934962172], [7.485755459420559, 46.249744237954054], [7.475739631838804, 46.256268958387935], [7.4688464079312595, 46.26512595941807], [7.4650757876979235, 46.276315241044436], [7.46620936289177, 46.28649646653719], [7.472247133512798, 46.29566963589633], [7.47025198445429, 46.30351765898775], [7.460223915716248, 46.31004053581147], [7.450193350911189, 46.316562393962755], [7.440160290039112, 46.32308323344162], [7.428671668095087, 46.32618224538706], [7.415727485079113, 46.32585942979906], [7.4027834471598, 46.3255349939422], [7.389839554337148, 46.32520893781647], [7.384818986118469, 46.32846707622028], [7.3877217425037625, 46.335309409153595], [7.388950826582074, 46.34323752517775], [7.388506238353404, 46.352251424292746], [7.3946496574927565, 46.359174585847214], [7.407381084000132, 46.36400700984116], [7.420332892236835, 46.36433085239429], [7.433505082202865, 46.360146113506595], [7.446459380843088, 46.360466774668154], [7.459195788157501, 46.36529283587898], [7.463782297725356, 46.3710464070682], [7.46021890954665, 46.377727488235806], [7.463135196847627, 46.3845672065381], [7.4725311596282875, 46.3915655619751], [7.480255446499425, 46.39965052000582], [7.486308057461039, 46.408822080630266], [7.4940371978332925, 46.41690556301007], [7.503442867616187, 46.42390096714522], [7.512850997918006, 46.43089548673931], [7.522261588738751, 46.43788912179233], [7.53167464201581, 46.444881871609375], [7.541090157749183, 46.45187373619044], [7.5538566050974065, 46.45668729585673], [7.56997398406048, 46.45932255060825], [7.58619499501791, 46.45970176638765], [7.602519637969695, 46.45782494319496], [7.614129118722781, 46.45245401262665], [7.621023437277169, 46.44358897468274], [7.626344840270862, 46.433559558513906], [7.63009332770386, 46.42236576412014], [7.6353098632553085, 46.41458915689471], [7.641994446925207, 46.41022973683764], [7.640525387853063, 46.40681214293456], [7.63090268603888, 46.40433637518549], [7.624521572932027, 46.40193444575577], [7.621382048532504, 46.39960635464542], [7.624824298300619, 46.3951731110039], [7.634848322236371, 46.38863471483121], [7.635152512722757, 46.38187366297924], [7.625736869759781, 46.374889955447955], [7.616323682374283, 46.36790536114335], [7.606912950566262, 46.3609198800654], [7.610353500834629, 46.356486683883965], [7.626645333179383, 46.35460577259905], [7.641167685677126, 46.356066393256945], [7.65392055832786, 46.36086854585766], [7.6683444837275445, 46.364578399687744], [7.684439461876182, 46.36719595474718], [7.697394157092558, 46.36748574253852], [7.707208569376673, 46.36544776306174], [7.721832134687275, 46.36464185647657], [7.741264853024363, 46.36506802278301], [7.754410438115888, 46.360843530554476], [7.761268889961846, 46.35196837979096], [7.767746620860998, 46.35210840766041], [7.773843630813343, 46.36126361416281], [7.78346354780004, 46.363725695807034], [7.796606371821091, 46.35949465259308], [7.8128931457212705, 46.357583658885595], [7.832323869500579, 46.35799271468459], [7.847033557322693, 46.35491712728604], [7.857022209187611, 46.348356896689936], [7.867008363216366, 46.34179565794308], [7.876992019408956, 46.335233411045486], [7.886705310356805, 46.33543240773858], [7.896148236059915, 46.34239264802238], [7.90559361836203, 46.34935199443526], [7.915041457263151, 46.35631044697719], [7.926330249400481, 46.357665047137935], [7.939459994774019, 46.35341579491749], [7.952414938520164, 46.35367308979248], [7.965195080638914, 46.35843693176291], [7.977977503078349, 46.36319918323822], [7.990762205838466, 46.367959844218404], [8.003717605009983, 46.368210650478886], [8.016843700592897, 46.36395160201967], [8.02025256083955, 46.359505839338105], [8.013944185749938, 46.3548733624342], [8.002737295041216, 46.351273082707245], [7.986631888713379, 46.348705000157246], [7.986716556459346, 46.34645083794858], [8.002991298279113, 46.34451059608125], [8.012958382631034, 46.33793606572089], [8.016617809515111, 46.326727246867506], [8.010399397674348, 46.31983937495051], [7.994303147108747, 46.317272449969906], [7.983191270313554, 46.31141733252014], [7.977063767288772, 46.302274022601225], [7.967617382232804, 46.29532049831824], [7.95485211514565, 46.2905567596712], [7.9419125734440295, 46.29029980918383], [7.928798757127943, 46.29454964685614], [7.912537497136336, 46.29647760057992], [7.8931287934692085, 46.29608367035516], [7.880280205749397, 46.29356611128881], [7.8739917339769026, 46.288924923380875], [7.878977537275012, 46.28564261418701], [7.895237615643726, 46.28371918370722], [7.898651555501665, 46.27927730110897], [7.8892193568488285, 46.27231696639225], [7.879789605505952, 46.26535573931972], [7.870362301473036, 46.25839361989138], [7.859275939663275, 46.25252395181969], [7.846530520076672, 46.247746735104656], [7.8451414913934885, 46.24207776214524], [7.855108853613725, 46.23551703294145], [7.869785194964244, 46.2324357968201], [7.889170515445044, 46.23283405378119], [7.900700693332633, 46.227430281949516], [7.90437572862701, 46.2162244813251], [7.90316224360874, 46.20604720261736], [7.897060238277826, 46.196898445826314], [7.889121550832809, 46.193351897186545], [7.879346181273689, 46.195407556698065], [7.871048494788855, 46.20087721640893], [7.864228491378307, 46.20976087631914], [7.854450833266002, 46.21181373785437], [7.84171552045194, 46.20703580101461], [7.831934045681276, 46.209087325456025], [7.825106408954008, 46.217968311178595], [7.812002113682697, 46.22220243580161], [7.792621159867345, 46.22178969932507], [7.786254271403258, 46.21939833573538], [7.792901448290436, 46.21502834503253], [7.801208350810567, 46.20956501704333], [7.811174978963646, 46.20300835176778], [7.811455118027568, 46.19624568071129], [7.802048768002331, 46.18927700387388], [7.794305301675418, 46.18121501676172], [7.788224719046828, 46.172059719374786], [7.778825676228113, 46.165088376562636], [7.766108173219274, 46.16030098832527], [7.755053550125646, 46.154420291193546], [7.745661806947229, 46.14744628516748], [7.734515273299419, 46.143817082401874], [7.721613949182213, 46.14353268289671], [7.718196245936892, 46.14797025917237], [7.724262163563456, 46.15712981122883], [7.730330129158556, 46.16628894404914], [7.736400142722194, 46.17544765763331], [7.732883254367398, 46.1821388689971], [7.719779464094169, 46.1863625781405], [7.716262841550762, 46.19305410276304], [7.7223333867371755, 46.202213442864696], [7.7268389624433595, 46.21020984974546], [7.729779568669314, 46.21704332340534], [7.723126204195567, 46.22140830207746], [7.706878869022118, 46.22330478576181], [7.6969932505817145, 46.227598038349946], [7.693469348874357, 46.234288059841845], [7.7014005023822625, 46.23784801069945], [7.720786711105431, 46.23827789092277], [7.727151881964813, 46.24067564555473], [7.72049601496041, 46.245041274595344], [7.713741544243597, 46.25166046315818], [7.706888469814373, 46.260533211243235], [7.693764090787011, 46.26475209422066], [7.674368407161509, 46.264317112090474], [7.666435138742106, 46.26075515491762], [7.6699642855288, 46.25406622270211], [7.668695777048648, 46.24614068422953], [7.662629613301649, 46.2369785394999], [7.663024576312525, 46.227962435754094], [7.6698806660812755, 46.21909237299214], [7.666949362661505, 46.21225684150826], [7.6542306660532144, 46.207455841302455], [7.649734250355491, 46.19945690348233], [7.653460115568333, 46.18826002804788], [7.658451872462581, 46.18498887664417], [7.664709521038233, 46.1896434492712], [7.670968251936319, 46.194297628323646], [7.677228065156838, 46.1989514138015], [7.688478460185323, 46.20033148338001], [7.704719437021777, 46.19843783705919], [7.708143680488323, 46.19400198782246], [7.698751190584964, 46.187023935669814], [7.692685867890704, 46.1778633812379], [7.689947712405543, 46.1665203245267], [7.693369635718836, 46.16208394678039], [7.702951637830586, 46.16455424799898], [7.707936672772358, 46.16128098247772], [7.70832474054415, 46.152264150216624], [7.705488191057835, 46.1431753616219], [7.6994270243134135, 46.13401461669354], [7.692975975868414, 46.1338703851963], [7.686135045722837, 46.1427426671302], [7.674700659693811, 46.145869164489284], [7.658672817781337, 46.14324987727356], [7.644208684564902, 46.14179238365556], [7.631308260044508, 46.14149668363529], [7.621734010444705, 46.139020164807405], [7.6154859357654905, 46.13436282717193], [7.609238939952776, 46.12970509697826], [7.602993023006561, 46.125046974226436], [7.596441989375741, 46.12715084133745], [7.589585839060315, 46.136016698311316], [7.583035460454986, 46.138119790334024], [7.576790853559752, 46.133460117405576], [7.570650434729245, 46.12654593631029], [7.564614203963467, 46.117377247048175], [7.563464629782516, 46.10719561823628], [7.567201712186392, 46.0960010498746], [7.575615778021406, 46.088300875758705], [7.588706827287559, 46.084095095888614], [7.6015948171994925, 46.08439613068445], [7.614279747757205, 46.08920398014623], [7.628627883451455, 46.09291990815188], [7.644639224282242, 46.095543914701395], [7.657527740596481, 46.095838499305074], [7.667293432394174, 46.09380366196292], [7.676960829540057, 46.09402220224863], [7.68652993203413, 46.096494120162184], [7.689947683833857, 46.092058117290264], [7.687214084939238, 46.08071419363285], [7.682724413352254, 46.07271528802015], [7.676478669072907, 46.06806140045215], [7.681455738076145, 46.06478800303377], [7.697655620361969, 46.062895095765], [7.704388056996406, 46.05627669922275], [7.7016530479794545, 46.044932813407016], [7.6937494824151536, 46.04137054803178], [7.680677360303503, 46.045589903097046], [7.667801615663613, 46.04529887550622], [7.655122248495486, 46.04049746525931], [7.642244592506459, 46.040203160239365], [7.629168647696534, 46.044415960446386], [7.619209540687693, 46.05095635632038], [7.612367271479939, 46.05982434786133], [7.602403348809771, 46.06636214643592], [7.589317772677191, 46.07056975204417], [7.581420276003402, 46.06700008668595], [7.578710858788402, 46.055653150361266], [7.574342130531276, 46.045395150637475], [7.568314091232024, 46.036226087514564], [7.5639481467174985, 46.02596767347672], [7.561244296987702, 46.014619908523926], [7.553354453223488, 46.011046828690716], [7.540278615424853, 46.015248433977085], [7.525644408387912, 46.018282202626644], [7.509451832112663, 46.02014813463939], [7.498031968155496, 46.023256933089186], [7.491384816516415, 46.02760859797602], [7.485055950757199, 46.025197244728425], [7.479045370877849, 46.016022873346415], [7.471375277830907, 46.00793548390354], [7.462045671616374, 46.00093507639981], [7.452394636718539, 46.00069638376834]]]}}, {"type": "Feature", "properties": {"band": "echo", "dbz": 35.0, "source": "OPERA-ORD", "time": "20260725155000"}, "geometry": {"type": "Polygon", "coordinates": [[[7.679408372688502, 46.44491359679643], [7.67292112504383, 46.44476804646267], [7.66800582259342, 46.44578554061122], [7.664662465337271, 46.447966079242086], [7.662890996296897, 46.45130995424848], [7.662691415472299, 46.4558171656304], [7.664164066359122, 46.45923412173485], [7.667308948957367, 46.46156082256183], [7.672126120291262, 46.46279697609443], [7.678615580360805, 46.46294258233265], [7.6851050731357, 46.46308778223293], [7.691594598615946, 46.46323257579528], [7.696510836386339, 46.462214201196204], [7.699853786446878, 46.46003265843571], [7.699952215368153, 46.457779026334165], [7.696806123150165, 46.45545330489157], [7.693660304984489, 46.45312748457063], [7.690514760871122, 46.45080156537135], [7.687369490738539, 46.44847554731961], [7.684224494586738, 46.44614943041542], [7.679408372688502, 46.44491359679643]]]}}, {"type": "Feature", "properties": {"band": "echo", "dbz": 35.0, "source": "OPERA-ORD", "time": "20260725155000"}, "geometry": {"type": "Polygon", "coordinates": [[[8.070676300538988, 46.39880541422653], [8.064193884661504, 46.39868437955838], [8.059290609889436, 46.39972050437158], [8.055966476222782, 46.401913788666114], [8.05264206436901, 46.40410696141333], [8.049317374328123, 46.406300022613244], [8.045992406037513, 46.40849297223714], [8.042667159497181, 46.41068581028503], [8.03934163464452, 46.412878536728236], [8.03601583147953, 46.41507115156675], [8.032689749939598, 46.41726365477186], [8.029363390024725, 46.41945604634357], [8.029279534263576, 46.421710096765956], [8.032438182656149, 46.424025806039005], [8.037260317129032, 46.425245025078596], [8.043745937682228, 46.425367753884714], [8.05023158573862, 46.42549007657566], [8.05671726129821, 46.42561199315145], [8.063202964178867, 46.42573350360666], [8.069688694380586, 46.42585460794129], [8.076174451721224, 46.42597530614998], [8.08266023620078, 46.42609559823272], [8.089146047637096, 46.42621548418417], [8.095631886030171, 46.42633496400434], [8.102117751197836, 46.426454037687925], [8.108603643140091, 46.42657270523492], [8.115089561674754, 46.42669096664006], [8.121575506801822, 46.42680882190335], [8.12647983532151, 46.42576999474319], [8.129802547233814, 46.42357448515958], [8.131543596861569, 46.420222585130766], [8.131702984204779, 46.415714294656766], [8.130201568187593, 46.41230377021535], [8.127039348810012, 46.40999101180652], [8.122216371712495, 46.408775727575716], [8.115732636895043, 46.408657917522945], [8.109248928634944, 46.408539701483875], [8.102765246932197, 46.40842107945849], [8.096281591968747, 46.40830205145206], [8.089797963744594, 46.408182617464576], [8.084976182493165, 46.40696582932782], [8.081816248214459, 46.4046516870418], [8.078656587925762, 46.40233744481424], [8.075497201627073, 46.40002310264515], [8.070676300538988, 46.39880541422653]]]}}, {"type": "Feature", "properties": {"band": "echo", "dbz": 35.0, "source": "OPERA-ORD", "time": "20260725155000"}, "geometry": {"type": "Polygon", "coordinates": [[[7.594883487784205, 46.233166036436494], [7.594679395793935, 46.237673901363735], [7.596141958433186, 46.241092393260885], [7.5992711757019595, 46.24342151212794], [7.602400664125143, 46.24575053271841], [7.605530423702733, 46.24807945503229], [7.606993717295135, 46.25149782831034], [7.606790544902349, 46.25600565255255], [7.6065873287299235, 46.26051345948126], [7.60638406877786, 46.26502124909648], [7.604615129102463, 46.26836456473542], [7.601280509703731, 46.27054340639808], [7.596380268591568, 46.27155748356265], [7.58991440576597, 46.271406796229115], [7.583448576634774, 46.27125570423677], [7.576982781197979, 46.27110420758564], [7.5720817825586035, 46.27211734829854], [7.568745580716648, 46.274295126375506], [7.56540910209233, 46.276472791680334], [7.562072346685651, 46.27865034421303], [7.558735314435648, 46.28082778394481], [7.55539800534232, 46.28300511087568], [7.5536253946878285, 46.286347559369034], [7.553417482472173, 46.29085512942488], [7.553209525425529, 46.29536268219706], [7.553001523547896, 46.29987021768557], [7.552793476811866, 46.30437773590438], [7.55258538521744, 46.30888523685348], [7.554047090697292, 46.31230412087241], [7.557178593251423, 46.314634387961185], [7.560310367818312, 46.31696455678884], [7.56344241439796, 46.31929462735538], [7.5649048516611135, 46.32271339323832], [7.5646976796077725, 46.327220854437655], [7.566160641458547, 46.33063952070548], [7.569293737213437, 46.332969392041804], [7.572427105240438, 46.33529916505322], [7.5755607455395495, 46.337628839739715], [7.575457367417144, 46.33988255179993], [7.572116970873218, 46.34206030123388], [7.567209515889322, 46.34307290640526], [7.560735002465453, 46.34292036731408], [7.5559312373537555, 46.341678968103174], [7.5527982205542274, 46.33934870877254], [7.551335892691542, 46.33592988035815], [7.5515442537657, 46.33142248286], [7.550082450557463, 46.32800355490227], [7.546950483066832, 46.325673096484934], [7.542148410802043, 46.32443081670172], [7.5356762337630965, 46.32427671555262], [7.53087472558751, 46.323034142373906], [7.5277438862752835, 46.320703097165584], [7.526283655900842, 46.31728387080666], [7.526494034464186, 46.31277646329715], [7.525034327991342, 46.30935713754737], [7.52190453648231, 46.307025893557345], [7.518775016793093, 46.30469455143468], [7.515645768923687, 46.30236311117936], [7.5141867923743675, 46.298943667579536], [7.514398087145137, 46.29443622063519], [7.512939633900378, 46.29101667772277], [7.509811432640089, 46.288685038842296], [7.506683502940626, 46.286353301892724], [7.503555844801988, 46.28402146687407], [7.502098120366106, 46.28060180616987], [7.502310329632979, 46.276094319780114], [7.5008531279054225, 46.27267455984143], [7.497726515183435, 46.2703425263538], [7.494600173763576, 46.26801039486055], [7.491474103645845, 46.265678165361685], [7.491580413674974, 46.26342440362746], [7.494919103850965, 46.26124910965788], [7.498151504185218, 46.26132748061815], [7.501277614677736, 46.26365951650826], [7.504403996426849, 46.26599145437967], [7.507530649432557, 46.2683232942324], [7.512326702486193, 46.269566985677656], [7.518792155587757, 46.26972252871545], [7.52525764328221, 46.269877667128114], [7.53172316556955, 46.27003240091565], [7.538188722270111, 46.27018673007126], [7.544654313383894, 46.27034065459492], [7.5511199387312145, 46.270494174479886], [7.557585598312072, 46.27064728972614], [7.562486509400759, 46.269635055144995], [7.565822671997273, 46.26745747073644], [7.567594027157195, 46.264114826992746], [7.567800574880525, 46.25960712391392], [7.566339589235414, 46.25618822759345], [7.563211070221864, 46.25385813803131], [7.560082822404004, 46.25152795029569], [7.556954845781837, 46.24919766438658], [7.55549458983395, 46.24577864977656], [7.555702054560345, 46.241270906465644], [7.557472960163571, 46.23792829152282], [7.5608073066436265, 46.23575080494808], [7.565705152955109, 46.2347381565113], [7.572166499098021, 46.23489034621247], [7.577063812488454, 46.23387737565941], [7.580397093126411, 46.23169924485214], [7.5837300975794415, 46.22952100140627], [7.587062825847545, 46.22734264532181], [7.5902932759310335, 46.2274181264529], [7.593421447829905, 46.22974744479955], [7.594883487784205, 46.233166036436494]]]}}, {"type": "Feature", "properties": {"band": "echo", "dbz": 35.0, "source": "OPERA-ORD", "time": "20260725155000"}, "geometry": {"type": "Polygon", "coordinates": [[[7.705728327921049, 46.32480688707198], [7.702394285926246, 46.32698889267862], [7.697490775892546, 46.32800770656654], [7.691017797819947, 46.327863328735745], [7.68454485213097, 46.327718545730804], [7.678071938825614, 46.32757335755173], [7.673266855032963, 46.32633738993259], [7.670129600753016, 46.324010642873375], [7.6702284932072455, 46.32175678251272], [7.673563532395648, 46.319575808850615], [7.678466958982809, 46.31855790222388], [7.684938772968729, 46.3187030626325], [7.6914106193169625, 46.31884781794429], [7.697882498027511, 46.31899216815925], [7.702687665266701, 46.32022722851721], [7.7058261210345345, 46.32255299901817], [7.705728327921049, 46.32480688707198]]]}}, {"type": "Feature", "properties": {"band": "echo", "dbz": 35.0, "source": "OPERA-ORD", "time": "20260725155000"}, "geometry": {"type": "Polygon", "coordinates": [[[7.73678068669416, 46.28036995861658], [7.739918311854307, 46.28269476681976], [7.743056208907026, 46.2850194762714], [7.7461943778523175, 46.28734408697149], [7.746098399636802, 46.28959808469702], [7.74276827426048, 46.29178146944801], [7.737868824026323, 46.29280224273588], [7.731400048934332, 46.292660404560635], [7.726500063156587, 46.29368085632798], [7.723168866693088, 46.2958635980379], [7.719837393247057, 46.2980462274002], [7.716505642818493, 46.3002287444149], [7.711604894761839, 46.301248260360666], [7.705135149077097, 46.301104775237505], [7.7002338654439955, 46.302123969454136], [7.696901043862536, 46.30430584301055], [7.693567945172281, 46.30648760412332], [7.690234569373228, 46.308669252792434], [7.685332523903895, 46.309687510801666], [7.67886180876428, 46.30954237815101], [7.6740583308150745, 46.308306435041715], [7.67092209005628, 46.30597968147377], [7.671020897230435, 46.303725786723504], [7.674354752337543, 46.30154475079093], [7.677688330390454, 46.2993636023663], [7.681021631389169, 46.29718234144961], [7.684354655395, 46.29500096806963], [7.687687402407948, 46.292819482226335], [7.691019872489323, 46.29063788394847], [7.694352065639127, 46.28845617323603], [7.694450238923098, 46.28620223017993], [7.691314392341236, 46.28387605478019], [7.686512758332001, 46.282640442354555], [7.680045336895393, 46.28249539290305], [7.675145290139417, 46.28351341729428], [7.671812618064074, 46.28569451552823], [7.6684796691117425, 46.287875501279245], [7.665146443282423, 46.29005637454734], [7.661912507005825, 46.28998323566441], [7.658777860281948, 46.28765608463047], [7.657310060494995, 46.284238592228], [7.657509107644968, 46.27973075845701], [7.659274929604534, 46.27638648620731], [7.662607526373694, 46.27420577547888], [7.667506954562359, 46.27318833569079], [7.673973214170527, 46.273334166843014], [7.680439506214586, 46.27347959329081], [7.686905830694537, 46.27362461503415], [7.693372187430533, 46.273769232066705], [7.699838576422576, 46.27391344438845], [7.706304997490806, 46.274057251993035], [7.712771450635223, 46.27420065488047], [7.719237935675952, 46.27434365304443], [7.7257044526129945, 46.27448624648495], [7.730506251839659, 46.275720046032646], [7.733643333355943, 46.27804505168754], [7.73678068669416, 46.28036995861658]]]}}, {"type": "Feature", "properties": {"band": "echo", "dbz": 35.0, "source": "OPERA-ORD", "time": "20260725155000"}, "geometry": {"type": "Polygon", "coordinates": [[[8.079127850661274, 46.21060136443041], [8.075816525290383, 46.21279566631446], [8.072504924243871, 46.21498985707659], [8.069193047521736, 46.217183936716786], [8.064306921279607, 46.2182202858867], [8.057846545517481, 46.21809890458633], [8.053042655379274, 46.216880495042304], [8.049895250864985, 46.21456505725463], [8.046748117806272, 46.2122495199189], [8.043601256203138, 46.209933883035134], [8.038798239003219, 46.20871457700569], [8.032339066206514, 46.208591601830605], [8.02587992084046, 46.20846822240801], [8.019420802905056, 46.208344438737896], [8.014534281584426, 46.20937865798943], [8.011220356878573, 46.21157088016263], [8.011136234917146, 46.21382529898047], [8.014281915700145, 46.21614191444296], [8.017427867939604, 46.21845843044713], [8.020574091635524, 46.220774846992995], [8.023720586857758, 46.223091164054786], [8.026867353606303, 46.225407381632486], [8.03001439195102, 46.227723499700275], [8.033161701891913, 46.230039518258145], [8.034651965831445, 46.23345192106478], [8.03448518376962, 46.23796070812017], [8.034318365775649, 46.242469478012865], [8.03415151184953, 46.246978230742876], [8.035642523537465, 46.25039051141884], [8.038791400839452, 46.25270632004076], [8.041940550111125, 46.255022029074865], [8.045089971352485, 46.25733763852118], [8.048239664633506, 46.259653148353806], [8.051389629954187, 46.26196855857276], [8.054539867384515, 46.264283869152166], [8.057690376924489, 46.266599080092014], [8.060841158644108, 46.26891419136642], [8.063992212543369, 46.27122920297538], [8.068801242292684, 46.272447064178955], [8.075268247892055, 46.27256777497717], [8.080077837720374, 46.2737853398324], [8.08323001177764, 46.27609975874465], [8.08638245817742, 46.27841407790101], [8.089535176919716, 46.28072829730147], [8.094345641446244, 46.28194496415719], [8.100813851757007, 46.282064078468174], [8.107282088561645, 46.28218278788296], [8.113750351860158, 46.28230109240155], [8.118561690798918, 46.28351686098689], [8.121716105377924, 46.285830093638985], [8.124870792484895, 46.28814322640597], [8.12802575211983, 46.29045625928785], [8.131260197713367, 46.29051480978773], [8.134574129265502, 46.28831887790561], [8.13788778421755, 46.28612283494783], [8.141201162569516, 46.28392668091439], [8.144435634214782, 46.28398482646649], [8.14759119915335, 46.28629727160411], [8.150747036665079, 46.2886096167793], [8.15390314674997, 46.29092186199204], [8.157059529477955, 46.29323400721634], [8.160216184849036, 46.29554605245221], [8.163373112933156, 46.29785799767364], [8.166530313730313, 46.300169842880635], [8.171344274182868, 46.30138291503005], [8.17781499429082, 46.30149721412185], [8.184285739844281, 46.30161110813215], [8.190756510843254, 46.30172459706094], [8.195647844349537, 46.30068234959256], [8.19895974036313, 46.29848436572704], [8.200692155174028, 46.29513093651762], [8.200845088782234, 46.2906220619643], [8.199342623737753, 46.28721219012743], [8.196184760040584, 46.284901321007], [8.193027168936434, 46.28259035179545], [8.189869850425303, 46.28027928249279], [8.186712804437372, 46.27796811312503], [8.183556030972639, 46.27565684369216], [8.180399529961289, 46.27334547422018], [8.177243301403319, 46.27103400470907], [8.177320508949256, 46.26877954106037], [8.180631152599098, 46.26658208327406], [8.183941519966034, 46.26438451459278], [8.187251611050062, 46.26218683501652], [8.1873287853239, 46.25993235429877], [8.184173042787538, 46.25762107243951], [8.181017572470218, 46.2553096905678], [8.177862374371935, 46.252998208683636], [8.176362173798008, 46.2495879668331], [8.176516970748438, 46.2450789650162], [8.175017299659968, 46.24166862008496], [8.171863160532597, 46.23935693203937], [8.167054597527045, 46.238143610306416], [8.16059161064331, 46.23802865488609], [8.155783606331358, 46.23681503644353], [8.152630584591193, 46.234502754978756], [8.149477834721568, 46.23219037363122], [8.146325356722482, 46.229877892400914], [8.143173150524268, 46.227565311313775], [8.140021216126922, 46.225252630369795], [8.136869553460787, 46.22293984959485], [8.133718162525861, 46.22062696898896], [8.128912146419069, 46.219411859791165], [8.122451505140411, 46.21929452200146], [8.11756601195118, 46.22033361332333], [8.114255666851374, 46.222529133756765], [8.114175887884205, 46.2247836276927], [8.117326675049672, 46.22709709513112], [8.120477733970928, 46.22941046278981], [8.123629064647972, 46.231723730668755], [8.123549251312108, 46.23397820745436], [8.120238293963334, 46.23617389314664], [8.11692706066069, 46.23836946780597], [8.113615551404171, 46.24056493143235], [8.110303766131711, 46.24276028399739], [8.106991704843303, 46.244955525501084], [8.103679367476875, 46.24715065591504], [8.100366754032429, 46.249345675239255], [8.09705386444788, 46.25154058344532], [8.093740698723233, 46.253735380533236], [8.090508526836926, 46.253675660869334], [8.08735734878896, 46.25136142445362], [8.087438327250867, 46.249107004575706], [8.090751462222649, 46.24691240123559], [8.094064321111127, 46.24471768676722], [8.097376903916299, 46.24252286117059], [8.097457847495939, 46.240268424160405], [8.094307151850042, 46.23795437573666], [8.091156728031454, 46.235640227597116], [8.088006576040168, 46.23332597974176], [8.086512665116617, 46.229914398783194], [8.086674995260799, 46.22540548472143], [8.086837290458199, 46.22089655348958], [8.086999550708821, 46.21638760508765], [8.085506388962278, 46.212975901537106], [8.082357805218573, 46.21066144283796], [8.079127850661274, 46.21060136443041]]]}}, {"type": "Feature", "properties": {"band": "echo", "dbz": 35.0, "source": "OPERA-ORD", "time": "20260725155000"}, "geometry": {"type": "Polygon", "coordinates": [[[7.4175419161435, 46.222111257114236], [7.411082502457639, 46.221949395093134], [7.406182847287248, 46.22295470772619], [7.402842950632325, 46.225127195013386], [7.402732995316152, 46.22738091982762], [7.405852981338729, 46.22971588216889], [7.408973238018537, 46.23205074682359], [7.412093765355576, 46.23438551379172], [7.413544276251575, 46.23780660365128], [7.413324770706535, 46.24231401640226], [7.413105217879965, 46.24682141172567], [7.412885617771863, 46.25132878962151], [7.414336852248887, 46.25474976235372], [7.4174589213110345, 46.25708432992229], [7.420581261405001, 46.259418799728934], [7.423703872530786, 46.261753171773634], [7.4268267547594835, 46.264087446030956], [7.429949908091095, 46.266421622500886], [7.43474399997821, 46.2676689098607], [7.441209030420827, 46.26782930811039], [7.4461119362766235, 46.266822602809725], [7.449452717545599, 46.2646487939587], [7.451231312481154, 46.26130817195804], [7.45144772108329, 46.25680073680775], [7.449994286775247, 46.253380221330225], [7.446871009557027, 46.25104662552547], [7.443748003305758, 46.248712931894026], [7.440625268021438, 46.246379140435906], [7.439172558740491, 46.24295850758803], [7.4393898754629175, 46.23845103335039], [7.437937687235884, 46.23503030164441], [7.434815994059388, 46.23269631247008], [7.4316945715916445, 46.230362225532225], [7.4285734198326505, 46.22802804083084], [7.425452538711472, 46.22569375839131], [7.422331928228111, 46.22335937821363], [7.4175419161435, 46.222111257114236]]]}}, {"type": "Feature", "properties": {"band": "echo", "dbz": 35.0, "source": "OPERA-ORD", "time": "20260725155000"}, "geometry": {"type": "Polygon", "coordinates": [[[7.960944205076758, 46.216229666214986], [7.954484272797641, 46.21610181585494], [7.949595754846757, 46.2171329462692], [7.946278651224106, 46.21932305745777], [7.946191756603424, 46.22157739886481], [7.949335070984711, 46.223895970490325], [7.952478656823088, 46.22621444283714], [7.955622514118555, 46.22853281590527], [7.9571077657918154, 46.2319463241347], [7.9569344118428695, 46.23645496752542], [7.9584201902353495, 46.239868373944496], [7.9615651009692545, 46.242186543391924], [7.9647964498904855, 46.24225029682556], [7.968114236999043, 46.24005963424542], [7.9698592599166265, 46.23670996909533], [7.970031518643236, 46.232201301375305], [7.970203740282336, 46.22769261645173], [7.970375924833926, 46.22318391432459], [7.96889005563637, 46.21977057029453], [7.9657461326896675, 46.217452584361524], [7.960944205076758, 46.216229666214986]]]}}, {"type": "Feature", "properties": {"band": "echo", "dbz": 35.0, "source": "OPERA-ORD", "time": "20260725155000"}, "geometry": {"type": "Polygon", "coordinates": [[[7.330734339927841, 46.14768983325445], [7.324284168733844, 46.147522568150876], [7.3178340346868795, 46.14735489953369], [7.311383937786947, 46.14718682740288], [7.304933878211923, 46.147018351765766], [7.298483855961807, 46.14684947262234], [7.293588982794807, 46.14784952164346], [7.29024925871092, 46.1500184988291], [7.288464618604097, 46.15335669357816], [7.288235062474337, 46.157864105890646], [7.286449849931186, 46.16120217037181], [7.283108980974644, 46.16337088702166], [7.278212520940749, 46.164369966326944], [7.271760469829504, 46.16419940828766], [7.266863480717228, 46.165198164220314], [7.2635215536039235, 46.1673662341249], [7.261734622683809, 46.1707039075139], [7.261502687956883, 46.17521118438731], [7.262942262034674, 46.17863444261265], [7.2660533449171805, 46.18097368218992], [7.269280169346132, 46.18105918744875], [7.272622735321527, 46.17889095838913], [7.275965025651893, 46.17672261586637], [7.27930704033723, 46.17455415988046], [7.2842046561477565, 46.17355482342557], [7.2906578730834735, 46.17372460650171], [7.295440627989478, 46.17497863373744], [7.298552920865772, 46.17731690513278], [7.301665483540797, 46.17965507923515], [7.30477831601455, 46.181993156044555], [7.3078914183579595, 46.184331135535786], [7.311004790571024, 46.186669017708816], [7.312447592575609, 46.190091626750096], [7.312219824371713, 46.194598962659626], [7.313663144784375, 46.19802147358509], [7.316777553813594, 46.20035915952647], [7.32156311616248, 46.20161173066964], [7.328019831831035, 46.201779187014594], [7.332918796923941, 46.20077778443058], [7.336260011441199, 46.19860752291761], [7.339600950084862, 46.196437148094375], [7.342941612854928, 46.19426665996085], [7.347839830119123, 46.19326432029652], [7.354295601877446, 46.19343012910137], [7.35919328879587, 46.19242746631841], [7.3625328908743946, 46.19025633194761], [7.364314344509924, 46.18691701577112], [7.364537649702458, 46.18240951778894], [7.363091699536315, 46.17898760272174], [7.359976494011494, 46.1766512705695], [7.356861558344956, 46.17431484095771], [7.353746892536705, 46.17197831388637], [7.352301661424683, 46.168556281978184], [7.352525865008891, 46.16404874523317], [7.351081152117068, 46.16062661499462], [7.347967522749212, 46.15828989126254], [7.344854162982516, 46.15595307013355], [7.34174107281698, 46.153616151607665], [7.338628252181868, 46.1512791357101], [7.335515701077183, 46.14894202244085], [7.330734339927841, 46.14768983325445]]]}}, {"type": "Feature", "properties": {"band": "echo", "dbz": 35.0, "source": "OPERA-ORD", "time": "20260725155000"}, "geometry": {"type": "Polygon", "coordinates": [[[8.002414094537393, 46.14484541924533], [7.995962733217904, 46.14472018573879], [7.991081610966168, 46.14575336633821], [7.987770727782185, 46.14794496104358], [7.984459569716149, 46.150136444486535], [7.98114813676806, 46.152327816667096], [7.977836428876499, 46.1545190775569], [7.974524446041466, 46.15671022715597], [7.972782621328234, 46.16006027383794], [7.972610954736801, 46.16456921760283], [7.9740958253030225, 46.16798259863524], [7.977237233026896, 46.17030041693515], [7.982035226635711, 46.171522382541575], [7.988489806129466, 46.17164849545453], [7.993288357543944, 46.17287016580919], [7.996430880879148, 46.17518739360557], [7.997917327826551, 46.178600468829586], [7.997747698386153, 46.18310939148124], [7.996006261030263, 46.18645968827913], [7.992693015758882, 46.18865135922324], [7.989379495075773, 46.19084291884148], [7.986065698980935, 46.193034367133876], [7.98598055619747, 46.1952887965867], [7.989124066725377, 46.19760620719998], [7.993924778724019, 46.19882760086712], [8.000382692193398, 46.198952977588114], [8.006840633433661, 46.1990779501494], [8.013298602444817, 46.199202518550976], [8.01818398219436, 46.19816856585615], [8.021496772682294, 46.195976092064896], [8.023236926151949, 46.19262538736985], [8.02340444260332, 46.18811645177101], [8.023571923019068, 46.18360749891966], [8.023739367399191, 46.17909852881582], [8.022251254161006, 46.17568582193715], [8.019107583304514, 46.173369378283645], [8.015964183322165, 46.17105283523709], [8.012821054213958, 46.168736192797496], [8.01133368564959, 46.165323363792545], [8.011502077629059, 46.160814348222246], [8.0116704334044, 46.156305315351894], [8.011838752975617, 46.151796265181495], [8.010352128370204, 46.148383314071864], [8.007210559588161, 46.146066462023015], [8.002414094537393, 46.14484541924533]]]}}, {"type": "Feature", "properties": {"band": "echo", "dbz": 35.0, "source": "OPERA-ORD", "time": "20260725155000"}, "geometry": {"type": "Polygon", "coordinates": [[[7.134138321958103, 45.990059981700014], [7.130802127152698, 45.99222409116457], [7.127465659039137, 45.9943880870954], [7.124128917617419, 45.99655196949247], [7.1207919028286994, 45.99871573832721], [7.11745461467298, 46.000879393599604], [7.115664405077499, 46.00421497928821], [7.11542127404226, 46.00872249539302], [7.115178090887653, 46.01322999354878], [7.1149348556136776, 46.01773747375546], [7.1146915681887055, 46.02224493602691], [7.114448228612739, 46.02675238036311], [7.115874667215245, 46.03017804919778], [7.118970883996226, 46.032521942530934], [7.122067368409766, 46.03486573930995], [7.125164120455864, 46.03720943953484], [7.126591263992969, 46.04063499307961], [7.126348799021082, 46.045142399944254], [7.127776455175193, 46.04856785648517], [7.130874232455305, 46.05091136270236], [7.1339722776235135, 46.053254772303816], [7.137070590679816, 46.05559808528953], [7.138498952850065, 46.05902342648862], [7.138257364134261, 46.06353079590108], [7.138015723572799, 46.06803814746265], [7.13777403116568, 46.07254548117335], [7.137532286881399, 46.077052797046974], [7.137290490719954, 46.081560095083525], [7.138719753155954, 46.08498530267319], [7.1418200741894005, 46.087328419815975], [7.14492066359613, 46.08967144025772], [7.148021521376142, 46.09201436399843], [7.149451491479467, 46.09543945624098], [7.149210573906105, 46.09994671698538], [7.148969604593436, 46.10445395994178], [7.148728583541463, 46.10896118511018], [7.150159261997291, 46.112386161991104], [7.153261639960919, 46.11472889058454], [7.158035785769787, 46.11598908183218], [7.164481699423893, 46.11616673573402], [7.17092765228128, 46.11634398644185], [7.17737364434195, 46.116520833955676], [7.183819675428556, 46.116697278267786], [7.190265745541103, 46.11687331937818], [7.196711854502225, 46.11704895727919], [7.203158002311926, 46.1172241919708], [7.209604188792826, 46.117399023445394], [7.216050413944925, 46.117573451702974], [7.220943741010835, 46.116577271863626], [7.224284169990557, 46.114410483927365], [7.2260716342146605, 46.111073377013035], [7.2263061336831464, 46.106565951120636], [7.226540582807955, 46.102058507485125], [7.2267749815890845, 46.09755104610649], [7.228561526994071, 46.09421377375028], [7.231900219022915, 46.092046690416495], [7.2367911240729805, 46.09104950716783], [7.2432342421442675, 46.09122222400427], [7.249677398279625, 46.09139453783004], [7.256120592479054, 46.09156644864514], [7.2608952362791115, 46.09282212718365], [7.2640013296797985, 46.09516157344558], [7.265438807028421, 46.09858507639408], [7.265207668324977, 46.10309263602916], [7.266645661290166, 46.10651604116863], [7.2697527859239885, 46.1088552918125], [7.274529107754166, 46.11011009886869], [7.280974626780697, 46.110280462337194], [7.285751508147954, 46.11153497877261], [7.288859751855936, 46.11387364817493], [7.291968264528882, 46.116212220407], [7.295077046166791, 46.11855069546883], [7.299854815292191, 46.11980432439847], [7.306301571905082, 46.11997310719597], [7.311079900710883, 46.12122644529795], [7.314189801709594, 46.123564338704426], [7.317299971840654, 46.1259021348521], [7.320410411104067, 46.12823983374096], [7.323634117230297, 46.12832362818867], [7.326971090219343, 46.126153518195224], [7.330307788278354, 46.12398329500713], [7.333644211407332, 46.121812958624396], [7.336980359666087, 46.119642509075696], [7.340316233054619, 46.117471946361015], [7.340428885983738, 46.11521810477686], [7.337318318453442, 46.112880984323226], [7.334208019921736, 46.11054376657151], [7.331097990388618, 46.108206451521724], [7.327988229783551, 46.105869039199014], [7.324878738106534, 46.10353152960338], [7.321656119666832, 46.10344776701301], [7.3183203744644425, 46.10561775142789], [7.314984354565898, 46.10778762264836], [7.3116480599711995, 46.10995738067441], [7.308425478657789, 46.109873214918125], [7.305316610625668, 46.1075351253795], [7.302208011469541, 46.10519693864441], [7.299099681189408, 46.10285865471289], [7.295991619714702, 46.100520273610016], [7.29288382704542, 46.09818179533582], [7.291444364095652, 46.09475872629021], [7.2916732308653955, 46.090251066473186], [7.2902342836255665, 46.086827899474486], [7.287127522376166, 46.08448922529408], [7.282353012114406, 46.08323475501445], [7.275910752840286, 46.0830644886356], [7.271136801384825, 46.08180972787482], [7.268031157748023, 46.079470472732126], [7.264925782563972, 46.07713112054359], [7.261820675832671, 46.074791671309214], [7.25871583748362, 46.07245212505404], [7.255611267516819, 46.07011248177807], [7.254174896046066, 46.06668882556997], [7.254406723071359, 46.06218115642972], [7.252970866198673, 46.058757402490805], [7.249867325428008, 46.056417563753214], [7.245096166553819, 46.05516135153515], [7.238657389576105, 46.05498876583661], [7.233886788928064, 46.053732263516636], [7.230784364609694, 46.05139184457522], [7.229350050420692, 46.04796779766557], [7.229583846361056, 46.043460122787685], [7.229817592171403, 46.038952430069685], [7.230051287851733, 46.03444471951159], [7.22861768311801, 46.0310205564807], [7.225516777970233, 46.028679940977014], [7.220748638690863, 46.027422584543416], [7.2143132652799, 46.0272484871799], [7.2095456835970335, 46.025990840943], [7.206445893642264, 46.02364964583273], [7.203346371321399, 46.0213083539386], [7.20024711663444, 46.01896696526062], [7.195480420860713, 46.01770843399386], [7.189046284000219, 46.01753276013832], [7.182612185885615, 46.017356683919154], [7.176178126516901, 46.01718020533636], [7.171412316905096, 46.01592078931186], [7.1683147570502, 46.01357843584567], [7.165217464635558, 46.011235985721584], [7.1621204396611695, 46.00889343893958], [7.1590236820566755, 46.00655079552457], [7.155927191822074, 46.00420805547655], [7.152830968887015, 46.00186521882042], [7.149735013251499, 45.99952228555618], [7.146639324845186, 45.9971792557087], [7.143543903668076, 45.994836129277985], [7.140448749649842, 45.9924929062889], [7.1373538627904844, 45.99014958674146], [7.134138321958103, 45.990059981700014]]]}}, {"type": "Feature", "properties": {"band": "echo", "dbz": 35.0, "source": "OPERA-ORD", "time": "20260725155000"}, "geometry": {"type": "Polygon", "coordinates": [[[6.201291106597473, 46.03997168604572], [6.194857489708744, 46.03973382778415], [6.188423925273453, 46.039495567394965], [6.181990413291598, 46.03925690487819], [6.177084566450393, 46.040203843804406], [6.173706384749837, 46.04233638417364], [6.171855776821602, 46.04565481370009], [6.171532742665688, 46.05015913238377], [6.171209639249801, 46.05466343257854], [6.170886466573942, 46.05916771428443], [6.172253230138487, 46.06260576910172], [6.17530992994344, 46.06497759703041], [6.178366896068743, 46.06734933110289], [6.181424128514397, 46.06972097131916], [6.182791560862464, 46.07315891804451], [6.182469193112944, 46.077663171278985], [6.183837127906394, 46.08110102622793], [6.186895365242814, 46.08347248289134], [6.191643996430418, 46.08477725321848], [6.198083021469206, 46.08501533720934], [6.202992386461851, 46.08406767027031], [6.206372091408351, 46.08193425240137], [6.208222045434634, 46.078615371673564], [6.2085422485407005, 46.07411102808691], [6.208862382994786, 46.06960666606849], [6.209182448796892, 46.06510228561831], [6.209502445988663, 46.06059788672292], [6.209822374570099, 46.05609346938231], [6.210142234582812, 46.0515890335831], [6.210462026026802, 46.04708457932526], [6.2090934200720564, 46.04364691794137], [6.206036416718578, 46.04127604943146], [6.201291106597473, 46.03997168604572]]]}}, {"type": "Feature", "properties": {"band": "echo", "dbz": 35.0, "source": "OPERA-ORD", "time": "20260725155000"}, "geometry": {"type": "Polygon", "coordinates": [[[7.4825751391129876, 46.11202020073608], [7.479245445685701, 46.11419540204126], [7.47591547752921, 46.116370490619545], [7.472585234643513, 46.11854546647096], [7.469254716968489, 46.12072032956691], [7.465923924504136, 46.12289507990738], [7.462700365397839, 46.12281573753161], [7.459584039649599, 46.12048230243961], [7.459691252714512, 46.1182283061548], [7.463022004592581, 46.11605374867719], [7.46635248173904, 46.11387907843449], [7.469682684153888, 46.11170429542674], [7.473012611897216, 46.109529399682515], [7.476342264969023, 46.107354391201795], [7.4795653150853525, 46.10743331524196], [7.482681762246205, 46.10976617180299], [7.4825751391129876, 46.11202020073608]]]}}, {"type": "Feature", "properties": {"band": "echo", "dbz": 35.0, "source": "OPERA-ORD", "time": "20260725155000"}, "geometry": {"type": "Polygon", "coordinates": [[[7.888794464295385, 46.07940389509436], [7.882351237463434, 46.07927157175304], [7.875908039941861, 46.0791388453049], [7.869464871730669, 46.07900571574994], [7.863021733007318, 46.078872183093964], [7.856578623771808, 46.07873824733697], [7.8517008293870205, 46.079764894207536], [7.848388349852953, 46.081952123705655], [7.846641133646059, 46.08530022504194], [7.846459180766337, 46.08980919821639], [7.846277188804469, 46.094318153920526], [7.8460951577604545, 46.09882709215435], [7.845913087610514, 46.103336012931905], [7.845730978354648, 46.107844916253185], [7.843982535163778, 46.11119282567105], [7.840667758037903, 46.11337974118548], [7.837352706391908, 46.115566545061775], [7.83403738022579, 46.11775323729992], [7.833945994647711, 46.12000765638082], [7.8370785496576705, 46.12232980230447], [7.84186907227245, 46.12355831030378], [7.848317562492051, 46.12369318037874], [7.854766082474328, 46.12382764697601], [7.8612146322192835, 46.12396171009559], [7.866096072617255, 46.122934882807456], [7.869410403668242, 46.120747165111595], [7.872724460150595, 46.118559335863964], [7.876038242064309, 46.11637139506456], [7.8809189223285685, 46.11534363665725], [7.887366500943369, 46.115476060642024], [7.892246649131589, 46.11444798272673], [7.895559366893229, 46.11225940291137], [7.897304603654947, 46.1089106106927], [7.897482359416739, 46.10440160607074], [7.897660077005809, 46.09989258401519], [7.897837756422156, 46.09538354452603], [7.898015397688992, 46.09087448758921], [7.898193000806319, 46.08636541320474], [7.8967153712015765, 46.082950671200635], [7.893582508874766, 46.08063026157689], [7.888794464295385, 46.07940389509436]]]}}, {"type": "Feature", "properties": {"band": "echo", "dbz": 35.0, "source": "OPERA-ORD", "time": "20260725155000"}, "geometry": {"type": "Polygon", "coordinates": [[[7.540695721934471, 46.04121150352017], [7.543811033053309, 46.043542634708274], [7.548587854455352, 46.0447847971414], [7.555026186140598, 46.044937990819534], [7.559803564059479, 46.04617986132989], [7.562919988211993, 46.048510408672456], [7.564375400240535, 46.05192992164478], [7.564169800145106, 46.05643840024686], [7.562405445445336, 46.05978159069657], [7.5590823361412225, 46.06195949299389], [7.554200530636896, 46.06297181821994], [7.547760028932358, 46.06281856637472], [7.542981624603131, 46.061576377929136], [7.539865317649216, 46.05924525288318], [7.536749279340723, 46.05691403002622], [7.533633509677655, 46.05458270935826], [7.528855984542855, 46.05333963206879], [7.522416703936326, 46.05318479815784], [7.517639735665104, 46.05194142905766], [7.514525079729192, 46.04960952476828], [7.513072676711005, 46.04618937410793], [7.513282526610543, 46.04168097707661], [7.515049162273438, 46.038338517441666], [7.518372583699687, 46.03616199520308], [7.523252850259646, 46.035151121663894], [7.5296899619533155, 46.035305896824106], [7.534465904943875, 46.03654894778468], [7.5375806792313265, 46.03888027454564], [7.540695721934471, 46.04121150352017]]]}}, {"type": "Feature", "properties": {"band": "echo", "dbz": 35.0, "source": "OPERA-ORD", "time": "20260725155000"}, "geometry": {"type": "Polygon", "coordinates": [[[5.6192243937734325, 45.89934180136946], [5.612809928161463, 45.89906764447066], [5.6063955225273645, 45.89879308693247], [5.599981176871138, 45.8985181287549], [5.595077817950106, 45.89943740845451], [5.5916854457642655, 45.90155092603129], [5.589803955851801, 45.904858967578335], [5.589433348212712, 45.909361533095634], [5.587551278256889, 45.91266943405783], [5.584157745984337, 45.91478267046494], [5.580763941008991, 45.916895788848535], [5.577369863330853, 45.91900878920863], [5.5754868260585635, 45.92231650774254], [5.57511482919212, 45.92681894445027], [5.576440407307648, 45.930264907095555], [5.579463560405146, 45.93265439567839], [5.5841843934601885, 45.93398712387204], [5.5906029064727765, 45.93426309167651], [5.595324301405155, 45.935595540466466], [5.598348578257323, 45.937984470241894], [5.601373118672997, 45.94037330799719], [5.604397922652179, 45.94276205373235], [5.6091202381942, 45.94409363456039], [5.615540065299063, 45.94436805048129], [5.620446953709902, 45.94344806760351], [5.623840903426718, 45.94133368592704], [5.625721810437545, 45.93802519190319], [5.626089674742384, 45.93352258553196], [5.626457460433498, 45.92901996006046], [5.6268251675108845, 45.924517315488686], [5.6271927960220305, 45.92001465180348], [5.627560345966936, 45.91551196900483], [5.627927817393042, 45.91100926707962], [5.628295210300352, 45.90650654602783], [5.62696708671036, 45.903061109081165], [5.6239434466230644, 45.90067295623963], [5.6192243937734325, 45.89934180136946]]]}}, {"type": "Feature", "properties": {"band": "echo", "dbz": 35.0, "source": "OPERA-ORD", "time": "20260725155000"}, "geometry": {"type": "Polygon", "coordinates": [[[5.798956813794736, 45.926060719453716], [5.795570850716181, 45.92818096773904], [5.792184614784513, 45.930301098608524], [5.788798105999733, 45.93242111206218], [5.785411324306424, 45.93454100807075], [5.782024269704586, 45.93666078663425], [5.7818470850730606, 45.93891241648371], [5.784879770411847, 45.94129589761914], [5.789606313724184, 45.94261920584554], [5.796026715010072, 45.9428823411629], [5.800930236612748, 45.94195371104493], [5.804316878532215, 45.93983331549164], [5.80618654103255, 45.936521441127795], [5.806539224113752, 45.93201808795338], [5.805199123074269, 45.928574957352396], [5.802166237914099, 45.92619204932484], [5.798956813794736, 45.926060719453716]]]}}, {"type": "Feature", "properties": {"band": "echo", "dbz": 35.0, "source": "OPERA-ORD", "time": "20260725155000"}, "geometry": {"type": "Polygon", "coordinates": [[[5.494730000060206, 45.84875962357531], [5.488322095726285, 45.848477720889356], [5.481914252894801, 45.84819541805752], [5.475506471565752, 45.84791271507981], [5.47060556287116, 45.84882610267961], [5.467211526811026, 45.85093558085693], [5.465324256262622, 45.85424143519745], [5.464943751225949, 45.8587436657012], [5.464563164963776, 45.863245876861], [5.464182497476104, 45.86774806867684], [5.46380174871393, 45.87225024116181], [5.4634209186772535, 45.8767523943159], [5.464738256742839, 45.88019988116761], [5.467753762910685, 45.882592701716945], [5.470769531677789, 45.88498543069322], [5.473785563044149, 45.887378068096424], [5.476801857082174, 45.88977061390307], [5.479818413791863, 45.89216306811315], [5.4845333174089355, 45.89350037952603], [5.490946567933391, 45.89378254814173], [5.495851004931265, 45.89286846302978], [5.499246628402556, 45.89075812419019], [5.5011333316643745, 45.887451817566834], [5.50151111471672, 45.882949543159704], [5.501888817125073, 45.87844724947028], [5.502266438889432, 45.873944936498546], [5.502643980058441, 45.86944260423144], [5.5030214406320965, 45.86494025266895], [5.503398820658999, 45.86043788179799], [5.503776120139149, 45.85593549161857], [5.502457065466209, 45.85248836612622], [5.4994416566401805, 45.850096505320934], [5.494730000060206, 45.84875962357531]]]}}, {"type": "Feature", "properties": {"band": "echo", "dbz": 35.0, "source": "OPERA-ORD", "time": "20260725155000"}, "geometry": {"type": "Polygon", "coordinates": [[[5.530928862423494, 45.877457574793944], [5.5245173840641195, 45.877177914986646], [5.519614650104419, 45.87809360905467], [5.51622066054439, 45.88020465699805], [5.514335309256895, 45.88351134467174], [5.513958596241931, 45.88801367207573], [5.515279413043471, 45.89146050195362], [5.518297759661517, 45.89385183430538], [5.523013742307184, 45.89518738315721], [5.529427360980471, 45.89546714850911], [5.534331271053113, 45.89455122128719], [5.537725472525108, 45.89243960149143], [5.5396098596116925, 45.889132575119255], [5.539984432312869, 45.884630142170664], [5.538662439398387, 45.881183545446675], [5.53564388086825, 45.87879278494729], [5.530928862423494, 45.877457574793944]]]}}, {"type": "Feature", "properties": {"band": "echo", "dbz": 35.0, "source": "OPERA-ORD", "time": "20260725155000"}, "geometry": {"type": "Polygon", "coordinates": [[[5.6613568028610075, 45.8559486215128], [5.654947330756794, 45.85567712479171], [5.64853791791912, 45.85540522777047], [5.642128564347984, 45.85513293044908], [5.6372299485044515, 45.85605429272838], [5.633842070388525, 45.85816931460837], [5.631964826760592, 45.86147828190442], [5.631598217620654, 45.86598119461652], [5.632926082249339, 45.86942662212583], [5.635948420646648, 45.87181456443235], [5.64066533613385, 45.8731447356019], [5.647076828710947, 45.87341713563448], [5.651794304228957, 45.87474702736666], [5.65481776268788, 45.87713441079842], [5.656147101145596, 45.880579571900086], [5.6557823196021015, 45.88508251067166], [5.655417460135752, 45.88958543030006], [5.655052522746547, 45.89408833078528], [5.6563825037423445, 45.897533387119935], [5.6594074031231445, 45.89992059930402], [5.664127323804232, 45.9012496811705], [5.670542265785606, 45.901520632719375], [5.676957266881333, 45.90179118357034], [5.68337232709141, 45.902061333723374], [5.688274104397899, 45.90113803982626], [5.691662598800799, 45.89902130187899], [5.6935377081117915, 45.89571140608865], [5.693899432330875, 45.891208352455244], [5.694261079308106, 45.88670527971271], [5.694622649043484, 45.882202187861054], [5.6932908134218625, 45.87875751266736], [5.690265572443243, 45.87637125413166], [5.687240594406353, 45.873984903404704], [5.684215879311192, 45.871598460486496], [5.681191427085727, 45.86921192540066], [5.6781672377299595, 45.866825298147205], [5.675143311171869, 45.86443857874978], [5.672119647411456, 45.86205176720837], [5.669096246376716, 45.859664863546584], [5.666073108067648, 45.857277867764424], [5.6613568028610075, 45.8559486215128]]]}}, {"type": "Feature", "properties": {"band": "echo", "dbz": 35.0, "source": "OPERA-ORD", "time": "20260725155000"}, "geometry": {"type": "Polygon", "coordinates": [[[5.815311518356969, 45.881550402250454], [5.81192909102637, 45.88367129489292], [5.808546391416533, 45.88579207026187], [5.80516341952746, 45.887912728357314], [5.801780175303855, 45.89003326915006], [5.798396658745716, 45.89215369264012], [5.7950128697977465, 45.894273998798276], [5.791628808459949, 45.896394187624544], [5.788244474677026, 45.89851425908971], [5.78485986844898, 45.90063421319377], [5.784682986518073, 45.902885918985696], [5.7877138288843035, 45.90526937646549], [5.7924373044233715, 45.90659257348241], [5.798853413135275, 45.90685551003645], [5.803753564561308, 45.905926693027226], [5.807137758701471, 45.90380612245474], [5.810521680331016, 45.90168543456685], [5.813905329449942, 45.89956462936355], [5.81728870611361, 45.89744370687407], [5.820671810322018, 45.8953226670984], [5.822538791808696, 45.892010351023146], [5.822889650573642, 45.8875067586483], [5.821549492972654, 45.88406371082797], [5.818518319005731, 45.88168120756214], [5.815311518356969, 45.881550402250454]]]}}, {"type": "Feature", "properties": {"band": "echo", "dbz": 35.0, "source": "OPERA-ORD", "time": "20260725155000"}, "geometry": {"type": "Polygon", "coordinates": [[[5.878753984057379, 45.89315493541473], [5.8753733414673786, 45.8952779105376], [5.871992426458029, 45.8974007685533], [5.868611239029332, 45.89952350946184], [5.865229779125792, 45.90164613323404], [5.861848046747409, 45.90376863986991], [5.861674381390992, 45.90602049344267], [5.8647087830565425, 45.9084016939523], [5.869434379961583, 45.90972135744107], [5.875851172106113, 45.90997948390897], [5.880750227092402, 45.909046985749185], [5.884131544920447, 45.90692386296172], [5.885995027906116, 45.90361040200562], [5.886340676049407, 45.89910660288089], [5.884996201428885, 45.89566438945222], [5.881961604044548, 45.8932837617196], [5.878753984057379, 45.89315493541473]]]}}, {"type": "Feature", "properties": {"band": "echo", "dbz": 35.0, "source": "OPERA-ORD", "time": "20260725155000"}, "geometry": {"type": "Polygon", "coordinates": [[[5.4360116394564395, 45.782890982894585], [5.429611816458524, 45.78260545552356], [5.424716095399421, 45.783516739399744], [5.4213244762791275, 45.785624834523134], [5.419436851252998, 45.788930025947266], [5.419053220321035, 45.79343231367213], [5.4186695076047, 45.79793458191399], [5.4182857131039945, 45.802436830672846], [5.419598567897068, 45.805885082010235], [5.42260807198392, 45.80827933592616], [5.425617837648867, 45.810673498494225], [5.428627864891909, 45.81306756971444], [5.431638153785163, 45.81546154956344], [5.434648704328629, 45.817855438041214], [5.437850511211303, 45.8179980958698], [5.441243574433184, 45.81588952304918], [5.443131019228916, 45.81258407795124], [5.443512845598501, 45.80808176057599], [5.44219867334929, 45.80463375644094], [5.4391885024812865, 45.802240065546115], [5.436178593114631, 45.79984628327552], [5.433168945249324, 45.797452409629145], [5.433360002698902, 45.795201235175135], [5.436751765463366, 45.7930927599135], [5.440143257099478, 45.79098416645749], [5.443534477607239, 45.788875454807126], [5.443725453634689, 45.78662426088149], [5.440716185181827, 45.784230584680564], [5.4360116394564395, 45.782890982894585]]]}}, {"type": "Feature", "properties": {"band": "echo", "dbz": 35.0, "source": "OPERA-ORD", "time": "20260725155000"}, "geometry": {"type": "Polygon", "coordinates": [[[7.155030889709736, 45.80892508766617], [7.148621831202346, 45.80874697100005], [7.143755099928166, 45.80974031765889], [7.1404306958871935, 45.81190512764273], [7.137106020860241, 45.81406982447691], [7.133781074847308, 45.81623440816145], [7.130455857790212, 45.818398878668006], [7.1271303696889525, 45.82056323599658], [7.125347095906392, 45.82389953459838], [7.125106036442528, 45.82840777447342], [7.126528257196398, 45.83183385261773], [7.129613758168002, 45.83417776903131], [7.132699524273967, 45.836521589147495], [7.135785555514294, 45.83886531296628], [7.1388718519586, 45.84120894046299], [7.1419584136068845, 45.84355247163765], [7.145045240528773, 45.84589590646559], [7.14813233272427, 45.84823924494681], [7.1512196902630105, 45.85058248705664], [7.1543073131449955, 45.85292563279508], [7.1573952014398765, 45.855268682137435], [7.160483355147651, 45.85761163508371], [7.161908307476109, 45.86103720927272], [7.161670058425248, 45.865545404704484], [7.16309551941483, 45.86897088176599], [7.166184690444855, 45.87131364045726], [7.169274127140204, 45.87365630269136], [7.172363829500877, 45.8759988684683], [7.1754537975965995, 45.87834133776337], [7.178544031427371, 45.88068371057658], [7.183298087158872, 45.88194288618642], [7.189715964791101, 45.882118864592925], [7.1945881878543965, 45.88112363997593], [7.19791475634876, 45.87895721233546], [7.201241053052935, 45.87679067159988], [7.204567077966919, 45.87462401776918], [7.209438568199149, 45.873627861132604], [7.215855523749624, 45.87380220169013], [7.220726492547655, 45.87280572319483], [7.224051474593246, 45.87063842564669], [7.225830404033502, 45.86730059633507], [7.226063280868425, 45.862792235259974], [7.227841645167771, 45.85945427571043], [7.23116549693154, 45.85728671768646], [7.234489077197939, 45.85511904670921], [7.2378123859669685, 45.852951262778696], [7.241135423297189, 45.850783365923256], [7.244458189188601, 45.84861535614289], [7.247780683699763, 45.84644723346593], [7.251102906830677, 45.84427899789237], [7.252879234393671, 45.84094061259505], [7.253109666388746, 45.836432077573974], [7.251679523466371, 45.83300767655824], [7.248588805626545, 45.830667409547836], [7.2438375779433075, 45.82941098955227], [7.23742584041666, 45.82923841657154], [7.2326751649793115, 45.82798170770492], [7.229585551631261, 45.82564086295239], [7.226496203444794, 45.823299921637265], [7.223407120419911, 45.82095888375955], [7.218657321942278, 45.81970129316121], [7.212246808011893, 45.81952714984224], [7.20583633210125, 45.81935260581606], [7.199425894210348, 45.81917766108267], [7.193015494512778, 45.819002315649556], [7.18660513300854, 45.81882656951673], [7.180194809871211, 45.81865042269172], [7.17378452510079, 45.81847387517451], [7.169036254787406, 45.81721421767011], [7.165949998931059, 45.8148714501785], [7.162864007993022, 45.81252858632433], [7.159778281973295, 45.8101856261076], [7.155030889709736, 45.80892508766617]]]}}, {"type": "Feature", "properties": {"band": "echo", "dbz": 35.0, "source": "OPERA-ORD", "time": "20260725155000"}, "geometry": {"type": "Polygon", "coordinates": [[[5.664527936304635, 45.65725387561543], [5.658141992707642, 45.65698270211954], [5.653261788808611, 45.657905120772405], [5.649887324607542, 45.66002113157402], [5.648018498268984, 45.66333101889407], [5.647655309792936, 45.667834782732555], [5.645785910450782, 45.67114453025371], [5.642410300242525, 45.67326026145755], [5.6390344204147915, 45.67537587531876], [5.635658270967584, 45.67749137183732], [5.632281851846751, 45.67960675098431], [5.628905163052294, 45.68172201275973], [5.625528204530065, 45.683837157134576], [5.6221509762800626, 45.685952184108864], [5.620279475231831, 45.68926146988705], [5.619913701385366, 45.69376501446912], [5.621237072017784, 45.69721107123362], [5.624249587129086, 45.69959964018053], [5.628951349416498, 45.70093043666019], [5.635342358880026, 45.70120346067261], [5.640226580183052, 45.70028217458951], [5.643604013325577, 45.698166578410905], [5.6469811765607565, 45.69605086485593], [5.65035806988859, 45.69393503392456], [5.653553397680261, 45.69407093465742], [5.656567159935769, 45.69645856705449], [5.657892668212769, 45.699904212833346], [5.657529922511259, 45.70440787199397], [5.65885591826496, 45.707853428920934], [5.661870655473875, 45.71024088361422], [5.666574236011407, 45.71156995130707], [5.672966659877556, 45.71184063199946], [5.677851184195665, 45.710917559934636], [5.681227808965733, 45.708800735112604], [5.684604163697644, 45.70668379300447], [5.687980248391399, 45.70456673361027], [5.691356063101365, 45.702449556958946], [5.694731607827543, 45.7003322630505], [5.696599084290854, 45.69702169103201], [5.6969584924913, 45.692517840903484], [5.6956306589151104, 45.68907266298396], [5.692615583562286, 45.68668615727345], [5.68960076879535, 45.684299559613], [5.6865862146143, 45.681912870002606], [5.6835719209479985, 45.67952608846567], [5.680557887796448, 45.6771392150022], [5.677544115088521, 45.674752249635574], [5.67453060282422, 45.6723651923658], [5.6732043813318125, 45.66891973095487], [5.673565450611298, 45.664415865402766], [5.672239715964063, 45.66097031506088], [5.669227177390109, 45.658583079929215], [5.664527936304635, 45.65725387561543]]]}}, {"type": "Feature", "properties": {"band": "echo", "dbz": 35.0, "source": "OPERA-ORD", "time": "20260725155000"}, "geometry": {"type": "Polygon", "coordinates": [[[17.770693562005704, 45.480376729686284], [17.764348089710708, 45.4808616069068], [17.75974977086728, 45.48234632065666], [17.756898605475413, 45.48483087093585], [17.75579477274608, 45.48831553599587], [17.75643827267927, 45.4928003158367], [17.758507871748428, 45.49604277552396], [17.76200356995355, 45.49804291505764], [17.766925187943915, 45.49880045607396], [17.773272725719515, 45.49831539857292], [17.77787189782268, 45.49683031639502], [17.780722704253403, 45.49434520954027], [17.781825324761922, 45.49086035633273], [17.781179759348234, 45.48637575677242], [17.77910930701934, 45.48313366551319], [17.77561396777525, 45.48113408255509], [17.770693562005704, 45.480376729686284]]]}}, {"type": "Feature", "properties": {"band": "echo", "dbz": 35.0, "source": "OPERA-ORD", "time": "20260725155000"}, "geometry": {"type": "Polygon", "coordinates": [[[6.9376574336645165, 45.56783196403585], [6.931277509233704, 45.56764036604959], [6.926428522621824, 45.56862368605944], [6.923110473828876, 45.570781924065415], [6.9197921570170395, 45.572940048746396], [6.916473572186313, 45.575098060102405], [6.9131547192799, 45.577255958105326], [6.909835598297801, 45.57941374275514], [6.908047295150609, 45.58274692011913], [6.907789809838325, 45.58725549019728], [6.906000946236265, 45.590588535758165], [6.90268070434443, 45.59274605680181], [6.899360194149651, 45.59490346441697], [6.896039415651929, 45.59706075860364], [6.894249643996049, 45.600393635153985], [6.8939908791820095, 45.60490209406801], [6.8937320593425, 45.609410534276655], [6.893473184477518, 45.613918955779944], [6.893214254554012, 45.618427358591646], [6.892955269571983, 45.622935742711746], [6.894357789779473, 45.62636553479622], [6.897421815176482, 45.62871673484507], [6.902147418411513, 45.62998905760725], [6.908534599484565, 45.63018250308275], [6.913260751225813, 45.63145454004901], [6.91632587363526, 45.63380516850604], [6.917729894454407, 45.637234673734824], [6.917472813683256, 45.64174305573534], [6.917215678204669, 45.64625141910169], [6.916958488018648, 45.650759763833854], [6.918363193094729, 45.65418915445713], [6.921429793432913, 45.65653959097152], [6.926158361222438, 45.65781078790293], [6.932548896463302, 45.658002745251366], [6.937405599883105, 45.6570194663346], [6.940728471481844, 45.654860951152635], [6.944051074037265, 45.65270232254778], [6.947373407549371, 45.65054358052002], [6.95222939289752, 45.64955937179424], [6.95861903008171, 45.64974969637045], [6.965008708271289, 45.64993962174343], [6.971398427466257, 45.65012914791318], [6.9762536943321845, 45.64914400960994], [6.979574508869072, 45.64698420683369], [6.982895054477416, 45.64482429076541], [6.9862153311572195, 45.642664261405116], [6.991069879130988, 45.64167819375608], [6.997458698398724, 45.641866087818315], [7.003847558131738, 45.64205358272787], [7.010236458330028, 45.642240678484725], [7.014965996974871, 45.64350801486911], [7.018036174066264, 45.645855591881045], [7.021106613743351, 45.648203073186764], [7.024177316006132, 45.65055045878627], [7.0272482809235495, 45.65289774865527], [7.030319508495604, 45.65524494279376], [7.03339099879125, 45.65759204117737], [7.036462751810488, 45.65993904380611], [7.039534767622284, 45.66228595065566], [7.042607046226637, 45.66463276172599], [7.045679587692526, 45.666979476992765], [7.04875239201995, 45.66932609645599], [7.053484999881363, 45.67059140915025], [7.059877411276761, 45.67077541507556], [7.064732888366979, 45.669786093999726], [7.068051431152016, 45.66762344592274], [7.071369704783584, 45.66546068477647], [7.074687709261686, 45.663297810560884], [7.078005444643801, 45.66113482330415], [7.081322910929929, 45.65897172300628], [7.083103328551987, 45.65563577182361], [7.083346697509974, 45.65112696975616], [7.0835900146903, 45.64661814915593], [7.083833280092964, 45.6421093100229], [7.08407649374908, 45.637600452343264], [7.084319655658649, 45.633091576116996], [7.082905199264925, 45.629664302797565], [7.07983312456791, 45.62731863238497], [7.076761312297531, 45.624972866126626], [7.073689762453789, 45.62262700402255], [7.072275995927958, 45.619199614834464], [7.072520012720039, 45.61469069856238], [7.0727639776338025, 45.610181763694555], [7.073007890669249, 45.605672810230985], [7.071594813349462, 45.60224530518667], [7.0685247456744404, 45.59989924856161], [7.063797756165354, 45.59863435519756], [7.0574138448222055, 45.59845062509453], [7.051029973130515, 45.59826649617969], [7.044646141090283, 45.59808196845307], [7.039796527574174, 45.59907064257856], [7.036481132582187, 45.60123251855616], [7.033165469233073, 45.60339428148583], [7.0298495375268315, 45.605555931367554], [7.024999205080826, 45.606543677409576], [7.018614471895057, 45.60635751961192], [7.01222977889886, 45.60617096295157], [7.005845126092236, 45.60598400742856], [7.001119214796998, 45.60471645261278], [6.998052045013146, 45.60236829850423], [6.994985137206277, 45.60002004882047], [6.991918491376392, 45.59767170356148], [6.988852107454728, 45.59532326275151], [6.985785985441285, 45.592974726390565], [6.984378487734144, 45.5895460659517], [6.984629614333306, 45.58503728143492], [6.983222616710298, 45.58160852495622], [6.9801574948651215, 45.5792597965156], [6.9754343193072375, 45.577990811168895], [6.9690530900366445, 45.57780156891611], [6.962671901559064, 45.577611928055596], [6.956290753874495, 45.57742188858736], [6.951568451244267, 45.57615202832159], [6.948504993668379, 45.573802347258294], [6.945441797630307, 45.57145257080223], [6.942378863130051, 45.569102698953394], [6.9376574336645165, 45.56783196403585]]]}}, {"type": "Feature", "properties": {"band": "echo", "dbz": 35.0, "source": "OPERA-ORD", "time": "20260725155000"}, "geometry": {"type": "Polygon", "coordinates": [[[18.4835892087284, 45.27810724207703], [18.47727258423308, 45.27863625575096], [18.47270963469177, 45.28015290752549], [18.469900360104475, 45.282657197400624], [18.46884495389963, 45.286149400854555], [18.46954341607724, 45.29062951788728], [18.470242024949673, 45.29510960996705], [18.47094078051693, 45.29958967709385], [18.46988491276252, 45.303081799479465], [18.46707442168645, 45.305585977123904], [18.46426368469161, 45.30809007480039], [18.461452701777997, 45.310594092508914], [18.46039637200435, 45.31408613385029], [18.46109469537066, 45.318566198824506], [18.463199019982927, 45.32179420616498], [18.466709345841146, 45.32377015587173], [18.47162547928571, 45.3244937721439], [18.477947420316617, 45.323965054981514], [18.482513688509048, 45.32244841182171], [18.485324283863005, 45.319943842664486], [18.48637940042864, 45.31645162326791], [18.48567903820596, 45.31197175363198], [18.486733727563394, 45.30847946629359], [18.48954346850094, 45.305974761252735], [18.492352963616394, 45.30346997631423], [18.495162212909747, 45.30096511147808], [18.496216441318296, 45.29747274322083], [18.49551564884204, 45.292992871542474], [18.49481500347582, 45.28851297486861], [18.494114505219642, 45.284033053199245], [18.49201007231268, 45.280805503083435], [18.48850170475493, 45.27883032452118], [18.4835892087284, 45.27810724207703]]]}}, {"type": "Feature", "properties": {"band": "echo", "dbz": 35.0, "source": "OPERA-ORD", "time": "20260725155000"}, "geometry": {"type": "Polygon", "coordinates": [[[17.631157252795642, 45.30960451045679], [17.624830520534257, 45.310080514610235], [17.620242602837347, 45.31155901045547], [17.61739349970492, 45.31403999799248], [17.616283385669185, 45.31752375451089], [17.616912260730146, 45.32201028001067], [17.617541268135614, 45.32649678187094], [17.61817040788559, 45.330983260091685], [17.620224802396617, 45.33422919037454], [17.623704451668697, 45.33623457271953], [17.628609180926905, 45.33699912966406], [17.634938990171236, 45.336522861208124], [17.63952846164569, 45.33504394565909], [17.64237759535026, 45.33256238301694], [17.6434865664559, 45.329078450705566], [17.642855374962597, 45.324592148724946], [17.642224316235314, 45.320105823066335], [17.64159339027405, 45.31561947372973], [17.639538600201647, 45.31237385139109], [17.636059946018104, 45.31036895605041], [17.631157252795642, 45.30960451045679]]]}}, {"type": "Feature", "properties": {"band": "echo", "dbz": 35.0, "source": "OPERA-ORD", "time": "20260725155000"}, "geometry": {"type": "Polygon", "coordinates": [[[6.733254942954521, 45.35370160598629], [6.726900682000499, 45.35349733920453], [6.7205464645620525, 45.35329267575331], [6.714192290639182, 45.353087615632624], [6.709358522784538, 45.354060890806466], [6.706045160998121, 45.356212501274854], [6.704252129276247, 45.359542730129704], [6.7039794276189175, 45.36405157737103], [6.705363930854749, 45.36748463851438], [6.708405638983741, 45.369841913559746], [6.71144760576116, 45.37219909416862], [6.714489831187004, 45.374556180341], [6.715875002070494, 45.377989127802934], [6.715603118411629, 45.382497936554415], [6.716988781530772, 45.38593078951504], [6.720031991427924, 45.38828768668478], [6.724732823968712, 45.38956834471107], [6.731091279153137, 45.38977276359392], [6.735927604681464, 45.38879871486243], [6.739241800553692, 45.386646198516615], [6.742555730667988, 45.38449356867453], [6.745869395024352, 45.38234082533617], [6.749182793678502, 45.38018796852947], [6.752495926630438, 45.37803499825441], [6.75428680453234, 45.374704032640665], [6.754555427384207, 45.37019507168823], [6.753168008096331, 45.36676261475392], [6.750124546668712, 45.364406661837734], [6.747081343862715, 45.36205061438549], [6.744038399678342, 45.35969447239717], [6.7409957140475, 45.35733823589655], [6.737953286970188, 45.35498190488363], [6.733254942954521, 45.35370160598629]]]}}, {"type": "Feature", "properties": {"band": "rain", "dbz": 40.0, "source": "OPERA-ORD", "time": "20260725155000"}, "geometry": {"type": "Polygon", "coordinates": [[[6.945005559420884, 55.959581569041305], [6.937007407057769, 55.95938506648652], [6.930920139475353, 55.960359007015356], [6.926743756673634, 55.96250339062783], [6.92447812934903, 55.96581860032015], [6.924123257501543, 55.97030463609232], [6.925857497166611, 55.9737185054627], [6.929680848344235, 55.97606020843128], [6.933504654853239, 55.978401794992195], [6.937328916693621, 55.98074326514545], [6.939064339922373, 55.9841570380418], [6.938710924539493, 55.98864311368128], [6.938357413084819, 55.99312918662314], [6.938003805558349, 55.99761525686739], [6.9397404137955645, 56.00102893323171], [6.943567237796466, 56.00337021571607], [6.947394517923589, 56.00571138165874], [6.951222254176934, 56.00805243105974], [6.951045767380993, 56.01029547482665], [6.946865057535765, 56.01244051295947], [6.942683881360388, 56.01458540922069], [6.938502238854862, 56.01673016361029], [6.936234325163676, 56.02004556791312], [6.935880140286831, 56.024531622129174], [6.937617699830506, 56.02794532450818], [6.9414470037947025, 56.03028667505014], [6.947368181571937, 56.03155528987984], [6.9553812331622105, 56.03175116899728], [6.961303367713558, 56.03301942257586], [6.965134585225977, 56.03536005061558], [6.968966259813392, 56.03770056193467], [6.972798391475804, 56.04004095653312], [6.976630980365278, 56.04238123436634], [6.980464026481813, 56.04472139543432], [6.984297529977513, 56.047061439692456], [6.988131490852378, 56.04940136714074], [6.994057072219072, 56.05066777666975], [7.002074274077595, 56.05086066827948], [7.008173570601793, 56.049883571263855], [7.012354961791664, 56.04773648562286], [7.014618321017387, 56.04441979554482], [7.014963648278961, 56.03993350102973], [7.013219204432197, 56.036520774119595], [7.009384989477098, 56.034181614814415], [7.005551231615846, 56.031842338633886], [7.001717930848441, 56.029502945578], [6.99788508702305, 56.027163435691385], [6.9940527001396715, 56.02482380897402], [6.990220770046503, 56.02248406547051], [6.986389296743544, 56.020144205180856], [6.98255828007903, 56.01780422814962], [6.97872772005296, 56.01546413437681], [6.9748976165136, 56.013123923906974], [6.971067969460949, 56.01078359674012], [6.969328201377556, 56.00737035026471], [6.9696783122634205, 56.002884184480756], [6.967939413946269, 55.99947083258694], [6.964111506426101, 55.99713029458326], [6.9602840548431315, 55.994789639994224], [6.956457059197361, 55.99244886881985], [6.95471934786066, 55.98903542014804], [6.9550709208330295, 55.9845492939788], [6.957335070395255, 55.981233528227456], [6.9615117965473345, 55.979088122893984], [6.965688057375773, 55.97694257590139], [6.969863852880571, 55.9747968872497], [6.970039035897559, 55.97255380754275], [6.966213606426736, 55.970213336780546], [6.962388632155828, 55.96787274950089], [6.958564113084833, 55.96553204570377], [6.954740049062612, 55.963191225433576], [6.9509164400891645, 55.96085028869033], [6.945005559420884, 55.959581569041305]]]}}, {"type": "Feature", "properties": {"band": "rain", "dbz": 40.0, "source": "OPERA-ORD", "time": "20260725155000"}, "geometry": {"type": "Polygon", "coordinates": [[[9.634919749210587, 56.05039067743142], [9.626896150440894, 56.050366955650006], [9.620867309449197, 56.051471679976935], [9.616833226235501, 56.0537048504122], [9.614793884664055, 56.05706685272475], [9.614749284734854, 56.0615576869146], [9.616722655513637, 56.064931939057146], [9.620713997000404, 56.06718960915239], [9.626723325347363, 56.068330311224315], [9.634750640554515, 56.06835404527291], [9.640781355428615, 56.067248941205314], [9.644815469969659, 56.06501499902152], [9.646852968986236, 56.06165260470112], [9.646893852478343, 56.05716175824411], [9.644918607817157, 56.05378788584224], [9.640927235002675, 56.0515309874955], [9.634919749210587, 56.05039067743142]]]}}, {"type": "Feature", "properties": {"band": "rain", "dbz": 40.0, "source": "OPERA-ORD", "time": "20260725155000"}, "geometry": {"type": "Polygon", "coordinates": [[[12.185306961217034, 56.02280540212718], [12.177292413533115, 56.02294556713095], [12.171344075647822, 56.02417262024613], [12.167461947561156, 56.02648656147274], [12.165646121097785, 56.0298877754272], [12.165896596257708, 56.0343762621095], [12.16614713962994, 56.03886474681318], [12.166397751214479, 56.043353229538255], [12.168590781648222, 56.04668471564647], [12.172726230931168, 56.04885920513784], [12.178804007069786, 56.04987631308037], [12.186824110064073, 56.049736039474055], [12.192775561803062, 56.04850853923796], [12.196658362286751, 56.046193812372074], [12.198472604463381, 56.04279224378759], [12.198218288332951, 56.03830383348449], [12.197964041420974, 56.0338154211825], [12.197709863727445, 56.029327006881616], [12.19551563992526, 56.025995929704706], [12.191381370014415, 56.023822189651774], [12.185306961217034, 56.02280540212718]]]}}, {"type": "Feature", "properties": {"band": "rain", "dbz": 40.0, "source": "OPERA-ORD", "time": "20260725155000"}, "geometry": {"type": "Polygon", "coordinates": [[[17.26984190112651, 55.6939792507267], [17.261929004469888, 55.694445098667906], [17.256201215198242, 55.695910258707606], [17.252658533311575, 55.69837473084581], [17.25307293120917, 55.7006066261964], [17.257444408891022, 55.70260594475938], [17.26181634214957, 55.70460510513768], [17.26618873098481, 55.7066041073313], [17.27056157549344, 55.70860295128661], [17.274934875675466, 55.71060163700359], [17.278892567498396, 55.71036837152643], [17.28243465096223, 55.70790315485511], [17.283789851763323, 55.70443874452292], [17.28295816990167, 55.69997514052986], [17.280356334091838, 55.69674408558902], [17.27598434433383, 55.694745579700395], [17.26984190112651, 55.6939792507267]]]}}, {"type": "Feature", "properties": {"band": "rain", "dbz": 40.0, "source": "OPERA-ORD", "time": "20260725155000"}, "geometry": {"type": "Polygon", "coordinates": [[[17.300344935180135, 55.67525587707859], [17.296806771971475, 55.67772158683125], [17.295453972216677, 55.68118620260746], [17.29628653591574, 55.68564972440723], [17.298889067946966, 55.688880331928985], [17.30326156831036, 55.690878025172736], [17.30940373668867, 55.69164243209654], [17.31731557308188, 55.69117355270042], [17.323040272277062, 55.68970588621336], [17.3265778342742, 55.687239432635366], [17.326160110523226, 55.685007765531985], [17.321787101024128, 55.683010884903226], [17.317414546432616, 55.68101384593398], [17.31304244674869, 55.67901664862425], [17.308670801876158, 55.6770192930276], [17.304299611815033, 55.67502177914404], [17.300344935180135, 55.67525587707859]]]}}, {"type": "Feature", "properties": {"band": "rain", "dbz": 40.0, "source": "OPERA-ORD", "time": "20260725155000"}, "geometry": {"type": "Polygon", "coordinates": [[[17.343932535512824, 55.66251412073621], [17.336026725979885, 55.66298466235785], [17.330306133788262, 55.664453208311144], [17.32677075893796, 55.6669197585961], [17.325420902449945, 55.670384684860494], [17.32625656432422, 55.674847987104336], [17.328860799601415, 55.67807795458691], [17.33323360828154, 55.68007458730822], [17.339374689040536, 55.680837513429175], [17.347284041878403, 55.68036673294978], [17.353006104111, 55.67889769585777], [17.356540875738318, 55.67643040215316], [17.357888658962537, 55.672965223607804], [17.35704945378366, 55.66850216022169], [17.35444374846549, 55.665272683877824], [17.350071543008024, 55.663276794576205], [17.343932535512824, 55.66251412073621]]]}}, {"type": "Feature", "properties": {"band": "rain", "dbz": 40.0, "source": "OPERA-ORD", "time": "20260725155000"}, "geometry": {"type": "Polygon", "coordinates": [[[8.793432581198934, 55.75763376194242], [8.785469948925497, 55.75755602995768], [8.779462854429124, 55.75862009793718], [8.77541129770981, 55.76082596588095], [8.775341481275447, 55.763071087776595], [8.779253405126031, 55.765355463624125], [8.783165783141268, 55.767639716147194], [8.787078615321157, 55.769923845345794], [8.790991901807171, 55.77220785117395], [8.794905642599309, 55.77449173363168], [8.798888341761884, 55.77453035882697], [8.802939999294896, 55.77232372675984], [8.80503429495743, 55.76897527493658], [8.805171228749488, 55.76448500335716], [8.803283246068052, 55.76109805765929], [8.799370346913118, 55.75881443784296], [8.793432581198934, 55.75763376194242]]]}}, {"type": "Feature", "properties": {"band": "rain", "dbz": 40.0, "source": "OPERA-ORD", "time": "20260725155000"}, "geometry": {"type": "Polygon", "coordinates": [[[13.527860586851734, 55.6053766517252], [13.519936548758029, 55.60560276243468], [13.514093420227166, 55.606893334033856], [13.510331201259145, 55.609248366522735], [13.508650036422337, 55.6126682381223], [13.509049925716734, 55.61715294883257], [13.509449922552893, 55.62163765587598], [13.509850026930808, 55.626122359252534], [13.508167733008545, 55.62954213852062], [13.504403040786107, 55.63189699368022], [13.50063790385633, 55.63425173513615], [13.496872322219211, 55.63660636288839], [13.493106295726342, 55.638960876894075], [13.489339824377723, 55.64131527715322], [13.4855729080249, 55.64366956362289], [13.481805546667875, 55.646023736303114], [13.480120438107267, 55.64944322054537], [13.480517582343074, 55.653928016349674], [13.482799308932861, 55.65723569734486], [13.486965617876628, 55.65936626353093], [13.493016365293375, 55.66031933601349], [13.500951551183107, 55.66009491479254], [13.506802680540888, 55.65880523906354], [13.510569753366717, 55.65645030882649], [13.512252914456784, 55.65303050294341], [13.511852163811087, 55.64854582141429], [13.513534482901992, 55.645125914355575], [13.517299871729504, 55.64277078176725], [13.521064815672403, 55.64041553551893], [13.524829314730692, 55.63806017561063], [13.528593369052917, 55.63570470208518], [13.53235697863908, 55.63334911494257], [13.536120143637687, 55.63099341422567], [13.539882864048737, 55.62863759993448], [13.541562372029736, 55.62521739865762], [13.54115866758068, 55.62073281039508], [13.540755071635603, 55.616248218433874], [13.540351584194509, 55.61176362277398], [13.538068031830118, 55.60845689280064], [13.53390441454243, 55.60632802851386], [13.527860586851734, 55.6053766517252]]]}}, {"type": "Feature", "properties": {"band": "rain", "dbz": 40.0, "source": "OPERA-ORD", "time": "20260725155000"}, "geometry": {"type": "Polygon", "coordinates": [[[14.790692101796399, 55.40079418544294], [14.782816358968315, 55.40110105846999], [14.777044427724814, 55.40245088182284], [14.773376308065902, 55.40484365550148], [14.771812193721965, 55.40827975348458], [14.772352084693, 55.41275917577212], [14.774726920020647, 55.41604217258836], [14.778936699704905, 55.41812874393329], [14.784981229820648, 55.41901851563367], [14.79286051036787, 55.41871148768949], [14.798634016200168, 55.41736121282389], [14.802301747317536, 55.414967691036885], [14.803863898531299, 55.41153129645816], [14.803320469841454, 55.40705202908772], [14.800944059925008, 55.40376948378423], [14.796734668781966, 55.40168366054769], [14.790692101796399, 55.40079418544294]]]}}, {"type": "Feature", "properties": {"band": "rain", "dbz": 40.0, "source": "OPERA-ORD", "time": "20260725155000"}, "geometry": {"type": "Polygon", "coordinates": [[[14.87050624183581, 55.01958381419999], [14.862705728092502, 55.01989545227035], [14.856990700607797, 55.0212488172574], [14.853361159381697, 55.02364390916113], [14.851817296689852, 55.027081097413046], [14.852359112532264, 55.031560382013154], [14.852901071570209, 55.03603966056579], [14.853443173803681, 55.040518933070956], [14.85580127215594, 55.04380060452581], [14.859975366626983, 55.045884674930356], [14.865965264599009, 55.046770774561985], [14.873770966072016, 55.04645890342071], [14.879488755033384, 55.04510503595447], [14.88311863148311, 55.04270917216327], [14.884660788896182, 55.03927168172648], [14.884115227272604, 55.03479256464411], [14.883569809748622, 55.03031344147205], [14.883024536324234, 55.02583431221033], [14.880665549385897, 55.0225530594758], [14.876492848933609, 55.02046968326847], [14.87050624183581, 55.01958381419999]]]}}, {"type": "Feature", "properties": {"band": "rain", "dbz": 40.0, "source": "OPERA-ORD", "time": "20260725155000"}, "geometry": {"type": "Polygon", "coordinates": [[[12.756517373512594, 55.02276046856509], [12.74870500860536, 55.02293680912544], [12.742922143884911, 55.02419076275102], [12.73916877935125, 55.02652232944181], [12.737445023824868, 55.029931881411215], [12.737750877305771, 55.03441941865923], [12.739934283924688, 55.03774115064551], [12.743995243681622, 55.03989707737004], [12.74993364764752, 55.04088682642612], [12.757749495822377, 55.04071039781372], [12.763533992866488, 55.03945602786435], [12.76728713877985, 55.03712371657801], [12.769009043362429, 55.033713836336844], [12.76869970661423, 55.02922638714085], [12.76651466767165, 55.02590507147837], [12.76245392653469, 55.0237498893494], [12.756517373512594, 55.02276046856509]]]}}, {"type": "Feature", "properties": {"band": "rain", "dbz": 40.0, "source": "OPERA-ORD", "time": "20260725155000"}, "geometry": {"type": "Polygon", "coordinates": [[[12.820415569123197, 55.01343392632518], [12.81666766789583, 55.01576786440873], [12.812919336069292, 55.018101687718875], [12.809170573643582, 55.020435396255635], [12.805421380480281, 55.02276898997698], [12.801671756579388, 55.02510246888291], [12.801828560202333, 55.02734613973439], [12.805891791349113, 55.029500002531414], [12.811830199716317, 55.03048674045619], [12.819643785303944, 55.03030635350873], [12.825424884734094, 55.02904905767369], [12.829173498006766, 55.02671485295107], [12.830889737301248, 55.02330411154329], [12.830573602617541, 55.018816833450344], [12.828384031390984, 55.01549663512375], [12.824321023621582, 55.01334351656352], [12.820415569123197, 55.01343392632518]]]}}, {"type": "Feature", "properties": {"band": "rain", "dbz": 40.0, "source": "OPERA-ORD", "time": "20260725155000"}, "geometry": {"type": "Polygon", "coordinates": [[[13.14284023239978, 54.95946979302701], [13.135041719455245, 54.959670834171234], [13.129279837147955, 54.96094303357529], [13.12555458547791, 54.96328639123918], [13.123866088071289, 54.96670127825822], [13.124214344928092, 54.97118769463242], [13.126426094376962, 54.97450240723239], [13.130501336417897, 54.97664541605817], [13.134401929254206, 54.976545107580975], [13.138127872885892, 54.974201481800804], [13.141853387908531, 54.97185774264067], [13.145578474322122, 54.969513890100586], [13.149303132265631, 54.967169924222055], [13.15302736173906, 54.964825845005095], [13.15285197957484, 54.96258267216119], [13.14877698577298, 54.96044040569033], [13.14284023239978, 54.95946979302701]]]}}, {"type": "Feature", "properties": {"band": "rain", "dbz": 40.0, "source": "OPERA-ORD", "time": "20260725155000"}, "geometry": {"type": "Polygon", "coordinates": [[[14.087288447506735, 54.86844005721795], [14.079512221654868, 54.868701473719085], [14.07173590167536, 54.868962393004246], [14.06395948756821, 54.869222815073435], [14.058239690515709, 54.87053871119219], [14.05457651051786, 54.8729100813605], [14.05091290706082, 54.87528134195985], [14.04724888014459, 54.87765249299024], [14.043584429628448, 54.880023534411464], [14.039919555512395, 54.88239446622356], [14.038311563351133, 54.88582148700802], [14.038760453144665, 54.89030459676488], [14.03920946121282, 54.89478770122555], [14.039658587555596, 54.89927080039003], [14.040107832264077, 54.90375389427075], [14.040557195338268, 54.90823698286772], [14.0428405983475, 54.91153454658919], [14.046958041291774, 54.913646585435174], [14.052909364951383, 54.91457272996297], [14.06069456932633, 54.914312980172575], [14.066420190855311, 54.91299724322243], [14.070086229538331, 54.910625519112514], [14.071692845448814, 54.90719817724974], [14.071240038586755, 54.90271521763412], [14.07078735099085, 54.89823225269976], [14.070334782661094, 54.89374928244668], [14.071940352396739, 54.890321852742005], [14.075604060197787, 54.887949963585754], [14.081325745919239, 54.88663324588148], [14.089105409561098, 54.88637169962917], [14.094826194438784, 54.885054639953125], [14.098488100552299, 54.88268206685332], [14.100091288806418, 54.8792543493778], [14.099635759201144, 54.87477148752659], [14.097350135907046, 54.87147487969258], [14.093234418924126, 54.86936452587578], [14.087288447506735, 54.86844005721795]]]}}, {"type": "Feature", "properties": {"band": "rain", "dbz": 40.0, "source": "OPERA-ORD", "time": "20260725155000"}, "geometry": {"type": "Polygon", "coordinates": [[[13.86436800543633, 54.82176569839641], [13.856599512670366, 54.822012821556996], [13.85087973297503, 54.82331896314841], [13.847208666350326, 54.82568412317064], [13.845586463534998, 54.82910867028523], [13.846013124529051, 54.83359260449218], [13.844390125873314, 54.83701705399896], [13.840717467567782, 54.839382018805566], [13.837044385986228, 54.84174687329745], [13.833370881128653, 54.84411161747461], [13.82969695285539, 54.84647625129668], [13.826022601166438, 54.848840774763644], [13.8223478259221, 54.85120518783512], [13.818672627122377, 54.85356949051112], [13.817046976737842, 54.85699365430503], [13.817470874768501, 54.86147767921687], [13.819733231538958, 54.86477952245806], [13.823834047049214, 54.8668991840286], [13.829773171263977, 54.86783629472173], [13.83755060418325, 54.86759085453746], [13.84349054972513, 54.86852756047063], [13.847593007889618, 54.87064641252124], [13.85169590190443, 54.87276512364579], [13.855799231769566, 54.874883693844275], [13.861740295137675, 54.875819233427535], [13.869519092008758, 54.87557174239555], [13.875245363947808, 54.874264996970524], [13.878919110954827, 54.87189899715244], [13.882592434061387, 54.86953288710653], [13.886265333267488, 54.86716666683281], [13.891990142265623, 54.86585884722364], [13.899766861055795, 54.86560942827903], [13.905490771620101, 54.86430126532596], [13.909161873958539, 54.86193435836442], [13.910780321370883, 54.85850907646288], [13.910346113857134, 54.85402541962135], [13.908077214079697, 54.850725185248244], [13.903973622038578, 54.84860837334358], [13.89987046523424, 54.84649142038943], [13.895767743666688, 54.8443743263858], [13.891665457227875, 54.84225709138097], [13.8875636059178, 54.84013971537496], [13.88346218962841, 54.83802219841603], [13.879361208359708, 54.83590454050418], [13.877095671672777, 54.832603805690255], [13.876665579567618, 54.828119993974255], [13.874400963091107, 54.82481910029122], [13.870301822243242, 54.82270112464115], [13.86436800543633, 54.82176569839641]]]}}, {"type": "Feature", "properties": {"band": "rain", "dbz": 40.0, "source": "OPERA-ORD", "time": "20260725155000"}, "geometry": {"type": "Polygon", "coordinates": [[[14.033463227212875, 54.798270571835424], [14.025700157599612, 54.798528493186126], [14.019989041030925, 54.79984256760201], [14.016329877506813, 54.80221279508308], [14.01267029216108, 54.80458291302242], [14.009010284993721, 54.80695292142003], [14.005349855864981, 54.80932282023583], [14.001689004774855, 54.81169260946982], [14.000080367981694, 54.81511916543647], [14.000523945485497, 54.81960248813578], [14.000967639644013, 54.82408580547389], [14.001411450457242, 54.828569117450826], [14.001855378014842, 54.83305242407903], [14.00229942231681, 54.8375357253585], [14.002743583452894, 54.842019021301724], [14.003187861423097, 54.84650231190869], [14.003632256317255, 54.85098559719185], [14.004076768135372, 54.855468877151225], [14.006354044752701, 54.85876717789041], [14.010464086169243, 54.86088049940941], [14.016406735114819, 54.861808472818524], [14.024181991589428, 54.86155109811773], [14.031957155074066, 54.86129322626629], [14.03973222556873, 54.86103485726421], [14.047507202719132, 54.860775991130396], [14.055282086525269, 54.86051662786486], [14.061000325113291, 54.85920116506272], [14.0646619184832, 54.85682960272396], [14.068323088895415, 54.854457930915316], [14.071983836349936, 54.85208614963677], [14.077700605903608, 54.85076961555225], [14.085473397556429, 54.85050832866176], [14.091189268195452, 54.84919145288986], [14.094848217820676, 54.84681898823656], [14.096450406834805, 54.84339130334576], [14.095995835237837, 54.83890839821744], [14.095541383161958, 54.83442548764854], [14.09508705060717, 54.829942571639045], [14.092804469481843, 54.82664584199314], [14.08869363978598, 54.82453529871084], [14.082754401400377, 54.82361057343847], [14.074986754325034, 54.823871666176025], [14.06904833198428, 54.822946534764085], [14.064939134378118, 54.82083517920263], [14.060830371302607, 54.8187236820443], [14.056722042757745, 54.8166120432891], [14.052614148636543, 54.814500262985355], [14.048506688939003, 54.81238834113309], [14.046228718531339, 54.80909080909624], [14.045780237413554, 54.80460766687483], [14.043503188145873, 54.80130997461311], [14.039397570728296, 54.799197732311086], [14.033463227212875, 54.798270571835424]]]}}, {"type": "Feature", "properties": {"band": "rain", "dbz": 40.0, "source": "OPERA-ORD", "time": "20260725155000"}, "geometry": {"type": "Polygon", "coordinates": [[[12.428259191495185, 54.76909474276435], [12.420494553506996, 54.769249947551856], [12.414737748777345, 54.77048831343419], [12.410988777306235, 54.772809840411355], [12.409247733401557, 54.77621489806729], [12.409514617063309, 54.78070348640198], [12.411656845093752, 54.78403129212662], [12.415674417492887, 54.7861983152412], [12.419558052044525, 54.786120932550034], [12.42330774874867, 54.78379914405314], [12.427057019761854, 54.78147723988462], [12.430805865084078, 54.77915522004447], [12.434554284849664, 54.77683308457452], [12.438302279058608, 54.77451083347478], [12.438167584744631, 54.77226656603632], [12.43415020190773, 54.77010028225917], [12.428259191495185, 54.76909474276435]]]}}, {"type": "Feature", "properties": {"band": "rain", "dbz": 40.0, "source": "OPERA-ORD", "time": "20260725155000"}, "geometry": {"type": "Polygon", "coordinates": [[[12.362478955088504, 54.70748025954545], [12.354725871402465, 54.707631227736904], [12.346972733899973, 54.707781699873976], [12.339219542581022, 54.70793167595667], [12.333468940708135, 54.70916618187106], [12.329720928281313, 54.71148521761717], [12.329849996269902, 54.71372962711819], [12.333856144673904, 54.71589941037412], [12.339736669971316, 54.716909295432835], [12.347491572162136, 54.71675928229433], [12.355246420493685, 54.7166087729792], [12.363001214965962, 54.71645776748743], [12.368751678655157, 54.71522214635017], [12.372497811561269, 54.71290190956743], [12.372367032743625, 54.710657537244465], [12.368359342202224, 54.7084890293813], [12.362478955088504, 54.70748025954545]]]}}, {"type": "Feature", "properties": {"band": "rain", "dbz": 40.0, "source": "OPERA-ORD", "time": "20260725155000"}, "geometry": {"type": "Polygon", "coordinates": [[[21.423345682450666, 53.841536070640956], [21.415836570968217, 53.842262922758486], [21.408327216302144, 53.84298930149103], [21.400817618452443, 53.84371520683858], [21.395490098948535, 53.845366037765885], [21.392344657790428, 53.84794179427293], [21.39138170857986, 53.85144281554642], [21.392601251316833, 53.85586910158639], [21.39382110276604, 53.86029536645095], [21.395041262927492, 53.86472161014011], [21.39783514408056, 53.867859857062385], [21.40220274622525, 53.86971010721778], [21.40814365506157, 53.870272021180845], [21.415657870589513, 53.86954559895159], [21.423171842378466, 53.868818703021375], [21.430685570428423, 53.86809133339018], [21.43601446412892, 53.86643920494495], [21.439158523479954, 53.86386231768567], [21.44011816396454, 53.86036101087688], [21.43889338558268, 53.85593528451859], [21.437668917011145, 53.85150953685161], [21.436444758249937, 53.84708376787595], [21.43364956869997, 53.843946323686644], [21.42928334836125, 53.842097204283675], [21.423345682450666, 53.841536070640956]]]}}, {"type": "Feature", "properties": {"band": "rain", "dbz": 40.0, "source": "OPERA-ORD", "time": "20260725155000"}, "geometry": {"type": "Polygon", "coordinates": [[[15.949562831520389, 53.827096812202285], [15.941993174832529, 53.82747614366103], [15.936474866748975, 53.82887908815286], [15.933007907269726, 53.83130564567776], [15.931592514387823, 53.83475617054559], [15.932228688103264, 53.83923066275633], [15.934599144167848, 53.84249183087624], [15.938703882581581, 53.84453967490532], [15.944542685142263, 53.84537384035829], [15.952115551849893, 53.844994327235156], [15.957635246463468, 53.84359093753797], [15.96110176898299, 53.84116367126674], [15.96251533837528, 53.83771288285793], [15.96187595464034, 53.83323857231156], [15.959504112045732, 53.82997784939701], [15.955399810591457, 53.827930714114274], [15.949562831520389, 53.827096812202285]]]}}, {"type": "Feature", "properties": {"band": "rain", "dbz": 40.0, "source": "OPERA-ORD", "time": "20260725155000"}, "geometry": {"type": "Polygon", "coordinates": [[[15.866314120512975, 53.77716960171693], [15.85875280621587, 53.77754357873005], [15.851191366034929, 53.77791707460688], [15.843629799970149, 53.77829008934744], [15.838114673844364, 53.77968845882619], [15.834645987657577, 53.782112183043125], [15.831176909668775, 53.78453580688849], [15.827707439877958, 53.786959330362286], [15.824237578152184, 53.78938275342898], [15.820767324491454, 53.7918060760886], [15.819343866567003, 53.79525534350286], [15.819967204378827, 53.799730555671786], [15.82232647029841, 53.80299406209392], [15.82642166432575, 53.80504586276925], [15.832252572860511, 53.80588560341948], [15.839819195902697, 53.80551328404461], [15.84738569308599, 53.805140483168394], [15.85495206441039, 53.804767200790856], [15.860469699309371, 53.80336832571042], [15.863938597782932, 53.800943857927095], [15.867407104202803, 53.79851928985859], [15.870875218568987, 53.796094621504906], [15.87434294101464, 53.79366985290155], [15.877810271539767, 53.79124498404852], [15.879229224303536, 53.78779511275487], [15.878599799305944, 53.783320239020604], [15.876237509520744, 53.7800577549177], [15.872142354947933, 53.77800766044614], [15.866314120512975, 53.77716960171693]]]}}, {"type": "Feature", "properties": {"band": "rain", "dbz": 40.0, "source": "OPERA-ORD", "time": "20260725155000"}, "geometry": {"type": "Polygon", "coordinates": [[[5.29351414642438, 53.00056009889554], [5.28608174091574, 53.00026019301731], [5.278649432215964, 52.9999598146789], [5.2712172203250525, 52.99965896388031], [5.263785105542617, 52.99935764064108], [5.256353087868657, 52.99905584496122], [5.248921167602727, 52.99875357686036], [5.24148934474483, 52.99845083633848], [5.235791060867244, 52.99934408412854], [5.231826315969973, 53.00143332023052], [5.22959494327176, 53.00471889226412], [5.229096942772605, 53.009200800229365], [5.230582084861234, 53.01263812557315], [5.234050369537646, 53.01503086829548], [5.237519032797484, 53.017423508350056], [5.240988074640748, 53.01981604573686], [5.2444574951898435, 53.02220848042085], [5.2479272944447715, 53.02460081240203], [5.251397472527969, 53.02699304164532], [5.254868029439437, 53.02938516815072], [5.258338965301641, 53.03177719188313], [5.26181028011458, 53.03416911284255], [5.267265126457459, 53.03551563929982], [5.274703504330277, 53.03581677125495], [5.2804054533041915, 53.034921907549105], [5.284370973379204, 53.03283104818229], [5.28833610112471, 53.03074005086997], [5.29230083654071, 53.02864891561216], [5.296265179716896, 53.026557642452666], [5.300229130653271, 53.02446623139149], [5.302456377611861, 53.02117940478424], [5.302946920592669, 53.01669716263091], [5.303437340691978, 53.01221491166679], [5.303927637909789, 53.00773265189186], [5.3024371771836964, 53.004296154461954], [5.298965958513699, 53.00190541937709], [5.29351414642438, 53.00056009889554]]]}}, {"type": "Feature", "properties": {"band": "rain", "dbz": 40.0, "source": "OPERA-ORD", "time": "20260725155000"}, "geometry": {"type": "Polygon", "coordinates": [[[5.28160369340052, 52.973066725273625], [5.274176097973399, 52.97276608496154], [5.266748599433983, 52.972464972535874], [5.259321197782274, 52.97216338799664], [5.251893893317149, 52.97186133136338], [5.244466686038609, 52.971558802636096], [5.23877205057771, 52.97245222279675], [5.234809986934453, 52.9745415918453], [5.234561807159375, 52.976782594759605], [5.238027511252479, 52.97917523153966], [5.243474735820189, 52.9805228495742], [5.250903480862505, 52.98082544886322], [5.258332323165149, 52.98112757594929], [5.265761262728122, 52.981429230832404], [5.2731902992523185, 52.981730413492976], [5.28061943273774, 52.98203112393101], [5.2863140786651535, 52.98113591781925], [5.290274237034559, 52.9790447951577], [5.2905201099429675, 52.97680368672761], [5.2870516973903765, 52.97441259252898], [5.28160369340052, 52.973066725273625]]]}}, {"type": "Feature", "properties": {"band": "rain", "dbz": 40.0, "source": "OPERA-ORD", "time": "20260725155000"}, "geometry": {"type": "Polygon", "coordinates": [[[22.0109324022007, 50.10721703591853], [22.008051842471822, 50.109809096983824], [22.007181833856734, 50.11331886690268], [22.008322376355444, 50.117746345675094], [22.010903823557292, 50.1208777140821], [22.01492617546227, 50.1227129721237], [22.020389081442033, 50.12325181668217], [22.027292541496582, 50.122494247757515], [22.03218420065536, 50.12081912974732], [22.03506405891838, 50.11822646265158], [22.03449271885701, 50.11601285634652], [22.03047018047124, 50.114178310832145], [22.02644796912747, 50.11234361108498], [22.022426084825696, 50.11050875710503], [22.018404527522392, 50.10867374893276], [22.014383297217556, 50.10683858656817], [22.0109324022007, 50.10721703591853]]]}}, {"type": "Feature", "properties": {"band": "rain", "dbz": 40.0, "source": "OPERA-ORD", "time": "20260725155000"}, "geometry": {"type": "Polygon", "coordinates": [[[24.842871091468727, 47.33710453358306], [24.836381783033122, 47.338031704480876], [24.831838154798266, 47.339826989221805], [24.829240206764158, 47.34249038780585], [24.828588308180382, 47.346022172358275], [24.82988245904694, 47.35042234287907], [24.832476110084265, 47.35349072462749], [24.836369261292372, 47.35522731760352], [24.841561543129885, 47.35563184957833], [24.848052955596806, 47.35470432055193], [24.852597266259714, 47.352908584609466], [24.855194475118612, 47.35024464175096], [24.85584495209917, 47.34671276412557], [24.854548697201384, 47.34231295173332], [24.851954363736002, 47.33924502118643], [24.84806195170302, 47.33750897248491], [24.842871091468727, 47.33710453358306]]]}}, {"type": "Feature", "properties": {"band": "rain", "dbz": 40.0, "source": "OPERA-ORD", "time": "20260725155000"}, "geometry": {"type": "Polygon", "coordinates": [[[24.918091946884967, 47.27129435060861], [24.91161192801807, 47.27222603593627], [24.90513169531291, 47.27315732232103], [24.898651248769486, 47.274088209762894], [24.89217058854124, 47.2750186982206], [24.88568971462817, 47.275948787694134], [24.881152888934025, 47.2777461485842], [24.878560111458803, 47.28041078089078], [24.877911751416576, 47.28394295612838], [24.87920780880735, 47.28834267429699], [24.8785590802251, 47.29187481157885], [24.875965565669816, 47.29453936797395], [24.873371805162307, 47.29720386011159], [24.870777798702573, 47.29986828799176], [24.87012885736683, 47.30340037663334], [24.871424981155076, 47.307800126036355], [24.870775670802583, 47.31133217671598], [24.868180926309357, 47.31399652867223], [24.863640378132494, 47.31579291008295], [24.857154026272003, 47.31672132094815], [24.852612862423033, 47.31851748312768], [24.850016886585585, 47.32118139662153], [24.84936646808766, 47.3247133333311], [24.850661606929247, 47.32911329325636], [24.853255259157642, 47.33218120689468], [24.857147424772844, 47.333917074246045], [24.86233773415519, 47.334320623305715], [24.86882618730468, 47.33339185407369], [24.875314426401125, 47.332462685320074], [24.881802451444525, 47.33153311704488], [24.888290262280655, 47.330603149289445], [24.89477785890951, 47.32967278205377], [24.89931853603298, 47.32787506006509], [24.90191229365106, 47.32520998332339], [24.90255950230418, 47.32167782363275], [24.901260161992347, 47.31727858099315], [24.899961101258114, 47.312879301313515], [24.898662320101472, 47.308479984593866], [24.897363818353817, 47.30408063083462], [24.89606559601515, 47.29968124003577], [24.89671274982176, 47.296149021144394], [24.899305279773664, 47.29348397416049], [24.903842815929266, 47.291685827527274], [24.910325358288567, 47.29075458124477], [24.91680768653301, 47.28982293588175], [24.923289800662587, 47.28889089143823], [24.92782613879294, 47.287091972275235], [24.93041670092407, 47.284426178392756], [24.931061857478632, 47.28089378120777], [24.929761608456626, 47.27649478072029], [24.92716660203882, 47.2734285873436], [24.923276838225217, 47.271695201077726], [24.918091946884967, 47.27129435060861]]]}}, {"type": "Feature", "properties": {"band": "rain", "dbz": 40.0, "source": "OPERA-ORD", "time": "20260725155000"}, "geometry": {"type": "Polygon", "coordinates": [[[25.016516252818935, 47.23874177212777], [25.010041755597264, 47.23967947656673], [25.00551204836391, 47.241482136845434], [25.002927131118884, 47.244149752963885], [25.00034196910768, 47.2468173051825], [24.997756562330302, 47.249484793501274], [24.993225658435286, 47.25128668298179], [24.986749257422623, 47.25222297362407], [24.982217739995953, 47.25402464492462], [24.979631106155267, 47.25669169688344], [24.9789897270217, 47.26022440047983], [24.980293602595253, 47.264622755713766], [24.98289131801696, 47.267687494867886], [24.986782873286828, 47.269418617942186], [24.99196789699127, 47.269815853854766], [24.99844638913028, 47.26887920260562], [25.002978580662706, 47.267077080011006], [25.00556447158855, 47.264409486070946], [25.008150117561, 47.26174182823597], [25.010735518580063, 47.25907410650608], [25.01526651230395, 47.257271212922944], [25.021743098732667, 47.25633314748657], [25.026273478810438, 47.25453003589096], [25.02885765253726, 47.25186187813611], [25.02949599200832, 47.248328945051476], [25.028188497223624, 47.243931236637046], [25.0255894377309, 47.24086751679945], [25.021698813530147, 47.239137785538674], [25.016516252818935, 47.23874177212777]]]}}, {"type": "Feature", "properties": {"band": "rain", "dbz": 40.0, "source": "OPERA-ORD", "time": "20260725155000"}, "geometry": {"type": "Polygon", "coordinates": [[[24.949160329855488, 47.23930317003911], [24.942684733217945, 47.24023670920795], [24.938152755546312, 47.242036489028955], [24.935564396840594, 47.244702509502105], [24.93492002696207, 47.24823504168612], [24.93621964591074, 47.252634085581015], [24.938813967150054, 47.25570002942364], [24.94270299068001, 47.25743287321401], [24.94788634634788, 47.25783234579064], [24.954364034153656, 47.25689844715355], [24.958896687212217, 47.25509821652818], [24.961484305523555, 47.25243165391452], [24.96212725962082, 47.248899030394355], [24.96082554950401, 47.244500345967694], [24.958230552877765, 47.24143485292943], [24.9543422697421, 47.23970255127959], [24.949160329855488, 47.23930317003911]]]}}, {"type": "Feature", "properties": {"band": "rain", "dbz": 40.0, "source": "OPERA-ORD", "time": "20260725155000"}, "geometry": {"type": "Polygon", "coordinates": [[[25.03195517282103, 47.19980530923005], [25.025485707004307, 47.20074388517678], [25.020959734735335, 47.20254718393921], [25.01837725601411, 47.20521520551734], [25.017738641873425, 47.20874822039324], [25.019043892313277, 47.213146228566906], [25.021640903476925, 47.216210135774325], [25.02552967536437, 47.21793994201549], [25.030709836650836, 47.21833537670608], [25.03718138733632, 47.21739643984609], [25.04170803067174, 47.21559269013379], [25.044289766657087, 47.212924127569195], [25.044926966995504, 47.209391022656675], [25.043619631686987, 47.20499337539624], [25.041021949456894, 47.20192991913869], [25.037133920305227, 47.200200653884025], [25.03195517282103, 47.19980530923005]]]}}, {"type": "Feature", "properties": {"band": "rain", "dbz": 40.0, "source": "OPERA-ORD", "time": "20260725155000"}, "geometry": {"type": "Polygon", "coordinates": [[[25.0707674573118, 47.1941654944756], [25.064299280530502, 47.19510645863449], [25.05977505636252, 47.19691141325333], [25.057194784807848, 47.19958035833213], [25.056558837694077, 47.203113564170906], [25.057867215021204, 47.20751103076968], [25.06046624907318, 47.210573934446856], [25.064355939850007, 47.21230227520243], [25.069535915231576, 47.21269578263422], [25.076006175217877, 47.211754456742234], [25.080531068825685, 47.20994905094578], [25.083110596054986, 47.20727956524485], [25.083745129403617, 47.20374626996153], [25.08243466887157, 47.1993491650958], [25.07983496537977, 47.19628671259624], [25.07594601892822, 47.194558912462846], [25.0707674573118, 47.1941654944756]]]}}, {"type": "Feature", "properties": {"band": "rain", "dbz": 40.0, "source": "OPERA-ORD", "time": "20260725155000"}, "geometry": {"type": "Polygon", "coordinates": [[[25.00858537647552, 47.16649655946489], [25.002119647598576, 47.16743361884115], [24.997595658578636, 47.16923590016658], [24.995013409415698, 47.17190340344118], [24.994373269958828, 47.175436399004155], [24.995675240208023, 47.17983488685552], [24.99826885573416, 47.18289953311828], [25.00215411653724, 47.184630337792456], [25.007330652477325, 47.185027030436615], [25.013798463554412, 47.184089611050766], [25.01832312349105, 47.18228687937007], [25.020904632287248, 47.179618835394514], [25.021543360460722, 47.176085749485836], [25.020239308011476, 47.17168762164401], [25.01764502156864, 47.16862342573652], [25.013760501132207, 47.16689316176334], [25.00858537647552, 47.16649655946489]]]}}, {"type": "Feature", "properties": {"band": "rain", "dbz": 40.0, "source": "OPERA-ORD", "time": "20260725155000"}, "geometry": {"type": "Polygon", "coordinates": [[[25.09251614444006, 47.12561802166496], [25.088632438208485, 47.123890480930754], [25.084749007741983, 47.12216278627604], [25.080865853040557, 47.12043493770082], [25.075694773898796, 47.12004156837846], [25.0692357703167, 47.12098267830894], [25.06277655254707, 47.12192339087338], [25.05631712058991, 47.122863706071755], [25.049857474596124, 47.123803623862784], [25.043397614565706, 47.12474314424648], [25.03887850833503, 47.126547166575705], [25.036300155904094, 47.129215690850465], [25.035662927262003, 47.13274898696532], [25.036966822408765, 47.13714705492025], [25.036329230544666, 47.14068031351354], [25.033750151669704, 47.14334876274521], [25.03117082937386, 47.146017148206965], [25.028591263657134, 47.14868546989882], [25.027953467832518, 47.1522186796504], [25.029257441900008, 47.15661677746171], [25.031851718705468, 47.15968062434973], [25.0357362982489, 47.161410220314465], [25.04091081005567, 47.16180529519758], [25.04737525412579, 47.160865848999094], [25.05383948375847, 47.15992600507954], [25.060303498953708, 47.15898576343895], [25.066767299560176, 47.15804512411865], [25.073230885577868, 47.15710408711867], [25.077751356692723, 47.155298830330096], [25.080328712904745, 47.152629353752936], [25.082905825841554, 47.149959813530565], [25.085482695503156, 47.147290209662984], [25.090001974430123, 47.145484184414514], [25.096463662622455, 47.14454173778517], [25.098385379427928, 47.139673333860884], [25.095767124846542, 47.130878972641675], [25.09251614444006, 47.12561802166496]]]}}, {"type": "Feature", "properties": {"band": "rain", "dbz": 40.0, "source": "OPERA-ORD", "time": "20260725155000"}, "geometry": {"type": "Polygon", "coordinates": [[[16.70219298023133, 47.5925985886326], [16.695581143938988, 47.59301896383544], [16.690769701352636, 47.59445514154911], [16.68775865247227, 47.59690712177361], [16.68654816987061, 47.60037520042902], [16.68713825354766, 47.604859377515325], [16.689234436858694, 47.6081175229781], [16.692836719803715, 47.61014963681734], [16.697944929668573, 47.610955422987175], [16.704559066453264, 47.6105348814876], [16.70937148640791, 47.609098324661794], [16.712382189532505, 47.606645752509735], [16.71359134901017, 47.603177461038904], [16.712998964840903, 47.59869345024931], [16.710901804161576, 47.59543568389867], [16.707299866972193, 47.59340416198701], [16.70219298023133, 47.5925985886326]]]}}, {"type": "Feature", "properties": {"band": "rain", "dbz": 40.0, "source": "OPERA-ORD", "time": "20260725155000"}, "geometry": {"type": "Polygon", "coordinates": [[[18.83580956163671, 47.408843848149374], [18.832911217938385, 47.411355064225205], [18.830012603207784, 47.413866199300884], [18.82711371744491, 47.416377253376425], [18.824214560563988, 47.4188882264299], [18.82131513256502, 47.42139911846132], [18.820252336165602, 47.42488893531763], [18.821026171365727, 47.42935767699881], [18.82325028283156, 47.43257091841954], [18.826924670563095, 47.43452865957982], [18.8320491097912, 47.4352306099715], [18.838623600515874, 47.43467676959459], [18.843360334975515, 47.433144112967476], [18.84625931317013, 47.43063264009017], [18.84732076031726, 47.42714264142112], [18.846544676416897, 47.422674116960344], [18.845768762404276, 47.41820556976588], [18.84499301827939, 47.41373699983773], [18.84276854303418, 47.41052409618311], [18.839095336668645, 47.408566858802004], [18.83580956163671, 47.408843848149374]]]}}, {"type": "Feature", "properties": {"band": "rain", "dbz": 40.0, "source": "OPERA-ORD", "time": "20260725155000"}, "geometry": {"type": "Polygon", "coordinates": [[[9.594129307079506, 47.31767271940008], [9.587529909716215, 47.317647035290435], [9.582571114458888, 47.31875429775526], [9.579252921307525, 47.32099450679456], [9.575934438623793, 47.32323460718322], [9.572615666407698, 47.32547459892122], [9.569296604589075, 47.32771448197946], [9.565977253167926, 47.329954256357944], [9.564298485635131, 47.33332747627627], [9.564260301990688, 47.33783414173445], [9.565882372548982, 47.3412209226814], [9.569164697310017, 47.343487819117115], [9.574107287329507, 47.34463453147444], [9.580710142607458, 47.34466105975337], [9.587313004048285, 47.34468717354056], [9.593915871651989, 47.344712872836006], [9.598876705636604, 47.3436053272988], [9.602195506002127, 47.34136453692896], [9.60387226251104, 47.33799080129782], [9.603906975163337, 47.33348412040539], [9.603941680169466, 47.328977424436786], [9.603976377529426, 47.32447071339202], [9.602352546097343, 47.32108440876594], [9.599070185873213, 47.318818510558586], [9.594129307079506, 47.31767271940008]]]}}, {"type": "Feature", "properties": {"band": "rain", "dbz": 40.0, "source": "OPERA-ORD", "time": "20260725155000"}, "geometry": {"type": "Polygon", "coordinates": [[[9.555156190095445, 47.2454029158435], [9.548566062195867, 47.245374790562465], [9.543613387739994, 47.24648027892281], [9.540298166727824, 47.24871938092452], [9.538620387505311, 47.25209239535526], [9.538580050072454, 47.25659932221504], [9.538539703763934, 47.26110623387844], [9.538499348579752, 47.26561313034547], [9.54011747282164, 47.269000487658815], [9.543394076489603, 47.271268305818495], [9.546690577767334, 47.27128258227011], [9.550006976654833, 47.26904331701368], [9.553323086748621, 47.26680394312967], [9.556638908048697, 47.26456446061807], [9.5599544406249, 47.26232486950792], [9.56326968447723, 47.26008516979922], [9.564946322719242, 47.25671185098482], [9.56498435535094, 47.25220491306474], [9.563365342261399, 47.24881782769952], [9.560089283450623, 47.24655059488918], [9.555156190095445, 47.2454029158435]]]}}, {"type": "Feature", "properties": {"band": "rain", "dbz": 40.0, "source": "OPERA-ORD", "time": "20260725155000"}, "geometry": {"type": "Polygon", "coordinates": [[[9.503129934061338, 47.173053323807835], [9.496549060758884, 47.17302193914286], [9.489968194893166, 47.17299014154091], [9.483387336464183, 47.172957931001974], [9.476806485665055, 47.172925307527564], [9.47022564249578, 47.17289227111765], [9.463644807149471, 47.172858821773794], [9.457063979626128, 47.172824959496], [9.45048316011886, 47.1727906842858], [9.443902348627665, 47.172755996143216], [9.438954401571994, 47.17385661105442], [9.43563931895185, 47.176092529019414], [9.435614920237942, 47.178346098651424], [9.438881205430276, 47.18061731995046], [9.442147777064061, 47.18288843588623], [9.445414635139297, 47.18515944645875], [9.447023936575167, 47.188548500102186], [9.446975681371672, 47.19305559681655], [9.448585551278592, 47.1964445391062], [9.45185354629593, 47.19871532697114], [9.45512182802391, 47.20098600940046], [9.45839039646254, 47.203256586394154], [9.461659251683514, 47.20552705792397], [9.464928393686831, 47.20779742398991], [9.469855683878077, 47.20894913819803], [9.47644112225725, 47.20898220054834], [9.481391414743408, 47.20788007662014], [9.48470656133655, 47.205642766413426], [9.488021419961784, 47.20340534749805], [9.49133599061911, 47.201167819874016], [9.496285435454432, 47.20006475763371], [9.502869754467753, 47.200096160777136], [9.507818627756345, 47.19899278174607], [9.51113205532021, 47.19675462054052], [9.512810024685972, 47.19338197557043], [9.512852535853625, 47.18887484683583], [9.512895037685416, 47.18436770278805], [9.512937530181341, 47.17986054342708], [9.51132417500012, 47.17647247684503], [9.50805497214175, 47.17420350304189], [9.503129934061338, 47.173053323807835]]]}}, {"type": "Feature", "properties": {"band": "rain", "dbz": 40.0, "source": "OPERA-ORD", "time": "20260725155000"}, "geometry": {"type": "Polygon", "coordinates": [[[9.491209887210884, 47.04678308394526], [9.484645048781289, 47.0467509615652], [9.478080217910446, 47.0467184273797], [9.471515394598349, 47.04668548138875], [9.464950579036314, 47.04665212359389], [9.458385771224343, 47.04661835399509], [9.45182097135374, 47.046584172593924], [9.445256179424511, 47.04654957939039], [9.43869139562796, 47.046514574386066], [9.432126619964084, 47.046479157580976], [9.427190490163879, 47.04757933274756], [9.423883006227344, 47.049815099885805], [9.420575236403224, 47.05205075840922], [9.417267180691523, 47.0542863083178], [9.4139588390237, 47.05652174958272], [9.410650211399759, 47.05875708220399], [9.408970205150155, 47.06212850214587], [9.408918820274895, 47.06663600940837], [9.410522320067932, 47.07002585396819], [9.413780704529268, 47.07229803582533], [9.41869398847989, 47.07345225758519], [9.425262171919794, 47.07348851924776], [9.430176030556488, 47.074642431647845], [9.433435564389967, 47.076913994785436], [9.436695383214877, 47.07918545276218], [9.43995548703122, 47.081456805578085], [9.443215875910141, 47.08372805320509], [9.44647654985164, 47.085999195643204], [9.449737508926876, 47.088270232864346], [9.452998753135848, 47.090541164868526], [9.456260282549717, 47.09281199162768], [9.459522097168488, 47.095082713141785], [9.462784197063328, 47.09735332938278], [9.466046582234242, 47.09962384035065], [9.470963613281405, 47.100775588170166], [9.47753529020482, 47.100808572841316], [9.482452896393248, 47.10196001080926], [9.485716431846692, 47.10422990207397], [9.48898025273579, 47.106499687969006], [9.492244359060539, 47.108769368494364], [9.497162837691842, 47.10991987958052], [9.503735688629698, 47.109951221227476], [9.508675914273358, 47.108847719543945], [9.511983514622825, 47.10660937452993], [9.513658477284844, 47.10323648388162], [9.513700802259413, 47.09872904759902], [9.515375187837705, 47.09535603930529], [9.518681634019716, 47.09311745900043], [9.521987793840324, 47.09087877030483], [9.525293667299529, 47.088639973218505], [9.526967176565192, 47.085266822665275], [9.527008321637314, 47.08075931864517], [9.527049457693685, 47.076251799141964], [9.527090584734308, 47.07174426415564], [9.52547963647312, 47.06835613982794], [9.522216612910121, 47.06608742615884], [9.517301526073155, 47.064937825791695], [9.510734375962217, 47.06490733872651], [9.505819863026923, 47.063757428485644], [9.502557987267272, 47.06148809506907], [9.500948736190178, 47.05809963581645], [9.50099210979564, 47.05359205072776], [9.4993834240552, 47.050203479921386], [9.496122678968852, 47.047933923397316], [9.491209887210884, 47.04678308394526]]]}}, {"type": "Feature", "properties": {"band": "rain", "dbz": 40.0, "source": "OPERA-ORD", "time": "20260725155000"}, "geometry": {"type": "Polygon", "coordinates": [[[10.422565808373935, 46.938975144340326], [10.416014529041735, 46.939001439728685], [10.409463243729487, 46.93902732426383], [10.40291195243719, 46.93905279794575], [10.396360655354657, 46.93907786077328], [10.38980935248189, 46.93910251274643], [10.384904102583075, 46.94024785552419], [10.381644905658211, 46.94251388910659], [10.380031771328436, 46.94590090987013], [10.380064699593753, 46.950408917814826], [10.381727794014925, 46.95378390662974], [10.385021054591952, 46.95602587631484], [10.389944471695822, 46.95713453036636], [10.39649804532653, 46.9571098687843], [10.40305161315928, 46.957084796187715], [10.409605175194072, 46.957059312576604], [10.416158731240833, 46.957033417952154], [10.422712281299566, 46.95700711231435], [10.427618071029348, 46.95586023781538], [10.430876100430181, 46.95359279445523], [10.43248638025584, 46.95020507873198], [10.432448910506325, 46.945697090645645], [10.430782993733684, 46.94232282161339], [10.427488629937917, 46.940082271635234], [10.422565808373935, 46.938975144340326]]]}}, {"type": "Feature", "properties": {"band": "rain", "dbz": 40.0, "source": "OPERA-ORD", "time": "20260725155000"}, "geometry": {"type": "Polygon", "coordinates": [[[6.108653807710327, 46.77700315240587], [6.102130351036463, 46.77675907685933], [6.095606950279563, 46.77651459289375], [6.089083605439624, 46.776269700509104], [6.082560316701434, 46.776024399716476], [6.07603708406499, 46.775778690515864], [6.071059919407414, 46.776719558412694], [6.067628822728706, 46.778847003406995], [6.0657436965204425, 46.782161318712326], [6.065404540782627, 46.78666250432869], [6.066781492995151, 46.79009999130756], [6.069874553158016, 46.79247377964894], [6.072967888924223, 46.794847473419516], [6.076061500293774, 46.79722107261929], [6.079155387342656, 46.79959457722309], [6.08224955007087, 46.801967987230924], [6.085343988554422, 46.80434130261762], [6.088438702793312, 46.80671452338319], [6.091533692863555, 46.80908764950245], [6.094628958765155, 46.81146068097541], [6.099440559920263, 46.81276932908926], [6.105968496328877, 46.81301359384398], [6.1109482393496135, 46.81207131918973], [6.114379788982471, 46.809942505126465], [6.117811054145149, 46.80781357274965], [6.121242034837651, 46.805684522059295], [6.124672731119487, 46.80355535308583], [6.128103142990659, 46.801426065829254], [6.129985200848227, 46.798110728377495], [6.130318904692192, 46.79360934073055], [6.128937962643235, 46.790172620222016], [6.125842374701356, 46.78780056685191], [6.122747062375125, 46.78542841876447], [6.119652025664543, 46.783056175959686], [6.116557264493753, 46.78068383846276], [6.113462778862757, 46.77831140627369], [6.108653807710327, 46.77700315240587]]]}}, {"type": "Feature", "properties": {"band": "rain", "dbz": 40.0, "source": "OPERA-ORD", "time": "20260725155000"}, "geometry": {"type": "Polygon", "coordinates": [[[10.564251316094731, 46.712875063758794], [10.557728408270213, 46.712910226644226], [10.55120549251091, 46.71294498068087], [10.544682568816823, 46.712979325868695], [10.538159637374601, 46.71301326220617], [10.531636698184244, 46.713046789693294], [10.52511375143241, 46.713079908328545], [10.518590797119096, 46.71311261811193], [10.512067835430965, 46.713144919041966], [10.505544866368012, 46.713176811118664], [10.499021890116904, 46.713208294340575], [10.492498906677636, 46.71323936870769], [10.485975916236876, 46.71327003421863], [10.479452918794625, 46.713300290873384], [10.474570772969702, 46.71445002729911], [10.47132947876211, 46.7167192434958], [10.469729047902884, 46.720108234067396], [10.469769480392026, 46.72461699901389], [10.468168492940467, 46.7280058781657], [10.464926085548212, 46.73027487152282], [10.461683397789137, 46.73254376002345], [10.458440429663247, 46.734812543667545], [10.456838617450334, 46.7382012887098], [10.4568779611504, 46.74270999515022], [10.455275591721021, 46.746098628678524], [10.452031509162195, 46.74836718929474], [10.448768027808615, 46.74838130503865], [10.445485147660287, 46.74614097591028], [10.442202549065971, 46.74390053914775], [10.43892023202567, 46.74165999475106], [10.435656744309183, 46.741673701357016], [10.432412085916516, 46.74394165896563], [10.430808312634172, 46.74732998037065], [10.430845424462147, 46.751838665572066], [10.430882544371874, 46.7563473347799], [10.430919672363352, 46.76085598799416], [10.429315072153344, 46.764244175034094], [10.426068743741851, 46.766511895899704], [10.42280412509006, 46.76652519852066], [10.419521216197975, 46.76428408289696], [10.416238589080503, 46.76204285968468], [10.41295624373765, 46.759801528883834], [10.408050724774412, 46.758693550925976], [10.40152203219079, 46.758718925811095], [10.394993333893483, 46.75874389143518], [10.388464629882487, 46.75876844779821], [10.38193592034511, 46.758792594899084], [10.375407205281356, 46.7588163327378], [10.37050279210401, 46.75770681129434], [10.367222680813072, 46.75546403056872], [10.363942851123898, 46.75322114242988], [10.360663303036489, 46.75097814687784], [10.355759723370173, 46.74986769735268], [10.349232112124952, 46.749889793854386], [10.344343712631378, 46.751033390272625], [10.341094524889456, 46.75329848660739], [10.33948455741965, 46.75668537776023], [10.339513810221963, 46.76119406373112], [10.339543069395841, 46.765702733730166], [10.33957233494129, 46.77021138775737], [10.34122703514576, 46.77358749848832], [10.344507170009253, 46.775831065923015], [10.349412730998903, 46.77694179496357], [10.35594371811471, 46.77691968561], [10.362474700071914, 46.77689716683346], [10.369005676870513, 46.77687423863396], [10.375536648322946, 46.776850901012544], [10.382067614429213, 46.776827153969215], [10.388598575001751, 46.776802997505044], [10.395129530040562, 46.77677843162002], [10.40003647222914, 46.7778870015511], [10.403319401567487, 46.780128707298275], [10.406602612913591, 46.782370305462884], [10.409886106267454, 46.78461179604492], [10.413169881696765, 46.78685317901612], [10.416453939201523, 46.78909445437648], [10.416471686480689, 46.791348728961516], [10.413223123534268, 46.793616002771216], [10.409974279299082, 46.795883171456154], [10.406725153775133, 46.79815023501631], [10.406742908790275, 46.800404493673824], [10.410027544344501, 46.802645947428715], [10.414937018098321, 46.803753564899154], [10.42147133005173, 46.803727346085154], [10.428005635896575, 46.80370071761547], [10.43453993563286, 46.8036736794901], [10.43943107502787, 46.802526123190745], [10.442679054081607, 46.80025804871741], [10.444283883756617, 46.79686975136681], [10.4442455640529, 46.792361231138926], [10.445849834916784, 46.78897282214841], [10.449096696348263, 46.78670452439525], [10.452362991396908, 46.7866903949637], [10.455648720062714, 46.788930433853764], [10.45893473090869, 46.791170364985604], [10.462221023934836, 46.79341018835923], [10.465507599208761, 46.795649903946284], [10.468794456730466, 46.79788951174679], [10.472081596567573, 46.80012901173242], [10.475369018720079, 46.80236840390319], [10.47865672325561, 46.804607688230746], [10.481944710174165, 46.8068468647151], [10.485232979543374, 46.80908593332788], [10.488521531363242, 46.81132489406909], [10.491810365701397, 46.81356374691039], [10.495099482557842, 46.81580249185177], [10.498388882000222, 46.818041128864856], [10.501678564028536, 46.82027965794964], [10.506591642204217, 46.82138293931916], [10.513128116527266, 46.8213509729734], [10.519664583416468, 46.821318596822294], [10.526201042871826, 46.821285810865845], [10.53273749470518, 46.82125261510553], [10.539273938916537, 46.82121900954136], [10.544164421203714, 46.820066555605216], [10.547408941566715, 46.81779525329709], [10.549007513586368, 46.81440539803786], [10.548960137262672, 46.809896989827536], [10.55055815112239, 46.80650702354326], [10.553801555165517, 46.804235499185026], [10.558690335634282, 46.80308212145996], [10.565224492528682, 46.80304689036804], [10.571758641247525, 46.80301124963597], [10.578292781790813, 46.802975199263756], [10.584826913970657, 46.80293873925302], [10.591361037787056, 46.802901869603765], [10.597895153052129, 46.80286459031766], [10.60442925976587, 46.80282690139471], [10.610963357740406, 46.80278880283663], [10.617497446975735, 46.802750294643396], [10.624031527283977, 46.80271137681679], [10.630565598665134, 46.80267204935679], [10.635479962046906, 46.803769495511474], [10.638774617429291, 46.806003715280845], [10.640449580658746, 46.80937500394198], [10.640504851735272, 46.813883361494895], [10.642180385587068, 46.817254531888565], [10.645476182214132, 46.819488515122984], [10.650392225569094, 46.82058501579648], [10.656928515651954, 46.82054403390906], [10.663464796231498, 46.820502642234715], [10.670001067307723, 46.820460840773436], [10.67653732869252, 46.82041862952712], [10.68307358038589, 46.82037600849577], [10.689609822199728, 46.82033297768132], [10.696146054134033, 46.82028953708376], [10.702682276000704, 46.820245686705086], [10.709218487799744, 46.82020142654529], [10.715754689343054, 46.82015675660637], [10.722290880630633, 46.82011167688835], [10.727208820106942, 46.82120477825369], [10.730508507771976, 46.8234360607024], [10.733808478353481, 46.82566723449001], [10.737108731851455, 46.82789829961652], [10.74040926833306, 46.83012925605339], [10.743710087798297, 46.832360103800596], [10.747011190314332, 46.8345908428296], [10.750312575881168, 46.836821473140404], [10.755232461056801, 46.83791300987922], [10.761770845841232, 46.837865453046064], [10.76669129096005, 46.838956673743546], [10.769993796413257, 46.84118667197166], [10.773296585062413, 46.843416561384615], [10.77659965690752, 46.8456463419824], [10.781520927665014, 46.84673662922856], [10.788060397334897, 46.84668742312308], [10.794599855597834, 46.84663780701259], [10.801139302453826, 46.84658778089708], [10.806026371871624, 46.845423076715186], [10.809261063851228, 46.84314369446688], [10.810843398520868, 46.83974992972735], [10.810773375880547, 46.835241782496574], [10.81070336850601, 46.830733619351044], [10.810633376397254, 46.82622544029077], [10.810563399544819, 46.821717245301464], [10.810493437948704, 46.81720903438315], [10.808807243680343, 46.813840520667284], [10.805504816739735, 46.811611704153876], [10.800586137040609, 46.81052228953492], [10.794051204582964, 46.810572276810426], [10.787516260748681, 46.81062185439916], [10.780981305537765, 46.81067102230112], [10.776063449677183, 46.80958067468387], [10.77276269316694, 46.807350811547416], [10.769462219359127, 46.80512083966535], [10.766162028253746, 46.80289075903768], [10.761244996613588, 46.80179947868353], [10.754711124438655, 46.80184699860289], [10.748177241458112, 46.801894108908385], [10.741643347671957, 46.8019408096], [10.736727140633377, 46.8008485967704], [10.733428620342373, 46.79861747041959], [10.730130382598073, 46.79638623545964], [10.726832427400481, 46.79415489189056], [10.72356574642165, 46.794177625606125], [10.720330339661581, 46.79645443660636], [10.717094651954225, 46.79873114340783], [10.713858683299579, 46.80100774601052], [10.710591991988162, 46.80103007014671], [10.70729457801997, 46.798798115816375], [10.703997446576482, 46.79656605295631], [10.700700597657695, 46.79433388156653], [10.697404031196516, 46.792101601675476], [10.694107747192946, 46.78986921328317], [10.690811745579893, 46.787636716418085], [10.687516026357361, 46.78540411108021], [10.682602295403207, 46.78430910239382], [10.67607055271743, 46.78435169035891], [10.669538800365961, 46.78439386885682], [10.663007038348802, 46.784435637887555], [10.658094133513607, 46.78333969777232], [10.65480008586038, 46.781106048511134], [10.651506320441019, 46.77887229091341], [10.648212837255523, 46.77663842497914], [10.643300758916828, 46.775541553696904], [10.636770085424935, 46.7755816770667], [10.631885590602808, 46.77673873729319], [10.628647274450449, 46.779012734376394], [10.625408677471992, 46.7812866270135], [10.622169799667432, 46.78356041520452], [10.61728444296995, 46.78471655592813], [10.610752607379546, 46.78475504918433], [10.605840773842774, 46.78365664461244], [10.602548942359638, 46.78142134221247], [10.600877127962606, 46.7780494371127], [10.600825330651679, 46.77354092931316], [10.599154085485557, 46.77016890623019], [10.59586339246424, 46.767933367863805], [10.590953236754858, 46.76683401921017], [10.584423618357413, 46.7668708602693], [10.577893991618724, 46.76690729200751], [10.571364356538796, 46.76694331442479], [10.566455028822954, 46.76584303550576], [10.5631660084712, 46.76360645525042], [10.563141533145403, 46.76135216849535], [10.566381602845562, 46.759080175240555], [10.571265892665684, 46.75792617089492], [10.577794402605768, 46.75789015545844], [10.584322904210147, 46.75785373078035], [10.590851397478826, 46.75781689686066], [10.59573482760182, 46.75666197301467], [10.598973194579134, 46.754388959242405], [10.600566513227196, 46.75099815046321], [10.600514783546007, 46.74648954667708], [10.6004630651225, 46.74198092686463], [10.600411357956675, 46.73747229102583], [10.598741304774869, 46.73410016463855], [10.595452905577082, 46.731864547702784], [10.592164787886611, 46.72962882270289], [10.58887695170346, 46.7273929896389], [10.58558939696058, 46.72515704853908], [10.582302123657973, 46.72292099940344], [10.579015131728607, 46.720684842260304], [10.575728421172478, 46.71844857710965], [10.572441991922558, 46.71621220397975], [10.569155843978846, 46.713975722870636], [10.564251316094731, 46.712875063758794]]]}}, {"type": "Feature", "properties": {"band": "rain", "dbz": 40.0, "source": "OPERA-ORD", "time": "20260725155000"}, "geometry": {"type": "Polygon", "coordinates": [[[10.854517215392493, 46.811221428928675], [10.851286460516517, 46.813502265974776], [10.849707755979317, 46.81689677480222], [10.849781101780891, 46.82140495541097], [10.849854463576559, 46.82591312008384], [10.849927841366325, 46.830421268820814], [10.850001235160105, 46.83492940163614], [10.850074644957896, 46.8394375185298], [10.851764544736943, 46.84280522245724], [10.855070934497244, 46.845032513418445], [10.859993792944223, 46.846119095851094], [10.866533120077886, 46.84606496975518], [10.871418687593671, 46.84489720343623], [10.87465049549158, 46.84261579689424], [10.876228565529669, 46.83922104568671], [10.876152897707938, 46.83471294981364], [10.876077246382343, 46.830204838014154], [10.876001611552883, 46.825696710288256], [10.874310911085164, 46.8223292858172], [10.871005144979183, 46.820102564600994], [10.867699661839495, 46.817875734315045], [10.864394461666102, 46.815648794959344], [10.861089544392172, 46.813421746562526], [10.85778491001771, 46.81119458912459], [10.854517215392493, 46.811221428928675]]]}}, {"type": "Feature", "properties": {"band": "rain", "dbz": 40.0, "source": "OPERA-ORD", "time": "20260725155000"}, "geometry": {"type": "Polygon", "coordinates": [[[10.970490062825002, 46.80907882442284], [10.96395546036039, 46.809139463114796], [10.95907508898982, 46.81031181769799], [10.95584894871329, 46.81259588817241], [10.952622527576628, 46.814879855133235], [10.949395825579831, 46.817163718580474], [10.9461282218022, 46.817193426326455], [10.942819716243733, 46.81496897837116], [10.939511493645517, 46.81274442113639], [10.93620355400755, 46.810519754622106], [10.932935936687844, 46.810549052669884], [10.929708641686398, 46.81283231527971], [10.926481065786925, 46.81511547429641], [10.923253208989426, 46.817398529719995], [10.91837136135097, 46.8185687437112], [10.911835522871556, 46.81862611627], [10.906953105679749, 46.819796024533396], [10.903724109775549, 46.822078468501374], [10.902148557724468, 46.82547374352459], [10.902226449526506, 46.82998184960305], [10.903919403515719, 46.83334872818979], [10.907227419692104, 46.8355743792848], [10.912150475471801, 46.836658507411], [10.918688570854812, 46.83660111256839], [10.923612185525235, 46.837684923712686], [10.926921319483068, 46.83990994084391], [10.930230736761557, 46.84213484868255], [10.933540437360701, 46.84435964722862], [10.938464873176251, 46.84544252354706], [10.945004044208208, 46.84538347763785], [10.951543201572344, 46.84532402175339], [10.958082345268657, 46.84526415589366], [10.964621475108784, 46.84520388006139], [10.971160591092723, 46.84514319425657], [10.976043741091612, 46.84397053078372], [10.979270925105453, 46.84168588964285], [10.982497827929963, 46.83940114502299], [10.985724449565138, 46.83711629692415], [10.98895079008184, 46.834831345373736], [10.992176849480067, 46.83254629037174], [10.99374698385487, 46.8291497502201], [10.993661193206249, 46.82464172491879], [10.991962937029054, 46.82127622108665], [10.988652215323286, 46.81905323872366], [10.98534177667387, 46.81683014693333], [10.982031621080804, 46.814606945715646], [10.978721748477529, 46.812383635099316], [10.97541215886405, 46.81016021508434], [10.970490062825002, 46.80907882442284]]]}}, {"type": "Feature", "properties": {"band": "rain", "dbz": 40.0, "source": "OPERA-ORD", "time": "20260725155000"}, "geometry": {"type": "Polygon", "coordinates": [[[17.988354830833693, 46.41668262347826], [17.985467527537338, 46.41917207201825], [17.982579963474997, 46.421661438176386], [17.979692138646655, 46.42415072195266], [17.975020113811556, 46.4256447023725], [17.968563888969694, 46.42614337943592], [17.963891278040492, 46.42763710011318], [17.961002281023944, 46.430125864404296], [17.96134178600103, 46.43236556241757], [17.964909792971742, 46.43435619415299], [17.969922448014344, 46.435102123896684], [17.97637975112884, 46.43460335164866], [17.982836942660608, 46.43410417711414], [17.989294022609652, 46.43360460029315], [17.993966346023008, 46.43210998021366], [17.99685391290067, 46.42962031687566], [17.997956916889834, 46.42613589497967], [17.99727535799051, 46.42165671452569], [17.9951505545261, 46.41842231802609], [17.991582506496613, 46.41643270548087], [17.988354830833693, 46.41668262347826]]]}}, {"type": "Feature", "properties": {"band": "rain", "dbz": 40.0, "source": "OPERA-ORD", "time": "20260725155000"}, "geometry": {"type": "Polygon", "coordinates": [[[10.329365591164533, 46.704865617675694], [10.322843577176391, 46.70488605763424], [10.316321558616696, 46.70490608880084], [10.309799535485446, 46.70492571117549], [10.303277507969224, 46.704944924757314], [10.296755476068029, 46.70496372954631], [10.290233439968437, 46.704982125541626], [10.283711399670453, 46.70500011274327], [10.277189355360658, 46.705017691150424], [10.270667307039048, 46.705034860763085], [10.264145254892213, 46.70505162158049], [10.257623198920147, 46.70506797360263], [10.25110113930944, 46.70508391682876], [10.244579076060088, 46.705099451258896], [10.239692577711823, 46.70623817329472], [10.236441644264643, 46.70850008293622], [10.234826281627395, 46.71188547474413], [10.234846489800077, 46.71639434871844], [10.236492726021236, 46.719772266431335], [10.239764990290867, 46.72201922788281], [10.243037535610574, 46.72426608235564], [10.246310361980356, 46.72651282984982], [10.24958346946799, 46.72875947033729], [10.252856858073475, 46.731006003818045], [10.256119291358031, 46.73099802834654], [10.259370769321656, 46.72873554392279], [10.262621966729778, 46.72647295403654], [10.265872883582396, 46.72421025868778], [10.269135313128817, 46.7242018742228], [10.272409255369045, 46.726447800641566], [10.275683478753415, 46.72869361997444], [10.278957983281932, 46.73093933222143], [10.283857940006202, 46.73205318951994], [10.290383348926227, 46.73203519186997], [10.296908753639487, 46.732016785188875], [10.303434154145988, 46.731997969476666], [10.309959550258773, 46.73197874473417], [10.316484941977844, 46.7319591109614], [10.323010329116252, 46.731939068159235], [10.329535711673996, 46.73191861632768], [10.33442244395581, 46.73077592657214], [10.337670525961697, 46.72851099889262], [10.339279966010368, 46.72512412803698], [10.339250764101825, 46.72061531400524], [10.339221568545174, 46.71610648393014], [10.33919237934041, 46.71159763781169], [10.337539988093173, 46.70822126048845], [10.334264394803462, 46.70597735196043], [10.329365591164533, 46.704865617675694]]]}}, {"type": "Feature", "properties": {"band": "rain", "dbz": 40.0, "source": "OPERA-ORD", "time": "20260725155000"}, "geometry": {"type": "Polygon", "coordinates": [[[7.329146193350441, 46.43647272207231], [7.32266084703647, 46.43630524301457], [7.317739512358094, 46.43730608685905], [7.314382189315313, 46.43947525360575], [7.312588812418345, 46.442813034869246], [7.312359381667189, 46.44731943064954], [7.313809164889852, 46.45074125919349], [7.316938162086331, 46.45307852050109], [7.32006743270734, 46.45541568404671], [7.323196976752879, 46.45775274983036], [7.324647487072503, 46.46117446243869], [7.324418963666212, 46.4656808218717], [7.325869999305631, 46.46910243616611], [7.329000593990758, 46.47143930532194], [7.333810813031487, 46.47269113745271], [7.3403006564278215, 46.47285793255843], [7.346790537314874, 46.47302432135064], [7.353280455692645, 46.473190303829334], [7.359770411378947, 46.473355879987125], [7.366260404373778, 46.47352104982402], [7.371183956076526, 46.472518159513555], [7.3745410664871915, 46.47034720905573], [7.376331671376066, 46.4670084903733], [7.37655577074315, 46.46250200346627], [7.3751018679603035, 46.45908100758285], [7.371969963027526, 46.45674550272304], [7.3671601201229056, 46.45549519708767], [7.360672339246442, 46.45533009067675], [7.354184595629311, 46.455164578100465], [7.347696889271513, 46.45499865935881], [7.342887947168301, 46.45374745940221], [7.339757769319677, 46.451410978230655], [7.338306290813598, 46.44798950760417], [7.338533511650065, 46.44348304752277], [7.337082558178082, 46.44006147851184], [7.333953430397646, 46.4377248005714], [7.329146193350441, 46.43647272207231]]]}}, {"type": "Feature", "properties": {"band": "rain", "dbz": 40.0, "source": "OPERA-ORD", "time": "20260725155000"}, "geometry": {"type": "Polygon", "coordinates": [[[7.583037955555811, 46.280271078972206], [7.576571063510345, 46.280119553379095], [7.5716692201491655, 46.28113266370584], [7.568332425472272, 46.28331040995245], [7.564995353893886, 46.28548804340788], [7.561658005414007, 46.28766556407213], [7.5583203799716365, 46.289842971916386], [7.554982477566775, 46.29202026694066], [7.553209525425529, 46.29536268219706], [7.553001523547896, 46.29987021768557], [7.554463021720934, 46.30328912028776], [7.557594019944643, 46.30561939000362], [7.560725290064175, 46.3079495614709], [7.563856832079528, 46.3102796346896], [7.566988646061785, 46.31260960963413], [7.570120732010944, 46.31493948630449], [7.573253089998096, 46.31726926467507], [7.576385720023244, 46.31959894474587], [7.5778489986012385, 46.32301752992637], [7.577642925732079, 46.327525020216555], [7.579106729052386, 46.330943505707886], [7.582240408562159, 46.33327298640036], [7.585374360369251, 46.33560236872921], [7.5885085844736615, 46.337931652694444], [7.5899731212168895, 46.34135001988773], [7.589767970598936, 46.34585747030904], [7.587995157828558, 46.34920026428942], [7.584654682905757, 46.35137840182885], [7.5797466044844075, 46.352391591799744], [7.5732709225645065, 46.352239834202095], [7.566795274719919, 46.35208767125721], [7.560319660950642, 46.35193510296509], [7.555515093082783, 46.35069369042621], [7.552381571116344, 46.34836343364055], [7.54924832155983, 46.34603307856921], [7.546115344413241, 46.34370262521219], [7.541311667775741, 46.34246031846861], [7.534837291647326, 46.34230615833848], [7.528362950113723, 46.34215159295881], [7.5218886431749326, 46.34199662232959], [7.517085858037951, 46.34075342165613], [7.5139545947027795, 46.33842199093843], [7.510823603584093, 46.336090462063716], [7.507692884681893, 46.33375883503198], [7.502890991314888, 46.33251474070349], [7.4964179234830794, 46.33235817907824], [7.491616594611968, 46.33111379154871], [7.488487004701557, 46.328781578114906], [7.48535768683947, 46.326449266613935], [7.482228641025709, 46.32411685704579], [7.477428204149463, 46.32287157628116], [7.470956376210733, 46.32271342432003], [7.466156503689567, 46.321467850563636], [7.463028586585965, 46.31913485501198], [7.45990094136243, 46.31680176148295], [7.456773568018961, 46.31446856997653], [7.453537981957128, 46.3143888940275], [7.450194183176932, 46.316562733635855], [7.448413752455373, 46.319903249653656], [7.44819668979245, 46.32441044208089], [7.446415683513137, 46.32775082859028], [7.443070733617434, 46.32992440918183], [7.4381619021254055, 46.3309308929767], [7.431689189037052, 46.33077027997491], [7.426779823131132, 46.33177644024574], [7.423433804407645, 46.333949373789196], [7.4200875080391056, 46.33612219400218], [7.416740934025515, 46.338294900884705], [7.411830813028316, 46.339300122077525], [7.40535714504751, 46.339137857580646], [7.398883513466933, 46.338975187904225], [7.3924099182865834, 46.33881211304824], [7.387499042617873, 46.33981639492024], [7.3841508864608, 46.341988033520224], [7.384039763388666, 46.344241516938084], [7.38716567340147, 46.34657684517385], [7.390291855561284, 46.34891207560165], [7.3934183098681086, 46.351247208221494], [7.396545036393515, 46.35358224300785], [7.3996720351375025, 46.35591717996072], [7.402909675862643, 46.35599853815327], [7.406257958568937, 46.35382631758552], [7.409605963388781, 46.351653983610014], [7.412953690322174, 46.34948153622676], [7.4178649739172045, 46.34847605504812], [7.424339814173873, 46.34863754007409], [7.429250563002814, 46.34763173517484], [7.432597220404027, 46.34545864035039], [7.435943600042753, 46.34328543221477], [7.439289701918991, 46.34111211076798], [7.444199694965317, 46.34010536671158], [7.45067357918173, 46.34026520004559], [7.457147499076395, 46.34042462817162], [7.463621454649312, 46.34058365108966], [7.468423166209234, 46.34182956021503], [7.47155263375616, 46.34416235554771], [7.473009795828107, 46.34758232806966], [7.472794652425073, 46.35208947778088], [7.472579462576854, 46.35659661026579], [7.472364226283452, 46.36110372552441], [7.473822118088266, 46.364523580676675], [7.476953137991294, 46.366856175722596], [7.480084430456977, 46.36918867266462], [7.483215995485314, 46.371521071502734], [7.483108582982115, 46.373774610890194], [7.47976219294738, 46.37594929082701], [7.476415524738974, 46.37812385752038], [7.4730685783569, 46.38029831097032], [7.471287347512899, 46.383639043729204], [7.47107183220697, 46.38814605579702], [7.47253034117016, 46.3915658562966], [7.475662874402465, 46.39389844522793], [7.4804694933897204, 46.39514353120495], [7.486950198131927, 46.39530111422767], [7.491757383400208, 46.396545906749864], [7.494891049194564, 46.39887790877155], [7.496351134447798, 46.40229741170634], [7.496137639159913, 46.40680441555425], [7.497598250221557, 46.41022381922441], [7.500732967632733, 46.41255562271684], [7.503867958245435, 46.41488732796519], [7.5070032220596605, 46.41721893496947], [7.510138759147099, 46.419550443703976], [7.513274569507752, 46.42188185416872], [7.518084587641248, 46.42312517844916], [7.524568813547588, 46.423280416545325], [7.529379398546074, 46.424523446983756], [7.532516342636706, 46.42685426976444], [7.533979585580848, 46.43027317653764], [7.533769127378499, 46.434780167303344], [7.5352328972676155, 46.43819897458222], [7.538370895248194, 46.4405295983743], [7.5415091668606, 46.4428601237679], [7.54464771210483, 46.445190550763044], [7.547786531052642, 46.447520879333965], [7.550925623704035, 46.44985110948066], [7.554169204513188, 46.44992775040717], [7.5575172734801, 46.44775080211346], [7.560865063388633, 46.44557374068371], [7.564212574238788, 46.4433965661179], [7.569129685633948, 46.44238400322468], [7.575616397574115, 46.44253605200409], [7.582103143632915, 46.44268769465387], [7.588589923810347, 46.442838931174045], [7.5950767379244155, 46.44298976155791], [7.60156358597512, 46.44314018580547], [7.606479708404652, 46.44212606662692], [7.609825105213011, 46.439947404022256], [7.611599718004603, 46.43660448982528], [7.61180354677943, 46.43209732403597], [7.612007331500939, 46.427590141204846], [7.612211072169131, 46.4230829413319], [7.612414768811011, 46.418575724403176], [7.612618421426574, 46.414068490418686], [7.612822030042806, 46.409561239364464], [7.613025594659707, 46.40505397124051], [7.61322911530423, 46.40054668603288], [7.613432591976376, 46.39603938374157], [7.611965114430667, 46.39262148992968], [7.608826682667101, 46.39029300459724], [7.60568852395544, 46.38796442074788], [7.602550638295682, 46.3856357383816], [7.60108389701888, 46.3822177261958], [7.601288300125034, 46.37771038419045], [7.601492659102146, 46.373203025053094], [7.601696973950212, 46.368695648783735], [7.601901244696247, 46.3641882553684], [7.60210547134025, 46.35968084480708], [7.60387758328043, 46.35633776382366], [7.607217580516787, 46.35415901241813], [7.612125521236037, 46.35314429943243], [7.6186014054381825, 46.353293624866566], [7.6250773229923805, 46.35344254492687], [7.631553273898633, 46.35359105961335], [7.636460453146758, 46.35257540886403], [7.639798860736754, 46.350395592678886], [7.641568439268104, 46.34705190222469], [7.641769188740805, 46.34254433750144], [7.641969894902915, 46.338036755609544], [7.642170557754433, 46.33352915654902], [7.643939221996088, 46.33018530495377], [7.647275887627882, 46.3280052008238], [7.652180611787565, 46.32698855317739], [7.658653394475138, 46.32713536201452], [7.663557582767455, 46.326118392160765], [7.666893176664514, 46.323937643616105], [7.66866011950016, 46.32059340736099], [7.668858411274393, 46.31608568339543], [7.6690566602903525, 46.31157794223194], [7.669254866548039, 46.30707018387051], [7.667786121347312, 46.30365282933501], [7.664650424688175, 46.30132587862544], [7.659847833155624, 46.30008904095264], [7.653378346749657, 46.29994231631663], [7.6469088932039995, 46.29979518675759], [7.640439472518651, 46.29964765227551], [7.635537060234439, 46.30066377451742], [7.632201656351364, 46.302843553483314], [7.628865975343154, 46.305023219812675], [7.625530017209809, 46.30720277350551], [7.6222950819801465, 46.30712839178277], [7.619161169654168, 46.30480007464443], [7.616027529278567, 46.302471659089896], [7.612894160853342, 46.30014314511916], [7.609761064307545, 46.29781453275783], [7.606628239641173, 46.29548582200592], [7.603495686783286, 46.29315701288904], [7.600363405733883, 46.290828105407186], [7.597231396422034, 46.28849909958596], [7.59409965884774, 46.28616999542537], [7.59096819294008, 46.283840792951], [7.587836998699057, 46.28151149216285], [7.583037955555811, 46.280271078972206]]]}}, {"type": "Feature", "properties": {"band": "rain", "dbz": 40.0, "source": "OPERA-ORD", "time": "20260725155000"}, "geometry": {"type": "Polygon", "coordinates": [[[7.735944026506813, 46.33788109857905], [7.729469756337401, 46.337739124705095], [7.722995518030827, 46.33759674556066], [7.716521311587092, 46.33745396114574], [7.7100471371869155, 46.33731077146661], [7.703572994830295, 46.33716717652327], [7.697098884697931, 46.33702317632209], [7.6906248067898275, 46.33687877086306], [7.684150761286668, 46.33673396015253], [7.677676748188453, 46.336588744190514], [7.672771629479066, 46.33760659192075], [7.669435405158508, 46.339787503343246], [7.666098903244513, 46.34196830216906], [7.662762123737083, 46.3441489883982], [7.659425066574758, 46.34632956200184], [7.6560877317575375, 46.34851002297998], [7.655988160838626, 46.350763817879724], [7.659126353818022, 46.35309094670107], [7.662264819479384, 46.35541797690114], [7.665403557822715, 46.35774490847992], [7.668542568919137, 46.36007174141169], [7.6716818527686526, 46.36239847569642], [7.6764901523535105, 46.36363449253169], [7.682967467673712, 46.36377979191748], [7.687874590357181, 46.36276171024751], [7.691211520403918, 46.36058024752181], [7.694548172624505, 46.35839867223877], [7.6978845470189405, 46.356216984398415], [7.702790905983202, 46.355197965441995], [7.7092672495172865, 46.35534161536949], [7.715743625137154, 46.35548485987799], [7.722220032842806, 46.355627698967474], [7.728696472453285, 46.35577013263165], [7.735172943968593, 46.35591216087052], [7.740078311328353, 46.354891589953894], [7.743412574532565, 46.35270841988178], [7.745175678688588, 46.34936294189664], [7.7453676237964215, 46.34485515599848], [7.743892987660634, 46.341438968666054], [7.740751770281225, 46.339114379899364], [7.735944026506813, 46.33788109857905]]]}}, {"type": "Feature", "properties": {"band": "rain", "dbz": 40.0, "source": "OPERA-ORD", "time": "20260725155000"}, "geometry": {"type": "Polygon", "coordinates": [[[7.779700585500905, 46.22151373308157], [7.7732403905833785, 46.22137453707111], [7.768347826935037, 46.22239705993239], [7.765022894555878, 46.22458130166544], [7.763265539535569, 46.227927552516064], [7.763075761874108, 46.23243581248427], [7.761317836688381, 46.23578193592073], [7.757991763978387, 46.23796592282541], [7.754665415068654, 46.24014979760105], [7.751338789959185, 46.242333560247644], [7.748011888588722, 46.24451721073657], [7.744684710957266, 46.24670074906781], [7.741357257003562, 46.248884175212766], [7.738029526727609, 46.25106748917142], [7.73626955406528, 46.25441319742746], [7.736077339016573, 46.258921299980884], [7.73588508254436, 46.26342938528328], [7.735692784648642, 46.26793745333466], [7.737165194730912, 46.27135389331208], [7.740302312791172, 46.27367870521556], [7.7451041935427725, 46.27491159842185], [7.751570836985713, 46.27505257293096], [7.756373279481094, 46.27628517174229], [7.759511521028916, 46.27860939485582], [7.760985507334503, 46.28202553292099], [7.760795238397856, 46.286533585937796], [7.760604928434011, 46.291041621757685], [7.760414577442971, 46.29554964038066], [7.76022418539965, 46.30005764182074], [7.760033752304047, 46.30456562607792], [7.758273141543176, 46.30791148914319], [7.754942353117036, 46.31009523101656], [7.750041441432494, 46.31111656078896], [7.743570406489548, 46.31097547846039], [7.738765315155768, 46.30974253868473], [7.735626167431154, 46.307417741461975], [7.732487291879372, 46.30509284547509], [7.729348688500423, 46.30276785072407], [7.7245444820092635, 46.30153401574198], [7.718074672405895, 46.30139134052882], [7.713173615345988, 46.302411149053256], [7.7098413108295425, 46.304593441315276], [7.709744151279274, 46.30684737745208], [7.712882136695182, 46.30917295746365], [7.71602039430571, 46.31149843876273], [7.719158924110857, 46.31382382134931], [7.722297726181446, 46.31614910519767], [7.7254368005174765, 46.318474290307805], [7.7285761471897825, 46.32079937665401], [7.7317157661983655, 46.32312436423628], [7.7348556576140695, 46.32544925302887], [7.737995821436893, 46.32777404303179], [7.742802520113258, 46.32900700618874], [7.749275753643163, 46.32914814249974], [7.755749018653702, 46.329288873605094], [7.762222315144876, 46.329429199504816], [7.768695642936043, 46.329569120192716], [7.775169002027205, 46.329708635668794], [7.779976907940381, 46.330940101858204], [7.78311936067557, 46.333263518760944], [7.786262086032664, 46.33558683670632], [7.789405084011664, 46.337910055694344], [7.794213874688834, 46.33914062567954], [7.800688458064178, 46.33927854666191], [7.8071630722177705, 46.33941606233671], [7.813637717149609, 46.33955317270396], [7.820112392678884, 46.33968987775758], [7.826587098805593, 46.339826177497585], [7.83139709495332, 46.34105524953564], [7.834542381122063, 46.34337709387175], [7.836022904657082, 46.34679200168871], [7.835838665558378, 46.351299972986524], [7.837319717354328, 46.35471477962259], [7.840466060044932, 46.35703642159692], [7.8452777461461185, 46.35826460759757], [7.8517547756578905, 46.35839933762452], [7.856658083081087, 46.3573732337641], [7.859987668415711, 46.35518629601631], [7.861743479592285, 46.35183881570479], [7.861925516610808, 46.34733079282952], [7.862107514348112, 46.342822752888594], [7.8622894728041945, 46.338314695882], [7.864044377459639, 46.33496705660836], [7.867372228314447, 46.33277983506768], [7.870699801813413, 46.330592501557675], [7.874027097956539, 46.328405056078324], [7.8773541168057095, 46.326217498658316], [7.880680858360925, 46.32402982929765], [7.885580632266605, 46.323002092528434], [7.892053438522749, 46.323134288350666], [7.8968634238832776, 46.32436033149812], [7.900010588348189, 46.32668022197081], [7.901494880895024, 46.33009425085808], [7.901316301523782, 46.33460241815993], [7.902801122644842, 46.338016345499554], [7.905949344258204, 46.340336032876934], [7.910761017246363, 46.34156118907379], [7.917236141609322, 46.34169181409013], [7.9237112951227235, 46.34182203374571], [7.930186477786565, 46.34195184804053], [7.936661689419916, 46.34208125696885], [7.943136930022774, 46.34221026053066], [7.948036929897046, 46.34117980091647], [7.95136168904273, 46.338989878126256], [7.954686170801505, 46.336799843608716], [7.95801037517337, 46.334609697363845], [7.962909604718749, 46.33357830308334], [7.969383859437642, 46.33370566076721], [7.974282550799936, 46.33267394606263], [7.9776056788056335, 46.330483158969614], [7.979353194303548, 46.32713359068273], [7.979525097293678, 46.32262524120197], [7.978035986283269, 46.3192122973869], [7.97488586127232, 46.3168947592375], [7.9700747713726106, 46.315672335682315], [7.963602716584141, 46.31554502672136], [7.957130690346828, 46.31541731261473], [7.950658692660671, 46.31528919336243], [7.945848482250078, 46.31406587228223], [7.942700059115046, 46.311747349374095], [7.939551908536641, 46.30942872708294], [7.936404030514865, 46.307110005408745], [7.9315946998756495, 46.30588578707564], [7.925123916618997, 46.30575607208362], [7.920226522906885, 46.306785705527034], [7.916902518739314, 46.30897468740588], [7.913578237529711, 46.311163557497295], [7.9102536792780755, 46.31335231580127], [7.9070180565867325, 46.313286844470944], [7.903871369455682, 46.31096714350633], [7.90238720007901, 46.30755315810108], [7.9025655484567165, 46.303044888255194], [7.9010819069824105, 46.29963080131176], [7.897936275656093, 46.29731089727076], [7.893128705403612, 46.29608488524839], [7.886659196224967, 46.29595276524466], [7.880189716641928, 46.29582024028424], [7.8737202666544945, 46.29568731036716], [7.868913577015958, 46.29446040190851], [7.865769647726319, 46.292139514908285], [7.864288427126185, 46.288724940216156], [7.864469915215555, 46.28421667783212], [7.864651364191506, 46.279708398284164], [7.864832774054037, 46.275200101572295], [7.86501414482704, 46.270691787682466], [7.865195476510516, 46.26618345661468], [7.865376769128335, 46.26167510835489], [7.865558022680497, 46.2571667429031], [7.864077975636302, 46.25375200875808], [7.860936627995753, 46.251430905919825], [7.856134031459014, 46.25020314387248], [7.849670186026085, 46.250068722616064], [7.843206370630661, 46.24993389680641], [7.836742585272741, 46.24979866644354], [7.830278830131981, 46.24966303153336], [7.823815105208382, 46.249526992075886], [7.8173514106815905, 46.249390548077095], [7.810887746551605, 46.24925369953699], [7.806086668474141, 46.24802384167555], [7.802948176449198, 46.245700974492756], [7.799809955900333, 46.243378008442285], [7.7966720068275475, 46.24105494352414], [7.79353432916049, 46.23873177976398], [7.790396922899159, 46.236408517161806], [7.788922013942583, 46.232992729314205], [7.789109602290759, 46.228484416221164], [7.7876352180885515, 46.22506852752768], [7.784498861335964, 46.222745063233766], [7.779700585500905, 46.22151373308157]]]}}, {"type": "Feature", "properties": {"band": "rain", "dbz": 40.0, "source": "OPERA-ORD", "time": "20260725155000"}, "geometry": {"type": "Polygon", "coordinates": [[[7.479999959823908, 46.26878320126244], [7.4735347164353705, 46.26862523055618], [7.468631939841059, 46.26963345632923], [7.465291630040974, 46.27180787858158], [7.463513725751013, 46.27514878774522], [7.463298226971175, 46.27965618382015], [7.464753431307526, 46.28307638392123], [7.467879338760065, 46.285409388048436], [7.471005517696817, 46.287742294222355], [7.474131968117782, 46.290075102443005], [7.477258690094103, 46.292407812684864], [7.480385683625777, 46.294740424947925], [7.483619693686302, 46.29481924563506], [7.486960720275677, 46.292644274746266], [7.488737932461829, 46.28930307841326], [7.488951330244758, 46.28479565663605], [7.4891646820449145, 46.28028821752795], [7.489377987862297, 46.27578076108899], [7.487921625957785, 46.27236082130601], [7.48479559633138, 46.270028398179036], [7.479999959823908, 46.26878320126244]]]}}, {"type": "Feature", "properties": {"band": "rain", "dbz": 40.0, "source": "OPERA-ORD", "time": "20260725155000"}, "geometry": {"type": "Polygon", "coordinates": [[[7.64850785317957, 46.26373268505047], [7.64204282075027, 46.263585263277335], [7.637143786388323, 46.264601504691264], [7.633810750093728, 46.26678140929226], [7.632043654669132, 46.270125267573796], [7.631842500114532, 46.27463307953588], [7.633308411980432, 46.27805095334109], [7.636441390266832, 46.280378888989425], [7.64124149221682, 46.28161659586474], [7.6477087178303975, 46.28176407396704], [7.652608905782877, 46.28074757015652], [7.655942056074261, 46.27856708443319], [7.65770811190518, 46.27522290742589], [7.657907073275634, 46.27071503913462], [7.656440007819202, 46.267297427726], [7.653306915535881, 46.264970073200026], [7.64850785317957, 46.26373268505047]]]}}, {"type": "Feature", "properties": {"band": "rain", "dbz": 40.0, "source": "OPERA-ORD", "time": "20260725155000"}, "geometry": {"type": "Polygon", "coordinates": [[[7.6262290625589255, 46.21922572249908], [7.6228984659236625, 46.22140536593603], [7.6195675932311495, 46.22358489686859], [7.616236444481386, 46.22576431529676], [7.612905019613494, 46.22794362119186], [7.6095733186274765, 46.2301228145539], [7.6094721153517, 46.232376777152595], [7.612601409786165, 46.23470550898794], [7.615730975283542, 46.23703414252073], [7.618860811843831, 46.23936267775095], [7.6219909195376845, 46.24169111465306], [7.6251212983651016, 46.244019453227054], [7.628251948396743, 46.24634769344739], [7.631382869632607, 46.24867583531406], [7.63451406214337, 46.25100387880152], [7.637645525929029, 46.25333182390976], [7.64087720388006, 46.253405715936516], [7.644209095996464, 46.25122555488177], [7.647540711705547, 46.24904528134276], [7.650872051007309, 46.24686489531948], [7.654203113962793, 46.244684396840626], [7.657533900571998, 46.2425037859062], [7.65763350509308, 46.24024979824122], [7.654501927526039, 46.237922433845696], [7.649705265649061, 46.23668508296087], [7.643243519462147, 46.23653774558673], [7.638447418786679, 46.23530010114145], [7.635316963622657, 46.23297214962503], [7.633852096907238, 46.229554181312245], [7.634052818640422, 46.22504619620311], [7.632588474849399, 46.22162812793155], [7.629459065534171, 46.21929997649759], [7.6262290625589255, 46.21922572249908]]]}}, {"type": "Feature", "properties": {"band": "rain", "dbz": 40.0, "source": "OPERA-ORD", "time": "20260725155000"}, "geometry": {"type": "Polygon", "coordinates": [[[7.52287995384349, 46.216796408856275], [7.51954525300409, 46.2189727027263], [7.517772618733288, 46.222314711952016], [7.517562051031083, 46.22682243653344], [7.517351437984125, 46.231330143713755], [7.517140779592412, 46.235837833492965], [7.518598314806791, 46.23925740725229], [7.521724043627264, 46.241588864991726], [7.526518025950839, 46.24283191645695], [7.532980261777514, 46.24298656164795], [7.537879085817503, 46.24197546321305], [7.541214498070804, 46.239798621152254], [7.5429864390827195, 46.23645632573317], [7.543194908853251, 46.23194857695583], [7.541736219676233, 46.228529263897244], [7.538610371551666, 46.2261983865574], [7.535484794223347, 46.22386741115851], [7.5323594876912745, 46.22153633770056], [7.529234451884727, 46.21920516620901], [7.526109686803703, 46.21687389668384], [7.52287995384349, 46.216796408856275]]]}}, {"type": "Feature", "properties": {"band": "rain", "dbz": 40.0, "source": "OPERA-ORD", "time": "20260725155000"}, "geometry": {"type": "Polygon", "coordinates": [[[7.539968838030134, 46.126946327328014], [7.536640554090853, 46.12912336179758], [7.533311995257102, 46.13130028368376], [7.529983161528881, 46.13347709298655], [7.526654052845876, 46.13565378967737], [7.523324669208089, 46.13783037375621], [7.521555100399234, 46.14117268532369], [7.521345346419313, 46.1456807243798], [7.519575207600149, 46.14902290715037], [7.516244683941742, 46.15119923363538], [7.513019352188307, 46.15112146023588], [7.509899212339844, 46.14878958695185], [7.50677934223927, 46.14645761581008], [7.503659741886582, 46.14412554681059], [7.500540411211373, 46.141793379978694], [7.497421350213644, 46.139461115314376], [7.494302558822989, 46.13712875284299], [7.491184037039412, 46.134796292564516], [7.486400348109065, 46.13355130257638], [7.479951492031947, 46.13339378287858], [7.475168362307728, 46.13214850089476], [7.472050958936407, 46.12981545662491], [7.468933825006051, 46.1274823146369], [7.465816960516657, 46.12514907493071], [7.461034714667104, 46.123902903476754], [7.454587087457391, 46.123743800275044], [7.448139495545551, 46.12358429371785], [7.441691938931583, 46.123424383805165], [7.436801980641617, 46.12443127267365], [7.433469620675653, 46.12660496032329], [7.433361272905694, 46.12885890867447], [7.436476937331738, 46.13119311772718], [7.439592871192828, 46.133527229151326], [7.4427090744889615, 46.13586124294691], [7.444159030820506, 46.13928217943366], [7.443942740187466, 46.14379003861157], [7.445393215166158, 46.147210876261184], [7.448510455756585, 46.14954469238252], [7.453294523332338, 46.15079119746279], [7.459745417893416, 46.15095039150199], [7.464530045267023, 46.15219660465231], [7.467648405453161, 46.15452983691374], [7.470767035426814, 46.15686297142014], [7.47388593518798, 46.159196008171506], [7.478671447621442, 46.16044133137575], [7.485123572727199, 46.16059894103286], [7.48990964509828, 46.1618439720997], [7.4930296647346815, 46.16417642457628], [7.496149954325016, 46.16650877920881], [7.499270513869282, 46.16884103599729], [7.504057471079376, 46.170085176701676], [7.510510825955297, 46.17024120132197], [7.515298343242296, 46.17148504968141], [7.518420022940376, 46.173816721779986], [7.5215419727587065, 46.1761482959454], [7.524664192697291, 46.17847977217766], [7.527786682826656, 46.180811150451355], [7.530909443146804, 46.18314243076649], [7.530804635929096, 46.18539637892005], [7.527472261173532, 46.18757299491206], [7.524139610754106, 46.18974949817823], [7.520806684670819, 46.19192588871858], [7.519035073646509, 46.19526799856641], [7.518824777681177, 46.19977582772172], [7.52028149094991, 46.20319547639103], [7.523405213452708, 46.20552694457436], [7.52663385329924, 46.20560440285908], [7.529967410489503, 46.20342785124521], [7.533300691839559, 46.20125118689618], [7.536633697349409, 46.19907440981197], [7.541528618235345, 46.19806286615077], [7.54798545449737, 46.19821655591257], [7.554442324813479, 46.19836984165111], [7.560899229183672, 46.19852272336638], [7.565690433122912, 46.199764217545514], [7.5688159366311965, 46.202094324188494], [7.570275681033635, 46.20551333325622], [7.5700696663302285, 46.2100212447487], [7.571529932449825, 46.21344015423087], [7.574656479392424, 46.21577006170273], [7.5778858020289785, 46.215845918201715], [7.58121790035949, 46.213667723727816], [7.582986410347447, 46.21032465628383], [7.583191331992852, 46.20581671586975], [7.583396209549313, 46.2013087580455], [7.58360104301683, 46.19680078281108], [7.582140669006247, 46.1933819351675], [7.579015087517561, 46.19105221511476], [7.575889776435976, 46.18872239693739], [7.572764735761489, 46.186392480635405], [7.571305089886277, 46.18297351444633], [7.571510838810339, 46.178465498370166], [7.571716543491813, 46.173957464835475], [7.571922203930698, 46.16944941384225], [7.572127820153942, 46.16494134537652], [7.572333392161545, 46.16043325943829], [7.572538919980433, 46.1559251560136], [7.572744403610605, 46.15141703510247], [7.5712858976889015, 46.1479979124166], [7.5681634022153235, 46.14566778795599], [7.563376975643509, 46.14442637216774], [7.556926617973458, 46.14427366505184], [7.552140750536044, 46.14303195674068], [7.549019373331266, 46.140701247234254], [7.547562427492974, 46.13728182605844], [7.547769913021168, 46.13277369321324], [7.546313486838892, 46.12935417261629], [7.543193148946147, 46.12702326426758], [7.539968838030134, 46.126946327328014]]]}}, {"type": "Feature", "properties": {"band": "rain", "dbz": 40.0, "source": "OPERA-ORD", "time": "20260725155000"}, "geometry": {"type": "Polygon", "coordinates": [[[7.306033238791213, 46.1572024293348], [7.302693428068305, 46.15937179245023], [7.300909240359624, 46.16271017866191], [7.300680675665171, 46.167217587969844], [7.302122561420788, 46.17064033178723], [7.305234897626475, 46.17297841011407], [7.308347503586189, 46.175316391134814], [7.311460379299929, 46.177654274849466], [7.314573524838588, 46.179992061232795], [7.317686940202165, 46.18232975028481], [7.320913914986946, 46.18241364047586], [7.32425444919293, 46.18024373180595], [7.326037957102954, 46.17690505839252], [7.326264438717016, 46.17239762023556], [7.324821198602104, 46.168975152366016], [7.321708236758217, 46.1666376547839], [7.318595544578931, 46.16430005986943], [7.315483122064246, 46.16196236762262], [7.312370969143345, 46.15962457806869], [7.309259085816226, 46.15728669120762], [7.306033238791213, 46.1572024293348]]]}}, {"type": "Feature", "properties": {"band": "rain", "dbz": 40.0, "source": "OPERA-ORD", "time": "20260725155000"}, "geometry": {"type": "Polygon", "coordinates": [[[7.1945341277280175, 46.03573905521682], [7.188097825359154, 46.0355633147219], [7.181661561786912, 46.03538717171128], [7.175225337011289, 46.03521062618495], [7.168789151208593, 46.03503367815057], [7.16235300437882, 46.03485632760814], [7.157465853743166, 46.035850039164416], [7.154127699301631, 46.0380148128194], [7.152338473070615, 46.04135093703745], [7.152098175050122, 46.045858411818585], [7.150308378219694, 46.04919440508205], [7.146969082579331, 46.05135891682784], [7.143629512871355, 46.05352331497115], [7.140289669095763, 46.055687599511984], [7.138498952850065, 46.05902342648862], [7.138257364134261, 46.06353079590108], [7.13968623950622, 46.06695604002185], [7.1427855789659445, 46.069299158850946], [7.145885186569586, 46.071642181002616], [7.148985062317146, 46.07398510647687], [7.150414644788551, 46.07741023520367], [7.1501739339838, 46.081917567183005], [7.151604030242412, 46.08534259875685], [7.154704933564384, 46.08768532992522], [7.159476712158468, 46.08894547183258], [7.1659193660246645, 46.08912302447895], [7.170691704114136, 46.09038287657972], [7.173793726426883, 46.092725028134865], [7.175225365159896, 46.09614976802891], [7.174986620313173, 46.10065709626185], [7.17474782419227, 46.10516440672189], [7.174508976797187, 46.109671699409034], [7.175941324917805, 46.1130963237426], [7.179044868554124, 46.115438279722596], [7.183819675428556, 46.116697278267786], [7.190265745541103, 46.11687331937818], [7.196711854502225, 46.11704895727919], [7.203158002311926, 46.1172241919708], [7.208051543289267, 46.11622862523068], [7.211392477434249, 46.11406225705884], [7.21318073776982, 46.11072537656284], [7.213416324295979, 46.106217983742695], [7.213651860245804, 46.10171057317204], [7.213887345619292, 46.09720314485089], [7.214122780447184, 46.09269569876537], [7.2143581647294805, 46.08818823491549], [7.214593498496894, 46.0836807532874], [7.2148287817494285, 46.07917325388111], [7.215064014517769, 46.07466573668277], [7.215299196801917, 46.070158201692365], [7.217085496531142, 46.066821050813736], [7.220422913705447, 46.064654284046874], [7.22376005670143, 46.06248740388641], [7.227096925519088, 46.060320410332345], [7.227214169870013, 46.05806660786581], [7.224111789754204, 46.0557259964868], [7.221009677712418, 46.05338528822528], [7.217907833744659, 46.05104448308124], [7.214806257780459, 46.04870358107968], [7.2117049498198185, 46.046362582220596], [7.208603909792285, 46.04402148652898], [7.205503137697857, 46.04168029400484], [7.202402633466095, 46.039339004673145], [7.199302397096997, 46.03699761853391], [7.1945341277280175, 46.03573905521682]]]}}, {"type": "Feature", "properties": {"band": "rain", "dbz": 40.0, "source": "OPERA-ORD", "time": "20260725155000"}, "geometry": {"type": "Polygon", "coordinates": [[[7.514718634984824, 46.080079457652445], [7.508276166118531, 46.079923729501374], [7.503391497540604, 46.08093383656884], [7.500064629251043, 46.08310977885486], [7.49829550138538, 46.0864518453846], [7.498084113943614, 46.090960036158066], [7.499536703990593, 46.09438027064623], [7.502653271526317, 46.09671254884907], [7.507433876462922, 46.0979565816199], [7.513878518800407, 46.098112368958716], [7.518764333783314, 46.0971020023925], [7.522091321411644, 46.09492548192127], [7.523859422211159, 46.09158309670506], [7.52406863618186, 46.08707484674386], [7.5226148997299, 46.08365487175445], [7.5194982128552805, 46.081323171736805], [7.514718634984824, 46.080079457652445]]]}}, {"type": "Feature", "properties": {"band": "rain", "dbz": 40.0, "source": "OPERA-ORD", "time": "20260725155000"}, "geometry": {"type": "Polygon", "coordinates": [[[7.862660623269969, 46.08789022814352], [7.856216426865426, 46.08775626693681], [7.851337797578986, 46.08878288595099], [7.848024735410647, 46.09097008518607], [7.846277188804469, 46.094318153920526], [7.8460951577604545, 46.09882709215435], [7.847570201714273, 46.10224244356492], [7.850702320665927, 46.10456420815221], [7.855491566212417, 46.10579209651603], [7.861937938353744, 46.10592610865636], [7.866817706865684, 46.104899225763916], [7.8701308717482386, 46.10271144783868], [7.871877381843195, 46.09936306429233], [7.872057237150555, 46.09485407512489], [7.870581053971236, 46.091438987592596], [7.867448832305238, 46.08911780169545], [7.862660623269969, 46.08789022814352]]]}}, {"type": "Feature", "properties": {"band": "rain", "dbz": 40.0, "source": "OPERA-ORD", "time": "20260725155000"}, "geometry": {"type": "Polygon", "coordinates": [[[5.605657143797447, 45.907798386192226], [5.599241726830149, 45.90752337610638], [5.594337524858167, 45.908442607261165], [5.5909445378815, 45.91055607965658], [5.589062661373078, 45.91386407945176], [5.588691895332902, 45.918366606646714], [5.590018158736025, 45.92181242367495], [5.593041451582447, 45.92420153053648], [5.597761878482007, 45.92553364095308], [5.604179439434706, 45.925808754924745], [5.609084817754124, 45.92488928948258], [5.6124780134402625, 45.922775244626564], [5.614358922310781, 45.919466906658165], [5.614727544365679, 45.91496427557739], [5.61340010461512, 45.911518692836545], [5.610376603059104, 45.90913015843561], [5.605657143797447, 45.907798386192226]]]}}, {"type": "Feature", "properties": {"band": "rain", "dbz": 40.0, "source": "OPERA-ORD", "time": "20260725155000"}, "geometry": {"type": "Polygon", "coordinates": [[[7.180194809871211, 45.81865042269172], [7.17378452510079, 45.81847387517451], [7.167374278870835, 45.8182969269727], [7.160964071181347, 45.81811957808628], [7.156096720377836, 45.81911349984284], [7.152772226460303, 45.821278692242366], [7.150990522157476, 45.824615442126955], [7.1507516074693545, 45.8291237494966], [7.150512641745611, 45.83363203865557], [7.150273624986247, 45.83814030960387], [7.151697685193962, 45.84156601864134], [7.154784822368759, 45.84390916576796], [7.157872224843508, 45.846252216510145], [7.160959892618209, 45.8485951708679], [7.1640478257624824, 45.850938028816536], [7.167136024276329, 45.85328079035606], [7.171887411911162, 45.854540511505306], [7.178301988666982, 45.85471719226426], [7.184716603889886, 45.85489347202974], [7.191131257579874, 45.85506935080172], [7.197545949562921, 45.85524482857266], [7.2039606798390246, 45.855419905342565], [7.208830198457885, 45.854423969146794], [7.212154505419502, 45.85225701998535], [7.2139335346511855, 45.84891934500254], [7.214167286152938, 45.84441094419835], [7.212739420976719, 45.8409860344268], [7.209649939122531, 45.83864461568789], [7.204898906610689, 45.8373864009573], [7.198486323441194, 45.83721139023503], [7.193735843560293, 45.83595288682493], [7.190647466967986, 45.83361089072697], [7.189221127244578, 45.83018568893684], [7.189456824390072, 45.8256772814545], [7.188030992786219, 45.82225198239758], [7.18494363243302, 45.81990979176608], [7.180194809871211, 45.81865042269172]]]}}, {"type": "Feature", "properties": {"band": "rain", "dbz": 40.0, "source": "OPERA-ORD", "time": "20260725155000"}, "geometry": {"type": "Polygon", "coordinates": [[[7.051029973130515, 45.59826649617969], [7.044646141090283, 45.59808196845307], [7.039796527574174, 45.59907064257856], [7.036481132582187, 45.60123251855616], [7.033165469233073, 45.60339428148583], [7.0298495375268315, 45.605555931367554], [7.024999205080826, 45.606543677409576], [7.018614471895057, 45.60635751961192], [7.013763625836544, 45.60734494440637], [7.010446666905288, 45.609505951792954], [7.0086635252243905, 45.61284082694577], [7.008414200793853, 45.61734956986482], [7.008164823328687, 45.62185829416354], [7.007915392828895, 45.62636699984193], [7.00932526451907, 45.62979523740591], [7.0123944383992125, 45.632143006855486], [7.01546387468491, 45.634490680634485], [7.018533573376163, 45.636838258742905], [7.021603534541862, 45.63918574115643], [7.024673758182005, 45.64153312787507], [7.027744244365498, 45.64388041887451], [7.0308149930923385, 45.64622761415474], [7.032226556162226, 45.64965554381189], [7.0319789335751635, 45.65416420784596], [7.03339099879125, 45.65759204117737], [7.036462751810488, 45.65993904380611], [7.039534767622284, 45.66228595065566], [7.042607046226637, 45.66463276172599], [7.045679587692526, 45.666979476992765], [7.04875239201995, 45.66932609645599], [7.053484999881363, 45.67059140915025], [7.059877411276761, 45.67077541507556], [7.064732888366979, 45.669786093999726], [7.068051431152016, 45.66762344592274], [7.071369704783584, 45.66546068477647], [7.074687709261686, 45.663297810560884], [7.078005444643801, 45.66113482330415], [7.081322910929929, 45.65897172300628], [7.083103328551987, 45.65563577182361], [7.083346697509974, 45.65112696975616], [7.0835900146903, 45.64661814915593], [7.083833280092964, 45.6421093100229], [7.082418635714805, 45.63868205597629], [7.079346081555823, 45.63633638701606], [7.0762737899346995, 45.63399062219872], [7.073201760851438, 45.63164476152427], [7.07012999423725, 45.62929880501704], [7.067058490092139, 45.62695275267701], [7.063987248347328, 45.62460660452855], [7.060916269002817, 45.62226036057164], [7.059503318542108, 45.618832797643506], [7.059748396965197, 45.61432391574415], [7.059993423285034, 45.60981501524144], [7.060238397501621, 45.60530609613535], [7.058826135745093, 45.601878417447494], [7.055756638015451, 45.59953197917784], [7.051029973130515, 45.59826649617969]]]}}, {"type": "Feature", "properties": {"band": "rain", "dbz": 40.0, "source": "OPERA-ORD", "time": "20260725155000"}, "geometry": {"type": "Polygon", "coordinates": [[[6.962166046239593, 45.58662941048067], [6.955783838940386, 45.58643933542918], [6.949401672631126, 45.58624886170369], [6.943019547311813, 45.58605798930419], [6.936637463152899, 45.58586671823875], [6.930255420154381, 45.58567504850738], [6.92387341848669, 45.58548298011819], [6.917491458149825, 45.585290513071165], [6.91264062528159, 45.586273153469826], [6.909320919881985, 45.588430901314176], [6.906000946236265, 45.590588535758165], [6.90268070434443, 45.59274605680181], [6.899360194149651, 45.59490346441697], [6.896039415651929, 45.59706075860364], [6.894249643996049, 45.600393635153985], [6.8939908791820095, 45.60490209406801], [6.8937320593425, 45.609410534276655], [6.893473184477518, 45.613918955779944], [6.893214254554012, 45.618427358591646], [6.892955269571983, 45.622935742711746], [6.894357789779473, 45.62636553479622], [6.897421815176482, 45.62871673484507], [6.902147418411513, 45.62998905760725], [6.908534599484565, 45.63018250308275], [6.914921822193742, 45.63037554953658], [6.921309086539044, 45.63056819696875], [6.9276963923495085, 45.630760445371074], [6.934083739625135, 45.63095229474356], [6.938937970667595, 45.6299689069962], [6.942259085476893, 45.62781028212898], [6.9455799315850415, 45.62565154389634], [6.94890050899204, 45.62349269229827], [6.952093979020161, 45.62358800948935], [6.955160341669403, 45.6259374954696], [6.958226966548423, 45.62828688595271], [6.961293853657223, 45.630636180938694], [6.964361003064756, 45.632985380403255], [6.967428414771021, 45.635334484346416], [6.968835705205184, 45.63876329898815], [6.968582874367244, 45.643271824328465], [6.96999066597714, 45.64670054299849], [6.973059080034874, 45.649049454998206], [6.9762536943321845, 45.64914400960994], [6.979574508869072, 45.64698420683369], [6.982895054477416, 45.64482429076541], [6.9862153311572195, 45.642664261405116], [6.989535338965681, 45.64050411878095], [6.992855077902804, 45.638343862892945], [6.992980669627239, 45.63608956435355], [6.9899121141389875, 45.63374122316275], [6.9868438210029895, 45.631392786375976], [6.983775790219243, 45.62904425399322], [6.982367551872514, 45.62561567017008], [6.982619105962799, 45.621107034906544], [6.982870606568552, 45.61659838100707], [6.983122053689772, 45.61208970847166], [6.983373447358571, 45.607581017286506], [6.98362478757495, 45.6030723074516], [6.982217420175013, 45.59964358932918], [6.979151345158759, 45.59729486291925], [6.976085532024061, 45.594946040995566], [6.973019980770919, 45.592597123558136], [6.96995469133056, 45.590248110631165], [6.966889663702985, 45.587899002214655], [6.962166046239593, 45.58662941048067]]]}}, {"type": "Feature", "properties": {"band": "moderate", "dbz": 45.0, "source": "OPERA-ORD", "time": "20260725155000"}, "geometry": {"type": "Polygon", "coordinates": [[[17.26984190112651, 55.6939792507267], [17.261929004469888, 55.694445098667906], [17.256201215198242, 55.695910258707606], [17.252658533311575, 55.69837473084581], [17.25307293120917, 55.7006066261964], [17.257444408891022, 55.70260594475938], [17.26181634214957, 55.70460510513768], [17.26618873098481, 55.7066041073313], [17.27056157549344, 55.70860295128661], [17.274934875675466, 55.71060163700359], [17.278892567498396, 55.71036837152643], [17.28243465096223, 55.70790315485511], [17.283789851763323, 55.70443874452292], [17.28295816990167, 55.69997514052986], [17.280356334091838, 55.69674408558902], [17.27598434433383, 55.694745579700395], [17.26984190112651, 55.6939792507267]]]}}, {"type": "Feature", "properties": {"band": "moderate", "dbz": 45.0, "source": "OPERA-ORD", "time": "20260725155000"}, "geometry": {"type": "Polygon", "coordinates": [[[17.300344935180135, 55.67525587707859], [17.296806771971475, 55.67772158683125], [17.295453972216677, 55.68118620260746], [17.29628653591574, 55.68564972440723], [17.298889067946966, 55.688880331928985], [17.30326156831036, 55.690878025172736], [17.30940373668867, 55.69164243209654], [17.31731557308188, 55.69117355270042], [17.323040272277062, 55.68970588621336], [17.3265778342742, 55.687239432635366], [17.326160110523226, 55.685007765531985], [17.321787101024128, 55.683010884903226], [17.317414546432616, 55.68101384593398], [17.31304244674869, 55.67901664862425], [17.308670801876158, 55.6770192930276], [17.304299611815033, 55.67502177914404], [17.300344935180135, 55.67525587707859]]]}}, {"type": "Feature", "properties": {"band": "moderate", "dbz": 45.0, "source": "OPERA-ORD", "time": "20260725155000"}, "geometry": {"type": "Polygon", "coordinates": [[[17.343932535512824, 55.66251412073621], [17.336026725979885, 55.66298466235785], [17.330306133788262, 55.664453208311144], [17.32677075893796, 55.6669197585961], [17.325420902449945, 55.670384684860494], [17.32625656432422, 55.674847987104336], [17.328860799601415, 55.67807795458691], [17.33323360828154, 55.68007458730822], [17.339374689040536, 55.680837513429175], [17.347284041878403, 55.68036673294978], [17.353006104111, 55.67889769585777], [17.356540875738318, 55.67643040215316], [17.357888658962537, 55.672965223607804], [17.35704945378366, 55.66850216022169], [17.35444374846549, 55.665272683877824], [17.350071543008024, 55.663276794576205], [17.343932535512824, 55.66251412073621]]]}}, {"type": "Feature", "properties": {"band": "moderate", "dbz": 45.0, "source": "OPERA-ORD", "time": "20260725155000"}, "geometry": {"type": "Polygon", "coordinates": [[[13.50063790385633, 55.63425173513615], [13.496872322219211, 55.63660636288839], [13.493106295726342, 55.638960876894075], [13.489339824377723, 55.64131527715322], [13.4855729080249, 55.64366956362289], [13.481805546667875, 55.646023736303114], [13.480120438107267, 55.64944322054537], [13.480517582343074, 55.653928016349674], [13.482799308932861, 55.65723569734486], [13.486965617876628, 55.65936626353093], [13.493016365293375, 55.66031933601349], [13.500951551183107, 55.66009491479254], [13.506802680540888, 55.65880523906354], [13.510569753366717, 55.65645030882649], [13.512252914456784, 55.65303050294341], [13.511852163811087, 55.64854582141429], [13.511451520961543, 55.64406113625674], [13.511050985908158, 55.639576447470745], [13.50876821245482, 55.63626918262332], [13.504603200601531, 55.63413934171446], [13.50063790385633, 55.63425173513615]]]}}, {"type": "Feature", "properties": {"band": "moderate", "dbz": 45.0, "source": "OPERA-ORD", "time": "20260725155000"}, "geometry": {"type": "Polygon", "coordinates": [[[13.527860586851734, 55.6053766517252], [13.519936548758029, 55.60560276243468], [13.514093420227166, 55.606893334033856], [13.510331201259145, 55.609248366522735], [13.508650036422337, 55.6126682381223], [13.509049925716734, 55.61715294883257], [13.511331824105154, 55.62046011463536], [13.515495731587592, 55.62258973553067], [13.521541503449182, 55.623541433098396], [13.529469139689924, 55.62331520733854], [13.53531392219676, 55.622024199909916], [13.539075850969688, 55.619668410812515], [13.540755071635603, 55.616248218433874], [13.540351584194509, 55.61176362277398], [13.538068031830118, 55.60845689280064], [13.53390441454243, 55.60632802851386], [13.527860586851734, 55.6053766517252]]]}}, {"type": "Feature", "properties": {"band": "moderate", "dbz": 45.0, "source": "OPERA-ORD", "time": "20260725155000"}, "geometry": {"type": "Polygon", "coordinates": [[[14.790692101796399, 55.40079418544294], [14.782816358968315, 55.40110105846999], [14.777044427724814, 55.40245088182284], [14.773376308065902, 55.40484365550148], [14.771812193721965, 55.40827975348458], [14.772352084693, 55.41275917577212], [14.774726920020647, 55.41604217258836], [14.778936699704905, 55.41812874393329], [14.784981229820648, 55.41901851563367], [14.79286051036787, 55.41871148768949], [14.798634016200168, 55.41736121282389], [14.802301747317536, 55.414967691036885], [14.803863898531299, 55.41153129645816], [14.803320469841454, 55.40705202908772], [14.800944059925008, 55.40376948378423], [14.796734668781966, 55.40168366054769], [14.790692101796399, 55.40079418544294]]]}}, {"type": "Feature", "properties": {"band": "moderate", "dbz": 45.0, "source": "OPERA-ORD", "time": "20260725155000"}, "geometry": {"type": "Polygon", "coordinates": [[[14.087288447506735, 54.86844005721795], [14.079512221654868, 54.868701473719085], [14.07173590167536, 54.868962393004246], [14.06395948756821, 54.869222815073435], [14.058239690515709, 54.87053871119219], [14.05457651051786, 54.8729100813605], [14.05091290706082, 54.87528134195985], [14.04724888014459, 54.87765249299024], [14.043584429628448, 54.880023534411464], [14.039919555512395, 54.88239446622356], [14.038311563351133, 54.88582148700802], [14.038760453144665, 54.89030459676488], [14.03920946121282, 54.89478770122555], [14.039658587555596, 54.89927080039003], [14.040107832264077, 54.90375389427075], [14.040557195338268, 54.90823698286772], [14.0428405983475, 54.91153454658919], [14.046958041291774, 54.913646585435174], [14.052909364951383, 54.91457272996297], [14.06069456932633, 54.914312980172575], [14.066420190855311, 54.91299724322243], [14.070086229538331, 54.910625519112514], [14.071692845448814, 54.90719817724974], [14.071240038586755, 54.90271521763412], [14.07078735099085, 54.89823225269976], [14.070334782661094, 54.89374928244668], [14.071940352396739, 54.890321852742005], [14.075604060197787, 54.887949963585754], [14.081325745919239, 54.88663324588148], [14.089105409561098, 54.88637169962917], [14.094826194438784, 54.885054639953125], [14.098488100552299, 54.88268206685332], [14.100091288806418, 54.8792543493778], [14.099635759201144, 54.87477148752659], [14.097350135907046, 54.87147487969258], [14.093234418924126, 54.86936452587578], [14.087288447506735, 54.86844005721795]]]}}, {"type": "Feature", "properties": {"band": "moderate", "dbz": 45.0, "source": "OPERA-ORD", "time": "20260725155000"}, "geometry": {"type": "Polygon", "coordinates": [[[13.898035184585547, 54.84767461502879], [13.890261901720606, 54.84792391030386], [13.884539556320307, 54.84923164243152], [13.880868148384645, 54.85159781141176], [13.879247830211225, 54.855022786157406], [13.879678601800052, 54.859506566668465], [13.881945936413482, 54.86280723186698], [13.88604983405152, 54.86492478175296], [13.891990142265623, 54.86585884722364], [13.899766861055795, 54.86560942827903], [13.905490771620101, 54.86430126532596], [13.909161873958539, 54.86193435836442], [13.910780321370883, 54.85850907646288], [13.910346113857134, 54.85402541962135], [13.908077214079697, 54.850725185248244], [13.903973622038578, 54.84860837334358], [13.898035184585547, 54.84767461502879]]]}}, {"type": "Feature", "properties": {"band": "moderate", "dbz": 45.0, "source": "OPERA-ORD", "time": "20260725155000"}, "geometry": {"type": "Polygon", "coordinates": [[[14.033463227212875, 54.798270571835424], [14.025700157599612, 54.798528493186126], [14.019989041030925, 54.79984256760201], [14.016329877506813, 54.80221279508308], [14.014722824129151, 54.80563954379801], [14.015167880897941, 54.810122813746794], [14.01561305467888, 54.81460607830473], [14.016058345471968, 54.81908933747182], [14.014450247693135, 54.82251599766306], [14.01078876134238, 54.824886058878434], [14.007126852591217, 54.827256010474414], [14.003464521439643, 54.829625852451], [14.001855378014842, 54.83305242407903], [14.00229942231681, 54.8375357253585], [14.002743583452894, 54.842019021301724], [14.003187861423097, 54.84650231190869], [14.003632256317255, 54.85098559719185], [14.004076768135372, 54.855468877151225], [14.006354044752701, 54.85876717789041], [14.010464086169243, 54.86088049940941], [14.016406735114819, 54.861808472818524], [14.024181991589428, 54.86155109811773], [14.031957155074066, 54.86129322626629], [14.03973222556873, 54.86103485726421], [14.045451033580921, 54.8597201240451], [14.049113579110637, 54.85734902660895], [14.052775701621744, 54.854977819641405], [14.056437401114247, 54.85260650314244], [14.062154740664672, 54.85129069841909], [14.069927720273022, 54.85103040547136], [14.077700605903608, 54.85076961555225], [14.085473397556429, 54.85050832866176], [14.091189268195452, 54.84919145288986], [14.094848217820676, 54.84681898823656], [14.096450406834805, 54.84339130334576], [14.095995835237837, 54.83890839821744], [14.095541383161958, 54.83442548764854], [14.09508705060717, 54.829942571639045], [14.092804469481843, 54.82664584199314], [14.08869363978598, 54.82453529871084], [14.082754401400377, 54.82361057343847], [14.074986754325034, 54.823871666176025], [14.06904833198428, 54.822946534764085], [14.064939134378118, 54.82083517920263], [14.060830371302607, 54.8187236820443], [14.056722042757745, 54.8166120432891], [14.052614148636543, 54.814500262985355], [14.048506688939003, 54.81238834113309], [14.046228718531339, 54.80909080909624], [14.045780237413554, 54.80460766687483], [14.043503188145873, 54.80130997461311], [14.039397570728296, 54.799197732311086], [14.033463227212875, 54.798270571835424]]]}}, {"type": "Feature", "properties": {"band": "moderate", "dbz": 45.0, "source": "OPERA-ORD", "time": "20260725155000"}, "geometry": {"type": "Polygon", "coordinates": [[[13.850539290858944, 54.84019512369233], [13.842767189229658, 54.84044137537003], [13.837044385986228, 54.84174687329745], [13.833370881128653, 54.84411161747461], [13.831746825029002, 54.8475359767912], [13.832172217687276, 54.852019951247215], [13.834435221594683, 54.855321523176045], [13.838535836751221, 54.85744069257769], [13.84447391263582, 54.85837709037254], [13.852249449248482, 54.85813071656061], [13.857973819111605, 54.85682478859833], [13.861647022225188, 54.854459306485715], [13.863269209961311, 54.85103463926851], [13.862840382319973, 54.846550786946715], [13.860575811792874, 54.84324964505274], [13.856475498380014, 54.84113121358657], [13.850539290858944, 54.84019512369233]]]}}, {"type": "Feature", "properties": {"band": "moderate", "dbz": 45.0, "source": "OPERA-ORD", "time": "20260725155000"}, "geometry": {"type": "Polygon", "coordinates": [[[12.428259191495185, 54.76909474276435], [12.420494553506996, 54.769249947551856], [12.414737748777345, 54.77048831343419], [12.410988777306235, 54.772809840411355], [12.409247733401557, 54.77621489806729], [12.409514617063309, 54.78070348640198], [12.411656845093752, 54.78403129212662], [12.415674417492887, 54.7861983152412], [12.419558052044525, 54.786120932550034], [12.42330774874867, 54.78379914405314], [12.427057019761854, 54.78147723988462], [12.430805865084078, 54.77915522004447], [12.434554284849664, 54.77683308457452], [12.438302279058608, 54.77451083347478], [12.438167584744631, 54.77226656603632], [12.43415020190773, 54.77010028225917], [12.428259191495185, 54.76909474276435]]]}}, {"type": "Feature", "properties": {"band": "moderate", "dbz": 45.0, "source": "OPERA-ORD", "time": "20260725155000"}, "geometry": {"type": "Polygon", "coordinates": [[[12.362478955088504, 54.70748025954545], [12.354725871402465, 54.707631227736904], [12.346972733899973, 54.707781699873976], [12.339219542581022, 54.70793167595667], [12.333468940708135, 54.70916618187106], [12.329720928281313, 54.71148521761717], [12.329849996269902, 54.71372962711819], [12.333856144673904, 54.71589941037412], [12.339736669971316, 54.716909295432835], [12.347491572162136, 54.71675928229433], [12.355246420493685, 54.7166087729792], [12.363001214965962, 54.71645776748743], [12.368751678655157, 54.71522214635017], [12.372497811561269, 54.71290190956743], [12.372367032743625, 54.710657537244465], [12.368359342202224, 54.7084890293813], [12.362478955088504, 54.70748025954545]]]}}, {"type": "Feature", "properties": {"band": "moderate", "dbz": 45.0, "source": "OPERA-ORD", "time": "20260725155000"}, "geometry": {"type": "Polygon", "coordinates": [[[21.423345682450666, 53.841536070640956], [21.415836570968217, 53.842262922758486], [21.408327216302144, 53.84298930149103], [21.400817618452443, 53.84371520683858], [21.395490098948535, 53.845366037765885], [21.392344657790428, 53.84794179427293], [21.39138170857986, 53.85144281554642], [21.392601251316833, 53.85586910158639], [21.39382110276604, 53.86029536645095], [21.395041262927492, 53.86472161014011], [21.39783514408056, 53.867859857062385], [21.40220274622525, 53.86971010721778], [21.40814365506157, 53.870272021180845], [21.415657870589513, 53.86954559895159], [21.423171842378466, 53.868818703021375], [21.430685570428423, 53.86809133339018], [21.43601446412892, 53.86643920494495], [21.439158523479954, 53.86386231768567], [21.44011816396454, 53.86036101087688], [21.43889338558268, 53.85593528451859], [21.437668917011145, 53.85150953685161], [21.436444758249937, 53.84708376787595], [21.43364956869997, 53.843946323686644], [21.42928334836125, 53.842097204283675], [21.423345682450666, 53.841536070640956]]]}}, {"type": "Feature", "properties": {"band": "moderate", "dbz": 45.0, "source": "OPERA-ORD", "time": "20260725155000"}, "geometry": {"type": "Polygon", "coordinates": [[[15.851191366034929, 53.77791707460688], [15.843629799970149, 53.77829008934744], [15.838114673844364, 53.77968845882619], [15.834645987657577, 53.782112183043125], [15.83322395518354, 53.78556161597181], [15.833848576422248, 53.79003675761225], [15.836208341532014, 53.793299992637344], [15.840303250512838, 53.795351321047086], [15.846133089386079, 53.796190388692786], [15.853697858151742, 53.79581719557444], [15.859214371370644, 53.79441838286959], [15.862682629042787, 53.79199395057823], [15.864102845909196, 53.78854425280123], [15.863475021969867, 53.78406928953857], [15.861113869766982, 53.78080649773958], [15.85701938930054, 53.778755877404265], [15.851191366034929, 53.77791707460688]]]}}, {"type": "Feature", "properties": {"band": "moderate", "dbz": 45.0, "source": "OPERA-ORD", "time": "20260725155000"}, "geometry": {"type": "Polygon", "coordinates": [[[5.29351414642438, 53.00056009889554], [5.28608174091574, 53.00026019301731], [5.278649432215964, 52.9999598146789], [5.2712172203250525, 52.99965896388031], [5.263785105542617, 52.99935764064108], [5.256353087868657, 52.99905584496122], [5.248921167602727, 52.99875357686036], [5.24148934474483, 52.99845083633848], [5.235791060867244, 52.99934408412854], [5.231826315969973, 53.00143332023052], [5.22959494327176, 53.00471889226412], [5.229096942772605, 53.009200800229365], [5.230582084861234, 53.01263812557315], [5.234050369537646, 53.01503086829548], [5.237519032797484, 53.017423508350056], [5.240988074640748, 53.01981604573686], [5.2444574951898435, 53.02220848042085], [5.2479272944447715, 53.02460081240203], [5.251397472527969, 53.02699304164532], [5.254868029439437, 53.02938516815072], [5.258338965301641, 53.03177719188313], [5.26181028011458, 53.03416911284255], [5.267265126457459, 53.03551563929982], [5.274703504330277, 53.03581677125495], [5.2804054533041915, 53.034921907549105], [5.284370973379204, 53.03283104818229], [5.28833610112471, 53.03074005086997], [5.29230083654071, 53.02864891561216], [5.296265179716896, 53.026557642452666], [5.300229130653271, 53.02446623139149], [5.302456377611861, 53.02117940478424], [5.302946920592669, 53.01669716263091], [5.303437340691978, 53.01221491166679], [5.303927637909789, 53.00773265189186], [5.3024371771836964, 53.004296154461954], [5.298965958513699, 53.00190541937709], [5.29351414642438, 53.00056009889554]]]}}, {"type": "Feature", "properties": {"band": "moderate", "dbz": 45.0, "source": "OPERA-ORD", "time": "20260725155000"}, "geometry": {"type": "Polygon", "coordinates": [[[5.28160369340052, 52.973066725273625], [5.274176097973399, 52.97276608496154], [5.266748599433983, 52.972464972535874], [5.259321197782274, 52.97216338799664], [5.251893893317149, 52.97186133136338], [5.244466686038609, 52.971558802636096], [5.23877205057771, 52.97245222279675], [5.234809986934453, 52.9745415918453], [5.234561807159375, 52.976782594759605], [5.238027511252479, 52.97917523153966], [5.243474735820189, 52.9805228495742], [5.250903480862505, 52.98082544886322], [5.258332323165149, 52.98112757594929], [5.265761262728122, 52.981429230832404], [5.2731902992523185, 52.981730413492976], [5.28061943273774, 52.98203112393101], [5.2863140786651535, 52.98113591781925], [5.290274237034559, 52.9790447951577], [5.2905201099429675, 52.97680368672761], [5.2870516973903765, 52.97441259252898], [5.28160369340052, 52.973066725273625]]]}}, {"type": "Feature", "properties": {"band": "moderate", "dbz": 45.0, "source": "OPERA-ORD", "time": "20260725155000"}, "geometry": {"type": "Polygon", "coordinates": [[[22.0109324022007, 50.10721703591853], [22.008051842471822, 50.109809096983824], [22.007181833856734, 50.11331886690268], [22.008322376355444, 50.117746345675094], [22.010903823557292, 50.1208777140821], [22.01492617546227, 50.1227129721237], [22.020389081442033, 50.12325181668217], [22.027292541496582, 50.122494247757515], [22.03218420065536, 50.12081912974732], [22.03506405891838, 50.11822646265158], [22.03449271885701, 50.11601285634652], [22.03047018047124, 50.114178310832145], [22.02644796912747, 50.11234361108498], [22.022426084825696, 50.11050875710503], [22.018404527522392, 50.10867374893276], [22.014383297217556, 50.10683858656817], [22.0109324022007, 50.10721703591853]]]}}, {"type": "Feature", "properties": {"band": "moderate", "dbz": 45.0, "source": "OPERA-ORD", "time": "20260725155000"}, "geometry": {"type": "Polygon", "coordinates": [[[9.464950579036314, 47.04665212359389], [9.458385771224343, 47.04661835399509], [9.45182097135374, 47.046584172593924], [9.445256179424511, 47.04654957939039], [9.44032032256737, 47.047650374008], [9.437013400782316, 47.04988655644678], [9.43370619312153, 47.05212263031093], [9.430398699585012, 47.05435859560045], [9.427090920104197, 47.05659445228656], [9.42378285467908, 47.05883020036926], [9.42210370038838, 47.06220183162611], [9.422053457232094, 47.06670934605714], [9.423657817650401, 47.07009898997425], [9.4269167816433, 47.07237076337744], [9.430176030556488, 47.074642431647845], [9.433435564389967, 47.076913994785436], [9.436695383214877, 47.07918545276218], [9.43995548703122, 47.081456805578085], [9.443215875910141, 47.08372805320509], [9.44647654985164, 47.085999195643204], [9.449737508926876, 47.088270232864346], [9.452998753135848, 47.090541164868526], [9.456283722319068, 47.09055827061307], [9.459592416476536, 47.08832155009799], [9.462900824280592, 47.08608472101943], [9.466208945731232, 47.08384778337742], [9.469516780897244, 47.08161073720075], [9.472824329778629, 47.07937358248941], [9.476131592444165, 47.07713631927224], [9.479438568893858, 47.074898947549215], [9.482722982236908, 47.074915225776536], [9.485984832473314, 47.0771851539542], [9.487593470865043, 47.08057386098317], [9.487548897412092, 47.085081346863475], [9.489158101736631, 47.08846994239451], [9.49242108383866, 47.09073964757627], [9.497337856567242, 47.09189016485782], [9.503908419922375, 47.09192149423916], [9.508846920596206, 47.090817967964604], [9.512153358588737, 47.08857958603414], [9.513827721522656, 47.08520664600155], [9.513870009397962, 47.08069914786683], [9.513912288007132, 47.076191634247664], [9.513954557350164, 47.07168410514406], [9.512344469242947, 47.068295779242675], [9.509082023685481, 47.06602665654351], [9.504167233036988, 47.06487643969198], [9.497600097297465, 47.06484512868808], [9.492685880626988, 47.063694602044066], [9.489424583025558, 47.06142485975995], [9.486163570235007, 47.05915501218547], [9.482902842255335, 47.056885059320635], [9.4796423990156, 47.054615001193476], [9.4763822405158, 47.052344837804014], [9.473122366685, 47.05007456918028], [9.4698627775232, 47.04780419532228], [9.464950579036314, 47.04665212359389]]]}}, {"type": "Feature", "properties": {"band": "moderate", "dbz": 45.0, "source": "OPERA-ORD", "time": "20260725155000"}, "geometry": {"type": "Polygon", "coordinates": [[[6.0949338221426625, 46.785517213029536], [6.088409358169553, 46.78527227321788], [6.083431512920569, 46.78621372131941], [6.080000286395711, 46.78834155733415], [6.079831511278774, 46.79059217715622], [6.082925187569761, 46.79296558078563], [6.08601913949702, 46.79533888980485], [6.089113367060552, 46.79771210421391], [6.092207870336328, 46.8000852239876], [6.095302649324346, 46.80245824912592], [6.098565749142552, 46.802580550315795], [6.101997169790947, 46.800452127557215], [6.103880852044606, 46.79713726949928], [6.104216795903529, 46.79263597614201], [6.102837589407048, 46.78919891783137], [6.09974323255516, 46.78682609456737], [6.0949338221426625, 46.785517213029536]]]}}, {"type": "Feature", "properties": {"band": "moderate", "dbz": 45.0, "source": "OPERA-ORD", "time": "20260725155000"}, "geometry": {"type": "Polygon", "coordinates": [[[10.762894815818328, 46.80291472612865], [10.759660582052874, 46.80519274093825], [10.756426067271626, 46.807470651653055], [10.753191271474588, 46.80974845827304], [10.749956194591501, 46.8120261607707], [10.746720836622366, 46.814303759146036], [10.746753272064987, 46.81655789396045], [10.750053500919364, 46.818788565213936], [10.753354012644886, 46.82101912775537], [10.756654807241553, 46.82324958158475], [10.759955884776467, 46.825479926673516], [10.763257245249624, 46.82771016302166], [10.766558888728131, 46.82994029060063], [10.769860815211981, 46.83217030941043], [10.773163024768293, 46.834400219422456], [10.77646551739706, 46.836630020636726], [10.7813859338699, 46.83772032296982], [10.787924274186818, 46.83767112642173], [10.79284525042866, 46.838761112556526], [10.796148862595432, 46.84099028137418], [10.79945275797957, 46.84321934129709], [10.802756936581071, 46.84544829232526], [10.806026371871624, 46.845423076715186], [10.809261063851228, 46.84314369446688], [10.810843398520868, 46.83974992972735], [10.810773375880547, 46.835241782496574], [10.809086571788106, 46.8318733214695], [10.80578298624354, 46.82964454664612], [10.802479683736427, 46.827415662934285], [10.799176664266765, 46.82518667033398], [10.79587392776754, 46.822957568873775], [10.79257147423875, 46.820728358553694], [10.789269303613388, 46.818499039402326], [10.78596741589145, 46.81626961141964], [10.782665811005938, 46.814040074634256], [10.77936448895685, 46.81181042904616], [10.776063449677183, 46.80958067468387], [10.77276269316694, 46.807350811547416], [10.769462219359127, 46.80512083966535], [10.766162028253746, 46.80289075903768], [10.762894815818328, 46.80291472612865]]]}}, {"type": "Feature", "properties": {"band": "moderate", "dbz": 45.0, "source": "OPERA-ORD", "time": "20260725155000"}, "geometry": {"type": "Polygon", "coordinates": [[[10.944514582058876, 46.81833515606469], [10.937978797013763, 46.818394167585886], [10.931442998516074, 46.81845276936781], [10.924907186565807, 46.81851096141047], [10.920025071223264, 46.81968148152306], [10.916796652488445, 46.821964329705615], [10.915221953252301, 46.82535980130494], [10.915300973514833, 46.82986789632103], [10.916994767371154, 46.833234561658585], [10.920303334821263, 46.83545979731758], [10.925226652955596, 46.83654330782477], [10.93176472177415, 46.83648509318015], [10.938302777122223, 46.83642646863718], [10.944840818999813, 46.83636743419585], [10.949764957915605, 46.83745000990983], [10.953075193869601, 46.83967419577911], [10.956385713164153, 46.84189827227626], [10.95969651579926, 46.84412223940129], [10.964621475108784, 46.84520388006139], [10.971160591092723, 46.84514319425657], [10.976043741091612, 46.84397053078372], [10.979270925105453, 46.84168588964285], [10.980842167499517, 46.8382895663603], [10.980757468273804, 46.83378156093609], [10.979059741467164, 46.83041587012731], [10.975748987079594, 46.82819249393396], [10.970825180765521, 46.827111136956134], [10.96428832252495, 46.82717179919383], [10.959365074504984, 46.82609012498003], [10.956055436705627, 46.823866114314725], [10.95274608199982, 46.82164199431258], [10.949437010387562, 46.81941776497359], [10.944514582058876, 46.81833515606469]]]}}, {"type": "Feature", "properties": {"band": "moderate", "dbz": 45.0, "source": "OPERA-ORD", "time": "20260725155000"}, "geometry": {"type": "Polygon", "coordinates": [[[10.485975916236876, 46.71327003421863], [10.479452918794625, 46.713300290873384], [10.474570772969702, 46.71445002729911], [10.47132947876211, 46.7167192434958], [10.469729047902884, 46.720108234067396], [10.469769480392026, 46.72461699901389], [10.469809921681145, 46.72912574792019], [10.469850371770242, 46.73363448078631], [10.469890830664763, 46.738143197626535], [10.46993129836471, 46.74265189844089], [10.471593527875484, 46.74602600146191], [10.474877519197086, 46.748265506689584], [10.479783260573944, 46.749370119253854], [10.486310752006055, 46.74933983915471], [10.492838236418056, 46.749309149882606], [10.499365713809945, 46.74927805143755], [10.505893183994566, 46.74924654382095], [10.512420646971915, 46.749214627032806], [10.518948102554834, 46.749182301074555], [10.525475550743323, 46.74914956594621], [10.530382662215189, 46.750252018727736], [10.53366943697043, 46.752489659419126], [10.535335888203022, 46.755862782895676], [10.535382015912965, 46.760371389157356], [10.533784193782228, 46.763761178308826], [10.530542421810807, 46.76603215035007], [10.525656686794097, 46.76718401027974], [10.519126988732095, 46.76721675809783], [10.512597283265833, 46.76724909658722], [10.506067570395311, 46.76728102574791], [10.499537850307938, 46.767312545578456], [10.493008123003712, 46.76734365607886], [10.486478388670044, 46.76737435724771], [10.479948647306937, 46.767404649085], [10.47504120966072, 46.7663000612586], [10.471756075731395, 46.7640605937685], [10.470093257289562, 46.76068654162517], [10.470052754335226, 46.756177904828625], [10.468390503309015, 46.75280373552388], [10.465106504210931, 46.750564033710916], [10.460200745467112, 46.749458504504034], [10.453673227077559, 46.74948714790324], [10.447145702229397, 46.74951538212549], [10.440618170922628, 46.749543207170774], [10.435731799045968, 46.750691091813266], [10.432486586599413, 46.75295903605294], [10.430882544371874, 46.7563473347799], [10.430919672363352, 46.76085598799416], [10.430956808441582, 46.765364625229125], [10.430993952606563, 46.7698732464848], [10.431031104863308, 46.77438185177549], [10.43106826521181, 46.778890441101176], [10.432729149187809, 46.78226506901676], [10.4360137567913, 46.784505735522245], [10.440922077210786, 46.7856121454609], [10.447454110446266, 46.78558429883274], [10.453986137205952, 46.78555604271028], [10.460518157489846, 46.785527377093516], [10.465427310299583, 46.786632857573636], [10.468713595635162, 46.78887248415063], [10.472000163163127, 46.791112002929694], [10.47528701288348, 46.79335141391081], [10.480196997711914, 46.79445596466912], [10.486730117648424, 46.79442565520462], [10.493263230541467, 46.79439493617039], [10.499796336391043, 46.79436380756645], [10.50470715286589, 46.795467428339755], [10.50799567996601, 46.797705798490306], [10.511284489417823, 46.79994406070683], [10.51457358122133, 46.80218221498932], [10.51784040498536, 46.802166034766], [10.52108496070992, 46.79989552003689], [10.52432923522614, 46.79762490051294], [10.527573228534024, 46.79535417619415], [10.532461755855651, 46.79420202103224], [10.538994817191027, 46.794168435027196], [10.545527870731817, 46.794134439458304], [10.55206091647802, 46.79410003432556], [10.558593954241868, 46.79406521963052], [10.565126984023362, 46.79402999537318], [10.57166000563473, 46.79399436155515], [10.578193019075973, 46.79395831817642], [10.583105456322635, 46.79505824285974], [10.586397317374713, 46.797294135605085], [10.589689460849378, 46.7995299201781], [10.59298188674663, 46.80176559657879], [10.597895153052129, 46.80286459031766], [10.60442925976587, 46.80282690139471], [10.610963357740406, 46.80278880283663], [10.617497446975735, 46.802750294643396], [10.624031527283977, 46.80271137681679], [10.630565598665134, 46.80267204935679], [10.637099660931334, 46.80263231226518], [10.643633714082577, 46.80259216554196], [10.648548345573019, 46.803688995282386], [10.651843555402657, 46.80592280148646], [10.655139047835394, 46.80815649930241], [10.658434822871232, 46.81039008873026], [10.663350281926375, 46.81148598677012], [10.669885425000821, 46.811444193422005], [10.674801443875436, 46.81253977614436], [10.678098338550221, 46.81477273493719], [10.681395515973852, 46.817005585245234], [10.684692976146334, 46.819238327068476], [10.689609822199728, 46.82033297768132], [10.696146054134033, 46.82028953708376], [10.702682276000704, 46.820245686705086], [10.709218487799744, 46.82020142654529], [10.714105128359847, 46.81904100674946], [10.717342197681017, 46.81676442731761], [10.718929713575166, 46.81337198363616], [10.718867676042294, 46.80886367570511], [10.717187667699958, 46.805493653132665], [10.713889688548157, 46.8032619159188], [10.708973720789357, 46.80216816880346], [10.70243976442356, 46.80221241178664], [10.697524355983239, 46.80111834917626], [10.694227495468398, 46.79888598097231], [10.692549200206024, 46.7955156024245], [10.692489470196115, 46.79100721353285], [10.690811745579893, 46.787636716418085], [10.687516026357361, 46.78540411108021], [10.682602295403207, 46.78430910239382], [10.67607055271743, 46.78435169035891], [10.669538800365961, 46.78439386885682], [10.663007038348802, 46.784435637887555], [10.65647526685356, 46.784476997449204], [10.649943485880238, 46.78451794754179], [10.643411695616448, 46.78455848816345], [10.63687989606219, 46.78459861931418], [10.630348087405086, 46.784638340992174], [10.62381626964513, 46.784677653197406], [10.61728444296995, 46.78471655592813], [10.610752607379546, 46.78475504918433], [10.605840773842774, 46.78365664461244], [10.602548942359638, 46.78142134221247], [10.599257393064644, 46.77918593163466], [10.59596612595779, 46.776950412879025], [10.59267514097183, 46.77471478597395], [10.589384438106762, 46.77247905091942], [10.586094017295343, 46.77024320774384], [10.582803878537574, 46.76800725644719], [10.577893991618724, 46.76690729200751], [10.571364356538796, 46.76694331442479], [10.564834713305014, 46.76697892751953], [10.55830506191738, 46.76701413129174], [10.553396003360653, 46.765913236702374], [10.550107537634835, 46.76367624375145], [10.550083624884376, 46.76142195358529], [10.553324265109275, 46.75915036620388], [10.558208848340206, 46.75799697403818], [10.564737374577163, 46.75796177708817], [10.5696213919475, 46.756808077399725], [10.572860900451214, 46.754535874972845], [10.574455914256657, 46.75114546473176], [10.574406433363828, 46.746636846676495], [10.574356963239353, 46.74212821259812], [10.574307503883231, 46.73761956249665], [10.574258055288805, 46.7331108963578], [10.574208617456076, 46.72860221418156], [10.572540538518664, 46.72522964230143], [10.569253818476572, 46.72299318071741], [10.564348443190916, 46.721892534771484], [10.557824412661692, 46.72192770446367], [10.551300374192415, 46.72196246522791], [10.544776327783087, 46.721996817064216], [10.53825227362048, 46.722030759971034], [10.531728211704595, 46.72206429394836], [10.525204142222211, 46.72209741899468], [10.518680065173331, 46.72213013510999], [10.512155980744733, 46.72216244229283], [10.505631888936419, 46.72219434054319], [10.500728148905386, 46.72109092056718], [10.497444760651634, 46.71885218236479], [10.49416165363307, 46.716613336420515], [10.490878827849691, 46.71437438273434], [10.485975916236876, 46.71327003421863]]]}}, {"type": "Feature", "properties": {"band": "moderate", "dbz": 45.0, "source": "OPERA-ORD", "time": "20260725155000"}, "geometry": {"type": "Polygon", "coordinates": [[[7.551341650729542, 46.40586892544446], [7.544859493708059, 46.40571537005981], [7.539945336850605, 46.406726822541046], [7.536599180157179, 46.408903282888176], [7.534820963646824, 46.41224504262094], [7.534610687319542, 46.416752101739334], [7.536074041245834, 46.42017094547332], [7.5392110254257, 46.42250157382289], [7.5440216998882, 46.42374369514488], [7.5505060646333355, 46.42389730943929], [7.555421385133712, 46.4228855948248], [7.558767661389332, 46.420708551301416], [7.560544833819021, 46.41736647052564], [7.560752902422781, 46.41285935249747], [7.559288384853567, 46.40944077089674], [7.5561512811113785, 46.407110725723435], [7.551341650729542, 46.40586892544446]]]}}, {"type": "Feature", "properties": {"band": "moderate", "dbz": 45.0, "source": "OPERA-ORD", "time": "20260725155000"}, "geometry": {"type": "Polygon", "coordinates": [[[7.491509665384624, 46.333367415991745], [7.488166217019523, 46.33554245144402], [7.48482249102085, 46.33771737375882], [7.481478487388602, 46.33989218293617], [7.478134206061766, 46.34206687894715], [7.474789647040337, 46.34424146179175], [7.473009795828107, 46.34758232806966], [7.472794652425073, 46.35208947778088], [7.474252338662291, 46.35550935119927], [7.477382854539765, 46.35784194832484], [7.480513642862624, 46.36017444735898], [7.483644703630871, 46.36250684830169], [7.485103120011116, 46.36592660431024], [7.48488889200336, 46.37043371538461], [7.484674617730743, 46.374940809267315], [7.484460297193267, 46.37944788595836], [7.485919444424705, 46.38286752453898], [7.489052059425058, 46.38519972500918], [7.4921849472485285, 46.38753182731172], [7.495318107895114, 46.38986383144659], [7.498451541436394, 46.39219573738815], [7.501585247872368, 46.394527545136384], [7.504719227274626, 46.39685925466563], [7.507853479643168, 46.39919086597587], [7.510988005049596, 46.40152237904146], [7.514122803493908, 46.403853793862396], [7.518931211898872, 46.40509709055557], [7.525413230264489, 46.405252269121014], [7.530327297774754, 46.40424172539996], [7.533673414429668, 46.402065459392404], [7.537019252622274, 46.39988908026747], [7.540364812352573, 46.39771258802516], [7.545278119154369, 46.396701104878815], [7.551759173027662, 46.39685463082846], [7.556671942932186, 46.39584282439375], [7.560016428867943, 46.3936656855747], [7.560120626520229, 46.39141209112131], [7.556984535889045, 46.38908204103356], [7.552176514973217, 46.38784026772575], [7.5456965637727444, 46.38768677119785], [7.540889108622359, 46.3864447040781], [7.53775414952206, 46.38411406636648], [7.534619463275664, 46.3817833303577], [7.531485049883173, 46.37945249605175], [7.528350909273113, 46.37712156347428], [7.5252170414454875, 46.37479053262532], [7.522083446328834, 46.37245940353051], [7.518950123923153, 46.37012817618987], [7.515817074156995, 46.36779685062906], [7.512684297030363, 46.36546542684807], [7.509551792471818, 46.36313390487253], [7.506419560481358, 46.360802284702444], [7.503287600987559, 46.358470566363444], [7.500155913990419, 46.35613874985553], [7.498696541885275, 46.35271923661001], [7.498909484672128, 46.348212026626854], [7.499122381515795, 46.34370479941703], [7.499335232416278, 46.339197554980544], [7.497876590791683, 46.33577792413813], [7.494746456642011, 46.333445906889786], [7.491509665384624, 46.333367415991745]]]}}, {"type": "Feature", "properties": {"band": "moderate", "dbz": 45.0, "source": "OPERA-ORD", "time": "20260725155000"}, "geometry": {"type": "Polygon", "coordinates": [[[7.542877864079553, 46.343625740417025], [7.539535880558762, 46.34580242418372], [7.536193619295026, 46.34797899494825], [7.532851080288346, 46.350155452710624], [7.529508263477542, 46.35233179744192], [7.526165168862615, 46.35450802914215], [7.526060050298118, 46.35676166276878], [7.52919290778405, 46.35909269832182], [7.532326037817682, 46.36142363562845], [7.535459440399014, 46.363754474688676], [7.536921230382857, 46.367173509462674], [7.5367114077692134, 46.371680739950456], [7.538173723139934, 46.37509967524613], [7.5413081764950185, 46.37743031534971], [7.544547308311817, 46.37750724432423], [7.547891118590325, 46.37533046216967], [7.549667384304913, 46.37198844111544], [7.549876105455578, 46.36748118116152], [7.5500847815553485, 46.362973904035485], [7.550293412604226, 46.358466609737334], [7.550501998629779, 46.35395929825312], [7.550710539632009, 46.34945196958285], [7.54924832155983, 46.34603307856921], [7.546115344413241, 46.34370262521219], [7.542877864079553, 46.343625740417025]]]}}, {"type": "Feature", "properties": {"band": "moderate", "dbz": 45.0, "source": "OPERA-ORD", "time": "20260725155000"}, "geometry": {"type": "Polygon", "coordinates": [[[7.571256479863456, 46.29014790993775], [7.567919092088568, 46.29232562436147], [7.566146946122995, 46.2956682639206], [7.5659400419667335, 46.30017582861516], [7.567402380568608, 46.303594550646494], [7.570533961928618, 46.305924430014606], [7.573665815209669, 46.308254211095495], [7.576797940411763, 46.310583893889145], [7.579930337605958, 46.31291347836998], [7.583063006792255, 46.31524296453798], [7.586195948041724, 46.31757235236753], [7.589329161354364, 46.31990164185863], [7.5907932811905185, 46.323320046217425], [7.590588307550187, 46.32782756544391], [7.592052952283237, 46.33124587003945], [7.595187215389669, 46.33357496000406], [7.599991155268695, 46.334814544340425], [7.606464771920315, 46.33496462304856], [7.611370707148425, 46.33395014241571], [7.614708960953024, 46.33177110244185], [7.616479475380169, 46.32842779413726], [7.616682250429861, 46.32392021750196], [7.615216448248168, 46.32050217514431], [7.61208206883509, 46.31817366706434], [7.608947961535366, 46.31584506056859], [7.605814126348995, 46.31351635565706], [7.6043490580316195, 46.3100981947517], [7.604552756583239, 46.305590577852556], [7.603088212873599, 46.30217231711465], [7.599955426902701, 46.29984341253801], [7.595154456817226, 46.298603573381826], [7.588685302617175, 46.2984527996461], [7.583884895667206, 46.297212666915556], [7.580753235967318, 46.29488317519018], [7.577621848025755, 46.29255358517709], [7.574490731842518, 46.2902238968763], [7.571256479863456, 46.29014790993775]]]}}, {"type": "Feature", "properties": {"band": "moderate", "dbz": 45.0, "source": "OPERA-ORD", "time": "20260725155000"}, "geometry": {"type": "Polygon", "coordinates": [[[7.8173514106815905, 46.249390548077095], [7.810887746551605, 46.24925369953699], [7.804424112998056, 46.249116446461585], [7.7979605100209435, 46.24897878885087], [7.793065876749095, 46.25000245279919], [7.789740213182512, 46.25218743830653], [7.78641427324734, 46.2543723117529], [7.78308805694358, 46.25655707313831], [7.779761564209847, 46.25874172243413], [7.77643479504614, 46.26092625964037], [7.773107749391075, 46.26311068472839], [7.769780427244649, 46.265294997698184], [7.766452828545475, 46.26747919852114], [7.763124953293551, 46.269663287197254], [7.761365922201398, 46.27300937525463], [7.761175735269018, 46.27751746269327], [7.760985507334503, 46.28202553292099], [7.760795238397856, 46.286533585937796], [7.760604928434011, 46.291041621757685], [7.760414577442971, 46.29554964038066], [7.76022418539965, 46.30005764182074], [7.760033752304047, 46.30456562607792], [7.761508690453872, 46.30798162525646], [7.7646489998491255, 46.31030563935638], [7.767789581536729, 46.31262955458909], [7.770930435516681, 46.31495337095458], [7.7740715618597225, 46.31727708842713], [7.777212960565851, 46.31960070700672], [7.782019820756984, 46.32083185554994], [7.788492142433121, 46.320970534056784], [7.7932995654287405, 46.322201387721904], [7.796442089743842, 46.32452441654529], [7.797919661851015, 46.3279399115458], [7.7977322817502595, 46.33244787272343], [7.799210381212873, 46.335863266772456], [7.802353960238857, 46.33818609369288], [7.8071630722177705, 46.33941606233671], [7.813637717149609, 46.33955317270396], [7.820112392678884, 46.33968987775758], [7.826587098805593, 46.339826177497585], [7.833061835348911, 46.33996207191795], [7.8395366023088355, 46.34009756101868], [7.846011399504526, 46.34023264479379], [7.852486226935984, 46.34036732324328], [7.857387843496843, 46.33934116369569], [7.860716249187105, 46.33715416615103], [7.86247139200309, 46.33380662179571], [7.862653271944796, 46.32929853062974], [7.862835112653326, 46.32479042237003], [7.863016914128681, 46.320282297016576], [7.86319867639485, 46.31577415455536], [7.863380399451833, 46.31126599498639], [7.863562083323602, 46.30675781829561], [7.863743728010158, 46.30224962448301], [7.863925333535452, 46.29774141353458], [7.864106899899483, 46.29323318545031], [7.864288427126185, 46.288724940216156], [7.864469915215555, 46.28421667783212], [7.864651364191506, 46.279708398284164], [7.864832774054037, 46.275200101572295], [7.86501414482704, 46.270691787682466], [7.865195476510516, 46.26618345661468], [7.863715214029895, 46.262768741874986], [7.860573357385178, 46.260447643463394], [7.855769958309164, 46.25921987079571], [7.849305016801852, 46.25908542387193], [7.842840105351796, 46.25895057231784], [7.836375223958997, 46.258815316133436], [7.831572704877699, 46.257586648058286], [7.828432548107899, 46.25526456809241], [7.825292662978895, 46.25294238916889], [7.822153049490687, 46.25062011128772], [7.8173514106815905, 46.249390548077095]]]}}, {"type": "Feature", "properties": {"band": "moderate", "dbz": 45.0, "source": "OPERA-ORD", "time": "20260725155000"}, "geometry": {"type": "Polygon", "coordinates": [[[7.944186723706274, 46.31516066897012], [7.937714783483634, 46.315031739437806], [7.932816777733505, 46.31606195962074], [7.929492706455887, 46.318251329518915], [7.92774251946719, 46.32160014017598], [7.927566216767415, 46.32610839159195], [7.9290524996312355, 46.329521970455836], [7.932201368058649, 46.33184087676765], [7.937012872273419, 46.33306481936067], [7.943487012275544, 46.333193798234895], [7.948386167896205, 46.33216331161216], [7.951710339135402, 46.32997335949246], [7.95345947621521, 46.326624233053685], [7.953633579135632, 46.322115932295816], [7.9521461464012795, 46.318702619871736], [7.948997178012155, 46.31638429578144], [7.944186723706274, 46.31516066897012]]]}}, {"type": "Feature", "properties": {"band": "moderate", "dbz": 45.0, "source": "OPERA-ORD", "time": "20260725155000"}, "geometry": {"type": "Polygon", "coordinates": [[[7.539552572539356, 46.135962582762005], [7.536223699317649, 46.13813958503257], [7.532894551083507, 46.14031647470081], [7.5295651278369276, 46.14249325176673], [7.526235429517566, 46.14466991620173], [7.522905456125423, 46.14684646800581], [7.521135547342691, 46.150188745909304], [7.52092570316937, 46.15469674991221], [7.522381390713996, 46.15811649276418], [7.525502609976568, 46.1604479744652], [7.528624099198328, 46.162779358232434], [7.531745858379276, 46.16511064406588], [7.534867887589868, 46.16744183194015], [7.537990186830102, 46.16977292185526], [7.541216677506135, 46.16984991738909], [7.544547359617964, 46.167672818541625], [7.5463165773258805, 46.164330255235626], [7.546524330629882, 46.159822227471096], [7.546732039277404, 46.15531418220708], [7.546939703268446, 46.150806119443565], [7.547147322630194, 46.146298039166616], [7.547354897362649, 46.14178994137624], [7.54589826583421, 46.13837043976746], [7.542777428044876, 46.1360395343403], [7.539552572539356, 46.135962582762005]]]}}, {"type": "Feature", "properties": {"band": "moderate", "dbz": 45.0, "source": "OPERA-ORD", "time": "20260725155000"}, "geometry": {"type": "Polygon", "coordinates": [[[7.170338398651514, 46.036204949930095], [7.167000746707586, 46.038370142946704], [7.165212313501822, 46.041706493710564], [7.164973099034221, 46.046214002221674], [7.164733833247293, 46.05072149286935], [7.16449451614104, 46.05522896565359], [7.164255147684285, 46.05973642058824], [7.164015727877032, 46.064243857673304], [7.165446269400398, 46.06766874975126], [7.168546772254388, 46.070011096822135], [7.171647543305652, 46.072353347139305], [7.174748582554194, 46.074695500702774], [7.177849890070654, 46.07703755748753], [7.18095146585503, 46.07937951749358], [7.1857231158717205, 46.08063845117368], [7.192164840120726, 46.080814358527824], [7.197055233723327, 46.07981926917432], [7.200394296679525, 46.07765318311318], [7.2021819618735705, 46.07431638917019], [7.202418229305462, 46.069808887345374], [7.202654446051752, 46.065301367707235], [7.202890612112439, 46.06079383025579], [7.201458085715445, 46.05736936968726], [7.198356866860771, 46.05502798600165], [7.195255916027282, 46.05268650550977], [7.192155233214978, 46.050344928211615], [7.189054818353354, 46.048003254132155], [7.185954671442408, 46.04566148327139], [7.182854792411651, 46.0433196156543], [7.179755181261082, 46.04097765128087], [7.176655837920217, 46.038635590176064], [7.173556762389057, 46.03629343233988], [7.170338398651514, 46.036204949930095]]]}}, {"type": "Feature", "properties": {"band": "moderate", "dbz": 45.0, "source": "OPERA-ORD", "time": "20260725155000"}, "geometry": {"type": "Polygon", "coordinates": [[[7.024999205080826, 45.606543677409576], [7.018614471895057, 45.60635751961192], [7.013763625836544, 45.60734494440637], [7.010446666905288, 45.609505951792954], [7.0086635252243905, 45.61284082694577], [7.008414200793853, 45.61734956986482], [7.009823886526436, 45.62077782659688], [7.012892582422143, 45.62312559714196], [7.015961540612265, 45.62547327202773], [7.0190307610968015, 45.62782085125423], [7.0204411341847495, 45.631248992599886], [7.02019265987611, 45.6357576960647], [7.021603534541862, 45.63918574115643], [7.024673758182005, 45.64153312787507], [7.027868002979515, 45.641626068294094], [7.031186268934391, 45.6394645624135], [7.034504266076468, 45.637302943408905], [7.0378219944057445, 45.63514121128029], [7.041139453979516, 45.63297936605581], [7.04445664479778, 45.63081740773545], [7.044580058904332, 45.62856302060129], [7.041509696299172, 45.62621620465333], [7.038439596041477, 45.62386929297152], [7.035369758131249, 45.62152228555585], [7.033958439941422, 45.61809437549448], [7.034205641471995, 45.61358556278742], [7.032794824596389, 45.61015755640253], [7.0297259893146045, 45.60781035633978], [7.024999205080826, 45.606543677409576]]]}}, {"type": "Feature", "properties": {"band": "strong", "dbz": 50.0, "source": "OPERA-ORD", "time": "20260725155000"}, "geometry": {"type": "Polygon", "coordinates": [[[17.300344935180135, 55.67525587707859], [17.296806771971475, 55.67772158683125], [17.295453972216677, 55.68118620260746], [17.29628653591574, 55.68564972440723], [17.298889067946966, 55.688880331928985], [17.30326156831036, 55.690878025172736], [17.30940373668867, 55.69164243209654], [17.31731557308188, 55.69117355270042], [17.323040272277062, 55.68970588621336], [17.3265778342742, 55.687239432635366], [17.326160110523226, 55.685007765531985], [17.321787101024128, 55.683010884903226], [17.317414546432616, 55.68101384593398], [17.31304244674869, 55.67901664862425], [17.308670801876158, 55.6770192930276], [17.304299611815033, 55.67502177914404], [17.300344935180135, 55.67525587707859]]]}}, {"type": "Feature", "properties": {"band": "strong", "dbz": 50.0, "source": "OPERA-ORD", "time": "20260725155000"}, "geometry": {"type": "Polygon", "coordinates": [[[17.343932535512824, 55.66251412073621], [17.336026725979885, 55.66298466235785], [17.330306133788262, 55.664453208311144], [17.32677075893796, 55.6669197585961], [17.325420902449945, 55.670384684860494], [17.32625656432422, 55.674847987104336], [17.328860799601415, 55.67807795458691], [17.33323360828154, 55.68007458730822], [17.339374689040536, 55.680837513429175], [17.347284041878403, 55.68036673294978], [17.353006104111, 55.67889769585777], [17.356540875738318, 55.67643040215316], [17.357888658962537, 55.672965223607804], [17.35704945378366, 55.66850216022169], [17.35444374846549, 55.665272683877824], [17.350071543008024, 55.663276794576205], [17.343932535512824, 55.66251412073621]]]}}, {"type": "Feature", "properties": {"band": "strong", "dbz": 50.0, "source": "OPERA-ORD", "time": "20260725155000"}, "geometry": {"type": "Polygon", "coordinates": [[[14.790692101796399, 55.40079418544294], [14.782816358968315, 55.40110105846999], [14.777044427724814, 55.40245088182284], [14.773376308065902, 55.40484365550148], [14.771812193721965, 55.40827975348458], [14.772352084693, 55.41275917577212], [14.774726920020647, 55.41604217258836], [14.778936699704905, 55.41812874393329], [14.784981229820648, 55.41901851563367], [14.79286051036787, 55.41871148768949], [14.798634016200168, 55.41736121282389], [14.802301747317536, 55.414967691036885], [14.803863898531299, 55.41153129645816], [14.803320469841454, 55.40705202908772], [14.800944059925008, 55.40376948378423], [14.796734668781966, 55.40168366054769], [14.790692101796399, 55.40079418544294]]]}}, {"type": "Feature", "properties": {"band": "strong", "dbz": 50.0, "source": "OPERA-ORD", "time": "20260725155000"}, "geometry": {"type": "Polygon", "coordinates": [[[14.087288447506735, 54.86844005721795], [14.079512221654868, 54.868701473719085], [14.07173590167536, 54.868962393004246], [14.06395948756821, 54.869222815073435], [14.058239690515709, 54.87053871119219], [14.05457651051786, 54.8729100813605], [14.05297010686674, 54.87633729449999], [14.053420479562348, 54.88082035061065], [14.055703301858431, 54.88411768941672], [14.059818573754987, 54.88622931091822], [14.065766135802026, 54.887154846003625], [14.073545987999548, 54.886894294672956], [14.081325745919239, 54.88663324588148], [14.089105409561098, 54.88637169962917], [14.094826194438784, 54.885054639953125], [14.098488100552299, 54.88268206685332], [14.100091288806418, 54.8792543493778], [14.099635759201144, 54.87477148752659], [14.097350135907046, 54.87147487969258], [14.093234418924126, 54.86936452587578], [14.087288447506735, 54.86844005721795]]]}}, {"type": "Feature", "properties": {"band": "strong", "dbz": 50.0, "source": "OPERA-ORD", "time": "20260725155000"}, "geometry": {"type": "Polygon", "coordinates": [[[14.082754401400377, 54.82361057343847], [14.074986754325034, 54.823871666176025], [14.069273665315773, 54.8251880628869], [14.0656151343726, 54.8275597635711], [14.061956181131196, 54.82993135484153], [14.058296805591564, 54.8323028366982], [14.052582249999059, 54.83361816286346], [14.044812514353682, 54.83387733333732], [14.038873323809327, 54.83295073077659], [14.034764678365995, 54.83083835518127], [14.0306564677082, 54.828725838074256], [14.02654869183594, 54.826613179455535], [14.020610607466608, 54.82568540998116], [14.012842214600205, 54.82594252965114], [14.007126852591217, 54.827256010474414], [14.003464521439643, 54.829625852451], [14.001855378014842, 54.83305242407903], [14.00229942231681, 54.8375357253585], [14.004575489775103, 54.84083407388283], [14.008683580389723, 54.84294746965201], [14.01279210615193, 54.845060723946425], [14.01690106706172, 54.847173836766075], [14.019178661861718, 54.85047200132061], [14.019624890551919, 54.85495521761003], [14.021903408629447, 54.858253222007896], [14.026014216094305, 54.86036601451419], [14.031957155074066, 54.86129322626629], [14.03973222556873, 54.86103485726421], [14.045451033580921, 54.8597201240451], [14.049113579110637, 54.85734902660895], [14.052775701621744, 54.854977819641405], [14.056437401114247, 54.85260650314244], [14.062154740664672, 54.85129069841909], [14.069927720273022, 54.85103040547136], [14.077700605903608, 54.85076961555225], [14.085473397556429, 54.85050832866176], [14.091189268195452, 54.84919145288986], [14.094848217820676, 54.84681898823656], [14.096450406834805, 54.84339130334576], [14.095995835237837, 54.83890839821744], [14.095541383161958, 54.83442548764854], [14.09508705060717, 54.829942571639045], [14.092804469481843, 54.82664584199314], [14.08869363978598, 54.82453529871084], [14.082754401400377, 54.82361057343847]]]}}, {"type": "Feature", "properties": {"band": "strong", "dbz": 50.0, "source": "OPERA-ORD", "time": "20260725155000"}, "geometry": {"type": "Polygon", "coordinates": [[[14.033463227212875, 54.798270571835424], [14.025700157599612, 54.798528493186126], [14.019989041030925, 54.79984256760201], [14.016329877506813, 54.80221279508308], [14.014722824129151, 54.80563954379801], [14.015167880897941, 54.810122813746794], [14.01744337559383, 54.81342093811776], [14.021549308216821, 54.81553391691091], [14.027485521509602, 54.81646138176845], [14.035252015472171, 54.81620333269037], [14.04096468661265, 54.81488882616524], [14.044623534931038, 54.81251786219305], [14.046228718531339, 54.80909080909624], [14.045780237413554, 54.80460766687483], [14.043503188145873, 54.80130997461311], [14.039397570728296, 54.799197732311086], [14.033463227212875, 54.798270571835424]]]}}, {"type": "Feature", "properties": {"band": "strong", "dbz": 50.0, "source": "OPERA-ORD", "time": "20260725155000"}, "geometry": {"type": "Polygon", "coordinates": [[[12.428259191495185, 54.76909474276435], [12.420494553506996, 54.769249947551856], [12.414737748777345, 54.77048831343419], [12.410988777306235, 54.772809840411355], [12.409247733401557, 54.77621489806729], [12.409514617063309, 54.78070348640198], [12.411656845093752, 54.78403129212662], [12.415674417492887, 54.7861983152412], [12.419558052044525, 54.786120932550034], [12.42330774874867, 54.78379914405314], [12.427057019761854, 54.78147723988462], [12.430805865084078, 54.77915522004447], [12.434554284849664, 54.77683308457452], [12.438302279058608, 54.77451083347478], [12.438167584744631, 54.77226656603632], [12.43415020190773, 54.77010028225917], [12.428259191495185, 54.76909474276435]]]}}, {"type": "Feature", "properties": {"band": "strong", "dbz": 50.0, "source": "OPERA-ORD", "time": "20260725155000"}, "geometry": {"type": "Polygon", "coordinates": [[[21.423345682450666, 53.841536070640956], [21.415836570968217, 53.842262922758486], [21.408327216302144, 53.84298930149103], [21.400817618452443, 53.84371520683858], [21.395490098948535, 53.845366037765885], [21.392344657790428, 53.84794179427293], [21.39138170857986, 53.85144281554642], [21.392601251316833, 53.85586910158639], [21.39382110276604, 53.86029536645095], [21.395041262927492, 53.86472161014011], [21.39783514408056, 53.867859857062385], [21.40220274622525, 53.86971010721778], [21.40814365506157, 53.870272021180845], [21.415657870589513, 53.86954559895159], [21.423171842378466, 53.868818703021375], [21.430685570428423, 53.86809133339018], [21.43601446412892, 53.86643920494495], [21.439158523479954, 53.86386231768567], [21.44011816396454, 53.86036101087688], [21.43889338558268, 53.85593528451859], [21.437668917011145, 53.85150953685161], [21.436444758249937, 53.84708376787595], [21.43364956869997, 53.843946323686644], [21.42928334836125, 53.842097204283675], [21.423345682450666, 53.841536070640956]]]}}, {"type": "Feature", "properties": {"band": "strong", "dbz": 50.0, "source": "OPERA-ORD", "time": "20260725155000"}, "geometry": {"type": "Polygon", "coordinates": [[[5.29351414642438, 53.00056009889554], [5.28608174091574, 53.00026019301731], [5.278649432215964, 52.9999598146789], [5.2712172203250525, 52.99965896388031], [5.263785105542617, 52.99935764064108], [5.256353087868657, 52.99905584496122], [5.248921167602727, 52.99875357686036], [5.24148934474483, 52.99845083633848], [5.235791060867244, 52.99934408412854], [5.231826315969973, 53.00143332023052], [5.22959494327176, 53.00471889226412], [5.229096942772605, 53.009200800229365], [5.230582084861234, 53.01263812557315], [5.234050369537646, 53.01503086829548], [5.237519032797484, 53.017423508350056], [5.240988074640748, 53.01981604573686], [5.2444574951898435, 53.02220848042085], [5.2479272944447715, 53.02460081240203], [5.251397472527969, 53.02699304164532], [5.254868029439437, 53.02938516815072], [5.258338965301641, 53.03177719188313], [5.26181028011458, 53.03416911284255], [5.267265126457459, 53.03551563929982], [5.274703504330277, 53.03581677125495], [5.2804054533041915, 53.034921907549105], [5.284370973379204, 53.03283104818229], [5.28833610112471, 53.03074005086997], [5.29230083654071, 53.02864891561216], [5.296265179716896, 53.026557642452666], [5.300229130653271, 53.02446623139149], [5.302456377611861, 53.02117940478424], [5.302946920592669, 53.01669716263091], [5.303437340691978, 53.01221491166679], [5.303927637909789, 53.00773265189186], [5.3024371771836964, 53.004296154461954], [5.298965958513699, 53.00190541937709], [5.29351414642438, 53.00056009889554]]]}}, {"type": "Feature", "properties": {"band": "strong", "dbz": 50.0, "source": "OPERA-ORD", "time": "20260725155000"}, "geometry": {"type": "Polygon", "coordinates": [[[5.28160369340052, 52.973066725273625], [5.274176097973399, 52.97276608496154], [5.266748599433983, 52.972464972535874], [5.259321197782274, 52.97216338799664], [5.251893893317149, 52.97186133136338], [5.244466686038609, 52.971558802636096], [5.23877205057771, 52.97245222279675], [5.234809986934453, 52.9745415918453], [5.234561807159375, 52.976782594759605], [5.238027511252479, 52.97917523153966], [5.243474735820189, 52.9805228495742], [5.250903480862505, 52.98082544886322], [5.258332323165149, 52.98112757594929], [5.265761262728122, 52.981429230832404], [5.2731902992523185, 52.981730413492976], [5.28061943273774, 52.98203112393101], [5.2863140786651535, 52.98113591781925], [5.290274237034559, 52.9790447951577], [5.2905201099429675, 52.97680368672761], [5.2870516973903765, 52.97441259252898], [5.28160369340052, 52.973066725273625]]]}}, {"type": "Feature", "properties": {"band": "strong", "dbz": 50.0, "source": "OPERA-ORD", "time": "20260725155000"}, "geometry": {"type": "Polygon", "coordinates": [[[9.427090920104197, 47.05659445228656], [9.42378285467908, 47.05883020036926], [9.42210370038838, 47.06220183162611], [9.422053457232094, 47.06670934605714], [9.423657817650401, 47.07009898997425], [9.4269167816433, 47.07237076337744], [9.431830363700382, 47.07352436886965], [9.438398563821647, 47.07355980645085], [9.443336710843035, 47.07245935386539], [9.446644804764546, 47.070223011113264], [9.446669075360385, 47.0679692564275], [9.443409522630555, 47.065698089808116], [9.440150254713615, 47.06342681803141], [9.436891271609566, 47.0611554410974], [9.433632573247344, 47.0588839590341], [9.43037415962695, 47.0566123718415], [9.427090920104197, 47.05659445228656]]]}}, {"type": "Feature", "properties": {"band": "strong", "dbz": 50.0, "source": "OPERA-ORD", "time": "20260725155000"}, "geometry": {"type": "Polygon", "coordinates": [[[10.658122296093843, 46.78559392045506], [10.65488457360109, 46.787868716559345], [10.653293887209152, 46.791260321332395], [10.653350236918035, 46.79576873477421], [10.653406598908726, 46.80027713226846], [10.653462973181227, 46.80478551381515], [10.655139047835394, 46.80815649930241], [10.658434822871232, 46.81039008873026], [10.663350281926375, 46.81148598677012], [10.669885425000821, 46.811444193422005], [10.676420558390284, 46.81140199036837], [10.68295568209476, 46.81135937760921], [10.68784207728638, 46.810200181132494], [10.69107974396514, 46.80792440093822], [10.692668699281136, 46.8045323323484], [10.692608943234363, 46.80002397536302], [10.690930917467165, 46.796653504278325], [10.687634621979539, 46.79442091909432], [10.682720039635234, 46.793325924615324], [10.676187170434249, 46.79336852084135], [10.671273147337992, 46.79227321108213], [10.66797797034646, 46.79003999533767], [10.664683075723076, 46.78780667119981], [10.66138846346784, 46.78557323866855], [10.658122296093843, 46.78559392045506]]]}}, {"type": "Feature", "properties": {"band": "strong", "dbz": 50.0, "source": "OPERA-ORD", "time": "20260725155000"}, "geometry": {"type": "Polygon", "coordinates": [[[10.551775402563287, 46.76704892573979], [10.545245735242734, 46.7670833108637], [10.538716060143118, 46.767117286661914], [10.532186377264438, 46.76715085313444], [10.525656686794097, 46.76718401027974], [10.519126988732095, 46.76721675809783], [10.512597283265833, 46.76724909658722], [10.506067570395311, 46.76728102574791], [10.501180977065912, 46.76843196539416], [10.497937503277635, 46.77070191552596], [10.496337161455429, 46.77409117116401], [10.496379951599291, 46.778599732308294], [10.496422751066476, 46.78310827749548], [10.49646555985698, 46.78761680672559], [10.498130945518131, 46.790990364321594], [10.501418908049931, 46.79322895028351], [10.506329435009365, 46.79433226939419], [10.51286252639643, 46.794300321653616], [10.519395610364464, 46.79426796434619], [10.525928686913465, 46.794235197471906], [10.532461755855651, 46.79420202103224], [10.538994817191027, 46.794168435027196], [10.545527870731817, 46.794134439458304], [10.55206091647802, 46.79410003432556], [10.55694858364733, 46.79294695860584], [10.560190872239748, 46.79067521229915], [10.561787796134977, 46.787285090613025], [10.56173935533302, 46.782776593547474], [10.561690925080832, 46.77826808051755], [10.561642505378414, 46.773759551523234], [10.559973780701293, 46.77038689856401], [10.556684751049474, 46.76815012163989], [10.551775402563287, 46.76704892573979]]]}}, {"type": "Feature", "properties": {"band": "strong", "dbz": 50.0, "source": "OPERA-ORD", "time": "20260725155000"}, "geometry": {"type": "Polygon", "coordinates": [[[10.460280046639275, 46.75847581852945], [10.453751403511236, 46.75850446747924], [10.447222753920299, 46.75853270717281], [10.440694097866464, 46.758560537610165], [10.435806886469432, 46.75970841827195], [10.432561119729204, 46.761976349158175], [10.430956808441582, 46.765364625229125], [10.430993952606563, 46.7698732464848], [10.43265454288707, 46.773247899662586], [10.4359385792831, 46.775488584762485], [10.440846050990057, 46.776595006698045], [10.447376958007943, 46.77656716546928], [10.45390785855434, 46.7765389148256], [10.460438752629246, 46.776510254767004], [10.465326787240658, 46.77536146097441], [10.468571962388577, 46.77309253344781], [10.470174289663584, 46.76970376726924], [10.470133769065683, 46.76519516243871], [10.468471223625873, 46.76182101853122], [10.465186653344153, 46.75958133554677], [10.460280046639275, 46.75847581852945]]]}}, {"type": "Feature", "properties": {"band": "strong", "dbz": 50.0, "source": "OPERA-ORD", "time": "20260725155000"}, "geometry": {"type": "Polygon", "coordinates": [[[10.53825227362048, 46.722030759971034], [10.531728211704595, 46.72206429394836], [10.525204142222211, 46.72209741899468], [10.518680065173331, 46.72213013510999], [10.513797956174, 46.7232817036239], [10.510557815224223, 46.72555212453639], [10.508959655032738, 46.728941692515264], [10.509003475599544, 46.73345040756051], [10.509047305705408, 46.73795910657583], [10.509091145350327, 46.74246778956123], [10.510755893494737, 46.74584126545013], [10.51404155013864, 46.74807953424253], [10.518948102554834, 46.749182301074555], [10.525475550743323, 46.74914956594621], [10.532002991350229, 46.749116421649234], [10.53853042437555, 46.749082868183635], [10.545057849632135, 46.74904890555093], [10.551585267119984, 46.749014533751115], [10.55811267665195, 46.74897975278575], [10.564640078228033, 46.74894456265482], [10.569523257491408, 46.74779086010423], [10.57276221444208, 46.745518645133984], [10.574356963239353, 46.74212821259812], [10.574307503883231, 46.73761956249665], [10.572639128009465, 46.734247016410094], [10.569351835618054, 46.732010574338446], [10.564445612561089, 46.730909941553634], [10.557920458838572, 46.730945118055644], [10.553014794099843, 46.72984417109966], [10.549728618344904, 46.727607100685674], [10.546442723995181, 46.7253699223546], [10.543157111050673, 46.72313263610645], [10.53825227362048, 46.722030759971034]]]}}, {"type": "Feature", "properties": {"band": "strong", "dbz": 50.0, "source": "OPERA-ORD", "time": "20260725155000"}, "geometry": {"type": "Polygon", "coordinates": [[[7.503181083622826, 46.36072415414228], [7.499836361896222, 46.36289951319205], [7.498057437668733, 46.36624076329694], [7.4978443109403585, 46.37074790445697], [7.496064810330335, 46.37408902529772], [7.492718935838662, 46.3762641258192], [7.489372783175751, 46.378439113135926], [7.486026352341602, 46.3806139872479], [7.485919444424705, 46.38286752453898], [7.489052059425058, 46.38519972500918], [7.4921849472485285, 46.38753182731172], [7.495318107895114, 46.38986383144659], [7.498451541436394, 46.39219573738815], [7.501585247872368, 46.394527545136384], [7.50639252383162, 46.395771429127926], [7.512873369314149, 46.39592738936277], [7.517681211447661, 46.39717097973738], [7.520816050232155, 46.39950220025176], [7.523951162080126, 46.401833322482645], [7.527086546991573, 46.404164346430036], [7.530327297774754, 46.40424172539996], [7.533673414429668, 46.402065459392404], [7.537019252622274, 46.39988908026747], [7.540364812352573, 46.39771258802516], [7.545278119154369, 46.396701104878815], [7.551759173027662, 46.39685463082846], [7.556671942932186, 46.39584282439375], [7.560016428867943, 46.3936656855747], [7.560120626520229, 46.39141209112131], [7.556984535889045, 46.38908204103356], [7.552176514973217, 46.38784026772575], [7.5456965637727444, 46.38768677119785], [7.539216647099971, 46.38753286902646], [7.532736764954896, 46.38737856121155], [7.527929637226054, 46.38613589304018], [7.524795263913446, 46.383804864512356], [7.5233335848257745, 46.380385766986535], [7.523544599963042, 46.375878600462734], [7.522083446328834, 46.37245940353051], [7.518950123923153, 46.37012817618987], [7.515817074156995, 46.36779685062906], [7.512684297030363, 46.36546542684807], [7.509551792471818, 46.36313390487253], [7.506419560481358, 46.360802284702444], [7.503181083622826, 46.36072415414228]]]}}, {"type": "Feature", "properties": {"band": "strong", "dbz": 50.0, "source": "OPERA-ORD", "time": "20260725155000"}, "geometry": {"type": "Polygon", "coordinates": [[[7.571256479863456, 46.29014790993775], [7.567919092088568, 46.29232562436147], [7.566146946122995, 46.2956682639206], [7.5659400419667335, 46.30017582861516], [7.567402380568608, 46.303594550646494], [7.570533961928618, 46.305924430014606], [7.573665815209669, 46.308254211095495], [7.576797940411763, 46.310583893889145], [7.579930337605958, 46.31291347836998], [7.583063006792255, 46.31524296453798], [7.586195948041724, 46.31757235236753], [7.589329161354364, 46.31990164185863], [7.592462646801258, 46.32223083298565], [7.5955964043824045, 46.324559925748595], [7.598730434168896, 46.326888920121824], [7.601864736160735, 46.329217816105334], [7.604999310429021, 46.331546613673474], [7.608134156973757, 46.33387531282625], [7.611370707148425, 46.33395014241571], [7.614708960953024, 46.33177110244185], [7.616479475380169, 46.32842779413726], [7.616682250429861, 46.32392021750196], [7.615216448248168, 46.32050217514431], [7.61208206883509, 46.31817366706434], [7.608947961535366, 46.31584506056859], [7.605814126348995, 46.31351635565706], [7.6043490580316195, 46.3100981947517], [7.604552756583239, 46.305590577852556], [7.603088212873599, 46.30217231711465], [7.599955426902701, 46.29984341253801], [7.595154456817226, 46.298603573381826], [7.588685302617175, 46.2984527996461], [7.583884895667206, 46.297212666915556], [7.580753235967318, 46.29488317519018], [7.577621848025755, 46.29255358517709], [7.574490731842518, 46.2902238968763], [7.571256479863456, 46.29014790993775]]]}}, {"type": "Feature", "properties": {"band": "strong", "dbz": 50.0, "source": "OPERA-ORD", "time": "20260725155000"}, "geometry": {"type": "Polygon", "coordinates": [[[7.816238983432724, 46.276440056772856], [7.809772030022585, 46.27630312980805], [7.803305107249251, 46.276165798076626], [7.796838215112723, 46.276028061578586], [7.790371353792971, 46.27588992031998], [7.783904523289996, 46.275751374300825], [7.779007134446061, 46.27677433938613], [7.7756791872611695, 46.27895881557588], [7.7723509633467955, 46.2811431796099], [7.769022462702939, 46.283327431488175], [7.7656936852681415, 46.28551157118203], [7.762364631042402, 46.28769559869147], [7.760604928434011, 46.291041621757685], [7.760414577442971, 46.29554964038066], [7.76022418539965, 46.30005764182074], [7.760033752304047, 46.30456562607792], [7.761508690453872, 46.30798162525646], [7.7646489998491255, 46.31030563935638], [7.767789581536729, 46.31262955458909], [7.770930435516681, 46.31495337095458], [7.7740715618597225, 46.31727708842713], [7.777212960565851, 46.31960070700672], [7.782019820756984, 46.32083185554994], [7.788492142433121, 46.320970534056784], [7.7932995654287405, 46.322201387721904], [7.796442089743842, 46.32452441654529], [7.797919661851015, 46.3279399115458], [7.7977322817502595, 46.33244787272343], [7.799210381212873, 46.335863266772456], [7.802353960238857, 46.33818609369288], [7.8071630722177705, 46.33941606233671], [7.813637717149609, 46.33955317270396], [7.820112392678884, 46.33968987775758], [7.826587098805593, 46.339826177497585], [7.831489174747153, 46.33880124680949], [7.8348186205035635, 46.33661508569327], [7.836575383444405, 46.333267985317725], [7.836759463569677, 46.328759945682854], [7.838515654271761, 46.32541271821212], [7.841843955550659, 46.32322630290553], [7.846744419813987, 46.32220040871144], [7.853217047061748, 46.32233503562982], [7.858116974230811, 46.321308820401725], [7.861444201321175, 46.31912176302714], [7.86319867639485, 46.31577415455536], [7.863380399451833, 46.31126599498639], [7.863562083323602, 46.30675781829561], [7.863743728010158, 46.30224962448301], [7.863925333535452, 46.29774141353458], [7.864106899899483, 46.29323318545031], [7.862625990616837, 46.28981852878304], [7.859482605687512, 46.287497443532764], [7.854676796942366, 46.28626963891011], [7.848208564381401, 46.28613511491509], [7.841740361937047, 46.28600018605829], [7.835272189609304, 46.28586485233973], [7.830467262036293, 46.284636151825396], [7.827325579218011, 46.28231408451529], [7.824184168391101, 46.279991918209], [7.821043029555563, 46.27766965290651], [7.816238983432724, 46.276440056772856]]]}}, {"type": "Feature", "properties": {"band": "heavy", "dbz": 55.0, "source": "OPERA-ORD", "time": "20260725155000"}, "geometry": {"type": "Polygon", "coordinates": [[[14.790692101796399, 55.40079418544294], [14.782816358968315, 55.40110105846999], [14.777044427724814, 55.40245088182284], [14.773376308065902, 55.40484365550148], [14.771812193721965, 55.40827975348458], [14.772352084693, 55.41275917577212], [14.774726920020647, 55.41604217258836], [14.778936699704905, 55.41812874393329], [14.784981229820648, 55.41901851563367], [14.79286051036787, 55.41871148768949], [14.798634016200168, 55.41736121282389], [14.802301747317536, 55.414967691036885], [14.803863898531299, 55.41153129645816], [14.803320469841454, 55.40705202908772], [14.800944059925008, 55.40376948378423], [14.796734668781966, 55.40168366054769], [14.790692101796399, 55.40079418544294]]]}}, {"type": "Feature", "properties": {"band": "heavy", "dbz": 55.0, "source": "OPERA-ORD", "time": "20260725155000"}, "geometry": {"type": "Polygon", "coordinates": [[[14.082754401400377, 54.82361057343847], [14.074986754325034, 54.823871666176025], [14.069273665315773, 54.8251880628869], [14.0656151343726, 54.8275597635711], [14.061956181131196, 54.82993135484153], [14.058296805591564, 54.8323028366982], [14.054637007613492, 54.83467420910104], [14.050976787196978, 54.83704547205006], [14.049371389715162, 54.84047265300821], [14.049820815168044, 54.844955751975505], [14.052101208635989, 54.848253187317596], [14.056212570118994, 54.8503649590345], [14.062154740664672, 54.85129069841909], [14.069927720273022, 54.85103040547136], [14.077700605903608, 54.85076961555225], [14.085473397556429, 54.85050832866176], [14.091189268195452, 54.84919145288986], [14.094848217820676, 54.84681898823656], [14.096450406834805, 54.84339130334576], [14.095995835237837, 54.83890839821744], [14.095541383161958, 54.83442548764854], [14.09508705060717, 54.829942571639045], [14.092804469481843, 54.82664584199314], [14.08869363978598, 54.82453529871084], [14.082754401400377, 54.82361057343847]]]}}, {"type": "Feature", "properties": {"band": "heavy", "dbz": 55.0, "source": "OPERA-ORD", "time": "20260725155000"}, "geometry": {"type": "Polygon", "coordinates": [[[5.29524932237293, 53.001755685200834], [5.291287268761391, 53.00384695193321], [5.287324823406396, 53.00593808082014], [5.283361986307947, 53.008029071861586], [5.2776636916391215, 53.008924106865685], [5.27022993939992, 53.00862318583242], [5.264530916239805, 53.0095178290772], [5.260566622158777, 53.011608036600016], [5.260319485591516, 53.01384907444662], [5.263789506538026, 53.016240942617], [5.267259906183232, 53.018632708009726], [5.270730684527134, 53.021024370624765], [5.272219136829963, 53.02446124410332], [5.271725263091719, 53.02894332844538], [5.273214417983619, 53.03238011227043], [5.276686601505663, 53.03477159557849], [5.2804054533041915, 53.034921907549105], [5.284370973379204, 53.03283104818229], [5.28833610112471, 53.03074005086997], [5.29230083654071, 53.02864891561216], [5.296265179716896, 53.026557642452666], [5.300229130653271, 53.02446623139149], [5.302456377611861, 53.02117940478424], [5.302946920592669, 53.01669716263091], [5.303437340691978, 53.01221491166679], [5.303927637909789, 53.00773265189186], [5.3024371771836964, 53.004296154461954], [5.298965958513699, 53.00190541937709], [5.29524932237293, 53.001755685200834]]]}}, {"type": "Feature", "properties": {"band": "heavy", "dbz": 55.0, "source": "OPERA-ORD", "time": "20260725155000"}, "geometry": {"type": "Polygon", "coordinates": [[[5.28160369340052, 52.973066725273625], [5.274176097973399, 52.97276608496154], [5.266748599433983, 52.972464972535874], [5.259321197782274, 52.97216338799664], [5.251893893317149, 52.97186133136338], [5.244466686038609, 52.971558802636096], [5.23877205057771, 52.97245222279675], [5.234809986934453, 52.9745415918453], [5.234561807159375, 52.976782594759605], [5.238027511252479, 52.97917523153966], [5.243474735820189, 52.9805228495742], [5.250903480862505, 52.98082544886322], [5.258332323165149, 52.98112757594929], [5.265761262728122, 52.981429230832404], [5.2731902992523185, 52.981730413492976], [5.28061943273774, 52.98203112393101], [5.2863140786651535, 52.98113591781925], [5.290274237034559, 52.9790447951577], [5.2905201099429675, 52.97680368672761], [5.2870516973903765, 52.97441259252898], [5.28160369340052, 52.973066725273625]]]}}, {"type": "Feature", "properties": {"band": "heavy", "dbz": 55.0, "source": "OPERA-ORD", "time": "20260725155000"}, "geometry": {"type": "Polygon", "coordinates": [[[10.525294572354404, 46.73111486544823], [10.518769372081337, 46.73114758789834], [10.513886425429341, 46.73229915311334], [10.510645732398412, 46.7345695610932], [10.509047305705408, 46.73795910657583], [10.509091145350327, 46.74246778956123], [10.510755893494737, 46.74584126545013], [10.51404155013864, 46.74807953424253], [10.518948102554834, 46.749182301074555], [10.525475550743323, 46.74914956594621], [10.530359608400756, 46.74799769959266], [10.533600275527133, 46.74572670201391], [10.53519756531022, 46.74233686807096], [10.535151477750015, 46.73782819776379], [10.533485618600169, 46.73445502301344], [10.530199987860682, 46.732217343819926], [10.525294572354404, 46.73111486544823]]]}}, {"type": "Feature", "properties": {"band": "heavy", "dbz": 55.0, "source": "OPERA-ORD", "time": "20260725155000"}, "geometry": {"type": "Polygon", "coordinates": [[[7.815496565696133, 46.29447271862266], [7.809027417072864, 46.29433573931601], [7.802558299126726, 46.294198355088355], [7.7960892118577245, 46.29406056593968], [7.7896201554460625, 46.29392237187608], [7.783151129891742, 46.293783772897555], [7.778252053989793, 46.294806681011025], [7.774922927740215, 46.2969910962165], [7.774828555359113, 46.29924511695276], [7.777968936846487, 46.30156874321979], [7.781109590533373, 46.30389227059375], [7.784250516419771, 46.30621569907465], [7.787391714576353, 46.308539028636744], [7.7905331850031185, 46.310862259280036], [7.795339562362395, 46.312092795524975], [7.801810846654183, 46.31223063737157], [7.8082821616635005, 46.31236807414265], [7.814753507390347, 46.3125051058382], [7.819653278267586, 46.31148070503567], [7.822981474295215, 46.30929487173505], [7.824738042629749, 46.3059478968906], [7.824922983271183, 46.30143978050233], [7.8234443751958676, 46.298024593800136], [7.820302218403802, 46.29570233678403], [7.815496565696133, 46.29447271862266]]]}}, {"type": "Feature", "properties": {"band": "extreme", "dbz": 60.0, "source": "OPERA-ORD", "time": "20260725155000"}, "geometry": {"type": "Polygon", "coordinates": [[[14.06812144086523, 54.833098331677476], [14.060351892169576, 54.833358495643516], [14.054637007613492, 54.83467420910104], [14.050976787196978, 54.83704547205006], [14.049371389715162, 54.84047265300821], [14.049820815168044, 54.844955751975505], [14.052101208635989, 54.848253187317596], [14.056212570118994, 54.8503649590345], [14.062154740664672, 54.85129069841909], [14.069927720273022, 54.85103040547136], [14.075644160987274, 54.84971425892846], [14.079304062807424, 54.847342258790405], [14.080907585534867, 54.84391477372856], [14.080454729169599, 54.839431803742926], [14.078172779543488, 54.8361348014862], [14.074061736656535, 54.834023766958374], [14.06812144086523, 54.833098331677476]]]}}]}