{"type": "FeatureCollection", "features": [{"type": "Feature", "properties": {"band": "light", "dbz": 30.0, "source": "OPERA-ORD", "time": "20260906232000"}, "geometry": {"type": "Polygon", "coordinates": [[[10.198273190394728, 55.989016776466826], [10.194278906571855, 55.99126853870734], [10.192292872497594, 55.99463987514615], [10.192315088171947, 55.999130785783265], [10.192337309893418, 56.0036216950317], [10.192359537662007, 56.00811260289145], [10.190372127161595, 56.01148380985707], [10.186375078392178, 56.01373531592854], [10.1823775665999, 56.0159866936328], [10.178379591784756, 56.01823794296983], [10.176390803218037, 56.02160902036352], [10.176411200899743, 56.02609992581385], [10.1784315131433, 56.02946520510247], [10.18245173994871, 56.031704858229375], [10.186472430884052, 56.03394438139962], [10.190493585949326, 56.03618377461322], [10.190504257082077, 56.03842922457693], [10.186504444282303, 56.040680731290735], [10.182504167702618, 56.04293210954947], [10.178503427343019, 56.04518335935312], [10.176513272686913, 56.04855443298719], [10.176533703734298, 56.05304533045166], [10.178555433632344, 56.05641060151859], [10.182578462381048, 56.05865024618799], [10.188602782290149, 56.05976387856913], [10.196628393359648, 56.05975149866202], [10.202641560907956, 56.05861929802036], [10.206642284935077, 56.05636727664415], [10.21064254484549, 56.05411512686889], [10.214642340639195, 56.05186284869456], [10.21865467397452, 56.05185588590381], [10.22267954485146, 56.05409423849664], [10.226704880551473, 56.0563324608908], [10.23073068107456, 56.05857055308631], [10.236756370608749, 56.05968186175873], [10.244781949154039, 56.05966638690809], [10.252807521475606, 56.05965039623585], [10.260833087573445, 56.05963388974203], [10.26684436272501, 56.058498598161826], [10.270841346930297, 56.05624452149523], [10.27282405156301, 56.052872045624184], [10.272792476623147, 56.0483811705487], [10.270763338223171, 56.04501733157075], [10.26673663636308, 56.04278052869033], [10.262710399005393, 56.04054359549025], [10.258684626150112, 56.03830653197052], [10.25665689708161, 56.03494255781618], [10.256627211799891, 56.030451673027244], [10.254600414830104, 56.027087566880354], [10.25057650617225, 56.024850239375525], [10.246553061487361, 56.022612781678205], [10.242530080775435, 56.02037519378841], [10.240504690565926, 56.01701095267336], [10.24047689085883, 56.01252005833308], [10.2404490987166, 56.0080291626153], [10.24042131413923, 56.003538265520035], [10.238397329021883, 56.000173889542175], [10.234377143364561, 55.997936034681715], [10.22836074720577, 55.996824315812034], [10.220348140545507, 55.99683873293315], [10.214332667586625, 55.99572662568566], [10.210314328329119, 55.99348799406957], [10.206296452101816, 55.99124923253278], [10.202279038904717, 55.989010341075314], [10.198273190394728, 55.989016776466826]]]}}, {"type": "Feature", "properties": {"band": "light", "dbz": 30.0, "source": "OPERA-ORD", "time": "20260906232000"}, "geometry": {"type": "Polygon", "coordinates": [[[10.452815316504232, 56.005193237746596], [10.444801093009872, 56.00522207898079], [10.438802925631693, 56.00636622413496], [10.43482081436969, 56.00862567320908], [10.432854777727286, 56.01200081140883], [10.432904815704482, 56.01649163873422], [10.430937860029982, 56.01986665069814], [10.426953910703784, 56.022125847300586], [10.422969498542276, 56.0243849165048], [10.418984623545459, 56.02664385831079], [10.414999285572083, 56.0289026726709], [10.411013484622153, 56.03116135958514], [10.407027220554395, 56.03341991900584], [10.403040493368817, 56.03567835093298], [10.401070333532113, 56.03905298338139], [10.401116741044284, 56.04354381635106], [10.403157440231073, 56.04690542999771], [10.407192431092476, 56.04913782432133], [10.413221696421157, 56.05024061357207], [10.421245236217114, 56.05021379774993], [10.42725035202993, 56.04907078823085], [10.4312370438596, 56.046811585014815], [10.435223272238845, 56.04455225436203], [10.439209037167668, 56.04229279627249], [10.443194338787606, 56.04003321079389], [10.447179177098661, 56.037773497926224], [10.449145622446848, 56.03439823424021], [10.449093674832165, 56.02990741973585], [10.451059200438392, 56.02653202990492], [10.455042199265531, 56.02427206474743], [10.459024735318783, 56.022011972324826], [10.46300680859815, 56.01975175263711], [10.46497097316931, 56.01637623657646], [10.464917229032258, 56.01188542414287], [10.462873374785651, 56.00852471772693], [10.45883941042949, 56.006294117328636], [10.452815316504232, 56.005193237746596]]]}}, {"type": "Feature", "properties": {"band": "light", "dbz": 30.0, "source": "OPERA-ORD", "time": "20260906232000"}, "geometry": {"type": "Polygon", "coordinates": [[[9.636433471991737, 55.888719360660346], [9.628443139750559, 55.88869574866709], [9.620452816798483, 55.888671623384816], [9.612462503135507, 55.888646984813526], [9.606458274796264, 55.88975103388523], [9.602440131780753, 55.89198377059994], [9.600408057515724, 55.8953455787423], [9.60036205200118, 55.899836458312315], [9.600316033999155, 55.90432733631961], [9.600270003509648, 55.908818212764196], [9.602234431206966, 55.912192726543545], [9.606209317091109, 55.91445087765766], [9.610184662862121, 55.91670890158468], [9.614160468520005, 55.91896679832459], [9.618136734204526, 55.92122456783005], [9.622113459915688, 55.92348221010105], [9.626090645793282, 55.92573972509021], [9.630068291837304, 55.927997112797556], [9.632035906193577, 55.93137124662075], [9.631993488862104, 55.93586212655981], [9.633962018918458, 55.939236133806105], [9.637941496362638, 55.94149326835962], [9.643931936491194, 55.94263314578592], [9.651933339304128, 55.942655766085], [9.657944080854332, 55.941549816195106], [9.661964161141807, 55.939315296116234], [9.66399356582007, 55.93595259028617], [9.66403229488912, 55.93146169870491], [9.66606077168923, 55.928098860478386], [9.670078996220399, 55.925864075606626], [9.674078326986962, 55.92587461055855], [9.678058763988922, 55.92813046533415], [9.680030540031431, 55.9315038412247], [9.67999365511449, 55.93599473823021], [9.677965629616798, 55.9393577051724], [9.67394646353835, 55.9415927420513], [9.66992683563803, 55.94382764867876], [9.665906745915834, 55.94606242505479], [9.661886194234928, 55.94829707113115], [9.657865180595307, 55.95053158690783], [9.653843704860119, 55.95276597233659], [9.649821767029362, 55.95500022741743], [9.647790478411212, 55.95836279344449], [9.647749839005668, 55.96285367041779], [9.64770918854951, 55.96734454593295], [9.647668527042732, 55.97183541998998], [9.647627854476521, 55.976326292603076], [9.647587170850874, 55.980817163772244], [9.647546476156968, 55.98530803351168], [9.647505770394801, 55.98979890182138], [9.647465053555536, 55.994289768715554], [9.647424325639175, 55.99878063419419], [9.645390190805681, 56.00214305311278], [9.641362649055054, 56.00437702547133], [9.635341715492736, 56.00548216606379], [9.627327390118728, 56.00545847489018], [9.619313074133744, 56.005434268706416], [9.611298767537788, 56.005409547512485], [9.605276463028378, 56.006513524298505], [9.60124616060552, 56.00874619906447], [9.599207843520869, 56.012107957024256], [9.599161511774426, 56.016598798177874], [9.599115167410398, 56.0210896379533], [9.59906881042878, 56.02558047635054], [9.601039001192104, 56.02895498300046], [9.605025739700372, 56.03121315790307], [9.609012941356786, 56.033471205245526], [9.613000606161348, 56.03572912502784], [9.616988734255276, 56.0379869172023], [9.620977325638567, 56.0402445817689], [9.626982492364988, 56.041385271878696], [9.635004234434538, 56.04140898753167], [9.6410307527415, 56.04030386783795], [9.64506204728588, 56.03806991279754], [9.64709810291318, 56.03470750805814], [9.647138919623405, 56.03021665361976], [9.649174041516645, 56.02685411608512], [9.6532034685929, 56.0246198954542], [9.65723243155744, 56.02238554423191], [9.661260930410268, 56.020151062418236], [9.663294639382553, 56.01678838870177], [9.663333558474292, 56.01229752308251], [9.665366335003204, 56.008934716753004], [9.669392968969289, 56.00669996971327], [9.673419139351587, 56.004465092209514], [9.6774448461501, 56.00223008424177], [9.681470089502403, 55.99999494585843], [9.685494869408497, 55.99775967705949], [9.689501598822979, 55.99776971880095], [9.693490277745852, 56.00002507108283], [9.695467020449966, 56.00339818673462], [9.695431826935321, 56.007889065756345], [9.697409490459142, 56.01126205413637], [9.701400011021427, 56.01351715187469], [9.707403401305982, 56.01465397364606], [9.715419661312803, 56.0146725194505], [9.723435928317427, 56.014690550101804], [9.73145220231985, 56.014708065599976], [9.73946848292023, 56.014725065943644], [9.747484770118565, 56.014741551132786], [9.753503936847462, 56.01363099808492], [9.757525983106921, 56.011393406800046], [9.761547565784111, 56.00915568540132], [9.765568684879028, 56.006917833888735], [9.769589340529718, 56.004679852310616], [9.773609532736176, 56.00244174066696], [9.77762926163643, 56.000203499006076], [9.781648527230484, 55.99796512732798], [9.78766446874713, 55.99685263515716], [9.795677086186371, 55.996866022493606], [9.803689708615899, 55.9968788949366], [9.811702336035708, 55.996891252486115], [9.817706716555493, 55.99802305581152], [9.821702850175253, 56.00027430491282], [9.825699446454024, 56.00252542565756], [9.829696505391807, 56.00477641804572], [9.833694027128463, 56.007027282029455], [9.83769201166399, 56.00927801760875], [9.841690459138267, 56.01152862473573], [9.845689369551298, 56.01377910341042], [9.849688743042979, 56.01602945358487], [9.853688579613308, 56.018279675259095], [9.857688879402204, 56.02052976838517], [9.861689642409665, 56.02277973296309], [9.86569828613966, 56.022784112427956], [9.869714810592184, 56.02054290677978], [9.873730871379825, 56.01830157145285], [9.877746468502586, 56.01606010644719], [9.881761602099136, 56.013818511811024], [9.885776272169476, 56.01157678754436], [9.885783220274297, 56.00933132847105], [9.881782446413597, 56.0070821345911], [9.877782135434646, 56.00483281210732], [9.873782287337448, 56.00258336101971], [9.869782901982354, 56.0003337813762], [9.865783979369365, 55.998084073176784], [9.861785519358861, 55.995834236469356], [9.857787521950838, 55.99358427125392], [9.855796849624191, 55.990213827743226], [9.85581350237892, 55.98572290593728], [9.853823752696528, 55.98235233387462], [9.849827600577013, 55.980102111555254], [9.843825052306554, 55.978971854065556], [9.835816107885151, 55.978961561405534], [9.827807167648707, 55.97895075411565], [9.819798231597222, 55.978939432195894], [9.811789300129254, 55.97892759564718], [9.803780373244802, 55.978915244469505], [9.797779689300704, 55.97778305968248], [9.79378724829696, 55.975531041286104], [9.78979526914177, 55.9732788947535], [9.785803751835129, 55.97102662008467], [9.78181269623739, 55.96877421732735], [9.77782210234855, 55.96652168648152], [9.773831970028974, 55.96426902759489], [9.769842299278663, 55.96201624066745], [9.765853089958004, 55.95976332574689], [9.761864342066994, 55.95751028283318], [9.757876055466042, 55.95525711197399], [9.753888230155148, 55.95300381316933], [9.749900865994736, 55.95075038646682], [9.745913962984805, 55.94849683186645], [9.741927520985797, 55.946243149415835], [9.737941539997713, 55.94398933911498], [9.73395601988102, 55.94173540101146], [9.729970960635718, 55.93948133510527], [9.729986179912062, 55.937235878900125], [9.734001677710056, 55.934999032396], [9.738016714028976, 55.932762055935186], [9.74203128886882, 55.93052494951769], [9.742046499880086, 55.928279491812546], [9.738062347062776, 55.92602568281977], [9.73207137471144, 55.92489004311571], [9.724073582826081, 55.924872572700366], [9.718083535000922, 55.923736549494485], [9.714101231235958, 55.921481973498075], [9.710119387673982, 55.91922726987045], [9.706138004314994, 55.9169724386116], [9.702157081019642, 55.91471747976901], [9.698176617787933, 55.91246239334268], [9.698193653976148, 55.91021693721896], [9.70220818958429, 55.90798111139787], [9.706222264418491, 55.9057451555784], [9.710235878478754, 55.90350906976053], [9.710252905422252, 55.90126361209164], [9.706273345248981, 55.89900878257171], [9.70028744600187, 55.89787161248159], [9.692295207680914, 55.897852101821265], [9.68629182933526, 55.89896000341287], [9.68227731096491, 55.9011953172564], [9.678262331911476, 55.903430501017645], [9.674246892174967, 55.90566555469661], [9.66824214864863, 55.90677229657887], [9.660248101332474, 55.906750726664434], [9.652254062528929, 55.90672864319337], [9.644260032237998, 55.90670604616567], [9.638275098471583, 55.90556618333675], [9.634299261229685, 55.903309054706625], [9.634319969474367, 55.901063607864984], [9.638337223205632, 55.898829842811836], [9.64235401632267, 55.89659594752659], [9.646370348825481, 55.89436192200927], [9.646391045835749, 55.89211647360219], [9.642416107353466, 55.88985960230538], [9.636433471991737, 55.888719360660346]]]}}, {"type": "Feature", "properties": {"band": "light", "dbz": 30.0, "source": "OPERA-ORD", "time": "20260906232000"}, "geometry": {"type": "Polygon", "coordinates": [[[9.713837413570666, 55.95740921985184], [9.717823371626732, 55.95966379928177], [9.721809791026434, 55.96191825091744], [9.725796671769775, 55.96417257475885], [9.725780503805625, 55.96641802429575], [9.721761287133987, 55.96865459952816], [9.717741607955434, 55.97089104461692], [9.713721466269963, 55.973127359562035], [9.70970086194019, 55.97536354431524], [9.705679794966114, 55.97759959887655], [9.701675833267483, 55.977590079453925], [9.6976889768443, 55.975334986047386], [9.695713107138396, 55.97196199416101], [9.695748224149767, 55.96747110379482], [9.695783331617285, 55.962980211975065], [9.69581842954095, 55.95848931870174], [9.697845574688538, 55.95512596912138], [9.70186476706005, 55.952890163233995], [9.705866881070012, 55.952899677751944], [9.709851916718424, 55.95515451267523], [9.713837413570666, 55.95740921985184]]]}}, {"type": "Feature", "properties": {"band": "light", "dbz": 30.0, "source": "OPERA-ORD", "time": "20260906232000"}, "geometry": {"type": "Polygon", "coordinates": [[[9.716598147142312, 55.85299980984536], [9.708615082632603, 55.85298134977151], [9.702619068264571, 55.85409004481684], [9.698610104038213, 55.85632589498134], [9.696588177445333, 55.85968928362677], [9.696553288485932, 55.864180210753155], [9.696518390065904, 55.868671136269754], [9.69648348218525, 55.87316206017659], [9.694460158668901, 55.87652531320346], [9.69044841951686, 55.87876089535037], [9.686436220317695, 55.88099634752337], [9.682423561071404, 55.88323166972245], [9.682405633258302, 55.88547712801835], [9.686382436878384, 55.88773272241108], [9.692366038013038, 55.88887027243023], [9.700356436662265, 55.88888977807582], [9.708346842624369, 55.88890877042391], [9.716337255899354, 55.88892724947451], [9.72432767609196, 55.88894521522616], [9.732318103202182, 55.88896266767886], [9.740308536834759, 55.888979606831235], [9.74829897698969, 55.888996032683266], [9.754298705739107, 55.88788542551425], [9.758307723083016, 55.88564778532416], [9.760326018766744, 55.88228349590501], [9.760353592790295, 55.87779255725679], [9.758377577251972, 55.87442044071089], [9.754397972151779, 55.872167146267316], [9.75041882595507, 55.86991372418603], [9.746440138661844, 55.867660174467034], [9.742461910133535, 55.86540649715768], [9.738484140370144, 55.863152692257955], [9.734506829233117, 55.86089875981522], [9.730529976722458, 55.85864469982947], [9.726553582699639, 55.856390512348014], [9.722577647164657, 55.854136197370856], [9.716598147142312, 55.85299980984536]]]}}, {"type": "Feature", "properties": {"band": "light", "dbz": 30.0, "source": "OPERA-ORD", "time": "20260906232000"}, "geometry": {"type": "Polygon", "coordinates": [[[9.652813655732139, 55.843855937243724], [9.644832488912177, 55.84383338081599], [9.638836068707334, 55.84493899893867], [9.634824395117612, 55.84717279161177], [9.630812262274752, 55.84940645418613], [9.626799670178755, 55.851639986661766], [9.622786618694086, 55.853873388990706], [9.618773107820743, 55.85610666117293], [9.616744317530301, 55.85946874666865], [9.616700247822758, 55.86395964547785], [9.616656166165244, 55.868450542669365], [9.616612072557764, 55.8729414382432], [9.618576117817511, 55.876315703237], [9.622548301944484, 55.87857333765076], [9.628528640818843, 55.87971395782077], [9.636517134440588, 55.87973756374703], [9.64251861696433, 55.87863234943374], [9.646533088390067, 55.87639831488088], [9.64856053378238, 55.87303584375562], [9.648600953141267, 55.868544936057965], [9.650627473915586, 55.86518233257109], [9.654640096105336, 55.86294803329499], [9.658652258701679, 55.860713603973565], [9.662663961704617, 55.85847904460683], [9.66468908340806, 55.855116305001694], [9.66472762381201, 55.85062538515817], [9.662761230296017, 55.8472517477917], [9.658789902860086, 55.84499539290229], [9.652813655732139, 55.843855937243724]]]}}, {"type": "Feature", "properties": {"band": "light", "dbz": 30.0, "source": "OPERA-ORD", "time": "20260906232000"}, "geometry": {"type": "Polygon", "coordinates": [[[9.701181414396292, 55.78110725789415], [9.693213014209295, 55.78108781220757], [9.687227579023059, 55.782195773897286], [9.683225108837577, 55.784431142963285], [9.67922218120349, 55.78666638233794], [9.675218796120795, 55.78890149202126], [9.67121495345448, 55.791136471965494], [9.667210653204542, 55.79337132217064], [9.665189295392075, 55.796734217254595], [9.66515088001708, 55.80122515721735], [9.667115529371252, 55.80459867480337], [9.671083243454593, 55.80685477001266], [9.675069717544572, 55.8068652671536], [9.679074951641187, 55.804630166226175], [9.683079727793757, 55.80239493554747], [9.687084046002282, 55.80015957511747], [9.693072233445433, 55.79905162272842], [9.701044290123212, 55.799071078380315], [9.707031566184755, 55.79796273908358], [9.711034061630059, 55.79572660483821], [9.713051764291695, 55.792363058337195], [9.713084674169659, 55.78787209958053], [9.711117250453928, 55.78449921033601], [9.707149493144502, 55.78224439060363], [9.701181414396292, 55.78110725789415]]]}}, {"type": "Feature", "properties": {"band": "light", "dbz": 30.0, "source": "OPERA-ORD", "time": "20260906232000"}, "geometry": {"type": "Polygon", "coordinates": [[[9.605651580318913, 55.77185828412], [9.597685110142322, 55.7718327044167], [9.59169838859103, 55.77293605748331], [9.587691415665041, 55.77516834331982], [9.585664174300035, 55.778529944288145], [9.585616664496014, 55.78302086038827], [9.587573554732373, 55.78639563694813], [9.591534845009114, 55.788654273967715], [9.597500552407832, 55.7897963888815], [9.605470676928524, 55.78982198168948], [9.61145924225632, 55.78871825270962], [9.615466248391218, 55.786485201941915], [9.617491679188806, 55.78312321195567], [9.617535534649083, 55.77863228275086], [9.615576800636218, 55.775257882104256], [9.611615477150211, 55.773000010015856], [9.605651580318913, 55.77185828412]]]}}, {"type": "Feature", "properties": {"band": "light", "dbz": 30.0, "source": "OPERA-ORD", "time": "20260906232000"}, "geometry": {"type": "Polygon", "coordinates": [[[9.446831427385021, 55.7353226339698], [9.438872487928956, 55.73528685957423], [9.432886885565672, 55.73638255015927], [9.428874620295169, 55.73860970572492], [9.42683566849251, 55.74196870816306], [9.426770030157694, 55.74645955747369], [9.428711435963129, 55.74983683367928], [9.432659885908814, 55.75210053677982], [9.438615403643624, 55.75325028468027], [9.446577989167563, 55.753286077380636], [9.452565437734782, 55.75219001395192], [9.456577749345282, 55.74996209439412], [9.458614901284179, 55.74660270080751], [9.458676893551472, 55.74211183319209], [9.456733641542103, 55.73873492983018], [9.452785145256069, 55.73647199072178], [9.446831427385021, 55.7353226339698]]]}}, {"type": "Feature", "properties": {"band": "light", "dbz": 30.0, "source": "OPERA-ORD", "time": "20260906232000"}, "geometry": {"type": "Polygon", "coordinates": [[[10.481427307157986, 55.72663979780167], [10.473470062682663, 55.72667045398923], [10.465512806717813, 55.726700599263005], [10.457555539263435, 55.72673023362299], [10.451600335816256, 55.72787499846369], [10.44764719637627, 55.730134893785085], [10.44569613965089, 55.733510301397175], [10.445747165640116, 55.73800122129994], [10.447775672444887, 55.74136218985383], [10.451781660065205, 55.74359320705885], [10.457765109774485, 55.744693890901914], [10.465726021572731, 55.74466424138302], [10.47368692186263, 55.74463408068904], [10.481647810644183, 55.744603408819955], [10.487604343950498, 55.743457489722374], [10.49155652178157, 55.741196323396295], [10.493504364459053, 55.73782029184703], [10.493447871982942, 55.73332939507458], [10.491416201657579, 55.72996907744323], [10.48740935348296, 55.727739338953], [10.481427307157986, 55.72663979780167]]]}}, {"type": "Feature", "properties": {"band": "light", "dbz": 30.0, "source": "OPERA-ORD", "time": "20260906232000"}, "geometry": {"type": "Polygon", "coordinates": [[[10.353382411525427, 55.6462313792302], [10.345441357000556, 55.646253809084], [10.33949508033186, 55.64739319069961], [10.335543581519337, 55.64964952407702], [10.333586874541451, 55.6530231900709], [10.333624959398204, 55.65751418868124], [10.335639700397483, 55.66087701784324], [10.339631097539286, 55.663111677556905], [10.343622948839213, 55.665346207884326], [10.347615254297263, 55.66758060882552], [10.351608014046928, 55.66981488033309], [10.355601228088211, 55.67204902240704], [10.359594896554619, 55.67428303499994], [10.363589019446152, 55.6765169181118], [10.367583596896337, 55.678750671695184], [10.371578628905173, 55.680984295750086], [10.375552317771326, 55.68097230549063], [10.379504663494803, 55.67871470091681], [10.381459050274348, 55.675340411975796], [10.381415478109957, 55.6708494386676], [10.381371917688963, 55.66635846342953], [10.381328369011362, 55.661867486261585], [10.379310002769497, 55.658505307700395], [10.375316818963368, 55.65627192774596], [10.371324089114323, 55.65403841830509], [10.36733181322236, 55.65180477937778], [10.36333999115425, 55.64957101101141], [10.359348622909991, 55.64733711320601], [10.353382411525427, 55.6462313792302]]]}}, {"type": "Feature", "properties": {"band": "light", "dbz": 30.0, "source": "OPERA-ORD", "time": "20260906232000"}, "geometry": {"type": "Polygon", "coordinates": [[[12.998549426599865, 55.53845414907734], [12.990636348309842, 55.53864627603606], [12.984786178631635, 55.53991181197914], [12.980998917565245, 55.54225075690657], [12.977211212662745, 55.54458958627958], [12.97342306392413, 55.54692830009818], [12.969634471203968, 55.54926689831912], [12.965845434502254, 55.55160538094239], [12.964119509628695, 55.555017902641424], [12.964456696583293, 55.559504463416225], [12.966689299820207, 55.56282175870004], [12.970817319339435, 55.56496978849286], [12.97477621035705, 55.56487442553113], [12.978565972873048, 55.56253566981483], [12.982355291079394, 55.56019679849997], [12.986144164976091, 55.55785781158657], [12.989932594708776, 55.5555187091179], [12.993720580277452, 55.55317949109396], [12.997508121827726, 55.55084015755803], [13.001295219359598, 55.5485007085101], [13.00508187301864, 55.54616114399342], [13.008868082804854, 55.543821464008005], [13.00869738220969, 55.54157823941097], [13.004569771233149, 55.5394314702023], [12.998549426599865, 55.53845414907734]]]}}, {"type": "Feature", "properties": {"band": "light", "dbz": 30.0, "source": "OPERA-ORD", "time": "20260906232000"}, "geometry": {"type": "Polygon", "coordinates": [[[12.759419422376665, 55.49122869484418], [12.75562349992386, 55.493560746789136], [12.75388186592588, 55.49697037837734], [12.75419452038272, 55.50145758960879], [12.756406031370364, 55.504778752445205], [12.760516398888816, 55.5069338668866], [12.764627218670952, 55.50908884253419], [12.768738490716778, 55.51124367938799], [12.772850215146464, 55.51339837739866], [12.776962391960009, 55.51555293656621], [12.781075021277587, 55.517707356841264], [12.7851881030992, 55.51986163822383], [12.789301637545021, 55.52201578066453], [12.79341562461505, 55.52416978416335], [12.799428203473248, 55.525156857231934], [12.807339374119612, 55.524976999870276], [12.813192654681142, 55.52372016357519], [12.816988045157835, 55.52138634834667], [12.816828370755719, 55.51914282997927], [12.812713631474793, 55.51698960847301], [12.808599344693155, 55.51483624794669], [12.804485510410807, 55.51268274840032], [12.80037212850774, 55.5105291098833], [12.79625919898396, 55.50837533239561], [12.792146721719458, 55.50622141598662], [12.788034696714238, 55.50406736065635], [12.783923123848297, 55.501913166454116], [12.779812003121638, 55.49975883337993], [12.77570133441426, 55.49760436148311], [12.771591117726164, 55.495449750763655], [12.767481352937352, 55.49329500127087], [12.763372040047829, 55.49114011300476], [12.759419422376665, 55.49122869484418]]]}}, {"type": "Feature", "properties": {"band": "light", "dbz": 30.0, "source": "OPERA-ORD", "time": "20260906232000"}, "geometry": {"type": "Polygon", "coordinates": [[[10.557683862685415, 55.492777542276876], [10.549773762398525, 55.492813071536645], [10.54186364895711, 55.49284809326598], [10.53395352236117, 55.492882607464864], [10.528035741814378, 55.49403104997387], [10.52411030731674, 55.496293420792995], [10.522177240427132, 55.499670098910244], [10.522236541145555, 55.50416108432563], [10.522295857782709, 55.508652067537554], [10.522355190338594, 55.513143048546], [10.522414538825739, 55.517634027365155], [10.522473903244139, 55.52212500399501], [10.524497766724949, 55.525484788855486], [10.528486129268167, 55.52771338194659], [10.534438969258495, 55.5288104038654], [10.542356286695934, 55.528775854611915], [10.550273590935983, 55.52874079731259], [10.558190881978648, 55.52870523196743], [10.56411264856783, 55.52755563077714], [10.56803889070353, 55.525291993741725], [10.56996963156571, 55.521914700255216], [10.569904871154367, 55.517423750317604], [10.56984012812217, 55.51293279818332], [10.56977540246912, 55.50844184385235], [10.569710694181547, 55.503950887310545], [10.569646003259457, 55.499459928557904], [10.567619971556024, 55.49610078129793], [10.563632599071248, 55.49387344553064], [10.557683862685415, 55.492777542276876]]]}}, {"type": "Feature", "properties": {"band": "light", "dbz": 30.0, "source": "OPERA-ORD", "time": "20260906232000"}, "geometry": {"type": "Polygon", "coordinates": [[[10.095911183534362, 55.0841754142123], [10.084180922790404, 55.09092109973744], [10.07244671667954, 55.09766565243634], [10.060708565201768, 55.104409072308975], [10.047003961218937, 55.105537619369215], [10.031332904731048, 55.10105129361706], [10.017623032028323, 55.10217720473673], [10.005874343110765, 55.108915352728246], [10.005878293783361, 55.11565236456484], [10.017634884046117, 55.12238824024651], [10.023515816458394, 55.130247505448146], [10.02352109102019, 55.13923016016974], [10.013721734364285, 55.14484463182403], [9.99411774649068, 55.14709092041103], [9.980391170349828, 55.15270462415603], [9.972542005941724, 55.161685743059024], [9.976463067465723, 55.16842296127833], [9.99215435492182, 55.172916278813936], [10.001962952411448, 55.18077699522114], [10.005888859934611, 55.19200511049993], [10.019629533667793, 55.19761614794096], [10.043184973610991, 55.19761010754425], [10.062819355347195, 55.19984819870364], [10.078532678876403, 55.20433042141915], [10.094249528163562, 55.208810624743165], [10.109969903208672, 55.21328880867568], [10.125677020997362, 55.213273703909934], [10.141370881529625, 55.20876531044595], [10.157081506302536, 55.208746172950704], [10.17280889531609, 55.21321629142422], [10.188515956623895, 55.21319313082745], [10.204202690225951, 55.208676691160406], [10.217956057220999, 55.209776148268446], [10.22977605760904, 55.21649150215157], [10.225871381479827, 55.22098930698259], [10.20624202883336, 55.223269562761494], [10.188579570444992, 55.22666690547792], [10.172884006314717, 55.231181335131865], [10.161123611781964, 55.23793484083036], [10.153298386846732, 55.24692742257343], [10.13759217990622, 55.251435812456336], [10.114004990960428, 55.25146001047909], [10.096307954128607, 55.24810801322469], [10.084501069410752, 55.241379820693105], [10.072704355753507, 55.23914175285195], [10.06091781315687, 55.24139380970121], [10.049126402998729, 55.239153466894074], [10.037330125279086, 55.232420724430554], [10.021609711099446, 55.22793247967941], [10.001965160459811, 55.22568873264064], [9.982322820379471, 55.22344183669438], [9.962682690858424, 55.22119179184063], [9.945006402300006, 55.220062739953114], [9.929293954704217, 55.22005468103184], [9.925358769925024, 55.22454418749625], [9.933200847962427, 55.23353125934635], [9.946945927193166, 55.23915107598187], [9.966594007617237, 55.24140363740281], [9.982313535533738, 55.24589892990945], [9.994104510942666, 55.2526369535018], [10.007865075272019, 55.25825058332358], [10.023595228521796, 55.262739819374794], [10.0334321145443, 55.2705979245825], [10.037375733339534, 55.281824898946695], [10.04918664091964, 55.28855646360461], [10.068864837284618, 55.290792618556225], [10.080683740896772, 55.29752340310338], [10.084643351756103, 55.308748817246084], [10.09843538375285, 55.31435091899626], [10.122059836887008, 55.31432970835394], [10.14372045150802, 55.315429594929896], [10.163417227615884, 55.317650578724134], [10.181141286497507, 55.31874894875463], [10.196892628152884, 55.31872470502138], [10.20278272583844, 55.31534739964021], [10.198811579554171, 55.3086170326111], [10.202749407836302, 55.30861021406758], [10.214596210684839, 55.31532694400964], [10.228395252533264, 55.318670156678365], [10.244146533381583, 55.318639852073744], [10.257936665943888, 55.31973480485044], [10.26976565022018, 55.32195501500846], [10.28357396699235, 55.325292013612504], [10.299361616260395, 55.32974580066258], [10.317093446320678, 55.330823695333805], [10.336769457173197, 55.328525697626176], [10.352484112499223, 55.32399109696494], [10.36423741229876, 55.31721989335008], [10.378011335396575, 55.31605511507731], [10.39380588179267, 55.32049676214664], [10.411561033074051, 55.3238065841132], [10.43127678924072, 55.32598458097699], [10.447029448037858, 55.325929016278764], [10.458819009465463, 55.32363989001852], [10.47261806345656, 55.32471005854198], [10.488426610011148, 55.32913952184916], [10.504238681407568, 55.33356694568844], [10.520054277645823, 55.337992330059805], [10.535810217793578, 55.33792462570506], [10.551506501850834, 55.33336383262421], [10.56335855664715, 55.3355562854989], [10.57136638218253, 55.344501984329156], [10.583217448898454, 55.34669141217659], [10.59891175679492, 55.34212456904119], [10.602852475155267, 55.3421058652327], [10.595039603979497, 55.34663530075112], [10.589245222323834, 55.354523212117456], [10.585469330188282, 55.36576959933173], [10.583680423306136, 55.37812930716775], [10.583878501677402, 55.391602335625535], [10.57611753229698, 55.4006208063034], [10.56039751516487, 55.40518471920135], [10.558506239999621, 55.41080777217587], [10.570443706801228, 55.41748996522694], [10.580393835203498, 55.4230578117639], [10.58835662520643, 55.427511311786745], [10.590446456487644, 55.43536122330177], [10.586663329047145, 55.44660754630897], [10.592673711143776, 55.452192177375714], [10.608477602777537, 55.452115116502], [10.622251569970906, 55.44867815038798], [10.633995612723885, 55.44188127903365], [10.641750742278132, 55.432858833936415], [10.645516958633653, 55.42161081509627], [10.651272360994728, 55.41147484050777], [10.659016949361357, 55.40245091017091], [10.65887050630988, 55.39346898541011], [10.650833031840293, 55.38452906622537], [10.654701819377536, 55.38001660680819], [10.67047686892161, 55.37993160715859], [10.678479551720166, 55.38662552224574], [10.678709867773208, 55.40009835206962], [10.682850103735763, 55.41130366169128], [10.690900259607835, 55.42024145111072], [10.691054091592884, 55.429223304320004], [10.683311599690908, 55.438249221319154], [10.675565593413264, 55.44727464427572], [10.667816072759953, 55.45629957318968], [10.673840726692209, 55.46187992968785], [10.693639555210034, 55.46401571377022], [10.711401688465868, 55.46279202003197], [10.727127126459708, 55.45820884847309], [10.740852263938647, 55.45251318521367], [10.752577100902682, 55.445705030253706], [10.756400794778154, 55.43894490223039], [10.752323345565062, 55.43223280114373], [10.760133655503303, 55.42769229256037], [10.779831724592876, 55.42532337648031], [10.785688850627272, 55.42191856512468], [10.777705033606495, 55.41747785849349], [10.765818662697473, 55.4153061248849], [10.750029737900215, 55.4154033642989], [10.73810582452619, 55.41098463237327], [10.730046922575397, 55.40204992910801], [10.731872077822619, 55.39417891087113], [10.743581290267857, 55.38737157766265], [10.751300959871783, 55.378342210085314], [10.7550310866344, 55.367090808139125], [10.762742816473018, 55.35805996338232], [10.774436149387636, 55.351249675814884], [10.782141860104739, 55.34221834422529], [10.785859948624324, 55.330965968613526], [10.795549298814482, 55.32304281618936], [10.811209910675212, 55.31844888695276], [10.813066876516451, 55.3128225729441], [10.801120196338205, 55.30616387416339], [10.7990371840375, 55.300563330541316], [10.806817839614336, 55.2960209420779], [10.818530955139076, 55.29145131573903], [10.834176530611717, 55.28685445152468], [10.840102746558072, 55.287937612211266], [10.836309602978144, 55.29470079779879], [10.84427650274986, 55.29913663814805], [10.86400344587322, 55.30124513325906], [10.8796949403011, 55.29888867028603], [10.8913509860335, 55.29206724922895], [10.899018857634013, 55.283028565641985], [10.902698555102646, 55.27177261952514], [10.904436571114207, 55.26165381270323], [10.9042329056687, 55.252672145176284], [10.896318976270292, 55.250483705664195], [10.880694782918981, 55.25508849416694], [10.861088032604954, 55.257472571439884], [10.837498725328206, 55.257635937483016], [10.8158529228916, 55.25665948932888], [10.796150625295134, 55.2545432269775], [10.77645042962951, 55.25242379751556], [10.756752335894728, 55.250301200943056], [10.735110842786115, 55.24930946838374], [10.711525950303672, 55.24944859983762], [10.693894336277344, 55.25291951224691], [10.682216000707129, 55.25972220561164], [10.676491194016826, 55.26986006467832], [10.676719916206434, 55.283333089446955], [10.670987233562803, 55.29346984520254], [10.659293146085938, 55.30027033194506], [10.643622854401329, 55.304844135982016], [10.62397635850898, 55.30719125731342], [10.610182672024306, 55.30613873573399], [10.602241794947306, 55.30168657124372], [10.592319033754869, 55.296120396409904], [10.580414388446997, 55.28944021123252], [10.568544771546765, 55.28500440786604], [10.556710183054179, 55.282812986310475], [10.544876899236959, 55.280620422263794], [10.533044920095108, 55.278426715725985], [10.515327901522017, 55.277378293893534], [10.491725843517685, 55.27747515676644], [10.47203214362477, 55.27530778221502], [10.456246801843273, 55.27087617023929], [10.440464975001007, 55.26644252382209], [10.424686663097974, 55.262006842963444], [10.406978194869891, 55.26094362773751], [10.387339570316756, 55.2632528781443], [10.369655378640347, 55.26443070160489], [10.353925619840663, 55.26447709811926], [10.340134829141832, 55.26114797033522], [10.32828300654386, 55.2544433182528], [10.314478445314741, 55.24886504414242], [10.298721145454483, 55.244413148004085], [10.284924544658207, 55.23883219567309], [10.27308864292592, 55.232122187149415], [10.275011777217724, 55.22650343176166], [10.290693947533622, 55.22197592950982], [10.302427754609244, 55.21521112541983], [10.31021319844459, 55.206209019491695], [10.310146121681566, 55.19722653649594], [10.302226524320178, 55.188263676432555], [10.294310482015682, 55.17930029285259], [10.28639799476808, 55.17033638575602], [10.276535811598709, 55.1624989865819], [10.264723932507568, 55.15578809533021], [10.250987842498812, 55.154693878124284], [10.235327541572438, 55.15921633496415], [10.229438758857116, 55.15810538958958], [10.233321494352845, 55.15136104200057], [10.22936351750846, 55.14463113735167], [10.21756482832396, 55.137915675642866], [10.201861362836059, 55.133450504832595], [10.182253121044752, 55.13123562492086], [10.168512149803451, 55.12564213700959], [10.160638449112154, 55.11667004109878], [10.150814114175734, 55.10882245826093], [10.139039144994195, 55.10209938849607], [10.127268125158903, 55.09537517814624], [10.11550105466986, 55.08864982721147], [10.10765721804559, 55.084166006670486], [10.103736615286092, 55.081923716523306], [10.095911183534362, 55.0841754142123]]]}}, {"type": "Feature", "properties": {"band": "light", "dbz": 30.0, "source": "OPERA-ORD", "time": "20260906232000"}, "geometry": {"type": "Polygon", "coordinates": [[[8.034383723311876, 55.325611693210405], [8.02650942323283, 55.32548539353976], [8.02054769330871, 55.326512775343694], [8.016498533539522, 55.328693838622215], [8.014361863756385, 55.33202895974164], [8.0141376839593, 55.336518138701976], [8.012000093130332, 55.3398531153063], [8.007949091269483, 55.342033889554614], [8.00389764204347, 55.34421452873755], [7.999845745452291, 55.34639503285513], [7.99770669853941, 55.349729852341746], [7.9974805013048265, 55.35421898719741], [7.997254243626504, 55.358708119108385], [7.997027925504444, 55.36319724807466], [7.994887420839225, 55.366531910318066], [7.990832729630849, 55.3687121058386], [7.986777590334121, 55.37089216613181], [7.982722002949041, 55.373072091197685], [7.9826083080949, 55.375316643160936], [7.986436505771698, 55.377625822021564], [7.992292993450272, 55.37884466808575], [8.000177771130623, 55.378973181353494], [8.008062596533572, 55.37910118907245], [8.01594746965912, 55.379228691242616], [8.02191688451218, 55.37820183250501], [8.02597084109275, 55.376020612859634], [8.028109259158313, 55.37268540929779], [8.028332138708869, 55.36819622181949], [8.03046963395397, 55.36486087375279], [8.034521744893617, 55.36267936509769], [8.038573408001104, 55.360497721438506], [8.042624623276435, 55.35831594277522], [8.042735529144261, 55.356071336700474], [8.038906125604585, 55.35376390321428], [8.035077163468797, 55.35145635064165], [8.031248642736898, 55.349148678982594], [8.031359489369807, 55.34690406997834], [8.035409703367526, 55.34472252362888], [8.039459470011417, 55.342540842340824], [8.043508789301482, 55.34035902611417], [8.045643762784493, 55.33702349665867], [8.045864390460453, 55.33253425397433], [8.044061246561675, 55.32913593523555], [8.040234331088158, 55.32682854044233], [8.034383723311876, 55.325611693210405]]]}}, {"type": "Feature", "properties": {"band": "light", "dbz": 30.0, "source": "OPERA-ORD", "time": "20260906232000"}, "geometry": {"type": "Polygon", "coordinates": [[[8.079896524890515, 55.36227334860578], [8.072014837661776, 55.36214995335373], [8.064133196577167, 55.362026052769416], [8.056251601636683, 55.36190164685285], [8.050285170090982, 55.36293045882787], [8.046233901940061, 55.365112488694486], [8.044097718035099, 55.36844811326935], [8.043876618376096, 55.37293733255247], [8.045682042755235, 55.376335552712575], [8.049513991172521, 55.378642773749675], [8.055372542856363, 55.379858618649116], [8.063257697806758, 55.37998308741091], [8.071142898976067, 55.38010705058562], [8.079028146364283, 55.38023050817324], [8.086913439595406, 55.380353460164386], [8.094798778669439, 55.380475906559056], [8.100766316336017, 55.379445216836935], [8.10481605259514, 55.37726139099803], [8.104923516037948, 55.37501672813342], [8.101088706664434, 55.3727112282431], [8.097254339339136, 55.3704056089627], [8.09342041406205, 55.36809987029222], [8.089586930693851, 55.365794012275686], [8.08575388923454, 55.3634880349131], [8.079896524890515, 55.36227334860578]]]}}, {"type": "Feature", "properties": {"band": "light", "dbz": 30.0, "source": "OPERA-ORD", "time": "20260906232000"}, "geometry": {"type": "Polygon", "coordinates": [[[7.939430162139115, 55.33304083468236], [7.931554663568372, 55.33290844438628], [7.923679214398803, 55.33277554922717], [7.915803814630406, 55.33264214920504], [7.90983812310666, 55.33366414646865], [7.905782139827561, 55.335841541018], [7.905664247332297, 55.33808602192291], [7.9094844456208655, 55.34039758918338], [7.913305084724076, 55.34270903789171], [7.917126164641926, 55.34502036804787], [7.920947685514115, 55.34733157960814], [7.924769647340643, 55.34964267257253], [7.92870870417013, 55.3497091452993], [7.932764856002574, 55.34753099778845], [7.936820560327083, 55.34535271491062], [7.940875817143654, 55.34317429666578], [7.944930626574224, 55.340995743102084], [7.948984988618791, 55.33881705421956], [7.949101105086927, 55.33657253979132], [7.945278975978634, 55.334262199817374], [7.939430162139115, 55.33304083468236]]]}}, {"type": "Feature", "properties": {"band": "light", "dbz": 30.0, "source": "OPERA-ORD", "time": "20260906232000"}, "geometry": {"type": "Polygon", "coordinates": [[[10.75769022947025, 55.29970278532377], [10.761668937374878, 55.301923893984004], [10.765648090319337, 55.30414487271738], [10.769627688303618, 55.30636572152389], [10.771661018221444, 55.30972160466055], [10.771748080072811, 55.314212522127356], [10.771835165171625, 55.31870343704725], [10.77192227351789, 55.323194349420234], [10.770018238683267, 55.32657484798434], [10.766123060667756, 55.32884493273955], [10.760236708404742, 55.3300042267013], [10.752359181894224, 55.33005272986958], [10.746430133473464, 55.32896618454253], [10.74244956314246, 55.32674459072016], [10.738469438419626, 55.32452286699137], [10.73448975930496, 55.32230101335617], [10.728562010072743, 55.32121332188924], [10.72068619072297, 55.321259792590595], [10.714799322244943, 55.32241719596908], [10.710901404638662, 55.3246855320247], [10.707003043693017, 55.32695374403497], [10.703104239408008, 55.32922183199989], [10.69920499164953, 55.33148979587418], [10.695305300417585, 55.33375763565786], [10.691405165578045, 55.33602535130565], [10.68750458713091, 55.33829294281755], [10.683603564942038, 55.34056041014827], [10.679702099011429, 55.34282775329779], [10.67778964955902, 55.34620690871874], [10.677866216584817, 55.35069787641113], [10.675952888303755, 55.35407690909642], [10.672049664715832, 55.356344006774606], [10.666156518514832, 55.357498792112224], [10.65827344970075, 55.35754126510925], [10.652342883270865, 55.356450183905096], [10.648364819225172, 55.35422554849977], [10.648327861042231, 55.35198005780218], [10.652232008722038, 55.34971371181233], [10.656135712360511, 55.34744724148678], [10.660038971957647, 55.34518064682554], [10.661953228350873, 55.341801857743704], [10.661878481540187, 55.33731087424128], [10.663791859296044, 55.33393196231598], [10.667693361618445, 55.33166512196779], [10.673582961512594, 55.330509976166404], [10.68146065897849, 55.33046652491183], [10.68734936268568, 55.3293110050645], [10.691249072634161, 55.3270434166244], [10.693159816702781, 55.32366413660152], [10.693081594891536, 55.319173164995874], [10.694991461805616, 55.31579376241795], [10.698889417445017, 55.31352592886774], [10.704775433583846, 55.312369287536725], [10.7126495102221, 55.31232383842489], [10.718534630835792, 55.31116682348389], [10.722430795424922, 55.30889824271371], [10.724338033097256, 55.305518472902335], [10.724256343852797, 55.30102751404974], [10.726162705851426, 55.29764762197097], [10.730057119093143, 55.29537879666601], [10.73593955412498, 55.294220661548295], [10.743810010946937, 55.294173216617835], [10.74973414839792, 55.29526017836287], [10.75371196647793, 55.29748154678339], [10.75769022947025, 55.29970278532377]]]}}, {"type": "Feature", "properties": {"band": "light", "dbz": 30.0, "source": "OPERA-ORD", "time": "20260906232000"}, "geometry": {"type": "Polygon", "coordinates": [[[11.313910257761776, 55.33543608330939], [11.31004532000941, 55.33772331471003], [11.306179939757534, 55.34001042443721], [11.302314117006148, 55.34229741249094], [11.296441494677474, 55.343482352585895], [11.288562072771512, 55.343565244722065], [11.282688547674562, 55.34474981566234], [11.278820919386623, 55.34703606540671], [11.27889347954299, 55.34928124219343], [11.282906228143661, 55.35148534602249], [11.288853203018455, 55.352545941407485], [11.296734404167374, 55.352463028348396], [11.304615574260495, 55.35237960989712], [11.312496713297817, 55.352295686053665], [11.318370158736416, 55.351109978785644], [11.32223591057629, 55.34882248809307], [11.324094022307847, 55.345433591023934], [11.323944493931087, 55.340943287578234], [11.32186297896652, 55.337596718793804], [11.317849477414146, 55.33539388467065], [11.313910257761776, 55.33543608330939]]]}}, {"type": "Feature", "properties": {"band": "light", "dbz": 30.0, "source": "OPERA-ORD", "time": "20260906232000"}, "geometry": {"type": "Polygon", "coordinates": [[[11.371518480533004, 55.234859275517174], [11.363660650436552, 55.23494695475653], [11.35780529802797, 55.2361351064994], [11.353952423307257, 55.23842373074579], [11.35009910878267, 55.240712233787775], [11.346245354454211, 55.243000615625355], [11.342391160186207, 55.24528887621424], [11.338536525978656, 55.24757701555443], [11.334681451695857, 55.24986503360158], [11.330825937337806, 55.25215293035573], [11.326969982768789, 55.2544407057725], [11.3231135879888, 55.256728359851905], [11.319256752862092, 55.25901589254958], [11.315399477388667, 55.26130330386552], [11.311541761432753, 55.26359059375534], [11.307683604994356, 55.26587776221905], [11.303825007937675, 55.26816480921222], [11.299965970262715, 55.27045173473487], [11.296106491833658, 55.272738538742566], [11.292246572650505, 55.275025221235296], [11.288386212577416, 55.27731178216862], [11.284525411614391, 55.279598221542535], [11.278661483774808, 55.28078230984737], [11.27079442905867, 55.280864047083114], [11.264929601980056, 55.282047766705986], [11.261067002538962, 55.28433346871597], [11.257203961899314, 55.28661904901397], [11.25334048006111, 55.28890450759998], [11.2474742655614, 55.290087106770926], [11.239605318400185, 55.290166846526795], [11.233668998748351, 55.28910384694637], [11.229665306605899, 55.28689810802966], [11.225662059594079, 55.28469223736032], [11.221659257712892, 55.282486234938325], [11.21572421122063, 55.281422084760436], [11.207856920117292, 55.28149978682666], [11.201990143740172, 55.282680499887505], [11.198123882089272, 55.28496422394301], [11.196258183645185, 55.28835133527209], [11.196393048407911, 55.29284183387473], [11.194526483145662, 55.29622882670559], [11.190658487858437, 55.298512313764626], [11.186790050855862, 55.30079567878703], [11.182921172137934, 55.30307892177281], [11.179051851568921, 55.30536204267729], [11.175182089148826, 55.30764504150049], [11.17124615566652, 55.30768265517744], [11.167244051122008, 55.30547488370812], [11.163242392130705, 55.30326698067796], [11.159241178692604, 55.30105894608694], [11.155240410682001, 55.29885077998221], [11.151240088098891, 55.29664248236377], [11.147240210817573, 55.294434053278735], [11.143240778838049, 55.29222549272712], [11.137306391420687, 55.29115755052348], [11.129437048565492, 55.29123022666782], [11.123503536227142, 55.29016189621758], [11.11950585440564, 55.287952559172744], [11.11550861762066, 55.28574309081888], [11.111511825872203, 55.28353349115601], [11.107577557776946, 55.2835690678956], [11.103705813334884, 55.28584982103766], [11.101832052979873, 55.28923550259656], [11.101956276711913, 55.29372611257231], [11.10208053359344, 55.29821671988551], [11.10220482362445, 55.302707324536165], [11.104266299891746, 55.30605754055452], [11.108264962395324, 55.30826736794057], [11.112264070522786, 55.31047706397247], [11.11626362427413, 55.312686628650226], [11.120263623775386, 55.31489606192672], [11.124264069026557, 55.31710536380193], [11.128264960153679, 55.31931453422873], [11.132266297156756, 55.321523573207116], [11.136268080161834, 55.32373248068994], [11.140270309168915, 55.325941256677176], [11.146209618756043, 55.327008764872616], [11.154086008923212, 55.32693500527624], [11.160026195259935, 55.32800212471304], [11.164030177766204, 55.33021012318302], [11.16609800346594, 55.33355937751667], [11.166229672359137, 55.33804988771397], [11.168298406578023, 55.341399004351885], [11.172304206122599, 55.3436067274304], [11.176243693111564, 55.343569075793944], [11.180116867544921, 55.341286049442516], [11.183989599184173, 55.339002900907104], [11.187861888029314, 55.336719630187694], [11.19373703241071, 55.33553959016923], [11.201615032328355, 55.335462780851714], [11.207557776901785, 55.336527597205276], [11.211565266131, 55.33873403922992], [11.215573201906498, 55.340940349379395], [11.219581584228274, 55.343146527653694], [11.225525606709128, 55.3442101918439], [11.233405269349062, 55.34413134195001], [11.239279851371498, 55.34294941286803], [11.243149352776436, 55.340664404597966], [11.247018411533364, 55.33837927439919], [11.250887027642277, 55.33609402227167], [11.256760218388406, 55.3349109708891], [11.264637983771753, 55.33483012025145], [11.270510272511713, 55.33364669953933], [11.274377084608286, 55.33136070875274], [11.27824345436665, 55.329074596190544], [11.282109381786807, 55.32678836185274], [11.285974867005175, 55.32450200578397], [11.289839910021753, 55.322215527984234], [11.293704510972937, 55.319928928498115], [11.297568669858725, 55.317642207325605], [11.30143238681549, 55.315355364511305], [11.305295661843232, 55.31306840005521], [11.30522236879747, 55.310823223037374], [11.3012125076782, 55.30861983345781], [11.297203092340638, 55.3064163117627], [11.293194122784785, 55.30421265795206], [11.291116847113646, 55.30086564473061], [11.290971265327219, 55.29637527209834], [11.292829281302575, 55.292986736829526], [11.296690895039715, 55.29070003892416], [11.300552067553335, 55.28841321945314], [11.304412798843435, 55.28612627841647], [11.308273089046049, 55.28383921585862], [11.312132938161172, 55.28155203177961], [11.317996297510286, 55.28036605799822], [11.325863167093393, 55.28028129451445], [11.331725626792212, 55.27909495244165], [11.335583676606744, 55.276807031779825], [11.339441285643215, 55.27451898974929], [11.343298453901623, 55.27223082635006], [11.349159523512345, 55.271043365114096], [11.357024494475375, 55.2709566060414], [11.362884664646636, 55.26976877686021], [11.366740034026126, 55.26747987757052], [11.370594962937275, 55.265190857064425], [11.37444945138009, 55.26290171534193], [11.380308230856361, 55.261712767677366], [11.38817130136609, 55.261624014070705], [11.394029181615025, 55.26043469880689], [11.397881871603165, 55.25814482188591], [11.399729427562683, 55.254754759250325], [11.399571849493583, 55.25026451090013], [11.39748881090333, 55.246919189750585], [11.39348031179192, 55.244718795801674], [11.389472256871077, 55.24251826957586], [11.385464646140793, 55.240317611073145], [11.381457479477044, 55.238116820340714], [11.377450756879835, 55.23591589737857], [11.371518480533004, 55.234859275517174]]]}}, {"type": "Feature", "properties": {"band": "light", "dbz": 30.0, "source": "OPERA-ORD", "time": "20260906232000"}, "geometry": {"type": "Polygon", "coordinates": [[[7.483445588967387, 55.063899431676276], [7.475624401033322, 55.06373793868441], [7.467803272309913, 55.06357594481338], [7.4599822027971605, 55.06341345006319], [7.452161192859499, 55.06325045444591], [7.44434024249693, 55.06308695796155], [7.438402756621745, 55.06408614259207], [7.434348735233945, 55.06624800833745], [7.430294273343905, 55.068409737640984], [7.426239370951627, 55.07057133050266], [7.420300691838733, 55.07156935631066], [7.412478236005224, 55.071403815065], [7.406538709936038, 55.072401443527255], [7.402482113631175, 55.07456224169743], [7.4023371171821895, 55.076806195665135], [7.406103720589084, 55.079133305430375], [7.4098707567903395, 55.08146029937272], [7.413638225785954, 55.08378717749219], [7.4153772855505045, 55.087194575291335], [7.4150879360839905, 55.09168249277016], [7.416827827606911, 55.09508978318986], [7.420596960119265, 55.097416446550454], [7.424366525931263, 55.099742993980996], [7.428136525042904, 55.102069425481474], [7.4319069575927506, 55.104395741009384], [7.4356778235808045, 55.10672194056471], [7.439449123145655, 55.10904802410492], [7.4432208562873035, 55.11137399163002], [7.444963568865559, 55.1147809642809], [7.444677260880418, 55.11926894205756], [7.44439087690334, 55.12375691618657], [7.444104416934321, 55.12824488666793], [7.445848287322936, 55.13165175644404], [7.449622488069184, 55.1339775255149], [7.455427121127466, 55.135221820205665], [7.463262186497782, 55.13538464051634], [7.471097311460527, 55.13554695894739], [7.4789324960157, 55.13570877549879], [7.486767739796484, 55.13587009015845], [7.49460304280288, 55.13603090292635], [7.50054943260991, 55.13502929250457], [7.504606909217576, 55.132865258893105], [7.508663943687194, 55.13070108891713], [7.512720536018763, 55.128536782576646], [7.518665724487026, 55.12753401208567], [7.52649950909198, 55.1276927774442], [7.534333351775134, 55.1278510410005], [7.542167252536484, 55.12800880275455], [7.548111238799088, 55.12700487258777], [7.552165310562945, 55.124839250500145], [7.554329369945773, 55.12151231017091], [7.5546034169475735, 55.117024051600055], [7.554877391259345, 55.112535789444784], [7.555151292881087, 55.1080475237051], [7.553399508559343, 55.10464210025955], [7.549622038294113, 55.10231951910812], [7.545845001712295, 55.09999682152434], [7.542068398813889, 55.097674007508225], [7.540317777500941, 55.09426848006972], [7.540593137773451, 55.089780239208835], [7.538843350642223, 55.08637460343307], [7.535068416107258, 55.08405157274242], [7.529268432342788, 55.08281077398103], [7.521443399348814, 55.08265220714891], [7.513618424565344, 55.08249313915202], [7.505793507992377, 55.082333569990375], [7.499994947760904, 55.08109167252561], [7.496222743870924, 55.07876744675771], [7.494476796709207, 55.075361265789795], [7.494757106275751, 55.070873129621845], [7.493011991527872, 55.067466840696454], [7.489241452465571, 55.065142399013624], [7.483445588967387, 55.063899431676276]]]}}, {"type": "Feature", "properties": {"band": "light", "dbz": 30.0, "source": "OPERA-ORD", "time": "20260906232000"}, "geometry": {"type": "Polygon", "coordinates": [[[10.286139696697067, 55.134406195846466], [10.278300331507563, 55.13442428509468], [10.270460959857266, 55.13444187187124], [10.262621581746174, 55.13445895617612], [10.256749079437977, 55.13559440448195], [10.252843452932675, 55.13784821678871], [10.252857961610639, 55.14009386208515], [10.256792605471873, 55.14233134037127], [10.260727689497177, 55.144568691280824], [10.264663213686553, 55.146805914813825], [10.268599178167996, 55.14904301092451], [10.272535582941504, 55.151279979612866], [10.278425226948617, 55.15238941479656], [10.286268110189333, 55.152371316475566], [10.292141911087532, 55.15123473607986], [10.29604662964321, 55.14897967360943], [10.297982277602822, 55.14560650404575], [10.29794885496637, 55.14111522738882], [10.295963952559061, 55.137751479600865], [10.292027570380899, 55.13551526068186], [10.286139696697067, 55.134406195846466]]]}}, {"type": "Feature", "properties": {"band": "light", "dbz": 30.0, "source": "OPERA-ORD", "time": "20260906232000"}, "geometry": {"type": "Polygon", "coordinates": [[[8.064699765885923, 55.06663420866967], [8.060679518999496, 55.06881685864242], [8.058560770812406, 55.072152896390094], [8.058343521324652, 55.07664232191267], [8.060137269771234, 55.08004043797571], [8.063942016152154, 55.08234724457921], [8.067747197012181, 55.08465393274728], [8.071552812351321, 55.08696050247992], [8.075358862305634, 55.089266953733905], [8.079165346875122, 55.09157328650924], [8.083079255297699, 55.09163476378522], [8.087100587573362, 55.08945138556186], [8.089218186082556, 55.086114956158156], [8.089432050825286, 55.0816254755741], [8.087636124460978, 55.07822769944236], [8.083830406989636, 55.07592162776292], [8.080025123810298, 55.073615437608915], [8.076220274922967, 55.07130912898033], [8.072415860191759, 55.069002701920354], [8.068611879616677, 55.06669615642898], [8.064699765885923, 55.06663420866967]]]}}, {"type": "Feature", "properties": {"band": "light", "dbz": 30.0, "source": "OPERA-ORD", "time": "20260906232000"}, "geometry": {"type": "Polygon", "coordinates": [[[11.659276504234978, 54.970738698229574], [11.651470863701386, 54.970844743428984], [11.645662335106628, 54.97204660200212], [11.641850918450707, 54.97434427394899], [11.640036678831626, 54.97773813170295], [11.640219616249386, 54.98222817526401], [11.640402602061208, 54.98671821547623], [11.640585636267092, 54.99120825233959], [11.640768718904509, 54.995698285867974], [11.640951849973455, 55.0001883160614], [11.639136041303658, 55.00358206244369], [11.635321292895117, 55.00587952501487], [11.6314153687408, 55.005931843343205], [11.627418268840707, 55.0037390174287], [11.62342160707789, 55.00154605909371], [11.619425383452358, 54.99935296833825], [11.615429597843654, 54.997159745209004], [11.611434250251783, 54.99496638970598], [11.609346800448673, 54.991624667563286], [11.60916724843432, 54.98713457878093], [11.607080695447266, 54.98379271623526], [11.603087141487514, 54.98159907992626], [11.597186523003549, 54.98055329728691], [11.589378839995375, 54.98065536831721], [11.583479075558394, 54.97960919705231], [11.579487229692605, 54.977414783492215], [11.575495821241546, 54.97522023779153], [11.571504850205214, 54.973025559950266], [11.565606319619272, 54.97197824387661], [11.557800229483721, 54.97207828957059], [11.549994103151548, 54.97217783527942], [11.54218794062275, 54.972276881003104], [11.536375977121999, 54.97347353424623], [11.532558212649292, 54.9757677950088], [11.530734707984532, 54.979160035800135], [11.53090546312772, 54.98365025662024], [11.531076263445762, 54.98814047413981], [11.531247108938654, 54.992630688358844], [11.529422391251076, 54.99602281502145], [11.52560211038303, 54.998316854127616], [11.519786205809982, 54.99951243286301], [11.511974677531933, 54.99960955122762], [11.506157886406289, 55.00080476597605], [11.502335832433044, 55.003098077108284], [11.498513345048432, 55.00539126831034], [11.49469042425245, 55.007684339582234], [11.488872258194847, 55.00887844549992], [11.481058846875627, 55.00897358606339], [11.473245401064514, 55.009068226107246], [11.465431920761509, 55.00916236563147], [11.459612380392699, 55.01035536228251], [11.45578677995808, 55.01264721606039], [11.45395517733374, 55.01603829994128], [11.454117572519674, 55.02052861392521], [11.454280010713127, 55.025018924696894], [11.454442491914103, 55.02950923225635], [11.456519060555935, 55.03285359704815], [11.460509716638628, 55.035052019072296], [11.466414402182657, 55.03610412505413], [11.474233117188025, 55.036009914993656], [11.482051797618377, 55.03591520403893], [11.489870443473711, 55.035819992189936], [11.495776371855184, 55.036870952617214], [11.499769582762797, 55.039068085320764], [11.501850135706022, 55.042411763565845], [11.502018030684857, 55.04690198735246], [11.502185970159118, 55.05139220794933], [11.5023539541288, 55.055882425356444], [11.504435909066567, 55.059225953118585], [11.50843183497242, 55.06142279123574], [11.514341671864695, 55.062472566150994], [11.522165419743397, 55.06237527786434], [11.527990330247068, 55.06117958267974], [11.531816403375714, 55.058885480597205], [11.535642041793952, 55.05659125856311], [11.539467245501786, 55.05429691657744], [11.545290775259248, 55.05310011136004], [11.55311263106634, 55.05300084291089], [11.558935271166106, 55.05180367346292], [11.56275869555855, 55.049508603016136], [11.566581685547934, 55.04721341276758], [11.570404241134257, 55.044918102717276], [11.57622549991188, 55.043719823909434], [11.584045461880798, 55.04361857634406], [11.591865386689559, 55.04351682781056], [11.599685274338158, 55.043414578308926], [11.605595212803191, 55.044460215253935], [11.609595202084654, 55.046653738645574], [11.611685306084976, 55.0499955217789], [11.611865524804156, 55.0544855646539], [11.610044875077234, 55.05787885870966], [11.60622335690421, 55.060175403946154], [11.6024014040815, 55.06247182950115], [11.598579016609108, 55.06476813537465], [11.596757153060791, 55.0681613161717], [11.59693581343655, 55.0726513718923], [11.599026542313194, 55.07599326185507], [11.603029339690718, 55.07818698606001], [11.60894414175809, 55.07923217080551], [11.61677094851531, 55.07912881609155], [11.622595481411933, 55.07792861220081], [11.626417740447959, 55.075631559133285], [11.630239564548727, 55.07333438644195], [11.634060953714236, 55.07103709412682], [11.63788190807928, 55.068739682231396], [11.641702427643857, 55.066442150755684], [11.645522512542744, 55.06414449974318], [11.649342162775937, 55.06184672919389], [11.653161378478185, 55.05954883915126], [11.656980159649489, 55.057250829615306], [11.660798506424571, 55.05495270062947], [11.664616418803437, 55.05265445219376], [11.668433896920774, 55.05035608435159], [11.67225094077659, 55.04805759710297], [11.672157797960157, 55.04581261996721], [11.66815446847147, 55.043621152944304], [11.664151578187578, 55.04142955320431], [11.660149127108472, 55.03923782074724], [11.656147115113491, 55.03704595561995], [11.652145542202636, 55.03485395782246], [11.64814440825524, 55.032661827401576], [11.644143713271308, 55.030469564357304], [11.644051541639314, 55.02822456740745], [11.647867893359253, 55.025926836551996], [11.651683811465528, 55.02362898629988], [11.655499295958137, 55.021331016651104], [11.657314503810897, 55.01793703654643], [11.657129435023803, 55.01344704598587], [11.658943798070766, 55.01005295151151], [11.662757592951781, 55.007754753123365], [11.668570753745161, 55.00655207798393], [11.676383280450912, 55.00644492609323], [11.682195552938225, 55.005241888170154], [11.686007571207107, 55.00294296421471], [11.6898191565336, 55.00064392107915], [11.693630308917708, 54.99834475876348], [11.697441028493614, 54.99604547731094], [11.70125131526132, 54.99374607672152], [11.701156726521248, 54.99150110659992], [11.6971572622734, 54.98931056694613], [11.693158235853906, 54.987119894639136], [11.689159647262764, 54.984929089678964], [11.685161496379997, 54.98273815211232], [11.681163783205605, 54.98054708193921], [11.67716650761961, 54.97835587920634], [11.673169669622016, 54.976164543913725], [11.669173269092859, 54.973973076108024], [11.665177306032135, 54.97178147578926], [11.659276504234978, 54.970738698229574]]]}}, {"type": "Feature", "properties": {"band": "light", "dbz": 30.0, "source": "OPERA-ORD", "time": "20260906232000"}, "geometry": {"type": "Polygon", "coordinates": [[[10.409640924574877, 54.94541378012515], [10.401838402250462, 54.945439772071694], [10.395997375138247, 54.94658192114598], [10.392117843238234, 54.948840227348015], [10.390199822157562, 54.95221506325209], [10.390243311896233, 54.9567064288582], [10.388324427432426, 54.9600811405938], [10.38444316876614, 54.962339198458885], [10.378599520638113, 54.963480229683405], [10.370793483048347, 54.96350423426736], [10.362987436914294, 54.96352773876915], [10.355181382235955, 54.9635507431888], [10.349336412279994, 54.96469065286147], [10.345452527046412, 54.96694746778718], [10.341568207121913, 54.969204158289386], [10.337683452506495, 54.97146072436809], [10.331837161410704, 54.97259951206606], [10.324029333834535, 54.972620521383284], [10.318182168744283, 54.97375893578589], [10.314295666139941, 54.97601475527386], [10.312369838573412, 54.979388352745865], [10.312404686044692, 54.983879728201906], [10.312439542737525, 54.988371100656515], [10.312474408651916, 54.992862470109706], [10.312509283795002, 54.99735383657564], [10.312544168166786, 55.00184520005433], [10.310616630153934, 55.00521866617582], [10.306726669756445, 55.007474234940105], [10.30283627356397, 55.009729679003485], [10.298945441576514, 55.01198499836596], [10.297016613250502, 55.015358336293026], [10.297049788585934, 55.01984969278469], [10.299029252915302, 55.023213387191454], [10.302955006238603, 55.025449419513315], [10.308827036572717, 55.02655741623781], [10.316645343917644, 55.026537377364946], [10.324463643766967, 55.026516837530934], [10.332281936120689, 55.02649579673579], [10.340100220613204, 55.02647425498107], [10.347918497244512, 55.02645221226678], [10.353792248114516, 55.02755832440029], [10.357721473223211, 55.02979259138158], [10.361651135724626, 55.032026730934994], [10.36558123561876, 55.034260743060536], [10.369511773031956, 55.03649462771264], [10.373442747964214, 55.038728384891314], [10.377374160541887, 55.040962014551006], [10.381306010764979, 55.04319551669173], [10.38718279618785, 55.044299737277186], [10.3950045168105, 55.044274676307374], [10.40085943799641, 55.04313286739854], [10.404747559745575, 55.04087431055069], [10.408635245070965, 55.038615629314364], [10.412522493972581, 55.03635682368957], [10.418376085588855, 55.03521389136924], [10.426196019919791, 55.03518683235336], [10.434015944187959, 55.035159272263726], [10.441835858393357, 55.03513121110032], [10.447713463924774, 55.03623279812302], [10.45164876078221, 55.03846403333181], [10.45364176681738, 55.0418252903339], [10.453692482030288, 55.046316569129274], [10.455686369806838, 55.04967769500688], [10.459623430147028, 55.05190866796672], [10.465503644814998, 55.05300911420883], [10.473327013810746, 55.0529790337332], [10.481150371628251, 55.05294845193985], [10.488973718267511, 55.05291736882875], [10.496797053362107, 55.05288578440225], [10.50462037691204, 55.05285369866034], [10.510473431991949, 55.05170663552596], [10.514356218601835, 55.04944459499911], [10.516268757100589, 55.04606795086879], [10.516211047488213, 55.04157670313498], [10.514212818851696, 55.03821647155921], [10.510274071191038, 55.03598725614147], [10.506335761230886, 55.033757912687456], [10.502397888971238, 55.03152844119717], [10.500401001954287, 55.028168071625], [10.500345100180038, 55.02367680397094], [10.500289213205042, 55.019185533350864], [10.5002333410293, 55.014694259764774], [10.49823779408782, 55.0113337522963], [10.494302572380601, 55.009104010945464], [10.488427656237167, 55.00800466242799], [10.480613045657524, 55.00803570674388], [10.474765173457431, 55.00918162560937], [10.47088403963689, 55.01144241902446], [10.467002470198551, 55.01370308838178], [10.463120465142417, 55.01596363368132], [10.459212706999942, 55.015978406643924], [10.455279195771128, 55.01374740726959], [10.453287136219476, 55.01038625637394], [10.453236528344984, 55.005894953956975], [10.453185933861821, 55.00140364855189], [10.453135352769989, 54.99691234015871], [10.453084785059117, 54.99242102876324], [10.453034230729207, 54.98792971436549], [10.452983689769903, 54.98343839695132], [10.452933162181205, 54.97894707652072], [10.450943349674823, 54.9755857756827], [10.447014252250755, 54.97335449443727], [10.441145852155323, 54.972252859907435], [10.433338149388529, 54.9722808720932], [10.425530436615313, 54.9723083840797], [10.41772271383568, 54.97233539586694], [10.411855600344577, 54.97123262998599], [10.407929096142004, 54.96900008643685], [10.407906028391546, 54.96675441302131], [10.411786397093202, 54.96449560973938], [10.415666331343367, 54.962236682327955], [10.419545831142045, 54.95997763078705], [10.421462096718717, 54.95660242869116], [10.421415128073384, 54.952111076040296], [10.419429279247309, 54.94874924582412], [10.415504550240492, 54.94651693804263], [10.409640924574877, 54.94541378012515]]]}}, {"type": "Feature", "properties": {"band": "light", "dbz": 30.0, "source": "OPERA-ORD", "time": "20260906232000"}, "geometry": {"type": "Polygon", "coordinates": [[[10.566699653905129, 55.016649162059686], [10.558883420344827, 55.01668522222484], [10.553036519687259, 55.01783489128775], [10.54915895193242, 55.02009816924843], [10.547250738993682, 55.02347542948225], [10.547311880871044, 55.027966671989205], [10.547373038947287, 55.03245791153743], [10.547434213222408, 55.03694914812691], [10.549435473629948, 55.04030874060733], [10.55337682016991, 55.042536688978714], [10.559258230889665, 55.04363261956646], [10.567079705789208, 55.04359653237056], [10.572929633192235, 55.04244647549785], [10.576808013098745, 55.040182448948315], [10.578714868338892, 55.0368048263915], [10.578650198912676, 55.032313607827426], [10.578585546610718, 55.0278223862997], [10.578520911433014, 55.023331161808315], [10.576518388054442, 55.01997194516625], [10.572577976475, 55.01774473637349], [10.566699653905129, 55.016649162059686]]]}}, {"type": "Feature", "properties": {"band": "light", "dbz": 30.0, "source": "OPERA-ORD", "time": "20260906232000"}, "geometry": {"type": "Polygon", "coordinates": [[[13.157029898094786, 54.941120931400135], [13.149234994385953, 54.941322870201255], [13.143476159782125, 54.94259573481165], [13.139753394283304, 54.94493952523133], [13.136030200848985, 54.94728320233355], [13.132306579479172, 54.94962676611832], [13.126546305586315, 54.95089854457578], [13.118749379170414, 54.951098537705924], [13.112988207971625, 54.9523699657189], [13.109262791989947, 54.95471282861472], [13.105536947742518, 54.95705557804799], [13.101810675229338, 54.95939821401872], [13.098083974311722, 54.96174073648538], [13.094356844989674, 54.96408314544797], [13.09266567513355, 54.96749760769769], [13.093010464743351, 54.971984123234535], [13.093355345469025, 54.976470634492756], [13.093700317310567, 54.980957141472345], [13.095910108924128, 54.98427240906108], [13.099984720309706, 54.98641643725893], [13.105924028846667, 54.987388854633274], [13.113728034535013, 54.987189661184104], [13.11949386683014, 54.985918478454145], [13.12322152573205, 54.9835753064434], [13.124911134726423, 54.98016051655688], [13.124562693813258, 54.97567410879459], [13.126251486459923, 54.97225921577004], [13.129977512666414, 54.9699158374832], [13.135740648709522, 54.96864360273615], [13.14354089458924, 54.968442511528906], [13.149303132265814, 54.96716992631698], [13.153027361739245, 54.964825847100364], [13.156751162881523, 54.9624816545868], [13.160474535692657, 54.960137348776286], [13.164197480311545, 54.957792929710294], [13.167919996738185, 54.955448397388814], [13.169604713100867, 54.95203298960949], [13.169251629399584, 54.94754670637232], [13.167038153149008, 54.9442326640652], [13.162964284349137, 54.94209086268812], [13.157029898094786, 54.941120931400135]]]}}, {"type": "Feature", "properties": {"band": "light", "dbz": 30.0, "source": "OPERA-ORD", "time": "20260906232000"}, "geometry": {"type": "Polygon", "coordinates": [[[12.000677220299846, 54.885858999125816], [11.996894047252214, 54.88816772250954], [11.993110444810487, 54.890476328241704], [11.989326412974664, 54.8927848163223], [11.985541951610696, 54.89509318670869], [11.981757060718584, 54.897401439400895], [11.977971740164255, 54.899709574356265], [11.97418598994771, 54.90201759157481], [11.970290539941452, 54.902080743112315], [11.966285390145481, 54.899899028968775], [11.962280676107858, 54.8977171813885], [11.958276397828582, 54.89553520037149], [11.952379173212401, 54.894506605390575], [11.944589002259315, 54.89463139644576], [11.936798786332453, 54.89475568871537], [11.929008525431815, 54.8948794821994], [11.92121821991739, 54.895002776888724], [11.91342786978918, 54.89512557278336], [11.905637475407202, 54.895247869874254], [11.897847036771454, 54.89536966816141], [11.892056641094488, 54.89658324345221], [11.888266288376302, 54.898888595746676], [11.884475505744705, 54.90119382993176], [11.880684293199696, 54.90349894600749], [11.874892514505945, 54.90471142044959], [11.867100169663448, 54.90483125325806], [11.861307506255681, 54.90604336749155], [11.857514524282648, 54.90834776315007], [11.855721297068033, 54.91174481177544], [11.855927824611843, 54.916234513367684], [11.85613440668752, 54.92072421140779], [11.856341043295064, 54.92521390589573], [11.856547734476607, 54.92970359684535], [11.856754480232148, 54.93419328425663], [11.85885939615053, 54.93753074775322], [11.862862482231757, 54.93971598733513], [11.868763664963861, 54.94074863106085], [11.876562944346844, 54.9406286789304], [11.882464975939136, 54.941660932258806], [11.886469759740734, 54.943845391046075], [11.890474980422175, 54.94602971654699], [11.89448063798346, 54.948213908761545], [11.900383886568443, 54.94924501474583], [11.908184726177128, 54.94912303449983], [11.913981868909744, 54.947908973334755], [11.91777531476629, 54.94560283125061], [11.921568329660323, 54.94329657106433], [11.925360913591845, 54.94099019277592], [11.931156668247691, 54.93977502985473], [11.938955593627869, 54.93965108230075], [11.944859094656593, 54.9406803084632], [11.948867171333866, 54.94286270834207], [11.94897539959661, 54.94510746342557], [11.945183779444829, 54.9474145737137], [11.941391728280099, 54.949721565981406], [11.93759924610242, 54.95202844022869], [11.937707531563476, 54.95427319176299], [11.941716584663261, 54.95645582058431], [11.945726075011098, 54.958638315854934], [11.949736002606983, 54.960820677574866], [11.953746367569451, 54.9630029056972], [11.957757169898503, 54.96518500022195], [11.96366454769706, 54.96621302783919], [11.971468500965123, 54.96608698854891], [11.977266184201067, 54.96486991769824], [11.981057597404895, 54.96256181528717], [11.984848579361088, 54.96025359497639], [11.988639130069647, 54.95794525676591], [11.992429249665374, 54.95563680069854], [11.996218938148271, 54.9533282267743], [12.00000819565312, 54.95101953503593], [12.003797022179917, 54.94871072548345], [12.007585417863414, 54.94640179815963], [12.011373382703614, 54.94409275306446], [12.015160916835244, 54.94178359024069], [12.018948020258303, 54.93947430968833], [12.022734693107497, 54.937164911450076], [12.026520935382822, 54.93485539552594], [12.028301145394083, 54.93145596415527], [12.028075323141278, 54.92696661733803], [12.025957246660806, 54.92363201234678], [12.021946915952666, 54.92145214918151], [12.017937021597515, 54.919272152283824], [12.013927563595356, 54.91709202165371], [12.011810908641014, 54.91375725957022], [12.01158705673448, 54.90926786603333], [12.0133670677906, 54.90586855386123], [12.017150941809366, 54.903559323053926], [12.020934386159166, 54.90124997465341], [12.024717400840007, 54.89894050865971], [12.024605130777246, 54.896695814431595], [12.02059757597089, 54.894515891969064], [12.01659045682716, 54.89233583586981], [12.01258377334606, 54.89015564613382], [12.008577525410049, 54.887975322807854], [12.004571713019123, 54.88579486589192], [12.000677220299846, 54.885858999125816]]]}}, {"type": "Feature", "properties": {"band": "light", "dbz": 30.0, "source": "OPERA-ORD", "time": "20260906232000"}, "geometry": {"type": "Polygon", "coordinates": [[[10.643424634600779, 54.926436631020316], [10.635625951718229, 54.92647759689991], [10.62979430371889, 54.92763094929721], [10.625929690602764, 54.9298966882122], [10.624032137190634, 54.93327518595898], [10.624101643482504, 54.937766442537566], [10.624171168143857, 54.94225769600317], [10.62424071117469, 54.94674894635579], [10.626243854938387, 54.95010732130208], [10.630180599434954, 54.95233282084202], [10.63605091979926, 54.95342507236389], [10.643854816031306, 54.95338407586769], [10.651658697188584, 54.9533425794572], [10.659462563271092, 54.95330058313242], [10.665334158848756, 54.95439170131935], [10.66927348392158, 54.95661593401799], [10.673213244925211, 54.95884003827166], [10.677153441859648, 54.961064014080364], [10.683026311902474, 54.96215399852113], [10.690831855053684, 54.96210999159398], [10.696666429758753, 54.960954002246034], [10.700530036017685, 54.9586860304773], [10.702422701438316, 54.955306448984054], [10.702344426020648, 54.9508152577663], [10.700335217003243, 54.94745804685549], [10.6963950743861, 54.94523481625161], [10.692455367380727, 54.94301145715311], [10.68851609598713, 54.94078796955996], [10.684577260081333, 54.93856435351779], [10.68063885966334, 54.936340609026594], [10.674769480044292, 54.93525022414844], [10.666969121224191, 54.93529319888333], [10.661100603481634, 54.934202433127375], [10.65716392681662, 54.93197792688056], [10.653227685373599, 54.92975329233799], [10.649291879152567, 54.927528529499675], [10.643424634600779, 54.926436631020316]]]}}, {"type": "Feature", "properties": {"band": "light", "dbz": 30.0, "source": "OPERA-ORD", "time": "20260906232000"}, "geometry": {"type": "Polygon", "coordinates": [[[10.58090541411799, 54.91776778604262], [10.57310835421023, 54.917804746334895], [10.565311281085759, 54.917841207196055], [10.557514194744574, 54.9178771686261], [10.551681565914585, 54.919026780950304], [10.547813394595792, 54.92129004416868], [10.545909702512885, 54.924667330511554], [10.545970489665862, 54.92915863997893], [10.546031292880379, 54.93364994633189], [10.546092112156431, 54.938141249570435], [10.548088311813375, 54.94150091618849], [10.552019891851206, 54.94372894618605], [10.55788683050643, 54.944824967035274], [10.565689127779043, 54.94478897873615], [10.57349141180316, 54.94475249063281], [10.581293682578774, 54.94471550272523], [10.587128866147715, 54.94356475653787], [10.59099696250998, 54.941300252070704], [10.592897994915525, 54.93792236184264], [10.592831963364349, 54.9334310858537], [10.592765949250996, 54.92893980674291], [10.592699952575467, 54.92444852451028], [10.590701201696243, 54.9210894890196], [10.586769696613326, 54.91886270027085], [10.58090541411799, 54.91776778604262]]]}}, {"type": "Feature", "properties": {"band": "light", "dbz": 30.0, "source": "OPERA-ORD", "time": "20260906232000"}, "geometry": {"type": "Polygon", "coordinates": [[[11.828544682549467, 54.91440244588361], [11.820750348150943, 54.914519313976825], [11.814954920378321, 54.915729224735244], [11.8111583992316, 54.91803217815888], [11.80936085625223, 54.92142854593034], [11.80956229144021, 54.9259183280496], [11.811662854157563, 54.92925661901031], [11.815662544404287, 54.931443418812464], [11.821561290567685, 54.932478355580514], [11.829359092647758, 54.932361429314454], [11.83515618225093, 54.931151117698626], [11.838952559377205, 54.92884742073303], [11.840748296505735, 54.92545071027702], [11.84054339363652, 54.92096098633059], [11.838441169088616, 54.91762309622729], [11.834441622862025, 54.9154370399671], [11.828544682549467, 54.91440244588361]]]}}, {"type": "Feature", "properties": {"band": "light", "dbz": 30.0, "source": "OPERA-ORD", "time": "20260906232000"}, "geometry": {"type": "Polygon", "coordinates": [[[10.39377267098633, 54.918516987720615], [10.385975341664661, 54.91854196134819], [10.38013775822736, 54.919683352981195], [10.376259920674425, 54.92194116261965], [10.374341843960773, 54.9253157625287], [10.374383528086407, 54.92980715270835], [10.376364999352502, 54.93316963505641], [10.380286257759058, 54.93540320957289], [10.386147288336169, 54.936507503799], [10.393948091083828, 54.936482517734724], [10.399787395837023, 54.93534074752312], [10.40366520259575, 54.93308219316419], [10.40558152719946, 54.92970722711324], [10.405536369648155, 54.925215849370275], [10.403553177066167, 54.92185374560081], [10.399631949453498, 54.91962091580481], [10.39377267098633, 54.918516987720615]]]}}, {"type": "Feature", "properties": {"band": "light", "dbz": 30.0, "source": "OPERA-ORD", "time": "20260906232000"}, "geometry": {"type": "Polygon", "coordinates": [[[10.362421945045838, 54.900648257412065], [10.35462805077433, 54.90067122177431], [10.348792165795626, 54.90181111253067], [10.344914290109728, 54.904067929681155], [10.342994437419007, 54.907442045288285], [10.343032607723467, 54.91193345935206], [10.345010583331469, 54.915296462079965], [10.348928364243015, 54.917531053472], [10.354785936741987, 54.91863686127219], [10.362583300828387, 54.91861388548055], [10.368420906571263, 54.91747361685185], [10.372298753970615, 54.915216055386054], [10.374216857610774, 54.91184157333597], [10.374175217491743, 54.90735017070158], [10.372195521119567, 54.903987545846014], [10.36827776849425, 54.901753698769305], [10.362421945045838, 54.900648257412065]]]}}, {"type": "Feature", "properties": {"band": "light", "dbz": 30.0, "source": "OPERA-ORD", "time": "20260906232000"}, "geometry": {"type": "Polygon", "coordinates": [[[10.905909220149992, 54.71926370354373], [10.902079791970182, 54.72153823558365], [10.898249936297663, 54.72381264613249], [10.894419653132434, 54.72608693519025], [10.890588942346385, 54.72836110271359], [10.88675780393951, 54.730635148702476], [10.884891182719233, 54.734017770686826], [10.884989078685551, 54.73850896866662], [10.885087000383615, 54.74300016316741], [10.885184947813428, 54.7474913541892], [10.883317091428282, 54.75087385462131], [10.879483431228177, 54.753147664463754], [10.8736839328246, 54.75431241346316], [10.865918596217545, 54.75436810161954], [10.85815323980455, 54.75442329263414], [10.850387863585611, 54.754477986506934], [10.844587037856218, 54.755641626319424], [10.84075076261637, 54.7579142120716], [10.83887907081186, 54.761296114044264], [10.838971962442683, 54.76578733223742], [10.840983851525252, 54.76914225087807], [10.844914738059572, 54.771360869966195], [10.848846056029053, 54.773579360494054], [10.8527778054337, 54.77579772246166], [10.856709986395055, 54.778015955823705], [10.86064259891312, 54.7802340605802], [10.864575643109449, 54.78245203668582], [10.868509118984042, 54.78466988414056], [10.87052409844301, 54.78802439316345], [10.870620581486353, 54.79251556375447], [10.870717089927249, 54.79700673095485], [10.870813623765695, 54.80149789476457], [10.868942114898497, 54.80488014686749], [10.865102563325651, 54.8071534872636], [10.861262582041608, 54.80942670577373], [10.857422171046368, 54.811699802397875], [10.857470044951155, 54.81394538268575], [10.86140620375597, 54.81616344663735], [10.865342795149374, 54.81838138182141], [10.869279819131364, 54.820599188237935], [10.869327718255592, 54.822844765172285], [10.865486492522056, 54.82511811262446], [10.861644836624986, 54.82739133813969], [10.857802750564385, 54.829664441717995], [10.857850674927487, 54.83191001531292], [10.861788609714294, 54.83412805892448], [10.865726977545904, 54.83634597371004], [10.869665778422316, 54.83856375966961], [10.871683573061297, 54.841918217812534], [10.871780361462847, 54.8464093481388], [10.873799034076551, 54.84976367227451], [10.877739590902413, 54.85198119021967], [10.883601997506293, 54.853061530585], [10.891386253888193, 54.85300469337052], [10.897249515917839, 54.85408465198403], [10.901191783595236, 54.85630140642554], [10.903213092237635, 54.85965532809054], [10.903313441845038, 54.86414641697905], [10.90533562986552, 54.86750020433731], [10.909279656299082, 54.86971669016533], [10.913224116739245, 54.871933046864726], [10.917169011186012, 54.87414927443548], [10.91919255183053, 54.877502918854134], [10.9192947386728, 54.88199398012068], [10.921319159865359, 54.88534749005817], [10.925265815408206, 54.887563448666604], [10.929212905431509, 54.88977927802562], [10.933160429935267, 54.89199497813523], [10.937108389041873, 54.89421054894973], [10.941056782751328, 54.89642599046911], [10.946927349802994, 54.89750326087609], [10.954720090196869, 54.89744236017066], [10.96053776722572, 54.89627374627771], [10.964380380889546, 54.89399741919722], [10.968222562898568, 54.891720970391816], [10.972064313252782, 54.889444399861496], [10.975905632082403, 54.88716770764999], [10.979746519387433, 54.884890893757316], [10.981612407136657, 54.88150698643306], [10.981503295330072, 54.877015985677225], [10.983368333395795, 54.873631958991616], [10.987207521333826, 54.87135490637624], [10.991101670489126, 54.87132322799278], [10.9950507808617, 54.87353692384124], [10.997080757527103, 54.876889264269764], [10.997191600485335, 54.88138024927833], [10.999222458871087, 54.88473245459618], [11.003173332684355, 54.88694588022332], [11.009044182478284, 54.88802015440762], [11.016835008252876, 54.88795527714909], [11.02270671387577, 54.88902916823545], [11.026659299346969, 54.891241827666725], [11.030612319510414, 54.89345435743141], [11.034565774366108, 54.89566675752948], [11.040438733209497, 54.89673951274027], [11.048231196040577, 54.896672623063736], [11.054046065044512, 54.895499541654615], [11.0578833402213, 54.89322026851289], [11.059743063141333, 54.88983517547118], [11.059625233804613, 54.88534426252946], [11.061484107953001, 54.881959050719516], [11.065319685586495, 54.87967954004132], [11.06915483212323, 54.87739990807962], [11.072989547563205, 54.87512015483442], [11.074847187713255, 54.87173482361576], [11.07472775257338, 54.86724391442365], [11.074608348914829, 54.862753001898994], [11.074488976737598, 54.85826208604177], [11.072453528272161, 54.854911035688886], [11.068502003518518, 54.85269985084036], [11.062634360433643, 54.8516281601739], [11.054850599017533, 54.85169596368952], [11.048983809445811, 54.85062388993661], [11.045033991718475, 54.84841193891517], [11.041084607552438, 54.846199858313724], [11.037135656947704, 54.84398764813227], [11.033187139782816, 54.84177530841651], [11.029239056057776, 54.83956283916644], [11.027208012073716, 54.836211111491124], [11.027094007830637, 54.831720125390554], [11.026980033608746, 54.82722913591479], [11.026866089408042, 54.822738143063845], [11.026752175205408, 54.8182471468236], [11.026638291000843, 54.813756147194084], [11.026524436771252, 54.80926514416124], [11.026410612516637, 54.80477413772504], [11.026296818213925, 54.800283127871445], [11.02618305386312, 54.795792114600445], [11.026069319441174, 54.79130109789796], [11.025955614948085, 54.786810077763995], [11.02584194036083, 54.78231905418449], [11.025728295679414, 54.77782802715945], [11.025614680880835, 54.7733369966748], [11.02550109596509, 54.76884596273053], [11.023474260514666, 54.7654940355103], [11.01953417452956, 54.7632812150141], [11.015594519920233, 54.7610682653109], [11.011655296686683, 54.75885518640067], [11.009629811492502, 54.75550311495205], [11.00951806433769, 54.751012050965016], [11.00940634654555, 54.74652098348053], [11.009294658116083, 54.742029912498595], [11.007270521643001, 54.738677696926544], [11.003333937126303, 54.73646433676437], [10.99748486536885, 54.735389462000796], [10.989723306370639, 54.73545307263581], [10.983929181298114, 54.7366233712188], [10.980102490151275, 54.73890035774975], [10.976275371224403, 54.74117722304678], [10.972447824517502, 54.7434539671099], [10.968619849901966, 54.74573058989576], [10.964791447377793, 54.74800709140438], [10.960962616816364, 54.750283471592404], [10.957133358217678, 54.752559730459836], [10.951336164993425, 54.75372818961823], [10.94357103714361, 54.753788849067554], [10.937721397833958, 54.75271137157651], [10.933787247064473, 54.75049575714509], [10.931768621398152, 54.74714237600407], [10.931665520834994, 54.74265122815345], [10.929647768972309, 54.73929771277011], [10.925715365810097, 54.737081829854056], [10.921783393254461, 54.73486581818717], [10.9178518513054, 54.73264967776944], [10.915835442135617, 54.72929601932959], [10.915734165745114, 54.72480484286762], [10.913718629222373, 54.72145105035842], [10.90978883256739, 54.71923464180198], [10.905909220149992, 54.71926370354373]]]}}, {"type": "Feature", "properties": {"band": "light", "dbz": 30.0, "source": "OPERA-ORD", "time": "20260906232000"}, "geometry": {"type": "Polygon", "coordinates": [[[10.978007289650249, 54.81303449207661], [10.974173086466157, 54.81531127046933], [10.970338453571012, 54.81758792738333], [10.966503390964808, 54.819864462818614], [10.964639380424652, 54.823248258600756], [10.96474642195054, 54.827739314729754], [10.962881564117689, 54.831122991125824], [10.959044806926098, 54.83339928778896], [10.953236112693265, 54.834567833569466], [10.945455481419188, 54.83462862846734], [10.939594092059785, 54.833551267490265], [10.935651944615056, 54.83133575063823], [10.933629075906246, 54.82798244906926], [10.933525485933355, 54.823491362783365], [10.935392106776199, 54.820108042366556], [10.93922893843478, 54.81783248781883], [10.945035944124452, 54.81666432817447], [10.952813123845214, 54.81660356343345], [10.958619257613258, 54.81543503699467], [10.96245434542858, 54.8131587488581], [10.966289003629438, 54.81088233922453], [10.970123232215833, 54.80860580809396], [10.974011357692346, 54.80857468261656], [10.97795338005898, 54.81078896279235], [10.978007289650249, 54.81303449207661]]]}}, {"type": "Feature", "properties": {"band": "light", "dbz": 30.0, "source": "OPERA-ORD", "time": "20260906232000"}, "geometry": {"type": "Polygon", "coordinates": [[[5.745645535919781, 54.620890617215565], [5.741547027599408, 54.62299567347164], [5.73926305050769, 54.626289388686644], [5.738793604644629, 54.63077176286057], [5.73832403598135, 54.635254131108994], [5.737854344517854, 54.63973649343192], [5.737384530160328, 54.64421884984161], [5.7369145929087715, 54.64870120033807], [5.73462848556569, 54.651994702769166], [5.7305262081310815, 54.6540993571349], [5.724607925844506, 54.65501479725297], [5.716873638705962, 54.65474102312335], [5.71095455093801, 54.655656057448354], [5.706850662540646, 54.657759900228], [5.704561807346373, 54.6610529176197], [5.704087985355189, 54.66553510962346], [5.703614039306916, 54.67001729571437], [5.703139969201555, 54.67449947589244], [5.704719177732543, 54.677929788386685], [5.708351664899883, 54.6803082331971], [5.714037597163799, 54.68163444387936], [5.721776974524288, 54.681908420433444], [5.727463798151068, 54.68323429253503], [5.731098068044139, 54.68561206018413], [5.7308621205767, 54.68785319213282], [5.726755955748753, 54.68995768838114], [5.7226493596566135, 54.69206204264637], [5.718542332300281, 54.694166254928504], [5.716252260703805, 54.697459467355], [5.715779144867187, 54.701941679925845], [5.71530590503524, 54.70642388665098], [5.714832541207964, 54.710906087530404], [5.712540939891583, 54.71419911238768], [5.708431101086097, 54.71630296122282], [5.704320830356244, 54.71840666790586], [5.700210127702027, 54.7205102324368], [5.697916994984085, 54.72380306957081], [5.6974414322024165, 54.728285179307896], [5.69902207190621, 54.73171554072928], [5.702658914095466, 54.73409415383498], [5.708352126008794, 54.73542065158114], [5.716101707646192, 54.73569503396776], [5.7220320165288685, 54.73478007592697], [5.72614305265682, 54.73267577745878], [5.73025365649865, 54.730571336874206], [5.734363828054363, 54.728466754173255], [5.740293048656361, 54.72755062989806], [5.748041318304645, 54.727822964048634], [5.75373535359417, 54.72914762316283], [5.757375154524936, 54.73152460724064], [5.761015374833402, 54.73390148282385], [5.764656014519569, 54.736278249912466], [5.768530720838081, 54.73641369096419], [5.772639493788935, 54.73430780597903], [5.776747834407933, 54.73220177905808], [5.780855742695072, 54.73009561020137], [5.78496321875576, 54.727989299457086], [5.789070262589997, 54.725882846825236], [5.793176874303193, 54.72377625235405], [5.797283053895352, 54.72166951604353], [5.801388801471887, 54.71956263794183], [5.8054941170328, 54.71745561804895], [5.807778353202716, 54.714160806925555], [5.808241509981636, 54.709678204571624], [5.808704545417768, 54.70519559648024], [5.809167459511114, 54.7007129826514], [5.811450170714614, 54.69741798526216], [5.815552679028266, 54.69531060431251], [5.81965475598775, 54.693203081740194], [5.823756401593063, 54.69109541754521], [5.827857615949489, 54.688987611775616], [5.831958399057026, 54.68687966443142], [5.837879249709485, 54.685958722394], [5.845620167906868, 54.686224785663335], [5.851540210041995, 54.68530343840155], [5.855639376114866, 54.68319468060862], [5.8558684067981925, 54.68095327709813], [5.852227302091974, 54.67857922787009], [5.848586615691055, 54.676205069931], [5.844946347595437, 54.67383080328088], [5.84130649766648, 54.671456427959285], [5.837667065904181, 54.66908194396621], [5.834028052169935, 54.666707351341216], [5.830389456463738, 54.664332650084305], [5.826751278647021, 54.66195784023499], [5.82311351871978, 54.65958292179327], [5.817426916660737, 54.6582615406984], [5.8096914724698925, 54.65799369695034], [5.8037740600512695, 54.65891327943747], [5.799674679404867, 54.66102028815978], [5.797393167907913, 54.664315089444045], [5.7969295255604045, 54.66879768329028], [5.796465761799866, 54.673280271331976], [5.796001876626296, 54.677762853569135], [5.793718842779697, 54.681057468488135], [5.789616660260068, 54.683164116088975], [5.785746960110517, 54.68302936987756], [5.782109742331043, 54.680653229853874], [5.778472942690058, 54.678276981383796], [5.774836561187559, 54.67590062446732], [5.769149239279554, 54.67457697471925], [5.761410976966044, 54.67430603213959], [5.753672811400538, 54.6740345951297], [5.745934742583036, 54.673762663689565], [5.740248880892075, 54.67243795017946], [5.736615226327655, 54.670060454599366], [5.736850078366242, 54.66781927728738], [5.740953437007836, 54.665714418243496], [5.746873302213051, 54.6647979209457], [5.754609673981887, 54.665069785393996], [5.760528732844831, 54.66415288241843], [5.764630478801882, 54.66204721201899], [5.768731794243257, 54.659941399913066], [5.772832679168955, 54.657835446100655], [5.778750652274618, 54.65691737954361], [5.786485713560246, 54.657187200241935], [5.792402880276207, 54.656268728333586], [5.796502152422498, 54.65416196381859], [5.800600994247842, 54.652055057753046], [5.804699405752238, 54.64994801013695], [5.810615485651871, 54.64902837522575], [5.818349233946741, 54.649296153019414], [5.824264507410714, 54.648376113083316], [5.82836130604379, 54.646268255417446], [5.828591552857221, 54.64402689444477], [5.824955247851005, 54.64165203016529], [5.821319360163889, 54.639277057369355], [5.817683889795871, 54.63690197605698], [5.814048836608666, 54.63452678626762], [5.8104142006022705, 54.63215148800126], [5.806548645190037, 54.63201740156166], [5.802452170371965, 54.63412452694882], [5.798355265681258, 54.63623151085741], [5.794257931117915, 54.63833835328743], [5.790392471242606, 54.63820377291184], [5.78675888605533, 54.635827769730625], [5.78312571792681, 54.633451658193756], [5.779492966857046, 54.631075438301245], [5.773811698767772, 54.62975202376127], [5.7660819136589865, 54.62948141457383], [5.760401533866107, 54.62815766147667], [5.75677055938913, 54.62578076446979], [5.753140001632974, 54.62340375924664], [5.7495098605976365, 54.62102664580723], [5.745645535919781, 54.620890617215565]]]}}, {"type": "Feature", "properties": {"band": "light", "dbz": 30.0, "source": "OPERA-ORD", "time": "20260906232000"}, "geometry": {"type": "Polygon", "coordinates": [[[7.7462799991106195, 54.56575415514128], [7.7385535395168805, 54.56560971063152], [7.730827131315271, 54.56546477196122], [7.723100774505792, 54.56531933913037], [7.717243099656035, 54.56633234116167], [7.713254106766003, 54.5685037780551], [7.711133707705827, 54.57183401717791], [7.710881902475508, 54.57632305853009], [7.712625442346949, 54.5797263994184], [7.716364327320148, 54.58204403984284], [7.720103633393189, 54.58436156457208], [7.723843360566072, 54.5866789736061], [7.725588039322094, 54.59008220814633], [7.725337669661259, 54.594571268192766], [7.723216586825342, 54.597901605787456], [7.7192247908143425, 54.60007322093037], [7.715358666694991, 54.600000194591246], [7.711618214467286, 54.59768252677006], [7.707878183646542, 54.59536474325098], [7.704138574232761, 54.59304684403402], [7.700399386094178, 54.59072882916067], [7.696660619230795, 54.58841069863094], [7.692922273510875, 54.58609245248628], [7.6891843489344165, 54.583774090726706], [7.685446845369712, 54.58145561339368], [7.68170976281676, 54.5791370204872], [7.677973101143875, 54.576818312048694], [7.6742368603510585, 54.57449948807814], [7.670372591901019, 54.57442501471819], [7.666380295793756, 54.57659489196884], [7.664255632140507, 54.57992429234844], [7.6639986009412695, 54.58441321585698], [7.6657385667704165, 54.58781721909669], [7.669475529627945, 54.59013630206757], [7.67321291367224, 54.59245526950386], [7.6769507189033, 54.59477412140555], [7.678691821261787, 54.59817801880016], [7.6784362207477015, 54.602666961687675], [7.678180553329209, 54.60715590027896], [7.677924819006309, 54.611644834574015], [7.677669017727811, 54.61613376458645], [7.677413149493715, 54.62062269031626], [7.679155714769902, 54.624026484526276], [7.682896713556374, 54.626345147216504], [7.688636235606404, 54.62757831035499], [7.6963742809199935, 54.627725973941736], [7.704112378613828, 54.62787314253905], [7.711850528687907, 54.62801981614694], [7.719588730791211, 54.628165994754774], [7.72732698492374, 54.62831167836257], [7.73506529073444, 54.62845686695979], [7.742803648223309, 54.628601560546414], [7.75054205703926, 54.62874575911199], [7.758280517182291, 54.62888946265651], [7.764145819856238, 54.627874771015875], [7.768137965061102, 54.625701684190076], [7.772129681244954, 54.62352846377925], [7.7761209684077945, 54.62135510978339], [7.781985092358582, 54.6203392770294], [7.789722053097316, 54.62048096551732], [7.795464221358563, 54.62170934845331], [7.799211597142325, 54.62402442583739], [7.802959395254737, 54.62633938709109], [7.8067076156957995, 54.628654232214416], [7.810456258597306, 54.630968961165635], [7.814205323959255, 54.633283573944766], [7.817954811913463, 54.63559807051011], [7.8217047224599305, 54.63791245086166], [7.825574605025611, 54.63798208349045], [7.8295644596105065, 54.63580696839647], [7.833553884963967, 54.63363171992833], [7.837542881085993, 54.631456338086025], [7.841412813066769, 54.63152547557658], [7.8451636809062935, 54.63383913239997], [7.845044588859075, 54.636083774479836], [7.841055536925112, 54.63825940181616], [7.837066055649226, 54.64043489579286], [7.833076145031415, 54.642610256409924], [7.829085804957256, 54.64478548362119], [7.825095035426749, 54.64696057742667], [7.81922851469283, 54.647978218293275], [7.8114862427555005, 54.64783840622101], [7.80574020805566, 54.646611064481206], [7.801990410593307, 54.64429619307385], [7.798241035900416, 54.64198120549143], [7.794492083976989, 54.639666101733965], [7.788747424595081, 54.63843767069171], [7.781007057754692, 54.63829591236467], [7.773266741579303, 54.63815365887412], [7.765526476068913, 54.63801091022006], [7.7596593833148155, 54.639025934734256], [7.755665463317011, 54.6411987324167], [7.755542047696641, 54.643443283587565], [7.759289136453703, 54.64575958824688], [7.7630366479815835, 54.64807577687276], [7.766784582280282, 54.65039184946519], [7.768535463169161, 54.6537944394853], [7.7682892906482195, 54.65828354693309], [7.7700409887055955, 54.66168602759032], [7.77379055734129, 54.664001881457004], [7.777540549233026, 54.66631761918449], [7.781290964380805, 54.66863324077278], [7.785041802916953, 54.670948746180116], [7.788793064841471, 54.67326413540649], [7.79254475028671, 54.675579408410115], [7.796296859252669, 54.677894565190996], [7.798051342121404, 54.68129671991027], [7.797808198892916, 54.68578587256794], [7.795688146937468, 54.689117429413685], [7.7916911862550595, 54.691291390447496], [7.785817402641824, 54.69230738681556], [7.778066796097762, 54.69216541851787], [7.772192179818106, 54.693181024409945], [7.768193553802854, 54.69535420449181], [7.764194496963985, 54.69752725073401], [7.760195009301498, 54.69970016313658], [7.756319355172551, 54.69962842629304], [7.752567534577145, 54.69731204020338], [7.748816137946222, 54.69499553798824], [7.745065165279782, 54.69267891964762], [7.739314529454985, 54.69144813867408], [7.7315642304718315, 54.69130319506762], [7.723813983454956, 54.69115775559733], [7.716063788404361, 54.691011820263206], [7.7101877719979965, 54.69202441510414], [7.706185934235865, 54.69419554012015], [7.704058186023197, 54.69752556409884], [7.703804527359992, 54.702014487040216], [7.703550802121679, 54.70650340585479], [7.703297010308259, 54.710992320542545], [7.703043151868641, 54.715481231117096], [7.7027892268028255, 54.71997013757846], [7.704537997866417, 54.723373521916756], [7.708289465059415, 54.72569138413202], [7.712041356882279, 54.7280091302971], [7.7157936733350105, 54.73032676041201], [7.719546414550854, 54.73264427443489], [7.723299580529812, 54.73496167236574], [7.72905559124162, 54.736192932717266], [7.736814446686281, 54.73633805548947], [7.744573353949845, 54.73648268177584], [7.752332313032314, 54.73662681157637], [7.758089709110361, 54.73785698064046], [7.761845542183987, 54.7401731889681], [7.765601800375713, 54.74248928099701], [7.769358483685537, 54.744805256727176], [7.773115592246686, 54.74712111611666], [7.776873126059158, 54.74943685916544], [7.778628951847114, 54.75283925709867], [7.778383069610557, 54.757328309916346], [7.78013971748479, 54.76073059825016], [7.783898895469811, 54.76304612210012], [7.789660690147375, 54.764274511800465], [7.797425101517481, 54.764415767351196], [7.805189563408902, 54.76455652600672], [7.81295407582164, 54.76469678776705], [7.81883768647857, 54.76367950992018], [7.822840395379693, 54.7615046924661], [7.824962117400013, 54.75817270510466], [7.825202852539528, 54.75368354783587], [7.825443524444645, 54.74919438658507], [7.825684133115365, 54.744705221352255], [7.827804438813238, 54.74137307501977], [7.831804441538263, 54.73919794758762], [7.835684628317532, 54.739267290203486], [7.839444999151046, 54.741581102867364], [7.843205795321257, 54.74389479892515], [7.846967016828165, 54.746208378376835], [7.852728317241832, 54.74743377427755], [7.860489696562258, 54.7475709866273], [7.866251875835887, 54.74879602599146], [7.870014855062719, 54.751108892370034], [7.871778551012863, 54.75450995531553], [7.871542963686319, 54.75899921482794], [7.873307483453229, 54.762400167464925], [7.877072110313594, 54.76471281322648], [7.8828369272241625, 54.7659367823593], [7.890601934184936, 54.76607207486338], [7.89836698953377, 54.766206870411914], [7.906132093270663, 54.7663411690049], [7.913897245039958, 54.76647497063254], [7.921662444841655, 54.76660827529482], [7.927429144386819, 54.76783041308758], [7.931197343675451, 54.77014138401081], [7.934965969227534, 54.77245223789059], [7.938735021043066, 54.77476297472691], [7.944503100743881, 54.77598401777278], [7.952270208329978, 54.776115367028176], [7.960037362918744, 54.77624621916644], [7.967804564510182, 54.77637657418755], [7.97557181274822, 54.77650643208199], [7.983339107632861, 54.776635792849746], [7.991106448808006, 54.776764656481376], [7.9988738362736544, 54.77689302297689], [8.004754479714629, 54.77586672654529], [8.008748379130926, 54.773685767186564], [8.012741845979619, 54.77150467471126], [8.016734880260707, 54.769323449119376], [8.020727482090672, 54.76714209045727], [8.024719651469518, 54.764960598724954], [8.026824947646453, 54.761625060670994], [8.02704337062148, 54.757135476295375], [8.027261736212267, 54.752645888053394], [8.027480044418816, 54.74815629594505], [8.02570358390868, 54.74475747511146], [8.021932354681862, 54.742449425552635], [8.018161551169877, 54.740141258692006], [8.01439117337273, 54.73783297452957], [8.012615880976119, 54.73443404428559], [8.012835673980044, 54.72994446796009], [8.013055409282593, 54.72545488771845], [8.013275086883763, 54.720965303560675], [8.0115009612367, 54.717566263970255], [8.007733032341408, 54.715257768947176], [8.003965528451422, 54.71294915675253], [8.000198449566744, 54.71064042738631], [7.996431795555333, 54.70833158089066], [7.992665566417193, 54.70602261726556], [7.988899762020303, 54.703713536553146], [7.9851343823646665, 54.701404338753406], [7.9813694273182945, 54.69909502390843], [7.977604896881184, 54.6967855920182], [7.973840790921374, 54.694476043124816], [7.970077109438864, 54.692166377228276], [7.968307441294504, 54.688766784001594], [7.968531786488295, 54.684277263444784], [7.9687560728593745, 54.6797877388773], [7.96898030040774, 54.675298210299154], [7.9692044691784645, 54.6708086776966], [7.9694285791715505, 54.66631914106962], [7.967660410566076, 54.66291944091781], [7.963899963362039, 54.66060957724117], [7.960139939707103, 54.65829959671363], [7.956380339601266, 54.65598949933522], [7.952621162912943, 54.65367928514787], [7.9488624096421345, 54.65136895415156], [7.945104079657279, 54.64905850638824], [7.941346172958378, 54.6467479418579], [7.937588689413895, 54.64443726060243], [7.9338316290238335, 54.64212646262183], [7.930074991656679, 54.63981554795799], [7.9263187773124315, 54.63750451661091], [7.924555046267143, 54.63410426493352], [7.92478379852081, 54.62961479292582], [7.92688980607419, 54.62628082025446], [7.9308730689272835, 54.624102346919436], [7.934855902914083, 54.62192374065186], [7.938838308034589, 54.61974500145171], [7.942820284403485, 54.61756612936503], [7.946801832020775, 54.615387124391816], [7.950782951001134, 54.61320798657805], [7.954763641344563, 54.61102871592374], [7.954876591650327, 54.60878394521947], [7.951121801918425, 54.60647367446524], [7.945377142185786, 54.60525267704711], [7.9376426124524135, 54.60512095296508], [7.931784626984458, 54.60614434804418], [7.927803185781917, 54.608322862284425], [7.9238213160474125, 54.61050124360888], [7.919839017780943, 54.612679492017534], [7.915971398228759, 54.612612879615575], [7.912218457390862, 54.61030140640299], [7.908465938740859, 54.607989816677744], [7.904713842278749, 54.605678110439854], [7.900962167873324, 54.603366287731056], [7.897210915524585, 54.60105434855136], [7.893460085101348, 54.59874229294249], [7.889709676603615, 54.59643012090444], [7.885959689900227, 54.594117832478915], [7.882210124991184, 54.59180542766593], [7.878460981745355, 54.589492906507175], [7.874712260162738, 54.587180269002644], [7.868972572895907, 54.58595564805517], [7.861241919944859, 54.58581904366474], [7.855384778261519, 54.586838741220966], [7.851401147845887, 54.58901474072384], [7.847417089324763, 54.591190607071], [7.84343260269815, 54.59336634026245], [7.839447687852045, 54.595541940252154], [7.835462344786448, 54.59771740704012], [7.831476573387356, 54.5998927405803], [7.827490373654767, 54.602067940872715], [7.823623894919157, 54.60199837681051], [7.819877137180526, 54.5996840483937], [7.816130801153729, 54.597369603852464], [7.812384886838767, 54.59505504318681], [7.80851845771198, 54.594984984482906], [7.80453151377337, 54.59715942774074], [7.800544141493792, 54.599333737629735], [7.796556340873245, 54.60150791414988], [7.790695661465738, 54.60252419304789], [7.7829621032712675, 54.60238257432378], [7.777223295555484, 54.601153884771335], [7.773479238318389, 54.598838124390554], [7.771729845588084, 54.59543566099989], [7.771975117364568, 54.590946494599336], [7.770226538877111, 54.5875439219206], [7.766484110125713, 54.58522794296369], [7.762742102605268, 54.582911848128944], [7.759000516315773, 54.58059563741635], [7.7572530796251655, 54.577192957900394], [7.757499792533446, 54.57270380958107], [7.755753168967562, 54.56930102091509], [7.752013208927513, 54.56698459190247], [7.7462799991106195, 54.56575415514128]]]}}, {"type": "Feature", "properties": {"band": "light", "dbz": 30.0, "source": "OPERA-ORD", "time": "20260906232000"}, "geometry": {"type": "Polygon", "coordinates": [[[9.92628396888889, 54.72150377968185], [9.918524392987758, 54.72149881206681], [9.910764819043798, 54.72149334769107], [9.90300524705701, 54.72148738655463], [9.8971825655673, 54.72260563023651], [9.893296774574667, 54.72484807873671], [9.889410554312658, 54.72709040175135], [9.885523904781277, 54.729332599280426], [9.879699940799629, 54.73044972297382], [9.871938662367715, 54.73044177283153], [9.86417738696292, 54.73043332580721], [9.856416114585246, 54.73042438190085], [9.848654845590811, 54.730414941113104], [9.84089357997962, 54.73040500344398], [9.833132318107795, 54.730394568894184], [9.825371059975337, 54.73038363746372], [9.819544966619597, 54.73149814876247], [9.815654038040577, 54.73373810279044], [9.81176267985457, 54.73597793099818], [9.807870892061576, 54.738217633385716], [9.802043519005323, 54.739331023507326], [9.794280560685813, 54.73931810136303], [9.788452330771255, 54.7404311162892], [9.78455882926165, 54.74267006828582], [9.782600047850647, 54.74603532757258], [9.782575986538248, 54.75052689414947], [9.784499535294476, 54.753898986423216], [9.788370694119326, 54.756151604393814], [9.794189471327266, 54.75728437764997], [9.801955866918297, 54.75729730619168], [9.80972226697158, 54.75730973748543], [9.81748867148712, 54.75732167153123], [9.823318204648327, 54.75620754290742], [9.827210866455205, 54.75396735161402], [9.831103098225284, 54.751727034506715], [9.834994899958563, 54.749486591585494], [9.83888627177921, 54.747246022894885], [9.842777213687224, 54.7450053284349], [9.84666772580675, 54.74276450825007], [9.850557808137793, 54.74052356234038], [9.856384344145251, 54.73940756244507], [9.864147333829129, 54.73941650856414], [9.86996614124996, 54.740545928744694], [9.873840766407746, 54.74279582298673], [9.875771204275898, 54.74616656151603], [9.875757454854416, 54.75065814433259], [9.875743701817436, 54.75514972379045], [9.875729945164956, 54.759641299889616], [9.877661664950113, 54.76301190804113], [9.881538861172904, 54.76526154824501], [9.88541648733625, 54.767511063732755], [9.889294543440153, 54.76976045450437], [9.893173029610104, 54.77200972051558], [9.897051945846101, 54.774258861766356], [9.902876345980955, 54.775386417389], [9.910646230014667, 54.77539238738352], [9.91647579526064, 54.77427378601327], [9.920365041718878, 54.77203061327825], [9.92425385782369, 54.7697873150436], [9.928142243575076, 54.76754389130935], [9.932026758116363, 54.76754612978094], [9.935907401447553, 54.76979403045836], [9.939788474918556, 54.77204180619055], [9.943669978529377, 54.7742894569775], [9.947551912405336, 54.77653698277483], [9.951434276546435, 54.77878438358256], [9.95531707107801, 54.78103165935628], [9.959200296000063, 54.78327881009599], [9.96502771712343, 54.78440338071226], [9.972799334448109, 54.7844053712051], [9.978628478184495, 54.783283786081476], [9.98251514833259, 54.781038625341395], [9.982516439720271, 54.77879284182079], [9.97863235234754, 54.77654643551964], [9.97474869528829, 54.77429990410564], [9.970865468542517, 54.772053247578796], [9.968925575661512, 54.76868413091544], [9.968929016645275, 54.76419255411556], [9.968932456724463, 54.75970097397318], [9.968935895899076, 54.75520939048828], [9.966997291190502, 54.751840142344875], [9.963116642598738, 54.74959322954295], [9.959236423618044, 54.74734619177126], [9.955356634248417, 54.7450990290298], [9.951477274364883, 54.74285174136289], [9.947598343967442, 54.74060432877051], [9.943719842931136, 54.73835679129697], [9.939841771255963, 54.73610912894228], [9.93790616917153, 54.73273949664725], [9.93791303667783, 54.72824789441187], [9.9359782920331, 54.724878135842985], [9.932101935237338, 54.72263022094058], [9.92628396888889, 54.72150377968185]]]}}, {"type": "Feature", "properties": {"band": "light", "dbz": 30.0, "source": "OPERA-ORD", "time": "20260906232000"}, "geometry": {"type": "Polygon", "coordinates": [[[5.839304975647572, 54.615155308588754], [5.835211937716895, 54.61726356484663], [5.832935896071001, 54.62055908493616], [5.832476850709888, 54.62504186885734], [5.832017685277305, 54.62952464694789], [5.831558399773251, 54.63400741920782], [5.833146963296805, 54.63743611542182], [5.836783375847967, 54.63981073558989], [5.840420205779017, 54.64218524718082], [5.844057453089958, 54.644559650194594], [5.843828053859685, 54.64680104400607], [5.8397320080882, 54.648909428615234], [5.835635532071683, 54.651017671841714], [5.831538625810131, 54.6531257736855], [5.831309106499021, 54.65536716170604], [5.834946974138353, 54.65774183590332], [5.838585259589518, 54.660116401486945], [5.842223962852518, 54.66249085845692], [5.845863084065854, 54.6648652067737], [5.849502623229527, 54.6672394464373], [5.853371006919026, 54.667372148952865], [5.857468235134354, 54.6652633143204], [5.861565032746635, 54.66315433834134], [5.86566139975587, 54.6610452210157], [5.869757336267286, 54.658935962391396], [5.8738528422808844, 54.65682656246845], [5.877947917901894, 54.6547170212948], [5.882042563130314, 54.652607338870446], [5.886136778071382, 54.65049751524327], [5.890230562725094, 54.64838755041328], [5.8925038279161495, 54.645091057331896], [5.892956573644545, 54.6406080359991], [5.89136327471183, 54.63718002945573], [5.887723931118007, 54.63480703770178], [5.882038701914167, 54.6334886945632], [5.874307587100311, 54.633225000039964], [5.868623245668116, 54.63190631743016], [5.864985677617582, 54.629532646733765], [5.861348526714219, 54.6271588673966], [5.857711792958029, 54.624784979418656], [5.854075476210982, 54.62241098283939], [5.850439576473078, 54.62003687765879], [5.8468040936063215, 54.61766266391633], [5.843169027610713, 54.61528834161199], [5.839304975647572, 54.615155308588754]]]}}, {"type": "Feature", "properties": {"band": "light", "dbz": 30.0, "source": "OPERA-ORD", "time": "20260906232000"}, "geometry": {"type": "Polygon", "coordinates": [[[5.901114114490494, 54.59815002543591], [5.893389583234891, 54.59788757723656], [5.885665145274978, 54.59762463553784], [5.877940800610759, 54.59736120033973], [5.87203382608187, 54.598284175539646], [5.867944221688311, 54.600393561137565], [5.865671828040885, 54.603689722873334], [5.86521664513959, 54.60817266074693], [5.864761343227633, 54.612655592800365], [5.8643059223050145, 54.617138519033624], [5.86589663201793, 54.6205668041316], [5.869533472366379, 54.622940448094276], [5.875216603019956, 54.62425908489541], [5.882946023978661, 54.62452271453499], [5.888856178078573, 54.623599489759755], [5.892947065319689, 54.6214894105697], [5.897037523050811, 54.61937919033202], [5.9011275512719426, 54.61726882904672], [5.905217150088101, 54.615158326761566], [5.90930631949929, 54.61304768347657], [5.911575958056275, 54.609750795883336], [5.912026065759059, 54.605267663981856], [5.910432434737412, 54.60183988590723], [5.906795064991336, 54.599467461659465], [5.901114114490494, 54.59815002543591]]]}}, {"type": "Feature", "properties": {"band": "light", "dbz": 30.0, "source": "OPERA-ORD", "time": "20260906232000"}, "geometry": {"type": "Polygon", "coordinates": [[[9.340826034763282, 54.57711790159416], [9.336923647357152, 54.57934249793135], [9.33302083354895, 54.58156696702851], [9.329117593338674, 54.58379130888564], [9.323299340488317, 54.5848817040495], [9.315566074997879, 54.584838152520106], [9.307832825151698, 54.58479410613471], [9.300099590949777, 54.5847495648933], [9.294280091858537, 54.58583883757883], [9.29037432787798, 54.588061924191294], [9.288382271678667, 54.591419193111456], [9.2883039232606, 54.59591064433931], [9.290179308248423, 54.599290557840575], [9.294008426642135, 54.60155893361523], [9.297837969900314, 54.603827187475424], [9.301667938022957, 54.60609531942115], [9.303544559143644, 54.60947510923921], [9.303467833262376, 54.613966556929626], [9.305345295599057, 54.617346225701034], [9.309176946153688, 54.619614115553446], [9.313046552314686, 54.61963615773756], [9.316954114082053, 54.617412352253375], [9.318945405579196, 54.61405472023641], [9.31902042680612, 54.60956326168666], [9.32101085511157, 54.60620549776511], [9.32491669049555, 54.60398142847175], [9.330737959132803, 54.60289068521267], [9.338474661023326, 54.60293326798789], [9.344295084320816, 54.601842147243794], [9.348199229025266, 54.59961732298039], [9.350187069821589, 54.59625916378323], [9.350258606709783, 54.59176766965233], [9.350330124880294, 54.587276171851634], [9.35040162433312, 54.58278467038114], [9.348522337661237, 54.57940559059081], [9.344692264864642, 54.57713893248064], [9.340826034763282, 54.57711790159416]]]}}, {"type": "Feature", "properties": {"band": "light", "dbz": 30.0, "source": "OPERA-ORD", "time": "20260906232000"}, "geometry": {"type": "Polygon", "coordinates": [[[7.3442948282958564, 54.32386035623321], [7.336615141696175, 54.32369032062438], [7.330782446468598, 54.324684679532965], [7.326796742613127, 54.32684343295897], [7.324657928642465, 54.33016694523715], [7.324366004556613, 54.33465521636751], [7.324074004619957, 54.339143482556956], [7.323781928832499, 54.34363174380549], [7.321641704635263, 54.346955090933676], [7.317653332028247, 54.34911352394153], [7.313811487682993, 54.34902771772606], [7.310116171599499, 54.34669767228726], [7.306421269845305, 54.344367513362386], [7.30272678242041, 54.34203724095143], [7.299032709194478, 54.339706855094775], [7.29533905016751, 54.33737635579243], [7.291645805209192, 54.3350457430848], [7.287952974319522, 54.33271501697186], [7.2841120871578715, 54.332628249924426], [7.280123143724238, 54.33478544194251], [7.276133778111618, 54.336942499385614], [7.272143990320012, 54.33909942225375], [7.266307882513601, 54.340090369670236], [7.258625454692389, 54.33991534163506], [7.252788537014444, 54.340905898267124], [7.248797129479767, 54.34306203956642], [7.244805299549239, 54.34521804613968], [7.24081304722286, 54.3473739179869], [7.236820372391641, 54.34952965506222], [7.232827275055581, 54.351685257365645], [7.228833755105692, 54.35384072485129], [7.22483981254197, 54.35599605751915], [7.220845447255424, 54.358151255323335], [7.216850659246054, 54.360306318263845], [7.212855448404862, 54.36246124629476], [7.2088598147318494, 54.364616039416084], [7.203018521047545, 54.365603892857685], [7.195331567351948, 54.365424806619565], [7.187644676541973, 54.36524522916659], [7.1799578486176205, 54.365065160498766], [7.174115420315727, 54.366051874568754], [7.170117391636293, 54.36820537137655], [7.166118939910827, 54.37035873306384], [7.162120065139334, 54.37251195963062], [7.156276503046628, 54.373497533957284], [7.148588253632711, 54.37331545604383], [7.142743881402117, 54.37430063840434], [7.138743386354845, 54.37645308103882], [7.138587366716787, 54.37869694101679], [7.142275822487945, 54.381032218338255], [7.1459646930546405, 54.38336738271043], [7.149653978416874, 54.38570243413332], [7.15134289899459, 54.38911382347282], [7.15103145478779, 54.39360155072894], [7.14887452926916, 54.39692172998563], [7.1448721224386995, 54.39907436124289], [7.140869291795346, 54.401226857176454], [7.1368660373390975, 54.403379217786316], [7.132862358960936, 54.40553144302636], [7.128858256660861, 54.407683532896606], [7.124853730329852, 54.4098354873509], [7.1208487799679085, 54.41198730638924], [7.116843405466008, 54.41413898996551], [7.112837606824149, 54.41629053807967], [7.108831383933307, 54.4184419506856], [7.104824736793482, 54.42059322778327], [7.104666630554768, 54.42283701792644], [7.108357065217167, 54.425173321115125], [7.112047915651972, 54.427509511371845], [7.115739181859184, 54.4298455886966], [7.115580993273029, 54.43208937388186], [7.111573349893503, 54.43424086692762], [7.107565281823414, 54.43639222439967], [7.103556789062758, 54.43854344629803], [7.101393809906777, 54.441862823688886], [7.101076344355472, 54.44635035657224], [7.10276396627053, 54.44976230117304], [7.106456675651949, 54.45209865749127], [7.110149801451829, 54.45443490081575], [7.1138433436701725, 54.456771031146474], [7.115532058484011, 54.460182875562914], [7.115215945893349, 54.464670434065084], [7.114899750891548, 54.46915798767526], [7.114583473478611, 54.47364553639344], [7.116273282469471, 54.47705728057462], [7.119969177864132, 54.47939322021878], [7.123665490373607, 54.48172904674687], [7.1273622199979005, 54.48406476015888], [7.131059366869472, 54.48640036041425], [7.134756930988325, 54.488735847512984], [7.1384549124869485, 54.491071221414494], [7.142153311365343, 54.49340648211877], [7.1458521277560285, 54.49574162958525], [7.149551361659004, 54.4980766638139], [7.153251013206818, 54.5004115847641], [7.156951082399471, 54.50274639243587], [7.158645180860622, 54.50615761862867], [7.158333308590276, 54.510645263342525], [7.1580213549117735, 54.51513290326717], [7.157709319825116, 54.519620538402606], [7.157397203268215, 54.524108168762154], [7.15708500524107, 54.528595794345826], [7.15677272568153, 54.53308341516692], [7.156460364589594, 54.53757103122544], [7.156147921903046, 54.54205864253474], [7.155835397621886, 54.54654624909481], [7.1575314977369695, 54.5499573867186], [7.161236222248297, 54.55229205540612], [7.166949680560952, 54.553549888415105], [7.174671872674936, 54.553730885745566], [7.180386205367312, 54.55498836951216], [7.18409267863808, 54.55732233971489], [7.187799571086332, 54.55965619635214], [7.191506882712071, 54.56198993942391], [7.197222609038193, 54.56324634413495], [7.204946750064699, 54.56342541048528], [7.212670954382841, 54.56360398295018], [7.220395221992619, 54.56378206152964], [7.228119552545891, 54.563959646210854], [7.2358439460426585, 54.56413673699381], [7.243568402134738, 54.564313333865755], [7.251292920822129, 54.56448943682669], [7.25701107572302, 54.56574330196832], [7.26072286683741, 54.56807492929063], [7.264435077588203, 54.57040644272276], [7.268147707975398, 54.57273784226471], [7.2738672542775324, 54.57399062706327], [7.281593716494606, 54.574164797118456], [7.289320240310968, 54.574338473103765], [7.297046825726616, 54.57451165501918], [7.304773472392927, 54.574684342852265], [7.312500180309904, 54.574856536602994], [7.320226949128884, 54.575028236258945], [7.327953778849864, 54.57519944182013], [7.333822081516548, 54.57420563564569], [7.3378318571289345, 54.57204681773561], [7.34184120480312, 54.56988786470856], [7.345850124539107, 54.56772877656452], [7.3498586164483815, 54.56556955334991], [7.353866680530944, 54.56341019506473], [7.356016046911976, 54.560086436953284], [7.356306715591478, 54.55559827901559], [7.356597308345761, 54.55111011649294], [7.356887825174828, 54.54662194938534], [7.355175618409193, 54.54321349491896], [7.351460688048854, 54.54088475309381], [7.345743136055606, 54.53963535713193], [7.338022962429449, 54.53946530703331], [7.332159407692281, 54.54045960696398], [7.328152471844102, 54.54261825692393], [7.324145108728314, 54.54477677180426], [7.320137318344916, 54.546935151604956], [7.314272611018912, 54.5479283080909], [7.306550986750302, 54.5477562412621], [7.300834104262966, 54.54650500566976], [7.297121963556904, 54.544174601313884], [7.295414460631167, 54.5407653950012], [7.295711595485756, 54.536277386731705], [7.296008652769103, 54.53178937380516], [7.296305632481213, 54.52730135622156], [7.298457452495233, 54.52397851132089], [7.302464112811164, 54.52182083910317], [7.3083257172474205, 54.52082797305018], [7.316042265804006, 54.52099991316193], [7.323758874974018, 54.52117135990423], [7.331475544757458, 54.52134231327709], [7.339192274807268, 54.52151277326823], [7.346909065123449, 54.521682739877654], [7.352769186379772, 54.5206879805391], [7.3567726385762375, 54.518528495252575], [7.3589193199668195, 54.515204650581275], [7.359209230551518, 54.5107164465252], [7.359499065500047, 54.50622823781698], [7.359788824812405, 54.501740024456595], [7.361934083777678, 54.49841601492773], [7.365934842395866, 54.49625620923038], [7.369935174969466, 54.49409626878197], [7.37393508149848, 54.491936193582504], [7.376078919619008, 54.48861201932239], [7.37636668933105, 54.48412374600163], [7.376654384018213, 54.47963546799946], [7.376942003680497, 54.47514718531589], [7.375230972866177, 54.4717389734642], [7.371521291575252, 54.46941083244439], [7.367812027729242, 54.46708257738376], [7.364103181328147, 54.464754208282315], [7.364247300037329, 54.46251007018209], [7.368244383856786, 54.460350163083106], [7.374095532806787, 54.45935406197228], [7.381800746887329, 54.45952176684961], [7.38950601986603, 54.45968897915237], [7.397211351742889, 54.45985569888053], [7.403061350899191, 54.458858457576476], [7.407056017334936, 54.4566972552402], [7.40919525161557, 54.453372457783544], [7.409479053741091, 54.4488840652065], [7.411617405078175, 54.44555912081118], [7.4156103056268226, 54.44339762459758], [7.41960278146056, 54.44123599400599], [7.4235948325793855, 54.43907422903645], [7.425731770200666, 54.43574912061425], [7.4260135943244, 54.43126066873941], [7.426295345075151, 54.42677221213519], [7.4265770224529195, 54.42228375080157], [7.424863972501747, 54.41887620456912], [7.421156195221636, 54.416549573437855], [7.41744883422911, 54.41422282821199], [7.413741889524168, 54.41189596889154], [7.4100353609760745, 54.4095689955172], [7.406329248584827, 54.40724190808897], [7.402623552219713, 54.404914706647546], [7.398918271880734, 54.402587391192924], [7.397207929505815, 54.399179528980646], [7.397492525094957, 54.3946911200107], [7.397777046663129, 54.39020270623576], [7.398061494210331, 54.38571428765582], [7.400197360182981, 54.38238949873246], [7.404184644581081, 54.380228339465674], [7.408171505808099, 54.37806704598551], [7.412157943864035, 54.37590561829198], [7.412299637550072, 54.373661391625205], [7.40859658686621, 54.37133436598518], [7.404893951348268, 54.36900722641652], [7.401191730996248, 54.36667997291922], [7.397489925679862, 54.36435260553387], [7.3937885353991115, 54.362025124260455], [7.390087560023738, 54.359697529139545], [7.386386999553739, 54.357369820171144], [7.382686853858886, 54.35504199739577], [7.378987122939177, 54.35271406081343], [7.375287806664406, 54.35038601046465], [7.371588905034575, 54.348057846349434], [7.3678904179195035, 54.34572956850826], [7.36419234531919, 54.34340117694115], [7.360494687103485, 54.34107267168857], [7.356797443272389, 54.33874405275052], [7.3550931110523905, 54.33533556622318], [7.355381690443491, 54.33084721210654], [7.353678153003205, 54.32743861979557], [7.349982498731533, 54.32510978929028], [7.3442948282958564, 54.32386035623321]]]}}, {"type": "Feature", "properties": {"band": "light", "dbz": 30.0, "source": "OPERA-ORD", "time": "20260906232000"}, "geometry": {"type": "Polygon", "coordinates": [[[9.385166003006123, 54.58521230125148], [9.377432619389964, 54.58517270863168], [9.37161513536186, 54.58626570602722], [9.367713550921817, 54.588491293438075], [9.365727841728942, 54.591849839267226], [9.36565800778324, 54.59634134351465], [9.367539817533975, 54.59972005902706], [9.371373270981147, 54.60198598580445], [9.377158392489525, 54.603138755253994], [9.38489518205911, 54.60317836737571], [9.39071439299448, 54.602085011230564], [9.394616025295639, 54.59985868681855], [9.39660005544251, 54.596499762737864], [9.396666483435096, 54.59200823898851], [9.394782946777093, 54.58862988222572], [9.390949445468499, 54.58636469244949], [9.385166003006123, 54.58521230125148]]]}}, {"type": "Feature", "properties": {"band": "light", "dbz": 30.0, "source": "OPERA-ORD", "time": "20260906232000"}, "geometry": {"type": "Polygon", "coordinates": [[[8.051482876152138, 54.32842354248404], [8.04380012251215, 54.32829870830883], [8.03798439515035, 54.32932738695749], [8.03403569406673, 54.331509578430015], [8.030086571355426, 54.33369163830784], [8.02613702701643, 54.33587356659096], [8.02218706093736, 54.338055363234275], [8.018236673118215, 54.34023702823775], [8.016153186451096, 54.343572814296564], [8.015936600936, 54.34806272141071], [8.013852245173151, 54.35139836577139], [8.009900119162548, 54.35357974737859], [8.006056758431152, 54.35351606372495], [8.002322162978961, 54.35120731481048], [7.998587983604833, 54.34889844973095], [7.994854220308765, 54.34658946848637], [7.989144464191655, 54.345370565022996], [7.981458715253507, 54.345241739340835], [7.973773011564035, 54.345112422362355], [7.9660873531232355, 54.34498261408756], [7.960267296930418, 54.346007518407305], [7.956312842985579, 54.34818713532157], [7.954223913591009, 54.351521829896384], [7.9540005087467085, 54.356011602131765], [7.953777045803035, 54.36050136984468], [7.953553524759989, 54.364991133035126], [7.9514632183708684, 54.36832567060177], [7.947506126635673, 54.37050498254461], [7.941682327731665, 54.37152870352021], [7.933991821658844, 54.37139683352857], [7.928280700530785, 54.3701753236765], [7.924548964347489, 54.367864173964], [7.920817644468486, 54.36555290834238], [7.917086740893777, 54.36324152681165], [7.913356253494843, 54.36093002941294], [7.909626182271688, 54.35861841614625], [7.905896527095816, 54.356306687052694], [7.902167287967227, 54.35399484213226], [7.898323409563655, 54.3539277026906], [7.894364891885097, 54.35610526872771], [7.892270518012147, 54.35943886845355], [7.8920402879448055, 54.363928501868116], [7.893790155269053, 54.36732936869922], [7.89752011998489, 54.36964146894685], [7.901250501050663, 54.371953453364455], [7.904981298466374, 54.37426532195205], [7.906732301768418, 54.37766608029907], [7.906503510956795, 54.38215572840552], [7.90627466060484, 54.38664537200466], [7.906045750712554, 54.391135011096495], [7.907797891309163, 54.39453566089929], [7.911531082394669, 54.39684732141303], [7.915264690519631, 54.399158865970065], [7.918998715684052, 54.4014702945704], [7.92273315801684, 54.40378160717279], [7.926468017517993, 54.406092803777234], [7.930203294316451, 54.408403884342505], [7.933938988412212, 54.41071484886859], [7.935693884112849, 54.41411516978651], [7.9354679814183635, 54.418604847096276], [7.9333733903912815, 54.421939025962274], [7.929410111031602, 54.42411770638452], [7.9235782224669045, 54.42514052243096], [7.915877724697188, 54.42500747410158], [7.9081772738791605, 54.42487393343349], [7.900476870012824, 54.42473990042667], [7.894643809710919, 54.42576158308593], [7.890678092973446, 54.42793898141125], [7.88857963921158, 54.43127246131673], [7.888348448425321, 54.43576202280237], [7.888117197388364, 54.440251579854134], [7.88788588610071, 54.44474113247201], [7.885786045257619, 54.44807445446974], [7.88181767485909, 54.450251545847316], [7.877965438657072, 54.45018374936675], [7.874229336651563, 54.447871065028046], [7.870493652772581, 54.44555826476129], [7.866758387020124, 54.44324534856649], [7.862906198726961, 54.44317705947048], [7.858937087893093, 54.445353397473255], [7.854967552515509, 54.447529602821795], [7.85099759259421, 54.449705675516114], [7.847027208016521, 54.4518816155106], [7.8430563987824415, 54.454057422805256], [7.840952687967911, 54.457390043715336], [7.84071607557293, 54.461879478240824], [7.8386114874138135, 54.46521195571622], [7.834638923490564, 54.467387476141525], [7.830665934463967, 54.469562863744464], [7.8266925203340225, 54.47173811852504], [7.824586539507316, 54.47507043735313], [7.824347991983847, 54.47955982022874], [7.826096995610317, 54.48296159274673], [7.829833550386727, 54.48527575490712], [7.835557739653167, 54.48650194016156], [7.843269563409637, 54.48664014851005], [7.850981435766023, 54.48677786371537], [7.858693356722324, 54.48691508577752], [7.8644189068145, 54.4881401856959], [7.86815808604255, 54.49045316347051], [7.871897684484491, 54.49276602520593], [7.875637702140322, 54.495078770902154], [7.8813646125052115, 54.49630278505583], [7.88907841557916, 54.49643806766696], [7.894806191754145, 54.49766172736291], [7.898547941030167, 54.499973764143675], [7.9022901098223395, 54.5022856847418], [7.9060326981306615, 54.50459748915726], [7.911761834082958, 54.50582006243209], [7.919477517679227, 54.505953404566284], [7.927193248214744, 54.50608625326723], [7.934909025689507, 54.50621860853492], [7.9426248497559016, 54.50635047035987], [7.950340720413928, 54.50648183874206], [7.956071708262535, 54.50770259303061], [7.959817813301724, 54.510012733225494], [7.9615789569881485, 54.51341262620615], [7.961355139321811, 54.51790227197257], [7.9611312631957905, 54.522391913472376], [7.9609073286100855, 54.52688155070558], [7.96068333552007, 54.53137118368591], [7.960459283925742, 54.53586081241338], [7.962221913096799, 54.53926059802869], [7.965971223033238, 54.54157054053182], [7.971707292129009, 54.542790272643536], [7.979430120384112, 54.54291979436382], [7.985167056896017, 54.544139170869755], [7.988918101664726, 54.54644840216137], [7.992669567292903, 54.54875751679385], [7.996421453780549, 54.5510665147672], [8.002159750030302, 54.55228480236977], [8.009884456042165, 54.552412379601556], [8.01562361993622, 54.55363031126744], [8.019377241712467, 54.55593859736743], [8.021145244897664, 54.559337605339785], [8.020927629491805, 54.5638273351845], [8.022696449773543, 54.56722623203987], [8.026451705742875, 54.56953429590591], [8.030207383223285, 54.57184224290414], [8.033963482214766, 54.57415007303456], [8.037720002847719, 54.57645778625536], [8.041476945122142, 54.57876538256655], [8.047220449809565, 54.57998153301032], [8.054950516909985, 54.58010623758665], [8.060801263398723, 54.57907712866712], [8.064772689275781, 54.576894206251744], [8.068743687565094, 54.574711151590435], [8.072714258266666, 54.5725279646832], [8.078563815648042, 54.57149771944439], [8.086292359709226, 54.571620415873966], [8.09402094712391, 54.57174261792152], [8.1017495778921, 54.57186432558706], [8.107597945372646, 54.570832944416175], [8.111566049565546, 54.568648474408874], [8.11553372641291, 54.56646387236816], [8.119500975914733, 54.564279138294026], [8.12534815270256, 54.56324662157851], [8.133075256776392, 54.56336632222161], [8.138921603168033, 54.56233341904891], [8.142887191877481, 54.560147912060415], [8.146852353477934, 54.557962273190334], [8.150817087969392, 54.555776502438675], [8.15666224281485, 54.55474246433197], [8.164387818014305, 54.55486015887022], [8.172113434751743, 54.55497735922599], [8.179839093027159, 54.55509406539926], [8.185683055538467, 54.554058892746326], [8.189645322285665, 54.5518718412672], [8.191725823371542, 54.54853327852492], [8.191924558796092, 54.5440432045195], [8.19400418314564, 54.54070450096006], [8.197964696420184, 54.53851716784659], [8.2038061680992, 54.537480837796494], [8.211528598182689, 54.53759551080975], [8.217369239828827, 54.53655879517257], [8.221328093037615, 54.534370690884955], [8.223405089206778, 54.531031565331205], [8.223600228336318, 54.52654141851131], [8.225676349121247, 54.52320215244502], [8.229633451561567, 54.521013767132345], [8.233590127935209, 54.518825250408476], [8.237546378242174, 54.51663660227342], [8.24150220259749, 54.514447822772624], [8.245457601001155, 54.51225891190607], [8.251294094319892, 54.51122026992186], [8.259011682553705, 54.51133189681997], [8.26672931007249, 54.511443030092074], [8.274446976876249, 54.51155366973817], [8.28028227653172, 54.51051389560084], [8.284235209038902, 54.508323707680056], [8.286305708323049, 54.50498347310289], [8.28649377438416, 54.50049319186934], [8.286681791371588, 54.49600290649428], [8.286869759285334, 54.491512616977744], [8.285082554177812, 54.48811744370212], [8.281320176049022, 54.48581738666742], [8.277558217878182, 54.48351721202258], [8.27379667966529, 54.48121691976762], [8.272010641152864, 54.47782163404831], [8.272200102340905, 54.47333135486466], [8.270414881167055, 54.46993595627258], [8.266654977631314, 54.467635438272055], [8.260920458180298, 54.46642943423877], [8.253211322814003, 54.46631794417272], [8.245502226924467, 54.46620596109287], [8.237793170511683, 54.466093484999206], [8.231962779924604, 54.46713149382724], [8.228011055163229, 54.46931998757695], [8.224058905553145, 54.47150835005309], [8.220106331094351, 54.47369658125566], [8.214274751340973, 54.47473345877616], [8.206564166293012, 54.47461898261459], [8.200731759494875, 54.47565547521178], [8.196777530946566, 54.47784293656772], [8.192822877313276, 54.48003026649918], [8.188867798595004, 54.48221746500616], [8.185012144728283, 54.48215948015465], [8.181255915713116, 54.47985631194464], [8.179477599176538, 54.476459671729586], [8.17967719511855, 54.4719695595095], [8.17789969427136, 54.46857280712459], [8.174145096634968, 54.46626941457485], [8.16841347219584, 54.46505901530644], [8.160704820953974, 54.46494160931932], [8.152996211269354, 54.46482371036782], [8.145287643141977, 54.46470531845192], [8.13955736500413, 54.463493830623804], [8.135805376855814, 54.46118924688346], [8.132053807747539, 54.45888454616524], [8.128302657679306, 54.45657972846916], [8.12257372641166, 54.45536715250657], [8.1148670139446, 54.45524681827749], [8.109138944491455, 54.454033886368975], [8.105389518052226, 54.451728356781004], [8.103618662135833, 54.44833059590009], [8.103826376742276, 54.443840603726215], [8.102056333883848, 54.44044273129557], [8.098308533560546, 54.438136978608156], [8.094561151633554, 54.43583110915069], [8.090814188102874, 54.43352512292317], [8.089045297542638, 54.430127139976555], [8.089254479952846, 54.425637160310856], [8.089463607892842, 54.42114717629374], [8.089672681362622, 54.41665718792521], [8.089881700403616, 54.41216719519149], [8.090090665015822, 54.40767719809257], [8.088323264277667, 54.40427910562474], [8.084579498189152, 54.40197291778797], [8.080836149589052, 54.3996666133319], [8.077093218477367, 54.39736019225653], [8.077198039484706, 54.39511519461422], [8.081150612611072, 54.39293162040498], [8.085102762702505, 54.39074791461135], [8.089054489759002, 54.38856407723334], [8.091134672555121, 54.38522714681652], [8.091343311090862, 54.38073712336091], [8.091551895363093, 54.37624709548491], [8.091760425371815, 54.371757063188554], [8.089994378500988, 54.368358974201115], [8.08625375475061, 54.366052828522605], [8.082513547623508, 54.36374656631495], [8.078773757119682, 54.36144018757814], [8.07700885703154, 54.35804198813494], [8.077218847359083, 54.35355196798537], [8.07742878311146, 54.34906194336602], [8.077638664288669, 54.34457191427691], [8.075874909658193, 54.3411736044402], [8.072137519220028, 54.338867013855904], [8.068400544718083, 54.336560306869956], [8.06466398615236, 54.33425348348235], [8.060927843395156, 54.331946543734325], [8.057192116446473, 54.32963948762587], [8.051482876152138, 54.32842354248404]]]}}, {"type": "Feature", "properties": {"band": "light", "dbz": 30.0, "source": "OPERA-ORD", "time": "20260906232000"}, "geometry": {"type": "Polygon", "coordinates": [[[9.246133339035442, 54.57544105934222], [9.238401938432375, 54.575392571252955], [9.232582124084859, 54.57647887400986], [9.228673895992896, 54.57869996761293], [9.228631774988914, 54.580945678401434], [9.232455761072911, 54.58321600637538], [9.236280171456796, 54.585486212729535], [9.240105006140567, 54.5877562974639], [9.243930265250338, 54.59002626053534], [9.247755948786114, 54.59229610194386], [9.25162293388959, 54.592320107489186], [9.255531220560771, 54.59009827717135], [9.257526219521527, 54.586741644167766], [9.257607930771862, 54.58225020847844], [9.255736349632015, 54.57886969382206], [9.251911476101988, 54.57660010019859], [9.246133339035442, 54.57544105934222]]]}}, {"type": "Feature", "properties": {"band": "light", "dbz": 30.0, "source": "OPERA-ORD", "time": "20260906232000"}, "geometry": {"type": "Polygon", "coordinates": [[[10.40567078673985, 54.55016106040662], [10.397943880508201, 54.550186770868606], [10.392159317067332, 54.55132878523971], [10.388317096417243, 54.55358710351992], [10.386417233637612, 54.556962093756674], [10.386459728728447, 54.56145375594998], [10.388424183988617, 54.564816255935455], [10.392310599418128, 54.56704959371313], [10.396175331640466, 54.56703698103847], [10.400018380655633, 54.56477841791147], [10.40386100525084, 54.56251973179743], [10.40770320542609, 54.56026092269635], [10.411544981305855, 54.55800199065166], [10.41538633289014, 54.555742935663375], [10.41536381647563, 54.553497107420824], [10.411477432062327, 54.55126450592403], [10.40567078673985, 54.55016106040662]]]}}, {"type": "Feature", "properties": {"band": "light", "dbz": 30.0, "source": "OPERA-ORD", "time": "20260906232000"}, "geometry": {"type": "Polygon", "coordinates": [[[10.436290580074454, 54.52310331647784], [10.428568803966872, 54.52313098418914], [10.42278891939632, 54.52427446904983], [10.418950926362795, 54.52653377105991], [10.417054841100278, 54.52990925795628], [10.417100663608764, 54.534400929738936], [10.417146498096312, 54.538892597800896], [10.417192344562917, 54.54338426214217], [10.419158454638854, 54.54674627238256], [10.423044828324125, 54.54897862852207], [10.426907842741299, 54.54896503334068], [10.430747497890376, 54.54670548683837], [10.434586729117296, 54.54444581752263], [10.43842553642206, 54.54218602539346], [10.442263919929074, 54.5399261104942], [10.446101879638338, 54.537666072824855], [10.447996251258866, 54.53429022489925], [10.447947034790657, 54.529798566717375], [10.445979686949475, 54.52643692387538], [10.442094207735321, 54.52420529637325], [10.436290580074454, 54.52310331647784]]]}}, {"type": "Feature", "properties": {"band": "light", "dbz": 30.0, "source": "OPERA-ORD", "time": "20260906232000"}, "geometry": {"type": "Polygon", "coordinates": [[[7.045321415604242, 54.443871384962385], [7.0413088982274665, 54.44602051872559], [7.039140458353842, 54.44933875533551], [7.038816095983371, 54.453826094792156], [7.038491649079718, 54.45831342928206], [7.038167117642882, 54.4628007588052], [7.035997241936826, 54.46611882636496], [7.03198202196155, 54.468267631961346], [7.0261215714012675, 54.469246809922], [7.018415890255978, 54.46905636024692], [7.012554626620967, 54.47003514425111], [7.008537780496234, 54.472183161934595], [7.006365237304496, 54.47550077895735], [7.006036997045752, 54.47998799531938], [7.007718022369036, 54.48340122627655], [7.011408313274349, 54.48574047182885], [7.0171079844512585, 54.48700536612933], [7.024817035899765, 54.487195909178006], [7.032526154388772, 54.48738595946507], [7.040235339918278, 54.487575516990546], [7.0479445921428425, 54.48776458174085], [7.055653911062466, 54.487953153715964], [7.061516331402563, 54.486972549204715], [7.065531853163137, 54.48482276820709], [7.067700363658759, 54.48150417663463], [7.068021862889432, 54.47701677448735], [7.068343278333208, 54.47252936742464], [7.068664609990086, 54.4680419554465], [7.066979486452876, 54.46462947092642], [7.063287907721577, 54.46229191386439], [7.0595967454773385, 54.459954243968994], [7.05590599972016, 54.457616461240235], [7.054221966683293, 54.45420387702179], [7.054544646366735, 54.44971649131365], [7.0528614082295, 54.446303803364884], [7.049172252271587, 54.44396581317549], [7.045321415604242, 54.443871384962385]]]}}, {"type": "Feature", "properties": {"band": "light", "dbz": 30.0, "source": "OPERA-ORD", "time": "20260906232000"}, "geometry": {"type": "Polygon", "coordinates": [[[6.876128109030558, 54.41150219911025], [6.868433887938457, 54.41130219444427], [6.862577279949915, 54.41227370766514], [6.85855828506493, 54.41441673877287], [6.854538865881825, 54.41655963337236], [6.850519022400597, 54.418702391463604], [6.844661292153253, 54.41967276019503], [6.836965675139789, 54.41947073956664], [6.829270129259437, 54.419268227199034], [6.821574654512196, 54.419065223092204], [6.815715802854176, 54.42003444696554], [6.8116935742853775, 54.42217589881902], [6.8095078470792405, 54.42548994354958], [6.809158621235764, 54.42997658115721], [6.808809304451497, 54.43446321357784], [6.808459896726438, 54.438949840811475], [6.810122908500696, 54.44236578212278], [6.813798339774271, 54.44471103751174], [6.817474186515468, 54.447056181052126], [6.821150448724286, 54.44940121274396], [6.820976028685709, 54.4516445310858], [6.816950926399734, 54.453786136077646], [6.812925398834362, 54.45592760426231], [6.808899445989593, 54.45806893563978], [6.806711492467015, 54.46138289946296], [6.806361538266628, 54.465869495731866], [6.808025401855381, 54.469285451297345], [6.811703083233274, 54.47163076615941], [6.8173947046234, 54.47290507483576], [6.825100266025757, 54.47310837732641], [6.8309661448990795, 54.472138997480364], [6.834992341243366, 54.46999693529761], [6.837178733662747, 54.46668255628775], [6.837525322157223, 54.46219586045078], [6.839710823171617, 54.458881329746674], [6.843735236705928, 54.45673896417544], [6.849598683692987, 54.455768398399606], [6.857301164132793, 54.45596963241917], [6.862992278930987, 54.4572420738628], [6.866672028087568, 54.459585722730495], [6.868340291496549, 54.463000944386756], [6.86799706915793, 54.46748773883159], [6.86966612472252, 54.47090285811019], [6.8733474581903184, 54.47324630222258], [6.8790411894404935, 54.47451770560324], [6.886747318473045, 54.47471706825219], [6.894453517597686, 54.474915938385095], [6.9021597868144156, 54.47511431600193], [6.909866125778468, 54.475312201088514], [6.917572534489839, 54.475509593644844], [6.923436522136388, 54.47453570805077], [6.927458088718113, 54.47239054430632], [6.929637116356154, 54.4690744680445], [6.929973605050507, 54.46458747926529], [6.932151742399698, 54.46127125206719], [6.936171528403726, 54.459125786450194], [6.940190889090797, 54.45698018450366], [6.944209824460912, 54.45483444622759], [6.948228334622662, 54.452688571668425], [6.95224641957605, 54.45054256082614], [6.9581063484638825, 54.44956670259281], [6.965808121286161, 54.44976099696842], [6.9716672387359555, 54.44878474452575], [6.975683700813267, 54.44663794526481], [6.977857391667938, 54.44332096457903], [6.978188311299968, 54.43883380246842], [6.976511840564697, 54.43542006366813], [6.972827979462124, 54.43307974817817], [6.967136843728898, 54.43181249079158], [6.959438433365019, 54.43161829150835], [6.951740091443227, 54.431423600252785], [6.944041817963521, 54.43122841702487], [6.9363436132694565, 54.43103274183853], [6.928645477361032, 54.43083657469376], [6.922956257431939, 54.42956751892845], [6.919275953482178, 54.42722557454259], [6.915596064793544, 54.424883517967054], [6.911916591366036, 54.42254134920184], [6.906228765043201, 54.42127122160529], [6.8985325858250395, 54.421073135177394], [6.892845629163192, 54.41980266167302], [6.88916789505766, 54.41745980109217], [6.885490575897822, 54.41511682846212], [6.8818136716836795, 54.412773743782864], [6.876128109030558, 54.41150219911025]]]}}, {"type": "Feature", "properties": {"band": "light", "dbz": 30.0, "source": "OPERA-ORD", "time": "20260906232000"}, "geometry": {"type": "Polygon", "coordinates": [[[6.9966158936032175, 54.45053325216864], [6.988913848645108, 54.45034092672497], [6.983054556557107, 54.45131828543593], [6.979038017339217, 54.453465328301526], [6.9768641154198505, 54.45678242074222], [6.976532850799007, 54.46126956275803], [6.978210697325372, 54.4646832069929], [6.981897654998946, 54.46702335344684], [6.987593839504514, 54.46828963651266], [6.995299250842078, 54.46848205619035], [7.001160341334178, 54.46750437906964], [7.005177110980814, 54.46535660515051], [7.007349444924978, 54.462039100066036], [7.0076773431666695, 54.45755186381622], [7.005997698236204, 54.454138537991106], [7.002310510133583, 54.451799122590685], [6.9966158936032175, 54.45053325216864]]]}}, {"type": "Feature", "properties": {"band": "light", "dbz": 30.0, "source": "OPERA-ORD", "time": "20260906232000"}, "geometry": {"type": "Polygon", "coordinates": [[[10.58930055325849, 54.423630306876156], [10.581597609480884, 54.42366775415837], [10.575835998688369, 54.424818575887585], [10.572015720880946, 54.427082772063784], [10.572047350485269, 54.429328610894146], [10.57593088750134, 54.431556092378685], [10.57981484716192, 54.43378344741962], [10.583699229467015, 54.436010676016956], [10.583730875562424, 54.438256510941855], [10.579909785448145, 54.44052095219432], [10.574146068399358, 54.441671412699606], [10.56643972441606, 54.44170789245771], [10.560675157812348, 54.44285798675612], [10.556852368588222, 54.44512169559482], [10.55497137817924, 54.448499385768855], [10.555032186585404, 54.45299105727822], [10.55700523404674, 54.456350869991184], [10.560890520563248, 54.458578823907764], [10.566688024678225, 54.459674552044625], [10.574397746391668, 54.459638054401765], [10.580163979997183, 54.458487584274266], [10.58398672549477, 54.456223141662115], [10.587809049555005, 54.45395857709973], [10.591630952177892, 54.451693890587116], [10.595452433487482, 54.449429082167214], [10.599273493483775, 54.44716415184002], [10.60309413229081, 54.444899099648474], [10.606914349908582, 54.44263392559256], [10.610734146461114, 54.440368629715216], [10.614553521948405, 54.43810321201642], [10.614520188339297, 54.43585738638883], [10.610634145633792, 54.43363115283245], [10.606748525608676, 54.431404792711895], [10.602863328263947, 54.42917830602718], [10.59897855348051, 54.42695169282238], [10.595094201258366, 54.42472495309749], [10.58930055325849, 54.423630306876156]]]}}, {"type": "Feature", "properties": {"band": "light", "dbz": 30.0, "source": "OPERA-ORD", "time": "20260906232000"}, "geometry": {"type": "Polygon", "coordinates": [[[11.945506310409868, 54.427327011326796], [11.937804998578349, 54.42745119672051], [11.932081721867617, 54.42866663796731], [11.928336480277673, 54.43097333506718], [11.928442362133186, 54.433218300148525], [11.932399367434153, 54.43540153321135], [11.93635679687924, 54.437584634476536], [11.940314650468444, 54.43976760394412], [11.944272928315282, 54.44195044156868], [11.948231630419746, 54.444133147350215], [11.954063278359627, 54.44516188446455], [11.96176787213492, 54.44503665291167], [11.967492272034647, 54.44382008380534], [11.971236478058806, 54.44151217714559], [11.971128855724135, 54.43926724695277], [11.967169405030635, 54.43708529322686], [11.963210378492903, 54.4349032075833], [11.959251776110936, 54.432720990022084], [11.955293597771371, 54.43053864058859], [11.951335843474208, 54.428356159282814], [11.945506310409868, 54.427327011326796]]]}}, {"type": "Feature", "properties": {"band": "light", "dbz": 30.0, "source": "OPERA-ORD", "time": "20260906232000"}, "geometry": {"type": "Polygon", "coordinates": [[[10.542726284539373, 54.396897321607135], [10.535028319700686, 54.39693178738901], [10.52733034293217, 54.39696576083004], [10.519632354233828, 54.39699924193024], [10.513872752064252, 54.39814710349185], [10.510051536423447, 54.40040934551489], [10.508168726899616, 54.403786334299724], [10.508224323492758, 54.408278069846354], [10.510191370180255, 54.41163868037768], [10.514069866962105, 54.413868165893696], [10.51794878587471, 54.416097525262714], [10.52182812691807, 54.41832675848474], [10.521856368411116, 54.42057261836227], [10.518033510353849, 54.42283510489534], [10.514210231500561, 54.425097469295494], [10.510386531851257, 54.42735971156273], [10.50656241128245, 54.429621831654096], [10.502737869794144, 54.4318838295696], [10.4969732109929, 54.433030599823766], [10.489268434878717, 54.43306214241661], [10.483502927670486, 54.434208545938716], [10.479676689368207, 54.43646981039009], [10.477789738440748, 54.439846302481826], [10.47784207488811, 54.4443380222139], [10.47980837453546, 54.447699105949404], [10.483688637382796, 54.44992955368833], [10.489482844943016, 54.45102899853137], [10.497190997216121, 54.45099744047854], [10.504899138197418, 54.45096538935637], [10.512607267886905, 54.45093284516488], [10.518374005033628, 54.449785329530464], [10.522199349637589, 54.44752284245313], [10.52408332161037, 54.44414575082456], [10.52402592095197, 54.439654054644755], [10.525909057175033, 54.436276840974045], [10.52973273027956, 54.43401410981241], [10.533555982396704, 54.43175125655273], [10.537378813526464, 54.429488281195006], [10.541201223792456, 54.42722518378215], [10.545023213194678, 54.42496196431418], [10.548844781856733, 54.42269862283402], [10.552665929778618, 54.42043515934167], [10.556486657083916, 54.418171573880045], [10.560306963772627, 54.41590786644914], [10.564126849968313, 54.41364403709183], [10.567946315670975, 54.41138008580813], [10.567915561465684, 54.40913423466404], [10.56403458735244, 54.40690648365954], [10.560154035205192, 54.40467860635513], [10.556273905023941, 54.402450602750804], [10.552394196689665, 54.40022247289053], [10.548514910202366, 54.39799421677431], [10.542726284539373, 54.396897321607135]]]}}, {"type": "Feature", "properties": {"band": "light", "dbz": 30.0, "source": "OPERA-ORD", "time": "20260906232000"}, "geometry": {"type": "Polygon", "coordinates": [[[10.71161123794594, 54.369064741430336], [10.70391862741941, 54.36911000513847], [10.698168079076881, 54.37026668161391], [10.694359592918351, 54.372534770856674], [10.692493195527689, 54.37591463881688], [10.692568886904892, 54.380406285494516], [10.690701659572508, 54.38378603284361], [10.686891513530533, 54.38605388086417], [10.683080947880857, 54.388321607516396], [10.679269962623483, 54.3905892128003], [10.675458557634663, 54.392856696673185], [10.671646732914397, 54.395124059135064], [10.667834488338926, 54.39739130014322], [10.66402182390825, 54.399658419697644], [10.662151712227251, 54.403037801451525], [10.662224153295927, 54.407529445404855], [10.662296613237537, 54.412021085403026], [10.662369092052076, 54.416512721446054], [10.664349157233568, 54.41987079187784], [10.66823680878201, 54.42209529669839], [10.674032021183063, 54.42318586935736], [10.681734794436727, 54.42314250985474], [10.68753084326936, 54.42423270671412], [10.691420167680967, 54.42645645993549], [10.695309914758578, 54.4286800862752], [10.699200084502191, 54.43090358573326], [10.703090677030524, 54.43312695826549], [10.706981692343572, 54.43535020387187], [10.710873130560058, 54.43757332250822], [10.714764991679985, 54.43979631417453], [10.718617604100974, 54.43977339432464], [10.722430967823017, 54.437504562958544], [10.724297998637855, 54.43412435884909], [10.724218696545488, 54.429632781996276], [10.726084895347679, 54.42625245741451], [10.72989659504443, 54.42398338510379], [10.733707874347562, 54.42171419150524], [10.737518733257073, 54.419444876618876], [10.741329171897233, 54.417175440487384], [10.745139190268045, 54.41490588311078], [10.748990083329378, 54.414881989274306], [10.75288185108123, 54.41710375897797], [10.754869051314252, 54.42046042461343], [10.754951684028438, 54.42495198618069], [10.756939739135117, 54.428308519776024], [10.760833216634289, 54.430530025399456], [10.766632087454903, 54.43161613642776], [10.774336351596954, 54.43156685286095], [10.780093033615096, 54.430406822517604], [10.783902133509331, 54.428136045397714], [10.785763681182914, 54.42475488811785], [10.78567767663585, 54.42026335067803], [10.78559169448821, 54.4157718092728], [10.785505734739996, 54.41128026390218], [10.785419797374168, 54.40678871455205], [10.785333882390722, 54.402297161222414], [10.785247989772635, 54.39780560389917], [10.78516211951991, 54.39331404258231], [10.78317377144789, 54.38995786048183], [10.779282945556577, 54.38773705759772], [10.773489612041143, 54.386651267804076], [10.765793770901594, 54.38670049110088], [10.760042501480246, 54.38786012185858], [10.756235803777106, 54.390130160077156], [10.75242868648994, 54.392400077185975], [10.748621149618753, 54.39466987318504], [10.742868585306951, 54.395828404256925], [10.735170993554531, 54.39587567040166], [10.7293780118836, 54.39478803276544], [10.725489640294157, 54.39256549134827], [10.723505906592143, 54.38920841237923], [10.72342681077756, 54.38471679585831], [10.723347735543719, 54.38022517532822], [10.723268680890618, 54.37573355078898], [10.721286250975352, 54.37237633128359], [10.71740044579792, 54.370153516812046], [10.71161123794594, 54.369064741430336]]]}}, {"type": "Feature", "properties": {"band": "light", "dbz": 30.0, "source": "OPERA-ORD", "time": "20260906232000"}, "geometry": {"type": "Polygon", "coordinates": [[[10.40398450285896, 54.379475178747455], [10.396289713987754, 54.37950076971294], [10.388594916312236, 54.37952586855938], [10.380900109832409, 54.37955047528677], [10.373205294893488, 54.379574589893366], [10.365510471495478, 54.37959821237917], [10.359749024598536, 54.38073870087352], [10.355920954202665, 54.38299605537644], [10.352092463711955, 54.38525328722895], [10.348263553126408, 54.38751039643107], [10.344434222323574, 54.38976738293977], [10.34060447130345, 54.39202424675508], [10.340623410483623, 54.3942701555401], [10.34449103986409, 54.39650510929485], [10.348359090722933, 54.398739937619965], [10.35222756306015, 54.40097464051546], [10.354181174385769, 54.40433789348319], [10.354219924699784, 54.408829696523185], [10.35425868511004, 54.41332149565077], [10.354297455616539, 54.41781329086596], [10.356252351522079, 54.42117640773529], [10.360123372826658, 54.423410846258754], [10.363994816289077, 54.42564515921031], [10.367866681909335, 54.42787934658995], [10.371738969807463, 54.43011340835382], [10.37561167998346, 54.432347344501935], [10.379463719766157, 54.43233527095973], [10.383295089155553, 54.43007718772722], [10.387126037407976, 54.42781898183583], [10.39095656452343, 54.42556065328556], [10.396723433071017, 54.42441867786361], [10.404426643050739, 54.42439305557001], [10.410192664487568, 54.4232507127707], [10.414021497381505, 54.42099164946571], [10.413999156588224, 54.41874576425797], [10.410125642107724, 54.41651305714746], [10.404338122865925, 54.41540951160283], [10.396636598862827, 54.415435127624086], [10.390849918490073, 54.41433120851664], [10.386978081747664, 54.41209775428052], [10.386956595140468, 54.40985186202735], [10.39078545866849, 54.40759353175713], [10.394613901620849, 54.40533507892267], [10.398441923997545, 54.40307650352398], [10.402269525921389, 54.40081780560408], [10.40609670739238, 54.39855898516297], [10.409923468533313, 54.39630004224365], [10.413749809344187, 54.394040976846114], [10.415640258922734, 54.390665546799696], [10.415594817268952, 54.38617375210438], [10.413637046655186, 54.382811486883725], [10.409766947081437, 54.38057875113772], [10.40398450285896, 54.379475178747455]]]}}, {"type": "Feature", "properties": {"band": "light", "dbz": 30.0, "source": "OPERA-ORD", "time": "20260906232000"}, "geometry": {"type": "Polygon", "coordinates": [[[6.820585055327048, 54.3572206188737], [6.816569324856998, 54.35936228155089], [6.814387481355013, 54.36267646836942], [6.814039524821094, 54.367163179329296], [6.8118567947396755, 54.370477214568766], [6.807839291110758, 54.37261857408783], [6.80198713546475, 54.37358689351458], [6.79430032780165, 54.373382172849], [6.788447366239321, 54.37435009762774], [6.784428250777766, 54.37649066785082], [6.784252881003219, 54.37873397795583], [6.787921256915684, 54.38108002794281], [6.793599685885328, 54.38235543827337], [6.80128816791215, 54.382560208947524], [6.808976721531816, 54.382764488389675], [6.816665346744323, 54.382968276599826], [6.824354043207875, 54.38317157356348], [6.8320428109224745, 54.38337437928063], [6.839731649546276, 54.383576693736856], [6.847420559079281, 54.38377851693217], [6.853273079873525, 54.38280798991253], [6.857289211929007, 54.38066511267794], [6.861304920567045, 54.37852209906785], [6.865320205787637, 54.376378949082266], [6.869335067698308, 54.37423566276745], [6.873349506299058, 54.37209224012341], [6.873520600626864, 54.369848800965], [6.869848350681727, 54.367505345292216], [6.864169374753452, 54.36623324617364], [6.856483672842035, 54.36603250360928], [6.848798041386857, 54.365831270008414], [6.841112480387914, 54.36562954537105], [6.835434895742721, 54.36435637695721], [6.831765287451278, 54.362011764766905], [6.828096092619685, 54.35966704088759], [6.824427311247944, 54.35732220531926], [6.820585055327048, 54.3572206188737]]]}}, {"type": "Feature", "properties": {"band": "light", "dbz": 30.0, "source": "OPERA-ORD", "time": "20260906232000"}, "geometry": {"type": "Polygon", "coordinates": [[[6.941030226280097, 54.36821366303451], [6.933343830050152, 54.368017831260424], [6.925657502568987, 54.367821508379194], [6.9179712438365994, 54.36762469439081], [6.91212208582939, 54.36859865034869], [6.908110028547357, 54.37074337625281], [6.905934954312523, 54.374059236526456], [6.905596863124885, 54.378546231169615], [6.907265637929299, 54.381960886996], [6.9109412787257645, 54.384303204005604], [6.91662390330725, 54.38557281758939], [6.9243135116737555, 54.385769727747366], [6.932003188897438, 54.385966146559305], [6.939692934978299, 54.3861620740252], [6.945543569377268, 54.38518705266211], [6.9495550920943465, 54.38304108247003], [6.951727386740105, 54.37972452810439], [6.9520604533145445, 54.375237389565186], [6.95038859605009, 54.37182325995207], [6.9467118149467435, 54.36948213926507], [6.941030226280097, 54.36821366303451]]]}}, {"type": "Feature", "properties": {"band": "light", "dbz": 30.0, "source": "OPERA-ORD", "time": "20260906232000"}, "geometry": {"type": "Polygon", "coordinates": [[[10.605720548855874, 54.3617836316609], [10.601907755206557, 54.36404879875178], [10.59809454233642, 54.366313844206246], [10.594280910245462, 54.36857876802428], [10.590466858810487, 54.37084357016317], [10.586652388031492, 54.37310825062292], [10.586684759644235, 54.375354108611916], [10.590563973648713, 54.377581144130154], [10.594443608996357, 54.379808053311514], [10.598323665687166, 54.382034836155995], [10.600296511600737, 54.3853940772509], [10.60036214673707, 54.38988577659621], [10.59848691219072, 54.393264089187845], [10.594670807961691, 54.39552901502581], [10.590854283733712, 54.39779381910871], [10.58703733950679, 54.400058501436554], [10.585160876938577, 54.40343668898159], [10.585224896029082, 54.40792838174383], [10.587198229458568, 54.411287728735864], [10.591080877227041, 54.41351472995771], [10.594963947217575, 54.415741604731416], [10.598847439430175, 54.41796835305696], [10.602731353983833, 54.42019497489032], [10.60661569087855, 54.422421470231484], [10.61240930417993, 54.42351500887943], [10.620112193887973, 54.42347559083416], [10.625872072090429, 54.422322929944194], [10.6296889387873, 54.420057026209534], [10.633505385009883, 54.41779100080733], [10.63732141075818, 54.41552485373758], [10.641137016156037, 54.41325858504309], [10.644952201203463, 54.41099219472386], [10.646824415368247, 54.407613172465716], [10.64675365865039, 54.403121518268684], [10.646682920352706, 54.39862986010511], [10.64661220047519, 54.394138197974996], [10.646541499003838, 54.389646531864244], [10.646470815938645, 54.38515486177283], [10.644494205414263, 54.38179638074291], [10.640611667430688, 54.3795710887745], [10.636729550843302, 54.377345670288925], [10.632847855652102, 54.375120125286195], [10.628966581738654, 54.3728944538103], [10.625085729102953, 54.37066865586123], [10.621205297626576, 54.36844273148293], [10.617325287309525, 54.3662166806754], [10.613445698033381, 54.3639905034826], [10.609566529798148, 54.3617641999045], [10.605720548855874, 54.3617836316609]]]}}, {"type": "Feature", "properties": {"band": "light", "dbz": 30.0, "source": "OPERA-ORD", "time": "20260906232000"}, "geometry": {"type": "Polygon", "coordinates": [[[10.311646488116335, 54.3797497903154], [10.30395160395023, 54.37976947580257], [10.296256713051216, 54.37978866916121], [10.288561815419294, 54.37980737039132], [10.282798210596342, 54.380944174109054], [10.278965898582356, 54.38319908031439], [10.275133166343874, 54.3854538635683], [10.271300013880893, 54.38770852387078], [10.267466441071258, 54.389963061178726], [10.263632447914969, 54.392217475492146], [10.26172976483393, 54.39559060255097], [10.261758391828145, 54.40008244235519], [10.261787026279311, 54.404574278240624], [10.261815668187428, 54.40906611020726], [10.263762566192247, 54.412430733867595], [10.26762772029377, 54.414668149221626], [10.273411120306303, 54.41577798974003], [10.28111276622985, 54.41576025542281], [10.28688099230897, 54.41462381559928], [10.290715798543664, 54.412368670269444], [10.294550183922723, 54.410113401970506], [10.29838414844615, 54.407858010702455], [10.304151097920585, 54.40672046509901], [10.31185103234603, 54.40670076516018], [10.317617136455546, 54.405562851621646], [10.321449410249125, 54.40330672448341], [10.323347865912375, 54.3999327501674], [10.323312503445294, 54.39544092867362], [10.323277150182589, 54.390949103241965], [10.32324180612426, 54.386457273872445], [10.321291583121168, 54.38309350628372], [10.317426481173314, 54.380857800475795], [10.311646488116335, 54.3797497903154]]]}}, {"type": "Feature", "properties": {"band": "light", "dbz": 30.0, "source": "OPERA-ORD", "time": "20260906232000"}, "geometry": {"type": "Polygon", "coordinates": [[[21.42334568245087, 53.8415360729202], [21.415836570968416, 53.84226292503761], [21.408327216302343, 53.842989303770025], [21.400817618452642, 53.84371520911746], [21.395490098948738, 53.84536604004448], [21.392344657790634, 53.84794179655108], [21.391381708580067, 53.85144281782398], [21.392601251317032, 53.85586910386316], [21.39382110276624, 53.860295368726945], [21.39504126292769, 53.86472161241535], [21.39783514408076, 53.86785985933709], [21.40220274622545, 53.86971010949215], [21.40814365506177, 53.87027202345512], [21.41565787058972, 53.869545601225994], [21.423171842378668, 53.868818705295894], [21.430685570428622, 53.86809133566482], [21.43601446412912, 53.86643920721987], [21.439158523480152, 53.863862319961044], [21.44011816396474, 53.86036101315286], [21.438893385582883, 53.85593528679533], [21.437668917011347, 53.851509539129125], [21.43644475825014, 53.847083770154256], [21.433649568700176, 53.84394632596549], [21.42928334836145, 53.842097206562826], [21.42334568245087, 53.8415360729202]]]}}, {"type": "Feature", "properties": {"band": "light", "dbz": 30.0, "source": "OPERA-ORD", "time": "20260906232000"}, "geometry": {"type": "Polygon", "coordinates": [[[7.080672552898364, 54.35370447354914], [7.072988298231001, 54.35351757423167], [7.067144911882498, 54.35449908909644], [7.063142393852855, 54.356649018143465], [7.0609806324526865, 54.35996772579415], [7.060659627681992, 54.36445521204851], [7.062340718942437, 54.36786775669516], [7.066023906234023, 54.3702053597341], [7.071709301355245, 54.37146765655814], [7.079396904306103, 54.37165464716726], [7.08524207612968, 54.37067281342151], [7.0892448168259765, 54.36852215532087], [7.091405015417873, 54.365203037497544], [7.091722671905371, 54.360715459951535], [7.090039795169852, 54.35730323418587], [7.086356385211315, 54.35496636020054], [7.080672552898364, 54.35370447354914]]]}}, {"type": "Feature", "properties": {"band": "light", "dbz": 30.0, "source": "OPERA-ORD", "time": "20260906232000"}, "geometry": {"type": "Polygon", "coordinates": [[[10.710989860962027, 54.33313148415114], [10.703303966500478, 54.33317670365372], [10.695618056393528, 54.33322143168767], [10.687932130641176, 54.33326566825298], [10.682186137331854, 54.33442158531876], [10.678380076465565, 54.336689182885024], [10.674573597175016, 54.33895665919085], [10.67076669946021, 54.34122401423623], [10.666959383197943, 54.34349124797862], [10.663151648388217, 54.345758360418], [10.66128388858107, 54.34913776264193], [10.6613561037765, 54.35362945465042], [10.661428337758945, 54.358121142618984], [10.661500590528405, 54.36261282654765], [10.663477960957671, 54.365970948490144], [10.667360449046742, 54.36819550844646], [10.671206372749197, 54.368174109085935], [10.675015732065033, 54.36590675040857], [10.678824672303763, 54.36363927039555], [10.682633193465389, 54.36137166904687], [10.686441295673369, 54.35910394640514], [10.690248978927707, 54.35683610247037], [10.694056243351849, 54.35456813728515], [10.69786308894579, 54.352300050849465], [10.701708142009448, 54.35227767317346], [10.705591402542826, 54.35450100425715], [10.709475084001488, 54.35672420862333], [10.71335918638544, 54.35894728627201], [10.719146686650634, 54.36003570694686], [10.726837584797066, 54.359989470647854], [10.732585591842671, 54.35883170117338], [10.73639070778745, 54.35656239852343], [10.738252960592842, 54.35318192852244], [10.73817235025885, 54.34869029117041], [10.73619002143418, 54.345333299404], [10.73230597411883, 54.34311095322319], [10.72842234742547, 54.34088848027692], [10.724539141354095, 54.338665880565195], [10.720656355787007, 54.336443154131956], [10.716773990724203, 54.33422030097721], [10.710989860962027, 54.33313148415114]]]}}, {"type": "Feature", "properties": {"band": "light", "dbz": 30.0, "source": "OPERA-ORD", "time": "20260906232000"}, "geometry": {"type": "Polygon", "coordinates": [[[10.234389999351048, 54.326021864743005], [10.226705131943302, 54.32603660729421], [10.219020259552574, 54.32605085843178], [10.211335382178863, 54.32606461815569], [10.20557717320686, 54.32719773264343], [10.20174563263656, 54.329450201894986], [10.197913673025239, 54.331702548050586], [10.194081294372893, 54.33395477111023], [10.188321818740093, 54.33508678111161], [10.180635246126839, 54.335098578054755], [10.174874929804435, 54.33623021983925], [10.171040869772884, 54.33848170646512], [10.171050519818841, 54.34072766159319], [10.174903879942306, 54.34296808522347], [10.178757660001436, 54.34520838424774], [10.182611859996234, 54.347448558666], [10.186466480046668, 54.34968860843482], [10.190321520152736, 54.35192853355418], [10.196094000884754, 54.35304210298475], [10.203783922242723, 54.35302931672654], [10.211473838950361, 54.35301603869357], [10.219163751007676, 54.35300226888584], [10.22493748240636, 54.35411472839202], [10.228795033146419, 54.356353417212105], [10.232653004224476, 54.358591981175664], [10.236511395640532, 54.36083042028268], [10.242286377022145, 54.361941769463044], [10.249977948369315, 54.361926028716766], [10.255739483834134, 54.36079107034028], [10.259570983416602, 54.3585368943336], [10.259557123393485, 54.356290955615194], [10.25569790376478, 54.35405325418505], [10.251839104396161, 54.35181542782179], [10.247980725287631, 54.34957747652541], [10.246038106180745, 54.346212555183634], [10.246011247075502, 54.34172066379646], [10.245984394951343, 54.33722876839239], [10.245957549808267, 54.332736868971445], [10.244016203691276, 54.329371812812575], [10.240160356600372, 54.32713359991579], [10.234389999351048, 54.326021864743005]]]}}, {"type": "Feature", "properties": {"band": "light", "dbz": 30.0, "source": "OPERA-ORD", "time": "20260906232000"}, "geometry": {"type": "Polygon", "coordinates": [[[7.284635837516865, 54.295557248625066], [7.276961640993478, 54.29538341449746], [7.269287505260865, 54.29520909004647], [7.26161343031903, 54.29503427527211], [7.255782971991467, 54.296025004625825], [7.251796130278175, 54.29818127810762], [7.249652801031392, 54.30150345966562], [7.249352984251117, 54.30599154929981], [7.25104742291629, 54.30940152359475], [7.254736117026911, 54.31173338255043], [7.260419170832333, 54.31298676203337], [7.2680965843325565, 54.313161662043576], [7.27577405871926, 54.313336071492174], [7.283451593992444, 54.31350999037917], [7.291129189811425, 54.31368341869222], [7.298806846176201, 54.313856356431344], [7.304638424406435, 54.31286381285139], [7.308623924502127, 54.310705787952344], [7.308770949684646, 54.308461671367255], [7.30507949995399, 54.306131463096115], [7.301388463567682, 54.303801141462614], [7.297697840525722, 54.301470706466745], [7.2940076306981965, 54.29914015814883], [7.290317834085105, 54.29680949650886], [7.284635837516865, 54.295557248625066]]]}}, {"type": "Feature", "properties": {"band": "light", "dbz": 30.0, "source": "OPERA-ORD", "time": "20260906232000"}, "geometry": {"type": "Polygon", "coordinates": [[[9.850534978960875, 54.218349584843864], [9.84287012937374, 54.21833978514276], [9.837116909898183, 54.21945525672983], [9.833275320534204, 54.22169599960509], [9.831345355078675, 54.22506237810964], [9.831327013531592, 54.229554392243486], [9.833230300362244, 54.23292603622513], [9.837055215570631, 54.23517731005456], [9.84280176536583, 54.236307849204735], [9.850469949747843, 54.236317653675655], [9.856224842417546, 54.23520182003874], [9.86006644337494, 54.232960348294], [9.861994747229888, 54.22959360296981], [9.862009753982388, 54.22510158406617], [9.86010479395759, 54.22173030213436], [9.856279867155491, 54.21947975717439], [9.850534978960875, 54.218349584843864]]]}}, {"type": "Feature", "properties": {"band": "light", "dbz": 30.0, "source": "OPERA-ORD", "time": "20260906232000"}, "geometry": {"type": "Polygon", "coordinates": [[[9.927215277075003, 54.2004524621216], [9.919553733335647, 54.20044756464475], [9.913805078641534, 54.20156671973299], [9.909969312992667, 54.203809927386345], [9.908046433087938, 54.207177551750064], [9.908036438927347, 54.21166959282413], [9.90994516043463, 54.21504003076], [9.913772597609784, 54.21728886555768], [9.919518753757032, 54.21841573288613], [9.927183628876373, 54.21842063274536], [9.932933952154361, 54.217301114609846], [9.936769723590992, 54.21505717847958], [9.93869094069976, 54.21168918868623], [9.93869760348066, 54.207197145229784], [9.936787213389504, 54.20382707034118], [9.93295977042629, 54.20157896402042], [9.927215277075003, 54.2004524621216]]]}}, {"type": "Feature", "properties": {"band": "light", "dbz": 30.0, "source": "OPERA-ORD", "time": "20260906232000"}, "geometry": {"type": "Polygon", "coordinates": [[[10.141646208983033, 54.17343841597807], [10.13398967483619, 54.17344722500082], [10.128250598041578, 54.174576665636756], [10.124428978599193, 54.176826737885875], [10.122524821295972, 54.18019780559203], [10.122538126131914, 54.18468986875522], [10.12063313918684, 54.18806081184185], [10.116809860460746, 54.19031063485194], [10.11106828550156, 54.19143897375559], [10.103408414309275, 54.1914458285528], [10.097661014436483, 54.19032777101204], [10.093826085883183, 54.18808480113331], [10.09190363228561, 54.184717282947354], [10.09189365364377, 54.1802252164542], [10.089972033025091, 54.17685757198417], [10.086138770429578, 54.174614349537265], [10.080393862563726, 54.17349518526777], [10.072737309427534, 54.17350007917568], [10.066996556445, 54.17462658490136], [10.063171603616125, 54.17687470244481], [10.061262453419163, 54.1802447956524], [10.061269105854114, 54.18473686452411], [10.06127576001204, 54.18922892914578], [10.061282415892938, 54.19372098951739], [10.059372021580579, 54.19709095148387], [10.055544577074963, 54.19933881504522], [10.049800080233304, 54.20046421606944], [10.0421385310556, 54.20046715455654], [10.036393201356933, 54.20159218757004], [10.0325640911373, 54.203839315109946], [10.028734564647337, 54.20608631926177], [10.024904621887044, 54.20833320002552], [10.021074262737027, 54.210579957358306], [10.017243487197288, 54.212826591260125], [10.017244736793257, 54.21507261170196], [10.021078011524938, 54.21731801868381], [10.026827090024979, 54.21843974220247], [10.034491972293374, 54.21843778225793], [10.042156853710692, 54.2184353323274], [10.049821734276934, 54.21843239241088], [10.057486613651665, 54.2184289625086], [10.065151491834886, 54.218425042620524], [10.070898066991777, 54.21729890994262], [10.07472633912234, 54.21505056447488], [10.078554194836792, 54.21280209577161], [10.082381634135139, 54.21055350383282], [10.088126956412312, 54.209426268663634], [10.09579016166831, 54.20942039026406], [10.10345336471325, 54.209414021998896], [10.111116565547134, 54.209407163868136], [10.1187797638298, 54.209399815872274], [10.126442959561246, 54.20939197801131], [10.132186607981215, 54.20826290646082], [10.136010709089705, 54.206012601220785], [10.139834394092894, 54.20376217300953], [10.143657662990787, 54.20151162182704], [10.14748051590317, 54.19926094771604], [10.15130295283005, 54.19701015067655], [10.151295046955564, 54.19476412702916], [10.147456798279716, 54.19252287677389], [10.143618965807542, 54.19028150248563], [10.139781549539046, 54.18804000416438], [10.139773647758139, 54.18579397627168], [10.143595260464815, 54.18354341880753], [10.147416457616602, 54.181292738466695], [10.151237239213497, 54.179041935249174], [10.15122934152307, 54.17679590309698], [10.147392764545327, 54.17455464201012], [10.141646208983033, 54.17343841597807]]]}}, {"type": "Feature", "properties": {"band": "light", "dbz": 30.0, "source": "OPERA-ORD", "time": "20260906232000"}, "geometry": {"type": "Polygon", "coordinates": [[[10.005741173528795, 54.16566101726249], [10.001913723631494, 54.16790718243813], [9.999999998682771, 54.17127630467693], [9.999999998682629, 54.175768383978905], [10.001914554755846, 54.17913738066688], [10.005743666902418, 54.181383294740854], [10.009573194837923, 54.18362908534345], [10.013403138562353, 54.18587475247466], [10.01723349819474, 54.18812029609164], [10.02106427373508, 54.19036571619438], [10.024893801331157, 54.190364981840276], [10.028722080982973, 54.18811809302933], [10.030634557699113, 54.18474861347443], [10.030631231479576, 54.18025654317559], [10.028714596988697, 54.17688791707056], [10.024884654226474, 54.17464273515933], [10.02105512706062, 54.172397429743484], [10.017226015491135, 54.17015200082304], [10.013397319399155, 54.167906448440775], [10.009569038784683, 54.165660772596695], [10.005741173528795, 54.16566101726249]]]}}, {"type": "Feature", "properties": {"band": "light", "dbz": 30.0, "source": "OPERA-ORD", "time": "20260906232000"}, "geometry": {"type": "Polygon", "coordinates": [[[16.197859638096556, 53.95862432672667], [16.190268177054154, 53.95901961576004], [16.18474088131363, 53.96043410544963], [16.181277750874994, 53.962867795795425], [16.1798790145842, 53.966321042024056], [16.180544672441243, 53.97079384413553], [16.1829427030906, 53.974049753649055], [16.187073106532257, 53.97608877056462], [16.19120392301417, 53.97812764053872], [16.195335152536337, 53.98016636357135], [16.197734746121757, 53.983422059727985], [16.198402703770437, 53.98789472900862], [16.20080320038809, 53.99115024964071], [16.204936235974717, 53.993188621624256], [16.209069684990112, 53.995226846532795], [16.213203547434272, 53.99726492436632], [16.21733782339668, 53.99930285507729], [16.22147251287734, 54.001340638665695], [16.227339357577215, 54.002160680913455], [16.234938357496297, 54.001762981820576], [16.240469203814172, 54.000346438775985], [16.24393189653083, 53.997911051779674], [16.2453266671004, 53.994457176384316], [16.244653515522884, 53.98998481258989], [16.242249825950744, 53.98673009438873], [16.23811559838397, 53.984693021780856], [16.23398178397475, 53.98265580202349], [16.229848382723073, 53.980618435116625], [16.225715394539666, 53.97858092110781], [16.22158281942453, 53.97654325999704], [16.217450657288378, 53.97450545183182], [16.213318908131207, 53.97246749661214], [16.2109185896985, 53.969212212972856], [16.21024970199025, 53.96473960091397], [16.207850285756535, 53.961484141715886], [16.20372034099735, 53.95944583537862], [16.197859638096556, 53.95862432672667]]]}}, {"type": "Feature", "properties": {"band": "light", "dbz": 30.0, "source": "OPERA-ORD", "time": "20260906232000"}, "geometry": {"type": "Polygon", "coordinates": [[[10.385815479053731, 54.083057195224164], [10.378175707289486, 54.08308160514883], [10.37053592728277, 54.08310552688838], [10.362896139033577, 54.083128960442835], [10.357175804462074, 54.084269377882926], [10.35337492356826, 54.086526779208654], [10.351493509693148, 54.089901527245104], [10.351531562836733, 54.09439362199229], [10.35347088362334, 54.0977570133299], [10.35731147205297, 54.09999170125795], [10.361152474825415, 54.10222626458912], [10.364993891940674, 54.104460703323426], [10.368835723515609, 54.1066950174179], [10.372677969550221, 54.10892920687253], [10.376499927828728, 54.10891723875635], [10.380301598351135, 54.10665911306938], [10.384102855528326, 54.104400865642994], [10.387903699360297, 54.102142496477214], [10.391704129966788, 54.099884005614264], [10.395504147347793, 54.09762539305414], [10.397382647907733, 54.09425004809475], [10.39733963164661, 54.0897579707361], [10.395397433870999, 54.086395196608045], [10.391556054580901, 54.084161725710565], [10.385815479053731, 54.083057195224164]]]}}, {"type": "Feature", "properties": {"band": "light", "dbz": 30.0, "source": "OPERA-ORD", "time": "20260906232000"}, "geometry": {"type": "Polygon", "coordinates": [[[10.631799381663411, 54.056179510141845], [10.628016004032304, 54.05844562923968], [10.626158177578684, 54.061824681447725], [10.626225902302547, 54.066316666765985], [10.628186141606548, 54.06967558766764], [10.632038895490687, 54.071901444152694], [10.637784140339033, 54.07299387356676], [10.64542187615158, 54.07295287590982], [10.65113240886537, 54.07179895497281], [10.654915738480398, 54.06953211075573], [10.65488062842429, 54.06728612773901], [10.651027078697052, 54.065061005922665], [10.647173942804468, 54.06283575849559], [10.64332122074654, 54.06061038545778], [10.639468912407924, 54.05838488685239], [10.635617017788617, 54.056159262679415], [10.631799381663411, 54.056179510141845]]]}}, {"type": "Feature", "properties": {"band": "light", "dbz": 30.0, "source": "OPERA-ORD", "time": "20260906232000"}, "geometry": {"type": "Polygon", "coordinates": [[[10.461713133455227, 54.03786544351741], [10.454081710745308, 54.03789469981935], [10.448370099249065, 54.03903948649967], [10.444578298966494, 54.04129980355839], [10.442706326610255, 54.04467601330927], [10.442754182180348, 54.049168115752316], [10.444698762914658, 54.052530056218856], [10.448540068813188, 54.05476183470888], [10.454278083146955, 54.05586308872461], [10.46191280591596, 54.05583381826606], [10.467626050317818, 54.054688662103565], [10.471417816352533, 54.05242762023714], [10.473288121555445, 54.04905105516072], [10.47323696592656, 54.04455896687428], [10.471290752286633, 54.04119739588991], [10.467449480635668, 54.0389663422076], [10.461713133455227, 54.03786544351741]]]}}, {"type": "Feature", "properties": {"band": "light", "dbz": 30.0, "source": "OPERA-ORD", "time": "20260906232000"}, "geometry": {"type": "Polygon", "coordinates": [[[9.836236624754891, 53.957784851816896], [9.828619751053775, 53.957774147603374], [9.822902171247154, 53.95888900529967], [9.819083885335031, 53.96112942490578], [9.817164886684003, 53.96449576788144], [9.817145175294067, 53.968988034226655], [9.815225352541002, 53.97235425067522], [9.811405418424803, 53.97459441722713], [9.807585073169342, 53.976834460201445], [9.803764316774618, 53.97907437959816], [9.799943149124323, 53.98131417537481], [9.796121570218455, 53.983553847531404], [9.792299579940698, 53.98579339602541], [9.788477178291048, 53.98803282085684], [9.786554461407087, 53.99139864964784], [9.78653142928882, 53.995890882398406], [9.788420420553807, 53.99926340435383], [9.792221435202054, 54.00151621551412], [9.796022861038567, 54.00376890454774], [9.799824698063349, 54.0060214714547], [9.799813584696992, 54.00826758181468], [9.795989520939496, 54.01050723562766], [9.792176573108298, 54.010500658416134], [9.788374741203393, 54.008247850180105], [9.78457332058055, 54.005994919834116], [9.780772311239767, 54.00374186737818], [9.775059277424353, 54.00260803402726], [9.767434219134309, 54.00259341978136], [9.761708842513414, 54.00370532999848], [9.757883147561675, 54.00594376467862], [9.75787038780982, 54.00818987162541], [9.761670563257855, 54.010443650838845], [9.765471150057255, 54.012697308017934], [9.769272148208023, 54.01495084316267], [9.771160289574677, 54.018323711785285], [9.771135574157213, 54.022815913885786], [9.77302453582768, 54.02618865904325], [9.776827174586074, 54.028441947257676], [9.782543498812007, 54.02957541629676], [9.790173508505475, 54.02958906616052], [9.797803522719644, 54.02960222853312], [9.805433541454514, 54.029614903414576], [9.811161002112913, 54.02850117554762], [9.81498590469484, 54.026261044932234], [9.818810394980883, 54.02402079062427], [9.82263447297104, 54.02178041262372], [9.82645813878211, 54.019539910973165], [9.830281392414092, 54.017299285672614], [9.832202076929013, 54.01393286132447], [9.832220192326874, 54.00944063792873], [9.834140050842878, 54.006074087073955], [9.837961652477025, 54.00383320876014], [9.841782842377931, 54.00159220690763], [9.845603620545594, 53.999351081516444], [9.847522235427702, 53.99598439680064], [9.847538687024253, 53.99149215276019], [9.845645572108271, 53.98812047261725], [9.84184289067976, 53.98586935637179], [9.83804062008825, 53.9836181178742], [9.83423876033374, 53.98136675712447], [9.834247390745967, 53.97912062885465], [9.83806651132493, 53.97687973306476], [9.841885220806574, 53.97463871381471], [9.845703519190895, 53.9723975711045], [9.847620881481275, 53.96903086399365], [9.847637307677713, 53.96453859248214], [9.845745405983312, 53.9611668935257], [9.84194517639807, 53.95891576712434], [9.836236624754891, 53.957784851816896]]]}}, {"type": "Feature", "properties": {"band": "light", "dbz": 30.0, "source": "OPERA-ORD", "time": "20260906232000"}, "geometry": {"type": "Polygon", "coordinates": [[[10.52208731597437, 53.983708645413785], [10.514465858431794, 53.98374175432941], [10.506844389716061, 53.98377437637416], [10.499222909827175, 53.98380651154804], [10.493519951375255, 53.9849534659175], [10.489735514360305, 53.98721523948254], [10.485950666945556, 53.98947689204705], [10.48216540913101, 53.99173842361103], [10.476461196686301, 53.992884286876055], [10.46883802961143, 53.99291448184213], [10.463132990231468, 53.994059982361144], [10.459346078546414, 53.996320788433096], [10.45747731177331, 53.99969726187429], [10.457526689912157, 54.00418940268471], [10.4556571072851, 54.00756575445115], [10.451868563892143, 54.009826317173605], [10.4480796095043, 54.012086758686124], [10.444290244121568, 54.014347078988706], [10.442419452221339, 54.01772330391185], [10.442467233803608, 54.02221543345556], [10.444410521824748, 54.02557739940632], [10.448249316284757, 54.02780920176416], [10.453983600493052, 54.02891047832844], [10.461613374449632, 54.02888122909916], [10.467322927034648, 54.0277360822264], [10.471112258248102, 54.02547503771014], [10.472981385585106, 54.02209845774718], [10.47293030904566, 54.0176063423375], [10.474798619933326, 54.01422964078276], [10.478586318248105, 54.01196835308296], [10.482399954031763, 54.011953002836485], [10.486239527284301, 54.01418359004333], [10.490079513013258, 54.01641405240698], [10.493919911218635, 54.018644389927445], [10.497760722015961, 54.02087460256185], [10.501601945405236, 54.023104690310184], [10.505443581502004, 54.02533465312957], [10.509285630306266, 54.027564491019994], [10.513100068061402, 54.02754816225827], [10.516886894767415, 54.02528566684441], [10.52067331028088, 54.02302305044837], [10.5244593146018, 54.020760313070156], [10.528244907849608, 54.01849745475165], [10.532030090024307, 54.01623447549286], [10.53581486124531, 54.01397137533563], [10.53959922151262, 54.01170815427996], [10.543383170945638, 54.00944481236771], [10.547166709544367, 54.00718134959889], [10.547137487173126, 54.004935302674525], [10.543295503831919, 54.002706671594645], [10.539453932711606, 54.000477915506195], [10.535612773812186, 53.99824903440917], [10.533663405780347, 53.99488853798932], [10.533605828616087, 53.99039642624665], [10.531657291211882, 53.987035800520474], [10.527817793567731, 53.984806660810804], [10.52208731597437, 53.983708645413785]]]}}, {"type": "Feature", "properties": {"band": "light", "dbz": 30.0, "source": "OPERA-ORD", "time": "20260906232000"}, "geometry": {"type": "Polygon", "coordinates": [[[10.597785491728693, 53.94741395968001], [10.59017072485355, 53.94745190060298], [10.582555945178145, 53.947489355136746], [10.574941152702479, 53.94752632328133], [10.569245233184258, 53.9486769016926], [10.565468186623484, 53.95094109037056], [10.565498959849577, 53.9531871564197], [10.569337552862537, 53.95541509984], [10.573176557071278, 53.95764291826923], [10.577015972475799, 53.95987061170739], [10.580855799190745, 53.962098180111674], [10.584696037216117, 53.96432562348209], [10.588536686666577, 53.966552941775824], [10.592377747542121, 53.96878013499287], [10.592409373804173, 53.971026187284345], [10.588631565452737, 53.97329109865025], [10.582932802293499, 53.974442051785935], [10.57531308432646, 53.97447904669141], [10.56961349413984, 53.97562963807702], [10.56583403173364, 53.977893825942765], [10.56397471826982, 53.981271971884354], [10.564035553748381, 53.985764075901784], [10.564096404900052, 53.990256175315196], [10.564157271724836, 53.99474827012459], [10.564218154234522, 53.99924036034412], [10.56427905242911, 54.003732445973775], [10.5643399663204, 54.008224527027686], [10.56440089590839, 54.01271660350586], [10.566353589726864, 54.01607658200179], [10.570198047775818, 54.01830446251547], [10.575934248824012, 54.01939988297136], [10.583562192871447, 54.01936284336948], [10.589267084248785, 54.01821186798639], [10.593048922956028, 54.0159469568221], [10.596830350819022, 54.01368192499502], [10.600611367837772, 54.01141677250516], [10.604391974131893, 54.00915149939428], [10.60817216970139, 54.00688610566238], [10.61002934994512, 54.003507379570536], [10.609963514863086, 53.999015321118726], [10.609897696737292, 53.99452325806982], [10.609831895567744, 53.99003119042382], [10.609766111341695, 53.985539118166585], [10.60970034405915, 53.98104704129812], [10.611555939775737, 53.97766818560473], [10.615332898491465, 53.9754025510864], [10.619109447355168, 53.97313679610432], [10.622885586366847, 53.9708709206585], [10.622852317459504, 53.96862487764428], [10.619009640633136, 53.96639866706165], [10.615167375266475, 53.96417233128506], [10.61132552135952, 53.96194587031453], [10.609371761518936, 53.958586587476574], [10.609306095744722, 53.95409448277121], [10.607353165934779, 53.95073507011853], [10.603512972089103, 53.94850834951853], [10.597785491728693, 53.94741395968001]]]}}, {"type": "Feature", "properties": {"band": "light", "dbz": 30.0, "source": "OPERA-ORD", "time": "20260906232000"}, "geometry": {"type": "Polygon", "coordinates": [[[15.978558377289048, 53.81662622295205], [15.97099083813207, 53.81700738979122], [15.965474838576153, 53.81841167014566], [15.962010378621299, 53.82083906401535], [15.960597677176166, 53.82428992554253], [15.961236734240757, 53.828764254727176], [15.963608823290391, 53.832024841445715], [15.967713944325064, 53.83407168569816], [15.973551878226155, 53.83490443316703], [15.981122624993661, 53.83452308385233], [15.98664000895942, 53.83311835805479], [15.990104030123433, 53.830690255774414], [15.991514908368012, 53.827239131279654], [15.990872643693157, 53.822764984570526], [15.988499170233682, 53.819504843295086], [15.984394487989585, 53.81745870745334], [15.978558377289048, 53.81662622295205]]]}}, {"type": "Feature", "properties": {"band": "light", "dbz": 30.0, "source": "OPERA-ORD", "time": "20260906232000"}, "geometry": {"type": "Polygon", "coordinates": [[[10.660482139809375, 53.939221376798045], [10.656710897606015, 53.94148845524767], [10.65486055323537, 53.94486803689202], [10.654931106697445, 53.94936012173108], [10.656888101491033, 53.952718662276716], [10.660731537616135, 53.954943658528926], [10.666461390558563, 53.95603474912699], [10.674077660318314, 53.95599193407091], [10.679771391397955, 53.954836626051595], [10.683542583797484, 53.952568825069044], [10.683506067340959, 53.95032279268722], [10.679661842028382, 53.9480985289061], [10.67581802781962, 53.945874139750885], [10.671974624714672, 53.94364962522155], [10.668131632599412, 53.94142498536097], [10.664289051473842, 53.93920022016914], [10.660482139809375, 53.939221376798045]]]}}, {"type": "Feature", "properties": {"band": "light", "dbz": 30.0, "source": "OPERA-ORD", "time": "20260906232000"}, "geometry": {"type": "Polygon", "coordinates": [[[15.866314120513163, 53.77716960400744], [15.858752806216058, 53.77754358102051], [15.851191366035117, 53.77791707689728], [15.843629799970337, 53.77829009163777], [15.836068108338019, 53.77866262521658], [15.828506291138162, 53.77903467763372], [15.822990576520338, 53.780432347563774], [15.819520964484548, 53.782855635006754], [15.81809766826531, 53.78630489397272], [15.818720687862621, 53.79078012446166], [15.81934386656719, 53.79525534579021], [15.819967204379013, 53.79973055795835], [15.822326470298595, 53.80299406437991], [15.826421664325935, 53.80504586505489], [15.832252572860696, 53.80588560570498], [15.839819195902884, 53.805513286330175], [15.847385693086176, 53.80514048545403], [15.854952064410575, 53.80476720307655], [15.860469699309556, 53.80336832799635], [15.863938597783116, 53.80094386021344], [15.867407104202988, 53.79851929214536], [15.870875218569171, 53.796094623792115], [15.874342941014827, 53.793669855189194], [15.877810271539952, 53.79124498633658], [15.879229224303721, 53.78779511504353], [15.878599799306134, 53.78332024131004], [15.876237509520932, 53.78005775720769], [15.87214235494812, 53.7780076627365], [15.866314120513163, 53.77716960400744]]]}}, {"type": "Feature", "properties": {"band": "light", "dbz": 30.0, "source": "OPERA-ORD", "time": "20260906232000"}, "geometry": {"type": "Polygon", "coordinates": [[[10.656441619045014, 53.80334385290766], [10.64885310095475, 53.80338552420244], [10.641264568909808, 53.80342671098691], [10.633676022910187, 53.803467413261075], [10.628001290903818, 53.80462082211952], [10.624240372890698, 53.806886937562254], [10.622393291964643, 53.810266119303336], [10.622460048125651, 53.81475836734275], [10.624408077250154, 53.818117552865004], [10.628237379338152, 53.82034367587009], [10.632067089532594, 53.82256967405416], [10.635897207833477, 53.82479554741721], [10.639727734353954, 53.82702129591676], [10.64355866909403, 53.82924691955279], [10.647390012166866, 53.8314724182828], [10.651221763572462, 53.83369779210678], [10.655053923423996, 53.8359230409822], [10.658886491721468, 53.83814816490906], [10.662719468578063, 53.8403731638448], [10.666552853993782, 53.842598037789415], [10.666588330568153, 53.84484413247151], [10.662825898301174, 53.84711144789107], [10.659063059202236, 53.84937864336434], [10.655299813271341, 53.85164571889131], [10.653453286192931, 53.85502534660599], [10.653523477967006, 53.859517526508384], [10.653593687764541, 53.86400970159406], [10.653663915585533, 53.86850187186302], [10.65561698171654, 53.871860499215714], [10.659452886157558, 53.87408558365213], [10.663289199997834, 53.87631054298956], [10.667125923237373, 53.878535377227976], [10.670963055989699, 53.88076008632473], [10.674800598254816, 53.882984670279825], [10.680520937919688, 53.88407511039099], [10.688124074984316, 53.88403140665823], [10.693807623678381, 53.88287541620573], [10.697571584001883, 53.880607139033465], [10.69941598167689, 53.8772269357052], [10.699340816703403, 53.872734806220926], [10.701184408226435, 53.86935448330351], [10.704946756245988, 53.86708596695298], [10.7087086971002, 53.86481733078277], [10.712470230789066, 53.862548574792896], [10.714312637737077, 53.85916812784431], [10.714235917944233, 53.85467598993701], [10.712279247285204, 53.85131822456765], [10.708442625759995, 53.84909483173623], [10.704606413053156, 53.84687131371209], [10.700770609164687, 53.84464767049524], [10.698815201826386, 53.841289764816565], [10.698740191038251, 53.83679759667608], [10.696785609499468, 53.83343956075052], [10.692951457210034, 53.83121565703989], [10.689117713303144, 53.828991628248744], [10.685284377778803, 53.82676747437708], [10.6833310574064, 53.82340929832581], [10.683257752185941, 53.818917100094936], [10.681305256542288, 53.81555879395721], [10.677473570475444, 53.813334379912625], [10.67364229235585, 53.811109840899576], [10.669811422183509, 53.80888517691804], [10.665980959845541, 53.80666038801052], [10.662150905341942, 53.80443547417702], [10.656441619045014, 53.80334385290766]]]}}, {"type": "Feature", "properties": {"band": "light", "dbz": 30.0, "source": "OPERA-ORD", "time": "20260906232000"}, "geometry": {"type": "Polygon", "coordinates": [[[10.583093802050541, 53.849775252257295], [10.579326410269623, 53.85203992591207], [10.575558611401183, 53.85430447928748], [10.571790405445224, 53.85656891238354], [10.568021792283751, 53.85883322515885], [10.564252771916767, 53.86109741761341], [10.564283387363705, 53.863343530986185], [10.56811363862457, 53.865571565277186], [10.571944298971943, 53.86779947484594], [10.575775368405822, 53.87002725969244], [10.579606847040013, 53.87225491977414], [10.583438734874521, 53.874482455091034], [10.589155513533614, 53.875577288801196], [10.59675718301729, 53.87553942090463], [10.604358839449992, 53.87550106755751], [10.611960482831718, 53.87546222875983], [10.617644963421853, 53.874309871948995], [10.621412281220394, 53.872043997125004], [10.621379199961297, 53.86979790220798], [10.61754571964456, 53.867571587197915], [10.613712648466153, 53.86534514729071], [10.609879986426073, 53.86311858248638], [10.606047733410705, 53.860891892827496], [10.602215889420048, 53.858665078314054], [10.598384454340499, 53.85643813898863], [10.594553428172055, 53.854211074851214], [10.590722810801127, 53.851983885944364], [10.58689260222771, 53.84975657226806], [10.583093802050541, 53.849775252257295]]]}}, {"type": "Feature", "properties": {"band": "light", "dbz": 30.0, "source": "OPERA-ORD", "time": "20260906232000"}, "geometry": {"type": "Polygon", "coordinates": [[[15.750597277993363, 53.71075105067944], [15.743047002495734, 53.71111758992391], [15.737537317092347, 53.71251127184185], [15.734068221783197, 53.714932096433245], [15.732639925836459, 53.71838041714592], [15.73325242925213, 53.7228562339799], [15.735600278460714, 53.72612159487455], [15.739683473462215, 53.728176499829885], [15.745501804788228, 53.72902059522337], [15.753055272438754, 53.728653881054996], [15.758566344170857, 53.727259758163356], [15.762035019984536, 53.72483822654846], [15.763461510107225, 53.721389639785954], [15.762845814538927, 53.71691399787585], [15.760496579001627, 53.7136490779549], [15.756413803495327, 53.7115948800231], [15.750597277993363, 53.71075105067944]]]}}, {"type": "Feature", "properties": {"band": "light", "dbz": 30.0, "source": "OPERA-ORD", "time": "20260906232000"}, "geometry": {"type": "Polygon", "coordinates": [[[10.5642898591233, 53.722949875981485], [10.556715794142798, 53.72298565580688], [10.551049822013773, 53.72413540669148], [10.547291942736226, 53.726399128635286], [10.543533659225954, 53.728662730524704], [10.539774971482952, 53.73092621235972], [10.536015879390561, 53.733189574099214], [10.532256382948779, 53.73545281574321], [10.532285158550774, 53.73769900619866], [10.53610220619655, 53.73992814546558], [10.539919659967351, 53.742157160499616], [10.54373751986318, 53.74438605130077], [10.54376631019646, 53.74663223676691], [10.540006030967191, 53.748895716898026], [10.53624534697467, 53.75115907688495], [10.532484258218897, 53.75342231672768], [10.530632120534916, 53.756800116701896], [10.530688933922725, 53.761292476807604], [10.53262710320504, 53.76465321290708], [10.53644662838186, 53.766882325000324], [10.540237327136055, 53.76686514180069], [10.543999199467622, 53.764601663308184], [10.547760666738473, 53.76233806466396], [10.5515217289486, 53.76007434586802], [10.555282386215007, 53.75781050696154], [10.559042638537687, 53.75554654794454], [10.560892750361813, 53.75216839176247], [10.560832721687387, 53.74767603841532], [10.562682030929547, 53.74429776183131], [10.566440678088295, 53.742033562010434], [10.57019892074423, 53.73976924218564], [10.573956758897356, 53.73750480235692], [10.57580488409575, 53.73412640012611], [10.575743296339414, 53.72963403549319], [10.573803599749322, 53.72627388639975], [10.569985794325476, 53.72404595284578], [10.5642898591233, 53.722949875981485]]]}}, {"type": "Feature", "properties": {"band": "light", "dbz": 30.0, "source": "OPERA-ORD", "time": "20260906232000"}, "geometry": {"type": "Polygon", "coordinates": [[[10.897342490668168, 53.711912657015965], [10.889770733006593, 53.71196969493498], [10.884115384809284, 53.71313533216239], [10.880376446076237, 53.715409568698185], [10.878553949156155, 53.718792763200085], [10.878647894049038, 53.723284915668096], [10.8806121178954, 53.72663994313109], [10.884446620695236, 53.728857845589076], [10.890151370068635, 53.72993826420383], [10.897726366015597, 53.72988119897534], [10.90338330059931, 53.728715189348904], [10.907122173819777, 53.726440235324525], [10.908943018841018, 53.72305669573307], [10.90884583566303, 53.718564570574536], [10.906880025430265, 53.71520991551057], [10.903045588142724, 53.71299273054117], [10.897342490668168, 53.711912657015965]]]}}, {"type": "Feature", "properties": {"band": "light", "dbz": 30.0, "source": "OPERA-ORD", "time": "20260906232000"}, "geometry": {"type": "Polygon", "coordinates": [[[15.805031043810677, 53.55489411720586], [15.79750899512673, 53.555263961229436], [15.792021139090531, 53.55666009228082], [15.788567475702086, 53.559082510360014], [15.787148214216733, 53.562531567166154], [15.787763354634475, 53.56700726269925], [15.790106117642466, 53.57027170537674], [15.794176503240708, 53.572324895198626], [15.799974301974498, 53.57316648029266], [15.80749951384384, 53.57279646065885], [15.812988741743393, 53.57139989004008], [15.816441985673162, 53.568976768436336], [15.817859455836608, 53.56552744767302], [15.817241152233732, 53.561051927750135], [15.814897017362384, 53.55778792464004], [15.810827051222562, 53.55573543834273], [15.805031043810677, 53.55489411720586]]]}}, {"type": "Feature", "properties": {"band": "light", "dbz": 30.0, "source": "OPERA-ORD", "time": "20260906232000"}, "geometry": {"type": "Polygon", "coordinates": [[[4.7533175260628635, 53.508975130332416], [4.74579969656299, 53.50864039592254], [4.738281978326682, 53.50830518320372], [4.730764371353936, 53.507969492175945], [4.723246875955884, 53.50763332286171], [4.7157294921325255, 53.50729667526102], [4.709951014332487, 53.50816364450493], [4.705911442555772, 53.51023423059344], [4.703610586016319, 53.51350878560589], [4.703048444714129, 53.51798730954229], [4.704506879906703, 53.521430580445475], [4.707985891594042, 53.52383859831545], [4.713485670743733, 53.525211010899284], [4.721006217355778, 53.52554781819696], [4.728526875714036, 53.52588414698428], [4.736047645818508, 53.526219997261244], [4.743568527357594, 53.52655536900531], [4.751089520331292, 53.526890262216476], [4.75686931339926, 53.526021545335965], [4.7609079065614965, 53.52394921836378], [4.763205110662716, 53.520673633660365], [4.763760925702915, 53.516194791225715], [4.762298235120461, 53.51275215189063], [4.758817038915354, 53.51034571565511], [4.7533175260628635, 53.508975130332416]]]}}, {"type": "Feature", "properties": {"band": "light", "dbz": 30.0, "source": "OPERA-ORD", "time": "20260906232000"}, "geometry": {"type": "Polygon", "coordinates": [[[10.57562658782312, 53.44433983852622], [10.568102361672715, 53.44437631485145], [10.562473938676835, 53.44552666849778], [10.558741318835487, 53.44779089946519], [10.558771223481745, 53.450037248726815], [10.562563652615612, 53.452265716282646], [10.5663564813338, 53.45449406033202], [10.570149709636311, 53.45672228087493], [10.573943337633203, 53.45895037786987], [10.577737365324472, 53.46117835131683], [10.581500668462454, 53.46115986661604], [10.585233247047146, 53.45889492376751], [10.58706842779046, 53.455516112342664], [10.587006210692396, 53.451023432341515], [10.585078501832104, 53.4476632193466], [10.581285301209583, 53.44543547335794], [10.57562658782312, 53.44433983852622]]]}}, {"type": "Feature", "properties": {"band": "light", "dbz": 30.0, "source": "OPERA-ORD", "time": "20260906232000"}, "geometry": {"type": "Polygon", "coordinates": [[[10.290725552799003, 53.32070613723019], [10.286989434424747, 53.32296183342918], [10.283252920543845, 53.32521740969143], [10.279516011156296, 53.32747286601693], [10.275778706150119, 53.329728202365324], [10.272041005525312, 53.3319834187366], [10.268302909169877, 53.33423851509038], [10.264564417083815, 53.33649349142666], [10.258942412360554, 53.3376291158266], [10.25143689500009, 53.33764538829021], [10.243931372434513, 53.33766118215756], [10.236425844663827, 53.33767649742865], [10.23080264122312, 53.33881104638873], [10.227061762112392, 53.34106482903778], [10.225203215556064, 53.34443820013473], [10.225227001554138, 53.348931159679594], [10.22525079357957, 53.353424113651066], [10.225274591632356, 53.35791706204915], [10.227170015802288, 53.36128311932768], [10.230937066089366, 53.36352228548667], [10.23657573425505, 53.36463420549467], [10.24408602029934, 53.36461887935168], [10.249711987573104, 53.363483971942635], [10.253453636076337, 53.36122948326751], [10.257194888223566, 53.35897487444552], [10.260935744014784, 53.356720145476665], [10.264690482321738, 53.35671176499317], [10.268459103144423, 53.35894973299506], [10.27222812107393, 53.361187578867195], [10.275997536110255, 53.363425302609606], [10.279752268728013, 53.36341644324845], [10.2834923189272, 53.3611610007837], [10.285347272031277, 53.35778681305521], [10.285317128040248, 53.35329388006296], [10.285286991683765, 53.34880094149327], [10.28525686296183, 53.344307997346164], [10.287110642194204, 53.340933680605204], [10.290848329380884, 53.338677991270394], [10.294585620772363, 53.33642218199088], [10.298322516368641, 53.334166252766664], [10.300175123031142, 53.33079180708914], [10.30014344075986, 53.326298844958316], [10.2982441027147, 53.32293384520235], [10.294477108895654, 53.32069680782125], [10.290725552799003, 53.32070613723019]]]}}, {"type": "Feature", "properties": {"band": "light", "dbz": 30.0, "source": "OPERA-ORD", "time": "20260906232000"}, "geometry": {"type": "Polygon", "coordinates": [[[11.699356300155248, 53.31665583714205], [11.691856298662314, 53.31676394560907], [11.686275617599566, 53.31796774424953], [11.682614256967003, 53.32026723306343], [11.678952503359026, 53.32256660717825], [11.675290356775633, 53.32486586659399], [11.669708421435498, 53.32606860689781], [11.66220669733862, 53.326174828089734], [11.656623955911527, 53.32737722079601], [11.652960197154218, 53.32967578501664], [11.651215480308329, 53.33307087495977], [11.65138980537386, 53.33756249062541], [11.653396801228716, 53.34090481171297], [11.6572364678729, 53.34309783822245], [11.662908746008306, 53.34414121576941], [11.670413635634937, 53.34403494435385], [11.677918490077836, 53.34392819450428], [11.685423309337008, 53.343820966220704], [11.691007125165644, 53.34261748282981], [11.694669937563743, 53.34031774433159], [11.698332356624459, 53.338017891148006], [11.70199438234779, 53.335717923279034], [11.705656014850602, 53.333417840763715], [11.709317254132891, 53.33111764360202], [11.71105759153596, 53.327721781898234], [11.710877027059809, 53.32323025565236], [11.708866633841728, 53.31988881512421], [11.705026411881718, 53.31769746031377], [11.699356300155248, 53.31665583714205]]]}}, {"type": "Feature", "properties": {"band": "light", "dbz": 30.0, "source": "OPERA-ORD", "time": "20260906232000"}, "geometry": {"type": "Polygon", "coordinates": [[[11.623669528152499, 53.29974862947994], [11.616172339822223, 53.299851908131], [11.610591749590117, 53.30105212136984], [11.60692775745618, 53.303349269196474], [11.603263372570312, 53.30564630208444], [11.599598594932512, 53.30794322003374], [11.594016754558425, 53.309142374500915], [11.586517851448052, 53.309243765485974], [11.58093520635676, 53.310442571923105], [11.577268819284543, 53.312738793812315], [11.57551874670874, 53.31613278522135], [11.575684988629348, 53.320624546150206], [11.57768521482671, 53.32396818424378], [11.58151942530083, 53.32616369950207], [11.587187563520557, 53.32721073768113], [11.594689629485895, 53.32710929878094], [11.602191661893045, 53.32700738163781], [11.609693660742007, 53.32690498625175], [11.617195625718434, 53.32680211262955], [11.624697556822323, 53.32669876077122], [11.630280834114817, 53.325498153722776], [11.633945457595917, 53.32320029148421], [11.635691485624918, 53.31980552826685], [11.635518918201818, 53.3153138640707], [11.635346394429808, 53.31082219391435], [11.635173914308892, 53.30633051779778], [11.633170286265734, 53.30298775734323], [11.629335510300336, 53.30079391255069], [11.623669528152499, 53.29974862947994]]]}}, {"type": "Feature", "properties": {"band": "light", "dbz": 30.0, "source": "OPERA-ORD", "time": "20260906232000"}, "geometry": {"type": "Polygon", "coordinates": [[[7.153035964135346, 52.85381497378164], [7.145619784488883, 52.85363347874553], [7.1399832280476705, 52.854619551855286], [7.136126294811708, 52.856773193110925], [7.134048885309635, 52.860094750917796], [7.133750999541453, 52.864584225275905], [7.1334530392829745, 52.869073692298436], [7.133155004534201, 52.87356315198537], [7.134786627220195, 52.87697582653624], [7.138347907340954, 52.87931171595103], [7.141909568286447, 52.881647496084625], [7.1454716100566715, 52.88398316693703], [7.149034032767714, 52.88631872847146], [7.152596836419576, 52.88865418068791], [7.158089463358505, 52.8899122665143], [7.165511913584503, 52.89009298595065], [7.172934421618386, 52.890273233040354], [7.180356987460154, 52.890453007783414], [7.18585088124263, 52.891710060497964], [7.189416102965813, 52.89404439118399], [7.192981705947212, 52.896378612368395], [7.196547690186829, 52.89871272405119], [7.2002594444104835, 52.898801913268265], [7.204116968618176, 52.896646180019644], [7.207974103697189, 52.894490316491854], [7.211830849647522, 52.89233432268487], [7.215687206565943, 52.89017819864071], [7.219543174452451, 52.888021944359366], [7.2216156317184685, 52.884698969143955], [7.221904578363994, 52.88020927299448], [7.220266310965136, 52.876797724606604], [7.216700829521892, 52.87446432398035], [7.211208230874074, 52.8732087224368], [7.20378851502168, 52.87303091997596], [7.1982967104195605, 52.87177498319212], [7.194732817067716, 52.86944091208528], [7.191169304405696, 52.867106731532786], [7.187606172433498, 52.864772441534654], [7.182115632250381, 52.86351547192464], [7.174697683856345, 52.86333582270274], [7.169207937488858, 52.862078518151364], [7.165646393147924, 52.85974355827052], [7.162085229222736, 52.8574084890725], [7.158524445713297, 52.85507331055729], [7.153035964135346, 52.85381497378164]]]}}, {"type": "Feature", "properties": {"band": "light", "dbz": 30.0, "source": "OPERA-ORD", "time": "20260906232000"}, "geometry": {"type": "Polygon", "coordinates": [[[7.011594111104245, 52.53545987825179], [7.004232543356455, 52.53526955107603], [6.998634079392883, 52.53624901641889], [6.994798719213531, 52.5383982742804], [6.992726360391713, 52.54171766968165], [6.992417002927429, 52.54620720262267], [6.994026080695733, 52.549622128644465], [6.997553593696624, 52.55196244774705], [7.002999644452033, 52.55322781474158], [7.01036423296196, 52.55341822962806], [7.015811065088689, 52.554683265447274], [7.01934014083222, 52.557022922199245], [7.020951358321852, 52.56043754510903], [7.020644717557584, 52.56492713417664], [7.020338000695648, 52.56941671536823], [7.020031207736043, 52.57390628868377], [7.019724338623899, 52.57839585413663], [7.019417393359216, 52.58288541172679], [7.021029853009468, 52.58629993173162], [7.024561717574653, 52.58863941415112], [7.030013088876975, 52.58990351339888], [7.037383966916435, 52.590092229474905], [7.042836121002899, 52.5913559970553], [7.046369551136366, 52.59369481614006], [7.0479841561484005, 52.597109032351696], [7.047679936039, 52.6015986456902], [7.049295256768744, 52.605012760529334], [7.052830118337636, 52.60735137686909], [7.058284621714544, 52.60861414890675], [7.065658766899469, 52.60880107664232], [7.071114053685819, 52.61006351665209], [7.074650482073593, 52.61240146893605], [7.076267951749305, 52.61581527933285], [7.075966462712955, 52.620304947842484], [7.07389600107262, 52.623625618707884], [7.070056566828298, 52.62577729192904], [7.066216749145884, 52.6279288351662], [7.062376548025377, 52.63008024841937], [7.0603047939044385, 52.63340075225643], [7.060001486783069, 52.637890346677395], [7.057928931785867, 52.64121070579877], [7.054087128912833, 52.643361829620545], [7.048476179222193, 52.64434337197091], [7.041096082713944, 52.64415533284986], [7.033716045794612, 52.64396682443831], [7.026336068464198, 52.643777846736256], [7.020878101954123, 52.64251357444452], [7.01734214626439, 52.640174007563104], [7.013806566026145, 52.637834332403784], [7.010271361239386, 52.63549454896657], [7.004814649365435, 52.63422925189821], [6.99743643040429, 52.63403844119872], [6.99182505488171, 52.635017500177625], [6.987980522797693, 52.63716642883494], [6.985902730893935, 52.640485573189466], [6.985591679170436, 52.6449749332412], [6.9872036527512575, 52.64838985110033], [6.990738651636402, 52.65073032676686], [6.996196779180442, 52.65199601405336], [7.00357803538338, 52.652186912959806], [7.009036948643136, 52.65345226834298], [7.012573518959709, 52.65579208020287], [7.016110465098951, 52.65813178374878], [7.01964778706086, 52.660471378980716], [7.0251079562614835, 52.661735709141674], [7.032490972700822, 52.66192477423164], [7.039874048819044, 52.662113369814996], [7.047257184616147, 52.662301495891725], [7.054640379796856, 52.66248915244981], [7.06202363436117, 52.662676339489266], [7.069406948013776, 52.66286305699813], [7.076790320754674, 52.6630493049764], [7.082403042716283, 52.66206640536706], [7.086245113898602, 52.65991435817011], [7.090086800973179, 52.65776218096773], [7.093928103940014, 52.6556098737599], [7.0976194982589265, 52.655702282746425], [7.101160983929916, 52.658039407927305], [7.1027821277415235, 52.66145280899995], [7.10248292969375, 52.66594248596436], [7.104104792657427, 52.66935578521243], [7.107647716632556, 52.671692706744174], [7.111339929677927, 52.67178466748801], [7.115181431793538, 52.66963166744394], [7.11902254960723, 52.66747853747299], [7.122863283119004, 52.66532527757518], [7.1267036324235615, 52.663171887792004], [7.1305435975209015, 52.66101836812346], [7.13261158461678, 52.65769671973394], [7.132907593711195, 52.65320694262345], [7.133203529223151, 52.648717157845276], [7.133499391152646, 52.64422736539943], [7.131876447190421, 52.64081436828128], [7.128334697336477, 52.63847816649085], [7.124793323160202, 52.63614185602509], [7.121252324661593, 52.633805436884], [7.117711701726786, 52.63146890910381], [7.1141714543557795, 52.6291322726845], [7.108712565503753, 52.62787185476513], [7.101335035170708, 52.62768765534572], [7.095876930270215, 52.62642690492339], [7.092338250802275, 52.62408960349815], [7.092487894833838, 52.62184474101595], [7.096325862364905, 52.61969231747679], [7.1019328526134835, 52.61870818414859], [7.109308865579574, 52.61889234103134], [7.116684936528751, 52.61907602888811], [7.124061065461014, 52.6192592477189], [7.129667029905286, 52.61827402533614], [7.133502829861568, 52.61612036173984], [7.137338246657708, 52.613966568444994], [7.141173280293707, 52.611812645451614], [7.146778218222584, 52.61082633434958], [7.154153060444341, 52.61100763513889], [7.161527959723021, 52.611188466975264], [7.168902916058625, 52.61136882985873], [7.174506826762272, 52.61038143037288], [7.178339691833962, 52.608226268517726], [7.1804014145277595, 52.6049036902366], [7.180691994843666, 52.60041369552951], [7.179066900587216, 52.59700130247568], [7.175526131758412, 52.594666511075125], [7.1719857378060565, 52.59233161092808], [7.168445718730149, 52.589996602034525], [7.168591279392416, 52.58775160345864], [7.1724224197928566, 52.585596615200416], [7.17625317769476, 52.58344149747923], [7.180083553098125, 52.581286250295086], [7.182143814695393, 52.57796360616149], [7.182433962486562, 52.57347356507844], [7.182724038294181, 52.56898351623923], [7.183014042118248, 52.56449345964387], [7.181390029223451, 52.56108106154808], [7.177851999609791, 52.55874632195187], [7.172400049649198, 52.55748889544351], [7.165034179341673, 52.55730878202299], [7.157668365833821, 52.5571282002957], [7.1503026091256405, 52.55694715026163], [7.144851902884582, 52.55568869933052], [7.141316247110649, 52.55335284750237], [7.137780965277612, 52.55101688714468], [7.134246057385472, 52.54868081825745], [7.128796595293545, 52.54742134329154], [7.121432579001829, 52.54723846224694], [7.114068620344919, 52.54705511303768], [7.1067047193228134, 52.546871295663756], [7.099340876228064, 52.54668701013682], [7.09197709106067, 52.54650225645688], [7.086379191164015, 52.547485963034006], [7.082547176538099, 52.549638129868185], [7.07871478008577, 52.551790166992404], [7.074882001807028, 52.553942074406656], [7.069283081260757, 52.55492469349939], [7.061918018446956, 52.55473802427061], [7.056470100494444, 52.55347542284403], [7.0529393274032195, 52.551136889219634], [7.049408928000505, 52.5487982473893], [7.045878902286297, 52.54645949735301], [7.0404322314797545, 52.5451958730006], [7.033068915580875, 52.54500737433206], [7.027623025590053, 52.543743418643125], [7.024094561507284, 52.54140400593379], [7.02056647084396, 52.53906448514426], [7.01703875360008, 52.53672485627453], [7.011594111104245, 52.53545987825179]]]}}, {"type": "Feature", "properties": {"band": "light", "dbz": 30.0, "source": "OPERA-ORD", "time": "20260906232000"}, "geometry": {"type": "Polygon", "coordinates": [[[6.797587168901171, 52.637686804911816], [6.790209178552034, 52.63748281327286], [6.782831252798422, 52.63727835255637], [6.775453391640336, 52.63707342276236], [6.769836554934446, 52.63804171626606], [6.765980742680751, 52.64018323306746], [6.763885844004584, 52.64349831900144], [6.763551858905945, 52.64798697406799], [6.765146538861155, 52.65140489450053], [6.768669883870214, 52.65375208029907], [6.774122004911152, 52.65502818546034], [6.781502901983966, 52.65523320998432], [6.788883863749787, 52.655437765215], [6.796264890208615, 52.65564185115237], [6.80188307270513, 52.654672543372484], [6.805738411239332, 52.652529841875364], [6.807830796046835, 52.6492140927079], [6.8081602271276385, 52.644725295870074], [6.8065627480199655, 52.6413078732712], [6.803038358723815, 52.63896182491126], [6.797587168901171, 52.637686804911816]]]}}, {"type": "Feature", "properties": {"band": "light", "dbz": 30.0, "source": "OPERA-ORD", "time": "20260906232000"}, "geometry": {"type": "Polygon", "coordinates": [[[5.668416139028276, 52.55709463087089], [5.66451359868057, 52.55919912712102], [5.660610676058666, 52.56130348836275], [5.656707371162562, 52.563407714596096], [5.652803683904238, 52.56551180577867], [5.6488996142836925, 52.56761576191048], [5.6467235110195455, 52.570909984954156], [5.646275374111798, 52.575394474909686], [5.647780025094427, 52.57882701866619], [5.651237463967434, 52.58120761622367], [5.656647839267363, 52.58253592362627], [5.664011150994213, 52.58281194087398], [5.671374549420635, 52.58308749041851], [5.678738034546631, 52.58336257225982], [5.6843716265158335, 52.582447541549335], [5.68827532532824, 52.58034239828704], [5.69044898364373, 52.577047486487146], [5.690892601462302, 52.57256280614966], [5.689385123157312, 52.569130729037084], [5.685926548728759, 52.5667512551494], [5.682468344789347, 52.564371677924456], [5.679010511339081, 52.56199199736224], [5.675553048260992, 52.5596122134973], [5.672095955555083, 52.557232326329654], [5.668416139028276, 52.55709463087089]]]}}, {"type": "Feature", "properties": {"band": "light", "dbz": 30.0, "source": "OPERA-ORD", "time": "20260906232000"}, "geometry": {"type": "Polygon", "coordinates": [[[6.923259281197159, 52.533145067778634], [6.915898441359392, 52.53294912541967], [6.908537663202564, 52.53275271517187], [6.901176946726672, 52.532555837035225], [6.893816292223555, 52.53235849102222], [6.886455699693213, 52.53216067713284], [6.880854949288183, 52.533134437654304], [6.877014041008466, 52.53527977258661], [6.874932868439263, 52.53859702680798], [6.874611431580575, 52.54308620031839], [6.876211203635744, 52.54650272923283], [6.879732184604772, 52.54884661355128], [6.883253538859673, 52.55119039027478], [6.886775266400447, 52.55353405940335], [6.888376007793427, 52.55695048756502], [6.888055763038615, 52.561439674759804], [6.887735438823947, 52.56592885397554], [6.887415035149424, 52.57041802521222], [6.887094551957766, 52.57490718848313], [6.886773989248972, 52.579396343788254], [6.888375960022408, 52.58281267062134], [6.8919004642780735, 52.58515616898238], [6.895425342599898, 52.587499559623716], [6.89895059498788, 52.58984284254536], [6.902476221556087, 52.59218601771141], [6.906002222304519, 52.59452908512188], [6.9114509335467424, 52.59579874821155], [6.918822355282758, 52.59599500698042], [6.924271850350129, 52.5972643392486], [6.927799418748855, 52.59960674501611], [6.931327361599516, 52.60194904290216], [6.93485567890211, 52.604291232906775], [6.940306428992759, 52.60555954240587], [6.947679611871464, 52.60575397139945], [6.9532878784936845, 52.60477728295306], [6.957131228859423, 52.602629477066685], [6.959209558697245, 52.599310899425504], [6.95952286800715, 52.594821550029536], [6.959836099556646, 52.590332192752186], [6.960149253345734, 52.58584282759347], [6.960462329430465, 52.58135345454007], [6.960775327810837, 52.57686407359201], [6.9610882485428505, 52.57237468473599], [6.961401091626502, 52.56788528797199], [6.961713857117736, 52.563395883286724], [6.962026545016553, 52.55890647068017], [6.9604199827951145, 52.55549104376317], [6.956894170453424, 52.55314960253572], [6.953368731614463, 52.5508080534438], [6.949843666278229, 52.54846639648744], [6.946318974331159, 52.54612463170249], [6.94279465577325, 52.54378275908893], [6.939270710490964, 52.54144077868262], [6.935747138484298, 52.53909869048355], [6.932223939639734, 52.53675649452754], [6.928701113957272, 52.534414190814594], [6.923259281197159, 52.533145067778634]]]}}, {"type": "Feature", "properties": {"band": "light", "dbz": 30.0, "source": "OPERA-ORD", "time": "20260906232000"}, "geometry": {"type": "Polygon", "coordinates": [[[5.7446581257447455, 52.51378737281524], [5.7373059906283155, 52.51351653217704], [5.731682137800407, 52.51443445868078], [5.7277865672610195, 52.51654115232644], [5.725619133728114, 52.51983695649346], [5.725179837201689, 52.524321871181826], [5.72474043187796, 52.52880677679761], [5.724300917756924, 52.533291673340784], [5.723861294760358, 52.53777656082382], [5.7234215628882605, 52.542261439246715], [5.722981722062331, 52.546746308621934], [5.72254177228257, 52.55123116894947], [5.724051650377021, 52.554662774206164], [5.727511356345682, 52.557041124392015], [5.731190764001321, 52.55717691869543], [5.735089873343935, 52.555070157116404], [5.738988600539729, 52.55296326082579], [5.742886945588703, 52.550856229823566], [5.748515277153486, 52.54993779195865], [5.755873595234082, 52.550207947231016], [5.763231998016313, 52.55047763512356], [5.770590485500182, 52.550746855636284], [5.777949057395887, 52.55101560875215], [5.785307713703426, 52.551283894471176], [5.79266645413295, 52.55155171277636], [5.800025278684458, 52.5518190636677], [5.80565214518502, 52.550898092385175], [5.809547053634634, 52.54878879892877], [5.811709861081496, 52.545491527153416], [5.81214056752561, 52.54100627705912], [5.810624572057147, 52.53757570436922], [5.80716187467611, 52.53519980908373], [5.8017526182015065, 52.53387824751399], [5.794396802633335, 52.533611019660015], [5.787041071060874, 52.5333433246055], [5.779685423484125, 52.53307516235046], [5.772329860192507, 52.53280653291185], [5.76497438118602, 52.532537436289665], [5.759566917024067, 52.53121418219946], [5.756107467706646, 52.528836770641234], [5.754595888804564, 52.52540554520991], [5.755032180317822, 52.52092050590547], [5.753521292881578, 52.517489187973524], [5.750063226495833, 52.51511159141407], [5.7446581257447455, 52.51378737281524]]]}}, {"type": "Feature", "properties": {"band": "light", "dbz": 30.0, "source": "OPERA-ORD", "time": "20260906232000"}, "geometry": {"type": "Polygon", "coordinates": [[[5.789637889872341, 52.50643219971431], [5.782286749850489, 52.50616422241873], [5.776664823284515, 52.507084347606835], [5.77277211017442, 52.50919257527862], [5.770608466823748, 52.51248924879838], [5.7701738932324975, 52.51697436816611], [5.771686427204196, 52.52040540459963], [5.775146068738843, 52.52278235809895], [5.780552961666235, 52.524104885133795], [5.787907105986371, 52.524372985704176], [5.793530678115571, 52.52345257869014], [5.797423678053834, 52.52134366409171], [5.799585962669567, 52.51804658547124], [5.800017531962769, 52.51356134282872], [5.798503352427845, 52.51013058822113], [5.795043424064794, 52.50775432164844], [5.789637889872341, 52.50643219971431]]]}}, {"type": "Feature", "properties": {"band": "light", "dbz": 30.0, "source": "OPERA-ORD", "time": "20260906232000"}, "geometry": {"type": "Polygon", "coordinates": [[[7.360504973542328, 51.91545069939488], [7.356741655446223, 51.91761263646805], [7.352977968612048, 51.91977444667332], [7.349213913039804, 51.921936130010685], [7.34544948863927, 51.92409768644059], [7.3416846954104455, 51.92625911596304], [7.337919533263111, 51.928420418538465], [7.334154002197267, 51.93058159416687], [7.330523007937699, 51.9304968925439], [7.327026550484408, 51.92816631366956], [7.323530454768992, 51.92583562699141], [7.320034720791451, 51.92350483250946], [7.316539348444642, 51.92117393025859], [7.313044337728564, 51.9188429202388], [7.309549688536093, 51.91651180248499], [7.30605540086723, 51.91418057699714], [7.3006784875708135, 51.912929139366945], [7.293418948646844, 51.91275748959441], [7.287905823491356, 51.913751433178064], [7.2841391121043495, 51.9159109701179], [7.28037203197796, 51.91807037993125], [7.276604583112185, 51.92022966261811], [7.272836765417085, 51.922388818138884], [7.269068578892661, 51.924547846493574], [7.267046656784593, 51.9278730333057], [7.266770999092881, 51.93236437857528], [7.264748308969753, 51.93568942401669], [7.2609785864152085, 51.93784816962993], [7.257208494671329, 51.94000678797027], [7.2534380337381155, 51.9421652790377], [7.251414108294884, 51.94549016017159], [7.251136718341636, 51.94998143137192], [7.250859260581298, 51.9544726939087], [7.250581735013871, 51.95896394778192], [7.24855657296546, 51.962288664504605], [7.2447837744360655, 51.96444684407676], [7.241010606176451, 51.96660489624141], [7.237237068186617, 51.96876282099854], [7.2352106682463, 51.972087373206136], [7.234931406355502, 51.9765785528642], [7.234652076156131, 51.98106972388911], [7.23437267764819, 51.98556088628087], [7.232345038527589, 51.98888527386927], [7.228569158794327, 51.9910428866543], [7.22479290878896, 51.9932003718969], [7.221016288511487, 51.99535772959707], [7.218987408920566, 51.99868195246193], [7.218706270016199, 52.00317304049148], [7.218425062299884, 52.0076641199182], [7.218143785771622, 52.012155190742085], [7.216113664418689, 52.015479248778874], [7.212334698241084, 52.01763629402856], [7.208555361248481, 52.019793211600614], [7.2047756534408816, 52.02195000149503], [7.202744289032583, 52.02527389459897], [7.202461268023586, 52.02976489091243], [7.20217817769737, 52.034255878653276], [7.201895018053934, 52.03874685782149], [7.201611789044029, 52.04323782843052], [7.201328490667655, 52.04772879048037], [7.199295410172536, 52.051052495615885], [7.195512547558674, 52.05320894383705], [7.189979995768785, 52.05419779477868], [7.182697754802869, 52.05401904844077], [7.1773076806099585, 52.05276209826968], [7.173809773190052, 52.0504269442654], [7.170312229586962, 52.04809168273253], [7.166815049800689, 52.04575631367106], [7.163174379215689, 52.04566625718332], [7.159390217831962, 52.04782151326932], [7.1556056850005305, 52.049976641398075], [7.1518207807213905, 52.05213164156959], [7.148035504904149, 52.054286513743854], [7.144249857548806, 52.056441257920866], [7.142212302585877, 52.05976401238803], [7.141922840015362, 52.06425477714534], [7.141633306492398, 52.06874553334248], [7.141343702016982, 52.07323628097946], [7.142948060532144, 52.076649691686775], [7.146446382037887, 52.07898576546443], [7.151838761321486, 52.08024416173478], [7.159125198382946, 52.080424880497844], [7.164661738228778, 52.07943754185449], [7.168448380858983, 52.07728214580473], [7.172234651494756, 52.07512662176593], [7.176020550136096, 52.0729709697381], [7.179663483065304, 52.073060624943906], [7.183163450282379, 52.07539558738334], [7.1847707701588455, 52.078808495270025], [7.184485442694704, 52.083299348603965], [7.184200045257084, 52.0877901934357], [7.183914577845986, 52.092281029765246], [7.185522859086613, 52.095693833309134], [7.189024888978966, 52.09802860406736], [7.192527283724867, 52.10036326712118], [7.196030043324318, 52.1026978224706], [7.199533167886294, 52.10503227008046], [7.203036657410795, 52.10736660995076], [7.206540512006822, 52.10970084204636], [7.210044731674374, 52.11203496636726], [7.213549316522469, 52.114368982878254], [7.217054266551108, 52.11670289157936], [7.220559581869332, 52.11903669243539], [7.224065262477141, 52.121370385446326], [7.223924129065343, 52.12361582451756], [7.2201361816339364, 52.125773009649066], [7.2163478612018395, 52.12793006682044], [7.212559167769052, 52.13008699603168], [7.212417965062437, 52.13233242668684], [7.215924253081995, 52.13466635878591], [7.221325315179502, 52.13592149094476], [7.228621151354959, 52.1360978231634], [7.235917041517224, 52.136273692036276], [7.243212985666298, 52.136449097563386], [7.24861526029391, 52.13770321509985], [7.252123865400061, 52.14003604464567], [7.253738709316924, 52.14344792744072], [7.2534597920445, 52.14793886348502], [7.253180806258691, 52.15242979117226], [7.252901751959499, 52.15692071050245], [7.254517564336765, 52.160332488404265], [7.2580282433904895, 52.16266512487771], [7.261539288746241, 52.164997653258816], [7.265050700404019, 52.16733007354757], [7.26856247847317, 52.16966238570862], [7.272074622953694, 52.171994589741985], [7.275587133954957, 52.17432668561228], [7.2791000114769595, 52.17665867331951], [7.280718198818623, 52.18007014142802], [7.280441695979948, 52.18456108993781], [7.280165125158419, 52.18905203016453], [7.279888486354038, 52.1935429621082], [7.279611779518292, 52.198033885782294], [7.2793350046511796, 52.20252480118684], [7.280954432644542, 52.205936161645006], [7.284470063498378, 52.208267967156814], [7.289881988109408, 52.20951987574148], [7.297190206477632, 52.20969188739901], [7.302739867487261, 52.208697976691134], [7.306530971138295, 52.20653814361784], [7.310321700227775, 52.204378182687535], [7.314112054755705, 52.20221809390019], [7.317765872202999, 52.20230339363824], [7.3212831525696584, 52.20463408190169], [7.324800800223217, 52.206964661754064], [7.328318815163673, 52.209295133195376], [7.333732089623281, 52.210544981988136], [7.341040623602041, 52.210714208132345], [7.348349209612956, 52.210882970003226], [7.355657847656029, 52.21105126760078], [7.361206339038277, 52.210054532751336], [7.364994683759699, 52.20789276545487], [7.36878265392079, 52.20573087051165], [7.372570249521549, 52.20356884792165], [7.376224275019728, 52.20365229077753], [7.379744730415329, 52.20598119907931], [7.3832655532543505, 52.208309998758345], [7.386786743536795, 52.21063868981464], [7.392201812086801, 52.21188579125908], [7.399510758904371, 52.21205130309167], [7.405058368377157, 52.21105245052519], [7.408844640505159, 52.20888923355963], [7.410869488484893, 52.2055619943021], [7.4111329123163605, 52.20107073275258], [7.413156982489862, 52.19774335255464], [7.416941699005397, 52.19557985370828], [7.42059513563527, 52.19566188509058], [7.424117292379479, 52.19798944670154], [7.4276398165035475, 52.200316899549215], [7.431162708007477, 52.20264424363362], [7.434685967000466, 52.204971478919155], [7.438209593482514, 52.207298605405825], [7.441733587562841, 52.20962562305803], [7.445257949241446, 52.211952531875774], [7.450674805349896, 52.21319688488057], [7.457984155888192, 52.21335868207242], [7.463530583232922, 52.212357006406705], [7.467314087384088, 52.21019185788342], [7.4710972169811996, 52.208026582081516], [7.474879972024258, 52.205861179000976], [7.478662352605954, 52.20369564868193], [7.482444358726287, 52.201529991124374], [7.484463300806119, 52.19820143097673], [7.484719178845449, 52.19370996823899], [7.484974993989339, 52.18921849735305], [7.485230746237789, 52.18472701831892], [7.485486435635653, 52.18023553112299], [7.48574206218293, 52.17574403576528], [7.484108231282798, 52.172335413799615], [7.480584942935257, 52.17000966522601], [7.476933530393633, 52.16992954537854], [7.473153993657925, 52.17209505425719], [7.469374083103556, 52.17426043596771], [7.465593798730525, 52.176425690510094], [7.461942435632555, 52.17634510677681], [7.458419993809645, 52.174018684767844], [7.456788004552401, 52.170609754501925], [7.457046467860824, 52.166118315979034], [7.455415183955177, 52.16270928200844], [7.451894152835459, 52.160382652590144], [7.448373488345363, 52.15805591441138], [7.4448531904848885, 52.15572906747214], [7.4432228860931335, 52.15231992674804], [7.443482575170098, 52.14782849223909], [7.445501673385538, 52.14450046273448], [7.449280180739452, 52.142335838234196], [7.453058314914596, 52.14017108658362], [7.456836075910971, 52.13800620778275], [7.458853934387954, 52.13467801620932], [7.459111890345548, 52.13018651186333], [7.4611289746098235, 52.126858179883676], [7.464905187180782, 52.12469302027034], [7.468552851030598, 52.12477351235153], [7.47207196615927, 52.12709965612723], [7.475591447348064, 52.12942569112715], [7.479111294596981, 52.13175161735131], [7.484519325399406, 52.13299438657711], [7.491815539755338, 52.13315399880454], [7.499111802964505, 52.1333131476048], [7.506408115026906, 52.133471832977904], [7.513704475659299, 52.133630054914036], [7.521000884861683, 52.1337878134132], [7.526535843193125, 52.13278303612903], [7.530309350653626, 52.13061572306151], [7.530434971437638, 52.12836988520456], [7.526912705545165, 52.12604552255819], [7.52150410706939, 52.12480447992479], [7.514209176010316, 52.12464675730439], [7.508801337260318, 52.123405383045295], [7.505280590819397, 52.121080357147505], [7.501760210335591, 52.11875522238684], [7.498240195808899, 52.1164299787633], [7.494720547131035, 52.11410462631234], [7.491201264301997, 52.11177916503395], [7.489568934965996, 52.10837062093265], [7.489823559123034, 52.1038789940084], [7.488191933250434, 52.1004703460489], [7.484674057348194, 52.09814467705416], [7.479270015036495, 52.096901645988744], [7.4719798063153355, 52.096741252852674], [7.464689646866787, 52.096580396729195], [7.457399536690847, 52.0964190776183], [7.451996696019575, 52.09517503016707], [7.448481124852969, 52.092848254375504], [7.448610187045235, 52.09060247409181], [7.452383882596374, 52.08843768931598], [7.456157206065114, 52.086272777554996], [7.459930157451456, 52.084107738808854], [7.460059156359903, 52.081861950197606], [7.4565442027904565, 52.079535411721274], [7.453029614242335, 52.07720876464818], [7.449515390715537, 52.07488200897831], [7.446001532101995, 52.07255514474702], [7.442488038401707, 52.0702281719543], [7.437088546994458, 52.06898315562593], [7.429803057880248, 52.0688200957619], [7.424273579090789, 52.06982050378571], [7.420500110626083, 52.07198437969734], [7.418482566922291, 52.075312064203544], [7.418220947979412, 52.07980355730432], [7.416202631888645, 52.0831311012286], [7.412427618649987, 52.08529469597639], [7.408783844130035, 52.08521244407435], [7.405271308328789, 52.08288434552249], [7.401759137504175, 52.08055613854875], [7.398247331656195, 52.07822782315312], [7.392848098469413, 52.07698072879701], [7.38556143794383, 52.076814855480436], [7.380162963357701, 52.07556743081896], [7.376652674711026, 52.07323845481259], [7.375030484979381, 52.069828268198975], [7.375296394162765, 52.06533687097811], [7.3755622381955135, 52.06084546534383], [7.375828017077625, 52.05635405129613], [7.377847868609257, 52.05302710110512], [7.38162179279041, 52.05086461477081], [7.3853953456127055, 52.04870200130043], [7.389168527076144, 52.046539260693976], [7.391187141790375, 52.04321214765304], [7.391451189755399, 52.038720662177596], [7.389829382305754, 52.03531056582231], [7.38632171944144, 52.03298185858718], [7.380928287718981, 52.03173420015942], [7.373649087138375, 52.03156759053905], [7.3682564122182, 52.03031960224335], [7.364750262958456, 52.02799023527234], [7.361244477493914, 52.02566076014475], [7.357739055824576, 52.0233311768606], [7.354233997842558, 52.021001485455024], [7.350729303547862, 52.01867168592803], [7.350863001911, 52.01642596930594], [7.354635092931972, 52.01426433558876], [7.360159218707418, 52.01326724775644], [7.367435379237335, 52.01343470580896], [7.372958792820777, 52.01243725040034], [7.376729459457742, 52.01027488153055], [7.378747292284036, 52.00694793930708], [7.379012291299658, 52.002456423729924], [7.3810293543274135, 51.99912934080092], [7.384798481367304, 51.99696669052007], [7.3885672381367495, 51.99480391326807], [7.392335624635751, 51.992641009044924], [7.3924676602618895, 51.99039522907896], [7.388963345015164, 51.98806657337019], [7.38545939282475, 51.985737809506986], [7.381955803690643, 51.98340893748935], [7.3820877747370215, 51.98116314899967], [7.385855305963884, 51.979000444037936], [7.389622467282077, 51.97683761215988], [7.393389258691601, 51.97467465336551], [7.395404162438734, 51.97134736329553], [7.395667178523476, 51.96685574194993], [7.394047531355305, 51.963445618742405], [7.390545220934221, 51.96111699367294], [7.387043273039796, 51.95878826050274], [7.383541687672032, 51.9564594192318], [7.381923006219666, 51.953049189555614], [7.382187228682698, 51.9485575714742], [7.380569243123372, 51.94514723885156], [7.377069049541687, 51.94281819168773], [7.3735692180960335, 51.94048903651103], [7.3700697487864115, 51.938159773321466], [7.368452727271452, 51.934749334329865], [7.368718153551157, 51.93025771953623], [7.368983515014013, 51.92576609611657], [7.36924881166002, 51.92127446407089], [7.367632753134862, 51.91786391875061], [7.364135339438541, 51.91553446015573], [7.360504973542328, 51.91545069939488]]]}}, {"type": "Feature", "properties": {"band": "light", "dbz": 30.0, "source": "OPERA-ORD", "time": "20260906232000"}, "geometry": {"type": "Polygon", "coordinates": [[[7.5212518291963875, 52.16190004052139], [7.517475170469816, 52.16406702149032], [7.513698138112499, 52.16623387547615], [7.509920732124435, 52.16840060247889], [7.506142952413073, 52.170567202458514], [7.502364798978414, 52.17273367541503], [7.5022381283716415, 52.1749794543549], [7.505762940592758, 52.17730453927811], [7.509288119954851, 52.17962951519295], [7.51281366645792, 52.1819543820994], [7.516339580210766, 52.184279139961866], [7.519865861213388, 52.186603788780346], [7.523392509574601, 52.18892832851919], [7.526919525294404, 52.19125275917841], [7.528557319459441, 52.19466076005869], [7.52830589206971, 52.199152331160015], [7.529944393793668, 52.20256022781004], [7.533472824631316, 52.204884450008755], [7.537001623225266, 52.20720856303807], [7.540530789575519, 52.209532566898005], [7.544060323791033, 52.21185646155284], [7.547590225871805, 52.21418024700257], [7.55301019446113, 52.215419787627795], [7.560320229559007, 52.215575083428504], [7.565864571006671, 52.214568468794845], [7.569643218804124, 52.21239994372684], [7.571656091504125, 52.20906985048987], [7.571903189106674, 52.20457818908397], [7.570261705113446, 52.20117080782983], [7.566731639524439, 52.19884770672746], [7.563201941587076, 52.196524496368305], [7.5596726113013615, 52.19420117675236], [7.559796439857431, 52.19195534272817], [7.5635734272552835, 52.18978699429574], [7.567350040569598, 52.18761851899539], [7.571126279800371, 52.18544991682714], [7.5712500474832725, 52.183204074698054], [7.5677213436183015, 52.18088099260814], [7.562304941742518, 52.179641874428185], [7.555000841855922, 52.17948672015821], [7.549585201718233, 52.178247269622915], [7.5460580213294515, 52.175923522822295], [7.5425312080863165, 52.173599666890375], [7.539004761988828, 52.171275701827156], [7.535478682928343, 52.16895162766824], [7.53195297090486, 52.166627444413656], [7.5284276258097576, 52.164303152099], [7.524902647643033, 52.16197875072428], [7.5212518291963875, 52.16190004052139]]]}}, {"type": "Feature", "properties": {"band": "light", "dbz": 30.0, "source": "OPERA-ORD", "time": "20260906232000"}, "geometry": {"type": "Polygon", "coordinates": [[[7.337929163334435, 52.171290454851274], [7.334142669998002, 52.17345136538474], [7.330355802743637, 52.175612148237605], [7.326568561571341, 52.177772803409844], [7.324538912208393, 52.1810986638312], [7.324266854654792, 52.185589729501665], [7.322236427285519, 52.188915448373876], [7.3184476301005725, 52.19107582044786], [7.312900552691995, 52.19207050388553], [7.305595195059787, 52.19189949868692], [7.300184977264048, 52.190648326935516], [7.29666989930478, 52.18831698863132], [7.295049870903037, 52.18490582559223], [7.29532489205882, 52.18041483781823], [7.297356711335182, 52.17708949963985], [7.301145328732125, 52.17492981105708], [7.304933572210798, 52.172769994688764], [7.308721441771201, 52.17061005053491], [7.312508937505154, 52.16844997863568], [7.316296059412657, 52.16628977899107], [7.32184012943096, 52.16529465963512], [7.3291411475600645, 52.16546462056782], [7.334549344969126, 52.166714700671754], [7.338064721658142, 52.16904489994695], [7.337929163334435, 52.171290454851274]]]}}, {"type": "Feature", "properties": {"band": "light", "dbz": 30.0, "source": "OPERA-ORD", "time": "20260906232000"}, "geometry": {"type": "Polygon", "coordinates": [[[7.1719783794806755, 52.107729713733775], [7.164687409729725, 52.10754979772459], [7.15739649525605, 52.10736941873941], [7.15010563605965, 52.10718857677824], [7.144564960305724, 52.108175440488395], [7.140774467994272, 52.110330009869855], [7.14062971470161, 52.11257535564989], [7.144130700427736, 52.11491147782847], [7.14952736063234, 52.11616998045219], [7.15681969531542, 52.116350863521056], [7.164112085316951, 52.11653128350909], [7.171404530636933, 52.11671124041629], [7.176945348477068, 52.115723337011616], [7.180734538837356, 52.11356757329505], [7.180877816602163, 52.11132218651217], [7.177375181771488, 52.10898717666297], [7.1719783794806755, 52.107729713733775]]]}}, {"type": "Feature", "properties": {"band": "light", "dbz": 30.0, "source": "OPERA-ORD", "time": "20260906232000"}, "geometry": {"type": "Polygon", "coordinates": [[[7.836273194804766, 51.96029403202436], [7.82900433077936, 51.96015636841984], [7.821735508740176, 51.96001824328016], [7.814466728687215, 51.95987965660533], [7.8071979909001, 51.959740608403834], [7.799929295378831, 51.95960109867566], [7.794421977984289, 51.96061943963867], [7.790676038716472, 51.962795631292856], [7.786929730051989, 51.964971697526636], [7.783183051990839, 51.96714763834001], [7.777674717756259, 51.96816491485802], [7.77040472734825, 51.968023527080675], [7.763134780076818, 51.96788167769824], [7.755864875941962, 51.9677393667107], [7.750355525511644, 51.96875557845376], [7.74660672878586, 51.9709303129274], [7.744618411450814, 51.97426391007606], [7.7443905735065055, 51.97875636989973], [7.744162679813873, 51.983248821396224], [7.743934730372919, 51.98774126456555], [7.741945198307364, 51.99107470320833], [7.738194083617208, 51.99324913732457], [7.732681461018576, 51.99426422672682], [7.725407330511466, 51.994119971415074], [7.719893992851492, 51.995134695978095], [7.716141448038653, 51.99730840041588], [7.714149620639198, 52.00064142491276], [7.7139185106531265, 52.00513376946871], [7.711925917596016, 52.008466655784424], [7.708171841467868, 52.0106400838599], [7.7026563580523115, 52.011653713356246], [7.695379467349349, 52.01150754427347], [7.689980349312468, 52.010274677717035], [7.686459003941668, 52.00795511368694], [7.684815354774952, 52.004549192505024], [7.68504940181232, 52.000056914171275], [7.683406455115829, 51.996650887911215], [7.679886514685481, 51.99433111372484], [7.674489657193433, 51.9930972514628], [7.667215882639687, 51.992949301125094], [7.659942153280675, 51.99280088893168], [7.6526684691163975, 51.99265201488258], [7.645394830427029, 51.99250267898691], [7.638121237212569, 51.99235288124467], [7.630847689753165, 51.99220262166504], [7.623574188048816, 51.992051900248015], [7.616300732379645, 51.991900717002856], [7.609027322745651, 51.99174907192955], [7.6035115910078925, 51.99275818674929], [7.599753537166369, 51.9949280614621], [7.5996325055153156, 51.9971741116086], [7.603148496054732, 51.99949633718882], [7.6066648503898975, 52.001818453811936], [7.610181568520812, 52.004140461477945], [7.610060477616242, 52.006386503251036], [7.606301577676189, 52.00855657913118], [7.602542307307309, 52.010726528793086], [7.598782666509603, 52.01289635223674], [7.596781298870959, 52.01622728455824], [7.596538204391378, 52.020719325757625], [7.5962950503735, 52.025211358613305], [7.596051836817325, 52.029703383125295], [7.594049244477109, 52.0330341551663], [7.590287273352851, 52.03520367473633], [7.584766003236448, 52.03621160133705], [7.577485434127898, 52.03605793496845], [7.571963448776319, 52.03706549531502], [7.568200047181711, 52.03923428237675], [7.566195148829994, 52.042564636647654], [7.5659487537211705, 52.04705655812772], [7.567584795159134, 52.05046410359353], [7.571103273143886, 52.052787273045084], [7.5765042682634265, 52.05402572582463], [7.583787780517755, 52.05417946193218], [7.589189532006198, 52.055417583176926], [7.592709522728754, 52.057740089558884], [7.594347672735293, 52.06114732176742], [7.594103982025816, 52.06563927980254], [7.5920995594120795, 52.06896996727622], [7.5883344048940815, 52.07113938418845], [7.584568878673267, 52.073308674640366], [7.5808029807496355, 52.07547783863197], [7.580680677217187, 52.077723796547815], [7.584201968075922, 52.080046548387905], [7.589606626634534, 52.081284381877026], [7.596894652893022, 52.08143729701516], [7.602300068861474, 52.082674798660825], [7.605822874539893, 52.08499688681401], [7.609346045722469, 52.0873188658093], [7.612869582409205, 52.08964073564669], [7.616393484707835, 52.09196249629065], [7.61991775261836, 52.09428414774118], [7.62344238624854, 52.09660568996274], [7.626967385598375, 52.098927122955345], [7.632375512991498, 52.10016294251748], [7.639666768427912, 52.10031314864915], [7.64507565372255, 52.101548635905566], [7.648602168875417, 52.103869404286726], [7.652129050000269, 52.106190063315154], [7.6556562970971065, 52.108510612990834], [7.659183910273707, 52.110831053278176], [7.662711889530072, 52.11315138417718], [7.666240234974, 52.115471605652225], [7.669768946605491, 52.11779171770332], [7.675180544040961, 52.119025520983016], [7.682475027280409, 52.11917301549132], [7.688004415811209, 52.11816043720383], [7.691768709633359, 52.115987786120556], [7.695532630950836, 52.11381500884717], [7.699296179763637, 52.111642105383666], [7.704824546911189, 52.110628457661335], [7.712117732393488, 52.11077406568015], [7.7176453801436455, 52.10976005193363], [7.721407490161661, 52.10758641642177], [7.725169227863785, 52.105412654851605], [7.728930593250018, 52.10323876722315], [7.732691586413252, 52.10106475357607], [7.736452207353486, 52.09889061391038], [7.740212456163606, 52.09671634826573], [7.743972332843614, 52.09454195664212], [7.747731837486391, 52.09236743907921], [7.75149097009194, 52.09019279557698], [7.755249730753136, 52.08801802617511], [7.75900811946998, 52.085843130873556], [7.762766136335349, 52.083668109711944], [7.766523781349242, 52.08149296269028], [7.766637237657894, 52.07924680336345], [7.763106505261304, 52.07692963173146], [7.759576138483211, 52.074612350417254], [7.7560461373236125, 52.072294959420844], [7.752516501675303, 52.06997745877784], [7.7489872315382815, 52.06765984848826], [7.7454583268053625, 52.0653421285877], [7.741929787476547, 52.063024299076176], [7.740279939946985, 52.05961922886007], [7.740508784216678, 52.05512691793939], [7.740737572420409, 52.0506345988011], [7.740966304558175, 52.04614227144522], [7.742958229899104, 52.04280883855322], [7.746713348443193, 52.04063430012511], [7.75223173493622, 52.03961831550764], [7.759513389378185, 52.0397608847008], [7.765031058780004, 52.03874453502807], [7.768784743141679, 52.03656926648945], [7.772538056654384, 52.03439387226458], [7.776290999318121, 52.03221835235345], [7.77993152362981, 52.03228893527999], [7.78345962958945, 52.0346056210442], [7.783347186691504, 52.03685183742499], [7.779594194935972, 52.03902758442237], [7.7758408322424195, 52.041203205746186], [7.772087098610847, 52.043378701396435], [7.771974600606065, 52.04562490955953], [7.775503338228072, 52.047941830235466], [7.779032440969047, 52.05025864123273], [7.78256190882899, 52.05257534255132], [7.78609174191486, 52.05489193415564], [7.789621940226657, 52.05720841604568], [7.795029468513913, 52.05843658596842], [7.80231432677663, 52.05857644392388], [7.809599227652145, 52.05871583920325], [7.816884171140461, 52.05885477180652], [7.822402889131433, 52.05783567107008], [7.826155381625062, 52.055658536993924], [7.826265725375943, 52.053412289428934], [7.822733920384074, 52.05109692837513], [7.819202480617658, 52.048781457485134], [7.815671406076695, 52.046465876758944], [7.815781695761835, 52.04421962101409], [7.819533349673079, 52.04204269025058], [7.823284632657451, 52.039865633970095], [7.827035544714953, 52.03768845217263], [7.8307860859383585, 52.035511144897654], [7.83453625632767, 52.033333712145165], [7.838176950773797, 52.03340244541465], [7.841708169276739, 52.03571734470613], [7.8433646198578835, 52.03912107762335], [7.843146302517231, 52.043613644166314], [7.844803459465208, 52.04701727086779], [7.8483360907018165, 52.04933195772777], [7.8537442676188824, 52.05055736393046], [7.861027990216403, 52.05069348947584], [7.8665446608031715, 52.049672256145456], [7.870294279379186, 52.047493663939306], [7.870402360461604, 52.0452473615551], [7.866868904050426, 52.042933348992825], [7.863335812791913, 52.04061922645569], [7.859803086686064, 52.038304993943676], [7.8599111148209415, 52.0360586833895], [7.863659897196546, 52.033880294793164], [7.8691747189715695, 52.032858669996266], [7.876455580146013, 52.03299380899879], [7.88186278587517, 52.03421815762471], [7.885396336159041, 52.036531715874005], [7.888930251558821, 52.038845164079135], [7.89246453207451, 52.04115850224009], [7.896105392152264, 52.04122538571725], [7.899852831792081, 52.03904581451063], [7.901832713922561, 52.03570967614586], [7.9020450385437035, 52.031216970622964], [7.900384379130537, 52.02781406584213], [7.89685073568306, 52.02550096180336], [7.893317457101634, 52.0231877477225], [7.889784543386259, 52.02087442359955], [7.888124879941628, 52.01747140757331], [7.888338466767743, 52.01297869964377], [7.890317775418682, 52.00964263859313], [7.894062805894445, 52.00746322442137], [7.897807466189796, 52.005283685099926], [7.901551756304732, 52.0031040206288], [7.90352985592591, 51.9997678028641], [7.903741765053333, 51.99527503180583], [7.90395362233617, 51.99078225252126], [7.904165427774425, 51.986289465010366], [7.902506215340449, 51.98288653650119], [7.898975985034243, 51.98057346699374], [7.893574806237327, 51.97934991632839], [7.886302678949703, 51.97921588450514], [7.8809022513065035, 51.97799200061474], [7.877373523307728, 51.9756782646572], [7.873845159145434, 51.973364418839644], [7.870317158819621, 51.971050463162086], [7.864917910508975, 51.96982556124505], [7.857647414213497, 51.96968971308854], [7.852248916864959, 51.968464478230686], [7.84872241846336, 51.96614985667148], [7.845196283651289, 51.96383512537556], [7.841670512428743, 51.96152028434293], [7.836273194804766, 51.96029403202436]]]}}, {"type": "Feature", "properties": {"band": "light", "dbz": 30.0, "source": "OPERA-ORD", "time": "20260906232000"}, "geometry": {"type": "Polygon", "coordinates": [[[5.535827433955282, 51.95664097672949], [5.528568563190198, 51.95635730279068], [5.523011348104866, 51.9572656146307], [5.519155788699288, 51.959365912249545], [5.517001737511091, 51.96265853321853], [5.516549194540276, 51.96714347753763], [5.516096541048954, 51.971628411737136], [5.515643777037126, 51.97611333581705], [5.5171199402880475, 51.979548164374506], [5.520525030801718, 51.9819328974095], [5.525859196281947, 51.98326719710339], [5.533122436728737, 51.98355106345616], [5.538682403128637, 51.982642531197904], [5.542539095481648, 51.9805416003286], [5.5446923667510735, 51.97724860869984], [5.545142216936913, 51.97276355631163], [5.545591957307405, 51.968278493836166], [5.546041587862547, 51.96379342127345], [5.544564019689545, 51.9603588671688], [5.541159252788397, 51.9579748315222], [5.535827433955282, 51.95664097672949]]]}}, {"type": "Feature", "properties": {"band": "light", "dbz": 30.0, "source": "OPERA-ORD", "time": "20260906232000"}, "geometry": {"type": "Polygon", "coordinates": [[[7.441436536984667, 52.02523085746391], [7.437667751400817, 52.02739534887618], [7.435653604315188, 52.030723401648366], [7.435394095727781, 52.035215015780466], [7.437019714998007, 52.038624402654904], [7.440530462125866, 52.0409515622717], [7.445926421963714, 52.04219615418904], [7.453207594511548, 52.04235817840692], [7.458732658051291, 52.04135660444021], [7.462501612582942, 52.039191432288895], [7.462630295746417, 52.036945601836365], [7.459118707541716, 52.0346191130826], [7.455607483469246, 52.0322925158227], [7.452096623529006, 52.02996581005664], [7.448586127613313, 52.02763899581964], [7.445075995722165, 52.025312073111735], [7.441436536984667, 52.02523085746391]]]}}, {"type": "Feature", "properties": {"band": "light", "dbz": 30.0, "source": "OPERA-ORD", "time": "20260906232000"}, "geometry": {"type": "Polygon", "coordinates": [[[5.699883648775502, 51.91790748329555], [5.692630193404707, 51.91763424522094], [5.68708130918407, 51.918550582777286], [5.683236996113591, 51.920656495964586], [5.681097112425624, 51.92395232219281], [5.6806616581201705, 51.92843806146196], [5.682149087316035, 51.931870875066416], [5.685559400013219, 51.93425076300617], [5.6908927381088965, 51.935577387710616], [5.69814910160307, 51.93585074917976], [5.7036995813850915, 51.934934135814565], [5.707544177454963, 51.932827547615034], [5.709682748581049, 51.929531322183436], [5.710115294763348, 51.92504545951977], [5.708626270006098, 51.92161292172417], [5.705215674309299, 51.919233708796625], [5.699883648775502, 51.91790748329555]]]}}, {"type": "Feature", "properties": {"band": "light", "dbz": 30.0, "source": "OPERA-ORD", "time": "20260906232000"}, "geometry": {"type": "Polygon", "coordinates": [[[7.626687201484621, 51.83133931551587], [7.622944040213586, 51.833510129564644], [7.620952821915207, 51.83684174400517], [7.620713546589483, 51.84133415883746], [7.618721568295708, 51.84466563477613], [7.614976887033883, 51.84683617182117], [7.609479580920193, 51.84784543131403], [7.602229649954638, 51.84769341325472], [7.594979765034883, 51.847540935048144], [7.587729926160927, 51.84738799669432], [7.5822316169960144, 51.848396192917086], [7.578484837540145, 51.85056552371643], [7.576489508492859, 51.85389632773349], [7.576245629854155, 51.85838860496825], [7.574249539571033, 51.86171927011186], [7.570501237643494, 51.863888323164325], [7.566752568163752, 51.866057250274494], [7.563003531131805, 51.868226051442356], [7.561006225321482, 51.871556556020536], [7.560760650732783, 51.87604876400903], [7.56051501621242, 51.88054096340934], [7.560269321760392, 51.88503315422148], [7.5600235673342855, 51.889525336459066], [7.5597777529340995, 51.894017510122104], [7.561407975548707, 51.89742532671257], [7.564914235178108, 51.899748786230454], [7.570296611899764, 51.900987549534285], [7.577555105713677, 51.90114161662405], [7.584813646056461, 51.90129522295413], [7.592072232928116, 51.90144836852454], [7.597455794535225, 51.90268611900301], [7.600964330877789, 51.90500847438953], [7.602597762983677, 51.908415773870665], [7.602356090852886, 51.9129080174464], [7.602114359688324, 51.91740025251477], [7.601872569489988, 51.92189247907575], [7.6035069762603, 51.925299669988114], [7.607017579999262, 51.92762182525185], [7.612404459529954, 51.928858605420345], [7.619667614852378, 51.92901001049362], [7.6251747371233645, 51.928000320822335], [7.628925826342915, 51.925829536406496], [7.630920804361601, 51.92249799671028], [7.6311596711794225, 51.91800570173368], [7.631398479675495, 51.913513398266986], [7.631637229849818, 51.90902108631019], [7.631875921743672, 51.90452876584965], [7.632114555357058, 51.900036436885344], [7.632353130731214, 51.895544099403644], [7.632591647866142, 51.891051753404525], [7.632830106803043, 51.88655939887435], [7.633068507541916, 51.882067035813115], [7.633306850123924, 51.87757466420715], [7.633545134549069, 51.87308228405646], [7.6355370885136695, 51.869750499481526], [7.639282712017728, 51.867579310482334], [7.643027967981234, 51.865407995799046], [7.646772856404189, 51.86323655543167], [7.6468915471697105, 51.86099034405443], [7.643384040277801, 51.85866936166733], [7.639876894433295, 51.856348270511134], [7.636370109636193, 51.854027070585836], [7.636488742524795, 51.85178085063399], [7.640232793099104, 51.84960961065561], [7.643976476491, 51.84743824504659], [7.647719792700485, 51.84526675380694], [7.647838367753068, 51.84302052526684], [7.644332201648748, 51.840699559426284], [7.640826396241355, 51.83837848485303], [7.6373209515308895, 51.83605730154709], [7.633815867411776, 51.83373600954346], [7.630311143884018, 51.83141460884214], [7.626687201484621, 51.83133931551587]]]}}, {"type": "Feature", "properties": {"band": "light", "dbz": 30.0, "source": "OPERA-ORD", "time": "20260906232000"}, "geometry": {"type": "Polygon", "coordinates": [[[7.364068933485186, 51.82445159058602], [7.356823551354095, 51.824284005672354], [7.351322829781148, 51.82528108049463], [7.347566768766343, 51.82744281505284], [7.343810340805705, 51.82960442296441], [7.340053545899233, 51.83176590422934], [7.3362963839573645, 51.8339272588083], [7.332538854980099, 51.8360884867013], [7.3305258414280905, 51.83941493806962], [7.330257343301341, 51.84390661291329], [7.329988779708216, 51.84839827898041], [7.329720150648719, 51.85288993627097], [7.329451456076567, 51.8573815847985], [7.329182695991762, 51.86187322456303], [7.327167994370983, 51.865199489801604], [7.323407351214227, 51.86736038051424], [7.319646340305922, 51.86952114438024], [7.315884961646065, 51.87168178139961], [7.31386903242494, 51.875007883112545], [7.313598552642545, 51.87949944951906], [7.311581858166259, 51.88282541034011], [7.307818948996084, 51.88498576557571], [7.304055671715473, 51.88714599385834], [7.300292026324429, 51.889306095188005], [7.300156322812386, 51.89155185565523], [7.303648561179345, 51.89388327526001], [7.309023042247248, 51.8951343106208], [7.316279766016098, 51.89530496173761], [7.321789641246144, 51.894309883787145], [7.325552667937386, 51.89214907676942], [7.329315326428844, 51.8899881428625], [7.333077616720515, 51.88782708206637], [7.3368395389023275, 51.88566589442054], [7.340601092974282, 51.88350457992501], [7.3443622790262975, 51.88134313861923], [7.348123097058377, 51.87918157050322], [7.353630563442062, 51.878184692338166], [7.360884678177352, 51.87835250412408], [7.366391437621138, 51.87735525954646], [7.370150841773419, 51.875192958605325], [7.372162804233464, 51.87186594007147], [7.372427325001275, 51.867374203944934], [7.3726917812724935, 51.86288245909759], [7.372956173047118, 51.858390705529445], [7.374966910568554, 51.85506352408466], [7.3787239938367986, 51.85290091476324], [7.382480709713717, 51.85073817885593], [7.386237058199311, 51.848575316362734], [7.389993039383427, 51.84641232732301], [7.393748653266065, 51.844249211736766], [7.397503899937071, 51.842085969643335], [7.401258779396447, 51.83992260104273], [7.401389723364393, 51.837676674331085], [7.397896731840909, 51.83534818950838], [7.39252671759041, 51.83410105554515], [7.385279680612894, 51.83393527244137], [7.37991041496464, 51.83268781004104], [7.37641892064565, 51.83035866834414], [7.372927786252299, 51.82802941888248], [7.369437011784587, 51.825700061656065], [7.364068933485186, 51.82445159058602]]]}}, {"type": "Feature", "properties": {"band": "light", "dbz": 30.0, "source": "OPERA-ORD", "time": "20260906232000"}, "geometry": {"type": "Polygon", "coordinates": [[[7.493722554387251, 51.873473256539455], [7.489969321362899, 51.87563964091596], [7.486215720507667, 51.87780589902574], [7.4824617518215515, 51.87997203086878], [7.478707415214144, 51.882138036405735], [7.474952710685443, 51.88430391563661], [7.472948074011197, 51.887632835259396], [7.472693505191405, 51.892124795274114], [7.474317018062221, 51.89553383376596], [7.477818612623644, 51.89785995073494], [7.483198371802073, 51.89910280712313], [7.490456295597507, 51.89926240293053], [7.495962692312327, 51.89825892223278], [7.499717561946534, 51.89609236502986], [7.501720822245375, 51.89276307039823], [7.501972473208848, 51.888271038337884], [7.502224062777999, 51.88377899766725], [7.502475590952825, 51.87928694838635], [7.500850809005035, 51.87587820889722], [7.49734971693463, 51.87355277919987], [7.493722554387251, 51.873473256539455]]]}}, {"type": "Feature", "properties": {"band": "light", "dbz": 30.0, "source": "OPERA-ORD", "time": "20260906232000"}, "geometry": {"type": "Polygon", "coordinates": [[[5.29636830384101, 51.739870213378666], [5.289145858238536, 51.739571527108126], [5.283610750422751, 51.74046840461016], [5.279762980393656, 51.742560845884775], [5.277602394788715, 51.74584918606527], [5.2771289936079295, 51.75033342515166], [5.278580196278993, 51.753771477203884], [5.281956002801906, 51.75616334222196], [5.287256566678603, 51.75750868491401], [5.294481887909084, 51.75780750528003], [5.300018586644235, 51.756910359596034], [5.303866662884058, 51.75481724786202], [5.306025963780468, 51.75152850540409], [5.3064964893334645, 51.74704413222224], [5.305043695743034, 51.743606348351975], [5.301667583009177, 51.74121515379328], [5.29636830384101, 51.739870213378666]]]}}, {"type": "Feature", "properties": {"band": "light", "dbz": 30.0, "source": "OPERA-ORD", "time": "20260906232000"}, "geometry": {"type": "Polygon", "coordinates": [[[5.729873808491851, 51.756953729954326], [5.722646237104788, 51.756682512993144], [5.717118075061929, 51.7576004735884], [5.7132893223632735, 51.75970761174009], [5.709460203675248, 51.76181461752562], [5.705630718997854, 51.763921490944995], [5.701800868248124, 51.766028231957826], [5.697970651426057, 51.76813484056411], [5.69775513221597, 51.770377902666844], [5.701154310617863, 51.77275741826604], [5.70646904548173, 51.7740833037544], [5.713699336807571, 51.77435555913195], [5.720929709757462, 51.77462735623843], [5.728160164331403, 51.77489869507385], [5.733689907181683, 51.773980459438356], [5.737518938308304, 51.77187264933195], [5.7396471187625115, 51.76857560082721], [5.740074448544306, 51.76408931392416], [5.7385879836227485, 51.76065696246321], [5.735187723997837, 51.758278546444345], [5.729873808491851, 51.756953729954326]]]}}, {"type": "Feature", "properties": {"band": "light", "dbz": 30.0, "source": "OPERA-ORD", "time": "20260906232000"}, "geometry": {"type": "Polygon", "coordinates": [[[7.300835128092764, 51.67003535492584], [7.293614856506506, 51.669863829035705], [7.286394636321898, 51.669691845169154], [7.279174467538938, 51.66951940332617], [7.273691043747067, 51.6705128545], [7.2699443649462845, 51.672672198690634], [7.2679343426547804, 51.67599777256426], [7.267660976872555, 51.6804895761209], [7.26926167126567, 51.68390172700286], [7.272736425834126, 51.68623422521014], [7.276211537353954, 51.68856661631127], [7.279687005825154, 51.69089890030624], [7.281288645845078, 51.69431094537016], [7.281016457413727, 51.69880275150306], [7.282618782279923, 51.7022146945786], [7.286095620443666, 51.70454677459679], [7.289572815942087, 51.706878747422664], [7.293050368775186, 51.709210613056214], [7.294653640900969, 51.71262245021802], [7.2943826323194365, 51.71711425890808], [7.29598659017206, 51.720525993972075], [7.299465514458838, 51.72285765540998], [7.302944796464102, 51.72518920956926], [7.306424436187852, 51.72752065644992], [7.3099044337356345, 51.72985199601747], [7.313384789107451, 51.732183228271936], [7.318740257186768, 51.73343382476133], [7.325970837973586, 51.73360378548564], [7.331460518067107, 51.732608110991755], [7.3352092974673315, 51.73044680127968], [7.338957711878624, 51.728285365168176], [7.342705761300987, 51.72612380265725], [7.346453445823272, 51.72396211378601], [7.350200765445478, 51.721800298554456], [7.352207040243167, 51.718473410307205], [7.352472270216339, 51.713981449044255], [7.350864562781377, 51.71057041428574], [7.3473839179382825, 51.70824030603167], [7.343903630581636, 51.70591009037954], [7.340423700711437, 51.703579767329344], [7.338816943635885, 51.700168626118014], [7.339083359354982, 51.69567666674555], [7.3410890183470805, 51.69234984997046], [7.344833920612178, 51.69018817579276], [7.348578458684969, 51.68802637536278], [7.35232263256545, 51.68586444868052], [7.352455382837832, 51.68361844602437], [7.348976709502114, 51.68128836739433], [7.3436263636791175, 51.680038920198974], [7.336404345368844, 51.679870104438294], [7.330920942741741, 51.68086630906187], [7.327176155797812, 51.6830275340697], [7.323431004749208, 51.68518863276216], [7.319685489595932, 51.68734960513926], [7.316074195977436, 51.687264500554946], [7.312597123893719, 51.68493331900922], [7.310993108240777, 51.681521768590166], [7.311262149018608, 51.67702984929778], [7.309658818027116, 51.67361819670642], [7.306183115266301, 51.67128681081608], [7.300835128092764, 51.67003535492584]]]}}, {"type": "Feature", "properties": {"band": "light", "dbz": 30.0, "source": "OPERA-ORD", "time": "20260906232000"}, "geometry": {"type": "Polygon", "coordinates": [[[7.015049989040665, 51.61790568741808], [7.007839065324607, 51.61771605900208], [7.0006281982415315, 51.61752597333751], [6.993417387791437, 51.61733543042436], [6.986206634245014, 51.61714443027404], [6.97899593760226, 51.61695297288655], [6.971785298133831, 51.61676105827337], [6.964574715839727, 51.61656868643449], [6.95909074785452, 51.61754698759202], [6.955333394178211, 51.61969596174596], [6.9533025564475, 51.623015944778395], [6.952998234662388, 51.627506936689315], [6.950966637859925, 51.63082677672895], [6.947207766040112, 51.63297546489731], [6.941721717926537, 51.633952665164344], [6.934508493519201, 51.633758377530064], [6.929021751860473, 51.63473521065366], [6.925261492950353, 51.63688316453513], [6.923227617357222, 51.64020257519566], [6.922920125081081, 51.64469344263525], [6.92449348101736, 51.64811035497623], [6.9279476851660595, 51.6504533122186], [6.9314022448069315, 51.65279616363706], [6.934857159939975, 51.65513890923162], [6.9383124306711, 51.657481548968306], [6.9417680570003055, 51.659824082847116], [6.947104697225566, 51.661092101194285], [6.95432235134688, 51.6612856040098], [6.961540063124974, 51.66147864910111], [6.96875783255985, 51.66167123646822], [6.974246680620479, 51.66069275330847], [6.978006607306864, 51.65854319962184], [6.981766170261177, 51.65639351845128], [6.985525369483417, 51.65424370979681], [6.989133980397277, 51.65433930616041], [6.992592003002755, 51.6566803075421], [6.992441382151043, 51.658925824660436], [6.988682117842142, 51.661075857515414], [6.984922489712053, 51.66322576289814], [6.981162497760776, 51.66537554080862], [6.981011803802546, 51.667621048638466], [6.984470407837362, 51.6699622863877], [6.987929367868527, 51.67230341807449], [6.991388683896043, 51.67464444369883], [6.994848356025832, 51.67698536322666], [6.9983083842578955, 51.67932617665797], [7.001918491852162, 51.679421357979315], [7.005678678808633, 51.677270907190696], [7.00943850167651, 51.67512032896482], [7.013197960455795, 51.672969623301704], [7.018687522397945, 51.671988754318335], [7.02590718750296, 51.6721777220147], [7.031396053631633, 51.671196486128835], [7.035154120783965, 51.66904504666074], [7.037181292741828, 51.66572374008673], [7.037477569505219, 51.66123256640681], [7.039503981795178, 51.65791111737857], [7.0432605296117075, 51.65575939300199], [7.047016713776132, 51.653607541384225], [7.050772534288454, 51.651455562525264], [7.050920205253509, 51.64920995127965], [7.0474597266712955, 51.64687070764739], [7.043999603730111, 51.64453135779827], [7.0405398364299545, 51.6421919017323], [7.040687435780921, 51.63994628121402], [7.044442401783009, 51.637794496243416], [7.048197004485072, 51.63564258408651], [7.051951243887114, 51.633490544743296], [7.052098771674274, 51.63124491493895], [7.048639587846555, 51.628905694673485], [7.0433037033924855, 51.627642163842374], [7.036091118312061, 51.627454322445615], [7.030755976336078, 51.626190467281035], [7.027298277464533, 51.623850598348625], [7.023840933746245, 51.62151062331833], [7.0203839451812104, 51.61917054219016], [7.015049989040665, 51.61790568741808]]]}}, {"type": "Feature", "properties": {"band": "light", "dbz": 30.0, "source": "OPERA-ORD", "time": "20260906232000"}, "geometry": {"type": "Polygon", "coordinates": [[[19.79951778581523, 51.0973008037566], [19.79645945208767, 51.09983498733013], [19.793400794822126, 51.102369088576374], [19.79034181401859, 51.10490310749535], [19.787282509563894, 51.107437044060994], [19.784222881458035, 51.1099708982733], [19.784702944300182, 51.112195321846386], [19.788722698090332, 51.114110314780255], [19.794272412096426, 51.11475801828992], [19.801352086318467, 51.114138432375356], [19.806421211012164, 51.11256141768395], [19.809479786177523, 51.11002697421567], [19.810528116311126, 51.106535420414296], [19.809566201412967, 51.102086756279846], [19.80707567114267, 51.09890524615192], [19.803056525500228, 51.09699089003053], [19.79951778581523, 51.0973008037566]]]}}, {"type": "Feature", "properties": {"band": "light", "dbz": 30.0, "source": "OPERA-ORD", "time": "20260906232000"}, "geometry": {"type": "Polygon", "coordinates": [[[7.678609018867959, 51.35452232892354], [7.671437844992361, 51.3543748975937], [7.666001554765392, 51.355387506994646], [7.662300148187056, 51.35756015712636], [7.660333550843061, 51.3608931819086], [7.660101762733406, 51.365386581341376], [7.661721387181572, 51.36879367216559], [7.665192424187556, 51.37111445438125], [7.670514948232787, 51.37234859391067], [7.677688959317264, 51.37249609075384], [7.684863013620684, 51.372643132826525], [7.6920371111430486, 51.37278972012871], [7.697474604025776, 51.37177611920177], [7.701175492268867, 51.36960233004572], [7.701289640554345, 51.367355594100005], [7.69781704888221, 51.365035911364615], [7.6943448088646305, 51.36271612074562], [7.690872920501604, 51.36039622224301], [7.687401383691508, 51.35807621589089], [7.683930198434342, 51.355756101689266], [7.678609018867959, 51.35452232892354]]]}}, {"type": "Feature", "properties": {"band": "light", "dbz": 30.0, "source": "OPERA-ORD", "time": "20260906232000"}, "geometry": {"type": "Polygon", "coordinates": [[[7.666577150875918, 51.30929228026361], [7.659413144628142, 51.309144104316616], [7.653982015834144, 51.31015617064385], [7.650283764493923, 51.312328479245316], [7.648318316004137, 51.31566136359964], [7.648085670364785, 51.320154823706815], [7.6478529687056875, 51.324648274413285], [7.647620211026843, 51.329141715719054], [7.649237668575099, 51.332549032209286], [7.652705341350457, 51.33487022388396], [7.6580233040766625, 51.336104957021234], [7.665191556753713, 51.3362532316211], [7.670625264813468, 51.33524089392907], [7.674324428255925, 51.33306794394513], [7.676288973000327, 51.329734715407795], [7.676518899046676, 51.32524120831706], [7.676748769753216, 51.320747691842016], [7.6769785851199455, 51.316254165982656], [7.675359908102434, 51.31284714434901], [7.671892738700683, 51.31052662694108], [7.666577150875918, 51.30929228026361]]]}}, {"type": "Feature", "properties": {"band": "light", "dbz": 30.0, "source": "OPERA-ORD", "time": "20260906232000"}, "geometry": {"type": "Polygon", "coordinates": [[[7.625795430119347, 51.300570683594216], [7.62209661559969, 51.3027420769976], [7.6183974444870515, 51.304913346182204], [7.614697916781433, 51.30708449114803], [7.610998032395823, 51.309255511857124], [7.6072977913302235, 51.31142640830947], [7.605329225513353, 51.31475853652152], [7.605092334945208, 51.319251896493284], [7.606706272347722, 51.3226598250571], [7.610171037720892, 51.324982322212975], [7.613753948394242, 51.32505802450013], [7.61745500436777, 51.322886931918546], [7.621155703405099, 51.32071571506647], [7.624856045506233, 51.3185443739439], [7.628556030758287, 51.316372908588804], [7.632255659161263, 51.31420131900119], [7.634222447382339, 51.31086880131993], [7.634456395421511, 51.306375355545015], [7.632841236425617, 51.302967721216305], [7.629376970394656, 51.300645898333784], [7.625795430119347, 51.300570683594216]]]}}, {"type": "Feature", "properties": {"band": "light", "dbz": 30.0, "source": "OPERA-ORD", "time": "20260906232000"}, "geometry": {"type": "Polygon", "coordinates": [[[5.253871506839043, 51.19869948686277], [5.250069315281749, 51.20079167171804], [5.246266768561419, 51.202883724207446], [5.242463866678053, 51.20497564433098], [5.23866060955384, 51.207067432049236], [5.234856997188779, 51.20915908736221], [5.234622454835478, 51.211401651289115], [5.237956982493934, 51.21379512382997], [5.243193759357956, 51.21514244953807], [5.250332785427544, 51.21544362841343], [5.255803849210764, 51.214548037774996], [5.259606950707617, 51.212455677622756], [5.261741940369935, 51.209166878044826], [5.262208818197715, 51.204681639041205], [5.260774843488127, 51.20124261326333], [5.257440016241168, 51.1988498007112], [5.253871506839043, 51.19869948686277]]]}}, {"type": "Feature", "properties": {"band": "light", "dbz": 30.0, "source": "OPERA-ORD", "time": "20260906232000"}, "geometry": {"type": "Polygon", "coordinates": [[[7.648021135994022, 51.148087195481835], [7.644335902714962, 51.150259502910664], [7.640650315743698, 51.152431686607486], [7.636964375080226, 51.15460374657229], [7.631551505385115, 51.15561460969092], [7.624411706658365, 51.15546427596337], [7.618998154309216, 51.15647478082896], [7.6153108483376695, 51.1586461242877], [7.611623188499191, 51.16081734388953], [7.607935174793781, 51.162988439634475], [7.60252065489355, 51.1639978992134], [7.595379628798499, 51.16384572262632], [7.588238647035056, 51.16369309363486], [7.581097709603224, 51.163540012239], [7.5739568167647, 51.16338647844769], [7.566815968519484, 51.16323249226092], [7.5614001978309835, 51.16424021912503], [7.557709504699196, 51.16640965904002], [7.555743812226197, 51.169741144029864], [7.555503120411986, 51.17423467409457], [7.557108477066189, 51.17764350128532], [7.560559882188807, 51.1799676256021], [7.564011635268724, 51.18229164288758], [7.567463736305937, 51.18461555314174], [7.569070027965101, 51.188024271031026], [7.568830510246216, 51.19251779655544], [7.570437472612897, 51.19592641105776], [7.573890915065145, 51.19825011453798], [7.579190914230034, 51.199488574632625], [7.586337470107566, 51.19964179134171], [7.591756601799191, 51.19863313937959], [7.595448309304912, 51.19646261874626], [7.599139662261979, 51.19429197410365], [7.602830660670394, 51.19212120545177], [7.606521304616374, 51.18995031282834], [7.610211594099919, 51.18777929623336], [7.613901529207244, 51.18560815570453], [7.617591109938347, 51.18343689124185], [7.62128033637944, 51.18126550288303], [7.624969208530523, 51.179093990628076], [7.628657726477803, 51.176922354514645], [7.632345890221278, 51.174750594542736], [7.6360336998471565, 51.172578710750024], [7.6397211553554385, 51.17040670313651], [7.6434082568323225, 51.16823457173983], [7.64709500427781, 51.16606231656001], [7.6507813977781005, 51.163889937634664], [7.654467437333191, 51.16171743496382], [7.6564257782101945, 51.15838428202175], [7.65665642040911, 51.153890478808464], [7.655044744289814, 51.15048294334323], [7.651590749852306, 51.14816167562603], [7.648021135994022, 51.148087195481835]]]}}, {"type": "Feature", "properties": {"band": "light", "dbz": 30.0, "source": "OPERA-ORD", "time": "20260906232000"}, "geometry": {"type": "Polygon", "coordinates": [[[7.523652562607708, 51.03632135632762], [7.516531651930482, 51.036164236538525], [7.511129842780562, 51.03716964791346], [7.5074471351579515, 51.03933759045245], [7.503764075845737, 51.04150540907169], [7.500080664843917, 51.043673103771184], [7.496396902067582, 51.04584067451346], [7.492712787516729, 51.04800812129851], [7.490747644107293, 51.05133865056676], [7.490501471839275, 51.055832262318205], [7.488535598350198, 51.05916265388138], [7.484850023640066, 51.0613298252563], [7.48116409681733, 51.06349687257332], [7.47747781788199, 51.065663795832435], [7.477354294441625, 51.06791057810206], [7.4807935264962335, 51.070237219382165], [7.4860762963040255, 51.07148007178968], [7.493202603864999, 51.0716391353246], [7.498486091460374, 51.07288166426271], [7.50192675909015, 51.07520765860402], [7.505367772616345, 51.077533546335594], [7.508809132038958, 51.07985932745742], [7.512372703560688, 51.07993819088035], [7.516058487181535, 51.07777013660438], [7.5180231867805105, 51.07443928855688], [7.518266802357612, 51.06994564673787], [7.52023077147016, 51.066614661145394], [7.523915094118152, 51.06444633177945], [7.527599064658886, 51.06227787850374], [7.531282683092359, 51.06010930131826], [7.533245486114135, 51.05677815482509], [7.533487473724217, 51.052284439024234], [7.533729403473629, 51.04779071333728], [7.533971275362372, 51.043296977764236], [7.532372412966638, 51.03988756153883], [7.528932816286427, 51.037562464661065], [7.523652562607708, 51.03632135632762]]]}}, {"type": "Feature", "properties": {"band": "light", "dbz": 30.0, "source": "OPERA-ORD", "time": "20260906232000"}, "geometry": {"type": "Polygon", "coordinates": [[[5.038610229675362, 50.93708811350503], [5.034820351729612, 50.939173353053434], [5.031030123545515, 50.941258460242466], [5.027239545123068, 50.94334343507211], [5.0234486163867595, 50.94542827750343], [5.019657337336588, 50.94751298753641], [5.019414207128349, 50.94975530730042], [5.022719225762042, 50.95215523679544], [5.027920324549786, 50.95351249513328], [5.035017503491581, 50.953827082313936], [5.042114772420526, 50.954141220898514], [5.049212131336625, 50.954454910887], [5.054655903560371, 50.95356880883575], [5.058446089091763, 50.951482914744744], [5.058687843163196, 50.94924052621718], [5.055381165774668, 50.946841643253066], [5.0520748260144455, 50.94444266226337], [5.048768823882528, 50.942043583248115], [5.045463159274487, 50.939644406238074], [5.04215783219032, 50.93724513123324], [5.038610229675362, 50.93708811350503]]]}}, {"type": "Feature", "properties": {"band": "light", "dbz": 30.0, "source": "OPERA-ORD", "time": "20260906232000"}, "geometry": {"type": "Polygon", "coordinates": [[[6.993266194673403, 50.314483655206416], [6.9719481199377675, 50.31840509812709], [6.954279074531102, 50.32017278548169], [6.940259058453407, 50.319786717270205], [6.922585385666801, 50.3215475824835], [6.901258056171286, 50.325455381121564], [6.8832825796124135, 50.331705200547034], [6.868658955990186, 50.34029704075993], [6.850979872726319, 50.34204660730472], [6.830245329820813, 50.33695390018141], [6.8142353187811935, 50.339872732563826], [6.802949839607459, 50.35080310445196], [6.796691723409622, 50.365254548997505], [6.795460970187683, 50.38322706620046], [6.799881304044433, 50.395734704250316], [6.809952724979869, 50.402777463147075], [6.813002610715645, 50.40961823428164], [6.809030961251762, 50.416257017654], [6.814221814352625, 50.41753089203942], [6.828575170018236, 50.413439857437915], [6.839717526994562, 50.40475431480983], [6.847648885281603, 50.39147426415518], [6.856653742790475, 50.388353070065996], [6.86673209952118, 50.395390732542296], [6.874832803244407, 50.40574824305288], [6.880955853960156, 50.41942560159772], [6.891043188302676, 50.42646047928631], [6.9050948062719675, 50.42685287611865], [6.918852163261906, 50.43173692745249], [6.932315259272494, 50.44111263328783], [6.945929752222899, 50.448239955203675], [6.95969564211312, 50.45311889320002], [6.973464376766065, 50.457996125206414], [6.987235956181734, 50.46287165122287], [6.990314811203485, 50.46970758577915], [6.982700941831318, 50.478503928875256], [6.982121407246453, 50.487490899327305], [6.98857620744889, 50.49666849713528], [7.000672137225796, 50.50037040503483], [7.018409196577171, 50.49859662302593], [7.025302967831281, 50.5010327983212], [7.021353450988126, 50.50767893092063], [7.0069878262491025, 50.51179261115825], [6.9822060936142085, 50.513373839034024], [6.976564864358584, 50.51884867528893], [6.990064138482226, 50.52821711992295], [7.001735479783862, 50.53866012015904], [7.011578888263492, 50.55017767599721], [7.022142365618416, 50.550460684526655], [7.033425911848635, 50.53950914574736], [7.044704070998221, 50.52855638428245], [7.0559768430671745, 50.517602400131906], [7.059498107525911, 50.51769584571907], [7.055267864374432, 50.52883672104396], [7.049202509367356, 50.54105392378214], [7.0413020425046815, 50.55434745393361], [7.031706473118743, 50.56646981451996], [7.020415801209542, 50.57742100554119], [7.005739358166977, 50.58602899048267], [6.987677143991047, 50.5922937693444], [6.981735325849514, 50.602261326845195], [6.987913903742376, 50.615931662985055], [6.99042020702261, 50.63175307448532], [6.9892542356902165, 50.64972556134598], [6.997281567621864, 50.662318515427046], [7.014502202817554, 50.6695319367285], [7.033565758810462, 50.67566588831918], [7.0544722356005884, 50.6807203701991], [7.069871029640543, 50.689003042522145], [7.0797621409303275, 50.700513905288325], [7.082443849418642, 50.71408624527609], [7.077916155105486, 50.729720062485455], [7.077066285151487, 50.74319963931815], [7.079894239556644, 50.75452497577417], [7.081024388316904, 50.76468075125317], [7.080456731432266, 50.77366696575514], [7.0815885369360005, 50.78382258058015], [7.084419804828107, 50.79514759572818], [7.087252383139978, 50.806472483260606], [7.090086271871614, 50.81779724317742], [7.098309392237481, 50.82813596652421], [7.111921744237579, 50.837488653300994], [7.131066176715571, 50.84360482737803], [7.155742689671457, 50.84648448875533], [7.180557821813794, 50.847112057409774], [7.205511573142584, 50.845487533341355], [7.224944725158987, 50.847097237951985], [7.238857277863003, 50.851941171241656], [7.250799354174755, 50.86011021401825], [7.260770954094242, 50.87160436628177], [7.270747447407989, 50.88309758565876], [7.280728834115996, 50.89458987214921], [7.294397429026732, 50.90391959724869], [7.311753232140198, 50.91108676095719], [7.334634508873604, 50.91500616827767], [7.363041259226948, 50.91567781921012], [7.375147884055891, 50.92158901746388], [7.370954383360429, 50.93273976303897], [7.373995261226555, 50.94180980627039], [7.384270517654271, 50.94879914715815], [7.387182933833623, 50.960116066097406], [7.38273250976461, 50.97576056308816], [7.387365970296164, 50.98824137680057], [7.401083315428286, 50.997558507234636], [7.414806169930472, 51.00687393963186], [7.428534533802722, 51.01618767399226], [7.444110743590212, 51.02441643962751], [7.4615347992929415, 51.0315602365376], [7.477612632570069, 51.030797820802874], [7.492344243421595, 51.02212919242333], [7.500077294268796, 51.01105427041449], [7.500811785111673, 50.99757305477638], [7.496151961649505, 50.9850960397331], [7.486097823882293, 50.97362322528464], [7.490140819100265, 50.96471446302128], [7.508280947303422, 50.95836975294303], [7.524219311714424, 50.95984768919104], [7.537955912333269, 50.969148271765306], [7.557210415752303, 50.97519148440156], [7.581982821971526, 50.9779773270998], [7.603317536587092, 50.97843580413895], [7.621214559599001, 50.976566915518994], [7.6268403730609, 50.971063084205106], [7.62019497697279, 50.96192431019729], [7.609999145630228, 50.952708991481856], [7.596252879033215, 50.94341712805882], [7.582512109143602, 50.934123558751146], [7.568776835961392, 50.92482828355883], [7.551375930289159, 50.91769999995068], [7.530309392126902, 50.912738707926685], [7.514389026533358, 50.91126322241698], [7.503614833508526, 50.91327354342156], [7.49663596944838, 50.91086859444713], [7.493452434352919, 50.90404837549369], [7.488556901733495, 50.89606469533814], [7.481949371590105, 50.8869175539805], [7.473012604192111, 50.88784104648383], [7.461746599539516, 50.89883517284812], [7.459293002569401, 50.91115333237219], [7.465651813281769, 50.92479552505603], [7.466868975891233, 50.934946818922704], [7.462944490397795, 50.941607213972205], [7.454126627712095, 50.940281973664355], [7.440415387834134, 50.93097109799914], [7.432223548712872, 50.91841090112638], [7.429551110348308, 50.90260138304609], [7.433850026490355, 50.889200945101614], [7.445120297139014, 50.87820958729297], [7.4563851214218175, 50.86721702265456], [7.467644499338766, 50.856223251186385], [7.478898439321023, 50.84522827454053], [7.490146941368588, 50.834232092716995], [7.502860091084094, 50.82889167753561], [7.517037888467541, 50.829207028996365], [7.52914450270531, 50.83509952465832], [7.539179933797404, 50.84656916452147], [7.553122481190175, 50.85137341372958], [7.570972144883624, 50.84951227228265], [7.5834430487586975, 50.84865810488599], [7.590535192815395, 50.848810911539594], [7.59029918403369, 50.8533051530634], [7.582735022413586, 50.86214082945744], [7.589479413795799, 50.86903378592115], [7.610532358180331, 50.87398402245452], [7.628384634103005, 50.87211451649179], [7.643036241563822, 50.86342526803294], [7.6553985660195085, 50.864809775111624], [7.665471607470066, 50.87626803772784], [7.682873375438179, 50.883376225817635], [7.707603869923847, 50.886134339381], [7.726847820846357, 50.89215144920124], [7.740605228205711, 50.901427555278346], [7.7582441056307045, 50.904030269714866], [7.7797644531213415, 50.89995959251081], [7.8012809571611434, 50.89588476746106], [7.822793617750107, 50.89180579456564], [7.830213139150897, 50.88520273460524], [7.823539521363511, 50.87607558757987], [7.815148769929481, 50.86578954293353], [7.805040884848808, 50.8543446006662], [7.792894317814811, 50.84848191006367], [7.778709068827492, 50.84820147112593], [7.766571018910228, 50.84233655197828], [7.756480168063019, 50.830887152620704], [7.740913016474775, 50.822699540556016], [7.719869564145496, 50.81777371578419], [7.700545396871281, 50.81400445195052], [7.68294051465213, 50.81139174905499], [7.665337602825209, 50.80877628040374], [7.647736661390519, 50.80615804599678], [7.628425005103345, 50.80237545607865], [7.607402633963688, 50.79742851064936], [7.588214587768915, 50.79139267706453], [7.570860866519028, 50.78426795532414], [7.5571716258138535, 50.77497140332251], [7.54714686565339, 50.76350302105964], [7.5350565034833625, 50.757612325108454], [7.520900539303767, 50.75729931546897], [7.506989027494257, 50.7524902649435], [7.493321968054833, 50.74318517353206], [7.477830493047947, 50.73496167642759], [7.4605146024736015, 50.72781977363008], [7.446863842827036, 50.71850960327134], [7.4368782141082495, 50.70703116535137], [7.426897452587722, 50.69555178822215], [7.416921558265454, 50.684071471883684], [7.408148439261706, 50.682743338469116], [7.4005780955764795, 50.69156738797843], [7.389597145225938, 50.69806076344859], [7.37520558821008, 50.70222346487959], [7.3627721747301695, 50.70305585978877], [7.352296904786208, 50.70055794817614], [7.3346240283612865, 50.70013584229355], [7.309753545455406, 50.701789542140986], [7.304127691755936, 50.70728048716907], [7.317746467262879, 50.71660867737782], [7.333203499970624, 50.72485355273946], [7.350498789879174, 50.73201511325401], [7.358761410540506, 50.742336771567636], [7.357991361954621, 50.75581852768034], [7.348953825618437, 50.758978535068024], [7.331648801531952, 50.75181679373068], [7.314349083523425, 50.744652368983644], [7.297054671592854, 50.7374852608269], [7.283433845236894, 50.72815529131566], [7.2734866044555435, 50.7166624604499], [7.272443359795592, 50.70426152705972], [7.280304111257042, 50.6909524911451], [7.293002244502263, 50.685634936622925], [7.310537759531255, 50.688308863493205], [7.324928062115038, 50.684155051469205], [7.336173152253613, 50.67317350055093], [7.333161905543045, 50.66410053494063], [7.315894321983331, 50.6569361546383], [7.307651554246827, 50.646612926905576], [7.308433602333534, 50.63313085174245], [7.30738657563424, 50.620729597723255], [7.3045104741489455, 50.609409164847996], [7.296282091723303, 50.59908334695466], [7.2827014283573135, 50.58975214404325], [7.269126149606267, 50.58041926381647], [7.2555562554701645, 50.57108470627429], [7.256082444617378, 50.56209649905811], [7.270704717047906, 50.55345464216792], [7.276583683766799, 50.54347290642595], [7.273719344774056, 50.53215129183219], [7.27450676581012, 50.51866865640856], [7.278945946874991, 50.503025000155034], [7.274392904044797, 50.490536050963165], [7.260847637319538, 50.48120180883294], [7.245482896094517, 50.47294553212528], [7.228298680369733, 50.46576722084018], [7.212944751977425, 50.45750716731236], [7.199421110917592, 50.44816537154183], [7.1894160609995605, 50.43891132558892], [7.18292960222333, 50.42974502945363], [7.176445634052149, 50.42057832185695], [7.169964156486016, 50.411411202798874], [7.161798460102156, 50.40107507492321], [7.151948544900568, 50.38956993822994], [7.136493456924605, 50.38354471623683], [7.1154331961742665, 50.38299940894386], [7.094373393422586, 50.38245010819506], [7.073314048669562, 50.38189681399044], [7.061524007650534, 50.37370926968004], [7.059003270365501, 50.357887475263865], [7.051013040461082, 50.34529570060142], [7.037553317937276, 50.33593394569271], [7.024098900516835, 50.326570534615286], [7.010649788199759, 50.31720546736914], [6.993266194673403, 50.314483655206416]]]}}, {"type": "Feature", "properties": {"band": "light", "dbz": 30.0, "source": "OPERA-ORD", "time": "20260906232000"}, "geometry": {"type": "Polygon", "coordinates": [[[5.826841750766623, 50.868994838737336], [5.819753349579998, 50.86873040157004], [5.814334903898227, 50.86965400254989], [5.8105864137213095, 50.87176564167688], [5.806837574480816, 50.873877151371524], [5.8030883861767455, 50.87598853163382], [5.799543955403164, 50.87585562619151], [5.79620428216007, 50.87347843504457], [5.792864947184283, 50.87110114351246], [5.789525950475802, 50.8687237515952], [5.784312479003609, 50.86740149241313], [5.777224532767704, 50.867134365966265], [5.771805397763767, 50.86805590629275], [5.7680550739918, 50.870166113392585], [5.765973430576253, 50.87346531477672], [5.765560467517127, 50.87795351044516], [5.767023353714581, 50.88138663183959], [5.770362089168614, 50.88376467896002], [5.775576804871208, 50.885087324143406], [5.782667500822361, 50.88535456738977], [5.787882937019426, 50.88667690263061], [5.791223113462403, 50.889054329865935], [5.79456362849136, 50.89143165668817], [5.7979044821063, 50.89380888309731], [5.803121097037517, 50.89513025015192], [5.810213473285012, 50.89539575785203], [5.817305925269057, 50.895660817032024], [5.8243984529896515, 50.8959254276919], [5.831491056193682, 50.89618958981653], [5.8385837348811505, 50.89645330340592], [5.844004534574658, 50.89552879443683], [5.847753455274206, 50.89341606290925], [5.849830368243905, 50.890115436686145], [5.8502352734837535, 50.885626915767496], [5.848766406403692, 50.88219478936179], [5.8454237670037195, 50.879819057469035], [5.842081466109173, 50.877443225013245], [5.8387395037200545, 50.87506729199443], [5.835397879734105, 50.87269125844401], [5.832056594151325, 50.87031512436199], [5.826841750766623, 50.868994838737336]]]}}, {"type": "Feature", "properties": {"band": "light", "dbz": 30.0, "source": "OPERA-ORD", "time": "20260906232000"}, "geometry": {"type": "Polygon", "coordinates": [[[6.536041463823567, 50.8931737387569], [6.528946151067403, 50.892954160867795], [6.523539731617583, 50.893912070079786], [6.519822205474106, 50.89604746639287], [6.517793464784621, 50.89936067839515], [6.517453509549128, 50.90385170608659], [6.518973007430239, 50.90727505973277], [6.522351958427955, 50.909630739333686], [6.525900618372155, 50.9097407888618], [6.529618987262839, 50.907605208317094], [6.533337006567627, 50.90546950078732], [6.5370546762865205, 50.903333666272474], [6.540771996500254, 50.90119770481043], [6.544488967208828, 50.89906161640117], [6.544657869472749, 50.89681606107278], [6.541278703292016, 50.894461038825234], [6.536041463823567, 50.8931737387569]]]}}, {"type": "Feature", "properties": {"band": "light", "dbz": 30.0, "source": "OPERA-ORD", "time": "20260906232000"}, "geometry": {"type": "Polygon", "coordinates": [[[6.18433268324334, 50.84572589308461], [6.177246171191291, 50.845484088385895], [6.170159728185826, 50.845241835485375], [6.163073354226946, 50.84499913438305], [6.155987049567442, 50.84475598509278], [6.148900814207313, 50.84451238761456], [6.1434920808015026, 50.84545196131487], [6.139760849350011, 50.84757470619373], [6.137707000584976, 50.85088094998562], [6.1373305345063995, 50.85537069269054], [6.138820371598456, 50.85879908964946], [6.142176511861144, 50.861166140862366], [6.147399074668421, 50.8624715184424], [6.154488060020289, 50.86271522238957], [6.159711340477449, 50.864020287526614], [6.163068916039899, 50.866386713853544], [6.164560667886705, 50.86981482929677], [6.1641865960178635, 50.8743046338563], [6.165678986638989, 50.87773265536843], [6.1690378397500805, 50.880098893833164], [6.174263274024453, 50.88140302115769], [6.181355289462105, 50.88164503734198], [6.186767189788218, 50.880703907831986], [6.190498975002791, 50.87857963262767], [6.194230411100643, 50.87645522932662], [6.197961498081774, 50.87433069792884], [6.20150726491109, 50.87445101995219], [6.204867711588591, 50.876816195396664], [6.208228497653302, 50.8791812690533], [6.211589623105224, 50.881546240922106], [6.215135458522186, 50.88166611436852], [6.218866003904186, 50.87954088939255], [6.220915559337004, 50.876233269219526], [6.221284124820642, 50.871743253849445], [6.219788106013381, 50.868315877144994], [6.216427502915223, 50.86595113910619], [6.213067238985605, 50.86358629927705], [6.209707314224525, 50.86122135765761], [6.206347728530647, 50.85885631427962], [6.202988481903972, 50.856491169143084], [6.19962957424318, 50.85412592227975], [6.196271005548272, 50.85176057368962], [6.192912775717955, 50.849395123404406], [6.189554884752228, 50.847029571424116], [6.18433268324334, 50.84572589308461]]]}}, {"type": "Feature", "properties": {"band": "light", "dbz": 30.0, "source": "OPERA-ORD", "time": "20260906232000"}, "geometry": {"type": "Polygon", "coordinates": [[[8.497471890008539, 50.90063020718658], [8.490369673424851, 50.90053481206554], [8.483267484279853, 50.900438967164], [8.476165322573545, 50.90034267248198], [8.47080125069259, 50.901394255461305], [8.46717526863699, 50.90359371610197], [8.467100684303169, 50.905841664305576], [8.470577497691128, 50.9081381000721], [8.474054655739668, 50.910434426251705], [8.477532158448785, 50.91273064284438], [8.481010005914655, 50.91502674981619], [8.484488198137283, 50.917322747167134], [8.489779789106324, 50.91851846431136], [8.49688477882178, 50.91861390124886], [8.502249978830854, 50.91756132905154], [8.50587538913355, 50.915360747719376], [8.50776096321064, 50.9120124874936], [8.507906701062119, 50.90751654837422], [8.506240427065991, 50.90412091029767], [8.502762141222252, 50.901825573263956], [8.497471890008539, 50.90063020718658]]]}}, {"type": "Feature", "properties": {"band": "light", "dbz": 30.0, "source": "OPERA-ORD", "time": "20260906232000"}, "geometry": {"type": "Polygon", "coordinates": [[[6.227588414234366, 50.838187096206966], [6.220502865454992, 50.83794803310738], [6.215096408731737, 50.83889107932802], [6.211369044064599, 50.841016234868896], [6.20932065443463, 50.84432382748243], [6.208951239841829, 50.84881385716863], [6.21044619495202, 50.852241335278514], [6.213805519765203, 50.85460626181207], [6.219029331404414, 50.85590830886449], [6.2261176298696554, 50.85614747643577], [6.233205996419103, 50.85638619565301], [6.240294431052757, 50.8566244665162], [6.245702137544852, 50.855680459162755], [6.249429115895385, 50.85355417359267], [6.249612148133175, 50.85130909906816], [6.246251234258223, 50.84894523558923], [6.2428906593172435, 50.84658127025161], [6.239530423310239, 50.84421720305531], [6.236170526136065, 50.841853034032056], [6.232810967794723, 50.839488763181855], [6.227588414234366, 50.838187096206966]]]}}, {"type": "Feature", "properties": {"band": "light", "dbz": 30.0, "source": "OPERA-ORD", "time": "20260906232000"}, "geometry": {"type": "Polygon", "coordinates": [[[8.399293469860844, 50.863287097933934], [8.392197185418132, 50.86318549513685], [8.3851009301289, 50.863083442992284], [8.378004703993152, 50.86298094150023], [8.370908507267131, 50.86287799066657], [8.363812339950844, 50.862774590491306], [8.356716202300515, 50.86267074098035], [8.349620094316148, 50.86256644213372], [8.342524016253956, 50.862461693957385], [8.335427968113937, 50.862356496451355], [8.3300650958275, 50.86340136633379], [8.326435399394642, 50.86559630360469], [8.324538827015896, 50.868941637910574], [8.324375378691263, 50.87343736925142], [8.324211891414, 50.87793309080786], [8.32404836518411, 50.88242880257988], [8.325700744455384, 50.885827068003664], [8.329169029227819, 50.88812788707922], [8.334453271383566, 50.889330929921556], [8.341553470922621, 50.88943619653067], [8.346838418393261, 50.89063891124315], [8.350308113795482, 50.892939074058994], [8.35377815336873, 50.895239127734484], [8.357248537113, 50.89753907226962], [8.36253458107452, 50.898740789918605], [8.369636285253293, 50.89884428068143], [8.374923034692003, 50.900045669933036], [8.378394829390654, 50.902344957673414], [8.38186696848205, 50.90464413615654], [8.385339451966189, 50.906943205382426], [8.390627297505382, 50.90814359704192], [8.397730505099634, 50.90824531113502], [8.403096777830378, 50.90719747947175], [8.406726115697614, 50.90500010205209], [8.408618469131136, 50.90165350897553], [8.408773838130944, 50.89715770024206], [8.408929170103328, 50.892661881785614], [8.409084465048291, 50.8881660536062], [8.40923972299133, 50.883670215689854], [8.409394943932444, 50.87917436803659], [8.409550127897113, 50.87467851063243], [8.409705274885333, 50.87018264347738], [8.408047539305132, 50.86678550725801], [8.404576921156512, 50.86448710197432], [8.399293469860844, 50.863287097933934]]]}}, {"type": "Feature", "properties": {"band": "light", "dbz": 30.0, "source": "OPERA-ORD", "time": "20260906232000"}, "geometry": {"type": "Polygon", "coordinates": [[[6.125542888270835, 50.699612410747136], [6.118478973640999, 50.69936698159724], [6.111415128515091, 50.69912110586418], [6.1043513528931115, 50.698874783547986], [6.098958812486542, 50.699812351291364], [6.095237507295381, 50.701933809094314], [6.091515856168709, 50.704055138937754], [6.087793859106524, 50.70617634082166], [6.084071516030822, 50.70829741470829], [6.080348826941604, 50.710418360597636], [6.07829717311863, 50.71372374044162], [6.077916554561899, 50.718213554240265], [6.075864168278598, 50.72151878680883], [6.072140014268728, 50.72363943814732], [6.068415513925797, 50.72575996138545], [6.064690667249809, 50.72788035652321], [6.062637071091965, 50.73118541103686], [6.062254725452264, 50.735675124926416], [6.0618722891101715, 50.74016482738261], [6.061489762065689, 50.74465451840542], [6.062970728343028, 50.74808405824387], [6.066315187942191, 50.75045344689795], [6.06965998432704, 50.75282273447123], [6.073005117497575, 50.75519192096371], [6.072814059684494, 50.75743676291578], [6.069086810887796, 50.75955726032745], [6.065359215102777, 50.7616776295284], [6.061631272329438, 50.76379787051864], [6.057902982489534, 50.76591798326028], [6.054174345583065, 50.76803796775331], [6.0487729567095245, 50.76897279488422], [6.041698815868912, 50.768722464653024], [6.036296773282984, 50.76965692619002], [6.032566828951741, 50.7717761794952], [6.028836537405195, 50.77389530442777], [6.025105898643348, 50.77601430098772], [6.021374912588013, 50.778133169137114], [6.0176435792391905, 50.78025190887595], [6.015584140202912, 50.78355598523517], [6.0151965954791775, 50.78804539821478], [6.016675402148092, 50.79147546879855], [6.020020560209655, 50.7938461969865], [6.023366055719009, 50.79621682416805], [6.026711888676154, 50.798587350343205], [6.028191534032341, 50.802017324613715], [6.02780499178757, 50.80650674697958], [6.029285271573473, 50.8099366282356], [6.032632373390049, 50.81230696838177], [6.035979813015878, 50.81467720744431], [6.039327590450961, 50.81704734542323], [6.039134524491489, 50.81929205328545], [6.035400615137462, 50.82141133103099], [6.03166635765956, 50.82353048027545], [6.027931752057783, 50.825649501018844], [6.027738594317616, 50.82789419754986], [6.03108688443906, 50.83026456986849], [6.036302897084885, 50.83157511239071], [6.043386632255089, 50.83182582511651], [6.050470438694158, 50.832076089864174], [6.057554316402092, 50.83232590663369], [6.06296298367727, 50.831390720249786], [6.066696440519692, 50.82927053071245], [6.070429549136531, 50.82715021278096], [6.074162309527786, 50.82502976645532], [6.079570083924525, 50.824093528608145], [6.086652872326748, 50.824341499239424], [6.093735731189936, 50.82458902194706], [6.100818660514086, 50.82483609673107], [6.106225541381383, 50.823898807713874], [6.109956373791823, 50.8217771548955], [6.112011037589303, 50.81847146577767], [6.112389532773827, 50.813981740360376], [6.114443460577653, 50.81067590397147], [6.118172821000783, 50.80855395661096], [6.121901833584275, 50.80643188109457], [6.125630498328127, 50.80430967742232], [6.125819268296566, 50.802064784387035], [6.1224681434895905, 50.799697201988735], [6.119117356434371, 50.79732951824338], [6.11576690713091, 50.794961733150984], [6.114280660538407, 50.791532944025874], [6.114658616656864, 50.787043150868044], [6.116711112351599, 50.78373722346091], [6.12043814762261, 50.781615161804474], [6.1241648355474405, 50.7794929720749], [6.127891176126091, 50.77737065427219], [6.1299424606364505, 50.77406454940544], [6.130318689078522, 50.76957465747463], [6.132369239509116, 50.76626840557865], [6.136094111928231, 50.764145793717496], [6.139818637322444, 50.76202305388648], [6.1435428156917515, 50.75990018608562], [6.145592156745442, 50.75659375693087], [6.145966660483515, 50.75210376642222], [6.146341075390568, 50.74761376457219], [6.146715401466606, 50.743123751380786], [6.147089638772426, 50.73863372683506], [6.147463787308029, 50.73414369093502], [6.149511445512076, 50.73083705433587], [6.153232613384565, 50.728713817037615], [6.156953434880691, 50.726590451927464], [6.160673910000453, 50.72446695900543], [6.16086050984085, 50.72222191074934], [6.157513234401881, 50.71985530715921], [6.152306136554607, 50.71855013098652], [6.145239216299029, 50.718306382231304], [6.140032830629795, 50.71700089462216], [6.136686979546906, 50.714633668159095], [6.135201544579174, 50.71120502939051], [6.1355765257266, 50.70671497831642], [6.134091723621673, 50.70328624591505], [6.130747138264393, 50.7009188321864], [6.125542888270835, 50.699612410747136]]]}}, {"type": "Feature", "properties": {"band": "light", "dbz": 30.0, "source": "OPERA-ORD", "time": "20260906232000"}, "geometry": {"type": "Polygon", "coordinates": [[[7.407601796152093, 50.78735390000973], [7.411016965265942, 50.78968289734031], [7.414432474880878, 50.79201178896042], [7.4178483249969025, 50.79434057487007], [7.421264515712021, 50.796669255036505], [7.424681047026234, 50.79899782945972], [7.428097919037569, 50.801326298106986], [7.431515131746024, 50.80365466097828], [7.434932685249643, 50.80598291804083], [7.438350579548425, 50.80831106929464], [7.4436023938913625, 50.80955596648845], [7.450688128278458, 50.80971760962228], [7.455940650722213, 50.81096218554745], [7.45935996122263, 50.813289694263965], [7.462779612749024, 50.81561709705718], [7.466199605301394, 50.8179443939271], [7.469619938977806, 50.82027158484089], [7.473040613778259, 50.822598669798545], [7.4729172935690045, 50.82484568920262], [7.469249978350044, 50.827012643053116], [7.465582315352179, 50.829179473411045], [7.461914304575411, 50.83134618027643], [7.459956546235379, 50.83467652894078], [7.459709040332082, 50.839170519404114], [7.457750559912269, 50.84250073060849], [7.454081104975941, 50.84466716255392], [7.450535803480312, 50.844586503561736], [7.447114655425383, 50.84225875363195], [7.44552852370804, 50.83884790106153], [7.445777408328283, 50.83435394585047], [7.444191933066422, 50.83094299106815], [7.44077209792246, 50.82861503671459], [7.437352603994719, 50.82628697648617], [7.433933451283201, 50.823958810382905], [7.430514639689708, 50.82163053843764], [7.427096169214242, 50.81930216065036], [7.4218434708717025, 50.818056235451344], [7.414756544662088, 50.81789276284059], [7.409378165051093, 50.81889346127065], [7.405708332038716, 50.8210583307415], [7.405582256491185, 50.8233052793023], [7.408999938408497, 50.82563430695305], [7.41241796147225, 50.827963228826945], [7.415836325682441, 50.83029204492399], [7.419255031137348, 50.83262075521138], [7.422674077836975, 50.834949359689105], [7.426093465879616, 50.83727785832434], [7.429513195265272, 50.83960625111712], [7.429387689118791, 50.84185319696185], [7.425716947440174, 50.844018695858566], [7.422045857647501, 50.84618407106567], [7.418374419740774, 50.84834932258316], [7.416412760026724, 50.85167886986044], [7.416160878505352, 50.85617271289751], [7.41419849556725, 50.8595021223627], [7.410525611212419, 50.86166709825599], [7.405142305594576, 50.862667311504865], [7.398048578713721, 50.862502762109315], [7.3927919842152665, 50.861255742762154], [7.389372522099212, 50.85892625346338], [7.387790111592884, 50.85551462326755], [7.388044752696285, 50.851020852174656], [7.3882993332073905, 50.846527070800136], [7.388553853126202, 50.842033279144005], [7.3888083124943655, 50.837539477192664], [7.38906271131188, 50.833045664946084], [7.389317049620351, 50.82855184239071], [7.3895713274197785, 50.824058009526524], [7.389825544751728, 50.81956416633993], [7.3900797016162, 50.815070312830926], [7.388498961939602, 50.81165855511722], [7.385083325721935, 50.80932889319879], [7.381668030257767, 50.806999125634604], [7.378253075547103, 50.80466925242466], [7.376673243697286, 50.80125738645886], [7.376928534708316, 50.79676352773721], [7.378890615209891, 50.79343458751345], [7.382559485202012, 50.79127056578758], [7.386228008067597, 50.78910642037864], [7.389896183806645, 50.786942151286624], [7.393564012502093, 50.78477775854854], [7.397231494153939, 50.782613242164395], [7.400772479133689, 50.78269558831535], [7.404186967441342, 50.785024797001405], [7.407601796152093, 50.78735390000973]]]}}, {"type": "Feature", "properties": {"band": "light", "dbz": 30.0, "source": "OPERA-ORD", "time": "20260906232000"}, "geometry": {"type": "Polygon", "coordinates": [[[7.609378149376681, 50.75922673383357], [7.602299686176348, 50.75907515638769], [7.595221266137718, 50.75892313097887], [7.588142889260789, 50.75877065760711], [7.5827752498843255, 50.759779745799236], [7.579118348008329, 50.76195039555526], [7.577172109137148, 50.765282935113724], [7.576936533270783, 50.76977736447465], [7.578530095362983, 50.773186485665356], [7.581952795413748, 50.77551029868585], [7.587204707984931, 50.77674847514455], [7.594285833076534, 50.77690101504145], [7.599538451620263, 50.778138869455006], [7.602962563616117, 50.78046203838522], [7.606387016333673, 50.78278510096999], [7.609811809772928, 50.785108057209314], [7.615065542837451, 50.78634492540154], [7.6221482155272415, 50.786495705546685], [7.6275178037477875, 50.785484991119496], [7.631174307499091, 50.78331278211998], [7.633117653652641, 50.77997940706484], [7.633347842208438, 50.77548486595409], [7.631750466362807, 50.772076445710965], [7.6283255261157485, 50.76975414633548], [7.624900926398864, 50.76743174056659], [7.621476667212151, 50.76510922840431], [7.618052748458307, 50.76278660988151], [7.614629170137334, 50.760463884998174], [7.609378149376681, 50.75922673383357]]]}}, {"type": "Feature", "properties": {"band": "light", "dbz": 30.0, "source": "OPERA-ORD", "time": "20260906232000"}, "geometry": {"type": "Polygon", "coordinates": [[[21.994851170939505, 50.099874337870254], [21.99197014455695, 50.10246599492669], [21.991099015066688, 50.10597566905352], [21.992237782468727, 50.110403360250764], [21.994817687772663, 50.113535143209305], [21.9988387309785, 50.11537101792913], [22.00286010133731, 50.117206738499526], [22.006881798849093, 50.119042304920484], [22.010903823557477, 50.12087771715153], [22.014926175462456, 50.122712975192655], [22.02038908144222, 50.12325181975098], [22.02729254149677, 50.12249425082651], [22.03218420065555, 50.12081913281674], [22.035064058918564, 50.11822646572167], [22.03449271885719, 50.11601285941718], [22.030470180471426, 50.114178313903274], [22.026447969127656, 50.11234361415657], [22.02242608482588, 50.110508760177076], [22.018404527522577, 50.10867375200526], [22.014383297217744, 50.106838589641136], [22.010362393867837, 50.10500327312515], [22.006341817472844, 50.10316780245729], [22.002321567989213, 50.10133217767804], [21.99830164541693, 50.09949639878737], [21.994851170939505, 50.099874337870254]]]}}, {"type": "Feature", "properties": {"band": "light", "dbz": 30.0, "source": "OPERA-ORD", "time": "20260906232000"}, "geometry": {"type": "Polygon", "coordinates": [[[7.908743590352917, 50.720236162922575], [7.901670297038382, 50.72010354835773], [7.896314148112437, 50.721127728363406], [7.892675143575084, 50.72330870293962], [7.890753218718248, 50.72664680016922], [7.890548373541931, 50.73114202005223], [7.8903434797191405, 50.73563722974293], [7.890138537249876, 50.740132429241314], [7.891754150668536, 50.743537168346364], [7.89519031997512, 50.74585144705808], [7.900447109980604, 50.747074937057235], [7.907524520684985, 50.74720763834384], [7.912883160034442, 50.74618318581019], [7.916523028028973, 50.744001579456295], [7.916624493774169, 50.74175396307044], [7.913187557270028, 50.739440336652635], [7.909750961301519, 50.73712660293323], [7.90631470586864, 50.734812761912224], [7.9064161234387145, 50.73256513535164], [7.910055214011743, 50.730383723251485], [7.913693958876755, 50.72820218946569], [7.917332358033751, 50.72602053399426], [7.917433727461733, 50.723772897245155], [7.9139980671607, 50.72145927921838], [7.908743590352917, 50.720236162922575]]]}}, {"type": "Feature", "properties": {"band": "light", "dbz": 30.0, "source": "OPERA-ORD", "time": "20260906232000"}, "geometry": {"type": "Polygon", "coordinates": [[[7.867546400586184, 50.69246244206095], [7.860477446043252, 50.69232723000755], [7.855123597107074, 50.693349455360575], [7.85148485377765, 50.69552911812004], [7.847845765294392, 50.69770865906112], [7.844206331657302, 50.69988807818383], [7.840566552782495, 50.702067375451655], [7.836926428669973, 50.70424655086461], [7.835001299870651, 50.707583710028125], [7.834791166384529, 50.71207885294221], [7.836401780234617, 50.71548442305105], [7.839833141420913, 50.71780042035464], [7.84508531635074, 50.719026516828606], [7.852158305024101, 50.71916271247293], [7.857514927488274, 50.7181408946332], [7.861155183743259, 50.71596106330941], [7.863079007995135, 50.71262354654076], [7.863286400243901, 50.70812834432724], [7.865209511825661, 50.70479069326756], [7.868848342740417, 50.702610593361726], [7.8724868284257425, 50.70043037169799], [7.876124968881637, 50.698250028276355], [7.876228248796601, 50.69600240444607], [7.872796668170634, 50.693687500207126], [7.867546400586184, 50.69246244206095]]]}}, {"type": "Feature", "properties": {"band": "light", "dbz": 30.0, "source": "OPERA-ORD", "time": "20260906232000"}, "geometry": {"type": "Polygon", "coordinates": [[[7.825976695034984, 50.67366373120486], [7.818910709386287, 50.67352589519578], [7.813558110749499, 50.67454614053524], [7.80991889912462, 50.67672446722325], [7.807993007439018, 50.680061202859214], [7.807780435692694, 50.68455634744313], [7.805853831756897, 50.68789294844906], [7.802213195631628, 50.690071005877], [7.798572214420558, 50.69224894132921], [7.794930888123687, 50.69442675480569], [7.794824184235335, 50.69667430408053], [7.798252102755499, 50.69899158915374], [7.803501069007132, 50.70021964210318], [7.810571082990234, 50.70035846292884], [7.815926452830537, 50.69933862610867], [7.81956717852804, 50.69716013164268], [7.823207559063698, 50.69498151526136], [7.82684759443751, 50.69280277696471], [7.830487284733262, 50.69062391678924], [7.834126629950953, 50.688444934734946], [7.836051219871503, 50.685107841421456], [7.836261054494911, 50.68061263684876], [7.834651900819795, 50.67720693822416], [7.831223758846153, 50.67489074554766], [7.825976695034984, 50.67366373120486]]]}}, {"type": "Feature", "properties": {"band": "light", "dbz": 30.0, "source": "OPERA-ORD", "time": "20260906232000"}, "geometry": {"type": "Polygon", "coordinates": [[[6.403091249144493, 50.59183760873215], [6.396042486203907, 50.59160979898194], [6.390668565965598, 50.592561584083235], [6.386969488429568, 50.59469296403604], [6.384945143524719, 50.59800426450278], [6.384595531251055, 50.60249548548345], [6.382570461543095, 50.60580664120395], [6.3788699344008375, 50.607937731664265], [6.375169063071459, 50.61006869541215], [6.371467847554959, 50.612199532447626], [6.367766287772891, 50.614330242733324], [6.364064383725255, 50.61646082626925], [6.360538465870642, 50.61634574508065], [6.357188534209054, 50.61398499916751], [6.353838937552756, 50.611624151468625], [6.35048967590175, 50.60926320198397], [6.347140749156916, 50.60690215074499], [6.343792157318252, 50.60454099775169], [6.340443900286658, 50.602179743035464], [6.337095978062134, 50.599818386596326], [6.333570869263973, 50.59970243898192], [6.329868573892174, 50.601831900192245], [6.327839820947203, 50.60514212990357], [6.327484610429055, 50.609633128115874], [6.325455131807324, 50.61294321264654], [6.321751385082006, 50.61507238349557], [6.3163734824512066, 50.61602031485671], [6.309321423914925, 50.61578700672995], [6.303942870145295, 50.616734575581624], [6.300237821142313, 50.618863021411734], [6.298206164046798, 50.62217267001442], [6.297847898858748, 50.626663521389695], [6.297489548881473, 50.631154361369234], [6.297131114114975, 50.63564518995303], [6.2986262658012055, 50.63907183942341], [6.301975003940169, 50.64143430978035], [6.307177441569818, 50.642732274997044], [6.314233578690152, 50.64296573507351], [6.319436724772316, 50.64426338822406], [6.322786879816311, 50.646625234448706], [6.3261373704126385, 50.64898697892566], [6.329488196561299, 50.65134862165493], [6.3330167037338985, 50.65146469514197], [6.336722891930435, 50.64933519938678], [6.338753247456596, 50.64602497271366], [6.339107770312381, 50.641534015122616], [6.339462209281241, 50.63704304618605], [6.339816564363175, 50.63255206590395], [6.34184572719534, 50.629241664468566], [6.345549697777735, 50.627111841879895], [6.349076909869455, 50.627227419007276], [6.3524273634704995, 50.62958839585072], [6.353926092771525, 50.633014399504134], [6.353573097772534, 50.63750542996751], [6.355072460735496, 50.640931338649935], [6.358424181660411, 50.64329212555141], [6.363628371877913, 50.64458746456874], [6.3706850313880015, 50.644817355701925], [6.375889929818857, 50.646112382241185], [6.379243067170481, 50.64847254418651], [6.382596540239226, 50.65083260419082], [6.385950349025091, 50.65319256225409], [6.389479115991405, 50.6533068509987], [6.393182841138168, 50.65117547042465], [6.3952092434130305, 50.64786420150797], [6.395558322815992, 50.64337304424869], [6.397583998666148, 50.64006163055603], [6.401286270963502, 50.63792996043], [6.404988198575638, 50.63579816360682], [6.408689781502556, 50.633666240086505], [6.408863857288273, 50.631420632145165], [6.405510425932786, 50.62906133978279], [6.40215732996188, 50.62670194544371], [6.398804569375553, 50.624342449127944], [6.398978562799795, 50.622096829876384], [6.402679310234605, 50.61996508768903], [6.408056166716474, 50.61901274971718], [6.415109132245402, 50.619239815960825], [6.420485336516918, 50.618287116105726], [6.42418477953102, 50.616154650151884], [6.4262073520724, 50.61284274403749], [6.426553054141058, 50.60835139776257], [6.425049714041608, 50.60492630901056], [6.421697331774048, 50.60256747778146], [6.418345284459849, 50.600208544571615], [6.414993572099011, 50.59784950938099], [6.41164219459264, 50.59549037224107], [6.4082911519407375, 50.59313113315186], [6.403091249144493, 50.59183760873215]]]}}, {"type": "Feature", "properties": {"band": "light", "dbz": 30.0, "source": "OPERA-ORD", "time": "20260906232000"}, "geometry": {"type": "Polygon", "coordinates": [[[7.177805334922369, 50.60177267247577], [7.181195617318198, 50.604108793542984], [7.184586236417511, 50.606444810052096], [7.187977192220307, 50.60878072200312], [7.191368484823783, 50.61111652936386], [7.194760114227938, 50.613452232134314], [7.198152080529986, 50.61578783028229], [7.201544383729927, 50.61812332380779], [7.204937023924995, 50.62045871267858], [7.208330001115186, 50.62279399689467], [7.213554847370434, 50.62404969865628], [7.220611562690737, 50.624225817963406], [7.227668327501549, 50.624401490916206], [7.234725141802867, 50.624576717514685], [7.2399511054803725, 50.625831440902815], [7.243346218534061, 50.6281656610806], [7.244910396639015, 50.63157970479115], [7.2446436397952345, 50.63607357203444], [7.242678644734489, 50.639400310233114], [7.239015411456777, 50.64155991938715], [7.235351833668294, 50.64371940473261], [7.231687911369039, 50.645878766269476], [7.228023644477463, 50.64803800396092], [7.224359032993566, 50.650197117806954], [7.218996324257406, 50.651188557677756], [7.21193551826898, 50.6510123235733], [7.206572148589876, 50.65200340664463], [7.202906215220091, 50.654161806891736], [7.199239937094944, 50.65632008317153], [7.195573314214432, 50.658478235484], [7.191906346497052, 50.66063626379228], [7.1882390339428035, 50.66279416809637], [7.184571376470179, 50.66495194835937], [7.180903374079179, 50.6671096045813], [7.1755377552355295, 50.66809893687419], [7.168474519939232, 50.66791994523804], [7.161411335315654, 50.66774050680438], [7.154348201364792, 50.66756062157319], [7.1491200674775754, 50.6663021608893], [7.145726933654, 50.66396512475271], [7.144168712557794, 50.66054984021386], [7.144445404188957, 50.65605630727276], [7.1428878290840165, 50.65264092265783], [7.139495987242971, 50.65030368636907], [7.136104482790882, 50.64796634558758], [7.132713315727752, 50.645628900313355], [7.131156628737642, 50.64221340939518], [7.131434421820554, 50.637719872833074], [7.133407116715907, 50.63439503921149], [7.137074713423701, 50.63223890853045], [7.140741965784875, 50.63008265372919], [7.144408873799431, 50.627926274807706], [7.146380411773984, 50.62460127586333], [7.146656579708535, 50.62010765689604], [7.145099974752593, 50.61669224701175], [7.1417105969061625, 50.61435504621046], [7.138321555813697, 50.61201774098025], [7.134932851475197, 50.60968033132109], [7.13507117774566, 50.607433515457465], [7.138736534625089, 50.60527729338937], [7.142401547645804, 50.603120947277745], [7.146066216807803, 50.6009644771226], [7.149730542192087, 50.59880788296073], [7.153394523798651, 50.59665116479212], [7.158752629790954, 50.59566259220687], [7.165804860168997, 50.59584216520498], [7.171025779949628, 50.59710011676356], [7.174415389132846, 50.59943644688263], [7.177805334922369, 50.60177267247577]]]}}, {"type": "Feature", "properties": {"band": "light", "dbz": 30.0, "source": "OPERA-ORD", "time": "20260906232000"}, "geometry": {"type": "Polygon", "coordinates": [[[22.073391192966074, 50.02636104962647], [22.066502241314527, 50.027121320389135], [22.059613085634794, 50.027881161555044], [22.052723725926874, 50.028640573124214], [22.04784186237662, 50.03031679697923], [22.04496749498403, 50.0329098331201], [22.0455383369625, 50.03512343910982], [22.049554388312043, 50.03695761494838], [22.05357076539999, 50.0387916367432], [22.057587468226338, 50.04062550449428], [22.061604496834292, 50.042459218161284], [22.06562185122384, 50.04429277774421], [22.069067361841444, 50.04391273720702], [22.071941028687103, 50.041319096549714], [22.07481439929424, 50.038725381803346], [22.077687473662863, 50.03613159296792], [22.080560251899094, 50.03353773006553], [22.083432734002944, 50.030943793096185], [22.082860648489113, 50.02873034701992], [22.0788439953576, 50.026897391836734], [22.073391192966074, 50.02636104962647]]]}}, {"type": "Feature", "properties": {"band": "light", "dbz": 30.0, "source": "OPERA-ORD", "time": "20260906232000"}, "geometry": {"type": "Polygon", "coordinates": [[[5.245285839172453, 50.575445522628584], [5.2382451897917655, 50.57514453556763], [5.23284946071846, 50.57604024185795], [5.229098651952536, 50.57813264149955], [5.2288684149270335, 50.58037588137056], [5.232158749641951, 50.582769961470945], [5.235449416057511, 50.58516394358664], [5.238740414173716, 50.587557827717646], [5.242031744091843, 50.589951613833605], [5.245323405811895, 50.592345301934536], [5.250490996800696, 50.593692259843586], [5.257534517058246, 50.593992487560755], [5.262931530590043, 50.5930958387122], [5.266682037396091, 50.59100231329792], [5.266911031791843, 50.58875902079183], [5.263618513777302, 50.586365961193934], [5.260326327559074, 50.58397280351556], [5.257034473137162, 50.581579547756704], [5.253742950410354, 50.57918619394773], [5.250451759378649, 50.57679274208862], [5.245285839172453, 50.575445522628584]]]}}, {"type": "Feature", "properties": {"band": "light", "dbz": 30.0, "source": "OPERA-ORD", "time": "20260906232000"}, "geometry": {"type": "Polygon", "coordinates": [[[7.917228700985389, 50.53142546572399], [7.910184066308522, 50.531293454646814], [7.904849917849449, 50.53231819675261], [7.901226255608167, 50.534499692041386], [7.899313015820243, 50.53783826685389], [7.899110198485677, 50.54233392119012], [7.900719891533296, 50.54573884225958], [7.904142094963099, 50.54805303006228], [7.909376872595874, 50.54927615810601], [7.91642422443162, 50.549408226390796], [7.921759794959989, 50.548383186465216], [7.925383584180982, 50.54620103832927], [7.927295528879421, 50.54286210848939], [7.927495629055307, 50.53836639694556], [7.925884513938392, 50.53496177369588], [7.922462183528679, 50.53264823874034], [7.917228700985389, 50.53142546572399]]]}}, {"type": "Feature", "properties": {"band": "light", "dbz": 30.0, "source": "OPERA-ORD", "time": "20260906232000"}, "geometry": {"type": "Polygon", "coordinates": [[[6.26158798342085, 50.264068682830015], [6.257909433446797, 50.26619622799355], [6.254230545352176, 50.26832364694655], [6.250551319136983, 50.27045093968901], [6.24687175472512, 50.2725781061842], [6.243191852116587, 50.27470514643212], [6.241171943268975, 50.2780143835688], [6.240812028182287, 50.28250581759424], [6.242292731682971, 50.285933756989515], [6.2456140537710265, 50.288298201754614], [6.250776106950507, 50.28959882914667], [6.257778891221417, 50.28983563916568], [6.263120346821859, 50.288890201369824], [6.266800473751838, 50.28676251575912], [6.268819160095469, 50.283452905101484], [6.269176405852755, 50.278961369396924], [6.269533567792621, 50.27446982173834], [6.269890645915066, 50.26997826212572], [6.2684087033341855, 50.266550589301616], [6.26508774004998, 50.26418680326604], [6.26158798342085, 50.264068682830015]]]}}, {"type": "Feature", "properties": {"band": "light", "dbz": 30.0, "source": "OPERA-ORD", "time": "20260906232000"}, "geometry": {"type": "Polygon", "coordinates": [[[6.007887178983155, 50.111065037990166], [6.004209296654748, 50.113184317823816], [6.000531078845979, 50.11530347098419], [5.996852525556846, 50.11742249747127], [5.991525163908181, 50.118355252042875], [5.984548993899985, 50.11810173469902], [5.977572893386383, 50.11784777702523], [5.970596862367376, 50.117593379021535], [5.963620901081146, 50.11733854070182], [5.956645009527695, 50.11708326206609], [5.951509647224848, 50.11576896486439], [5.948214814172603, 50.11339564909672], [5.94492030648507, 50.11102223382356], [5.941626124162248, 50.10864871904492], [5.938138613864592, 50.10852043298107], [5.9344577755921035, 50.11063737563197], [5.932423612669659, 50.113941162653305], [5.93203612509726, 50.11843179404505], [5.933489717576914, 50.121863981544884], [5.936784390108624, 50.124237725152824], [5.941920263302136, 50.12555270394367], [5.948897337157453, 50.12580891791744], [5.9540339016493, 50.12712359067514], [5.957329956777679, 50.12949672221676], [5.958785382451775, 50.132928633507234], [5.958400178671588, 50.13741932454657], [5.958014884780113, 50.141910003156774], [5.95762950077735, 50.146400669337844], [5.959085733874161, 50.14983248347718], [5.9623835840705475, 50.152205445574765], [5.967523171406486, 50.15351923442532], [5.974504495881977, 50.15377385002885], [5.979644775400171, 50.155087332484015], [5.9829440099610665, 50.15745968179081], [5.986243570767399, 50.15983193138368], [5.989543457819166, 50.16220408126262], [5.992843671212982, 50.16457613139734], [5.996144210948846, 50.16694808178782], [5.999445077123393, 50.169319932403795], [6.002746269736623, 50.17169168324523], [6.006047788885189, 50.17406333428181], [6.009349634569091, 50.176434885513544], [6.010810157440337, 50.17986605332119], [6.0104293574989285, 50.18435683770477], [6.011890494187289, 50.18778791300359], [6.015193567505416, 50.190159279217646], [6.018496967703863, 50.1925305455525], [6.021800694782629, 50.19490171200815], [6.021610492940057, 50.197147099227195], [6.017926362176148, 50.19926670720963], [6.014241894432333, 50.201386188334986], [6.010557089708611, 50.20350554260328], [6.006871947930056, 50.20562476997777], [6.0031864690966685, 50.20774387045844], [5.9995006531335235, 50.20986284400855], [5.9958145000406216, 50.21198169062809], [5.995623455452845, 50.214227026256914], [5.998927519370193, 50.216598850895025], [6.002231910581289, 50.218970575659995], [6.005536629086131, 50.22134220055183], [6.00699814185929, 50.2247733437581], [6.006616448900766, 50.2292640052788], [6.008078576872007, 50.23269505597286], [6.011384525773013, 50.23506649584027], [6.016534414742171, 50.23637800287467], [6.023528243779481, 50.23662957707607], [6.028678827695801, 50.237940776825894], [6.03198616649113, 50.24031160212414], [6.035293833065438, 50.24268232739706], [6.0386018274187245, 50.24505295264464], [6.042099178327121, 50.24517809075143], [6.045785885790629, 50.24305774171741], [6.047818179588115, 50.2397521679199], [6.04819605971958, 50.23526136935892], [6.046731251494512, 50.23183077211682], [6.043423754912908, 50.2294603761936], [6.040116585902929, 50.227089880242076], [6.036809744464575, 50.224719284262264], [6.036998884170338, 50.222473880057116], [6.0406840050202195, 50.22035366762661], [6.046022287954126, 50.21941841175486], [6.053013732972058, 50.21966811244185], [6.06000524658923, 50.2199173716861], [6.066996828805643, 50.22016618948761], [6.073988479381004, 50.22041456583269], [6.080980198315315, 50.22066250072134], [6.0879719853682435, 50.22090999413992], [6.094963840539792, 50.22115704608845], [6.100300798292917, 50.22021940298167], [6.103982858627614, 50.21809706481958], [6.107664581700465, 50.215974600064214], [6.11134596751147, 50.21385200871556], [6.114841664377428, 50.213974859294396], [6.118151672298337, 50.21634315180073], [6.121462007791401, 50.218711344040095], [6.124772670856617, 50.221079436012495], [6.128083661590741, 50.22344742768743], [6.1313949799937735, 50.22581531906491], [6.1347066261624885, 50.228183110114365], [6.1380186000968875, 50.230550800835815], [6.141515096777198, 50.23067279463219], [6.14519611620342, 50.228549091503496], [6.147220734474476, 50.2252416312411], [6.1475889515903654, 50.220750413845], [6.14795708243903, 50.216259184304405], [6.148325127020467, 50.211767942619296], [6.14869308539289, 50.20727668877671], [6.149060957556298, 50.20278542277663], [6.151083939617992, 50.19947775441811], [6.154762031577973, 50.19735368370117], [6.160095348106919, 50.19641288880849], [6.1670838892048305, 50.19665536974009], [6.174072496836403, 50.196897409402595], [6.181061171001637, 50.197139007796004], [6.18621176223712, 50.19844290105768], [6.18952427054285, 50.200809089187615], [6.190998582244308, 50.20423789404804], [6.190634697341496, 50.20872931563894], [6.190270727158314, 50.21322072511011], [6.189906671694763, 50.21771212246156], [6.189542530893252, 50.22220350770629], [6.189178304753783, 50.22669488084429], [6.190653642961078, 50.2301235815178], [6.193968545515137, 50.23248960972683], [6.199123126106754, 50.233792643287984], [6.2061173847359274, 50.23403268220127], [6.213111709366151, 50.234272279429845], [6.220106099997426, 50.23451143497371], [6.225261806273355, 50.235813510258254], [6.228578828193939, 50.23817850528349], [6.231896178319728, 50.24054339963628], [6.235213856650722, 50.24290819331662], [6.2385318632836, 50.24527288629387], [6.241850198218362, 50.24763747856801], [6.245168861551706, 50.25000197010837], [6.248487853283634, 50.252366360914955], [6.253646073200173, 50.25366685969803], [6.260643521301322, 50.2539034664576], [6.265980807154746, 50.25295785243094], [6.269657930760442, 50.25083001761807], [6.2716747805119715, 50.24752028446489], [6.272031356409336, 50.243028652971404], [6.272387848715587, 50.238537009471656], [6.272744257430726, 50.234045353965655], [6.273100582611201, 50.22955368644034], [6.273456824257012, 50.225062006895705], [6.273812982424555, 50.22057031531871], [6.274169057113831, 50.21607861170934], [6.274525048381182, 50.21158689605454], [6.27488095622661, 50.207095168354314], [6.275236780706408, 50.20260342859558], [6.275592521820576, 50.19811167677836], [6.275948179625355, 50.19361991288959], [6.276303754120746, 50.189128136929256], [6.276659245362939, 50.184636348884304], [6.277014653351934, 50.180144548754726], [6.275534784349044, 50.176716821809016], [6.272219638354269, 50.17435316804716], [6.26706932633801, 50.17305326573284], [6.260083848300268, 50.17281711486605], [6.254934227650762, 50.171516903989996], [6.251620464389491, 50.16915263310467], [6.2483070281563045, 50.16678826161215], [6.2449939189512005, 50.16442378951242], [6.241681136678075, 50.162059216836], [6.238368681336927, 50.15969454358291], [6.236891897148608, 50.15626634644273], [6.237250784113118, 50.15177462541544], [6.237609587123607, 50.14728289221452], [6.237968306180074, 50.14279114683993], [6.236492343514815, 50.13936285024911], [6.233181699127832, 50.136998002442056], [6.229691443285481, 50.13687891356412], [6.226021575987763, 50.139005583615315], [6.222351372790145, 50.1411321276852], [6.218680833692628, 50.14325854577375], [6.213355075265261, 50.1442019920826], [6.206374097508041, 50.14396246661174], [6.19939318552303, 50.14372250040776], [6.192412339310225, 50.14348209347064], [6.1870857139819755, 50.14442450659206], [6.18341330953828, 50.14654973977201], [6.181395012603229, 50.14985811438626], [6.181030823176822, 50.15434963043481], [6.179011816160452, 50.157657859875044], [6.175337991554121, 50.15978280270697], [6.171846673634055, 50.159661899383416], [6.168537862400253, 50.15729514990438], [6.165229377799007, 50.15492830011426], [6.161921219830317, 50.152561350013066], [6.158429968350924, 50.15244000584895], [6.154755623360828, 50.15456426762191], [6.151080942188628, 50.156688403127596], [6.147405924834324, 50.158812412366004], [6.142076933385729, 50.15975239853521], [6.135093967842843, 50.159508361635226], [6.129949173840213, 50.15820234621938], [6.126642551377842, 50.1558343522877], [6.123336255425035, 50.15346625818595], [6.120030285981793, 50.15109806391413], [6.114886615483906, 50.14979109291769], [6.107905243931373, 50.149545345196636], [6.102762264751308, 50.148238066852755], [6.099457677943711, 50.145869257886055], [6.096153417411942, 50.14350034885704], [6.092849483155999, 50.1411313397657], [6.089359229872798, 50.14100781801741], [6.085682657562341, 50.14312978361216], [6.083657638857606, 50.14643634147261], [6.083284173758592, 50.15092749159874], [6.08291062125803, 50.15541862942589], [6.082536981355917, 50.159909754954036], [6.084002665093097, 50.163339943514266], [6.087307672469571, 50.165709195106594], [6.090613006479717, 50.16807834662567], [6.0939186671235355, 50.170447398071495], [6.093732047541236, 50.17269295564814], [6.090053147732819, 50.174815019355584], [6.084721158749055, 50.17575221644282], [6.077736080589944, 50.17550454690983], [6.072403457410983, 50.17644138368137], [6.068723289212173, 50.17856272675745], [6.065042784401061, 50.180683943206645], [6.061361942977648, 50.18280503302895], [6.056028456295672, 50.18374083451526], [6.049042324355132, 50.18349134766557], [6.043897276625819, 50.18218134260867], [6.040593313107736, 50.17981081934455], [6.039130315977246, 50.17638009943941], [6.039508285234352, 50.17188918289328], [6.039886166046894, 50.1673982540353], [6.04026395841487, 50.16290731286547], [6.0406416623978725, 50.158416359370904], [6.041019277995902, 50.15392539355159], [6.039557292179079, 50.15049457078095], [6.036255704947405, 50.148123891059], [6.032954443880668, 50.1457531114792], [6.029653508978869, 50.143382232041546], [6.028192334638716, 50.139951311504134], [6.028570920860205, 50.13546034986699], [6.027110359180517, 50.13202933673688], [6.023810649599648, 50.129658272113815], [6.020511265839916, 50.12728710770712], [6.01721220790132, 50.124915843516774], [6.015752456314008, 50.12148473268395], [6.01613201107798, 50.116993775208655], [6.014672871381814, 50.11356257187158], [6.011375037225511, 50.11119112267275], [6.007887178983155, 50.111065037990166]]]}}, {"type": "Feature", "properties": {"band": "light", "dbz": 30.0, "source": "OPERA-ORD", "time": "20260906232000"}, "geometry": {"type": "Polygon", "coordinates": [[[5.935249416139647, 49.7558718574315], [5.921403654210095, 49.75535776258316], [5.910826303470688, 49.757217233507106], [5.903517363921426, 49.76145027020335], [5.892939131554098, 49.76330706707755], [5.879091606368706, 49.762787624129714], [5.870144645418648, 49.76583111721509], [5.866098248703925, 49.772437546333684], [5.862050692251999, 49.77904379547782], [5.858001976062868, 49.78564986464749], [5.8508803373416445, 49.78763341734216], [5.840685776088331, 49.784994453561815], [5.832322200637652, 49.78129778278268], [5.825789610989608, 49.77654340500475], [5.819258298956944, 49.77178863320606], [5.812728264539663, 49.767033467386604], [5.8060014639898885, 49.764523390395084], [5.799077897307621, 49.76425840223152], [5.792154401841984, 49.76399297751422], [5.785230977592979, 49.76372711624322], [5.776676674953514, 49.76227126668244], [5.766491493923587, 49.759625428831896], [5.757737335623976, 49.76041387942244], [5.750414200054683, 49.76463661845405], [5.741459280573549, 49.76766877764172], [5.730872577180577, 49.76951035698545], [5.7202850403228425, 49.771350907961605], [5.709696670000346, 49.77319043057018], [5.699107466822693, 49.775028924537416], [5.688517430789883, 49.7768663898633], [5.677926562512424, 49.778702826274234], [5.667334861990315, 49.7805382337702], [5.661834478437129, 49.783701103221205], [5.661425411852866, 49.78819143462723], [5.661016250360248, 49.792681752805485], [5.660606993959275, 49.797172057755965], [5.65836277696528, 49.80271634318892], [5.654283599378262, 49.80931460910436], [5.651833533697331, 49.81710393876513], [5.6510125799224875, 49.82608433217123], [5.648560406876336, 49.833873410671885], [5.644477014558876, 49.8404711742671], [5.638761696322053, 49.8458772809273], [5.631414452165866, 49.85009173065247], [5.627534232911842, 49.85444395742906], [5.62712103855998, 49.858933961257065], [5.632014258388541, 49.86250808997371], [5.642213892397526, 49.865166343579], [5.6452701369623135, 49.869794215032556], [5.641182992082905, 49.87639170433439], [5.6370946718818296, 49.88298901092338], [5.6330051763590845, 49.88958613479953], [5.62565062503708, 49.89379973618932], [5.6150310179158165, 49.895629815092775], [5.607673641795396, 49.89984282202529], [5.603578496675818, 49.90643875698687], [5.5978502445035385, 49.911842463106034], [5.590488885278556, 49.91605394038278], [5.583126197584166, 49.92026490738585], [5.575762181420368, 49.92447536411524], [5.571660668136063, 49.931070153656385], [5.570821657731253, 49.9400492760093], [5.571824930167207, 49.94797588119559], [5.574670485443924, 49.95484996921526], [5.577516821994584, 49.961723962792156], [5.580363939819188, 49.96859786192628], [5.58136832653853, 49.9765243014795], [5.580529982152612, 49.985503281451834], [5.583588523818074, 49.9901321420631], [5.590543951534916, 49.99041088331332], [5.597499454847171, 49.99068918580822], [5.604455033754837, 49.99096704954782], [5.609359570803403, 49.994542477126345], [5.612213065992871, 50.00141546854381], [5.613431575349086, 50.00709674426836], [5.613015098872047, 50.01158630429998], [5.609118400724266, 50.015937035528225], [5.601741480905739, 50.02014893795309], [5.597843931379269, 50.02449961374755], [5.597425752144855, 50.028989062911634], [5.602333774906684, 50.03256427055579], [5.612567999664759, 50.035225236680034], [5.620958743483916, 50.038938700094135], [5.627506006364156, 50.043704660798085], [5.6270894098863575, 50.04819414700132], [5.619708954050521, 50.05240715870383], [5.612327160361202, 50.05661965905992], [5.6049440288184, 50.06083164806959], [5.602680671860952, 50.06637410154024], [5.605537089488859, 50.07324701947187], [5.6122955255126, 50.075768778915894], [5.622955979932174, 50.0739393798723], [5.631770138272797, 50.07316255996045], [5.638738000534471, 50.07343831918034], [5.645499275792439, 50.075958425066545], [5.652053964046701, 50.08072287761908], [5.654917694221936, 50.08759463815799], [5.654090466318144, 50.09657370668329], [5.64998325655273, 50.103170431584495], [5.642596064925694, 50.107384812861625], [5.644029115883285, 50.110820551014754], [5.654282409425498, 50.11347764604388], [5.659202289306264, 50.117050937058636], [5.658788755525579, 50.121540424059006], [5.658375125067262, 50.12602989832929], [5.657961397931312, 50.13051935986949], [5.66309012218159, 50.13184699539984], [5.673761297818094, 50.13001280492034], [5.684431626419579, 50.12817757694439], [5.695101107986046, 50.12634131147199], [5.701872962668654, 50.128858288420275], [5.704747190467403, 50.13572850778927], [5.711315991765983, 50.14048904816222], [5.721579366564394, 50.143139909539144], [5.726507303966872, 50.14671019108532], [5.726099803973417, 50.15119989280075], [5.725692208642138, 50.15568958189458], [5.725284517973034, 50.16017925836681], [5.728368158524847, 50.164803806329815], [5.734943130297579, 50.16956322578359], [5.741519405571653, 50.17432224953487], [5.748096984347069, 50.17908087758365], [5.754675867401607, 50.183839109689174], [5.761256054735268, 50.188596945851444], [5.769886221887381, 50.19005366382486], [5.780566368857944, 50.18820926360943], [5.789599632573344, 50.185175042453835], [5.79698601303358, 50.180951000358085], [5.802725260179383, 50.17553778013442], [5.806817374010751, 50.168935381782845], [5.812553845897662, 50.163521355630536], [5.819934675840116, 50.15929570167748], [5.823824208633799, 50.15493782405143], [5.824222444278712, 50.15044772275237], [5.819286789721319, 50.14688176616485], [5.8090172449616215, 50.14423995428889], [5.807571294263266, 50.1408063537301], [5.8149489376262515, 50.13658096448847], [5.815348784719932, 50.13209089778254], [5.808770835544306, 50.127336153612305], [5.809169173824815, 50.1228460052049], [5.81654379956146, 50.11862045256034], [5.823917083163581, 50.11439439069936], [5.831289024631177, 50.11016781962195], [5.831686990680171, 50.10567762085793], [5.825110981310562, 50.100923794407294], [5.820378588599333, 50.09511316543284], [5.817489812546482, 50.088245733934556], [5.8109177003958585, 50.0834907188747], [5.800662252147462, 50.08084812025326], [5.795934387451944, 50.075036634085], [5.796734106309303, 50.06605626036994], [5.795692386910579, 50.05813198329982], [5.792809229255771, 50.05126380287466], [5.788085884895553, 50.04545146054742], [5.781522353829925, 50.04069495631811], [5.77680101659952, 50.034882335992734], [5.773921873204338, 50.02801359957127], [5.77616309775013, 50.022467408115375], [5.783524690236896, 50.01824376162506], [5.785765874778559, 50.012697646268236], [5.782886651375119, 50.00582906204491], [5.780008221068883, 49.998960381820574], [5.777130583859853, 49.992091605595206], [5.776092387565745, 49.984166888862624], [5.776893632186562, 49.97518623162282], [5.779332367089134, 49.9673947272544], [5.783408592273463, 49.960792375757386], [5.787483643451914, 49.95418984325016], [5.7915575206244885, 49.94758712973271], [5.79031953383992, 49.94190749396037], [5.78376968309821, 49.93715093593312], [5.780894262223065, 49.9302821738142], [5.781693271214484, 49.92130120760361], [5.782491908598018, 49.912320189693475], [5.7832901743736675, 49.9033391200838], [5.787160854658982, 49.898981500903346], [5.794103949453961, 49.89924733215213], [5.7990134528383495, 49.902814510745436], [5.801889364812148, 49.909683036683276], [5.806601931235036, 49.91549492534293], [5.813151152107016, 49.92025017672439], [5.819701660411724, 49.925005033131384], [5.826253456149157, 49.929759494563925], [5.832806540081633, 49.93451356078411], [5.839360912209151, 49.93926723179196], [5.845916573294352, 49.94402050734931], [5.852473523337238, 49.948773387456164], [5.862703144530321, 49.951410707548945], [5.8766054368736, 49.95193246762763], [5.88886716119882, 49.951265124677555], [5.899488317505981, 49.94940867869872], [5.910108626291079, 49.94755120162749], [5.920728087554112, 49.945692693463904], [5.929705368579844, 49.942646330523544], [5.937040469368274, 49.938412112806404], [5.946015651874004, 49.935364000582496], [5.956630916097032, 49.933501993851806], [5.963962028498799, 49.92926625950431], [5.968008989079306, 49.92265679753999], [5.972054785663241, 49.91604715678281], [5.976099418250606, 49.90943733723276], [5.980142887977969, 49.90282733899235], [5.984185194845333, 49.89621716206158], [5.991319296873218, 49.8942245632073], [6.001545194061626, 49.89684954242951], [6.010130155995363, 49.898287912125674], [6.017074182674429, 49.898539672295804], [6.019092984895938, 49.895234032757706], [6.01618656265989, 49.88837099351138], [6.0149217780074675, 49.882693701709414], [6.015298630938672, 49.87820215735181], [6.017504241887774, 49.87265053489382], [6.021538610854777, 49.86603883433544], [6.022103364939571, 49.85930144108437], [6.0191985041421585, 49.852438355140606], [6.012638054228825, 49.84769482985509], [6.002422015199571, 49.845070865227825], [5.997691928495783, 49.839267290607076], [5.998447794117462, 49.83028410599283], [5.995548555031832, 49.823420183617635], [5.988994211238893, 49.818675523481474], [5.98225110086522, 49.816176241586874], [5.975319223910813, 49.81592233793383], [5.969834615275786, 49.819100363858176], [5.965797274960138, 49.825710319359935], [5.956845049297929, 49.82875956350812], [5.942977938289161, 49.82824809630274], [5.9340226686024415, 49.83129664291808], [5.929979240237771, 49.837905203354154], [5.924296900555174, 49.84332631579746], [5.916975649554651, 49.84755998024802], [5.909846825406509, 49.84954756537315], [5.902910428110752, 49.84928907117285], [5.896168412802323, 49.84678457980378], [5.889620779481222, 49.84203409126594], [5.88673531651435, 49.83516768879184], [5.887512023901705, 49.8261853723815], [5.886458832898636, 49.81826086704262], [5.8835757435051415, 49.81139417277519], [5.8806934441885, 49.80452738126602], [5.877811934948712, 49.797660492515114], [5.881664172225947, 49.793298995611316], [5.892250156020207, 49.79144289055463], [5.901199833804171, 49.788398440731534], [5.9085132055778375, 49.78416564614202], [5.919096667237781, 49.78230645933732], [5.932950218784002, 49.782820880317445], [5.941895257168391, 49.77977346649071], [5.945931782390948, 49.77316421785714], [5.946505608027776, 49.76642692136918], [5.943616734078874, 49.759561577026844], [5.935249416139647, 49.7558718574315]]]}}, {"type": "Feature", "properties": {"band": "light", "dbz": 30.0, "source": "OPERA-ORD", "time": "20260906232000"}, "geometry": {"type": "Polygon", "coordinates": [[[6.439852834697988, 49.73962810210217], [6.432594158017119, 49.743896571370854], [6.42385671794456, 49.74473788219578], [6.413640514480309, 49.742152034576954], [6.403425402017071, 49.739565237205596], [6.393211380554844, 49.7369774900817], [6.382827433945122, 49.73663541214607], [6.372273562187907, 49.738539003398714], [6.366654355411046, 49.74398399817072], [6.365969813614541, 49.75297039646209], [6.360347723834581, 49.75841428365851], [6.3497880860711655, 49.760315659759996], [6.339227593051035, 49.76221601318722], [6.328666244774189, 49.76411534394018], [6.32139364119347, 49.76837664137169], [6.317409782308884, 49.77499990548174], [6.3139468271360375, 49.77488362266519], [6.311004775674929, 49.76802779292204], [6.308063533061549, 49.76117186233476], [6.305123099295894, 49.75431583090335], [6.298372529598776, 49.751835521324246], [6.287811823970195, 49.753730933597446], [6.282181084331172, 49.75917149374196], [6.281480310681705, 49.76815720175779], [6.280779211741236, 49.777142858931086], [6.280077787509764, 49.78612846526187], [6.283017028443245, 49.79298490668017], [6.289596934541678, 49.79771218318599], [6.2961781243450305, 49.8024390593545], [6.302760597853303, 49.80716553518565], [6.30934435581426, 49.811891610439815], [6.315929398227904, 49.81661728511699], [6.315755059860597, 49.818863691913926], [6.3088213407123375, 49.81863083083061], [6.302062674183173, 49.816151150277165], [6.295479060273102, 49.8114246502536], [6.287076106337677, 49.80776213833276], [6.276853812376899, 49.805163614514655], [6.264811405289759, 49.80362806739751], [6.250948885076257, 49.80315549698132], [6.242018487975377, 49.80622929521046], [6.23802021398712, 49.81284946208493], [6.239310594120734, 49.81852445762196], [6.245889628376216, 49.82325428182156], [6.248824846579965, 49.83011174517772], [6.24811624873198, 49.83909684769043], [6.245761262639503, 49.846899468630994], [6.241759888302533, 49.85351960799942], [6.234465716120779, 49.85777418446741], [6.2238787460942415, 49.85966319803498], [6.2182276900375415, 49.865100054199026], [6.21751254795068, 49.87408475295956], [6.211858593884476, 49.87952049412298], [6.201265827838929, 49.88140727768928], [6.193963410722291, 49.885659697736244], [6.1899513425345605, 49.89227775426386], [6.184292110057557, 49.89771223993258], [6.17698571329128, 49.90196315474242], [6.168032375774059, 49.90502986007979], [6.157432097505895, 49.906912355944705], [6.148476180072171, 49.90997784387911], [6.141164623472889, 49.914226323883014], [6.133851738674899, 49.91847430114037], [6.1265375256781995, 49.922721775651205], [6.1195904621571335, 49.922476947499675], [6.1130105481117, 49.91773981668576], [6.106062308109125, 49.91749405972777], [6.098745742149409, 49.921739676625705], [6.09490252225668, 49.926108352423256], [6.094532648430938, 49.93060008712042], [6.0941626884790745, 49.93509180919463], [6.093792642401088, 49.9395835186459], [6.089946524725256, 49.94395160065429], [6.082624335451579, 49.94819605521981], [6.075673742643337, 49.94794843954343], [6.0690947463005305, 49.943208753625164], [6.060498789544439, 49.941774924198796], [6.049885872375062, 49.94364695126432], [6.039272102782357, 49.945517948572395], [6.028657480766327, 49.94738791612303], [6.0196853931579035, 49.950442762400236], [6.0123558399570864, 49.954682487404035], [6.006668586472948, 49.96010772984912], [6.00262363270549, 49.96671848973548], [6.000221711718014, 49.97451510779361], [5.999462823510525, 49.98349758402352], [5.995414371235169, 49.990107808438665], [5.988076354891948, 49.99434578103906], [5.980737004771351, 49.998583247956795], [5.973396320873377, 50.00282020919189], [5.966054302608251, 50.00705666445351], [5.958710949975976, 50.01129261374167], [5.95832816735623, 50.01578364289146], [5.964905954749014, 50.020529751902885], [5.971485037761841, 50.02527546324412], [5.978065416394708, 50.030020776915165], [5.982810514773068, 50.03582513039802], [5.985720332896921, 50.04268852369267], [5.988630955967664, 50.049551819398886], [5.991542383985298, 50.056415017516656], [5.994454617804594, 50.063278118027206], [5.9973676574255546, 50.070141120930536], [6.002119320894862, 50.07594432721805], [6.008709608212518, 50.08068773688976], [6.015679381513133, 50.080939664111966], [6.0230286407967055, 50.076700108884665], [6.02999987112636, 50.07695120988752], [6.036593072502094, 50.08169296712054], [6.045024543131437, 50.085373819202154], [6.0552942830143905, 50.087993766132364], [6.06189138646644, 50.09273432597496], [6.0648158534875884, 50.099595498729926], [6.073252504253973, 50.10327377164593], [6.087201338765592, 50.10376914472298], [6.09619775833769, 50.100709969173984], [6.1002417629702625, 50.09409624499895], [6.105750117900145, 50.09091230630004], [6.11272282312734, 50.09115815307726], [6.119511367868512, 50.093649287595085], [6.1261157521236616, 50.0983857098535], [6.130885502483498, 50.10418359885387], [6.13382061894802, 50.11104295459617], [6.142264588204761, 50.11471596825182], [6.156217410253722, 50.115202639820815], [6.166864168913889, 50.113321182641535], [6.174204864185261, 50.10907159671398], [6.184850697511484, 50.107187445604], [6.198801668892559, 50.10766872931156], [6.209444970119884, 50.10578314208614], [6.21678060119346, 50.10153068392772], [6.224114891493675, 50.09727772222409], [6.231447841020528, 50.09302425697527], [6.242087679941817, 50.09113454196999], [6.256034408257544, 50.091608577208255], [6.269981394732399, 50.092080851549625], [6.283928639366383, 50.09255136499409], [6.292381294243372, 50.09621421699299], [6.295339359363362, 50.10306940754632], [6.30196262969139, 50.10779504692149], [6.312251105227455, 50.11039113511849], [6.324372121313726, 50.11192101285303], [6.338325677950204, 50.11238468012512], [6.352279487384668, 50.11284658544634], [6.36623354961712, 50.1133067288167], [6.380187862737128, 50.11376511013553], [6.394142426744692, 50.11422172940284], [6.403120605239497, 50.111137498613274], [6.407122398221544, 50.10451241776684], [6.409465064347186, 50.09670737829254], [6.410148603616422, 50.08772238019037], [6.409003784255975, 50.0798037335417], [6.406030606265842, 50.07295143834652], [6.399401983342153, 50.06823128909088], [6.389117915484907, 50.06564328577479], [6.380490938336341, 50.064234823268656], [6.373521051896455, 50.06400590157248], [6.366551228052925, 50.06377653988349], [6.359581466805751, 50.063546738201694], [6.354614502130067, 50.06000494395895], [6.351650334025875, 50.05315115715527], [6.344855326662856, 50.05067389028198], [6.33422948004101, 50.052573143339075], [6.325432525093686, 50.053406573910856], [6.318464461820881, 50.05317418199732], [6.315330634656409, 50.04856570830567], [6.31603104360027, 50.03958115283588], [6.320038281899743, 50.03295883948286], [6.327352349554829, 50.02869876824661], [6.329530170995761, 50.023141449185694], [6.326571746222539, 50.016286882300115], [6.321436312593066, 50.01498945791052], [6.314123870107344, 50.019249176016885], [6.305333325340322, 50.020080655938955], [6.2950646782919994, 50.017483897676726], [6.286625940732088, 50.013821996076054], [6.280017112660587, 50.00909495113695], [6.280369296104568, 50.004602674478235], [6.287682491064033, 50.00034516609991], [6.293342485956727, 49.99490567123306], [6.29734928078265, 49.98828418987769], [6.299528195201747, 49.98272726132768], [6.299879229214017, 49.97823488558304], [6.2949255740165935, 49.974689828137166], [6.284667229609476, 49.97209208899006], [6.283191697499062, 49.96866431580706], [6.290498977685351, 49.96440650858816], [6.2961542103557955, 49.958966740176635], [6.300157395510397, 49.95234501057247], [6.3074606825556625, 49.94808570036315], [6.318064071491591, 49.94618880954866], [6.327015414104687, 49.94310995811812], [6.334314710394949, 49.93884914607152], [6.339961745103089, 49.93340701306692], [6.343956518229105, 49.92678355910431], [6.351251826746996, 49.92252124666033], [6.3618476706567595, 49.92062007573499], [6.372442651595501, 49.91871787853859], [6.383036769563221, 49.916814655071136], [6.39528213797613, 49.91609028542856], [6.40917875683423, 49.91654476961088], [6.419432263835102, 49.91913146920552], [6.426042658978746, 49.92385038421249], [6.431338383312677, 49.92289640703642], [6.435319436836895, 49.91626953767728], [6.442604822739021, 49.91200110034368], [6.453194541019058, 49.910091095035604], [6.46047713273518, 49.90582208685501], [6.464452597887387, 49.899194075801915], [6.461315280316855, 49.89458891526173], [6.4510651800235825, 49.892006605234464], [6.4426365211471355, 49.88835645330788], [6.436029303687514, 49.88363845948197], [6.427603103532892, 49.87998673856984], [6.417357920683268, 49.87740129057147], [6.414224833718491, 49.872795346221054], [6.41820384263856, 49.86616890551856], [6.4238321677301276, 49.86072192365576], [6.431109808993195, 49.85645440063263], [6.441688147454763, 49.85454491681459], [6.455567183114832, 49.854993472201635], [6.463991289617919, 49.858643501682366], [6.466960466964026, 49.865495005256776], [6.473568376284078, 49.87021087067257], [6.483815017578076, 49.87279109792975], [6.49588095077827, 49.87430207978953], [6.50976617588466, 49.87474381625192], [6.5219977510341005, 49.87400581458412], [6.5325756762265925, 49.87208807478616], [6.538191836946504, 49.866635689839306], [6.538846233193834, 49.857648659743575], [6.54445949060944, 49.852195169535946], [6.55503160919332, 49.8502752192164], [6.562295650208518, 49.84599924828679], [6.566251613655034, 49.839367256747096], [6.5631082260242195, 49.83476482519602], [6.552865487316077, 49.83219195363355], [6.544112232113151, 49.83304307798651], [6.536848460415441, 49.837318198254906], [6.528095771328178, 49.838167695855915], [6.517854164851361, 49.83559157078955], [6.513062561157097, 49.82980998693061], [6.513720960245389, 49.8208229442791], [6.512563809011878, 49.812904180401205], [6.509591107456563, 49.80605369529691], [6.501172706068159, 49.80240708394109], [6.487308604846664, 49.80196434633375], [6.475094156210765, 49.8026991503001], [6.464529360160461, 49.80461149584018], [6.460729892046312, 49.80899354986789], [6.463695751868319, 49.815845312383246], [6.466662430275408, 49.82269697286576], [6.469629927267578, 49.8295485313154], [6.469129047298329, 49.83628852930796], [6.465159790367663, 49.84291696684341], [6.45805549836473, 49.84493986975918], [6.447816171289532, 49.842357238055264], [6.439396418766365, 49.83870678096389], [6.432796240795228, 49.833988498485056], [6.429833176950604, 49.82713611908697], [6.430507227232491, 49.81814964276966], [6.434478758496719, 49.811522212354895], [6.441747770743287, 49.807253827842686], [6.443901171678123, 49.80169346926451], [6.440938961301225, 49.79484113662037], [6.4325277090404125, 49.791189276059654], [6.4186674148956815, 49.79073788758237], [6.406624903210687, 49.78921847794562], [6.396400173985427, 49.78663104714942], [6.396569349990022, 49.784384413747134], [6.407132431224473, 49.78247857773875], [6.416046811327083, 49.77939203163026], [6.423312490297853, 49.77512477542166], [6.432224762790137, 49.77203649723494], [6.442783628803936, 49.77012719707012], [6.448397693701866, 49.7646790854631], [6.449066957483925, 49.7556921624139], [6.447921735290823, 49.74777249253393], [6.444962027122556, 49.74092007582319], [6.439852834697988, 49.73962810210217]]]}}, {"type": "Feature", "properties": {"band": "light", "dbz": 30.0, "source": "OPERA-ORD", "time": "20260906232000"}, "geometry": {"type": "Polygon", "coordinates": [[[5.942671951717668, 50.0354811439282], [5.9357082122549105, 50.03522459720394], [5.930388627987202, 50.03615472140733], [5.9267131989145385, 50.03827151653836], [5.923037435652592, 50.04038818493095], [5.919361338201361, 50.04250472658511], [5.915684906487091, 50.044621141464376], [5.912008140509786, 50.046737429568736], [5.911814086435208, 50.04898279814881], [5.915102744263357, 50.051357247204606], [5.920230189751849, 50.052673239411774], [5.927196422900683, 50.05293077477031], [5.93251766842649, 50.052001058146885], [5.936193926329271, 50.0498840895415], [5.9398698498797255, 50.04776699421734], [5.943545439077853, 50.0456497721744], [5.947220693997502, 50.04353242344915], [5.950895614638673, 50.04141494804159], [5.951088261581706, 50.03916951207594], [5.9477986348266, 50.03679611555219], [5.942671951717668, 50.0354811439282]]]}}, {"type": "Feature", "properties": {"band": "light", "dbz": 30.0, "source": "OPERA-ORD", "time": "20260906232000"}, "geometry": {"type": "Polygon", "coordinates": [[[6.0706731402335645, 49.86104909626912], [6.067017866824549, 49.86317087126789], [6.065004219497466, 49.86647764289932], [6.064632198252313, 49.87096941116341], [6.066088466500458, 49.87440031825637], [6.0693730242419015, 49.87677036417822], [6.072657903697848, 49.87914031060266], [6.075943104868299, 49.881510157529675], [6.079228627847706, 49.8838799049294], [6.08251447263607, 49.886249552801814], [6.085985516136708, 49.88637318988748], [6.089641758349618, 49.88425081618638], [6.091654670304381, 49.880943705405635], [6.092024252000999, 49.87645185754524], [6.0905663657812985, 49.873021222731516], [6.087281011645279, 49.87065180096446], [6.083995979116116, 49.868282279667206], [6.0807112681938085, 49.86591265883975], [6.077426878784008, 49.86354293851194], [6.074142810886718, 49.8611731186838], [6.0706731402335645, 49.86104909626912]]]}}, {"type": "Feature", "properties": {"band": "light", "dbz": 30.0, "source": "OPERA-ORD", "time": "20260906232000"}, "geometry": {"type": "Polygon", "coordinates": [[[6.089558905884646, 49.77950403941192], [6.082631871619615, 49.77925692994395], [6.0757049038454305, 49.779009383594804], [6.068778002562093, 49.77876140036449], [6.061851168001695, 49.77851298026631], [6.054924400164236, 49.77826412330026], [6.047997699281775, 49.77801482947967], [6.041071065354313, 49.777765098804565], [6.034144498613873, 49.777514931288295], [6.027217999060457, 49.77726432693089], [6.021929265026349, 49.77819916154309], [6.01827829651155, 49.78031943512492], [6.018090830335396, 49.78256534856403], [6.021366866497885, 49.7849369018604], [6.024643222735219, 49.78730835597794], [6.027919899047396, 49.789679710916644], [6.031196895528332, 49.79205096664684], [6.034474212178026, 49.79442212316853], [6.039577487449643, 49.79573261960238], [6.046506721343184, 49.79598245594841], [6.051610675626216, 49.797292647820555], [6.054889350298739, 49.79966319521882], [6.05816834536844, 49.802033643303076], [6.06144766083532, 49.80440399207332], [6.066552719917756, 49.80571323679514], [6.0734835226157475, 49.80596137746856], [6.080414391945411, 49.80620908098542], [6.087345327906745, 49.80645634734572], [6.094276330267137, 49.8067031765362], [6.101207399026586, 49.80694956855685], [6.106497441989557, 49.806011171013424], [6.110146459156051, 49.80388798390592], [6.112154337020595, 49.80058032551461], [6.112521075583186, 49.79608819583949], [6.111063956091167, 49.79265768570917], [6.107782978544536, 49.79028879512365], [6.104502321315195, 49.78791980508297], [6.101221984403141, 49.785550715587135], [6.097941967714625, 49.78318152666589], [6.09466227124965, 49.780812238319236], [6.089558905884646, 49.77950403941192]]]}}, {"type": "Feature", "properties": {"band": "light", "dbz": 30.0, "source": "OPERA-ORD", "time": "20260906232000"}, "geometry": {"type": "Polygon", "coordinates": [[[7.283435188089349, 49.788525997822404], [7.276502377705772, 49.788354230371525], [7.2695696136388515, 49.788182025346956], [7.262636895888587, 49.7880093827487], [7.2557042246891, 49.78783630258602], [7.2487716000403895, 49.78766278485894], [7.241839022176547, 49.787488829576745], [7.2349064910975756, 49.78731443673944], [7.2279740070375444, 49.78713960635643], [7.221041569996452, 49.786964338427694], [7.215776482328958, 49.78795666650774], [7.212178744035061, 49.79011659059658], [7.2102482738668865, 49.79344442983197], [7.209985071824438, 49.79794018421389], [7.20972180863142, 49.80243592658625], [7.209458484287831, 49.806931656949025], [7.2109950386054225, 49.81034745923112], [7.214331471584192, 49.812683333432524], [7.217668227688514, 49.81501910449641], [7.221005306918389, 49.817354772422775], [7.224342709365394, 49.81969033718083], [7.227680435029528, 49.822025798770596], [7.231018484002387, 49.82436115716124], [7.234356856283971, 49.826696412352774], [7.2376955519658885, 49.82903156431439], [7.241034571048141, 49.83136661304609], [7.246173658098025, 49.83262098821805], [7.253112813115537, 49.83279468983028], [7.260052014848549, 49.83296795341599], [7.266991263297059, 49.83314077897519], [7.272259998098472, 49.83214627163268], [7.2758582192527905, 49.82998443138844], [7.277785847055998, 49.82665557782319], [7.278042881508097, 49.82215971093693], [7.279969822533171, 49.81883072071947], [7.28356667013122, 49.81666860717081], [7.287163187752393, 49.81450637209112], [7.290759375396686, 49.812344015480384], [7.292685214079318, 49.80901486168923], [7.2929407038002925, 49.80451891071765], [7.2931961341844325, 49.80002294778961], [7.293451505231742, 49.795526972905094], [7.291909791386833, 49.79211220948409], [7.288570992649703, 49.7897786575266], [7.283435188089349, 49.788525997822404]]]}}, {"type": "Feature", "properties": {"band": "light", "dbz": 30.0, "source": "OPERA-ORD", "time": "20260906232000"}, "geometry": {"type": "Polygon", "coordinates": [[[6.206835857467654, 49.70253126509125], [6.199919455464732, 49.702291602802816], [6.1946425678238475, 49.70323485820401], [6.191005194545003, 49.705361031294856], [6.187367492791164, 49.70748707942208], [6.183729462562336, 49.70961300258568], [6.180091103785653, 49.711738800750034], [6.176452416461116, 49.71386447391515], [6.174453058973432, 49.71717359387084], [6.174093031322602, 49.721666160617104], [6.172092979422895, 49.72497513633872], [6.168452903274309, 49.72710052103568], [6.16317291409718, 49.72804199705829], [6.156253011891503, 49.72779956440655], [6.150972402206372, 49.72874068430973], [6.147331085041786, 49.73086535676783], [6.145328948558047, 49.73417389941869], [6.1449659927551545, 49.738666312262296], [6.144602952801604, 49.74315871223466], [6.144239828697394, 49.74765109933577], [6.145698378241333, 49.751081195178045], [6.148978601433423, 49.75344899976148], [6.154080610286643, 49.75475419522592], [6.161004404800995, 49.754996781571364], [6.16610709064384, 49.75630167195132], [6.169388667815178, 49.75866886636578], [6.170849024810737, 49.76209868271294], [6.170488161630518, 49.766591120992786], [6.170127214730092, 49.77108354646512], [6.169766184109462, 49.77557595912993], [6.1712273434549925, 49.779005675794224], [6.174510692766684, 49.78137269645801], [6.177974311400636, 49.78149339837848], [6.181618199356848, 49.77936778155565], [6.183620008811179, 49.776058741290726], [6.183979739763628, 49.771566277583695], [6.184339387295413, 49.76707380108141], [6.184698951406535, 49.762581311783876], [6.1866996147737545, 49.75927209531551], [6.190341377397073, 49.757146151676324], [6.193803761297423, 49.75726636581684], [6.197086766474808, 49.75963273773705], [6.198549136588066, 49.763062193763055], [6.198190871637201, 49.76755473389485], [6.199653845139766, 49.77098409649775], [6.202938057095758, 49.77335028157176], [6.206222589353367, 49.775716366895224], [6.209507441912594, 49.77808235246814], [6.212792614866902, 49.78044823826069], [6.216078108216292, 49.78281402427285], [6.2211850241593485, 49.7841161024804], [6.228113362696068, 49.78435447288332], [6.233398304282063, 49.783409925067964], [6.237039848917332, 49.78128245903431], [6.240681063838553, 49.779154868014004], [6.244321949045726, 49.777027152007044], [6.247962504612261, 49.77489931104914], [6.251602730538159, 49.772771345140306], [6.2535993772034955, 49.76946099136883], [6.25395244460827, 49.76496824973473], [6.25430543014533, 49.76047549535294], [6.254658333814675, 49.75598272822347], [6.255011155670891, 49.75148994833323], [6.255363895713978, 49.74699715568222], [6.25571655399847, 49.74250435025736], [6.2560691305243665, 49.73801153205864], [6.254603340189471, 49.7345827784605], [6.2513191829937815, 49.73221808946292], [6.246216767826809, 49.730917147291], [6.239296094688552, 49.73067995194474], [6.23237548521606, 49.73044232012437], [6.225454939409334, 49.73020425182991], [6.218534457499862, 49.72996574707408], [6.211614039487643, 49.729726805856885], [6.206513139925709, 49.72842427400544], [6.203231758814059, 49.72605815151975], [6.203410193795599, 49.72381181112183], [6.20704844487033, 49.72168525281166], [6.210686367233857, 49.71955856956771], [6.214323960886179, 49.717431761389975], [6.216320744791522, 49.71412198501028], [6.216676718949886, 49.709629240428626], [6.21521454413908, 49.706199925162224], [6.211934220359103, 49.70383403921106], [6.206835857467654, 49.70253126509125]]]}}, {"type": "Feature", "properties": {"band": "light", "dbz": 30.0, "source": "OPERA-ORD", "time": "20260906232000"}, "geometry": {"type": "Polygon", "coordinates": [[[6.526239592649535, 49.50591625807413], [6.519350153772793, 49.5056968578525], [6.514101486981287, 49.50665572562736], [6.510493592275017, 49.50879286139871], [6.506885372450212, 49.510929873785834], [6.503276827506871, 49.513066762788725], [6.499831874609555, 49.51295639959945], [6.496550513758267, 49.510598784218026], [6.493269469498156, 49.50824106861148], [6.489988741829221, 49.505883252779824], [6.484903833804014, 49.50459334177869], [6.478014745422537, 49.50437133560807], [6.471125715912695, 49.504148895136], [6.464236745274489, 49.50392602036248], [6.457347833735746, 49.50370271129926], [6.450458981296466, 49.50347896794635], [6.4452091508345095, 49.50443452005115], [6.441598342349874, 49.50656936761366], [6.439626453787916, 49.50988382660334], [6.439293485148637, 49.51437789702021], [6.438960439683373, 49.518871954460856], [6.438627317392126, 49.52336599892528], [6.438294118223946, 49.527860030426694], [6.437960842178832, 49.532354048965104], [6.43598739634062, 49.53566830353813], [6.43237378070931, 49.53780279414576], [6.428927196959252, 49.53769018836541], [6.425647645090448, 49.53533048619707], [6.4223684100610186, 49.53297068398976], [6.419089491870963, 49.530610781743476], [6.414003859968133, 49.52931758486807], [6.407111514352528, 49.52909109336353], [6.402026550286695, 49.52779759112964], [6.398748967770633, 49.52543707816642], [6.397278663415922, 49.52200987061144], [6.397615637222562, 49.51751596846471], [6.396145931474768, 49.51408866640821], [6.392869546172541, 49.51172796444197], [6.387786584843187, 49.51043354658293], [6.380897047486706, 49.51020541283111], [6.374007570638434, 49.50997684477058], [6.36711815429837, 49.50974784240132], [6.361865938140071, 49.51069937220273], [6.358250922163537, 49.51283143417482], [6.356273001894302, 49.516144344259715], [6.355932177332369, 49.52063810245741], [6.355591274125743, 49.525131847623626], [6.355250292274424, 49.52962557975836], [6.353271247469076, 49.53293831571598], [6.349654139709696, 49.535070055496504], [6.3460367063575, 49.53720167128563], [6.342418947412487, 49.53933316308335], [6.338800862802172, 49.54146453085449], [6.335182452526556, 49.543595774599055], [6.331563716513157, 49.54572689428182], [6.327944654761975, 49.547857889902794], [6.325963110983543, 49.551170166236375], [6.325619085177863, 49.55566372328255], [6.325274979928071, 49.56015726732667], [6.324930795234171, 49.564650798368746], [6.324586531043426, 49.569144316421905], [6.324242187355839, 49.57363782148615], [6.323897764118621, 49.578131313574644], [6.323553261331776, 49.582624792687376], [6.3250200167827675, 49.58605285436597], [6.3282980304715934, 49.58841549861043], [6.331576361697753, 49.59077804302329], [6.334855010461245, 49.59314048760454], [6.338133976854025, 49.59550283232457], [6.341413260876093, 49.59786507718337], [6.344692862619425, 49.60022722215129], [6.347972782084022, 49.60258926722834], [6.349441540735649, 49.60601703914326], [6.349099138574305, 49.61051053789605], [6.350568497882353, 49.61393821555198], [6.353849618659793, 49.616300072111095], [6.3571310574883695, 49.61866182870633], [6.360412814368083, 49.6210234853377], [6.3602418170841535, 49.62327022748815], [6.35661806563658, 49.62540205515767], [6.3529939870888406, 49.62753375862877], [6.3493695814409365, 49.629665337901464], [6.345744848619892, 49.63179679294036], [6.342119788625709, 49.63392812374545], [6.338494401385412, 49.636059330281405], [6.334868686898999, 49.63819041254821], [6.332883665737611, 49.64150262720216], [6.3325393379012445, 49.64599597424324], [6.3321949303884555, 49.650489308425406], [6.331850443199243, 49.654982629748645], [6.3298642892400245, 49.65829466996805], [6.3262364685108015, 49.66042542908363], [6.322608320087442, 49.6625560638085], [6.318979843969943, 49.664686574142664], [6.318807157481896, 49.66693320332405], [6.3220902606232965, 49.66929595135266], [6.325373682616061, 49.671658599426834], [6.328657423460191, 49.67402114754659], [6.3319414832481975, 49.67638359568216], [6.335225861980081, 49.67874594383355], [6.338510559748377, 49.681108191970985], [6.341795576553084, 49.68347034009446], [6.343266169460525, 49.68689804790732], [6.3429223384707, 49.69139131540956], [6.342578427837096, 49.695884570130296], [6.342234437559712, 49.70037781206954], [6.34189036758549, 49.70487104124041], [6.34154621791443, 49.70936425764291], [6.341201988493424, 49.71385746129021], [6.340857679322474, 49.718350652182295], [6.340513290348423, 49.72284383033231], [6.340168821571271, 49.72733699574026], [6.341640835659181, 49.73076458145201], [6.344929332612153, 49.73312658746757], [6.3500344186462865, 49.73442269590304], [6.356956093761581, 49.734652906758434], [6.362232871522841, 49.73370209029096], [6.365864751930065, 49.73157024650062], [6.367851629331574, 49.72825769329498], [6.368193503727368, 49.723764430674045], [6.370179688421726, 49.720451734597376], [6.3738101834146486, 49.718319605064984], [6.379085094034856, 49.71736772430104], [6.38600442028235, 49.71759609230554], [6.3911091474331565, 49.718890549184515], [6.394399275487276, 49.72125109493797], [6.397689723411438, 49.72361154040891], [6.400980491205644, 49.725971885597346], [6.404271578962611, 49.72833213047336], [6.407562986682341, 49.73069227503697], [6.410854714457567, 49.733052319258235], [6.414146762288291, 49.73541226313715], [6.417607550627382, 49.73552539187921], [6.421237079474839, 49.733391705484394], [6.424866279455907, 49.73125789485043], [6.428495150570589, 49.72912395997731], [6.432123692892628, 49.72698990090055], [6.435751906422029, 49.72485571762016], [6.43937979123254, 49.722721410171616], [6.443007347324161, 49.72058697855492], [6.448281091333711, 49.719631764488724], [6.455201023261189, 49.719855767973044], [6.460474144319788, 49.718900199730754], [6.464100454509508, 49.71676505976185], [6.464267058775729, 49.7145182540405], [6.460973957118451, 49.712159782566694], [6.457681175281992, 49.709801210624406], [6.454388713266351, 49.70744253821363], [6.45109657097904, 49.705083765364314], [6.447804748420056, 49.70272489207645], [6.444513245496928, 49.70036591837996], [6.441222062209658, 49.698006844274836], [6.437931198465787, 49.695647669790986], [6.434640654265317, 49.693288394928416], [6.4313504295158115, 49.690929019717004], [6.428060524217273, 49.688569544156756], [6.426583524338291, 49.685143015457854], [6.4269194298788666, 49.6806494336203], [6.428899640753797, 49.677335565794515], [6.43252415696308, 49.675201411980495], [6.436148345289472, 49.67306713411457], [6.439772205732973, 49.670932732196725], [6.441751286534033, 49.66761869110934], [6.4420855876926515, 49.66312501085242], [6.442419811502255, 49.65863131784194], [6.442753957962844, 49.654137612077896], [6.4447319097928855, 49.65082339782402], [6.448353666992379, 49.6486886750803], [6.451975096758201, 49.64655382840582], [6.455596199090352, 49.644418857800574], [6.455762833378467, 49.64217197395219], [6.452474999622545, 49.63981317686067], [6.449187484476003, 49.637454279457636], [6.445900287938835, 49.6350952817431], [6.446066845155074, 49.63284838511381], [6.4496871561247175, 49.63071358956977], [6.4533071399625515, 49.628578670145295], [6.456926796668575, 49.62644362684038], [6.45890274407182, 49.62312917758816], [6.459234982172287, 49.61863532238864], [6.461210241522394, 49.61532073114004], [6.464828522122144, 49.61318540384234], [6.468281078675698, 49.613296916637], [6.471567911183058, 49.61565526952401], [6.474855061990779, 49.61801352206554], [6.478142531098861, 49.62037167426159], [6.481595146928026, 49.620482751613096], [6.4852129094782756, 49.61834675412007], [6.488830345112558, 49.61621063289786], [6.492447453830875, 49.61407438794646], [6.4959001287057845, 49.61418502984302], [6.499188369737288, 49.61654255858754], [6.502476929144134, 49.61889998689514], [6.505765806926322, 49.62125731476582], [6.509218540617075, 49.62136752119568], [6.512835130216393, 49.619230606184715], [6.51645139289188, 49.617093567535406], [6.520067328643538, 49.61495640524777], [6.523682937544802, 49.61281911935701], [6.5272982195956715, 49.610681709863144], [6.529268601984517, 49.6073659355083], [6.52959408471134, 49.60287179629249], [6.52991949222697, 49.598377644297685], [6.530244824531409, 49.593883479523875], [6.53221408508726, 49.59056753302572], [6.5358272738945224, 49.5884298048032], [6.539440136299246, 49.586291953097884], [6.54305267230143, 49.58415397790981], [6.545020812118397, 49.58083785936177], [6.545344555750144, 49.5763435974538], [6.543862675467204, 49.57291834608317], [6.540575171269577, 49.57056210524987], [6.5372879847377705, 49.568205763942004], [6.534001115871785, 49.56584932215956], [6.5325200472453, 49.562423967632924], [6.532844778858315, 49.5579297003621], [6.533169435509438, 49.55343542024599], [6.53349401719867, 49.5489411272846], [6.533818523975738, 49.54444682146466], [6.534142955840642, 49.53995250278619], [6.534467312843061, 49.5354581712359], [6.534791594982995, 49.53096382681379], [6.536757816445803, 49.52764766516849], [6.540365977231488, 49.52550968629997], [6.543973812664921, 49.52337158412293], [6.547581322746103, 49.52123335863736], [6.547743030548806, 49.518986155633385], [6.544458936073029, 49.516629975111016], [6.541175158390578, 49.51427369419748], [6.537891697501451, 49.51191731289276], [6.5346085533146425, 49.509560831226544], [6.531325725830152, 49.507204249198814], [6.526239592649535, 49.50591625807413]]]}}, {"type": "Feature", "properties": {"band": "light", "dbz": 30.0, "source": "OPERA-ORD", "time": "20260906232000"}, "geometry": {"type": "Polygon", "coordinates": [[[5.976374964941524, 49.65938950765096], [5.972731230190195, 49.661508445726405], [5.970720072644177, 49.66481387094958], [5.970341492303469, 49.66930578332048], [5.971785425165146, 49.6727382534344], [5.975051871229207, 49.67511128129133], [5.9801409470411935, 49.67642454990961], [5.987052652601106, 49.67667805928924], [5.992330488971806, 49.67574502801828], [5.995974456153296, 49.67362545609672], [5.996162821107476, 49.67137946636832], [5.992895583834348, 49.669007058833074], [5.989628664609929, 49.66663455242874], [5.9863620634342185, 49.664261947155325], [5.98309578021407, 49.66188924304227], [5.979829814949482, 49.659516440089575], [5.976374964941524, 49.65938950765096]]]}}, {"type": "Feature", "properties": {"band": "light", "dbz": 30.0, "source": "OPERA-ORD", "time": "20260906232000"}, "geometry": {"type": "Polygon", "coordinates": [[[6.098245563741739, 49.141089067935056], [6.087810717135791, 49.14296655815466], [6.082230889333285, 49.148399027218446], [6.081506080334221, 49.15738647512642], [6.0843824520947205, 49.164250367202065], [6.090860004614785, 49.168990703445374], [6.090497268301604, 49.173484372185456], [6.083294243155177, 49.17773137342232], [6.074470543041732, 49.18079242679033], [6.064026167961269, 49.1826675322895], [6.05681930480743, 49.18691304541115], [6.052849953580218, 49.193528966155306], [6.055907122911662, 49.198146551913055], [6.065990812801765, 49.20076580268442], [6.070850641622471, 49.204322194517495], [6.0704866093737815, 49.20881572741226], [6.066699018776587, 49.21318513182058], [6.059487869830889, 49.217430407742434], [6.050839053773075, 49.218242722767386], [6.040752570603143, 49.21562207689543], [6.030667159603924, 49.21300049647443], [6.020582820775418, 49.21037798150441], [6.008695550111079, 49.20881466622848], [5.995005347610903, 49.208310550646665], [5.986169677220693, 49.21136507888201], [5.9821885389404486, 49.21797825093449], [5.983435702860065, 49.223657925360925], [5.9899111689795435, 49.228404102161306], [5.992777249639729, 49.235270327233906], [5.992033944840621, 49.24425660057874], [5.994902363480434, 49.25112245814783], [6.001382505559167, 49.2558678999412], [6.001010512246121, 49.260360981624196], [5.993786383541295, 49.26460170319682], [5.991608895564435, 49.27015501264392], [5.994478048315543, 49.27702090996549], [6.001146570788379, 49.27951944997375], [6.011614462982945, 49.27765063266868], [6.0188388935404395, 49.27340907526877], [6.022819862460864, 49.26679477777404], [6.028052985294618, 49.26585935500104], [6.034538262041701, 49.27060280694979], [6.0375969490549455, 49.27522113795967], [6.037229046334352, 49.27971434803068], [6.0350546405526195, 49.28526828974495], [6.031073731709748, 49.29188296310247], [6.02871423366179, 49.29968340189781], [6.0279761464087445, 49.308669606130955], [6.03266032330662, 49.31447338476336], [6.042766764355415, 49.31709473779504], [6.051067318194981, 49.3207764026099], [6.05756198482532, 49.32551837920795], [6.062250540618903, 49.33132129538355], [6.065132985575731, 49.33818515113669], [6.068016210707702, 49.34504890714237], [6.070900216014816, 49.35191256340057], [6.077400990876669, 49.3566529878997], [6.087518535293262, 49.35927018063978], [6.096010831363698, 49.360701779133194], [6.102877879087972, 49.36094778337994], [6.111551929818249, 49.36013114409859], [6.1220329835545275, 49.35825186128913], [6.132333941051239, 49.35861827167203], [6.142454802308384, 49.36123037524728], [6.1455288361049005, 49.36584564715501], [6.141556042440788, 49.3724640873952], [6.137582123887164, 49.37908235105466], [6.133607080444028, 49.385700438133384], [6.128003126278087, 49.39113387181219], [6.120770261389342, 49.39538265209109], [6.11679183892392, 49.40200020904179], [6.116067858881821, 49.410986542664304], [6.118962861542532, 49.41784858845672], [6.125476846906054, 49.42258634641904], [6.126743417654156, 49.42826396084553], [6.122762573786839, 49.4348814317362], [6.117151465975151, 49.440314113444735], [6.1099100942190905, 49.444562005971136], [6.103032083023274, 49.44431643096224], [6.096517432387704, 49.43957738841805], [6.0863823557362355, 49.43696055848217], [6.0726268530688685, 49.43646594115459], [6.0621261216781015, 49.438340741565185], [6.054880161563934, 49.44258495971396], [6.046005568382453, 49.44564294248959], [6.03550234213366, 49.44751468989208], [6.02499828504242, 49.449385419262235], [6.0144933971087315, 49.451255130600046], [6.007241104067754, 49.45549643234894], [6.0032414059194865, 49.46210932450891], [6.006309876997093, 49.4667276368943], [6.016446517300572, 49.46935136950511], [6.024770857421845, 49.47303484567222], [6.031282897360911, 49.47777806539562], [6.037796197647225, 49.48252089037961], [6.044310758280787, 49.4872633206242], [6.04901271697641, 49.49306633490169], [6.051902073734093, 49.49992993321207], [6.056606480043902, 49.50573236770707], [6.063125935905838, 49.510473638386664], [6.062756811396514, 49.51496627786184], [6.055499106515929, 49.5192102861326], [6.051500788882731, 49.52582487661189], [6.050761858496919, 49.534810049299736], [6.0483915279744185, 49.54260966441831], [6.044389797315228, 49.54922372196761], [6.035494927522752, 49.55228015967262], [6.021706918596992, 49.55177897753333], [6.011178775309149, 49.553648600347294], [6.0039104976592235, 49.5578890281145], [5.997016759996065, 49.557636698954965], [5.990497562319674, 49.552891612868684], [5.980344494440936, 49.55026500268287], [5.9665575563598505, 49.54975686839752], [5.954399110901095, 49.5504341325884], [5.94386915806467, 49.5522967952555], [5.933338373249872, 49.55415843661009], [5.922806756456701, 49.55601905665216], [5.913902057825418, 49.559066311073224], [5.906624277356022, 49.56330019987329], [5.899345192301396, 49.56753358641639], [5.89206480266154, 49.57176647070253], [5.886411015862318, 49.57718683136492], [5.882383831903729, 49.58379466840356], [5.881805647088041, 49.59053234701707], [5.884676461415255, 49.59739986720543], [5.887548057679264, 49.60426728966808], [5.890420435880069, 49.611134614405], [5.895115766917843, 49.61694357363643], [5.901634050792587, 49.62169416736237], [5.909975524767138, 49.62538576256938], [5.920140188841498, 49.62801835925745], [5.930496181104468, 49.62840405876914], [5.941043501556049, 49.626542861104426], [5.949769295769119, 49.62573995832739], [5.956673563743677, 49.62599535043802], [5.961567863513198, 49.62955571950812], [5.964452195077683, 49.63642106553769], [5.970979988245497, 49.641167209772746], [5.981151243016639, 49.64379415221326], [5.991323595663074, 49.64642015160579], [6.001497046184798, 49.64904520795032], [6.013491938949169, 49.650608907691314], [6.027308273956187, 49.651111250828784], [6.039490353130317, 49.65042658538811], [6.050038176471562, 49.648554911369295], [6.060585159716515, 49.64668221481949], [6.071131302865181, 49.64480849573869], [6.081676605326079, 49.642933754402186], [6.0922210670992065, 49.64105799080998], [6.094223631862596, 49.63775052015673], [6.0876842996162495, 49.63301134244244], [6.089685237451536, 49.62970347047862], [6.100226445368456, 49.62782690426528], [6.109131670493367, 49.62476499389275], [6.11640091282627, 49.62051773936102], [6.126939597149507, 49.618638108638464], [6.140747723463077, 49.61912610172511], [6.15128394049294, 49.61724504939763], [6.158548248239091, 49.61299495165605], [6.164175566956077, 49.60756076459434], [6.168165896643897, 49.600942488212475], [6.170519969160959, 49.59314045775416], [6.171237784507266, 49.58415467321939], [6.17358982864748, 49.576352401820856], [6.177576101581601, 49.569733643558564], [6.181561240189499, 49.56311470911476], [6.185545244471174, 49.556495598489434], [6.19116250533491, 49.55105955507795], [6.1984130227807075, 49.546806578880314], [6.202393628487218, 49.54018694009915], [6.2031043224544415, 49.53120063873444], [6.200192325658639, 49.524340926237926], [6.19365763809981, 49.51960780260959], [6.188935485903368, 49.51381123396975], [6.186025869069313, 49.506951220318385], [6.179494973301951, 49.50221690589364], [6.169342798601281, 49.49960829069551], [6.167888782398043, 49.49617818350964], [6.175132924692237, 49.49192658433604], [6.179111921597948, 49.48530757666484], [6.179825773115175, 49.47632116049603], [6.182170503593103, 49.46851818431458], [6.186146113031733, 49.46189864812049], [6.1901205947730675, 49.45527893588081], [6.194093948817106, 49.44865904759554], [6.196435453056011, 49.440855712353496], [6.1971451074897805, 49.43186893015468], [6.201115082809379, 49.4252485141176], [6.208345379014805, 49.42099446424225], [6.212313588974034, 49.41437391828075], [6.213019712687066, 49.4053868762331], [6.21372551167737, 49.39639978086061], [6.214430985944947, 49.387412632163276], [6.211348416377389, 49.382799467329306], [6.2044778029746945, 49.38256028635872], [6.197607252554478, 49.38232067246363], [6.190736765116739, 49.382080625644036], [6.190913648885869, 49.379833843429324], [6.198137903861865, 49.3755803258195], [6.20029837055101, 49.37002344231581], [6.197395048953303, 49.363163192918265], [6.192687402076882, 49.35736611305176], [6.1861754299217475, 49.352632202716315], [6.181469750910361, 49.34683483587001], [6.178570365042723, 49.33997401251287], [6.180729784864609, 49.334417107193026], [6.1879480103760205, 49.33016411991047], [6.193537869861143, 49.324727336505006], [6.197499363319977, 49.31810675697661], [6.202734577506663, 49.31716296859774], [6.209243512421201, 49.32189597136842], [6.219360449653257, 49.324500464579714], [6.233085389202827, 49.32497644823165], [6.241925162120266, 49.321903246896795], [6.245879768405571, 49.31528086057515], [6.244601692537074, 49.309604201621056], [6.238090934514775, 49.30487327003451], [6.238439516701517, 49.3003793284735], [6.245647439097301, 49.296122376938], [6.252854075022384, 49.2918649305671], [6.260059424476768, 49.28760698936081], [6.265636055131499, 49.28216629994308], [6.269583966986577, 49.27554286231389], [6.271730944330372, 49.26998408198242], [6.272076987162882, 49.26548995894867], [6.270796383785879, 49.2598134806746], [6.267889134199361, 49.25295464716022], [6.263183311288291, 49.247160249833456], [6.256678915052668, 49.24243028869428], [6.250175765701054, 49.23769993164737], [6.24367386323345, 49.23296917869273], [6.237173206931655, 49.22823803006199], [6.230673796795668, 49.22350648575518], [6.224175632107571, 49.21877454600372], [6.217678712867364, 49.214042210807605], [6.21118303835742, 49.20930948039809], [6.204688608577738, 49.20457635477515], [6.198195422810977, 49.199842834169814], [6.191703481057135, 49.19510891858208], [6.187011714733892, 49.18931132324728], [6.184120123841245, 49.182450048165435], [6.181229312123035, 49.175588672045826], [6.178339279579264, 49.168727194888454], [6.171853407434328, 49.163991723546125], [6.161771695688229, 49.16138225801883], [6.151512324137598, 49.1610188146622], [6.141075292782433, 49.162901393476204], [6.135499080519692, 49.168336555451795], [6.1347836873493735, 49.177324300588964], [6.134067966516634, 49.18631199081015], [6.1333519180214715, 49.19529962611536], [6.129571708215994, 49.19967133312658], [6.122727337100201, 49.19942711184382], [6.119664437001876, 49.1948112342886], [6.120383007921018, 49.18582370046092], [6.121101250030694, 49.17683611166912], [6.121819163330904, 49.16784846791319], [6.120737785723873, 49.159923096420414], [6.117857117209602, 49.15305999719081], [6.113178333975528, 49.14725891638832], [6.106701436021651, 49.14251985401294], [6.098245563741739, 49.141089067935056]]]}}, {"type": "Feature", "properties": {"band": "light", "dbz": 30.0, "source": "OPERA-ORD", "time": "20260906232000"}, "geometry": {"type": "Polygon", "coordinates": [[[6.422501187948445, 49.55437331144908], [6.422166163746935, 49.558867205019524], [6.421831062168737, 49.563361085668475], [6.4214958832138525, 49.56785495339592], [6.419519753675831, 49.57116883007874], [6.415902673554675, 49.57330271571693], [6.412453577813586, 49.57318958032175], [6.409172466452562, 49.57082942389322], [6.407700143644137, 49.56740243559167], [6.408036609388309, 49.562908615417086], [6.408372997460333, 49.55841478230963], [6.408709307860209, 49.553920936269314], [6.410685247954266, 49.55060713921126], [6.414300817742503, 49.54847339113547], [6.417748626989766, 49.548586478989144], [6.421028675696055, 49.55094640277229], [6.422501187948445, 49.55437331144908]]]}}, {"type": "Feature", "properties": {"band": "light", "dbz": 30.0, "source": "OPERA-ORD", "time": "20260906232000"}, "geometry": {"type": "Polygon", "coordinates": [[[5.99982516005137, 49.52394404143411], [5.992935338873727, 49.52369143691157], [5.987674039226708, 49.52462490299661], [5.984041261110313, 49.52674443968924], [5.982036889262176, 49.53005036266131], [5.981660923682295, 49.534542671912796], [5.983101988556904, 49.5379752394071], [5.986360083886004, 49.54034806514422], [5.991435325031192, 49.54166083331008], [5.998327711992469, 49.54191354390469], [6.0035904095658985, 49.54097981509989], [6.007223417751478, 49.538859646895666], [6.009226621742478, 49.535553355131775], [6.009600021538901, 49.53106093980822], [6.0081575587378815, 49.52762863503368], [6.004899233339421, 49.52525644080815], [5.99982516005137, 49.52394404143411]]]}}, {"type": "Feature", "properties": {"band": "light", "dbz": 30.0, "source": "OPERA-ORD", "time": "20260906232000"}, "geometry": {"type": "Polygon", "coordinates": [[[6.348498629643457, 49.482095505945786], [6.341613302406801, 49.48186491154888], [6.334728036233045, 49.48163388315111], [6.327842831122188, 49.481402420752495], [6.322592930502974, 49.482352088919114], [6.318978334375403, 49.48448288765099], [6.316998937305551, 49.48779513260362], [6.316654739293417, 49.492288823777], [6.318118480060588, 49.495717139929354], [6.321390159607062, 49.498080081060664], [6.326469883457478, 49.49937733137319], [6.333357651611838, 49.499608890866924], [6.340245480914749, 49.49984001617888], [6.347133371366212, 49.50007070730904], [6.35238442982403, 49.49912010860098], [6.355998656288203, 49.496988220054675], [6.3579759461796606, 49.493675357509204], [6.358316299498405, 49.489181520964564], [6.356850180433778, 49.48575365280524], [6.3535775889857815, 49.483391753031235], [6.348498629643457, 49.482095505945786]]]}}, {"type": "Feature", "properties": {"band": "light", "dbz": 30.0, "source": "OPERA-ORD", "time": "20260906232000"}, "geometry": {"type": "Polygon", "coordinates": [[[6.367020067589946, 49.41963986085589], [6.360143572051879, 49.41941047106068], [6.35326713705199, 49.41918064788441], [6.34639076259028, 49.418950391327066], [6.341148080918726, 49.419901022310384], [6.33753909203733, 49.422032540834344], [6.333929779434383, 49.42416393561297], [6.330320143109887, 49.426295206646245], [6.32507662095114, 49.42724482288127], [6.318199212958142, 49.42701278431804], [6.3129550782482715, 49.42796204788838], [6.30934421682153, 49.43009261359231], [6.307366523283349, 49.43340479660199], [6.30702199763373, 49.43789859691744], [6.306677392635942, 49.44239238403661], [6.3063327082899825, 49.4468861579595], [6.3077944529084755, 49.45031469218873], [6.311062626491422, 49.45267798672431], [6.316137334595528, 49.45397572617463], [6.323018577220794, 49.454207910539715], [6.328093951041998, 49.45550534573288], [6.33136345605914, 49.45786803175413], [6.3346332764938005, 49.460230618163095], [6.33790341234598, 49.46259310495976], [6.342979863457413, 49.463889597236104], [6.349862629828095, 49.46412009499214], [6.356745456949257, 49.46435015891593], [6.363628344820896, 49.46457978900747], [6.3688751744427385, 49.463628356458315], [6.3724859458147876, 49.46149586126843], [6.376096392856391, 49.45936324236807], [6.379706515567552, 49.457230499757216], [6.383316314020443, 49.45509763347089], [6.386925788215066, 49.45296464350909], [6.387094652981974, 49.45071763029419], [6.3838229083211635, 49.44835659382619], [6.380551478993921, 49.445995457607665], [6.377280365000244, 49.443634221638604], [6.374009566249252, 49.441272885948436], [6.3707390827409425, 49.43891145053716], [6.36746891438445, 49.43654991543418], [6.364199061179773, 49.43418828063948], [6.364368409453096, 49.43194126508678], [6.367976959204419, 49.42980886877604], [6.371585185148224, 49.4276763488198], [6.375193087284515, 49.42554370521806], [6.37536235760424, 49.42329667650126], [6.3720929961074, 49.42093526266942], [6.367020067589946, 49.41963986085589]]]}}, {"type": "Feature", "properties": {"band": "light", "dbz": 30.0, "source": "OPERA-ORD", "time": "20260906232000"}, "geometry": {"type": "Polygon", "coordinates": [[[6.397505413625658, 49.4037568555912], [6.393900169028241, 49.40589027760451], [6.391929350637058, 49.409204072914164], [6.391592958452111, 49.413698241520166], [6.391256488829209, 49.4181923969594], [6.390919941768356, 49.42268653923185], [6.392387013368898, 49.42611401277799], [6.395657703630836, 49.4284748175978], [6.400732115562471, 49.429768638426204], [6.407610249163805, 49.42999547526318], [6.412852398730255, 49.42904188594825], [6.41645856426182, 49.426907870481415], [6.4184286433021205, 49.42359374415071], [6.418762635851154, 49.419099506956115], [6.4172941843064315, 49.41567230115457], [6.4140232886679565, 49.413312126746064], [6.410752707862139, 49.410951852550824], [6.407482441888982, 49.408591478568844], [6.404212490657894, 49.40623100482953], [6.400942854168875, 49.40387043133287], [6.397505413625658, 49.4037568555912]]]}}, {"type": "Feature", "properties": {"band": "light", "dbz": 30.0, "source": "OPERA-ORD", "time": "20260906232000"}, "geometry": {"type": "Polygon", "coordinates": [[[6.495381823053992, 49.36077071608574], [6.488513188138156, 49.360549452333416], [6.483279768084466, 49.36150699275418], [6.479681562892922, 49.36364333734801], [6.477718472385444, 49.366958800877], [6.47739049656203, 49.37145338334117], [6.478862260415134, 49.37487981670232], [6.482133763944756, 49.37723810096047], [6.487205107414928, 49.37852792121198], [6.49407629082565, 49.37874927745683], [6.499311085072814, 49.37779146843832], [6.5029094901564175, 49.375654494156436], [6.504871406362568, 49.372338669537136], [6.505196833691267, 49.367843994580426], [6.503723695644689, 49.36441782981703], [6.500451992222837, 49.362060175246945], [6.495381823053992, 49.36077071608574]]]}}, {"type": "Feature", "properties": {"band": "light", "dbz": 30.0, "source": "OPERA-ORD", "time": "20260906232000"}, "geometry": {"type": "Polygon", "coordinates": [[[5.4297443528623965, 49.26713690462218], [5.422893735927964, 49.266848552368224], [5.417649359608571, 49.26775477825251], [5.414011223904217, 49.269855582275035], [5.4119791991008634, 49.27315127721663], [5.411553285198508, 49.277641863077285], [5.4129470708460445, 49.28108207702205], [5.416160556043473, 49.28347191905092], [5.419374351729711, 49.28586166470173], [5.422588457904757, 49.28825131397449], [5.423982990946209, 49.291691433185164], [5.423557950854067, 49.29618202233374], [5.424953061972828, 49.29962205305889], [5.428168324302491, 49.3020115253606], [5.433203867460924, 49.303350126143904], [5.440059691448128, 49.303637855408816], [5.445307251618972, 49.30273081854342], [5.448946547973457, 49.300629015547706], [5.450977451436328, 49.297332759545526], [5.451399962007583, 49.29284205053686], [5.450003456837077, 49.28940227292114], [5.446787935924809, 49.28701342669835], [5.443572725586408, 49.28462448400815], [5.4403578258218745, 49.28223544485054], [5.438962069384538, 49.2787955722904], [5.439385456274399, 49.27430486632771], [5.437990277621902, 49.270864905197065], [5.434776533427042, 49.268475688898455], [5.4297443528623965, 49.26713690462218]]]}}, {"type": "Feature", "properties": {"band": "light", "dbz": 30.0, "source": "OPERA-ORD", "time": "20260906232000"}, "geometry": {"type": "Polygon", "coordinates": [[[5.247005102271864, 49.04397065713969], [5.243376682238047, 49.04606609252292], [5.241343097139145, 49.049359023088314], [5.240904346975158, 49.05384944883587], [5.238870082037366, 49.05714223008176], [5.235240302325767, 49.059237366826], [5.2316102047316075, 49.06133237707661], [5.2279797892548885, 49.06342726083362], [5.227759951737918, 49.06567243608165], [5.2309506921806985, 49.06806790282069], [5.234141739262576, 49.07046327411713], [5.237333092983549, 49.072858549970974], [5.240524753434222, 49.075253730354405], [5.243716720614592, 49.077648815267416], [5.248724379900293, 49.078995948283776], [5.255547731291324, 49.07929512940348], [5.262371159858333, 49.079593881206], [5.269194665601318, 49.07989220369136], [5.274421211552494, 49.07899315200061], [5.278050797711861, 49.076896726133775], [5.281680065735113, 49.07480017388725], [5.285309015622251, 49.07270349526104], [5.288937647440111, 49.0706066902901], [5.292565961188695, 49.06850975897442], [5.292783300178775, 49.06626446014992], [5.289589664410353, 49.063870793816584], [5.286396335314043, 49.061477031875725], [5.283203312889845, 49.059083174327334], [5.280010597047321, 49.056689221199264], [5.276818187786468, 49.05429517249151], [5.271812104260316, 49.05294907944554], [5.264992346468863, 49.05265094206135], [5.259986919983537, 49.0513045543691], [5.256795824804338, 49.0489099163688], [5.253605035983247, 49.0465151828885], [5.2504145535202635, 49.044120353928214], [5.247005102271864, 49.04397065713969]]]}}, {"type": "Feature", "properties": {"band": "light", "dbz": 30.0, "source": "OPERA-ORD", "time": "20260906232000"}, "geometry": {"type": "Polygon", "coordinates": [[[5.473576870837556, 48.963502500192924], [5.46996441708866, 48.96560572610251], [5.467949760267089, 48.968903182529665], [5.467532900372845, 48.97339486947438], [5.468922889499057, 48.97683497290397], [5.472119727645726, 48.979223492818456], [5.47712354095678, 48.980560118827526], [5.483934329432218, 48.98084485093119], [5.489146076369841, 48.97993529369273], [5.492758781769646, 48.977831447112166], [5.492966325694324, 48.9755855668594], [5.489768708143877, 48.97319765293444], [5.486571396335354, 48.97080964291403], [5.483374390268759, 48.968421536798154], [5.480177689854598, 48.96603333461469], [5.476981295092869, 48.96364503636365], [5.473576870837556, 48.963502500192924]]]}}, {"type": "Feature", "properties": {"band": "light", "dbz": 30.0, "source": "OPERA-ORD", "time": "20260906232000"}, "geometry": {"type": "Polygon", "coordinates": [[[5.583356130754842, 48.93986399794384], [5.576550549722105, 48.93958555286118], [5.569745040207277, 48.93930667962699], [5.562939602210358, 48.93902737824125], [5.5577333771299795, 48.939940778314806], [5.554126364966141, 48.94204687984767], [5.552118442170565, 48.94534599299378], [5.551709608743254, 48.94983811775312], [5.553104903003174, 48.95327722061929], [5.556304324950329, 48.9556633015923], [5.559504052569437, 48.95804928627382], [5.5627040858604975, 48.96043517466384], [5.564100121759614, 48.96387418094575], [5.563692160266784, 48.968366305119545], [5.565088766659062, 48.97180522221304], [5.568289940936447, 48.97419093222624], [5.573295806544164, 48.97552312469621], [5.580106363482211, 48.97580179962295], [5.585315710747394, 48.974887590785265], [5.588923848339712, 48.97278049818317], [5.590930653344229, 48.969480832307084], [5.591336125760945, 48.964988593157024], [5.591741505876549, 48.96049633946998], [5.5921467936910405, 48.956004071245935], [5.5925519892646225, 48.95151178847215], [5.592957092597295, 48.94701949114862], [5.591559463515527, 48.94358081198643], [5.588359102019316, 48.941195750985585], [5.583356130754842, 48.93986399794384]]]}}, {"type": "Feature", "properties": {"band": "light", "dbz": 30.0, "source": "OPERA-ORD", "time": "20260906232000"}, "geometry": {"type": "Polygon", "coordinates": [[[17.629087241374354, 48.77045811897381], [17.62605490650794, 48.772934981409136], [17.623022277542347, 48.77541175769884], [17.619989354477582, 48.77788844784293], [17.615091561180076, 48.77936624717356], [17.608328897649827, 48.77984515569072], [17.603430446322527, 48.781322681392595], [17.60039620719817, 48.78379882427919], [17.600743733229038, 48.78603580162867], [17.604473024415135, 48.78803361344106], [17.609719608260505, 48.78879301612105], [17.616483484765162, 48.78831400966864], [17.62324723981899, 48.78783457931348], [17.630010873422002, 48.787354725055565], [17.634909012260145, 48.78587625038111], [17.637941656333417, 48.78339915529011], [17.639109015101777, 48.779923743526396], [17.638411088565224, 48.77545001508999], [17.6361974461746, 48.77221478509287], [17.632468087929904, 48.77021805353505], [17.629087241374354, 48.77045811897381]]]}}, {"type": "Feature", "properties": {"band": "light", "dbz": 30.0, "source": "OPERA-ORD", "time": "20260906232000"}, "geometry": {"type": "Polygon", "coordinates": [[[5.316350919577131, 48.87449801857026], [5.309555716302253, 48.87420281782832], [5.30435156439141, 48.875104056152544], [5.300738463844604, 48.87720173354294], [5.29871628456417, 48.88049615929609], [5.298285026550111, 48.88498733341198], [5.297853670510881, 48.88947849259551], [5.297422216446481, 48.89396963684668], [5.298798290297799, 48.89741199555398], [5.301981892064833, 48.89980556871741], [5.3069731520424845, 48.90115004682879], [5.313772070230755, 48.90144542988811], [5.318763982000848, 48.90278961397903], [5.321948887352767, 48.90518259910154], [5.325134097034017, 48.90757548875251], [5.328319611044596, 48.909968282931914], [5.3317194931202945, 48.91011534817822], [5.3353337432611125, 48.908016684491436], [5.338947677958796, 48.905917895048795], [5.342561297213343, 48.9038189798503], [5.34617460109099, 48.90171993893054], [5.349787589591735, 48.899620772289516], [5.351807333499771, 48.89632549561833], [5.352233832815097, 48.89183410891698], [5.350854457330424, 48.88839233568681], [5.3476692070457545, 48.88600017592782], [5.3426782108787405, 48.88465732019599], [5.335881468829379, 48.88436376849132], [5.3308911237712095, 48.883020618645304], [5.327707175704227, 48.88062787065796], [5.324523531556695, 48.87823502723352], [5.321340191328613, 48.875842088371996], [5.316350919577131, 48.87449801857026]]]}}, {"type": "Feature", "properties": {"band": "light", "dbz": 30.0, "source": "OPERA-ORD", "time": "20260906232000"}, "geometry": {"type": "Polygon", "coordinates": [[[5.7281505309474685, 48.86566003028059], [5.724556523578331, 48.86777199097263], [5.720962201370417, 48.86988382727781], [5.7173675643237285, 48.87199553919613], [5.712171787319523, 48.87291624951666], [5.705374870357803, 48.87264595823941], [5.700178503177758, 48.873566316418994], [5.696582685779391, 48.8756773240554], [5.6945872989850965, 48.87897929090725], [5.694192342794876, 48.88347221697454], [5.69379729680042, 48.887965128483074], [5.693402161001727, 48.892458025432866], [5.69300693534028, 48.89695090783673], [5.69261161981608, 48.90144377569468], [5.6940155430604085, 48.904881210104236], [5.6972187050732686, 48.9072632110654], [5.702221225292919, 48.90858946853195], [5.70902310371936, 48.90885998250389], [5.71402627421494, 48.91018594325408], [5.717230736779658, 48.912567350782496], [5.720435504723786, 48.91494866158049], [5.723640578047322, 48.91732987564806], [5.727041931360671, 48.917464504584004], [5.730639564663834, 48.91535254838834], [5.734236882407538, 48.91324046772357], [5.737833884591784, 48.91112826258967], [5.741430571284065, 48.909015933021024], [5.74502694248438, 48.90690347901763], [5.747020303804195, 48.90360070703659], [5.747410655243508, 48.89910761707792], [5.747800917939975, 48.89461451262569], [5.748191091893597, 48.89012139367989], [5.746784055335621, 48.8866845503793], [5.7435798082660465, 48.884303982723914], [5.740375866154611, 48.881923318314676], [5.737172229001315, 48.879542557151595], [5.735765939831662, 48.8761056156639], [5.736156998645654, 48.871612493851586], [5.734751279697498, 48.86817546219271], [5.731548782987192, 48.86579452068728], [5.7281505309474685, 48.86566003028059]]]}}, {"type": "Feature", "properties": {"band": "light", "dbz": 30.0, "source": "OPERA-ORD", "time": "20260906232000"}, "geometry": {"type": "Polygon", "coordinates": [[[5.849728742138672, 48.87942114810815], [5.8461389951461715, 48.88153716152739], [5.842548933104963, 48.88365305092615], [5.83895855601505, 48.88576881630441], [5.833763675856158, 48.886695375144136], [5.826964292628288, 48.88643272744532], [5.821768820783046, 48.88735893479226], [5.818177260320428, 48.88947399718498], [5.817985629427584, 48.8917207142142], [5.821193928104513, 48.894099085879915], [5.82440253211381, 48.89647736051663], [5.827611441455473, 48.89885553812435], [5.830820656217917, 48.90123361867501], [5.834030176401141, 48.903611602168624], [5.839035936486359, 48.904931543889745], [5.845837936473569, 48.90519344383836], [5.851034555451026, 48.90426632506416], [5.854625793418727, 48.902150187567116], [5.856611535269596, 48.89884534154304], [5.8569917810036305, 48.894351786991905], [5.857371940292987, 48.88985821803702], [5.857752013137662, 48.885364634678396], [5.856337441078731, 48.88192916759894], [5.853128224116192, 48.87955181679867], [5.849728742138672, 48.87942114810815]]]}}, {"type": "Feature", "properties": {"band": "light", "dbz": 30.0, "source": "OPERA-ORD", "time": "20260906232000"}, "geometry": {"type": "Polygon", "coordinates": [[[18.072511912898854, 48.48344907704297], [18.065793267280114, 48.48395631605836], [18.06093662421597, 48.485454445392016], [18.057941983706414, 48.48794346504394], [18.056809563180835, 48.49142367542622], [18.05753936263923, 48.49589507653884], [18.059767078287624, 48.49912191649886], [18.063492710126027, 48.501104195306276], [18.06871604054381, 48.50184161242031], [18.075437069540964, 48.501334167840945], [18.080294686529363, 48.49983563527297], [18.083288891509007, 48.497346014716385], [18.084419902580496, 48.49386560666376], [18.08368771974383, 48.489394411115086], [18.081459030171178, 48.48616797438938], [18.07773383386254, 48.48418629648664], [18.072511912898854, 48.48344907704297]]]}}, {"type": "Feature", "properties": {"band": "light", "dbz": 30.0, "source": "OPERA-ORD", "time": "20260906232000"}, "geometry": {"type": "Polygon", "coordinates": [[[17.26891282089614, 48.28782691543622], [17.262213837214098, 48.288283543741855], [17.25735283656799, 48.28974537328792], [17.25432981895781, 48.29221240407441], [17.251306513162877, 48.29467934819901], [17.248282919183197, 48.29714620566171], [17.243420812184116, 48.298607155300004], [17.23672019216563, 48.29906219711389], [17.231857444014032, 48.30052287315552], [17.22883256772932, 48.30298918342489], [17.227645756766456, 48.30646142849591], [17.228297011125434, 48.310939608368564], [17.230461297322105, 48.31418458726319], [17.234138615356464, 48.31619636517979], [17.239328771612627, 48.3169746414153], [17.246031766090596, 48.3165194159697], [17.25089550769176, 48.315058347495224], [17.25391999641611, 48.31259143599185], [17.256944196704474, 48.310124437811794], [17.259968108556855, 48.30765735295505], [17.26483074272877, 48.30619540427025], [17.271532099220217, 48.3057385917574], [17.27639409192949, 48.304276369625796], [17.279416720856588, 48.30180873787543], [17.28060018066827, 48.29833599703122], [17.27994447136454, 48.29385814709313], [17.2777780407188, 48.290614066913925], [17.27410088873104, 48.28860375649358], [17.26891282089614, 48.28782691543622]]]}}, {"type": "Feature", "properties": {"band": "light", "dbz": 30.0, "source": "OPERA-ORD", "time": "20260906232000"}, "geometry": {"type": "Polygon", "coordinates": [[[15.495782629223754, 48.38480273577592], [15.489058613602056, 48.385148177963586], [15.482334512197271, 48.3854931980922], [15.475610325009397, 48.385837796161766], [15.470690624669428, 48.38721829832618], [15.467575411177364, 48.38963470458545], [15.467822684147677, 48.391879106816745], [15.471432443580373, 48.39395150502007], [15.47504251036526, 48.39602377612008], [15.478652884502338, 48.39809592011677], [15.480705812356796, 48.401376352167645], [15.481201293928631, 48.4058650722727], [15.483254886028098, 48.40914535146228], [15.486866588655193, 48.41121718973639], [15.49203625380253, 48.41208028271788], [15.498763881470104, 48.411734630406755], [15.50368505543111, 48.41035309400381], [15.506799775685545, 48.40793567350904], [15.508108190744554, 48.40448267326658], [15.507610300608137, 48.39999409327643], [15.507112522296254, 48.395505496770454], [15.506614855808902, 48.39101688374864], [15.504560676182571, 48.38773693659883], [15.50094998341726, 48.38566565532099], [15.495782629223754, 48.38480273577592]]]}}, {"type": "Feature", "properties": {"band": "light", "dbz": 30.0, "source": "OPERA-ORD", "time": "20260906232000"}, "geometry": {"type": "Polygon", "coordinates": [[[17.236136481676297, 48.23691790193715], [17.233115439271756, 48.23938439798698], [17.230094109381398, 48.24185080737776], [17.227072492005224, 48.24431713010951], [17.2240505870542, 48.24678336615779], [17.221028394528318, 48.24924951552262], [17.218005914338526, 48.2517155781796], [17.21498314648482, 48.254181554128714], [17.21012419254479, 48.25564099529103], [17.203429052518437, 48.256093901666546], [17.198569458908537, 48.257553069235044], [17.195545411715077, 48.26001849799651], [17.195869350526443, 48.26225776053655], [17.199541275342632, 48.26427085685516], [17.204725400104167, 48.265050906200266], [17.211421724811046, 48.264597908571865], [17.218117937772575, 48.264144491574555], [17.224814038988754, 48.26369065520836], [17.22967334499451, 48.262230548890486], [17.232695855789842, 48.25976417262096], [17.235718078848958, 48.2572977096776], [17.238740014171853, 48.25483116006041], [17.241761661847654, 48.252364523793815], [17.244783021876366, 48.2498978008778], [17.245967908661235, 48.24642530841431], [17.245316322202257, 48.241947046403354], [17.24315464744922, 48.23870210002646], [17.23948288440212, 48.23669046928364], [17.236136481676297, 48.23691790193715]]]}}, {"type": "Feature", "properties": {"band": "light", "dbz": 30.0, "source": "OPERA-ORD", "time": "20260906232000"}, "geometry": {"type": "Polygon", "coordinates": [[[19.7879714472382, 47.99489320890333], [19.78133383563942, 47.99550714598227], [19.77657346387276, 47.997081977030184], [19.773690331938234, 47.99961770204705], [19.77268469578133, 48.003114613622266], [19.77355655540206, 48.007572711755834], [19.774428607990025, 48.012030786169035], [19.775300853545225, 48.01648883686186], [19.776173292188936, 48.02094686384187], [19.777045923921154, 48.025404867109074], [19.777918748863247, 48.02986284667101], [19.77879176701522, 48.034320802527674], [19.779664978498545, 48.03877873468661], [19.780538383313214, 48.04323664314782], [19.781411981580813, 48.047694527918814], [19.78228577330134, 48.05215238899961], [19.784602659315052, 48.05534223282338], [19.78836263962194, 48.05726405939013], [19.793565457237023, 48.057917575664575], [19.800211112160287, 48.05730278164671], [19.804976201566582, 48.05572713565353], [19.807860725455903, 48.05319063768503], [19.808864941273484, 48.049693580719875], [19.807988849019324, 48.04523596475807], [19.807112950706735, 48.04077832505015], [19.806237246335716, 48.03632066159611], [19.805361735784402, 48.03186297438845], [19.804486419052793, 48.02740526342719], [19.803611296019128, 48.022947528704805], [19.802736366683405, 48.01848977022131], [19.801861630923966, 48.014031987969176], [19.800987088740815, 48.00957418194842], [19.800112740012395, 48.00511635215153], [19.7992385847387, 48.00065849857849], [19.796923693585786, 47.99746873893494], [19.79316806655366, 47.995547073220884], [19.7879714472382, 47.99489320890333]]]}}, {"type": "Feature", "properties": {"band": "light", "dbz": 30.0, "source": "OPERA-ORD", "time": "20260906232000"}, "geometry": {"type": "Polygon", "coordinates": [[[17.20623507279783, 48.228769800441626], [17.199543483707092, 48.2292224333115], [17.192851783372276, 48.22967464711997], [17.186159971793384, 48.23012644186704], [17.18130236212247, 48.231584826923495], [17.178278954359534, 48.234049802289334], [17.17860186757453, 48.23628916714921], [17.182271101767462, 48.23830292150312], [17.185940640158762, 48.24031654360654], [17.189610482748428, 48.24233003345947], [17.193280629591868, 48.24434339102721], [17.19695108068908, 48.24635661630975], [17.200297818380804, 48.24613044111181], [17.203320842667047, 48.243664865433395], [17.20634357936175, 48.2411992030131], [17.209366028464906, 48.238733453850934], [17.212388190065518, 48.236267617971315], [17.21541006416358, 48.23380169537423], [17.21508596774526, 48.231562421558436], [17.211415900810554, 48.22954979652394], [17.20623507279783, 48.228769800441626]]]}}, {"type": "Feature", "properties": {"band": "light", "dbz": 30.0, "source": "OPERA-ORD", "time": "20260906232000"}, "geometry": {"type": "Polygon", "coordinates": [[[17.20105767916128, 48.19294047738737], [17.194370817415944, 48.19339274617231], [17.189516927608366, 48.19485150212224], [17.186496009738548, 48.19731674523717], [17.1834748048497, 48.199781901605974], [17.180453312941818, 48.20224697122865], [17.1755983237462, 48.2037048482604], [17.168909837262856, 48.204155532701236], [17.162221240157816, 48.204605798283666], [17.15553253243108, 48.205055645007675], [17.150676443984022, 48.2065126427948], [17.147652974816634, 48.20897679164503], [17.14797427372398, 48.21121630396473], [17.15164034070607, 48.21323117975392], [17.15530671153151, 48.215245923459726], [17.1589733862003, 48.21726053508214], [17.16264036476785, 48.21927501458653], [17.166307647234152, 48.22128936197289], [17.171486713846136, 48.22207110275344], [17.17817756460379, 48.22162023692819], [17.183034182816392, 48.220162242777036], [17.186056568483934, 48.21769712030001], [17.189078666882565, 48.215231911062], [17.192100478012275, 48.212766615063], [17.196955995769866, 48.21130774169184], [17.20364522015534, 48.21085529094852], [17.20850009970389, 48.20939614417382], [17.211520634415514, 48.20693030136776], [17.2127070161918, 48.20345806241892], [17.212059245032748, 48.19897942732729], [17.209901797098404, 48.195733668084834], [17.206234672388767, 48.19372078469155], [17.20105767916128, 48.19294047738737]]]}}, {"type": "Feature", "properties": {"band": "light", "dbz": 30.0, "source": "OPERA-ORD", "time": "20260906232000"}, "geometry": {"type": "Polygon", "coordinates": [[[17.166589089179485, 48.14099859512561], [17.15990886141183, 48.14144864603846], [17.15322852354577, 48.141898278667696], [17.146548075581308, 48.14234749301329], [17.139867517715796, 48.14279628905352], [17.133186849949226, 48.14324466678839], [17.12650607247901, 48.1436926261962], [17.11982518530514, 48.14414016727694], [17.114973872844843, 48.14559554732999], [17.111952135098118, 48.148058766355334], [17.110760160868303, 48.15153012389817], [17.111397950155396, 48.15600961995851], [17.11203588171651, 48.160489097076194], [17.11267395555163, 48.16496855525125], [17.11482371168822, 48.16821634603784], [17.118485150126272, 48.17023246943597], [17.123658081782324, 48.17101662570246], [17.13034250665637, 48.170568814837296], [17.13551598161135, 48.17135260743363], [17.139178506647255, 48.17336800349146], [17.139498642371123, 48.175607636707404], [17.136476388782956, 48.178071507081455], [17.133453848304512, 48.18053529058339], [17.13043102093579, 48.18299898721321], [17.130751299546763, 48.18523860148194], [17.134414684137425, 48.1872541333896], [17.138078372194304, 48.18926953333978], [17.1417423637174, 48.191284801332486], [17.145406658762077, 48.19329993733311], [17.149071257328345, 48.19531494134168], [17.154247319718564, 48.19609756521642], [17.160934845932744, 48.19564780895735], [17.167622261600176, 48.19519763392209], [17.17430956672086, 48.194747040110656], [17.17916374192007, 48.19328922158354], [17.182184787197805, 48.190824178340755], [17.185205545581333, 48.18835904835926], [17.188226017070654, 48.18589383163906], [17.19124620175441, 48.18342852820453], [17.194266099632593, 48.18096313805565], [17.19545318616655, 48.17749102282863], [17.19480746135628, 48.17301218252348], [17.192652377489605, 48.169765991884006], [17.188987934566523, 48.16775245091023], [17.18532379475404, 48.165738777872285], [17.18165995805216, 48.1637249727702], [17.17950605461565, 48.16047856661937], [17.178862084444514, 48.1559995594198], [17.17821825783407, 48.15152053317356], [17.17757457478432, 48.14704148788065], [17.17542185071041, 48.14379486634294], [17.17176008561235, 48.14178066856043], [17.166589089179485, 48.14099859512561]]]}}, {"type": "Feature", "properties": {"band": "light", "dbz": 30.0, "source": "OPERA-ORD", "time": "20260906232000"}, "geometry": {"type": "Polygon", "coordinates": [[[18.45102183130819, 47.91063291113541], [18.444382456377195, 47.91116313393121], [18.439590581743772, 47.91267821327229], [18.436646207407918, 47.915178149158635], [18.433701553901155, 47.91767800234918], [18.430756621223484, 47.920177772843914], [18.427811409286477, 47.92267746061995], [18.424865918090138, 47.92517706567728], [18.421920147546025, 47.927676587993005], [18.418974097654132, 47.930176027567114], [18.416027768325996, 47.932675384376694], [18.41308115956161, 47.93517465842177], [18.411982565237825, 47.93865947764018], [18.41273198535464, 47.94312984203194], [18.413481571541467, 47.94760018513209], [18.41423132379832, 47.95207050694062], [18.416455165145095, 47.95529112342544], [18.420153095581796, 47.95726203458653], [18.423475703920214, 47.95699772334427], [18.42642299016035, 47.954498189698676], [18.42752117859757, 47.95101331463886], [18.42677026923187, 47.94654309816482], [18.427867971952182, 47.94305815604744], [18.430814286758505, 47.94055848828673], [18.433760322066497, 47.93805873779612], [18.43670607787616, 47.935558904575615], [18.439651554276022, 47.93305898864811], [18.442596751266088, 47.930558990013616], [18.44554166893487, 47.928058908695036], [18.448486307282362, 47.925558744692374], [18.45143066639705, 47.92305849802852], [18.454374746278937, 47.92055816870347], [18.457318547016477, 47.91805775674011], [18.46026206860968, 47.915557262138435], [18.45988575174813, 47.91332221106258], [18.456189596431834, 47.911352603512526], [18.45102183130819, 47.91063291113541]]]}}, {"type": "Feature", "properties": {"band": "light", "dbz": 30.0, "source": "OPERA-ORD", "time": "20260906232000"}, "geometry": {"type": "Polygon", "coordinates": [[[5.887070237611593, 48.086103308873334], [5.880379222677858, 48.08584453449963], [5.8752685014311, 48.08677430513027], [5.871738073871323, 48.08889262076525], [5.868207343475646, 48.091010814394906], [5.864676310244067, 48.09312888601925], [5.861144974112436, 48.095246835605494], [5.857613335080753, 48.09736466315364], [5.8556618065929396, 48.100671541400324], [5.855290388648994, 48.105167470345556], [5.856685386719016, 48.10860451171016], [5.859846800803002, 48.11098266549413], [5.864774741038656, 48.112301628095324], [5.871469207425976, 48.11256139951375], [5.876397771571745, 48.113880069057245], [5.879560433475962, 48.116257636725834], [5.882723389118197, 48.1186351084211], [5.885886638498448, 48.12101248414308], [5.890816220481436, 48.12233024285744], [5.89751213506716, 48.122588384564175], [5.902625827817651, 48.12165781242624], [5.906157298732911, 48.11953852644364], [5.909688466389037, 48.11741911850994], [5.91321933078603, 48.115299588625156], [5.916749891988282, 48.11317993682209], [5.920280149995791, 48.11106016310075], [5.922228004928523, 48.10775218176046], [5.922593456786479, 48.10325599280122], [5.921194376359174, 48.09981971651197], [5.918030763646608, 48.09744335289271], [5.913102727141972, 48.09612659839386], [5.906410266845264, 48.09586945301541], [5.901482853552286, 48.0945524052831], [5.898320487263037, 48.09217545519693], [5.895158414358425, 48.089798409130424], [5.891996634838449, 48.0874212670836], [5.887070237611593, 48.086103308873334]]]}}, {"type": "Feature", "properties": {"band": "light", "dbz": 30.0, "source": "OPERA-ORD", "time": "20260906232000"}, "geometry": {"type": "Polygon", "coordinates": [[[5.219244491117949, 47.96003893081672], [5.222366967942641, 47.96243590082517], [5.223715061865575, 47.96588119136114], [5.22328877288675, 47.970374802424615], [5.224637404962014, 47.973820006070625], [5.227760958091365, 47.976216802299156], [5.2326595582280735, 47.9775648893322], [5.239333205372139, 47.97786426716977], [5.246006925304589, 47.978163226247844], [5.252680718025422, 47.97846176656642], [5.257791810586452, 47.97756207322334], [5.26134020298768, 47.97546414621859], [5.2648882942561865, 47.973366095536946], [5.268436084391974, 47.97126792117838], [5.273546429353731, 47.97036723686184], [5.28021932914146, 47.9706640425873], [5.285118925187229, 47.97200996521945], [5.28824521749104, 47.9744050047583], [5.291371800133698, 47.97679995035438], [5.294498673115202, 47.9791948020077], [5.299399295113208, 47.98053982281211], [5.306073666127716, 47.98083501276763], [5.312748108927088, 47.98112978389206], [5.319422623511324, 47.981424136185396], [5.324532778143828, 47.980521227763376], [5.328078572824603, 47.97842105862599], [5.3316240663263335, 47.9763207660186], [5.335169258649019, 47.97422034994121], [5.340278663385103, 47.9733164510253], [5.346952280534582, 47.973609069270864], [5.352061123989468, 47.97270482289062], [5.355605193749762, 47.97060371188459], [5.35914896244626, 47.9685024775157], [5.362692430078961, 47.96640111978394], [5.367800523017796, 47.96549588330631], [5.3744732412627645, 47.96578676808281], [5.379580772893471, 47.964881184365225], [5.383123117909916, 47.96277913215357], [5.386665161978061, 47.96067695668615], [5.390206905097907, 47.95857465796296], [5.3935430744741995, 47.95871945774026], [5.396673670106939, 47.96111135601804], [5.398033603586259, 47.964554510657706], [5.397622874912159, 47.96904892165925], [5.398983348840625, 47.97249198841425], [5.402115025371659, 47.9748837109227], [5.4054518566161915, 47.975028120910174], [5.408993842574224, 47.972925218376695], [5.4125355274332545, 47.97082219264595], [5.41607691119328, 47.96871904371793], [5.421184243729685, 47.96781123661636], [5.427857525042466, 47.96809877134124], [5.432964295738923, 47.96719061730353], [5.436504555819054, 47.96508677450325], [5.440044514916282, 47.96298280861275], [5.44358417303061, 47.96087871963202], [5.44692062264121, 47.96102184446616], [5.450053863748083, 47.96341218311515], [5.453187395407429, 47.96580242734308], [5.456321217619248, 47.96819257714991], [5.461224978423628, 47.96953016300069], [5.467898677820569, 47.96981518489544], [5.473004874405103, 47.96890510333538], [5.47654356817723, 47.966799918320525], [5.480081960941228, 47.96469461033969], [5.483620052697098, 47.962589179392864], [5.486956710375265, 47.96273104787461], [5.490091933975725, 47.965120215784935], [5.493227448244509, 47.96750928914912], [5.496363253181616, 47.96989826796717], [5.50126821258257, 47.971234011784794], [5.507942326447374, 47.971516520602016], [5.512847906938588, 47.97285197454387], [5.515984954056213, 47.975240373610376], [5.517353349373056, 47.97868201988846], [5.516953092889115, 47.983176913378124], [5.518322030622717, 47.98661847108379], [5.521460162573862, 47.98900669300546], [5.5245985856102795, 47.991394820249084], [5.5277372997319665, 47.993782852814675], [5.529106942730317, 47.9972243119154], [5.528707514605335, 48.00171919755127], [5.530077700675269, 48.005160568006474], [5.533217500940124, 48.00754842328104], [5.536556802713902, 48.00768872888894], [5.540095605996605, 48.00558148483015], [5.543634107696451, 48.00347411791618], [5.547172307813438, 48.00136662814701], [5.552280515623641, 48.00045254606141], [5.55895873112706, 48.00073187165939], [5.564066375051818, 47.99981744318278], [5.567603447397914, 47.997709260631574], [5.571140218278946, 47.99560095533228], [5.574676687694912, 47.9934925272849], [5.5797835731782355, 47.992577109856924], [5.586460874728917, 47.99285470304835], [5.591567196305212, 47.99193893945438], [5.595102537907121, 47.98982981907501], [5.598637578162, 47.98772057605461], [5.602172317069851, 47.98561121039319], [5.607277879595399, 47.98469445824725], [5.613954265738645, 47.98497031961679], [5.619059264336316, 47.98405322152983], [5.622592875388413, 47.981943163986344], [5.624554983225724, 47.978640449290666], [5.624945587848249, 47.9741450774428], [5.626907054854665, 47.97084221845141], [5.630439384244974, 47.9687318723165], [5.635542691391262, 47.967813736851774], [5.642216976293529, 47.968087812057234], [5.648891327814788, 47.96836146833826], [5.655565745955039, 47.96863470569486], [5.660474854186816, 47.96996336670117], [5.66361865251012, 47.972347451357194], [5.666762741996955, 47.97473144092476], [5.669907122647322, 47.977115335403866], [5.674817247002981, 47.97844309064734], [5.681493115063933, 47.978714706655175], [5.6864038599939475, 47.98004217085266], [5.689549481793026, 47.9824254832398], [5.692695394959457, 47.98480870044368], [5.695841599493238, 47.9871918224643], [5.700753360386914, 47.98851838043125], [5.707430677640485, 47.98878837434454], [5.712343059309044, 47.990114641038915], [5.715490505392589, 47.992497180514384], [5.718638243047228, 47.99487962471169], [5.721786272272958, 47.997261973630856], [5.726699669743399, 47.99858733362689], [5.733378435458551, 47.99885570469979], [5.738482593415647, 47.99793287440096], [5.742012143614688, 47.99581884273039], [5.7439669734429195, 47.99251391223817], [5.744347082900339, 47.9880180829243], [5.7429630102028915, 47.98457929627956], [5.739814755350574, 47.982197552303944], [5.736666791932302, 47.97981571300451], [5.733519119948072, 47.97743377838128], [5.732135761675898, 47.97399489148414], [5.73251671711578, 47.96949905231308], [5.731133903861849, 47.966060075608624], [5.7279873219141075, 47.96367796137075], [5.723077083992111, 47.96235240734425], [5.716403190095859, 47.9620834135291], [5.711493572061903, 47.960757568280265], [5.708348229890242, 47.95837487159775], [5.70853946822616, 47.95612696851599], [5.712067287069655, 47.95401385903499], [5.717167551503425, 47.953091774262816], [5.723840261527469, 47.953360714199476], [5.728939961957307, 47.95243828438564], [5.732466652792938, 47.95032448482133], [5.735993042875339, 47.94821056315021], [5.739519132204511, 47.946096519372276], [5.7428552892218026, 47.94623034767849], [5.7460015139272125, 47.94861204806883], [5.747384910144348, 47.952050876496116], [5.747005477873207, 47.956546832960356], [5.748389418833764, 47.95998557150051], [5.751536733026018, 47.9623670921166], [5.756447532566916, 47.963691092534454], [5.763121817456459, 47.963957572754055], [5.769796167108916, 47.96422363401532], [5.776470581524289, 47.964489276318226], [5.7831450605012105, 47.96475449964996], [5.789819604039681, 47.965019304010546], [5.7964942119383025, 47.965283689387185], [5.803168884197074, 47.96554765577988], [5.808268321740968, 47.964621423884076], [5.811792524569988, 47.96250499369977], [5.813741382103306, 47.9591986675824], [5.814114894340923, 47.954702445531986], [5.816063113342045, 47.9513959764404], [5.819586039106672, 47.94927926030764], [5.823108664141001, 47.94716242234948], [5.826630988445033, 47.94504546256591], [5.826817323911396, 47.942797314582876], [5.82366767054009, 47.9404179784004], [5.820518308182197, 47.93803854670073], [5.817369236837718, 47.935659019483886], [5.8142204564240325, 47.933279396776435], [5.8110719669411415, 47.93089967857838], [5.8061627532991125, 47.92957794196928], [5.799492815497946, 47.92931418694912], [5.7928229418826005, 47.92905001327779], [5.786153132453074, 47.92878542095528], [5.781244929256058, 47.92746277806013], [5.778098332291551, 47.92508208459235], [5.7749520260188145, 47.922701295770416], [5.7718060104378495, 47.92032041159433], [5.768471497933156, 47.920187500781104], [5.764948488504736, 47.92230256333074], [5.761425178708802, 47.92441750392759], [5.757901568545355, 47.92653232257166], [5.75280505251135, 47.92745617985547], [5.746135630606788, 47.92718907577901], [5.741228604877803, 47.92586458911016], [5.738083975324397, 47.92348271984894], [5.734939636351522, 47.92110075535852], [5.731795587959181, 47.9187186956389], [5.726889573879779, 47.917393303443234], [5.72022159411332, 47.91712457877149], [5.715316198515937, 47.91579889558676], [5.7121733870876295, 47.91341625388904], [5.709030866037281, 47.9110335170567], [5.705888635364892, 47.90865068508975], [5.702746694987805, 47.90626775801465], [5.699605044906022, 47.903884735831376], [5.69822579067386, 47.90044525818924], [5.698608932291319, 47.89594932508824], [5.69723022065159, 47.892509757858505], [5.69408965575467, 47.89012655650005], [5.690949380859947, 47.88774326009752], [5.687809395967419, 47.88535986865094], [5.686431393520463, 47.8819202012975], [5.686815373519079, 47.87742425803721], [5.68719926813079, 47.872928298684826], [5.6875830773555975, 47.86843232324035], [5.687966801247662, 47.86393633169081], [5.688350439806984, 47.85944032403623], [5.686973312314436, 47.85600054594141], [5.683835418770017, 47.85361699740636], [5.680697814679963, 47.85123335391363], [5.677560500044274, 47.848849615463195], [5.674423474780591, 47.846465782081424], [5.671286738888912, 47.8440818537683], [5.668150292286896, 47.84169783055015], [5.665014134974539, 47.83931371242697], [5.6652066237303735, 47.83706570891235], [5.6687277585543985, 47.83495382000628], [5.673816748573646, 47.8340336673468], [5.680473593788115, 47.83430525093392], [5.6855620234516255, 47.833384753856194], [5.689082037564178, 47.831272176113615], [5.691033523109834, 47.82796781886535], [5.691416480088593, 47.823471682111396], [5.691799352004723, 47.81897552918764], [5.692182138858222, 47.814479360094076], [5.69256484070297, 47.809983174817766], [5.692947457538971, 47.80548697335871], [5.6915713279179165, 47.80204713096515], [5.688436451839806, 47.7996636476371], [5.683542942079958, 47.79833622248902], [5.676890798638373, 47.798064855520934], [5.67199790388748, 47.79673714034414], [5.668864257827277, 47.79435307695866], [5.665730900338881, 47.79196891875017], [5.662597831422291, 47.78958466571867], [5.6594650509954585, 47.787200317890395], [5.656332559058384, 47.78481587526536], [5.653200355529039, 47.78243133786975], [5.650068440407423, 47.78004670570358], [5.645177782051501, 47.778717508659696], [5.638528380461276, 47.77844374673809], [5.633638336677111, 47.777114260024874], [5.630507650699008, 47.774729048520044], [5.630701301267655, 47.772481013107864], [5.634219288383051, 47.77037015378834], [5.637736977387564, 47.76825917247356], [5.641254368281194, 47.76614806916354], [5.643206292410644, 47.76284444401046], [5.643592749775915, 47.75834829701433], [5.642221097733618, 47.754907728940125], [5.639091336283755, 47.752522739787835], [5.635961862742494, 47.750137655965716], [5.632832677109837, 47.74775247747377], [5.6297037793039255, 47.74536720433813], [5.626575169324759, 47.742981836558805], [5.623446847090497, 47.74059637416194], [5.620318812601139, 47.738210817147525], [5.618948937483867, 47.73476997076044], [5.6193372217386806, 47.73027383500069], [5.619725419922542, 47.72577768286658], [5.6201135320354485, 47.72128151435811], [5.618744357358784, 47.71784056801192], [5.615617895892548, 47.715454843828006], [5.612491721755179, 47.71306902510078], [5.6093658349466775, 47.71068311183025], [5.606240235385356, 47.70829710404248], [5.603114923071215, 47.70591100173747], [5.599989897922582, 47.70352480494131], [5.59686515993946, 47.70113851365398], [5.593740709040193, 47.698752127901535], [5.590616545224781, 47.69636564768399], [5.5874926684115875, 47.69397907302736], [5.584369078600613, 47.69159240393166], [5.581245775710236, 47.68920564042292], [5.578122759740456, 47.686818782501135], [5.573242800340567, 47.68548624687028], [5.566605897510568, 47.685208033530365], [5.559969061492933, 47.68492940393163], [5.553332292287663, 47.68465035807408], [5.548256122156605, 47.68556490778687], [5.544740551099761, 47.687673053070014], [5.541224683103032, 47.68978107625183], [5.537708518166415, 47.69188897733232], [5.532631601607822, 47.69280254457236], [5.52599393342725, 47.69252177797194], [5.5193563326948425, 47.69224059507061], [5.5127187994105995, 47.69195899586836], [5.507840190609824, 47.69062369619132], [5.504720506292514, 47.68823469603947], [5.501601108670482, 47.68584560172122], [5.498481997743725, 47.68345641323656], [5.495363173430527, 47.68106713061143], [5.492244635730889, 47.67867775384583], [5.490884827478666, 47.67523517624801], [5.491283748673861, 47.67073939781797], [5.489924474313721, 47.667296731884555], [5.486807004398246, 47.66490717844776], [5.481931456115641, 47.6635704379309], [5.475297829465905, 47.663286510333954], [5.470222354879223, 47.66419733126663], [5.466705032355591, 47.66630290072894], [5.463187413200741, 47.66840834789238], [5.459669497414669, 47.67051367275696], [5.454593279672271, 47.671423511042065], [5.447958759973548, 47.67113786274769], [5.441324308811128, 47.67085179839694], [5.43468992618501, 47.670565317989805], [5.4280556122915895, 47.670278421539884], [5.421421367130865, 47.669991109047174], [5.416344218432776, 47.67089932609533], [5.412824166197326, 47.67300307268436], [5.410861091320119, 47.676302648355886], [5.410454993801157, 47.68079805310991], [5.408491285585212, 47.68409748365242], [5.404969966672286, 47.686200939983436], [5.401448350838866, 47.688304273772445], [5.397926438084951, 47.69040748501945], [5.394404228349432, 47.69251057369213], [5.390881721632306, 47.69461353979047], [5.38580180348297, 47.69552003216328], [5.379164473901424, 47.69523005081058], [5.372527213978542, 47.69493965322425], [5.365890023714322, 47.69464883940433], [5.3610149273404435, 47.69330679393864], [5.357901924856905, 47.69091351682718], [5.354789208775033, 47.68852014599045], [5.351676779094828, 47.68612668142843], [5.346802692340142, 47.684783738865036], [5.340166948510975, 47.68449131830026], [5.333531274882905, 47.684198481625245], [5.326895671455931, 47.683905228840004], [5.321815373057303, 47.68480887276317], [5.318290379687017, 47.68690941339475], [5.316320569709234, 47.6902071502761], [5.315905943123951, 47.69470208340721], [5.315491224673995, 47.69919699983875], [5.315076414359363, 47.703691899570714], [5.3146615121220355, 47.70818678261584], [5.314246517962013, 47.712681648974126], [5.313831431821219, 47.71717649865831], [5.313416253699656, 47.72167133166839], [5.313000983539201, 47.726166148017086], [5.312585621339854, 47.73066094770439], [5.312170167043441, 47.73515573074306], [5.311754620649965, 47.739650497133084], [5.311338982101201, 47.74414524688718], [5.310923251397151, 47.74863998000535], [5.3122726297622584, 47.752084609817395], [5.315387117196523, 47.754479136323305], [5.31850189187888, 47.756873569127166], [5.321616953809325, 47.75926790822897], [5.324732303070291, 47.76166215360283], [5.327847939661774, 47.76405630524873], [5.33272888890096, 47.7653998533161], [5.33937515078785, 47.76569279780493], [5.344256715470743, 47.767036058253815], [5.34737358294964, 47.76942963466274], [5.348725631701061, 47.77287382726016], [5.348312861725009, 47.77736863604608], [5.346341072208837, 47.780666627511714], [5.342810263152543, 47.782767801657066], [5.339279155768422, 47.78486885283302], [5.335747750056468, 47.78696978103958], [5.332216045955354, 47.78907058624419], [5.328684043465079, 47.79117126844685], [5.3251517425243104, 47.793271827615], [5.321619143133051, 47.79537226374864], [5.318086245229976, 47.797472576815196], [5.314553048815084, 47.79957276681468], [5.31122797333628, 47.799425566703796], [5.308111018793564, 47.797030976482546], [5.3049943520472365, 47.79463629253209], [5.301877973097295, 47.79224151485243], [5.2987618818610835, 47.7898466434695], [5.295646078338602, 47.78745167838333], [5.29253056244721, 47.785056619619816], [5.289415334186909, 47.78266146717896], [5.286300393475075, 47.780266221086706], [5.283185740311708, 47.77787088134305], [5.280071374614206, 47.775475447973875], [5.276957296382566, 47.77307992097921], [5.272076896059945, 47.77173357155187], [5.26543017364634, 47.771436399691865], [5.260339904823103, 47.77233696173775], [5.2568060895902295, 47.7744352576895], [5.2532719761541244, 47.776533430417615], [5.2497375645147875, 47.77863147992208], [5.246202854611166, 47.78072940617034], [5.242667846443263, 47.78282720916236], [5.240689085107238, 47.78612324633996], [5.240266570603094, 47.79061751770314], [5.238287171029112, 47.793913408371075], [5.234750886385295, 47.79601091834377], [5.22915787122394, 47.837504866450715], [5.221508125545048, 47.91839525269191], [5.219244491117949, 47.96003893081672]]]}}, {"type": "Feature", "properties": {"band": "light", "dbz": 30.0, "source": "OPERA-ORD", "time": "20260906232000"}, "geometry": {"type": "Polygon", "coordinates": [[[5.856568565131126, 47.967644302610225], [5.849893382020334, 47.967383688342935], [5.844794180892203, 47.96831214239225], [5.84127096174673, 47.97042966475817], [5.839323614847287, 47.973736557859034], [5.838952140193874, 47.97823282169485], [5.8385805827017, 47.98272906972925], [5.8382089423707635, 47.98722530196222], [5.837837219148321, 47.99172151840679], [5.837465413034374, 47.99621771906297], [5.838856485299299, 47.99965522674333], [5.842010435943098, 48.00203404144787], [5.845164678575367, 48.00441276047119], [5.848319213196107, 48.00679138381327], [5.849711005304123, 48.01022879048981], [5.8493400548994146, 48.01472498050081], [5.850732394672068, 48.01816229667848], [5.853888024622083, 48.02054073902285], [5.8588070545161495, 48.02186000467601], [5.865489484354269, 48.02212009363798], [5.872171977601247, 48.022379763039595], [5.878854534257085, 48.02263901288085], [5.885537154119356, 48.022897843149224], [5.892219837188058, 48.02315625384469], [5.898902583260738, 48.023414244954736], [5.905585392337395, 48.02367181647939], [5.912268264215544, 48.02392896840616], [5.918951198895184, 48.02418570073506], [5.924054409603075, 48.02325397323253], [5.927577896339215, 48.02113378589857], [5.931101081289539, 48.019013476915546], [5.934623964454049, 48.016893046283464], [5.937965228469694, 48.0170207702081], [5.941124873336474, 48.01939664868945], [5.944284810660172, 48.021772431158055], [5.947445040440784, 48.0241481176139], [5.952366809860171, 48.025463068138215], [5.959050118918334, 48.025717282731016], [5.9657334899677466, 48.025971077676445], [5.972416923008408, 48.02622445297451], [5.977519318469792, 48.02529015665234], [5.981040676351899, 48.023168188709924], [5.9829808901793875, 48.019858852175446], [5.983339959952261, 48.0153621470489], [5.983698949622951, 48.01086542629144], [5.984057859191461, 48.00636868990306], [5.9844166887088015, 48.001871937870646], [5.984775438174973, 47.99737517019421], [5.9833747767667465, 47.99393945280765], [5.980214704484121, 47.99156478571099], [5.975295327574631, 47.99025086615285], [5.968616646038279, 47.98999769413322], [5.961938026325015, 47.98974410280039], [5.955259468434839, 47.989490092154334], [5.950341100621126, 47.98817526336311], [5.947182922883876, 47.98579961642673], [5.944025037086593, 47.983423873524316], [5.940867443229282, 47.98104803465588], [5.935950084761918, 47.97973229693972], [5.929272961684504, 47.97947666037585], [5.922595900993912, 47.97922060461912], [5.915918902690144, 47.97896412966952], [5.9108197806470315, 47.97989574525419], [5.907298534864575, 47.98201545137313], [5.903776987843754, 47.98413503585401], [5.900255139584569, 47.98625449869684], [5.895155248655646, 47.98718512841402], [5.888477315056987, 47.986926925005555], [5.883560898730606, 47.98560901606268], [5.880405999676505, 47.98323140158539], [5.877251392380151, 47.980853691351186], [5.874097076841544, 47.978475885360055], [5.870943052977912, 47.976097983638695], [5.86778932078926, 47.97371998618709], [5.86463588019283, 47.97134189303193], [5.861482731188625, 47.968963704173234], [5.856568565131126, 47.967644302610225]]]}}, {"type": "Feature", "properties": {"band": "light", "dbz": 30.0, "source": "OPERA-ORD", "time": "20260906232000"}, "geometry": {"type": "Polygon", "coordinates": [[[5.549615583067453, 47.91687374732193], [5.5492189343331875, 47.92136897885279], [5.5505885759666524, 47.924810272959014], [5.553724507967848, 47.92719762964062], [5.5568607302335185, 47.929584891638314], [5.559997242763662, 47.93197205895212], [5.559799081309565, 47.9342196644962], [5.556266245871226, 47.936327708270554], [5.552931610915492, 47.93618804589639], [5.549795176442359, 47.93380067737371], [5.546659032278614, 47.93141321418243], [5.543523178424254, 47.92902565632252], [5.5403876147962325, 47.92663800382036], [5.5372523413945505, 47.924250256675926], [5.535883619471996, 47.92080879535443], [5.536281449028568, 47.91631361985588], [5.538246324900385, 47.913012289889444], [5.541778247087446, 47.91090480545513], [5.54511163299438, 47.91104483031761], [5.548246482621185, 47.91343236447686], [5.549615583067453, 47.91687374732193]]]}}, {"type": "Feature", "properties": {"band": "light", "dbz": 30.0, "source": "OPERA-ORD", "time": "20260906232000"}, "geometry": {"type": "Polygon", "coordinates": [[[5.544456707182681, 47.55791826052257], [5.537836496385266, 47.55763832804304], [5.531216352358106, 47.55735798048793], [5.524596275101202, 47.55707721785724], [5.519532362818229, 47.557990554974566], [5.516024615509186, 47.5600979918399], [5.512516573105545, 47.56220530681214], [5.5090082356073085, 47.56431249989126], [5.5056980075239, 47.56417148202982], [5.50258588885532, 47.5617822532278], [5.499474055092349, 47.559392930451075], [5.496362506234987, 47.55700351369967], [5.49149689465783, 47.555667178861384], [5.484877220360881, 47.55538392593624], [5.478257613613555, 47.555100257988656], [5.4716380744158535, 47.55481617501863], [5.466573406202494, 47.5557269658271], [5.463063608973476, 47.557832630414055], [5.461108565634354, 47.561133467460365], [5.460708276185127, 47.565629476966016], [5.462063465331059, 47.56907268237069], [5.465174133072151, 47.57146308367438], [5.470040396599032, 47.572800382067705], [5.4766622559117035, 47.573084577550674], [5.483284182864926, 47.57336835784837], [5.4899061774587, 47.57365172296081], [5.494773441608636, 47.57498812515452], [5.497885975314736, 47.5773775644295], [5.499243662146929, 47.58082033965373], [5.498846502105217, 47.58531645082719], [5.498449254255354, 47.589812545305634], [5.498051918597337, 47.59430862308904], [5.497654495075847, 47.59880468419027], [5.497256983690884, 47.603300728609334], [5.496859384387075, 47.60779675635908], [5.496461697164422, 47.61229276743951], [5.497820392104683, 47.61573542125598], [5.500935469207857, 47.61812471780846], [5.505807045031069, 47.61946035787445], [5.51243511957432, 47.61974234145394], [5.519063261398904, 47.62002390940036], [5.525691470504823, 47.62030506171371], [5.532319746696276, 47.62058579838069], [5.538948089973263, 47.6208661194013], [5.545576500139955, 47.6211460247623], [5.552204977196349, 47.62142551446367], [5.558833520946586, 47.6217045884922], [5.565462131390665, 47.621983246847904], [5.5705313238064145, 47.62106800482703], [5.574041098193836, 47.61895886242957], [5.5759913398295415, 47.6156561189819], [5.576382048713532, 47.61115977448404], [5.578331660463186, 47.60785688715407], [5.581840175078505, 47.605747456992006], [5.585153707350212, 47.60588612138265], [5.588272257278305, 47.60827288032601], [5.589636759485718, 47.61171445954564], [5.589247213972451, 47.61621085904153], [5.588857582271525, 47.620707241970216], [5.5884678643829435, 47.62520360833168], [5.588078060252353, 47.62969995813885], [5.587688169879754, 47.63419629139173], [5.589053529258778, 47.63763775952367], [5.592174138389424, 47.640024362534675], [5.597050111609059, 47.64135580092395], [5.603681448917682, 47.64163207469147], [5.60855803271196, 47.64296322445269], [5.6116798629918945, 47.64534925020761], [5.61480197963842, 47.64773518152201], [5.6179243826515375, 47.65012101839589], [5.622801967349583, 47.6514512691828], [5.629434733732555, 47.651725933882716], [5.636067565766102, 47.65200018258591], [5.642700463450224, 47.652274015292384], [5.647771252447233, 47.651355096723464], [5.651279932757133, 47.649243426879146], [5.6547883167207535, 47.647131635377974], [5.658296404338097, 47.64501972221994], [5.66180419567082, 47.64290768743718], [5.665311690718922, 47.64079553102968], [5.66725688931948, 47.63749112277079], [5.667639791472495, 47.63299446266051], [5.668022608917316, 47.62849778607103], [5.668405341653942, 47.62400109300233], [5.667035242771705, 47.620560526879395], [5.663912312270604, 47.61817608770222], [5.66078966782638, 47.61579155397938], [5.657667309439034, 47.6134069257109], [5.6545452370275076, 47.61102220292271], [5.6514234505918, 47.60863738561484], [5.648301950050867, 47.60625247381326], [5.645180735404709, 47.603867467517944], [5.642059806572303, 47.60148236675488], [5.638939163553646, 47.599097171524036], [5.635818806267727, 47.59671188185138], [5.632698734714546, 47.59432649773689], [5.629578948813111, 47.59194101920651], [5.6264594485634225, 47.58955544626023], [5.621587454565647, 47.58822510256107], [5.614962966819786, 47.587949988109045], [5.608338544806744, 47.587674458258306], [5.601714188526524, 47.58739851300885], [5.596843192537181, 47.58606727146122], [5.5937255568387165, 47.5836807336154], [5.592361167538081, 47.58023919854651], [5.592750024635273, 47.57574266625455], [5.59138616806011, 47.57230104230001], [5.588269597812591, 47.56991432668291], [5.583400427887415, 47.56858222046995], [5.576778658284583, 47.5683047236611], [5.570156954911688, 47.56802681165577], [5.56353531776873, 47.56774848445396], [5.558667145842841, 47.56641548116072], [5.55555243913402, 47.564027801776064], [5.552438017480053, 47.56164002825339], [5.5493238808809435, 47.559252160592685], [5.544456707182681, 47.55791826052257]]]}}, {"type": "Feature", "properties": {"band": "light", "dbz": 30.0, "source": "OPERA-ORD", "time": "20260906232000"}, "geometry": {"type": "Polygon", "coordinates": [[[5.2580903700816535, 47.54655593486963], [5.261190244633479, 47.54895230374993], [5.26429040340684, 47.55134857938962], [5.267390846401739, 47.553744761788714], [5.272250380104342, 47.55509114752424], [5.278869004514653, 47.55538773659618], [5.283729147511176, 47.55673383627328], [5.286830809093913, 47.55912944655555], [5.288173867523903, 47.56257486591886], [5.287758322801145, 47.56707009436322], [5.289101909637026, 47.57051542656673], [5.292204628031545, 47.57291086252941], [5.297066599629035, 47.574256103633076], [5.303687824429497, 47.574551149877735], [5.3103091194505225, 47.574845781032984], [5.31693048469211, 47.57513999709881], [5.323551919959494, 47.575433798061354], [5.330173425252675, 47.57572718392062], [5.336795000376853, 47.57602015466276], [5.343416645332026, 47.57631271028778], [5.350038359923365, 47.576604850781905], [5.356660144150869, 47.57689657614513], [5.361728689091074, 47.575991326583924], [5.365243994743981, 47.57388910209827], [5.367205941289711, 47.570590201414724], [5.3676145287282635, 47.56609462453328], [5.369575844983677, 47.56279557865636], [5.3730898900559545, 47.56069306378398], [5.3766036400539, 47.558590426580736], [5.380117094977514, 47.55648766704661], [5.3836302548873105, 47.55438478521378], [5.387143119783286, 47.552281781082215], [5.392208912443447, 47.551374810353735], [5.398827632867792, 47.55166387302837], [5.403690500358318, 47.55300446637203], [5.406797514915027, 47.55539659038472], [5.409904814113737, 47.55778862070837], [5.413012397954447, 47.560180557342974], [5.41632215098629, 47.56032448050516], [5.419834073209268, 47.55822039019491], [5.423345700393493, 47.55611617770757], [5.426857032538967, 47.55401184304314], [5.430368069706324, 47.55190738623371], [5.433878811895562, 47.549802807279285], [5.437389259167319, 47.547698106211946], [5.440899411521595, 47.54559328303169], [5.445963542057592, 47.54468371465971], [5.452581650775307, 47.544969401096004], [5.4576452307310195, 47.54405948907713], [5.461154281924729, 47.5419539786031], [5.4646630383142165, 47.53984834612082], [5.4681714998994835, 47.537742591630305], [5.47167966674121, 47.535636715163605], [5.475187538839395, 47.53353071672069], [5.477140687336949, 47.53022961746289], [5.477539112233869, 47.525733417390185], [5.4761841800976, 47.52229024463269], [5.473075890928142, 47.5199000991904], [5.469967886010896, 47.51750985992343], [5.466860165345864, 47.51511952683178], [5.465505920142754, 47.511676254706686], [5.465905150401569, 47.50718004354815], [5.46455143448874, 47.50373668327395], [5.461444772404266, 47.50134617388408], [5.458338394286335, 47.4989555707315], [5.455232300134945, 47.496564873816205], [5.453879270033012, 47.49312141421456], [5.454279303980533, 47.48862519192658], [5.452926802536578, 47.48518164424611], [5.449821765701147, 47.482790771173164], [5.444964310492257, 47.48145227462436], [5.438354436909907, 47.481166154599684], [5.433497588101993, 47.4798273713352], [5.430393764068516, 47.4774359248309], [5.427290223598056, 47.475044384692005], [5.424186966690615, 47.47265275091851], [5.4210839932655395, 47.47026102353601], [5.417981303322828, 47.4678692025445], [5.414878896781844, 47.46547728796954], [5.411776773642586, 47.46308527981115], [5.406922134193145, 47.46174502977376], [5.400314978433522, 47.461456537857366], [5.393707891124861, 47.46116763182424], [5.387100872267164, 47.46087831167437], [5.380493922053684, 47.460588577421326], [5.37388704048442, 47.46029842906509], [5.369033789601629, 47.45895667897614], [5.365934169405311, 47.45656332715448], [5.364588060938971, 47.45311867140415], [5.364995464202608, 47.44862271172517], [5.363649882199279, 47.44517796840857], [5.3605513149289825, 47.44278444145435], [5.35569988144378, 47.4414418331998], [5.34909558174367, 47.4411501436449], [5.34403998938258, 47.44205518879729], [5.340533104360507, 47.44415696865698], [5.337025925905609, 47.446258626340246], [5.333518454017889, 47.448360161847084], [5.328462130364357, 47.449264228097405], [5.321856954945013, 47.4489708250912], [5.3170060918950925, 47.44762668327653], [5.313909541214595, 47.44523180265339], [5.310813273386211, 47.44283682879227], [5.3077172884099415, 47.44044176169317], [5.304621586205123, 47.43804660138155], [5.301526166771756, 47.4356513478574], [5.298431030029198, 47.43325600114616], [5.295336175977446, 47.43086056124784], [5.290487522607254, 47.42951495632295], [5.28388506991862, 47.42921918637149], [5.277282687277981, 47.42892300266904], [5.270680374685334, 47.42862640521559], [5.264669521993193, 47.457698017474016], [5.2592501292015585, 47.516137839444326], [5.2580903700816535, 47.54655593486963]]]}}, {"type": "Feature", "properties": {"band": "light", "dbz": 30.0, "source": "OPERA-ORD", "time": "20260906232000"}, "geometry": {"type": "Polygon", "coordinates": [[[19.468881130082302, 47.23439823243814], [19.46233791162396, 47.234991153519516], [19.45579455544008, 47.23558366711872], [19.449251061530667, 47.23617577323576], [19.442707430072986, 47.23676747184364], [19.436163661067035, 47.23735876294238], [19.431461357597495, 47.23891809460622], [19.428600519664364, 47.24144546683515], [19.427581384735106, 47.24494116726695], [19.42840395280972, 47.249405195901616], [19.430657494567534, 47.252605480842114], [19.43434201000855, 47.25454202208844], [19.439457261473734, 47.255214531884434], [19.446003248963102, 47.2546230102301], [19.45254909872232, 47.25403108091434], [19.459094810751388, 47.253438743937146], [19.46564038487282, 47.25284599932553], [19.47218582108662, 47.25225284707948], [19.4768880278126, 47.250691947354234], [19.479747005050754, 47.24816330014978], [19.480762991513217, 47.24466719309032], [19.479935987199987, 47.24020362617586], [19.477680048610395, 47.23700432501333], [19.47399517574445, 47.23506928960275], [19.468881130082302, 47.23439823243814]]]}}, {"type": "Feature", "properties": {"band": "light", "dbz": 30.0, "source": "OPERA-ORD", "time": "20260906232000"}, "geometry": {"type": "Polygon", "coordinates": [[[17.218219842548763, 45.85633781304981], [17.211826308960504, 45.85678866404929], [17.207182129030212, 45.85824845792324], [17.20428730275788, 45.86071719467167], [17.203141999952898, 45.86419515622124], [17.20374622061526, 45.868682342571944], [17.205798381900507, 45.87193511821725], [17.209298483808638, 45.873953483157166], [17.21424635639657, 45.87473715534983], [17.220641999664295, 45.874286134795256], [17.225287064351605, 45.872825974178355], [17.228181550458498, 45.870356673499096], [17.229325628341087, 45.86687851476166], [17.228719297999376, 45.86239149796603], [17.226666251957113, 45.859139089063675], [17.223166490214297, 45.85712128805461], [17.218219842548763, 45.85633781304981]]]}}, {"type": "Feature", "properties": {"band": "echo", "dbz": 35.0, "source": "OPERA-ORD", "time": "20260906232000"}, "geometry": {"type": "Polygon", "coordinates": [[[9.732502798484276, 55.86201707030458], [9.72451788447594, 55.86199963129755], [9.718520937220301, 55.86310909250133], [9.714511956717361, 55.86534545391594], [9.712490931118019, 55.86870909901464], [9.712457860422273, 55.87320002779743], [9.714430198573133, 55.87657277821562], [9.718407945570604, 55.878827350269205], [9.724391113275775, 55.87996336028015], [9.732379701688647, 55.87998080824845], [9.738378497529336, 55.87887096794836], [9.74238750079784, 55.876633839379885], [9.744406700577876, 55.87326980622362], [9.744436096869448, 55.868778868479566], [9.742461910133535, 55.86540649715768], [9.738484140370144, 55.863152692257955], [9.732502798484276, 55.86201707030458]]]}}, {"type": "Feature", "properties": {"band": "echo", "dbz": 35.0, "source": "OPERA-ORD", "time": "20260906232000"}, "geometry": {"type": "Polygon", "coordinates": [[[10.481427307157986, 55.72663979780167], [10.473470062682663, 55.72667045398923], [10.465512806717813, 55.726700599263005], [10.457555539263435, 55.72673023362299], [10.451600335816256, 55.72787499846369], [10.44764719637627, 55.730134893785085], [10.447673157904719, 55.732380352808406], [10.451678220401602, 55.734611375533646], [10.455683739173404, 55.736842268176986], [10.459689714220124, 55.739073030738425], [10.463696145675577, 55.74130366317026], [10.46770303353976, 55.74353416547247], [10.47168302800825, 55.743519087053514], [10.475636129081042, 55.741258427913394], [10.479588775260861, 55.738997642499825], [10.483540966547707, 55.73673673081281], [10.487492703079567, 55.73447569289907], [10.49144398485645, 55.73221452875859], [10.491416201657579, 55.72996907744323], [10.48740935348296, 55.727739338953], [10.481427307157986, 55.72663979780167]]]}}, {"type": "Feature", "properties": {"band": "echo", "dbz": 35.0, "source": "OPERA-ORD", "time": "20260906232000"}, "geometry": {"type": "Polygon", "coordinates": [[[12.984786178631635, 55.53991181197914], [12.980998917565245, 55.54225075690657], [12.977211212662745, 55.54458958627958], [12.97342306392413, 55.54692830009818], [12.969634471203968, 55.54926689831912], [12.965845434502254, 55.55160538094239], [12.964119509628695, 55.555017902641424], [12.964456696583293, 55.559504463416225], [12.966689299820207, 55.56282175870004], [12.970817319339435, 55.56496978849286], [12.97477621035705, 55.56487442553113], [12.978565972873048, 55.56253566981483], [12.982355291079394, 55.56019679849997], [12.986144164976091, 55.55785781158657], [12.989932594708776, 55.5555187091179], [12.993720580277452, 55.55317949109396], [12.99544427530291, 55.5497666469377], [12.99510367978515, 55.54528017664912], [12.99286998881091, 55.541963291007484], [12.98874320238019, 55.539815990012784], [12.984786178631635, 55.53991181197914]]]}}, {"type": "Feature", "properties": {"band": "echo", "dbz": 35.0, "source": "OPERA-ORD", "time": "20260906232000"}, "geometry": {"type": "Polygon", "coordinates": [[[12.759419422376665, 55.49122869484418], [12.75562349992386, 55.493560746789136], [12.75388186592588, 55.49697037837734], [12.75419452038272, 55.50145758960879], [12.756406031370364, 55.504778752445205], [12.760516398888816, 55.5069338668866], [12.764627218670952, 55.50908884253419], [12.768738490716778, 55.51124367938799], [12.772850215146464, 55.51339837739866], [12.776962391960009, 55.51555293656621], [12.781075021277587, 55.517707356841264], [12.7851881030992, 55.51986163822383], [12.789301637545021, 55.52201578066453], [12.79341562461505, 55.52416978416335], [12.799428203473248, 55.525156857231934], [12.807339374119612, 55.524976999870276], [12.813192654681142, 55.52372016357519], [12.816988045157835, 55.52138634834667], [12.816828370755719, 55.51914282997927], [12.812713631474793, 55.51698960847301], [12.808599344693155, 55.51483624794669], [12.804485510410807, 55.51268274840032], [12.80037212850774, 55.5105291098833], [12.79625919898396, 55.50837533239561], [12.792146721719458, 55.50622141598662], [12.788034696714238, 55.50406736065635], [12.783923123848297, 55.501913166454116], [12.779812003121638, 55.49975883337993], [12.77570133441426, 55.49760436148311], [12.771591117726164, 55.495449750763655], [12.767481352937352, 55.49329500127087], [12.763372040047829, 55.49114011300476], [12.759419422376665, 55.49122869484418]]]}}, {"type": "Feature", "properties": {"band": "echo", "dbz": 35.0, "source": "OPERA-ORD", "time": "20260906232000"}, "geometry": {"type": "Polygon", "coordinates": [[[10.728891069120806, 55.33917708457433], [10.721011693229133, 55.339223578726994], [10.715122178714111, 55.340380997089405], [10.711222525575735, 55.34264933966158], [10.709312762745693, 55.34602898356548], [10.709392890223983, 55.350519928801134], [10.707482249117346, 55.35389945022153], [10.703580839425783, 55.35616754782668], [10.69967898554996, 55.358435521260866], [10.695776687489882, 55.3607033705241], [10.691873945111107, 55.36297109557102], [10.687970758413634, 55.365238696401626], [10.684067127263008, 55.36750617297054], [10.680163051659227, 55.36977352527776], [10.678249358816412, 55.37315267790697], [10.678326048734569, 55.37764363085819], [10.680355668010193, 55.381000902131674], [10.68433821664329, 55.38322449172745], [10.690273666885039, 55.38431402199611], [10.698162018735438, 55.384269492937676], [10.706050353784399, 55.38422445791859], [10.71393867203192, 55.384178916938886], [10.721826973100626, 55.38413287000202], [10.729715256990513, 55.38408631710797], [10.73760352332421, 55.384039258260316], [10.74549177210172, 55.38399169345905], [10.751386542116347, 55.38283310734418], [10.755287833368092, 55.38056349991572], [10.757195676431468, 55.37718324880143], [10.757110071306482, 55.3726923540013], [10.757024489061916, 55.36820145674243], [10.756938929697778, 55.36371055702483], [10.756853393196158, 55.35921965483437], [10.756767879557056, 55.354728750171034], [10.754733479428172, 55.351372639475194], [10.750750192809504, 55.349151322746835], [10.746767352403621, 55.34692987600526], [10.742784958210526, 55.34470829925047], [10.738803010102146, 55.342486592529305], [10.734821508078475, 55.34026475584177], [10.728891069120806, 55.33917708457433]]]}}, {"type": "Feature", "properties": {"band": "echo", "dbz": 35.0, "source": "OPERA-ORD", "time": "20260906232000"}, "geometry": {"type": "Polygon", "coordinates": [[[10.636037871674628, 55.322850349720696], [10.632135429688685, 55.32511618748312], [10.628232544207066, 55.32738190088138], [10.624329215229768, 55.32964748991549], [10.620425442623006, 55.33191295454009], [10.616521226386784, 55.33417829475518], [10.614603822625911, 55.337556472108595], [10.614673231340388, 55.34204748660032], [10.612754948117821, 55.34542554073185], [10.60884897295821, 55.34769063450319], [10.604942553664436, 55.349955603747276], [10.6010356902365, 55.352220448464124], [10.599116109332929, 55.355598378050594], [10.599183810953722, 55.360089392506694], [10.599251530675762, 55.36458040452018], [10.599319268499048, 55.369071414091046], [10.601341765343363, 55.37242999520653], [10.60531902120871, 55.37465614786665], [10.611251011569296, 55.37574949450589], [10.619137736425122, 55.37571003512424], [10.62702444637867, 55.375670069893616], [10.634911141429939, 55.37562959881401], [10.64080787854449, 55.37447631190243], [10.644714657722318, 55.372210209158894], [10.646631505032737, 55.36883166813885], [10.646558420475738, 55.364340688842304], [10.646485355448512, 55.359849707094796], [10.646412309951057, 55.35535872289633], [10.64438720139386, 55.35200078348039], [10.640410029776927, 55.34977588884696], [10.636433304245783, 55.34755086464627], [10.63245702480043, 55.34532571087831], [10.632420976276396, 55.34308021247703], [10.636325158673685, 55.34081436944242], [10.640228897235566, 55.338548402035194], [10.644132191962044, 55.33628231025535], [10.646047375074232, 55.33290376482844], [10.645974446572133, 55.328412765754464], [10.643950759907712, 55.325054807372986], [10.63997631508097, 55.32282988968399], [10.636037871674628, 55.322850349720696]]]}}, {"type": "Feature", "properties": {"band": "echo", "dbz": 35.0, "source": "OPERA-ORD", "time": "20260906232000"}, "geometry": {"type": "Polygon", "coordinates": [[[10.460256305264132, 55.277598758088494], [10.452388883912691, 55.27762801888436], [10.444521451903338, 55.277656775204015], [10.436654009236069, 55.277685027047475], [10.4307653937331, 55.278828814065186], [10.426855605394433, 55.281088136257154], [10.424924661560238, 55.28446337007487], [10.424972562230517, 55.28895451551833], [10.42502047568301, 55.29344565843093], [10.425068401917718, 55.297936798812685], [10.425116340944633, 55.30242793667774], [10.425164292763753, 55.30691907202609], [10.425212257385084, 55.31141020487193], [10.425260234808626, 55.31590133521526], [10.427265306437906, 55.3192627995901], [10.431227472272928, 55.32149459799645], [10.43714671491459, 55.32259635346683], [10.445023034362888, 55.322568066001246], [10.45091738205538, 55.32142388289964], [10.454829757992064, 55.31916380416202], [10.458741690339314, 55.316903600386205], [10.462653179097135, 55.314643271572194], [10.466590878263176, 55.314628372050734], [10.470554787837441, 55.3168589018218], [10.474519142459808, 55.31908930279758], [10.478483942130275, 55.32131957497808], [10.48440446846018, 55.322419052005586], [10.49228072144952, 55.322387733880134], [10.500156962611582, 55.32235591064935], [10.508033191946366, 55.32232358231322], [10.513925694055803, 55.321176376459604], [10.517834468939899, 55.3189142930885], [10.521742800352564, 55.31665208493407], [10.525650688293798, 55.31438975199633], [10.531541833581725, 55.31324141548633], [10.539416236216345, 55.31320707540406], [10.545306487637225, 55.31205836386663], [10.54921258784436, 55.30979528087404], [10.55113455894234, 55.30641820326275], [10.551072400931165, 55.301927131032755], [10.54905808066366, 55.29856759587351], [10.545091598139823, 55.296339597785], [10.539172931277172, 55.29524276012868], [10.531302080075704, 55.29527708290455], [10.525384295071946, 55.29417986175136], [10.521419576265899, 55.29195109666913], [10.517455301855568, 55.28972220268902], [10.513491471840958, 55.287493179811015], [10.507574993680183, 55.28639481625153], [10.499705867373251, 55.28642711201054], [10.491836729277235, 55.28645890317316], [10.48396757939214, 55.28649018973938], [10.478052408836511, 55.28539068419503], [10.474091217610352, 55.283160386540104], [10.470130470482918, 55.28092996020712], [10.466170167454207, 55.278699405196086], [10.460256305264132, 55.277598758088494]]]}}, {"type": "Feature", "properties": {"band": "echo", "dbz": 35.0, "source": "OPERA-ORD", "time": "20260906232000"}, "geometry": {"type": "Polygon", "coordinates": [[[11.278949755492974, 55.28976310256398], [11.271080928116092, 55.28984486038836], [11.265214790461062, 55.291028594042345], [11.261351342527885, 55.293314303525946], [11.257487453161183, 55.29559989127211], [11.253623122360954, 55.29788535728085], [11.247755596528837, 55.29906797020907], [11.23988487566483, 55.299147730056774], [11.232014125391657, 55.299226985251245], [11.224143345709324, 55.29930573579248], [11.216272536991944, 55.29938398167452], [11.20840169923952, 55.299461722897355], [11.202532298838504, 55.30064246253376], [11.198664335788893, 55.30292620058373], [11.196797858648258, 55.30631331353774], [11.196932867416601, 55.31080380139582], [11.199002745342622, 55.31415241052785], [11.203007492426321, 55.31635914093384], [11.208947060061188, 55.317423615925556], [11.216821448247222, 55.31734583550302], [11.222692574834232, 55.316164699682915], [11.22656043982222, 55.313880208465264], [11.230427862832727, 55.31159559533181], [11.234294843865746, 55.30931086028255], [11.238231550231113, 55.30927121770067], [11.242237981928824, 55.31147666758615], [11.24624485948351, 55.31368198556258], [11.25025218289517, 55.31588717162997], [11.256192950323753, 55.31694935972992], [11.264067161769253, 55.316868549862434], [11.26993682352322, 55.31568515714833], [11.273801935585656, 55.31339918158763], [11.277666605781043, 55.31111308430225], [11.281530834109383, 55.30882686529221], [11.285394620706878, 55.30654052460208], [11.289257965573531, 55.30425406223185], [11.291116847113646, 55.30086564473061], [11.290971265327219, 55.29637527209834], [11.288894898120859, 55.2930281202496], [11.284887745494563, 55.29082418918439], [11.278949755492974, 55.28976310256398]]]}}, {"type": "Feature", "properties": {"band": "echo", "dbz": 35.0, "source": "OPERA-ORD", "time": "20260906232000"}, "geometry": {"type": "Polygon", "coordinates": [[[10.114133524017529, 55.29637391297537], [10.106262258160395, 55.29638097962642], [10.100361470859786, 55.297508897148674], [10.096431162115701, 55.29975766554213], [10.09447133593362, 55.30312766150902], [10.09448199231354, 55.30761888504936], [10.09645869109367, 55.31098572360109], [10.100401432274012, 55.31322817716425], [10.106310211844944, 55.314345868838586], [10.114185029806466, 55.31433879862412], [10.12008758870241, 55.31321050251944], [10.124017888532773, 55.31096098052452], [10.12597593420597, 55.307590609538615], [10.125961725721998, 55.30309938956171], [10.123983255346532, 55.299732929592395], [10.120040523079574, 55.2974912296307], [10.114133524017529, 55.29637391297537]]]}}, {"type": "Feature", "properties": {"band": "echo", "dbz": 35.0, "source": "OPERA-ORD", "time": "20260906232000"}, "geometry": {"type": "Polygon", "coordinates": [[[10.208259780896768, 55.233372542865624], [10.200400962303195, 55.233385643501755], [10.194512152771408, 55.234518092336025], [10.190593352301404, 55.23676988936843], [10.188644568673425, 55.24014141055407], [10.188665801887474, 55.24463265589295], [10.186716136681056, 55.24800405066003], [10.182795573054177, 55.2502555948553], [10.178874567122982, 55.252507013106154], [10.174953118887476, 55.25475830541258], [10.17300213705149, 55.25812957054622], [10.17302162161503, 55.262620808507094], [10.173041111374303, 55.26711204391577], [10.173060606329313, 55.27160327677227], [10.173080106484116, 55.27609450709077], [10.173099611838714, 55.28058573487129], [10.17508160836043, 55.28395131620073], [10.179026096049263, 55.28619125107909], [10.182971027555727, 55.2884310584399], [10.18691640287982, 55.290670738283154], [10.188899741170573, 55.2940361855989], [10.188921042427985, 55.29852740038713], [10.190905271395527, 55.301892718110075], [10.1948524280732, 55.30413213876773], [10.200762504635676, 55.30524528557214], [10.20863550108296, 55.30523215852332], [10.216508492469128, 55.30521852659282], [10.224381478794186, 55.30520438978065], [10.232254459683253, 55.305189748087855], [10.240127435136326, 55.305174601514445], [10.248000404778534, 55.305158950061575], [10.255873368609873, 55.305142793729246], [10.263746326255472, 55.30512613251867], [10.271619277715335, 55.30510896642985], [10.279492222614588, 55.305091295464095], [10.287365160953232, 55.30507311962139], [10.29523809235641, 55.30505443890313], [10.303111016824115, 55.3050352533093], [10.309024588774665, 55.30614346877795], [10.312978808208058, 55.308379085309056], [10.31693347224205, 55.3106145737102], [10.320888580876641, 55.31284993398137], [10.32680347063592, 55.31395700890014], [10.334678141519884, 55.313935798466495], [10.340574369670634, 55.31279691057124], [10.344492155088169, 55.31054034521437], [10.34447305777406, 55.308294761815404], [10.340517077728313, 55.30606016037434], [10.336561542196925, 55.30382543072241], [10.332606451179903, 55.301590572859624], [10.332587364056467, 55.29934498696039], [10.336504280826624, 55.29708867302471], [10.340420754384253, 55.29483223364176], [10.344336784729352, 55.29257566881156], [10.34627528454223, 55.28920179810265], [10.346236253822886, 55.28471062151505], [10.344240094943647, 55.281347724574154], [10.34028680790452, 55.279113107279954], [10.334376378915376, 55.27800639316567], [10.326508807976222, 55.27802758223129], [10.32059926212596, 55.27692048644565], [10.316647741364593, 55.27468510580873], [10.3126966642557, 55.2724495971576], [10.308746030799282, 55.270213960492285], [10.304795840866166, 55.267978195858944], [10.300846094456354, 55.26574230325758], [10.296896791440691, 55.263506282734355], [10.29294793181918, 55.26127013428926], [10.288999515462677, 55.25903385796845], [10.285051542371185, 55.256797453771895], [10.28110401241558, 55.25456092174572], [10.277156925595861, 55.252324261889925], [10.271252225875955, 55.251214502047084], [10.263389913255859, 55.2512316422172], [10.255527594479947, 55.25124827827135], [10.247665269548216, 55.25126441020953], [10.239802938833726, 55.251280038030536], [10.23194060233648, 55.25129516173438], [10.226037652433508, 55.250183506750886], [10.222094089124816, 55.24794507308007], [10.220109921465449, 55.24458023687136], [10.220085149455407, 55.24008899812476], [10.218101870136179, 55.236724032200485], [10.214160083507762, 55.234485339098526], [10.208259780896768, 55.233372542865624]]]}}, {"type": "Feature", "properties": {"band": "echo", "dbz": 35.0, "source": "OPERA-ORD", "time": "20260906232000"}, "geometry": {"type": "Polygon", "coordinates": [[[10.39731664425677, 55.27781871907536], [10.38944914212882, 55.27784394403659], [10.383559152501562, 55.278985465750665], [10.379646675374996, 55.28124328421759], [10.377711726183659, 55.28461777589734], [10.377754304927548, 55.28910894078992], [10.379754009234233, 55.29247119336995], [10.383710839103715, 55.29470453363742], [10.389624779085828, 55.295808584934605], [10.39749582918057, 55.295783347261505], [10.403387576900359, 55.294641442634415], [10.407300022245193, 55.29238287105335], [10.409233181562438, 55.28900800917246], [10.409187054852094, 55.284516856991736], [10.407185592452876, 55.28115498732472], [10.40322879436479, 55.27892240017141], [10.39731664425677, 55.27781871907536]]]}}, {"type": "Feature", "properties": {"band": "echo", "dbz": 35.0, "source": "OPERA-ORD", "time": "20260906232000"}, "geometry": {"type": "Polygon", "coordinates": [[[10.066860665684946, 55.269461311554906], [10.058994708549893, 55.26946534659439], [10.053096569571878, 55.27059099518369], [10.0491662487509, 55.27283825732281], [10.047203748178362, 55.2762075093977], [10.047209067854267, 55.28069875140836], [10.049180434552515, 55.28406636194007], [10.053117848273104, 55.28631034099283], [10.059021306922416, 55.28743031198303], [10.066890810500448, 55.28742627491068], [10.072790720159185, 55.286300248820446], [10.076721035898627, 55.28405223371234], [10.078681760709074, 55.2806826061694], [10.078672894590525, 55.276191366191625], [10.076699757211557, 55.27282413316085], [10.072762348572166, 55.27058090707706], [10.066860665684946, 55.269461311554906]]]}}, {"type": "Feature", "properties": {"band": "echo", "dbz": 35.0, "source": "OPERA-ORD", "time": "20260906232000"}, "geometry": {"type": "Polygon", "coordinates": [[[11.340690422150352, 55.25316831753311], [11.332828927489306, 55.25325402499957], [11.326969982768789, 55.2544407057725], [11.3231135879888, 55.256728359851905], [11.319256752862092, 55.25901589254958], [11.315399477388667, 55.26130330386552], [11.311541761432753, 55.26359059375534], [11.307683604994356, 55.26587776221905], [11.307757588149542, 55.26812294238111], [11.31176371089831, 55.27032613424153], [11.317699321280857, 55.27138535909913], [11.325564419297184, 55.27130061695391], [11.331425570416377, 55.27011428954495], [11.335282774638442, 55.267826376872264], [11.3391395383169, 55.265538342856104], [11.34299586145175, 55.263250187496475], [11.346851744178904, 55.260961910837764], [11.350707186498362, 55.258673512879966], [11.350631473113786, 55.25642835137577], [11.346624604025179, 55.25422642632518], [11.340690422150352, 55.25316831753311]]]}}, {"type": "Feature", "properties": {"band": "echo", "dbz": 35.0, "source": "OPERA-ORD", "time": "20260906232000"}, "geometry": {"type": "Polygon", "coordinates": [[[10.160817385520266, 55.16158316384738], [10.15297265895207, 55.16159322104871], [10.147093075427101, 55.16272340029571], [10.143178634945361, 55.16497370158838], [10.1412293433515, 55.16834450004169], [10.141245200645512, 55.17283579565565], [10.141261062157588, 55.177327088576945], [10.141276927887725, 55.181818378805566], [10.141292797839208, 55.1863096663557], [10.141308672012036, 55.19080095122733], [10.141324550409502, 55.19529223343467], [10.141340433031603, 55.19978351297772], [10.14331573370593, 55.20314964299041], [10.147250452432482, 55.20539062347277], [10.153144583346734, 55.20650607879707], [10.160998126448685, 55.20649600896331], [10.166883427385269, 55.205365450153366], [10.170800486156486, 55.203114402367234], [10.172749309517194, 55.199743241231204], [10.172729897467393, 55.19525196674528], [10.17467784132728, 55.191880679165536], [10.178593141096856, 55.18962937849197], [10.18250800020748, 55.18737795206789], [10.186422418659152, 55.18512639989332], [10.188369050769186, 55.18175498266984], [10.188347896537582, 55.17726370039745], [10.186370414491957, 55.17389819272492], [10.182436604632311, 55.171658459652235], [10.178503235527241, 55.169418599432774], [10.174570307176744, 55.167178612066536], [10.170637819452214, 55.16493849759924], [10.166705772353648, 55.162698256030886], [10.160817385520266, 55.16158316384738]]]}}, {"type": "Feature", "properties": {"band": "echo", "dbz": 35.0, "source": "OPERA-ORD", "time": "20260906232000"}, "geometry": {"type": "Polygon", "coordinates": [[[10.098015481341417, 55.1436842944728], [10.090174251180283, 55.14369032577723], [10.082333018986912, 55.143695854473634], [10.074491784761308, 55.143700880562015], [10.068612617799502, 55.144827291340455], [10.064695518101491, 55.14707508680895], [10.062740488363454, 55.15044464187577], [10.062747528585387, 55.15493595654094], [10.062754570679111, 55.15942726848729], [10.062761614644629, 55.16391857771483], [10.060805268357862, 55.167288001721616], [10.056885531818816, 55.169535540507646], [10.051002402696755, 55.170660818862814], [10.043155880991675, 55.17066383678714], [10.035309358360617, 55.17066635172419], [10.027462834803579, 55.170668363673954], [10.021578382445211, 55.1717925101068], [10.017656001285516, 55.174038791022696], [10.015695692139037, 55.17740758164656], [10.015697455005773, 55.18189888197839], [10.017661289885751, 55.185267041697955], [10.021587196778974, 55.18751206080526], [10.027475174869963, 55.18863356387887], [10.035325224158719, 55.18863155091877], [10.043175272520003, 55.188629034718815], [10.051025319953812, 55.188626015279006], [10.058875366089158, 55.18862249259956], [10.06672541092604, 55.188618466680495], [10.07457545409347, 55.1886139375221], [10.082425495591448, 55.188608905124376], [10.090275535048988, 55.18860336948771], [10.09812557246609, 55.18859733061209], [10.104010013408098, 55.18746979017834], [10.107928857875011, 55.18522074818645], [10.11184726168346, 55.182971580173586], [10.115765224833446, 55.18072228613973], [10.119682747454956, 55.17847286613038], [10.123599829547995, 55.17622332014553], [10.123593220575746, 55.17397767212425], [10.119662920538211, 55.171735922066546], [10.11573306116282, 55.16949404511444], [10.111803642449576, 55.16725204126793], [10.10983276963455, 55.1638853868124], [10.109820442717742, 55.159394081747855], [10.109808119076558, 55.15490277396337], [10.109795798710994, 55.15041146345896], [10.107826253001656, 55.1470446758602], [10.103899481948542, 55.14480241116712], [10.098015481341417, 55.1436842944728]]]}}, {"type": "Feature", "properties": {"band": "echo", "dbz": 35.0, "source": "OPERA-ORD", "time": "20260906232000"}, "geometry": {"type": "Polygon", "coordinates": [[[7.467236689496777, 55.07255208330881], [7.459413873737649, 55.07238954794129], [7.451591117601451, 55.07222651158189], [7.443768421088186, 55.07206297423061], [7.435945784562536, 55.0718989358996], [7.428123208024504, 55.071734396588866], [7.420300691838733, 55.07156935631066], [7.412478236005224, 55.071403815065], [7.406538709936038, 55.072401443527255], [7.402482113631175, 55.07456224169743], [7.4023371171821895, 55.076806195665135], [7.406103720589084, 55.079133305430375], [7.411899123649477, 55.080379651630174], [7.419723326363367, 55.080545234264534], [7.425519629369478, 55.08179122441702], [7.42928803266781, 55.08411762208761], [7.431028433740982, 55.08752480031115], [7.430740832588995, 55.09201275908763], [7.432482065724384, 55.095419829812144], [7.436252133147148, 55.09774601248471], [7.44002263391803, 55.100072079164434], [7.443793568037032, 55.10239802985133], [7.445535957036931, 55.10580499774422], [7.445249800917729, 55.11029298284311], [7.446993023144369, 55.11369984309743], [7.450765623716853, 55.116025578507156], [7.456567704428923, 55.117269815605574], [7.46439926528058, 55.117432554392686], [7.470202247543783, 55.118676434732755], [7.473976651218533, 55.1210014566258], [7.477751488934244, 55.123326362313094], [7.481526760690917, 55.12565115179464], [7.485443068151231, 55.125731778832346], [7.489500411315189, 55.12356824342618], [7.491669609819864, 55.120242425913304], [7.491950663665257, 55.115754326293725], [7.4941189452159875, 55.11242836053387], [7.498174454472055, 55.11026452863376], [7.502229522175712, 55.10810056042148], [7.506284148326959, 55.10593645589701], [7.510338333043218, 55.103772215108215], [7.514392076324488, 55.10160783805509], [7.51844537828819, 55.099443324785454], [7.522498238934324, 55.097278675299314], [7.522637267647845, 55.09503458639746], [7.5188624644287545, 55.092711058079885], [7.515088094569291, 55.09038741347801], [7.511314158069453, 55.08806365259184], [7.507540654791124, 55.08573977546395], [7.5037675847343035, 55.08341578209435], [7.4979686499950535, 55.08217349967585], [7.4901438505733715, 55.08201292820843], [7.484345815228012, 55.080770289086395], [7.480574543958975, 55.07844558230976], [7.476803705587427, 55.07612075943922], [7.473033300113369, 55.07379582047478], [7.467236689496777, 55.07255208330881]]]}}, {"type": "Feature", "properties": {"band": "echo", "dbz": 35.0, "source": "OPERA-ORD", "time": "20260906232000"}, "geometry": {"type": "Polygon", "coordinates": [[[11.584274000632451, 54.999814787836215], [11.580456483142118, 55.00211053927589], [11.576638532433298, 55.004406171097955], [11.572820148505997, 55.0067016833024], [11.56700442880537, 55.007899512177104], [11.559191373331425, 55.00799965772207], [11.55137828154461, 55.00809930278345], [11.543565153444922, 55.00819844736125], [11.537662542923862, 55.007150067427624], [11.533670449981425, 55.004954162982564], [11.529678795119906, 55.0027581264902], [11.525687578339307, 55.00056195795053], [11.519786205809982, 54.99951243286301], [11.511974677531933, 54.99960955122762], [11.506157886406289, 55.00080476597605], [11.502335832433044, 55.003098077108284], [11.498513345048432, 55.00539126831034], [11.49469042425245, 55.007684339582234], [11.488872258194847, 55.00887844549992], [11.481058846875627, 55.00897358606339], [11.475239794051731, 55.01016732765369], [11.471415099723162, 55.012459670270815], [11.471497583818522, 55.0147048112965], [11.475487246337812, 55.01690275073071], [11.479477347250807, 55.01910055828899], [11.483467886557506, 55.02129823397132], [11.485546142173444, 55.024642202073736], [11.48571211409862, 55.029132462596216], [11.487791266646251, 55.03247629120945], [11.491783599816337, 55.03467368791345], [11.497689054388912, 55.03572427945376], [11.50550763036398, 55.03562806583038], [11.513326171033814, 55.03553135132699], [11.52114467639842, 55.035434135943575], [11.528963146092721, 55.03533641968734], [11.536781580116717, 55.03523820255831], [11.542688658953928, 55.03628689072657], [11.546684382604354, 55.038482484192116], [11.550680545274677, 55.040677945423724], [11.554677146964895, 55.042873274421396], [11.560585465589359, 55.0439208161132], [11.568405501148067, 55.04382057049915], [11.57422636245178, 55.042622672908706], [11.578048049500502, 55.04032712334188], [11.58186930241465, 55.038031454060295], [11.585690121194228, 55.035735665063946], [11.589599647007168, 55.03568479715029], [11.59359787985347, 55.03787885031932], [11.59759655174808, 55.040072771067415], [11.601595662690999, 55.04226655939454], [11.607505124461358, 55.04331182784678], [11.615324937059155, 55.04320857642411], [11.621144320865094, 55.04200844373534], [11.624963275879175, 55.03971142978048], [11.628781796876531, 55.03741429629878], [11.63259988385716, 55.03511704329023], [11.636417536955442, 55.032819670798254], [11.640234756171376, 55.030522178822864], [11.640143457130188, 55.02827716873648], [11.63614363983188, 55.02608464053909], [11.632144261255743, 55.02389197981192], [11.628145321401774, 55.02169918655498], [11.626055060878915, 55.01835776839466], [11.625873479687163, 55.01386772533095], [11.623784117646656, 55.010526166556204], [11.61978697475739, 55.00833309207042], [11.613881986699027, 55.00728812900588], [11.606069153471568, 55.00739127736258], [11.60016502061327, 55.00634592526091], [11.596169588124134, 55.004152072700876], [11.59217459375408, 55.001958087844734], [11.588180037503104, 54.99976397069249], [11.584274000632451, 54.999814787836215]]]}}, {"type": "Feature", "properties": {"band": "echo", "dbz": 35.0, "source": "OPERA-ORD", "time": "20260906232000"}, "geometry": {"type": "Polygon", "coordinates": [[[13.157029898094786, 54.941120931400135], [13.149234994385953, 54.941322870201255], [13.143476159782125, 54.94259573481165], [13.139753394283304, 54.94493952523133], [13.136030200848985, 54.94728320233355], [13.132306579479172, 54.94962676611832], [13.12858253003519, 54.951970216544176], [13.12485805251704, 54.95431355361111], [13.121133146786025, 54.95665677727763], [13.117407812842146, 54.95899988754373], [13.111645744145841, 54.96027096500861], [13.10384694069711, 54.960470009672264], [13.098083974311722, 54.96174073648538], [13.094356844989674, 54.96408314544797], [13.09266567513355, 54.96749760769769], [13.093010464743351, 54.971984123234535], [13.093355345469025, 54.976470634492756], [13.093700317310567, 54.980957141472345], [13.095910108924128, 54.98427240906108], [13.099984720309706, 54.98641643725893], [13.105924028846667, 54.987388854633274], [13.113728034535013, 54.987189661184104], [13.11949386683014, 54.985918478454145], [13.12322152573205, 54.9835753064434], [13.124911134726423, 54.98016051655688], [13.124562693813258, 54.97567410879459], [13.126251486459923, 54.97225921577004], [13.129977512666414, 54.9699158374832], [13.135740648709522, 54.96864360273615], [13.14354089458924, 54.968442511528906], [13.149303132265814, 54.96716992631698], [13.153027361739245, 54.964825847100364], [13.156751162881523, 54.9624816545868], [13.160474535692657, 54.960137348776286], [13.164197480311545, 54.957792929710294], [13.167919996738185, 54.955448397388814], [13.169604713100867, 54.95203298960949], [13.169251629399584, 54.94754670637232], [13.167038153149008, 54.9442326640652], [13.162964284349137, 54.94209086268812], [13.157029898094786, 54.941120931400135]]]}}, {"type": "Feature", "properties": {"band": "echo", "dbz": 35.0, "source": "OPERA-ORD", "time": "20260906232000"}, "geometry": {"type": "Polygon", "coordinates": [[[10.347452793092653, 54.97255599280111], [10.33964498116341, 54.97257800253867], [10.333798263071571, 54.973717165978655], [10.329912638817138, 54.97597348312109], [10.32798812157045, 54.97934732686241], [10.328024711331498, 54.98383869720263], [10.330004984362006, 54.98720190632368], [10.33392894066197, 54.98943695422557], [10.33979656704782, 54.99054346781761], [10.347607863519556, 54.9905214470998], [10.35345631026894, 54.98938190517765], [10.357341907295972, 54.98712484205114], [10.359264668657877, 54.98375063080791], [10.359224594354659, 54.97925927144796], [10.357242592666607, 54.97589644080907], [10.35331866359372, 54.97366213889125], [10.347452793092653, 54.97255599280111]]]}}, {"type": "Feature", "properties": {"band": "echo", "dbz": 35.0, "source": "OPERA-ORD", "time": "20260906232000"}, "geometry": {"type": "Polygon", "coordinates": [[[12.000008983900322, 54.91170508394448], [11.992215624639579, 54.9118329311611], [11.986425692047302, 54.91305099327651], [11.982639186123492, 54.91535927029068], [11.980856185153264, 54.918758133744255], [11.981076689136623, 54.92324758363721], [11.979292853759333, 54.926646335381484], [11.975504679021391, 54.928954388977075], [11.971716073808402, 54.93126232472338], [11.967927038120363, 54.933570142620404], [11.968036943843531, 54.93581487004715], [11.972045790977909, 54.93799650700363], [11.977949540689027, 54.939023853516915], [11.985748192976887, 54.938896909586994], [11.991652790200371, 54.93992386486744], [11.995663332359479, 54.942104719358234], [11.999674311440103, 54.944285440129526], [12.003685727442244, 54.946466027181316], [12.007585417863414, 54.94640179815963], [12.011373382703614, 54.94409275306446], [12.013155261738495, 54.94069354461508], [12.012931054968053, 54.936204172811486], [12.014712099310529, 54.9328048528685], [12.018498394765922, 54.93049558478612], [12.022284259873933, 54.92818619904106], [12.026069694634561, 54.92587669563329], [12.025957246660806, 54.92363201234678], [12.021946915952666, 54.92145214918151], [12.017937021597515, 54.919272152283824], [12.013927563595356, 54.91709202165371], [12.009918541828382, 54.91491175733803], [12.005909956296591, 54.91273135933679], [12.000008983900322, 54.91170508394448]]]}}, {"type": "Feature", "properties": {"band": "echo", "dbz": 35.0, "source": "OPERA-ORD", "time": "20260906232000"}, "geometry": {"type": "Polygon", "coordinates": [[[10.96944299675781, 54.86139096229794], [10.961657225644544, 54.861452799686404], [10.955844276959848, 54.86262175150836], [10.952004150703724, 54.86489781776378], [10.950136884417114, 54.8682813699284], [10.950242478100023, 54.872772408002206], [10.952269000076448, 54.87612540536112], [10.95621645034639, 54.87834036200515], [10.962084791331508, 54.87941690626577], [10.969874023031796, 54.879355038142975], [10.97568866401815, 54.87818569938601], [10.97952871429057, 54.875908889994875], [10.981394212291974, 54.87252498162957], [10.981285158022363, 54.86803397429009], [10.979256943744279, 54.86468136386619], [10.975309569457721, 54.862467150357865], [10.96944299675781, 54.86139096229794]]]}}, {"type": "Feature", "properties": {"band": "echo", "dbz": 35.0, "source": "OPERA-ORD", "time": "20260906232000"}, "geometry": {"type": "Polygon", "coordinates": [[[11.014804632894078, 54.80711748809948], [11.007029358291504, 54.80718222056258], [11.001225491432741, 54.808353342427985], [10.997393032317783, 54.8106308536957], [10.995532020138786, 54.81401512520212], [10.995642454895748, 54.81850615694724], [10.995752918742573, 54.822997185311806], [10.995863411679258, 54.82748821029582], [10.997891413546931, 54.830840469437334], [11.001836924345596, 54.83305396273633], [11.00572672946626, 54.83302182550433], [11.009560828908926, 54.83074405774131], [11.013394498383926, 54.82846616861634], [11.01722773789126, 54.82618815812941], [11.021060547560618, 54.82391002632404], [11.024892927391999, 54.82163177320026], [11.026752175205408, 54.8182471468236], [11.026638291000843, 54.813756147194084], [11.02460907922276, 54.810404266001484], [11.020664539871163, 54.80819150324577], [11.014804632894078, 54.80711748809948]]]}}, {"type": "Feature", "properties": {"band": "echo", "dbz": 35.0, "source": "OPERA-ORD", "time": "20260906232000"}, "geometry": {"type": "Polygon", "coordinates": [[[5.753672811400538, 54.6740345951297], [5.745934742583036, 54.673762663689565], [5.740013543020355, 54.674679107761484], [5.735909212712493, 54.67678392734547], [5.73362158641659, 54.68007748885526], [5.733150664132646, 54.68455979229086], [5.7308621205767, 54.68785319213282], [5.726755955748753, 54.68995768838114], [5.7226493596566135, 54.69206204264637], [5.718542332300281, 54.694166254928504], [5.716252260703805, 54.697459467355], [5.715779144867187, 54.701941679925845], [5.71530590503524, 54.70642388665098], [5.714832541207964, 54.710906087530404], [5.712540939891583, 54.71419911238768], [5.708431101086097, 54.71630296122282], [5.704320830356244, 54.71840666790586], [5.700210127702027, 54.7205102324368], [5.699972834117447, 54.722751307192375], [5.703608949602504, 54.72512989217258], [5.707245484139303, 54.72750836888076], [5.710882437727844, 54.729886737316924], [5.714519810507809, 54.73226499744152], [5.718157602479199, 54.734643149254545], [5.7220320165288685, 54.73478007592697], [5.72614305265682, 54.73267577745878], [5.73025365649865, 54.730571336874206], [5.734363828054363, 54.728466754173255], [5.740293048656361, 54.72755062989806], [5.748041318304645, 54.727822964048634], [5.753969729712314, 54.72690643335547], [5.758078282879369, 54.72480103781856], [5.762186403955404, 54.722695500321926], [5.766294092940422, 54.72058982086556], [5.772221414998306, 54.719672124518425], [5.7799683701290565, 54.71994241128049], [5.785894882944467, 54.71902430884307], [5.790000953444538, 54.71691781720615], [5.7941065920491805, 54.714811183766074], [5.798211798758396, 54.71270440852282], [5.802316573677526, 54.71059749152456], [5.806420916806573, 54.70849043277129], [5.808704545417768, 54.70519559648024], [5.809167459511114, 54.7007129826514], [5.807579052419003, 54.6972839313015], [5.803939324141434, 54.694908442430524], [5.798248437563098, 54.6935861493037], [5.790506392683994, 54.69331705192102], [5.78481639757384, 54.691994419488296], [5.781178452232636, 54.68961825200554], [5.777540925246351, 54.68724197605819], [5.773903816614984, 54.68486559164625], [5.770267126199555, 54.682489098809256], [5.766630854000063, 54.6801124975472], [5.76299499987756, 54.67773578789957], [5.759359563832046, 54.675358969866366], [5.753672811400538, 54.6740345951297]]]}}, {"type": "Feature", "properties": {"band": "echo", "dbz": 35.0, "source": "OPERA-ORD", "time": "20260906232000"}, "geometry": {"type": "Polygon", "coordinates": [[[10.98217903318585, 54.744498390534446], [10.974415711837985, 54.744561022939116], [10.968619849901966, 54.74573058989576], [10.964791447377793, 54.74800709140438], [10.962930542032293, 54.75139089759425], [10.963037133865463, 54.75588200846536], [10.963143753728803, 54.760373115865825], [10.963250401622313, 54.764864219795626], [10.963357077567554, 54.769355320268836], [10.963463781564533, 54.773846417285455], [10.965486378193521, 54.77719925169657], [10.969424867454517, 54.779413823502175], [10.97336378850152, 54.781628266226356], [10.977303141334524, 54.783842579869116], [10.981242926074618, 54.786056764385], [10.985183142721803, 54.78827081977403], [10.99103918852549, 54.78934599487236], [10.998811063485675, 54.78928228968], [11.004611969125987, 54.788111564685835], [11.008441905446425, 54.78583381988986], [11.01030091180564, 54.78244942590627], [11.010188988203632, 54.77795838273507], [11.008162956989429, 54.77460620397764], [11.00422281816303, 54.77239288963398], [11.000283110924919, 54.770179446115314], [10.9963438352751, 54.76796587342166], [10.99628834754895, 54.76572034266083], [11.00011664774647, 54.76344285383281], [11.0039445196514, 54.76116524380049], [11.007771963263739, 54.758887512563874], [11.00771650470822, 54.75664197832886], [11.003778143984842, 54.754428641095444], [10.999840214395865, 54.75221517474583], [10.995902715941291, 54.75000157928001], [10.99196564850045, 54.74778785474335], [10.988029012073339, 54.74557400113586], [10.98217903318585, 54.744498390534446]]]}}, {"type": "Feature", "properties": {"band": "echo", "dbz": 35.0, "source": "OPERA-ORD", "time": "20260906232000"}, "geometry": {"type": "Polygon", "coordinates": [[[7.868972572895907, 54.58595564805517], [7.861241919944859, 54.58581904366474], [7.855384778261519, 54.586838741220966], [7.851401147845887, 54.58901474072384], [7.849290945786096, 54.59234740987543], [7.849054172082149, 54.59683674867574], [7.85081006348922, 54.60023810463401], [7.854558620007311, 54.60255147775024], [7.858307598454449, 54.60486473457848], [7.8620569988306315, 54.607177875118715], [7.861938944293633, 54.6094225466758], [7.857953434843453, 54.61159874924974], [7.852092851935794, 54.612618003034214], [7.844357195570658, 54.61248030802925], [7.838615144700771, 54.61125452869214], [7.834866699326135, 54.6089406650229], [7.831118675926231, 54.60662668514594], [7.827371074501059, 54.60431258906126], [7.823623894919157, 54.60199837681051], [7.819877137180526, 54.5996840483937], [7.816130801153729, 54.597369603852464], [7.812384886838767, 54.59505504318681], [7.80851845771198, 54.594984984482906], [7.80453151377337, 54.59715942774074], [7.800544141493792, 54.599333737629735], [7.796556340873245, 54.60150791414988], [7.792568111797866, 54.60368195725509], [7.788579454267654, 54.60585586694537], [7.786463211798586, 54.609187414002434], [7.786219384390664, 54.61367659842629], [7.787970736381698, 54.61707884541897], [7.791717267771688, 54.61939415498051], [7.795464221358563, 54.62170934845331], [7.799211597142325, 54.62402442583739], [7.802959395254737, 54.62633938709109], [7.8067076156957995, 54.628654232214416], [7.810576596909859, 54.62872434269411], [7.814566338896913, 54.62654971853019], [7.818555651873485, 54.62437496096311], [7.822544535839573, 54.622200069992864], [7.826413566780658, 54.62226968546612], [7.8301627446967395, 54.62458380738287], [7.833912345027836, 54.62689781304715], [7.837662367773949, 54.629211702458974], [7.841412813066769, 54.63152547557658], [7.8451636809062935, 54.63383913239997], [7.84692041764007, 54.63724060932193], [7.8466830232681, 54.641729906342434], [7.848440577762128, 54.64513127333639], [7.852193081122153, 54.647444710303795], [7.857940616664944, 54.64866984884584], [7.865683184390498, 54.64880668896254], [7.8714315936772685, 54.6500314718381], [7.875185844525257, 54.65234419747251], [7.878940518578781, 54.65465680660378], [7.882695615837842, 54.6569692992319], [7.886451136434282, 54.65928167531503], [7.890207080368101, 54.66159393485315], [7.890090360799259, 54.663838615178285], [7.8861009777277555, 54.66601571629043], [7.8822283415972425, 54.665948014214486], [7.878472452407718, 54.66363550895046], [7.874716986644733, 54.66132288716075], [7.870961944308288, 54.65901014884535], [7.8652122864411025, 54.65778534275532], [7.857468013043177, 54.657648468890656], [7.849723788630307, 54.65751109956817], [7.841979613202493, 54.657373234787826], [7.836111654943526, 54.658391961487645], [7.832119913853408, 54.66056727966763], [7.832000634437578, 54.66281190934347], [7.835753816696037, 54.66512585051517], [7.84150334878267, 54.66635177049625], [7.849249230697476, 54.6664896692867], [7.854999637568783, 54.66771523357065], [7.8587545693965914, 54.67002846334811], [7.862509924829232, 54.67234157663855], [7.866265703866704, 54.674654573441984], [7.872017485806024, 54.6758790468396], [7.879765270647192, 54.676014996831405], [7.8855179276073075, 54.67723911419853], [7.889275456686372, 54.67955139894098], [7.88915861464617, 54.681796071119955], [7.885167401486701, 54.68397313073545], [7.879297048271736, 54.68499366876803], [7.8715475550012775, 54.68485768521769], [7.8637981104797445, 54.684721205833505], [7.856048714707139, 54.68458423061546], [7.8501771741106765, 54.685603626739166], [7.846183488690357, 54.687779394204625], [7.84406757482168, 54.691111901831356], [7.843829432504644, 54.69560114961937], [7.845588987703506, 54.69900253068479], [7.849346240418266, 54.70131604502761], [7.85510127435591, 54.7025413236382], [7.862854089516437, 54.70267836651655], [7.870606953503467, 54.702814913316644], [7.878359866316998, 54.702950964038486], [7.884116277623322, 54.704175150759085], [7.88787618742244, 54.70648747347843], [7.8916365217985245, 54.70879967949789], [7.895397280751577, 54.71111176881747], [7.899274237486675, 54.71117905835288], [7.903267392003819, 54.70900154810414], [7.907260115506248, 54.706823904532264], [7.911252407993961, 54.70464612763725], [7.915129412690512, 54.70471292100866], [7.918891129595904, 54.7070242846465], [7.920657070853559, 54.71042466601287], [7.920427236463477, 54.714914065107756], [7.922194000279663, 54.71831433586767], [7.925957362302116, 54.72062547829261], [7.929721149341409, 54.72293650383016], [7.933485361397544, 54.72524741248033], [7.9333707819504475, 54.72749211427312], [7.92937741100012, 54.72967060920854], [7.925498646416278, 54.72960427923631], [7.921734488198925, 54.727293124356436], [7.917970755088302, 54.72498185260852], [7.914207447084409, 54.72267046399257], [7.908447528366332, 54.72144770337705], [7.90069099893407, 54.72131357076195], [7.892934517697643, 54.7211789418042], [7.885178084657054, 54.72104381650378], [7.877421700166516, 54.720908194870546], [7.86966536422603, 54.720772076904495], [7.8637889215071155, 54.721792116193996], [7.85979237200977, 54.723968312739025], [7.857675632450589, 54.727301035781345], [7.857438702829572, 54.731790285320955], [7.859200904595193, 54.735191453512556], [7.862962237747453, 54.73750454035617], [7.866841666130918, 54.73757287283421], [7.870839189745588, 54.735396450946666], [7.874836281657309, 54.7332198955189], [7.878832941866082, 54.73104320655092], [7.88271241903489, 54.731111042517405], [7.886474713163735, 54.73342340341836], [7.888239047434891, 54.73682423832451], [7.88800542184836, 54.74131354723584], [7.889770579375757, 54.74471427173779], [7.89353452001708, 54.74702641183037], [7.899297325996258, 54.748249597950604], [7.907058997313291, 54.7483838300985], [7.9129378406784, 54.747361975597634], [7.916933856091589, 54.745184034448016], [7.920929439588319, 54.74300595990966], [7.9249245911685895, 54.74082775198258], [7.9288050698280355, 54.74089411476484], [7.9325708755666575, 54.74320504825644], [7.932456175684401, 54.745449742148764], [7.928460970181268, 54.74762819644181], [7.9244653326505325, 54.749806517360824], [7.920469263092195, 54.75198470490582], [7.9183560089065885, 54.75531847845236], [7.918125570093714, 54.75980783800042], [7.919894024201083, 54.76320812023733], [7.923661371228696, 54.76551932516309], [7.929427692320063, 54.766741082982016], [7.937192987475185, 54.76687339369411], [7.944958329951296, 54.76700520742147], [7.952723719748398, 54.76713652416408], [7.95860412434245, 54.76611246246342], [7.96259954373345, 54.76393302231948], [7.966594530768361, 54.76175344890693], [7.97058908544718, 54.75957374222577], [7.97646829274142, 54.75854853725619], [7.984232152651078, 54.75867783399821], [7.990110521758727, 54.75765223939519], [7.994103400064367, 54.75547175344714], [7.998095846251572, 54.753291134384384], [8.00208786032034, 54.751110382206924], [8.00607944238692, 54.7489294969611], [8.010070592451306, 54.74674847864691], [8.012176121731162, 54.74341318522944], [8.01239603022649, 54.73892361670871], [8.012615880976119, 54.73443404428559], [8.012835673980044, 54.72994446796009], [8.01106120670135, 54.72654542637674], [8.007292479140034, 54.72423691953556], [8.00352417680642, 54.72192829549989], [7.999756299700513, 54.71961955426975], [7.99598884769017, 54.7173106958873], [7.9922218207753914, 54.71500172035253], [7.988455218824059, 54.71269262770758], [7.984689041836174, 54.71038341795245], [7.980923289679644, 54.70807409112925], [7.977157962354468, 54.705764647237984], [7.973393059728581, 54.703455086320744], [7.969628581801982, 54.70114540837753], [7.967858574303413, 54.69774581312444], [7.968083037232877, 54.69325630056148], [7.9663138523017105, 54.68985659437061], [7.962551019509915, 54.687546694551834], [7.958788610931563, 54.68523667781397], [7.955026626566656, 54.68292654415702], [7.951265066283302, 54.68061629362299], [7.947503930081501, 54.67830592621188], [7.94374321782939, 54.67599544196568], [7.939982929526966, 54.673684840884384], [7.936223065042392, 54.671374123009976], [7.932463624375668, 54.66906328834244], [7.9287046073949785, 54.666752336923736], [7.924946014100322, 54.66444126875385], [7.9231812735214255, 54.661041010940664], [7.923410385658286, 54.65655156348419], [7.923639437768674, 54.65206211194956], [7.92386842985259, 54.647572656336784], [7.924097361955988, 54.64308319663214], [7.924326234078869, 54.63859373283563], [7.924555046267143, 54.63410426493352], [7.92478379852081, 54.62961479292582], [7.923020886238056, 54.62621443074421], [7.919266309418881, 54.623903178388694], [7.915512155139166, 54.6215918094562], [7.911758423398912, 54.61928032394671], [7.909996664889568, 54.61587985334315], [7.910226879611131, 54.611390397645515], [7.908465938740859, 54.607989816677744], [7.904713842278749, 54.605678110439854], [7.900962167873324, 54.603366287731056], [7.897210915524585, 54.60105434855136], [7.893460085101348, 54.59874229294249], [7.889709676603615, 54.59643012090444], [7.885959689900227, 54.594117832478915], [7.882210124991184, 54.59180542766593], [7.878460981745355, 54.589492906507175], [7.874712260162738, 54.587180269002644], [7.868972572895907, 54.58595564805517]]]}}, {"type": "Feature", "properties": {"band": "echo", "dbz": 35.0, "source": "OPERA-ORD", "time": "20260906232000"}, "geometry": {"type": "Polygon", "coordinates": [[[9.941777372343253, 54.739478634444694], [9.934014359492316, 54.73947465838545], [9.928189952928395, 54.74059438813053], [9.924304152651494, 54.74283782367996], [9.92430028663362, 54.74508361946343], [9.928178354874781, 54.74733177548092], [9.932056852678478, 54.749579806651695], [9.935935780044716, 54.75182771297573], [9.935931911993897, 54.75407350539487], [9.932045248526023, 54.756317183909104], [9.928158155055671, 54.75856073699562], [9.924270631582845, 54.760804164654395], [9.924266761497517, 54.763049953723396], [9.928146544799684, 54.765298104202614], [9.933970521573102, 54.76642416894859], [9.941738691817763, 54.766428147961335], [9.949506863312873, 54.76643162959775], [9.957275036058434, 54.76643461385784], [9.963102026107698, 54.765313770919825], [9.96698783346067, 54.763069100783696], [9.968932456724463, 54.75970097397318], [9.968935895899076, 54.75520939048828], [9.966997291190502, 54.751840142344875], [9.963116642598738, 54.74959322954295], [9.959236423618044, 54.74734619177126], [9.955356634248417, 54.7450990290298], [9.951477274364883, 54.74285174136289], [9.947598343967442, 54.74060432877051], [9.941777372343253, 54.739478634444694]]]}}, {"type": "Feature", "properties": {"band": "echo", "dbz": 35.0, "source": "OPERA-ORD", "time": "20260906232000"}, "geometry": {"type": "Polygon", "coordinates": [[[7.772192179818106, 54.693181024409945], [7.768193553802854, 54.69535420449181], [7.764194496963985, 54.69752725073401], [7.760195009301498, 54.69970016313658], [7.754319209574154, 54.700714625633964], [7.746567097781953, 54.70057063822615], [7.740690465346089, 54.70158470991624], [7.736689312266561, 54.70375684070423], [7.734563550580805, 54.70708739951005], [7.734313180288821, 54.71157638633371], [7.7340627442668115, 54.71606536906368], [7.733812242514774, 54.72055434769997], [7.735563633620357, 54.723957289826615], [7.739316917583561, 54.72627419544361], [7.745072182522428, 54.72750469533884], [7.752829428436959, 54.72764878951231], [7.7605867257749805, 54.72779238731186], [7.768344074536492, 54.7279354887375], [7.774223470981562, 54.72692035891739], [7.778224915110196, 54.72474699785151], [7.782225927739688, 54.72257350291117], [7.78622650887004, 54.72039987409636], [7.79022665861621, 54.718226111453525], [7.794226376978197, 54.71605221498267], [7.794348599971735, 54.713807661660496], [7.790593327596821, 54.71149245148702], [7.786838479628551, 54.70917712500117], [7.783084056066923, 54.706861682202955], [7.781329398646257, 54.70345941012851], [7.781574507366552, 54.698970308777824], [7.779820669501458, 54.69556792716912], [7.776067885050973, 54.693252265302384], [7.772192179818106, 54.693181024409945]]]}}, {"type": "Feature", "properties": {"band": "echo", "dbz": 35.0, "source": "OPERA-ORD", "time": "20260906232000"}, "geometry": {"type": "Polygon", "coordinates": [[[7.788747424595081, 54.63843767069171], [7.781007057754692, 54.63829591236467], [7.77514031488203, 54.63931168844736], [7.771147195977092, 54.641484998939774], [7.769027614750875, 54.644816212079846], [7.768781571203379, 54.64930532786755], [7.77053293948197, 54.65270780598248], [7.7742817195866465, 54.655023646424624], [7.778030922726512, 54.6573393707499], [7.781780548901567, 54.659654978958315], [7.7855305982440335, 54.66197047100812], [7.789281070753912, 54.664285846899304], [7.793153410743843, 54.664356522027454], [7.797147618213825, 54.662182496392546], [7.799266102485479, 54.65885089487502], [7.799508863558803, 54.65436171747486], [7.799751561037132, 54.64987253592363], [7.799994194920464, 54.64538335022132], [7.798241035900416, 54.64198120549143], [7.794492083976989, 54.639666101733965], [7.788747424595081, 54.63843767069171]]]}}, {"type": "Feature", "properties": {"band": "echo", "dbz": 35.0, "source": "OPERA-ORD", "time": "20260906232000"}, "geometry": {"type": "Polygon", "coordinates": [[[7.747158368865803, 54.5848691084294], [7.743169142316971, 54.58704152532419], [7.741050193818916, 54.5903722816419], [7.7408015233716405, 54.59486137738253], [7.7405527878455676, 54.59935046885222], [7.740303987240695, 54.603839556050985], [7.742051107207445, 54.6072424635876], [7.745794147745815, 54.60955919146208], [7.751533196086472, 54.61078937178438], [7.7592682522294165, 54.61093300455449], [7.765130937571073, 54.60991825570312], [7.769121252111443, 54.60774512523025], [7.771239109461181, 54.60441398104541], [7.771484509620287, 54.599924823148584], [7.769735602663286, 54.59652224806818], [7.765992388590177, 54.594206255804195], [7.762249595967499, 54.59189014764018], [7.758507224795254, 54.58957392357611], [7.754765274941903, 54.58725758365355], [7.751023746407447, 54.584941127872526], [7.747158368865803, 54.5848691084294]]]}}, {"type": "Feature", "properties": {"band": "echo", "dbz": 35.0, "source": "OPERA-ORD", "time": "20260906232000"}, "geometry": {"type": "Polygon", "coordinates": [[[9.385166003006123, 54.58521230125148], [9.377432619389964, 54.58517270863168], [9.37161513536186, 54.58626570602722], [9.367713550921817, 54.588491293438075], [9.365727841728942, 54.591849839267226], [9.36565800778324, 54.59634134351465], [9.367539817533975, 54.59972005902706], [9.371373270981147, 54.60198598580445], [9.377158392489525, 54.603138755253994], [9.38489518205911, 54.60317836737571], [9.39071439299448, 54.602085011230564], [9.394616025295639, 54.59985868681855], [9.39660005544251, 54.596499762737864], [9.396666483435096, 54.59200823898851], [9.394782946777093, 54.58862988222572], [9.390949445468499, 54.58636469244949], [9.385166003006123, 54.58521230125148]]]}}, {"type": "Feature", "properties": {"band": "echo", "dbz": 35.0, "source": "OPERA-ORD", "time": "20260906232000"}, "geometry": {"type": "Polygon", "coordinates": [[[7.237666254172025, 54.53720973802745], [7.229946940207869, 54.53703277772476], [7.222227689037909, 54.53685532388637], [7.214508500662147, 54.536677376512294], [7.208642301362216, 54.53766566756212], [7.204629091138119, 54.539820197035844], [7.2024687624642105, 54.54314133154381], [7.20216131534049, 54.547629071086014], [7.203861319594612, 54.551039567846985], [7.207568775226576, 54.553372821826734], [7.2132837898676145, 54.554628466226994], [7.22100636351773, 54.55480650104776], [7.228729000061522, 54.554984042091206], [7.236451699498993, 54.55516108935733], [7.2423193694453385, 54.55417172379916], [7.246332009900559, 54.5520159454167], [7.248489514659951, 54.54869412105057], [7.248791883723516, 54.5442062507008], [7.24708877898, 54.54079629118914], [7.243380200429403, 54.53846424251557], [7.237666254172025, 54.53720973802745]]]}}, {"type": "Feature", "properties": {"band": "echo", "dbz": 35.0, "source": "OPERA-ORD", "time": "20260906232000"}, "geometry": {"type": "Polygon", "coordinates": [[[8.065582012977536, 54.355611803429944], [8.057894145249687, 54.35548786072032], [8.050206321090485, 54.35536342654953], [8.042518540499932, 54.35523850091757], [8.03669895919101, 54.35626710408221], [8.032747577163722, 54.35844923604344], [8.03066431957958, 54.36178526203299], [8.030449186438585, 54.36627518205085], [8.030233997332175, 54.37076509760206], [8.03001875226035, 54.3752550086866], [8.027934121143641, 54.37859087863839], [8.023980103982051, 54.380772707457425], [8.020025663982302, 54.382954404483364], [8.016070801144398, 54.38513596971621], [8.013984794962145, 54.38847168351497], [8.013767645435541, 54.39296154587965], [8.0135504393791, 54.39745140381067], [8.013333176792822, 54.401941257308025], [8.013115857633707, 54.40643110638547], [8.012898481901754, 54.410920951043025], [8.012681049553926, 54.415410791294434], [8.012463560590216, 54.41990062713968], [8.010375166538358, 54.423236155858106], [8.00641586739835, 54.42541737744969], [8.002456144312436, 54.42759846703443], [7.998495997280617, 54.42977942461232], [7.994535426189753, 54.43196025013797], [7.99057443103984, 54.43414094361137], [7.986613011717729, 54.43632150498709], [7.982651168223422, 54.438501934265126], [7.982541018217482, 54.44074681773635], [7.9862825616999125, 54.44305615540076], [7.990024523511998, 54.445365376695285], [7.993766903653739, 54.447674481619934], [7.995528279150678, 54.451073918871245], [7.995308650002814, 54.455563688449224], [7.995088963584223, 54.46005345368144], [7.994869219894905, 54.46454321456788], [7.996631742925667, 54.46794254240506], [8.000376532676508, 54.470251437192964], [8.006103665877998, 54.471469532433396], [8.013813142530136, 54.471596828126366], [8.01954113926431, 54.47281456813961], [8.023287656080523, 54.47512275247314], [8.02703459209021, 54.47743082020692], [8.030781947293374, 54.47973877134095], [8.034529721819386, 54.48204660583366], [8.038277915668248, 54.48435432368506], [8.038170012360107, 54.486599232288086], [8.034206011894963, 54.48878133164273], [8.03034993991775, 54.488718400166164], [8.026601796428467, 54.486410437858396], [8.022854072350638, 54.48410235892831], [8.019106767684264, 54.48179416337591], [8.013377532711903, 54.48057640214583], [8.00566636743356, 54.48044907523807], [7.99795524724896, 54.48032125521263], [7.990244172158102, 54.48019294206951], [7.9845162911293, 54.478974093755745], [7.9807716041625545, 54.47666471027135], [7.979010033877996, 54.47326515820207], [7.979231580275624, 54.46877543754791], [7.9774708220757, 54.46537577482706], [7.973727759278221, 54.46306617003951], [7.968002469533621, 54.46184625679659], [7.960294952841899, 54.4617160350983], [7.954458123979336, 54.46274059983748], [7.950491982945932, 54.46491995101415], [7.94652541695296, 54.467099169834654], [7.942558426000421, 54.469278256299006], [7.936720420954723, 54.47030168679218], [7.929011401815868, 54.470169461314185], [7.923286722042548, 54.46894770881046], [7.919546381634763, 54.466636429281024], [7.915806459913777, 54.4643250335977], [7.912066956879592, 54.462013521760525], [7.906343633340257, 54.46079068365476], [7.898636489295774, 54.460656519280406], [7.890929392697736, 54.46052186209539], [7.8832223435461435, 54.4603867120997], [7.877383757169616, 54.46140753968236], [7.873413633568155, 54.463584344843376], [7.869443084984284, 54.465761017347816], [7.865472111418004, 54.4679375571957], [7.861500712756403, 54.47011396434135], [7.85752888899948, 54.4722902387848], [7.855425391610695, 54.47562310132192], [7.855190220590049, 54.4801125519527], [7.856941805609913, 54.48351388215322], [7.860680146670288, 54.48582709192347], [7.864535709061855, 54.48589544799693], [7.868508492784614, 54.483718950373614], [7.8724808510814315, 54.48154232003131], [7.876452783952307, 54.47936555697002], [7.882293962565076, 54.47834478357325], [7.890004386919738, 54.478479999841], [7.89572968910222, 54.47970361421612], [7.899469869112522, 54.4820156266986], [7.903210468203065, 54.48432752304309], [7.906951486373851, 54.486639303249575], [7.912678146867643, 54.48786183171346], [7.920390449684444, 54.48799510843476], [7.928102799366297, 54.48812789196437], [7.935815195913199, 54.48826018230231], [7.941543214162188, 54.48948162442693], [7.9452868541132595, 54.491792218338226], [7.947046036754237, 54.49519233070027], [7.946820762085119, 54.49968196151305], [7.948580757498656, 54.50308196342287], [7.952326022994846, 54.505392336429736], [7.958056637315941, 54.506612713672084], [7.965772600461943, 54.506743095149915], [7.9716150851372936, 54.505718274124675], [7.975584091341994, 54.503538250596364], [7.979552671709382, 54.501358094708074], [7.983520826239458, 54.4991778064598], [7.987378453681526, 54.499242249094905], [7.9911255540355866, 54.50155142261337], [7.994873074155425, 54.503860479585555], [7.998621014041041, 54.50616942001149], [8.002369373822207, 54.508478243849545], [8.006118153498925, 54.51078695109973], [8.006008388907784, 54.51303181575297], [8.002040080048783, 54.51521283780925], [7.996197006562729, 54.51623912926891], [7.988479168449619, 54.51611069013194], [7.982635268373635, 54.517136594564036], [7.978665306334778, 54.51931684256519], [7.976569204668689, 54.52265180113855], [7.9763469633753665, 54.52714147028413], [7.976124664019312, 54.531631135185435], [7.975902306600524, 54.53612079584248], [7.977666229546264, 54.53952035843424], [7.9814164328565305, 54.54182982296072], [7.987152994332268, 54.54304882212922], [7.994875913973479, 54.543177355939754], [8.000722884398847, 54.54215114169517], [8.004693905608372, 54.53997017939548], [8.008664500100629, 54.53778908473221], [8.012634667875616, 54.535607857705365], [8.01649577181808, 54.53567137585706], [8.020247811928025, 54.5379796391873], [8.024000272760762, 54.54028778575953], [8.027753154316292, 54.54259581557374], [8.031506456724685, 54.544903728588224], [8.035260179985938, 54.547211524803004], [8.039014324230148, 54.54951920417631], [8.042768889457317, 54.551826766708174], [8.046523875797561, 54.554134212356836], [8.05027928325088, 54.55644154112228], [8.054035111947417, 54.55874875296276], [8.057791361887173, 54.56105584787826], [8.063532866316573, 54.56227122271763], [8.071259625235617, 54.562394877480884], [8.078986427823388, 54.562518037992305], [8.08671327407988, 54.56264070425189], [8.092560700484658, 54.56161004746478], [8.096528707037717, 54.559426067630966], [8.098617220220824, 54.55608913234077], [8.098826240033981, 54.55159924159419], [8.099035205235023, 54.547109346697354], [8.099244115823948, 54.54261944765025], [8.101331244826572, 54.539282357079884], [8.105296592242892, 54.53709807498625], [8.109261513091745, 54.53491366093699], [8.113226007373134, 54.53272911493211], [8.11719007520169, 54.53054443701724], [8.12115371657741, 54.52835962719237], [8.125014279378508, 54.5284196729812], [8.12877176360498, 54.530724574383726], [8.132529668619135, 54.53302935862584], [8.136287994420972, 54.53533402570753], [8.1400467411401, 54.537638575586996], [8.143805908776518, 54.539943008264245], [8.147565497459862, 54.54224732369743], [8.151325507190132, 54.54455152188656], [8.157067451469768, 54.5457624537877], [8.164791330298769, 54.545880119400856], [8.170634356322097, 54.54484567146062], [8.174596529539748, 54.54265910996702], [8.17855827610844, 54.54047241677425], [8.182519596028172, 54.53828559188233], [8.18836143025539, 54.53725000989975], [8.1960837787901, 54.53736567082649], [8.2038061680992, 54.537480837796494], [8.211528598182689, 54.53759551080975], [8.217369239828827, 54.53655879517257], [8.221328093037615, 54.534370690884955], [8.223405089206778, 54.531031565331205], [8.223600228336318, 54.52654141851131], [8.225676349121247, 54.52320215244502], [8.229633451561567, 54.521013767132345], [8.233590127935209, 54.518825250408476], [8.237546378242174, 54.51663660227342], [8.24150220259749, 54.514447822772624], [8.245457601001155, 54.51225891190607], [8.251294094319892, 54.51122026992186], [8.259011682553705, 54.51133189681997], [8.2648473465748, 54.510292869883784], [8.268801086383181, 54.508103189113285], [8.272754400477687, 54.50591337712821], [8.276707288858322, 54.503723433928556], [8.280659751640158, 54.50153335955968], [8.284611788823197, 54.4993431540216], [8.286681791371588, 54.49600290649428], [8.286869759285334, 54.491512616977744], [8.285082554177812, 54.48811744370212], [8.281320176049022, 54.48581738666742], [8.277558217878182, 54.48351721202258], [8.27379667966529, 54.48121691976762], [8.272010641152864, 54.47782163404831], [8.272200102340905, 54.47333135486466], [8.270414881167055, 54.46993595627258], [8.266654977631314, 54.467635438272055], [8.260920458180298, 54.46642943423877], [8.253211322814003, 54.46631794417272], [8.245502226924467, 54.46620596109287], [8.237793170511683, 54.466093484999206], [8.231962779924604, 54.46713149382724], [8.228011055163229, 54.46931998757695], [8.224058905553145, 54.47150835005309], [8.220106331094351, 54.47369658125566], [8.214274751340973, 54.47473345877616], [8.206564166293012, 54.47461898261459], [8.200731759494875, 54.47565547521178], [8.196777530946566, 54.47784293656772], [8.192822877313276, 54.48003026649918], [8.188867798595004, 54.48221746500616], [8.185012144728283, 54.48215948015465], [8.181255915713116, 54.47985631194464], [8.179477599176538, 54.476459671729586], [8.17967719511855, 54.4719695595095], [8.17789969427136, 54.46857280712459], [8.174145096634968, 54.46626941457485], [8.16841347219584, 54.46505901530644], [8.160704820953974, 54.46494160931932], [8.152996211269354, 54.46482371036782], [8.145287643141977, 54.46470531845192], [8.137579116918493, 54.46458643358011], [8.129870632598903, 54.46446705575237], [8.124140839348026, 54.463254835837766], [8.120389737165862, 54.460949773836276], [8.116639053983853, 54.45864459491739], [8.112888789802, 54.4563392990811], [8.107160344041011, 54.45512599123024], [8.09945371670089, 54.45500467136482], [8.093621378006015, 54.456035984554454], [8.089663327956384, 54.45821993079913], [8.08570485321857, 54.46040374525948], [8.081745953792572, 54.46258742793549], [8.077892282876356, 54.462526021268786], [8.074143840469922, 54.460219525259376], [8.072375217503, 54.456821315437395], [8.072586413975586, 54.45233139180283], [8.070818603929547, 54.448933070652686], [8.067071787364887, 54.44662635198698], [8.063325389333437, 54.44431951664939], [8.059579409835202, 54.442012564639896], [8.059685346880757, 54.439767603901416], [8.063643200470102, 54.43758463443393], [8.067600629915326, 54.43540153316883], [8.07155763521643, 54.43321830010609], [8.073641571128196, 54.42988170876173], [8.073852437650622, 54.425391759135735], [8.074063249265015, 54.42090180515027], [8.074274005971372, 54.41641184680533], [8.072507550224792, 54.41301352982197], [8.068763882025275, 54.41070685420018], [8.065020631490686, 54.40840006199679], [8.061277798621026, 54.4060931532118], [8.059512491558074, 54.40269472600235], [8.059724710301827, 54.39820478036844], [8.061807504789895, 54.39486827397772], [8.065760875022276, 54.3926852068302], [8.069713822213682, 54.39050200803843], [8.073666346364115, 54.38831867760243], [8.075747767577525, 54.3849820156362], [8.075958085853909, 54.380492022139734], [8.076168349430624, 54.376002024214884], [8.076378558307667, 54.37151202186163], [8.076588712526585, 54.36702201506619], [8.076798812087375, 54.362532003828555], [8.075034383111193, 54.35913369235349], [8.071295425598038, 54.356827080641004], [8.065582012977536, 54.355611803429944]]]}}, {"type": "Feature", "properties": {"band": "echo", "dbz": 35.0, "source": "OPERA-ORD", "time": "20260906232000"}, "geometry": {"type": "Polygon", "coordinates": [[[7.2841120871578715, 54.332628249924426], [7.280123143724238, 54.33478544194251], [7.276133778111618, 54.336942499385614], [7.272143990320012, 54.33909942225375], [7.268153780240361, 54.34125621050113], [7.26416314787267, 54.34341286412774], [7.264014143604405, 54.3456569184657], [7.26770676743557, 54.34798837351501], [7.271399805586061, 54.35031971521771], [7.27509325805588, 54.3526509435738], [7.274944176333076, 54.35489499295144], [7.27095256041765, 54.35705186335062], [7.266960521775397, 54.35920859906461], [7.262968060406315, 54.361365200093395], [7.258975176201192, 54.36352166639111], [7.254981869160026, 54.365677997957725], [7.251138593675468, 54.365590184913415], [7.247445349747519, 54.36325822725817], [7.243752520389462, 54.36092615631512], [7.240060105601295, 54.35859397208425], [7.234371133970437, 54.35733934093989], [7.226685605496885, 54.357162262882014], [7.220845447255424, 54.358151255323335], [7.216850659246054, 54.360306318263845], [7.214701135593753, 54.36362781631189], [7.214396876298522, 54.368115749467485], [7.214092537882009, 54.37260367765583], [7.213788120344214, 54.37709160087694], [7.2134836236250415, 54.381579519144154], [7.213179047724493, 54.38606743245748], [7.211027566943695, 54.38938874554645], [7.20702918128265, 54.39154345841105], [7.203183578015285, 54.39145410634923], [7.199490757141602, 54.38912068936097], [7.195798351338601, 54.386787159202825], [7.19210636060628, 54.384453515874775], [7.186415275559675, 54.38319661587998], [7.178725096198784, 54.38301645921845], [7.171034980165274, 54.38283581111574], [7.163344927459147, 54.38265467157185], [7.15749958110406, 54.38364056631112], [7.153498941100013, 54.38579349533355], [7.15134289899459, 54.38911382347282], [7.15103145478779, 54.39360155072894], [7.152721169208143, 54.39701283570865], [7.156412042255647, 54.39934767841197], [7.162104182488761, 54.40060571381902], [7.169797589907485, 54.40078694192977], [7.1754905967933915, 54.40204462949586], [7.179183203146483, 54.40437877651726], [7.1790286184345735, 54.40662266597292], [7.175026842657662, 54.40877629786283], [7.169178411729222, 54.409762477592864], [7.161483325649252, 54.40958120516302], [7.155634082734647, 54.41056699264653], [7.151630682985406, 54.41271984004338], [7.149473017697527, 54.41604011248659], [7.149161086871013, 54.420527809976164], [7.148849074817852, 54.4250155025313], [7.148536981538043, 54.42950319015201], [7.146377889279988, 54.43282329504768], [7.142371798043684, 54.43497581721832], [7.138365282111904, 54.43712820393473], [7.134358341484646, 54.439280455196915], [7.130350976052577, 54.44143257095864], [7.126343185815699, 54.4435845512199], [7.122334970664676, 54.44573639593449], [7.118326330599507, 54.44788810510239], [7.116164036620027, 54.451207743842716], [7.1158480887262385, 54.45569531215546], [7.117537302439176, 54.45910704844296], [7.1212316777588445, 54.461442952705205], [7.124926469761408, 54.46377874389273], [7.128621678446866, 54.46611442200554], [7.132317303947477, 54.46844998700308], [7.136013346263245, 54.47078543888538], [7.141714733811492, 54.472044449119295], [7.149421466592218, 54.47222701770484], [7.155123724562411, 54.47348567962682], [7.158821507722067, 54.47582043488524], [7.162519708009968, 54.478155076886914], [7.166218325426113, 54.48048960563183], [7.169917360102799, 54.48282402107942], [7.173616812040026, 54.48515832322967], [7.17731668137012, 54.48749251204196], [7.181016968093079, 54.48982658751628], [7.186722355617803, 54.491083475664816], [7.194432843944295, 54.491263176487564], [7.20029234535126, 54.49027581754082], [7.204300859838698, 54.488121398824596], [7.2083089484034115, 54.48596684474375], [7.212316611045399, 54.48381215529829], [7.216171528163081, 54.4839012554199], [7.2198736997564605, 54.48623414510858], [7.22357628888709, 54.488566921277965], [7.22727929555497, 54.49089958392804], [7.23298623172914, 54.492154286904686], [7.240697097409599, 54.49233103020791], [7.246404904329004, 54.49358538396019], [7.250109652487354, 54.49591734816153], [7.251811236194719, 54.49932728896218], [7.251509655451098, 54.50381520636214], [7.25321203988464, 54.50722504190283], [7.256918389495343, 54.50955679558423], [7.262628809730424, 54.510810101056045], [7.270343300589882, 54.51098495831827], [7.278057853054955, 54.51115932236893], [7.285772467125643, 54.51133319320804], [7.29348714245528, 54.51150657082312], [7.3012018790438695, 54.511679455214185], [7.307061689757624, 54.510686913310906], [7.311066574596547, 54.5085289451133], [7.31321643012449, 54.50520591703106], [7.313511256341455, 54.500717829064214], [7.315660224935602, 54.49739465310225], [7.31966333590693, 54.49523638914516], [7.325520692243817, 54.49424267095851], [7.333232293946264, 54.494413498542286], [7.339088832377523, 54.49341938847367], [7.343090307537591, 54.49126034075265], [7.34523661732788, 54.48793672162332], [7.345527761748389, 54.48344853108566], [7.343819012221474, 54.4800398852515], [7.340110368747136, 54.47771078412084], [7.336402142840772, 54.47538156904904], [7.332694334502382, 54.47305224003612], [7.33284021436159, 54.47080814812156], [7.336839782418394, 54.46864929330537], [7.3426928971893, 54.467654724237335], [7.350399558674309, 54.46782444091745], [7.356251856594509, 54.46682948037602], [7.360249790949903, 54.46466984261307], [7.362393260466218, 54.461345893588955], [7.362682265143455, 54.4568576333037], [7.3648248506613045, 54.453533536933435], [7.368821017019765, 54.451373604478164], [7.37281675844224, 54.449213537433174], [7.37681207492873, 54.447053335798465], [7.38080696658975, 54.44489299962009], [7.3848014334253, 54.442732528898034], [7.388795475545894, 54.44057192367831], [7.392789092951531, 54.43841118396094], [7.396782285752724, 54.43625030979188], [7.400775053949469, 54.43408930117114], [7.406621637001893, 54.43309160328262], [7.414322034909998, 54.4332572161263], [7.420167801994604, 54.4322591276116], [7.4241589382557125, 54.43009733773853], [7.424300234127091, 54.42785311952481], [7.420591689608739, 54.425526472970446], [7.416883561593631, 54.423199712300274], [7.413175850081767, 54.4208728375143], [7.411463600037301, 54.417465184898816], [7.411746811460232, 54.412976754453815], [7.4100353609760745, 54.4095689955172], [7.406329248584827, 54.40724190808897], [7.4006285733167765, 54.40599512684487], [7.392933335171925, 54.40582865178491], [7.38723352504842, 54.404581520805806], [7.383529142946262, 54.40225373390756], [7.381820089065904, 54.39884565637867], [7.382106363407346, 54.39435728821913], [7.382392563292505, 54.38986891524365], [7.382678688721381, 54.38538053745222], [7.3829647397505145, 54.38089215483139], [7.383250716379905, 54.37640376738117], [7.3853872806859115, 54.37307923734086], [7.389374432668535, 54.37091856471046], [7.393361161699944, 54.36875775783909], [7.39734746778014, 54.36659681672674], [7.397489925679862, 54.36435260553387], [7.3937885353991115, 54.362025124260455], [7.390087560023738, 54.359697529139545], [7.386386999553739, 54.357369820171144], [7.382686853858886, 54.35504199739577], [7.378987122939177, 54.35271406081343], [7.373294786611683, 54.35146599467341], [7.365609844876405, 54.35129779897571], [7.357924962168485, 54.35112911216602], [7.350240138487923, 54.35095993424432], [7.342555374176668, 54.35079026522267], [7.334870669234721, 54.350620105101044], [7.329034096505409, 54.351614363084416], [7.325045655988731, 54.35377303917277], [7.321056792851882, 54.35593158080029], [7.3170675070948645, 54.35808998796698], [7.313077798608244, 54.36024826062699], [7.309087667392021, 54.36240639878032], [7.30509711333676, 54.36456440238115], [7.301106136442462, 54.36672227142947], [7.297262678019131, 54.36663593205786], [7.293566738066767, 54.364305384266316], [7.293714222252459, 54.36206129742769], [7.2977051305762055, 54.35990367154199], [7.301695616171139, 54.357745911090106], [7.30568567903726, 54.35558801607202], [7.307827661242178, 54.35226496381421], [7.308121562785893, 54.347776754316655], [7.306421269845305, 54.344367513362386], [7.30272678242041, 54.34203724095143], [7.299032709194478, 54.339706855094775], [7.29533905016751, 54.33737635579243], [7.291645805209192, 54.3350457430848], [7.287952974319522, 54.33271501697186], [7.2841120871578715, 54.332628249924426]]]}}, {"type": "Feature", "properties": {"band": "echo", "dbz": 35.0, "source": "OPERA-ORD", "time": "20260906232000"}, "geometry": {"type": "Polygon", "coordinates": [[[6.87728283961272, 54.421647710766486], [6.873263685191037, 54.4237912284556], [6.869244106245859, 54.42593460966282], [6.865224102777189, 54.428077854388135], [6.859365382168537, 54.429048933597734], [6.851667944419904, 54.4288478472916], [6.845808414621879, 54.42981853170326], [6.841786792774461, 54.43196098683272], [6.8377647461925175, 54.434103305327824], [6.833742274876048, 54.43624548718859], [6.829719378717142, 54.43838753236852], [6.825696057715801, 54.440529440867635], [6.825522568840098, 54.44277278922876], [6.829198912090035, 54.445117577451896], [6.832875670858828, 54.447462253766226], [6.836552845146477, 54.44980681817176], [6.8402304350859975, 54.45215127062835], [6.843908440677388, 54.454495611136], [6.847759224950624, 54.454596461916374], [6.851782787905707, 54.452453822969474], [6.855805925679315, 54.45031104738126], [6.859828638271448, 54.448168135151725], [6.863850925790248, 54.44602508632735], [6.867872788235713, 54.44388190090815], [6.871894225715982, 54.44173857894058], [6.875915238231056, 54.43959512042463], [6.879935825889071, 54.43745152540677], [6.883955988690028, 54.43530779388699], [6.88613648417782, 54.43199248602843], [6.886477312352447, 54.427505601831086], [6.884808899035711, 54.42409060777979], [6.881131244227612, 54.42174750387455], [6.87728283961272, 54.421647710766486]]]}}, {"type": "Feature", "properties": {"band": "echo", "dbz": 35.0, "source": "OPERA-ORD", "time": "20260906232000"}, "geometry": {"type": "Polygon", "coordinates": [[[6.9363436132694565, 54.43103274183853], [6.928645477361032, 54.43083657469376], [6.9209474105817534, 54.43063991560458], [6.913249412931623, 54.43044276457098], [6.907391142611137, 54.43141644938086], [6.903372599620296, 54.433560970034236], [6.901193665643291, 54.43687669165142], [6.900854340680121, 54.441363614232415], [6.9005149273219075, 54.44585053171879], [6.900175425568651, 54.450337444110545], [6.901846500409164, 54.45375213507503], [6.905528151843445, 54.456094604612225], [6.909379217308266, 54.456193486586], [6.913399696803627, 54.45404878099636], [6.917419751099037, 54.451903939004175], [6.921439380194496, 54.44975896060946], [6.927299943708901, 54.44878460301033], [6.935001441642253, 54.44898086620679], [6.940861194125076, 54.448006114172884], [6.94487920115737, 54.44586034690861], [6.947055345718582, 54.44254392976735], [6.947389627808712, 54.43805686274913], [6.9457157469462505, 54.434642703282734], [6.942033703131195, 54.43230145136819], [6.9363436132694565, 54.43103274183853]]]}}, {"type": "Feature", "properties": {"band": "echo", "dbz": 35.0, "source": "OPERA-ORD", "time": "20260906232000"}, "geometry": {"type": "Polygon", "coordinates": [[[11.945506310409868, 54.427327011326796], [11.937804998578349, 54.42745119672051], [11.932081721867617, 54.42866663796731], [11.928336480277673, 54.43097333506718], [11.928442362133186, 54.433218300148525], [11.932399367434153, 54.43540153321135], [11.93635679687924, 54.437584634476536], [11.940314650468444, 54.43976760394412], [11.944272928315282, 54.44195044156868], [11.948231630419746, 54.444133147350215], [11.954063278359627, 54.44516188446455], [11.96176787213492, 54.44503665291167], [11.967492272034647, 54.44382008380534], [11.971236478058806, 54.44151217714559], [11.971128855724135, 54.43926724695277], [11.967169405030635, 54.43708529322686], [11.963210378492903, 54.4349032075833], [11.959251776110936, 54.432720990022084], [11.955293597771371, 54.43053864058859], [11.951335843474208, 54.428356159282814], [11.945506310409868, 54.427327011326796]]]}}, {"type": "Feature", "properties": {"band": "echo", "dbz": 35.0, "source": "OPERA-ORD", "time": "20260906232000"}, "geometry": {"type": "Polygon", "coordinates": [[[7.225197157781696, 54.40769618555239], [7.221197712067598, 54.40985135849955], [7.217197842310499, 54.41200639638868], [7.213197548510398, 54.41416129921977], [7.209196830557828, 54.41631606694676], [7.205195688452791, 54.418470699569646], [7.201347567472436, 54.418381281945244], [7.197652467616767, 54.416047814073565], [7.197805453127574, 54.413803885571184], [7.201806524004857, 54.4116494964381], [7.2058071708408065, 54.409494972187325], [7.2098073936354234, 54.407340312818846], [7.213807192498097, 54.40518551837873], [7.217806567428826, 54.403030588866976], [7.221653911330329, 54.40311949285302], [7.225349224202606, 54.40545223033688], [7.225197157781696, 54.40769618555239]]]}}, {"type": "Feature", "properties": {"band": "echo", "dbz": 35.0, "source": "OPERA-ORD", "time": "20260906232000"}, "geometry": {"type": "Polygon", "coordinates": [[[21.42334568245087, 53.8415360729202], [21.415836570968416, 53.84226292503761], [21.408327216302343, 53.842989303770025], [21.400817618452642, 53.84371520911746], [21.395490098948738, 53.84536604004448], [21.392344657790634, 53.84794179655108], [21.391381708580067, 53.85144281782398], [21.392601251317032, 53.85586910386316], [21.39382110276624, 53.860295368726945], [21.39504126292769, 53.86472161241535], [21.39783514408076, 53.86785985933709], [21.40220274622545, 53.86971010949215], [21.40814365506177, 53.87027202345512], [21.41565787058972, 53.869545601225994], [21.423171842378668, 53.868818705295894], [21.430685570428622, 53.86809133566482], [21.43601446412912, 53.86643920721987], [21.439158523480152, 53.863862319961044], [21.44011816396474, 53.86036101315286], [21.438893385582883, 53.85593528679533], [21.437668917011347, 53.851509539129125], [21.43644475825014, 53.847083770154256], [21.433649568700176, 53.84394632596549], [21.42928334836145, 53.842097206562826], [21.42334568245087, 53.8415360729202]]]}}, {"type": "Feature", "properties": {"band": "echo", "dbz": 35.0, "source": "OPERA-ORD", "time": "20260906232000"}, "geometry": {"type": "Polygon", "coordinates": [[[7.972444811421665, 54.37205126708723], [7.964754121864206, 54.37192136366287], [7.958930205208688, 54.3729461897071], [7.95497306145511, 54.375125745219925], [7.95486163338348, 54.37737062803983], [7.958595920993799, 54.37968083816679], [7.962330625335256, 54.38199093220095], [7.966065746407851, 54.384300910142315], [7.969801284340146, 54.38661077194962], [7.97353723913214, 54.38892051762289], [7.977383865907804, 54.388985247234515], [7.981341164667136, 54.386804960784474], [7.9834300116827, 54.38346991320887], [7.983650406954497, 54.37898010450771], [7.981892992492895, 54.3755804548177], [7.978157768297895, 54.37327096413884], [7.972444811421665, 54.37205126708723]]]}}, {"type": "Feature", "properties": {"band": "echo", "dbz": 35.0, "source": "OPERA-ORD", "time": "20260906232000"}, "geometry": {"type": "Polygon", "coordinates": [[[10.219020259552574, 54.32605085843178], [10.211335382178863, 54.32606461815569], [10.20557717320686, 54.32719773264343], [10.20174563263656, 54.329450201894986], [10.199840768241875, 54.3328223914518], [10.1998625800228, 54.33731430131388], [10.199884397475907, 54.34180620716188], [10.199906220601196, 54.346298108995796], [10.201845069853306, 54.349663775833925], [10.20570094523224, 54.35190320767626], [10.211473838950361, 54.35301603869357], [10.219163751007676, 54.35300226888584], [10.224924885629992, 54.35186878483895], [10.228757242817313, 54.3496155865529], [10.230660831184366, 54.346243039855096], [10.23063565073115, 54.34175114474552], [10.230610476822719, 54.337259245620075], [10.230585309459075, 54.33276734247873], [10.228645218892797, 54.3294020378235], [10.224790205123885, 54.327163331654376], [10.219020259552574, 54.32605085843178]]]}}, {"type": "Feature", "properties": {"band": "echo", "dbz": 35.0, "source": "OPERA-ORD", "time": "20260906232000"}, "geometry": {"type": "Polygon", "coordinates": [[[10.522199973993585, 53.99269289025875], [10.514576872007758, 53.99272600716861], [10.506953758840046, 53.99275863709005], [10.499330634490445, 53.99279078002307], [10.493626449468877, 53.99393773787297], [10.489841203775343, 53.99619951063973], [10.487974915763319, 53.99957646013354], [10.488027585432805, 54.00406858635439], [10.48997370082403, 54.00742982240095], [10.493813261936996, 54.00966016827323], [10.49954625040033, 54.01075926197751], [10.507172666214034, 54.01072710351381], [10.512878478203671, 54.00957977599876], [10.516663686369238, 54.00731727943235], [10.520448483765737, 54.00505466193342], [10.524232870393163, 54.00279192350196], [10.528016846370775, 54.000529064179844], [10.531800411698576, 53.99826608396705], [10.531772027018482, 53.99602002834645], [10.527931692330492, 53.993790897318036], [10.522199973993585, 53.99269289025875]]]}}, {"type": "Feature", "properties": {"band": "echo", "dbz": 35.0, "source": "OPERA-ORD", "time": "20260906232000"}, "geometry": {"type": "Polygon", "coordinates": [[[15.866314120513163, 53.77716960400744], [15.858752806216058, 53.77754358102051], [15.851191366035117, 53.77791707689728], [15.843629799970337, 53.77829009163777], [15.836068108338019, 53.77866262521658], [15.828506291138162, 53.77903467763372], [15.822990576520338, 53.780432347563774], [15.819520964484548, 53.782855635006754], [15.81809766826531, 53.78630489397272], [15.818720687862621, 53.79078012446166], [15.81934386656719, 53.79525534579021], [15.819967204379013, 53.79973055795835], [15.822326470298595, 53.80299406437991], [15.826421664325935, 53.80504586505489], [15.832252572860696, 53.80588560570498], [15.839819195902884, 53.805513286330175], [15.847385693086176, 53.80514048545403], [15.854952064410575, 53.80476720307655], [15.860469699309556, 53.80336832799635], [15.863938597783116, 53.80094386021344], [15.867407104202988, 53.79851929214536], [15.870875218569171, 53.796094623792115], [15.874342941014827, 53.793669855189194], [15.877810271539952, 53.79124498633658], [15.879229224303721, 53.78779511504353], [15.878599799306134, 53.78332024131004], [15.876237509520932, 53.78005775720769], [15.87214235494812, 53.7780076627365], [15.866314120513163, 53.77716960400744]]]}}, {"type": "Feature", "properties": {"band": "echo", "dbz": 35.0, "source": "OPERA-ORD", "time": "20260906232000"}, "geometry": {"type": "Polygon", "coordinates": [[[4.724986121253773, 53.50883719882336], [4.720947228026191, 53.51090830314596], [4.7169079319588665, 53.512979265726486], [4.712868233051802, 53.515050086564926], [4.70882813121446, 53.51712076561573], [4.704787626446843, 53.5191913028789], [4.704506879906703, 53.521430580445475], [4.707985891594042, 53.52383859831545], [4.713485670743733, 53.525211010899284], [4.721006217355778, 53.52554781819696], [4.728526875714036, 53.52588414698428], [4.736047645818508, 53.526219997261244], [4.741827667455659, 53.52535201801845], [4.745866940625492, 53.52328020925591], [4.746146105289298, 53.52104085193196], [4.7426651614470785, 53.518633946046606], [4.739184605456963, 53.51622693824103], [4.735704437318947, 53.51381982851521], [4.732224656904346, 53.51141261690474], [4.728745264213158, 53.50900530340962], [4.724986121253773, 53.50883719882336]]]}}, {"type": "Feature", "properties": {"band": "echo", "dbz": 35.0, "source": "OPERA-ORD", "time": "20260906232000"}, "geometry": {"type": "Polygon", "coordinates": [[[7.153035964135346, 52.85381497378164], [7.145619784488883, 52.85363347874553], [7.1399832280476705, 52.854619551855286], [7.136126294811708, 52.856773193110925], [7.134048885309635, 52.860094750917796], [7.133750999541453, 52.864584225275905], [7.1334530392829745, 52.869073692298436], [7.133155004534201, 52.87356315198537], [7.134786627220195, 52.87697582653624], [7.138347907340954, 52.87931171595103], [7.14383894453492, 52.8805704715614], [7.151259738802093, 52.880752093367335], [7.158680591134288, 52.880933242947904], [7.166101501531506, 52.88111392030311], [7.171593805423417, 52.882371643216466], [7.175157502810019, 52.88470641168797], [7.17872158122275, 52.887041070731534], [7.18228604066161, 52.889375620347145], [7.18585088124263, 52.891710060497964], [7.189416102965813, 52.89404439118399], [7.192981705947212, 52.896378612368395], [7.196547690186829, 52.89871272405119], [7.2002594444104835, 52.898801913268265], [7.204116968618176, 52.896646180019644], [7.207974103697189, 52.894490316491854], [7.211830849647522, 52.89233432268487], [7.215687206565943, 52.89017819864071], [7.219543174452451, 52.888021944359366], [7.2216156317184685, 52.884698969143955], [7.221904578363994, 52.88020927299448], [7.220266310965136, 52.876797724606604], [7.216700829521892, 52.87446432398035], [7.211208230874074, 52.8732087224368], [7.20378851502168, 52.87303091997596], [7.1982967104195605, 52.87177498319212], [7.194732817067716, 52.86944091208528], [7.191169304405696, 52.867106731532786], [7.187606172433498, 52.864772441534654], [7.182115632250381, 52.86351547192464], [7.174697683856345, 52.86333582270274], [7.169207937488858, 52.862078518151364], [7.165646393147924, 52.85974355827052], [7.162085229222736, 52.8574084890725], [7.158524445713297, 52.85507331055729], [7.153035964135346, 52.85381497378164]]]}}, {"type": "Feature", "properties": {"band": "echo", "dbz": 35.0, "source": "OPERA-ORD", "time": "20260906232000"}, "geometry": {"type": "Polygon", "coordinates": [[[5.6805170253798085, 52.5654240406388], [5.673156553110461, 52.5651490855053], [5.665796167410468, 52.56487366288209], [5.658435868279829, 52.564597772769204], [5.652803683904238, 52.56551180577867], [5.6488996142836925, 52.56761576191048], [5.6467235110195455, 52.570909984954156], [5.646275374111798, 52.575394474909686], [5.647780025094427, 52.57882701866619], [5.651237463967434, 52.58120761622367], [5.656647839267363, 52.58253592362627], [5.664011150994213, 52.58281194087398], [5.671374549420635, 52.58308749041851], [5.678738034546631, 52.58336257225982], [5.6843716265158335, 52.582447541549335], [5.68827532532824, 52.58034239828704], [5.69044898364373, 52.577047486487146], [5.690892601462302, 52.57256280614966], [5.689385123157312, 52.569130729037084], [5.685926548728759, 52.5667512551494], [5.6805170253798085, 52.5654240406388]]]}}, {"type": "Feature", "properties": {"band": "echo", "dbz": 35.0, "source": "OPERA-ORD", "time": "20260906232000"}, "geometry": {"type": "Polygon", "coordinates": [[[7.113459111400575, 52.584142484582514], [7.109625171475594, 52.58629551435354], [7.105790848963177, 52.58844841440572], [7.101956143863323, 52.59060118473904], [7.098121056081972, 52.59275382531217], [7.094285585619123, 52.594906336125106], [7.092218013238344, 52.5982274627322], [7.091918338939635, 52.60271720513343], [7.093537157571315, 52.60613071345342], [7.097074469133381, 52.60846798769218], [7.100761309226177, 52.60856026867924], [7.1045976778497035, 52.60640755641462], [7.108433663506115, 52.60425471437307], [7.11226926619541, 52.602101742554595], [7.116104486011782, 52.59994864100055], [7.119939322955231, 52.59779540971095], [7.12200498944664, 52.59447387262458], [7.122301485486009, 52.58998402974146], [7.120681320470037, 52.58657082364917], [7.1171444943987225, 52.58423425434772], [7.113459111400575, 52.584142484582514]]]}}, {"type": "Feature", "properties": {"band": "echo", "dbz": 35.0, "source": "OPERA-ORD", "time": "20260906232000"}, "geometry": {"type": "Polygon", "coordinates": [[[7.098146661957079, 52.564646334529975], [7.090779853469284, 52.56446149567338], [7.083413103289057, 52.56427618846053], [7.076046411416399, 52.56409041289143], [7.068679778144231, 52.563904168977864], [7.061313203472553, 52.56371745671982], [7.055712380955967, 52.56469966492034], [7.051877310594472, 52.56685079357942], [7.049807891735334, 52.57017118805936], [7.049504124378553, 52.57466084836018], [7.049200281617405, 52.579150500820596], [7.048896363451892, 52.5836401454406], [7.05051115310069, 52.587054262085715], [7.054044650563799, 52.58939285075595], [7.0594969566617065, 52.59065556583018], [7.066868071394413, 52.59084240730843], [7.072471680177541, 52.58985993289808], [7.076307783011088, 52.58770814259914], [7.080143503260576, 52.58555622247408], [7.083978840926005, 52.583404172522904], [7.089581427158244, 52.582420609607624], [7.096951261957292, 52.582605533728234], [7.102553116346939, 52.58162159610285], [7.106386990327183, 52.579468796731476], [7.108452784860853, 52.57614748120102], [7.108750499947954, 52.57165764951149], [7.107132034668872, 52.56824423873961], [7.103597389023609, 52.56590724888539], [7.098146661957079, 52.564646334529975]]]}}, {"type": "Feature", "properties": {"band": "echo", "dbz": 35.0, "source": "OPERA-ORD", "time": "20260906232000"}, "geometry": {"type": "Polygon", "coordinates": [[[5.7446581257447455, 52.51378737281524], [5.7373059906283155, 52.51351653217704], [5.731682137800407, 52.51443445868078], [5.7277865672610195, 52.51654115232644], [5.725619133728114, 52.51983695649346], [5.725179837201689, 52.524321871181826], [5.726689077130895, 52.52775347028438], [5.73014685351573, 52.53013175380111], [5.735553311773064, 52.53145637818661], [5.742908451902898, 52.53172734344088], [5.748533952237845, 52.53080913576654], [5.752429812777906, 52.528701755163596], [5.754595888804564, 52.52540554520991], [5.755032180317822, 52.52092050590547], [5.753521292881578, 52.517489187973524], [5.750063226495833, 52.51511159141407], [5.7446581257447455, 52.51378737281524]]]}}, {"type": "Feature", "properties": {"band": "echo", "dbz": 35.0, "source": "OPERA-ORD", "time": "20260906232000"}, "geometry": {"type": "Polygon", "coordinates": [[[6.923259281197159, 52.533145067778634], [6.915898441359392, 52.53294912541967], [6.908537663202564, 52.53275271517187], [6.901176946726672, 52.532555837035225], [6.893816292223555, 52.53235849102222], [6.886455699693213, 52.53216067713284], [6.880854949288183, 52.533134437654304], [6.877014041008466, 52.53527977258661], [6.874932868439263, 52.53859702680798], [6.874611431580575, 52.54308620031839], [6.876211203635744, 52.54650272923283], [6.879732184604772, 52.54884661355128], [6.885174481001394, 52.55011750822794], [6.8925380928256095, 52.55031541326282], [6.89798117123412, 52.55158597767428], [6.901503716226927, 52.553929201462296], [6.905026634662926, 52.55627231756567], [6.908549926542117, 52.55861532598442], [6.913994257709696, 52.55988486910591], [6.921359628165665, 52.560080946930135], [6.9269625970396245, 52.559105497949886], [6.930803164331573, 52.55695852216515], [6.932881225153844, 52.55364036477207], [6.933196779506435, 52.549151025770655], [6.933512255632289, 52.54466167879847], [6.933827653531406, 52.540172323855494], [6.932223939639734, 52.53675649452754], [6.928701113957272, 52.534414190814594], [6.923259281197159, 52.533145067778634]]]}}, {"type": "Feature", "properties": {"band": "echo", "dbz": 35.0, "source": "OPERA-ORD", "time": "20260906232000"}, "geometry": {"type": "Polygon", "coordinates": [[[7.011594111104245, 52.53545987825179], [7.004232543356455, 52.53526955107603], [6.998634079392883, 52.53624901641889], [6.994798719213531, 52.5383982742804], [6.992726360391713, 52.54171766968165], [6.992417002927429, 52.54620720262267], [6.994026080695733, 52.549622128644465], [6.997553593696624, 52.55196244774705], [7.002999644452033, 52.55322781474158], [7.01036423296196, 52.55341822962806], [7.015811065088689, 52.554683265447274], [7.01934014083222, 52.557022922199245], [7.022869590363474, 52.559362470835154], [7.02639941368245, 52.56170191135501], [7.03184749459817, 52.562965924397275], [7.039213833110636, 52.56315450996195], [7.044814503956943, 52.56217335353131], [7.048649507137092, 52.560022455105354], [7.050718741759777, 52.556702160021146], [7.051022207824998, 52.552212468278675], [7.049408928000505, 52.5487982473893], [7.045878902286297, 52.54645949735301], [7.0404322314797545, 52.5451958730006], [7.033068915580875, 52.54500737433206], [7.027623025590053, 52.543743418643125], [7.024094561507284, 52.54140400593379], [7.02056647084396, 52.53906448514426], [7.01703875360008, 52.53672485627453], [7.011594111104245, 52.53545987825179]]]}}, {"type": "Feature", "properties": {"band": "echo", "dbz": 35.0, "source": "OPERA-ORD", "time": "20260906232000"}, "geometry": {"type": "Polygon", "coordinates": [[[7.308683195553543, 52.02106472343509], [7.3014059795007515, 52.02089353099429], [7.294128815794079, 52.02072187652588], [7.286851704433529, 52.02054976002988], [7.279574645699395, 52.02037718151684], [7.272297639591679, 52.02020414098677], [7.265020686390648, 52.0200306384503], [7.2577437860963006, 52.019856673907434], [7.250466938988874, 52.019682247368834], [7.2431901450683664, 52.0195073588345], [7.237662574608097, 52.02049879151615], [7.2338842276080655, 52.02265654541375], [7.231855012583359, 52.025980960594744], [7.231574929533977, 52.03047203705912], [7.231294777884552, 52.03496310497116], [7.231014557635085, 52.03945416433087], [7.2289840996131325, 52.04277841482745], [7.2252034038186945, 52.04493585646092], [7.221422336664203, 52.04709317038533], [7.217640898149659, 52.04925035660071], [7.213859088184444, 52.05140741506709], [7.210076906768556, 52.053564345784466], [7.204544641108394, 52.05455390034428], [7.19726229120396, 52.054376078746515], [7.1917293134041556, 52.05536526421719], [7.187945707708983, 52.05752145675629], [7.184161730382589, 52.05967752141435], [7.180377381424972, 52.06183345819138], [7.174843405588846, 52.06282157066495], [7.167559802874212, 52.06264185883505], [7.160276255231568, 52.062461684552595], [7.152992762660912, 52.06228104781758], [7.147457789464216, 52.063268086968556], [7.143671335641476, 52.06542280200551], [7.141633306492398, 52.06874553334248], [7.141343702016982, 52.07323628097946], [7.142948060532144, 52.076649691686775], [7.146446382037887, 52.07898576546443], [7.151838761321486, 52.08024416173478], [7.159125198382946, 52.080424880497844], [7.164661738228778, 52.07943754185449], [7.168448380858983, 52.07728214580473], [7.172234651494756, 52.07512662176593], [7.176020550136096, 52.0729709697381], [7.179663483065304, 52.073060624943906], [7.183163450282379, 52.07539558738334], [7.1847707701588455, 52.078808495270025], [7.184485442694704, 52.083299348603965], [7.186093460356924, 52.08671215474744], [7.189594823145504, 52.08904691370046], [7.19309655060973, 52.09138156496675], [7.196598642749601, 52.09371610854632], [7.198207622395662, 52.0971288102884], [7.197923489547916, 52.10161967019301], [7.199533167886294, 52.10503227008046], [7.203036657410795, 52.10736660995076], [7.206540512006822, 52.10970084204636], [7.210044731674374, 52.11203496636726], [7.213549316522469, 52.114368982878254], [7.217054266551108, 52.11670289157936], [7.220559581869332, 52.11903669243539], [7.224065262477141, 52.121370385446326], [7.225677303967365, 52.12478267684883], [7.225395706340004, 52.129273566642894], [7.227008448005415, 52.13268575597312], [7.230515528963596, 52.13501924483952], [7.235917041517224, 52.136273692036276], [7.243212985666298, 52.136449097563386], [7.250508983519265, 52.136624039733896], [7.257805035076125, 52.1367985185478], [7.263207759673875, 52.13805195094277], [7.266717157312516, 52.1403843369188], [7.266578102475342, 52.14262981903637], [7.262790595162354, 52.1447883972955], [7.259002714481467, 52.14694684769559], [7.255214460432681, 52.14910517023664], [7.255075337287477, 52.15135064399546], [7.258585345045854, 52.15368326897203], [7.263989906788621, 52.154936396999695], [7.271289022515775, 52.15511002807845], [7.276694346927942, 52.156362826093755], [7.280205880025123, 52.15869479104563], [7.283717779394207, 52.16102664783495], [7.287230045035194, 52.16335839646173], [7.292636581824723, 52.16461017868174], [7.299937389762793, 52.16478199449501], [7.307238250390473, 52.16495334659342], [7.314539163707764, 52.165124234976986], [7.32184012943096, 52.16529465963512], [7.3291411475600645, 52.16546462056782], [7.3346844998688745, 52.16446913199295], [7.338470186357389, 52.162308193910526], [7.342255499203368, 52.160147128215456], [7.346040438406809, 52.15798593490776], [7.349690655457424, 52.15807021017182], [7.353206150355213, 52.16039995400765], [7.354829483176598, 52.16381041379563], [7.35456065392158, 52.16830158953575], [7.356184690422005, 52.171711946323825], [7.359701592677873, 52.17404148415985], [7.363218861690185, 52.17637091351592], [7.366736497458938, 52.17870023439203], [7.3702545000933055, 52.1810294467527], [7.373772869593286, 52.183358550597944], [7.377424670775807, 52.1834419364247], [7.381209903640869, 52.18127960423298], [7.384994762497801, 52.17911714453043], [7.3887792473466, 52.17695455731706], [7.392431099715226, 52.17703747921349], [7.395950319603678, 52.17936591021973], [7.399469906435405, 52.18169423260485], [7.402989860210409, 52.184022446368836], [7.406510181037804, 52.1863505514762], [7.410030868917589, 52.18867854792694], [7.413551923958903, 52.19100643568551], [7.417073346161745, 52.1933342147519], [7.42059513563527, 52.19566188509058], [7.424117292379479, 52.19798944670154], [7.4276398165035475, 52.200316899549215], [7.431162708007477, 52.20264424363362], [7.434685967000466, 52.204971478919155], [7.438209593482514, 52.207298605405825], [7.441733587562841, 52.20962562305803], [7.445257949241446, 52.211952531875774], [7.450674805349896, 52.21319688488057], [7.457984155888192, 52.21335868207242], [7.463530583232922, 52.212357006406705], [7.467314087384088, 52.21019185788342], [7.467443234188666, 52.20794616617925], [7.463918023646658, 52.20561993129418], [7.460393180670586, 52.2032935875044], [7.456868705260447, 52.20096713480989], [7.4552358899414735, 52.19755821374239], [7.455494734713662, 52.19306682430189], [7.453862625762031, 52.189657799509284], [7.450339563086578, 52.18733113936459], [7.446816867579123, 52.18500437040466], [7.443294539239665, 52.1826774926295], [7.441663411156804, 52.17926836113817], [7.441923483330538, 52.174776975930655], [7.442183491609285, 52.1702855825198], [7.442443435993044, 52.16579418090561], [7.4408132877003474, 52.162384942757846], [7.437293046731194, 52.16005786807651], [7.4337731723533205, 52.15773068468748], [7.430253664566724, 52.15540339259077], [7.426734523262601, 52.153075991821844], [7.42321574844095, 52.15074848238072], [7.417807023652389, 52.149502567181685], [7.4105083488969195, 52.14933824622474], [7.405100385565126, 52.14809199997343], [7.401583133657007, 52.145763828427775], [7.398066247975254, 52.14343554833357], [7.394549728519865, 52.14110715969083], [7.390900836975529, 52.141024313277185], [7.387119573342247, 52.14318700909263], [7.383337936434501, 52.14534957750818], [7.379555926252291, 52.14751201852385], [7.375907085741616, 52.14742870860083], [7.372391414902475, 52.14509964773914], [7.370767056951549, 52.141689485517944], [7.371034011888836, 52.137198221937254], [7.369410356845994, 52.13378795663505], [7.365896091823024, 52.13145868961132], [7.362382192661366, 52.12912931419799], [7.358868659361019, 52.12679983039503], [7.359002407908726, 52.12455419564999], [7.3627834383044855, 52.12239240996285], [7.368320920960713, 52.12139501130018], [7.375614855877408, 52.121561999662006], [7.38290884187418, 52.12172852478224], [7.390202878951031, 52.1218945866609], [7.395739352411487, 52.12089611522559], [7.399518262255551, 52.11873311047631], [7.401539521825674, 52.11540591361418], [7.4018031311218575, 52.1109145246392], [7.40017802373232, 52.1075046568273], [7.396664199657064, 52.10517631017851], [7.391261745473848, 52.10392914365588], [7.3839706611826745, 52.103763157259436], [7.376679627895548, 52.1035967078313], [7.369388645612471, 52.103429795371476], [7.363987396618025, 52.10218161331076], [7.360475880912213, 52.09985216164917], [7.3606094327000235, 52.097606501872725], [7.364388051981456, 52.09544463398146], [7.368166298992866, 52.093282638763995], [7.37194417373425, 52.09112051622034], [7.373966196136963, 52.087793773124304], [7.374232366201004, 52.08330240947587], [7.372610335972511, 52.079892126068714], [7.369100105451486, 52.077562922902835], [7.363701761990457, 52.07631445923736], [7.356415305589426, 52.076146735072285], [7.351017720895619, 52.074897941321524], [7.3475090079090375, 52.072568077985075], [7.345889078642773, 52.069157485770646], [7.346157933096828, 52.064666164678236], [7.346426721680795, 52.060174835153134], [7.346695444394675, 52.055683497195346], [7.348717452402302, 52.05235706645501], [7.352492745703674, 52.05019554293213], [7.358021412141223, 52.049198586171336], [7.365303451714952, 52.04936619617263], [7.372585542346608, 52.049533343780865], [7.379867684036194, 52.04970002899606], [7.3853953456127055, 52.04870200130043], [7.389168527076144, 52.046539260693976], [7.389300951144893, 52.04429353158596], [7.385792617818954, 52.04196481397637], [7.380398115767997, 52.04071713146747], [7.373117444992026, 52.04055048405926], [7.365836825236035, 52.04038337436254], [7.358556256500022, 52.040215802377304], [7.35316295582769, 52.03896710603266], [7.349656923219038, 52.0366372853286], [7.346151254544291, 52.03430735650247], [7.342645949803451, 52.03197731955426], [7.337253850930853, 52.030727609748816], [7.329974957926496, 52.03055822708613], [7.324583616104196, 52.02930818774209], [7.321079825463951, 52.02697749171669], [7.317576398502856, 52.02464668769187], [7.314073335220912, 52.02231577566762], [7.308683195553543, 52.02106472343509]]]}}, {"type": "Feature", "properties": {"band": "echo", "dbz": 35.0, "source": "OPERA-ORD", "time": "20260906232000"}, "geometry": {"type": "Polygon", "coordinates": [[[7.643965970346744, 52.01945574433321], [7.636687971283075, 52.01930584472622], [7.62941001807657, 52.01915548296863], [7.622132110727228, 52.019004659060414], [7.616613283865066, 52.02001438570857], [7.612853537490085, 52.0221846629131], [7.610852792644236, 52.02551583103165], [7.610611049327522, 52.03000789006423], [7.612249914333397, 52.03341482767986], [7.61576938766186, 52.035736643878536], [7.619289225533041, 52.038058350994305], [7.62280942794694, 52.04037994902714], [7.626329995010853, 52.04270143794166], [7.629850926724781, 52.045022817737845], [7.633372223196038, 52.04734408838024], [7.636893884424626, 52.04966524986885], [7.636773968726294, 52.05191128433444], [7.633012476101044, 52.054082191777006], [7.629250612143973, 52.05625297297019], [7.625488376855079, 52.058423627913996], [7.625368402370062, 52.06066965410541], [7.6288906886889185, 52.06299105154443], [7.634294510104232, 52.064226785126856], [7.641579866616002, 52.06437685485269], [7.648865268873957, 52.06452646189556], [7.656150716878094, 52.06467560625547], [7.661555731597325, 52.06591032220986], [7.665080313031652, 52.068230609758714], [7.668605259760179, 52.07055078797633], [7.6721305717829065, 52.07287085686271], [7.675656249207273, 52.075190816382296], [7.679182292033277, 52.07751066653511], [7.682708700368368, 52.079830407285584], [7.6862354742125465, 52.08215003863371], [7.689762613673288, 52.08446956054393], [7.693290118750593, 52.08678897301624], [7.694937010757172, 52.09019475253259], [7.694703289693029, 52.094686899092984], [7.696350887779192, 52.09809257335583], [7.699879805015661, 52.10041177532113], [7.705290117938076, 52.10164416376588], [7.712581826546434, 52.1017897386901], [7.7181083383000315, 52.10077569608844], [7.721869653198866, 52.09860203596089], [7.723865695390596, 52.095269099547494], [7.724096464875221, 52.09077688684825], [7.722447314840281, 52.087371520665364], [7.718918245285776, 52.08505300099882], [7.715389541420381, 52.082734371789165], [7.711861203244093, 52.0804156330364], [7.710213042954489, 52.077010157419984], [7.710445060551568, 52.07251794493992], [7.710677021281739, 52.068025724253], [7.710908925145, 52.06353349535923], [7.712903921053474, 52.06020061520538], [7.7166620090071625, 52.058027083791444], [7.720419725645877, 52.055853426441395], [7.72417707096962, 52.05367964315524], [7.724292569536461, 52.051433508137], [7.720766221346402, 52.04911502138668], [7.7172402381318905, 52.046796425167685], [7.713714619892926, 52.04447771948], [7.71018936652242, 52.04215890435916], [7.706664478020372, 52.039839979805166], [7.7031399542797105, 52.03752094585353], [7.699615795300437, 52.03520180250425], [7.696092000975499, 52.032882549792824], [7.692568571304898, 52.03056318771927], [7.687166985924117, 52.02932992670479], [7.679887244833159, 52.02918276674941], [7.672607548790449, 52.02903514451142], [7.6653278977959864, 52.02888705999083], [7.65992750231244, 52.027652781874494], [7.65640636233981, 52.02533231016239], [7.652885586734765, 52.02301172926393], [7.649365175497307, 52.02069103917911], [7.643965970346744, 52.01945574433321]]]}}, {"type": "Feature", "properties": {"band": "echo", "dbz": 35.0, "source": "OPERA-ORD", "time": "20260906232000"}, "geometry": {"type": "Polygon", "coordinates": [[[7.838035693094852, 51.961451675548446], [7.834291825649618, 51.9636292989921], [7.830547588819115, 51.96580679717129], [7.826802982603344, 51.967984170086], [7.821295556560355, 51.96900354752168], [7.814025310690147, 51.96886492947835], [7.8067551071171755, 51.96872584980411], [7.799484945841439, 51.968586308498956], [7.792214827142744, 51.96844630557146], [7.784944751021091, 51.968305841021625], [7.779436004440909, 51.969323453693676], [7.7756885874022, 51.97149914358762], [7.775576529158176, 51.97374541787622], [7.779099829708835, 51.97606227655946], [7.784497251248403, 51.97729095407675], [7.791768793776878, 51.97743145042811], [7.7971669670966675, 51.978659795481], [7.800691771207769, 51.980975989235446], [7.80058039169157, 51.98322227111915], [7.796832828548071, 51.98539864113213], [7.791322542150644, 51.986416562054146], [7.784049532499289, 51.986276033885204], [7.778538530773314, 51.98729359045042], [7.774789536972721, 51.98946923174979], [7.772802477633853, 51.99280329792998], [7.772577352756709, 51.99729578899101], [7.7723521727692635, 52.00178827176859], [7.772126937671516, 52.00628074626272], [7.773777328386397, 52.009685428262294], [7.77730334491391, 52.012002317767326], [7.78082972584841, 52.01431909766837], [7.784356471189894, 52.01663576796543], [7.784244138388228, 52.01888200082275], [7.780492727443409, 52.02105779624032], [7.7767409459236525, 52.02323346603789], [7.77298879382896, 52.02540901021546], [7.772876405998708, 52.027655234827655], [7.7764037824328955, 52.029972139874474], [7.781807648662168, 52.03120093614723], [7.789088004686523, 52.03134162364592], [7.794603936978258, 52.030323842667904], [7.798355445537373, 52.02814759321319], [7.802106583436293, 52.02597121820331], [7.805857350675018, 52.02379471763828], [7.80949722503389, 52.02386435995721], [7.813026206512906, 52.02618014516009], [7.816555552754302, 52.028495820599915], [7.820085263758075, 52.03081138627667], [7.825490424825553, 52.03203812577851], [7.8327710359567355, 52.03217603910545], [7.840051689043137, 52.03231349005338], [7.847332384084758, 52.03245047862232], [7.854613120800263, 52.032587004803844], [7.861893899189653, 52.032723068597946], [7.867408308839007, 52.031701780863116], [7.8711563497483255, 52.02952314159934], [7.873137951309224, 52.02618749146069], [7.873353113521702, 52.021694830447146], [7.871694990644597, 52.0182915044058], [7.8681635826779095, 52.01597751333665], [7.864632539329609, 52.013663412349096], [7.861101860599697, 52.01134920144314], [7.861209730117495, 52.009102866296594], [7.864956147883005, 52.00692440690946], [7.870467581801803, 52.005902700776026], [7.8777440318738865, 52.006037747896286], [7.88325474886331, 52.00501567784083], [7.8869997327700725, 52.00283649060965], [7.887106815025122, 52.00059013193995], [7.88357599562846, 51.998276601831726], [7.8800455405294505, 51.99596296179034], [7.876515449728093, 51.9936492118158], [7.874857774962294, 51.99024597343749], [7.87507251623205, 51.985753246655406], [7.8752872049772815, 51.98126051161788], [7.875501841197988, 51.97676776832491], [7.873845159145434, 51.973364418839644], [7.870317158819621, 51.971050463162086], [7.864917910508975, 51.96982556124505], [7.857647414213497, 51.96968971308854], [7.852248916864959, 51.968464478230686], [7.84872241846336, 51.96614985667148], [7.845196283651289, 51.96383512537556], [7.841670512428743, 51.96152028434293], [7.838035693094852, 51.961451675548446]]]}}, {"type": "Feature", "properties": {"band": "echo", "dbz": 35.0, "source": "OPERA-ORD", "time": "20260906232000"}, "geometry": {"type": "Polygon", "coordinates": [[[7.252134377098883, 51.99273523372404], [7.244861985223556, 51.99256046401308], [7.237589646696345, 51.99238523262991], [7.230317361517247, 51.99220953957451], [7.22479290878896, 51.9932003718969], [7.221016288511487, 51.99535772959707], [7.218987408920566, 51.99868195246193], [7.218706270016199, 52.00317304049148], [7.220314174664069, 52.00658546965559], [7.223811122864176, 52.00891923995425], [7.229197206464923, 52.010174011437506], [7.236472425466307, 52.01034978410535], [7.243747697895107, 52.01052509489252], [7.2510230237513245, 52.01069994379901], [7.256548748003232, 52.00970810870199], [7.260324870650829, 52.007549589601474], [7.2623513010008445, 52.00422472648344], [7.2626280390532765, 51.99973351934792], [7.261017449318755, 51.99632159148], [7.257519531797282, 51.99398894287968], [7.252134377098883, 51.99273523372404]]]}}, {"type": "Feature", "properties": {"band": "echo", "dbz": 35.0, "source": "OPERA-ORD", "time": "20260906232000"}, "geometry": {"type": "Polygon", "coordinates": [[[7.343305895805228, 51.960029956306066], [7.339537915182258, 51.962191275023855], [7.337519487330234, 51.96551766934982], [7.337250612249156, 51.970009139283974], [7.33698167140685, 51.974500600640525], [7.336712664803315, 51.978992053419496], [7.338328780093118, 51.982402879806926], [7.341830017276258, 51.98473307980282], [7.3454654534778205, 51.98481743487378], [7.349235088697805, 51.982655945019815], [7.3512536769346095, 51.97932945461115], [7.351521218188235, 51.97483796364776], [7.351788694037767, 51.97034646411644], [7.352056104483207, 51.96585495601718], [7.350439828808624, 51.96244422571246], [7.346939867014017, 51.960114273202265], [7.343305895805228, 51.960029956306066]]]}}, {"type": "Feature", "properties": {"band": "echo", "dbz": 35.0, "source": "OPERA-ORD", "time": "20260906232000"}, "geometry": {"type": "Polygon", "coordinates": [[[7.2984995316851204, 51.94886060344358], [7.291234146697181, 51.94868879841101], [7.28396881402401, 51.94851653219459], [7.276703533665608, 51.94834380479431], [7.271185602871597, 51.94933691286447], [7.267415021641979, 51.95149585640507], [7.263644070952524, 51.953654672657294], [7.259872750803233, 51.95581336162116], [7.25610106110398, 51.95797192325695], [7.252329001854765, 51.960130357564665], [7.252190571098274, 51.96237599003849], [7.255685768834509, 51.96470882067841], [7.259181328926042, 51.96704154366951], [7.262677251372874, 51.9693741590118], [7.266173536282675, 51.97170666667034], [7.269670183655446, 51.97403906664514], [7.275053343419536, 51.9752916889703], [7.2823230155749465, 51.97546453364581], [7.289592740161714, 51.97563691682542], [7.296862517179839, 51.97580883850913], [7.302382845473996, 51.97481476168752], [7.306153725044183, 51.97265468636059], [7.308175066890766, 51.96932895220737], [7.308446871013745, 51.96483755922786], [7.30871860870844, 51.96034615763779], [7.308990279974852, 51.955854747437165], [7.307377642750816, 51.95244340824261], [7.303880697036332, 51.9501121400541], [7.2984995316851204, 51.94886060344358]]]}}, {"type": "Feature", "properties": {"band": "echo", "dbz": 35.0, "source": "OPERA-ORD", "time": "20260906232000"}, "geometry": {"type": "Polygon", "coordinates": [[[5.253871506839043, 51.19869948686277], [5.250069315281749, 51.20079167171804], [5.246266768561419, 51.202883724207446], [5.242463866678053, 51.20497564433098], [5.23866060955384, 51.207067432049236], [5.234856997188779, 51.20915908736221], [5.234622454835478, 51.211401651289115], [5.237956982493934, 51.21379512382997], [5.243193759357956, 51.21514244953807], [5.250332785427544, 51.21544362841343], [5.255803849210764, 51.214548037774996], [5.259606950707617, 51.212455677622756], [5.261741940369935, 51.209166878044826], [5.262208818197715, 51.204681639041205], [5.260774843488127, 51.20124261326333], [5.257440016241168, 51.1988498007112], [5.253871506839043, 51.19869948686277]]]}}, {"type": "Feature", "properties": {"band": "echo", "dbz": 35.0, "source": "OPERA-ORD", "time": "20260906232000"}, "geometry": {"type": "Polygon", "coordinates": [[[7.616802839293309, 51.16430089514775], [7.609661725058487, 51.16414962338722], [7.604246807135397, 51.16515941148485], [7.600558085524038, 51.167330259440675], [7.598595484670939, 51.17066249931765], [7.598359004576102, 51.17515613111579], [7.599967587287043, 51.178564355720624], [7.603421232803763, 51.18088717313215], [7.608720016747567, 51.18212425113106], [7.615863939118455, 51.182275589717364], [7.62128033637944, 51.18126550288303], [7.624969208530523, 51.179093990628076], [7.626930480585555, 51.17576138518865], [7.627164152544538, 51.171267686564754], [7.625554090495703, 51.167859760696615], [7.622100294439047, 51.16553760758421], [7.616802839293309, 51.16430089514775]]]}}, {"type": "Feature", "properties": {"band": "echo", "dbz": 35.0, "source": "OPERA-ORD", "time": "20260906232000"}, "geometry": {"type": "Polygon", "coordinates": [[[7.544151672577623, 50.919793012994376], [7.537048733055628, 50.91963724029085], [7.529945838287086, 50.91948101789865], [7.522842988271998, 50.91932434581778], [7.517455102848383, 50.92033015851236], [7.513782182016239, 50.92249845598238], [7.513660984292401, 50.924745432851296], [7.517091509676869, 50.927071089119096], [7.520522378270817, 50.9293966390326], [7.523953590074246, 50.93172208259181], [7.5255482580820106, 50.935131774723715], [7.52530638229411, 50.93962571542833], [7.52506444879302, 50.944119646074554], [7.524822457578741, 50.94861356666239], [7.524580408611463, 50.9531074772055], [7.524338301891189, 50.95760137770389], [7.525934151610462, 50.961010954027145], [7.529367957769284, 50.96333620617528], [7.534639797362065, 50.964576804036774], [7.541749670388803, 50.964732747611635], [7.548859588074004, 50.96488824099696], [7.555969550417666, 50.96504328419275], [7.561361546027726, 50.96403590081832], [7.565035574904185, 50.96186609087364], [7.568709253606714, 50.95969615743557], [7.572382582135315, 50.957526100504104], [7.576055560574598, 50.95535592011648], [7.57972818892456, 50.953185616272705], [7.581682724516842, 50.949853436085135], [7.581919167351444, 50.94535937955377], [7.582155553792785, 50.9408653129976], [7.5823918838408675, 50.93637123641663], [7.580792968092996, 50.93296234198625], [7.577358806549168, 50.93063862970646], [7.5720894745238745, 50.929399769745274], [7.564984972017114, 50.929245762102695], [7.559716351853579, 50.92800657914901], [7.55628361403327, 50.92568222088422], [7.552851219426993, 50.9233577561504], [7.5494191680347456, 50.92103318494756], [7.544151672577623, 50.919793012994376]]]}}, {"type": "Feature", "properties": {"band": "echo", "dbz": 35.0, "source": "OPERA-ORD", "time": "20260906232000"}, "geometry": {"type": "Polygon", "coordinates": [[[7.307934045318711, 50.82437411728715], [7.300846503336578, 50.824203431472625], [7.295464877163098, 50.82519864142693], [7.291789166798271, 50.827359747150055], [7.288113108559367, 50.82952072875896], [7.284436702446385, 50.83168158625363], [7.279054137401343, 50.83267575616088], [7.271965413424242, 50.83250323848073], [7.2665821805446535, 50.83349705047198], [7.262904438762577, 50.83565719213463], [7.260932103508598, 50.838983992159434], [7.260665174782716, 50.84347745054638], [7.26223780616565, 50.84689085703579], [7.2656499976574, 50.849224211627664], [7.270901833902668, 50.85047718547788], [7.277993314901454, 50.850649778586416], [7.283378010590006, 50.849655675532496], [7.287055920968325, 50.84749487631611], [7.290733483141749, 50.84533395293416], [7.294410697110277, 50.84317290538665], [7.29795616641322, 50.84325851932894], [7.301369891050578, 50.84559079476102], [7.302945294269734, 50.84900370775927], [7.302682376070687, 50.853497258323685], [7.300711905897644, 50.856824652480185], [7.297033883750604, 50.858985890228766], [7.291648393278675, 50.85998064260861], [7.284555434481856, 50.85980890961972], [7.277462524837928, 50.85963672769996], [7.270369664346888, 50.85946409684932], [7.264983233799722, 50.860457808312155], [7.261303233196429, 50.86261786208846], [7.259329577789035, 50.865944587119415], [7.259062267577542, 50.870437983405], [7.260635647867343, 50.87385137176423], [7.264049718658438, 50.876184752197105], [7.269304564774294, 50.87743779560887], [7.276400186214912, 50.87761050199953], [7.283495856879583, 50.87778275926354], [7.290591576768306, 50.87795456740092], [7.2976873456257465, 50.87812592640181], [7.304783163451904, 50.8782968362662], [7.310170515493473, 50.87730146744775], [7.313849401750454, 50.87513981994645], [7.31752793930642, 50.87297804830012], [7.321206128161372, 50.87081615250876], [7.324753764745219, 50.87090092444325], [7.328170849057962, 50.873232364103586], [7.328040269128428, 50.87547914153582], [7.324362024956619, 50.877641256739956], [7.320683432001139, 50.87980324781064], [7.317004490261989, 50.88196511474787], [7.3150340006206385, 50.88529280094914], [7.314771963077088, 50.889786306414436], [7.316350087400725, 50.89319889699969], [7.319768373591549, 50.8955305727049], [7.325026904840661, 50.89678100421074], [7.332125681148063, 50.89695019151722], [7.337514623015268, 50.89595352245013], [7.341193730442279, 50.893790997009475], [7.344872488837602, 50.89162834747016], [7.34855089820124, 50.889465573832176], [7.353938896057247, 50.88846786361311], [7.361036482405623, 50.88863521681296], [7.368134116480164, 50.888802120729856], [7.375231798280868, 50.888968575363805], [7.382329527552057, 50.889134580705246], [7.389427304293728, 50.889300136754166], [7.394814083088943, 50.88830070271352], [7.3984898639377, 50.88613627858331], [7.400454566078908, 50.88280719367338], [7.40070818951257, 50.87831344798373], [7.399124613402812, 50.874901932392966], [7.3957038377496325, 50.872572646901084], [7.390445943242074, 50.871325262351995], [7.383350929880137, 50.87115977874569], [7.378093746170917, 50.86991207291045], [7.374674392114411, 50.86758214484628], [7.371255379844441, 50.86525211105314], [7.367836709361007, 50.86292197153104], [7.3644183805654615, 50.86059172631282], [7.361000393457806, 50.85826137539847], [7.357582747939407, 50.85593091882082], [7.354165444010267, 50.85360035657985], [7.348910808507638, 50.852351023168154], [7.34181884143152, 50.85218291858572], [7.336564916266222, 50.8509332643183], [7.333149033011744, 50.848602060365906], [7.331571109205619, 50.84518963564383], [7.331831144847845, 50.84069599015207], [7.330253876075487, 50.837283463960404], [7.326839302888542, 50.83495205706881], [7.323425070797978, 50.832620544677795], [7.320011179803796, 50.83028892678733], [7.3165976298074735, 50.82795720343019], [7.3131844208090095, 50.825625374606346], [7.307934045318711, 50.82437411728715]]]}}, {"type": "Feature", "properties": {"band": "echo", "dbz": 35.0, "source": "OPERA-ORD", "time": "20260906232000"}, "geometry": {"type": "Polygon", "coordinates": [[[7.733712449976611, 50.82480491584411], [7.726623598244926, 50.82466118303625], [7.721251351682788, 50.82567687190303], [7.7175957102901975, 50.82785198244446], [7.713939721243385, 50.830026970359285], [7.710283384542347, 50.83220183564751], [7.704910183336219, 50.833216488549226], [7.697820117625, 50.83307092906443], [7.692558909830819, 50.831837952841795], [7.689126559953676, 50.82951755988133], [7.685694551806948, 50.82719706019674], [7.682262885390633, 50.824876453788015], [7.678718259801194, 50.824803008869004], [7.675060675038629, 50.82697672543971], [7.671402742612608, 50.829150319237435], [7.667744462523132, 50.8313237902622], [7.664085834686067, 50.83349713847711], [7.660426859101415, 50.83567036388214], [7.65848327277419, 50.83900420831217], [7.6582550757043935, 50.8434986717672], [7.656310769396596, 50.84683238016335], [7.652650353850796, 50.849005333500614], [7.648989590223599, 50.851178163929134], [7.6453284785150055, 50.853350871448896], [7.645213953319089, 50.85559807985746], [7.648646014635849, 50.85791978915483], [7.652078418167149, 50.86024139179099], [7.655511163912987, 50.86256288776595], [7.658944251971289, 50.86488427704662], [7.662377682342057, 50.86720555963301], [7.667642107591106, 50.868439942738064], [7.674737527718437, 50.86858742636179], [7.681832989849901, 50.86873446079868], [7.688928493985495, 50.86888104604871], [7.694194036537424, 50.870114440088166], [7.697629617505687, 50.87243464291706], [7.701065541048976, 50.87475473888712], [7.704501807167293, 50.87707472799837], [7.709768466626018, 50.87830713262361], [7.716865519425154, 50.878451952762845], [7.723962613491218, 50.87859632359212], [7.731059748824212, 50.87874024511142], [7.738156925168216, 50.87888371731253], [7.7452541425232315, 50.87902674019543], [7.750522325617762, 50.88025748887951], [7.753961474451805, 50.88257596336477], [7.757400966155819, 50.88489433077735], [7.760840800729801, 50.887212591117226], [7.764280978271596, 50.88953074435117], [7.767721498781205, 50.89184879047919], [7.769332869258038, 50.89525511157189], [7.769115089702096, 50.89974970762929], [7.770727123390053, 50.90315592431093], [7.7741689703219095, 50.905473761616804], [7.777719409904394, 50.90554418826535], [7.781378442137508, 50.903367204256575], [7.783316155986373, 50.900031398802426], [7.783532551450989, 50.895536771902904], [7.783748895359392, 50.89104213500746], [7.783965187711583, 50.886547488116086], [7.784181428543051, 50.88205283121503], [7.784397617853796, 50.8775581643043], [7.786333765006861, 50.874222178249646], [7.789989870002248, 50.87204487305109], [7.793645626617287, 50.86986744538266], [7.7973010348519765, 50.867689895244354], [7.7992360399298475, 50.86435375136658], [7.799450641850899, 50.85985901374932], [7.799665192685686, 50.85536426608866], [7.79987969243421, 50.85086950838458], [7.7982675495348435, 50.8474635536593], [7.794828763987587, 50.845146401912814], [7.791282431733927, 50.84507651668015], [7.787628552773863, 50.84725389796133], [7.783974325845901, 50.849431156810276], [7.780319750950041, 50.851608293227], [7.774945846211685, 50.85262629498531], [7.7678526116308335, 50.85248516208522], [7.760759417461269, 50.8523435801447], [7.753666263702994, 50.85220154916374], [7.748401412783701, 50.850971197718394], [7.744964864703391, 50.84865252580865], [7.743356549726341, 50.84524586264235], [7.743576467852551, 50.84075120821949], [7.743796333651921, 50.83625654369529], [7.744016147124449, 50.831761869069744], [7.742408759356149, 50.828355094379745], [7.738974170347019, 50.82603621962528], [7.733712449976611, 50.82480491584411]]]}}, {"type": "Feature", "properties": {"band": "echo", "dbz": 35.0, "source": "OPERA-ORD", "time": "20260906232000"}, "geometry": {"type": "Polygon", "coordinates": [[[7.23258189171689, 50.660527256584054], [7.225519621617975, 50.6603518776582], [7.220155462972608, 50.66134360633127], [7.2164894157807895, 50.663502442603246], [7.212823023670376, 50.66566115493063], [7.209156286641365, 50.667819743313416], [7.203791199886025, 50.668810435312096], [7.196727763404354, 50.668633230926694], [7.189664377093559, 50.668455579723556], [7.182601040953639, 50.66827748170269], [7.177235026688297, 50.669267136725246], [7.173566334297532, 50.67142454479121], [7.171594877260483, 50.674750032994126], [7.17132065557715, 50.679243601334015], [7.172881463207199, 50.68265848508576], [7.176277300150631, 50.684994684249375], [7.1815082530050125, 50.6862518715793], [7.188574321770341, 50.68643004707554], [7.193805979701158, 50.6876869158648], [7.197203226797461, 50.690022477947075], [7.200600812161987, 50.692357935246044], [7.2039987357947375, 50.69469328776171], [7.207396997793499, 50.69702853546171], [7.210795598158271, 50.69936367834604], [7.214194536986861, 50.701698716382325], [7.217593814279268, 50.70403364957056], [7.220993430133315, 50.706368477878364], [7.224393384549001, 50.70870320130573], [7.22425844104939, 50.71095001583105], [7.220588599634482, 50.71310892145433], [7.217053730181593, 50.71302090338372], [7.213653832690724, 50.71068596161925], [7.210254273823431, 50.708350914990575], [7.206855053579715, 50.706015763497696], [7.201620991154911, 50.70475950843262], [7.19455208654902, 50.70458214979534], [7.189182107885203, 50.7055723476042], [7.185511055163456, 50.70773010185921], [7.1818396567058596, 50.70988773194515], [7.17816791251241, 50.71204523786203], [7.17463319368317, 50.71195587801519], [7.17123550021814, 50.70961965240463], [7.16783814526843, 50.70728332207582], [7.164441128834039, 50.70494688702873], [7.159208320015766, 50.70368864860122], [7.152139718813612, 50.7035086067933], [7.146907615893176, 50.702250049909914], [7.143512011254458, 50.69991297795108], [7.14195281731629, 50.69649771829828], [7.142230034078674, 50.69200427095152], [7.142507185132262, 50.68751081292571], [7.142784270477054, 50.683017344220836], [7.141225966775979, 50.679601978294755], [7.137832274029036, 50.67726471514745], [7.134438919148424, 50.67492734745949], [7.131045902134144, 50.67258987523088], [7.127653222888388, 50.67025229849385], [7.124260881411156, 50.667914617248414], [7.120729100840329, 50.66782354778507], [7.117057881175906, 50.66997909010381], [7.113386316432024, 50.67213450811467], [7.109714406608684, 50.67428980181766], [7.106042151624571, 50.6764449711758], [7.102369551479683, 50.67860001618908], [7.098696606092709, 50.68075493682054], [7.0950233154636475, 50.68290973307017], [7.091349679511182, 50.68506440490097], [7.0876756982353095, 50.687218952312946], [7.084001371554716, 50.68937337526908], [7.080326699469398, 50.691527673769365], [7.0766516818980385, 50.69368184777679], [7.072976318840638, 50.69583589729133], [7.072834600620717, 50.69808252607357], [7.076226527238278, 50.700421734123495], [7.079618792054098, 50.702760837779195], [7.083011395068179, 50.70509983704068], [7.086404336378672, 50.70743873187566], [7.089797615985577, 50.709777522284156], [7.0931912339870635, 50.712116208233866], [7.096585190383129, 50.714454789724805], [7.098141308982037, 50.71787071262792], [7.097859589783788, 50.72236397694322], [7.095880207834263, 50.72568793049345], [7.092203163133461, 50.72784257327861], [7.088525772290607, 50.729997091516], [7.084848035305701, 50.7321514852056], [7.082867488267187, 50.73547527284587], [7.082584131175067, 50.73996845443679], [7.084140327734588, 50.743384459277465], [7.0875360779457495, 50.7457232873679], [7.090932167190909, 50.74806201093568], [7.094328595470064, 50.7504006299808], [7.095885682293364, 50.753816529124364], [7.095603427660807, 50.758309708366355], [7.09532110598418, 50.76280287700784], [7.095038717263484, 50.76729603504886], [7.094756261452719, 50.77178918250283], [7.094473738551888, 50.77628231936977], [7.096031959271815, 50.77969810692799], [7.0994309236125, 50.78203654517748], [7.102830227665231, 50.78437487879147], [7.106229871430007, 50.786713107769955], [7.1077889847100515, 50.79012878958783], [7.107507567505363, 50.79462192424512], [7.109067330829194, 50.798037506105324], [7.112468274681547, 50.80037553516846], [7.11586955860409, 50.802713459515104], [7.119271182596825, 50.80505127914524], [7.12267314675856, 50.8073889940264], [7.126075451089294, 50.80972660415856], [7.12961756239341, 50.809817523436074], [7.1332994806709085, 50.80766175185892], [7.136981051405568, 50.80550585568396], [7.140662274597389, 50.803349834911195], [7.144204437524328, 50.803440305901056], [7.147607540186388, 50.80577726865354], [7.151010983090836, 50.80811412655925], [7.154414766237671, 50.810450879618195], [7.15965924164875, 50.81170906449039], [7.166744409324073, 50.81188868117584], [7.171989594654404, 50.81314654677064], [7.175394797639743, 50.81548266127478], [7.178800341101515, 50.81781867081813], [7.182206225039717, 50.820154575400686], [7.187452540829028, 50.82141145871971], [7.194539288469448, 50.82158932077519], [7.199922405773345, 50.82059921111502], [7.203601892740718, 50.8184411297392], [7.2072810319983756, 50.81628292398284], [7.21095982354632, 50.814124593845946], [7.21463826746705, 50.81196613936572], [7.21831636376057, 50.80980756054216], [7.220290686137533, 50.80648155753789], [7.220561234597939, 50.80198813035293], [7.222534833450118, 50.798661988223905], [7.226211482694067, 50.796503131150814], [7.231591267965888, 50.79551123081975], [7.23867418926558, 50.7956862872307], [7.245757160231024, 50.79586089542409], [7.252840180862222, 50.79603505539991], [7.258219030634281, 50.79504211538461], [7.261893709547202, 50.792882075378195], [7.2638641330586955, 50.78955526371456], [7.2641303011687635, 50.78506168039373], [7.264396406046371, 50.78056808661435], [7.26466244769152, 50.776074482376416], [7.263092212159193, 50.772660931740425], [7.25968569944939, 50.770327434706395], [7.256279526530129, 50.767993832532156], [7.252873693401409, 50.765660125217714], [7.253006962676512, 50.763413316835525], [7.256679334355435, 50.761253407385574], [7.260218464908188, 50.761340196968746], [7.2636243543347705, 50.76367368558503], [7.2670305834894915, 50.76600706904486], [7.2704371523723506, 50.768340347348236], [7.273844061081521, 50.770673520462594], [7.277251309617002, 50.773006588387936], [7.278822600016418, 50.77641994331049], [7.2785579322797656, 50.78091358523026], [7.278293201636178, 50.78540721670074], [7.278028408085652, 50.789900837721945], [7.279600599891251, 50.793314085304836], [7.283009777052974, 50.79564695944942], [7.288256023424945, 50.79689913179756], [7.295339339007166, 50.797070602349244], [7.300586293959726, 50.79832245461659], [7.303996888282627, 50.800654688599586], [7.307407823084004, 50.80298681721413], [7.310819098363857, 50.805318840460245], [7.314230714220536, 50.807650758305236], [7.317642670654041, 50.80998257074911], [7.31921812810054, 50.81339531226367], [7.318957086560035, 50.8178889828489], [7.320533197913306, 50.821301623002526], [7.3239464621603565, 50.82363323272456], [7.329196962025578, 50.8248834833642], [7.336284697508971, 50.82505237492144], [7.343372480986221, 50.82522081789986], [7.350460312457327, 50.82538881229946], [7.355840454631924, 50.82439119852623], [7.3595129075100125, 50.822227976580166], [7.361477589419819, 50.81889947514449], [7.361734500361343, 50.8144056942192], [7.360155873350749, 50.810993542531506], [7.356741708388035, 50.80866302008142], [7.353327884108423, 50.80633239208343], [7.349914400511913, 50.80400165853756], [7.3483366798839675, 50.80058939885501], [7.348594722224588, 50.79609561303579], [7.3488527032442885, 50.791601816826514], [7.349110622943069, 50.7871080102272], [7.34936848136301, 50.78261419322427], [7.349626278504113, 50.77812036581771], [7.349884014408417, 50.77362652799394], [7.350141689075923, 50.769132679752964], [7.350399302548636, 50.76463882108119], [7.350656854826554, 50.76014495197863], [7.349080794071857, 50.75673256491713], [7.345671120284545, 50.75440165989668], [7.340427915154143, 50.75315190890085], [7.333351178680649, 50.752983311929626], [7.32797859294663, 50.75398014909335], [7.324310157952085, 50.756142420392024], [7.3206413764033185, 50.75830456787816], [7.316972248300332, 50.76046659155177], [7.31343360903107, 50.76038161212389], [7.310025458595531, 50.75804962959455], [7.306617647834398, 50.755717541778694], [7.30321017674767, 50.753385348676346], [7.297968217636786, 50.7521336103004], [7.290891770501748, 50.75196232665087], [7.283815372095373, 50.75179059524105], [7.276739022417662, 50.75161841607091], [7.2696627217213665, 50.75144578915028], [7.262586470006487, 50.75127271447915], [7.257346050406084, 50.75001933192526], [7.2539414629201575, 50.74768564148862], [7.252372623122278, 50.74427197108275], [7.252639531012444, 50.73977832070766], [7.25290637556225, 50.735284659796974], [7.253173156771696, 50.73079098835073], [7.253439874684178, 50.72629730635536], [7.253706529299694, 50.72180361381088], [7.253973120661603, 50.71730991070375], [7.254239648769903, 50.712816197033945], [7.2562068528166215, 50.70948929710894], [7.259874732801759, 50.707329210928705], [7.263542267133027, 50.705169000858135], [7.267209455810426, 50.703008666897254], [7.2673422829892775, 50.700761784751194], [7.263940748669581, 50.69842835441996], [7.260539552859013, 50.6960948190786], [7.257138695557573, 50.693761178727115], [7.253738176667598, 50.691427433397905], [7.250337996189089, 50.68909358309099], [7.246938154024399, 50.68675962783875], [7.243538650173529, 50.684425567641185], [7.24197259303819, 50.681011657254516], [7.24223998261838, 50.67651789667871], [7.242507308838339, 50.67202412546325], [7.242774571698066, 50.66753034360812], [7.241209409037533, 50.66411632602217], [7.237811820856743, 50.66178207270538], [7.23258189171689, 50.660527256584054]]]}}, {"type": "Feature", "properties": {"band": "echo", "dbz": 35.0, "source": "OPERA-ORD", "time": "20260906232000"}, "geometry": {"type": "Polygon", "coordinates": [[[7.663280956846681, 50.81435835104354], [7.656193899098436, 50.81421016355493], [7.650821302532662, 50.81522247643623], [7.647163167149361, 50.817395289687454], [7.64521942031868, 50.82072893211051], [7.644990062040618, 50.825223403705394], [7.64659046058848, 50.8286314849431], [7.650020615962267, 50.83095317582364], [7.653565157306813, 50.83102751821818], [7.65722408462212, 50.828854512126746], [7.66088266427108, 50.82668138321357], [7.6645408962536905, 50.82450813147862], [7.668198780654032, 50.82233475695884], [7.671856317472104, 50.820161259654185], [7.671969935841056, 50.817913994448354], [7.668539635760888, 50.81559296134135], [7.663280956846681, 50.81435835104354]]]}}, {"type": "Feature", "properties": {"band": "echo", "dbz": 35.0, "source": "OPERA-ORD", "time": "20260906232000"}, "geometry": {"type": "Polygon", "coordinates": [[[7.537638055300142, 50.775668147882044], [7.530557281073911, 50.775512022897054], [7.5251864133801964, 50.77651832815497], [7.521525452219, 50.7786870636558], [7.519574321251363, 50.78201855775334], [7.519333020477285, 50.7865128104476], [7.52092288782852, 50.78992271250583], [7.524343923305066, 50.79224826392804], [7.529596203313751, 50.7934891362073], [7.536679727854577, 50.793645329343605], [7.5420520467705, 50.79263872972247], [7.5457131600615215, 50.79046933734387], [7.5476629919368765, 50.787137480731786], [7.547901542396563, 50.78264315988622], [7.546310223823119, 50.77923355219121], [7.542889036216545, 50.77690865764676], [7.537638055300142, 50.775668147882044]]]}}, {"type": "Feature", "properties": {"band": "echo", "dbz": 35.0, "source": "OPERA-ORD", "time": "20260906232000"}, "geometry": {"type": "Polygon", "coordinates": [[[7.4258527728224655, 50.7461519638111], [7.418776843682716, 50.745988776286026], [7.413406951635745, 50.7469897303082], [7.4097430966815505, 50.74915482587764], [7.407785199173627, 50.75248439099205], [7.407533259111977, 50.75697842565144], [7.409113932832119, 50.760389930394076], [7.412527220334054, 50.76271890521995], [7.4177732013350415, 50.76396502197854], [7.424851875835081, 50.764128280669865], [7.431930596568203, 50.76429109140838], [7.439009363534405, 50.76445345419409], [7.4460881764804725, 50.76461536901775], [7.453167035406406, 50.76477683587933], [7.458414547898056, 50.76602130560731], [7.461830713955422, 50.76834877820167], [7.465247220232729, 50.770676144956035], [7.468664066729974, 50.773003405870405], [7.473912697601903, 50.7742468912218], [7.480993112848515, 50.77440660101021], [7.486364417741417, 50.773402662921995], [7.49002661228061, 50.771235076957154], [7.490148894232534, 50.768987978247324], [7.486731263597189, 50.766661366792505], [7.483313973152964, 50.76433464943277], [7.479897022899858, 50.76200782616813], [7.476480412740242, 50.759680897031316], [7.473064142674116, 50.75735386202233], [7.467817219053591, 50.75611007656211], [7.460739641878668, 50.755949540650676], [7.453662110397378, 50.75578855686536], [7.446584624609722, 50.755627125206175], [7.441338818760844, 50.75438235575579], [7.437924692850745, 50.752054248514206], [7.434510906769857, 50.74972603556347], [7.431097460518179, 50.747397716903585], [7.4258527728224655, 50.7461519638111]]]}}, {"type": "Feature", "properties": {"band": "echo", "dbz": 35.0, "source": "OPERA-ORD", "time": "20260906232000"}, "geometry": {"type": "Polygon", "coordinates": [[[21.994851170939505, 50.099874337870254], [21.99197014455695, 50.10246599492669], [21.991099015066688, 50.10597566905352], [21.992237782468727, 50.110403360250764], [21.994817687772663, 50.113535143209305], [21.9988387309785, 50.11537101792913], [22.00286010133731, 50.117206738499526], [22.006881798849093, 50.119042304920484], [22.010903823557477, 50.12087771715153], [22.014926175462456, 50.122712975192655], [22.02038908144222, 50.12325181975098], [22.02729254149677, 50.12249425082651], [22.03218420065555, 50.12081913281674], [22.035064058918564, 50.11822646572167], [22.03449271885719, 50.11601285941718], [22.030470180471426, 50.114178313903274], [22.026447969127656, 50.11234361415657], [22.02242608482588, 50.110508760177076], [22.018404527522577, 50.10867375200526], [22.014383297217744, 50.106838589641136], [22.010362393867837, 50.10500327312515], [22.006341817472844, 50.10316780245729], [22.002321567989213, 50.10133217767804], [21.99830164541693, 50.09949639878737], [21.994851170939505, 50.099874337870254]]]}}, {"type": "Feature", "properties": {"band": "echo", "dbz": 35.0, "source": "OPERA-ORD", "time": "20260906232000"}, "geometry": {"type": "Polygon", "coordinates": [[[7.039445049758447, 50.58355484381538], [7.032395108086398, 50.58336728396885], [7.027035693213282, 50.584349781905615], [7.023366805139098, 50.58650233762566], [7.019697573457017, 50.58865476893239], [7.016027998167038, 50.59080707582579], [7.012502766901734, 50.59071261692852], [7.009121879661105, 50.58837139224056], [7.005741328431628, 50.58603006362236], [7.002361113213302, 50.583688631073926], [6.9988359351777625, 50.58359372631927], [6.995165794325006, 50.585745349358405], [6.993185356426794, 50.58906778163419], [6.992894621483128, 50.59356102314664], [6.992603817751601, 50.598054253736706], [6.992312945232214, 50.60254747340438], [6.992022003877988, 50.60704068216308], [6.991730993688922, 50.611533880012814], [6.9914399146179935, 50.616027066967], [6.991148766665202, 50.62052024302566], [6.990857549783482, 50.62501340820219], [6.990566263972832, 50.62950656249661], [6.992112227394719, 50.6329239889851], [6.995495440049142, 50.63526568766765], [6.998878989566832, 50.63760728235779], [7.002262875947791, 50.63994877305552], [7.002117470317847, 50.6421953442367], [6.9984427726769995, 50.64434699590133], [6.994767730373386, 50.64649852291293], [6.991092343407006, 50.648649925271506], [6.989108799948867, 50.65197217103218], [6.988817099998968, 50.656465260194935], [6.990363775517246, 50.65988266886093], [6.993748826503701, 50.662224397030165], [6.998972345020413, 50.66349011782024], [7.006034331067383, 50.66367983123115], [7.013096370545229, 50.66386909795927], [7.020158463453952, 50.6640579180046], [7.025526980567866, 50.663076066451104], [7.029201921886971, 50.660923543298786], [7.032876518295455, 50.65877089557509], [7.036550769793318, 50.65661812328002], [7.041918365805075, 50.65563523343582], [7.048979306330728, 50.655822226042474], [7.054203803265742, 50.65708562511328], [7.0575918566101175, 50.65942543064825], [7.060980247381003, 50.661765131933294], [7.064368975578398, 50.66410472896842], [7.069594597348673, 50.66536715067117], [7.076657112691831, 50.66555239704154], [7.0820245814160065, 50.66456782476088], [7.085697003521199, 50.6624134338292], [7.087674289701258, 50.6590895512264], [7.087956439956182, 50.654596176952495], [7.089933006756155, 50.65127215458796], [7.093603990101178, 50.64911748413279], [7.0972746287757, 50.64696268936166], [7.100944922779723, 50.64480777027458], [7.102920329691564, 50.641483582077896], [7.103200849511222, 50.636990124771586], [7.105175537877926, 50.63366579696224], [7.1088443947916735, 50.63151059864985], [7.112512907359979, 50.62935527612097], [7.116181075582843, 50.62719982937561], [7.116320895315793, 50.624953074597876], [7.11293236655883, 50.62261501178776], [7.107710149445311, 50.62135435025653], [7.100654243975235, 50.62117109000418], [7.095432729993315, 50.61991011096047], [7.09204560749955, 50.61757141312538], [7.088658821711893, 50.61523261102275], [7.085272372630344, 50.612893704652556], [7.080051979854114, 50.61163174890463], [7.072997643383204, 50.611446743778956], [7.067777953540402, 50.610184470781334], [7.064392910325711, 50.60784492991178], [7.062842424200817, 50.604428447635], [7.063126495165724, 50.59993502395102], [7.061576651957253, 50.59651844217465], [7.058192894575407, 50.59417870230588], [7.054809473412469, 50.59183885832996], [7.051426388468442, 50.589498910246874], [7.048043639645939, 50.58715885808866], [7.04466122694496, 50.58481870185531], [7.039445049758447, 50.58355484381538]]]}}, {"type": "Feature", "properties": {"band": "echo", "dbz": 35.0, "source": "OPERA-ORD", "time": "20260906232000"}, "geometry": {"type": "Polygon", "coordinates": [[[22.073391192966074, 50.02636104962647], [22.066502241314527, 50.027121320389135], [22.059613085634794, 50.027881161555044], [22.052723725926874, 50.028640573124214], [22.04784186237662, 50.03031679697923], [22.04496749498403, 50.0329098331201], [22.0455383369625, 50.03512343910982], [22.049554388312043, 50.03695761494838], [22.05357076539999, 50.0387916367432], [22.057587468226338, 50.04062550449428], [22.061604496834292, 50.042459218161284], [22.06562185122384, 50.04429277774421], [22.069067361841444, 50.04391273720702], [22.071941028687103, 50.041319096549714], [22.07481439929424, 50.038725381803346], [22.077687473662863, 50.03613159296792], [22.080560251899094, 50.03353773006553], [22.083432734002944, 50.030943793096185], [22.082860648489113, 50.02873034701992], [22.0788439953576, 50.026897391836734], [22.073391192966074, 50.02636104962647]]]}}, {"type": "Feature", "properties": {"band": "echo", "dbz": 35.0, "source": "OPERA-ORD", "time": "20260906232000"}, "geometry": {"type": "Polygon", "coordinates": [[[6.333570869263973, 50.59970243898192], [6.329868573892174, 50.601831900192245], [6.327839820947203, 50.60514212990357], [6.327484610429055, 50.609633128115874], [6.327129315876146, 50.61412411493113], [6.326773937288472, 50.618615090349365], [6.328270767143613, 50.62204137863918], [6.331619805441569, 50.62440297980061], [6.336821164210144, 50.62569956793237], [6.343874843449337, 50.62593114303449], [6.349253323859227, 50.624981892429275], [6.352956605439813, 50.622851816116736], [6.354984576767144, 50.61954124002308], [6.355337237841221, 50.61505016414833], [6.353838937552756, 50.611624151468625], [6.35048967590175, 50.60926320198397], [6.347140749156916, 50.60690215074499], [6.343792157318252, 50.60454099775169], [6.340443900286658, 50.602179743035464], [6.337095978062134, 50.599818386596326], [6.333570869263973, 50.59970243898192]]]}}, {"type": "Feature", "properties": {"band": "echo", "dbz": 35.0, "source": "OPERA-ORD", "time": "20260906232000"}, "geometry": {"type": "Polygon", "coordinates": [[[7.252663542692245, 50.590141397199424], [7.2490047180824755, 50.59230140199067], [7.2470421796728655, 50.59562838091871], [7.246775927463415, 50.60012233398355], [7.246509612239296, 50.604616276300376], [7.246243234000509, 50.60911020786919], [7.247807320405148, 50.61252417074245], [7.251201871453212, 50.61485816492013], [7.256426971117622, 50.616111863745424], [7.26348261939838, 50.61628526721833], [7.2688403110927915, 50.61529165478238], [7.272500046200854, 50.613131026437586], [7.274461741356514, 50.60980370885948], [7.274725396559769, 50.60530970204806], [7.2731598650048515, 50.60189602814394], [7.269765146691762, 50.59956268714711], [7.26637076513717, 50.597229241318075], [7.262976720341075, 50.594895690656834], [7.259583012206553, 50.592562035195606], [7.256189640733604, 50.590228274934404], [7.252663542692245, 50.590141397199424]]]}}, {"type": "Feature", "properties": {"band": "echo", "dbz": 35.0, "source": "OPERA-ORD", "time": "20260906232000"}, "geometry": {"type": "Polygon", "coordinates": [[[6.958296893538235, 50.339416102571434], [6.954644348045982, 50.34156672339067], [6.950991463294089, 50.34371722020119], [6.947338239282554, 50.34586759300301], [6.942004638459704, 50.34684597839567], [6.934990660825539, 50.346652376379204], [6.929656412022158, 50.347630405655124], [6.9260018920495625, 50.34978006622343], [6.92234703266135, 50.35192960266286], [6.918691833857521, 50.3540790149734], [6.913356682455282, 50.355056012592144], [6.906341578454634, 50.354860595519085], [6.901005779060947, 50.355837236764046], [6.897349284274219, 50.35798593632701], [6.895372000787163, 50.361307018191624], [6.89507392859978, 50.3658004823579], [6.893095934653767, 50.369121423716265], [6.889438018949123, 50.37126984226674], [6.88577976343489, 50.37341813650601], [6.882121168111064, 50.375566306434074], [6.881971690801905, 50.37781301092235], [6.88533133150741, 50.38015824997085], [6.890520664468223, 50.38142908480188], [6.897539689684347, 50.38162551541545], [6.9027297181503116, 50.38289603587499], [6.906090749866118, 50.38524064618052], [6.909452113849193, 50.38758515328084], [6.9128138100995375, 50.38992955717596], [6.916175838713398, 50.39227385783435], [6.919538199690776, 50.39461805525599], [6.919389926812897, 50.396864779371256], [6.915731020079762, 50.39901403018012], [6.912071773053943, 50.40116315669587], [6.90841218573544, 50.40331215891851], [6.908263843017446, 50.40555887175681], [6.911626744899962, 50.40790329521076], [6.916819835145265, 50.40917289797437], [6.923843113753355, 50.40936768004764], [6.930866446447843, 50.409562018201406], [6.937889833228727, 50.40975591243566], [6.943084037524776, 50.41102454500101], [6.946449059335989, 50.41336791589749], [6.947984806403989, 50.416786349649655], [6.947691278728776, 50.421279846257505], [6.949227660917346, 50.42469818140661], [6.952593952969702, 50.42704135509696], [6.955960578119431, 50.429384425345624], [6.9593275363665335, 50.431727392152624], [6.962694827807453, 50.434070255486276], [6.966062452442191, 50.436413015346595], [6.971260140261057, 50.43768007248304], [6.978287891264052, 50.437871426895605], [6.983486276187105, 50.4391381687077], [6.986855295030217, 50.441480297919334], [6.99022464729679, 50.44382232354638], [6.993594332986822, 50.44616424558884], [6.998793832008383, 50.44743001577492], [7.0058231443614725, 50.447619634104605], [7.011023340686055, 50.44888508870614], [7.014394420982133, 50.451226379579516], [7.017765834931184, 50.45356756675693], [7.021137582533208, 50.455908650238385], [7.02633889266908, 50.457173132687984], [7.033369765338801, 50.45736101410574], [7.038571772975835, 50.45862518071044], [7.041944915580182, 50.460965632502095], [7.043489103531047, 50.464382694522065], [7.043204336828427, 50.468876366770345], [7.041232323432091, 50.47219979289763], [7.037573063342042, 50.47435297290391], [7.0339134616629195, 50.47650602884096], [7.030253518394725, 50.478658960708785], [7.030110696324568, 50.48090577009539], [7.033484995452451, 50.483246457000774], [7.0368596288362335, 50.48558704008367], [7.040234596475916, 50.48792751934408], [7.041779495260221, 50.491344561897016], [7.041494325189148, 50.49583816774246], [7.041209087798422, 50.500331762547674], [7.040923783088045, 50.50482534631266], [7.042469558244305, 50.508242283154374], [7.045846413267202, 50.51058257307284], [7.0510544378594, 50.51184589053821], [7.0580936320209, 50.51203223555049], [7.063302355984564, 50.513295236617274], [7.066680609750391, 50.515634893738564], [7.070059198412829, 50.517974446862375], [7.073438121971876, 50.520313895988714], [7.078647961913572, 50.52157592286387], [7.0856887182379165, 50.521760527487835], [7.0908992577485295, 50.52302223770306], [7.09427958044541, 50.52536105350956], [7.095829597969766, 50.52877730058291], [7.0955493103216, 50.53327097892311], [7.093578183557195, 50.53659522944956], [7.089916217676555, 50.53875005216225], [7.0845635011166435, 50.53973512123483], [7.077520033877464, 50.5395504366673], [7.072166661461972, 50.54053514897089], [7.068503383870165, 50.542689258145614], [7.068362123363537, 50.544936050935306], [7.071742879942087, 50.54727552733996], [7.075123971986542, 50.549614899668], [7.078505399496906, 50.55195416791942], [7.081887162570213, 50.554293332062244], [7.085269261206466, 50.556632392096475], [7.090483452607798, 50.55789385882984], [7.097529736774211, 50.55807773226235], [7.104576072421342, 50.55826116010609], [7.111622459549189, 50.55844414236107], [7.1168377683505035, 50.55970463359909], [7.120221998825284, 50.56204263382016], [7.121775063220545, 50.56545846905855], [7.1214969615362875, 50.56995213931425], [7.1230506685261075, 50.57336787470359], [7.126436184190004, 50.575705675226565], [7.1316535961096665, 50.57696521468758], [7.138702904285097, 50.577146493086644], [7.14575226326823, 50.57732732567376], [7.152801673059065, 50.57750771244893], [7.159851133408542, 50.577687653401995], [7.166900644316659, 50.57786714853297], [7.172255987599492, 50.57687815010705], [7.175917163257043, 50.57472065812425], [7.177884085166087, 50.57139499882916], [7.178156753326627, 50.566901172221804], [7.180122960160973, 50.56357537400832], [7.183782705669123, 50.56141760418875], [7.187442108128602, 50.55925971059705], [7.1911011675394105, 50.55710169323319], [7.193066223841367, 50.553775730251665], [7.1933372770344715, 50.54928182165244], [7.193608266191756, 50.54478790218665], [7.193879191313222, 50.54029397185427], [7.194150052442513, 50.535800030641795], [7.194420849579632, 50.53130607854922], [7.194691582768181, 50.52681211556302], [7.194962252008159, 50.522318141683186], [7.193405183018619, 50.51890324090254], [7.190020375799561, 50.51656741322107], [7.1866359037042695, 50.51423148114099], [7.183251766732746, 50.5118954446623], [7.183387344118398, 50.50964845096561], [7.187042635861227, 50.507490500050906], [7.192389710836273, 50.50650022666882], [7.199428569043537, 50.506677630819354], [7.204774988232812, 50.50568700170732], [7.208428968404095, 50.50352833933272], [7.21039042476274, 50.50020196931142], [7.210659357308748, 50.49570789164345], [7.209101976551333, 50.49229316426745], [7.205718282490497, 50.48995778718344], [7.200508359845982, 50.488701434926135], [7.193472208617787, 50.48852410749552], [7.188127227975886, 50.489514449436456], [7.184473417920279, 50.49167246074892], [7.180819266027491, 50.49383034845541], [7.177164772297521, 50.495988112555914], [7.17181887295644, 50.496977421770715], [7.164781568004243, 50.49679827609983], [7.159572186572512, 50.49554026775056], [7.156190728661246, 50.493203396722926], [7.152809605391362, 50.49086642145658], [7.149428816762863, 50.488529341951526], [7.146048362679327, 50.4861921582397], [7.142668243140753, 50.48385487032112], [7.141115903048688, 50.48043926216208], [7.141391342403132, 50.475945333762596], [7.141666716798584, 50.47145139435049], [7.141942026235045, 50.466957443925764], [7.140390566322699, 50.463541729122], [7.137012337061547, 50.4612042499392], [7.133634441838958, 50.45886666664498], [7.130256880654931, 50.45652897923935], [7.12687965341323, 50.45419118775418], [7.123502760113854, 50.45185329218947], [7.120126200660585, 50.449515292577054], [7.116749975053423, 50.447177188916946], [7.115200671674035, 50.44376116795918], [7.115478290522421, 50.43926722970375], [7.113929625406847, 50.43585110904711], [7.110554676327313, 50.43351280598925], [7.105353530607096, 50.432251995658824], [7.0983261882461965, 50.43206867805584], [7.093125738684762, 50.43080755155164], [7.089752181922792, 50.42846861614624], [7.0882054300836055, 50.425052196677925], [7.088485483167203, 50.42055829314667], [7.0869393685820725, 50.41714177416934], [7.083567086328217, 50.4148026397459], [7.078368724450726, 50.41354056519829], [7.071344282949601, 50.41335555052649], [7.066146616702585, 50.412093160123604], [7.062775725709678, 50.40975339398963], [7.061231521373676, 50.40633657676941], [7.061514003694579, 50.40184270846295], [7.059970435604217, 50.39842579192307], [7.056600817102595, 50.396085827149776], [7.051405236954318, 50.39482248965832], [7.0443836951593894, 50.3946357794487], [7.037362205412, 50.39444862542519], [7.03034076771215, 50.39426102758779], [7.023319382305124, 50.39407298594694], [7.016298049190924, 50.39388450050264], [7.011103993542712, 50.39261953636976], [7.007737215360489, 50.39027809354831], [7.007880711134373, 50.38803121329573], [7.011534480864364, 50.38587889561203], [7.015187910610731, 50.38372645401854], [7.018841000373476, 50.381573888515256], [7.020810603666947, 50.37825069849605], [7.021096720491146, 50.37375688396093], [7.019556964587772, 50.37033937249451], [7.016191335956822, 50.36799816409681], [7.01099992443791, 50.36673293457322], [7.0039827300310336, 50.366543683923744], [6.998792012821015, 50.365278139339196], [6.995427772807855, 50.362936300819584], [6.992063864816066, 50.36059435885454], [6.988700288845648, 50.3582523134441], [6.985337044800742, 50.35591016461977], [6.981974132681346, 50.35356791238158], [6.978611552391625, 50.351225556761065], [6.975249303931578, 50.34888309775823], [6.971887387205381, 50.346540535404586], [6.968525802213033, 50.34419786970014], [6.965164548858736, 50.34185510067639], [6.961803627142487, 50.33951222833334], [6.958296893538235, 50.339416102571434]]]}}, {"type": "Feature", "properties": {"band": "echo", "dbz": 35.0, "source": "OPERA-ORD", "time": "20260906232000"}, "geometry": {"type": "Polygon", "coordinates": [[[7.161574095915699, 50.43370254324388], [7.154546348777511, 50.43352277973902], [7.14920685148702, 50.43451129882046], [7.145555604044229, 50.43666810048822], [7.143592520216629, 50.439993509653334], [7.14331760000422, 50.44448752631582], [7.144868978206443, 50.447903161630094], [7.148246654823294, 50.45024041559616], [7.153450716163277, 50.451498963152865], [7.160481162226397, 50.451678804300194], [7.165822094950442, 50.45068999904426], [7.169473514335413, 50.44853254738505], [7.171435334671737, 50.44520677440298], [7.1717075559594115, 50.440712680098045], [7.170154742323635, 50.43729733095827], [7.166776893764407, 50.43496072698364], [7.161574095915699, 50.43370254324388]]]}}, {"type": "Feature", "properties": {"band": "echo", "dbz": 35.0, "source": "OPERA-ORD", "time": "20260906232000"}, "geometry": {"type": "Polygon", "coordinates": [[[6.096455959644946, 50.20319286724815], [6.08946676283184, 50.20294592114355], [6.082477634040449, 50.20269853375668], [6.075488573270775, 50.20245070508753], [6.07015283124658, 50.20338740401617], [6.0664704079678655, 50.2055086305426], [6.064441186212072, 50.20881470644599], [6.064065165979199, 50.21330563172632], [6.065531021875534, 50.21673597037196], [6.068838753901078, 50.21910572238289], [6.073988479381004, 50.22041456583269], [6.080980198315315, 50.22066250072134], [6.0879719853682435, 50.22090999413992], [6.094963840539792, 50.22115704608845], [6.100300798292917, 50.22021940298167], [6.103982858627614, 50.21809706481958], [6.10600990521543, 50.21479035357459], [6.106381938056362, 50.21029926924671], [6.104913605370496, 50.20686938038718], [6.1016049071578315, 50.20450068699602], [6.096455959644946, 50.20319286724815]]]}}, {"type": "Feature", "properties": {"band": "echo", "dbz": 35.0, "source": "OPERA-ORD", "time": "20260906232000"}, "geometry": {"type": "Polygon", "coordinates": [[[6.198872866965002, 50.17185498334839], [6.19519881544442, 50.173980569324925], [6.191524427409009, 50.176106029121314], [6.187849702858768, 50.17823136273755], [6.1841746417183145, 50.18035657013705], [6.180499243987649, 50.18248165131983], [6.18031718257081, 50.18472737957997], [6.1836284574677975, 50.187093754917456], [6.186940059589721, 50.18946002982461], [6.190251988936579, 50.19182620430142], [6.191726096381435, 50.19525501446802], [6.1913623819242884, 50.1997464603244], [6.192837106321977, 50.20317517684273], [6.196150269574501, 50.205541164023], [6.201301985137149, 50.20684409992261], [6.2082922530099225, 50.20708398454156], [6.213444661483753, 50.208386612062654], [6.216759210558641, 50.210751982485874], [6.220074087340701, 50.213117252325986], [6.223389291829934, 50.215482421582976], [6.228542824400893, 50.216784091217704], [6.2355346850535796, 50.217022261230184], [6.242526611132324, 50.21725998971973], [6.249518602637127, 50.21749727668636], [6.256510659327404, 50.217734122117015], [6.263502781203156, 50.21797052601169], [6.268835905220392, 50.217024735945444], [6.27251003137911, 50.21489675191825], [6.274525048381182, 50.21158689605454], [6.27488095622661, 50.207095168354314], [6.275236780706408, 50.20260342859558], [6.275592521820576, 50.19811167677836], [6.274112238665121, 50.19468396086271], [6.270795931240042, 50.192320280848634], [6.265643710669162, 50.19102031483945], [6.258655576952479, 50.19078406283515], [6.253504048407622, 50.18948378815453], [6.250189125034592, 50.18711949079761], [6.246874528993493, 50.184755092805396], [6.243560260284324, 50.18239059417789], [6.238409853385896, 50.181089361844926], [6.231423308298208, 50.1808513958065], [6.224436828690445, 50.18061298863387], [6.217450414562608, 50.18037414032702], [6.2123011296228805, 50.17907195068693], [6.208988973871265, 50.1767064197136], [6.2056771451779165, 50.174340788260224], [6.202365643542834, 50.17197505632682], [6.198872866965002, 50.17185498334839]]]}}, {"type": "Feature", "properties": {"band": "echo", "dbz": 35.0, "source": "OPERA-ORD", "time": "20260906232000"}, "geometry": {"type": "Polygon", "coordinates": [[[5.770188583681196, 49.77666658571498], [5.763263427583712, 49.77639933011462], [5.756338343356914, 49.77613163785895], [5.749413331000802, 49.77586350894798], [5.7441191757094305, 49.77678491854547], [5.740455877482798, 49.778895866651425], [5.736792249494016, 49.781006688074434], [5.733128291743083, 49.78311738281451], [5.729464004158224, 49.78522795083557], [5.725799386739438, 49.78733839213761], [5.722134439414953, 49.78944870668458], [5.718469162184768, 49.79155889447646], [5.713172936176721, 49.792478556776196], [5.706245761390812, 49.7922076935838], [5.699318659503769, 49.79193639361072], [5.6923916305155915, 49.79166465685697], [5.6854646746578865, 49.79139248333712], [5.678537791930655, 49.791119873051144], [5.673240517477199, 49.79203783668059], [5.669572851297518, 49.794146374225456], [5.66753466729821, 49.79744580334193], [5.667125965479275, 49.801936124030036], [5.6667171688065245, 49.806426431516385], [5.6663082772799624, 49.81091672580099], [5.665899290836271, 49.815407006896564], [5.6654902094754505, 49.81989727480311], [5.665081033134127, 49.82438752953334], [5.6646717618123015, 49.828877771087235], [5.66263147290031, 49.832176949333416], [5.658960166398153, 49.834285064271874], [5.6552885291917345, 49.83639305210322], [5.651616561281056, 49.83850091282745], [5.649575100491066, 49.84179990860352], [5.649164146821764, 49.84629003943142], [5.6505898281012366, 49.84972626897182], [5.653852144329483, 49.85210859722471], [5.657114780870202, 49.854490827379436], [5.660377737723393, 49.85687295943599], [5.661804199932183, 49.86030909366301], [5.661394167496573, 49.86479923006052], [5.66098403976273, 49.86928935334523], [5.660573816730658, 49.873779463517145], [5.658531185202129, 49.877078470634416], [5.654856145177147, 49.87918637469703], [5.651180773682794, 49.88129415151859], [5.647505070719069, 49.8834018010991], [5.645461264408678, 49.88670062566936], [5.645049354751622, 49.891190625229385], [5.644637349303924, 49.8956806117007], [5.644225248065584, 49.900170585083295], [5.6438130509725095, 49.904660545389866], [5.643400758024702, 49.90915049262041], [5.641355305363673, 49.9124491003169], [5.637676692989421, 49.914556368479325], [5.632365048780873, 49.915471978402636], [5.625420372738025, 49.915195930086824], [5.620108107122904, 49.91611117894314], [5.6164282519355115, 49.91821772497156], [5.612748064611533, 49.920324143523324], [5.609067545150971, 49.922430434598425], [5.605594992732056, 49.922291738736206], [5.602330407354788, 49.91990805593667], [5.599066143245062, 49.917524275104775], [5.595802200402874, 49.91514039624052], [5.592329723152851, 49.91500126236158], [5.588648711494994, 49.917106873467965], [5.586599252897011, 49.92040450890201], [5.586181347358908, 49.92489416866372], [5.585763344566402, 49.92938381533077], [5.585345244519498, 49.93387344890317], [5.583294605498629, 49.93717090095588], [5.579611427503798, 49.93927617148889], [5.575927917011999, 49.941381314362985], [5.5722440740232315, 49.943486329578164], [5.5701922534302195, 49.94678359814215], [5.569772455232965, 49.951273120054935], [5.5711952328713235, 49.95471016406477], [5.574460586345296, 49.95709473017166], [5.577935603865072, 49.95723442068014], [5.581620285430649, 49.95512923559021], [5.585304634263375, 49.95302392282376], [5.588988650363248, 49.95091848238077], [5.592463743499158, 49.951057734518656], [5.595729913671104, 49.95344167923743], [5.598996405702682, 49.9558255258727], [5.602263219593892, 49.958209274424476], [5.605530355440674, 49.96059292486318], [5.608797813243027, 49.9629764771888], [5.61206559309691, 49.96535993137175], [5.615333695002324, 49.967743287412006], [5.61860211905525, 49.97012654527997], [5.621870865255687, 49.97250970497564], [5.6251399336996375, 49.974892766469395], [5.628409324387098, 49.977275729761224], [5.631679037414096, 49.97965859482149], [5.63494907278063, 49.98204136165019], [5.636377078403699, 49.985477601566245], [5.635963054283304, 49.98996731456967], [5.635548933664063, 49.99445701462386], [5.635134716545974, 49.998946701728805], [5.634720402864305, 50.00343637589719], [5.634305992619055, 50.00792603712901], [5.633891485745431, 50.01241568543692], [5.633476882243435, 50.016905320820925], [5.633062182048214, 50.0213949432937], [5.632647385159767, 50.025884552855246], [5.6340767267869225, 50.0293206838009], [5.637350206929678, 50.03170333613066], [5.6406240103486756, 50.03408589010496], [5.643898137043916, 50.03646834572378], [5.645328266036504, 50.03990438188767], [5.644914397326443, 50.04439399859664], [5.646345130339235, 50.047829944592024], [5.649620465074879, 50.05021221987384], [5.654740530094447, 50.05154050451716], [5.6617053253979375, 50.051814798521974], [5.668670195346428, 50.052088653086614], [5.675635139939917, 50.05236206821107], [5.6807563359925, 50.053689404686125], [5.6840337835041765, 50.056070662511786], [5.68731155481785, 50.05845182178642], [5.69058964993352, 50.06083288251003], [5.695711976734272, 50.06215927047063], [5.702678535220107, 50.06243098566823], [5.7078015522531915, 50.06375706972378], [5.711081027833523, 50.06613752263729], [5.714360827452213, 50.068517876893395], [5.717640951109263, 50.07089813249209], [5.722765098695685, 50.07222326750993], [5.729733270211481, 50.07249328194693], [5.735060720988172, 50.07157313978781], [5.738747451025758, 50.069462841032546], [5.742433846360922, 50.06735241482986], [5.746119906993665, 50.065241861179764], [5.749805632997276, 50.06313118011887], [5.753491024371755, 50.06102037164718], [5.757176081190396, 50.05890943580134], [5.7608608034532, 50.056798372581326], [5.764545191233459, 50.054687182023756], [5.768229244531176, 50.05257586412863], [5.770272284130996, 50.04927513677974], [5.770674310032922, 50.04478499997709], [5.771076242156794, 50.0402948504283], [5.771478080502613, 50.03580468813338], [5.770038926132588, 50.032370233890006], [5.766758779046719, 50.02999148769818], [5.763478955477179, 50.02761264274469], [5.760199455423969, 50.025233699029556], [5.760400562744792, 50.02298861297151], [5.764082277439647, 50.020877384570575], [5.767763658272586, 50.018766028939716], [5.771444705243606, 50.01665454607893], [5.773485866945331, 50.01335368518613], [5.773887143377759, 50.008863446261316], [5.774288326283584, 50.00437319453933], [5.774689415662806, 49.99988293002018], [5.775090411578148, 49.99539265269109], [5.775491314029607, 49.99090236255205], [5.774053099821332, 49.98746788349568], [5.770775768953321, 49.985089215521995], [5.76749876085606, 49.98271044885219], [5.764222075529548, 49.98033158348626], [5.760945712878, 49.977952619454015], [5.757669672901417, 49.97557355675542], [5.752554723937715, 49.97424977278968], [5.7456008659868925, 49.97398126755678], [5.740486603836825, 49.972657179909916], [5.73721193748751, 49.97027750984909], [5.735776741590287, 49.96684257671726], [5.736181016145156, 49.96235238051443], [5.736585196577883, 49.95786217140938], [5.736989282888467, 49.95337194940211], [5.737393275139946, 49.94888171447987], [5.737797173332321, 49.94439146664264], [5.738200977528573, 49.93990120587772], [5.738604687728699, 49.935410932185086], [5.739008303995627, 49.930920645551986], [5.739411826329354, 49.926430345978424], [5.737977978005576, 49.92299530183654], [5.734706759024293, 49.92061551312635], [5.729598294516048, 49.91929066097969], [5.7226525844808425, 49.91902074539657], [5.717544804930913, 49.91769559008227], [5.714274955866259, 49.91531519503677], [5.712842911649587, 49.91187987908747], [5.713248672280898, 49.90738964223437], [5.711817228946406, 49.903954235767756], [5.708548581646113, 49.901573659687635], [5.7052802555675415, 49.8991929852603], [5.702012250710691, 49.89681221248574], [5.702215315976533, 49.894567088912055], [5.705889451365064, 49.89245761453923], [5.709563255094485, 49.89034801308185], [5.7132367271647935, 49.888238284539916], [5.7152760606612745, 49.88493826278532], [5.715681255583927, 49.880447947818055], [5.717719884246198, 49.8771477781643], [5.721391946648087, 49.87503775382405], [5.7250636776886665, 49.87292760249854], [5.728735077367941, 49.87081732418777], [5.73240614575812, 49.86870691892798], [5.736076882859205, 49.86659638671918], [5.739546183351876, 49.866730968324646], [5.7428140472361315, 49.86911066374437], [5.746082231931833, 49.87149026074661], [5.7493507374389825, 49.87386975933136], [5.752619563852634, 49.87624915946904], [5.755888711172788, 49.87862846115965], [5.759158179494522, 49.8810076643736], [5.762427968817834, 49.88338676911088], [5.7675333234945185, 49.88470985149665], [5.774474243524574, 49.88497691153091], [5.781415235569486, 49.88524353377939], [5.788356299629254, 49.885509718242076], [5.793462772163016, 49.8868318547799], [5.796734653170773, 49.88920994339287], [5.800006855455008, 49.89158793337746], [5.80327937901572, 49.89396582473368], [5.808386969120868, 49.895287015081195], [5.81532962577045, 49.895551504420006], [5.822272353784699, 49.89581555583799], [5.829215153163616, 49.896079169335145], [5.836158023673432, 49.89634234489725], [5.843100965314148, 49.89660508252431], [5.850043977851959, 49.896867382202146], [5.8569870612868655, 49.89712924393075], [5.862292143132471, 49.89620274706989], [5.865959223388775, 49.89408789161956], [5.867988180856541, 49.89078499638708], [5.868379015535768, 49.88629406137245], [5.8669369631051795, 49.88286058178016], [5.863662023564774, 49.8804845576102], [5.858554318008523, 49.87916567019988], [5.851613846436427, 49.8789039195492], [5.846506823775412, 49.877584728337226], [5.84323325002548, 49.875208096563966], [5.8434295099079945, 49.872962651298565], [5.847095603422955, 49.87084839254102], [5.852398233452762, 49.86992211073816], [5.8593373999974165, 49.87018380588998], [5.864639407872806, 49.869257164852456], [5.8683042570789326, 49.86714218762559], [5.871968775065697, 49.865027083934486], [5.875632961833098, 49.86291185377913], [5.8792968174537945, 49.860796497195665], [5.882960341927786, 49.85868101418409], [5.884986506648206, 49.85537772593483], [5.885375311615053, 49.85088663244787], [5.883933006208369, 49.847453308018565], [5.880659590428152, 49.845077752646944], [5.877386495342752, 49.84270209846486], [5.874113720952169, 49.84032634547233], [5.872672206929776, 49.83689292390458], [5.873061953275572, 49.832401833761615], [5.873451609138842, 49.82791073064632], [5.873841174519583, 49.823419614558695], [5.874230649478203, 49.81892848548591], [5.874620034014697, 49.81443734342798], [5.873179500153471, 49.81100381904986], [5.869909047894523, 49.80862791235157], [5.8648087976703716, 49.807309305299036], [5.857878749481017, 49.807047997892276], [5.852779179571382, 49.80572908745734], [5.849510087941465, 49.803352573994204], [5.846241316239411, 49.800975961894814], [5.842972864465219, 49.79859925115917], [5.837874405523797, 49.79727939586911], [5.830945939415145, 49.79701639602464], [5.824017544119228, 49.79675295927048], [5.817089219636049, 49.79648908560662], [5.810160966197545, 49.79622477504722], [5.803232783803716, 49.79596002759226], [5.798135867601067, 49.79463858647222], [5.794870217589596, 49.79226045168707], [5.791604887191665, 49.78988221846277], [5.78833987640728, 49.7875038867993], [5.785075185142048, 49.785125456726135], [5.781810813395971, 49.78274692824326], [5.778546761074685, 49.78036830138016], [5.775283028178187, 49.77798957613682], [5.770188583681196, 49.77666658571498]]]}}, {"type": "Feature", "properties": {"band": "echo", "dbz": 35.0, "source": "OPERA-ORD", "time": "20260906232000"}, "geometry": {"type": "Polygon", "coordinates": [[[6.380552794335998, 49.78948804416744], [6.373623074802012, 49.78925928968566], [6.3683400517316135, 49.790210829638774], [6.364703725124802, 49.792342664026776], [6.362713989075287, 49.79565511125495], [6.362370843583066, 49.80014817132331], [6.362027618408463, 49.804641218791296], [6.361684313551478, 49.80913425365892], [6.359693436883266, 49.81244652674975], [6.356054988403827, 49.8145780380638], [6.35076907441711, 49.81552846898471], [6.3438356949231185, 49.815297819512494], [6.3369023776353535, 49.81506673263941], [6.329969122553817, 49.81483520836544], [6.324682351118468, 49.81578461528524], [6.3210420633293065, 49.8179149533988], [6.319048151860187, 49.821226541293576], [6.31870061671111, 49.825719378969566], [6.318353000816135, 49.83021220404928], [6.31800530417526, 49.83470501653272], [6.317657526734504, 49.839197816433], [6.317309668493864, 49.84369060375012], [6.31696172939931, 49.8481833784972], [6.316613709450842, 49.85267614067423], [6.31626560859438, 49.85716889029434], [6.315917426829921, 49.86166162735752], [6.313921028219416, 49.86497294702549], [6.310276412762866, 49.86710284929825], [6.30498368840842, 49.868051015140196], [6.298042855156081, 49.86781744455132], [6.2911020850766235, 49.86758343604618], [6.284161378170046, 49.86734898962476], [6.277220734670449, 49.867114105299684], [6.270280154577833, 49.866878783070966], [6.264986340709582, 49.86782525388986], [6.261339293065695, 49.86995351775637], [6.259338902269304, 49.87326389365798], [6.25898516832041, 49.87775638159469], [6.256984078346988, 49.88106661351621], [6.253335632349039, 49.883194589422544], [6.248039940032776, 49.884139990193944], [6.2410970013982014, 49.88390281583041], [6.235800682795858, 49.88484785975548], [6.232150984225747, 49.88697512196916], [6.230147795355817, 49.89028492157966], [6.229791116186071, 49.89477725858699], [6.2294343540213495, 49.89926958303067], [6.229077508861652, 49.90376189491071], [6.228720580651396, 49.90825419424016], [6.228363569390582, 49.912746481019006], [6.2263587767767055, 49.916056073427384], [6.222706202809769, 49.91818297146527], [6.219053296756611, 49.92030974409291], [6.215400058617234, 49.92243639131029], [6.213394112508025, 49.92574580788565], [6.213035458428982, 49.93023799381898], [6.212676720829032, 49.93473016722865], [6.2123178997081725, 49.93922232811468], [6.210310798972846, 49.94253156875726], [6.206655418623052, 49.9446578891564], [6.202999705730433, 49.94678408402117], [6.199343660294987, 49.94891015335155], [6.195687282242536, 49.95103609711144], [6.1920305715730795, 49.95316191530086], [6.1883735282124395, 49.95528760788368], [6.1847161521606155, 49.95741317485992], [6.182706490102653, 49.960721950200735], [6.182344542038553, 49.965213933906135], [6.1803341768554, 49.96852256451909], [6.176675394553191, 49.97064784203961], [6.1730162792568954, 49.97277299385515], [6.169356830966511, 49.97489801996573], [6.169175402041044, 49.97714398023746], [6.172471992480493, 49.97951087467034], [6.175768906596351, 49.9818776690848], [6.179066144388615, 49.98424436348085], [6.17888463087284, 49.98649031126978], [6.175224366049028, 49.98861551245161], [6.169915224249856, 49.98955702737493], [6.162957205475326, 49.98931485603974], [6.155999252629079, 49.98907224560863], [6.149041365711116, 49.9888291960816], [6.142083544957544, 49.988585707471856], [6.135125790368363, 49.98834177977939], [6.128168102179647, 49.988097413017435], [6.121210480391393, 49.987852607185985], [6.116084534492773, 49.98654592417486], [6.112790264483786, 49.98417736398405], [6.111327555932766, 49.98074724650628], [6.1116964088397125, 49.97625557174156], [6.110234309110411, 49.97282536125035], [6.106941256744861, 49.97045661503266], [6.101817366310881, 49.96914901335467], [6.094862637808468, 49.96890255621637], [6.087907976319557, 49.96865566023402], [6.080953381844148, 49.96840832540762], [6.075830604960049, 49.967099772572496], [6.072539645667262, 49.96473000172865], [6.069249009522292, 49.96236013123582], [6.06595869652514, 49.95999016109401], [6.060837033490946, 49.95868065744384], [6.053884020419711, 49.95843162028531], [6.0485755080135055, 49.95936754172248], [6.04491149627233, 49.961488421755355], [6.0412471516766555, 49.96360917565784], [6.03758247422648, 49.96572980342992], [6.0322731086733645, 49.96666469466109], [6.025319055017308, 49.96641384935134], [6.020009062564161, 49.96734838166441], [6.016343131313923, 49.96946829160031], [6.016154481833333, 49.971713963491155], [6.0194431141223905, 49.974085397336935], [6.022732069639446, 49.97645673167622], [6.0260213483845, 49.97882796650903], [6.027477534661851, 49.982259250249236], [6.0271006284715, 49.98675058289685], [6.026723634409819, 49.99124190294827], [6.026346552476811, 49.99573321040348], [6.025969382613498, 50.00022450527541], [6.02559212481988, 50.004715787564066], [6.0270493123957944, 50.00814696775157], [6.030340945341242, 50.01051804583792], [6.0354671407588825, 50.01182870181039], [6.042427898648716, 50.01207893566898], [6.047554780789878, 50.01338928570324], [6.050847787182369, 50.01575975191318], [6.052306801239847, 50.01919065435057], [6.051931822962311, 50.02368199301539], [6.0533914463373835, 50.0271128027821], [6.056685671365063, 50.02948308365069], [6.061814614496711, 50.03079251540998], [6.068778275732327, 50.03104109805998], [6.073907906134092, 50.03235022357408], [6.077203505702009, 50.03471989195228], [6.077016872954597, 50.03696558228327], [6.073348007891857, 50.03908729456704], [6.069678808640777, 50.04120888061185], [6.066009275201359, 50.04333034041768], [6.065822555326245, 50.045576018268584], [6.069118649015437, 50.04794591416454], [6.072415067294914, 50.050315710259085], [6.075711810164674, 50.052685406552214], [6.079008877720375, 50.05505500301377], [6.082306269962013, 50.05742449964376], [6.0874389081900055, 50.05873273926353], [6.0944067924043495, 50.05897972187308], [6.099540118776002, 50.060287654886366], [6.102838887304961, 50.062656538303386], [6.106137980752246, 50.06502532178166], [6.109437399117857, 50.06739400532119], [6.114571844235968, 50.068700984966526], [6.121541316106581, 50.06894626071767], [6.128510854802684, 50.06919109656238], [6.135480460324279, 50.06943549250065], [6.140616023884876, 50.07074151843427], [6.143917545484473, 50.073109174363225], [6.14721939227548, 50.07547673019937], [6.150521564257898, 50.0778441859427], [6.155658245955993, 50.07914925782086], [6.162629437369766, 50.07939194583384], [6.169600694943148, 50.079634193807316], [6.17657201867614, 50.07987600174128], [6.183543408330896, 50.08011736962253], [6.19051486390742, 50.08035829745108], [6.197486385167831, 50.080598785213766], [6.204457972112129, 50.0808388329106], [6.2097767234689085, 50.07989574841327], [6.213442639238168, 50.07776953172179], [6.215455607225557, 50.074460503665094], [6.215815627431076, 50.069968664243184], [6.217827888631277, 50.06665949144563], [6.221492390826159, 50.06453298527242], [6.225156558451294, 50.06240635331783], [6.2288203915066855, 50.06027959558187], [6.232483890067206, 50.05815271210085], [6.236147054132856, 50.05602570287477], [6.241462645320418, 50.055080825879394], [6.248430663629889, 50.05531808111471], [6.253567759444648, 50.056618866262795], [6.256873932764696, 50.05898318132364], [6.26018043129819, 50.06134739594508], [6.263487255045128, 50.06371151012712], [6.268625464790111, 50.06501134026611], [6.275595060533139, 50.06524688636205], [6.280910584501095, 50.06430035024115], [6.2845720366939775, 50.06217173190339], [6.286579307111517, 50.05886135211268], [6.286932395753714, 50.054369210869005], [6.285455417959964, 50.050941403834535], [6.282148373730263, 50.04857793100928], [6.278841654548103, 50.04621435769539], [6.275535260413482, 50.043850683892884], [6.272229191231214, 50.041486909632106], [6.2689234470012964, 50.03912303491306], [6.263787819658743, 50.0378229601631], [6.256822309203555, 50.03758668538222], [6.249856863251151, 50.037349970949464], [6.242891481801531, 50.037112816864806], [6.237756967213675, 50.03581178765874], [6.234453319487579, 50.03344688333125], [6.231149996443442, 50.031081878699574], [6.227846998081263, 50.02871677376372], [6.224544324305863, 50.02635156855395], [6.22124197511724, 50.02398626307026], [6.21977030711385, 50.020557616527704], [6.220129320295694, 50.01606562892626], [6.220488249756044, 50.011573628930876], [6.2208470954949, 50.00708161654154], [6.22285617062615, 50.003772224971414], [6.226515475149795, 50.0016454542205], [6.231825120387114, 50.000700984150264], [6.238785106338108, 50.0009388147607], [6.2440941216064845, 49.99999398682522], [6.247752166192242, 49.99786650034381], [6.249759129405595, 49.99455667546678], [6.25011501124654, 49.99006451219414], [6.250470810143565, 49.98557233651284], [6.250826526096667, 49.981080148422876], [6.2511821591614805, 49.976587947911206], [6.251537709338006, 49.97209573497783], [6.250065634327562, 49.968667328138224], [6.246765934130149, 49.96630272739238], [6.241638719187215, 49.965001612894646], [6.234683989498758, 49.964763984645], [6.229557458571625, 49.96346256313765], [6.226259126405816, 49.96109734837256], [6.224788882041608, 49.95766866015765], [6.225146725479001, 49.95317649849291], [6.227153078927325, 49.949866918879444], [6.230807942386578, 49.947739921317265], [6.2361114267200275, 49.94679518614403], [6.243063531927671, 49.94703271335973], [6.248366387995811, 49.9460876207924], [6.252019994924449, 49.94395990844201], [6.254024242479194, 49.94064989598256], [6.254379130660047, 49.936157583414044], [6.25473393623002, 49.93166525835845], [6.255088659189109, 49.927172920815785], [6.257091753783675, 49.923862732912795], [6.260743220013717, 49.921734694649466], [6.266043167707114, 49.920788486563694], [6.272991596863863, 49.92102410865546], [6.278290916849722, 49.920077543582515], [6.28194112766469, 49.91794879134484], [6.285591006445046, 49.91581991391726], [6.289240553190792, 49.91369091129977], [6.292714535701489, 49.91380805221234], [6.296012953977136, 49.916171336654976], [6.299311695148011, 49.918534520787475], [6.3026107592141125, 49.92089760460982], [6.307734696149811, 49.922195642154676], [6.314683505955105, 49.922428633422044], [6.319982128612847, 49.92148005803095], [6.323630564123038, 49.9193499159814], [6.325628704496124, 49.91603852680226], [6.325976549732107, 49.91154589049352], [6.326324314037558, 49.90705324171845], [6.32667199741248, 49.90256058047704], [6.328668989306447, 49.89924901670265], [6.332315289719459, 49.8971185503953], [6.337611006238461, 49.89616886223809], [6.344556138863456, 49.896399952231036], [6.349851227798717, 49.89544990775086], [6.353496273044247, 49.893318728797546], [6.355491167638495, 49.89000673469883], [6.355835911581462, 49.88551392545472], [6.356180575361156, 49.881021103728514], [6.356525158977576, 49.876528269520236], [6.355048240922285, 49.87310106768065], [6.351749821195281, 49.870739498209744], [6.348451723681858, 49.868377828342766], [6.345153948382015, 49.86601605807972], [6.3453264466888415, 49.86376963443579], [6.3489692186023365, 49.86163855741098], [6.354260618238165, 49.86068802800959], [6.361200645596328, 49.860918046231625], [6.3681407349125845, 49.861147626567195], [6.375080886186935, 49.8613767690163], [6.380371425507211, 49.86042521473186], [6.3840123528734125, 49.85829296371388], [6.386003562420907, 49.854980335009714], [6.386345054149692, 49.850487328619366], [6.384866735129174, 49.84706047194852], [6.381568605359353, 49.84469976499718], [6.37827079743519, 49.84233895759894], [6.374973311356687, 49.839978049753796], [6.3734958078499435, 49.83655109181393], [6.37383828691496, 49.83205808377933], [6.37418068643903, 49.8275650631955], [6.374523006422153, 49.823072030062434], [6.376513131030968, 49.81975942077223], [6.380151060265477, 49.81762723532486], [6.383788659196968, 49.81549492528212], [6.3874259278254435, 49.813362490644], [6.389414911805788, 49.81004970744191], [6.389755611138001, 49.80555657567586], [6.390096231389269, 49.80106343133275], [6.390436772559593, 49.79657027441259], [6.3889596958843144, 49.79314337731646], [6.3856650013634315, 49.79078274004437], [6.380552794335998, 49.78948804416744]]]}}, {"type": "Feature", "properties": {"band": "echo", "dbz": 35.0, "source": "OPERA-ORD", "time": "20260906232000"}, "geometry": {"type": "Polygon", "coordinates": [[[6.015473958854861, 50.02124363261247], [6.0118035568856385, 50.02336330626169], [6.009778804728691, 50.02666871974814], [6.009399702384015, 50.03115987307179], [6.009020511567469, 50.035651013850924], [6.00864123227905, 50.04014214208552], [6.008261864459312, 50.04463325778849], [6.007882408108256, 50.049124360959844], [6.009339558030619, 50.05255569355045], [6.0126333142264015, 50.05492725556031], [6.0161165527174925, 50.05505315202594], [6.019789273503892, 50.05293338294734], [6.021814703331928, 50.0496279199862], [6.022192842201601, 50.045136763142544], [6.024217564200118, 50.04183115410291], [6.027888869327478, 50.03971109286731], [6.031559840287448, 50.03759090525378], [6.035230477080026, 50.035470591262325], [6.035419085038514, 50.03322498068418], [6.0321256641629155, 50.030854073519336], [6.028832567453906, 50.02848306672033], [6.025539794911486, 50.026111960287125], [6.022247346440075, 50.023740754249864], [6.018955222039674, 50.021369448608525], [6.015473958854861, 50.02124363261247]]]}}, {"type": "Feature", "properties": {"band": "echo", "dbz": 35.0, "source": "OPERA-ORD", "time": "20260906232000"}, "geometry": {"type": "Polygon", "coordinates": [[[5.872511472028088, 49.89883968039764], [5.868844311029972, 49.90095474839517], [5.8651768181987185, 49.903069689822516], [5.861508993534328, 49.90518450467967], [5.857840836963967, 49.907299192930395], [5.8541723484876345, 49.9094137545747], [5.850503528032498, 49.911528189576345], [5.846834375598559, 49.91364249793532], [5.843164891112987, 49.915756679615384], [5.839495074575782, 49.91787073461654], [5.839298357743984, 49.920116115401626], [5.842574740617592, 49.922492821970636], [5.845851445433729, 49.924869429703364], [5.849128472192394, 49.92724593859981], [5.8524058209888175, 49.929622348630204], [5.855683491822999, 49.931998659794544], [5.860796555305141, 49.93331741914716], [5.867745011435245, 49.933578626688025], [5.874693538194165, 49.933839395882295], [5.881642135581902, 49.93409972672997], [5.888590803363886, 49.93435961921696], [5.895539541540116, 49.93461907334329], [5.900848064553613, 49.93369075493024], [5.904516372404378, 49.931574663977806], [5.90654434476851, 49.9282711196703], [5.90693198164601, 49.92378012200773], [5.9073195283407225, 49.919289111541126], [5.9077069848526484, 49.9147980882705], [5.906261313881657, 49.9113651580753], [5.902982515427748, 49.90899032095553], [5.89787070962779, 49.90767325795072], [5.8909258964817806, 49.907413969060855], [5.8858147743976925, 49.90609660179837], [5.882537343375527, 49.90372115616327], [5.87926023403012, 49.901345611609], [5.87598344636147, 49.89896996813559], [5.872511472028088, 49.89883968039764]]]}}, {"type": "Feature", "properties": {"band": "echo", "dbz": 35.0, "source": "OPERA-ORD", "time": "20260906232000"}, "geometry": {"type": "Polygon", "coordinates": [[[5.941845451626605, 49.882272529489754], [5.934904140300775, 49.882016032607694], [5.9279628983703025, 49.88175909787674], [5.921021725835187, 49.881501725296886], [5.915719177227292, 49.88243131155529], [5.912055252546616, 49.88454785665194], [5.910029832136779, 49.88785167932483], [5.909642915997782, 49.892342779573966], [5.911088615360683, 49.89577563465578], [5.914366930225478, 49.89815024457025], [5.9176455667972085, 49.900524755456445], [5.920924525075873, 49.902899167314345], [5.924203805156388, 49.90527348011417], [5.927483407038753, 49.90764769385593], [5.9325958238833785, 49.90896313083681], [5.9395410556902615, 49.90921979105681], [5.944845832706557, 49.908289317163096], [5.948510154932267, 49.90617170915565], [5.950533903497154, 49.90286728604296], [5.95091707840122, 49.898376047825046], [5.95130016420879, 49.893884796803924], [5.951683160919865, 49.889393532979604], [5.950235021278933, 49.885961120283284], [5.946955745285991, 49.88358755871494], [5.941845451626605, 49.882272529489754]]]}}, {"type": "Feature", "properties": {"band": "echo", "dbz": 35.0, "source": "OPERA-ORD", "time": "20260906232000"}, "geometry": {"type": "Polygon", "coordinates": [[[6.206383272861672, 49.882710373352275], [6.199440720831328, 49.88247057076571], [6.194143711959577, 49.88341360544537], [6.190492246246419, 49.88553947739126], [6.1884862121525535, 49.888848505655076], [6.188125609677981, 49.8933406902368], [6.187764923301065, 49.89783286221815], [6.187404153021808, 49.90232502159911], [6.1870432987840225, 49.90681716839272], [6.18668236058771, 49.91130930259897], [6.1881485473810605, 49.91473856450321], [6.1914418591640725, 49.91710495410543], [6.196562407726187, 49.9184081520507], [6.203510193067404, 49.918648158339], [6.2088106677649435, 49.91770494433875], [6.2124638318188055, 49.915578510049954], [6.214469574011194, 49.91226917485245], [6.214827894342113, 49.90777693874624], [6.215186131319773, 49.90328469007723], [6.215544284944177, 49.89879242884543], [6.215902355271108, 49.89430015503777], [6.216260342300568, 49.88980786865426], [6.214793139080684, 49.886378862758264], [6.211500745611456, 49.88401313734979], [6.206383272861672, 49.882710373352275]]]}}, {"type": "Feature", "properties": {"band": "echo", "dbz": 35.0, "source": "OPERA-ORD", "time": "20260906232000"}, "geometry": {"type": "Polygon", "coordinates": [[[6.4285784733216325, 49.89015274620046], [6.421633908165367, 49.88992696343244], [6.4163406196375155, 49.890880711258134], [6.412698607738079, 49.89301398967753], [6.410707767372168, 49.89632711803673], [6.410368098539782, 49.900820096335735], [6.411850090184959, 49.90424645946933], [6.4151537423077, 49.90660620743753], [6.420279160094225, 49.90789902074893], [6.427226343544533, 49.90812489940354], [6.432521046073952, 49.90717088009068], [6.436163267682481, 49.90503696281034], [6.438152903756009, 49.901723467077396], [6.438489954294534, 49.89723039289183], [6.437006548647789, 49.893804301245396], [6.4337026868157725, 49.89144519213811], [6.4285784733216325, 49.89015274620046]]]}}, {"type": "Feature", "properties": {"band": "echo", "dbz": 35.0, "source": "OPERA-ORD", "time": "20260906232000"}, "geometry": {"type": "Polygon", "coordinates": [[[6.191570151621017, 49.72002212860874], [6.184651287010064, 49.7197814924388], [6.179372145402738, 49.72072399176293], [6.175732726799038, 49.72284962658114], [6.173732920230176, 49.726158714490644], [6.173372725696154, 49.730651255491445], [6.173012447664914, 49.73514378363257], [6.172652086136456, 49.73963629891402], [6.174112448338283, 49.74306604145767], [6.177393534270393, 49.74543301126354], [6.18249545507348, 49.74673689051206], [6.189418210747544, 49.746977679203226], [6.19469977451358, 49.74603495755278], [6.198340146371589, 49.74390872556071], [6.200339215745137, 49.740599301071335], [6.200696982634222, 49.73610668408465], [6.201054666623633, 49.73161405426271], [6.201412267713367, 49.72712141160551], [6.199950697175298, 49.723691929381104], [6.196669955009428, 49.721325607589506], [6.191570151621017, 49.72002212860874]]]}}, {"type": "Feature", "properties": {"band": "echo", "dbz": 35.0, "source": "OPERA-ORD", "time": "20260906232000"}, "geometry": {"type": "Polygon", "coordinates": [[[6.394820332165938, 49.600764718430966], [6.387917813516745, 49.60053697529462], [6.382656020914594, 49.60148940840404], [6.379034954359484, 49.60362201775926], [6.377054509452417, 49.60693512011756], [6.3767146861933925, 49.611428715478944], [6.3763747843589655, 49.61592229796362], [6.3760348039491355, 49.620415867571595], [6.374053230093238, 49.623728796017154], [6.370430062791271, 49.625861083300315], [6.366806568384372, 49.627993246430464], [6.363182746872543, 49.63012528540759], [6.361200042966964, 49.63343803984491], [6.360858456667638, 49.63793150974242], [6.358875063199281, 49.64124412145759], [6.355249862561891, 49.643375874990426], [6.351624334522619, 49.64550750427421], [6.347998479081463, 49.64763900930893], [6.346013953911457, 49.65095144683492], [6.3456707590126005, 49.655444816852146], [6.345327484681722, 49.659938174035275], [6.344984130918822, 49.66443151838432], [6.344640697671032, 49.66892484991241], [6.344297184938355, 49.67341816861954], [6.3457679722823, 49.67684579623041], [6.34905305970287, 49.679207732745], [6.354152552981991, 49.6805036607504], [6.361066452119661, 49.68073358024662], [6.367980412578572, 49.68096306370542], [6.374894434358724, 49.681192111126805], [6.380164911048543, 49.68024037200739], [6.383791842648028, 49.678107846347174], [6.385775124333965, 49.67479485160048], [6.386114756106354, 49.67030138776731], [6.388097347170545, 49.66698825039422], [6.391722897526539, 49.66485543948121], [6.396991511676361, 49.66390263770545], [6.403903189620009, 49.664129845066924], [6.410814928107004, 49.66435661653724], [6.417726727137345, 49.664582952116405], [6.424638586480417, 49.66480885179235], [6.431550506136221, 49.66503431556509], [6.436818034041082, 49.66407982826958], [6.440441170195001, 49.66194538990583], [6.442419811502255, 49.65863131784194], [6.442753957962844, 49.654137612077896], [6.441277182814691, 49.65071114917765], [6.437989486057797, 49.6483519291412], [6.432890970698768, 49.647059634744004], [6.425981636737606, 49.64683426598606], [6.41907236300438, 49.6466084615075], [6.412163149499092, 49.64638222130833], [6.407065719380867, 49.645088979024045], [6.403780072649707, 49.64272873465465], [6.402306105393764, 49.639301805370806], [6.402643817613039, 49.63480819117251], [6.401170452649935, 49.6313811672836], [6.397886010504452, 49.629020733704074], [6.394601886670551, 49.62666020000983], [6.391318081148231, 49.62429956620088], [6.3898455235056195, 49.62087244046533], [6.3901842137427165, 49.61637882280316], [6.3921641616355895, 49.613065498083444], [6.395785367184238, 49.61093246630615], [6.399406245920048, 49.608799310517114], [6.403026797843018, 49.60666603071634], [6.403195703226011, 49.60441919061175], [6.399912962069026, 49.602058790203344], [6.394820332165938, 49.600764718430966]]]}}, {"type": "Feature", "properties": {"band": "echo", "dbz": 35.0, "source": "OPERA-ORD", "time": "20260906232000"}, "geometry": {"type": "Polygon", "coordinates": [[[6.0688863787845655, 49.54560204979059], [6.0652555969143815, 49.547724271432465], [6.061624489192407, 49.54984636809357], [6.057993055618643, 49.55196833977389], [6.054361296121443, 49.554090186438046], [6.0507292107008075, 49.55621190808603], [6.047096799285093, 49.55833350468243], [6.0434640618743, 49.560454976227255], [6.039830998396782, 49.562576322685075], [6.036197608852542, 49.564697544055896], [6.0325638931699395, 49.566818640304284], [6.028929851348974, 49.56893961143024], [6.023664576598147, 49.56987453144085], [6.016768068917459, 49.56962340033612], [6.009871628030373, 49.56937183452763], [6.002975253936889, 49.56911983401539], [5.996078946865202, 49.568867398812735], [5.989182706815313, 49.56861452891968], [5.983916376036378, 49.5695477625477], [5.980279954528395, 49.57166709969678], [5.976643206759413, 49.573786311517004], [5.973006132729432, 49.57590539800836], [5.9677389677414965, 49.57683761021039], [5.960841711795608, 49.57658294812311], [5.953944523603429, 49.576327851295055], [5.947047403164958, 49.57607231972623], [5.941779404559432, 49.57700351022895], [5.938140527786851, 49.579121422803205], [5.934501324624634, 49.58123920988724], [5.930861795072781, 49.583356871481044], [5.925592963441966, 49.584287040011255], [5.918694829732186, 49.58402971547786], [5.911796764508711, 49.58377195615376], [5.90489876777154, 49.583513762038955], [5.899629103708627, 49.5844429083236], [5.895987772319973, 49.58655939500771], [5.895795687094018, 49.58880531511033], [5.899052848030761, 49.59118066863145], [5.902310325569008, 49.59355592370739], [5.905568119708756, 49.595931080338154], [5.9070051201542295, 49.59936457239447], [5.906621326905428, 49.60385639987633], [5.906237444963277, 49.60834821407728], [5.905853474327776, 49.61284001499733], [5.907291257890742, 49.61627340917546], [5.910550795652175, 49.618648396611675], [5.913810650490946, 49.62102328551822], [5.917070822407057, 49.623398075895125], [5.920331311493504, 49.625772767713045], [5.923592117750287, 49.62814736097201], [5.9286748747974976, 49.62946302001102], [5.935579582635135, 49.62971974483008], [5.940853242860926, 49.62878914599773], [5.944495855474869, 49.62667122351396], [5.948138140940369, 49.624553175455596], [5.951780099257426, 49.62243500182264], [5.955421730497706, 49.62031670265068], [5.9590630346612095, 49.61819827793975], [5.962704011819599, 49.61607972772541], [5.966344661972877, 49.613961052007696], [5.96998498519271, 49.61184225082216], [5.973624981479097, 49.609723324168804], [5.9772646509037095, 49.607604272083215], [5.980903993466549, 49.60548509456539], [5.984354974580327, 49.605611866744724], [5.987617594245048, 49.60798458862122], [5.989060782497932, 49.6114170114497], [5.988684539338978, 49.615909135230154], [5.990128323322137, 49.61934146600883], [5.99339213444741, 49.62171400378573], [5.996656262893445, 49.62408644275926], [5.999920708660243, 49.6264587829294], [5.99973277886914, 49.628704838352874], [5.996092473520134, 49.63082460902969], [5.992451840922527, 49.632944254277476], [5.9888108810763185, 49.635063774096245], [5.988622864368269, 49.63730981635482], [5.991887790798377, 49.63968238105319], [5.9951530348401425, 49.64205484692193], [5.998418596493566, 49.64442721396104], [6.001684475851622, 49.646799482141084], [6.004950672914314, 49.64917165146208], [6.008404366952156, 49.6492976595045], [6.012045557965148, 49.64717750626834], [6.01568642149306, 49.645057227632364], [6.019326957535889, 49.64293682359654], [6.022967166165624, 49.64081629419651], [6.0266070473822655, 49.63869563943227], [6.030246601257802, 49.63657485933939], [6.033885827792232, 49.634453953917884], [6.039158334711137, 49.63351838106239], [6.046064122014515, 49.633768140772894], [6.0513360124959235, 49.63283221181355], [6.05497400615536, 49.63071059418435], [6.056977988978597, 49.6274036045808], [6.057347960965631, 49.622911243002896], [6.0593512515818615, 49.619604108544344], [6.06298786082729, 49.61748220120515], [6.068257902388592, 49.61654520441954], [6.07516137626577, 49.6167931181875], [6.080430801651327, 49.61585576562149], [6.084066178545264, 49.61373314672149], [6.086067393875988, 49.610425578065616], [6.0864344476435, 49.60593305965385], [6.0868014166170505, 49.601440528113656], [6.087168300796641, 49.59694798344503], [6.087535100238559, 49.59245542563495], [6.087901814942802, 49.587962854683425], [6.089901441150367, 49.58465507606691], [6.093533978861255, 49.58253208978541], [6.097166190179502, 49.58040897854633], [6.100798075105108, 49.57828574234969], [6.1027965626412275, 49.57497778656514], [6.103161652787859, 49.57048511119269], [6.1051594504296745, 49.567177010996424], [6.1087899555666745, 49.56505348597634], [6.1124201346048785, 49.56292983609513], [6.116049987544287, 49.56080606135278], [6.116232084945233, 49.55855969100857], [6.112966426807716, 49.5561907250625], [6.107886233331254, 49.55488333669888], [6.100991504515845, 49.55463752591771], [6.09409684103239, 49.55439128053509], [6.08720224288089, 49.55414460055101], [6.082123138890459, 49.55283626983135], [6.0788595290611, 49.55046628837612], [6.07559623553973, 49.54809620797879], [6.072333258326347, 49.54572602863936], [6.0688863787845655, 49.54560204979059]]]}}, {"type": "Feature", "properties": {"band": "echo", "dbz": 35.0, "source": "OPERA-ORD", "time": "20260906232000"}, "geometry": {"type": "Polygon", "coordinates": [[[6.132568226960852, 49.59180456329361], [6.125668093494089, 49.5915602857026], [6.12040197217115, 49.592500081352554], [6.116769862992037, 49.594623950243445], [6.11313742718554, 49.5967476942062], [6.10950466475166, 49.59887131324079], [6.105871575618346, 49.60099480731177], [6.102238159785598, 49.603118176419144], [6.10205564133202, 49.60536448105151], [6.105324020257614, 49.60773372120885], [6.110409499249718, 49.6090409666524], [6.117312078308331, 49.609286217382135], [6.122579823698093, 49.60834682223123], [6.126212735419005, 49.606222781199676], [6.129845320355985, 49.60409861525961], [6.1334775785090345, 49.60197432441104], [6.137109509950297, 49.59984990868941], [6.140741114679771, 49.597725368094736], [6.140922261206939, 49.59547899887032], [6.137652949531803, 49.59311080101618], [6.132568226960852, 49.59180456329361]]]}}, {"type": "Feature", "properties": {"band": "echo", "dbz": 35.0, "source": "OPERA-ORD", "time": "20260906232000"}, "geometry": {"type": "Polygon", "coordinates": [[[6.471125715912695, 49.504148895136], [6.464236745274489, 49.50392602036248], [6.458987146821699, 49.5048822356567], [6.455376920554327, 49.507017541018676], [6.451766369184332, 49.50915272281576], [6.448155492711714, 49.51128778104796], [6.444544291063803, 49.51342271568021], [6.440932764240599, 49.5155575267125], [6.438960439683373, 49.518871954460856], [6.438627317392126, 49.52336599892528], [6.438294118223946, 49.527860030426694], [6.437960842178832, 49.532354048965104], [6.43762748920579, 49.53684805455372], [6.437294059304819, 49.54134204719254], [6.436960552424878, 49.545836026894776], [6.436626968565968, 49.55032999366044], [6.434652648972666, 49.55364418577359], [6.431037593644972, 49.55577860323424], [6.4274222123973885, 49.55791289692461], [6.423806505229916, 49.5600470668447], [6.421831062168737, 49.563361085668475], [6.4214958832138525, 49.56785495339592], [6.421160626830906, 49.572348808215075], [6.420825293019897, 49.57684265012593], [6.420489881729408, 49.58133647914169], [6.420154392959434, 49.58583029526236], [6.419818826658515, 49.59032409850113], [6.419483182826649, 49.594817888858], [6.420957118402105, 49.59824467292895], [6.424240633384881, 49.60060445071396], [6.4293338309391554, 49.60189690541608], [6.436236711064928, 49.602122037035315], [6.443139650977796, 49.60234673337773], [6.450042650677759, 49.60257099444331], [6.455302895966404, 49.601615548791685], [6.458920386843731, 49.599480396422834], [6.462537551114455, 49.59734512028414], [6.466154388778572, 49.59520972037562], [6.47141378172705, 49.59425325695817], [6.4783157299598875, 49.59447573003179], [6.483409903848244, 49.5957659264606], [6.486696303392122, 49.598123846244604], [6.489983020981818, 49.60048166566516], [6.493270056617332, 49.60283938472227], [6.498365311137622, 49.60412863355777], [6.505268784542689, 49.60434941217166], [6.510364709021202, 49.605638354541135], [6.513653084573162, 49.607995460666196], [6.516941778391698, 49.610352466322524], [6.520230790476811, 49.61270937151014], [6.523682937544802, 49.61281911935701], [6.5272982195956715, 49.610681709863144], [6.529268601984517, 49.6073659355083], [6.52959408471134, 49.60287179629249], [6.528112571347453, 49.599446384891], [6.524824061892857, 49.59708970130384], [6.519728656567111, 49.595801428672694], [6.512826355370214, 49.59558156699756], [6.507731619630971, 49.59429298785721], [6.504444449349384, 49.591935691251656], [6.502964743796637, 49.588509994003495], [6.503292502972729, 49.58401589611273], [6.505263203034441, 49.58070042333631], [6.508876843981772, 49.57856357567422], [6.512490158684436, 49.576426604463606], [6.516103147142433, 49.57428950970447], [6.518072725916558, 49.57097386457079], [6.518398895006813, 49.56647966906257], [6.518724988789649, 49.5619854607113], [6.519051007265066, 49.55749123951698], [6.52101946584438, 49.55417542211953], [6.5246303645275905, 49.55203800851894], [6.528240937412718, 49.54990047148996], [6.5318511844997635, 49.54776281103259], [6.532013759381151, 49.54551566962379], [6.52872866205688, 49.54315904726356], [6.525443881924728, 49.54080232451604], [6.522159418984698, 49.53844550138121], [6.518875273145571, 49.5360885778888], [6.515591444407347, 49.53373155403879], [6.512307932678828, 49.531374429860875], [6.509024737960014, 49.529017205355075], [6.507546491317162, 49.52559145408514], [6.507873192750272, 49.521097176051065], [6.50639554635892, 49.517671329598066], [6.503113552143106, 49.515313914726136], [6.4980273104948285, 49.514024615313744], [6.491136821414086, 49.513803431360884], [6.4860512466414875, 49.512513826116574], [6.4827705861770335, 49.510155799580815], [6.479490242266555, 49.50779767286539], [6.47621021491005, 49.5054394459703], [6.471125715912695, 49.504148895136]]]}}, {"type": "Feature", "properties": {"band": "echo", "dbz": 35.0, "source": "OPERA-ORD", "time": "20260906232000"}, "geometry": {"type": "Polygon", "coordinates": [[[6.142686372222402, 49.46600271742395], [6.135804203967326, 49.46575915664572], [6.130552142517608, 49.46669958285838], [6.126930187873247, 49.468823996061936], [6.123307908696196, 49.47094828469468], [6.119685304986454, 49.47307244875661], [6.1144324084609885, 49.47401185726403], [6.107549219119798, 49.473766510216926], [6.100666094699678, 49.47352072938246], [6.093783035200625, 49.473274514760625], [6.088529304180996, 49.47421290528956], [6.08490490164079, 49.47633590096928], [6.0847222788557085, 49.478582338897496], [6.087981435825752, 49.48095221907421], [6.091240908040819, 49.48332200038486], [6.094500695500914, 49.48569168282946], [6.094317988530937, 49.4879381074474], [6.090692787130891, 49.49006127423868], [6.087067260840968, 49.49218431628302], [6.083441409661168, 49.494307233580436], [6.081445330438956, 49.49761508395474], [6.081079023174331, 49.502107867405925], [6.082526282046537, 49.50553921811435], [6.085787107055571, 49.50790913608001], [6.089048247742111, 49.51027895514015], [6.092309704106155, 49.51264867529478], [6.095571476239606, 49.51501829651461], [6.098833564142467, 49.517387818799655], [6.102095967906656, 49.51975724212061], [6.105358687532178, 49.522126566477496], [6.105176284594057, 49.52437296385029], [6.101548759092292, 49.526496434239], [6.097920908096992, 49.528619779823714], [6.094292731608151, 49.530743000604424], [6.090664229554119, 49.53286609654581], [6.0870354019348945, 49.53498906764787], [6.083406248678825, 49.53711191387526], [6.079776769785913, 49.53923463522797], [6.079593556534005, 49.541480980257575], [6.082856608923102, 49.54385094896406], [6.087934791981207, 49.54515924740642], [6.094828105708321, 49.54540587558465], [6.1000892511925855, 49.54446749351274], [6.103718228434001, 49.54234410119069], [6.107346879954315, 49.54022058404887], [6.110975205753528, 49.53809694208728], [6.114603205903382, 49.53597317534125], [6.118230880403878, 49.53384928381078], [6.120226200369969, 49.53054090865257], [6.120589165801653, 49.526048049866596], [6.122583797616559, 49.52273953051938], [6.126210095814687, 49.52061535061093], [6.129836068656474, 49.518491046014184], [6.133461716141921, 49.51636661672914], [6.135455214250966, 49.5130579206177], [6.1358165629836074, 49.50856495767986], [6.137809373707961, 49.50525611752609], [6.141433646424026, 49.503131400156384], [6.146689491864871, 49.50219048992075], [6.1535769100304964, 49.50243338681919], [6.158832142147719, 49.501492122225415], [6.162455188216537, 49.49936669613943], [6.164445938112924, 49.496057424222855], [6.1648043918368804, 49.491564306475674], [6.163351963056907, 49.488133927161556], [6.160088651773004, 49.485766286280494], [6.155014568014416, 49.484461068312974], [6.148129711781145, 49.484218273258996], [6.143056295625175, 49.482912751984614], [6.139794319546504, 49.480544504489814], [6.139974382610867, 49.47829796388707], [6.1435964848182625, 49.47617313017639], [6.147218262409498, 49.474048171949676], [6.150839715384574, 49.47192308920691], [6.151019695491569, 49.46967653532991], [6.147758202730483, 49.467308510318674], [6.142686372222402, 49.46600271742395]]]}}, {"type": "Feature", "properties": {"band": "echo", "dbz": 35.0, "source": "OPERA-ORD", "time": "20260906232000"}, "geometry": {"type": "Polygon", "coordinates": [[[6.193479166351105, 49.52185436647832], [6.1865887998369535, 49.5216139734595], [6.179698497106349, 49.52137314612435], [6.172808258159291, 49.521131884472865], [6.167550855095158, 49.522074033342044], [6.163926287913946, 49.524199592731875], [6.163747092305388, 49.52644611807598], [6.167013268269486, 49.528813609374346], [6.172092117326317, 49.530118011171936], [6.1789836394758835, 49.53035932346876], [6.185875225453744, 49.53060020135868], [6.192766875259895, 49.5308406448417], [6.198024442481742, 49.52989752195044], [6.201647927119284, 49.52777083268487], [6.201825839480586, 49.525524256786], [6.19855817956565, 49.52315779425383], [6.193479166351105, 49.52185436647832]]]}}, {"type": "Feature", "properties": {"band": "echo", "dbz": 35.0, "source": "OPERA-ORD", "time": "20260906232000"}, "geometry": {"type": "Polygon", "coordinates": [[[6.171645582146845, 49.44899967739131], [6.164765714983863, 49.44875795287073], [6.157885911700642, 49.44851579478208], [6.1510061722971825, 49.44827320312539], [6.145756335179888, 49.44921438232676], [6.1421364003487575, 49.45133933238621], [6.141956585991891, 49.453585912850905], [6.145216892109289, 49.45595412372083], [6.148477513196721, 49.45832223558309], [6.151738449254189, 49.460690248437686], [6.154999700373131, 49.463058162255386], [6.158261266553546, 49.46542597703619], [6.16333326193649, 49.46673079733148], [6.1702156865219635, 49.466972623141274], [6.1754666883854, 49.46603051622611], [6.1790862675268015, 49.463904476585995], [6.181074314510369, 49.46059481959093], [6.181430829336102, 49.45610154524093], [6.1799781939938105, 49.45267131596234], [6.176716408483495, 49.45030413175518], [6.171645582146845, 49.44899967739131]]]}}, {"type": "Feature", "properties": {"band": "echo", "dbz": 35.0, "source": "OPERA-ORD", "time": "20260906232000"}, "geometry": {"type": "Polygon", "coordinates": [[[6.216801766513994, 49.22527732830374], [6.209953420906089, 49.22503858716679], [6.203105137627338, 49.22479941467791], [6.196256916677738, 49.22455981083708], [6.189408758279788, 49.22431977565674], [6.182560662433486, 49.22407930913688], [6.177335901792821, 49.22502226409391], [6.173734476357792, 49.227148640527815], [6.17175627807752, 49.230458751716306], [6.171401306952006, 49.23495259765937], [6.169422431338978, 49.238262565667846], [6.165819651238433, 49.24038865574172], [6.162216550362631, 49.24251462195477], [6.158613128711572, 49.244640464307004], [6.155009386214843, 49.24676618276369], [6.151405322872446, 49.248891777324836], [6.146177535939033, 49.24983297151405], [6.139326025414606, 49.24958976533135], [6.134277179086629, 49.24828378718226], [6.1310309969551025, 49.245915037066766], [6.127785126342671, 49.243546188364036], [6.124539567249334, 49.24117724107407], [6.119491792120203, 49.23987032672326], [6.112641800955275, 49.23962544531161], [6.107594685250143, 49.23831822944067], [6.104350445004803, 49.23594867911045], [6.101106516059849, 49.2335790302954], [6.09786289841528, 49.23120928299556], [6.094438314891791, 49.23108620793675], [6.090832765489381, 49.233209805118975], [6.0888486305961, 49.23651836072014], [6.088485910211951, 49.24101187474026], [6.088123106670308, 49.24550537508645], [6.087760219971171, 49.24999886175871], [6.087397250059816, 49.254492334770084], [6.087034196936241, 49.258985794120576], [6.088475266393529, 49.26241751985746], [6.091720458431682, 49.26478751198072], [6.094965962246494, 49.26715740559622], [6.098211777837963, 49.26952720070396], [6.099653625734037, 49.27295882631322], [6.099291505934717, 49.277452282424], [6.1007339408750685, 49.28088381549115], [6.103980930555092, 49.283253425514665], [6.109032585404836, 49.28456079878541], [6.1158889054243, 49.28480593530338], [6.1209412212394225, 49.28611300679623], [6.124189532850203, 49.288482013263945], [6.124009298908395, 49.29072875926396], [6.120400519413997, 49.29285324479628], [6.115167335905669, 49.293792893756404], [6.1083097483834115, 49.29354770614433], [6.1014522251044125, 49.29330208655442], [6.0945947660686715, 49.29305603498665], [6.089542615500013, 49.291747995041824], [6.086295773398437, 49.289377966719954], [6.083049243408771, 49.2870078398803], [6.079803025531018, 49.28463761452288], [6.074751949847803, 49.28332863795826], [6.0678960163591285, 49.28308091018644], [6.06266255832086, 49.284018269284445], [6.0590515757329975, 49.28614071525229], [6.057062956958202, 49.28944856175565], [6.0566967019964695, 49.29394180879454], [6.058136572041897, 49.29737385874111], [6.061382567094483, 49.29974471159535], [6.066434798887139, 49.30105405355101], [6.073293267419861, 49.30130188460808], [6.078346160947126, 49.30261092497063], [6.081593479468932, 49.304981174638655], [6.084841110386792, 49.307351325762966], [6.088089053700704, 49.309721378343575], [6.091337309501236, 49.312091332351535], [6.094585877788388, 49.31446118778685], [6.0960286860446935, 49.317892775642456], [6.095665734270154, 49.322386095918354], [6.095302699133494, 49.32687940264987], [6.094939580634714, 49.33137269583701], [6.094576378718834, 49.33586597549281], [6.094213093385852, 49.34035924161727], [6.0956568750826765, 49.34379072200635], [6.09890772380931, 49.34616041666003], [6.103965750519588, 49.34746801133079], [6.110830955213514, 49.34771350601863], [6.116070099926738, 49.34677412775326], [6.11968318465926, 49.34464987653468], [6.121670099004616, 49.341341066635124], [6.122030842962806, 49.3368476980546], [6.124017075803999, 49.33353874439417], [6.127628797528194, 49.33141420565384], [6.132866118223001, 49.330473767689554], [6.139729037888419, 49.330717430501316], [6.144965750706778, 49.329776639463226], [6.148576256678078, 49.32765139457528], [6.152186440481214, 49.32552602556596], [6.155796302116183, 49.32340053243527], [6.159405841653784, 49.3212749152181], [6.163015059094014, 49.31914917391444], [6.164997887687326, 49.31583950235126], [6.16535432743372, 49.311345900528565], [6.1673364758317515, 49.30803608556494], [6.1709443328814215, 49.305910057460395], [6.1745518681225215, 49.30378390536421], [6.1781590815550524, 49.3016576292764], [6.180140110492393, 49.29834763813753], [6.1804949549345425, 49.293853931947616], [6.182475304431202, 49.29054379755271], [6.186081158982372, 49.2884172349528], [6.191312626766258, 49.28747393031449], [6.19816970778286, 49.28771388363776], [6.2034005684807365, 49.28677022663715], [6.207005208859888, 49.28464295931268], [6.2106095277842694, 49.28251556817062], [6.21421352525388, 49.28038805321097], [6.219443555726549, 49.27944338360668], [6.226299619202274, 49.279681559357755], [6.233155744821482, 49.27991930319648], [6.2400119325841725, 49.28015661512286], [6.246868182266831, 49.28039349512454], [6.253724493869458, 49.28062994320152], [6.258953469490619, 49.279683601079626], [6.262555109130312, 49.27755446875887], [6.266156427441148, 49.2754252128237], [6.269757424423127, 49.2732958332741], [6.273358100147148, 49.27116633014481], [6.276958454613213, 49.26903670343583], [6.277131476029469, 49.26678964191895], [6.273877164395914, 49.264425145594174], [6.270623164894808, 49.262060550192274], [6.267369477526145, 49.25969585571325], [6.264116102200034, 49.25733106218611], [6.260863038916472, 49.25496616961087], [6.257610287585578, 49.252601178016505], [6.254357848207351, 49.250236087403046], [6.251105720691933, 49.247870897799466], [6.247853905039321, 49.24550560920577], [6.242802435876539, 49.24420440774985], [6.235951313203585, 49.24396729343169], [6.230900503003825, 49.242665789595165], [6.227650005277258, 49.240299896240266], [6.226199713413308, 49.236869926857835], [6.226549627411973, 49.23237588144786], [6.225099923137966, 49.2289458187752], [6.221850600591287, 49.226579738839874], [6.216801766513994, 49.22527732830374]]]}}, {"type": "Feature", "properties": {"band": "echo", "dbz": 35.0, "source": "OPERA-ORD", "time": "20260906232000"}, "geometry": {"type": "Polygon", "coordinates": [[[5.247005102271864, 49.04397065713969], [5.243376682238047, 49.04606609252292], [5.241343097139145, 49.049359023088314], [5.240904346975158, 49.05384944883587], [5.238870082037366, 49.05714223008176], [5.235240302325767, 49.059237366826], [5.2316102047316075, 49.06133237707661], [5.2279797892548885, 49.06342726083362], [5.227759951737918, 49.06567243608165], [5.2309506921806985, 49.06806790282069], [5.234141739262576, 49.07046327411713], [5.237333092983549, 49.072858549970974], [5.240524753434222, 49.075253730354405], [5.243716720614592, 49.077648815267416], [5.248724379900293, 49.078995948283776], [5.255547731291324, 49.07929512940348], [5.262371159858333, 49.079593881206], [5.269194665601318, 49.07989220369136], [5.274421211552494, 49.07899315200061], [5.278050797711861, 49.076896726133775], [5.281680065735113, 49.07480017388725], [5.285309015622251, 49.07270349526104], [5.288937647440111, 49.0706066902901], [5.292565961188695, 49.06850975897442], [5.292783300178775, 49.06626446014992], [5.289589664410353, 49.063870793816584], [5.286396335314043, 49.061477031875725], [5.283203312889845, 49.059083174327334], [5.280010597047321, 49.056689221199264], [5.276818187786468, 49.05429517249151], [5.271812104260316, 49.05294907944554], [5.264992346468863, 49.05265094206135], [5.259986919983537, 49.0513045543691], [5.256795824804338, 49.0489099163688], [5.253605035983247, 49.0465151828885], [5.2504145535202635, 49.044120353928214], [5.247005102271864, 49.04397065713969]]]}}, {"type": "Feature", "properties": {"band": "echo", "dbz": 35.0, "source": "OPERA-ORD", "time": "20260906232000"}, "geometry": {"type": "Polygon", "coordinates": [[[19.793212374044327, 48.02164073844459], [19.78657131823459, 48.02225504244802], [19.781808652694107, 48.023830113022974], [19.778924377422875, 48.02636595016944], [19.777918748863247, 48.02986284667101], [19.77879176701522, 48.034320802527674], [19.779664978498545, 48.03877873468661], [19.780538383313214, 48.04323664314782], [19.781411981580813, 48.047694527918814], [19.78228577330134, 48.05215238899961], [19.784602659315052, 48.05534223282338], [19.78836263962194, 48.05726405939013], [19.793565457237023, 48.057917575664575], [19.800211112160287, 48.05730278164671], [19.804976201566582, 48.05572713565353], [19.807860725455903, 48.05319063768503], [19.808864941273484, 48.049693580719875], [19.807988849019324, 48.04523596475807], [19.807112950706735, 48.04077832505015], [19.806237246335716, 48.03632066159611], [19.805361735784402, 48.03186297438845], [19.804486419052793, 48.02740526342719], [19.80216979600254, 48.02421570257064], [19.798411866633643, 48.022294291818795], [19.793212374044327, 48.02164073844459]]]}}, {"type": "Feature", "properties": {"band": "echo", "dbz": 35.0, "source": "OPERA-ORD", "time": "20260906232000"}, "geometry": {"type": "Polygon", "coordinates": [[[17.1545114787462, 48.15085672372926], [17.14782985236063, 48.1513060282896], [17.141148115999577, 48.15175491446254], [17.134466269663037, 48.1522033822481], [17.129614603626628, 48.15365942537288], [17.12659311789036, 48.156123043836885], [17.12691296811242, 48.158362714979084], [17.13057415429282, 48.16037843879948], [17.13574626009357, 48.161162021770764], [17.14242928551466, 48.160713463892925], [17.14911220088577, 48.160264487545675], [17.155795006206898, 48.15981509272899], [17.160646388985292, 48.15835811288894], [17.16366634922096, 48.155893548025546], [17.163345319988842, 48.15365396705766], [17.159683301288936, 48.15163936998528], [17.1545114787462, 48.15085672372926]]]}}, {"type": "Feature", "properties": {"band": "echo", "dbz": 35.0, "source": "OPERA-ORD", "time": "20260906232000"}, "geometry": {"type": "Polygon", "coordinates": [[[18.45102183130819, 47.91063291113541], [18.444382456377195, 47.91116313393121], [18.439590581743772, 47.91267821327229], [18.436646207407918, 47.915178149158635], [18.433701553901155, 47.91767800234918], [18.430756621223484, 47.920177772843914], [18.427811409286477, 47.92267746061995], [18.424865918090138, 47.92517706567728], [18.4237682946421, 47.928662019083674], [18.42451853894236, 47.93313232083912], [18.426742106859784, 47.93635276738923], [18.430438998394372, 47.938323358733996], [18.433760322066497, 47.93805873779612], [18.43670607787616, 47.935558904575615], [18.439651554276022, 47.93305898864811], [18.442596751266088, 47.930558990013616], [18.44554166893487, 47.928058908695036], [18.448486307282362, 47.925558744692374], [18.45143066639705, 47.92305849802852], [18.454374746278937, 47.92055816870347], [18.457318547016477, 47.91805775674011], [18.46026206860968, 47.915557262138435], [18.45988575174813, 47.91332221106258], [18.456189596431834, 47.911352603512526], [18.45102183130819, 47.91063291113541]]]}}, {"type": "Feature", "properties": {"band": "echo", "dbz": 35.0, "source": "OPERA-ORD", "time": "20260906232000"}, "geometry": {"type": "Polygon", "coordinates": [[[5.220949995263239, 47.94206433081237], [5.22407148064069, 47.944461273522144], [5.227193255775436, 47.94685812252928], [5.230315320667474, 47.94925487783378], [5.235211403586748, 47.95060285449598], [5.241881504533254, 47.95090205251589], [5.248551678120293, 47.95120083202521], [5.2552219243478655, 47.951499193023935], [5.261892243015739, 47.951797135497685], [5.268562634123912, 47.95209465944647], [5.273670738793911, 47.951194164521496], [5.277216557025735, 47.94909565072274], [5.2791999642950165, 47.94579941968326], [5.279620960601754, 47.941305471403055], [5.281603725060969, 47.93800909378853], [5.285148257672663, 47.93591028683968], [5.288692489736391, 47.93381135638589], [5.292236421252152, 47.931712302427144], [5.295780052281755, 47.929613124996294], [5.299323382825198, 47.92751382409334], [5.304428688283512, 47.92661159141437], [5.311095968656695, 47.92690642695939], [5.315992173878055, 47.92825094244902], [5.319117303947588, 47.930645137883275], [5.322242723796092, 47.93303923934522], [5.325368433423564, 47.935433246834855], [5.330265661542786, 47.93677686100573], [5.336934408153756, 47.93707008185784], [5.343603225906433, 47.93736288426549], [5.350272114800818, 47.937655268228674], [5.355170365591173, 47.93899798077026], [5.3582979782775, 47.94139102189025], [5.3614258809880555, 47.943783968902395], [5.364554073722836, 47.946176821806695], [5.3676825565652795, 47.948569580576944], [5.370811329515386, 47.950962245213134], [5.373940392656608, 47.95335481568905], [5.377069745988946, 47.9557472920047], [5.38040525365304, 47.955892481405186], [5.383946915648886, 47.95379038389051], [5.385923519021512, 47.950492126155716], [5.3863350637709155, 47.94599770820079], [5.386746516896095, 47.9415032739843], [5.387157878397053, 47.93700882350624], [5.385799340907374, 47.9335654734637], [5.382670904427057, 47.93117322385668], [5.379542757837991, 47.92878088009566], [5.376414901140176, 47.926388442180624], [5.375057060576862, 47.922944994446794], [5.375469236148046, 47.91845053689417], [5.374111934501867, 47.915007001417266], [5.3709851556383255, 47.91261438801609], [5.367858666371919, 47.9102216805241], [5.36473246670265, 47.90782887894129], [5.363375860832484, 47.904385245814446], [5.363788848761422, 47.89989078114357], [5.365764347010618, 47.89659268816014], [5.369302355580071, 47.894490966864176], [5.374402996218984, 47.89358531597262], [5.381066268927354, 47.89387573548548], [5.38596112667083, 47.895217044671455], [5.389087569449414, 47.89760924353056], [5.392214301692357, 47.90000134825275], [5.39534132339966, 47.90239335883804], [5.398673359853329, 47.90253795593295], [5.402210411053365, 47.90043513953748], [5.405747162226744, 47.89833220009715], [5.409283613373468, 47.89622913761197], [5.414383685609668, 47.89532156186704], [5.421047378935344, 47.895609472862375], [5.426146891380735, 47.894701550683884], [5.429682222945839, 47.892597795331575], [5.433217254599773, 47.890493917041034], [5.436751986342538, 47.888389915812276], [5.440286418236178, 47.88628579167798], [5.44382055028069, 47.884181544638146], [5.447354382538123, 47.88207717472543], [5.450887915008475, 47.87997268193983], [5.455985557761237, 47.879063079630534], [5.46264731079641, 47.87934836779755], [5.467744393841042, 47.87843841942607], [5.471276806895133, 47.87633323451609], [5.471478563734858, 47.87408572915896], [5.4683496643602165, 47.87169590335468], [5.465221054216686, 47.86930598322327], [5.462092733304266, 47.86691596876475], [5.460730489433992, 47.863473445955464], [5.4611343226058615, 47.85897841479541], [5.459772617206589, 47.85553580377036], [5.456645373236172, 47.853145612880304], [5.45351841820411, 47.850755327726354], [5.450391752110404, 47.84836494830852], [5.449030744217374, 47.84492223885188], [5.44943539452502, 47.840427199356434], [5.449839954939243, 47.83593214349927], [5.450244425460043, 47.83143707128038], [5.448884114363166, 47.827994263399134], [5.445759021648611, 47.82560371985555], [5.440869266572159, 47.824265139830594], [5.434214849133811, 47.82397852332428], [5.427560501022761, 47.82369148936499], [5.420906222239006, 47.823404037952706], [5.415813574082408, 47.824312024097765], [5.412282556552967, 47.82641544780016], [5.408751240055157, 47.82851874865057], [5.405219624588979, 47.83062192664903], [5.400126229306946, 47.83152892623491], [5.3934710542090585, 47.83123974740822], [5.386815949081558, 47.83095015108745], [5.380160913924443, 47.8306601372726], [5.3735059489363834, 47.83036970597754], [5.3668510541173795, 47.83007885720226], [5.361963072010062, 47.8287368947854], [5.358842002614434, 47.826343818726954], [5.3557212215503505, 47.82395064874205], [5.352600728817814, 47.821557384830676], [5.347713763193614, 47.82021452274101], [5.34106032467775, 47.81992206247304], [5.3361739761359965, 47.81857891240493], [5.333054717568352, 47.81618507253667], [5.329935747127897, 47.81379113883531], [5.32681706481463, 47.81139711130085], [5.323698670545825, 47.80900298995928], [5.320580564321483, 47.80660877481062], [5.317462746058894, 47.80421446588082], [5.314345215758056, 47.801820063169885], [5.309461117468636, 47.80047543845315], [5.302810451190632, 47.800180591730594], [5.297717963619884, 47.80108291697799], [5.294183654756389, 47.80318241419532], [5.290649047267511, 47.80528178823937], [5.287114141153251, 47.807381039110126], [5.283788621702052, 47.80723297527425], [5.280672488913916, 47.80483759673176], [5.277556643970367, 47.80244212453201], [5.274441086871407, 47.80004655867501], [5.269558189424545, 47.798700100980355], [5.26290795162978, 47.79840275144805], [5.256257785644873, 47.79810498480912], [5.249607691469825, 47.797806801063565], [5.242957669302572, 47.79750820022562], [5.236307719143115, 47.79720918229528], [5.229584371191168, 47.83301121986196], [5.222787625446731, 47.90491431292564], [5.220949995263239, 47.94206433081237]]]}}, {"type": "Feature", "properties": {"band": "echo", "dbz": 35.0, "source": "OPERA-ORD", "time": "20260906232000"}, "geometry": {"type": "Polygon", "coordinates": [[[5.481132041276573, 47.67256194347988], [5.474497248611252, 47.67227795949219], [5.469420855113187, 47.6731887298001], [5.46590286078238, 47.6752942544036], [5.4623845696898075, 47.67739965668449], [5.45886598183547, 47.679504936642765], [5.453788844887087, 47.68041472410263], [5.447153158844657, 47.680129019064104], [5.442075467669531, 47.68103846188684], [5.438555771361707, 47.68314305257086], [5.435035778177863, 47.68524752082685], [5.431515488117997, 47.68735186665481], [5.426437054093012, 47.68826032623775], [5.419800476102909, 47.68797289957566], [5.4131639671348495, 47.687685056720696], [5.406527527188831, 47.68739679767286], [5.401448350838866, 47.688304273772445], [5.397926438084951, 47.69040748501945], [5.3959616693281305, 47.69370673107735], [5.395554044568403, 47.69820201194612], [5.396907959809642, 47.70164571590655], [5.400023415051852, 47.70403784295866], [5.403139157018451, 47.7064298761257], [5.4062551857094405, 47.70882181540769], [5.409371501206825, 47.71121366077871], [5.412488103510601, 47.71360541223878], [5.417366445201868, 47.714945087025406], [5.424006526280625, 47.715232685138595], [5.429087721989465, 47.714324378926705], [5.432610032328388, 47.71222016838974], [5.434573338345672, 47.708920353438245], [5.434977640041316, 47.70442493407222], [5.4369403120514015, 47.70112497409639], [5.440461354375927, 47.69902047351072], [5.443780622123374, 47.69916360519052], [5.4468981152937435, 47.70155436913578], [5.450015895259244, 47.703945039057444], [5.453133962019877, 47.70633561495552], [5.456252315657554, 47.70872609680409], [5.459370956172276, 47.71111648460315], [5.460729204619462, 47.71455942848018], [5.460327060999113, 47.719054928435156], [5.459924828221826, 47.72355041186185], [5.459522506287603, 47.728045878760256], [5.45912009514008, 47.732541329143196], [5.458717594779258, 47.73703676301067], [5.460076695170177, 47.740479597512326], [5.463197396312837, 47.74286983264816], [5.466318384874492, 47.74525997365017], [5.469439660855143, 47.747650020518364], [5.470799455493173, 47.751092756253726], [5.470397768788583, 47.75558818085627], [5.469995992958916, 47.76008358899489], [5.4695941280041716, 47.76457898066957], [5.469192173867954, 47.769074355893125], [5.468790130550265, 47.773569714665555], [5.468387997994661, 47.778065056999694], [5.467985776201143, 47.782560382895554], [5.466021585556488, 47.78586063915398], [5.4624954260607, 47.78796582577499], [5.458968968160269, 47.790070889795764], [5.455442211855196, 47.79217583121631], [5.451915157083787, 47.794280650004126], [5.4483878038460425, 47.79638534615922], [5.443298679601953, 47.79729447168978], [5.43664778435152, 47.797008026595805], [5.431558102805607, 47.79791680655984], [5.428029634964214, 47.80002081158187], [5.42606226131787, 47.80332034224004], [5.425655981866576, 47.80781539853437], [5.427014523188678, 47.81125848094482], [5.430137885284177, 47.813649589471396], [5.435026187761253, 47.81498842340595], [5.4416794306199066, 47.81527498274847], [5.446568349640957, 47.81661352812356], [5.449692944824409, 47.819004059531224], [5.452817828482737, 47.821394496733696], [5.455943000615942, 47.82378483973098], [5.459270019241274, 47.82392750754824], [5.462798884358732, 47.82182250018547], [5.466327450606231, 47.819717370159175], [5.469855717983773, 47.817612117469366], [5.473383686553198, 47.81550674214857], [5.476911356314508, 47.81340124419678], [5.480438727329545, 47.81129562364654], [5.4839657995983115, 47.809189880497826], [5.487292368316183, 47.8093316851229], [5.490418433483159, 47.811721037521764], [5.491781172253247, 47.81516336770004], [5.491380584626448, 47.81965867565771], [5.4909799079963575, 47.82415396726732], [5.490579142362976, 47.828649242528854], [5.491942579192085, 47.83209147393367], [5.4950702184836855, 47.83448066148177], [5.498198146574389, 47.83686975466351], [5.501326363464196, 47.83925875347889], [5.502690499063179, 47.842700886102996], [5.502290553371337, 47.84719615253583], [5.501890518766153, 47.8516914026721], [5.501490395247628, 47.85618663651183], [5.49952532527378, 47.859487336756416], [5.495995308844608, 47.861593503405885], [5.4924649929304685, 47.86369954738681], [5.488934377531361, 47.86580546869921], [5.4869682411515255, 47.86910598543823], [5.486566583790962, 47.873601097603895], [5.4879308230293145, 47.87704327741967], [5.4910609588665835, 47.87943252488556], [5.494191384138989, 47.88182167793042], [5.49732209884653, 47.88421073655425], [5.500453103072062, 47.88659970073082], [5.503584396815586, 47.888988570460135], [5.508481784434784, 47.890324005545786], [5.515145265929659, 47.890606005987756], [5.521808815683009, 47.89088758830294], [5.5284724336948345, 47.891168752491325], [5.533370837007608, 47.89250328495131], [5.536504025621327, 47.8948911856829], [5.539637503995144, 47.89727899183165], [5.542771272129059, 47.89966670339756], [5.547670690902222, 47.901000332923026], [5.5543357603146335, 47.901279880408055], [5.559235797808677, 47.90261322015637], [5.562370803384351, 47.90500035216795], [5.563740660268389, 47.90844157801425], [5.5633453684607925, 47.912936897695246], [5.562949988647012, 47.9174322012344], [5.5625545208270495, 47.921927488631695], [5.5621589649449845, 47.92642275990002], [5.561763321000817, 47.93091801503936], [5.563134045641307, 47.93435913155568], [5.566271138866455, 47.936746109449004], [5.569408522522149, 47.939132992605714], [5.572546196608393, 47.94151978102582], [5.575684161208244, 47.94390647468295], [5.578822416321706, 47.946293073577074], [5.583727234609452, 47.947625030637646], [5.590398616071484, 47.94790234586465], [5.595500278637102, 47.94698633388014], [5.599032222306304, 47.94487699468414], [5.6009943310190105, 47.941574630253605], [5.60138660477522, 47.93707924058855], [5.601778791196582, 47.93258383484592], [5.602170890283099, 47.92808841302572], [5.602562902090243, 47.92359297511504], [5.602954826618015, 47.919097521113905], [5.604915442957921, 47.91579493642059], [5.6084447511099595, 47.913685221035095], [5.611778474382486, 47.91382315392539], [5.614916612775501, 47.916208735091494], [5.616290310347919, 47.91964928027648], [5.615899567099744, 47.92414478948035], [5.617273806815304, 47.92758524554311], [5.620413029494602, 47.92997064846478], [5.623552542628068, 47.93235595649439], [5.626692346215699, 47.93474116963194], [5.628067293500692, 47.93818152620397], [5.627677384483044, 47.942677026210475], [5.62905287456418, 47.94611729358678], [5.6321937637441, 47.948502328332886], [5.637100167188778, 47.94983182841948], [5.643772084898216, 47.95010579384655], [5.648679108192907, 47.9514350032964], [5.651821237072853, 47.95381945676904], [5.654963656821796, 47.95620381521746], [5.658106367439732, 47.95858807864163], [5.663014406217366, 47.95991638280985], [5.669687773154697, 47.960188727722105], [5.674789192909888, 47.95926891364389], [5.678318665482939, 47.95715694057522], [5.680276076819465, 47.95385311068171], [5.680661426919467, 47.949357423963384], [5.679282632406936, 47.94591775097946], [5.6761396932818755, 47.943534091729944], [5.672997044889778, 47.941150337410505], [5.669854687230645, 47.938766488021145], [5.670047529202321, 47.936518634266456], [5.673575570804809, 47.934406776146425], [5.677103311885778, 47.932294795768826], [5.680630752445226, 47.93018269313365], [5.682586890472849, 47.92687875045232], [5.682971725968648, 47.92238296772483], [5.683356475806028, 47.91788716896994], [5.683741139984991, 47.913391354187645], [5.684125718559934, 47.90889552336502], [5.6845102115308555, 47.90439967650205], [5.6848946189521055, 47.89990381358581], [5.685278940823684, 47.895407934616294], [5.685663177199894, 47.890912039580556], [5.686047328080734, 47.886416128478615], [5.686431393520463, 47.8819202012975], [5.686815373519079, 47.87742425803721], [5.68719926813079, 47.872928298684826], [5.6875830773555975, 47.86843232324035], [5.686205783380593, 47.864992555772155], [5.683067386205776, 47.86260899628026], [5.679929278612827, 47.86022534181947], [5.676791460601743, 47.85784159238981], [5.675414874378759, 47.85440172481573], [5.675799519943873, 47.84990573909724], [5.674423474780591, 47.846465782081424], [5.671286738888912, 47.8440818537683], [5.666389425756887, 47.84275365293318], [5.659731535384515, 47.84248117957606], [5.654834838696294, 47.841152688570496], [5.651699335692222, 47.838768179916485], [5.651892412773388, 47.836520203593146], [5.655414069939791, 47.834408759600485], [5.6589354280579, 47.83229719352907], [5.662456487127713, 47.83018550537891], [5.6644096711133916, 47.82688164710658], [5.664794980014935, 47.8223856187121], [5.66518020333544, 47.81788957412282], [5.665565341074907, 47.81339351333876], [5.664190873797295, 47.80995334549936], [5.661056801502602, 47.80756907060463], [5.657923017951539, 47.80518470089088], [5.654789523144104, 47.80280023635811], [5.651656316998163, 47.800415677032575], [5.648523399513715, 47.79803102291428], [5.645390770608642, 47.79564627402945], [5.642258430282944, 47.793261430378095], [5.63912637845452, 47.79087649198644], [5.635994615123371, 47.78849145885445], [5.631103512100327, 47.78716161680481], [5.624453069385388, 47.78688696583751], [5.619562581251939, 47.78555683416162], [5.616432047699979, 47.78317122177715], [5.615061354223599, 47.779730429383065], [5.6154505008228, 47.775234456979355], [5.615839561078415, 47.770738468265876], [5.616228534990443, 47.766242463242605], [5.614858543330653, 47.76280157102658], [5.611729586099045, 47.760415791617774], [5.608600916827898, 47.75802991761062], [5.605472535517215, 47.75564394900514], [5.602344442085045, 47.753257885827445], [5.599216636531388, 47.75087172807755], [5.594330056410944, 47.74954018243807], [5.587684701723714, 47.74926324890899], [5.582798735498175, 47.74793141409381], [5.579672157734324, 47.74554467799253], [5.578304853199297, 47.74210334096022], [5.578696821893094, 47.7376074029969], [5.579088703689003, 47.73311144863413], [5.579480498587025, 47.728615477871934], [5.578113892975715, 47.72517404120218], [5.574988886855072, 47.72278713862489], [5.57186416807729, 47.72040014161685], [5.568739736642366, 47.71801305017807], [5.565615592468504, 47.715625864334605], [5.5624917355557075, 47.71323858408646], [5.5593681658221925, 47.710851209459676], [5.556244883267961, 47.70846374045425], [5.553121887811253, 47.70607617709621], [5.549999179452064, 47.70368851938556], [5.545118339926184, 47.702354695719855], [5.538479369233613, 47.70207470609908], [5.531840465837698, 47.701794300082085], [5.52520162973844, 47.70151347766884], [5.518562861132848, 47.70123223887269], [5.511924160020923, 47.700950583693654], [5.505285526599643, 47.700668512145086], [5.498646960869008, 47.70038602422699], [5.493767913881483, 47.69905008031017], [5.490648385637069, 47.69666068039464], [5.489288258895297, 47.69321812434196], [5.489687533656168, 47.68872241215213], [5.490086719997721, 47.68422668340867], [5.490485817919953, 47.67973093811158], [5.489126384563111, 47.67628828296571], [5.486008419927193, 47.67389871797105], [5.481132041276573, 47.67256194347988]]]}}, {"type": "Feature", "properties": {"band": "echo", "dbz": 35.0, "source": "OPERA-ORD", "time": "20260906232000"}, "geometry": {"type": "Polygon", "coordinates": [[[5.792072609133845, 47.938042431343135], [5.7854016169621705, 47.93777778604789], [5.7787306892208345, 47.93751272203106], [5.772059825909837, 47.93724723929267], [5.766962214244621, 47.93817198662954], [5.7634378542251845, 47.94028696404169], [5.7614866342476265, 47.943592473618786], [5.761108554311946, 47.948088515360816], [5.76249324605954, 47.95152709505034], [5.765640709490411, 47.95390821268736], [5.770551056300979, 47.95523156605093], [5.777224286491247, 47.955497155141046], [5.782135252742954, 47.95682021696994], [5.785283955056097, 47.95920075153759], [5.788432948611732, 47.961581190663765], [5.791582233409855, 47.96396153434848], [5.794919241262508, 47.96409371379609], [5.798443972169691, 47.96197772900661], [5.80039368583282, 47.95867165197885], [5.800768382251896, 47.954175482712785], [5.801142995204389, 47.94967929756971], [5.801517524690301, 47.94518309654962], [5.800130618379863, 47.94174493552737], [5.796982276273075, 47.939364814502966], [5.792072609133845, 47.938042431343135]]]}}, {"type": "Feature", "properties": {"band": "echo", "dbz": 35.0, "source": "OPERA-ORD", "time": "20260906232000"}, "geometry": {"type": "Polygon", "coordinates": [[[5.570240715638079, 47.853442159645084], [5.573373291223487, 47.85582903252588], [5.57650615609027, 47.85821581076971], [5.579639310238429, 47.86060249437657], [5.57944244177123, 47.86285025712094], [5.57591555068867, 47.864959099002824], [5.570821860490186, 47.86587427581229], [5.5641613711757785, 47.86559578754934], [5.559264916305992, 47.86426290616012], [5.556132495880829, 47.86187563164464], [5.554763993342438, 47.858434265268166], [5.555159408690821, 47.85393880703071], [5.55712044564121, 47.85063695818404], [5.5606471041936025, 47.84852871872818], [5.5639764320636935, 47.848668130051365], [5.567108429251482, 47.85105519215358], [5.570240715638079, 47.853442159645084]]]}}, {"type": "Feature", "properties": {"band": "echo", "dbz": 35.0, "source": "OPERA-ORD", "time": "20260906232000"}, "geometry": {"type": "Polygon", "coordinates": [[[5.4215727644083955, 47.74220444749337], [5.414929175619802, 47.741916677692224], [5.4082856561331685, 47.741628491206185], [5.401642205948493, 47.74133988803525], [5.396557500744089, 47.742247056066404], [5.393031540519958, 47.74434999529965], [5.391064205209558, 47.747649005824925], [5.390655494812887, 47.752144087642236], [5.390246693746174, 47.756639152916655], [5.389837802009418, 47.761134201648176], [5.389428819545261, 47.76562923384957], [5.389019746353703, 47.77012424952083], [5.390374914788905, 47.773567869734045], [5.3934943248508675, 47.77596009448921], [5.39837809686174, 47.777300623424274], [5.4050262308215204, 47.777589456539246], [5.411674434270669, 47.777877872640566], [5.418322707209185, 47.77816587172822], [5.423410361329216, 47.777257923848964], [5.426937396630763, 47.77515402900279], [5.428903693618972, 47.77185448759869], [5.429309252293843, 47.76735929963667], [5.429714721014098, 47.762864095184185], [5.430120099779736, 47.758368874241256], [5.430525388647634, 47.75387363679508], [5.430930587617794, 47.749378382845634], [5.429573530027827, 47.74593515000167], [5.426454215877737, 47.74354393826319], [5.4215727644083955, 47.74220444749337]]]}}, {"type": "Feature", "properties": {"band": "echo", "dbz": 35.0, "source": "OPERA-ORD", "time": "20260906232000"}, "geometry": {"type": "Polygon", "coordinates": [[[5.57399463774306, 47.772380962999236], [5.570473975347394, 47.774489799695644], [5.566953014746717, 47.77659851416787], [5.563431755941029, 47.778707106415894], [5.559910198868383, 47.78081557640731], [5.556388343528778, 47.78292392414212], [5.5530637826050615, 47.782784317973416], [5.549936516097233, 47.780396757901215], [5.546809537697154, 47.77800910338898], [5.543682847404822, 47.77562135443674], [5.540556445138072, 47.77323351107057], [5.537430330896903, 47.7708455732905], [5.537628085176868, 47.768597731063004], [5.541149707977967, 47.76648998438807], [5.546234167373596, 47.765575884006346], [5.5528814633637555, 47.76585542991783], [5.5595288265733, 47.766134558831354], [5.566176257002228, 47.76641327074694], [5.571063721397742, 47.7677461061913], [5.574191219759843, 47.770133065164444], [5.57399463774306, 47.772380962999236]]]}}, {"type": "Feature", "properties": {"band": "echo", "dbz": 35.0, "source": "OPERA-ORD", "time": "20260906232000"}, "geometry": {"type": "Polygon", "coordinates": [[[5.331878602252259, 47.70217850582702], [5.325240665260943, 47.70188513647417], [5.320158524874476, 47.702788676207476], [5.3166321810928565, 47.70488912502695], [5.3146615121220355, 47.70818678261584], [5.314246517962013, 47.712681648974126], [5.313831431821219, 47.71717649865831], [5.313416253699656, 47.72167133166839], [5.313000983539201, 47.726166148017086], [5.312585621339854, 47.73066094770439], [5.312170167043441, 47.73515573074306], [5.311754620649965, 47.739650497133084], [5.313103844758102, 47.74309513724885], [5.316217839367852, 47.74548965109036], [5.321096726611714, 47.746833738631906], [5.327740506489686, 47.7471273998735], [5.33438435690098, 47.74742064443111], [5.341028277845595, 47.74771347230475], [5.347672269126187, 47.748005883480474], [5.354316330742754, 47.74829787795829], [5.359402154594509, 47.74739297391831], [5.362929740681453, 47.745291171360535], [5.366457029018416, 47.74318924600303], [5.369984019605397, 47.74108719784577], [5.373510712503636, 47.73898502692123], [5.377037107713131, 47.73688273322939], [5.379005063977692, 47.73358404117713], [5.379414581297317, 47.72908895076442], [5.378061485620959, 47.72564503608238], [5.374945776948618, 47.723252297131026], [5.370067575728249, 47.72191043399674], [5.363426881959851, 47.721619446679526], [5.356786258188215, 47.72132804289667], [5.3501457044133405, 47.72103622264819], [5.34526851432568, 47.71969346177676], [5.342154687925232, 47.71729976028237], [5.3408041039977565, 47.7138554180186], [5.341216762543251, 47.70936043498543], [5.339866711548979, 47.70591600522749], [5.336753951014938, 47.7035221287448], [5.331878602252259, 47.70217850582702]]]}}, {"type": "Feature", "properties": {"band": "echo", "dbz": 35.0, "source": "OPERA-ORD", "time": "20260906232000"}, "geometry": {"type": "Polygon", "coordinates": [[[5.634065951431346, 47.597767404912425], [5.627440170205404, 47.59749306692004], [5.622374129143718, 47.59841129935506], [5.618867828246286, 47.600522102217504], [5.615361231675157, 47.60263278341806], [5.611854339430331, 47.604743342956716], [5.606787552684148, 47.60566059539862], [5.600160871436607, 47.60538454074374], [5.595093531170217, 47.60630145001166], [5.591585531884974, 47.60841132320235], [5.589636759485718, 47.61171445954564], [5.589247213972451, 47.61621085904153], [5.590612249807036, 47.619652349383074], [5.593731866989475, 47.62203893057025], [5.5968517701693035, 47.62442541740572], [5.5999719593465205, 47.62681180988949], [5.601337690989663, 47.63025320020035], [5.6009489650987305, 47.63474958833831], [5.602315231007946, 47.63819088969928], [5.605436488717311, 47.64057710428325], [5.60855803271196, 47.64296322445269], [5.6116798629918945, 47.64534925020761], [5.61480197963842, 47.64773518152201], [5.6179243826515375, 47.65012101839589], [5.62124044155537, 47.65025854508885], [5.6247501563499185, 47.64814776160088], [5.628259574812554, 47.646036856374444], [5.631768696943275, 47.643925829409554], [5.636839124070897, 47.64300720510526], [5.64347085619542, 47.643280983461565], [5.64854072847731, 47.64236201592623], [5.652048740916568, 47.64025030249926], [5.6539947806747, 47.636946142764295], [5.6543788477517065, 47.63244953672133], [5.656324257643717, 47.62914523358481], [5.6598310103507306, 47.62703323335473], [5.663337467033743, 47.62492111154676], [5.666843627692751, 47.6228088681609], [5.667035242771705, 47.620560526879395], [5.663912312270604, 47.61817608770222], [5.66078966782638, 47.61579155397938], [5.657667309439034, 47.6134069257109], [5.6545452370275076, 47.61102220292271], [5.6514234505918, 47.60863738561484], [5.648301950050867, 47.60625247381326], [5.645180735404709, 47.603867467517944], [5.642059806572303, 47.60148236675488], [5.638939163553646, 47.599097171524036], [5.634065951431346, 47.597767404912425]]]}}, {"type": "Feature", "properties": {"band": "echo", "dbz": 35.0, "source": "OPERA-ORD", "time": "20260906232000"}, "geometry": {"type": "Polygon", "coordinates": [[[5.544456707182681, 47.55791826052257], [5.537836496385266, 47.55763832804304], [5.531216352358106, 47.55735798048793], [5.524596275101202, 47.55707721785724], [5.519532362818229, 47.557990554974566], [5.516024615509186, 47.5600979918399], [5.512516573105545, 47.56220530681214], [5.5090082356073085, 47.56431249989126], [5.505499602953569, 47.56641957104522], [5.5019906751443255, 47.56852652027403], [5.500037718971725, 47.57182806718306], [5.499640734435766, 47.576324211772345], [5.499243662146929, 47.58082033965373], [5.498846502105217, 47.58531645082719], [5.498449254255354, 47.589812545305634], [5.498051918597337, 47.59430862308904], [5.499410295848616, 47.59775129891381], [5.50252438600919, 47.60014057277996], [5.507394305485042, 47.601476145606654], [5.514020054276173, 47.60175801739391], [5.520645870258105, 47.60203947371134], [5.5272717534308375, 47.602320514558954], [5.532142674017225, 47.60365519025607], [5.535258632017268, 47.60604350080269], [5.538374875659281, 47.60843171719817], [5.5414914049432635, 47.61081983944251], [5.546363326412431, 47.61215361770585], [5.552990640066783, 47.61243305198818], [5.5580591075206005, 47.61151839744506], [5.561568728773883, 47.609409654076494], [5.565078054253062, 47.60730078885975], [5.568587083958137, 47.605191801794845], [5.572095817950345, 47.60308269291387], [5.575604256229685, 47.60097346221683], [5.577553657088695, 47.59767064142095], [5.577944020527376, 47.593174230526216], [5.576580745981708, 47.58973246251173], [5.573463833451695, 47.5873453373775], [5.570347206344333, 47.5849581180169], [5.567230864659621, 47.582570804429935], [5.564114808316525, 47.580183396642454], [5.560999037315045, 47.57779589465446], [5.557883551574162, 47.57540829849181], [5.554768351093875, 47.57302060815449], [5.553406834585201, 47.56957856276031], [5.55379900204814, 47.56508216230927], [5.552438017480053, 47.56164002825339], [5.5493238808809435, 47.559252160592685], [5.544456707182681, 47.55791826052257]]]}}, {"type": "Feature", "properties": {"band": "echo", "dbz": 35.0, "source": "OPERA-ORD", "time": "20260906232000"}, "geometry": {"type": "Polygon", "coordinates": [[[19.468881130082302, 47.23439823243814], [19.46233791162396, 47.234991153519516], [19.45579455544008, 47.23558366711872], [19.449251061530667, 47.23617577323576], [19.442707430072986, 47.23676747184364], [19.436163661067035, 47.23735876294238], [19.431461357597495, 47.23891809460622], [19.428600519664364, 47.24144546683515], [19.427581384735106, 47.24494116726695], [19.42840395280972, 47.249405195901616], [19.430657494567534, 47.252605480842114], [19.43434201000855, 47.25454202208844], [19.439457261473734, 47.255214531884434], [19.446003248963102, 47.2546230102301], [19.45254909872232, 47.25403108091434], [19.459094810751388, 47.253438743937146], [19.46564038487282, 47.25284599932553], [19.47218582108662, 47.25225284707948], [19.4768880278126, 47.250691947354234], [19.479747005050754, 47.24816330014978], [19.480762991513217, 47.24466719309032], [19.479935987199987, 47.24020362617586], [19.477680048610395, 47.23700432501333], [19.47399517574445, 47.23506928960275], [19.468881130082302, 47.23439823243814]]]}}, {"type": "Feature", "properties": {"band": "echo", "dbz": 35.0, "source": "OPERA-ORD", "time": "20260906232000"}, "geometry": {"type": "Polygon", "coordinates": [[[5.259849095144407, 47.54550643042769], [5.266466419821741, 47.54580379042412], [5.271533512347887, 47.54490284334922], [5.275050372722845, 47.54280358920299], [5.2785669382826885, 47.540704212457754], [5.2820832090274195, 47.5386047131135], [5.285391687767188, 47.538752756255434], [5.288492374501995, 47.54114834188357], [5.291593345411223, 47.54354383420002], [5.2946946004948705, 47.545939233204805], [5.299554101778505, 47.54728436825232], [5.306171849262127, 47.547579239342575], [5.311031959494926, 47.54892408819933], [5.3141344324769015, 47.55131891482259], [5.315479147219792, 47.554764017658684], [5.315066103723597, 47.55925939670763], [5.316411347027796, 47.56270441223186], [5.31951487713239, 47.565099064231354], [5.322824725069676, 47.5652459210937], [5.326340890839655, 47.563144982818876], [5.329856761500561, 47.561043922059426], [5.333372337052393, 47.55894273881535], [5.336887617555545, 47.55684143311879], [5.340402603010017, 47.55474000496977], [5.3439172934762, 47.55263845440043], [5.347431688954094, 47.55053678141076], [5.3524980395847095, 47.549631720996175], [5.3591163453680455, 47.54992327315665], [5.3657347204527355, 47.55021441041649], [5.372353164838781, 47.55050513277568], [5.3774187797524196, 47.54959909140555], [5.3809315651936505, 47.547496286306064], [5.3844440557504605, 47.54539335893155], [5.387956251422848, 47.543290309282], [5.3912652874967835, 47.54343503376463], [5.394371163972268, 47.545827532379434], [5.3974773249274985, 47.54821993735655], [5.400583770362475, 47.55061224869597], [5.403892875228305, 47.55075655828447], [5.407404639524988, 47.54865286612204], [5.410916108920587, 47.54654905176565], [5.414427283415099, 47.544445115215275], [5.417938163069087, 47.542341056503005], [5.421448747882549, 47.54023687562885], [5.424959037916047, 47.53813257262489], [5.4284690331695815, 47.53602814749112], [5.433532437810204, 47.53511916470336], [5.440149251837913, 47.53540562426158], [5.445212106259743, 47.53449629782321], [5.448721001075693, 47.532391185388235], [5.452229601224738, 47.53028595092808], [5.4557379067068785, 47.52818059444277], [5.459245917582723, 47.52607511596431], [5.462753633852271, 47.5239695154927], [5.462953670608146, 47.5217214492493], [5.459846027850345, 47.51933091723411], [5.456738669307248, 47.51694029143494], [5.453631594978856, 47.514549571851816], [5.452278251382665, 47.51110613465369], [5.452678638518674, 47.506609979840555], [5.4513258240259335, 47.50316645456815], [5.448219807904444, 47.50077555883648], [5.445114075711977, 47.498384569382786], [5.442008627448534, 47.49599348620705], [5.43890346303336, 47.49360230933493], [5.435798582466454, 47.491211038766416], [5.430940695661677, 47.48987190080753], [5.424329802619031, 47.489584895458265], [5.417718977777968, 47.48929747572224], [5.411108221138485, 47.48900964159945], [5.406251332262533, 47.48766960962705], [5.40314831115011, 47.48527737980503], [5.4017990396175435, 47.48183325020851], [5.402203517664837, 47.4773372208375], [5.400854773820811, 47.47389300345854], [5.397752808085464, 47.47150059807166], [5.392897738739079, 47.47015970674322], [5.386289565781654, 47.46987032947322], [5.381435102708244, 47.46852915182513], [5.378334349518848, 47.46613617379896], [5.37523387961806, 47.46374310231115], [5.372133693005879, 47.461349937361696], [5.367280227752594, 47.460007866619264], [5.360673483858204, 47.45971689008385], [5.355820624676694, 47.45837453324189], [5.352721650208064, 47.455980796093385], [5.34962295882884, 47.45358696557486], [5.346524550539023, 47.45119304168631], [5.341672689314093, 47.44984979220665], [5.3350673751540505, 47.44955721713589], [5.328462130364357, 47.449264228097405], [5.321856954945013, 47.4489708250912], [5.3170060918950925, 47.44762668327653], [5.313909541214595, 47.44523180265339], [5.310813273386211, 47.44283682879227], [5.3077172884099415, 47.44044176169317], [5.302867423752683, 47.43909672784618], [5.296263679414435, 47.43880172725129], [5.289660004978432, 47.4385063128108], [5.283056400444675, 47.438210484524724], [5.2764528660059025, 47.43791424240689], [5.269849401662115, 47.437617586457286], [5.264045860319101, 47.46444138146924], [5.259042241976861, 47.51838562744274], [5.259849095144407, 47.54550643042769]]]}}, {"type": "Feature", "properties": {"band": "echo", "dbz": 35.0, "source": "OPERA-ORD", "time": "20260906232000"}, "geometry": {"type": "Polygon", "coordinates": [[[5.26163940954638, 47.50834651325886], [5.2651540959472225, 47.506247517625496], [5.267119726014216, 47.50295034533821], [5.26753629974736, 47.498454996397], [5.269501300759967, 47.49515767838287], [5.273014729052037, 47.49305839129579], [5.276320245776784, 47.49320670253267], [5.279417850934206, 47.4956026120935], [5.282515739608237, 47.49799842843528], [5.285613911798874, 47.50039415155802], [5.28871236758714, 47.50278978143622], [5.291811106973033, 47.50518531806988], [5.291603641043874, 47.50743302796373], [5.288089969799662, 47.50953291111778], [5.2845760041877945, 47.51163267177639], [5.28106174420827, 47.513732309939556], [5.277547189801028, 47.51583182557518], [5.274032340966068, 47.51793121868325], [5.27051719764333, 47.520030489231665], [5.267001759832816, 47.52212963722041], [5.2634860274744675, 47.52422866261737], [5.259970000568285, 47.52632756542253], [5.258629506922885, 47.52288176538771], [5.259464546538267, 47.51389126251293], [5.26163940954638, 47.50834651325886]]]}}, {"type": "Feature", "properties": {"band": "echo", "dbz": 35.0, "source": "OPERA-ORD", "time": "20260906232000"}, "geometry": {"type": "Polygon", "coordinates": [[[17.218219842548763, 45.85633781304981], [17.211826308960504, 45.85678866404929], [17.207182129030212, 45.85824845792324], [17.20428730275788, 45.86071719467167], [17.203141999952898, 45.86419515622124], [17.20374622061526, 45.868682342571944], [17.205798381900507, 45.87193511821725], [17.209298483808638, 45.873953483157166], [17.21424635639657, 45.87473715534983], [17.220641999664295, 45.874286134795256], [17.225287064351605, 45.872825974178355], [17.228181550458498, 45.870356673499096], [17.229325628341087, 45.86687851476166], [17.228719297999376, 45.86239149796603], [17.226666251957113, 45.859139089063675], [17.223166490214297, 45.85712128805461], [17.218219842548763, 45.85633781304981]]]}}, {"type": "Feature", "properties": {"band": "rain", "dbz": 40.0, "source": "OPERA-ORD", "time": "20260906232000"}, "geometry": {"type": "Polygon", "coordinates": [[[12.98340151477413, 55.54781091584076], [12.97548649796126, 55.54800207661858], [12.969634471203968, 55.54926689831912], [12.965845434502254, 55.55160538094239], [12.964119509628695, 55.555017902641424], [12.964456696583293, 55.559504463416225], [12.966689299820207, 55.56282175870004], [12.970817319339435, 55.56496978849286], [12.97477621035705, 55.56487442553113], [12.978565972873048, 55.56253566981483], [12.982355291079394, 55.56019679849997], [12.986144164976091, 55.55785781158657], [12.989932594708776, 55.5555187091179], [12.993720580277452, 55.55317949109396], [12.993550685591485, 55.55093624542446], [12.98942291065087, 55.54878897210939], [12.98340151477413, 55.54781091584076]]]}}, {"type": "Feature", "properties": {"band": "rain", "dbz": 40.0, "source": "OPERA-ORD", "time": "20260906232000"}, "geometry": {"type": "Polygon", "coordinates": [[[12.77380341081939, 55.498770513361194], [12.765897346941554, 55.4989482063979], [12.760045948154762, 55.50020308849332], [12.756249214459014, 55.50253515964745], [12.756406031370364, 55.504778752445205], [12.760516398888816, 55.5069338668866], [12.764627218670952, 55.50908884253419], [12.768738490716778, 55.51124367938799], [12.772850215146464, 55.51339837739866], [12.776962391960009, 55.51555293656621], [12.781075021277587, 55.517707356841264], [12.7851881030992, 55.51986163822383], [12.789301637545021, 55.52201578066453], [12.79341562461505, 55.52416978416335], [12.799428203473248, 55.525156857231934], [12.807339374119612, 55.524976999870276], [12.813192654681142, 55.52372016357519], [12.816988045157835, 55.52138634834667], [12.816828370755719, 55.51914282997927], [12.812713631474793, 55.51698960847301], [12.808599344693155, 55.51483624794669], [12.804485510410807, 55.51268274840032], [12.80037212850774, 55.5105291098833], [12.79625919898396, 55.50837533239561], [12.792146721719458, 55.50622141598662], [12.788034696714238, 55.50406736065635], [12.783923123848297, 55.501913166454116], [12.779812003121638, 55.49975883337993], [12.77380341081939, 55.498770513361194]]]}}, {"type": "Feature", "properties": {"band": "rain", "dbz": 40.0, "source": "OPERA-ORD", "time": "20260906232000"}, "geometry": {"type": "Polygon", "coordinates": [[[10.239910988913413, 55.269244933157594], [10.232045109879486, 55.26926006447624], [10.224179225427115, 55.26927469142275], [10.216313335556299, 55.26928881399713], [10.210419676863268, 55.270422023159995], [10.206498249348023, 55.27267431891135], [10.204549061450333, 55.276046077627996], [10.204572113170197, 55.28053729930991], [10.20459517104004, 55.28502851846637], [10.204618235059865, 55.28951973509734], [10.204641305234473, 55.294010949217025], [10.204664381563868, 55.298502160825436], [10.206649939623073, 55.301867223721956], [10.210597979412091, 55.30410613790659], [10.216508492469128, 55.30521852659282], [10.224381478794186, 55.30520438978065], [10.230279557245783, 55.30407079765785], [10.234202727823918, 55.30181775022444], [10.236150999888421, 55.29844562426494], [10.236124373439289, 55.293954419779354], [10.238071761901747, 55.29058216765992], [10.241993165275796, 55.288328867906635], [10.245914125508415, 55.28607544235205], [10.249834642599605, 55.28382189099618], [10.251780715541543, 55.2804495100041], [10.251752344334225, 55.275958299375795], [10.249764601155519, 55.272593862420806], [10.245817486005425, 55.270356199139115], [10.239910988913413, 55.269244933157594]]]}}, {"type": "Feature", "properties": {"band": "rain", "dbz": 40.0, "source": "OPERA-ORD", "time": "20260906232000"}, "geometry": {"type": "Polygon", "coordinates": [[[13.157029898094786, 54.941120931400135], [13.149234994385953, 54.941322870201255], [13.143476159782125, 54.94259573481165], [13.139753394283304, 54.94493952523133], [13.136030200848985, 54.94728320233355], [13.132306579479172, 54.94962676611832], [13.12858253003519, 54.951970216544176], [13.12485805251704, 54.95431355361111], [13.121133146786025, 54.95665677727763], [13.117407812842146, 54.95899988754373], [13.111645744145841, 54.96027096500861], [13.10384694069711, 54.960470009672264], [13.098083974311722, 54.96174073648538], [13.094356844989674, 54.96408314544797], [13.09266567513355, 54.96749760769769], [13.093010464743351, 54.971984123234535], [13.093355345469025, 54.976470634492756], [13.093700317310567, 54.980957141472345], [13.095910108924128, 54.98427240906108], [13.099984720309706, 54.98641643725893], [13.105924028846667, 54.987388854633274], [13.113728034535013, 54.987189661184104], [13.11949386683014, 54.985918478454145], [13.12322152573205, 54.9835753064434], [13.124911134726423, 54.98016051655688], [13.124562693813258, 54.97567410879459], [13.126251486459923, 54.97225921577004], [13.129977512666414, 54.9699158374832], [13.135740648709522, 54.96864360273615], [13.14354089458924, 54.968442511528906], [13.149303132265814, 54.96716992631698], [13.153027361739245, 54.964825847100364], [13.156751162881523, 54.9624816545868], [13.160474535692657, 54.960137348776286], [13.164197480311545, 54.957792929710294], [13.167919996738185, 54.955448397388814], [13.169604713100867, 54.95203298960949], [13.169251629399584, 54.94754670637232], [13.167038153149008, 54.9442326640652], [13.162964284349137, 54.94209086268812], [13.157029898094786, 54.941120931400135]]]}}, {"type": "Feature", "properties": {"band": "rain", "dbz": 40.0, "source": "OPERA-ORD", "time": "20260906232000"}, "geometry": {"type": "Polygon", "coordinates": [[[5.75179761379712, 54.691964144477026], [5.744056148236555, 54.691692078944826], [5.7363147799259, 54.69141951876037], [5.7285735088651535, 54.69114646392366], [5.7226493596566135, 54.69206204264637], [5.718542332300281, 54.694166254928504], [5.716252260703805, 54.697459467355], [5.715779144867187, 54.701941679925845], [5.717360392618543, 54.70537182012956], [5.7209960039578736, 54.707749887966145], [5.726686145141082, 54.70907551666312], [5.73443081616817, 54.70934870622049], [5.742175584599568, 54.70962140088364], [5.749920450435277, 54.70989360065257], [5.755846186138829, 54.70897696348805], [5.759952791710222, 54.70687148939008], [5.762240102323966, 54.70357754519667], [5.762708117980064, 54.69909513090782], [5.761123681000434, 54.695665487133326], [5.7574867913850785, 54.69328861387319], [5.75179761379712, 54.691964144477026]]]}}, {"type": "Feature", "properties": {"band": "rain", "dbz": 40.0, "source": "OPERA-ORD", "time": "20260906232000"}, "geometry": {"type": "Polygon", "coordinates": [[[7.958224608734872, 54.696460412847365], [7.954235655695673, 54.69863974737433], [7.950246271882143, 54.70081894879258], [7.946256457294284, 54.70299801710212], [7.940384901824128, 54.70402151030719], [7.932631605471674, 54.703889428407805], [7.926759214983735, 54.70491253220994], [7.922767730360311, 54.70709082171359], [7.920657070853559, 54.71042466601287], [7.920427236463477, 54.714914065107756], [7.922194000279663, 54.71831433586767], [7.925957362302116, 54.72062547829261], [7.93171740335837, 54.72184712309808], [7.9394741234484245, 54.72197927028408], [7.945235041389315, 54.72320055815324], [7.9490001571810405, 54.72551098670554], [7.952765698164433, 54.72782129826693], [7.956531664339493, 54.73013149283742], [7.960298055838619, 54.73244157037489], [7.964064872661813, 54.73475153087933], [7.96583575459106, 54.73815124763447], [7.965610701626363, 54.742640720640296], [7.967382408243198, 54.746040326399665], [7.971150874441564, 54.74835006491256], [7.975031494249035, 54.74841493764639], [7.97902426766561, 54.74623494460117], [7.983016609185491, 54.74405481841165], [7.987008518808678, 54.74187455907783], [7.990999996651256, 54.73969416664604], [7.994991042713226, 54.737513641116266], [7.995102253903969, 54.73526887864081], [7.991333630223487, 54.73295987921967], [7.9875654319513485, 54.7306507626426], [7.983797659087552, 54.728341528909596], [7.980030311499803, 54.72603217806282], [7.9762633891881025, 54.72372271010229], [7.972496892020177, 54.72141312507012], [7.968730819996029, 54.71910342296633], [7.966960133319904, 54.71570382358559], [7.967184831991801, 54.7112143269279], [7.9674094717054835, 54.70672482630077], [7.96763405246095, 54.70223532170421], [7.96586452844263, 54.69883561345041], [7.962100899650524, 54.69652570153939], [7.958224608734872, 54.696460412847365]]]}}, {"type": "Feature", "properties": {"band": "rain", "dbz": 40.0, "source": "OPERA-ORD", "time": "20260906232000"}, "geometry": {"type": "Polygon", "coordinates": [[[7.80851845771198, 54.594984984482906], [7.80453151377337, 54.59715942774074], [7.800544141493792, 54.599333737629735], [7.796556340873245, 54.60150791414988], [7.792568111797866, 54.60368195725509], [7.788579454267654, 54.60585586694537], [7.786463211798586, 54.609187414002434], [7.786219384390664, 54.61367659842629], [7.787970736381698, 54.61707884541897], [7.791717267771688, 54.61939415498051], [7.797459064069782, 54.620622159074856], [7.80519612527598, 54.62076285770202], [7.812933236364964, 54.62090306138864], [7.820670397336733, 54.62104277013471], [7.828407607840308, 54.62118198393012], [7.83614486787569, 54.621320702774874], [7.841888537150707, 54.62254688419], [7.845638615665357, 54.62486052817548], [7.847395019898526, 54.62826200282909], [7.847157749850212, 54.632751308150816], [7.84692041764007, 54.63724060932193], [7.8466830232681, 54.641729906342434], [7.848440577762128, 54.64513127333639], [7.852193081122153, 54.647444710303795], [7.856063914314669, 54.64751336956732], [7.860053077339673, 54.64533725112697], [7.864041810916317, 54.64316099940224], [7.8680301150446, 54.64098461439315], [7.873894747136916, 54.63996432985806], [7.881635707193267, 54.640100145796964], [7.887499508040872, 54.63907947207026], [7.891486149679728, 54.63690230867792], [7.895472362103707, 54.63472501215416], [7.899458145312808, 54.63254758249898], [7.903443499421661, 54.630370019758466], [7.907428424430267, 54.62819232393262], [7.909536054583124, 54.62485875231277], [7.9097663898802315, 54.6203693048989], [7.9080051140667855, 54.61696872190204], [7.904252227142786, 54.61465700332219], [7.898507810177583, 54.61343378110641], [7.890771863171175, 54.6132990552547], [7.88303596425416, 54.61316383453428], [7.875300113426536, 54.61302811894514], [7.867564311039133, 54.612891908497105], [7.859828557091952, 54.612755203190176], [7.852092851935794, 54.612618003034214], [7.844357195570658, 54.61248030802925], [7.838615144700771, 54.61125452869214], [7.834866699326135, 54.6089406650229], [7.831118675926231, 54.60662668514594], [7.827371074501059, 54.60431258906126], [7.823623894919157, 54.60199837681051], [7.819877137180526, 54.5996840483937], [7.816130801153729, 54.597369603852464], [7.812384886838767, 54.59505504318681], [7.80851845771198, 54.594984984482906]]]}}, {"type": "Feature", "properties": {"band": "rain", "dbz": 40.0, "source": "OPERA-ORD", "time": "20260906232000"}, "geometry": {"type": "Polygon", "coordinates": [[[8.182635544190047, 54.49223303904669], [8.174921742404209, 54.492116533327334], [8.169086026210302, 54.49315148517533], [8.165128395608328, 54.49533789459068], [8.161170339463412, 54.49752417239991], [8.157211857775557, 54.499710318603036], [8.153252950430254, 54.501896333154555], [8.149293617427505, 54.50408221605448], [8.147212252003708, 54.507420167956745], [8.14700885415887, 54.51191018886136], [8.144926613219367, 54.51524799968267], [8.140965529185204, 54.51743360042068], [8.137004019042061, 54.5196190693854], [8.13304208278994, 54.521804406576805], [8.132939880760945, 54.52404940346656], [8.13669741295508, 54.526354060054686], [8.142436381635443, 54.527565686064044], [8.150156786802036, 54.52768428149462], [8.15599757884846, 54.52665053406681], [8.159958757774715, 54.5244644437806], [8.163919510490782, 54.52227822179625], [8.167879836996663, 54.52009186811376], [8.17173967863849, 54.520150417919915], [8.175499035416264, 54.522453871214715], [8.1792588128822, 54.52475720718988], [8.1830190110363, 54.52706042584539], [8.188759437014824, 54.52826985143182], [8.196480090817774, 54.528385483949165], [8.202319798422149, 54.5273494929377], [8.206278559827947, 54.52516187839745], [8.208356305893291, 54.52182300759959], [8.20855303661818, 54.51733288054414], [8.206771233377335, 54.51393657485781], [8.20301089617076, 54.511634090540596], [8.199250979383185, 54.50933148884716], [8.195491483014614, 54.507028769777506], [8.193710843356113, 54.50363235251697], [8.193909060407682, 54.49914223706554], [8.192129237970843, 54.49574570748146], [8.188371376045591, 54.49344276376473], [8.182635544190047, 54.49223303904669]]]}}, {"type": "Feature", "properties": {"band": "rain", "dbz": 40.0, "source": "OPERA-ORD", "time": "20260906232000"}, "geometry": {"type": "Polygon", "coordinates": [[[8.07549055357071, 54.472597445142185], [8.067780723387704, 54.47247409360644], [8.061945083835699, 54.47350386355092], [8.05798363491469, 54.47568675497562], [8.05589630220984, 54.47902313444449], [8.055683085721146, 54.48351300195752], [8.05745143832937, 54.48691143898094], [8.061201360034508, 54.48921844551475], [8.06495170136192, 54.491525335263525], [8.06870246231161, 54.49383210822726], [8.072453643012963, 54.496138764364325], [8.076205243465989, 54.49844530367472], [8.080062292263346, 54.49850677059876], [8.084024789405042, 54.496323165136424], [8.086111011635984, 54.492986402646125], [8.086320958956176, 54.48849648312786], [8.08653085151498, 54.48400655935471], [8.0867406893124, 54.47951663132669], [8.084970573323886, 54.47611853071203], [8.081220503549435, 54.473812257510716], [8.07549055357071, 54.472597445142185]]]}}, {"type": "Feature", "properties": {"band": "rain", "dbz": 40.0, "source": "OPERA-ORD", "time": "20260906232000"}, "geometry": {"type": "Polygon", "coordinates": [[[8.137170742923278, 54.473566507621804], [8.129460570306572, 54.47344710052612], [8.123626362163126, 54.47447985879149], [8.119668118492946, 54.4766647824179], [8.117585767241373, 54.48000223801966], [8.117379308408411, 54.484492225596775], [8.119152816183602, 54.487889766100494], [8.122906290566947, 54.490194859530824], [8.128639803683754, 54.49140713908539], [8.136353355534023, 54.49152660476419], [8.142189324967278, 54.490493509074], [8.146147711983518, 54.48830785201481], [8.148228445291492, 54.4849700004051], [8.148431524891196, 54.48047995424485], [8.146656255826194, 54.47708275116595], [8.142902638096487, 54.474778391168414], [8.137170742923278, 54.473566507621804]]]}}, {"type": "Feature", "properties": {"band": "rain", "dbz": 40.0, "source": "OPERA-ORD", "time": "20260906232000"}, "geometry": {"type": "Polygon", "coordinates": [[[7.1827193875238535, 54.4370503008259], [7.175019132976965, 54.43686987961625], [7.16916631224657, 54.43785630911058], [7.165160925332666, 54.44000958930888], [7.161155113609444, 54.44216273412623], [7.1571488770769, 54.44431574356264], [7.151294918113056, 54.445301031041616], [7.14359323671791, 54.44511859656315], [7.1377384643126796, 54.44610349128817], [7.133730600897364, 54.44825571521665], [7.1315695368453556, 54.45157563386262], [7.131255272156657, 54.45606324722607], [7.132945780800904, 54.45947477106387], [7.1366410627781, 54.46181020537602], [7.142341227822224, 54.46306918446168], [7.150046275933277, 54.463251708320854], [7.155902840962749, 54.462266492666494], [7.159910922910641, 54.460113537498614], [7.1639185796067135, 54.45796044688447], [7.167925811050965, 54.455807220824056], [7.173781236732382, 54.45482086258477], [7.181484856650965, 54.45500137216659], [7.187339468077256, 54.45401462130137], [7.1913450710112565, 54.45186060998911], [7.1935015578037955, 54.44853970389231], [7.193808928454873, 54.444051903010966], [7.192114339034633, 54.440641129785405], [7.188417789543076, 54.43830738421562], [7.1827193875238535, 54.4370503008259]]]}}, {"type": "Feature", "properties": {"band": "rain", "dbz": 40.0, "source": "OPERA-ORD", "time": "20260906232000"}, "geometry": {"type": "Polygon", "coordinates": [[[8.260920458180298, 54.46642943423877], [8.253211322814003, 54.46631794417272], [8.247381295006292, 54.467356699442284], [8.24343037475716, 54.46954570004745], [8.241358494786681, 54.472885312597526], [8.241165655094854, 54.47737553709251], [8.242949120120638, 54.4807712750511], [8.24670888986403, 54.483072526473286], [8.252445031670918, 54.48427892456173], [8.2601575455413, 54.48439046931643], [8.265989329497081, 54.48335137468037], [8.269940383538255, 54.48116164065354], [8.272010641152864, 54.47782163404831], [8.272200102340905, 54.47333135486466], [8.270414881167055, 54.46993595627258], [8.266654977631314, 54.467635438272055], [8.260920458180298, 54.46642943423877]]]}}, {"type": "Feature", "properties": {"band": "rain", "dbz": 40.0, "source": "OPERA-ORD", "time": "20260906232000"}, "geometry": {"type": "Polygon", "coordinates": [[[7.38409354606083, 54.42361512164456], [7.376395064257257, 54.423447580928155], [7.370549114884433, 54.42444381483914], [7.366555697942361, 54.42660382337752], [7.364414712834728, 54.429927972028146], [7.364126159561536, 54.434416260791004], [7.3658351558076545, 54.43782456588717], [7.369541701573085, 54.44015288731665], [7.3752458975526185, 54.44140085940779], [7.382947743746256, 54.441568482160605], [7.388795475545894, 54.44057192367831], [7.392789092951531, 54.43841118396094], [7.394928496096065, 54.43508662870264], [7.395213684979493, 54.43059825790342], [7.393502906306559, 54.42719027737856], [7.389796160077265, 54.424862687128034], [7.38409354606083, 54.42361512164456]]]}}, {"type": "Feature", "properties": {"band": "rain", "dbz": 40.0, "source": "OPERA-ORD", "time": "20260906232000"}, "geometry": {"type": "Polygon", "coordinates": [[[8.032251555885722, 54.40899200249806], [8.024553786112925, 54.408865909165996], [8.018726124428838, 54.409893615217925], [8.014768570833466, 54.412075120653846], [8.012681049553926, 54.415410791294434], [8.012463560590216, 54.41990062713968], [8.012246014967545, 54.42439045859257], [8.012028412685908, 54.42888028565308], [8.01379087803961, 54.43227938549104], [8.017533411028651, 54.43458775810645], [8.021276362211957, 54.43689601425369], [8.025019731589527, 54.43920415393276], [8.028763519290315, 54.441512177102204], [8.032507725314318, 54.443820083762034], [8.03823212521396, 54.44503665286848], [8.04593671898924, 54.44516188442154], [8.051768366929181, 54.44413314730734], [8.055727069033784, 54.44195044152588], [8.055833848741305, 54.439705496000016], [8.052088706051746, 54.43739831072975], [8.048343981637673, 54.435091008870565], [8.044599675499086, 54.432783590422446], [8.04283463970032, 54.42938493678612], [8.043048874241371, 54.424895047961584], [8.043263052998855, 54.42040515476124], [8.043477175972765, 54.41591525718509], [8.041713288287822, 54.41251649358878], [8.03797138994402, 54.41020886397232], [8.032251555885722, 54.40899200249806]]]}}, {"type": "Feature", "properties": {"band": "rain", "dbz": 40.0, "source": "OPERA-ORD", "time": "20260906232000"}, "geometry": {"type": "Polygon", "coordinates": [[[11.945506310409868, 54.427327011326796], [11.937804998578349, 54.42745119672051], [11.932081721867617, 54.42866663796731], [11.928336480277673, 54.43097333506718], [11.928442362133186, 54.433218300148525], [11.932399367434153, 54.43540153321135], [11.93635679687924, 54.437584634476536], [11.940314650468444, 54.43976760394412], [11.944272928315282, 54.44195044156868], [11.948231630419746, 54.444133147350215], [11.954063278359627, 54.44516188446455], [11.96176787213492, 54.44503665291167], [11.967492272034647, 54.44382008380534], [11.971236478058806, 54.44151217714559], [11.971128855724135, 54.43926724695277], [11.967169405030635, 54.43708529322686], [11.963210378492903, 54.4349032075833], [11.959251776110936, 54.432720990022084], [11.955293597771371, 54.43053864058859], [11.951335843474208, 54.428356159282814], [11.945506310409868, 54.427327011326796]]]}}, {"type": "Feature", "properties": {"band": "rain", "dbz": 40.0, "source": "OPERA-ORD", "time": "20260906232000"}, "geometry": {"type": "Polygon", "coordinates": [[[7.357924962168485, 54.35112911216602], [7.350240138487923, 54.35095993424432], [7.342555374176668, 54.35079026522267], [7.334870669234721, 54.350620105101044], [7.329034096505409, 54.351614363084416], [7.325045655988731, 54.35377303917277], [7.321056792851882, 54.35593158080029], [7.3170675070948645, 54.35808998796698], [7.313077798608244, 54.36024826062699], [7.309087667392021, 54.36240639878032], [7.30509711333676, 54.36456440238115], [7.301106136442462, 54.36672227142947], [7.29711473659969, 54.368880005879426], [7.293122913808444, 54.371037605731026], [7.290978984043195, 54.37436047456865], [7.290682947303944, 54.37884861239229], [7.29238366015827, 54.38225797142478], [7.296081122606173, 54.38458855166611], [7.2997790003249285, 54.38691901835733], [7.303477293314535, 54.38924937149845], [7.303329578842349, 54.39149344364493], [7.299335856908371, 54.393651234796764], [7.295341711365934, 54.39580889125355], [7.291347142215036, 54.3979664130153], [7.289201608068444, 54.40128922815918], [7.288905108926155, 54.40577733668519], [7.29060673386226, 54.409186705498996], [7.29430648287676, 54.41151733460059], [7.300004459354414, 54.41276885870627], [7.307700663295225, 54.41294127781603], [7.313546152762731, 54.411948361288026], [7.3175409277569345, 54.40979010912224], [7.3196848857184085, 54.40646688662548], [7.319978026647154, 54.401978693797744], [7.322121102836121, 54.398655323765276], [7.3261141142853115, 54.396496776528075], [7.3319571631105, 54.395502686953606], [7.339650249311686, 54.39567305504188], [7.345492484807885, 54.39467857466315], [7.349483869599094, 54.392519245817425], [7.351624302451717, 54.38919543364665], [7.351913783365756, 54.384707138150816], [7.352203189010226, 54.38021883780352], [7.352492519385129, 54.37573053260476], [7.354631539810758, 54.372406555604876], [7.358620250287111, 54.37024690680386], [7.362608537812617, 54.36808712364271], [7.366596402387278, 54.36592720612141], [7.3687340119499485, 54.36260306441753], [7.36902136650063, 54.35811469853104], [7.36731562633417, 54.35470631197256], [7.363616791450568, 54.3523779047421], [7.357924962168485, 54.35112911216602]]]}}, {"type": "Feature", "properties": {"band": "rain", "dbz": 40.0, "source": "OPERA-ORD", "time": "20260906232000"}, "geometry": {"type": "Polygon", "coordinates": [[[21.42334568245087, 53.8415360729202], [21.415836570968416, 53.84226292503761], [21.408327216302343, 53.842989303770025], [21.400817618452642, 53.84371520911746], [21.395490098948738, 53.84536604004448], [21.392344657790634, 53.84794179655108], [21.391381708580067, 53.85144281782398], [21.392601251317032, 53.85586910386316], [21.39382110276624, 53.860295368726945], [21.39504126292769, 53.86472161241535], [21.39783514408076, 53.86785985933709], [21.40220274622545, 53.86971010949215], [21.40814365506177, 53.87027202345512], [21.41565787058972, 53.869545601225994], [21.423171842378668, 53.868818705295894], [21.430685570428622, 53.86809133566482], [21.43601446412912, 53.86643920721987], [21.439158523480152, 53.863862319961044], [21.44011816396474, 53.86036101315286], [21.438893385582883, 53.85593528679533], [21.437668917011347, 53.851509539129125], [21.43644475825014, 53.847083770154256], [21.433649568700176, 53.84394632596549], [21.42928334836145, 53.842097206562826], [21.42334568245087, 53.8415360729202]]]}}, {"type": "Feature", "properties": {"band": "rain", "dbz": 40.0, "source": "OPERA-ORD", "time": "20260906232000"}, "geometry": {"type": "Polygon", "coordinates": [[[15.851191366035117, 53.77791707689728], [15.843629799970337, 53.77829009163777], [15.836068108338019, 53.77866262521658], [15.828506291138162, 53.77903467763372], [15.822990576520338, 53.780432347563774], [15.819520964484548, 53.782855635006754], [15.81809766826531, 53.78630489397272], [15.818720687862621, 53.79078012446166], [15.81934386656719, 53.79525534579021], [15.819967204379013, 53.79973055795835], [15.822326470298595, 53.80299406437991], [15.826421664325935, 53.80504586505489], [15.832252572860696, 53.80588560570498], [15.839819195902884, 53.805513286330175], [15.847385693086176, 53.80514048545403], [15.854952064410575, 53.80476720307655], [15.860469699309556, 53.80336832799635], [15.863938597783116, 53.80094386021344], [15.865358974734683, 53.79749415392166], [15.864730830164257, 53.79301920912101], [15.86410284590938, 53.78854425508975], [15.863475021970052, 53.78406929182789], [15.861113869767168, 53.78080650002947], [15.857019389300728, 53.778755879694515], [15.851191366035117, 53.77791707689728]]]}}, {"type": "Feature", "properties": {"band": "rain", "dbz": 40.0, "source": "OPERA-ORD", "time": "20260906232000"}, "geometry": {"type": "Polygon", "coordinates": [[[7.153035964135346, 52.85381497378164], [7.145619784488883, 52.85363347874553], [7.1399832280476705, 52.854619551855286], [7.136126294811708, 52.856773193110925], [7.134048885309635, 52.860094750917796], [7.133750999541453, 52.864584225275905], [7.1334530392829745, 52.869073692298436], [7.133155004534201, 52.87356315198537], [7.134786627220195, 52.87697582653624], [7.138347907340954, 52.87931171595103], [7.14383894453492, 52.8805704715614], [7.151259738802093, 52.880752093367335], [7.158680591134288, 52.880933242947904], [7.166101501531506, 52.88111392030311], [7.171593805423417, 52.882371643216466], [7.175157502810019, 52.88470641168797], [7.17872158122275, 52.887041070731534], [7.18228604066161, 52.889375620347145], [7.187779610808564, 52.890632310168186], [7.195202291663614, 52.89081114019467], [7.202625029724026, 52.89098949785128], [7.210047824989802, 52.89116738313801], [7.215687206565943, 52.89017819864071], [7.219543174452451, 52.888021944359366], [7.2216156317184685, 52.884698969143955], [7.221904578363994, 52.88020927299448], [7.220266310965136, 52.876797724606604], [7.216700829521892, 52.87446432398035], [7.211208230874074, 52.8732087224368], [7.20378851502168, 52.87303091997596], [7.1982967104195605, 52.87177498319212], [7.194732817067716, 52.86944091208528], [7.191169304405696, 52.867106731532786], [7.187606172433498, 52.864772441534654], [7.182115632250381, 52.86351547192464], [7.174697683856345, 52.86333582270274], [7.169207937488858, 52.862078518151364], [7.165646393147924, 52.85974355827052], [7.162085229222736, 52.8574084890725], [7.158524445713297, 52.85507331055729], [7.153035964135346, 52.85381497378164]]]}}, {"type": "Feature", "properties": {"band": "rain", "dbz": 40.0, "source": "OPERA-ORD", "time": "20260906232000"}, "geometry": {"type": "Polygon", "coordinates": [[[6.923259281197159, 52.533145067778634], [6.915898441359392, 52.53294912541967], [6.908537663202564, 52.53275271517187], [6.901176946726672, 52.532555837035225], [6.893816292223555, 52.53235849102222], [6.886455699693213, 52.53216067713284], [6.880854949288183, 52.533134437654304], [6.877014041008466, 52.53527977258661], [6.874932868439263, 52.53859702680798], [6.874611431580575, 52.54308620031839], [6.876211203635744, 52.54650272923283], [6.879732184604772, 52.54884661355128], [6.885174481001394, 52.55011750822794], [6.8925380928256095, 52.55031541326282], [6.899901766715896, 52.55051285020674], [6.907265502672253, 52.550709819059676], [6.914629300402407, 52.550906319809144], [6.921993159906357, 52.55110235245517], [6.927594956414431, 52.550126865651116], [6.93143468992663, 52.547979859397], [6.933512255632289, 52.54466167879847], [6.933827653531406, 52.540172323855494], [6.932223939639734, 52.53675649452754], [6.928701113957272, 52.534414190814594], [6.923259281197159, 52.533145067778634]]]}}, {"type": "Feature", "properties": {"band": "rain", "dbz": 40.0, "source": "OPERA-ORD", "time": "20260906232000"}, "geometry": {"type": "Polygon", "coordinates": [[[7.011594111104245, 52.53545987825179], [7.004232543356455, 52.53526955107603], [6.998634079392883, 52.53624901641889], [6.994798719213531, 52.5383982742804], [6.992726360391713, 52.54171766968165], [6.992417002927429, 52.54620720262267], [6.994026080695733, 52.549622128644465], [6.997553593696624, 52.55196244774705], [7.002999644452033, 52.55322781474158], [7.01036423296196, 52.55341822962806], [7.0159643094279724, 52.55243846302411], [7.0197998738500695, 52.55028851492975], [7.021870824412314, 52.5469687305567], [7.022177161114704, 52.54247910990498], [7.02056647084396, 52.53906448514426], [7.01703875360008, 52.53672485627453], [7.011594111104245, 52.53545987825179]]]}}, {"type": "Feature", "properties": {"band": "rain", "dbz": 40.0, "source": "OPERA-ORD", "time": "20260906232000"}, "geometry": {"type": "Polygon", "coordinates": [[[7.289191252219339, 52.10156319989051], [7.281900893841556, 52.10139073148709], [7.276363946775203, 52.102383970402734], [7.2725804110202805, 52.10454291663743], [7.270550195939256, 52.107867911102176], [7.270273301532131, 52.112358953796985], [7.2699963391675295, 52.11684998809087], [7.269719308845451, 52.12134101398383], [7.269442210517498, 52.12583203148935], [7.269165044183671, 52.13032304060744], [7.270781190175581, 52.133734624403104], [7.274290648493229, 52.136066782876355], [7.279693509989391, 52.13731917477441], [7.28698977466407, 52.137491800097266], [7.294286092193703, 52.13766396203131], [7.301582462578292, 52.13783566057655], [7.30712296879107, 52.13684148220317], [7.310907610832036, 52.13468142691116], [7.3110443809229135, 52.13243587753177], [7.307533279063701, 52.130104834065015], [7.302130281810206, 52.12885348258385], [7.29483538916243, 52.12868182308827], [7.289433153275379, 52.12743014156996], [7.285923574149054, 52.12509843802892], [7.286061015620417, 52.122852899808635], [7.289845477689466, 52.12069352690909], [7.295384416540967, 52.11969965069218], [7.302677832174919, 52.119871271157905], [7.308216055361585, 52.118877025949345], [7.311999086100966, 52.11671691506653], [7.312135721986767, 52.114471348961985], [7.308625963018991, 52.112140327635686], [7.305116569399482, 52.10980919816638], [7.3016075411282415, 52.10747796055405], [7.298098878096524, 52.10514661483397], [7.2945905803043285, 52.10281516100614], [7.289191252219339, 52.10156319989051]]]}}, {"type": "Feature", "properties": {"band": "rain", "dbz": 40.0, "source": "OPERA-ORD", "time": "20260906232000"}, "geometry": {"type": "Polygon", "coordinates": [[[7.291937031524975, 52.05665169244383], [7.28465403979118, 52.05647941974262], [7.277371100840522, 52.056306684606525], [7.270088214673004, 52.05613348703555], [7.262805381569722, 52.055959827040354], [7.255522601530676, 52.05578570462094], [7.249990772020689, 52.05677770460055], [7.246209893039759, 52.05893582697919], [7.244179873317716, 52.06226041219362], [7.24390071285456, 52.066751460243864], [7.243621483955777, 52.07124249980573], [7.243342186621366, 52.075733530879205], [7.241310922026926, 52.079057951542204], [7.237527690172459, 52.081215761794724], [7.233884540086616, 52.081127957158785], [7.2303814717694, 52.07879453763438], [7.226878767960609, 52.0764610103185], [7.223376428660243, 52.074127375211155], [7.219733332441326, 52.07403910791638], [7.215949479303856, 52.07619620843418], [7.213916362212718, 52.07952022576686], [7.213633981167909, 52.08401115991442], [7.213351530869774, 52.08850208558026], [7.21306901131831, 52.09299300276439], [7.211034646716296, 52.09631685516931], [7.207248437063736, 52.09847364279503], [7.203461854959102, 52.100630302492235], [7.199674900402396, 52.102786834260954], [7.199533167886294, 52.10503227008046], [7.203036657410795, 52.10736660995076], [7.20843405118744, 52.10862234889616], [7.215725349216227, 52.108799486916666], [7.223016701393578, 52.10897616191711], [7.230308107719493, 52.10915237389749], [7.235846635548021, 52.1081616173344], [7.239632284879161, 52.10600389222786], [7.241664963811052, 52.102679539522164], [7.241944672343694, 52.098188559217306], [7.243976575796102, 52.09486406453829], [7.24776067416828, 52.09270605548511], [7.253297058995651, 52.09171419126662], [7.2605857302782155, 52.09188847188282], [7.266121400953378, 52.09089623863038], [7.26990407102114, 52.08873749150929], [7.273686368908715, 52.08657861673646], [7.277468294616104, 52.08441961431187], [7.283002962249615, 52.08342630813108], [7.290290371809249, 52.08359869819409], [7.2975778339882025, 52.08377062549765], [7.304865348786478, 52.083942090041774], [7.312152915922289, 52.084113091815865], [7.319440535395637, 52.084283630819954], [7.324973909289776, 52.083288548223486], [7.328753037604704, 52.08112784402647], [7.328888668910579, 52.07888222494877], [7.325380803207402, 52.07655169099041], [7.321873302179149, 52.0742210489081], [7.318366165825821, 52.07189029870186], [7.314859394039019, 52.06955944040686], [7.311352986818745, 52.06722847402313], [7.30784694405662, 52.06489739958585], [7.304341265752643, 52.06256621709502], [7.30083595179846, 52.060234926585814], [7.297331002194069, 52.057903528058226], [7.291937031524975, 52.05665169244383]]]}}, {"type": "Feature", "properties": {"band": "rain", "dbz": 40.0, "source": "OPERA-ORD", "time": "20260906232000"}, "geometry": {"type": "Polygon", "coordinates": [[[7.160276255231568, 52.062461684552595], [7.152992762660912, 52.06228104781758], [7.147457789464216, 52.063268086968556], [7.143671335641476, 52.06542280200551], [7.141633306492398, 52.06874553334248], [7.141343702016982, 52.07323628097946], [7.142948060532144, 52.076649691686775], [7.146446382037887, 52.07898576546443], [7.151838761321486, 52.08024416173478], [7.159125198382946, 52.080424880497844], [7.164661738228778, 52.07943754185449], [7.168448380858983, 52.07728214580473], [7.170485032166507, 52.07395903294733], [7.170771692151349, 52.06946820328231], [7.169165766987051, 52.06605509206737], [7.165667256673614, 52.063719699302524], [7.160276255231568, 52.062461684552595]]]}}, {"type": "Feature", "properties": {"band": "rain", "dbz": 40.0, "source": "OPERA-ORD", "time": "20260906232000"}, "geometry": {"type": "Polygon", "coordinates": [[[7.293581272227709, 52.029704381551355], [7.2863026918503095, 52.029532226033695], [7.279024164138451, 52.02935960839463], [7.271745689092133, 52.029186528634156], [7.2662175579695925, 52.030179333399275], [7.262439770770829, 52.03233802268998], [7.262301531849298, 52.03458360616401], [7.265802841205, 52.03691608382138], [7.269304514369025, 52.03924845363598], [7.272806551341372, 52.041580715607815], [7.276308952230293, 52.04391286970179], [7.279811717035789, 52.04624491591792], [7.285203859720295, 52.0474970558361], [7.292485380283811, 52.04766928945634], [7.298014783058635, 52.04667548043281], [7.301792068044767, 52.04451562876551], [7.303817145725362, 52.041190074840365], [7.30409001610042, 52.03669881865737], [7.302474979070064, 52.03328750775195], [7.298972034634295, 52.030956142124104], [7.293581272227709, 52.029704381551355]]]}}, {"type": "Feature", "properties": {"band": "rain", "dbz": 40.0, "source": "OPERA-ORD", "time": "20260906232000"}, "geometry": {"type": "Polygon", "coordinates": [[[7.807631431059759, 51.98785433354596], [7.8038838194986, 51.9900309303326], [7.800135838002144, 51.99220740167088], [7.79638748657039, 51.99438374756081], [7.792638765110988, 51.996559967963016], [7.788889673623934, 51.9987360628775], [7.786903244773207, 52.002070363562964], [7.786679478558806, 52.006562870019415], [7.786455657553864, 52.01105536821422], [7.78623178175838, 52.01554785814738], [7.787883581045019, 52.01895232862298], [7.791411055413782, 52.02126877964101], [7.796814278022218, 52.02249687070146], [7.804093248870327, 52.02263660180434], [7.809607747346147, 52.02161809155754], [7.813357773449678, 52.01944133996108], [7.817107429078212, 52.01726446288832], [7.820856714231747, 52.01508746033928], [7.824605629002873, 52.01291033235333], [7.828354173391591, 52.010733078930485], [7.830338125177931, 52.00739815167411], [7.8305574843618935, 52.00290555058419], [7.828903305905452, 51.999501591843924], [7.825375589808607, 51.9971862754533], [7.821848237869511, 51.99487084933893], [7.818321250088167, 51.992555313500816], [7.814794626358206, 51.99023966797448], [7.811268366679628, 51.98792391275992], [7.807631431059759, 51.98785433354596]]]}}, {"type": "Feature", "properties": {"band": "rain", "dbz": 40.0, "source": "OPERA-ORD", "time": "20260906232000"}, "geometry": {"type": "Polygon", "coordinates": [[[7.864917910508975, 51.96982556124505], [7.857647414213497, 51.96968971308854], [7.852140184880963, 51.970710827395536], [7.848396222511373, 51.972888904166034], [7.844651890579868, 51.97506685569749], [7.8409071890864475, 51.97724468198991], [7.83716211793872, 51.979422383004], [7.833416677136686, 51.981599958739764], [7.831434384456667, 51.98493506366917], [7.831215239898664, 51.9894276977922], [7.832869549574932, 51.99283155962445], [7.836397313485469, 51.9951466491659], [7.839925441588887, 51.99746162893125], [7.8434539338851845, 51.99977649892051], [7.846982790480712, 52.00209125909812], [7.850512011375467, 52.00440590946408], [7.854149807101236, 52.004474118415764], [7.857896177658021, 52.00229588595316], [7.859877520403862, 51.998960429919066], [7.86009383533876, 51.99446775031349], [7.86207441447727, 51.991132157205314], [7.865819257819392, 51.98895365059453], [7.869563731334571, 51.98677501878295], [7.87330783502281, 51.98459626177056], [7.8752872049772815, 51.98126051161788], [7.875501841197988, 51.97676776832491], [7.873845159145434, 51.973364418839644], [7.870317158819621, 51.971050463162086], [7.864917910508975, 51.96982556124505]]]}}, {"type": "Feature", "properties": {"band": "rain", "dbz": 40.0, "source": "OPERA-ORD", "time": "20260906232000"}, "geometry": {"type": "Polygon", "coordinates": [[[5.253871506839043, 51.19869948686277], [5.250069315281749, 51.20079167171804], [5.246266768561419, 51.202883724207446], [5.242463866678053, 51.20497564433098], [5.23866060955384, 51.207067432049236], [5.234856997188779, 51.20915908736221], [5.234622454835478, 51.211401651289115], [5.237956982493934, 51.21379512382997], [5.243193759357956, 51.21514244953807], [5.250332785427544, 51.21544362841343], [5.255803849210764, 51.214548037774996], [5.259606950707617, 51.212455677622756], [5.261741940369935, 51.209166878044826], [5.262208818197715, 51.204681639041205], [5.260774843488127, 51.20124261326333], [5.257440016241168, 51.1988498007112], [5.253871506839043, 51.19869948686277]]]}}, {"type": "Feature", "properties": {"band": "rain", "dbz": 40.0, "source": "OPERA-ORD", "time": "20260906232000"}, "geometry": {"type": "Polygon", "coordinates": [[[7.719090438877354, 50.833506261083386], [7.712000290420336, 50.83336159922221], [7.7066267001028095, 50.83437657827226], [7.702969667924773, 50.83655119823355], [7.702858010527989, 50.83879849114695], [7.70629172791246, 50.84111845701248], [7.709725787320217, 50.843438316054645], [7.713160188751259, 50.84575806827344], [7.714765997441321, 50.84916523005478], [7.714543213390403, 50.85365980139866], [7.714320376284476, 50.85815436265317], [7.71409748612354, 50.862648913818305], [7.713874542871079, 50.867143454907804], [7.713651546527093, 50.87163798592165], [7.715258547722506, 50.87504502927955], [7.718695546457316, 50.87736458498149], [7.723962613491218, 50.87859632359212], [7.731059748824212, 50.87874024511142], [7.736437693523336, 50.87772437303042], [7.7400964475885905, 50.87554870734908], [7.7420359408809665, 50.872213577518565], [7.742256173400463, 50.867718983538865], [7.744194946580643, 50.86438371821893], [7.747852260421505, 50.862207781558766], [7.751399852884504, 50.86227904494358], [7.754837723969638, 50.86459750837336], [7.756447234253019, 50.868004052672475], [7.756228383734648, 50.872498677840944], [7.757838556089363, 50.875905117843146], [7.761277751317165, 50.878223372679074], [7.766546038862759, 50.87945311287751], [7.773643418726146, 50.87959433843848], [7.779020509620672, 50.878576421126446], [7.782677311546336, 50.876399360941434], [7.782785726069993, 50.87415203016482], [7.779345753191644, 50.87183442879662], [7.775906122988416, 50.86951672030788], [7.7724668354603095, 50.86719890469859], [7.770855874147264, 50.8637926587686], [7.7710732390492785, 50.859297982517916], [7.7694629397103165, 50.855891632203225], [7.766024976130377, 50.85357360782452], [7.760759417461269, 50.8523435801447], [7.753666263702994, 50.85220154916374], [7.746573150611413, 50.85205906915048], [7.73948007818653, 50.85191614010491], [7.734215633479357, 50.850685122951695], [7.730779816489896, 50.84836601769082], [7.729172557045018, 50.8449591535182], [7.72939385514472, 50.84046453043382], [7.727787256422394, 50.83705756217221], [7.724352760878039, 50.83473824873339], [7.719090438877354, 50.833506261083386]]]}}, {"type": "Feature", "properties": {"band": "rain", "dbz": 40.0, "source": "OPERA-ORD", "time": "20260906232000"}, "geometry": {"type": "Polygon", "coordinates": [[[7.131518219923348, 50.72210816669807], [7.127843133260381, 50.724263993003945], [7.125866033293942, 50.72758856748311], [7.125586920024031, 50.73208189013556], [7.125307740495841, 50.73657520216669], [7.125028494709371, 50.7410685035765], [7.123050230888713, 50.744392912554055], [7.119372949033867, 50.746548429099334], [7.115695320707175, 50.74870382114204], [7.112017345908638, 50.75085908868214], [7.110037917059442, 50.75418333206265], [7.1097570341595855, 50.758676551283585], [7.109476084540331, 50.763169759913836], [7.10919506820168, 50.76766295795342], [7.110754101678691, 50.77107855740889], [7.114153184971367, 50.773416558280246], [7.117552607852386, 50.77575445448333], [7.120952370321749, 50.77809224601815], [7.124352472478059, 50.78042993285224], [7.127752914321316, 50.78276751498563], [7.131153695950139, 50.78510499238585], [7.1345548173645295, 50.7874423650529], [7.137956278663125, 50.7897796329543], [7.1413580798459275, 50.79211679609008], [7.144898867889969, 50.79220722759703], [7.1485786427952505, 50.79005092747517], [7.152258070486925, 50.78789450285578], [7.155937150964993, 50.78573795373885], [7.1613172125506, 50.784749428737285], [7.168398255243746, 50.784928927851084], [7.175479348833511, 50.78510797889516], [7.182560493319894, 50.785286581869514], [7.187939622539958, 50.78429701678458], [7.191616736493702, 50.78213928364037], [7.191753567430263, 50.77989259214402], [7.18835011534964, 50.77755694229556], [7.184947003039912, 50.77522118753475], [7.181544230501078, 50.77288532786157], [7.181680996437706, 50.770638625848065], [7.1853573008497955, 50.768481081494215], [7.190734702429112, 50.76749112397158], [7.197813201175656, 50.76766875328017], [7.203189937958155, 50.766678437841406], [7.206864912776611, 50.76452017765528], [7.208838039532641, 50.761194300747945], [7.209109318226247, 50.756700807119415], [7.209380532518307, 50.75220730295419], [7.209651682408821, 50.74771378825228], [7.208086406075754, 50.744299437822946], [7.204684703519106, 50.74196425166619], [7.199446660700399, 50.74070790199154], [7.192372277619632, 50.740530388798994], [7.186998060341768, 50.74152044934657], [7.183324008866805, 50.743678083634265], [7.181350036620286, 50.74700361943323], [7.181076143602209, 50.75149705674347], [7.1791014494946435, 50.75482245325405], [7.175425954297589, 50.756979808964964], [7.171887810074125, 50.75689035174525], [7.16848701682425, 50.75455408159489], [7.166924252435557, 50.75113924735832], [7.167199516908044, 50.746645849035524], [7.1674747160498224, 50.742152440133914], [7.167749849860895, 50.73765902065349], [7.166187979512667, 50.73424408001416], [7.162789105005141, 50.73190761821591], [7.15755331353659, 50.73064930759551], [7.150480605107014, 50.73046914815299], [7.145245520556413, 50.72921051889744], [7.141848059884786, 50.72687341982887], [7.1384509379754375, 50.724536216107225], [7.135054154828366, 50.72219890773249], [7.131518219923348, 50.72210816669807]]]}}, {"type": "Feature", "properties": {"band": "rain", "dbz": 40.0, "source": "OPERA-ORD", "time": "20260906232000"}, "geometry": {"type": "Polygon", "coordinates": [[[21.994851170939505, 50.099874337870254], [21.99197014455695, 50.10246599492669], [21.991099015066688, 50.10597566905352], [21.992237782468727, 50.110403360250764], [21.994817687772663, 50.113535143209305], [21.9988387309785, 50.11537101792913], [22.00286010133731, 50.117206738499526], [22.006881798849093, 50.119042304920484], [22.010903823557477, 50.12087771715153], [22.014926175462456, 50.122712975192655], [22.02038908144222, 50.12325181975098], [22.02729254149677, 50.12249425082651], [22.03218420065555, 50.12081913281674], [22.035064058918564, 50.11822646572167], [22.03449271885719, 50.11601285941718], [22.030470180471426, 50.114178313903274], [22.026447969127656, 50.11234361415657], [22.02242608482588, 50.110508760177076], [22.018404527522577, 50.10867375200526], [22.014383297217744, 50.106838589641136], [22.010362393867837, 50.10500327312515], [22.006341817472844, 50.10316780245729], [22.002321567989213, 50.10133217767804], [21.99830164541693, 50.09949639878737], [21.994851170939505, 50.099874337870254]]]}}, {"type": "Feature", "properties": {"band": "rain", "dbz": 40.0, "source": "OPERA-ORD", "time": "20260906232000"}, "geometry": {"type": "Polygon", "coordinates": [[[7.052405264979283, 50.60190228653599], [7.045352498563168, 50.60171553737226], [7.038299784810845, 50.601528342180146], [7.031247123722313, 50.60134070095965], [7.025885601179994, 50.60232312688809], [7.0222152171838905, 50.60447561996545], [7.018544489255186, 50.60662798857801], [7.014873417393883, 50.60878023272579], [7.011202001519376, 50.610932352371876], [7.007530241631663, 50.61308434751625], [7.005549468432146, 50.61640695373231], [7.005259681920822, 50.62090017102004], [7.004969826801662, 50.62539337743575], [7.004679903074667, 50.62988657297946], [7.004389910692944, 50.63437975766458], [7.004099849656495, 50.638872931491115], [7.005647099289876, 50.64229015972876], [7.009031659593089, 50.64463144237751], [7.01425362207075, 50.64589645270442], [7.021312986722856, 50.646085190709485], [7.026535653763635, 50.64734988395816], [7.029921623193084, 50.64969053245042], [7.033307929816418, 50.65203107680554], [7.036694573633639, 50.654371517023506], [7.041918365805075, 50.65563523343582], [7.048979306330728, 50.655822226042474], [7.054203803265742, 50.65708562511328], [7.0575918566101175, 50.65942543064825], [7.060980247381003, 50.661765131933294], [7.064368975578398, 50.66410472896842], [7.069594597348673, 50.66536715067117], [7.076657112691831, 50.66555239704154], [7.0820245814160065, 50.66456782476088], [7.085697003521199, 50.6624134338292], [7.087674289701258, 50.6590895512264], [7.087956439956182, 50.654596176952495], [7.086403061414168, 50.65118001819201], [7.083014154075217, 50.64884107494495], [7.079625583979457, 50.64650202739903], [7.076237351126891, 50.64416287555426], [7.074684857830048, 50.64074661099299], [7.074968104088928, 50.63625323371524], [7.076944785203769, 50.63292941227692], [7.080614901174572, 50.630775146678054], [7.084284672801474, 50.628620756766466], [7.087954100084477, 50.62646624254215], [7.08992962185765, 50.623142255124456], [7.090211238120995, 50.618648794513376], [7.088658821711893, 50.61523261102275], [7.085272372630344, 50.612893704652556], [7.080051979854114, 50.61163174890463], [7.072997643383204, 50.611446743778956], [7.067777953540402, 50.610184470781334], [7.064392910325711, 50.60784492991178], [7.061008203585608, 50.60550528488721], [7.057623833320097, 50.60316553570764], [7.052405264979283, 50.60190228653599]]]}}, {"type": "Feature", "properties": {"band": "rain", "dbz": 40.0, "source": "OPERA-ORD", "time": "20260906232000"}, "geometry": {"type": "Polygon", "coordinates": [[[6.345289564213548, 50.60796698991886], [6.33823860248815, 50.60773551527329], [6.332861592511584, 50.60868449026839], [6.329158534283849, 50.61081391490414], [6.327129315876146, 50.61412411493113], [6.326773937288472, 50.618615090349365], [6.328270767143613, 50.62204137863918], [6.331619805441569, 50.62440297980061], [6.336821164210144, 50.62569956793237], [6.343874843449337, 50.62593114303449], [6.349253323859227, 50.624981892429275], [6.352956605439813, 50.622851816116736], [6.354984576767144, 50.61954124002308], [6.355337237841221, 50.61505016414833], [6.353838937552756, 50.611624151468625], [6.35048967590175, 50.60926320198397], [6.345289564213548, 50.60796698991886]]]}}, {"type": "Feature", "properties": {"band": "rain", "dbz": 40.0, "source": "OPERA-ORD", "time": "20260906232000"}, "geometry": {"type": "Polygon", "coordinates": [[[7.128516888516787, 50.54200286666902], [7.12485611770775, 50.54415883702764], [7.121195004094455, 50.54631468343655], [7.117533547676901, 50.54847040589575], [7.113871748374503, 50.55062600436857], [7.11020960618726, 50.552781478854996], [7.110070314598507, 50.55502832044579], [7.113453873608244, 50.557366529140964], [7.118668897909128, 50.55862667901698], [7.1257153875011605, 50.55880877007385], [7.131069418808534, 50.557821737056216], [7.134730991831248, 50.55566557996408], [7.136700019287339, 50.55234062483313], [7.1369765011768065, 50.54784687166335], [7.135422875071481, 50.54443121668128], [7.132039140971364, 50.54209365988691], [7.128516888516787, 50.54200286666902]]]}}, {"type": "Feature", "properties": {"band": "rain", "dbz": 40.0, "source": "OPERA-ORD", "time": "20260906232000"}, "geometry": {"type": "Polygon", "coordinates": [[[7.076119152682649, 50.44949137656788], [7.06908931761389, 50.449306202102235], [7.063746165195118, 50.45029059244298], [7.060089695426335, 50.45244454759012], [7.058119819418109, 50.455768392528846], [7.057836537170443, 50.460262127259156], [7.057553188103441, 50.46475585090525], [7.0572697722171, 50.46924956346711], [7.056986289465949, 50.473743264958244], [7.056702739849987, 50.478236955378634], [7.056419123323695, 50.48273063474173], [7.056135439887076, 50.487224303047554], [7.054163536872919, 50.490547928419815], [7.050503414281225, 50.492701510858524], [7.046842949777437, 50.494854969224704], [7.043182143361553, 50.497008303518356], [7.041209087798422, 50.500331762547674], [7.040923783088045, 50.50482534631266], [7.042469558244305, 50.508242283154374], [7.045846413267202, 50.51058257307284], [7.0510544378594, 50.51184589053821], [7.0580936320209, 50.51203223555049], [7.065132878221731, 50.51221813548528], [7.072172176461892, 50.51240359034257], [7.077522005582743, 50.51141909261124], [7.081182365584282, 50.50926464229128], [7.0848423834296606, 50.50711006797998], [7.088502059118879, 50.50495536967735], [7.093850972450425, 50.50396983790299], [7.100889123424299, 50.50415347265691], [7.106098113380843, 50.5054144764227], [7.109477942320056, 50.50775284920037], [7.112858106107264, 50.51009111785198], [7.1162386047424695, 50.512429282377525], [7.119758095497954, 50.51252044209134], [7.123416578373718, 50.51036459699343], [7.125384411532497, 50.50703976282255], [7.125661594974289, 50.502545939578695], [7.125938713005921, 50.49805210535314], [7.126215765627395, 50.49355826014589], [7.124664624615947, 50.49014237250214], [7.1212852899715795, 50.487804442421904], [7.117906289800428, 50.48546640823099], [7.114527624102493, 50.4831282699294], [7.11114929278131, 50.48079002754903], [7.107771295836878, 50.478451681089865], [7.104253885764747, 50.4783601357196], [7.1005970625649155, 50.480515391438225], [7.09693989769152, 50.48267052328964], [7.093282391144561, 50.484825531273856], [7.089624542843907, 50.48698041535427], [7.08596635278956, 50.48913517553089], [7.082307820901387, 50.491289811767125], [7.078648947179387, 50.493444324062956], [7.075130963818935, 50.49335186918215], [7.07175387082003, 50.4910124471247], [7.07189473163713, 50.488765588402835], [7.075553546270235, 50.48661129301656], [7.079212019150435, 50.484456873678745], [7.082870150277731, 50.482302330389395], [7.084839639086367, 50.4789781734884], [7.085120485576341, 50.47448440297575], [7.085401265836642, 50.46999062141192], [7.085681979867269, 50.46549682879689], [7.085962627713268, 50.46100302511721], [7.086243209374641, 50.45650921037287], [7.084696142708252, 50.4530927182007], [7.081321427714103, 50.4507535486007], [7.076119152682649, 50.44949137656788]]]}}, {"type": "Feature", "properties": {"band": "rain", "dbz": 40.0, "source": "OPERA-ORD", "time": "20260906232000"}, "geometry": {"type": "Polygon", "coordinates": [[[7.048568311092856, 50.43976053660169], [7.041540032825494, 50.439573624887615], [7.036197407031062, 50.44055669771207], [7.032540433709558, 50.442709755075036], [7.030569023188736, 50.44603312184955], [7.030283175468597, 50.450526798035625], [7.03182648912481, 50.45394396580014], [7.035198964157377, 50.45628462514313], [7.0387140891905045, 50.45637833349224], [7.042371864224193, 50.45422509084749], [7.04602929807011, 50.45207172422108], [7.049686390728256, 50.44991823361301], [7.053343142278412, 50.44776461905983], [7.056999552720578, 50.445610880561524], [7.05714143101288, 50.44336400659896], [7.053768777155318, 50.44102399717214], [7.048568311092856, 50.43976053660169]]]}}, {"type": "Feature", "properties": {"band": "rain", "dbz": 40.0, "source": "OPERA-ORD", "time": "20260906232000"}, "geometry": {"type": "Polygon", "coordinates": [[[7.024431172139421, 50.40423114545247], [7.020776542037366, 50.406383864185116], [7.017121571551339, 50.40853645896818], [7.013466260681342, 50.410688929801644], [7.008126645106076, 50.41167043785992], [7.001102724825541, 50.411480983143], [6.994078857403922, 50.41129108445304], [6.9870550428412175, 50.41110074179006], [6.9817145191641306, 50.412081217389314], [6.97805728637266, 50.41423251125083], [6.976083253296238, 50.417554947941106], [6.975792419934861, 50.42204852746015], [6.9773308765838395, 50.42546648066036], [6.980698623243173, 50.42780880754172], [6.984066703073375, 50.43015103088568], [6.987435116074447, 50.432493150692224], [6.98897444304418, 50.43591099857791], [6.988684683982576, 50.44040457454274], [6.99022464729679, 50.44382232354638], [6.993594332986822, 50.44616424558884], [6.998793832008383, 50.44743001577492], [7.0058231443614725, 50.447619634104605], [7.0111669392449825, 50.44663827094135], [7.014825216658915, 50.44448592628514], [7.01848315304785, 50.442333457577476], [7.022140748411788, 50.44018086481837], [7.0257980028303635, 50.43802814804435], [7.029454916303578, 50.43587530725543], [7.033111488911061, 50.433722342488146], [7.036767720652815, 50.4315692537425], [7.0421093013774865, 50.430586145056594], [7.049136231085072, 50.43077301643042], [7.054477159999239, 50.42978955164354], [7.0581320881199865, 50.42763575069594], [7.060100926480762, 50.424311938385486], [7.060383675081566, 50.419818114712164], [7.058839633466401, 50.41640121159305], [7.055468801635269, 50.414061229028135], [7.05027126847629, 50.41279784236948], [7.043247033989465, 50.41261105161708], [7.038050196597337, 50.41134734930459], [7.034680756299906, 50.40900673543201], [7.0313116489110055, 50.40666601789332], [7.027942874430634, 50.40432519668854], [7.024431172139421, 50.40423114545247]]]}}, {"type": "Feature", "properties": {"band": "rain", "dbz": 40.0, "source": "OPERA-ORD", "time": "20260906232000"}, "geometry": {"type": "Polygon", "coordinates": [[[6.967732920013911, 50.38356542212778], [6.960713355093736, 50.38337342785155], [6.955375449007275, 50.38435266101806], [6.951719201754529, 50.38650312162732], [6.949744521514228, 50.38982513397012], [6.949451408286373, 50.39431869804646], [6.950987091275611, 50.39773705259044], [6.95435157048194, 50.400080197602065], [6.959544937807445, 50.401347808640956], [6.966567193252125, 50.40153988570712], [6.971906536164573, 50.400560369559756], [6.975562966544789, 50.39840926019884], [6.97753639308667, 50.39508688208525], [6.977826815790217, 50.39059323521899], [6.976289695974993, 50.387175163655854], [6.972925033640996, 50.384832667395884], [6.967732920013911, 50.38356542212778]]]}}, {"type": "Feature", "properties": {"band": "rain", "dbz": 40.0, "source": "OPERA-ORD", "time": "20260906232000"}, "geometry": {"type": "Polygon", "coordinates": [[[5.701001844350129, 49.92718867945083], [5.694055119877687, 49.92691695382144], [5.688742903734315, 49.92783551103768], [5.6850651959200125, 49.92994435109955], [5.68138715576869, 49.93205306388739], [5.67770878328035, 49.93416164940119], [5.672395728423735, 49.9350791739961], [5.665447991198848, 49.93480563767212], [5.660340094312112, 49.93347783764173], [5.657072037763526, 49.93109577390493], [5.653804302803881, 49.92871361193778], [5.650536889433178, 49.926331351740274], [5.64543011661513, 49.92500260627792], [5.63848398434974, 49.92472737555074], [5.63317090504873, 49.92564324570177], [5.6294908787121, 49.92775021673102], [5.62581052007563, 49.92985706030256], [5.62212982913932, 49.93196377641638], [5.618448805830994, 49.934070365036035], [5.614767450150653, 49.936176826161535], [5.612718933265384, 49.93947491947991], [5.612303255175187, 49.943964644991176], [5.6137289091243785, 49.947401169353256], [5.616995895112959, 49.949784492566145], [5.620263202952419, 49.95216771763241], [5.62353083264276, 49.954550844552045], [5.624957269650243, 49.95798727411402], [5.624542513974868, 49.96247700631833], [5.624127661691862, 49.96696672552123], [5.6237127128012245, 49.97145643172273], [5.6251399336996375, 49.974892766469395], [5.628409324387098, 49.977275729761224], [5.631679037414096, 49.97965859482149], [5.63494907278063, 49.98204136165019], [5.638219430582742, 49.98442403021767], [5.641490110820433, 49.98680660052392], [5.644761113589768, 49.98918907253929], [5.648032438890745, 49.99157144626378], [5.6494616491331815, 49.99500750596588], [5.6490487443170805, 49.9994972516456], [5.648635743240881, 50.0039869844029], [5.6482226459045854, 50.008476704237765], [5.647809452243601, 50.01296641116288], [5.64739616225793, 50.01745610517824], [5.648826343049622, 50.02089206521689], [5.652099994618675, 50.023274291278845], [5.655373969358422, 50.025656418951705], [5.658648267268861, 50.028038448235485], [5.661922888446314, 50.03042037910042], [5.665197832890783, 50.03280221154651], [5.6703164618039095, 50.0341297770794], [5.677278775185691, 50.03440307569909], [5.682602958863841, 50.033485428983425], [5.686289012838359, 50.031376836932395], [5.689974732767748, 50.029268117357034], [5.693660118652008, 50.02715927025733], [5.697345170564052, 50.02505029566989], [5.701029888503882, 50.02294119359473], [5.704714272544411, 50.0208319640684], [5.708398322685639, 50.0187226070909], [5.712082039000483, 50.01661312269881], [5.715765421488946, 50.014503510892126], [5.717810378338424, 50.011203699953086], [5.718216909548914, 50.00671368988168], [5.718623346017446, 50.002223666957875], [5.719029687744015, 49.997733631181674], [5.719435934792153, 49.993243582540345], [5.719842087161855, 49.98875352103389], [5.718407955914787, 49.98531833587943], [5.715133541050949, 49.98293802707693], [5.711859448786335, 49.980557619764205], [5.708585679120948, 49.97817711394124], [5.705312231958905, 49.97579650963777], [5.702039107300207, 49.97341580685378], [5.698766305048993, 49.971035005619], [5.695493825205265, 49.968654105933425], [5.694061688163172, 49.965218644295824], [5.694469893922715, 49.960728620706206], [5.693038359148335, 49.957293068639], [5.6897670838400325, 49.95491198809421], [5.686496130599126, 49.95253080917094], [5.683225499425617, 49.95014953186917], [5.683429787111721, 49.9479045151087], [5.68710899365744, 49.94579575888951], [5.692423267597363, 49.94487730132608], [5.699372608931487, 49.94514914241843], [5.706322023810312, 49.94542054515213], [5.713271512233837, 49.945691509527194], [5.7183823423944435, 49.94701711443744], [5.721654514292131, 49.949397359882866], [5.724927008290503, 49.95177750684033], [5.72819982438956, 49.954157555309834], [5.7316750058402555, 49.95429239425806], [5.735352552642591, 49.952182023685005], [5.737393275139946, 49.94888171447987], [5.737797173332321, 49.94439146664264], [5.736362952799588, 49.94095643271447], [5.733090613541743, 49.93857661269536], [5.72798028086112, 49.9372516875596], [5.721031954757715, 49.93698165730722], [5.715922307685461, 49.93565642889942], [5.712651339644358, 49.933276002336186], [5.709380693364443, 49.93089547735731], [5.706110368845714, 49.92851485396278], [5.701001844350129, 49.92718867945083]]]}}, {"type": "Feature", "properties": {"band": "rain", "dbz": 40.0, "source": "OPERA-ORD", "time": "20260906232000"}, "geometry": {"type": "Polygon", "coordinates": [[[5.748521788037011, 50.019151549268074], [5.741561366167399, 50.01888275817531], [5.734601017552683, 50.01861352793969], [5.727640742192862, 50.018343858561195], [5.722318871157219, 50.01926393634719], [5.718635404445753, 50.02137376129767], [5.716590215810046, 50.02467365314197], [5.716183305250096, 50.02916361188011], [5.717618785394624, 50.032598686942876], [5.720896656243629, 50.03497887833026], [5.726017044155501, 50.03630386616739], [5.732979949130243, 50.036573650454244], [5.738303260989481, 50.03565331030625], [5.741986979733214, 50.0335428457234], [5.745670364395691, 50.031432253800986], [5.749353414976909, 50.029321534539], [5.75303613154998, 50.027210687974], [5.756718514114902, 50.025099714105984], [5.756920278790977, 50.022854656582595], [5.753641425578203, 50.02047551540384], [5.748521788037011, 50.019151549268074]]]}}, {"type": "Feature", "properties": {"band": "rain", "dbz": 40.0, "source": "OPERA-ORD", "time": "20260906232000"}, "geometry": {"type": "Polygon", "coordinates": [[[6.058744610962041, 50.00478053263644], [6.055077468439579, 50.00690168258668], [6.0530564954784145, 50.01020793942588], [6.052681692078548, 50.01469930315406], [6.05414111757857, 50.01813011843932], [6.057434771978483, 50.02050038528167], [6.06256277164958, 50.02180978354935], [6.069525116591861, 50.02205831324236], [6.074839976357159, 50.02112168304191], [6.0785073509454755, 50.018999892948], [6.07869380961295, 50.016754177617976], [6.075399352359586, 50.014384537051825], [6.072105219096665, 50.01201479673874], [6.068811409824188, 50.00964495667871], [6.06551792444678, 50.00727501690186], [6.0622247629644415, 50.00490497740817], [6.058744610962041, 50.00478053263644]]]}}, {"type": "Feature", "properties": {"band": "rain", "dbz": 40.0, "source": "OPERA-ORD", "time": "20260906232000"}, "geometry": {"type": "Polygon", "coordinates": [[[5.7832440721146625, 49.786181501671095], [5.776317474313814, 49.78591506307814], [5.771022732526406, 49.78683776214442], [5.76735984675244, 49.788949598869934], [5.763696631046955, 49.79106130897719], [5.760033085409953, 49.793172892466195], [5.756569569450568, 49.793039003876544], [5.753306083168803, 49.790659643208244], [5.750042916374241, 49.788280184238765], [5.746780069066884, 49.7859006269681], [5.743316625170048, 49.785766301592965], [5.739652584683733, 49.78787720811336], [5.735988214283029, 49.78998798792428], [5.732323513967938, 49.79209864102572], [5.727027503750213, 49.79301897277543], [5.720100183629855, 49.79274898317341], [5.714803554977114, 49.793668955477166], [5.711137617791991, 49.795778889686694], [5.707471350557628, 49.79788869706894], [5.703804753274026, 49.79999837762392], [5.698507290633488, 49.80091732078172], [5.691578962636014, 49.80064552654235], [5.684650707820581, 49.800373295445276], [5.677722526187189, 49.800100627490494], [5.672424230170321, 49.801018541228345], [5.668755819769978, 49.80312703665884], [5.6667171688065245, 49.806426431516385], [5.6663082772799624, 49.81091672580099], [5.665899290836271, 49.815407006896564], [5.6654902094754505, 49.81989727480311], [5.666916355752737, 49.82333334499322], [5.670177729668131, 49.825715217466886], [5.673439423497625, 49.828096991834684], [5.676701437241218, 49.830478668096625], [5.679963770993806, 49.832860246223255], [5.683226424755388, 49.83524172621459], [5.68648939862088, 49.83762310804117], [5.689752692590282, 49.840004391703005], [5.69301630675853, 49.84238557717062], [5.696280241125623, 49.844766664444], [5.699747368219879, 49.84490247243675], [5.703417688041299, 49.84279300114886], [5.707087677050405, 49.84068340290049], [5.710757335247196, 49.83857367769163], [5.716059075436362, 49.83765395282352], [5.7229928976179, 49.83792422829618], [5.729926792490856, 49.83819406650058], [5.7368607600552295, 49.838463467436725], [5.742161663897207, 49.83754271257803], [5.745829504016786, 49.835431801924486], [5.7494970134505925, 49.83332076447425], [5.753164192198625, 49.831209600227346], [5.7568310403329725, 49.829098309219916], [5.760497557853634, 49.82698689145195], [5.762530804986373, 49.82368584813631], [5.7629307817311854, 49.81919517927296], [5.76496332671839, 49.81589398854372], [5.768628439947986, 49.8137822759486], [5.772293222860709, 49.81167043669174], [5.77595767545656, 49.80955847077317], [5.779621797807591, 49.807446378228974], [5.7832855899138025, 49.80533415905915], [5.786949051847249, 49.80322181329979], [5.790612183607931, 49.80110934095091], [5.792642160262169, 49.79780767465597], [5.793038981809962, 49.79331681441499], [5.791604887191665, 49.78988221846277], [5.78833987640728, 49.7875038867993], [5.7832440721146625, 49.786181501671095]]]}}, {"type": "Feature", "properties": {"band": "rain", "dbz": 40.0, "source": "OPERA-ORD", "time": "20260906232000"}, "geometry": {"type": "Polygon", "coordinates": [[[6.336474097527949, 49.8432052316451], [6.332832201546562, 49.845335920446786], [6.330837896315636, 49.848647670541915], [6.33049118183517, 49.85314048193051], [6.330144386748488, 49.85763328077403], [6.329797511055588, 49.86212606707248], [6.331272602999915, 49.865553552064625], [6.334569662581471, 49.86791573575047], [6.33803990946221, 49.868031413932094], [6.341683343642133, 49.86590058660949], [6.343677845498577, 49.86258875527359], [6.344023415031546, 49.8580959199244], [6.344368904260113, 49.85360307204194], [6.344714313184282, 49.849110211626225], [6.3432390246144355, 49.84568280787484], [6.339943038550574, 49.84332086078779], [6.336474097527949, 49.8432052316451]]]}}, {"type": "Feature", "properties": {"band": "rain", "dbz": 40.0, "source": "OPERA-ORD", "time": "20260906232000"}, "geometry": {"type": "Polygon", "coordinates": [[[6.022919438462809, 49.57885925529904], [6.016021645052968, 49.57860807140676], [6.009123918483621, 49.578356452720044], [6.00222625875477, 49.578104399238875], [5.996959141133146, 49.57903825181934], [5.993322565618752, 49.58115801046145], [5.9913164168706015, 49.584463991322465], [5.990940694888698, 49.58895619440237], [5.992383903874501, 49.59238854473602], [5.995646043828007, 49.5947610423234], [5.9989085006666505, 49.59713344114674], [6.002171274390429, 49.599505741206045], [6.003615270420683, 49.60293799290385], [6.0032404887574105, 49.60743019624015], [6.004685080465448, 49.61086235580376], [6.007949045544795, 49.613234471594694], [6.01303249919968, 49.614546227137794], [6.019935441430104, 49.61479762243309], [6.025205756943939, 49.61386293338205], [6.028843445741186, 49.611742159984686], [6.032480807649102, 49.609621261336144], [6.036117842667687, 49.60750023743642], [6.0397545508688015, 49.60537908832102], [6.043390932252445, 49.60325781398997], [6.04539449633099, 49.599950982812544], [6.0457652431044355, 49.59545859478875], [6.044318442884624, 49.59202687019369], [6.041054095671554, 49.58965580902735], [6.037790065318905, 49.58728464897342], [6.034526351826676, 49.58491339003191], [6.0312629551023536, 49.582542032232155], [6.027999875145938, 49.580170575574165], [6.022919438462809, 49.57885925529904]]]}}, {"type": "Feature", "properties": {"band": "rain", "dbz": 40.0, "source": "OPERA-ORD", "time": "20260906232000"}, "geometry": {"type": "Polygon", "coordinates": [[[6.066518842014652, 49.55340195308137], [6.059624506559391, 49.55315353476983], [6.054361296121443, 49.554090186438046], [6.0507292107008075, 49.55621190808603], [6.047096799285093, 49.55833350468243], [6.0434640618743, 49.560454976227255], [6.039830998396782, 49.562576322685075], [6.036197608852542, 49.564697544055896], [6.034195154608132, 49.56800436207752], [6.03382363566355, 49.57249677674994], [6.035269454252406, 49.57592860701429], [6.0385326103746975, 49.57829985287057], [6.0436132181365565, 49.579610198116086], [6.050511277537982, 49.57985964275083], [6.055777115789529, 49.578923438238654], [6.059410732891198, 49.57680158457954], [6.063044023691319, 49.57467960586268], [6.066676988189891, 49.57255750208804], [6.070309626458692, 49.57043527329107], [6.073941938497724, 49.56831291947178], [6.075941840624758, 49.565005443550874], [6.076309332839797, 49.56051284552835], [6.074861311646059, 49.55708145044711], [6.071597777043541, 49.55471125830713], [6.066518842014652, 49.55340195308137]]]}}, {"type": "Feature", "properties": {"band": "rain", "dbz": 40.0, "source": "OPERA-ORD", "time": "20260906232000"}, "geometry": {"type": "Polygon", "coordinates": [[[6.469144773845741, 49.531113873563825], [6.462251951699497, 49.53089085840999], [6.4553591887772015, 49.53066740869452], [6.4484664850788525, 49.53044352441742], [6.443213650961328, 49.53139895126773], [6.439600686424626, 49.53353368924545], [6.43762748920579, 49.53684805455372], [6.437294059304819, 49.54134204719254], [6.436960552424878, 49.545836026894776], [6.436626968565968, 49.55032999366044], [6.436293307677001, 49.554823947502726], [6.435959569757979, 49.55931788842164], [6.435625754757766, 49.563811816430395], [6.4352918626763636, 49.568305731528994], [6.436766175901127, 49.571732356043135], [6.440048694432058, 49.57409168997282], [6.443497909911648, 49.57420395547503], [6.447113822339898, 49.57206915254975], [6.449088081116045, 49.56875476994312], [6.449420686240087, 49.56426080765513], [6.451394258784495, 49.56094628310031], [6.455008798749269, 49.55881119627865], [6.458623012785682, 49.55667598577725], [6.462236900893733, 49.55454065159611], [6.465850463146363, 49.55240519377037], [6.469463699543572, 49.550269612300035], [6.473076610158298, 49.54813390722023], [6.476689194990542, 49.54599807853096], [6.478660274454337, 49.542683097456646], [6.478989848549681, 49.53818896399728], [6.47751377292773, 49.534762768235886], [6.474232047588486, 49.53240451017246], [6.469144773845741, 49.531113873563825]]]}}, {"type": "Feature", "properties": {"band": "rain", "dbz": 40.0, "source": "OPERA-ORD", "time": "20260906232000"}, "geometry": {"type": "Polygon", "coordinates": [[[6.201696630954642, 49.24277524860142], [6.194845881441141, 49.24253554502711], [6.187995194566531, 49.24229540993496], [6.181144570330811, 49.24205484332498], [6.174294008956753, 49.24181384520965], [6.1674435104443575, 49.24157241558898], [6.162216550362631, 49.24251462195477], [6.158613128711572, 49.244640464307004], [6.155009386214843, 49.24676618276369], [6.151405322872446, 49.248891777324836], [6.147800938613966, 49.25101724795569], [6.1441962334394065, 49.25314259465624], [6.142214885254254, 49.256452099699985], [6.141856894058508, 49.26094576308691], [6.141498820749477, 49.265439412874514], [6.1411406653271605, 49.26993304906277], [6.142585852992943, 49.273364056673245], [6.145834383746826, 49.27573243570592], [6.150886366792586, 49.27703787247259], [6.157741802130223, 49.27728036697327], [6.162972338655895, 49.27633864669665], [6.166577976369601, 49.274212711642726], [6.170183292791994, 49.27208665266263], [6.173788287923072, 49.26996046975636], [6.179017996060162, 49.269017736765086], [6.185872417203266, 49.26925845368879], [6.192726901116414, 49.269498738826854], [6.199581447799606, 49.269738592179266], [6.204810326977974, 49.26879484674431], [6.208413538651517, 49.26666750252201], [6.210390975386186, 49.263356873203016], [6.21074263718198, 49.25886295878733], [6.211094218360596, 49.25436903081891], [6.211445718922036, 49.24987508929775], [6.209996603329916, 49.246444864000026], [6.206746871584233, 49.24407835492572], [6.201696630954642, 49.24277524860142]]]}}, {"type": "Feature", "properties": {"band": "rain", "dbz": 40.0, "source": "OPERA-ORD", "time": "20260906232000"}, "geometry": {"type": "Polygon", "coordinates": [[[5.247005102271864, 49.04397065713969], [5.243376682238047, 49.04606609252292], [5.241343097139145, 49.049359023088314], [5.240904346975158, 49.05384944883587], [5.242280430953415, 49.05729218787691], [5.245471349073916, 49.059687240211446], [5.248662573738253, 49.062082197070765], [5.2518541049464265, 49.064477058454884], [5.255045942788957, 49.06687182433598], [5.258238087265842, 49.069266494714064], [5.261430538467623, 49.07166106956131], [5.264623296394301, 49.074055548877716], [5.267816361136433, 49.07644993263545], [5.271009732694018, 49.078844220834505], [5.274421211552494, 49.07899315200061], [5.278050797711861, 49.076896726133775], [5.281680065735113, 49.07480017388725], [5.285309015622251, 49.07270349526104], [5.288937647440111, 49.0706066902901], [5.292565961188695, 49.06850975897442], [5.292783300178775, 49.06626446014992], [5.289589664410353, 49.063870793816584], [5.286396335314043, 49.061477031875725], [5.283203312889845, 49.059083174327334], [5.280010597047321, 49.056689221199264], [5.276818187786468, 49.05429517249151], [5.271812104260316, 49.05294907944554], [5.264992346468863, 49.05265094206135], [5.259986919983537, 49.0513045543691], [5.256795824804338, 49.0489099163688], [5.253605035983247, 49.0465151828885], [5.2504145535202635, 49.044120353928214], [5.247005102271864, 49.04397065713969]]]}}, {"type": "Feature", "properties": {"band": "rain", "dbz": 40.0, "source": "OPERA-ORD", "time": "20260906232000"}, "geometry": {"type": "Polygon", "coordinates": [[[18.45102183130819, 47.91063291113541], [18.444382456377195, 47.91116313393121], [18.439590581743772, 47.91267821327229], [18.436646207407918, 47.915178149158635], [18.433701553901155, 47.91767800234918], [18.430756621223484, 47.920177772843914], [18.427811409286477, 47.92267746061995], [18.424865918090138, 47.92517706567728], [18.4237682946421, 47.928662019083674], [18.42451853894236, 47.93313232083912], [18.426742106859784, 47.93635276738923], [18.430438998394372, 47.938323358733996], [18.433760322066497, 47.93805873779612], [18.43670607787616, 47.935558904575615], [18.439651554276022, 47.93305898864811], [18.442596751266088, 47.930558990013616], [18.44554166893487, 47.928058908695036], [18.448486307282362, 47.925558744692374], [18.45143066639705, 47.92305849802852], [18.454374746278937, 47.92055816870347], [18.457318547016477, 47.91805775674011], [18.46026206860968, 47.915557262138435], [18.45988575174813, 47.91332221106258], [18.456189596431834, 47.911352603512526], [18.45102183130819, 47.91063291113541]]]}}, {"type": "Feature", "properties": {"band": "rain", "dbz": 40.0, "source": "OPERA-ORD", "time": "20260906232000"}, "geometry": {"type": "Polygon", "coordinates": [[[5.246967901638093, 47.896975851833304], [5.240304879022755, 47.896677012701694], [5.235201434083005, 47.897576193034155], [5.231657566818844, 47.8996733928307], [5.229673151955587, 47.902968913237444], [5.229248189493235, 47.9074627542544], [5.228823132460113, 47.911956578808166], [5.22839798085622, 47.91645038689874], [5.229745694283128, 47.919895648253565], [5.232866272740836, 47.92229236287264], [5.2377598416896225, 47.92364022940788], [5.244426401129489, 47.9239392478593], [5.249532081494904, 47.92303987909371], [5.253076882785868, 47.92094212311109], [5.256621383751444, 47.91884424355695], [5.260165584391634, 47.916746240431294], [5.263709484768087, 47.91464811376695], [5.267253084880805, 47.91254986356391], [5.2674641396825095, 47.910302876623746], [5.2643426491732, 47.90790715294645], [5.261221447947052, 47.905511335510504], [5.258100536004063, 47.903115424315914], [5.254979913260867, 47.90071941938874], [5.251859579717463, 47.898323320728984], [5.246967901638093, 47.896975851833304]]]}}, {"type": "Feature", "properties": {"band": "rain", "dbz": 40.0, "source": "OPERA-ORD", "time": "20260906232000"}, "geometry": {"type": "Polygon", "coordinates": [[[5.6656185398007635, 47.851745575163136], [5.6589594722585845, 47.851473047398315], [5.652300470751282, 47.851200101787505], [5.645641535278854, 47.850926738330685], [5.638982666040745, 47.850652957040936], [5.632323863036957, 47.850378757918286], [5.625665126466901, 47.850104140975844], [5.619006456330578, 47.84982910621363], [5.613914834841937, 47.85074659953287], [5.610390262000978, 47.85285662093354], [5.6084326227229315, 47.85615947162867], [5.608041917007798, 47.86065515161825], [5.609414086505572, 47.864095848443654], [5.612549131216253, 47.86648156210487], [5.61568446544893, 47.86886718099359], [5.618820089203603, 47.871252705109804], [5.620192963720774, 47.87469330235184], [5.619803089000442, 47.87918897271969], [5.619413127537566, 47.88368462694535], [5.619023079332148, 47.88818026502881], [5.617064378368154, 47.89148310784833], [5.613537024645586, 47.89359315540392], [5.610009370970021, 47.89570308059052], [5.606481417341456, 47.897812883408136], [5.604521652655797, 47.90111554403712], [5.604130076913044, 47.90561106247747], [5.605503068077746, 47.909051707108816], [5.608640626149901, 47.911437477931166], [5.61354286668621, 47.91276807324194], [5.62020978968667, 47.913043493041144], [5.625307343264545, 47.91212599988191], [5.628835527419836, 47.910015593764236], [5.6323634114117365, 47.90790506530379], [5.635890995240245, 47.90579441450055], [5.639224261587225, 47.905931483086135], [5.642363210452676, 47.90831627106054], [5.645502449508854, 47.9107009641084], [5.648641978755757, 47.91308556222972], [5.653545404526322, 47.91441431595182], [5.660212726820551, 47.91468722527469], [5.6653096939695695, 47.91376780823854], [5.66883630597338, 47.911656064843356], [5.670792448803957, 47.9083522968755], [5.6711781224613, 47.903856504334954], [5.673133627093587, 47.90055259252923], [5.676658962700816, 47.89844056145833], [5.68018399831819, 47.896328408225045], [5.683708733945712, 47.89421613282937], [5.685663177199894, 47.890912039580556], [5.686047328080734, 47.886416128478615], [5.684669700994536, 47.88297638218666], [5.681530295941298, 47.880592800704704], [5.678391180725167, 47.87820912423147], [5.675252355346145, 47.875825352766945], [5.673875436570469, 47.8723855064235], [5.674260424398139, 47.86788958520114], [5.674645326633032, 47.863393647861216], [5.675030143275145, 47.85889769440372], [5.673653932090114, 47.85545774801761], [5.67051669307794, 47.8530738087029], [5.6656185398007635, 47.851745575163136]]]}}, {"type": "Feature", "properties": {"band": "rain", "dbz": 40.0, "source": "OPERA-ORD", "time": "20260906232000"}, "geometry": {"type": "Polygon", "coordinates": [[[5.385995661185827, 47.839939717051365], [5.379339450790738, 47.83964964535985], [5.372683310612164, 47.83935915610563], [5.366027240650105, 47.839068249288715], [5.360931983161184, 47.839973569537946], [5.357397538145402, 47.84207511685335], [5.355423783986055, 47.84537319206831], [5.355010720683142, 47.84986779518283], [5.354597565558294, 47.85436238186808], [5.35418431861151, 47.85885695212404], [5.353770979784562, 47.863351505963465], [5.353357549077453, 47.86784604338632], [5.354712609037739, 47.871289881819635], [5.357836159665421, 47.87368302126339], [5.3609599993420725, 47.876076066700925], [5.364084128067692, 47.87846901813225], [5.3672085459253225, 47.880861875531245], [5.370333252914964, 47.8832546388979], [5.373663970413891, 47.88340001410043], [5.3772006984221035, 47.88129800113881], [5.380737126686074, 47.87919586509822], [5.384273255205804, 47.877093605978644], [5.3878090840431385, 47.87499122381277], [5.3913446131980765, 47.87288871860063], [5.393317327622978, 47.86959011020389], [5.393727227317844, 47.86509539862257], [5.39413703591042, 47.860600670664894], [5.394546753400707, 47.85610592633084], [5.394956379846448, 47.85161116560766], [5.395365915247643, 47.84711638849535], [5.394008953807022, 47.84367293817868], [5.390885495524588, 47.841280814657644], [5.385995661185827, 47.839939717051365]]]}}, {"type": "Feature", "properties": {"band": "rain", "dbz": 40.0, "source": "OPERA-ORD", "time": "20260906232000"}, "geometry": {"type": "Polygon", "coordinates": [[[5.306125789615068, 47.83643129894069], [5.299470427779873, 47.836136216916], [5.2943742327629595, 47.83703833248678], [5.290837204564329, 47.839137645653004], [5.2906280742645535, 47.84138482356915], [5.2937468418636335, 47.8437798662352], [5.296865897935553, 47.846174815134226], [5.299985242480312, 47.84856967026623], [5.30133593897758, 47.852014265752246], [5.300917987427358, 47.85650860159228], [5.302269220089817, 47.85995310977497], [5.30538963696496, 47.862347790300305], [5.3085103426058105, 47.864742376995906], [5.311631337012369, 47.86713686986176], [5.314752620267701, 47.86953126887182], [5.3178741923718045, 47.87192557402609], [5.322765153865323, 47.8732695498241], [5.3294255047482535, 47.873563196265856], [5.3345244810002255, 47.87265966080129], [5.3380620826212395, 47.8705589434304], [5.340038187191915, 47.86726134522515], [5.340452794712254, 47.86276686618554], [5.34086731009322, 47.85827237071592], [5.341281733334812, 47.8537778588163], [5.339928284233779, 47.85033375767941], [5.336806962790123, 47.84794006730526], [5.331917891242194, 47.846596486823586], [5.325261069589989, 47.8463030162344], [5.32037261600091, 47.844959147728346], [5.3172525304749545, 47.84256488130541], [5.314132733417149, 47.84017052105871], [5.311013224827494, 47.83777606698826], [5.306125789615068, 47.83643129894069]]]}}, {"type": "Feature", "properties": {"band": "rain", "dbz": 40.0, "source": "OPERA-ORD", "time": "20260906232000"}, "geometry": {"type": "Polygon", "coordinates": [[[5.544973081253447, 47.85576701505258], [5.538314039818703, 47.85548691108801], [5.533220330726004, 47.856400510994526], [5.529691953975351, 47.85850781477212], [5.527728792340685, 47.86180912358778], [5.527330845822009, 47.866304437441535], [5.528697676457099, 47.86974612745169], [5.531829284245956, 47.872134193618265], [5.534961181457087, 47.87452216525029], [5.5380933680904905, 47.87691004234775], [5.541225844228915, 47.87929782488441], [5.54435860987236, 47.881685512860265], [5.549256348094815, 47.88301907471882], [5.555919058896283, 47.88329851046009], [5.561014797498567, 47.882384074290265], [5.564543563901667, 47.88027576620935], [5.566505241540502, 47.876973887632346], [5.566899830415071, 47.872478438559256], [5.565530625268911, 47.869037171371495], [5.56239762610202, 47.86665008606907], [5.559264916305992, 47.86426290616012], [5.556132495880829, 47.86187563164464], [5.553000364743889, 47.85948826254889], [5.549868522895176, 47.85710079887287], [5.544973081253447, 47.85576701505258]]]}}, {"type": "Feature", "properties": {"band": "rain", "dbz": 40.0, "source": "OPERA-ORD", "time": "20260906232000"}, "geometry": {"type": "Polygon", "coordinates": [[[5.522319420381201, 47.809690235271], [5.51566652911653, 47.809408741095424], [5.510577066211356, 47.810321311170476], [5.507051031665682, 47.81242794549615], [5.503524698357558, 47.81453445730557], [5.499998066286985, 47.81664084659874], [5.496471135392036, 47.81874711334312], [5.4929439056727105, 47.820853257538744], [5.4909799079963575, 47.82415396726732], [5.490579142362976, 47.828649242528854], [5.491942579192085, 47.83209147393367], [5.4950702184836855, 47.83448066148177], [5.499962178285525, 47.83581650422174], [5.506618458597602, 47.83609900215359], [5.511710331368362, 47.83518687812227], [5.515237796597805, 47.833080132127776], [5.5187649627928685, 47.830973263610346], [5.522291829953554, 47.828866272569975], [5.525818398141901, 47.826759159039185], [5.529344667357908, 47.824651923017974], [5.531306333532294, 47.821350566663284], [5.531703396665059, 47.81685508997511], [5.530337912676966, 47.813413259312966], [5.527209881568014, 47.81102507467685], [5.522319420381201, 47.809690235271]]]}}, {"type": "Feature", "properties": {"band": "rain", "dbz": 40.0, "source": "OPERA-ORD", "time": "20260906232000"}, "geometry": {"type": "Polygon", "coordinates": [[[5.61780269298893, 47.786611897641436], [5.611152382910952, 47.7863364122166], [5.606067041249638, 47.78725361085925], [5.602546668004985, 47.7893634935694], [5.599025996338913, 47.79147325412239], [5.595505026251421, 47.79358289251823], [5.590418932639558, 47.794499106962434], [5.583767715503324, 47.79422189745497], [5.578681063396278, 47.79513776723512], [5.5751589763184235, 47.79724671630288], [5.573201338605786, 47.800549045383306], [5.572808150258368, 47.8050447544764], [5.572414874572036, 47.809540447273164], [5.572021511546792, 47.81403612377358], [5.5716280611272895, 47.81853178399057], [5.571234523313528, 47.82302742792412], [5.570840898050122, 47.8275230555871], [5.570447185337071, 47.832018666979515], [5.571816115937121, 47.83545989758949], [5.574947689850276, 47.83784674741703], [5.579842023062727, 47.83917891539218], [5.586499115574475, 47.83945640151494], [5.593156275072677, 47.83973346994022], [5.599813501557333, 47.84001012066801], [5.604904025253172, 47.83909351384908], [5.608427846160194, 47.83698364948343], [5.611951367978669, 47.834873662882984], [5.615474590708597, 47.83276355404776], [5.62056436050015, 47.83184596212016], [5.62722067735333, 47.83212088710019], [5.632309887305997, 47.83120295045049], [5.635831990358151, 47.82909215217105], [5.6393537944390175, 47.82698123176294], [5.642875299548596, 47.824870189226175], [5.646396505749253, 47.822759024593175], [5.64991741304099, 47.82064773786395], [5.651871023211457, 47.81734409130853], [5.652257336260654, 47.81284808492689], [5.652643563524036, 47.808352062324985], [5.653029705001603, 47.80385602350282], [5.651656316998163, 47.800415677032575], [5.648523399513715, 47.79803102291428], [5.643631066353082, 47.7967017603198], [5.636979317516264, 47.79642788924912], [5.632087599484157, 47.795098336893275], [5.628955912256762, 47.792713103252254], [5.6258245134892775, 47.79032777491227], [5.622693403181705, 47.787942351873326], [5.61780269298893, 47.786611897641436]]]}}, {"type": "Feature", "properties": {"band": "rain", "dbz": 40.0, "source": "OPERA-ORD", "time": "20260906232000"}, "geometry": {"type": "Polygon", "coordinates": [[[5.525498736714528, 47.773725973569725], [5.518850538754522, 47.77344470372768], [5.512202408653609, 47.773163016845515], [5.505554346411788, 47.77288091292321], [5.500468389332028, 47.773793044499136], [5.496944537414327, 47.775899411573306], [5.494982673092104, 47.77920031460983], [5.494582796365356, 47.78369575360873], [5.494182830860476, 47.78819117620822], [5.493782776577463, 47.7926865824083], [5.495145572287485, 47.79612885554805], [5.498271217990542, 47.79851799562747], [5.5031598314269665, 47.7998537019811], [5.5098114125967586, 47.800135974608935], [5.5148995840546, 47.7992236490599], [5.518424345800492, 47.797116725334], [5.521948809039554, 47.79500967918068], [5.525472973771784, 47.79290251059994], [5.528996840059082, 47.79079521962423], [5.532520407901448, 47.78868780625356], [5.534480371040715, 47.785386295858984], [5.53487672947688, 47.78089068844049], [5.533511890444856, 47.77744881567112], [5.53038585394464, 47.77506067755087], [5.525498736714528, 47.773725973569725]]]}}, {"type": "Feature", "properties": {"band": "rain", "dbz": 40.0, "source": "OPERA-ORD", "time": "20260906232000"}, "geometry": {"type": "Polygon", "coordinates": [[[5.5169748626790085, 47.719215328464614], [5.510333824371276, 47.71893356125465], [5.503692853845576, 47.71865137751111], [5.497051951101906, 47.718368777233984], [5.490411116337474, 47.7180857604367], [5.483770349552283, 47.71780232711925], [5.4786895452007585, 47.71871348301777], [5.475168703282902, 47.72081922813225], [5.473207706009036, 47.724119862459546], [5.472806553379158, 47.728615385999674], [5.472405311793094, 47.73311089303737], [5.472003981250841, 47.73760638357265], [5.471602561696153, 47.74210185761833], [5.471201053129031, 47.74659731517441], [5.47256122433691, 47.75003997322672], [5.475683075319792, 47.75242983177525], [5.48056672411801, 47.75376659055111], [5.487212170731562, 47.75405024955428], [5.492296106375389, 47.75313895104636], [5.495818531049491, 47.75103269502735], [5.4993406578902, 47.74892631661804], [5.502862486897514, 47.746819815818455], [5.506384018133076, 47.74471319266098], [5.509905251596886, 47.74260644714562], [5.513426187350587, 47.74049957930474], [5.5169468253941805, 47.73839258913834], [5.52046716578931, 47.736285476678795], [5.523987208535976, 47.734178241926095], [5.52594546715587, 47.7308767503172], [5.526341941648993, 47.7263810018521], [5.524978979629884, 47.72293889873205], [5.521856581098543, 47.72055044095708], [5.5169748626790085, 47.719215328464614]]]}}, {"type": "Feature", "properties": {"band": "rain", "dbz": 40.0, "source": "OPERA-ORD", "time": "20260906232000"}, "geometry": {"type": "Polygon", "coordinates": [[[5.620041112643353, 47.60621145802257], [5.613414299753063, 47.60593623449155], [5.608347151450445, 47.60685378080142], [5.604839667735499, 47.60896409695218], [5.602891734851302, 47.61226748219283], [5.602503352797853, 47.61676393652339], [5.603869294351598, 47.620205260137894], [5.606989559512538, 47.622591453036335], [5.61011011070797, 47.62497755154209], [5.613230947937893, 47.62736355565515], [5.6145975858927155, 47.63080477914146], [5.614210024572435, 47.63530122200099], [5.615577196980468, 47.638742356461805], [5.618699103116818, 47.64112818252389], [5.622014579435184, 47.64126568192529], [5.625523625935567, 47.639154854665996], [5.627471347516209, 47.635851192327564], [5.627857744177108, 47.63135469491], [5.629804835694307, 47.628050888994196], [5.633312622067804, 47.62593977458015], [5.636820112431536, 47.62382853850671], [5.640327306785505, 47.621717180773864], [5.640520085933517, 47.619468893685884], [5.6373984498755725, 47.61708367724277], [5.6342770998008005, 47.61469836633594], [5.6311560357092, 47.61231296096541], [5.628035257519674, 47.60992746115713], [5.624914765232223, 47.60754186691109], [5.620041112643353, 47.60621145802257]]]}}, {"type": "Feature", "properties": {"band": "rain", "dbz": 40.0, "source": "OPERA-ORD", "time": "20260906232000"}, "geometry": {"type": "Polygon", "coordinates": [[[5.530428129795221, 47.566350620786444], [5.523806892372983, 47.56606980256345], [5.517185721960946, 47.56578856919667], [5.510564618559109, 47.565506920686104], [5.505499602953569, 47.56641957104522], [5.5019906751443255, 47.56852652027403], [5.500037718971725, 47.57182806718306], [5.499640734435766, 47.576324211772345], [5.499243662146929, 47.58082033965373], [5.498846502105217, 47.58531645082719], [5.498449254255354, 47.589812545305634], [5.498051918597337, 47.59430862308904], [5.499410295848616, 47.59775129891381], [5.50252438600919, 47.60014057277996], [5.507394305485042, 47.601476145606654], [5.514020054276173, 47.60175801739391], [5.520645870258105, 47.60203947371134], [5.5272717534308375, 47.602320514558954], [5.532142674017225, 47.60365519025607], [5.535258632017268, 47.60604350080269], [5.538374875659281, 47.60843171719817], [5.5414914049432635, 47.61081983944251], [5.546363326412431, 47.61215361770585], [5.552990640066783, 47.61243305198818], [5.5580591075206005, 47.61151839744506], [5.561568728773883, 47.609409654076494], [5.565078054253062, 47.60730078885975], [5.568587083958137, 47.605191801794845], [5.572095817950345, 47.60308269291387], [5.575604256229685, 47.60097346221683], [5.577553657088695, 47.59767064142095], [5.577944020527376, 47.593174230526216], [5.576580745981708, 47.58973246251173], [5.573463833451695, 47.5873453373775], [5.568593397417704, 47.58601255606784], [5.561969437879737, 47.58573411858275], [5.5570996108848965, 47.584401049182425], [5.553983916433182, 47.58201334786688], [5.5508685072858786, 47.57962555239169], [5.547753383442983, 47.57723766275686], [5.544638544823461, 47.574849678988244], [5.541523991427311, 47.57246160108585], [5.538409723173512, 47.57007342907547], [5.535295740062064, 47.56768516295712], [5.530428129795221, 47.566350620786444]]]}}, {"type": "Feature", "properties": {"band": "rain", "dbz": 40.0, "source": "OPERA-ORD", "time": "20260906232000"}, "geometry": {"type": "Polygon", "coordinates": [[[5.265689038796685, 47.482572465704585], [5.2722982694467575, 47.48286941453683], [5.277151444423392, 47.48421583762097], [5.280248563726589, 47.48661173495702], [5.283345966422747, 47.4890075390844], [5.286443652511868, 47.491403250003096], [5.28954162207492, 47.49379886768763], [5.292639875111903, 47.49619439213801], [5.295738411703806, 47.4985898233287], [5.298837231850628, 47.50098516125972], [5.303692622969239, 47.50233012007581], [5.310304585059638, 47.50262469977697], [5.3169166169940745, 47.50291886503841], [5.323528718772549, 47.50321261586012], [5.328385111183742, 47.50455668153593], [5.331485794227657, 47.50695106206584], [5.33283064764201, 47.51039605556432], [5.3324196714268, 47.514891662031374], [5.333765052480114, 47.518336568130415], [5.336866790801951, 47.52073077386143], [5.341725006559319, 47.522073980968116], [5.348339699752216, 47.52236618945047], [5.354954462300969, 47.522657983289584], [5.361569294205577, 47.52294936248546], [5.368184195271949, 47.5232403270244], [5.374799165500087, 47.5235308769064], [5.379658775618241, 47.52487258246005], [5.382763025626412, 47.52726544368534], [5.384111796448536, 47.53070975891836], [5.383705088084614, 47.53520552815913], [5.38505438774175, 47.53864975569894], [5.388159695419944, 47.5410424415378], [5.39302113009868, 47.54238328719772], [5.399638691777959, 47.54267229267872], [5.404703020387228, 47.54176492664991], [5.408214115926489, 47.539661189111285], [5.411724916694006, 47.53755732940234], [5.4152354226897765, 47.535453347523074], [5.41874563397433, 47.53334924350556], [5.422255550547666, 47.5312450173498], [5.424212036972059, 47.527944917192215], [5.424615093247508, 47.523448943032804], [5.425018060580354, 47.51895295201082], [5.425420938970599, 47.51445694412628], [5.424069771619622, 47.511013100366014], [5.420964558527422, 47.50862142073003], [5.417859629412989, 47.506229647442815], [5.414754984276321, 47.50383778050436], [5.413404501234121, 47.5003938377324], [5.41380818028639, 47.495897819126945], [5.41245822556408, 47.49245378850267], [5.409354637067189, 47.49006174585959], [5.406251332262533, 47.48766960962705], [5.40314831115011, 47.48527737980503], [5.400045573649161, 47.48288505641915], [5.396943119759685, 47.48049263946941], [5.39208722903407, 47.47915171378639], [5.385477901472315, 47.4788622793701], [5.378868642646987, 47.478572430688686], [5.372259452558088, 47.47828216774215], [5.36740456020354, 47.47694034865141], [5.364303965583344, 47.47454697341646], [5.362957549587086, 47.47110233998199], [5.363365312214766, 47.466606448348], [5.362019423124207, 47.46316172735229], [5.3589198823154085, 47.460768176994854], [5.3540668089944425, 47.45942549947246], [5.34746020316131, 47.459133694785116], [5.342402790932686, 47.46003863648033], [5.338894572308574, 47.46214032455809], [5.335386059994639, 47.46424189041216], [5.33187725399088, 47.46634333404255], [5.328573766593188, 47.46619679615009], [5.325475597801559, 47.4638022767348], [5.32237771214684, 47.46140766402021], [5.319280109629029, 47.45901295800631], [5.314428213704255, 47.45766846050996], [5.307822024372515, 47.457374171531136], [5.302970734660843, 47.45602938828674], [5.2998743445692345, 47.45363411077675], [5.298532733472465, 47.45018863670423], [5.298945901370532, 47.44569296606921], [5.297604815801002, 47.44224740480223], [5.294509476763874, 47.439851952903304], [5.289660004978432, 47.4385063128108], [5.283056400444675, 47.438210484524724], [5.2764528660059025, 47.43791424240689], [5.269849401662115, 47.437617586457286], [5.265506857985578, 47.448707941683985], [5.2634252349762916, 47.47118530808697], [5.265689038796685, 47.482572465704585]]]}}, {"type": "Feature", "properties": {"band": "rain", "dbz": 40.0, "source": "OPERA-ORD", "time": "20260906232000"}, "geometry": {"type": "Polygon", "coordinates": [[[17.218219842548763, 45.85633781304981], [17.211826308960504, 45.85678866404929], [17.207182129030212, 45.85824845792324], [17.20428730275788, 45.86071719467167], [17.203141999952898, 45.86419515622124], [17.20374622061526, 45.868682342571944], [17.205798381900507, 45.87193511821725], [17.209298483808638, 45.873953483157166], [17.21424635639657, 45.87473715534983], [17.220641999664295, 45.874286134795256], [17.225287064351605, 45.872825974178355], [17.228181550458498, 45.870356673499096], [17.229325628341087, 45.86687851476166], [17.228719297999376, 45.86239149796603], [17.226666251957113, 45.859139089063675], [17.223166490214297, 45.85712128805461], [17.218219842548763, 45.85633781304981]]]}}, {"type": "Feature", "properties": {"band": "moderate", "dbz": 45.0, "source": "OPERA-ORD", "time": "20260906232000"}, "geometry": {"type": "Polygon", "coordinates": [[[12.775858556917079, 55.49984794464094], [12.772062785234624, 55.502180500237145], [12.77032220622997, 55.50559035798016], [12.770636819903117, 55.51007751786998], [12.772850215146464, 55.51339837739866], [12.776962391960009, 55.51555293656621], [12.781075021277587, 55.517707356841264], [12.7851881030992, 55.51986163822383], [12.789301637545021, 55.52201578066453], [12.79341562461505, 55.52416978416335], [12.797370795467296, 55.52408012048678], [12.801167150101758, 55.521746789634825], [12.80290614388165, 55.51833659281342], [12.802587776806972, 55.51384953002257], [12.80037212850774, 55.5105291098833], [12.79625919898396, 55.50837533239561], [12.792146721719458, 55.50622141598662], [12.788034696714238, 55.50406736065635], [12.783923123848297, 55.501913166454116], [12.779812003121638, 55.49975883337993], [12.775858556917079, 55.49984794464094]]]}}, {"type": "Feature", "properties": {"band": "moderate", "dbz": 45.0, "source": "OPERA-ORD", "time": "20260906232000"}, "geometry": {"type": "Polygon", "coordinates": [[[13.157029898094786, 54.941120931400135], [13.149234994385953, 54.941322870201255], [13.143476159782125, 54.94259573481165], [13.139753394283304, 54.94493952523133], [13.136030200848985, 54.94728320233355], [13.132306579479172, 54.94962676611832], [13.12858253003519, 54.951970216544176], [13.12485805251704, 54.95431355361111], [13.121133146786025, 54.95665677727763], [13.117407812842146, 54.95899988754373], [13.111645744145841, 54.96027096500861], [13.10384694069711, 54.960470009672264], [13.098083974311722, 54.96174073648538], [13.094356844989674, 54.96408314544797], [13.09266567513355, 54.96749760769769], [13.093010464743351, 54.971984123234535], [13.093355345469025, 54.976470634492756], [13.093700317310567, 54.980957141472345], [13.095910108924128, 54.98427240906108], [13.099984720309706, 54.98641643725893], [13.105924028846667, 54.987388854633274], [13.113728034535013, 54.987189661184104], [13.11949386683014, 54.985918478454145], [13.12322152573205, 54.9835753064434], [13.124911134726423, 54.98016051655688], [13.124562693813258, 54.97567410879459], [13.126251486459923, 54.97225921577004], [13.129977512666414, 54.9699158374832], [13.135740648709522, 54.96864360273615], [13.14354089458924, 54.968442511528906], [13.149303132265814, 54.96716992631698], [13.153027361739245, 54.964825847100364], [13.156751162881523, 54.9624816545868], [13.160474535692657, 54.960137348776286], [13.164197480311545, 54.957792929710294], [13.167919996738185, 54.955448397388814], [13.169604713100867, 54.95203298960949], [13.169251629399584, 54.94754670637232], [13.167038153149008, 54.9442326640652], [13.162964284349137, 54.94209086268812], [13.157029898094786, 54.941120931400135]]]}}, {"type": "Feature", "properties": {"band": "moderate", "dbz": 45.0, "source": "OPERA-ORD", "time": "20260906232000"}, "geometry": {"type": "Polygon", "coordinates": [[[21.42334568245087, 53.8415360729202], [21.415836570968416, 53.84226292503761], [21.410509800756394, 53.84391442304091], [21.407365371814794, 53.84649056693009], [21.404220574679684, 53.849066630199815], [21.401075409351062, 53.85164261285008], [21.397929875686444, 53.85421851485209], [21.394783973685826, 53.85679433620585], [21.39382110276624, 53.860295368726945], [21.39504126292769, 53.86472161241535], [21.39783514408076, 53.86785985933709], [21.40220274622545, 53.86971010949215], [21.40814365506177, 53.87027202345512], [21.41565787058972, 53.869545601225994], [21.423171842378668, 53.868818705295894], [21.430685570428622, 53.86809133566482], [21.43601446412912, 53.86643920721987], [21.439158523480152, 53.863862319961044], [21.44011816396474, 53.86036101315286], [21.438893385582883, 53.85593528679533], [21.437668917011347, 53.851509539129125], [21.43644475825014, 53.847083770154256], [21.433649568700176, 53.84394632596549], [21.42928334836145, 53.842097206562826], [21.42334568245087, 53.8415360729202]]]}}, {"type": "Feature", "properties": {"band": "moderate", "dbz": 45.0, "source": "OPERA-ORD", "time": "20260906232000"}, "geometry": {"type": "Polygon", "coordinates": [[[15.851191366035117, 53.77791707689728], [15.843629799970337, 53.77829009163777], [15.83811467384455, 53.77968846111628], [15.834645987657762, 53.78211218533279], [15.833223955183723, 53.78556161826087], [15.83384857642243, 53.79003675990052], [15.836208341532197, 53.793299994925036], [15.840303250513024, 53.79535132333443], [15.846133089386267, 53.79619039097999], [15.85369785815193, 53.7958171978617], [15.859214371370832, 53.79441838515709], [15.862682629042974, 53.79199395286615], [15.86410284590938, 53.78854425508975], [15.863475021970052, 53.78406929182789], [15.861113869767168, 53.78080650002947], [15.857019389300728, 53.778755879694515], [15.851191366035117, 53.77791707689728]]]}}, {"type": "Feature", "properties": {"band": "moderate", "dbz": 45.0, "source": "OPERA-ORD", "time": "20260906232000"}, "geometry": {"type": "Polygon", "coordinates": [[[7.153035964135346, 52.85381497378164], [7.145619784488883, 52.85363347874553], [7.1399832280476705, 52.854619551855286], [7.136126294811708, 52.856773193110925], [7.134048885309635, 52.860094750917796], [7.133750999541453, 52.864584225275905], [7.135382349256433, 52.86799690021447], [7.138942934454574, 52.87033277573348], [7.1425039002881725, 52.872668541989846], [7.1460652467572245, 52.875004198983575], [7.149626973977732, 52.877339746677904], [7.153189081949696, 52.879675185072834], [7.158680591134288, 52.880933242947904], [7.166101501531506, 52.88111392030311], [7.171740588240917, 52.88012685742549], [7.17559785126252, 52.87797205431505], [7.177673192196855, 52.87464985967932], [7.177966611043923, 52.87016027351828], [7.176332167765424, 52.86674810985127], [7.172769862361359, 52.864413368678285], [7.169207937488858, 52.862078518151364], [7.165646393147924, 52.85974355827052], [7.162085229222736, 52.8574084890725], [7.158524445713297, 52.85507331055729], [7.153035964135346, 52.85381497378164]]]}}, {"type": "Feature", "properties": {"band": "moderate", "dbz": 45.0, "source": "OPERA-ORD", "time": "20260906232000"}, "geometry": {"type": "Polygon", "coordinates": [[[6.923259281197159, 52.533145067778634], [6.915898441359392, 52.53294912541967], [6.910298259798871, 52.53392431235719], [6.906458736515595, 52.53607062859121], [6.904379766091427, 52.539388419036186], [6.904061348526369, 52.5438776836921], [6.905663447470488, 52.547293812886586], [6.909186062923784, 52.549636806619624], [6.914629300402407, 52.550906319809144], [6.921993159906357, 52.55110235245517], [6.927594956414431, 52.550126865651116], [6.93143468992663, 52.547979859397], [6.933512255632289, 52.54466167879847], [6.933827653531406, 52.540172323855494], [6.932223939639734, 52.53675649452754], [6.928701113957272, 52.534414190814594], [6.923259281197159, 52.533145067778634]]]}}, {"type": "Feature", "properties": {"band": "moderate", "dbz": 45.0, "source": "OPERA-ORD", "time": "20260906232000"}, "geometry": {"type": "Polygon", "coordinates": [[[7.011594111104245, 52.53545987825179], [7.004232543356455, 52.53526955107603], [6.998634079392883, 52.53624901641889], [6.994798719213531, 52.5383982742804], [6.992726360391713, 52.54171766968165], [6.992417002927429, 52.54620720262267], [6.994026080695733, 52.549622128644465], [6.997553593696624, 52.55196244774705], [7.002999644452033, 52.55322781474158], [7.01036423296196, 52.55341822962806], [7.0159643094279724, 52.55243846302411], [7.0197998738500695, 52.55028851492975], [7.021870824412314, 52.5469687305567], [7.022177161114704, 52.54247910990498], [7.02056647084396, 52.53906448514426], [7.01703875360008, 52.53672485627453], [7.011594111104245, 52.53545987825179]]]}}, {"type": "Feature", "properties": {"band": "moderate", "dbz": 45.0, "source": "OPERA-ORD", "time": "20260906232000"}, "geometry": {"type": "Polygon", "coordinates": [[[7.160276255231568, 52.062461684552595], [7.152992762660912, 52.06228104781758], [7.147457789464216, 52.063268086968556], [7.143671335641476, 52.06542280200551], [7.141633306492398, 52.06874553334248], [7.141343702016982, 52.07323628097946], [7.142948060532144, 52.076649691686775], [7.146446382037887, 52.07898576546443], [7.151838761321486, 52.08024416173478], [7.159125198382946, 52.080424880497844], [7.164661738228778, 52.07943754185449], [7.168448380858983, 52.07728214580473], [7.170485032166507, 52.07395903294733], [7.170771692151349, 52.06946820328231], [7.169165766987051, 52.06605509206737], [7.165667256673614, 52.063719699302524], [7.160276255231568, 52.062461684552595]]]}}, {"type": "Feature", "properties": {"band": "moderate", "dbz": 45.0, "source": "OPERA-ORD", "time": "20260906232000"}, "geometry": {"type": "Polygon", "coordinates": [[[5.253871506839043, 51.19869948686277], [5.250069315281749, 51.20079167171804], [5.246266768561419, 51.202883724207446], [5.242463866678053, 51.20497564433098], [5.23866060955384, 51.207067432049236], [5.234856997188779, 51.20915908736221], [5.234622454835478, 51.211401651289115], [5.237956982493934, 51.21379512382997], [5.243193759357956, 51.21514244953807], [5.250332785427544, 51.21544362841343], [5.255803849210764, 51.214548037774996], [5.259606950707617, 51.212455677622756], [5.261741940369935, 51.209166878044826], [5.262208818197715, 51.204681639041205], [5.260774843488127, 51.20124261326333], [5.257440016241168, 51.1988498007112], [5.253871506839043, 51.19869948686277]]]}}, {"type": "Feature", "properties": {"band": "moderate", "dbz": 45.0, "source": "OPERA-ORD", "time": "20260906232000"}, "geometry": {"type": "Polygon", "coordinates": [[[21.994851170939505, 50.099874337870254], [21.99197014455695, 50.10246599492669], [21.991099015066688, 50.10597566905352], [21.992237782468727, 50.110403360250764], [21.994817687772663, 50.113535143209305], [21.9988387309785, 50.11537101792913], [22.00286010133731, 50.117206738499526], [22.006881798849093, 50.119042304920484], [22.010903823557477, 50.12087771715153], [22.014926175462456, 50.122712975192655], [22.02038908144222, 50.12325181975098], [22.02729254149677, 50.12249425082651], [22.03218420065555, 50.12081913281674], [22.035064058918564, 50.11822646572167], [22.03449271885719, 50.11601285941718], [22.030470180471426, 50.114178313903274], [22.026447969127656, 50.11234361415657], [22.02242608482588, 50.110508760177076], [22.018404527522577, 50.10867375200526], [22.014383297217744, 50.106838589641136], [22.010362393867837, 50.10500327312515], [22.006341817472844, 50.10316780245729], [22.002321567989213, 50.10133217767804], [21.99830164541693, 50.09949639878737], [21.994851170939505, 50.099874337870254]]]}}, {"type": "Feature", "properties": {"band": "moderate", "dbz": 45.0, "source": "OPERA-ORD", "time": "20260906232000"}, "geometry": {"type": "Polygon", "coordinates": [[[7.052405264979283, 50.60190228653599], [7.045352498563168, 50.60171553737226], [7.039991237049535, 50.60269864254137], [7.036321480438384, 50.60485160204332], [7.034343138352684, 50.60817474224328], [7.034056210792432, 50.612668063141264], [7.032077150495999, 50.61599106329383], [7.028405957463383, 50.618143742700994], [7.02473442025373, 50.62029629762878], [7.0210625388670405, 50.62244872807716], [7.017390313222606, 50.624601034009224], [7.013717743320427, 50.626753215424976], [7.010044829079796, 50.62890527228746], [7.006371570500711, 50.631057204596694], [7.006226914931363, 50.63330380721624], [7.009610862371753, 50.63564508014609], [7.012995146712482, 50.63798624903511], [7.016379767953553, 50.640327313883276], [7.019764726192794, 50.64266827465853], [7.0231500214302045, 50.64500913136086], [7.028372404478748, 50.64627348221437], [7.035431875338422, 50.64646132721906], [7.040798016816743, 50.645478723469026], [7.044470828913713, 50.64332567096426], [7.048143296424963, 50.64117249398787], [7.051815419350495, 50.63901919253985], [7.055487197771219, 50.63686576665714], [7.0591586316871355, 50.634712216339736], [7.06113658595898, 50.63138876187557], [7.061421060586753, 50.62689540326463], [7.063398296236382, 50.623571808907705], [7.0670682929078685, 50.6214179788048], [7.07073794539907, 50.619264024366736], [7.074407253709988, 50.617109945593526], [7.074549049686023, 50.61486323995922], [7.071163333327173, 50.61252390746382], [7.067777953540402, 50.610184470781334], [7.064392910325711, 50.60784492991178], [7.061008203585608, 50.60550528488721], [7.057623833320097, 50.60316553570764], [7.052405264979283, 50.60190228653599]]]}}, {"type": "Feature", "properties": {"band": "moderate", "dbz": 45.0, "source": "OPERA-ORD", "time": "20260906232000"}, "geometry": {"type": "Polygon", "coordinates": [[[5.6656185398007635, 47.851745575163136], [5.6589594722585845, 47.851473047398315], [5.653868435492695, 47.852392462080886], [5.650345429503097, 47.85450381921085], [5.646822124138243, 47.85661505418211], [5.643298519398137, 47.858726166994686], [5.638206726771087, 47.859644596457805], [5.631546746257094, 47.85937034257145], [5.6264543929429545, 47.86028842717415], [5.6229296668286715, 47.86239885026589], [5.620972453098882, 47.8657019131508], [5.620582751753587, 47.87019761582887], [5.621956002562852, 47.873638134427196], [5.625092205526676, 47.876023468945746], [5.629991475555414, 47.87735331794984], [5.636653812649064, 47.87762768143946], [5.643316216111654, 47.877901626847894], [5.649978685943183, 47.878175154175146], [5.6550721369399035, 47.87725618222213], [5.658596569101815, 47.87514471098886], [5.662120701616314, 47.87303311759065], [5.665644534483402, 47.870921402027506], [5.669168067765702, 47.86880956433194], [5.672691301463217, 47.866697604503955], [5.674645326633032, 47.863393647861216], [5.675030143275145, 47.85889769440372], [5.673653932090114, 47.85545774801761], [5.67051669307794, 47.8530738087029], [5.6656185398007635, 47.851745575163136]]]}}, {"type": "Feature", "properties": {"band": "moderate", "dbz": 45.0, "source": "OPERA-ORD", "time": "20260906232000"}, "geometry": {"type": "Polygon", "coordinates": [[[5.643631066353082, 47.7967017603198], [5.636979317516264, 47.79642788924912], [5.631893440336439, 47.797346317937865], [5.628373434813608, 47.799457046386024], [5.624853130722702, 47.80156765273552], [5.6213325280637205, 47.80367813698636], [5.617811626774448, 47.80578849910612], [5.614290426854884, 47.807898739094796], [5.610768928242816, 47.810008856919964], [5.607247130938242, 47.81211885258162], [5.603725034878951, 47.81422872604733], [5.600202640064943, 47.81633847731712], [5.59824584908478, 47.81964123025458], [5.597854661938463, 47.82413698485974], [5.599225259908804, 47.82757789139795], [5.6023576429958055, 47.82996394986922], [5.60725192642287, 47.83129485923618], [5.613908110189996, 47.83157061949882], [5.618997514412297, 47.83065332301024], [5.622520139089772, 47.82854296977041], [5.626042464803344, 47.82643249436074], [5.629564491553012, 47.82432189678123], [5.633086219401102, 47.822211177064325], [5.636607648347616, 47.820100335210036], [5.64012877845488, 47.817989371250796], [5.643649609722894, 47.815878285186606], [5.647170142213989, 47.8137670770499], [5.650690375928165, 47.811655746840685], [5.652643563524036, 47.808352062324985], [5.653029705001603, 47.80385602350282], [5.651656316998163, 47.800415677032575], [5.648523399513715, 47.79803102291428], [5.643631066353082, 47.7967017603198]]]}}, {"type": "Feature", "properties": {"band": "moderate", "dbz": 45.0, "source": "OPERA-ORD", "time": "20260906232000"}, "geometry": {"type": "Polygon", "coordinates": [[[5.542884555613307, 47.575903696257505], [5.536262023796851, 47.575623652893626], [5.531196473377872, 47.57653752661346], [5.527687904356368, 47.57864531741701], [5.524179039973246, 47.580752986321], [5.520669880228509, 47.58286053332541], [5.517160425061137, 47.584967958398174], [5.513650674471133, 47.5870752615393], [5.511697712252701, 47.590376979964724], [5.511301538405839, 47.59487311367446], [5.5126608207797405, 47.59831562371889], [5.515775559374406, 47.60070451009799], [5.520645870258105, 47.60203947371134], [5.5272717534308375, 47.602320514558954], [5.53233968609284, 47.60140708436326], [5.535849668244113, 47.599299183124245], [5.539359354766441, 47.59719115997923], [5.542868745659824, 47.595083014928214], [5.546377840985389, 47.59297474800329], [5.5498866407431375, 47.590866359204476], [5.55183729776834, 47.587563997906074], [5.552229812060997, 47.58306766410809], [5.5508685072858786, 47.57962555239169], [5.547753383442983, 47.57723766275686], [5.542884555613307, 47.575903696257505]]]}}, {"type": "Feature", "properties": {"band": "moderate", "dbz": 45.0, "source": "OPERA-ORD", "time": "20260906232000"}, "geometry": {"type": "Polygon", "coordinates": [[[5.378868642646987, 47.478572430688686], [5.372259452558088, 47.47828216774215], [5.365650331399094, 47.47799149054412], [5.3590412791700075, 47.47770039909457], [5.352432296064272, 47.47740889340717], [5.34582338208189, 47.47711697348192], [5.339214537416273, 47.47682463933249], [5.3326057620674225, 47.47653189095888], [5.32599705622872, 47.47623872837483], [5.319388419900164, 47.47594515158033], [5.314328817304467, 47.476848718135194], [5.3108182484416275, 47.478949428039435], [5.308856592807325, 47.48224757916968], [5.308443850401559, 47.48674317152595], [5.309786969826546, 47.49018843799194], [5.312885951082287, 47.49258337856763], [5.315985215888432, 47.4949782258279], [5.319084764244981, 47.49737297977274], [5.322184596232889, 47.49976764037662], [5.325284711852152, 47.50216220763952], [5.328385111183742, 47.50455668153593], [5.331485794227657, 47.50695106206584], [5.334586761064882, 47.509345349203684], [5.337688011695418, 47.51173954294946], [5.342545405180463, 47.51308271518136], [5.349158941520017, 47.513374865899394], [5.354016942751612, 47.51471775185348], [5.357119408875248, 47.51711137304363], [5.360222158992269, 47.51950490074988], [5.363325193102677, 47.52189833497223], [5.368184195271949, 47.5232403270244], [5.374799165500087, 47.5235308769064], [5.381414204695869, 47.52382101211781], [5.388029312859295, 47.52411073265863], [5.3930920014531765, 47.523203900391216], [5.396602270477512, 47.52110051531558], [5.400112244996804, 47.51899700807642], [5.403621925011052, 47.51689337867372], [5.407131310580672, 47.51478962713955], [5.410640401705666, 47.51268575347391], [5.412596875878119, 47.5093858242396], [5.4130007330980305, 47.50488983943662], [5.411650623036573, 47.50144581994029], [5.408546545693746, 47.4990537657506], [5.405442752167013, 47.49666161796091], [5.402339242456375, 47.494269376571225], [5.399236016481022, 47.49187704160714], [5.396133074240954, 47.489484613068626], [5.393030415655376, 47.48709209098132], [5.389928040724291, 47.48469947534521], [5.38682594936692, 47.48230676618584], [5.383724141583265, 47.47991396350325], [5.378868642646987, 47.478572430688686]]]}}, {"type": "Feature", "properties": {"band": "moderate", "dbz": 45.0, "source": "OPERA-ORD", "time": "20260906232000"}, "geometry": {"type": "Polygon", "coordinates": [[[5.266521845169882, 47.47358162661351], [5.273129921550914, 47.473878516815574], [5.279738068215298, 47.47417499286247], [5.286346285163033, 47.474471054754204], [5.291405891436487, 47.47356905167682], [5.29491688703566, 47.47146898363033], [5.296879150985987, 47.468171148444455], [5.29729268328747, 47.46367554611918], [5.295951294642514, 47.460230006967365], [5.29285498505112, 47.45783453098902], [5.289758958439632, 47.45543896181796], [5.286663214808048, 47.453043299454194], [5.285322503264665, 47.44959766210172], [5.285736823809483, 47.44510204976055], [5.284396637605868, 47.44165632528789], [5.28130194465382, 47.43926048868376], [5.2764528660059025, 47.43791424240689], [5.269849401662115, 47.437617586457286], [5.2657152038625075, 47.44646023923998], [5.264050272607079, 47.464442200754974], [5.266521845169882, 47.47358162661351]]]}}, {"type": "Feature", "properties": {"band": "strong", "dbz": 50.0, "source": "OPERA-ORD", "time": "20260906232000"}, "geometry": {"type": "Polygon", "coordinates": [[[13.142139940174816, 54.95049706134819], [13.134343159254449, 54.95069805245654], [13.12858253003519, 54.951970216544176], [13.12485805251704, 54.95431355361111], [13.121133146786025, 54.95665677727763], [13.117407812842146, 54.95899988754373], [13.111645744145841, 54.96027096500861], [13.10384694069711, 54.960470009672264], [13.098083974311722, 54.96174073648538], [13.094356844989674, 54.96408314544797], [13.09266567513355, 54.96749760769769], [13.093010464743351, 54.971984123234535], [13.093355345469025, 54.976470634492756], [13.093700317310567, 54.980957141472345], [13.095910108924128, 54.98427240906108], [13.099984720309706, 54.98641643725893], [13.105924028846667, 54.987388854633274], [13.113728034535013, 54.987189661184104], [13.11949386683014, 54.985918478454145], [13.12322152573205, 54.9835753064434], [13.124911134726423, 54.98016051655688], [13.124562693813258, 54.97567410879459], [13.126251486459923, 54.97225921577004], [13.129977512666414, 54.9699158374832], [13.135740648709522, 54.96864360273615], [13.14354089458924, 54.968442511528906], [13.149303132265814, 54.96716992631698], [13.153027361739245, 54.964825847100364], [13.154713707525165, 54.96141064503603], [13.15436216962358, 54.956924320123974], [13.15214938316334, 54.95361000969947], [13.148075348144447, 54.9514677137625], [13.142139940174816, 54.95049706134819]]]}}, {"type": "Feature", "properties": {"band": "strong", "dbz": 50.0, "source": "OPERA-ORD", "time": "20260906232000"}, "geometry": {"type": "Polygon", "coordinates": [[[15.851191366035117, 53.77791707689728], [15.843629799970337, 53.77829009163777], [15.83811467384455, 53.77968846111628], [15.834645987657762, 53.78211218533279], [15.833223955183723, 53.78556161826087], [15.83384857642243, 53.79003675990052], [15.836208341532197, 53.793299994925036], [15.840303250513024, 53.79535132333443], [15.846133089386267, 53.79619039097999], [15.85369785815193, 53.7958171978617], [15.859214371370832, 53.79441838515709], [15.862682629042974, 53.79199395286615], [15.86410284590938, 53.78854425508975], [15.863475021970052, 53.78406929182789], [15.861113869767168, 53.78080650002947], [15.857019389300728, 53.778755879694515], [15.851191366035117, 53.77791707689728]]]}}, {"type": "Feature", "properties": {"band": "strong", "dbz": 50.0, "source": "OPERA-ORD", "time": "20260906232000"}, "geometry": {"type": "Polygon", "coordinates": [[[21.994851170939505, 50.099874337870254], [21.99197014455695, 50.10246599492669], [21.991099015066688, 50.10597566905352], [21.992237782468727, 50.110403360250764], [21.994817687772663, 50.113535143209305], [21.9988387309785, 50.11537101792913], [22.004300562052286, 50.115910681299816], [22.01120318099403, 50.115154133321354], [22.016094653517424, 50.11347972779593], [22.01897497962247, 50.110887464723525], [22.018404527522577, 50.10867375200526], [22.014383297217744, 50.106838589641136], [22.010362393867837, 50.10500327312515], [22.006341817472844, 50.10316780245729], [22.002321567989213, 50.10133217767804], [21.99830164541693, 50.09949639878737], [21.994851170939505, 50.099874337870254]]]}}, {"type": "Feature", "properties": {"band": "strong", "dbz": 50.0, "source": "OPERA-ORD", "time": "20260906232000"}, "geometry": {"type": "Polygon", "coordinates": [[[7.037153435552245, 50.61950166641593], [7.030098052482131, 50.6193139437417], [7.02473442025373, 50.62029629762878], [7.0210625388670405, 50.62244872807716], [7.019082317390434, 50.62577156160136], [7.018793755823911, 50.630264798201374], [7.018505125924008, 50.63475802395288], [7.018216427690729, 50.63925123885587], [7.019764726192794, 50.64266827465853], [7.0231500214302045, 50.64500913136086], [7.028372404478748, 50.64627348221437], [7.035431875338422, 50.64646132721906], [7.040798016816743, 50.645478723469026], [7.044470828913713, 50.64332567096426], [7.048143296424963, 50.64117249398787], [7.051815419350495, 50.63901919253985], [7.055487197771219, 50.63686576665714], [7.0591586316871355, 50.634712216339736], [7.059301243362099, 50.632465552554976], [7.05591503279611, 50.63012577530287], [7.0525291590825185, 50.62778589388046], [7.0491436222213215, 50.62544590828773], [7.045758422114868, 50.623105818556795], [7.042373558763157, 50.62076562468762], [7.037153435552245, 50.61950166641593]]]}}, {"type": "Feature", "properties": {"band": "strong", "dbz": 50.0, "source": "OPERA-ORD", "time": "20260906232000"}, "geometry": {"type": "Polygon", "coordinates": [[[5.391276361785417, 47.488143653005], [5.384665879114413, 47.48785416141622], [5.379606289867804, 47.48876085550403], [5.376097594045589, 47.49086373526845], [5.374139672738471, 47.49416309875734], [5.37373252594645, 47.49865894597074], [5.373325289312, 47.50315477624362], [5.372917962835118, 47.50765058957596], [5.374265896193377, 47.51109501451428], [5.377369089386773, 47.51348805105857], [5.3822276614991615, 47.51482940096244], [5.388841612530539, 47.51511906422589], [5.393903388540538, 47.51421218058496], [5.39741298952916, 47.51210875003965], [5.3993702968890345, 47.50880907086282], [5.399775310620159, 47.50431314305446], [5.400180235014556, 47.49981719833181], [5.400585070072223, 47.49532123669486], [5.399236016481022, 47.49187704160714], [5.396133074240954, 47.489484613068626], [5.391276361785417, 47.488143653005]]]}}, {"type": "Feature", "properties": {"band": "strong", "dbz": 50.0, "source": "OPERA-ORD", "time": "20260906232000"}, "geometry": {"type": "Polygon", "coordinates": [[[5.32599705622872, 47.47623872837483], [5.319388419900164, 47.47594515158033], [5.314328817304467, 47.476848718135194], [5.3108182484416275, 47.478949428039435], [5.308856592807325, 47.48224757916968], [5.308443850401559, 47.48674317152595], [5.309786969826546, 47.49018843799194], [5.312885951082287, 47.49258337856763], [5.3177409147718855, 47.493927695248516], [5.324351860895341, 47.494221388034596], [5.329412738704483, 47.49331758152151], [5.332923548199313, 47.49121627570928], [5.334884169252231, 47.487917768629245], [5.335294601863236, 47.48342206028141], [5.333950207224804, 47.479977033773636], [5.330850985336934, 47.47758268910593], [5.32599705622872, 47.47623872837483]]]}}, {"type": "Feature", "properties": {"band": "heavy", "dbz": 55.0, "source": "OPERA-ORD", "time": "20260906232000"}, "geometry": {"type": "Polygon", "coordinates": [[[15.851191366035117, 53.77791707689728], [15.843629799970337, 53.77829009163777], [15.83811467384455, 53.77968846111628], [15.834645987657762, 53.78211218533279], [15.833223955183723, 53.78556161826087], [15.83384857642243, 53.79003675990052], [15.836208341532197, 53.793299994925036], [15.840303250513024, 53.79535132333443], [15.846133089386267, 53.79619039097999], [15.85369785815193, 53.7958171978617], [15.859214371370832, 53.79441838515709], [15.862682629042974, 53.79199395286615], [15.86410284590938, 53.78854425508975], [15.863475021970052, 53.78406929182789], [15.861113869767168, 53.78080650002947], [15.857019389300728, 53.778755879694515], [15.851191366035117, 53.77791707689728]]]}}]}