{"type": "FeatureCollection", "features": [{"type": "Feature", "properties": {"band": "light", "dbz": 30.0, "source": "OPERA-ORD", "time": "20260907001000"}, "geometry": {"type": "Polygon", "coordinates": [[[10.259149133145478, 56.107915056797275], [10.263151657129438, 56.105661231949064], [10.26715371570335, 56.10340727877453], [10.271155308867217, 56.101153197273675], [10.27113993968617, 56.09890776563914], [10.267107608160211, 56.09667098387093], [10.261074938673685, 56.095560854777204], [10.253041931226592, 56.095577378357966], [10.245008917535175, 56.095593385583214], [10.236975897599432, 56.09560887645294], [10.230944612811893, 56.09449758214135], [10.226915063172553, 56.09225950264845], [10.22488725844584, 56.08889502430349], [10.224861198631746, 56.08440414710646], [10.222834328513668, 56.0810395368939], [10.218806648091604, 56.0788011936658], [10.212778148013468, 56.077688731299176], [10.204748828279266, 56.07770214979405], [10.19873241854699, 56.078834741638374], [10.194728918816645, 56.081086506832136], [10.190724954181533, 56.083338143472105], [10.186720524641652, 56.08558965155828], [10.182715630056071, 56.08784103104257], [10.178710270424789, 56.09009228192498], [10.174704445606855, 56.0923434041574], [10.17069815560227, 56.094594397739804], [10.16669140027006, 56.09684526262407], [10.162684179610224, 56.09909599881019], [10.158676493481774, 56.10134660625002], [10.15466834188471, 56.103597084943544], [10.150659724678018, 56.10584743484257], [10.146650641861704, 56.108097655947134], [10.172771543128533, 56.1091775671799], [10.229022428478512, 56.10908716854088], [10.259149133145478, 56.107915056797275]]]}}, {"type": "Feature", "properties": {"band": "light", "dbz": 30.0, "source": "OPERA-ORD", "time": "20260907001000"}, "geometry": {"type": "Polygon", "coordinates": [[[10.35598596998471, 55.933651379994956], [10.347986411804012, 55.933673994471135], [10.341996423525625, 55.934813485302975], [10.338016005149552, 55.93706985249048], [10.336045171019055, 55.940443480375734], [10.33608392113414, 55.944934368958734], [10.334112170239884, 55.94830786998318], [10.330129918336285, 55.95056398344907], [10.324137151462782, 55.95170232480698], [10.316133869619371, 55.95172289405691], [10.310140176208998, 55.95286085202935], [10.30615607123166, 55.95511619872432], [10.304181567704665, 55.958489318708466], [10.304216665628013, 55.962980211981794], [10.304251773095213, 55.96747110380154], [10.304286890106265, 55.97196199416773], [10.30231102040012, 55.97533498605405], [10.298324163976776, 55.97759007946054], [10.294336845737002, 55.9798450450812], [10.290349065680793, 55.982099882916046], [10.286360823668034, 55.98435459291745], [10.282372119698717, 55.9866091750854], [10.27838295363271, 55.98886362937221], [10.274393325470008, 55.991117955777874], [10.270403235070452, 55.9933721542547], [10.266412682434042, 55.99562622480269], [10.262421667420597, 55.997880167374106], [10.258430190030118, 56.00013398196896], [10.256449269748918, 56.00350633575415], [10.256478906576998, 56.00799722872969], [10.258505208223417, 56.01136121225183], [10.26252817468818, 56.01359828632056], [10.268547794921774, 56.01470806560592], [10.2765640689242, 56.01469055010793], [10.284580335928826, 56.014672519456795], [10.292596595935652, 56.01465397365252], [10.300612848544832, 56.01463491269661], [10.308629093756366, 56.014615336589046], [10.31465054250011, 56.01572317892259], [10.318677194776058, 56.01795843969725], [10.320709063954105, 56.021321504250224], [10.320746150034253, 56.02581237258152], [10.318768982868761, 56.0291856131566], [10.314777562457628, 56.031441225975485], [10.3107856787492, 56.03369671090127], [10.306793331743473, 56.03595206793395], [10.304814793371767, 56.03932518051617], [10.304850063634085, 56.043816048647926], [10.304885343509081, 56.048306915453956], [10.304920632996756, 56.05279778093424], [10.306953483750414, 56.05616096472296], [10.310983895770054, 56.05839646682013], [10.314996189370438, 56.058386409508486], [10.318990364551567, 56.056130792788046], [10.320968878770612, 56.052757554286366], [10.320931732027576, 56.04826669400344], [10.322909323208158, 56.04489332825656], [10.326901652312358, 56.042637457045736], [10.330913009264538, 56.04262688671767], [10.334943394064698, 56.044861617272375], [10.338974243597908, 56.047096217192646], [10.34300555786417, 56.049330686478484], [10.347037337001524, 56.05156502508133], [10.351069581009973, 56.053799233001186], [10.355102290027576, 56.05603331018945], [10.359135464054331, 56.05826725664612], [10.36516477930869, 56.05937236591791], [10.373190235790652, 56.05934863800482], [10.379220476140652, 56.060453357024834], [10.383255500358691, 56.06268652297796], [10.38529532459361, 56.06604852174378], [10.385339948845406, 56.07053935332227], [10.385384585268396, 56.0750301836096], [10.385429233862574, 56.07952101260575], [10.3874704778633, 56.082882874660214], [10.39150831727057, 56.08511576977301], [10.397542735503489, 56.08621931174853], [10.405573732562052, 56.08619350058679], [10.411584879328757, 56.085051245207765], [10.4155761758036, 56.08279254561145], [10.4175476395298, 56.079417787989584], [10.417499270507355, 56.074926972342176], [10.419469811413672, 56.07155208820748], [10.423459262248754, 56.06929313558551], [10.42744824898639, 56.067034055421495], [10.43143677162658, 56.064774847715434], [10.435424830311112, 56.0625155125151], [10.439412425039984, 56.060256049820474], [10.443425572258374, 56.060241862906885], [10.447464271966279, 56.06247295177432], [10.45150343706965, 56.06470390947975], [10.455543067568492, 56.0669347360232], [10.459583163600529, 56.06916543135589], [10.46362372516576, 56.07139599547784], [10.467664752401934, 56.07362642834028], [10.471706245309043, 56.07585672994321], [10.475748204024855, 56.07808690023785], [10.479790628549367, 56.080316939224176], [10.48383351902035, 56.08254684685339], [10.487876875437813, 56.08477662312549], [10.49192069793954, 56.08700626799165], [10.495964986525532, 56.08923578145185], [10.500009741333596, 56.091465163457244], [10.504054962363735, 56.09369441400784], [10.508070852324282, 56.09367815103075], [10.512057411215237, 56.09141637452598], [10.516043505547263, 56.08915447077472], [10.520029135320359, 56.08689243977697], [10.524014300676983, 56.08463028158047], [10.52799900161714, 56.08236799618522], [10.531983238283264, 56.080105583638925], [10.535967010675355, 56.077843043941584], [10.539950318935833, 56.07558037714089], [10.543933163064699, 56.07331758323686], [10.547915543204343, 56.07105466227712], [10.55189745935477, 56.06879161426168], [10.555878911658352, 56.0665284392382], [10.55985990011509, 56.06426513720666], [10.561817874816953, 56.06088811236333], [10.561752835763942, 56.0563973647082], [10.563709891254081, 56.05302021458357], [10.567689041287373, 56.05075666198946], [10.573690261841342, 56.0496063211975], [10.581713552915987, 56.04956919220768], [10.58774819747624, 56.0506638347178], [10.591794195522096, 56.05289024872786], [10.595840658897371, 56.05511653100757], [10.599887587602064, 56.05734268155691], [10.60389967531837, 56.05732334109902], [10.607876922046293, 56.05505850963391], [10.609830258193815, 56.05168073332133], [10.609759683760936, 56.04719001216127], [10.609689128550977, 56.04269928963502], [10.609618592563939, 56.03820856574256], [10.60954807578446, 56.03371784046973], [10.609477578212541, 56.029227113816525], [10.609407099832845, 56.02473638576878], [10.609336640645372, 56.020245656326495], [10.609266200634792, 56.015754925475484], [10.609195779801107, 56.011264193215766], [10.609125378129011, 56.00677345953316], [10.609054995618505, 56.00228272442765], [10.608984632254295, 55.997791987885094], [10.608914288036383, 55.993301249905464], [10.61086409968516, 55.98992335133742], [10.614834067200633, 55.98765829218095], [10.618803573264147, 55.985393106537956], [10.62277261787571, 55.98312779440843], [10.62273701212478, 55.98088242577423], [10.618696756011365, 55.97865700063537], [10.612672423560175, 55.97756384342651], [10.60466401477121, 55.97760295414764], [10.598674809595627, 55.978754782479115], [10.594704808033422, 55.98101932842093], [10.592754035303885, 55.98439697681033], [10.592822491407015, 55.98888772764731], [10.59087080402093, 55.992265251178324], [10.586898973145637, 55.99452954740339], [10.580906973934882, 55.99568023127609], [10.572894806388664, 55.99571730279645], [10.564882624671913, 55.99575385946836], [10.556870428784627, 55.99578990129183], [10.548858219125863, 55.995825428264006], [10.54084599569562, 55.99586044038488], [10.534852097582103, 55.99700920250818], [10.530876524785311, 55.9992717146339], [10.526900489984047, 56.001534099865175], [10.52292399317831, 56.00379635820202], [10.518947034226676, 56.00605848959694], [10.514969613129145, 56.008320494049954], [10.51301055419626, 56.01169689032735], [10.513069857428023, 56.016187678429134], [10.51110988090341, 56.01956394913016], [10.507130624622421, 56.02182570243044], [10.501132067070312, 56.022972552932686], [10.493114208247082, 56.023004500636894], [10.487086904553529, 56.021905567566805], [10.48305015598965, 56.019675753722424], [10.479013871597406, 56.01744580873712], [10.474978051376798, 56.0152157326109], [10.470942695190804, 56.01298552539236], [10.466907803039422, 56.0107551870815], [10.462873374785651, 56.00852471772693], [10.45883941042949, 56.006294117328636], [10.45480590983395, 56.00406338593519], [10.450772872999032, 56.00183252354658], [10.450746485751083, 55.9995871133141], [10.454726748090103, 55.99732715523774], [10.458706548409967, 55.99506706998211], [10.462685886710673, 55.99280685754723], [10.464648727630545, 55.98943134086913], [10.464595071169581, 55.98494051994783], [10.462552670577036, 55.98157980142418], [10.458521525852907, 55.97934918529818], [10.454490844132756, 55.97711843826914], [10.450460625416579, 55.974887560337045], [10.448419641013519, 55.97152670423134], [10.44836789092357, 55.967035869952014], [10.448316154897554, 55.96254503420344], [10.448264432935467, 55.9580541969856], [10.446224863047973, 55.9546932034059], [10.44219744523507, 55.952462053464345], [10.436182160805961, 55.951360362617], [10.428179009760646, 55.95138813086388], [10.420175848180095, 55.951415384902624], [10.41217267606431, 55.951442124733234], [10.406158755803073, 55.950339271281095], [10.402134087396387, 55.9481068245462], [10.398109881037453, 55.94587424724701], [10.39408613672627, 55.94364153938353], [10.38807358143712, 55.942537523766774], [10.380072215170003, 55.94256220039674], [10.37406057829001, 55.94145779566817], [10.370038670797136, 55.93922430958106], [10.36601722505679, 55.93699069309234], [10.361996241068969, 55.93475694620203], [10.35598596998471, 55.933651379994956]]]}}, {"type": "Feature", "properties": {"band": "light", "dbz": 30.0, "source": "OPERA-ORD", "time": "20260907001000"}, "geometry": {"type": "Polygon", "coordinates": [[[10.309057905907553, 56.06850573908399], [10.301030523189175, 56.06852534555919], [10.295018351650668, 56.06966257307279], [10.29102139129203, 56.07191742162479], [10.2870239664547, 56.07417214205289], [10.283026077138675, 56.07642673435708], [10.2790277232027, 56.0786811984894], [10.275028904646774, 56.08093553444985], [10.275045187481656, 56.083180966317144], [10.279076571707343, 56.08541749409127], [10.285107822928055, 56.08652646588581], [10.293138941143791, 56.08650788170076], [10.29915343660841, 56.085371036032875], [10.303151309321908, 56.08311592888215], [10.307148717332762, 56.08086069364517], [10.31114566064097, 56.07860533032192], [10.315142139387948, 56.076349838960354], [10.319138153573697, 56.07409421956048], [10.319120019816616, 56.071848791357], [10.315087738116699, 56.06961355434992], [10.309057905907553, 56.06850573908399]]]}}, {"type": "Feature", "properties": {"band": "light", "dbz": 30.0, "source": "OPERA-ORD", "time": "20260907001000"}, "geometry": {"type": "Polygon", "coordinates": [[[10.116372094946154, 56.05985208552014], [10.108346445730579, 56.05985930715078], [10.10232999578, 56.06098725632452], [10.09832274509442, 56.063235933041376], [10.09632469796226, 56.06660572321147], [10.096335854383518, 56.07109662683478], [10.098351565845519, 56.074463191269345], [10.102371832348258, 56.07670541651517], [10.108396649598781, 56.077822916454885], [10.116426017597082, 56.0778156910885], [10.122444322167558, 56.07668735403369], [10.126451563310207, 56.07443790529043], [10.128447746279722, 56.07106773097502], [10.128432871076104, 56.06657683108745], [10.126415304994206, 56.06321065453396], [10.12239504803403, 56.060969201314535], [10.116372094946154, 56.05985208552014]]]}}, {"type": "Feature", "properties": {"band": "light", "dbz": 30.0, "source": "OPERA-ORD", "time": "20260907001000"}, "geometry": {"type": "Polygon", "coordinates": [[[9.458903953892083, 56.0138235427924], [9.450888026563447, 56.01378851259917], [9.444859868473552, 56.01488473695351], [9.440819479622395, 56.01711221585541], [9.43677862649559, 56.01933956328426], [9.432737309093142, 56.021566779240054], [9.428695527278393, 56.02379386367405], [9.424653281051341, 56.02602081658627], [9.424620359871852, 56.02826619283397], [9.428596763739922, 56.030529992417144], [9.434594769487832, 56.031679931734594], [9.442614377115584, 56.03171601078632], [9.450633998560312, 56.031751574455015], [9.458653633822015, 56.031786622740704], [9.464683668956804, 56.030690022037234], [9.468724103964679, 56.028461772344585], [9.470774916234092, 56.02510225916405], [9.470836105765047, 56.02061148249561], [9.468878004786992, 56.0172348350933], [9.46490061329993, 56.01497231695711], [9.458903953892083, 56.0138235427924]]]}}, {"type": "Feature", "properties": {"band": "light", "dbz": 30.0, "source": "OPERA-ORD", "time": "20260907001000"}, "geometry": {"type": "Polygon", "coordinates": [[[9.410944772029572, 56.0046241427506], [9.40293078224736, 56.004586031708605], [9.394916807446101, 56.004547405691326], [9.386902847625798, 56.00450826469876], [9.38087432245788, 56.00560139687889], [9.376831231942344, 56.007826802231705], [9.376795568020055, 56.0100721665292], [9.380767330691016, 56.01233748977134], [9.386761118115764, 56.013489726939575], [9.3947769302943, 56.01352887803389], [9.402792757466148, 56.013567514020025], [9.410808599631306, 56.013605634897985], [9.416837163247653, 56.01251134422935], [9.420878448315188, 56.01028464201414], [9.420912259866887, 56.008039267747805], [9.416938597902748, 56.005775221430326], [9.410944772029572, 56.0046241427506]]]}}, {"type": "Feature", "properties": {"band": "light", "dbz": 30.0, "source": "OPERA-ORD", "time": "20260907001000"}, "geometry": {"type": "Polygon", "coordinates": [[[9.331114707174567, 55.98625706563389], [9.323104576672174, 55.98621382721339], [9.317077093713717, 55.98730387698528], [9.313032258299199, 55.98952721494955], [9.310970041528629, 55.99288422602878], [9.310890443402007, 55.99737491022296], [9.312834188338744, 56.00075393111581], [9.316801276338843, 56.00302128870733], [9.322791736331816, 56.00417659786872], [9.330805568317668, 56.00421985859998], [9.336834930455202, 56.00312943495459], [9.340879822744423, 56.00090532693255], [9.342940217210796, 55.99754791966906], [9.343016113854326, 55.99305721316411], [9.341070489738508, 55.98967856614476], [9.337103344863344, 55.987411978611014], [9.331114707174567, 55.98625706563389]]]}}, {"type": "Feature", "properties": {"band": "light", "dbz": 30.0, "source": "OPERA-ORD", "time": "20260907001000"}, "geometry": {"type": "Polygon", "coordinates": [[[10.228097295434075, 55.95191521706564], [10.220093932485312, 55.9519296156179], [10.21209056416921, 55.95194349994091], [10.20408719048577, 55.95195687003464], [10.198090197924186, 55.95308943582283], [10.194099586484459, 55.955341197305486], [10.1921153644615, 55.95871253906217], [10.192137531855312, 55.9632034610929], [10.192159705276971, 55.96769438167812], [10.192181884726477, 55.97218530081781], [10.19420075269882, 55.97555033751202], [10.198216309193993, 55.97778949176074], [10.202232328329616, 55.98002851616709], [10.206248810105688, 55.98226741073108], [10.210265754660073, 55.98450617540449], [10.214283161992775, 55.98674481018734], [10.218301032241673, 55.988983315031376], [10.222319365406767, 55.99122168993661], [10.22633816162596, 55.99345993485478], [10.230357420899253, 55.995698049785915], [10.234363258634701, 55.99569058474239], [10.238355674832304, 55.993437539724205], [10.242347628735562, 55.99118436664435], [10.246339120344476, 55.988931065502825], [10.250330149799062, 55.98667763634736], [10.254320717099318, 55.98442407917794], [10.25630120650427, 55.98105184988431], [10.256271618013914, 55.976560948466464], [10.256242037566995, 55.97207004561314], [10.256212465163518, 55.967579141324336], [10.254188991627707, 55.96421501319563], [10.250171616959562, 55.96197766122701], [10.246154704500185, 55.95974017927743], [10.242138254249571, 55.95750256734691], [10.238122266070313, 55.95526482548361], [10.234106739962408, 55.95302695368754], [10.228097295434075, 55.95191521706564]]]}}, {"type": "Feature", "properties": {"band": "light", "dbz": 30.0, "source": "OPERA-ORD", "time": "20260907001000"}, "geometry": {"type": "Polygon", "coordinates": [[[12.996253807874817, 55.89920816333216], [12.992432986129492, 55.90154748050023], [12.988611710879201, 55.90388668115533], [12.984789982123944, 55.906225765297464], [12.980967799713598, 55.90856473288238], [12.977145163648164, 55.91090358391009], [12.97731693090722, 55.9131467573099], [12.981483101490772, 55.91529425308181], [12.98756097006927, 55.916271927113904], [12.995550536642712, 55.916079779406175], [13.001456100505939, 55.91481390850578], [13.00527766165895, 55.91247431441273], [13.007015346145423, 55.90906137965612], [13.006669153965357, 55.90457510423596], [13.004413098093364, 55.901258601081445], [13.000247178529442, 55.89911187019257], [12.996253807874817, 55.89920816333216]]]}}, {"type": "Feature", "properties": {"band": "light", "dbz": 30.0, "source": "OPERA-ORD", "time": "20260907001000"}, "geometry": {"type": "Polygon", "coordinates": [[[10.419402118118205, 55.879561545997916], [10.411413682554688, 55.87958823085506], [10.403425236919901, 55.87961440255902], [10.395436781213848, 55.87964006110981], [10.389456466658043, 55.880781835481976], [10.385484293252485, 55.88303972567553], [10.385506817648917, 55.885285169463366], [10.389524039847332, 55.88751816684547], [10.39354172245422, 55.889751033893916], [10.397559865469574, 55.89198377060872], [10.401578469029301, 55.89421637694173], [10.405597533133397, 55.89644885289296], [10.409617057917778, 55.89868119841424], [10.413637043382446, 55.90091341350556], [10.417657489663329, 55.90314549811877], [10.421678396760429, 55.90537745225386], [10.42768581695318, 55.90647956305277], [10.435679750241581, 55.90645183051553], [10.441662309482382, 55.90530812447676], [10.44563349467558, 55.90304844493647], [10.44759332442548, 55.89967317587529], [10.447541798732079, 55.89518231729322], [10.445505600458304, 55.891821294814775], [10.441484729604152, 55.88959010843996], [10.437464319223514, 55.88735879153376], [10.433444369316383, 55.88512734409617], [10.429424879747106, 55.882895766175366], [10.425405850515677, 55.88066405777135], [10.419402118118205, 55.879561545997916]]]}}, {"type": "Feature", "properties": {"band": "light", "dbz": 30.0, "source": "OPERA-ORD", "time": "20260907001000"}, "geometry": {"type": "Polygon", "coordinates": [[[10.293254113362794, 55.83613578721869], [10.289280918857877, 55.83839061114201], [10.287310830086277, 55.841763492362915], [10.287343847047998, 55.8462544308814], [10.28737687295822, 55.850745367763075], [10.287409907816944, 55.85523630300794], [10.289430911483468, 55.858599823515895], [10.293439883957795, 55.86083592928694], [10.297431871478146, 55.86082644164693], [10.30140687404452, 55.85857136059584], [10.30538141818057, 55.856316152180774], [10.309355503886291, 55.85406081640174], [10.313347483917694, 55.85405081592626], [10.31735735827478, 55.856286150754336], [10.321367692066959, 55.858521355650865], [10.325378485294232, 55.86075643061584], [10.329370457442568, 55.86074591730646], [10.333343608511967, 55.858489815722734], [10.33531091384485, 55.855116305009105], [10.335272373441217, 55.85062538516558], [10.333248175083659, 55.84726251337895], [10.329238318772177, 55.84502768964922], [10.323242790672467, 55.84392053072848], [10.315261590784527, 55.84394103661673], [10.30926697635508, 55.84283349017571], [10.305258947384125, 55.84059789140542], [10.301251377327798, 55.83836216282946], [10.297244266186102, 55.83612630444784], [10.293254113362794, 55.83613578721869]]]}}, {"type": "Feature", "properties": {"band": "light", "dbz": 30.0, "source": "OPERA-ORD", "time": "20260907001000"}, "geometry": {"type": "Polygon", "coordinates": [[[10.370959322331078, 55.82582307677583], [10.362981839518696, 55.82584664637101], [10.357008802930634, 55.826986862250415], [10.353040212566897, 55.82924372441403], [10.351076083299487, 55.83261761588704], [10.351116415128402, 55.83710853666943], [10.351156757885487, 55.84159945579495], [10.35119711157074, 55.846090373263586], [10.353223130219762, 55.84945285609811], [10.357234813832555, 55.85168690429854], [10.361246956811906, 55.853920822418026], [10.365259559157815, 55.85615461045657], [10.369272621005909, 55.8583882683662], [10.373286142356182, 55.86062179614691], [10.377278088490664, 55.86060974434608], [10.381248459409354, 55.8583521129637], [10.383211621955557, 55.85497784623604], [10.38316757612927, 55.850486944163094], [10.383123542233974, 55.84599604044407], [10.383079520269666, 55.84150513507897], [10.383035510226868, 55.83701422805362], [10.382991512105583, 55.832523319368], [10.380964150718023, 55.82916122176345], [10.376953426064189, 55.82692793523998], [10.370959322331078, 55.82582307677583]]]}}, {"type": "Feature", "properties": {"band": "light", "dbz": 30.0, "source": "OPERA-ORD", "time": "20260907001000"}, "geometry": {"type": "Polygon", "coordinates": [[[10.27704029169447, 55.800244825278625], [10.273069802229925, 55.80249913665902], [10.269098855764673, 55.80475332071583], [10.265127452298717, 55.807007377449075], [10.261140949184428, 55.807015826399905], [10.257139346421807, 55.80477866756833], [10.253138201511868, 55.802541379247806], [10.249137514454608, 55.80030396143833], [10.243151115926862, 55.799192932423324], [10.235179005928629, 55.7992082922028], [10.229206324794102, 55.80034236285495], [10.225233072523286, 55.802595144379765], [10.223259258628941, 55.80596701949197], [10.223284883111065, 55.81045798819156], [10.223310514531164, 55.81494895520221], [10.223336152889239, 55.81943992052395], [10.225349786995842, 55.82280449312991], [10.229351416850974, 55.82504267302009], [10.233353505144064, 55.82728072344519], [10.237356051875109, 55.8295186444052], [10.237369339660201, 55.83176412362269], [10.233393368499343, 55.83401716109767], [10.227415659695474, 55.835150855092934], [10.219436213248597, 55.83516520560848], [10.213457585425612, 55.83629851664638], [10.209479776226518, 55.838550788206625], [10.20949215433645, 55.84079626761155], [10.21349471975541, 55.84303495486115], [10.219486642563513, 55.8441471213868], [10.227467922760763, 55.8441327671885], [10.23346076029813, 55.84524454697893], [10.237465155175613, 55.8474824607581], [10.241470009124209, 55.849720244964644], [10.245475322143914, 55.851957899598546], [10.24946641215278, 55.851949952513905], [10.253443279150803, 55.84969640371074], [10.257419687880844, 55.84744272737476], [10.261395638342902, 55.845188923505994], [10.26537113067531, 55.842934992151704], [10.269346164878066, 55.840680933311894], [10.273320741089481, 55.838426747033836], [10.277294859309558, 55.83617243331751], [10.281268519676587, 55.83391799221017], [10.285241722190566, 55.8316634237118], [10.287211832842388, 55.82829066688715], [10.28717885163205, 55.823799721736194], [10.287145879348914, 55.81930877490582], [10.287112915992985, 55.81481782639604], [10.287079961557176, 55.81032687619264], [10.287047016041486, 55.805835924295636], [10.285029291569417, 55.80247225365746], [10.281026788140968, 55.80023586427811], [10.27704029169447, 55.800244825278625]]]}}, {"type": "Feature", "properties": {"band": "light", "dbz": 30.0, "source": "OPERA-ORD", "time": "20260907001000"}, "geometry": {"type": "Polygon", "coordinates": [[[8.793708961464693, 55.748653238623795], [8.78574815224858, 55.74857552652161], [8.779742444016133, 55.74963961045157], [8.775691836767356, 55.75184549041366], [8.775622058054466, 55.75409061428204], [8.779533107877462, 55.75637498205673], [8.783444611620158, 55.758659226533325], [8.787356569282554, 55.76094334771185], [8.79126898100601, 55.76322734554636], [8.795181846790523, 55.765511220036856], [8.799163633673512, 55.76554983534796], [8.80321434165497, 55.763343191479684], [8.805308125544272, 55.7599947317984], [8.805444985341417, 55.7555044563041], [8.803557402948181, 55.75211751258644], [8.799645378364561, 55.749833900645406], [8.793708961464693, 55.748653238623795]]]}}, {"type": "Feature", "properties": {"band": "light", "dbz": 30.0, "source": "OPERA-ORD", "time": "20260907001000"}, "geometry": {"type": "Polygon", "coordinates": [[[12.370144810393906, 55.6330078862319], [12.362210335689245, 55.63315975113673], [12.356326485519666, 55.63439551115943], [12.35249325988517, 55.636715166300014], [12.352627784476681, 55.638959260462144], [12.356730059294199, 55.64112779364582], [12.360832789791584, 55.64329618921791], [12.364935975968836, 55.645464447178384], [12.365070573015597, 55.64770853862924], [12.361236580931866, 55.650028463570465], [12.357402140473578, 55.65234827016125], [12.353567251640733, 55.6546679584016], [12.351784060662391, 55.65807189956806], [12.352052567538554, 55.6625600936606], [12.354239423643048, 55.66588842436258], [12.358344628975873, 55.66805689167397], [12.362315059659927, 55.66798114621339], [12.366150715695213, 55.665661187980845], [12.36998592301966, 55.663341111394935], [12.373820681633266, 55.66102091645566], [12.377654991680743, 55.658700603207336], [12.38148885316209, 55.65638017164996], [12.383269794210001, 55.65297589485979], [12.382997814824478, 55.64848777283686], [12.382725908651201, 55.6439996480933], [12.382454075690172, 55.639511520629114], [12.380266631343801, 55.63618358111764], [12.376163575612091, 55.63401582955888], [12.370144810393906, 55.6330078862319]]]}}, {"type": "Feature", "properties": {"band": "light", "dbz": 30.0, "source": "OPERA-ORD", "time": "20260907001000"}, "geometry": {"type": "Polygon", "coordinates": [[[12.575245766028866, 55.610930178395655], [12.567316460169701, 55.611095192021665], [12.561442276943541, 55.61234068627487], [12.557623216350382, 55.61466666115528], [12.553803708841764, 55.616992518578186], [12.549983754417687, 55.619318258543586], [12.546163352933323, 55.62164388100753], [12.542342504388678, 55.62396938597], [12.542487790167518, 55.6262132423277], [12.546599210269843, 55.628375450080625], [12.550711085818357, 55.630537519483944], [12.554823416813056, 55.63269945053766], [12.558936203376465, 55.634861243192255], [12.563049445508582, 55.63702289744774], [12.567163143331936, 55.63918441325456], [12.571277296846525, 55.64134579061272], [12.573481210552835, 55.644670297111766], [12.573774884450867, 55.649157932751706], [12.575979745446567, 55.6524822887898], [12.580095793539936, 55.654643365226036], [12.584064477669335, 55.65456050922], [12.587885797834762, 55.65223372077168], [12.589648717354756, 55.648826529834245], [12.589353236229309, 55.644338936407685], [12.591115296079089, 55.64093163721711], [12.594934896904096, 55.6386046322625], [12.598754050342215, 55.636277509954766], [12.602572756393453, 55.63395027029392], [12.604333625241233, 55.63054286921513], [12.604036656885558, 55.62605530671839], [12.601831238068725, 55.622731342803974], [12.597717368790736, 55.62057097747186], [12.59360395471336, 55.61841047363202], [12.589490995836599, 55.61624983128445], [12.585378492038275, 55.614089050478654], [12.581266443318391, 55.611928131214654], [12.575245766028866, 55.610930178395655]]]}}, {"type": "Feature", "properties": {"band": "light", "dbz": 30.0, "source": "OPERA-ORD", "time": "20260907001000"}, "geometry": {"type": "Polygon", "coordinates": [[[9.40031324323617, 55.65426496501103], [9.392370747197582, 55.65422621361681], [9.386396197202078, 55.6553196731755], [9.382389593249659, 55.65754534368709], [9.378382534899881, 55.659770883690356], [9.374375022152748, 55.66199629318529], [9.370367054876095, 55.66422157212423], [9.36635863306992, 55.66644672050716], [9.366322788525563, 55.66869214408226], [9.370259521243021, 55.670957842849525], [9.376200934833033, 55.672110587924735], [9.384147029295601, 55.67215037930789], [9.392093138678533, 55.67218966058369], [9.400039262981833, 55.67222843175215], [9.406015652083969, 55.67113460107274], [9.410022305984942, 55.66890816854545], [9.412059200161332, 55.66554951528205], [9.412126334613141, 55.66105864128253], [9.410191049193148, 55.65768098838912], [9.406253343901358, 55.65541655660179], [9.40031324323617, 55.65426496501103]]]}}, {"type": "Feature", "properties": {"band": "light", "dbz": 30.0, "source": "OPERA-ORD", "time": "20260907001000"}, "geometry": {"type": "Polygon", "coordinates": [[[9.289281972086282, 55.644694454799996], [9.281341513318491, 55.6446485773775], [9.273401072139505, 55.64460219026091], [9.265460648549322, 55.64455529345024], [9.259484038986582, 55.645642622646164], [9.255471243451282, 55.64786417784868], [9.253422231290411, 55.65122033981501], [9.253337002503967, 55.65571110854514], [9.255259077941002, 55.659091105755664], [9.259188457601512, 55.66136033144658], [9.265125172169533, 55.662518404658655], [9.273069221645066, 55.66256532539189], [9.281013288738146, 55.6626117361711], [9.288957373448772, 55.66265763699627], [9.29690147538993, 55.66270302786389], [9.304845594561616, 55.66274790877394], [9.310823192388243, 55.66165867508455], [9.31483426886981, 55.65943532679574], [9.31487372120655, 55.657189922837155], [9.310941549398466, 55.654922463208806], [9.307009829737014, 55.65265487845088], [9.303078562222192, 55.6503871685634], [9.29914774671613, 55.648119333592554], [9.29521738321883, 55.64585137353835], [9.289281972086282, 55.644694454799996]]]}}, {"type": "Feature", "properties": {"band": "light", "dbz": 30.0, "source": "OPERA-ORD", "time": "20260907001000"}, "geometry": {"type": "Polygon", "coordinates": [[[9.180452769811072, 55.62717891483541], [9.176437400762467, 55.62939790702005], [9.172421577813878, 55.63161676794478], [9.168405300965311, 55.633835497609596], [9.164388570085869, 55.63605409596671], [9.160371385175551, 55.63827256301611], [9.160323823959196, 55.64051791486785], [9.164245886436802, 55.64279015152194], [9.170177015824487, 55.643952776339844], [9.17811721212225, 55.644005789321554], [9.184095471316335, 55.6429226772195], [9.18811179340674, 55.640703440033676], [9.19016614475009, 55.6373484584811], [9.19025852534639, 55.63285773256178], [9.188343650317249, 55.629476631887364], [9.184421519662665, 55.62720515645785], [9.180452769811072, 55.62717891483541]]]}}, {"type": "Feature", "properties": {"band": "light", "dbz": 30.0, "source": "OPERA-ORD", "time": "20260907001000"}, "geometry": {"type": "Polygon", "coordinates": [[[9.099332769819638, 55.61650883954516], [9.09139821461761, 55.61645077437728], [9.08542106733586, 55.61752969306961], [9.081401327974387, 55.61974559562215], [9.081349294856015, 55.62199091592248], [9.085264967980741, 55.624265653970596], [9.089181092056076, 55.626540267880564], [9.093097667082013, 55.6288147576524], [9.097014693197037, 55.631089123240194], [9.100932170401144, 55.63336336464395], [9.104900816017707, 55.63339215359598], [9.108920630046729, 55.63117549009629], [9.11098122693928, 55.62782182804589], [9.111082606695362, 55.623331167444775], [9.109174984285216, 55.61994884589044], [9.10525835970884, 55.61767486338289], [9.099332769819638, 55.61650883954516]]]}}, {"type": "Feature", "properties": {"band": "light", "dbz": 30.0, "source": "OPERA-ORD", "time": "20260907001000"}, "geometry": {"type": "Polygon", "coordinates": [[[9.03651592248074, 55.58908646374979], [9.028586970496514, 55.589024372022266], [9.022612262613471, 55.59010025859488], [9.01859179883161, 55.59231412346764], [9.016525538855017, 55.59566634665904], [9.016413482683689, 55.60015692816908], [9.018312561678934, 55.60354058524677], [9.022222775840751, 55.60581731789212], [9.0281441655058, 55.60698674588539], [9.036076730674083, 55.607048869226595], [9.042053285004837, 55.60597261833721], [9.046073828498063, 55.60375799321725], [9.048138321738483, 55.60040537409543], [9.0482467647261, 55.59591476097173], [9.046345839283145, 55.59253146821081], [9.042435545409617, 55.59025549581264], [9.03651592248074, 55.58908646374979]]]}}, {"type": "Feature", "properties": {"band": "light", "dbz": 30.0, "source": "OPERA-ORD", "time": "20260907001000"}, "geometry": {"type": "Polygon", "coordinates": [[[8.957464955469442, 55.57946159659869], [8.9495380526372, 55.57939443356928], [8.943562641446192, 55.58046649693781], [8.939538721896419, 55.582677786704295], [8.937466250464839, 55.586028682743496], [8.937345227151454, 55.59051918505543], [8.939237066301825, 55.5939040511307], [8.94314176791595, 55.59618328096932], [8.949059375560878, 55.597356494495415], [8.956989889236608, 55.59742369170897], [8.962967148934263, 55.596351265452334], [8.966991154653842, 55.59413921572551], [8.969061863748752, 55.59078792261407], [8.969179276218998, 55.586297386118005], [8.967285588561982, 55.582912882930835], [8.963380800777703, 55.58063441305254], [8.957464955469442, 55.57946159659869]]]}}, {"type": "Feature", "properties": {"band": "light", "dbz": 30.0, "source": "OPERA-ORD", "time": "20260907001000"}, "geometry": {"type": "Polygon", "coordinates": [[[12.790248873754068, 55.507387819719156], [12.78234115281807, 55.50756657185395], [12.776489000947475, 55.50882223539473], [12.772692418142286, 55.51115481034151], [12.772850215146464, 55.51339837739866], [12.776962391960009, 55.51555293656621], [12.781075021277587, 55.517707356841264], [12.7851881030992, 55.51986163822383], [12.789301637545021, 55.52201578066453], [12.79341562461505, 55.52416978416335], [12.799428203473248, 55.525156857231934], [12.807339374119612, 55.524976999870276], [12.813192654681142, 55.52372016357519], [12.816988045157835, 55.52138634834667], [12.816828370755719, 55.51914282997927], [12.812713631474793, 55.51698960847301], [12.808599344693155, 55.51483624794669], [12.804485510410807, 55.51268274840032], [12.80037212850774, 55.5105291098833], [12.79625919898396, 55.50837533239561], [12.790248873754068, 55.507387819719156]]]}}, {"type": "Feature", "properties": {"band": "light", "dbz": 30.0, "source": "OPERA-ORD", "time": "20260907001000"}, "geometry": {"type": "Polygon", "coordinates": [[[11.092307341293402, 55.37241683193849], [11.084421838578313, 55.37248663895771], [11.078538020346457, 55.37366145383967], [11.074655886597835, 55.37594127658434], [11.070773308858481, 55.37822097659431], [11.066890287128397, 55.380500553869574], [11.063006821271399, 55.38278000836512], [11.059122911287488, 55.38505934008094], [11.059183142944768, 55.38730463979295], [11.063187516243241, 55.389515907501156], [11.067192337271939, 55.39172704376908], [11.07119760603086, 55.39393804859672], [11.075203322647127, 55.39614892193678], [11.079209487120737, 55.39835966378924], [11.083154480732372, 55.39832499124647], [11.087038303482032, 55.39604490430845], [11.090921681801879, 55.39376469464769], [11.094804615691912, 55.39148436226421], [11.098687105288562, 55.38920390720298], [11.10256915059183, 55.38692332946405], [11.104447728713277, 55.38353776159948], [11.104322839652902, 55.379047203609275], [11.102257819504771, 55.37569692556785], [11.09825266826889, 55.3734869274752], [11.092307341293402, 55.37241683193849]]]}}, {"type": "Feature", "properties": {"band": "light", "dbz": 30.0, "source": "OPERA-ORD", "time": "20260907001000"}, "geometry": {"type": "Polygon", "coordinates": [[[10.884676127448728, 55.16859731005138], [10.880802782635989, 55.170871055188655], [10.876928998831238, 55.173144677427516], [10.873054776034472, 55.17541817676798], [10.86719408149105, 55.17658259560102], [10.859346915200973, 55.17663793392663], [10.851499728715092, 55.17669276925065], [10.843652522033409, 55.176747101573056], [10.83779046695089, 55.17791039827781], [10.833913563467537, 55.18018265936489], [10.8300362206609, 55.18245479733786], [10.82615843853098, 55.18472681219675], [10.822280216944831, 55.18699870389682], [10.818401555902451, 55.189270472438075], [10.814522455270879, 55.191542117775796], [10.810642915050112, 55.19381363990997], [10.806717940756739, 55.19383955830732], [10.802747532390761, 55.191619872967834], [10.798777566151427, 55.18940005791685], [10.79480804203874, 55.18718011315436], [10.788898718267316, 55.186095301202855], [10.781049594837155, 55.186145622062334], [10.773200453048135, 55.18619543977434], [10.765351292900256, 55.18624475433886], [10.7575021147642, 55.18629356575221], [10.749652918639967, 55.186341874014374], [10.743786739795171, 55.1875006701859], [10.739903578229809, 55.189769954266765], [10.738003463748045, 55.19315010157089], [10.738086396349882, 55.19764111209829], [10.736185412014244, 55.20102113747453], [10.732300510741137, 55.20329017769962], [10.72841516935245, 55.205559094333694], [10.724529387848182, 55.20782788737675], [10.722627124574553, 55.21120778961265], [10.722708379531557, 55.2156988010414], [10.722789656126775, 55.22018980977772], [10.722870954360209, 55.22468081582163], [10.722952274248737, 55.22917181918727], [10.723033615792357, 55.233662819874645], [10.723114979007963, 55.23815381789787], [10.723196363895557, 55.24264481325694], [10.725222816317782, 55.24600140148747], [10.729194336274642, 55.24822358258946], [10.733166299813856, 55.250445634070644], [10.737138706935426, 55.25266755593102], [10.74111155776644, 55.254889348124024], [10.745084852306896, 55.257111010649666], [10.751003165138245, 55.258197639161935], [10.758866496260485, 55.2581492336608], [10.764785686638346, 55.25923547729929], [10.76876073627183, 55.26145637007738], [10.77079167604911, 55.26481228814632], [10.770878505970185, 55.26930323150608], [10.772910344309846, 55.272659015313316], [10.776887191068091, 55.27487963956802], [10.782809014952141, 55.27596472792527], [10.790675815961999, 55.27591428038506], [10.798542598090553, 55.27586332843488], [10.806409361337804, 55.275811872074755], [10.812332478049116, 55.27689581523327], [10.816311948224486, 55.27911515791044], [10.81635761409659, 55.281360609706944], [10.81246947566543, 55.283632170622795], [10.808580895165644, 55.28590360802683], [10.804691872597227, 55.28817492191905], [10.80080240782614, 55.29044611225444], [10.796912500852383, 55.292717179033005], [10.793022151541884, 55.29498812220968], [10.78913135989465, 55.29725894178447], [10.78524012577659, 55.299529637712304], [10.781348449187703, 55.301800209993175], [10.777412822297489, 55.301825197287556], [10.773433245105943, 55.29960459959543], [10.769454112844112, 55.29738387195968], [10.765475425512001, 55.29516301438031], [10.761497182982174, 55.29294202690401], [10.757519385254632, 55.2907209095308], [10.75354203220196, 55.28849966230737], [10.749565123824159, 55.28627828523374], [10.745588659993823, 55.28405677835658], [10.741612640710951, 55.28183514167587], [10.737637065848155, 55.279613375238306], [10.733661935405435, 55.27739147904388], [10.72774089789081, 55.276303737039576], [10.71987395330428, 55.276350149225415], [10.713993687621048, 55.27750751535191], [10.710100100841116, 55.27977583541905], [10.706206071902251, 55.2820440315743], [10.702311600804455, 55.28431210381765], [10.698416687414145, 55.286580052103965], [10.694521331731323, 55.28884787643325], [10.692612702215406, 55.292227282035014], [10.692690798866394, 55.29671826890927], [10.692768916361125, 55.30120925322461], [10.692847054699596, 55.30570023498103], [10.690937136705712, 55.309079517033304], [10.68703916237947, 55.31134709938142], [10.683102543212517, 55.311369063757034], [10.679127279204854, 55.30914541016015], [10.67710146577844, 55.30578808694834], [10.677025102933275, 55.3012970941216], [10.67694876045833, 55.29680609873899], [10.676872438353602, 55.292315100800515], [10.678782406787752, 55.28893593918233], [10.682678665760783, 55.286668613884444], [10.686574482409915, 55.28440116456593], [10.690469856735152, 55.28213359122679], [10.694364788870013, 55.27986589391216], [10.698259278814497, 55.277598072622034], [10.702153326702106, 55.27533012740156], [10.70604693253284, 55.27306205825073], [10.707953863714824, 55.26968252812655], [10.707874120248059, 55.26519153702903], [10.707794398032053, 55.26070054331294], [10.707714697066804, 55.2562095469783], [10.705689510953746, 55.25285257799936], [10.701718839692884, 55.25062963637615], [10.695802654954013, 55.24954034604274], [10.687940956737139, 55.24958470699912], [10.682063709221605, 55.250740544347366], [10.678170912407415, 55.253007858087464], [10.676262593730746, 55.256387024291634], [10.676338753191597, 55.26087804295988], [10.674429560336572, 55.26425708661024], [10.67053501516567, 55.26652415524273], [10.6646550905885, 55.267678872584526], [10.656789786605064, 55.26772123863563], [10.648924467116364, 55.267763100372186], [10.641059132122402, 55.267804457794185], [10.635142406343348, 55.266712525152606], [10.631174289779203, 55.26448730244745], [10.62915480799149, 55.261129165962004], [10.62908396098021, 55.256638115696276], [10.630996286823496, 55.25325968188726], [10.634891785521344, 55.250993864534955], [10.63878684274388, 55.24872792307835], [10.642681458491104, 55.24646185751745], [10.644592496118138, 55.243083299487935], [10.644519955624983, 55.23859224898979], [10.642500991729104, 55.235234226103145], [10.638535604430503, 55.23300923082799], [10.632623767973634, 55.23191688729105], [10.624765482358498, 55.23195719549234], [10.618889006355344, 55.233110006398746], [10.614994339964175, 55.23537532001026], [10.613081508047818, 55.238753512205854], [10.613150510606271, 55.24324458298553], [10.611236804347046, 55.24662265216206], [10.60734038927014, 55.24888771973545], [10.603443532656696, 55.25115266307762], [10.599546234506713, 55.25341748218857], [10.597631238060028, 55.256795426775085], [10.597698543316644, 55.26128649683718], [10.599715383099246, 55.2646451524934], [10.603681757407832, 55.26687139374375], [10.607648575625902, 55.26909750582085], [10.61161583775345, 55.27132348872471], [10.613634043741184, 55.27468200513418], [10.613703193589105, 55.27917305504927], [10.613772361884172, 55.28366410239167], [10.613841548626384, 55.288155147161376], [10.613910753830158, 55.29264618937253], [10.613979977495497, 55.29713722902515], [10.614049219636824, 55.30162826613337], [10.614118480254145, 55.306119300697205], [10.616138997247493, 55.309477665117775], [10.620110770616867, 55.31170335939508], [10.62603377533582, 55.312796006711764], [10.63390801140435, 55.31275560706782], [10.63983189787692, 55.313847869944226], [10.643805434753531, 55.31607279534097], [10.647779416891673, 55.318297591242754], [10.651753844291344, 55.32052225764954], [10.657679033741417, 55.321613375778924], [10.665554985241894, 55.32157094563088], [10.673430920786426, 55.321528010408656], [10.681306840375017, 55.32148457011225], [10.687233332029084, 55.322574543074126], [10.69121039574863, 55.32479792929428], [10.693238059406704, 55.32815510569068], [10.693316323003309, 55.33264607226336], [10.695344887366806, 55.33600311487055], [10.699323752497197, 55.338226233512245], [10.705252890117618, 55.33931505107566], [10.713132300228072, 55.33926956756077], [10.721011693229133, 55.339223578726994], [10.728891069120806, 55.33917708457433], [10.73677042752724, 55.339130085106305], [10.744649768448436, 55.339082580322916], [10.750580625891233, 55.3401694905896], [10.754562999855626, 55.342390815906356], [10.758545819922336, 55.34461201119307], [10.76252908609136, 55.346833076449734], [10.766469174466033, 55.34680856299897], [10.770366085046359, 55.344538470840796], [10.774262551941817, 55.342268254839084], [10.778158575152416, 55.33999791499385], [10.784046202507659, 55.33883747675537], [10.791925434007542, 55.338786940123654], [10.797812163652424, 55.33762612865553], [10.801706391442304, 55.33535504235099], [10.803608149744445, 55.33197405828989], [10.803517438558853, 55.32748317647221], [10.801480502539206, 55.32412783133529], [10.797497341685503, 55.32190802287913], [10.793514626381816, 55.31968808430897], [10.789532356628142, 55.317468015624826], [10.789487481527274, 55.315222567669664], [10.793380001079212, 55.31295174044351], [10.799263191143083, 55.31179057270819], [10.80713705171889, 55.31173906446372], [10.81301934536893, 55.310577523893485], [10.816910072093206, 55.308305950997465], [10.818809264818434, 55.30492472253155], [10.818716923544613, 55.300433838495756], [10.820615242254668, 55.29705248851577], [10.824504220948597, 55.294780672591585], [10.8303838263584, 55.29361801416914], [10.838254058484075, 55.29356451324843], [10.846124270575146, 55.29351050767556], [10.853994462631611, 55.29345599745057], [10.861864634279252, 55.29340098257755], [10.869734785518064, 55.29334546305651], [10.875662241729923, 55.294426342416166], [10.879647002914833, 55.296643620656496], [10.881689104509508, 55.29999767431202], [10.881788546513949, 55.304488503382736], [10.881888015063955, 55.30897932986669], [10.88198751015953, 55.313470153763866], [10.882087031821428, 55.3179609750884], [10.88218658004965, 55.32245179384029], [10.88029194507752, 55.32583399025998], [10.876403126905036, 55.32810756434748], [10.872464953903213, 55.32813560115551], [10.868477426072053, 55.32591810068405], [10.864490343985462, 55.323700469797394], [10.860503707643446, 55.32148270849555], [10.854572629958827, 55.32040110357471], [10.846697110931608, 55.32045565503487], [10.8408140215113, 55.321619094024065], [10.836923361697902, 55.32389142054231], [10.83502516547601, 55.32727301145584], [10.835119432845623, 55.33176386676466], [10.83521372539864, 55.33625471954051], [10.835308043135065, 55.340745569783394], [10.835402386074607, 55.34523641750742], [10.835496754217266, 55.34972726271259], [10.837538206095351, 55.353081933618306], [10.841526741708861, 55.35530043022456], [10.845515723876753, 55.35751879640525], [10.849505152599026, 55.35973703216036], [10.85349502800343, 55.361955137442926], [10.857485350089966, 55.364173112252935], [10.861427102618874, 55.36414555273045], [10.865320285590155, 55.36187245887549], [10.869213024599356, 55.35959924150712], [10.873105319646479, 55.357325900625355], [10.876997170866659, 55.35505243627536], [10.880888578259896, 55.35277884845711], [10.884779541961304, 55.350505137215784], [10.888670061970885, 55.34823130255136], [10.892610882283375, 55.34820273904321], [10.896602002898774, 55.35041944669133], [10.898648334191236, 55.35377319252945], [10.898749876160764, 55.35826397655757], [10.896854967434823, 55.361646414009385], [10.892963608013417, 55.363920504884874], [10.88907180456146, 55.366194472329624], [10.885179557078956, 55.36846831634363], [10.88522992323771, 55.37071370822895], [10.889222903037723, 55.372930647985584], [10.895162429432947, 55.37401028342491], [10.903048502423383, 55.37395261454694], [10.91093455372501, 55.37389443988713], [10.918820583337826, 55.373835759445484], [10.92670659088493, 55.37377657322648], [10.934592576366324, 55.373716881230116], [10.94247853940512, 55.373656683460915], [10.950364480001317, 55.373595979918875], [10.9562517352904, 55.372427583857444], [10.960140305272363, 55.370151495276616], [10.964028431257525, 55.36787528353954], [10.967916113245883, 55.365598948646216], [10.971803351373056, 55.36332249064175], [10.975690145639044, 55.36104590952613], [10.979576496179442, 55.358769205344416], [10.98346240299425, 55.3564923780966], [10.987403979212136, 55.35646077388874], [10.991401224833101, 55.358674392720836], [10.993455990638115, 55.362026545666495], [10.993568276627178, 55.36651723272574], [10.993680592641178, 55.37100791726764], [10.993792938680112, 55.375498599292214], [10.995849102592526, 55.37885060807848], [10.999849084378422, 55.38106394362644], [11.00384951359547, 55.383277148020014], [11.007850390243677, 55.385490221259225], [11.011851714450355, 55.38770316329681], [11.015853486215503, 55.38991597413279], [11.021799007867045, 55.390989482365626], [11.029688279404978, 55.39092368799532], [11.03557577294018, 55.38975149652209], [11.039461488472654, 55.38747290794593], [11.043346759706933, 55.38519419648102], [11.04723158664302, 55.38291536212737], [11.051115969417054, 55.380636404930016], [11.054999908029039, 55.37835732488897], [11.054940599966613, 55.37611201409656], [11.050938045229776, 55.37390047255279], [11.046935937729607, 55.37168879969407], [11.042934277466106, 55.3694769955204], [11.040874632163597, 55.366125774616165], [11.040757001822076, 55.36163513698136], [11.038698264578057, 55.358283779341356], [11.034698420431539, 55.35607170169614], [11.030699023028749, 55.353859492861076], [11.026700072369687, 55.351647152836186], [11.0246427344568, 55.34829565054643], [11.024527009290088, 55.343804985991824], [11.026409869687253, 55.34042049977008], [11.030291315648297, 55.33814219188122], [11.036171305477058, 55.33696968532517], [11.044049839173539, 55.33690298010195], [11.04992892896598, 55.335730102392304], [11.053808574854376, 55.33345105219626], [11.055688819410337, 55.33006620649033], [11.055569662633857, 55.325575565274505], [11.057449035986238, 55.32219059988229], [11.061326939467483, 55.319911310313685], [11.067203330173744, 55.31873731979533], [11.075078208105026, 55.31866862832724], [11.080953699456957, 55.31749426708988], [11.084829804229535, 55.31521423608324], [11.086706566199863, 55.311828912056875], [11.08658398536794, 55.30733829501077], [11.084524239934048, 55.303987684713654], [11.080527329898187, 55.30177708116551], [11.074593211527139, 55.30070610781463], [11.0667218848209, 55.300774764661], [11.060788642726578, 55.29970340346398], [11.05679348524417, 55.29749202422359], [11.056733574508076, 55.29524669870973], [11.060608910518297, 55.29296742692243], [11.064483804764045, 55.29068803261505], [11.068358257245318, 55.28840851578761], [11.070235177475944, 55.28502343217313], [11.070114565455922, 55.28053278177161], [11.068057613581118, 55.27718188117088], [11.06406432185153, 55.274970730370946], [11.060130862684675, 55.275004784984446], [11.056257236080551, 55.2772840450114], [11.052383168047301, 55.279563182525315], [11.048508658584925, 55.28184219752619], [11.042637464089854, 55.28301500723192], [11.034769584562087, 55.28308161164252], [11.02883984616822, 55.28200870016537], [11.024848248908253, 55.27979627280046], [11.024790174418198, 55.27755092506067], [11.028665622698057, 55.275272656945994], [11.032540629614251, 55.272994266235855], [11.036415195166784, 55.27071575293028], [11.04028931949044, 55.26843711707397], [11.044163002585224, 55.26615835866696], [11.048036244585896, 55.263879477753925], [11.051909045492458, 55.26160047433488], [11.051850147651187, 55.259355129603875], [11.04785955106208, 55.25714344356092], [11.04193297016104, 55.25607087760385], [11.034070404948068, 55.256137431732654], [11.028144698371547, 55.25506447865987], [11.024155850431477, 55.25285201838549], [11.024097868749136, 55.25060666257423], [11.027970753324524, 55.2483284112261], [11.031843197240462, 55.24605003736023], [11.03571520049695, 55.24377154097661], [11.037592824728229, 55.240386937056584], [11.0374760699343, 55.23589622560014], [11.03542419758025, 55.23254475399945], [11.031437207666077, 55.23033252225451], [11.027450661169517, 55.22812015974721], [11.023464558090568, 55.22590766647756], [11.021414074441836, 55.2225560503246], [11.021299210223315, 55.21806531128831], [11.019249626612927, 55.21471355894139], [11.01526532361067, 55.212500793283844], [11.011281463538994, 55.210287896987815], [11.0072980463979, 55.208074870053316], [11.003315072061984, 55.20586171252705], [10.999332540531245, 55.20364842440901], [10.993415221886158, 55.202573497250384], [10.985563116126716, 55.202636931051174], [10.97970139386101, 55.20380701687763], [10.975830055089038, 55.20608375472976], [10.971958276591426, 55.20836036995888], [10.96808605836818, 55.210636862564996], [10.964213400285486, 55.212913232503475], [10.960340302343342, 55.21518947977431], [10.960394628852079, 55.21743487869081], [10.964376379811695, 55.219649429252975], [10.968358573892466, 55.2218638493358], [10.972341211094392, 55.224078138939284], [10.972395566538385, 55.22632353511256], [10.968521640224441, 55.228600037855635], [10.962655929164486, 55.22976902259382], [10.954798433358519, 55.22983048932712], [10.948878784378886, 55.22875369696205], [10.944896982225591, 55.22653864549863], [10.942853065017818, 55.22318571068751], [10.942747032755566, 55.21869489252869], [10.942641028712407, 55.214204071625936], [10.942535052888338, 55.20971324797925], [10.944418639513886, 55.20632996286569], [10.948291788589053, 55.204054216285236], [10.952164498004821, 55.20177834699982], [10.956036767761193, 55.19950235500942], [10.95791908927545, 55.19611894930735], [10.957811462547589, 55.19162812989361], [10.955768582755638, 55.18827529879334], [10.951790449899596, 55.186060456006544], [10.945877025729832, 55.184983226297376], [10.938028310246347, 55.185043609665826], [10.930179572697895, 55.18510348992798], [10.922330813084471, 55.18516286708383], [10.91641866830523, 55.184084493413415], [10.912443138360171, 55.181868368916724], [10.908468050421206, 55.17965211429712], [10.904493404488335, 55.177435729554624], [10.900519200436031, 55.17521921473575], [10.89654543826429, 55.17300256984048], [10.892572117847589, 55.17078579491532], [10.888599239185927, 55.16856888996027], [10.884676127448728, 55.16859731005138]]]}}, {"type": "Feature", "properties": {"band": "light", "dbz": 30.0, "source": "OPERA-ORD", "time": "20260907001000"}, "geometry": {"type": "Polygon", "coordinates": [[[8.671491283778167, 55.1825522312968], [8.667492649085982, 55.184754779852966], [8.663493571778673, 55.18695719655512], [8.659494051856244, 55.18915948140328], [8.653569756818303, 55.190217342328495], [8.64572068666485, 55.19013077933078], [8.639872257713506, 55.188943084775325], [8.636024469964267, 55.18665425866213], [8.632177120582012, 55.18436531155841], [8.628330209566743, 55.18207624346417], [8.62248316451004, 55.180887432873206], [8.614635985411905, 55.180798879785534], [8.60678883911698, 55.18070982375369], [8.598941725625261, 55.18062026477768], [8.593016730197395, 55.18167547455944], [8.589013852833379, 55.183875453098985], [8.586933037038957, 55.18722057539546], [8.58677428281413, 55.19171084144887], [8.584692562536896, 55.195055824408065], [8.580687876207255, 55.19725552427306], [8.576763047815412, 55.197209973232745], [8.572918077361365, 55.194919171287125], [8.56907354535571, 55.19262824857894], [8.565229451798448, 55.19033720510819], [8.559383068031673, 55.189145383472855], [8.551534394055382, 55.18905278367293], [8.545688906198098, 55.18786059563911], [8.541846604459822, 55.1855688193714], [8.538004740860803, 55.18327692249243], [8.534163315401038, 55.18098490500222], [8.52831921549061, 55.179791602150594], [8.520472441129513, 55.179697013937556], [8.514545498891671, 55.1807484226007], [8.510538388777078, 55.182945828140035], [8.50653083593675, 55.18514310119609], [8.502522840370688, 55.187340241768865], [8.496594645063084, 55.188390500025946], [8.48874625001394, 55.18829387596733], [8.480897890756035, 55.188196748894335], [8.47304956728937, 55.188099118806946], [8.465201279984042, 55.1880009857125], [8.457353028840044, 55.187902349610994], [8.451510501567569, 55.18670567074579], [8.447673698166616, 55.18441094911689], [8.443837332671883, 55.18211610725595], [8.44000140508337, 55.179821145162975], [8.434160269792226, 55.17862335270283], [8.426313926798453, 55.178522729875496], [8.42038466716609, 55.17956957546935], [8.416372490895135, 55.1817638894844], [8.41235987183929, 55.18395807063883], [8.408346809998548, 55.18615211893265], [8.404333305250418, 55.18834603431863], [8.4003193575949, 55.190539816796786], [8.40022982518564, 55.19278480921216], [8.404064708022645, 55.19508101156474], [8.407900029015734, 55.19737709380649], [8.411735788164904, 55.199673055937396], [8.41557198560626, 55.20196889791354], [8.4194086213398, 55.20426461973491], [8.423245695501656, 55.20656022135761], [8.42708320809183, 55.20885570278164], [8.43092115924647, 55.21115106396303], [8.434759548965577, 55.21344630490178], [8.440605477691506, 55.21464378397118], [8.448458945424257, 55.21474350117123], [8.456312449776863, 55.21484271499294], [8.464165990749326, 55.214941425436336], [8.472019567970682, 55.215039632493976], [8.479873181440933, 55.21513733616585], [8.487726830789093, 55.21523453644463], [8.495580516015162, 55.21533123333031], [8.501428829475996, 55.216526099732505], [8.505271771171596, 55.21881913565123], [8.509115151860499, 55.221112050985994], [8.512958971542707, 55.22340484573678], [8.518808677330759, 55.224598596645464], [8.526664269224655, 55.22469330371203], [8.53251487311357, 55.22588668814302], [8.5363604889975, 55.22817874993845], [8.540206544185374, 55.230470690998324], [8.54405303867719, 55.23276251132265], [8.54990503430106, 55.233954779580856], [8.557762531056989, 55.234047495772934], [8.563615424997524, 55.23523939720827], [8.567463716122665, 55.23753048388686], [8.5713124468621, 55.23982144967816], [8.575161617215826, 55.242112294582185], [8.58101590229553, 55.24330307916543], [8.58887530210121, 55.24339380342789], [8.594809232777969, 55.24233909382979], [8.598817694325813, 55.240138950371126], [8.602825711795816, 55.2379386746196], [8.606833285187982, 55.23573826657521], [8.61276595434178, 55.23468240588156], [8.620623719257214, 55.23477109253862], [8.628481516763149, 55.23485927548692], [8.63633934685959, 55.23494695472645], [8.642194699268087, 55.23613510646945], [8.646047573988643, 55.2384237307159], [8.649900888513072, 55.240712233757975], [8.65375464284137, 55.24300061559565], [8.657684047949488, 55.24304370505704], [8.661689103837425, 55.24084150214214], [8.665693715693642, 55.23863916718697], [8.66969788351814, 55.236436700191526], [8.67562897801911, 55.235377795147954], [8.683486999196553, 55.23546245205626], [8.691345051477088, 55.235546605229835], [8.699203134860715, 55.23563025466868], [8.707061248975528, 55.23571340036651], [8.714919393821527, 55.235796042323315], [8.722777569026782, 55.23587818053286], [8.730635774591297, 55.23595981499514], [8.736494059180654, 55.2371434646944], [8.74035242279485, 55.23942912963061], [8.744211226435505, 55.24171467298185], [8.748070470102618, 55.244000094748124], [8.75393013834212, 55.24518262536239], [8.761790231154015, 55.24526226482466], [8.76765079642829, 55.24644442684109], [8.771511834164949, 55.24872911141168], [8.775373312235184, 55.25101367424497], [8.779235230638996, 55.253298115341], [8.785097178947286, 55.25447915759504], [8.792959157160057, 55.254556801007084], [8.798889291421219, 55.253492214103325], [8.802887581730774, 55.251285396883766], [8.802955294794627, 55.24904014012453], [8.799092430612776, 55.24675644382561], [8.795230006701807, 55.24447262570696], [8.791368023061722, 55.24218868576859], [8.787506479557377, 55.23990462405494], [8.783645376188774, 55.23762044056602], [8.779784712820799, 55.23533613534627], [8.775924489453446, 55.233051708395706], [8.772064705951628, 55.23076715975873], [8.768205362315339, 55.228482489435336], [8.764346458409513, 55.22619769746995], [8.760487994234145, 55.22391278386255], [8.75662996965419, 55.221627748657525], [8.752772384669646, 55.21934259185486], [8.748915239145488, 55.21705731349892], [8.745058533081716, 55.21477191358971], [8.741202266343326, 55.21248639217155], [8.73734643893032, 55.21020074924445], [8.733491050707718, 55.20791498485272], [8.729636101675519, 55.205629098996354], [8.725781591698764, 55.20334309171966], [8.721927520777456, 55.20105696302262], [8.716074943987419, 55.19987261920945], [8.708223861328655, 55.19979006028015], [8.70237217958144, 55.19860534868685], [8.698519898745777, 55.19631848442955], [8.694668056658838, 55.19403149890367], [8.69081665332062, 55.19174439210923], [8.68696568859618, 55.18945716409043], [8.683115162485514, 55.18716981484728], [8.679265074853703, 55.18488234442397], [8.675415425700741, 55.182594752820464], [8.671491283778167, 55.1825522312968]]]}}, {"type": "Feature", "properties": {"band": "light", "dbz": 30.0, "source": "OPERA-ORD", "time": "20260907001000"}, "geometry": {"type": "Polygon", "coordinates": [[[13.158340771123731, 55.15686563665292], [13.15050392191446, 55.15706778551038], [13.142666998603243, 55.15726943251791], [13.134830001190076, 55.157470577675504], [13.12903983689667, 55.158742820674135], [13.125296505723018, 55.161086161513815], [13.12360013283125, 55.16450097358074], [13.12395071822137, 55.16898725687493], [13.124301396757858, 55.17347353616585], [13.124652168440711, 55.177959811453526], [13.126875874901382, 55.181274380638726], [13.130972516139867, 55.18341724372145], [13.136941966769829, 55.18438802701723], [13.144784226791268, 55.18418673052605], [13.15075452307547, 55.185157110904555], [13.154852855622437, 55.18729916815275], [13.157079350771546, 55.19061327593995], [13.157434008522799, 55.19509943426616], [13.15778876056784, 55.19958558860081], [13.158143606906666, 55.204071738943895], [13.160371613230367, 55.20738567406474], [13.164472779538936, 55.209527393963356], [13.170446978898822, 55.210496524686924], [13.178294211310021, 55.210293066235465], [13.184089981519174, 55.20901877337057], [13.187834289526284, 55.20667364609228], [13.189527263146552, 55.20325805832478], [13.189168902379974, 55.19877201006808], [13.188810636836862, 55.19428595779189], [13.188452466517216, 55.1897999014962], [13.18622341202999, 55.18648637242819], [13.182123473375185, 55.18434537058786], [13.178023978510467, 55.182204229412484], [13.173924927435833, 55.18006294890207], [13.171697384147091, 55.176749246878444], [13.171341348644244, 55.172263123341594], [13.170985407679332, 55.16777699576001], [13.170629561252358, 55.16329086413367], [13.168403527461244, 55.159976989296425], [13.164307306305993, 55.15783537124827], [13.158340771123731, 55.15686563665292]]]}}, {"type": "Feature", "properties": {"band": "light", "dbz": 30.0, "source": "OPERA-ORD", "time": "20260907001000"}, "geometry": {"type": "Polygon", "coordinates": [[[8.888056193752886, 55.228505448629036], [8.880199189386028, 55.22843390775293], [8.872342211636553, 55.22836186319807], [8.864485260504464, 55.22828931496446], [8.858560287458362, 55.22935736298969], [8.854567292498247, 55.23156600727378], [8.854503186160265, 55.23381130734455], [8.858367968444414, 55.236093263202], [8.864229718861955, 55.237270524368995], [8.872088437412884, 55.23734309084553], [8.879947182602688, 55.23741515351671], [8.887805954431366, 55.237486712382555], [8.893730995809381, 55.23641753162984], [8.897722306736735, 55.234207611258554], [8.897784645634388, 55.23196229307146], [8.89391801250234, 55.22968157706855], [8.888056193752886, 55.228505448629036]]]}}, {"type": "Feature", "properties": {"band": "light", "dbz": 30.0, "source": "OPERA-ORD", "time": "20260907001000"}, "geometry": {"type": "Polygon", "coordinates": [[[10.633892961068208, 55.188118889894085], [10.630003513758636, 55.19038469027755], [10.628094081788081, 55.19376313422455], [10.62816466515654, 55.19825422173508], [10.628235267312617, 55.20274530654282], [10.628305888256307, 55.20723638864779], [10.62837652800226, 55.21172746806412], [10.628447186550474, 55.21621854479181], [10.630464315171562, 55.219576713855865], [10.634427913865522, 55.221801975256284], [10.638355723697588, 55.221781576943236], [10.642247744667754, 55.21951551891672], [10.646139324999664, 55.2172493369111], [10.650030464693318, 55.214983030926376], [10.655903379774413, 55.21382872685147], [10.663758070242952, 55.21378642468637], [10.669630095502132, 55.21263174759024], [10.67351945555195, 55.21036469556307], [10.675426177354387, 55.2069856442438], [10.67535026090944, 55.20249459363244], [10.67333054700357, 55.19913706362415], [10.669367035636773, 55.19691305421891], [10.663459699873972, 55.195822189974535], [10.655608539715164, 55.195864470890996], [10.649702079296699, 55.19477322318367], [10.645740318618579, 55.19254844685255], [10.641778999890386, 55.190323541440826], [10.637818123112124, 55.188098506948506], [10.633892961068208, 55.188118889894085]]]}}, {"type": "Feature", "properties": {"band": "light", "dbz": 30.0, "source": "OPERA-ORD", "time": "20260907001000"}, "geometry": {"type": "Polygon", "coordinates": [[[10.866415856481893, 55.14065518599155], [10.858575730558776, 55.14071046882413], [10.852719375940703, 55.141874480840954], [10.848846792627672, 55.14414722204203], [10.846958014697453, 55.14752906717682], [10.847053042150046, 55.15202001624533], [10.847148094863678, 55.15651096249488], [10.847243172838347, 55.161001905925445], [10.849275849587587, 55.16435646991347], [10.853246125111395, 55.16657465445895], [10.859153965270796, 55.16765608451121], [10.866999370065791, 55.16760076007026], [10.872858756609942, 55.16643635029709], [10.876732124903244, 55.1641628551917], [10.87861950997135, 55.16078064979697], [10.878520911814256, 55.1562897341129], [10.878422339853154, 55.15179881560228], [10.878323794088047, 55.147307894265076], [10.876289870764982, 55.143953711341176], [10.87232056988396, 55.14173626683056], [10.866415856481893, 55.14065518599155]]]}}, {"type": "Feature", "properties": {"band": "light", "dbz": 30.0, "source": "OPERA-ORD", "time": "20260907001000"}, "geometry": {"type": "Polygon", "coordinates": [[[10.803333918450315, 55.12311939122192], [10.79549715073945, 55.123170628340176], [10.787660364404354, 55.12322136319699], [10.779823559445024, 55.12327159579237], [10.773967475162415, 55.12443183927425], [10.770092111556528, 55.126702093642635], [10.76819749951985, 55.13008273346506], [10.768283639052385, 55.13457375874151], [10.770308339125705, 55.137929650635755], [10.774271599739812, 55.14015040914779], [10.780173389971193, 55.14123565951424], [10.788013709819845, 55.14118540173507], [10.795854011014255, 55.14113464144273], [10.803694293554424, 55.141083378637205], [10.809551636286733, 55.139921997376874], [10.81342603921118, 55.13765049766174], [10.815317534762974, 55.13426925424257], [10.815226122942114, 55.12977826711939], [10.813198388350198, 55.126423023334056], [10.80923433098723, 55.124203522886546], [10.803333918450315, 55.12311939122192]]]}}, {"type": "Feature", "properties": {"band": "light", "dbz": 30.0, "source": "OPERA-ORD", "time": "20260907001000"}, "geometry": {"type": "Polygon", "coordinates": [[[11.207838720418824, 55.02096946030508], [11.200022434063804, 55.021046599399206], [11.192206119754616, 55.02112323773439], [11.184389777491258, 55.021199375310644], [11.178560261268384, 55.022378963348984], [11.174717571085994, 55.02466200184943], [11.170874446262351, 55.026944919056305], [11.167030886797454, 55.02922771496961], [11.161200008176811, 55.03040618943694], [11.153381810400424, 55.03048034245829], [11.147486265506286, 55.02941308826303], [11.143513373494402, 55.02720442685115], [11.13954091973566, 55.02499563488814], [11.135568904230064, 55.022786712374], [11.12967461717848, 55.02171831681349], [11.121858058580905, 55.0217904482066], [11.114041473854039, 55.02186207881322], [11.106224862997882, 55.02193320863336], [11.100392963866186, 55.023109063515925], [11.096545776458951, 55.02538964346091], [11.092698154236118, 55.02767010179929], [11.088850097197687, 55.02995043853104], [11.085001605211426, 55.032230653612196], [11.081152678277338, 55.03451074704276], [11.079288535169953, 55.037896187706444], [11.079409175889273, 55.042386975603264], [11.077544176695717, 55.04577229735013], [11.073693537589282, 55.04805215294706], [11.067857215818918, 55.0492261688007], [11.060035211384626, 55.04929434491105], [11.054198004586414, 55.0504679926388], [11.050345595424279, 55.05274711198395], [11.046492750652853, 55.05502610945824], [11.042639470272135, 55.05730498506168], [11.036800904277909, 55.05847751681958], [11.028977052670168, 55.058543704731946], [11.023137601454154, 55.0597158680225], [11.019282550629862, 55.06199400669122], [11.01741194088323, 55.06537849447376], [11.01752577221426, 55.069869331370136], [11.019568004168802, 55.073221090752035], [11.023538636746856, 55.075433772619476], [11.02750970875221, 55.077646324238614], [11.031481220184858, 55.07985874560945], [11.035453171168731, 55.082071036685655], [11.039425561703828, 55.08428319746723], [11.045326284603338, 55.08535565737346], [11.05315533986726, 55.08528841640436], [11.06098437032303, 55.08522067375156], [11.068813375970649, 55.08515242941506], [11.07471536503307, 55.0862237470754], [11.078690337510295, 55.08843462673257], [11.082665749815233, 55.090645375877074], [11.086641601947886, 55.09285599450889], [11.09254485639158, 55.093926169513594], [11.100375513146318, 55.093855900891185], [11.108206143970705, 55.0937851304751], [11.116036748864735, 55.093713858265325], [11.12194126790636, 55.09478289020484], [11.125919701095576, 55.096992226293644], [11.129898574387871, 55.099201431651544], [11.133877887783251, 55.10141050627854], [11.137857641405406, 55.10361945012811], [11.141837835254334, 55.10582826320026], [11.145818469453747, 55.10803694544846], [11.149799544003647, 55.11024549687272], [11.153716095184617, 55.11020859245251], [11.157568122996661, 55.10792623218782], [11.161419714056693, 55.10564375033946], [11.165270868364711, 55.10336114690742], [11.17111251719954, 55.102182192542315], [11.178944660561179, 55.102106887244155], [11.184852103654483, 55.103172874236144], [11.188834846479454, 55.1053801535183], [11.192818029694948, 55.107587301788435], [11.196801653300962, 55.109794319046564], [11.200718121631805, 55.109755908754], [11.204567434687473, 55.10747207091074], [11.208416311097798, 55.10518811167254], [11.21226475086278, 55.102904031039415], [11.216112754115965, 55.10061982905542], [11.219960320857354, 55.09833550572056], [11.223807451220473, 55.09605106107889], [11.227654145205328, 55.093766495130396], [11.231500402945413, 55.091481807919116], [11.235346224440732, 55.08919699944505], [11.239191609824767, 55.086912069752195], [11.243036559097515, 55.08462701884054], [11.246881072392439, 55.08234184675408], [11.250725149709536, 55.08005655349282], [11.252577109721388, 55.07666862786115], [11.252436952427994, 55.0721780698591], [11.250375631828177, 55.06883014847824], [11.246393147921943, 55.06662486371858], [11.242411103400613, 55.06441944786518], [11.238429498264189, 55.062213900918024], [11.234448332389853, 55.06000822292364], [11.230467605777605, 55.05780241388206], [11.226487318304633, 55.055596473839714], [11.222507469970939, 55.05339040279662], [11.220449326490328, 55.05004205924446], [11.220312887862805, 55.045551443183214], [11.222165499390975, 55.04216387244185], [11.226007161074842, 55.03987934702037], [11.229848387896913, 55.03759470048683], [11.233689179857192, 55.03530993284123], [11.233620578083311, 55.033064625057314], [11.22964258257527, 55.03085877713508], [11.225665025508675, 55.02865279830346], [11.221687906883524, 55.02644668856246], [11.217711226577293, 55.024240447958476], [11.213734984589987, 55.02203407649151], [11.207838720418824, 55.02096946030508]]]}}, {"type": "Feature", "properties": {"band": "light", "dbz": 30.0, "source": "OPERA-ORD", "time": "20260907001000"}, "geometry": {"type": "Polygon", "coordinates": [[[12.398156693858775, 55.04830805329209], [12.390338076196503, 55.04846145468751], [12.384540577884792, 55.04969843524047], [12.380764198923645, 55.05201899495096], [12.37900903408406, 55.05542350664274], [12.379275083366043, 55.05991197031581], [12.379541203154924, 55.06440043036538], [12.379807393450708, 55.068888886791456], [12.381963047676974, 55.07221703656131], [12.386008165833719, 55.07438487967493], [12.39194265298055, 55.07539204301071], [12.399766509117464, 55.07523852656864], [12.405566932428709, 55.07400110776014], [12.409343922914285, 55.07167978658521], [12.411097576389741, 55.06827493614405], [12.410827892855078, 55.06378655643664], [12.410558280750212, 55.05929817308481], [12.410288740075138, 55.05480978608858], [12.40813197797568, 55.05148203259144], [12.404087994451835, 55.0493149125934], [12.398156693858775, 55.04830805329209]]]}}, {"type": "Feature", "properties": {"band": "light", "dbz": 30.0, "source": "OPERA-ORD", "time": "20260907001000"}, "geometry": {"type": "Polygon", "coordinates": [[[12.347493341033777, 54.95155696626885], [12.343723914480021, 54.95387639659142], [12.34196971809263, 54.95728042195625], [12.342230751871604, 54.96176904236334], [12.340475725659054, 54.965172958711506], [12.33670463945498, 54.967492171000735], [12.332933122656847, 54.96981126675794], [12.329161175264655, 54.97213024598311], [12.32740498763359, 54.97553405694889], [12.327664559763654, 54.98002269965527], [12.32792420053593, 54.98451133864669], [12.328183909950415, 54.98899997392314], [12.328443688060224, 54.99348860549824], [12.328703534865356, 54.99797723337199], [12.328963450418978, 55.00246585755797], [12.329223434721087, 55.00695447805618], [12.329483487824909, 55.01144309488023], [12.329743609730446, 55.01593170803012], [12.327985262981823, 55.019335424847156], [12.32420844757904, 55.02165424533136], [12.31841307124445, 55.022887796924074], [12.310599133978059, 55.0230360796253], [12.302785142823842, 55.02318386190962], [12.2949710977818, 55.023331143777064], [12.289046794311808, 55.022319237944224], [12.285012232413864, 55.020148144411095], [12.282867502876503, 55.016818235772696], [12.282612605699725, 55.01232951202901], [12.282357775945961, 55.0078407846413], [12.282103013615213, 55.00335205360956], [12.2799597283944, 55.00002198434963], [12.275927920283525, 54.99785057686151], [12.27189655067072, 54.995679034360506], [12.26786561955599, 54.99350735684662], [12.263835126821949, 54.99133554436712], [12.2598050724686, 54.98916359692201], [12.253886345201042, 54.98814969087066], [12.246078945019272, 54.988293826213024], [12.240285702430702, 54.98952395324477], [12.236506617435333, 54.99184007196588], [12.234741778740336, 54.99524255461708], [12.23499118634571, 54.99973140119836], [12.235240659943907, 55.00422024415149], [12.235490199534922, 55.00870908347647], [12.23763055407867, 55.012039838430894], [12.241661723575143, 55.01421250901475], [12.24758361915886, 55.01522672269028], [12.255396240829821, 55.01508247945749], [12.261318984553595, 55.016096298984515], [12.26535185033018, 55.01826818127137], [12.265478025977806, 55.02051256856191], [12.26169751149647, 55.02282946085614], [12.2579165648304, 55.02514623617009], [12.254135185979592, 55.02746289450374], [12.252370336514069, 55.03086561457674], [12.252622016433833, 55.03535439638907], [12.254765257639422, 55.0386848309907], [12.258800060130838, 55.04085691838165], [12.2647263342139, 55.04187028572838], [12.272544079888611, 55.04172493303088], [12.280361772317296, 55.041579079645366], [12.288179411499957, 55.041432725571845], [12.294106891005816, 55.04244493815314], [12.29814421083487, 55.04461571738926], [12.302181970444328, 55.0467863613394], [12.306220169834186, 55.04895687000356], [12.312148853913712, 55.04996792742564], [12.319968022682906, 55.04981953360566], [12.327787137070043, 55.04967063900577], [12.335606197075126, 55.049521243625975], [12.3434252023338, 55.04937134747737], [12.351244152846064, 55.049220950559956], [12.357042312964808, 55.047985837410295], [12.360819682690032, 55.045666008028384], [12.362576355755152, 55.04226183525192], [12.362312332160165, 55.03777331908091], [12.362048378447929, 55.03328479925605], [12.36178449461844, 55.028796275777324], [12.361520680617598, 55.02430774863117], [12.361256936445406, 55.019819217817584], [12.363012114557423, 55.016414943965295], [12.366786214953649, 55.014094927074304], [12.372579143777994, 55.01285879471915], [12.380390901030458, 55.01270654689986], [12.386182935206435, 55.01147005743099], [12.38995524630593, 55.00914932631257], [12.391707929001532, 55.0057447259353], [12.391440983293244, 55.0012562562992], [12.389288752119874, 54.99792813314343], [12.385251235481418, 54.99576035646799], [12.381214157357364, 54.99359244434598], [12.377177517747715, 54.9914243967774], [12.377044585455124, 54.98918014683102], [12.3808153604796, 54.98685969450683], [12.384585704594883, 54.984539125792594], [12.388355617800975, 54.982218440688285], [12.388222755782014, 54.97997418699789], [12.384187118537998, 54.97780636472142], [12.380151919344996, 54.97563840706407], [12.376117158203002, 54.97347031402586], [12.372082834995354, 54.97130208565413], [12.368048949722045, 54.96913372194891], [12.364015502266412, 54.96696522295747], [12.35998249262845, 54.9647965886798], [12.357834603013842, 54.96146798008188], [12.357571833422586, 54.956979397163664], [12.355424850047882, 54.95365064205531], [12.351393652889731, 54.951481714756824], [12.347493341033777, 54.95155696626885]]]}}, {"type": "Feature", "properties": {"band": "light", "dbz": 30.0, "source": "OPERA-ORD", "time": "20260907001000"}, "geometry": {"type": "Polygon", "coordinates": [[[12.426718405910938, 55.00280579664078], [12.418908725252424, 55.00296100709017], [12.413118623951203, 55.00419933475248], [12.409348102007275, 55.00652077962771], [12.405577148656478, 55.008842108150276], [12.401805763898812, 55.01116332032018], [12.398033947597387, 55.01348441609495], [12.394261699752201, 55.01580539547458], [12.394395713968365, 55.0180496151481], [12.398435990245881, 55.020217075115525], [12.402476705735946, 55.02238439947563], [12.406517860438566, 55.0245515882284], [12.410559454470766, 55.02671864132634], [12.414601487832547, 55.02888555876943], [12.418508532862502, 55.02880815532221], [12.422280589560629, 55.02648643098466], [12.42605221444403, 55.02416459031199], [12.429823407512712, 55.0218426333042], [12.433594168903799, 55.01952056000378], [12.437364498617288, 55.017198370410696], [12.439113508544011, 55.01379310242244], [12.438841198683964, 55.009304756039015], [12.436684594375505, 55.005977484989494], [12.432643695618632, 55.003811289273884], [12.426718405910938, 55.00280579664078]]]}}, {"type": "Feature", "properties": {"band": "light", "dbz": 30.0, "source": "OPERA-ORD", "time": "20260907001000"}, "geometry": {"type": "Polygon", "coordinates": [[[13.17544911202465, 54.97660565201895], [13.167647426150412, 54.97680879066809], [13.159845666632918, 54.9770114299868], [13.15204383347217, 54.97721356997509], [13.146279986481636, 54.97848657661919], [13.142554125661315, 54.98083044991908], [13.140866375444192, 54.98424556115403], [13.141216735830264, 54.98873191032403], [13.141567188843618, 54.99321825520105], [13.141917734484254, 54.9977045957851], [13.144132465998688, 55.00101896421878], [13.148211383386922, 55.003161360502084], [13.152114505885809, 55.003060477351355], [13.155841833495352, 55.0007163147666], [13.15752935644452, 54.99730108832341], [13.157177074733314, 54.99281479802179], [13.15886378112134, 54.98939946866031], [13.1625894756086, 54.987055100238955], [13.166491656520849, 54.98695374270578], [13.170570323858088, 54.989095396060776], [13.172786666358686, 54.99240934262393], [13.173140684022641, 54.996895582395254], [13.17349479529956, 55.001381817859276], [13.173849000189438, 55.00586804901599], [13.176066837089433, 55.00918182297853], [13.180148305999543, 55.01132313974692], [13.184052149291002, 55.01122123191311], [13.187778366963812, 55.00887609947711], [13.189463504981166, 55.005460443083656], [13.189107563343065, 55.00097426273274], [13.19079188500519, 54.997558503648335], [13.194516469967544, 54.99521316583045], [13.1982406259458, 54.9928677147984], [13.20196435293996, 54.990522150552195], [13.201786089376347, 54.988279066627655], [13.197705835254958, 54.986138463024794], [13.1936260197756, 54.983997720729434], [13.189546642938273, 54.98185683974157], [13.185467704630149, 54.97971582010932], [13.181389204851229, 54.9775746618327], [13.17544911202465, 54.97660565201895]]]}}, {"type": "Feature", "properties": {"band": "light", "dbz": 30.0, "source": "OPERA-ORD", "time": "20260907001000"}, "geometry": {"type": "Polygon", "coordinates": [[[12.458331265318815, 54.976332929354335], [12.454565914511038, 54.97865576868008], [12.45080013311715, 54.980978491907535], [12.447033921137148, 54.98330109903672], [12.441247770507594, 54.98454046896566], [12.433441681228487, 54.98469660169435], [12.427654636938428, 54.98593561526899], [12.423886637637416, 54.988257509689575], [12.424022177991716, 54.99050170199018], [12.42806125800133, 54.99266819217082], [12.43398471190924, 54.993673351432975], [12.441792539715447, 54.99351717977664], [12.447716838469733, 54.99452194366705], [12.4517576081721, 54.996687643104195], [12.455798816511505, 54.998853206799616], [12.459840463487948, 55.00101863475332], [12.465765956105669, 55.00202224330663], [12.473575294364665, 55.001864032459515], [12.479362939299662, 55.000623127364236], [12.483128890910665, 54.998299528020794], [12.484873247492292, 54.99489360661678], [12.484596009044544, 54.99040536315218], [12.482436664143677, 54.98707889954502], [12.478395212789687, 54.984914215795285], [12.474354199726628, 54.98274939626057], [12.470313624954496, 54.980584440940866], [12.466273488356999, 54.97841934988363], [12.462233789934137, 54.97625412308885], [12.458331265318815, 54.976332929354335]]]}}, {"type": "Feature", "properties": {"band": "light", "dbz": 30.0, "source": "OPERA-ORD", "time": "20260907001000"}, "geometry": {"type": "Polygon", "coordinates": [[[11.160163141212355, 54.99448049055632], [11.15235192144045, 54.99455456957965], [11.146525323968895, 54.99573262778088], [11.142683348797686, 54.99801466516001], [11.140826041341075, 55.001401054663184], [11.140953401599063, 55.00589179629041], [11.143002621254393, 55.009241510080486], [11.146973700307065, 55.01145019603341], [11.15286659329745, 55.01251748100879], [11.16068130022554, 55.012443365006646], [11.166509595401202, 55.0112649152779], [11.170351478824436, 55.00898213182255], [11.172206996829127, 55.005595387770676], [11.172076149415275, 55.00110468312227], [11.17002523205584, 54.99775536085971], [11.166054244750818, 54.99554742098301], [11.160163141212355, 54.99448049055632]]]}}, {"type": "Feature", "properties": {"band": "light", "dbz": 30.0, "source": "OPERA-ORD", "time": "20260907001000"}, "geometry": {"type": "Polygon", "coordinates": [[[12.64857867469614, 54.8094269548527], [12.640807080219886, 54.8095962789746], [12.635051253413165, 54.81084508405236], [12.631311194275977, 54.81317337008596], [12.627570709166234, 54.8155015411617], [12.623829798083936, 54.81782959727959], [12.620088460893665, 54.820157538397915], [12.616346697595423, 54.82248536451667], [12.614620873282675, 54.82589328806371], [12.614910987955419, 54.83038130903901], [12.615201179023487, 54.834869325879765], [12.615491446486882, 54.839357338585984], [12.61376448753467, 54.84276515956245], [12.610020302166852, 54.845092788809154], [12.60425878792323, 54.846339856043485], [12.596479944803807, 54.846506361265426], [12.590717542840721, 54.84775307475114], [12.58697158203398, 54.8500799965006], [12.583225194218127, 54.85240680301982], [12.579478379393155, 54.8547334943088], [12.575731137423386, 54.85706007032569], [12.571983468308812, 54.85938653107047], [12.5702524091647, 54.862793817321524], [12.570537959991048, 54.86728192907884], [12.57082358608822, 54.87177003678898], [12.57110928745622, 54.87625814045196], [12.571395064153077, 54.88074624008124], [12.571680916178789, 54.885234335676806], [12.573842253785275, 54.88855916400747], [12.577879076972534, 54.89072072507321], [12.581916336146776, 54.89288215025292], [12.585954031307999, 54.89504343954663], [12.588116820216479, 54.8983681034268], [12.588404702872216, 54.90285614189342], [12.588692661486112, 54.9073441763556], [12.588980696058169, 54.91183220681332], [12.591144937901417, 54.91515670611329], [12.595185387015853, 54.917317674255486], [12.599226272807403, 54.91947850635077], [12.603267595276069, 54.92163920239913], [12.607309354536934, 54.92379976235317], [12.611351550589998, 54.925960186212905], [12.61539418355035, 54.92812047393093], [12.619437253417992, 54.93028062550724], [12.621604766328499, 54.93360466305587], [12.621896722281875, 54.938092586576815], [12.624065143959704, 54.94141647548385], [12.628110031361988, 54.94357632977698], [12.632155356132508, 54.94573604780024], [12.636201118271257, 54.94789562955363], [12.640247317893428, 54.950055074989635], [12.644293954999018, 54.95221438410826], [12.648193163361876, 54.95212964511118], [12.651944942982007, 54.94980085799838], [12.65569629331517, 54.947471955663], [12.659447214361364, 54.94514293810504], [12.663197706257622, 54.942813805366505], [12.666947769003938, 54.9404845574474], [12.670697402737323, 54.93815519438972], [12.674446607457773, 54.93582571619346], [12.680218963797092, 54.93457502216359], [12.688014471755285, 54.93440311230011], [12.69378593508376, 54.93315206439321], [12.697533353782518, 54.9308218784429], [12.699256834176085, 54.92741292566835], [12.69895637626446, 54.922925206069564], [12.700679034986585, 54.919516147037186], [12.704424810342463, 54.91718574857123], [12.710193595753646, 54.91593363965747], [12.71798539122013, 54.91575982029589], [12.72390516400818, 54.91675117855692], [12.727952914117793, 54.91890771444056], [12.732001101013017, 54.92106411373737], [12.736049724693853, 54.92322037644738], [12.740098785274771, 54.92537650252308], [12.744148282755768, 54.92753249196445], [12.748198217251318, 54.92968834472398], [12.752248588761418, 54.93184406080165], [12.756145625778846, 54.93175587142623], [12.759889328303599, 54.929423776597716], [12.76160748908996, 54.92601395636816], [12.761300108137927, 54.92152641073757], [12.760992808268984, 54.91703886100201], [12.760685589483126, 54.91255130716149], [12.762402619116347, 54.90914138598676], [12.766143897168647, 54.906809097477804], [12.771909314703901, 54.90555407079728], [12.779698871722106, 54.90537630594518], [12.785463397048176, 54.90412092640213], [12.789202890682109, 54.90178793216811], [12.790917462358214, 54.898377694042566], [12.790607112076493, 54.8938902120255], [12.788427878786813, 54.89056920494868], [12.784379762489175, 54.88841467281213], [12.778462653557993, 54.887426245008164], [12.770676551993265, 54.887603921536794], [12.762890386373579, 54.887781099744174], [12.75510415669893, 54.88795777963031], [12.749188219069415, 54.886968196553326], [12.745142573485033, 54.88481235051322], [12.74296732804013, 54.88149061214749], [12.742662482734712, 54.877002981456116], [12.744379597160732, 54.8735932956226], [12.748118671318192, 54.87126155464695], [12.751857318415624, 54.8689296990363], [12.755595538453026, 54.86659772879065], [12.757311524266461, 54.86318794183721], [12.757005275855926, 54.858700338175964], [12.75483077952492, 54.85537869775517], [12.750788035273438, 54.853223020574845], [12.744876935033151, 54.85223293639953], [12.73709747880406, 54.85240844522923], [12.729317959438658, 54.85258345620472], [12.721538376936945, 54.85275796932599], [12.713758731656199, 54.85293198458023], [12.705979023596424, 54.853105501967434], [12.7000694306913, 54.85211350646592], [12.696029952940826, 54.849955998075686], [12.693860696280048, 54.846633347079624], [12.69356166070896, 54.842145553477735], [12.69139330895587, 54.83882275351832], [12.687355641020776, 54.836664947201385], [12.683318407693903, 54.834507004767666], [12.679281608975252, 54.83234892621717], [12.675245244750952, 54.8301907115971], [12.671209315021006, 54.82803236090745], [12.667173819671552, 54.82587387419541], [12.663138758702587, 54.823715251460975], [12.660973666578355, 54.82039198824525], [12.660678543298857, 54.815904084548215], [12.658514354227897, 54.81258067272271], [12.654481099365476, 54.81042175276873], [12.64857867469614, 54.8094269548527]]]}}, {"type": "Feature", "properties": {"band": "light", "dbz": 30.0, "source": "OPERA-ORD", "time": "20260907001000"}, "geometry": {"type": "Polygon", "coordinates": [[[11.861721778830223, 54.91502275380458], [11.85792798519924, 54.917327160710734], [11.854133761119591, 54.91963144933632], [11.850339106591278, 54.92193561968134], [11.846544021480426, 54.92423967170295], [11.842748505787036, 54.926543605401136], [11.838952559377205, 54.92884742073303], [11.83515618225093, 54.931151117698626], [11.831257736083481, 54.93120982319898], [11.827257220874856, 54.92902353723407], [11.823257142057672, 54.926837118293506], [11.819257499631929, 54.924650566377274], [11.815359011072843, 54.92470877259167], [11.811561676380416, 54.92701173693671], [11.807763910889602, 54.92931458279105], [11.803965714600405, 54.93161731015471], [11.800167087379005, 54.933919918984714], [11.796368029225405, 54.93622240928107], [11.794568456302464, 54.93961855284657], [11.794768368610178, 54.94410834968117], [11.796868677899157, 54.94744688702929], [11.8008693841694, 54.9496341648909], [11.804870527397176, 54.9518213097909], [11.808872107582483, 54.9540083217293], [11.81287412484444, 54.95619520065934], [11.816876579183043, 54.95838194658103], [11.822779311585144, 54.959416812719795], [11.830582322050741, 54.95929979907563], [11.836383236619671, 54.95808942704572], [11.840182055291933, 54.95578569663005], [11.843980442566838, 54.95348184777734], [11.847778398444387, 54.95117788048756], [11.851575923058789, 54.9488737948037], [11.855373016410049, 54.94656959072573], [11.85916967863235, 54.94426526829658], [11.862965909725697, 54.94196082751625], [11.86676170982425, 54.939656268427626], [11.870557078928007, 54.93735159103073], [11.872350523310265, 54.933954423487975], [11.87214204297102, 54.92946476579935], [11.871933617662938, 54.924975104564304], [11.871725247386017, 54.92048543978284], [11.869620465597094, 54.91714809313195], [11.865619272296176, 54.914963064611655], [11.861721778830223, 54.91502275380458]]]}}, {"type": "Feature", "properties": {"band": "light", "dbz": 30.0, "source": "OPERA-ORD", "time": "20260907001000"}, "geometry": {"type": "Polygon", "coordinates": [[[12.451938577319329, 54.903436321391865], [12.444148206755465, 54.90359310212864], [12.436357779625173, 54.903749384163035], [12.428567295928449, 54.903905167495054], [12.420776756024768, 54.9040604521132], [12.412986159914128, 54.90421523801747], [12.407209982900042, 54.90545326870286], [12.403448224982514, 54.90777454416936], [12.4017009809715, 54.911179435555006], [12.401968250867004, 54.91566794285983], [12.40411726519275, 54.918995793277276], [12.408148023948744, 54.921162986807374], [12.412179219373336, 54.92333004502992], [12.416210851466525, 54.925496967944916], [12.416345025332383, 54.92774120622384], [12.412581740970907, 54.9300627598667], [12.40881802715009, 54.93238419737854], [12.405053883869936, 54.93470551875936], [12.40518812859693, 54.93694975319208], [12.40922076133107, 54.93911690067671], [12.413253831195027, 54.94128391278821], [12.417287338188796, 54.943450789526565], [12.421321282428558, 54.94561753084451], [12.42535566391431, 54.94778413674204], [12.43127242682191, 54.9487894510758], [12.439071571151358, 54.94863347384579], [12.444852657557934, 54.94739421308344], [12.448615686041636, 54.94507166878874], [12.452378284843821, 54.94274900848501], [12.456140453964487, 54.940426232172214], [12.461920129858035, 54.93918587642847], [12.46971731252447, 54.939027941253755], [12.475496096923855, 54.937787229810965], [12.479256483056195, 54.9354637421001], [12.47911877234413, 54.93321958551643], [12.47508296478766, 54.93105476005998], [12.471047594135445, 54.92888979901649], [12.467012660387482, 54.926724702385975], [12.464858024675346, 54.9233979818177], [12.464583686999035, 54.91890963731167], [12.464309421696594, 54.914421288902155], [12.46403522876802, 54.90993293658914], [12.461882039878116, 54.906606053080345], [12.457849855026879, 54.90444063837577], [12.451938577319329, 54.903436321391865]]]}}, {"type": "Feature", "properties": {"band": "light", "dbz": 30.0, "source": "OPERA-ORD", "time": "20260907001000"}, "geometry": {"type": "Polygon", "coordinates": [[[8.4239604878733, 54.639395554919496], [8.416218278760276, 54.63929444096911], [8.410367654034694, 54.640341011620066], [8.406408613696556, 54.642535266872386], [8.40434109605546, 54.64587757538414], [8.404165101111406, 54.65036793715534], [8.40596947968558, 54.65376118386609], [8.40975423177798, 54.65605731551639], [8.413539408357318, 54.65835332856427], [8.417325009423598, 54.66064922300972], [8.419130574426806, 54.66404235597877], [8.418956103366943, 54.66853272747143], [8.416887977498519, 54.671875139230124], [8.412926196821532, 54.67406959125485], [8.408963986368708, 54.67626391207773], [8.405001346140047, 54.67845810169876], [8.401038276018216, 54.680652160072206], [8.397074776003212, 54.68284608719808], [8.393110845977695, 54.68503988303061], [8.389146485941666, 54.687233547569804], [8.387075221818392, 54.690575528929934], [8.386897053607875, 54.69506582711098], [8.386718838630514, 54.69955612150549], [8.386540576886311, 54.70404641211345], [8.3883458022082, 54.70743989143686], [8.39213451459618, 54.709736559475736], [8.395923652767749, 54.712033108831356], [8.399713216722905, 54.71432953950372], [8.399624443977837, 54.71657468552185], [8.39565733453254, 54.718768546885734], [8.39168979417261, 54.72096227683401], [8.387721822898047, 54.723155875366665], [8.383753420591152, 54.72534934243783], [8.379784587251923, 54.727542678047506], [8.375815322762655, 54.72973588214978], [8.37184562712335, 54.731928954744646], [8.367875500216288, 54.734121895786195], [8.363904942041474, 54.736314705274424], [8.360024986333157, 54.73626227867954], [8.356235633091332, 54.73396461600155], [8.354431942511779, 54.730570676433786], [8.354613914594495, 54.72608045997626], [8.352811054900775, 54.72268640646658], [8.349023363430618, 54.72038851590476], [8.34514430275199, 54.72033560573152], [8.341173872864893, 54.722527675946864], [8.337203011919284, 54.724719614517284], [8.333231719915162, 54.726911421442765], [8.329259996735036, 54.72910309667739], [8.325287842378902, 54.731294640221144], [8.323209015915992, 54.73463549017317], [8.323023517346307, 54.739125646533466], [8.324824953639009, 54.74252004436922], [8.328613324794103, 54.74481868368043], [8.332402122471242, 54.747117204459556], [8.336191346670427, 54.74941560670661], [8.339980997522908, 54.751713890378994], [8.343771075028684, 54.7540120554767], [8.349548195871389, 54.75521384553843], [8.35731236005102, 54.755319260564164], [8.363090355933092, 54.75652069001514], [8.366882183517607, 54.75881813389135], [8.37067443805672, 54.76111545904605], [8.374467119550433, 54.76341266547924], [8.378260228130012, 54.76570975314825], [8.382053763795456, 54.768006722053094], [8.383861025325839, 54.7714003220175], [8.383682012721163, 54.775890553041464], [8.38350295302521, 54.780380780403995], [8.383323846237978, 54.78487100410507], [8.38513230086283, 54.78826449073088], [8.388928316899763, 54.7905612402814], [8.392724760733817, 54.792857870934675], [8.396521632364994, 54.795154382690725], [8.400318931924827, 54.79745077550673], [8.404116659413322, 54.7997470493827], [8.40990205316572, 54.80094596874303], [8.417675113182023, 54.8010475335877], [8.423548448453072, 54.800000948908206], [8.427522058978873, 54.797806214704565], [8.431495236682512, 54.795611348978], [8.435467981563992, 54.7934163517285], [8.441340095531082, 54.792368627947205], [8.449111578583786, 54.79246817763409], [8.454897549849523, 54.7936652382785], [8.458698009328296, 54.795959809880436], [8.460512896578262, 54.799352262872816], [8.460342211599418, 54.80384259725565], [8.458270435768572, 54.807185633593754], [8.454297569085721, 54.80938137188712], [8.450324269252947, 54.81157697870374], [8.446350536270252, 54.8137724540436], [8.44427737538023, 54.81711533945599], [8.444104786582882, 54.821605634940916], [8.445919926264054, 54.824998205081585], [8.449722794423744, 54.827293049877994], [8.453526091433526, 54.82958777543433], [8.457329817293397, 54.831882381750574], [8.459146157782834, 54.83527483784064], [8.458975112901836, 54.83976514370454], [8.458804022946373, 54.84425544603839], [8.458632887916442, 54.84874574484218], [8.460450430616364, 54.85213808681134], [8.464256651046137, 54.85443247194587], [8.470051609585601, 54.85562852909875], [8.477835306234757, 54.85572625826998], [8.483715028830831, 54.85467678274112], [8.487690777373825, 54.852480102512175], [8.491666091763001, 54.85028329082235], [8.49564097199836, 54.848086347671654], [8.501519466598133, 54.847035732018384], [8.509301575562315, 54.84713144386252], [8.51509710789584, 54.848325639160876], [8.518906063598713, 54.85061831791343], [8.522715448885927, 54.852910877087076], [8.526525263757486, 54.8552033166818], [8.532322157776665, 54.85639640747402], [8.540106130943466, 54.856490149463745], [8.545903903606737, 54.85768287721625], [8.549715475766481, 54.85997459073153], [8.553527477811425, 54.86226618451972], [8.557339909741568, 54.864557658580814], [8.563139043517086, 54.86574928116325], [8.57092487913798, 54.86584105226704], [8.57680363433647, 54.864787074943], [8.580775309112555, 54.862587349191145], [8.584746549568187, 54.86038749231789], [8.588717355703363, 54.85818750432325], [8.59268772763803, 54.85598738525329], [8.596657665372192, 54.853787135108035], [8.600627169025785, 54.85158675393352], [8.604596238598809, 54.849386241729746], [8.61047206083007, 54.84833035346285], [8.61825463571957, 54.84841908913282], [8.626037242452927, 54.84850732647798], [8.633819881030146, 54.84859506549833], [8.64160255109203, 54.84868230618743], [8.649385252638577, 54.84876904854527], [8.655259456239229, 54.84771126890398], [8.65922516189398, 54.845508967263555], [8.661282316843218, 54.84216251478774], [8.661430921086941, 54.83767191147652], [8.661579486194963, 54.83318130470208], [8.661728012167288, 54.82869069446442], [8.659894999453993, 54.82530125276794], [8.656080448055084, 54.82301297961264], [8.652266325764222, 54.820724586437585], [8.648452632581407, 54.818436073242765], [8.644639368375765, 54.81614744007129], [8.640826533147298, 54.81385868692319], [8.63701412676515, 54.81156981384156], [8.633202149229325, 54.80928082082637], [8.62939060040899, 54.80699170792077], [8.625579480304149, 54.80470247512474], [8.62176878878399, 54.802413122481326], [8.617958525848515, 54.80012364999053], [8.614148691366939, 54.797834057695425], [8.610339285339263, 54.795544345596014], [8.606530307634722, 54.7932545137353], [8.602721758253315, 54.790964562113295], [8.6027988580631, 54.78871927911115], [8.606761607064074, 54.786518664728845], [8.610647274406674, 54.786563209858045], [8.6144558600909, 54.78885291449873], [8.618264874004092, 54.79114249935942], [8.622074316146252, 54.7934319644401], [8.627865182632048, 54.79462050125455], [8.635637473461479, 54.794708109802734], [8.641504182291568, 54.793650974955455], [8.645465309122313, 54.79144909671271], [8.647520800833707, 54.78810284561088], [8.647670657425753, 54.78361222164997], [8.64584081112838, 54.78022254756368], [8.642031261941586, 54.77793382335201], [8.638222140701211, 54.77564497930432], [8.634413447407253, 54.7733560154206], [8.634488746523363, 54.771110703479465], [8.63844803804954, 54.76890904348092], [8.642406897689563, 54.76670725289485], [8.646365325443432, 54.76450533172125], [8.650323321430403, 54.76230328000589], [8.654280885650476, 54.76010109774876], [8.658238018222903, 54.757898784995604], [8.662194719147681, 54.75569634174644], [8.664246981727421, 54.75234978320438], [8.66439480596212, 54.74785910936942], [8.662565138478158, 54.74446966776613], [8.658757979275537, 54.74218145839451], [8.652973380650986, 54.74099411131156], [8.645211342604505, 54.74090762651726], [8.639427615684143, 54.739719916585244], [8.6356221998899, 54.73743098151549], [8.6318172110149, 54.73514192674988], [8.628012649059144, 54.73285275228844], [8.624132106004948, 54.73280877005421], [8.620175581852314, 54.73500998004722], [8.616218626590953, 54.73721105946632], [8.612261240220866, 54.73941200831151], [8.606401622634237, 54.74046774979759], [8.598639773831064, 54.74037828392454], [8.590877957279943, 54.74028832121798], [8.58311617298087, 54.74019786167791], [8.577334353062184, 54.73900719282391], [8.573532497523887, 54.736716314655965], [8.569731068758962, 54.73442531703821], [8.565930066767413, 54.732134199970645], [8.562129491419007, 54.72984296349607], [8.558329342713751, 54.72755160761449], [8.554529620521436, 54.72526013236869], [8.55073032484206, 54.722968537758675], [8.544951599016944, 54.72177604332332], [8.537193443046082, 54.721682649062615], [8.531415588900488, 54.72048979282613], [8.527618036580163, 54.718197474613866], [8.527699097904343, 54.71595221921261], [8.531658772873023, 54.713754026622354], [8.537516831380756, 54.7127016159168], [8.545273273427537, 54.71279498709595], [8.551130489678872, 54.71174219159616], [8.55508848013476, 54.70954322941745], [8.55714718842843, 54.706198470115815], [8.55730661455988, 54.70170791369127], [8.557465998861183, 54.69721735355207], [8.557625341332335, 54.692726789698206], [8.555806993635887, 54.689335725936985], [8.55201095577184, 54.68704416226839], [8.548134858556958, 54.68699775357227], [8.544178701991243, 54.68919649984859], [8.540222115394142, 54.69139511539622], [8.536265098765659, 54.693593600215124], [8.532307651987733, 54.695791954259676], [8.52834977506036, 54.69799017752986], [8.52439146786547, 54.70018826997999], [8.520432730403066, 54.70238623161008], [8.516555844444605, 54.70233881894015], [8.512760809990093, 54.70004603197019], [8.510945531475517, 54.696654391317466], [8.511110008900875, 54.69216389698195], [8.509295562319668, 54.688772141248066], [8.505502191731896, 54.686479124115806], [8.501709246523522, 54.68418598794217], [8.497916726694545, 54.68189273272719], [8.496103474113529, 54.678500862261615], [8.496269488780474, 54.67401037654545], [8.494457066997443, 54.67061839114548], [8.49066620876444, 54.66832490606171], [8.48489697266476, 54.667129552275064], [8.477149358698403, 54.66703232978553], [8.471380992019311, 54.66583661519363], [8.467591872627482, 54.66354240849937], [8.465781941125256, 54.66015007869464], [8.465951197512632, 54.65565962577945], [8.46414209540003, 54.652267181305795], [8.460354634787448, 54.64997274527368], [8.454588875366802, 54.6487759488885], [8.446844817138091, 54.64867679215026], [8.44107992646905, 54.64747963537468], [8.437294203359677, 54.64518447856176], [8.433508904461195, 54.64288920309015], [8.429724029773606, 54.64059380895984], [8.4239604878733, 54.639395554919496]]]}}, {"type": "Feature", "properties": {"band": "light", "dbz": 30.0, "source": "OPERA-ORD", "time": "20260907001000"}, "geometry": {"type": "Polygon", "coordinates": [[[12.745069172544358, 54.826385129092095], [12.741334004950733, 54.8287167820526], [12.73961844283533, 54.83212644481176], [12.73992248619815, 54.83661411736959], [12.742094974155679, 54.83993594166856], [12.746135906707913, 54.84209191770864], [12.752045176182662, 54.84308167536447], [12.759822782579926, 54.84290521463604], [12.765579061528552, 54.84165078777387], [12.769314013028545, 54.83931839477797], [12.769160659844903, 54.83707459338147], [12.765119001977627, 54.83491938358438], [12.761077778712037, 54.832764037364385], [12.757036990048128, 54.83060855472151], [12.752996635872424, 54.82845293570301], [12.748956716184923, 54.8262971803089], [12.745069172544358, 54.826385129092095]]]}}, {"type": "Feature", "properties": {"band": "light", "dbz": 30.0, "source": "OPERA-ORD", "time": "20260907001000"}, "geometry": {"type": "Polygon", "coordinates": [[[10.672971519297663, 54.827459957294245], [10.665191941906869, 54.827502804043846], [10.657412349250093, 54.82754515261894], [10.64963274132734, 54.82758700301951], [10.641853118497663, 54.827628355242496], [10.634073480761066, 54.82766920928789], [10.628256016162402, 54.82882249596721], [10.624400724701669, 54.831088215280445], [10.620545002487574, 54.83335381168502], [10.616688849520113, 54.83561928518095], [10.610870062000362, 54.83677145740985], [10.60308863992832, 54.83681032837173], [10.597268982672745, 54.837962130874615], [10.593411090233637, 54.8402268649185], [10.589552766755247, 54.842491475903884], [10.585694012237575, 54.84475596383077], [10.58180284868082, 54.8447746541651], [10.577879276084982, 54.842547546906864], [10.573956136328514, 54.84032031195065], [10.570033429411415, 54.83809294929646], [10.564181324472809, 54.83699720851211], [10.556399821512695, 54.83703308959759], [10.550578808296379, 54.83818265646279], [10.546718284823864, 54.8404459091077], [10.54674895839582, 54.84269159195358], [10.550670829012248, 54.84491970500043], [10.554593132554087, 54.847147690427704], [10.558515869021337, 54.849375548235415], [10.562439038537555, 54.85160327837832], [10.566362641102746, 54.85383088085645], [10.57221690901477, 54.85492623407966], [10.58000184227363, 54.85488933804797], [10.58585696900163, 54.8559843119588], [10.589782289198775, 54.85821115581216], [10.593708042710603, 54.86043787184839], [10.597634229537118, 54.862664460067506], [10.603490627011283, 54.863758304213384], [10.6112772351331, 54.86371940428603], [10.619063829020734, 54.863680005680294], [10.626850408674184, 54.863640108396176], [10.634636973733224, 54.86359971243662], [10.64242352419785, 54.86355881780162], [10.648245265503952, 54.862405137646284], [10.652102197651526, 54.86013867197064], [10.653994346175198, 54.85675979234327], [10.65392171107497, 54.8522684987642], [10.655813005643544, 54.84888949726066], [10.659668229880927, 54.846622787832644], [10.665487357918073, 54.84546799910738], [10.673270389754983, 54.84542513108485], [10.679088647019682, 54.84426997304807], [10.68294212971217, 54.84200252499702], [10.684830864549198, 54.838623158284484], [10.684754851530762, 54.83413187291045], [10.682752960764425, 54.83077430614743], [10.678825192250182, 54.82855045799544], [10.672971519297663, 54.827459957294245]]]}}, {"type": "Feature", "properties": {"band": "light", "dbz": 30.0, "source": "OPERA-ORD", "time": "20260907001000"}, "geometry": {"type": "Polygon", "coordinates": [[[10.532818674186084, 54.819172197929554], [10.525040573918993, 54.81920606892522], [10.517262461627396, 54.81923944184494], [10.5094843373113, 54.81927231668871], [10.50366454818692, 54.82041963844549], [10.499803094254261, 54.822681407115304], [10.49789999522117, 54.82605799380026], [10.497955251087642, 54.83054939850036], [10.499942097195987, 54.83390991488234], [10.503860533546204, 54.83613954294621], [10.507779402536535, 54.8383690436044], [10.511698704166982, 54.84059841685692], [10.515618438561209, 54.842827662658664], [10.51953860571922, 54.84505678100961], [10.52342982034655, 54.845040084194856], [10.527292082443207, 54.8427775722144], [10.5311539133842, 54.84051493692785], [10.535015313169534, 54.83825217833521], [10.538876281927145, 54.835989296480534], [10.542736819657033, 54.83372629136383], [10.544636870806332, 54.830349098879225], [10.544576435375038, 54.82585771902673], [10.542586594324451, 54.82249783743329], [10.53866734765457, 54.820269454098906], [10.532818674186084, 54.819172197929554]]]}}, {"type": "Feature", "properties": {"band": "light", "dbz": 30.0, "source": "OPERA-ORD", "time": "20260907001000"}, "geometry": {"type": "Polygon", "coordinates": [[[6.355111413887074, 54.72063003546963], [6.347361202227188, 54.72039652452321], [6.3396110742518275, 54.72016251808665], [6.331861029960992, 54.71992801615997], [6.324111069705606, 54.719693018760196], [6.31636119348567, 54.71945752588733], [6.308611401652051, 54.719221537558475], [6.30086169420475, 54.718985053773636], [6.29311207149458, 54.71874807454999], [6.28536253352154, 54.718510599887544], [6.279447442002421, 54.71945342976452], [6.275366796937224, 54.72157656418092], [6.2712857198102965, 54.72369955869882], [6.2672042106216415, 54.72582241331819], [6.2631222692634685, 54.727945127991255], [6.259039895735776, 54.730067702717996], [6.254957089930777, 54.7321901374506], [6.250873851848472, 54.73431243218909], [6.246790181381073, 54.736434586885615], [6.242706078528581, 54.73855660154017], [6.240456082291621, 54.741859778625226], [6.240040192670191, 54.74634411814076], [6.239624193869986, 54.75082845243124], [6.239208085891002, 54.75531278149667], [6.240835364827948, 54.75873615041337], [6.244506030680823, 54.761098559181356], [6.250220229940115, 54.762399639713], [6.257977962605825, 54.76263939200831], [6.265735781050264, 54.76287864829109], [6.273493685273432, 54.76311740856134], [6.27920933245931, 54.76441741613512], [6.282882722607899, 54.76677867101243], [6.286556534599372, 54.76913981527814], [6.29023076843373, 54.77150084893224], [6.293905424249395, 54.77386177193441], [6.297580502046369, 54.77622258428464], [6.301256001963104, 54.77858328594259], [6.3049319239996, 54.78094387690826], [6.310650803164487, 54.782242122717605], [6.318412639457765, 54.78247802337062], [6.326174560255421, 54.78271342769808], [6.333936565557451, 54.78294833569997], [6.34169865501099, 54.783182747359156], [6.3494608286160386, 54.783416662675634], [6.355383244906336, 54.78247072071356], [6.35946590388188, 54.78034492147293], [6.36170866326735, 54.777039633424636], [6.362111523062745, 54.77255485656869], [6.364353368368708, 54.769249411858176], [6.3684341991852405, 54.76712329929312], [6.374354157294663, 54.766176150574964], [6.382113242696975, 54.76640796570374], [6.388032381610901, 54.765460414950525], [6.392111574036442, 54.76333349831532], [6.396190333415085, 54.76120644212537], [6.4002686597468275, 54.75907924638068], [6.406186676047874, 54.75813053534496], [6.413944382318222, 54.758360309018215], [6.419861579403989, 54.75741119627742], [6.423938267305172, 54.75528319712255], [6.424136441796019, 54.753040696068155], [6.420456102876529, 54.7506836931142], [6.416776185734054, 54.74832657907646], [6.413096690368594, 54.74596935395493], [6.411455388206431, 54.74254824692989], [6.411852279247565, 54.73806325800133], [6.410211773547128, 54.73464205159358], [6.406533871105119, 54.732284627706655], [6.400818711821062, 54.730990618389995], [6.393066295694955, 54.73076002364361], [6.385313962265943, 54.73052893323477], [6.377561711534026, 54.73029734716347], [6.371847992345617, 54.72900226414007], [6.368172804700716, 54.72664368416456], [6.3644980380879534, 54.724284993368315], [6.360823692507329, 54.721926191751336], [6.355111413887074, 54.72063003546963]]]}}, {"type": "Feature", "properties": {"band": "light", "dbz": 30.0, "source": "OPERA-ORD", "time": "20260907001000"}, "geometry": {"type": "Polygon", "coordinates": [[[11.12141849194716, 54.72532220234587], [11.11365903638993, 54.72539374472291], [11.107869905285265, 54.72656996100146], [11.104051098633164, 54.72885085118154], [11.10023186469115, 54.73113162064476], [11.096412203459218, 54.73341226939111], [11.090621736552361, 54.73458738015029], [11.082860463970583, 54.73465695292228], [11.077069128062757, 54.73583169877766], [11.073247728828886, 54.73811161771643], [11.071396308242614, 54.741497079717035], [11.071514866303941, 54.7459880847795], [11.073544982648876, 54.749339121859656], [11.077486657277415, 54.75155019095751], [11.081428763111491, 54.75376113063225], [11.085371300151106, 54.755971940883875], [11.089314268516603, 54.75818262166692], [11.093257668207974, 54.76039317298138], [11.099112555785359, 54.761463139223665], [11.106878931248758, 54.76139252039377], [11.112672747361739, 54.76021663464768], [11.116494004124307, 54.75793548198541], [11.118342745046307, 54.75454943266258], [11.118218970127739, 54.75005848667918], [11.12006686997144, 54.74667231930734], [11.123886444577415, 54.744390930547084], [11.12770559160795, 54.74210942112502], [11.131524311063044, 54.739827791041165], [11.133370990204778, 54.73644150484563], [11.133245629033148, 54.73195056253843], [11.131211766266944, 54.72860042632796], [11.127269401906165, 54.726391096214215], [11.12141849194716, 54.72532220234587]]]}}, {"type": "Feature", "properties": {"band": "light", "dbz": 30.0, "source": "OPERA-ORD", "time": "20260907001000"}, "geometry": {"type": "Polygon", "coordinates": [[[8.824266046832243, 54.72480749835784], [8.816506801977766, 54.72473198249043], [8.808747584349792, 54.72465596995032], [8.80098839394832, 54.724579460737495], [8.795135539164331, 54.72564460630021], [8.791189019997823, 54.727851406638436], [8.787242070079596, 54.730058077106506], [8.78329468940965, 54.732264617704445], [8.779414706876038, 54.732225613277556], [8.775602122478762, 54.72994106382586], [8.771789965096723, 54.727656394149236], [8.767978234729922, 54.72537160424768], [8.764098280322544, 54.72533210310081], [8.76015010187459, 54.72753789070862], [8.756201492649911, 54.72974354832378], [8.752252452648506, 54.731949075946304], [8.748302981750982, 54.734154473530594], [8.744353079957342, 54.73635974107667], [8.74428394580762, 54.73860513968897], [8.748095579301815, 54.7408906693675], [8.75190764009476, 54.74317607887655], [8.755720128186457, 54.74546136821613], [8.75953304370656, 54.74774653734318], [8.763346386655066, 54.750031586257734], [8.767228057500114, 54.75007110695087], [8.771178056241702, 54.74786509942259], [8.775127623765833, 54.74565896190326], [8.779076760072503, 54.743452694392865], [8.782958459088618, 54.743491718120396], [8.786772720814177, 54.74577603308584], [8.790587410038047, 54.74806022771567], [8.794402526760223, 54.75034430200989], [8.800192255145303, 54.75152462216172], [8.80795659519329, 54.75160118817116], [8.813812517953185, 54.75053570755958], [8.817760023424992, 54.748328180326986], [8.821707097717516, 54.74612052328732], [8.825653740830756, 54.743912736440556], [8.829599952884548, 54.74170481983225], [8.833545733878893, 54.739496773462406], [8.835583021188416, 54.73614729731419], [8.835711814813124, 54.73165639138763], [8.833868576033977, 54.72826951789116], [8.830053304850981, 54.725986676824746], [8.824266046832243, 54.72480749835784]]]}}, {"type": "Feature", "properties": {"band": "light", "dbz": 30.0, "source": "OPERA-ORD", "time": "20260907001000"}, "geometry": {"type": "Polygon", "coordinates": [[[6.6283542943678455, 54.611643640905044], [6.620623472601343, 54.61142767502824], [6.614732013331306, 54.612386965167644], [6.610679916557736, 54.61452151132326], [6.608467051346474, 54.617831680331996], [6.608093417697523, 54.62231747219383], [6.607719686262353, 54.62680325898869], [6.607345857040961, 54.63128904071659], [6.606971929958571, 54.63577481739046], [6.606597905015183, 54.64026058901032], [6.604382994251026, 54.643570561990074], [6.6003271976661, 54.645704736329726], [6.594430646876527, 54.64666274481894], [6.586693341882304, 54.6464445874577], [6.578956114743946, 54.64622593545263], [6.571218965461453, 54.64600678880373], [6.563481894384075, 54.64578714752683], [6.55574490151181, 54.64556701162194], [6.548007987193854, 54.64534638110499], [6.54027115143021, 54.64512525597597], [6.534372862101179, 54.646080598763966], [6.530313119206763, 54.64821240946898], [6.528091788435033, 54.651521055215866], [6.527708869785988, 54.65600653600462], [6.525486633576806, 54.65931502688087], [6.521425079807484, 54.66144652784462], [6.515524343271819, 54.66240067159881], [6.507784423969811, 54.66217745814346], [6.501882871497983, 54.66313120200439], [6.497819685856335, 54.66526190318159], [6.495594731334635, 54.66856992895467], [6.495208007932883, 54.673055279323606], [6.494821183189222, 54.67754062460045], [6.494434257103655, 54.68202596478518], [6.496080250995842, 54.68544599836792], [6.499759164865784, 54.687800725348644], [6.503438499258298, 54.6901553410773], [6.507118254173385, 54.69250984555387], [6.510798429747865, 54.694864238738006], [6.514479025981736, 54.69721852062969], [6.520192768549828, 54.69850688314758], [6.527939657452142, 54.698729326291684], [6.533845396017531, 54.697774601043314], [6.537909984245996, 54.69564270740247], [6.541974141159557, 54.69351067502962], [6.546037866758214, 54.69137850392476], [6.551942480071082, 54.69042262208419], [6.559687981098161, 54.69064302950792], [6.56559177658438, 54.6896867478054], [6.569653866529741, 54.687553776976664], [6.573715525370133, 54.68542066757125], [6.577776753105559, 54.683287419589156], [6.581837549844938, 54.681154033077796], [6.5858979155882675, 54.67902050803716], [6.589957850444471, 54.676886844514655], [6.594017354413549, 54.67475304251028], [6.59807642760442, 54.67261910207141], [6.602135070017085, 54.67048502319804], [6.606193281760465, 54.66835080593753], [6.610251062834561, 54.666216450289866], [6.614121957653948, 54.66632485374797], [6.617805966218624, 54.668676016311835], [6.621490395168919, 54.67102706721538], [6.625175244504832, 54.6733780064586], [6.630889105180998, 54.67466115032716], [6.6386319771974165, 54.674876498821064], [6.644531573224156, 54.67391635114081], [6.648587893261214, 54.6717807072864], [6.652643782607549, 54.669644925225974], [6.65669924126316, 54.66750900495953], [6.662597708285382, 54.66654770261439], [6.670339183674215, 54.666761018190556], [6.6780807349426485, 54.6669738387866], [6.685822362090684, 54.66718616440253], [6.691719699231052, 54.66622370776436], [6.695772746363754, 54.664086468872085], [6.697981375238158, 54.66077481527156], [6.698345585854264, 54.65628874696279], [6.698709701118156, 54.65180267371134], [6.699073721029831, 54.647316595517225], [6.699437645662203, 54.642830512367425], [6.699801475015273, 54.63834442426193], [6.698140576673154, 54.63492701264791], [6.694454950635846, 54.63257827752534], [6.688744724828574, 54.63129785173826], [6.68100989925134, 54.631085735286675], [6.675117037358753, 54.63204796027933], [6.671066139150813, 54.63418452671623], [6.667014811144968, 54.63632095514414], [6.662963053341219, 54.63845724556306], [6.6590953294767345, 54.638350432449144], [6.655411639551516, 54.63600051580241], [6.651728369246868, 54.63365048745312], [6.648045518562791, 54.63130034740128], [6.644363087363599, 54.62895009568731], [6.6406810756492956, 54.626599732311185], [6.639025189362211, 54.623181601517274], [6.63939542850235, 54.61869570330557], [6.637740337367088, 54.61527747161065], [6.634059915956428, 54.61292690643252], [6.6283542943678455, 54.611643640905044]]]}}, {"type": "Feature", "properties": {"band": "light", "dbz": 30.0, "source": "OPERA-ORD", "time": "20260907001000"}, "geometry": {"type": "Polygon", "coordinates": [[[8.902587988565884, 54.69858934020598], [8.894833624407006, 54.69851884351743], [8.88898701038574, 54.699588531614964], [8.885048146502086, 54.70179840449857], [8.883016989458385, 54.705148831719605], [8.88289353925464, 54.70963981327807], [8.884740377795861, 54.713025867202774], [8.888557505082044, 54.71530699349373], [8.892375059305248, 54.71758799913576], [8.896193040465473, 54.71986888412886], [8.89804109878983, 54.723254819030885], [8.897919234278323, 54.72774580384181], [8.899768132638458, 54.731131620620516], [8.903587793870239, 54.733412269366966], [8.909378260777014, 54.73458738012627], [8.917139533358785, 54.73465695289843], [8.92293086926653, 54.735831698753934], [8.926752268500252, 54.73811161769278], [8.93057409531543, 54.740391415766894], [8.934396349712063, 54.74267109297626], [8.940189020820338, 54.74384473265761], [8.947952108640251, 54.74391233481094], [8.953803210600627, 54.742840089996676], [8.957742326701464, 54.74062799821479], [8.959769416170762, 54.73727642954666], [8.95988447900852, 54.73278538399227], [8.958030842050185, 54.72940039259149], [8.954208505295753, 54.727121455344296], [8.950386595836491, 54.72484239717748], [8.9465651136724, 54.722563218091054], [8.944712700937718, 54.719178106975725], [8.944829357632443, 54.7146870638315], [8.942977785301892, 54.71130183424683], [8.939157983946064, 54.70902241822172], [8.933369994836745, 54.70784844607826], [8.925613817973936, 54.70777991781647], [8.919826696354427, 54.706605580895584], [8.916008629978222, 54.704325435315624], [8.91219099025392, 54.70204516903179], [8.908373777181522, 54.6997647820441], [8.902587988565884, 54.69858934020598]]]}}, {"type": "Feature", "properties": {"band": "light", "dbz": 30.0, "source": "OPERA-ORD", "time": "20260907001000"}, "geometry": {"type": "Polygon", "coordinates": [[[10.065840009370774, 54.64964206951482], [10.058094129252938, 54.64964603576351], [10.052286000435732, 54.65077174041865], [10.048415622919157, 54.65301918348022], [10.044544818165331, 54.65526650188656], [10.040673586174252, 54.65751369563766], [10.03486417338142, 54.658638284320304], [10.027116579786835, 54.6586402679345], [10.019368985661437, 54.658641755645164], [10.011621391005228, 54.65864274745232], [10.003873796172082, 54.65864324335584], [9.996126201161996, 54.658643243355755], [9.990315932313393, 54.65752014213892], [9.986442989626271, 54.655273939705346], [9.982570474224167, 54.6530276124942], [9.97869838610708, 54.65078116050547], [9.972889399868059, 54.649656942948575], [9.965143515507103, 54.64965495982352], [9.959332820788346, 54.65077620244825], [9.955457315711783, 54.653020670822734], [9.953516998650189, 54.65638873414998], [9.953511869603558, 54.660880392429966], [9.9515706969584, 54.66424832878498], [9.947693480714713, 54.66649254321503], [9.941880222855385, 54.667612666326704], [9.934130923380414, 54.667608698120006], [9.926381625499143, 54.66760423388803], [9.918632329211572, 54.66759927363077], [9.910883034871851, 54.667593817348575], [9.903133742479984, 54.66758786504145], [9.89731878012769, 54.668706125961656], [9.893438147814969, 54.670948600109185], [9.891491841502953, 54.67431565688989], [9.891479861191641, 54.67880729630377], [9.889532697410713, 54.682174225581285], [9.885650350160166, 54.68441644472243], [9.881767574642181, 54.68665853847052], [9.877884370856759, 54.68890050682556], [9.874000738680197, 54.69114234974323], [9.870116678112495, 54.69338406722354], [9.866232189029944, 54.69562565922214], [9.862347271432538, 54.69786712573902], [9.858461925196552, 54.700108466729844], [9.854576150321984, 54.702349682194594], [9.85068994668509, 54.704590772088906], [9.846803314285872, 54.70683173641279], [9.844851422757639, 54.71019802134984], [9.844834272100394, 54.71468962690005], [9.844817116937662, 54.719181229033666], [9.844799957269446, 54.72367282775069], [9.844782793092282, 54.728164423065294], [9.844765624406168, 54.73265601497747], [9.846693492373163, 54.73602713054656], [9.850566396993262, 54.738277769772544], [9.856384344145251, 54.73940756244507], [9.864147333829129, 54.73941650856414], [9.86997301234798, 54.73830013396354], [9.873861379701804, 54.73605843864329], [9.875812430866791, 54.73269179281496], [9.875826165842941, 54.728200196478575], [9.875839897211918, 54.72370859674096], [9.875853624973722, 54.7192169936021], [9.877803381427704, 54.71585021444144], [9.881689166573867, 54.71360825925895], [9.885568520030555, 54.71361198450684], [9.889441441797771, 54.715861390185104], [9.89331479227694, 54.71811067126478], [9.897188571468057, 54.72035982774587], [9.90300524705701, 54.72148738655463], [9.910764819043798, 54.72149334769107], [9.918524392987758, 54.72149881206681], [9.92628396888889, 54.72150377968185], [9.93404354639135, 54.72150825053584], [9.941803125495134, 54.72151222462877], [9.949562705844397, 54.72151570196034], [9.957322287439137, 54.72151868253056], [9.963141115890387, 54.722643633874], [9.967019191198148, 54.72489055599066], [9.970897695564929, 54.72713735317461], [9.974776628990735, 54.729384025425844], [9.98059674613779, 54.73050785843615], [9.988358047006093, 54.73050885220553], [9.99417902274639, 54.729386509726396], [9.998059673358682, 54.72714083099876], [9.999999998664903, 54.723772186134994], [9.99999999866505, 54.71928057513509], [10.001939465983114, 54.71591180352622], [10.00581840061909, 54.71366587130838], [10.009696906498156, 54.711419814106385], [10.01357498362031, 54.70917363192024], [10.015513165094145, 54.70580472854783], [10.015511450919657, 54.70131310398917], [10.015509737195032, 54.696821475988834], [10.015508023920269, 54.69232984454683], [10.013568557152915, 54.68896130577188], [10.00969133689297, 54.686715859663984], [10.005814544738826, 54.68447028859197], [10.001938180690477, 54.68222459255583], [9.999999998666375, 54.67885592182965], [9.999999998666524, 54.674364276413414], [10.001937324952, 54.670995479042325], [10.005811977522805, 54.66874952971641], [10.00968705775032, 54.66874928167283], [10.01356256563454, 54.6709947349116], [10.015501175315345, 54.674363284177865], [10.015502886792731, 54.678854929471605], [10.01744235246038, 54.68222335197041], [10.021319572318289, 54.684468551674286], [10.025197220305513, 54.686713626352756], [10.02907529642205, 54.688958576005824], [10.031016047754873, 54.69232686636941], [10.031019474303985, 54.69681849744352], [10.032961082770811, 54.70018666087684], [10.036840873155349, 54.70243135666935], [10.042658844072328, 54.70355221501717], [10.050414995521749, 54.70354923592028], [10.05623039471654, 54.70242390929521], [10.060105041656701, 54.70017623514198], [10.062038938579857, 54.696806583264085], [10.06203208548601, 54.69231495366153], [10.063965126767956, 54.688945175588955], [10.067838062425697, 54.686697249046354], [10.073650889868997, 54.68557080442153], [10.081403609097856, 54.68556584171449], [10.087215579588229, 54.684439024633974], [10.091086801340113, 54.68219035317995], [10.093017277793395, 54.67882019694977], [10.093007008948073, 54.67432855594345], [10.092996742795705, 54.66983691145174], [10.092986479336297, 54.66534526347468], [10.091041886917893, 54.66197795190219], [10.087162965540493, 54.65973497673427], [10.083284471711561, 54.65749187637761], [10.079406405431097, 54.655248650832206], [10.075528766575573, 54.65300530014224], [10.071651555144985, 54.65076182430773], [10.065840009370774, 54.64964206951482]]]}}, {"type": "Feature", "properties": {"band": "light", "dbz": 30.0, "source": "OPERA-ORD", "time": "20260907001000"}, "geometry": {"type": "Polygon", "coordinates": [[[8.64890660774361, 54.45455621294012], [8.644978503304685, 54.45675838134581], [8.641049974710349, 54.45896042016373], [8.637121021960604, 54.4611623293939], [8.633191644939227, 54.46336410899139], [8.629261843646221, 54.465565758956224], [8.629187028982077, 54.4678111897112], [8.632967200946798, 54.470100401256325], [8.63674779328351, 54.47238949384552], [8.640528805992215, 54.47467846747878], [8.640453952287318, 54.47692389418975], [8.636523232168821, 54.479125773978446], [8.63259208733559, 54.48132752407528], [8.628660517787628, 54.483529144480265], [8.624728523408528, 54.485730635148435], [8.620796104198291, 54.48793199607979], [8.616939440954622, 54.48788782277098], [8.613158533677518, 54.48559811522201], [8.609378047047514, 54.48330828877223], [8.605597981064607, 54.48101834342164], [8.59985175467211, 54.479828462901565], [8.592139367870024, 54.47973864721202], [8.586316168792314, 54.48079379318361], [8.582382157438978, 54.482993900816325], [8.580337279478886, 54.486339337050595], [8.580181534912034, 54.490830101886424], [8.581993641679947, 54.49422082402029], [8.585773599782625, 54.49651150345221], [8.589553978807448, 54.49880206403855], [8.59333477875442, 54.5010925057793], [8.595148071649367, 54.504483112114876], [8.594993857492291, 54.508973883045265], [8.594839603055537, 54.513464649979916], [8.594685308339102, 54.517955412918816], [8.594530973312235, 54.52244617187593], [8.594376597974932, 54.52693692685126], [8.594222182296413, 54.53142767785878], [8.594067726276675, 54.53591842489849], [8.593913229884901, 54.54040916798435], [8.59375869312109, 54.54489990711635], [8.593604115954395, 54.54939064230849], [8.593449498384818, 54.55388137356074], [8.593294840381471, 54.558372100887084], [8.593140141944362, 54.56286282428751], [8.592985403042574, 54.56735354377598], [8.592830623676107, 54.57184425935252], [8.590781769054196, 54.575189718062674], [8.58683883917684, 54.57738991990645], [8.582895482102865, 54.579589991549554], [8.578951697832274, 54.58178993299197], [8.57690148444806, 54.585135242572875], [8.576744841950227, 54.58962592029229], [8.57856094211698, 54.59301663847097], [8.582349784948317, 54.59530739710891], [8.588111425295057, 54.5964978279609], [8.595845863157198, 54.59658793102694], [8.601608368376773, 54.59777800084923], [8.605398940953782, 54.60006803742778], [8.607217526849576, 54.603458409034026], [8.607064126064158, 54.60794911566795], [8.608883541236032, 54.61133937161715], [8.612675772365199, 54.6136291768816], [8.616468427353407, 54.61591886286809], [8.620261506200654, 54.61820842957662], [8.624055009035711, 54.62049787696462], [8.627848935858573, 54.622787205032104], [8.631643286798038, 54.625076413736494], [8.6354380618541, 54.62736550307779], [8.637260334043685, 54.630755411342314], [8.63711010336679, 54.63524613853006], [8.63893320666335, 54.63863593085696], [8.642729643933356, 54.64092478832303], [8.64652650579959, 54.643213526316664], [8.650323792262054, 54.645502144837884], [8.654121503449698, 54.64779064384402], [8.657919639362525, 54.65007902333505], [8.66171820012951, 54.65236728326834], [8.665517185750655, 54.65465542364388], [8.665443252915267, 54.656900793816696], [8.661496401623346, 54.659103393786786], [8.655649663146729, 54.660161547412955], [8.647903037485417, 54.6600752546952], [8.642055458122806, 54.661133024925846], [8.638106925058896, 54.66333485810489], [8.634157962704759, 54.66553656101167], [8.63020857106039, 54.66773813364621], [8.626258750007576, 54.66993957596299], [8.622308499546314, 54.67214088796202], [8.620257206725409, 54.6754868779428], [8.620104871544859, 54.67997754590534], [8.62192851666479, 54.6833675687424], [8.625728142085201, 54.685656946454], [8.62952819317827, 54.68794620463367], [8.633328669944, 54.69023534328139], [8.633252870258136, 54.69248067712991], [8.629300794120683, 54.69468220617922], [8.625348287898063, 54.69688360482071], [8.62139535159028, 54.69908487305436], [8.62131951211006, 54.70133020320835], [8.625120769457405, 54.70361959528267], [8.628922452923529, 54.70590886777667], [8.632724562508429, 54.70819802069036], [8.636527098341816, 54.710487053980934], [8.640330060423686, 54.71277596764839], [8.64610998771352, 54.71396363481451], [8.65386688021132, 54.71405005547931], [8.659647677822052, 54.7152373600446], [8.663452380545719, 54.71752554851038], [8.667257509813263, 54.71981361720593], [8.671063065624685, 54.72210156613123], [8.676845208125265, 54.72328776837512], [8.684603937315003, 54.7233722239376], [8.692362696574142, 54.723456182874], [8.70012148590268, 54.723539645184324], [8.705976196097108, 54.722479365775314], [8.709926827157428, 54.72027534464698], [8.71197332870966, 54.716927951549735], [8.71211570075381, 54.71243718648361], [8.712258035429896, 54.70794641777522], [8.71240033273792, 54.70345564542458], [8.714445472405277, 54.700108104739925], [8.718393454431965, 54.697903795721246], [8.724244328748393, 54.69684234890543], [8.73199809535456, 54.69692376429248], [8.739751890895025, 54.69700468340322], [8.747505715369787, 54.697085106237665], [8.755259568424341, 54.69716503278994], [8.763013450058686, 54.69724446306006], [8.768795024112915, 54.69842656398178], [8.772604290587024, 54.70071133555513], [8.776413983405371, 54.70299598697713], [8.780224102567953, 54.705280518247775], [8.78600701551468, 54.70646151600475], [8.793762722245551, 54.706538980248055], [8.799612512741852, 54.70547416928514], [8.803556387003578, 54.70326708311603], [8.807499831204717, 54.70105986722717], [8.811442845345267, 54.698852521618576], [8.81538542954455, 54.69664504633565], [8.819327583802565, 54.6944374413784], [8.823269308238624, 54.692229706792205], [8.827210602852729, 54.69002184257709], [8.833057472489736, 54.68895513491304], [8.840809917149647, 54.68902958380005], [8.846655942473072, 54.687962493891206], [8.85059554846001, 54.685753865186484], [8.854534724876702, 54.68354510700469], [8.858473471723151, 54.68133621934581], [8.862411789118704, 54.679127202255145], [8.866349677063361, 54.6769180557327], [8.870287135676463, 54.67470877982379], [8.874224164958006, 54.672499374528385], [8.878160765027323, 54.670289839891794], [8.882096935884412, 54.668080175914014], [8.88603267764859, 54.6658703826403], [8.88996799031986, 54.66366046007065], [8.893902874017526, 54.66145040825031], [8.897837328741588, 54.65924022717926], [8.899865233074385, 54.65588961531051], [8.899986587015915, 54.651398572644034], [8.89814156772934, 54.64801262922447], [8.894330175214655, 54.645731785051815], [8.890519207851534, 54.64345082042801], [8.886708665639974, 54.64116973535305], [8.886769721647322, 54.63892421284968], [8.890702375873582, 54.63671425291789], [8.894634601800679, 54.63450416382359], [8.898566399428617, 54.63229394556678], [8.900592879884485, 54.62894330402541], [8.900714043168286, 54.624452239199485], [8.900835174724449, 54.619961170652225], [8.90095627455297, 54.61547009838361], [8.901077342678134, 54.61097902237961], [8.901198379099938, 54.606487942640236], [8.901319383842644, 54.601996859151406], [8.901440356906248, 54.597505771913134], [8.899597609038063, 54.5941198211214], [8.895791140238087, 54.59183900677619], [8.891985095257725, 54.589558072127545], [8.88817947409698, 54.58727701717547], [8.884374276628396, 54.58499584196271], [8.880569502851973, 54.58271454648927], [8.876765152640282, 54.580433130797914], [8.872961225993322, 54.57815159488864], [8.869157722783683, 54.575869938804146], [8.865354643011361, 54.57358816254445], [8.859587942796047, 54.57241066366852], [8.85185762213774, 54.57233744217635], [8.84609178323663, 54.57115958039721], [8.842290426092728, 54.568877078331084], [8.842353776451983, 54.56663155246269], [8.8462818343144, 54.56442300279201], [8.850209465628806, 54.56221432401119], [8.854136670395203, 54.560005516120206], [8.856163148877831, 54.55665557604314], [8.85628890107669, 54.55216450377997], [8.85831451221735, 54.5488144282332], [8.862239982299808, 54.54660534940281], [8.866165026293427, 54.54439614158147], [8.870089644198208, 54.542186804769216], [8.872113915252203, 54.538836583594474], [8.872237839455412, 54.53434547805725], [8.872361731286754, 54.52985436864879], [8.872485590746226, 54.525363255369086], [8.870648429569702, 54.52197682576377], [8.866850247757178, 54.51969507983288], [8.861091088880787, 54.51851765007656], [8.85337095294053, 54.51844453649484], [8.847612652662974, 54.51726674433153], [8.84381618804812, 54.514984273586634], [8.840020145259242, 54.512701682959104], [8.836224524296334, 54.510418972448925], [8.832364919138564, 54.51038167942187], [8.828441329785928, 54.51258980387794], [8.826415095566407, 54.51593939951528], [8.826286216480003, 54.520430466333906], [8.824259116298018, 54.52377992635304], [8.82033379502045, 54.5259877795727], [8.814510298010168, 54.52705365842861], [8.806788625267169, 54.52697756292078], [8.801030460916655, 54.52579755014989], [8.797235804958623, 54.52351362011598], [8.793441570944804, 54.52122957035726], [8.789647758875201, 54.51894540087373], [8.785854368622726, 54.51666111170791], [8.782061400187377, 54.51437670285978], [8.780231862508556, 54.51098898930398], [8.780365755586264, 54.50649797104054], [8.782395286033552, 54.50314914764907], [8.786320453850422, 54.500942519129566], [8.790245196626515, 54.498735761462996], [8.794169514361828, 54.49652887464936], [8.794235985391074, 54.49428335482722], [8.790444609714251, 54.49199920199659], [8.786653655195446, 54.489714929556285], [8.782863121834659, 54.487430537506285], [8.779073009505112, 54.48514602588898], [8.775283318206808, 54.48286139470436], [8.771494047812991, 54.480576643994816], [8.767705198323663, 54.47829177376033], [8.76391676961209, 54.47600678404327], [8.760128761678274, 54.47372167484364], [8.756272677368628, 54.47368195183387], [8.752348516683153, 54.47588761501396], [8.748423931480723, 54.47809314896939], [8.744498921761338, 54.480298553700166], [8.740642865655275, 54.480258337392655], [8.73685576316253, 54.47797250004686], [8.733069081378707, 54.475686543339606], [8.729282820303803, 54.47340046727089], [8.723534099170065, 54.47221647801478], [8.715822917977492, 54.47213457557128], [8.708111765846175, 54.472052179905035], [8.70040064277611, 54.471969291016016], [8.692689549114792, 54.471885908910195], [8.684978484862226, 54.471802033587565], [8.677267450365884, 54.471717665054136], [8.669556445625764, 54.4716328033099], [8.663809981968278, 54.47044624921776], [8.660028059393426, 54.468158002777685], [8.658210626596404, 54.464768430860445], [8.658357683577211, 54.460277533466055], [8.65654107404148, 54.45688784576096], [8.65276079798921, 54.45459936774516], [8.64890660774361, 54.45455621294012]]]}}, {"type": "Feature", "properties": {"band": "light", "dbz": 30.0, "source": "OPERA-ORD", "time": "20260907001000"}, "geometry": {"type": "Polygon", "coordinates": [[[8.363914049588265, 54.63972167610524], [8.35995256078718, 54.64191440687356], [8.35599064296733, 54.64410700633359], [8.352028296128713, 54.646299474485346], [8.348065520154547, 54.64849181128314], [8.34410231504483, 54.65068401672696], [8.342029253920856, 54.654025245110184], [8.341846336782627, 54.6585154964328], [8.341663371679147, 54.66300574389232], [8.341480358610418, 54.66749598748875], [8.343280252922401, 54.670890149894944], [8.347063054615095, 54.67318823111091], [8.352828827938765, 54.67438986212777], [8.360577572893412, 54.67449504294553], [8.368326355224692, 54.674599727893586], [8.376075174932605, 54.674703916971936], [8.381931293124243, 54.673659293996856], [8.3858947097996, 54.67146585896833], [8.387965362157043, 54.66812398092047], [8.388143250196569, 54.663633659853254], [8.388321091612479, 54.659143334943884], [8.388498886404776, 54.654653006192355], [8.386696277170977, 54.65125941600093], [8.382913263911083, 54.648962564369626], [8.379130674840113, 54.64666559428189], [8.375348509958066, 54.64436850573773], [8.371566769134985, 54.64207129877951], [8.367785452370867, 54.63977397340723], [8.363914049588265, 54.63972167610524]]]}}, {"type": "Feature", "properties": {"band": "light", "dbz": 30.0, "source": "OPERA-ORD", "time": "20260907001000"}, "geometry": {"type": "Polygon", "coordinates": [[[6.710737093675807, 54.55096979118441], [6.703017370428965, 54.55075913055253], [6.69713668851087, 54.55172248360351], [6.693095047921521, 54.553859850337346], [6.6908923213832185, 54.55717159699964], [6.6905285088959605, 54.56165772359041], [6.690164601342362, 54.566143845094274], [6.689800598722423, 54.57062996151123], [6.691458732910862, 54.5740474360857], [6.6951390039076815, 54.57639626881766], [6.698819693245117, 54.57874498982469], [6.702500800923168, 54.581093599106794], [6.702319080326371, 54.583336662714274], [6.698274531454723, 54.585474180647125], [6.69238908526102, 54.586437011798715], [6.684662741745261, 54.58622515616903], [6.6787764810113766, 54.587187589586556], [6.674730303059366, 54.58932431205131], [6.672524079624564, 54.59263569018803], [6.672157810706967, 54.59712172399672], [6.673815478246255, 54.60053942272807], [6.677497082242431, 54.60288878638206], [6.683202751086241, 54.60416944814611], [6.690932484777685, 54.60438140802023], [6.696639034222312, 54.60566172399764], [6.700322399420122, 54.608010396078356], [6.70400618374525, 54.610358956333876], [6.707690387197696, 54.61270740476419], [6.711375009912725, 54.6150557413289], [6.71506005189034, 54.61740396602802], [6.718745513265835, 54.61975207882111], [6.722431394039212, 54.622100079708176], [6.726297720707272, 54.622204862923354], [6.730344493270016, 54.62006642846664], [6.734390836457989, 54.617927856310004], [6.738436750271193, 54.61578914645345], [6.742482234818705, 54.61365029894402], [6.7465272901005235, 54.61151131378175], [6.75057191622573, 54.60937219101368], [6.754616113194324, 54.607232930639796], [6.758659881115381, 54.60509353270717], [6.762703219988903, 54.60295399721578], [6.764902937911882, 54.599641057649904], [6.765259034884318, 54.59515471400954], [6.7656150387775735, 54.590668365390684], [6.765970949591648, 54.58618201179334], [6.76430650895794, 54.58276546664266], [6.76062171687645, 54.58041872993865], [6.7549166983128694, 54.57914143504143], [6.747191453267198, 54.57893358195101], [6.741487313536022, 54.57765594097264], [6.737804279119341, 54.57530851210631], [6.7361422242880575, 54.57189166195069], [6.736501149042173, 54.567405390505755], [6.734839888774948, 54.5639884388026], [6.731158443486384, 54.561640806841226], [6.7274774162102995, 54.55929306307353], [6.723796806946695, 54.5569452074995], [6.720116615560977, 54.55459724015945], [6.7164368420531435, 54.55224916105338], [6.710737093675807, 54.55096979118441]]]}}, {"type": "Feature", "properties": {"band": "light", "dbz": 30.0, "source": "OPERA-ORD", "time": "20260907001000"}, "geometry": {"type": "Polygon", "coordinates": [[[8.019455462542505, 54.354860775316965], [8.011767858285666, 54.354733883893786], [8.004080298626977, 54.3546065010363], [7.996392783566442, 54.35447862674451], [7.990572144042323, 54.35550499508946], [7.986618380054618, 54.35768560607114], [7.98453141501316, 54.36102082488223], [7.984311248917951, 54.36551065152272], [7.982223413452859, 54.368845728332076], [7.978267908617883, 54.371026055310296], [7.972444811421665, 54.37205126708723], [7.964754121864206, 54.37192136366287], [7.959042023873724, 54.370701312620604], [7.955308517450218, 54.368391113960435], [7.953553524759989, 54.364991133035126], [7.953777045803035, 54.36050136984468], [7.952022859681527, 54.35710127863452], [7.948290966395466, 54.35479085940465], [7.942581444045584, 54.35356974699824], [7.9348942926318795, 54.353437941415294], [7.929072249608662, 54.35446132935391], [7.9251153149759315, 54.35663991081412], [7.923023409808635, 54.3599740509351], [7.922796534106771, 54.36446374971686], [7.92070375769755, 54.3677977473404], [7.916745080580968, 54.36997604380569], [7.912785980810565, 54.37215420809022], [7.908826458386341, 54.37433224019397], [7.906732301768418, 54.37766608029907], [7.906503510956795, 54.38215572840552], [7.90627466060484, 54.38664537200466], [7.906045750712554, 54.391135011096495], [7.907797891309163, 54.39453566089929], [7.911531082394669, 54.39684732141303], [7.915264690519631, 54.399158865970065], [7.918998715684052, 54.4014702945704], [7.92273315801684, 54.40378160717279], [7.926468017517993, 54.406092803777234], [7.932184060194619, 54.407314401587726], [7.9398812860467185, 54.40744640060425], [7.945598189644446, 54.40866764436187], [7.9493347709878055, 54.41097813286058], [7.949222269583778, 54.413222981797944], [7.9452606854323635, 54.41540219117399], [7.941298677535273, 54.41758126833429], [7.937336245892505, 54.41976021327886], [7.9333733903912815, 54.421939025962274], [7.929410111031602, 54.42411770638452], [7.9235782224669045, 54.42514052243096], [7.915877724697188, 54.42500747410158], [7.9081772738791605, 54.42487393343349], [7.900476870012824, 54.42473990042667], [7.894643809710919, 54.42576158308593], [7.890678092973446, 54.42793898141125], [7.88857963921158, 54.43127246131673], [7.888348448425321, 54.43576202280237], [7.8901009580523755, 54.43916290163113], [7.893837168092745, 54.44147509780299], [7.8995571592141705, 54.44269824521657], [7.907260931416651, 54.44283234387186], [7.91496475064503, 54.44296594994778], [7.9226686168993075, 54.44309906344433], [7.928389962735795, 54.444321125992005], [7.932128788154493, 54.4466321375908], [7.933885013860413, 54.45003246438758], [7.9336586398535545, 54.454522106382356], [7.931562010100718, 54.45785622636219], [7.927595124601904, 54.46003482432709], [7.921758062729997, 54.461057533942636], [7.914050824484998, 54.46092435520883], [7.906343633340257, 54.46079068365476], [7.898636489295774, 54.460656519280406], [7.890929392697736, 54.46052186209539], [7.8832223435461435, 54.4603867120997], [7.877383757169616, 54.46140753968236], [7.873413633568155, 54.463584344843376], [7.8713118913141695, 54.466917493885134], [7.871078530407659, 54.47140698680765], [7.868975910753612, 54.47473999263552], [7.865004032352029, 54.47691651136877], [7.8610317286333595, 54.47909289736857], [7.857058999597603, 54.481269150634915], [7.854954988209514, 54.484601998200176], [7.854719694469093, 54.48909144006435], [7.854484339321997, 54.493580877558884], [7.854248922768228, 54.4980703106838], [7.854013444760951, 54.50255973945279], [7.853777905300165, 54.507049163865844], [7.851671985577612, 54.51038183808088], [7.847695685593296, 54.5125577620979], [7.843718959399085, 54.51473355319612], [7.83974180699498, 54.51690921137555], [7.835764228267722, 54.519084736590386], [7.8317862232173105, 54.52126012884062], [7.825937976133054, 54.52227815931039], [7.818219487014954, 54.52213882799969], [7.810501047346709, 54.52199900308253], [7.802782657128323, 54.52185868455889], [7.796933236235152, 54.52287557757924], [7.792952784667197, 54.52504968214356], [7.790841217594217, 54.52838136518834], [7.790598535016211, 54.53287062671356], [7.792346924870725, 54.536272853286334], [7.796086387157757, 54.53858804490665], [7.799826269667207, 54.54090312063843], [7.803566572399074, 54.54321808048168], [7.807307295484211, 54.54553292439492], [7.81104843892262, 54.54784765237815], [7.814790002845181, 54.5501622643899], [7.818531987251896, 54.55247676043014], [7.822274392273669, 54.55479114045739], [7.8260172179105, 54.55710540447164], [7.829879451844381, 54.55717488303339], [7.83386109407531, 54.554999576142635], [7.837842309091308, 54.55282413616163], [7.841823096892373, 54.55064856309038], [7.845685379889963, 54.55071754760701], [7.8494291580840745, 54.553031089711524], [7.853173356978769, 54.55534451568147], [7.856917976574047, 54.557657825516856], [7.860663017000736, 54.559971019176125], [7.864408478258838, 54.562284096659255], [7.864290732117563, 54.564528789322985], [7.8603097785769105, 54.56670509716731], [7.854455722042923, 54.567724488245915], [7.8467285625156, 54.56758696255883], [7.840873678534212, 54.568605964987476], [7.83689107009876, 54.57078149553186], [7.836772413575771, 54.573026167033355], [7.840517708965244, 54.575339979491936], [7.846254785220461, 54.576565665478306], [7.853983642341422, 54.57670322499245], [7.859721588760082, 54.57792855606836], [7.8634686244764405, 54.580241658706036], [7.865224666888142, 54.58364290051058], [7.8649897159951845, 54.58813228148199], [7.864754703621391, 54.59262165824346], [7.864519629766761, 54.59711103079499], [7.866276820559657, 54.60051216470513], [7.870026276000078, 54.602825059973874], [7.875768078485585, 54.604049348695895], [7.883502228016178, 54.60418503087118], [7.891236425598029, 54.60432021829935], [7.8989706712311385, 54.60445491098039], [7.904828889397867, 54.603433378435426], [7.9088110800982125, 54.601255620664475], [7.912792842486198, 54.59907772994852], [7.9167741765618205, 54.596899706287566], [7.920640945592888, 54.59696630229101], [7.924393149579398, 54.599277517958846], [7.9281457755759215, 54.601588617075585], [7.9318988235824595, 54.60389959964124], [7.935652293730089, 54.606210465614026], [7.939406186018813, 54.60852121499396], [7.943160500579736, 54.61083184773924], [7.946915237412858, 54.61314236384989], [7.952660768181231, 54.61436300525952], [7.960397092884856, 54.614493771968135], [7.966255198136657, 54.613469264517974], [7.9702350839366325, 54.611289482909044], [7.974214541219419, 54.609109568566154], [7.978193569985016, 54.606929521489306], [7.982172170348164, 54.604749341724464], [7.986150342308864, 54.60256902927162], [7.988250164456936, 54.59923405613818], [7.988471636792383, 54.59474442232416], [7.990570576667162, 54.591409306576516], [7.994546984081275, 54.58922870889524], [7.998522963546412, 54.58704797864898], [8.002498515062573, 54.584867115837746], [8.004596061799106, 54.58153184346731], [8.004815603756011, 54.577042161537676], [8.006912269364285, 54.57370674673569], [8.010886058623925, 54.57152559906136], [8.016737048372194, 54.57049835087788], [8.024465238609093, 54.570625002185245], [8.030315398836027, 54.56959736663175], [8.034287529052992, 54.567415444217374], [8.034395940820612, 54.565170573608654], [8.030640634138887, 54.562862754805565], [8.024899734441776, 54.56164553532067], [8.01717324172928, 54.56151891515398], [8.009446794083477, 54.56139180077154], [8.001720391504367, 54.56126419217335], [7.995980851713762, 54.56004588309948], [7.992228174711661, 54.557736873549906], [7.99233822641405, 54.55549203001981], [7.996311006820931, 54.5533113525092], [8.000283360173167, 54.55113054255817], [8.004255286470757, 54.54894960016674], [8.006350791267948, 54.54561427128968], [8.00656987456474, 54.541124555926984], [8.008664500100629, 54.53778908473221], [8.012634667875616, 54.535607857705365], [8.016604409047545, 54.53342649836064], [8.020573723616415, 54.53124500669804], [8.024542611696432, 54.52906338276327], [8.0285110732876, 54.526881626556296], [8.032479108504113, 54.52469973812281], [8.036446717345973, 54.52251771746282], [8.040413899927374, 54.520335564621945], [8.044380656248316, 54.51815327960022], [8.05022313232358, 54.51712438219925], [8.05794132815317, 54.51724887241903], [8.063676992246256, 54.51846452043184], [8.067430124602838, 54.52077132623766], [8.071183677366808, 54.5230780151487], [8.074937650538164, 54.52538458716496], [8.080674669069657, 54.526599146044134], [8.088394732961287, 54.52672169178623], [8.09611484003505, 54.52684374375243], [8.103834990290949, 54.52696530194274], [8.109676861925353, 54.52593379852851], [8.113640454938261, 54.52374923350977], [8.117603621721086, 54.52156453661182], [8.121566362273828, 54.519379707834666], [8.125528676711026, 54.517194747223876], [8.12949056503268, 54.51500965477944], [8.133452027353325, 54.512824430546914], [8.137413063672962, 54.51063907452628], [8.141373674106118, 54.50845358676309], [8.145333858652792, 54.50626796725733], [8.145435953996827, 54.50402296199643], [8.141679960138223, 54.50171857098039], [8.137924386321364, 54.49941406285359], [8.134169232546254, 54.49710943761604], [8.13041449868368, 54.49480469530944], [8.12666018473364, 54.492499835933806], [8.122906290566947, 54.490194859530824], [8.119152816183602, 54.487889766100494], [8.115399761454439, 54.48558455568451], [8.111647126379458, 54.48327922828286], [8.105914962927184, 54.48206586002351], [8.098203271097614, 54.481944450906454], [8.0924719709399, 54.480730726589115], [8.08872106245404, 54.478424687071495], [8.086950472390157, 54.47502669903001], [8.087160200748254, 54.47053676246466], [8.087369874428369, 54.46604682161686], [8.087579493430502, 54.461556876486604], [8.087789057796295, 54.4570669270601], [8.087998567525746, 54.45257697333735], [8.08622947093275, 54.44917887596312], [8.08248176801731, 54.44687263493742], [8.078734483675388, 54.444566277179405], [8.074987617906988, 54.442259802689094], [8.075092712256177, 54.44001482685842], [8.079049766722955, 54.43783134968739], [8.082901751334855, 54.437892726274], [8.086648666091875, 54.44019895661823], [8.090395999333818, 54.4425050702113], [8.094143751060681, 54.44481106705317], [8.097891921401235, 54.447116947102344], [8.101640510355486, 54.4494227103588], [8.105389518052226, 54.451728356781004], [8.109138944491455, 54.454033886368975], [8.112991857821731, 54.45409429249317], [8.11694825804305, 54.45190957515361], [8.12090423381018, 54.4497247261806], [8.124859785123117, 54.44753974557412], [8.128814912095734, 54.44535463337956], [8.132769614728032, 54.443169389596896], [8.134849084075428, 54.43983173784903], [8.135053320137928, 54.43534167813597], [8.133281047498134, 54.431944254947354], [8.129532266156051, 54.42963946828319], [8.125783903072872, 54.42733456475092], [8.122035958248599, 54.425029544350544], [8.120264839233336, 54.42163201030336], [8.120470546027084, 54.417141962609364], [8.118700239097993, 54.41374431693127], [8.11495391844606, 54.41143907326909], [8.109231656081578, 54.41022586572193], [8.101533452004542, 54.410104694289785], [8.093835290668174, 54.409983030650096], [8.086137172072474, 54.409860874802845], [8.080416254149007, 54.4086465810219], [8.076672536897775, 54.406340149307255], [8.0749059469345, 54.40294194551716], [8.075116484259183, 54.39845196965162], [8.075326966800976, 54.39396198938523], [8.075537394559879, 54.38947200471803], [8.073771952899248, 54.386073690600064], [8.070030641819084, 54.38376704703135], [8.066289747754357, 54.38146028694861], [8.062549270705066, 54.37915341035183], [8.058809210543028, 54.37684641728238], [8.055069567268243, 54.37453930774025], [8.051330340752543, 54.37223208176674], [8.047591530995929, 54.36992473936186], [8.043853137870263, 54.367617280566904], [8.040115161375546, 54.365309705381875], [8.03637760138366, 54.363002013848025], [8.032640457894605, 54.36069420596537], [8.02890373078029, 54.35838628177518], [8.025167420040713, 54.35607824127743], [8.019455462542505, 54.354860775316965]]]}}, {"type": "Feature", "properties": {"band": "light", "dbz": 30.0, "source": "OPERA-ORD", "time": "20260907001000"}, "geometry": {"type": "Polygon", "coordinates": [[[11.147637404055478, 54.55437320193251], [11.139910481851526, 54.55444638741558], [11.134146298027515, 54.555623863194434], [11.130344852583448, 54.55790562926907], [11.128506189226991, 54.56129205354549], [11.128630307958144, 54.5657831360237], [11.1267908129082, 54.56916944269094], [11.12298770407716, 54.57145097354723], [11.119184171902589, 54.57373238421012], [11.11538021638449, 54.576013674679594], [11.111575837395534, 54.57829484491294], [11.107771034935716, 54.580575894910154], [11.103965808877682, 54.58285682462849], [11.100160159221431, 54.58513763406797], [11.098317789270094, 54.588523586170325], [11.098438699023669, 54.59301468093557], [11.09855964043211, 54.59750577193732], [11.098680613495423, 54.601996859175586], [11.098801618237836, 54.606487942664415], [11.098922654659345, 54.610979022403804], [11.100948187163638, 54.614329683820564], [11.104878215750713, 54.61653992691468], [11.108747269938846, 54.616504513497276], [11.11255534972804, 54.614223443568335], [11.116363005160155, 54.61194225330499], [11.12017023623519, 54.60966094270725], [11.125942441783486, 54.60848413569414], [11.133679621805046, 54.60841183226566], [11.139450964353788, 54.607234661892996], [11.143256469429712, 54.60495262457617], [11.147061550437739, 54.60267046707158], [11.15086620737787, 54.60038818937924], [11.154670440377842, 54.59810579154191], [11.158474249437658, 54.5958232735596], [11.160312295219839, 54.59243650276611], [11.160184577724383, 54.58794547916145], [11.160056893639503, 54.583454451760055], [11.159929242965198, 54.57896342056193], [11.159801625675923, 54.57447238555303], [11.15967404177168, 54.56998134673337], [11.159546491226953, 54.56549030408891], [11.159418974041742, 54.560999257619656], [11.157391627876216, 54.55764945308652], [11.153464452730375, 54.55544089048949], [11.147637404055478, 54.55437320193251]]]}}, {"type": "Feature", "properties": {"band": "light", "dbz": 30.0, "source": "OPERA-ORD", "time": "20260907001000"}, "geometry": {"type": "Polygon", "coordinates": [[[9.401554670916866, 54.522408171322304], [9.393833152496198, 54.522369634833964], [9.388025054993292, 54.52346344012423], [9.384130378408152, 54.52568958719311], [9.382149099126401, 54.52904844373529], [9.382081217148045, 54.53354000975077], [9.382013317424589, 54.53803157201705], [9.381945399956034, 54.54252313053411], [9.383826102546287, 54.545901624642255], [9.387655425195348, 54.54816705434149], [9.393433391559075, 54.54931905164623], [9.401160001637471, 54.54935761655648], [9.406971101139668, 54.548263461876246], [9.41086669006566, 54.54603658760552], [9.412846745600415, 54.5426773617351], [9.412911267743933, 54.538185784264996], [9.412975773029324, 54.53369420305079], [9.413040261456592, 54.52920261809247], [9.41115823678447, 54.52582447910161], [9.407329699012958, 54.52355978607819], [9.401554670916866, 54.522408171322304]]]}}, {"type": "Feature", "properties": {"band": "light", "dbz": 30.0, "source": "OPERA-ORD", "time": "20260907001000"}, "geometry": {"type": "Polygon", "coordinates": [[[10.543558783738215, 54.45978108588807], [10.535849011955126, 54.4598156108041], [10.530081045610618, 54.46096423924078], [10.52625488470469, 54.4632269711981], [10.5243705495234, 54.4666041736807], [10.524428040066747, 54.4710958466886], [10.524485545613773, 54.47558751586281], [10.524543066164478, 54.48007918120333], [10.524600601730306, 54.484570842724295], [10.52465815231126, 54.48906250042573], [10.524715717918795, 54.49355415432175], [10.524773298552912, 54.49804580441236], [10.526746052140483, 54.501406083906254], [10.530633978681507, 54.50363499280343], [10.534522329580424, 54.50586377521528], [10.53841110483724, 54.50809243114183], [10.542300304572091, 54.51032096053883], [10.546189928784983, 54.51254936340626], [10.55004946210591, 54.51253183071399], [10.553878904534871, 54.510268362462014], [10.557707924148632, 54.508004771985526], [10.561536520947191, 54.50574105928454], [10.565364695055052, 54.50347722440217], [10.569192446472217, 54.50121326733841], [10.573019775323166, 54.498949188136386], [10.5768466816079, 54.4966849867961], [10.58067316545089, 54.494420663360614], [10.58449922685213, 54.49215621782993], [10.586380097437074, 54.48877818365285], [10.586315777205723, 54.48428656082936], [10.584339272459275, 54.480927156196046], [10.580450583197733, 54.4786999697529], [10.574649687082601, 54.477604634304754], [10.56693658411388, 54.47764114985161], [10.561136528172945, 54.47654543890089], [10.557249519259795, 54.4743175014526], [10.555275578864428, 54.47095770469271], [10.55521470698684, 54.46646604862121], [10.553241620693473, 54.463106121296605], [10.54935631998433, 54.46087792271889], [10.543558783738215, 54.45978108588807]]]}}, {"type": "Feature", "properties": {"band": "light", "dbz": 30.0, "source": "OPERA-ORD", "time": "20260907001000"}, "geometry": {"type": "Polygon", "coordinates": [[[11.356531250947214, 54.327578707270135], [11.34884729109779, 54.32766520261198], [11.343120792901932, 54.328852644864654], [11.339351756359637, 54.33114103402815], [11.335582302765305, 54.33342930451337], [11.331812432118932, 54.33571745632032], [11.32608461893814, 54.33690380765947], [11.318398863222928, 54.33698835853083], [11.312670198880515, 54.33817435057895], [11.308898625910901, 54.34046178380382], [11.307084194230836, 54.343851023590226], [11.30722690384032, 54.34834206993817], [11.309256238750482, 54.35168938944081], [11.313172198961324, 54.35389298209816], [11.317088580765592, 54.35609644565603], [11.32100538416329, 54.35829978011441], [11.321077214384001, 54.3605452918516], [11.317304071427722, 54.3628329808676], [11.311572075588183, 54.36401864003309], [11.303881226865379, 54.36410226934806], [11.296190349011198, 54.36418540689168], [11.28849944202564, 54.36426805266396], [11.28269638068279, 54.363207084576324], [11.278781164982647, 54.361002502628764], [11.278711013722216, 54.358756970582455], [11.282485926901494, 54.35647048843739], [11.286260422366176, 54.35418388734442], [11.290034500116256, 54.35189716730356], [11.291851023012605, 54.34850827396278], [11.291709991055214, 54.34401720732206], [11.289682759059033, 54.34066949064183], [11.285769327024063, 54.338465123922084], [11.279969645961298, 54.33740374176365], [11.272283715870735, 54.33748534416654], [11.266553663350237, 54.3386691398903], [11.262779488399804, 54.340955128934965], [11.26096123918309, 54.344343676710615], [11.261098915700094, 54.34883478321724], [11.25927984738998, 54.35222321479993], [11.25550403425275, 54.35450897145866], [11.2517278033324, 54.35679460904925], [11.247951154628929, 54.35908012757172], [11.244174088016814, 54.36136552698405], [11.240396603496059, 54.363650807286234], [11.234662294659794, 54.364832803179915], [11.226971161508018, 54.3649115146651], [11.221236000929988, 54.36609315028636], [11.217456812925702, 54.368377710043696], [11.215633644013108, 54.371765559673165], [11.215766494192204, 54.37625669917476], [11.215899378949654, 54.38074783453696], [11.216032298285457, 54.38523896575976], [11.216165252225915, 54.389730092857185], [11.216298240771028, 54.39422121582923], [11.214473513366853, 54.3976089459655], [11.21069107001339, 54.39989328326599], [11.206908207688125, 54.40217750119794], [11.20312492639106, 54.404461599761355], [11.201299007284746, 54.40784921178253], [11.20143045036918, 54.412340337261476], [11.201561927698872, 54.41683145866217], [11.201693439273821, 54.42132257598464], [11.203717837755946, 54.424671631921385], [11.207635123145248, 54.42687862647243], [11.213445249286423, 54.427943193202466], [11.221148216179465, 54.42786533211151], [11.228851155510565, 54.42778697837827], [11.236554067279725, 54.42770813200275], [11.242365404453508, 54.42877157488209], [11.246285167031917, 54.43097730701633], [11.250205353021338, 54.43318291007246], [11.254125962421764, 54.4353883840505], [11.259938509882565, 54.436450702687274], [11.267642995403738, 54.43636986598277], [11.275347452301817, 54.43628853653253], [11.283051880576805, 54.43620671433657], [11.288794753541286, 54.435022416465834], [11.292576071195258, 54.432735642920335], [11.294395882917952, 54.42934676019268], [11.294254188709363, 54.42485576828285], [11.294112531404544, 54.42036477227731], [11.293970911003491, 54.415873772176035], [11.2957895346512, 54.41248477229278], [11.299568402347674, 54.41019777262754], [11.303418466270042, 54.41015614790737], [11.307339726418306, 54.41235989813229], [11.311261409583619, 54.4145635190972], [11.315183515765977, 54.416767010802104], [11.319106045081378, 54.41897037320229], [11.323028997529823, 54.42117360629775], [11.325063006359073, 54.424520698288795], [11.325208071569131, 54.42901164917543], [11.323390817829242, 54.43240099386402], [11.319611245139404, 54.43468873235457], [11.315831252846309, 54.43697635180319], [11.312050840949954, 54.43926385220987], [11.308270009323746, 54.44155123353246], [11.30448875796768, 54.44383849577096], [11.298745103689496, 54.445023540871524], [11.291039046489193, 54.44510636883415], [11.285294535928365, 54.44629105342254], [11.28151157200701, 54.4485775946367], [11.281582089555025, 54.45082308547291], [11.28550608857241, 54.45302752593118], [11.291321960552928, 54.45408832203009], [11.299029705496583, 54.45400547376965], [11.304846408927576, 54.45506588897156], [11.308772070845906, 54.457269567635834], [11.310806741325754, 54.46061687646247], [11.310950420367115, 54.465107815451475], [11.312985956068527, 54.4684549876983], [11.316913348429987, 54.470658393202946], [11.320841165250705, 54.472861669226226], [11.324769406530688, 54.47506481576813], [11.32869807238645, 54.47726783278377], [11.332627162817989, 54.47947072027312], [11.33655667794184, 54.481673478191276], [11.340486617757998, 54.48387610653823], [11.344416982383002, 54.48607860526904], [11.34834777181685, 54.48828097438369], [11.354170298984751, 54.489338720362426], [11.3618845638867, 54.48925184320526], [11.36763258833631, 54.48806379214825], [11.371414372333579, 54.48577456719141], [11.375195735648145, 54.483485223273185], [11.378976678280008, 54.481195760393554], [11.384723374515213, 54.480006614409575], [11.392435824353758, 54.47991778532124], [11.398258648168376, 54.48097367677944], [11.402191845959068, 54.483174288784156], [11.404235471465583, 54.486519988285124], [11.404389524687922, 54.491010775282334], [11.404543618128525, 54.49550155825585], [11.404697751787399, 54.49999233720567], [11.40674272871062, 54.50333788774887], [11.410678548898193, 54.505538209885465], [11.416505158167498, 54.50659293638252], [11.424222556518536, 54.50650206724005], [11.431939922579561, 54.50641070444711], [11.439657256350573, 54.506318848003716], [11.445405426326761, 54.50512709413963], [11.449184432508122, 54.50283544285485], [11.452963017747942, 54.50054367286422], [11.456741182046219, 54.49825178416773], [11.460518925530716, 54.49595977680754], [11.464296248201434, 54.493667650783664], [11.46610450039048, 54.49027623932145], [11.465943682097858, 54.48578554242091], [11.467751111902665, 54.48239401607348], [11.471526789804896, 54.48010166027915], [11.475302047367718, 54.47780918592901], [11.479076884591127, 54.47551659302306], [11.480883133238185, 54.47212495153405], [11.480720793308897, 54.46763426146198], [11.478671879441196, 54.46428985625726], [11.474736391635082, 54.46209173591987], [11.47080132817469, 54.459893485528134], [11.466866689060025, 54.45769510508206], [11.464819127967736, 54.454350550077514], [11.464658644897828, 54.449859820514504], [11.462611950755026, 54.44651512772054], [11.458679045539334, 54.44431647169561], [11.452859873319223, 54.44326348593183], [11.445154434094697, 54.443356170429205], [11.43933609115063, 54.44230280268729], [11.435404844487023, 54.44010338270607], [11.433360749171774, 54.43675827699197], [11.433203805204885, 54.43226748554498], [11.431160575492166, 54.42892224234007], [11.427231060033618, 54.42672254737723], [11.421415204161356, 54.42566803433131], [11.413713007875382, 54.4257587032023], [11.406010779874311, 54.42584887950327], [11.398308520158146, 54.42593856323423], [11.392569770190654, 54.427128357288396], [11.388794529971836, 54.429418261665745], [11.386982852749636, 54.43280864271287], [11.387134738524056, 54.43729950042977], [11.385322240112545, 54.44068976608456], [11.381545357515105, 54.44297943967724], [11.377692916275048, 54.44302355887935], [11.37376491639238, 54.44082212369088], [11.37172581664561, 54.43747596643432], [11.371575617034736, 54.43298508710968], [11.371425456550456, 54.42849420367525], [11.371275335192772, 54.424003316131035], [11.37112525293191, 54.419512424463065], [11.37097520976787, 54.415021528671346], [11.37082520567091, 54.41053062874189], [11.370675240641027, 54.406039724674706], [11.372487110791196, 54.402649571280826], [11.376260816121418, 54.40036016856023], [11.380109887666272, 54.40031609253882], [11.384034325425759, 54.402517343216594], [11.387959186037875, 54.404718464363455], [11.391884469502617, 54.40691945597941], [11.397696556758305, 54.40797513186774], [11.40539544780494, 54.40788549202843], [11.411130855413202, 54.40669536734827], [11.414902779583091, 54.40440475782726], [11.416711274279557, 54.401014029584395], [11.4165563395026, 54.39652318261967], [11.416401445045869, 54.3920323314717], [11.416246590909362, 54.3875414761405], [11.416091777062434, 54.38305061661209], [11.415937003505087, 54.37855975288647], [11.41389790919799, 54.37521417600678], [11.409974494141142, 54.37301388597301], [11.404166704505599, 54.37195851705479], [11.396474540291358, 54.37204806925214], [11.39066757704255, 54.37099231944876], [11.386745814759173, 54.368791267644674], [11.384709306412747, 54.36544527956828], [11.384558052003268, 54.360954355219576], [11.382522404974061, 54.35760823022588], [11.378602365325127, 54.35540690458717], [11.37475749604966, 54.355450926762984], [11.370987797147658, 54.35774029675332], [11.367217680613907, 54.36002954811459], [11.363447146448411, 54.362318680846805], [11.359602246504902, 54.362362211338635], [11.355682980783385, 54.360160139590064], [11.353649438355365, 54.35681361593047], [11.35350161922084, 54.35232264035984], [11.355312593765639, 54.34893271126181], [11.35908236198976, 54.34664382863639], [11.36285171288957, 54.344354827387306], [11.366620646465067, 54.342065707514564], [11.368430442207437, 54.33867566193957], [11.36828110011668, 54.334184690662326], [11.366248129521459, 54.33083826866758], [11.36233153042177, 54.328636395955336], [11.356531250947214, 54.327578707270135]]]}}, {"type": "Feature", "properties": {"band": "light", "dbz": 30.0, "source": "OPERA-ORD", "time": "20260907001000"}, "geometry": {"type": "Polygon", "coordinates": [[[7.612983819459092, 54.464323840997935], [7.605276910982539, 54.464170915799436], [7.5994308103952575, 54.46517824982518], [7.595445517697248, 54.46734584307517], [7.593320940798556, 54.47067406168385], [7.593057079699183, 54.47516290565121], [7.59478670842087, 54.478567971834345], [7.598509826963616, 54.48088926023325], [7.604226527507645, 54.48212640452598], [7.611936810052955, 54.48227940471254], [7.617784689394014, 54.48127174194232], [7.621770165530821, 54.47910341621533], [7.623893147114683, 54.47577479387413], [7.6241536341456015, 54.471285874918706], [7.622422226670138, 54.46788113748005], [7.618698924688292, 54.465560581558144], [7.612983819459092, 54.464323840997935]]]}}, {"type": "Feature", "properties": {"band": "light", "dbz": 30.0, "source": "OPERA-ORD", "time": "20260907001000"}, "geometry": {"type": "Polygon", "coordinates": [[[10.482091645587266, 54.47801025475705], [10.474378400527895, 54.478040849162376], [10.466665144846278, 54.47807095013114], [10.458951878542415, 54.47810055766335], [10.451238601964508, 54.47812967175688], [10.443525315112556, 54.47815829241172], [10.43775219048028, 54.479302499977926], [10.43391922806768, 54.48156229445549], [10.43202644463825, 54.48493804307091], [10.432073840191995, 54.48942974582419], [10.43403856322959, 54.4927915479209], [10.437920613751034, 54.49502344936103], [10.4418030882949, 54.49725522470693], [10.44568598686119, 54.4994868739586], [10.449569309570336, 54.501718397071905], [10.45345305642234, 54.50394979404686], [10.459254102446558, 54.5050506778656], [10.466972447642988, 54.5050210485281], [10.472748072291603, 54.50387572434033], [10.476580976392404, 54.50161470530229], [10.480413457758827, 54.499353563762135], [10.484245516390875, 54.497092299719874], [10.488077152412663, 54.49483091321869], [10.49190836582419, 54.49256940425859], [10.493796889709442, 54.48919281293483], [10.49374272406842, 54.484701139247434], [10.49177379796517, 54.48134021619139], [10.487890111399691, 54.479110043766724], [10.482091645587266, 54.47801025475705]]]}}, {"type": "Feature", "properties": {"band": "light", "dbz": 30.0, "source": "OPERA-ORD", "time": "20260907001000"}, "geometry": {"type": "Polygon", "coordinates": [[[7.690562070210465, 54.456847814014786], [7.6828563176429805, 54.45669985275376], [7.677013224723865, 54.457710958414665], [7.673032791453121, 54.459881130997516], [7.670914928752182, 54.46321073661412], [7.670659636621049, 54.467699775264485], [7.67239540436968, 54.47110374585191], [7.676122231998074, 54.473422648376406], [7.681840208672098, 54.47465611653864], [7.689549334391748, 54.474804150338606], [7.695394202593583, 54.47379271473164], [7.699374813277605, 54.47162180971772], [7.70149107810925, 54.468291801616104], [7.70174299708852, 54.463802690426796], [7.700005454057169, 54.46039904978543], [7.696278449015194, 54.458080879692005], [7.690562070210465, 54.456847814014786]]]}}, {"type": "Feature", "properties": {"band": "light", "dbz": 30.0, "source": "OPERA-ORD", "time": "20260907001000"}, "geometry": {"type": "Polygon", "coordinates": [[[7.523218295528808, 54.41756927520692], [7.515520463390663, 54.41741063185094], [7.509678819847626, 54.41841363149381], [7.505693364899699, 54.42057827413556], [7.501707485792298, 54.42274278280834], [7.497721182525422, 54.42490715751217], [7.4937344549882114, 54.42707139820121], [7.489747303180666, 54.429235504875436], [7.487616180520942, 54.43256186378415], [7.487341087009041, 54.43705047492736], [7.489060410814901, 54.44045705237506], [7.492774151938521, 54.44278159612725], [7.4964883102257325, 54.44510602541951], [7.500202885676536, 54.447430340251856], [7.503917878421762, 54.449754540583385], [7.50763328846141, 54.4520786264141], [7.513343275571572, 54.453320068719265], [7.521047839752248, 54.453478867498866], [7.526893856556111, 54.452475603914046], [7.53088132598316, 54.450310277964796], [7.5330101533719125, 54.44698325559621], [7.533280338722369, 54.442494536808276], [7.533550453704701, 54.43800581337862], [7.53382049831891, 54.43351708530727], [7.534090472618515, 54.429028352580644], [7.534360376603515, 54.42453961519875], [7.532638299346481, 54.421133584102094], [7.528924240847414, 54.41881025929064], [7.523218295528808, 54.41756927520692]]]}}, {"type": "Feature", "properties": {"band": "light", "dbz": 30.0, "source": "OPERA-ORD", "time": "20260907001000"}, "geometry": {"type": "Polygon", "coordinates": [[[10.929554930638444, 54.395654481742056], [10.925756879739213, 54.39792986472769], [10.921958409374135, 54.40020512724169], [10.918159519543211, 54.402480269284055], [10.91431051656429, 54.40250956716854], [10.910411400437376, 54.40029302089515], [10.906512706540859, 54.39807634698236], [10.902614434874737, 54.395859545430156], [10.896816686402316, 54.394779700563106], [10.889119461123592, 54.394836812381214], [10.883370530130387, 54.39600233196054], [10.879569893422703, 54.39827625930108], [10.875768837155766, 54.40055006598914], [10.871967361329578, 54.402823752024716], [10.868118298173416, 54.402851572935305], [10.864221647687277, 54.4006335287209], [10.860325419385635, 54.39841535704747], [10.856429613268492, 54.396197057915], [10.850633038971655, 54.395114987446405], [10.842935696495122, 54.395169145641674], [10.837185415483363, 54.39633246002718], [10.833382195936379, 54.39860493060294], [10.829578556737957, 54.40087728034536], [10.825774497888101, 54.40314950925445], [10.821970019262388, 54.40542161728764], [10.818165120860819, 54.40769360444492], [10.816307336516838, 54.411075358169555], [10.816396666230446, 54.41556687846154], [10.818389287622717, 54.4189223987581], [10.822285200693647, 54.42114191905925], [10.82618153646025, 54.423361311980855], [10.830078294922531, 54.425580577522894], [10.833975476198606, 54.427799715641115], [10.837873080288475, 54.430018726335504], [10.84177110731027, 54.43223760956174], [10.845669557263989, 54.43445636531984], [10.849568430267773, 54.436674993565454], [10.853467726321625, 54.43889349429858], [10.859270239659578, 54.43997513952546], [10.866975970281633, 54.43991992924607], [10.87273120915004, 54.4387554753628], [10.876535956264796, 54.43648177787564], [10.880340282946019, 54.43420795963695], [10.884144189193712, 54.431934020646736], [10.887996603150931, 54.43190567967014], [10.89189752481768, 54.43412293670717], [10.89579886958089, 54.43634006605096], [10.899700637440564, 54.43855706770151], [10.903602828514659, 54.440773941614424], [10.907505442803174, 54.442990687789695], [10.911408480424077, 54.445207306182915], [10.915311941377372, 54.44742379679408], [10.919215825781032, 54.44964015957875], [10.92312013363506, 54.45185639453692], [10.927024865057447, 54.45407250162414], [10.930930020048192, 54.45628848084043], [10.9347840603937, 54.45625864684055], [10.938586986093966, 54.45398299962454], [10.942389491047933, 54.45170723184928], [10.9461915752556, 54.44943134351477], [10.951946203679373, 54.448262829541726], [10.959653376319253, 54.44820168993014], [10.965407151324296, 54.44703281273058], [10.9692075286945, 54.44475619794306], [10.97105454546186, 54.44137221231725], [10.97094820162637, 54.43688085585316], [10.970841885498889, 54.4323894954075], [10.97073559707942, 54.42789813098025], [10.968730371238268, 54.42454506456594], [10.964826207975431, 54.42233029616456], [10.96092246754551, 54.42011539984183], [10.957019149948504, 54.41790037559776], [10.953116255066893, 54.41568522347675], [10.94921378290068, 54.413469943478795], [10.94531173333235, 54.41125453564828], [10.941410106361905, 54.40903899998522], [10.939407915458592, 54.40568552296955], [10.939305160622405, 54.40119410460128], [10.937303826425248, 54.39784049412517], [10.93340391286712, 54.395624691541215], [10.929554930638444, 54.395654481742056]]]}}, {"type": "Feature", "properties": {"band": "light", "dbz": 30.0, "source": "OPERA-ORD", "time": "20260907001000"}, "geometry": {"type": "Polygon", "coordinates": [[[7.401765276885061, 54.388041450380925], [7.394073396337212, 54.38787505670209], [7.388232967191982, 54.38887217093185], [7.384243989449372, 54.391032793070195], [7.382106363407346, 54.39435728821913], [7.381820089065904, 54.39884565637867], [7.379681582493735, 54.402170004523526], [7.375690843690838, 54.4043303326537], [7.371699681056345, 54.406490526355], [7.367708094590258, 54.408650585627434], [7.36556817490273, 54.41197476920484], [7.365279921993762, 54.41646307708721], [7.3669883024933265, 54.419871375913786], [7.370693316401422, 54.42219966568456], [7.376395064257257, 54.423447580928155], [7.38409354606083, 54.42361512164456], [7.389938680272588, 54.42261849697728], [7.393930466892532, 54.420457706926285], [7.39792182934981, 54.41829678248786], [7.401912767644426, 54.416135723661995], [7.407756754239195, 54.41513796015485], [7.415453789134118, 54.41530349196643], [7.421296960593316, 54.414305338028186], [7.425286268616787, 54.41214349834012], [7.427421614738723, 54.40881833833007], [7.427702998959123, 54.404329857998036], [7.4259905690968875, 54.40092231765302], [7.422284325152017, 54.39859571729503], [7.4185784970638995, 54.396269002884836], [7.414873084832537, 54.39394217442245], [7.411168088327387, 54.39161523194853], [7.407463507548453, 54.389288175463065], [7.401765276885061, 54.388041450380925]]]}}, {"type": "Feature", "properties": {"band": "light", "dbz": 30.0, "source": "OPERA-ORD", "time": "20260907001000"}, "geometry": {"type": "Polygon", "coordinates": [[[12.912915424767203, 54.37184114659722], [12.905227691155282, 54.372027154719675], [12.899540913455253, 54.37328837914386], [12.895855091667118, 54.375624819869756], [12.894170336248596, 54.37903684156193], [12.894486647199688, 54.38352444422034], [12.894803040434327, 54.388012041854935], [12.895119515952512, 54.39249963446572], [12.897280118630558, 54.39581897526744], [12.90128484846846, 54.39797006426009], [12.905290002111817, 54.400121017750266], [12.909295579560629, 54.40227183573795], [12.911457610118527, 54.40559100832488], [12.911776093785514, 54.41007853551108], [12.913939009452452, 54.413397558649436], [12.917946357119337, 54.41554807773993], [12.923798025379758, 54.416529727651834], [12.931494014233714, 54.41634250838514], [12.937185489599734, 54.41508005246992], [12.940872451477818, 54.41274235990616], [12.944558998076879, 54.41040455465187], [12.948245129396916, 54.408066636707034], [12.951930845569809, 54.40572860611198], [12.955616146595554, 54.40339046286669], [12.957297121774628, 54.39997769143674], [12.956973771107029, 54.39549029182213], [12.956650504523957, 54.391002887147955], [12.956327322025416, 54.386515477414214], [12.954162704680552, 54.3831971072119], [12.950156652489367, 54.38104777654102], [12.944309052921234, 54.38006712070078], [12.93661990597615, 54.38025513969119], [12.930773115761731, 54.37927409111014], [12.926768682277977, 54.377123974957634], [12.922764672045366, 54.37497372329503], [12.918761085063897, 54.37282333612234], [12.912915424767203, 54.37184114659722]]]}}, {"type": "Feature", "properties": {"band": "light", "dbz": 30.0, "source": "OPERA-ORD", "time": "20260907001000"}, "geometry": {"type": "Polygon", "coordinates": [[[7.462747628880196, 54.398332069814444], [7.455053608248835, 54.39816956956527], [7.449213215415532, 54.399169641854726], [7.445226450380287, 54.401332286682816], [7.443093215701744, 54.4046578693193], [7.442813511379903, 54.409146389764175], [7.4445280295451735, 54.412553607764835], [7.448236770197553, 54.4148795233213], [7.45393983087373, 54.41612377097715], [7.461637211573704, 54.41628635073239], [7.467479381517287, 54.41528595282199], [7.471466340704482, 54.41312257724596], [7.4735979924248435, 54.40979658948247], [7.473874336678372, 54.40530798953155], [7.472158041402821, 54.40190109715182], [7.468449106598191, 54.399575912343295], [7.462747628880196, 54.398332069814444]]]}}, {"type": "Feature", "properties": {"band": "light", "dbz": 30.0, "source": "OPERA-ORD", "time": "20260907001000"}, "geometry": {"type": "Polygon", "coordinates": [[[10.744976149204039, 54.40592272352396], [10.741166952086207, 54.40819227905078], [10.739302805823424, 54.411572847404564], [10.739383710415693, 54.416064428585315], [10.73946463609044, 54.42055600581029], [10.739545582847668, 54.42504757907948], [10.741532381776155, 54.42840436784309], [10.745425032875902, 54.430626372101116], [10.751223507665301, 54.43171322522538], [10.758927806144351, 54.431664927215905], [10.764684935685642, 54.43050563299193], [10.768494896289173, 54.428235342553464], [10.770357717268782, 54.42485442252216], [10.770273398624466, 54.42036287289803], [10.768284942635924, 54.4170064624879], [10.764392349303156, 54.414785191291756], [10.76050017838125, 54.41256379298517], [10.75660842987021, 54.41034226756813], [10.752717103651758, 54.40812061508485], [10.74882619972589, 54.40589883553531], [10.744976149204039, 54.40592272352396]]]}}, {"type": "Feature", "properties": {"band": "light", "dbz": 30.0, "source": "OPERA-ORD", "time": "20260907001000"}, "geometry": {"type": "Polygon", "coordinates": [[[21.42334568245087, 53.8415360729202], [21.415836570968416, 53.84226292503761], [21.408327216302343, 53.842989303770025], [21.400817618452642, 53.84371520911746], [21.395490098948738, 53.84536604004448], [21.392344657790634, 53.84794179655108], [21.391381708580067, 53.85144281782398], [21.392601251317032, 53.85586910386316], [21.39382110276624, 53.860295368726945], [21.39504126292769, 53.86472161241535], [21.39783514408076, 53.86785985933709], [21.40220274622545, 53.86971010949215], [21.40814365506177, 53.87027202345512], [21.41565787058972, 53.869545601225994], [21.423171842378668, 53.868818705295894], [21.430685570428622, 53.86809133566482], [21.43601446412912, 53.86643920721987], [21.439158523480152, 53.863862319961044], [21.44011816396474, 53.86036101315286], [21.438893385582883, 53.85593528679533], [21.437668917011347, 53.851509539129125], [21.43644475825014, 53.847083770154256], [21.433649568700176, 53.84394632596549], [21.42928334836145, 53.842097206562826], [21.42334568245087, 53.8415360729202]]]}}, {"type": "Feature", "properties": {"band": "light", "dbz": 30.0, "source": "OPERA-ORD", "time": "20260907001000"}, "geometry": {"type": "Polygon", "coordinates": [[[10.819306031173248, 54.36837939589803], [10.811613659680742, 54.36843154670349], [10.803921270080181, 54.368483205584], [10.796228862371564, 54.36853437253958], [10.788536436899603, 54.36858504756657], [10.780843993664302, 54.36863523066498], [10.77509567132274, 54.36979558240771], [10.77129146987492, 54.37206610279478], [10.771333928893382, 54.3743118965511], [10.775223048378129, 54.376532963676645], [10.779112589410754, 54.37875390374438], [10.783002551991254, 54.3809747167543], [10.786892936237509, 54.383195402662274], [10.790783742149515, 54.385415961468304], [10.794674969845158, 54.38763639312825], [10.798566619324438, 54.389856697642095], [10.802458690705253, 54.392076874965696], [10.806351183987601, 54.39429692509904], [10.810199480934118, 54.39427107986536], [10.8140035815448, 54.39199933926467], [10.817807262691838, 54.389727477795226], [10.821610524375236, 54.387455495457004], [10.825413366719244, 54.38518339229258], [10.829215789723863, 54.38291116830195], [10.83107158858435, 54.37952928656764], [10.830980763300705, 54.37503774708966], [10.828989567224035, 54.37168231313683], [10.825098000354346, 54.369462984709145], [10.819306031173248, 54.36837939589803]]]}}, {"type": "Feature", "properties": {"band": "light", "dbz": 30.0, "source": "OPERA-ORD", "time": "20260907001000"}, "geometry": {"type": "Polygon", "coordinates": [[[9.880779382418385, 54.362126723675075], [9.873087744880895, 54.362118853265926], [9.865396110273734, 54.362110490958], [9.8577044785969, 54.362101636751305], [9.851931554360684, 54.3632177846766], [9.848077337565078, 54.365458934733894], [9.848069353320362, 54.367704880412056], [9.851907601626536, 54.36995562171111], [9.857673382057905, 54.37108542054614], [9.86536669461447, 54.37109427691714], [9.873060010103679, 54.37110264126914], [9.880753328525529, 54.37111051360212], [9.886526260286896, 54.36999325976145], [9.89037880538778, 54.367750879747135], [9.89038510875045, 54.36550493202489], [9.886545170374903, 54.363255416594725], [9.880779382418385, 54.362126723675075]]]}}, {"type": "Feature", "properties": {"band": "light", "dbz": 30.0, "source": "OPERA-ORD", "time": "20260907001000"}, "geometry": {"type": "Polygon", "coordinates": [[[11.433995021048357, 54.344650247823594], [11.426308019435789, 54.34474170035301], [11.420581374249174, 54.34593282930791], [11.416815085488516, 54.3482236346883], [11.415009207201697, 54.3516144819167], [11.415163739388717, 54.356105370993106], [11.417202255039808, 54.359450846301094], [11.421124754154967, 54.36165090784066], [11.426931182633306, 54.362705190002366], [11.434621540474826, 54.362613692786205], [11.440349809288543, 54.36142217597806], [11.444115989074458, 54.35913063957795], [11.445920134759579, 54.355739449183055], [11.445762246343907, 54.35124860479339], [11.443722107065714, 54.347903517338644], [11.439799716924998, 54.3457041868188], [11.433995021048357, 54.344650247823594]]]}}, {"type": "Feature", "properties": {"band": "light", "dbz": 30.0, "source": "OPERA-ORD", "time": "20260907001000"}, "geometry": {"type": "Polygon", "coordinates": [[[11.370105674726148, 54.273512239960695], [11.362431814254068, 54.27359958994769], [11.356713194700198, 54.274787681117274], [11.352949816064537, 54.27707651346945], [11.351141729738409, 54.28046645166128], [11.351288935721811, 54.28495749569278], [11.351436179925482, 54.28944853539653], [11.35158346234942, 54.29393957077255], [11.35173078302262, 54.29843060183481], [11.351878141945082, 54.3029216285833], [11.350068519191417, 54.30631144893879], [11.346301914761629, 54.308600062901284], [11.342534893837506, 54.31088855827459], [11.338767456419047, 54.31317693505871], [11.3388407746951, 54.315422447246746], [11.342754848665662, 54.317625094838704], [11.348553027919854, 54.31868318151575], [11.356235312457674, 54.31859670727791], [11.363917566607409, 54.318509741892385], [11.371599790369052, 54.318422285359176], [11.37732373614872, 54.31723376651911], [11.381089403946412, 54.31494418537217], [11.382896846146075, 54.31155390705058], [11.382746062747705, 54.307062931554356], [11.384552689643368, 54.30367253803278], [11.388316726833065, 54.301382726485855], [11.392080347849172, 54.29909279655312], [11.395843552691687, 54.29680274823458], [11.395767801552315, 54.29455725941647], [11.391853094431056, 54.292356330098784], [11.387938807427208, 54.29015527158772], [11.384024940540773, 54.287954083883285], [11.381992732749671, 54.284607989307446], [11.381842184053905, 54.280116987860204], [11.379810833520065, 54.27677075659424], [11.375898681148147, 54.27456929550954], [11.370105674726148, 54.273512239960695]]]}}, {"type": "Feature", "properties": {"band": "light", "dbz": 30.0, "source": "OPERA-ORD", "time": "20260907001000"}, "geometry": {"type": "Polygon", "coordinates": [[[11.293647527610775, 54.283345915975836], [11.285971700125003, 54.28342838043543], [11.278295844055453, 54.283510354195855], [11.270619959402122, 54.2835918372571], [11.26489733393205, 54.284775556513566], [11.261127967645235, 54.28706151196526], [11.259311908482891, 54.29045006842064], [11.259449156445017, 54.29494122587971], [11.261471923824912, 54.29828939577162], [11.265380210622578, 54.30049457809638], [11.27117396884985, 54.301556407859174], [11.278853198506726, 54.30147488506], [11.28653239953479, 54.30139287132254], [11.294211571934042, 54.301310366646774], [11.29993536018737, 54.30012553127883], [11.303703764294772, 54.29783836521871], [11.305516833648817, 54.294449233441895], [11.305374568249501, 54.28995813594838], [11.303348937000798, 54.28661061133773], [11.299439939902706, 54.28440665960993], [11.293647527610775, 54.283345915975836]]]}}, {"type": "Feature", "properties": {"band": "light", "dbz": 30.0, "source": "OPERA-ORD", "time": "20260907001000"}, "geometry": {"type": "Polygon", "coordinates": [[[10.632612066264041, 54.234742595064574], [10.624944420899268, 54.234782791898475], [10.619210365298702, 54.235935712513594], [10.615409899462339, 54.23820135690995], [10.615443688104081, 54.24044726705957], [10.619311731223931, 54.24267344296248], [10.62318019244997, 54.244899492824125], [10.627049071782201, 54.247125416644515], [10.630918369337822, 54.24935121438003], [10.634788085116837, 54.251576886030655], [10.638658219236454, 54.253802431552785], [10.642528771696675, 54.25602785094641], [10.644499133235959, 54.25938645290163], [10.644569303854308, 54.263878237418446], [10.644639492684203, 54.26837001775681], [10.644709699725645, 54.27286179391671], [10.646681351786382, 54.27622025629547], [10.650554448866417, 54.27844540489308], [10.656328966346672, 54.27953687476548], [10.664004904227147, 54.2794946659127], [10.669780251398794, 54.28058576153347], [10.673655007861614, 54.28281016162779], [10.677530183468898, 54.28503443534739], [10.681405778220649, 54.287258582692274], [10.685244142777895, 54.28723673947095], [10.68904527714064, 54.28496890568341], [10.692845994409335, 54.28270095084532], [10.696646294583982, 54.28043287495668], [10.700446177787267, 54.27816467805989], [10.70424564401919, 54.275896360154945], [10.70610693114822, 54.272516334162844], [10.706030039174356, 54.26802460008359], [10.70405424967639, 54.264667019484065], [10.70017956265432, 54.26244359236426], [10.696305294258355, 54.26022003884964], [10.692431444488495, 54.25799635894022], [10.688558013227686, 54.25577255267969], [10.684685000475929, 54.25354862006806], [10.680812406116193, 54.25132456114903], [10.676940230148475, 54.24910037592258], [10.673068472455748, 54.24687606443241], [10.669197133038015, 54.24465162667852], [10.663426835169691, 54.243560491676675], [10.65575757885078, 54.24360265942689], [10.649988108961319, 54.24251115052863], [10.646118425501305, 54.240285964981894], [10.64224916006508, 54.2380606533183], [10.638380312652647, 54.23583521553785], [10.632612066264041, 54.234742595064574]]]}}, {"type": "Feature", "properties": {"band": "light", "dbz": 30.0, "source": "OPERA-ORD", "time": "20260907001000"}, "geometry": {"type": "Polygon", "coordinates": [[[11.47432656947873, 54.18241952619225], [11.466669810116667, 54.18251351461445], [11.460966733815695, 54.18370656906241], [11.457217340575813, 54.185998689536135], [11.457296777085421, 54.188244175988885], [11.461205043344515, 54.190443028420674], [11.465113727382608, 54.192641751683766], [11.469022829199698, 54.19484034577815], [11.472932348909017, 54.19703881065957], [11.476842286510568, 54.19923714632803], [11.480671896464303, 54.19918989024386], [11.484421178770218, 54.19689704240705], [11.486215116073964, 54.19350515147279], [11.486053708375543, 54.18901421744107], [11.48401849068469, 54.18566969581419], [11.480109463001405, 54.18347158659216], [11.47432656947873, 54.18241952619225]]]}}, {"type": "Feature", "properties": {"band": "light", "dbz": 30.0, "source": "OPERA-ORD", "time": "20260907001000"}, "geometry": {"type": "Polygon", "coordinates": [[[16.196525311323832, 53.94967890287498], [16.188935463986958, 53.95007409695716], [16.183409293316352, 53.951488520214966], [16.179946799312006, 53.9539221726484], [16.17854821064629, 53.95737540939091], [16.179213527319213, 53.96184823044252], [16.1798790145842, 53.966321042024056], [16.180544672441243, 53.97079384413553], [16.1829427030906, 53.974049753649055], [16.187073106532257, 53.97608877056462], [16.192935653700026, 53.97691053947941], [16.200530344593908, 53.976515060393425], [16.206393641306455, 53.977336416907974], [16.21052554383768, 53.97937460902307], [16.212926282152544, 53.9826299921006], [16.213595856251047, 53.98710256614056], [16.214265602139314, 53.991575130691174], [16.214935519817338, 53.996047685752444], [16.215605609413423, 54.00052023133465], [16.216275870927575, 54.00499276743776], [16.21867883701499, 54.008247898663384], [16.22281450767568, 54.01028562501152], [16.228682652052214, 54.01110559078458], [16.236283270144607, 54.01070779598257], [16.241815243637728, 54.00929118587422], [16.24527857253158, 54.00685576045956], [16.248741506110484, 54.004420235739396], [16.252204044374444, 54.00198461171375], [16.25566618745979, 53.999548888418104], [16.25912793536652, 53.99711306585246], [16.260521425214403, 53.993659020660346], [16.259846657003433, 53.98918675284176], [16.257441823097153, 53.985932348286994], [16.25330692349557, 53.98389580699605], [16.249172437020537, 53.98185911849914], [16.24503836367206, 53.97982228279626], [16.24263509628966, 53.976567663957866], [16.241962634873342, 53.97209526198397], [16.23956027040701, 53.9688404672887], [16.23542800289068, 53.96680327987205], [16.229565601443475, 53.9659833445441], [16.221973066065402, 53.966380661304825], [16.21611141331631, 53.96556031348502], [16.21198064319619, 53.963522301084694], [16.20958098568763, 53.96026697933495], [16.20891244079064, 53.9557943482358], [16.206513685004673, 53.95253885097314], [16.202384718329736, 53.950500487546975], [16.196525311323832, 53.94967890287498]]]}}, {"type": "Feature", "properties": {"band": "light", "dbz": 30.0, "source": "OPERA-ORD", "time": "20260907001000"}, "geometry": {"type": "Polygon", "coordinates": [[[6.946972855306727, 54.08063841692502], [6.93933972286557, 54.080443127750165], [6.933531797537526, 54.081418315366385], [6.9295490793225945, 54.08356397977369], [6.925565944842554, 54.08570950906305], [6.921582394097405, 54.08785490323447], [6.917598426981897, 54.090000162242546], [6.913614043496027, 54.09214528608727], [6.913447321855347, 54.094388941647715], [6.917098262059858, 54.09673112892387], [6.922741878299229, 54.09800040195989], [6.930378170573464, 54.098196760755755], [6.938014530330374, 54.09839263201136], [6.94565095756996, 54.0985880157267], [6.951460644771411, 54.097612514010606], [6.955443591934729, 54.09546612686309], [6.957599684931093, 54.09214921575847], [6.957928923760506, 54.08766178069674], [6.956267512763236, 54.08424756275252], [6.952615451939282, 54.081906561925805], [6.946972855306727, 54.08063841692502]]]}}, {"type": "Feature", "properties": {"band": "light", "dbz": 30.0, "source": "OPERA-ORD", "time": "20260907001000"}, "geometry": {"type": "Polygon", "coordinates": [[[11.210563574470562, 54.068564894421485], [11.202927343114371, 54.06864200101827], [11.197232383485613, 54.06982251148647], [11.193478695584286, 54.0721064258261], [11.193543564410815, 54.07435214699942], [11.197426989965205, 54.07655967500644], [11.201310830309511, 54.07876707522467], [11.205195085443734, 54.080974347654085], [11.209079755481138, 54.083181492250986], [11.212964840421721, 54.085388509015395], [11.216850340378759, 54.08759539790354], [11.22073625535225, 54.08980215891542], [11.224622585455478, 54.09200879200731], [11.228509330688443, 54.09421529717922], [11.232329471407105, 54.09417598828989], [11.236083007611462, 54.09189086533935], [11.237892790560373, 54.08850261316857], [11.23775882025383, 54.08401123177754], [11.235748908244744, 54.08066240231085], [11.231863054533111, 54.07845612476851], [11.227977615635677, 54.07624971931952], [11.224092591552445, 54.07404318596387], [11.220207982170285, 54.071836524745315], [11.216323787489198, 54.06962973566383], [11.210563574470562, 54.068564894421485]]]}}, {"type": "Feature", "properties": {"band": "light", "dbz": 30.0, "source": "OPERA-ORD", "time": "20260907001000"}, "geometry": {"type": "Polygon", "coordinates": [[[10.356789742685937, 54.03934815108608], [10.352992941276032, 54.04160556099119], [10.349195727960069, 54.04386284921536], [10.345398102738052, 54.046120015758625], [10.341600065490963, 54.04837706057887], [10.337801616218805, 54.05063398367608], [10.337820185999153, 54.05288005240274], [10.341655774832008, 54.05511526675886], [10.34549177691942, 54.05735035671081], [10.349328192261396, 54.05958532225863], [10.353165020974417, 54.06182016335946], [10.357002263058487, 54.06405488001331], [10.360839918630106, 54.06628947217732], [10.364677987689273, 54.06852393985148], [10.368516470352503, 54.07075828299293], [10.372355366619795, 54.07299250160164], [10.376194676607678, 54.07522659563475], [10.38003440031615, 54.07746056509225], [10.383874537861754, 54.07969440993121], [10.387715089244486, 54.081928130151624], [10.391556054580901, 54.084161725710565], [10.395397433870999, 54.086395196608045], [10.399239227231345, 54.08862854280109], [10.403081434661942, 54.090861764289706], [10.406901720975906, 54.09084882548624], [10.410700086173243, 54.08858972639069], [10.414498038504194, 54.08633050572455], [10.418295577968761, 54.08407116348781], [10.422092704686612, 54.08181169972266], [10.425889418657746, 54.07955211442908], [10.425866687387007, 54.07730607384693], [10.42202451087439, 54.07507357797621], [10.418182748139973, 54.07284095735275], [10.414341399183753, 54.07060821197656], [10.410500463889385, 54.068375341890565], [10.406659942256866, 54.06614234709477], [10.402819834169868, 54.06390922763211], [10.398980139628387, 54.06167598350256], [10.397038828600607, 54.058313304966774], [10.39699590108653, 54.053821192024756], [10.395055421654583, 54.0504583851058], [10.39121739030477, 54.048224884209915], [10.38548179235956, 54.04712032691429], [10.377848627818949, 54.047144713218934], [10.372113851296904, 54.04603978606781], [10.368277462793419, 54.04380554546093], [10.36444148725398, 54.041571180401505], [10.360605924678586, 54.03933669088953], [10.356789742685937, 54.03934815108608]]]}}, {"type": "Feature", "properties": {"band": "light", "dbz": 30.0, "source": "OPERA-ORD", "time": "20260907001000"}, "geometry": {"type": "Polygon", "coordinates": [[[10.461613374449632, 54.02888122909916], [10.453983600493052, 54.02891047832844], [10.448273219397915, 54.03005526200509], [10.444482231164223, 54.03231558012912], [10.442610652491833, 54.03569179491529], [10.44265848338075, 54.040183906363595], [10.442706326610255, 54.04467601330927], [10.442754182180348, 54.049168115752316], [10.440881391629109, 54.05254420362659], [10.437087954956542, 54.054804276932074], [10.43329410620198, 54.05706422884356], [10.429499845365427, 54.059324059361046], [10.429523378847202, 54.06157010555236], [10.433364706647309, 54.06380236741751], [10.43720644803092, 54.06603450449777], [10.44104860299804, 54.06826651679314], [10.444891171664874, 54.070498404260675], [10.44873415403143, 54.072730166900385], [10.454474658332495, 54.073831405905096], [10.462112684568076, 54.07380212127481], [10.46975070055101, 54.07377234858888], [10.477388706281303, 54.07374208784729], [10.483103986471122, 54.07259619522009], [10.486896541120467, 54.07033467070728], [10.488766388363402, 54.066957876998075], [10.48871352819992, 54.06246581409247], [10.490582557137376, 54.05908889882399], [10.494373475175767, 54.05682713119262], [10.498163981238557, 54.054565242403456], [10.501954075325745, 54.052303232456474], [10.501927253091754, 54.050057196181015], [10.498083514536578, 54.04782713357707], [10.492345129894565, 54.04672770936521], [10.484712099165714, 54.046758923545426], [10.478974534878994, 54.045659128659416], [10.475132437034409, 54.04342832470718], [10.47318582348917, 54.040066874081454], [10.473134694243278, 54.03557477678225], [10.471188912572229, 54.032213197220614], [10.467348478476024, 54.02998213539655], [10.461613374449632, 54.02888122909916]]]}}, {"type": "Feature", "properties": {"band": "light", "dbz": 30.0, "source": "OPERA-ORD", "time": "20260907001000"}, "geometry": {"type": "Polygon", "coordinates": [[[11.19399983803676, 54.02380387191414], [11.186371799412367, 54.02387991075129], [11.180682489682786, 54.02505963680815], [11.176931908848022, 54.02734305008473], [11.17512010094819, 54.03073051254484], [11.175247065983287, 54.03522202418847], [11.177250145367431, 54.03857182009247], [11.181129339100622, 54.040779900256815], [11.186884603099912, 54.04184590253406], [11.194515937365306, 54.041769826924195], [11.20020685045171, 54.040589720430326], [11.203957342359121, 54.03830558305247], [11.205767457974922, 54.03491777692807], [11.205637197299112, 54.030426302057144], [11.203632514558144, 54.02707688659015], [11.19975340975202, 54.0248695305271], [11.19399983803676, 54.02380387191414]]]}}, {"type": "Feature", "properties": {"band": "light", "dbz": 30.0, "source": "OPERA-ORD", "time": "20260907001000"}, "geometry": {"type": "Polygon", "coordinates": [[[15.849939079226553, 53.76896696106179], [15.842379113305086, 53.769339886683625], [15.836865107671684, 53.77073819396683], [15.833397062326346, 53.77316188291141], [15.829928625374816, 53.775585471498346], [15.826459796817094, 53.778008959727636], [15.822990576520338, 53.780432347563774], [15.819520964484548, 53.782855635006754], [15.81809766826531, 53.78630489397272], [15.818720687862621, 53.79078012446166], [15.81934386656719, 53.79525534579021], [15.819967204379013, 53.79973055795835], [15.822326470298595, 53.80299406437991], [15.826421664325935, 53.80504586505489], [15.832252572860696, 53.80588560570498], [15.839819195902884, 53.805513286330175], [15.847385693086176, 53.80514048545403], [15.854952064410575, 53.80476720307655], [15.860469699309556, 53.80336832799635], [15.863938597783116, 53.80094386021344], [15.865358974734683, 53.79749415392166], [15.864730830164257, 53.79301920912101], [15.86410284590938, 53.78854425508975], [15.863475021970052, 53.78406929182789], [15.862847358227254, 53.77959431932468], [15.862219854680987, 53.77511933758012], [15.85985934272771, 53.77185650959361], [15.855765822367427, 53.769805835365126], [15.849939079226553, 53.76896696106179]]]}}, {"type": "Feature", "properties": {"band": "light", "dbz": 30.0, "source": "OPERA-ORD", "time": "20260907001000"}, "geometry": {"type": "Polygon", "coordinates": [[[16.366436006320242, 53.76036774469592], [16.358881760126607, 53.76077354421799], [16.353385785591655, 53.762195709050104], [16.349948082715386, 53.76463423919225], [16.34856888370043, 53.76808948741477], [16.349248188546788, 53.77256145371767], [16.35164714257461, 53.775814106580576], [16.355765745783902, 53.7778474460035], [16.361603765749862, 53.77866111904221], [16.369161202472483, 53.77825512569672], [16.374658539580082, 53.776832511121576], [16.37809577707265, 53.7743932753168], [16.379473148131396, 53.770937771174644], [16.37879065275632, 53.76646599869513], [16.37639033615585, 53.763213795575254], [16.372272198329988, 53.76118116181501], [16.366436006320242, 53.76036774469592]]]}}, {"type": "Feature", "properties": {"band": "light", "dbz": 30.0, "source": "OPERA-ORD", "time": "20260907001000"}, "geometry": {"type": "Polygon", "coordinates": [[[11.325578223119107, 53.84269507906147], [11.317983444287677, 53.84277948096299], [11.312322421635708, 53.84396548566545], [11.308595155163198, 53.846253093168855], [11.306801693285673, 53.84964266339961], [11.306942036003127, 53.85413419635771], [11.308946827271267, 53.85748191551052], [11.312816067090095, 53.85968582085801], [11.318549706997247, 53.86074555229208], [11.326147746992728, 53.86066110981271], [11.331810351391857, 53.85947472480955], [11.335537520194631, 53.85718639728259], [11.337329302655407, 53.853796487328964], [11.337185698774181, 53.84930499494868], [11.335179325758883, 53.84595765609658], [11.33131018360951, 53.843754470772666], [11.325578223119107, 53.84269507906147]]]}}, {"type": "Feature", "properties": {"band": "light", "dbz": 30.0, "source": "OPERA-ORD", "time": "20260907001000"}, "geometry": {"type": "Polygon", "coordinates": [[[15.750597277993363, 53.71075105067944], [15.743047002495734, 53.71111758992391], [15.737537317092347, 53.71251127184185], [15.734068221783197, 53.714932096433245], [15.732639925836459, 53.71838041714592], [15.73325242925213, 53.7228562339799], [15.735600278460714, 53.72612159487455], [15.739683473462215, 53.728176499829885], [15.745501804788228, 53.72902059522337], [15.753055272438754, 53.728653881054996], [15.758566344170857, 53.727259758163356], [15.762035019984536, 53.72483822654846], [15.763461510107225, 53.721389639785954], [15.762845814538927, 53.71691399787585], [15.760496579001627, 53.7136490779549], [15.756413803495327, 53.7115948800231], [15.750597277993363, 53.71075105067944]]]}}, {"type": "Feature", "properties": {"band": "light", "dbz": 30.0, "source": "OPERA-ORD", "time": "20260907001000"}, "geometry": {"type": "Polygon", "coordinates": [[[7.125150746638216, 52.854254427664365], [7.1212931033025235, 52.85640757576482], [7.119214569905164, 52.85972886570713], [7.118915146446137, 52.86421829749131], [7.120545313475709, 52.867631176542936], [7.124105070993879, 52.86996750286199], [7.127665209104677, 52.87230371997335], [7.131225727808102, 52.87463982787701], [7.134786627220195, 52.87697582653624], [7.138347907340954, 52.87931171595103], [7.14383894453492, 52.8805704715614], [7.151259738802093, 52.880752093367335], [7.158680591134288, 52.880933242947904], [7.166101501531506, 52.88111392030311], [7.171593805423417, 52.882371643216466], [7.175157502810019, 52.88470641168797], [7.17872158122275, 52.887041070731534], [7.18228604066161, 52.889375620347145], [7.185996967335453, 52.88946526110153], [7.189854361244282, 52.88730999299468], [7.1919290712280235, 52.88398755227947], [7.192221097286678, 52.8794979389559], [7.190585196203305, 52.87608598052581], [7.187021367977901, 52.87375167698921], [7.183457920515764, 52.871417264025126], [7.179894853816893, 52.86908274163355], [7.176332167765424, 52.86674810985127], [7.172769862361359, 52.864413368678285], [7.16727979313879, 52.86315570146275], [7.159861960097717, 52.86297510820468], [7.152444185033653, 52.862794042940195], [7.145026467946599, 52.8626125056693], [7.139537664100736, 52.86135380621007], [7.135977773496064, 52.85901794456251], [7.132418263221811, 52.85668197370759], [7.128859133277978, 52.85434589364529], [7.125150746638216, 52.854254427664365]]]}}, {"type": "Feature", "properties": {"band": "light", "dbz": 30.0, "source": "OPERA-ORD", "time": "20260907001000"}, "geometry": {"type": "Polygon", "coordinates": [[[7.576485800896908, 52.71952135697418], [7.569091135876114, 52.71936687170107], [7.563481986963117, 52.72037353576811], [7.559658354157914, 52.72254134917529], [7.557620153359044, 52.72587065929761], [7.557367384566504, 52.730361466135086], [7.559027196082689, 52.73376838426118], [7.562599587907598, 52.736091413675915], [7.568084644221311, 52.737330206834336], [7.575482365023827, 52.73748476373645], [7.581093125609125, 52.73647778801455], [7.584916925977205, 52.73430927966863], [7.5869536826667785, 52.730979586262436], [7.587203395677846, 52.72648870779596], [7.585541972489361, 52.72308210132472], [7.581969413101324, 52.72075976684873], [7.576485800896908, 52.71952135697418]]]}}, {"type": "Feature", "properties": {"band": "light", "dbz": 30.0, "source": "OPERA-ORD", "time": "20260907001000"}, "geometry": {"type": "Polygon", "coordinates": [[[7.756293252939717, 52.678174702425785], [7.748905083695011, 52.678031675046356], [7.741516959918895, 52.67788817765087], [7.7341288816113725, 52.67774421023932], [7.728529019146789, 52.6787588766786], [7.724717372525143, 52.68093217696874], [7.720905341633336, 52.68310534954604], [7.717092926471366, 52.68527839441052], [7.713280126942072, 52.6874513115211], [7.709466943045453, 52.68962410087781], [7.705653374684342, 52.691796762439516], [7.701839421858738, 52.69396929620624], [7.698144354282745, 52.69389611209575], [7.694568171956362, 52.69157721010804], [7.690992367690344, 52.689258197268714], [7.6874169414846865, 52.686939073577754], [7.681934611955893, 52.685705630957706], [7.674545379103963, 52.68555786940857], [7.668943097031308, 52.68656965260341], [7.665127765737929, 52.68874098054224], [7.663099304916191, 52.69207220033188], [7.6628577145660906, 52.6965633119723], [7.66452455250713, 52.69996877683863], [7.668099818739309, 52.70228859493085], [7.671675463255941, 52.70460830222413], [7.675251486057027, 52.706927898718476], [7.678827887255512, 52.70924738437698], [7.6824046668513954, 52.711566759199634], [7.685981824957642, 52.7138860231495], [7.689559361574249, 52.71620517622657], [7.693137276814206, 52.71852421839391], [7.696715570677513, 52.72084314965151], [7.700294243277174, 52.72316196996239], [7.703873294613188, 52.72548067932657], [7.707452724798586, 52.72779927770705], [7.7110325338333645, 52.73011776510383], [7.71652101073943, 52.731349563274605], [7.723918155516783, 52.7314946722194], [7.7294074166181455, 52.73272613242467], [7.732988794043518, 52.73504394389043], [7.736570550582299, 52.73736164424388], [7.74015268623449, 52.739679233485006], [7.745643182662707, 52.74090965785673], [7.753042039866949, 52.74105291735908], [7.758649064510594, 52.740037365630585], [7.762464256593643, 52.73786300267126], [7.762580353852019, 52.73561736952547], [7.758997356285721, 52.73330046619322], [7.755414737795372, 52.73098345167651], [7.751832498380975, 52.72866632597533], [7.751948537782185, 52.726420685674825], [7.755762855999001, 52.72424653077497], [7.761367960302808, 52.72323057930459], [7.768763850693604, 52.723372831263696], [7.774368210457536, 52.72235650858825], [7.778181039594603, 52.72018161127827], [7.7819934837087175, 52.71800658636012], [7.785805542799877, 52.715831433833785], [7.7896172169657465, 52.71365615374039], [7.793428506206325, 52.71148074607991], [7.79544813753038, 52.708147343038185], [7.795676110937913, 52.703655944615214], [7.793999203064453, 52.700252266296076], [7.790417413909999, 52.69793630808077], [7.786836003154676, 52.695620238650086], [7.783254970798479, 52.69330405800402], [7.779674316728896, 52.69098776617959], [7.776094040945928, 52.688671363176795], [7.772514143337075, 52.68635484903261], [7.7689346239023385, 52.68403822374705], [7.765355482529246, 52.68172148735708], [7.761776719217796, 52.67940463986269], [7.756293252939717, 52.678174702425785]]]}}, {"type": "Feature", "properties": {"band": "light", "dbz": 30.0, "source": "OPERA-ORD", "time": "20260907001000"}, "geometry": {"type": "Polygon", "coordinates": [[[6.923259281197159, 52.533145067778634], [6.915898441359392, 52.53294912541967], [6.908537663202564, 52.53275271517187], [6.901176946726672, 52.532555837035225], [6.893816292223555, 52.53235849102222], [6.886455699693213, 52.53216067713284], [6.880854949288183, 52.533134437654304], [6.877014041008466, 52.53527977258661], [6.874932868439263, 52.53859702680798], [6.874611431580575, 52.54308620031839], [6.874289915003607, 52.547575365811554], [6.8739683187083624, 52.55206452328747], [6.8755683488383905, 52.55548105162319], [6.879090005393691, 52.55782495081874], [6.884533394966245, 52.55909587573786], [6.891898517556051, 52.55929382638054], [6.899263702258644, 52.55949130882486], [6.9066289490740225, 52.559688323070816], [6.913994257709696, 52.55988486910591], [6.921359628165665, 52.560080946930135], [6.9269625970396245, 52.559105497949886], [6.930803164331573, 52.55695852216515], [6.932881225153844, 52.55364036477207], [6.933196779506435, 52.549151025770655], [6.933512255632289, 52.54466167879847], [6.933827653531406, 52.540172323855494], [6.932223939639734, 52.53675649452754], [6.928701113957272, 52.534414190814594], [6.923259281197159, 52.533145067778634]]]}}, {"type": "Feature", "properties": {"band": "light", "dbz": 30.0, "source": "OPERA-ORD", "time": "20260907001000"}, "geometry": {"type": "Polygon", "coordinates": [[[9.621580412854588, 52.420596660985694], [9.614232592524274, 52.42057235846497], [9.60871156345581, 52.42167750672906], [9.605017325649191, 52.42391210577796], [9.60132271073318, 52.42614658476745], [9.597627718707775, 52.42838094369754], [9.593932349471025, 52.43061518252937], [9.59023660302293, 52.43284930126295], [9.590215880281479, 52.43509639181642], [9.593870181246672, 52.43735645418981], [9.599372740789235, 52.43849910977825], [9.606723558909168, 52.43852435858175], [9.612246472878354, 52.43741957329742], [9.615941482696794, 52.43518475392524], [9.619636115236375, 52.43294981452329], [9.623330370497094, 52.430714755091564], [9.627024248581018, 52.4284795756689], [9.630717749488149, 52.426244276255304], [9.630736955711221, 52.423997172972896], [9.627081867250235, 52.42173826582167], [9.621580412854588, 52.420596660985694]]]}}, {"type": "Feature", "properties": {"band": "light", "dbz": 30.0, "source": "OPERA-ORD", "time": "20260907001000"}, "geometry": {"type": "Polygon", "coordinates": [[[8.164452693490894, 52.028974926754074], [8.14989091214973, 52.028740775108744], [8.138874899082715, 52.03081104622298], [8.131404654289852, 52.03518574009678], [8.125706245888992, 52.040713133606076], [8.121779673880134, 52.04739322675085], [8.116078257772944, 52.05291985213424], [8.10860199756742, 52.057293009756236], [8.101124252946207, 52.06166566922793], [8.093645023909303, 52.066037830549305], [8.091582571384972, 52.07162396344126], [8.094936895373209, 52.07842406790378], [8.10016304917258, 52.08413087537197], [8.107261032783079, 52.088744385845835], [8.114360482905493, 52.09335745246322], [8.121461399539825, 52.097970075224154], [8.126692880128743, 52.10367589302884], [8.130054924672246, 52.11047490587728], [8.127993023475655, 52.116061316868084], [8.120507176538972, 52.12043512600126], [8.116573026045458, 52.127114998378616], [8.116190571995118, 52.136100934000154], [8.112253357329664, 52.142780264540136], [8.104761382049098, 52.14715298999858], [8.100822403147774, 52.15383224581949], [8.100436420625691, 52.16281803200286], [8.094716986765143, 52.16834305792334], [8.083664101566129, 52.1704073235809], [8.070833570509695, 52.17131638472529], [8.056225393595843, 52.17107024135649], [8.045369197251693, 52.168638561983634], [8.03826498147724, 52.164021346606724], [8.027410497490084, 52.161586911461505], [8.012805745290226, 52.16133525654798], [8.000077907262765, 52.15999067501556], [7.989226983407703, 52.15755316686424], [7.978377246873033, 52.15511463487421], [7.967528697658756, 52.15267507904547], [7.956576716222246, 52.1524807927114], [7.945521302563503, 52.15453177587199], [7.936237603027494, 52.15773784765728], [7.928725617614218, 52.16209900806727], [7.926637620829901, 52.16768190008062], [7.9299736126745435, 52.17448652369733], [7.935189632932276, 52.18020060332626], [7.942285681603096, 52.184824138967414], [7.949383203202126, 52.189447232227565], [7.956482197729366, 52.19406988310674], [7.9617035527311355, 52.19978298039567], [7.965047268207438, 52.20658652409435], [7.963064014020549, 52.20992344522083], [7.95575379017047, 52.209793743775094], [7.946668742420615, 52.20850762804419], [7.935808870770982, 52.2060650980281], [7.926830312429192, 52.202531601744646], [7.919733067395243, 52.19790713919383], [7.914516996094598, 52.19219239535111], [7.911182098527254, 52.185387370216475], [7.905968926287109, 52.179671970687586], [7.8988774793741605, 52.17504619676445], [7.893666736878959, 52.169330472535094], [7.890336698801509, 52.16252479799952], [7.885128850938973, 52.15680841893931], [7.878043193291354, 52.15218133535448], [7.867200355309795, 52.14973179102346], [7.8526003369942945, 52.149459785946284], [7.8417605326183875, 52.147008904245695], [7.834680942182076, 52.142379145921694], [7.829482235053694, 52.13666047557806], [7.826164411233241, 52.12985289321479], [7.819089224543842, 52.12522181425086], [7.808256674985497, 52.122767238686244], [7.799080549294409, 52.12371606147933], [7.7915608474705795, 52.128068282630096], [7.78238526641659, 52.129015377436886], [7.771553806132441, 52.126557345899705], [7.768131451431594, 52.12199454843956], [7.772118202314051, 52.11532698505646], [7.774224462607126, 52.1097470523418], [7.774450232310819, 52.105254750295586], [7.771030654356271, 52.10069152142957], [7.7639657287434805, 52.09605736574374], [7.756902267034483, 52.091422771179396], [7.74984026922928, 52.086787737736536], [7.742549815723169, 52.086644511140534], [7.735030906516153, 52.09099309139138], [7.727510509147137, 52.09534116767566], [7.719988623616121, 52.09968873999337], [7.712698346722977, 52.0995436611899], [7.705639678467703, 52.094905931265274], [7.696583947532643, 52.09360006900261], [7.685531153917797, 52.09562607440192], [7.678005005531196, 52.09997122349747], [7.674005502372841, 52.10663551628926], [7.6700047723558615, 52.1132996496789], [7.666002815480256, 52.1199636236664], [7.66023498618083, 52.12546715011997], [7.652701284457583, 52.12981022903961], [7.654347752590544, 52.13321630088397], [7.665174390579715, 52.135685365653046], [7.674118883360183, 52.13923969898397], [7.68118123093195, 52.143879300876726], [7.688478716438965, 52.14402639894922], [7.69601133988123, 52.13968099320145], [7.701427374779781, 52.14091383977625], [7.704726821134617, 52.14772493867365], [7.70260938371801, 52.15330339403415], [7.69507506252996, 52.157649205857744], [7.691073203307456, 52.16431412024339], [7.690603806050497, 52.17329813719106], [7.690134177918782, 52.182282121934094], [7.689664318912312, 52.191266074472495], [7.683889744094163, 52.196770366101426], [7.672810453464336, 52.198794996820894], [7.663736324819427, 52.19748701144161], [7.656667358159435, 52.19284640996356], [7.651126687811567, 52.19385765333876], [7.647114313775824, 52.20052074156722], [7.643100705228603, 52.20718367004169], [7.639085862169905, 52.21384643876217], [7.635069783301853, 52.22050904762773], [7.631052468624452, 52.22717149663836], [7.634468601926917, 52.231738177564], [7.645318183209254, 52.23420909040463], [7.654518675440068, 52.233273054673035], [7.662070078619362, 52.228930070369216], [7.671271129558828, 52.227992302710334], [7.682121828258464, 52.23045975169639], [7.6820029589993, 52.2327056745369], [7.6709145217813335, 52.234730071231866], [7.663362909690335, 52.23907396890842], [7.659348122726307, 52.24573736756659], [7.658991163571187, 52.252475088291696], [7.6622920322249755, 52.259287131083745], [7.6674832185396316, 52.26501307708244], [7.674564722515152, 52.2696529262878], [7.6835367012041615, 52.27320599271969], [7.694399154606662, 52.27567227637813], [7.705262813432043, 52.27813753642275], [7.716127677680303, 52.28060177285355], [7.725336327440367, 52.27966011391243], [7.732888762712234, 52.27531255959937], [7.738322399811656, 52.27654365382356], [7.741637238738633, 52.283353396585], [7.746841477910051, 52.28907574711591], [7.7539351173259075, 52.29371070541628], [7.759141788607881, 52.29943273471688], [7.76246149175597, 52.306241835017715], [7.767897863649989, 52.307471235362655], [7.77545090428994, 52.30312093575171], [7.7847772197011, 52.299928141127985], [7.79587680988347, 52.29789285149148], [7.805088747659881, 52.29694486090864], [7.812413033030331, 52.29708416937945], [7.819626635491354, 52.299469064141874], [7.826729555042951, 52.304099545195896], [7.835720670036122, 52.307640754332624], [7.846599980470866, 52.31009269155204], [7.8555941078151275, 52.31363278775494], [7.862703052068907, 52.31826104294132], [7.867926669590149, 52.32397814382408], [7.871264960378856, 52.33078409040321], [7.876491497397511, 52.336500535194126], [7.883606280646117, 52.34112747819682], [7.890829806061509, 52.34350788745095], [7.898162073643688, 52.343641762956516], [7.900156482698458, 52.340306151006175], [7.896813033225821, 52.33350105159993], [7.893470596464892, 52.326695841355644], [7.890129172415671, 52.319890520273326], [7.8921223507432305, 52.31655475152927], [7.89945013144757, 52.31668853512346], [7.906671602674255, 52.319067982027846], [7.913786764423286, 52.323693092242436], [7.917131486084861, 52.33049788237482], [7.9167057676589785, 52.33948235242502], [7.918166790664607, 52.34737681599467], [7.921514555101746, 52.35418127308378], [7.930523198072715, 52.357714625725855], [7.945192719577515, 52.35797687392088], [7.956090956442374, 52.360419007692954], [7.963217908667293, 52.365041027042054], [7.974117886217092, 52.36748039266377], [7.988790889091771, 52.3677371045581], [8.001680548379191, 52.36683740505304], [8.012786864079352, 52.36478129414858], [8.016658558697674, 52.360352383011815], [8.013295632234156, 52.353550671642765], [8.009933725860469, 52.34674884830956], [8.006572839576613, 52.33994691301221], [8.01044137757463, 52.33551744729375], [8.021539339854524, 52.33346045115415], [8.030853735206033, 52.33024819121709], [8.038384563629162, 52.32588066748255], [8.047597575200392, 52.32491287977358], [8.058492769919724, 52.3273448280902], [8.067605482835242, 52.32862211856425], [8.074935713946946, 52.32874475119573], [8.082363361796109, 52.326620614666105], [8.08988842638273, 52.32224970897538], [8.093845572194263, 52.315571626814865], [8.094234799230708, 52.30658636818457], [8.096406156618063, 52.29875446611598], [8.100359644356327, 52.292075920609115], [8.10787701427487, 52.287703425988845], [8.118958266373689, 52.28563698225517], [8.128160422106502, 52.284663144886174], [8.135483481473308, 52.284781913881844], [8.140833910703645, 52.28824038563322], [8.14421170979751, 52.29503856014031], [8.151441424173587, 52.29740233448296], [8.162523053831878, 52.29533170866118], [8.171726253942744, 52.29435439714064], [8.179051024506188, 52.29447039992134], [8.188161243683865, 52.295737744908216], [8.199056911475774, 52.29815643210126], [8.206473004166947, 52.29602459697739], [8.21040952175738, 52.28934223953659], [8.206931379144942, 52.284792086851404], [8.196038576329629, 52.28237413892184], [8.187023903941027, 52.27886099634767], [8.179887361979137, 52.274252659128905], [8.170875400379725, 52.270737811889674], [8.15998801914279, 52.26831645462998], [8.16008098588426, 52.266070027148736], [8.171154300604137, 52.26399852944594], [8.180442925601922, 52.26077405465361], [8.187946860877618, 52.25639660277173], [8.193390643663628, 52.25760623649623], [8.196774273959953, 52.264402955827094], [8.202035181994601, 52.27010480302999], [8.209173367767576, 52.274711778104916], [8.218188952484804, 52.27822319429373], [8.229081936146285, 52.280639051596445], [8.23827913468262, 52.27965638256845], [8.245780548093808, 52.27527518720974], [8.25506640195977, 52.27204427373738], [8.266136696280505, 52.26996364215136], [8.275419586751013, 52.266731503386005], [8.282915073371292, 52.26234785744131], [8.281217580559487, 52.258950564470105], [8.270327108315596, 52.25653962447239], [8.263185407705043, 52.251936746895005], [8.259792478727825, 52.24514193173796], [8.260057564550902, 52.238402347735736], [8.26398066517427, 52.231717994888335], [8.2714713454906, 52.227334685394645], [8.282529605499889, 52.225252419254666], [8.284489950334816, 52.22191009044496], [8.277352379995376, 52.217307698965506], [8.273959227829112, 52.210513373080445], [8.274310493836023, 52.201527112789755], [8.278140563136185, 52.1970885875072], [8.285449435729603, 52.19719779723279], [8.294542625890884, 52.198456739426206], [8.305420133620025, 52.20086541408745], [8.31281463008309, 52.19872661672683], [8.316726115280074, 52.192040347344346], [8.322420390277008, 52.18650377842716], [8.32989745507389, 52.18211690997527], [8.33728907093321, 52.17997619869087], [8.344595237854964, 52.18008164457397], [8.353686570580818, 52.18133591407913], [8.364563069110773, 52.183739007206356], [8.375522512304777, 52.18389439035643], [8.386564900162831, 52.18180206352933], [8.390382635556518, 52.17736026587933], [8.38697571848584, 52.17056899740641], [8.38170299049905, 52.16487513579482], [8.37456445159615, 52.16027868104456], [8.367427386586797, 52.15568177808884], [8.360291795470992, 52.15108442692766], [8.353157677399548, 52.14648662785204], [8.34602503237246, 52.14188838086199], [8.3407605903617, 52.13619284751662], [8.33736435136727, 52.12940002781593], [8.33023612207791, 52.12480043824533], [8.319375902493626, 52.12239407880482], [8.314031329599688, 52.11894422527013], [8.314202403396102, 52.11445087764126], [8.318020174149298, 52.110010838244754], [8.325484641859275, 52.10562410708062], [8.33116675873882, 52.10008716130948], [8.335066524787937, 52.093400000931325], [8.337184931489949, 52.08556297385306], [8.33752197884486, 52.07657608007467], [8.337858860970192, 52.06758915465711], [8.33819557786594, 52.058602197600365], [8.33472124072782, 52.054055700951274], [8.327435849555824, 52.05394966470983], [8.321843905881549, 52.05724004870186], [8.317945409704992, 52.06392685292734], [8.314045721117118, 52.070613505360384], [8.310144840117925, 52.07730000600101], [8.304463058955847, 52.08283595888213], [8.297000377630882, 52.08722136400375], [8.287756908586717, 52.09045553824065], [8.27673265182335, 52.092538481592825], [8.269265510969777, 52.096922399182844], [8.265355486025996, 52.10360729101073], [8.266960101443022, 52.109251327959434], [8.274079357220858, 52.11385451002894], [8.272123147144903, 52.11719680353533], [8.26109147121516, 52.11927820847859], [8.251838304019785, 52.12250985651974], [8.244363645558776, 52.12689174765878], [8.238936390201413, 52.12568478499963], [8.235556537947698, 52.11888896854229], [8.237603118739765, 52.113300322002516], [8.245076132577614, 52.10891884538033], [8.247122910228939, 52.103330291471934], [8.243743451693733, 52.09653466027734], [8.238497765368736, 52.09083413872176], [8.231385851253943, 52.0862287268052], [8.224094287887242, 52.08611609676521], [8.21662307526863, 52.09049624860177], [8.212796844237833, 52.09493292629002], [8.21261559479485, 52.09942612982997], [8.21421275121278, 52.10507096674121], [8.217588313491628, 52.11186743702375], [8.215628500044778, 52.11520886165212], [8.20833331087223, 52.11509524062633], [8.202999061369113, 52.11163998268827], [8.19962575153542, 52.10484308783794], [8.196253457893025, 52.09804607886024], [8.19288218044193, 52.09124895575518], [8.19493281177924, 52.08566102193191], [8.202405351904957, 52.08128227739044], [8.204456175608403, 52.07569443603297], [8.20108528288958, 52.06889749785949], [8.193980779520352, 52.06428940484303], [8.183142665500723, 52.06187015698361], [8.174173554128684, 52.05835581960346], [8.167073445404235, 52.0537463927026], [8.167257935379787, 52.04925317462002], [8.174727024055342, 52.04487616535572], [8.176779572335207, 52.03928874618686], [8.173415580219386, 52.03249091711345], [8.164452693490894, 52.028974926754074]]]}}, {"type": "Feature", "properties": {"band": "light", "dbz": 30.0, "source": "OPERA-ORD", "time": "20260907001000"}, "geometry": {"type": "Polygon", "coordinates": [[[8.080463494012308, 52.28612629584005], [8.080267627590487, 52.290618935643536], [8.07828945498564, 52.2939578371993], [8.074528976197772, 52.29614300050735], [8.068986255972575, 52.297174082146036], [8.061661294310053, 52.29705108211537], [8.056217318705453, 52.295835514496204], [8.052654329158774, 52.29352737928854], [8.050972260229203, 52.29012701989942], [8.051171111916744, 52.28563443632884], [8.053150712091341, 52.28229590622074], [8.056911060752997, 52.280111429575115], [8.062452223282106, 52.27908066315118], [8.06977419967867, 52.27920360694892], [8.075216747713519, 52.28041880312042], [8.078779867386654, 52.28272625166568], [8.080463494012308, 52.28612629584005]]]}}, {"type": "Feature", "properties": {"band": "light", "dbz": 30.0, "source": "OPERA-ORD", "time": "20260907001000"}, "geometry": {"type": "Polygon", "coordinates": [[[8.03772617965787, 52.2584302210596], [8.037526131431989, 52.26292282254234], [8.035545998716163, 52.26626101842711], [8.031785781510397, 52.2684448087139], [8.02624554588989, 52.269473850284726], [8.018925291854645, 52.26934814313958], [8.013485891898256, 52.26813055521344], [8.009927346020728, 52.26582108650629], [8.008249587453399, 52.26242008012125], [8.00845261619627, 52.257927536058325], [8.010434172779398, 52.25458971191103], [8.014194257202782, 52.25240660767937], [8.019732936173483, 52.2513778804262], [8.027050209691499, 52.25150353015151], [8.032488185780585, 52.25272074634018], [8.036046864440735, 52.25502952899221], [8.03772617965787, 52.2584302210596]]]}}, {"type": "Feature", "properties": {"band": "light", "dbz": 30.0, "source": "OPERA-ORD", "time": "20260907001000"}, "geometry": {"type": "Polygon", "coordinates": [[[7.789822436847361, 52.235951797083224], [7.789597283806958, 52.240443915022], [7.789372075317369, 52.24493602506378], [7.789146811378594, 52.24942812720856], [7.787148486540373, 52.25276200266963], [7.783377100802706, 52.25493765144699], [7.779718771811673, 52.25486714687077], [7.776173499567273, 52.25255048894099], [7.772628596502607, 52.25023372088276], [7.769084062617676, 52.247916842696085], [7.76553989780382, 52.24559985441699], [7.761996102061041, 52.24328275604545], [7.760338268455199, 52.23987818017144], [7.7605663969862935, 52.235386126794936], [7.762565679550613, 52.23205260638082], [7.766336116148157, 52.229877618929095], [7.771877781697812, 52.22886082188802], [7.77919067619958, 52.2290022152576], [7.784619095929738, 52.23023111848525], [7.788163040888287, 52.23254753157097], [7.789822436847361, 52.235951797083224]]]}}, {"type": "Feature", "properties": {"band": "light", "dbz": 30.0, "source": "OPERA-ORD", "time": "20260907001000"}, "geometry": {"type": "Polygon", "coordinates": [[[8.080724389296265, 52.02760381459804], [8.073443900146351, 52.02748165208322], [8.066163448419665, 52.027359027166135], [8.058883034116212, 52.027235939846804], [8.051602657517458, 52.027112390132764], [8.044322318623404, 52.02698837802402], [8.0370420177155, 52.02686390352822], [8.02976175479374, 52.02673896664537], [8.024251452810612, 52.0277683288014], [8.020511111766119, 52.029951989996334], [8.018540666155001, 52.03329029093362], [8.018340115977262, 52.03778323161325], [8.020010472339507, 52.041184355951174], [8.023551735241737, 52.0434936639474], [8.027093363675437, 52.04580286139124], [8.030635357640607, 52.04811194828268], [8.03417771724347, 52.050420924585914], [8.03772044248403, 52.05272979030092], [8.041263533468527, 52.05503854539186], [8.044806990196964, 52.05734718985873], [8.048350812775602, 52.05965572366567], [8.051895001204443, 52.06196414681267], [8.057310248428589, 52.06317995793145], [8.064596554448041, 52.063303157022006], [8.071882898002261, 52.06342589329115], [8.079169279091248, 52.06354816673886], [8.084682441358087, 52.06251643912202], [8.088422384802783, 52.06033071044064], [8.090389045893605, 52.05699132178769], [8.090582424630554, 52.05249827316318], [8.090775755986119, 52.04800521649011], [8.090969039960296, 52.04351215176847], [8.09116227658676, 52.03901907898443], [8.091355465865508, 52.034525998137994], [8.089680203846466, 52.03112581724995], [8.086136490529636, 52.02881853632028], [8.080724389296265, 52.02760381459804]]]}}, {"type": "Feature", "properties": {"band": "light", "dbz": 30.0, "source": "OPERA-ORD", "time": "20260907001000"}, "geometry": {"type": "Polygon", "coordinates": [[[13.163581294141688, 51.999996553365506], [13.156309171666031, 52.00019725906722], [13.15093455142947, 52.001470115354735], [13.147457433432002, 52.00381512222805], [13.145877921797085, 52.00723261922026], [13.146196016524717, 52.01172260633138], [13.148253403319588, 52.0150400673503], [13.152050082181697, 52.01718500227701], [13.157585948891967, 52.01815707141565], [13.164861003450401, 52.01795627476621], [13.170236985219347, 52.01668303340205], [13.173713894198805, 52.01433734732318], [13.175291835283447, 52.01091955620203], [13.17497080847327, 52.00642966003863], [13.172912060146015, 52.00311258409636], [13.169115590301683, 52.000968328375215], [13.163581294141688, 51.999996553365506]]]}}, {"type": "Feature", "properties": {"band": "light", "dbz": 30.0, "source": "OPERA-ORD", "time": "20260907001000"}, "geometry": {"type": "Polygon", "coordinates": [[[8.067336605484694, 52.00040058996038], [8.060060602409768, 52.00027758632091], [8.054554303347848, 52.001308424872136], [8.050817708298933, 52.003493105614055], [8.048850752860071, 52.006831969005916], [8.048653437031259, 52.01132501504771], [8.050325153722367, 52.01472573474354], [8.053865902933397, 52.01703412809342], [8.059275749126382, 52.01824985447432], [8.06655469230132, 52.01837291388624], [8.072062525505924, 52.01734176267293], [8.075799248740188, 52.01515640083438], [8.077764798221835, 52.011817169007976], [8.077959173950866, 52.00732406719372], [8.076285923117075, 52.00392366015998], [8.072745045720463, 52.001615947906735], [8.067336605484694, 52.00040058996038]]]}}, {"type": "Feature", "properties": {"band": "light", "dbz": 30.0, "source": "OPERA-ORD", "time": "20260907001000"}, "geometry": {"type": "Polygon", "coordinates": [[[9.047606437059766, 51.778977939916714], [9.040364707383311, 51.778917241434975], [9.03490905715909, 51.779995266286264], [9.0312394863871, 51.78221201447059], [9.029355963494599, 51.785567824695576], [9.029258488481585, 51.79006269696123], [9.027374225302571, 51.79341837917862], [9.02370317395756, 51.79563487134773], [9.018245366325017, 51.7967118346024], [9.011000802404942, 51.79664926894261], [9.005542275421153, 51.79772587815251], [9.00186978537365, 51.79994166223211], [8.99998329969699, 51.80329696005442], [8.99988281839117, 51.80779177161944], [8.999782312591105, 51.81228657507259], [8.999681782296795, 51.81678137041388], [9.001418601233182, 51.82016828847327], [9.004992769400264, 51.822447329250764], [9.008567300497042, 51.82472625649402], [9.012142194523511, 51.827005070203015], [9.013880056220486, 51.83039186565844], [9.013780885587968, 51.83488664286031], [9.015519462752753, 51.838273324228325], [9.019095787714841, 51.84055190976247], [9.024509892664986, 51.84172206015671], [9.031761777603187, 51.84178377541104], [9.037224770832031, 51.84070619093852], [9.040898872351521, 51.83848930673915], [9.042784050643014, 51.835133462126116], [9.042880305706515, 51.83063865709943], [9.042976537306714, 51.826143843999596], [9.043072745443617, 51.821649022826634], [9.04495678243557, 51.81829303469151], [9.048628648282575, 51.81607587959422], [9.052300148758802, 51.813858604033925], [9.055971283864247, 51.81164120801061], [9.059642053694315, 51.80942369156223], [9.063312458249001, 51.80720605468876], [9.066982497623702, 51.80498829742814], [9.070652171818413, 51.80277041978035], [9.070699125790291, 51.800522978805446], [9.067123359539332, 51.798245974503445], [9.063547955793037, 51.79596885652163], [9.059972914551405, 51.79369162486002], [9.058232677172384, 51.79030555922601], [9.058327243655974, 51.78581065961962], [9.056587720647824, 51.782424479651716], [9.053014108147936, 51.7801470193223], [9.047606437059766, 51.778977939916714]]]}}, {"type": "Feature", "properties": {"band": "light", "dbz": 30.0, "source": "OPERA-ORD", "time": "20260907001000"}, "geometry": {"type": "Polygon", "coordinates": [[[8.597532755922353, 51.810300125526254], [8.590286608730043, 51.81021084587931], [8.584816316703842, 51.811267285885656], [8.58112187984375, 51.81346944554528], [8.579203251793231, 51.816817663712], [8.579060432552284, 51.82131194038581], [8.580765559751512, 51.82470514737341], [8.584318633390914, 51.8269972846748], [8.589719699869335, 51.82818801327378], [8.596968759186773, 51.82827733317036], [8.60244055331793, 51.82722057434866], [8.606135082262806, 51.8250177368087], [8.608052300293267, 51.821669159577], [8.608192207409312, 51.81717484265356], [8.60648557810513, 51.81378195448131], [8.602932412380715, 51.811490495060255], [8.597532755922353, 51.810300125526254]]]}}, {"type": "Feature", "properties": {"band": "light", "dbz": 30.0, "source": "OPERA-ORD", "time": "20260907001000"}, "geometry": {"type": "Polygon", "coordinates": [[[6.2427818213865525, 51.69400975968771], [6.235561862598211, 51.693771109922096], [6.23005244631655, 51.694714043592306], [6.2262535725415695, 51.69683856069835], [6.22416511887299, 51.70014499712981], [6.2237870853108115, 51.704633352886695], [6.225309208221538, 51.708059476938814], [6.2287314876051685, 51.71042336928616], [6.234054045973253, 51.711724693879724], [6.241276883325791, 51.71196345071949], [6.246787861017186, 51.711020234603374], [6.250586979047436, 51.70889504553139], [6.252674115561663, 51.70558821957989], [6.253049270559867, 51.70109975674886], [6.251525586239407, 51.697673915142644], [6.2481030626002845, 51.695310694761226], [6.2427818213865525, 51.69400975968771]]]}}, {"type": "Feature", "properties": {"band": "light", "dbz": 30.0, "source": "OPERA-ORD", "time": "20260907001000"}, "geometry": {"type": "Polygon", "coordinates": [[[8.704663187365762, 51.67780877823165], [8.700985719294884, 51.68001495972129], [8.699081877421902, 51.683365391063724], [8.698951661746815, 51.687860072258935], [8.697047079452993, 51.69121037338817], [8.693368130540435, 51.693416294451424], [8.689688818280201, 51.69562209407879], [8.686009142672294, 51.69782777227028], [8.684103410146896, 51.70117792588749], [8.683971620704014, 51.70567255493044], [8.685680392621133, 51.709064354234506], [8.689229725898251, 51.7113533237997], [8.694619663213823, 51.71253912570039], [8.701850204567847, 51.712621759936575], [8.709080770557312, 51.71270393524084], [8.71631136118222, 51.71278565161319], [8.721766186906855, 51.71172309882355], [8.725445247731216, 51.70951627687194], [8.727348502111461, 51.706165523700626], [8.727475950047587, 51.70167083930962], [8.727603367016513, 51.697176146560594], [8.727730753018239, 51.692681445453545], [8.726019709252183, 51.689290173133095], [8.722470235718347, 51.68700232959924], [8.718921121933718, 51.68471437386931], [8.71537236789829, 51.68242630594331], [8.711823973510732, 51.68013812585694], [8.708275938771045, 51.677849833610196], [8.704663187365762, 51.67780877823165]]]}}, {"type": "Feature", "properties": {"band": "light", "dbz": 30.0, "source": "OPERA-ORD", "time": "20260907001000"}, "geometry": {"type": "Polygon", "coordinates": [[[4.8450264710359665, 51.547975574809016], [4.848877545347669, 51.545897710504555], [4.8510594156598055, 51.54261751104928], [4.851572081972378, 51.53813497644319], [4.853753174076772, 51.53485461824049], [4.857602691972988, 51.53277643644119], [4.863120800792155, 51.53190009853068], [4.870307500534272, 51.53222560450895], [4.8774942964710615, 51.53255065561325], [4.8846811886025225, 51.53287525184357], [4.890198419113106, 51.53199783326964], [4.894045988002811, 51.529918399891464], [4.896223731318541, 51.52663728427653], [4.896731649060293, 51.522154486424824], [4.895316491426625, 51.51871144133312], [4.891978258417536, 51.516308149001404], [4.886717113838035, 51.51494427701825], [4.879533057688121, 51.514619825383676], [4.872349097592156, 51.514294919075255], [4.8651652335501385, 51.513969558093], [4.857981465825799, 51.513643742456196], [4.850797794419137, 51.513317472164836], [4.846179702506883, 51.52211937950468], [4.844127190089038, 51.54004946447573], [4.8450264710359665, 51.547975574809016]]]}}, {"type": "Feature", "properties": {"band": "light", "dbz": 30.0, "source": "OPERA-ORD", "time": "20260907001000"}, "geometry": {"type": "Polygon", "coordinates": [[[8.960580880754495, 51.157722262274305], [8.953438044744107, 51.15765615225792], [8.948054903905767, 51.15873039436899], [8.944431458239475, 51.1609449886075], [8.944379761369792, 51.16319297879139], [8.947899813296718, 51.165474364920684], [8.951420215448223, 51.16775563923983], [8.954940967824307, 51.17003680174885], [8.954889246138887, 51.17228478279871], [8.951265050391964, 51.174499582389416], [8.947640501518368, 51.1767142627937], [8.944015599518094, 51.17892882401157], [8.943963852999701, 51.18117679594146], [8.947485261963191, 51.18345817858337], [8.951007021487234, 51.18573944937584], [8.954529131571833, 51.18802060831886], [8.95623875491306, 51.191409149736145], [8.956135891510915, 51.19590507362771], [8.956033003401696, 51.20040098843629], [8.955930090585408, 51.20489689416189], [8.955827153044869, 51.20939279081859], [8.95572419078008, 51.21388867840639], [8.957435135336492, 51.21727708712029], [8.960959986714105, 51.21955801696027], [8.966298777812261, 51.220731134656006], [8.973451508630962, 51.22079644020749], [8.97884110854864, 51.21972127361436], [8.982467577565291, 51.21750563487664], [8.984330883421531, 51.21414985727198], [8.98443102611736, 51.20965394080037], [8.984531144765697, 51.205158015267045], [8.984631239366548, 51.20066208067199], [8.984731309936617, 51.19616613700114], [8.984831356475905, 51.1916701842545], [8.9849313790011, 51.18717422241798], [8.985031377512204, 51.182678251491595], [8.983319938572546, 51.17929013137956], [8.979797062182126, 51.177009862081874], [8.976274536235316, 51.17472948085427], [8.972752360732116, 51.172448987696754], [8.971041927467493, 51.16906074458586], [8.971143236441446, 51.164564751521624], [8.969433492886239, 51.161176395562755], [8.965912696801873, 51.15889567670925], [8.960580880754495, 51.157722262274305]]]}}, {"type": "Feature", "properties": {"band": "light", "dbz": 30.0, "source": "OPERA-ORD", "time": "20260907001000"}, "geometry": {"type": "Polygon", "coordinates": [[[7.408470302689546, 50.48698996313817], [7.394146106693376, 50.49115575914646], [7.381515470378609, 50.49648503971542], [7.370578393745246, 50.502977804845045], [7.370200293013921, 50.509719598308955], [7.380381168184632, 50.51671042010716], [7.38691734313907, 50.52586523998356], [7.389808817877229, 50.53718405793815], [7.3981749894009035, 50.545254901375465], [7.41201585771009, 50.55007777029549], [7.424035720644733, 50.55598210234125], [7.434234578204837, 50.56296789751271], [7.442735308717891, 50.568788866807026], [7.449537912183898, 50.57344501022418], [7.4526929337884855, 50.58026760531344], [7.452200373531651, 50.58925665207481], [7.459128826877899, 50.59166423914753], [7.473478293827226, 50.58749036653161], [7.478706874861812, 50.58873443721351], [7.47481456998166, 50.595396451193224], [7.474448972074549, 50.602138292769936], [7.477610081140477, 50.608959961943654], [7.475540125838849, 50.61453804942063], [7.468239106169666, 50.61887255520088], [7.467872988665087, 50.62561430142503], [7.474441773325115, 50.6347632880931], [7.474073436174681, 50.64150495046334], [7.466767977213785, 50.64583928853577], [7.4610417759102745, 50.653584218353195], [7.456894832264147, 50.66473973991562], [7.461763908648224, 50.672724904349614], [7.475649005062507, 50.67753971165519], [7.487709526608441, 50.683436939423984], [7.497945473286029, 50.690416587655974], [7.50683830080012, 50.68949075179681], [7.514388009150715, 50.68065943184649], [7.5214563062961215, 50.68081659268564], [7.528043192236337, 50.689962234314265], [7.531097048145465, 50.699029511471394], [7.530617874023505, 50.708018424157025], [7.524893612348284, 50.71576590277996], [7.513924263119804, 50.72227194734019], [7.504659673585962, 50.72994017946246], [7.497099843746758, 50.73877059914677], [7.494906661774097, 50.7465961351245], [7.498080127667977, 50.753416787395636], [7.494174686096435, 50.76007853397442], [7.483190337059469, 50.76658137486086], [7.477330023859327, 50.776574018824434], [7.476593746496012, 50.79005646586514], [7.47769025356941, 50.8024552197277], [7.48061954507952, 50.81377028041209], [7.487217328401777, 50.822917473308564], [7.497483603536182, 50.82989679841711], [7.509586068266753, 50.83579078708412], [7.52352472259349, 50.84059943930961], [7.533800219602849, 50.84757589872823], [7.540412559294831, 50.85672016533999], [7.547027476847585, 50.86586401025038], [7.553644972261115, 50.87500743345939], [7.554880528989974, 50.88515803116583], [7.550734147034163, 50.89631580336972], [7.5502569658577166, 50.90530400289961], [7.5534489854606335, 50.91212262975549], [7.551253531992382, 50.919948295359916], [7.543670605452963, 50.928780999712885], [7.536084722130339, 50.9376131456561], [7.528495882024513, 50.94644473318957], [7.526176518784876, 50.95651704708044], [7.529126632411428, 50.9678300873287], [7.5375935344074225, 50.975889102902386], [7.551577224772858, 50.98069409380151], [7.563725973893407, 50.98658254946079], [7.574039781769066, 50.99355446988022], [7.582518423134909, 51.00161084537832], [7.589161897990935, 51.01075167595508], [7.597646669847208, 51.01880646057885], [7.607972738703729, 51.02577519924965], [7.618533858443957, 51.028248975083834], [7.6293300290678925, 51.02622778808141], [7.64184772903642, 51.02536614712787], [7.6560869583495395, 51.02566405222323], [7.670326358342047, 51.025960153696715], [7.684565929013942, 51.02625445154833], [7.696857476514228, 51.02988141652642], [7.707201000842905, 51.03684104863098], [7.719384135777531, 51.042712016059326], [7.73340688131811, 51.047494318811445], [7.74581591842935, 51.048868773249694], [7.756611247111252, 51.046835379374066], [7.765352257203087, 51.050383638358156], [7.772038948704857, 51.05951355020197], [7.780564575924915, 51.06755443842164], [7.7909291388632615, 51.074506303017166], [7.803132848078412, 51.080368149242574], [7.817175703570365, 51.08513997709787], [7.831221463924505, 51.089910049440874], [7.845270129140831, 51.094678366271594], [7.857486241841205, 51.100534885126166], [7.867869802025627, 51.10747960600459], [7.878256487659357, 51.11442335528355], [7.888646298742395, 51.12136613296303], [7.901079113538019, 51.12272286377707], [7.915554932046229, 51.11849354772565], [7.92646146290188, 51.114197228671976], [7.933798706104973, 51.10983390661606], [7.935938132306669, 51.102001351540764], [7.9328797415069685, 51.0906995634461], [7.935117019925359, 51.08061938596992], [7.942649967561839, 51.07176081911222], [7.943055872182067, 51.06277163646673], [7.936334733786043, 51.05365183803343], [7.931447332695687, 51.04344083994387], [7.928393668911, 51.03213864219804], [7.921680432320058, 51.02301754712981], [7.9113076229228625, 51.01607755473917], [7.911409205053524, 51.01383021785412], [7.921985178712045, 51.016275536474645], [7.931034360258494, 51.013068899150994], [7.938556749692867, 51.00421030588316], [7.9493350123935835, 51.002157868973434], [7.963369148360643, 51.00691158842183], [7.977406170560529, 51.01166355134002], [7.991446078993241, 51.01641375772801], [8.00568223504656, 51.016667325681276], [8.020114638720482, 51.01242425519982], [8.034544354134182, 51.008179316648764], [8.048971381287657, 51.00393251002813], [8.063395719823788, 50.99968383649382], [8.077817369742572, 50.99543329604583], [8.092051597669043, 50.99567598986175], [8.106098403603198, 51.00041191794157], [8.116496933916226, 51.00733451596167], [8.123247188608127, 51.01644378392204], [8.13730263123976, 51.02117442976177], [8.158663261811125, 51.02152645348086], [8.180024193242447, 51.02187441794655], [8.201385425533731, 51.02221832315884], [8.217536274333655, 51.01910327522085], [8.228476739642218, 51.01252927413259], [8.232384367544878, 51.00359512061373], [8.229259158041636, 50.99230081466429], [8.220669742792225, 50.98429283779599], [8.20661612179665, 50.979571190008826], [8.192565371818569, 50.97484778044385], [8.178517492857987, 50.97012260910107], [8.164472484733642, 50.96539567716709], [8.150430347445532, 50.96066698464192], [8.141859409024022, 50.952654127814334], [8.138759669469112, 50.94135710668433], [8.132017712338605, 50.93224816123059], [8.121633537632503, 50.92532729145312], [8.109430151941986, 50.9194990423907], [8.09540755526705, 50.9147634140433], [8.081198339838307, 50.91452119908257], [8.066802505655756, 50.918772397508505], [8.052403994136784, 50.923021732687744], [8.038002805281392, 50.92726920462028], [8.027443106790173, 50.92483528063797], [8.020724898663131, 50.91571996074081], [8.010361181629268, 50.908788301388725], [7.996351955688583, 50.90404030258173], [7.983971774885304, 50.90269403611832], [7.973220639219428, 50.90474950199851], [7.964493863704874, 50.90121766201259], [7.95779144834164, 50.89209851616056], [7.958187959050992, 50.88310843676355], [7.965683395832931, 50.874247423821565], [7.973077643850011, 50.867633434166635], [7.980370703102228, 50.863266467798766], [7.9873694878778965, 50.86564173218315], [7.994073998177017, 50.874759227319814], [8.002604688486482, 50.88278394893617], [8.012961558806293, 50.88971589703223], [8.018333359380021, 50.88868672411518], [8.01872009020767, 50.879696430185035], [8.01738143903475, 50.86955088754353], [8.014317405861258, 50.85825009619067], [8.01805788809553, 50.85381739196798], [8.02860288573757, 50.85625277487544], [8.0376129561579, 50.853037218715485], [8.04508809935653, 50.844170723488105], [8.057737380774546, 50.83876668354854], [8.075560800411953, 50.8368250988968], [8.079295465156735, 50.83239130844272], [8.06894137500889, 50.825465312186296], [8.056579449507577, 50.824126456652415], [8.042209688652797, 50.82837474184108], [8.027837264506246, 50.832621167096924], [8.013462177067929, 50.83686573241995], [8.008192715840831, 50.8356480875843], [8.012028880824957, 50.828968232589965], [8.006955421704411, 50.82325403200223], [7.992972338479191, 50.8185054858211], [7.980813296688838, 50.812663657051885], [7.970478296333349, 50.80572854569461], [7.954681964855068, 50.802065714203565], [7.933424302253994, 50.80167516257876], [7.9264387560041945, 50.799297842911656], [7.93372532610567, 50.79493375520222], [7.942731662922099, 50.791725353186806], [7.9534577664534805, 50.789672636865376], [7.965904787364503, 50.78877462631223], [7.980072725655164, 50.78903132152739], [7.990795944012584, 50.78697550771034], [7.99807444243676, 50.7826071848611], [8.007073857089878, 50.77939356840221], [8.017794187971937, 50.77733465833368], [8.028608610569353, 50.773026992906715], [8.039517124882126, 50.766470572121314], [8.037891252519731, 50.763067683227874], [8.023730993482172, 50.76281832622638], [8.013207924198872, 50.76038294341366], [8.006322044669833, 50.7557615347897], [8.006611060491089, 50.74901838473831], [8.014074971662637, 50.74015349325947], [8.01073106182867, 50.73559465912201], [7.996579330989185, 50.735341882325926], [7.984245991475943, 50.733995684075104], [7.973731043288943, 50.731556064369556], [7.961498641554812, 50.72795908003451], [7.947548786273549, 50.723204731069956], [7.940373816072703, 50.7253228771135], [7.939973730952272, 50.734313518165145], [7.937954425012072, 50.73989999465131], [7.934315898252102, 50.742082306572016], [7.927138282663382, 50.744198594146056], [7.916421578245911, 50.746248857373445], [7.905601347489476, 50.75054566796465], [7.8946775903940765, 50.75708902591967], [7.88213639211493, 50.76022616787993], [7.867977752652037, 50.75995709384544], [7.853819267019768, 50.759686227548634], [7.839660935218121, 50.7594135689895], [7.82883008678096, 50.763703383128586], [7.821326721708285, 50.7725556699659], [7.812102965155492, 50.78024884713981], [7.801158817122579, 50.78678291465033], [7.790536355608629, 50.786573624989934], [7.780235580613641, 50.779620978158626], [7.7788408811857135, 50.77171994670957], [7.786352257324847, 50.762870530642765], [7.786784615624094, 50.75388071209317], [7.780137956083457, 50.74475049106079], [7.7805671585616585, 50.735760529567955], [7.788072223058699, 50.72691082761467], [7.788503760835187, 50.71792084526773], [7.781861771891124, 50.70879058252712], [7.773401073017176, 50.70074822732101], [7.763121664213346, 50.69379377964937], [7.756487397524856, 50.68466223517344], [7.753498272951706, 50.67335359389322], [7.7540412896870965, 50.66211592187417], [7.758116447731027, 50.65094921911629], [7.7585518154754665, 50.64195902940538], [7.755347392920414, 50.63514535274142], [7.7486152303423665, 50.62826005686092], [7.738355327741325, 50.621303141763875], [7.726279204256688, 50.61543279570495], [7.712386859888454, 50.61064901868416], [7.698497352322116, 50.605863508735915], [7.684610681557672, 50.60107626586023], [7.677442629606134, 50.60317766048831], [7.676993196467505, 50.61216769262017], [7.6765435504209005, 50.62115768283006], [7.676093691466323, 50.630147631117964], [7.672112436805432, 50.63906373386982], [7.664599786438227, 50.64790599108561], [7.655718203149884, 50.6488444413726], [7.6454676869404015, 50.64187908473081], [7.637042133050228, 50.63382665935521], [7.630441541479364, 50.6246871652458], [7.622022000059881, 50.61663315655342], [7.611783508791781, 50.60966463327806], [7.608601134538908, 50.60284701716196], [7.612474877301265, 50.596180308205135], [7.60747534610959, 50.59044766921254], [7.5936025409638805, 50.58564910018417], [7.58155390391974, 50.57976365608766], [7.571329434977169, 50.572791336923004], [7.5611079976416615, 50.565818065720755], [7.550889591913213, 50.55884384248091], [7.5424950529609, 50.550784051722175], [7.535924380784721, 50.54163869344455], [7.536398018408081, 50.532648966298005], [7.543915965830981, 50.523814870282536], [7.542572499274687, 50.51590979660686], [7.5323676187392, 50.50893374527099], [7.520104953343893, 50.507535787398155], [7.505784503088766, 50.51171592298837], [7.495346385972727, 50.50923185199915], [7.488790601995774, 50.50008357443048], [7.4800508039061855, 50.49876067689613], [7.469126991703961, 50.50526315939611], [7.456625197972014, 50.50835303990127], [7.442545422710344, 50.508030318411635], [7.4322342219605355, 50.50329297009152], [7.425691595722588, 50.49414099494095], [7.420723312124618, 50.488400521807755], [7.417329371166627, 50.48607155069193], [7.408470302689546, 50.48698996313817]]]}}, {"type": "Feature", "properties": {"band": "light", "dbz": 30.0, "source": "OPERA-ORD", "time": "20260907001000"}, "geometry": {"type": "Polygon", "coordinates": [[[6.358211520998823, 51.005710165965645], [6.3544770265933295, 51.00783988422333], [6.350742180664454, 51.00996947458259], [6.347006983212197, 51.012098937043426], [6.341582885277269, 51.013047689029946], [6.3344698868596705, 51.01281573054214], [6.3273569553177715, 51.012583321930016], [6.3202440906515704, 51.01235046319359], [6.313131293117595, 51.01211715434627], [6.3060185627158445, 51.011883395388075], [6.3005933071477065, 51.01283040560495], [6.296855526413182, 51.014958184996885], [6.294805104992925, 51.01826706303231], [6.294442042886933, 51.02275703971123], [6.295948565078858, 51.02618315244736], [6.299324671568698, 51.02854540124072], [6.304570477979012, 51.02984345646901], [6.3116859843098005, 51.03007731813223], [6.318801557870245, 51.030310729488065], [6.325917198660346, 51.030543690536504], [6.333032906423205, 51.030776201264096], [6.340148681158823, 51.03100826167085], [6.345574946735275, 51.03005959680663], [6.349311703152562, 51.027930206671456], [6.353048107711581, 51.025800688582706], [6.356784160412333, 51.023671042540386], [6.36051986133564, 51.021541268582766], [6.364255210481504, 51.019411366709846], [6.366300860809761, 51.0161012890421], [6.366656812320412, 51.011611035579506], [6.365145783107195, 51.008185758345356], [6.361767773170111, 51.005825457339654], [6.358211520998823, 51.005710165965645]]]}}, {"type": "Feature", "properties": {"band": "light", "dbz": 30.0, "source": "OPERA-ORD", "time": "20260907001000"}, "geometry": {"type": "Polygon", "coordinates": [[[6.317458949220628, 50.95823562440363], [6.310354530813612, 50.95800217295252], [6.304935768559719, 50.95894944657894], [6.301202662458948, 50.96107744528288], [6.299155097479398, 50.96438649803301], [6.298793073621067, 50.96887660482929], [6.298430963391135, 50.97336670074995], [6.2980687667896, 50.97785678579497], [6.299574204592276, 50.9812829154541], [6.302947276799165, 50.983645089727354], [6.30632069056327, 50.986007161674706], [6.30969444588459, 50.98836913129616], [6.313068542865209, 50.990730998559634], [6.316442981505126, 50.993092763465135], [6.321685246413648, 50.99439002418062], [6.328795337590774, 50.99462278070608], [6.33590549554672, 50.99485508730357], [6.343015720281483, 50.99508694397308], [6.35012601153887, 50.99531835070125], [6.357236369318881, 50.99554930748808], [6.3626580548534815, 50.994599780865755], [6.366391068142672, 50.992469770834255], [6.368435295826933, 50.98915960676628], [6.368790737906263, 50.984669288661834], [6.367280366202605, 50.98124400082765], [6.363904180715961, 50.97888374326375], [6.360528336794251, 50.976523383192], [6.357152834437475, 50.97416292061243], [6.3537776735437586, 50.971802355557145], [6.3504028541131, 50.96944168802614], [6.345162409825969, 50.968145502195384], [6.338056340682362, 50.96791379806489], [6.332816617041209, 50.96661729769702], [6.329443238902504, 50.96425600109177], [6.326070201980897, 50.96189460212416], [6.3226975062763895, 50.95953310079418], [6.317458949220628, 50.95823562440363]]]}}, {"type": "Feature", "properties": {"band": "light", "dbz": 30.0, "source": "OPERA-ORD", "time": "20260907001000"}, "geometry": {"type": "Polygon", "coordinates": [[[6.573261576526294, 50.96634044561485], [6.566154830060359, 50.96612318098292], [6.560740549320331, 50.96708281789874], [6.557018734306208, 50.9692193563623], [6.553296568531544, 50.97135576774859], [6.549574051996341, 50.973492052057594], [6.5460204263312125, 50.97338273314512], [6.542635691536156, 50.97102781101119], [6.5392512985828235, 50.9686727857768], [6.535867247471213, 50.96631765744198], [6.532313684706816, 50.96620788875641], [6.528590610289635, 50.9683434797201], [6.5248671851211215, 50.97047894350879], [6.521143409201276, 50.97261428012248], [6.517419282449002, 50.97474948952314], [6.513694804864301, 50.97688457171078], [6.513524483428505, 50.97913000631511], [6.516908318141615, 50.981485793336134], [6.5202924948777525, 50.983841477307664], [6.523677013636916, 50.98619705822969], [6.527061874520685, 50.98855253606993], [6.530447077529058, 50.99090791082839], [6.535695005802249, 50.992195202109556], [6.542805659340257, 50.99241440991344], [6.5482230179719725, 50.99145590628252], [6.551947081697394, 50.989319691216785], [6.555670794328218, 50.98718334901946], [6.559394155864445, 50.98504687969054], [6.564810595571449, 50.984087325012794], [6.571920113449229, 50.98430468498623], [6.577335886777943, 50.98334476634308], [6.581057915557592, 50.98120756908336], [6.583086093168518, 50.977893422693995], [6.583420419610723, 50.97340232717498], [6.581894424563685, 50.969979854044304], [6.578508108027402, 50.96762600330197], [6.573261576526294, 50.96634044561485]]]}}, {"type": "Feature", "properties": {"band": "light", "dbz": 30.0, "source": "OPERA-ORD", "time": "20260907001000"}, "geometry": {"type": "Polygon", "coordinates": [[[6.660507316257487, 50.94196416864382], [6.653403984411186, 50.94175244075467], [6.647994459596548, 50.94271631713301], [6.644278741813572, 50.94485579777884], [6.640562673745109, 50.9469951517216], [6.636846255391157, 50.94913437896131], [6.63312948667036, 50.95127347946005], [6.629412367582717, 50.95341245321783], [6.6256948980468655, 50.955551300196746], [6.621977078062807, 50.95769002039678], [6.6182589075491824, 50.95982861378003], [6.61454038650599, 50.96196708034648], [6.612515427734149, 50.96528191928873], [6.612184031233659, 50.96977313060676], [6.6137125879111185, 50.97319513214964], [6.617101097766528, 50.97554792391736], [6.620489949768644, 50.97790061230606], [6.623879143917466, 50.98025319731575], [6.627268680314296, 50.98260567891406], [6.630658558959134, 50.984958057101004], [6.635908566296958, 50.98624067629848], [6.643018702327772, 50.986453536506474], [6.650128899404339, 50.98666594670092], [6.657239157526662, 50.9868779068818], [6.6626534056246856, 50.98591386801218], [6.666371643698411, 50.98377383009207], [6.668393767763898, 50.9804581227161], [6.6687197778211456, 50.97596674588427], [6.67074116552928, 50.972650894950235], [6.674457930888299, 50.97051056991398], [6.678174345535334, 50.96837011822947], [6.681890409470384, 50.966229539896716], [6.683910598454053, 50.962913518074416], [6.6842349124863425, 50.95842205276257], [6.682701887104212, 50.955000899665556], [6.67931152230766, 50.95265005878335], [6.67592149933288, 50.95029911437161], [6.672531818179872, 50.947948066430335], [6.669142478747684, 50.94559691499187], [6.665753481036319, 50.94324566005621], [6.660507316257487, 50.94196416864382]]]}}, {"type": "Feature", "properties": {"band": "light", "dbz": 30.0, "source": "OPERA-ORD", "time": "20260907001000"}, "geometry": {"type": "Polygon", "coordinates": [[[8.668635801186648, 50.939899120061014], [8.665016259564105, 50.94210494208042], [8.66139636888605, 50.94431064449285], [8.657776129152483, 50.946516227298304], [8.654155540275333, 50.9487216904604], [8.650534602254599, 50.95092703397915], [8.648658040776523, 50.954277726023406], [8.648525855841104, 50.95877376659319], [8.650204835060062, 50.962167144776224], [8.653694978433402, 50.96445786057251], [8.658996327959986, 50.96564558323761], [8.666108883639817, 50.96573031277152], [8.671475672156824, 50.964669675107565], [8.675096693511003, 50.96246367024574], [8.67697190633042, 50.95911262893985], [8.677101310615072, 50.954616551189886], [8.677230684015724, 50.95012046389584], [8.677360026532371, 50.945624367057725], [8.675679916342501, 50.942231291241825], [8.672190353446114, 50.93994123644815], [8.668635801186648, 50.939899120061014]]]}}, {"type": "Feature", "properties": {"band": "light", "dbz": 30.0, "source": "OPERA-ORD", "time": "20260907001000"}, "geometry": {"type": "Polygon", "coordinates": [[[6.311426211575826, 50.878125064552904], [6.307700091296985, 50.880253392249266], [6.305656793902607, 50.883562707962014], [6.305296319392692, 50.88805301169114], [6.306799594035816, 50.89147917713544], [6.310166617831982, 50.89384120429487], [6.315397505188784, 50.89513876479535], [6.3224922561062264, 50.895371858636864], [6.327902805752912, 50.89442391339897], [6.3316291541288425, 50.89229492908164], [6.331808400472217, 50.8900497444387], [6.328440544783035, 50.88768835947013], [6.325073028922065, 50.88532687229036], [6.321705852889307, 50.88296528289937], [6.318339016583508, 50.88060359132909], [6.314972520004667, 50.87824179757952], [6.311426211575826, 50.878125064552904]]]}}, {"type": "Feature", "properties": {"band": "light", "dbz": 30.0, "source": "OPERA-ORD", "time": "20260907001000"}, "geometry": {"type": "Polygon", "coordinates": [[[8.54211032226649, 50.893348332672616], [8.538488396763647, 50.8955501140537], [8.536605985811995, 50.898899004480135], [8.536463089411535, 50.90339500395192], [8.534579966531187, 50.90674376452317], [8.530956617170943, 50.90894528619388], [8.525593086935958, 50.90999923879145], [8.518489375826224, 50.90990562231589], [8.511385691660458, 50.90981155595048], [8.504282034438658, 50.909717039695224], [8.498991078430464, 50.90852200301059], [8.495512823635874, 50.90622644589658], [8.492034913462188, 50.90393077913094], [8.4885573479094, 50.901635002713654], [8.483267484279853, 50.900438967164], [8.476165322573545, 50.90034267248198], [8.470876163704725, 50.89914630772407], [8.467400007673394, 50.89684987289026], [8.463924196042559, 50.894553328521894], [8.460448728812219, 50.892256674618984], [8.456898036009221, 50.89220785796447], [8.453272117633562, 50.89440687855836], [8.449645850902536, 50.89660577892542], [8.446019235816143, 50.89880455906563], [8.442392272287298, 50.90100321894258], [8.438764960316004, 50.903201758556236], [8.436874969140572, 50.906548944913666], [8.436722298761003, 50.911044778014855], [8.438383977568176, 50.91444135213608], [8.441860005562088, 50.916738667277336], [8.445336378323855, 50.91903587291182], [8.448813095853476, 50.92133296903954], [8.452290158247266, 50.923629955626566], [8.455767565505226, 50.92592683267292], [8.461059402516113, 50.92712390027314], [8.468165669279925, 50.92722115842721], [8.473458212159926, 50.92841789672511], [8.476937031156119, 50.93071411516682], [8.480416195237508, 50.9330102239506], [8.483895704404093, 50.93530622307645], [8.489189341733228, 50.936501962037035], [8.496297107224914, 50.93659744083234], [8.5034048999771, 50.93669246944756], [8.510512719989787, 50.9367870478827], [8.51587973032474, 50.935733836213004], [8.519505930981953, 50.933532834438466], [8.523131782660073, 50.93133171258803], [8.526757285359096, 50.92913047066172], [8.532123306294151, 50.92807622836847], [8.539229845465236, 50.92816898570828], [8.546336411103956, 50.92826129295046], [8.553443003210313, 50.92835315009499], [8.55873787171474, 50.92954586842918], [8.56222101661724, 50.931839447953045], [8.565704506773084, 50.93413291752269], [8.569188342182269, 50.93642627713811], [8.572742024520181, 50.93647153551574], [8.576365553786822, 50.93426869265557], [8.578246786840541, 50.93091927037088], [8.578385723681341, 50.92642326866165], [8.580266244270545, 50.923073716767256], [8.583888348608149, 50.9208706146877], [8.587510104255745, 50.91866739278916], [8.591131511213336, 50.916464051071614], [8.591200583154116, 50.91421603086265], [8.587717320078088, 50.911923332162246], [8.584234401886079, 50.90963052348033], [8.580751828578085, 50.9073376048169], [8.577269600058239, 50.90504457620597], [8.57378771632654, 50.90275143764754], [8.568495532832396, 50.90155941979141], [8.561393049575804, 50.90146852263758], [8.556101570296944, 50.90027617496597], [8.552621094995816, 50.89798237677657], [8.549140964263415, 50.895688468756916], [8.545661178099747, 50.893394450907024], [8.54211032226649, 50.893348332672616]]]}}, {"type": "Feature", "properties": {"band": "light", "dbz": 30.0, "source": "OPERA-ORD", "time": "20260907001000"}, "geometry": {"type": "Polygon", "coordinates": [[[6.426707324922887, 50.83571720803785], [6.419621293781698, 50.835490745315425], [6.414219327830483, 50.83644342594831], [6.410501427069242, 50.838575249936504], [6.4084674806276745, 50.84188654522134], [6.4081174885057814, 50.84637731180281], [6.409627134482532, 50.849802191209434], [6.412996418557926, 50.85216118344123], [6.418225451700902, 50.85345396040427], [6.425314233911459, 50.85368052209857], [6.43071768600958, 50.85272756292164], [6.434435807995268, 50.85059508287347], [6.436468489514477, 50.84728341007272], [6.436815730567206, 50.84279254451939], [6.435304598443549, 50.83936794365681], [6.431935093143505, 50.83700960748498], [6.426707324922887, 50.83571720803785]]]}}, {"type": "Feature", "properties": {"band": "light", "dbz": 30.0, "source": "OPERA-ORD", "time": "20260907001000"}, "geometry": {"type": "Polygon", "coordinates": [[[8.201310459531646, 50.84229013551874], [8.19421780141391, 50.8421760020353], [8.18712517598825, 50.84206141948749], [8.180032583254672, 50.84194638787531], [8.174668543688298, 50.84298382534411], [8.17103305728913, 50.8451737318939], [8.16912606751027, 50.848516436901555], [8.168947574351714, 50.85301194036707], [8.170587515194514, 50.85641250321692], [8.174045890038668, 50.858718125451134], [8.177504608112159, 50.86102363922356], [8.180963669414986, 50.86332904453422], [8.184423074043744, 50.86563434134954], [8.187882821998436, 50.86793952966951], [8.193161098079571, 50.869149228032846], [8.200257902287154, 50.869263436439525], [8.205624141027467, 50.86822503818966], [8.209259814300509, 50.86603403328324], [8.21289513959229, 50.86384290738794], [8.216530116902806, 50.86165166050376], [8.220164746318167, 50.85946029266723], [8.223799027838375, 50.857268803878355], [8.223885877140376, 50.85502101329537], [8.22042529422417, 50.85271692091828], [8.216965054464206, 50.85041271994992], [8.213505157860487, 50.84810841039028], [8.210045604316598, 50.84580399227296], [8.206586393832543, 50.843499465597965], [8.201310459531646, 50.84229013551874]]]}}, {"type": "Feature", "properties": {"band": "light", "dbz": 30.0, "source": "OPERA-ORD", "time": "20260907001000"}, "geometry": {"type": "Polygon", "coordinates": [[[6.54345954838355, 50.79436670563073], [6.536379371031119, 50.794147654815404], [6.530984746361116, 50.79510601960024], [6.527275674373539, 50.797241799985244], [6.525252048046187, 50.8005553236463], [6.524913867379058, 50.80504659058341], [6.526430909167014, 50.80846999130907], [6.5298031734100555, 50.810825525823276], [6.533175776618163, 50.81318095757682], [6.536548718791337, 50.8155362865697], [6.539922000029822, 50.81789151276995], [6.543295620333617, 50.82024663617756], [6.546837456645829, 50.82035599730321], [6.550547508966456, 50.8182195961469], [6.552570332178795, 50.81490572520754], [6.552905926282844, 50.81041438448509], [6.553241440650818, 50.805923032845605], [6.553576875282715, 50.80143167028906], [6.552058353713939, 50.79800854951769], [6.54868587594449, 50.79565367053149], [6.54345954838355, 50.79436670563073]]]}}, {"type": "Feature", "properties": {"band": "light", "dbz": 30.0, "source": "OPERA-ORD", "time": "20260907001000"}, "geometry": {"type": "Polygon", "coordinates": [[[7.662135269016184, 50.801961482657724], [7.665564251708331, 50.80428272305244], [7.670821625298835, 50.80551697232097], [7.677907389787694, 50.805664230463336], [7.6831654699019385, 50.806898156889595], [7.686595865641569, 50.809218751599765], [7.688198505481109, 50.81262634334061], [7.687973389420561, 50.81712093211213], [7.686032386588334, 50.82045520751934], [7.682375496984429, 50.82262916956221], [7.678718259801194, 50.824803008869004], [7.675060675038629, 50.82697672543971], [7.671402742612608, 50.829150319237435], [7.667744462523132, 50.8313237902622], [7.664199878928738, 50.83124989660119], [7.660768991829428, 50.82892863825442], [7.657338446393936, 50.82660727328157], [7.6539082426222596, 50.82428580168262], [7.650478380416744, 50.82196422349064], [7.647048859777389, 50.819642538705594], [7.645448724052084, 50.81623445033182], [7.645677973240828, 50.81173995836933], [7.645907167922381, 50.80724545620932], [7.646136308096741, 50.80275094385179], [7.648079202887886, 50.79941725459747], [7.651735852295814, 50.79724438844637], [7.655278327167361, 50.79731868214321], [7.658706627502527, 50.79964013568798], [7.662135269016184, 50.801961482657724]]]}}, {"type": "Feature", "properties": {"band": "light", "dbz": 30.0, "source": "OPERA-ORD", "time": "20260907001000"}, "geometry": {"type": "Polygon", "coordinates": [[[7.914999352600028, 50.81708097217808], [7.914796288809121, 50.82157604754222], [7.914593176691566, 50.82607111286633], [7.914390016247366, 50.83056616815042], [7.912464819157069, 50.833904376376964], [7.908817585420674, 50.83608573754596], [7.903448379686814, 50.837109922487535], [7.896357201955488, 50.83697693120168], [7.891090331060939, 50.835753273867155], [7.887647767003168, 50.83343895048395], [7.8860294445144, 50.8300342902074], [7.886235363594636, 50.82553929303751], [7.8881618750737195, 50.822201442953805], [7.891808978951652, 50.8200207399563], [7.8954557354707795, 50.81783991497933], [7.899102144631103, 50.815658968022895], [7.902748206517413, 50.81347789912368], [7.906393921129708, 50.8112967082817], [7.909937804950763, 50.81136294326953], [7.913379857980576, 50.81367660408719], [7.914999352600028, 50.81708097217808]]]}}, {"type": "Feature", "properties": {"band": "light", "dbz": 30.0, "source": "OPERA-ORD", "time": "20260907001000"}, "geometry": {"type": "Polygon", "coordinates": [[[8.303915806392148, 50.75392388638849], [8.296836485782801, 50.75381627541728], [8.291485360633864, 50.75485937743136], [8.28786243094533, 50.757053192430725], [8.285967644047071, 50.76039804902882], [8.285800999939086, 50.76489394722563], [8.287446508387413, 50.768292949738864], [8.290904169392055, 50.770595056568496], [8.296174035669944, 50.771799938947666], [8.303256107221081, 50.77190759687636], [8.308608660226033, 50.770864189645], [8.312231694684797, 50.76866971725361], [8.314125158497378, 50.76532450848075], [8.314289051663772, 50.760828563326434], [8.31264211535943, 50.757429866030485], [8.309184349584356, 50.755128416592896], [8.303915806392148, 50.75392388638849]]]}}, {"type": "Feature", "properties": {"band": "light", "dbz": 30.0, "source": "OPERA-ORD", "time": "20260907001000"}, "geometry": {"type": "Polygon", "coordinates": [[[21.994851170939505, 50.099874337870254], [21.99197014455695, 50.10246599492669], [21.991099015066688, 50.10597566905352], [21.992237782468727, 50.110403360250764], [21.993376812517326, 50.11483102500501], [21.994516105212487, 50.119258663316266], [21.997096717087132, 50.122390366727586], [22.00111864814126, 50.12422613523895], [22.006581548104982, 50.12476566567428], [22.01348541697829, 50.12400895803357], [22.02038908144222, 50.12325181975098], [22.02729254149677, 50.12249425082651], [22.03218420065555, 50.12081913281674], [22.035064058918564, 50.11822646572167], [22.03449271885719, 50.11601285941718], [22.030470180471426, 50.114178313903274], [22.026447969127656, 50.11234361415657], [22.02242608482588, 50.110508760177076], [22.018404527522577, 50.10867375200526], [22.014383297217744, 50.106838589641136], [22.010362393867837, 50.10500327312515], [22.006341817472844, 50.10316780245729], [22.002321567989213, 50.10133217767804], [21.99830164541693, 50.09949639878737], [21.994851170939505, 50.099874337870254]]]}}, {"type": "Feature", "properties": {"band": "light", "dbz": 30.0, "source": "OPERA-ORD", "time": "20260907001000"}, "geometry": {"type": "Polygon", "coordinates": [[[8.54576068727124, 50.72134514270223], [8.538685898129577, 50.72125285047845], [8.533344082912581, 50.722307555031236], [8.529735241620259, 50.72450925636059], [8.526126055149158, 50.726710838155334], [8.522516523499284, 50.72891230041547], [8.518906646584409, 50.731113643104976], [8.51529642440453, 50.73331486622384], [8.51341910041112, 50.73666363350226], [8.51327467460418, 50.74115994494023], [8.514936046952947, 50.74455565505694], [8.518403217457422, 50.7468507638524], [8.523676231765231, 50.7480449426767], [8.530755089876372, 50.748138191529854], [8.536099675341184, 50.747083875818696], [8.539709988159666, 50.74488199554322], [8.541585983300438, 50.74153287936349], [8.541727660763499, 50.73703652727952], [8.543602950110312, 50.733687281586505], [8.547211851340883, 50.731485142284455], [8.550820407323577, 50.72928288350913], [8.554428618058397, 50.72708050526054], [8.554499063029875, 50.72483230930571], [8.551031742238006, 50.722538295644654], [8.54576068727124, 50.72134514270223]]]}}, {"type": "Feature", "properties": {"band": "light", "dbz": 30.0, "source": "OPERA-ORD", "time": "20260907001000"}, "geometry": {"type": "Polygon", "coordinates": [[[8.475605965532935, 50.70241681181623], [8.468534188428938, 50.70232008346741], [8.461462438836772, 50.702222907502716], [8.45439071675644, 50.70212528392216], [8.449049178883389, 50.703175968701984], [8.445437825217617, 50.70537496184221], [8.443556608079149, 50.708722591548955], [8.443405527467977, 50.71321885782223], [8.445060809679827, 50.716615638235496], [8.448522454714691, 50.71891293278877], [8.451984440933977, 50.721210118239085], [8.455446768337676, 50.723507194586446], [8.458909437020669, 50.72580416179729], [8.462372446982954, 50.72810101987164], [8.467641899097785, 50.729297844699545], [8.474717793365166, 50.72939463628099], [8.480061495987226, 50.728342988278655], [8.483673006963961, 50.72614290069251], [8.485552279589234, 50.722794701983986], [8.48569931386304, 50.71829839215309], [8.485846313242064, 50.71380207234637], [8.485993277726307, 50.70930574256383], [8.484335533497553, 50.70590947725208], [8.480873080555806, 50.70361327641112], [8.475605965532935, 50.70241681181623]]]}}, {"type": "Feature", "properties": {"band": "light", "dbz": 30.0, "source": "OPERA-ORD", "time": "20260907001000"}, "geometry": {"type": "Polygon", "coordinates": [[[7.579694748904206, 50.683219453986474], [7.5760438260128256, 50.68539010159263], [7.572392557986944, 50.68756062644839], [7.568740944826562, 50.68973102855373], [7.566797112418911, 50.693063510411065], [7.566561060763991, 50.697558072020385], [7.564616512867928, 50.700890417489376], [7.560963468730719, 50.70306054681805], [7.557428845662587, 50.702983299720835], [7.554012643663533, 50.70065867619772], [7.552423252868758, 50.69724910044016], [7.552660673278261, 50.692754572448166], [7.552898037397947, 50.68826003402367], [7.553135345227814, 50.68376548516667], [7.555079755914782, 50.68043322803574], [7.558731269458853, 50.67826326263087], [7.5640899607499215, 50.67725526148732], [7.571155829787988, 50.677409224605086], [7.57639662581774, 50.678648187168825], [7.5798123488391775, 50.68097214917854], [7.579694748904206, 50.683219453986474]]]}}, {"type": "Feature", "properties": {"band": "light", "dbz": 30.0, "source": "OPERA-ORD", "time": "20260907001000"}, "geometry": {"type": "Polygon", "coordinates": [[[22.073391192966074, 50.02636104962647], [22.066502241314527, 50.027121320389135], [22.059613085634794, 50.027881161555044], [22.052723725926874, 50.028640573124214], [22.045834162397057, 50.02939955505651], [22.03894439504534, 50.03015810735194], [22.034061914847953, 50.03183372662608], [22.031186721804882, 50.03442641287893], [22.03031916543214, 50.03793646840132], [22.03145924572972, 50.04236389319325], [22.03403754481158, 50.045494895073446], [22.038054062677723, 50.04732947404192], [22.04149998136318, 50.04695029303113], [22.044375300867944, 50.044357352041075], [22.047250323961947, 50.041764336876454], [22.050125050645192, 50.039171247537254], [22.05357076539999, 50.0387916367432], [22.057587468226338, 50.04062550449428], [22.061604496834292, 50.042459218161284], [22.06562185122384, 50.04429277774421], [22.069067361841444, 50.04391273720702], [22.071941028687103, 50.041319096549714], [22.07481439929424, 50.038725381803346], [22.077687473662863, 50.03613159296792], [22.080560251899094, 50.03353773006553], [22.083432734002944, 50.030943793096185], [22.082860648489113, 50.02873034701992], [22.0788439953576, 50.026897391836734], [22.073391192966074, 50.02636104962647]]]}}, {"type": "Feature", "properties": {"band": "light", "dbz": 30.0, "source": "OPERA-ORD", "time": "20260907001000"}, "geometry": {"type": "Polygon", "coordinates": [[[8.690312337855254, 50.6151759654898], [8.68325348330981, 50.61509284783616], [8.67792723436542, 50.616154541981956], [8.674333591022082, 50.61836104792719], [8.674269691160424, 50.62060944977418], [8.677735534780444, 50.622899747522915], [8.68120171824757, 50.625189935591905], [8.684668241561802, 50.62748001398114], [8.688135104816734, 50.6297699826571], [8.691602308012364, 50.63205984161977], [8.696866726334255, 50.63324590106836], [8.703928359782402, 50.633328161002886], [8.709255708248135, 50.632265482518484], [8.712848771731446, 50.63005786561516], [8.712911335409066, 50.627809455858596], [8.709443399280994, 50.625520253248816], [8.705975803052699, 50.62323094086217], [8.702508546724184, 50.62094151869866], [8.699041630201938, 50.61865198679183], [8.695575053485964, 50.616362345141695], [8.690312337855254, 50.6151759654898]]]}}, {"type": "Feature", "properties": {"band": "light", "dbz": 30.0, "source": "OPERA-ORD", "time": "20260907001000"}, "geometry": {"type": "Polygon", "coordinates": [[[6.041232868512317, 50.5255204566412], [6.03419571921437, 50.52526981077244], [6.028821969434746, 50.526204165860705], [6.025111619173444, 50.52832352190602], [6.023064547821634, 50.53162820357129], [6.022680755379314, 50.536118210856515], [6.022296872318476, 50.54060820637185], [6.021912898639119, 50.54509819011729], [6.023385159187672, 50.548528542530434], [6.026713653964137, 50.55089926361129], [6.031898503767896, 50.55221002846588], [6.038939708598949, 50.55246083709419], [6.044125264937344, 50.55377129244402], [6.0474551727830805, 50.55614139451537], [6.050785413928507, 50.55851139593162], [6.054115988373624, 50.560881296692756], [6.059302694802753, 50.56219078840948], [6.066345533215892, 50.56243987108178], [6.071722407608297, 50.56150397640489], [6.075433317979965, 50.559383104378824], [6.077478144893392, 50.55607758004669], [6.077856888348577, 50.55158740340849], [6.076380853169051, 50.54815768966361], [6.0730500393548175, 50.545788438812046], [6.06971955867049, 50.54341908725449], [6.06638941111607, 50.54104963499095], [6.063059596592326, 50.53868008205246], [6.059730115099257, 50.53631042843902], [6.056400966537655, 50.53394067418167], [6.053072150907519, 50.5315708192804], [6.049743668109661, 50.52920086376622], [6.046415518144081, 50.52683080763912], [6.041232868512317, 50.5255204566412]]]}}, {"type": "Feature", "properties": {"band": "light", "dbz": 30.0, "source": "OPERA-ORD", "time": "20260907001000"}, "geometry": {"type": "Polygon", "coordinates": [[[5.782846351647356, 50.436067904937055], [5.779132078214351, 50.43817912259168], [5.777071754694859, 50.441479338444], [5.776665381088879, 50.445968552493994], [5.778116816136938, 50.449402186502304], [5.781426059839037, 50.45178024046892], [5.786593239705292, 50.45310239069049], [5.793618355735703, 50.45336863716702], [5.798988177624803, 50.45244582793477], [5.802702705372596, 50.450333962993746], [5.802904931825719, 50.44808931892295], [5.79959485698417, 50.4457118957224], [5.796285112856198, 50.44333437291079], [5.792975699441801, 50.44095675048814], [5.789666616641917, 50.438579028485044], [5.786357864456544, 50.43620120690151], [5.782846351647356, 50.436067904937055]]]}}, {"type": "Feature", "properties": {"band": "light", "dbz": 30.0, "source": "OPERA-ORD", "time": "20260907001000"}, "geometry": {"type": "Polygon", "coordinates": [[[7.316856590942879, 50.456689030165805], [7.31321138153272, 50.4588513323901], [7.309565830931312, 50.46101351153891], [7.305919939138658, 50.463175567612225], [7.3022737060740575, 50.46533750057366], [7.298627131737513, 50.46749931042322], [7.298497279945687, 50.469746509412666], [7.301884150698579, 50.47207909754199], [7.307094697626656, 50.47333045912692], [7.314128920729918, 50.47350059416744], [7.319469032405699, 50.472504416757495], [7.323115032654, 50.470341926897085], [7.325066840305601, 50.467013449986894], [7.325324455360505, 50.46251898602692], [7.3237597460779575, 50.45910578529861], [7.320372712457958, 50.45677384780197], [7.316856590942879, 50.456689030165805]]]}}, {"type": "Feature", "properties": {"band": "light", "dbz": 30.0, "source": "OPERA-ORD", "time": "20260907001000"}, "geometry": {"type": "Polygon", "coordinates": [[[6.826978658790525, 49.68283275534788], [6.80893877771947, 49.69356773706886], [6.792545009513466, 49.705474328683906], [6.777797354172511, 49.71855253019302], [6.775085995644969, 49.733109696949136], [6.78441093393084, 49.749145828952244], [6.785154021400279, 49.76380409486844], [6.777315258053286, 49.77708449469774], [6.766312082503919, 49.78576727371018], [6.75214449475218, 49.78985243190576], [6.744599847928412, 49.798636520315185], [6.743678142032614, 49.81211953893846], [6.734159568072084, 49.824220303625054], [6.71604412604682, 49.83493881437498], [6.713461912971417, 49.847246430377666], [6.726412928845875, 49.8611431516331], [6.73092056557069, 49.87141045129563], [6.726984823145863, 49.878048329365285], [6.731500489526487, 49.888314445388595], [6.744467564712563, 49.90220879936557], [6.76288420053567, 49.91288310750033], [6.786750396995809, 49.92033736979286], [6.794598458057134, 49.9329514239504], [6.786428383719644, 49.950725269972956], [6.7888455840498665, 49.96655577397014], [6.801850059047802, 49.98044293594197], [6.807897676042712, 49.994127600260654], [6.806988435034597, 50.00760976692618], [6.799263620859106, 50.018642111159224], [6.784723233516239, 50.02722463295978], [6.776094754286804, 50.02584756811946], [6.7733781831708, 50.01451091663827], [6.77096950115714, 49.99868014882742], [6.768868708245826, 49.97835526468688], [6.759508888760264, 49.96231879928699], [6.742890042700457, 49.95057075262777], [6.7208308843300575, 49.94203376772473], [6.693331413649062, 49.936707844577896], [6.673813365032218, 49.94175105536783], [6.662276738479521, 49.95716340009453], [6.6593545997256705, 49.97396226675077], [6.665046948770663, 49.99214765533653], [6.659430692458712, 49.99760569718779], [6.642505830789817, 49.99033639230453], [6.633723856617486, 49.99119524381318], [6.6330847699417195, 50.00018225171376], [6.641072380264783, 50.010557256720176], [6.657686687586676, 50.02232025883244], [6.677950050273284, 50.03193795962257], [6.70186246832461, 50.039410359090546], [6.709863777578768, 50.04978287715534], [6.7019539780357595, 50.06305551381692], [6.680569861859894, 50.069164696902526], [6.64571142905117, 50.068110426412176], [6.614176835020056, 50.06940021777506], [6.585966079766554, 50.073034070991206], [6.556090701882946, 50.07548236206901], [6.5245507013692325, 50.07674509100846], [6.499645797250938, 50.08271523684323], [6.48137598952806, 50.093392799573294], [6.463606847794696, 50.097328397787905], [6.446338372050846, 50.094522031487074], [6.425757022259937, 50.08935288335218], [6.4018627984219725, 50.081820953383215], [6.372486489516199, 50.07747920003138], [6.337628095542616, 50.07632762329666], [6.318894281462988, 50.070078372707115], [6.316285047277315, 50.05873144826274], [6.3237773851318035, 50.052224555468776], [6.341371295026454, 50.050557694325214], [6.360276825006704, 50.05456070752531], [6.380493975072554, 50.06423359506907], [6.396427534062741, 50.0613785392094], [6.408077501977264, 50.04599553994632], [6.426345840270808, 50.035328232464096], [6.451232548943375, 50.02937661676273], [6.474289177046943, 50.024487468768314], [6.4955157245815105, 50.02066078848085], [6.51010635221686, 50.01211795067224], [6.518061059952989, 49.99885895534248], [6.5344626269305195, 49.98924129289396], [6.559311053149452, 49.98326496332668], [6.565268498118031, 49.9733194245427], [6.552334961836256, 49.95940467654202], [6.535768405582738, 49.947624835020626], [6.515568829357479, 49.9379798999785], [6.489913708244933, 49.93153308349383], [6.458803042245103, 49.92828438556662], [6.434985347964789, 49.92076167382356], [6.418460625403989, 49.908964948264675], [6.4054154200131, 49.897279888118426], [6.395849731792124, 49.885706493384816], [6.389929115764749, 49.87200005336956], [6.387653571930973, 49.856160568072646], [6.374633521664746, 49.84446915408325], [6.350868964966068, 49.836925811401365], [6.330578635247099, 49.829494205117555], [6.313762532507838, 49.82217433523182], [6.297893537260112, 49.82501922281255], [6.282971649503921, 49.83802886785975], [6.2680414504385205, 49.851036349716935], [6.253102940063915, 49.86404166838411], [6.239802908435248, 49.87822758944042], [6.228141355552522, 49.89359411288586], [6.213177854092839, 49.90659292791076], [6.1949124040562005, 49.91722403451513], [6.173346111574117, 49.92548423549465], [6.1484789766465875, 49.931373530849335], [6.137142945035764, 49.942239893213895], [6.139338016741647, 49.95808332258834], [6.148675222855221, 49.9719233062173], [6.165154563376488, 49.98375984410078], [6.174680430637841, 49.99535333830358], [6.177252824639281, 50.00670378882568], [6.176343986216969, 50.01793334098409], [6.171953915370903, 50.029041994778794], [6.163894546258863, 50.0422747008482], [6.15216587888085, 50.05763145919233], [6.1404293861394965, 50.07298680348286], [6.1286850680348035, 50.088340733719804], [6.127583923791461, 50.101815294450404], [6.137125953409467, 50.11341048567465], [6.1501628481197015, 50.12512588927708], [6.166694607922165, 50.13696150525769], [6.172575458540417, 50.150678856407296], [6.167805399974459, 50.166277942725905], [6.164871070752228, 50.180814535961545], [6.163772470873723, 50.194288636114216], [6.15236904726555, 50.20515108915638], [6.130660799927711, 50.213401895088055], [6.133607357974949, 50.220259946371016], [6.161208721407263, 50.22572524300526], [6.176118509413057, 50.2363780436055], [6.1783367219923315, 50.252218348171745], [6.1772382504666465, 50.26569205863108], [6.172823094836002, 50.27679917498352], [6.17725279875134, 50.28708518400182], [6.190527362212661, 50.29655008568595], [6.197710777861873, 50.294545652386404], [6.198803045698975, 50.28107188410316], [6.205988232799156, 50.27906575744266], [6.219266339162413, 50.2885272724049], [6.234211614809359, 50.29916920947443], [6.250824059739992, 50.31099156865125], [6.267444744877364, 50.32281140505582], [6.284073670221471, 50.33462871868815], [6.306234516636124, 50.34324853410234], [6.333927284121327, 50.34867085129839], [6.35645255927524, 50.35279224435706], [6.373810342097864, 50.35561271327837], [6.385303582925689, 50.36612064694348], [6.390932281758713, 50.384316045352385], [6.401280998278592, 50.38690312834224], [6.416349732485328, 50.37388189591303], [6.42854767633552, 50.37540125652647], [6.4378748298291715, 50.391461210182584], [6.435001320634856, 50.406002950424586], [6.419927148752576, 50.41902647725249], [6.426438092264998, 50.42598849037298], [6.454534151172122, 50.42688898978608], [6.477446774633092, 50.426494029575224], [6.495175962647909, 50.424803609740415], [6.50805452056866, 50.417330541642635], [6.516082448395345, 50.40407482528188], [6.518760039530948, 50.391776685033065], [6.51608729397547, 50.3804361208962], [6.511914112501297, 50.365671028599465], [6.506240495108426, 50.34748140814286], [6.514086241978928, 50.336470053046796], [6.535451353112801, 50.33263696331126], [6.547638434505573, 50.334144270020644], [6.550647486157243, 50.34099197317496], [6.5481473969117925, 50.35104506215095], [6.54013816676922, 50.36430353694863], [6.542654525517569, 50.377889440329945], [6.555696473156839, 50.39180277229488], [6.576421103366793, 50.396944468041454], [6.604828416147432, 50.393314527569665], [6.628208253818796, 50.3861496268251], [6.646560616380882, 50.37544976580777], [6.6598839900126805, 50.36121980760235], [6.668178374714191, 50.343459752208844], [6.6674684932249475, 50.32880543451886], [6.657754345544949, 50.31725685453241], [6.665081986028101, 50.312973453568596], [6.689451414674402, 50.31595523162741], [6.696777167794837, 50.31167305596956], [6.687059245389404, 50.30012692659501], [6.687848808948532, 50.28889438871804], [6.699145858472219, 50.277975442338644], [6.713156745630492, 50.2783914479042], [6.729881470423352, 50.29014240541472], [6.752409161380456, 50.29418015085187], [6.7807398185018055, 50.29050468421567], [6.804040635951132, 50.2833020493793], [6.822311613728434, 50.27257224634276], [6.831901711290609, 50.26046705604987], [6.832810928637653, 50.2469864785006], [6.845735445115458, 50.23722353332214], [6.870675260724024, 50.23117822051446], [6.880095798671891, 50.22131621795165], [6.873997058959061, 50.207637525633714], [6.867901737805451, 50.19395841427862], [6.861809835211062, 50.18027888388636], [6.862854244249278, 50.16455039807744], [6.871034964920099, 50.14677295685185], [6.8909098982612385, 50.1372006145367], [6.922479044272693, 50.135833371131994], [6.942335444587029, 50.12625783872747], [6.950479099204246, 50.10847401732313], [6.958616422143725, 50.0906894033893], [6.96674741340547, 50.07290399692597], [6.978213072575559, 50.05746005045297], [6.993013399653994, 50.044357563970294], [7.00599357680964, 50.03232967022836], [7.017153604042496, 50.02137636922716], [7.014384646799854, 50.01004494442453], [6.997686705081714, 49.99833539582044], [6.97889547171259, 49.99219332347046], [6.958010946692482, 49.99161872737459], [6.9404612371185745, 49.9933849081536], [6.9262463429908685, 49.997491865807504], [6.908695447486993, 49.999251391174596], [6.887808550606948, 49.99866348425486], [6.883101626474353, 49.99065182920237], [6.894574675089208, 49.97521642601712], [6.91241513378022, 49.968962365389814], [6.936623002547392, 49.97188964732045], [6.959450595093215, 49.969145758934104], [6.980897911417692, 49.96073070023079], [6.997334193288999, 49.94879926115], [7.008759440707138, 49.933351441691755], [7.013229690461518, 49.91771426330744], [7.010744942552139, 49.90188772599706], [7.002269632450567, 49.898279520247854], [6.987803760156801, 49.906889646059824], [6.977239539516389, 49.90885173647712], [6.970576970529329, 49.904165791499736], [6.960007680167331, 49.90612506353161], [6.945531668430394, 49.91472955257275], [6.931635460883717, 49.91434291630322], [6.9183190575273, 49.90496515472302], [6.9030500359714395, 49.89890743060972], [6.8858283962161355, 49.8961697439633], [6.870121618263793, 49.896849998705434], [6.855929702114415, 49.900948194836126], [6.844147709342696, 49.89498230963471], [6.834775639948635, 49.87895234310118], [6.837478395354103, 49.86439483742675], [6.8522559755591, 49.8513097926114], [6.853153915581696, 49.83782622981505], [6.840172215421893, 49.82394414903768], [6.845745195150018, 49.81847402918632], [6.8698728547660695, 49.82141587026098], [6.878911700741161, 49.81604603114273], [6.87286173307529, 49.80236451183159], [6.872085075528162, 49.7877071698895], [6.876581728099777, 49.77207400531645], [6.87731909675123, 49.760836950705574], [6.8742971814825236, 49.753996006056866], [6.878200179457742, 49.747351907130636], [6.889028090676883, 49.740904653926876], [6.887960236077511, 49.730741671471456], [6.874996615659627, 49.716862959764384], [6.862040380908539, 49.70298264084521], [6.849091531824248, 49.68910071471393], [6.840962480293089, 49.68098612985807], [6.837653226315064, 49.67863888627761], [6.826978658790525, 49.68283275534788]]]}}, {"type": "Feature", "properties": {"band": "light", "dbz": 30.0, "source": "OPERA-ORD", "time": "20260907001000"}, "geometry": {"type": "Polygon", "coordinates": [[[7.262075054842166, 50.40021739590264], [7.255052010527315, 50.40004400254934], [7.248029014577426, 50.3998701652314], [7.241006066992501, 50.399695883948816], [7.233983168018227, 50.39952115871128], [7.226960317654605, 50.39934598951881], [7.221626305000411, 50.400338024709725], [7.217981130055645, 50.40249726428404], [7.21602470893383, 50.405824032898195], [7.215757041634967, 50.410318330552215], [7.217312635413169, 50.4137330273897], [7.220691490268439, 50.41606812341066], [7.224070678592521, 50.41840311511171], [7.227450200385416, 50.42073800249285], [7.230830055742868, 50.4230727855222], [7.234210244664879, 50.425407464199765], [7.239413834422423, 50.42666200059427], [7.246440825015501, 50.42683639470571], [7.2534678640775345, 50.42701034456609], [7.260494951608523, 50.42718385017542], [7.265830908918622, 50.42619021041264], [7.269475736007832, 50.424029425277766], [7.27142935029975, 50.42070181970598], [7.271691751794375, 50.41620739369729], [7.271954091485894, 50.41171295666508], [7.2722163693743065, 50.40721850860935], [7.270657275488783, 50.40380448658093], [7.267276809829321, 50.40147089057983], [7.262075054842166, 50.40021739590264]]]}}, {"type": "Feature", "properties": {"band": "light", "dbz": 30.0, "source": "OPERA-ORD", "time": "20260907001000"}, "geometry": {"type": "Polygon", "coordinates": [[[7.179969648915709, 50.36215330165729], [7.172952572774522, 50.36197473501464], [7.167621672889471, 50.36296420620904], [7.163976949260557, 50.36512171524049], [7.1620183165535245, 50.36844758638143], [7.161745774768375, 50.37294181963186], [7.163296266997645, 50.376357317681126], [7.166669793241336, 50.378694080529215], [7.1700436521885145, 50.381030739311875], [7.17341784383918, 50.3833672940291], [7.174969213259591, 50.38678268502912], [7.1746977604497495, 50.39127691231195], [7.176249767226818, 50.39469220327513], [7.179625233590801, 50.39702855791866], [7.183136150139276, 50.39711768667108], [7.186782516872246, 50.394959589532384], [7.190428543533599, 50.39280136906503], [7.1940742301233325, 50.390643025269014], [7.197719576721354, 50.388484558180664], [7.201364583327665, 50.38632596779999], [7.20332140397138, 50.38299950953166], [7.2035900386525, 50.378505183375665], [7.202036842656034, 50.37509017148905], [7.198661815981982, 50.37275447387181], [7.195287121926214, 50.37041867210935], [7.191912760488727, 50.36808276620167], [7.188538731574064, 50.36574675618053], [7.185165035182223, 50.36341064204592], [7.179969648915709, 50.36215330165729]]]}}, {"type": "Feature", "properties": {"band": "light", "dbz": 30.0, "source": "OPERA-ORD", "time": "20260907001000"}, "geometry": {"type": "Polygon", "coordinates": [[[6.375525354301956, 50.174411270868625], [6.375179406133817, 50.17890344309279], [6.374833376932912, 50.18339560330366], [6.374487266699244, 50.187887751501236], [6.37414107537812, 50.19237988769864], [6.37379480296954, 50.19687201189588], [6.373448449418766, 50.20136412410607], [6.373102014725797, 50.20585622432921], [6.372755498835841, 50.21034831257842], [6.3724089017489, 50.21484038885371], [6.372062223410131, 50.21933245316818], [6.371715463819537, 50.22382450552182], [6.371368622922224, 50.22831654592778], [6.3710217007181935, 50.232808574386056], [6.369012533749951, 50.236120176833666], [6.365341122017495, 50.238251353270606], [6.360007574077688, 50.239201781280826], [6.353011889930532, 50.23897146086431], [6.346016269374357, 50.238740698633535], [6.339020712409162, 50.23850949458848], [6.333861828663081, 50.23721296035484], [6.330539618136111, 50.23485109593261], [6.329053971271344, 50.23142422369493], [6.32940488806878, 50.22693234364182], [6.329755722628584, 50.22244045160498], [6.330106474950758, 50.21794854758444], [6.330457145090814, 50.213456631567084], [6.330807733048753, 50.20896470355292], [6.33115823888004, 50.20447276352886], [6.331508662584672, 50.1999808114949], [6.331859004218064, 50.19548884743794], [6.332209263780216, 50.19099687135799], [6.334218797744975, 50.18768577698974], [6.337887606112341, 50.185555564333185], [6.343215798041143, 50.184605911484134], [6.35020337353138, 50.18483681844258], [6.355530928426828, 50.183886806931866], [6.359198462727488, 50.18175587695201], [6.361205867913732, 50.17844435041842], [6.361553143985559, 50.173952227331085], [6.363559840045114, 50.17064055686768], [6.367225956092395, 50.16850933902819], [6.370718842683534, 50.168624093770475], [6.374038499818529, 50.17098482109452], [6.375525354301956, 50.174411270868625]]]}}, {"type": "Feature", "properties": {"band": "light", "dbz": 30.0, "source": "OPERA-ORD", "time": "20260907001000"}, "geometry": {"type": "Polygon", "coordinates": [[[6.280270310906851, 50.16111301606529], [6.283584950396433, 50.16347644230153], [6.286899916938924, 50.16583976781995], [6.290215210534327, 50.16820299262057], [6.29169590021429, 50.171630542314766], [6.291341985978812, 50.176122416902544], [6.29282329330499, 50.17954987233753], [6.296139822192824, 50.18191290861971], [6.299456678477673, 50.18427584410878], [6.302773862159539, 50.186638678804755], [6.302597112777717, 50.18888461051497], [6.298926430332211, 50.19101363923941], [6.293596892878626, 50.191960910146655], [6.286608500416963, 50.19172642323671], [6.279620172521475, 50.1914914950467], [6.27263190919216, 50.19125612557663], [6.267479951283554, 50.18995650012158], [6.264164298795657, 50.18759261868154], [6.262684840488975, 50.184164803134195], [6.2630415763635074, 50.17967305347953], [6.265055474564801, 50.17636321928071], [6.2687265350928545, 50.17423530053773], [6.272397259151708, 50.17210725588469], [6.276067646741362, 50.1699790853216], [6.276245557706718, 50.16773317970322], [6.272930992047778, 50.16536953902954], [6.26961675340152, 50.1630057976851], [6.266302841767944, 50.16064195566989], [6.266480669465995, 50.158396037928114], [6.270150236495672, 50.15626804445979], [6.273642012798399, 50.156385861531014], [6.276955998374174, 50.15874948914178], [6.280270310906851, 50.16111301606529]]]}}, {"type": "Feature", "properties": {"band": "light", "dbz": 30.0, "source": "OPERA-ORD", "time": "20260907001000"}, "geometry": {"type": "Polygon", "coordinates": [[[6.325946664608673, 50.091706897147716], [6.325596881241894, 50.096199089979194], [6.325247016102756, 50.10069127063158], [6.324897069191259, 50.105183439104856], [6.324547040452339, 50.10967559541212], [6.324196929885996, 50.11416773955337], [6.3238467374371155, 50.11865987154172], [6.3234964631056965, 50.12315199137717], [6.323146106836575, 50.1276440990728], [6.32279566862975, 50.13213619462862], [6.320787645326622, 50.1354471008798], [6.31712203692719, 50.137576817826336], [6.311798952808798, 50.138525024009155], [6.304818392971446, 50.13829171942827], [6.297837897186167, 50.13805797411706], [6.290857465452959, 50.13782378807552], [6.283877098010985, 50.137589161316484], [6.276896794860243, 50.13735409383996], [6.269916556239859, 50.13711858565881], [6.262936382149832, 50.13688263677304], [6.257790572072311, 50.135582553207115], [6.2544791260073, 50.13321833496104], [6.2546573664626886, 50.13097240598776], [6.25832529343848, 50.12884476628727], [6.2619928847344575, 50.126717000761424], [6.2656601403506205, 50.124589109410216], [6.267671552733814, 50.121279203863565], [6.268027121884038, 50.11678728412148], [6.270037826289867, 50.11347723410222], [6.2737036659513, 50.11134905380578], [6.279024751475035, 50.11040242206194], [6.2860010828610715, 50.110637338870696], [6.29297747840143, 50.110871815242625], [6.299953938096112, 50.11110585117773], [6.305274155028112, 50.11015818783416], [6.308938129197431, 50.10802882521188], [6.309114135731662, 50.10578278437488], [6.305802174630805, 50.103420065323164], [6.30065862562411, 50.102121712823255], [6.293683488711578, 50.10188772687518], [6.286708415907813, 50.10165330058374], [6.279733407212818, 50.10141843394895], [6.274590973630659, 50.10011912517708], [6.271281115161333, 50.09775537426813], [6.271458361556581, 50.09550937129676], [6.275122712816399, 50.093381116262975], [6.280441731755577, 50.092434396988644], [6.28741541837411, 50.092669213473755], [6.294389169055898, 50.09290358970894], [6.301362983800944, 50.093137525694196], [6.306681134893205, 50.092189775270455], [6.310343622332684, 50.09006033843771], [6.314005774775886, 50.08793077606036], [6.31766759222281, 50.08580108813838], [6.321154264782719, 50.08591738331603], [6.324465792455616, 50.08827966159333], [6.325946664608673, 50.091706897147716]]]}}, {"type": "Feature", "properties": {"band": "light", "dbz": 30.0, "source": "OPERA-ORD", "time": "20260907001000"}, "geometry": {"type": "Polygon", "coordinates": [[[6.763954642690151, 50.0502576002589], [6.767285646834027, 50.05260668611463], [6.7706169772195635, 50.054955669857705], [6.773948633846762, 50.057304551488116], [6.7754611041607955, 50.06072589335967], [6.775154388161664, 50.065219695472365], [6.776667479479649, 50.068640940118186], [6.780000378114749, 50.07098962729712], [6.78333360333153, 50.07333821228698], [6.786667155129994, 50.07568669508775], [6.788181091100322, 50.079107835504324], [6.787875411242516, 50.08360163353672], [6.7875696599195265, 50.08809541972163], [6.787263837131351, 50.09258919405904], [6.786957942829859, 50.097082956562325], [6.786651977015049, 50.10157670723148], [6.7846779831620845, 50.10489618494834], [6.781035961270966, 50.107041389712904], [6.77572600681398, 50.10801199989216], [6.768748119791125, 50.10780801548612], [6.763591906073242, 50.10653145049231], [6.760257365660331, 50.10418230491073], [6.7569231523048, 50.10183305715873], [6.753589266006653, 50.0994837072363], [6.750255706671333, 50.09713425517434], [6.746922474298843, 50.09478470097285], [6.745410754727734, 50.09136310216356], [6.745720547958009, 50.08686945874648], [6.746030268799382, 50.08237580345019], [6.74633991725185, 50.07788213627473], [6.74482904114629, 50.07446043356828], [6.741497640482699, 50.07211069533085], [6.738166566289564, 50.06976085504506], [6.7348358185668875, 50.0674109127109], [6.734990864751821, 50.065164072258014], [6.738631704844366, 50.06302033368641], [6.742272210518051, 50.060876471105836], [6.745912381772878, 50.0587324845163], [6.746067355536933, 50.05648563214558], [6.742737131810216, 50.05413591399368], [6.73940723425104, 50.05178609382284], [6.736077662859401, 50.04943617163306], [6.736232564251278, 50.047189307331166], [6.739871938426669, 50.045045500917155], [6.745175828365866, 50.044076317605644], [6.75214423406887, 50.04428175739663], [6.757293612844833, 50.04555912230185], [6.760623964693753, 50.047908412321306], [6.763954642690151, 50.0502576002589]]]}}, {"type": "Feature", "properties": {"band": "light", "dbz": 30.0, "source": "OPERA-ORD", "time": "20260907001000"}, "geometry": {"type": "Polygon", "coordinates": [[[6.234053768045826, 50.01654234630333], [6.2336960713224485, 50.02103438468581], [6.231686791945614, 50.02434385823173], [6.2280259299153204, 50.0264707669411], [6.222713596556745, 50.02741479044391], [6.215749791869888, 50.02717592874014], [6.210617076692589, 50.02587363813118], [6.20731545102485, 50.02350791861703], [6.207495328671274, 50.021261943741585], [6.211156709631861, 50.01913571350487], [6.214817756805769, 50.017009357571276], [6.218478470193, 50.014882875940785], [6.222138849868149, 50.01275626864963], [6.225798895831217, 50.01062953569781], [6.229279843211442, 50.01074870869445], [6.232581692008824, 50.01311378763955], [6.234053768045826, 50.01654234630333]]]}}, {"type": "Feature", "properties": {"band": "light", "dbz": 30.0, "source": "OPERA-ORD", "time": "20260907001000"}, "geometry": {"type": "Polygon", "coordinates": [[[6.545086777320682, 50.01096840070543], [6.538124060247569, 50.010749903643294], [6.532819604529699, 50.01170914209231], [6.52917341016707, 50.01384611605247], [6.529008839812303, 50.01609267682817], [6.532325893465398, 50.018448824419416], [6.535643272267254, 50.020804870737244], [6.53896097621787, 50.02316081578166], [6.5422790054117215, 50.0255166595221], [6.545597359848809, 50.02787240195856], [6.549079736378601, 50.027981465574165], [6.552726135001097, 50.0258438503689], [6.554712954680925, 50.02252845316806], [6.555040195418083, 50.01803527397165], [6.553544895804306, 50.0146109255892], [6.550227055839594, 50.01225540802073], [6.545086777320682, 50.01096840070543]]]}}, {"type": "Feature", "properties": {"band": "light", "dbz": 30.0, "source": "OPERA-ORD", "time": "20260907001000"}, "geometry": {"type": "Polygon", "coordinates": [[[6.602081265534108, 49.994727044091164], [6.595120710427573, 49.994512155043466], [6.589819268914141, 49.99547415804062], [6.586176940993813, 49.997613053082645], [6.582534279702078, 49.99975182374647], [6.5788912850389405, 50.0018904700321], [6.575247956928692, 50.004028991903574], [6.5716042953713325, 50.00616738936088], [6.569619579232216, 50.009483212946435], [6.569293808511343, 50.01397646266022], [6.5707905272608516, 50.01740053671239], [6.574109735480743, 50.01975543510295], [6.579251534341656, 50.02104083717549], [6.58621592384359, 50.02125674293002], [6.593180372021166, 50.02147220901676], [6.600144878874383, 50.02168723543571], [6.605448763652488, 50.02072499805249], [6.609092026355481, 50.01858549686712], [6.612734955369499, 50.01644587134535], [6.616377550694543, 50.01430612148718], [6.620019812406506, 50.012166247328594], [6.623661740505387, 50.01002624886958], [6.623822282721641, 50.00777953773608], [6.620501439055267, 50.0054261139281], [6.617180920464515, 50.00307258859517], [6.613860726949385, 50.00071896173727], [6.610540858415709, 49.998365233385], [6.6072213148634855, 49.99601140353835], [6.602081265534108, 49.994727044091164]]]}}, {"type": "Feature", "properties": {"band": "light", "dbz": 30.0, "source": "OPERA-ORD", "time": "20260907001000"}, "geometry": {"type": "Polygon", "coordinates": [[[6.421211594765612, 49.94170933816222], [6.420872446422985, 49.946202240786036], [6.418879628252932, 49.9495153285763], [6.415233140255452, 49.95164860153302], [6.409933087809367, 49.952601739762336], [6.402979470914677, 49.952374743264244], [6.39784975435311, 49.951081134421855], [6.394543938124665, 49.94872091323517], [6.394714536114848, 49.94647450424804], [6.398361548323658, 49.944341907460455], [6.402008228068963, 49.94220918581068], [6.4056545753507645, 49.94007633929871], [6.409300590243866, 49.9379433679605], [6.41294627274827, 49.93581027179604], [6.4164221277345845, 49.935923514497944], [6.4197281552028125, 49.938283096066186], [6.421211594765612, 49.94170933816222]]]}}, {"type": "Feature", "properties": {"band": "light", "dbz": 30.0, "source": "OPERA-ORD", "time": "20260907001000"}, "geometry": {"type": "Polygon", "coordinates": [[[6.460374828741827, 49.83713269903221], [6.453437861781142, 49.83690895407804], [6.448151160663582, 49.83786429175154], [6.44451472538915, 49.83999871205272], [6.444347035115262, 49.84224534186593], [6.44764808984192, 49.844604181191194], [6.450949466606843, 49.8469629198382], [6.454251165410032, 49.84932155780695], [6.455734534144357, 49.85274749978691], [6.455399572809817, 49.85724074577806], [6.456883551392402, 49.860666592683764], [6.460186469892113, 49.86302504050402], [6.463489710765746, 49.865383387571605], [6.466793274013301, 49.867741633886524], [6.470097159728327, 49.87009977941855], [6.473401367910824, 49.872457824167704], [6.476872227562777, 49.87256912265597], [6.4805097386841855, 49.87043367488336], [6.482494745817524, 49.8671192931449], [6.482827248962793, 49.86262597744061], [6.483159674824007, 49.85813264931874], [6.483492023401166, 49.85363930877929], [6.482006635150494, 49.85021373368697], [6.478703510071992, 49.84785592404178], [6.475400707108236, 49.845498013625765], [6.472098226259227, 49.84314000243893], [6.468796067431583, 49.84078189051146], [6.465494230625307, 49.83842367784335], [6.460374828741827, 49.83713269903221]]]}}, {"type": "Feature", "properties": {"band": "light", "dbz": 30.0, "source": "OPERA-ORD", "time": "20260907001000"}, "geometry": {"type": "Polygon", "coordinates": [[[6.697923395497612, 49.84565534894408], [6.694297662567273, 49.84779806287927], [6.692328497659124, 49.85111644516366], [6.6920159007731685, 49.85561049579726], [6.691703231189459, 49.86010453416519], [6.691390488907999, 49.86459856026744], [6.692891629970856, 49.86802126873924], [6.696206654378031, 49.870372659580596], [6.6996777915145564, 49.870476925958826], [6.703305041380431, 49.86833406787396], [6.705274383585781, 49.86501560366753], [6.705585818130607, 49.860521533339536], [6.705897180280282, 49.856027450756514], [6.706208470034806, 49.85153335591847], [6.7047071516747465, 49.848110729368706], [6.701393225200103, 49.84575957110722], [6.697923395497612, 49.84565534894408]]]}}, {"type": "Feature", "properties": {"band": "light", "dbz": 30.0, "source": "OPERA-ORD", "time": "20260907001000"}, "geometry": {"type": "Polygon", "coordinates": [[[6.61683734081152, 49.788017639972736], [6.609906900547998, 49.787803797522216], [6.604628907647077, 49.78876672754437], [6.601003362108761, 49.7909064300392], [6.599030164901983, 49.79422322362895], [6.598709316026746, 49.79871710831362], [6.598388392636035, 49.80321098057714], [6.59806739472985, 49.807704840419525], [6.597746322258393, 49.812198687854035], [6.597425175221664, 49.816692522880686], [6.598918178973914, 49.820116564522], [6.602225333515143, 49.82247081277799], [6.607346738098098, 49.82375494872349], [6.614282392722778, 49.82396897235849], [6.621218104882777, 49.824182558353556], [6.628153874578097, 49.82439570670867], [6.633435059574774, 49.823431915817025], [6.637061659872808, 49.82129118567863], [6.637220640049318, 49.81904421776085], [6.633912000104303, 49.816691012063686], [6.630603682094022, 49.81433770514358], [6.627295686018474, 49.811984297000514], [6.625800883343794, 49.80856061771169], [6.62611927406998, 49.8040666672771], [6.62643759088302, 49.79957270444315], [6.626755833782912, 49.795078729209834], [6.6252618566604635, 49.79165494649439], [6.621955659515675, 49.789301356296804], [6.61683734081152, 49.788017639972736]]]}}, {"type": "Feature", "properties": {"band": "light", "dbz": 30.0, "source": "OPERA-ORD", "time": "20260907001000"}, "geometry": {"type": "Polygon", "coordinates": [[[6.7354807891163855, 49.271381403513], [6.728320178785442, 49.27567100174152], [6.721158283518131, 49.27996011163868], [6.7139951033144545, 49.284248733204485], [6.708469081447001, 49.289712784837434], [6.704580217915767, 49.296352266537546], [6.6990515618464626, 49.30181555030766], [6.691883113239085, 49.306102636147756], [6.687990956050395, 49.31274160738751], [6.687375090280397, 49.3217324640269], [6.683480232503738, 49.328370876265396], [6.676306382720422, 49.332656844103], [6.675998166731706, 49.33715222008493], [6.682555584537591, 49.34185700421119], [6.682245953581716, 49.346352310321414], [6.67506927386408, 49.3506381384156], [6.671171018218649, 49.357276306353725], [6.67055118664542, 49.366266814135805], [6.66501027272636, 49.37172784766179], [6.65454827646147, 49.373659406931665], [6.646038320737074, 49.372271735990914], [6.639480405553175, 49.36756483483954], [6.632609300589543, 49.367352618132294], [6.625425005846179, 49.37163508586917], [6.62199011862812, 49.371528783197206], [6.622304638935365, 49.3670337101164], [6.624414612649747, 49.36146803303963], [6.628320039771267, 49.354831751966884], [6.6269962473594575, 49.34915956753084], [6.62044323541432, 49.34445147973148], [6.612096082791932, 49.34081316190638], [6.601954789492291, 49.33824461405554], [6.594929752404768, 49.34027790212047], [6.591020971529362, 49.34691302610118], [6.58547346533552, 49.352370281585976], [6.578287233823243, 49.356649668574896], [6.577969673020924, 49.36114465597874], [6.584520782928561, 49.365855243797526], [6.584201801592364, 49.37035015993898], [6.577012729012335, 49.37462940440307], [6.574897058471337, 49.38019417635405], [6.577854789969371, 49.38704447579191], [6.586206974867076, 49.39068453038785], [6.599953613164449, 49.39111434014189], [6.606668816761957, 49.393576720084454], [6.606352585659601, 49.398071670215536], [6.602598317294458, 49.402459326617944], [6.595406011666528, 49.40673968929168], [6.588212412339643, 49.41101956055746], [6.5810175193138045, 49.41529894041528], [6.572342617189097, 49.416152529223126], [6.562187705965521, 49.41358032698098], [6.5538332639124794, 49.40993806312051], [6.54727929102997, 49.405225737641715], [6.545962050249739, 49.39955294984674], [6.549881541571785, 49.392919699735586], [6.55200188133849, 49.38735567678964], [6.552323069549853, 49.38286088100889], [6.54724918515988, 49.38157358540751], [6.53678022816857, 49.38349378998551], [6.529584826778458, 49.38777015656245], [6.525662980989546, 49.39440268513836], [6.521740024768312, 49.40103504154341], [6.517815958114756, 49.40766722577759], [6.512252924691639, 49.41312048067912], [6.50505092449896, 49.417394806247984], [6.5047259501551675, 49.42188938305471], [6.511278001660263, 49.426604211099296], [6.510951599487944, 49.43109871566766], [6.503746743638213, 49.435372896759795], [6.4998176127491325, 49.44200443967139], [6.499164206820704, 49.45099334440246], [6.493593748723184, 49.4564452342457], [6.483106238456572, 49.45836010920112], [6.475894632996758, 49.46263266619127], [6.4719589323437425, 49.469262905216134], [6.469661213144695, 49.47707227996041], [6.469001475399613, 49.48606079042408], [6.473754923954727, 49.49184523387094], [6.483921558810037, 49.494425610300986], [6.494089268469647, 49.49700504133706], [6.504258052933558, 49.49958352697917], [6.512624256324299, 49.50322986348456], [6.519187878641871, 49.50794405085324], [6.527556489559277, 49.51158882961564], [6.53773008907652, 49.51416419977177], [6.549707900378043, 49.515669158877856], [6.563489923463848, 49.5161037069339], [6.575629046657873, 49.515359149877916], [6.5861252699601165, 49.51343548770991], [6.591692007591236, 49.50797903996754], [6.59232925955123, 49.49898980665079], [6.589363713512445, 49.492140173364156], [6.582795369474881, 49.48743014010763], [6.5762282909482686, 49.48271970502636], [6.56966247793261, 49.47800886812037], [6.563097929702115, 49.47329762962681], [6.556534646256784, 49.468585989545694], [6.556694983586955, 49.466338681275246], [6.563578941692628, 49.46655570481545], [6.572104317500159, 49.467949843272265], [6.58227111100955, 49.47052109664568], [6.59423944831593, 49.47202116545881], [6.608009329419296, 49.472450049711654], [6.618494243019501, 49.47052364585936], [6.625694189116542, 49.46624195390193], [6.632892837906628, 49.46195977048647], [6.640090189389761, 49.45767709561299], [6.646974186545723, 49.4578888889822], [6.653544829374516, 49.4625951505941], [6.658317433513297, 49.46837216077982], [6.661291998962066, 49.475219919539384], [6.659179700833741, 49.480785733034004], [6.651980539128323, 49.48506960126369], [6.6498682774673155, 49.490635486115394], [6.6528429158507185, 49.49748338758911], [6.659419504160639, 49.50218889908082], [6.669598042397076, 49.50475202059053], [6.674376243813747, 49.51052843982538], [6.673754108410652, 49.51951815678536], [6.6731316857538125, 49.52850782258237], [6.67250897584323, 49.53749743721641], [6.666947927325129, 49.54295793447238], [6.65644854019951, 49.54488931435029], [6.645948296323254, 49.54681967940672], [6.635447195696359, 49.54874902964165], [6.628235426561168, 49.5530314238123], [6.624312988917681, 49.559666861918664], [6.617098742366418, 49.563947849107514], [6.606592686907377, 49.56587438537885], [6.601021142448181, 49.57133211012162], [6.600384108988825, 49.58032102333583], [6.596455077063146, 49.58695516364185], [6.589234046671143, 49.59123453103969], [6.585303282884668, 49.59786854961524], [6.584662785703722, 49.60685721936852], [6.584021992227207, 49.61584583823428], [6.583380902455124, 49.62483440621253], [6.582739515993245, 49.63382292340953], [6.582097832841569, 49.6428113898253], [6.581455852605162, 49.651799805566085], [6.5808135752840204, 49.660788170631896], [6.57687485296648, 49.66742125987105], [6.56963968565254, 49.671699073283555], [6.562403206958781, 49.67597639227011], [6.555165416885204, 49.68025321683071], [6.54957409569395, 49.685707633248576], [6.54562924338502, 49.69233964152371], [6.540035230625801, 49.697793280076816], [6.532792057416294, 49.70206854890789], [6.52719553718682, 49.707521732130246], [6.52324566993738, 49.71415282974388], [6.517646454640246, 49.71960523416541], [6.510397891295417, 49.72387894539483], [6.508257666504695, 49.72944119611863], [6.511225780268081, 49.736291986336816], [6.516007809595756, 49.742074131862], [6.522603754487722, 49.74678763269418], [6.529200981775947, 49.751500730508425], [6.5357994914604305, 49.756213425304736], [6.542399284282283, 49.760925716842515], [6.549000360241505, 49.76563760512175], [6.554275878719249, 49.76467753516203], [6.558225839715517, 49.75804550696333], [6.563663560869429, 49.75483786419686], [6.570589042180983, 49.75505460686263], [6.573728853334056, 49.75965685890901], [6.573082994328646, 49.768644620336], [6.5724368354538845, 49.777632331831356], [6.571790376709772, 49.786619993395064], [6.574932548599732, 49.79122184995995], [6.581863351123767, 49.79143790152605], [6.585650679876584, 49.78705205082555], [6.586294534858183, 49.778064297858464], [6.588589295526177, 49.77025379033443], [6.592534961880565, 49.763620528253426], [6.599782361313374, 49.759341159955405], [6.610331493824602, 49.757415685440364], [6.61592479143229, 49.751958881140936], [6.616562254136437, 49.742970747057136], [6.620501262646334, 49.73633618379462], [6.627741816961981, 49.732055191353396], [6.634981056189247, 49.72777370479886], [6.64221898032813, 49.72349172413099], [6.64945558997382, 49.719209249632705], [6.656690885126315, 49.714926281304], [6.665576461948504, 49.711818842141085], [6.676112320440388, 49.70988693214395], [6.684995334179053, 49.70677829421042], [6.692225503164501, 49.70249292834049], [6.6978026356400004, 49.69703147068911], [6.701726731605552, 49.6903939212563], [6.7021925903894255, 49.68365219029734], [6.699200211991621, 49.676806277812226], [6.696208657109396, 49.66996026104203], [6.6932179257427515, 49.663114139986746], [6.693683137795, 49.656372296129284], [6.6976042932661395, 49.64973472946964], [6.701524331338048, 49.64309699260443], [6.705443252010726, 49.63645908553363], [6.709361056377107, 49.6298210083491], [6.713277744437194, 49.62318276105083], [6.717193317282618, 49.61654434373045], [6.721107774913376, 49.60990575638799], [6.721569761460258, 49.60316362007996], [6.718579276923262, 49.59631793480638], [6.713787230703039, 49.590543895588105], [6.707193622799587, 49.58584150242515], [6.698798642412739, 49.5822101216155], [6.688602289542495, 49.57964975315918], [6.6871090779451485, 49.576226612999264], [6.694319007620698, 49.571940701135745], [6.701527633041521, 49.567654297676015], [6.708734954207618, 49.56336740262005], [6.712646396584328, 49.55672906724376], [6.713261960171654, 49.54773929154713], [6.717170670296877, 49.54110039592481], [6.724372526959994, 49.5368123803768], [6.729926145113344, 49.531348669949864], [6.733831524756928, 49.52470926464401], [6.741029476384581, 49.52041977685589], [6.751519999996303, 49.5184802065855], [6.757068481452117, 49.513015276435524], [6.7576749207520255, 49.50402498640594], [6.752887378051893, 49.49825215093452], [6.742705853351722, 49.49569677002128], [6.736122046887877, 49.490996226408896], [6.733135958660358, 49.48415052009736], [6.728352911460613, 49.478376789365285], [6.721772905288642, 49.473675034212675], [6.718789267317011, 49.4668290130674], [6.719401997545721, 49.45783872592946], [6.723302168574703, 49.45119922975863], [6.730489780403957, 49.44691052455491], [6.730795863307102, 49.44241532952108], [6.724220417284136, 49.43771364465716], [6.717646234744999, 49.43301155648961], [6.71107331568969, 49.42830906501844], [6.709736297944875, 49.42263825470031], [6.713635181510556, 49.41599912553523], [6.717532961703453, 49.40935982638075], [6.721429638523571, 49.40272035723688], [6.726967525743886, 49.397256063021075], [6.734146623364401, 49.39296694373333], [6.739682054011875, 49.38750220047664], [6.743573817686306, 49.38086183325102], [6.745671221898295, 49.37529391637841], [6.745974266647842, 49.370798449858825], [6.744635749811989, 49.36512774334892], [6.741655671390737, 49.358281796848686], [6.743751059735396, 49.352713636978635], [6.750921914845964, 49.34842326373878], [6.754809193783419, 49.34178248522327], [6.755412896547762, 49.332791301432124], [6.760938522373618, 49.32732476453885], [6.771386071260984, 49.32538287454343], [6.7785502374807685, 49.32109089859208], [6.782431021032968, 49.3144488366848], [6.784670168274636, 49.3066320245196], [6.785267679205774, 49.29764046209649], [6.780496499185374, 49.29186821809185], [6.77035662821344, 49.28931529250568], [6.760217812536338, 49.28676142293497], [6.750080052154068, 49.284206609379765], [6.743523652542665, 49.2795060530513], [6.740548613702126, 49.27265975394958], [6.7354807891163855, 49.271381403513]]]}}, {"type": "Feature", "properties": {"band": "light", "dbz": 30.0, "source": "OPERA-ORD", "time": "20260907001000"}, "geometry": {"type": "Polygon", "coordinates": [[[6.928127880104348, 49.72624590348017], [6.924521804239538, 49.728396426368924], [6.92257387476238, 49.73171922649067], [6.922284091672877, 49.7362143038454], [6.923797996452986, 49.73963414026632], [6.92711558910271, 49.74197873575342], [6.9304335031121, 49.74432322917838], [6.9337517384811544, 49.74666762054118], [6.937070295301606, 49.74901190981144], [6.940389173573453, 49.75135609698917], [6.945511888540802, 49.752624512275915], [6.952438440203652, 49.75281715567169], [6.9577049021341715, 49.75183768511257], [6.9613112743323615, 49.74968610059856], [6.963257468312927, 49.74636272074656], [6.963543484075865, 49.74186754555657], [6.962026964090828, 49.73844818290738], [6.958707908357816, 49.736104632798984], [6.953586405285416, 49.73483657675914], [6.946662454873631, 49.73464401478787], [6.9415416238863346, 49.733375648362994], [6.938223912323525, 49.73103147748452], [6.934906521915779, 49.728687204542915], [6.931589452663095, 49.72634282953817], [6.928127880104348, 49.72624590348017]]]}}, {"type": "Feature", "properties": {"band": "light", "dbz": 30.0, "source": "OPERA-ORD", "time": "20260907001000"}, "geometry": {"type": "Polygon", "coordinates": [[[21.816000170351646, 49.10886915686912], [21.813162649070847, 49.111456878508754], [21.812288134862165, 49.1149671610425], [21.8133766277256, 49.11940000447035], [21.814465366227658, 49.123832820897974], [21.815554350368345, 49.12826561032537], [21.814679448572022, 49.1317758409349], [21.811840660838687, 49.134363512726566], [21.809001589226554, 49.13695111048572], [21.806162233735627, 49.13953863421237], [21.806706796688747, 49.14175502650099], [21.810635278085908, 49.14360028735158], [21.815983531108202, 49.14415143896208], [21.822751555755623, 49.143408481332486], [21.82755474388384, 49.14174296945202], [21.830393095492862, 49.139154903320666], [21.831266937912687, 49.13564457871668], [21.83017627114332, 49.13121199564007], [21.82908585042248, 49.126779385531876], [21.827995675750163, 49.12234674839209], [21.826905746968635, 49.11791408421689], [21.825816064077895, 49.11348139300627], [21.8233081497224, 49.11034260956304], [21.819382003902163, 49.108497733887205], [21.816000170351646, 49.10886915686912]]]}}, {"type": "Feature", "properties": {"band": "light", "dbz": 30.0, "source": "OPERA-ORD", "time": "20260907001000"}, "geometry": {"type": "Polygon", "coordinates": [[[21.78894557946151, 49.11183652248853], [21.786106489077905, 49.11442355381654], [21.7852299999032, 49.11793364316981], [21.786316111937396, 49.12236679054833], [21.78740246910558, 49.126799910996894], [21.78848907140776, 49.13123300451552], [21.790995989578445, 49.13437248192044], [21.794923223617644, 49.13621834321165], [21.798306627256384, 49.135847610596215], [21.80114620049466, 49.13326028407415], [21.802022090438516, 49.12975015003627], [21.800934297087952, 49.125317208482585], [21.799846749123756, 49.12088423996383], [21.79875944654592, 49.11645124448], [21.796253127606082, 49.11331181175969], [21.79232779230424, 49.11146594180291], [21.78894557946151, 49.11183652248853]]]}}, {"type": "Feature", "properties": {"band": "light", "dbz": 30.0, "source": "OPERA-ORD", "time": "20260907001000"}, "geometry": {"type": "Polygon", "coordinates": [[[7.260869035463402, 49.69791592099745], [7.253949426304111, 49.6977427697155], [7.248694913009563, 49.69873676455526], [7.245105495579756, 49.70089790551673], [7.243181094119403, 49.70422651097262], [7.242921708628505, 49.7087225809229], [7.244457681389256, 49.7121380987518], [7.247789012401655, 49.7144730644593], [7.25291578163015, 49.71572715952807], [7.25983798907474, 49.71590038395812], [7.265093881158464, 49.71490610723848], [7.2686834578813215, 49.71274432936915], [7.270606639845641, 49.7094153688853], [7.270863427051424, 49.70491922578695], [7.269326075501497, 49.70150398983793], [7.265994585195863, 49.69916966103827], [7.260869035463402, 49.69791592099745]]]}}, {"type": "Feature", "properties": {"band": "light", "dbz": 30.0, "source": "OPERA-ORD", "time": "20260907001000"}, "geometry": {"type": "Polygon", "coordinates": [[[21.793782539048333, 49.07488893268792], [21.790945631357737, 49.07747611353144], [21.79006984882762, 49.08098630959434], [21.79115519145798, 49.08541952087661], [21.79224077884629, 49.08985270517823], [21.793326610992544, 49.0942858624992], [21.794412688053647, 49.0987189928434], [21.795499010029594, 49.10315209621085], [21.798004730009655, 49.10629148433407], [21.801929847993826, 49.108137157213086], [21.80531127639651, 49.10776623135357], [21.808149015217708, 49.10517870675554], [21.80902412900163, 49.101668468730544], [21.80793661774828, 49.09723551727859], [21.8068493516616, 49.092802538814794], [21.805762330741594, 49.08836953333916], [21.804675554831217, 49.0839365008478], [21.803589023930467, 49.079503441340705], [21.801084567083475, 49.076364019256914], [21.797162184290247, 49.07451823459641], [21.793782539048333, 49.07488893268792]]]}}, {"type": "Feature", "properties": {"band": "light", "dbz": 30.0, "source": "OPERA-ORD", "time": "20260907001000"}, "geometry": {"type": "Polygon", "coordinates": [[[6.90402389650577, 49.64338127313367], [6.897113330209837, 49.64318562954823], [6.891857335393313, 49.644162532129684], [6.888255912056199, 49.64631198087807], [6.886308970240361, 49.6496342933965], [6.886016509945797, 49.65412946968499], [6.885723981937656, 49.658624633534075], [6.885431386215935, 49.66311978494377], [6.88694050693181, 49.66654024925467], [6.890251344085283, 49.668886026466794], [6.895363987773692, 49.67015679875428], [6.902278437997037, 49.67035256611713], [6.907391751810033, 49.67162302879712], [6.910703929212683, 49.67396818679424], [6.912214880626603, 49.67738835796786], [6.911924606051798, 49.68188354231797], [6.913436168175851, 49.685303615689435], [6.916749566998764, 49.68764857808227], [6.921864891944686, 49.68891811148252], [6.9287821430136205, 49.689112215890205], [6.935699445878173, 49.689305883889176], [6.942616800538348, 49.689499115479435], [6.949534206762271, 49.68969191065067], [6.956451664549942, 49.68988426940288], [6.963369173669459, 49.69007619172581], [6.970286734120825, 49.69026767761944], [6.975545896445777, 49.689287286078745], [6.9791466606443135, 49.68713501710373], [6.981088939051819, 49.68381118877327], [6.9813727316682925, 49.67931580108736], [6.981656458573672, 49.67482040105758], [6.981940119767957, 49.67032498868391], [6.980424403937496, 49.66690574714502], [6.977109311082289, 49.664562676440944], [6.9737945383615525, 49.66221950366893], [6.970480085775287, 49.65987622882899], [6.967165953232409, 49.65753285195145], [6.963852140732921, 49.65518937303629], [6.958739097250278, 49.653921535314694], [6.951826822784478, 49.653729338786654], [6.946570807233943, 49.65470886145776], [6.94297105059867, 49.656860103328036], [6.939370966506259, 49.65901122289753], [6.935770554956712, 49.66116222016623], [6.930513667623322, 49.662140727995215], [6.923600304506091, 49.66194674638446], [6.918487794690485, 49.66067728659088], [6.915176138176501, 49.6583323486145], [6.913665245722925, 49.65491225023284], [6.913955117329756, 49.65041699144591], [6.912444834763312, 49.64699679527094], [6.909134398023594, 49.64465166170791], [6.90402389650577, 49.64338127313367]]]}}, {"type": "Feature", "properties": {"band": "light", "dbz": 30.0, "source": "OPERA-ORD", "time": "20260907001000"}, "geometry": {"type": "Polygon", "coordinates": [[[7.67918233675245, 49.64454447955374], [7.672269244390034, 49.6443977514253], [7.667029541086287, 49.64541186049145], [7.663463226841206, 49.64758680675218], [7.661570234082724, 49.650922908402244], [7.661350562810841, 49.65542016544163], [7.662914697008464, 49.65882996489768], [7.666262636675593, 49.66115230677039], [7.669610897819181, 49.66347454430712], [7.6729594804392285, 49.665796677507885], [7.676308384625292, 49.66811870634179], [7.679657610377375, 49.67044063080883], [7.683007157785045, 49.672762450878075], [7.686357026848304, 49.675084166549524], [7.68970721765674, 49.67740577779226], [7.693057730210353, 49.679727284606265], [7.698192205452526, 49.6809605907512], [7.705110643383258, 49.681105696227064], [7.710353175723203, 49.680090032982605], [7.713919802472361, 49.677913601017835], [7.715810457273381, 49.674576718868295], [7.716025140126263, 49.67007938653401], [7.716239773260192, 49.66558204226443], [7.716454356675168, 49.66108468605957], [7.714886624947624, 49.65767557464605], [7.71153657807756, 49.655354708023864], [7.706404282319579, 49.65412176788139], [7.6994897376736855, 49.653976754218625], [7.694358106898617, 49.65274349910671], [7.6910093899943766, 49.65042200254566], [7.687660994390106, 49.648100401603344], [7.684312920085807, 49.64577869627975], [7.67918233675245, 49.64454447955374]]]}}, {"type": "Feature", "properties": {"band": "light", "dbz": 30.0, "source": "OPERA-ORD", "time": "20260907001000"}, "geometry": {"type": "Polygon", "coordinates": [[[6.851105704997049, 49.60584282596884], [6.8442007289646565, 49.60564386283483], [6.838947770978331, 49.60661825917077], [6.8353468310380725, 49.60876601497666], [6.833397817847649, 49.61208744747973], [6.833100731407063, 49.61658255667999], [6.834604760729423, 49.62000380899943], [6.8379099058147315, 49.622351204438054], [6.843016258038045, 49.623624425624996], [6.849923817399365, 49.62382347256026], [6.855178158105058, 49.6228488008157], [6.858779280155128, 49.62070041039135], [6.860727092736083, 49.61737861867842], [6.861021595847922, 49.61288342567693], [6.859516183806193, 49.6094624487661], [6.856210856610894, 49.60711568794593], [6.851105704997049, 49.60584282596884]]]}}, {"type": "Feature", "properties": {"band": "light", "dbz": 30.0, "source": "OPERA-ORD", "time": "20260907001000"}, "geometry": {"type": "Polygon", "coordinates": [[[6.0549461260780895, 49.52594924460914], [6.0480557733322655, 49.525700114146645], [6.041165486691291, 49.525450549406806], [6.034275266155163, 49.52520055038962], [6.029014628606722, 49.52613601028364], [6.02538357404597, 49.52825692908889], [6.023381988383503, 49.531563622535565], [6.023009871619324, 49.53605609062367], [6.024453923672433, 49.539488125626775], [6.027714144542829, 49.54185972754489], [6.032790648418143, 49.54317058050555], [6.039683435298375, 49.54342068450875], [6.044760609385891, 49.5447312345739], [6.0480221706806905, 49.547102230700986], [6.04946800549369, 49.5505339888009], [6.04909811382489, 49.555026508873645], [6.0505445433649205, 49.55845817458765], [6.053807294113781, 49.560828985942926], [6.0588864796304716, 49.562138626872965], [6.065782099914994, 49.562387097377766], [6.07104570227977, 49.561450136101904], [6.074677286724802, 49.559327743045365], [6.076676740247093, 49.55602023429994], [6.077044062846644, 49.55152760986565], [6.0774113006946795, 49.54703497221246], [6.077778453791197, 49.54254232134037], [6.076330820308236, 49.53911091262218], [6.073068400245795, 49.53674074605786], [6.069806296254567, 49.53437048059395], [6.066544508334555, 49.532000116230435], [6.063283036393662, 49.5296296529966], [6.060021880431888, 49.52725909089246], [6.0549461260780895, 49.52594924460914]]]}}, {"type": "Feature", "properties": {"band": "light", "dbz": 30.0, "source": "OPERA-ORD", "time": "20260907001000"}, "geometry": {"type": "Polygon", "coordinates": [[[6.926497566333542, 49.508906808736135], [6.91960623631734, 49.508712650500215], [6.914365494566933, 49.50969077203744], [6.910775341082322, 49.51184117334781], [6.908835687212614, 49.515164170873135], [6.908546532957811, 49.51965976461342], [6.906606199246572, 49.52298262352123], [6.9030146860788975, 49.52513274759657], [6.897772082410942, 49.52610982026495], [6.8908783882427045, 49.52591384152633], [6.885635163790288, 49.52689056441157], [6.882042409053692, 49.52903998892066], [6.880100034474436, 49.532362431621564], [6.879808040052521, 49.5368578925143], [6.877864984735964, 49.54018019636136], [6.874270868524764, 49.54232934316275], [6.869025781283744, 49.54330501621779], [6.862129723012904, 49.543107215526504], [6.856884014697423, 49.54408253847781], [6.853288656337299, 49.54623098507171], [6.851343557464295, 49.54955287200215], [6.851048718078411, 49.55404819926912], [6.850753810583615, 49.55854351391906], [6.850458834979909, 49.563038815951955], [6.851962538450721, 49.566459932298415], [6.855264920996051, 49.56880686295844], [6.860366073223791, 49.57007929101651], [6.867265995133943, 49.57027721647263], [6.872367814216504, 49.571549335820535], [6.8756715304714735, 49.57389564906021], [6.878975565203699, 49.57624186071395], [6.882279918413179, 49.57858797078176], [6.887382805294744, 49.57985913882791], [6.894284225848396, 49.58005536485241], [6.901185698451867, 49.58025115559632], [6.9080872231051575, 49.58044651105965], [6.913335577937142, 49.57946899823976], [6.91693076294782, 49.57731861713665], [6.9188726892119385, 49.57399568481006], [6.9191613567294965, 49.56950020126], [6.919449957575236, 49.565004705155815], [6.9197384917491584, 49.56050919649751], [6.921679314340391, 49.55718609647462], [6.9252724253489335, 49.555035405087125], [6.92886521063549, 49.55288459161048], [6.932457670200062, 49.550733656044684], [6.9360498041170295, 49.548582598424574], [6.939641612386391, 49.54643141875013], [6.94488585639135, 49.54545211972989], [6.951782536131906, 49.54564470136384], [6.957026158256804, 49.544665052753956], [6.960616722766047, 49.54251317390022], [6.962554142157991, 49.539189381593715], [6.962838416432636, 49.53469367583445], [6.963122625099707, 49.53019795749634], [6.963406768159205, 49.52570222657937], [6.96189662674031, 49.5222824715962], [6.9585922008430225, 49.51993869254683], [6.953493577834059, 49.51867057286162], [6.946600757713419, 49.51847811254059], [6.9415027993168055, 49.517209683897875], [6.9381997026442175, 49.51486528693348], [6.934896923566353, 49.512520788301984], [6.931594462083214, 49.51017618800339], [6.926497566333542, 49.508906808736135]]]}}, {"type": "Feature", "properties": {"band": "light", "dbz": 30.0, "source": "OPERA-ORD", "time": "20260907001000"}, "geometry": {"type": "Polygon", "coordinates": [[[6.566293064518437, 49.52520153289106], [6.55940071102325, 49.524984647800906], [6.554150746187052, 49.52594542341511], [6.550543170009844, 49.52808385973367], [6.550382030025057, 49.53033107271499], [6.553667326232691, 49.532687062359095], [6.5569529395610235, 49.53504295153872], [6.5602388700100525, 49.53739874025388], [6.5635251176709, 49.53975442847483], [6.566811682543565, 49.542110016201576], [6.571902484457469, 49.543395863421104], [6.578797523412613, 49.543611970133405], [6.5840486369660525, 49.542650260283835], [6.587655825117792, 49.54051073387239], [6.587815753869076, 49.538263488276414], [6.584528423219904, 49.535908523495905], [6.581241409765035, 49.53355345815986], [6.5779547135044645, 49.531198292268286], [6.574668334347143, 49.528843025850904], [6.571382272293068, 49.526487658907726], [6.566293064518437, 49.52520153289106]]]}}, {"type": "Feature", "properties": {"band": "light", "dbz": 30.0, "source": "OPERA-ORD", "time": "20260907001000"}, "geometry": {"type": "Polygon", "coordinates": [[[6.971244631553218, 49.456112226010326], [6.964360695282173, 49.45592091617552], [6.959126659353104, 49.456901242683905], [6.955542523766011, 49.459053205535476], [6.951958064025954, 49.461205046619725], [6.948373280132933, 49.46335676593667], [6.944788172012981, 49.46550836345165], [6.941202739666099, 49.46765983916467], [6.941060131707489, 49.469907756521444], [6.944360348137149, 49.47225211552197], [6.949453655970541, 49.47352042428196], [6.956340055207663, 49.47371268280141], [6.96322650514616, 49.47390450709012], [6.970113005786033, 49.47409589714808], [6.975348410775023, 49.47311529465238], [6.97893272011313, 49.470962699603014], [6.980865847165277, 49.467638428179946], [6.981147791931463, 49.46314248038317], [6.979638223158102, 49.45972285009552], [6.976337140845194, 49.45737953731699], [6.971244631553218, 49.456112226010326]]]}}, {"type": "Feature", "properties": {"band": "light", "dbz": 30.0, "source": "OPERA-ORD", "time": "20260907001000"}, "geometry": {"type": "Polygon", "coordinates": [[[21.721343030186212, 48.726620451266676], [21.714630461147976, 48.727356325603054], [21.709862499181675, 48.7290169154267], [21.70703914428731, 48.73160222073761], [21.704215510828757, 48.734187452069925], [21.701391598806012, 48.73677260942365], [21.6985674081227, 48.73935769277792], [21.695742938778825, 48.74194270213273], [21.694863604759647, 48.74545291519711], [21.69592940606516, 48.749888331971064], [21.69699544601886, 48.75432372164317], [21.69806172462073, 48.75875908421343], [21.69718200403614, 48.76226924352174], [21.694356284265098, 48.764854199568106], [21.691530285407758, 48.76743908156992], [21.68870400746413, 48.77002388952718], [21.68782389987784, 48.77353399511554], [21.688889962648904, 48.77796939833498], [21.691369750127965, 48.78111232308127], [21.69526326231502, 48.782962769354384], [21.700570181683112, 48.78352044378469], [21.707290508232237, 48.78278534637218], [21.71206349285075, 48.781125100412964], [21.714889135538655, 48.77853970590704], [21.715767754287647, 48.775029456154606], [21.714699349097728, 48.77059435115565], [21.715577515656232, 48.76708405117178], [21.71840225396316, 48.76449855620298], [21.721226713337245, 48.761912987269916], [21.724050893778493, 48.75932734437258], [21.72492867472412, 48.755816990770725], [21.723860056174125, 48.751381926464354], [21.724737385518736, 48.747871522658464], [21.727560662757952, 48.74528577935304], [21.73038366137365, 48.74269996212671], [21.733206381365825, 48.740114070979466], [21.734083325908436, 48.73660361352421], [21.73301449500149, 48.73216858976093], [21.730534888337345, 48.7290264369341], [21.726644505916, 48.72717715504369], [21.721343030186212, 48.726620451266676]]]}}, {"type": "Feature", "properties": {"band": "light", "dbz": 30.0, "source": "OPERA-ORD", "time": "20260907001000"}, "geometry": {"type": "Polygon", "coordinates": [[[5.913951500602087, 49.07007063462244], [5.907126248883237, 49.06981291465163], [5.901912688552072, 49.070742768709486], [5.89831081960859, 49.07286019679603], [5.896320527219705, 49.07616551057188], [5.895941811385415, 49.08065871003705], [5.897364656549643, 49.08409322221797], [5.9005890627123865, 49.08646904711463], [5.9038137773926715, 49.08884477441386], [5.907038800590497, 49.09122040411563], [5.910264132395358, 49.09359593619152], [5.913489772807253, 49.095971370641536], [5.916715721915694, 49.09834670743723], [5.919941979720681, 49.1007219465786], [5.921366745887313, 49.10415617713164], [5.920990020415589, 49.108649399096336], [5.922415366138586, 49.11208353826803], [5.925642783056304, 49.11445859464672], [5.928870508989537, 49.11683355330159], [5.9320985439382845, 49.11920841423265], [5.935326887992174, 49.121583177411416], [5.938555541151206, 49.12395784283788], [5.943586456048702, 49.125272905243065], [5.950419632684661, 49.125528364626966], [5.9556378546199005, 49.12459646481017], [5.959241121854418, 49.12247720579266], [5.96122932082245, 49.11917089976178], [5.961602451523999, 49.114677546717516], [5.963589975120218, 49.1113710962859], [5.967191891611109, 49.10925154846694], [5.97240831424552, 49.10831859119946], [5.97923924302345, 49.10857222448345], [5.984455066015929, 49.10763891488979], [5.988055783222959, 49.10551866241848], [5.988241279464956, 49.10327192547041], [5.985011554741922, 49.10089870404556], [5.9817821389110915, 49.09852538474461], [5.978553031972462, 49.09615196756756], [5.977124161210616, 49.09271851417477], [5.977495526625551, 49.08822502456626], [5.976067235729411, 49.08479147946263], [5.972839288522195, 49.08241787886387], [5.967811797866104, 49.081103910930814], [5.9609847637611395, 49.08084957566346], [5.954157795516679, 49.08059481061762], [5.9473308931327225, 49.080339615793285], [5.9405040568288685, 49.08008399120361], [5.933677286605118, 49.07982793684858], [5.928651275430713, 49.07851240661073], [5.925426023305656, 49.076137400490055], [5.922201079547723, 49.073762296724254], [5.9189764441569155, 49.07138709531332], [5.913951500602087, 49.07007063462244]]]}}, {"type": "Feature", "properties": {"band": "light", "dbz": 30.0, "source": "OPERA-ORD", "time": "20260907001000"}, "geometry": {"type": "Polygon", "coordinates": [[[5.743619248426752, 49.00152305915225], [5.74001568413034, 49.00363529939704], [5.736411802833815, 49.00574741496395], [5.732807604537176, 49.007859405852976], [5.729203089172485, 49.009971272029574], [5.725598256739743, 49.012083013493736], [5.721993107171013, 49.01419463021092], [5.718387640466295, 49.01630612218112], [5.713176429021207, 49.01722670486782], [5.70635947283575, 49.01695637827102], [5.701147666920946, 49.017876607687306], [5.697541011276794, 49.01998739311667], [5.695539385817192, 49.0232890455427], [5.6951427905421355, 49.02778156496537], [5.693140490328982, 49.03108307132805], [5.6895324851777325, 49.033193564630714], [5.684318895494936, 49.03411273376539], [5.677499721280595, 49.03384057873208], [5.672285536889013, 49.0347593942827], [5.668676342320188, 49.03686918041727], [5.666672016574994, 49.04017024822962], [5.666272559653432, 49.044662597719764], [5.667678324882757, 49.048100082361046], [5.670889312262967, 49.05048270215347], [5.674100607064039, 49.05286522513772], [5.677312209285972, 49.05524765131382], [5.680524119018457, 49.0576299806536], [5.683736336261493, 49.06001221315704], [5.68714752095417, 49.060148146369066], [5.690757673096488, 49.058037780289666], [5.694367507398687, 49.05592728924862], [5.697977023860768, 49.053816673245926], [5.70158622255078, 49.051705932316246], [5.7051951034687205, 49.049595066459574], [5.708803666682642, 49.047484075710564], [5.712411912192543, 49.04537296006921], [5.717626456475569, 49.04445222013575], [5.724447299531721, 49.04472185591021], [5.731268212032253, 49.0449910623996], [5.738089193977167, 49.04525983960393], [5.744910245147858, 49.045528187509404], [5.751731365544325, 49.04579610611601], [5.756944897185134, 49.04487369717312], [5.760550840070285, 49.04276096068074], [5.762549075592938, 49.03945820792373], [5.762939603753093, 49.034965438902084], [5.76333004286292, 49.0304726556059], [5.763720392922419, 49.02597985803517], [5.764110653989796, 49.02148704617703], [5.764500826065049, 49.016994220031464], [5.7630893650364285, 49.013557831634], [5.759876270903932, 49.01117788098464], [5.756663483740123, 49.008797833323165], [5.753451003545001, 49.00641768864958], [5.750238830229319, 49.00403744699205], [5.747026963793077, 49.001657108350585], [5.743619248426752, 49.00152305915225]]]}}, {"type": "Feature", "properties": {"band": "light", "dbz": 30.0, "source": "OPERA-ORD", "time": "20260907001000"}, "geometry": {"type": "Polygon", "coordinates": [[[6.189124947575474, 49.05306085209282], [6.1823008809274365, 49.052820472422525], [6.1754768764490215, 49.052579663123176], [6.168652934140232, 49.052338424194765], [6.1618290542205685, 49.0520967556497], [6.155005236690034, 49.05185465748797], [6.1481814817681, 49.05161212972203], [6.1413577894547675, 49.05136917235187], [6.13453415996948, 49.051125785389964], [6.1277105933122336, 49.05088196883633], [6.122503431560885, 49.05182247985371], [6.11891267471543, 49.05394731844213], [6.1169382142095365, 49.057256796337164], [6.116580050043204, 49.06175091353881], [6.1180178906963425, 49.065182636755495], [6.121251736168953, 49.06755196598722], [6.124485890359656, 49.069921196950304], [6.12772035326845, 49.072290329644744], [6.13095512498429, 49.07465936404198], [6.134190205507172, 49.07702830014199], [6.1392214718117035, 49.078334322349164], [6.146048923897883, 49.0785774306635], [6.15125820868332, 49.07763604575244], [6.154849326168015, 49.075510167616], [6.15844012557899, 49.07338416601278], [6.162030606916244, 49.07125804094278], [6.167239071886173, 49.070315647821424], [6.174065520488776, 49.07055698664873], [6.180892031347394, 49.07079789567027], [6.187718604462026, 49.07103837488605], [6.192926249054924, 49.07009497382249], [6.196514965126089, 49.0679676924796], [6.198484646065662, 49.064656842828995], [6.198835291873644, 49.06016242487068], [6.197392206308099, 49.05673167240064], [6.194155389369028, 49.05436458541885], [6.189124947575474, 49.05306085209282]]]}}, {"type": "Feature", "properties": {"band": "light", "dbz": 30.0, "source": "OPERA-ORD", "time": "20260907001000"}, "geometry": {"type": "Polygon", "coordinates": [[[5.894978589776096, 48.97018362710513], [5.8881673473706595, 48.969924777852185], [5.882964144506615, 48.97085383653226], [5.87936898118396, 48.97297080314535], [5.877381742664773, 48.97627598848031], [5.877002428949053, 48.98076939253715], [5.876623028787, 48.98526278234495], [5.876243542178613, 48.98975615790371], [5.874255190658887, 48.993061163755044], [5.87065797422782, 48.99517779989893], [5.865452008015874, 48.996105755346015], [5.858637292023049, 48.99584503009629], [5.853430730581758, 48.996772633390265], [5.849832323692002, 48.99888856522793], [5.847841955634081, 49.002193136585824], [5.847459626407997, 49.00668634746395], [5.848877124700986, 49.01012161943294], [5.852094450513048, 49.01249895249279], [5.85711171966224, 49.013818035528644], [5.863928932148559, 49.01407886854048], [5.868946854356668, 49.01539765317884], [5.87216548628657, 49.01777438944373], [5.871975127683901, 49.02002101400652], [5.8683757785486605, 49.022137526867205], [5.864776112126048, 49.02425391542838], [5.86117612841606, 49.02637017969005], [5.8591853351818095, 49.02967490161434], [5.858803732423295, 49.03416808120127], [5.8602227464889705, 49.03760315561737], [5.863442377378837, 49.03998012486262], [5.866662315971346, 49.04235699670554], [5.869882562266498, 49.04473377114615], [5.87310311635356, 49.0471104481561], [5.876323978232531, 49.049487027735395], [5.881345649597245, 49.050804983090586], [5.8881681304477045, 49.05106431422167], [5.893379554743402, 49.05013532873492], [5.896979922484339, 49.04801802663033], [5.900579972559829, 49.04590060027312], [5.90417970496987, 49.043783049663276], [5.909390319436628, 49.04285305436974], [5.916211815960104, 49.04311061439253], [5.92142183332847, 49.04218026689355], [5.925020371541727, 49.040062011872806], [5.927007316588774, 49.036756160775944], [5.927382668469611, 49.032262713602975], [5.927757934753573, 49.02776925229616], [5.928133115440661, 49.02327577685552], [5.928508210586833, 49.01878228726807], [5.928883220192088, 49.01428878353382], [5.927460296132809, 49.01085447453303], [5.924239438408997, 49.008479360265696], [5.921018887988953, 49.006104148469134], [5.9177986448726765, 49.00372883914335], [5.916376481251638, 49.00029443081304], [5.916752397125839, 48.9958009234782], [5.917128227344266, 48.991307401945136], [5.91750397190692, 48.98681386621382], [5.91608256793502, 48.983379358568456], [5.912864015428564, 48.98100387900903], [5.909645769770806, 48.97862830200185], [5.9064278309617455, 48.97625262754692], [5.903210198912614, 48.97387685567249], [5.899992873623414, 48.971500986378565], [5.894978589776096, 48.97018362710513]]]}}, {"type": "Feature", "properties": {"band": "light", "dbz": 30.0, "source": "OPERA-ORD", "time": "20260907001000"}, "geometry": {"type": "Polygon", "coordinates": [[[6.436803616573551, 49.034456440472496], [6.429981146896765, 49.034231671190014], [6.424781812324289, 49.03518675603851], [6.4212056128561255, 49.037321695017994], [6.419252448448635, 49.04063680002466], [6.418922319101819, 49.04513207105852], [6.420380915960422, 49.04855989593365], [6.423628239024443, 49.05092027465005], [6.4268758712060094, 49.05328055416154], [6.430123812505119, 49.0556407344681], [6.43158319474091, 49.059068456061624], [6.431254017913382, 49.0635637189421], [6.432713985383604, 49.06699134609802], [6.435963097151576, 49.06935133752938], [6.441001453101935, 49.07064338103125], [6.447829053234683, 49.07086747660364], [6.453031470091125, 49.06991155325423], [6.4566087036712645, 49.06777561098303], [6.458560654628043, 49.064459962017224], [6.45888732296146, 49.05996460635683], [6.457426001670708, 49.056537244957326], [6.454176690755788, 49.05417787781874], [6.450927689031036, 49.05181841138653], [6.447678996496453, 49.049458845660695], [6.446218461874812, 49.04603138075802], [6.446546085166115, 49.04153601667851], [6.4450861354618105, 49.03810845725751], [6.441838612761899, 49.035748702494985], [6.436803616573551, 49.034456440472496]]]}}, {"type": "Feature", "properties": {"band": "light", "dbz": 30.0, "source": "OPERA-ORD", "time": "20260907001000"}, "geometry": {"type": "Polygon", "coordinates": [[[6.369250741284521, 49.02319914524519], [6.362430108689684, 49.02297012777298], [6.3556095352436595, 49.022740680867905], [6.34878902094645, 49.02251080452996], [6.343589313470548, 49.02346199522624], [6.340010412815955, 49.02559425295674], [6.3364311948892205, 49.02772638794035], [6.332851659690342, 49.02985840017705], [6.329271807149436, 49.031990289632645], [6.3256916372665, 49.034122056307126], [6.323732103336121, 49.0374354095478], [6.323393205358295, 49.04193034935468], [6.324845018506463, 49.045359429773804], [6.328087542780625, 49.047722650805184], [6.331330375915806, 49.05008577294198], [6.33457351791201, 49.052448796184215], [6.33781696885766, 49.05481172050315], [6.3410607287527565, 49.05717454589879], [6.346095370927258, 49.05847099193202], [6.352920895381165, 49.05870105860285], [6.35974647914835, 49.05893069548743], [6.366572122228813, 49.05915990258576], [6.373397824402625, 49.05938867988606], [6.3802235856697855, 49.059617027388335], [6.387049405810336, 49.059844945080826], [6.393875284824275, 49.060072432963544], [6.399077627876216, 49.05911909363257], [6.402656434966158, 49.056984927087896], [6.404611605299404, 49.05367024541252], [6.404943138875957, 49.049175048606436], [6.403485895627345, 49.045746958540775], [6.400239875553566, 49.04338597521553], [6.396994164384397, 49.04102489278728], [6.393748762119838, 49.03866371125602], [6.390503668671656, 49.03630243065054], [6.38725888403985, 49.033941050970824], [6.384014408136212, 49.03157957224563], [6.380770240960741, 49.02921799447495], [6.377526382425239, 49.026856317687525], [6.3742828325297065, 49.02449454188337], [6.369250741284521, 49.02319914524519]]]}}, {"type": "Feature", "properties": {"band": "light", "dbz": 30.0, "source": "OPERA-ORD", "time": "20260907001000"}, "geometry": {"type": "Polygon", "coordinates": [[[5.637800842966357, 48.96123801888865], [5.634195706645745, 48.963346775480005], [5.630590253964317, 48.965455407145264], [5.626984484922074, 48.96756391388441], [5.621776730643928, 48.96848014386907], [5.614966991129877, 48.968204097099246], [5.609758644672738, 48.96911997362894], [5.606151691272508, 48.971227773458175], [5.6025444213851925, 48.973335448248555], [5.598936835010788, 48.975442998000084], [5.593727691855499, 48.97635786392847], [5.586916991919323, 48.9760800460337], [5.581707256609304, 48.9769945582703], [5.578098485925441, 48.97910140063826], [5.576090556735718, 48.98240088363418], [5.5756834690401345, 48.98689300725804], [5.577081389515359, 48.990331738450415], [5.580284318161391, 48.99271707721131], [5.583487553112671, 48.99510231954506], [5.586691094369198, 48.997487465451684], [5.589894942020454, 48.99987251490316], [5.59309909606644, 49.0022574678995], [5.598108463553601, 49.00358851062272], [5.604923044481936, 49.00386564307283], [5.609933065881376, 49.00519638920211], [5.613138527751921, 49.00758074901058], [5.616344296236971, 49.00996501226381], [5.619550371336525, 49.012349178961806], [5.624561465291358, 49.01367899936074], [5.631377578101469, 49.013954473460636], [5.638193761737753, 49.01422951863695], [5.64501001620021, 49.01450413488969], [5.6502222618207725, 49.013586839626214], [5.653830498599441, 49.0114776328465], [5.655834605165737, 49.00817682544602], [5.656234581519659, 49.00368441742479], [5.658238013635934, 49.00038346372921], [5.661844901514565, 48.99827396435927], [5.665451472509382, 48.996164340083524], [5.669057726620386, 48.99405459090195], [5.671060036495142, 48.99075345524928], [5.6714584021336485, 48.98626093312551], [5.671856677039667, 48.981768396570786], [5.672254861213197, 48.97727584558512], [5.67085089826811, 48.973838218656496], [5.667644788204406, 48.971455515784925], [5.6626366516717646, 48.97012742641874], [5.655826488670185, 48.96985395055794], [5.650819004661523, 48.968525564414804], [5.64761419964578, 48.96614226798933], [5.644409700635098, 48.96375887498069], [5.641205507629475, 48.96137538538888], [5.637800842966357, 48.96123801888865]]]}}, {"type": "Feature", "properties": {"band": "light", "dbz": 30.0, "source": "OPERA-ORD", "time": "20260907001000"}, "geometry": {"type": "Polygon", "coordinates": [[[5.758766513838231, 48.96492520693274], [5.751956623425755, 48.96465778602969], [5.746751320982703, 48.96558027980363], [5.743150606509075, 48.967692688254594], [5.7395495756096, 48.96980497212878], [5.735948228284279, 48.971917131426196], [5.730742124559011, 48.97283861584758], [5.723931264433798, 48.972569425392926], [5.718724567400901, 48.973490557003664], [5.715122033460322, 48.97560201067978], [5.711519182966294, 48.97771333966647], [5.7079160159188165, 48.97982454396374], [5.704312532250164, 48.98193562353705], [5.700708731960336, 48.98404657838642], [5.698708895443838, 48.98734837301197], [5.698313022700671, 48.99184100741368], [5.6997196733720035, 48.99527819235372], [5.7029288474578355, 48.997659927832075], [5.706138328213621, 49.00004156648685], [5.70934811563936, 49.00242310831804], [5.712558209824345, 49.00480455329757], [5.715768610768576, 49.00718590142542], [5.719176187678814, 49.00732080840235], [5.72278094055506, 49.005209274228356], [5.726385376439104, 49.00309761533272], [5.7299894953309485, 49.00098583171542], [5.733593297298487, 48.99887392341102], [5.737196782341721, 48.996761890419506], [5.740799950528549, 48.994649732775414], [5.7444028018589695, 48.99253745047873], [5.748005336400883, 48.99042504356398], [5.751607554154292, 48.988312512031165], [5.755209455187097, 48.98619985591478], [5.758811039499295, 48.984087075214845], [5.762412307158796, 48.98197416996583], [5.766013258165597, 48.97986114016774], [5.768008375617287, 48.976558140565885], [5.768397659513864, 48.97206517116027], [5.766987090857732, 48.96862874418916], [5.76377666964889, 48.966248859652566], [5.758766513838231, 48.96492520693274]]]}}, {"type": "Feature", "properties": {"band": "light", "dbz": 30.0, "source": "OPERA-ORD", "time": "20260907001000"}, "geometry": {"type": "Polygon", "coordinates": [[[6.259813373933223, 48.86736552023513], [6.256242440945397, 48.869495255138126], [6.252671193156344, 48.87162486740175], [6.249099630566063, 48.87375435702598], [6.243914103354035, 48.87470069083571], [6.237114611520262, 48.87446386883096], [6.23210152177679, 48.873162326392276], [6.2288748341236175, 48.87079606351969], [6.225648452308015, 48.86842970238033], [6.222422376329981, 48.86606324297418], [6.217410334556229, 48.86476077101321], [6.210612326986759, 48.86452228649741], [6.20381438047257, 48.86428337418585], [6.197016495013662, 48.86404403407853], [6.190218670826424, 48.86380426618762], [6.183420907910857, 48.863564070513114], [6.176623206483318, 48.86332344706722], [6.169825566543809, 48.863082395849965], [6.164639321850373, 48.86402515433889], [6.161064472403013, 48.86615172253401], [6.159100911897884, 48.86946241061737], [6.158748640334984, 48.87395721858897], [6.156784414670776, 48.87726776417362], [6.153208234905259, 48.87939404737131], [6.148020207648973, 48.88033575787456], [6.141220332901919, 48.88009289568335], [6.136209168816462, 48.87878691689573], [6.132986715392602, 48.87641782151169], [6.129764567683285, 48.87404862815526], [6.126542725688512, 48.871679336826446], [6.121532612548376, 48.870372429431356], [6.114734228262878, 48.87012790596999], [6.1079359065900185, 48.86988295471151], [6.101137647529798, 48.869637575655915], [6.096128585610719, 48.868329739975465], [6.0929087208327815, 48.865959447670164], [6.0896891615187005, 48.8635890575367], [6.0864699076684765, 48.86121856957506], [6.08307118258775, 48.86109525106548], [6.07949298627652, 48.863219102007974], [6.075914475233558, 48.86534282974445], [6.0723356494588625, 48.86746643427493], [6.067147296177135, 48.868404263696064], [6.060349415388375, 48.86815631800785], [6.053551598077358, 48.867907944572686], [6.046753844244085, 48.86765914339056], [6.039956154104753, 48.86740991447412], [6.033158527659362, 48.86716025782339], [6.026360965124079, 48.86691017345103], [6.019563466498903, 48.86665966135705], [6.012766031999971, 48.86640872155418], [6.005968661627281, 48.86615735404244], [5.9991713555969355, 48.865905558834584], [5.992374113908933, 48.86565333593061], [5.987184096694266, 48.86658754300783], [5.983601303952932, 48.868708180066236], [5.980018196380173, 48.870828693589175], [5.97643477397599, 48.872949083576636], [5.97124395117895, 48.87388228563181], [5.9644457279890535, 48.873628299754714], [5.959254312647536, 48.874561151273326], [5.9556697051543965, 48.87668084018766], [5.9536917934740785, 48.879987676553114], [5.953320577606584, 48.88448166036966], [5.952949277311904, 48.88897562985717], [5.952577892590041, 48.89346958501565], [5.953999784709659, 48.896903742224225], [5.9572149536707615, 48.89927810148289], [5.962223511678912, 48.90059235252329], [5.969025458734112, 48.90084649534542], [5.974034665546476, 48.90216044797728], [5.977251132116006, 48.90453421041886], [5.9804679045336515, 48.906907875320606], [5.983684982799414, 48.90928144268251], [5.988695246445982, 48.9105944677285], [5.995498695473357, 48.91084695045854], [6.000509608129935, 48.91215967685764], [6.003727984415717, 48.91453264692578], [6.006946666764379, 48.91690551935372], [6.0101656551759195, 48.91927829414148], [6.015177624474093, 48.920590092464906], [6.0219825746588995, 48.920840914324025], [6.02699519317232, 48.92215241376208], [6.0302154800143555, 48.92452459077906], [6.031643324798648, 48.92795775590747], [6.0312787275252004, 48.93245190914732], [6.029303364696935, 48.935759948085156], [6.025717236313855, 48.93788187272099], [6.022130792006025, 48.940003673788425], [6.0185440317734455, 48.94212535128745], [6.016567564264363, 48.945433212446225], [6.016201389478774, 48.94992725726474], [6.0158351312881075, 48.95442128790681], [6.0154687896923615, 48.95891530437244], [6.015102364637066, 48.963409306674635], [6.014735856122223, 48.967903294813425], [6.016164056987401, 48.971336510140155], [6.019386967232602, 48.973708952654846], [6.022610184497588, 48.97608129738168], [6.025833708782358, 48.97845354432066], [6.029057540175457, 48.98082569344343], [6.032281678676889, 48.98319774474999], [6.035506124375217, 48.98556969821199], [6.03873087727044, 48.987941553829444], [6.041955937451143, 48.99031331157395], [6.045181304917326, 48.99268497144551], [6.050201640142692, 48.99399513261928], [6.057016943127242, 48.99424379509524], [6.063832309989433, 48.99449202858391], [6.070647740729264, 48.99473983308531], [6.077463235128388, 48.99498720858672], [6.084278793186803, 48.99523415508816], [6.0893005953910295, 48.996542755211166], [6.092528641741069, 48.99891300895574], [6.095756995668355, 49.00128316463813], [6.098985657172887, 49.003653222258336], [6.102214626343235, 49.00602318178792], [6.105443903179399, 49.00839304322687], [6.108673487769964, 49.01076280654672], [6.111903380114931, 49.013132471747475], [6.116927544378647, 49.01443954103543], [6.123745980561111, 49.01468401441059], [6.130564479616291, 49.014928058559306], [6.137383041544189, 49.01517167348159], [6.144201666125995, 49.01541485916495], [6.15102035336171, 49.01565761560937], [6.156045982732838, 49.01696312213919], [6.159278554239379, 49.01933137875439], [6.162511433791161, 49.02169953706088], [6.165744621388181, 49.02406759705867], [6.169154371178202, 49.024188343880525], [6.172740683161223, 49.022061777526446], [6.174710012824049, 49.01875126556989], [6.17506236016668, 49.01425680801086], [6.177031019931014, 49.01094615336058], [6.18061599211705, 49.008819301619056], [6.184200647303745, 49.006692326661934], [6.1877849854910965, 49.00456522848923], [6.1913690067484275, 49.00243800713518], [6.194952711075738, 49.000310662599816], [6.200152905371316, 48.999366602019236], [6.20696958963516, 48.99960582539343], [6.213786335373079, 48.99984461964315], [6.220603142585071, 49.00008298476839], [6.22562900390758, 49.001385273728204], [6.228863919340607, 49.00375148652259], [6.2320991427279315, 49.006117600813], [6.235334674069556, 49.008483616599435], [6.238570513453817, 49.010849533853325], [6.241806660880717, 49.01321535257467], [6.245043116438611, 49.01558107273489], [6.248279880127497, 49.01794669433397], [6.253308098940274, 49.01924744899986], [6.260127772876942, 49.019483336732584], [6.266947507496857, 49.0197187951159], [6.273767302800022, 49.01995382414982], [6.28058715856732, 49.020188423822304], [6.287407074798752, 49.02042259413335], [6.294227051275173, 49.02065633507094], [6.301047087996581, 49.02088964663506], [6.307867184743802, 49.02112252881376], [6.314687341516838, 49.02135498160702], [6.32150755809648, 49.02158700500294], [6.32832783448273, 49.021818599001506], [6.3335273888942885, 49.020868371037096], [6.3371062213311555, 49.018736321109714], [6.340684736640091, 49.016604148459834], [6.344262934821092, 49.01447185308747], [6.34946166550086, 49.01352061980678], [6.356280928679397, 49.01375044861779], [6.361479059198847, 49.01279886612248], [6.365056057059211, 49.01066587232086], [6.368632737926978, 49.00853275590906], [6.372209101802148, 49.006399516887086], [6.375785148754608, 49.00426615528907], [6.379360878784359, 49.00213267111502], [6.381315307305362, 48.99881829504889], [6.381648434317619, 48.99432302709067], [6.380194321249336, 48.990894524797305], [6.376952968100513, 48.98853278816879], [6.371924475928264, 48.98723750575217], [6.365108844732591, 48.98700867754744], [6.3582932725218475, 48.986779420262565], [6.351477759296033, 48.98654973389752], [6.346450317638153, 48.985253518109474], [6.343210947548211, 48.98289077289842], [6.341759547108405, 48.979461809664215], [6.3420961163187375, 48.974966628406875], [6.342432608847618, 48.97047143326796], [6.342769024695046, 48.9659762242475], [6.341318402687177, 48.96254715824021], [6.338080742824014, 48.9601842352461], [6.333056147086749, 48.95888714409167], [6.326244615475382, 48.9586558847769], [6.321220668708166, 48.95735849242078], [6.3179843067851, 48.954994967023275], [6.3147482522037635, 48.95263134293481], [6.311512504964156, 48.95026762015536], [6.308277064978448, 48.94790379871348], [6.305041932246637, 48.945539878609196], [6.305211506691716, 48.943292299016036], [6.308785788313684, 48.941161059934004], [6.312359754040928, 48.93902969822686], [6.315933403873448, 48.93689821389462], [6.317889376066937, 48.93358485922519], [6.318227670621395, 48.929089634218585], [6.318565888180537, 48.924594395241854], [6.318904028744361, 48.920099142295], [6.319242092363097, 48.915603875364816], [6.319580079036741, 48.91110859445131], [6.318132562727151, 48.907679117529696], [6.314899543434328, 48.90531544459996], [6.30988112347849, 48.90401726497786], [6.3030773028596405, 48.90378457866339], [6.298059530175146, 48.90248609833492], [6.294827805425005, 48.90012182399247], [6.293382025808622, 48.896692066284174], [6.293722191325995, 48.892196825210036], [6.294062279486457, 48.88770157009036], [6.294402290290012, 48.883206300925124], [6.292957283656899, 48.87977644065857], [6.289727259587121, 48.877411989290685], [6.284712320942185, 48.87611263639884], [6.27791246772209, 48.87587838198303], [6.272898175552296, 48.87457872872541], [6.269669444432801, 48.87221367662598], [6.266441019261575, 48.86984852612811], [6.263212900038616, 48.86748327723179], [6.259813373933223, 48.86736552023513]]]}}, {"type": "Feature", "properties": {"band": "light", "dbz": 30.0, "source": "OPERA-ORD", "time": "20260907001000"}, "geometry": {"type": "Polygon", "coordinates": [[[5.854112136179673, 48.96862410203909], [5.847301294804965, 48.96836268100932], [5.8420974583958625, 48.969289770466695], [5.838500626952364, 48.971405370411205], [5.836510684612762, 48.97470979157311], [5.836127631377055, 48.979203033952416], [5.837543617044032, 48.9826385034187], [5.840758641613695, 48.98501619997196], [5.845772821046162, 48.98633581274379], [5.852586155341435, 48.98659734173418], [5.857791353855825, 48.98566999544487], [5.861388416589332, 48.98355377387586], [5.863377228113739, 48.98024898792139], [5.863757788429045, 48.97575563758146], [5.862340440656781, 48.97232042494711], [5.8591251847969446, 48.96994335001835], [5.854112136179673, 48.96862410203909]]]}}, {"type": "Feature", "properties": {"band": "light", "dbz": 30.0, "source": "OPERA-ORD", "time": "20260907001000"}, "geometry": {"type": "Polygon", "coordinates": [[[6.414139548502622, 48.97061974898965], [6.4073260638085205, 48.97039358884884], [6.4021331067984, 48.97134765564249], [6.398560677472261, 48.97348194937057], [6.396608675503079, 48.976796781362815], [6.396277100890854, 48.981292151619215], [6.397732365345629, 48.98472039844161], [6.4009744688674015, 48.98708152182999], [6.404216880455594, 48.9894425461946], [6.407459600110206, 48.99180347153545], [6.410702627919136, 48.99416429782381], [6.413945963882385, 48.996525025059704], [6.417354296615244, 48.99663794895473], [6.420927626117713, 48.994503069508866], [6.424500638899018, 48.99236806767723], [6.428073334959159, 48.990232943459816], [6.431645714368111, 48.9880976968907], [6.435217777125877, 48.98596232796988], [6.4353820407298885, 48.98371459139474], [6.432138505180145, 48.981354487165284], [6.428895277629941, 48.97899428383687], [6.425652358079277, 48.976633981409506], [6.422409746440376, 48.97427357991188], [6.41916744271324, 48.97191307934399], [6.414139548502622, 48.97061974898965]]]}}, {"type": "Feature", "properties": {"band": "light", "dbz": 30.0, "source": "OPERA-ORD", "time": "20260907001000"}, "geometry": {"type": "Polygon", "coordinates": [[[6.4686495076813255, 48.97241358750342], [6.46183556137509, 48.97219085910535], [6.456643506376784, 48.97314754621746], [6.453073342686407, 48.97528364883975], [6.452910402759514, 48.9775314454875], [6.456154686596101, 48.97989093616073], [6.4593992785044385, 48.982250327646625], [6.462644178484524, 48.98460961994519], [6.465889386624102, 48.98696881302772], [6.469134902923175, 48.98932790689421], [6.474165940673589, 48.99061843487034], [6.480982499875346, 48.99084039695612], [6.486175676013974, 48.98988278917753], [6.489745469089474, 48.98774561153458], [6.489907233780056, 48.98549778272834], [6.486660970085721, 48.9831393027588], [6.483415014535048, 48.980780723513575], [6.480169367128038, 48.978422044992634], [6.47692402777701, 48.97606326722473], [6.473678996481967, 48.973704390209875], [6.4686495076813255, 48.97241358750342]]]}}, {"type": "Feature", "properties": {"band": "light", "dbz": 30.0, "source": "OPERA-ORD", "time": "20260907001000"}, "geometry": {"type": "Polygon", "coordinates": [[[21.93391944681547, 48.34897913356732], [21.931126862989224, 48.35157044559645], [21.92833400680312, 48.35416168461413], [21.925540878257166, 48.356752850620374], [21.92274747725743, 48.35934394359499], [21.91995380380391, 48.36193496353796], [21.919093878810042, 48.365447539595586], [21.920167702275826, 48.36988167176786], [21.921241764086012, 48.3743157758888], [21.922316064240597, 48.37874985195843], [21.9247879410306, 48.38188831964571], [21.928657394456014, 48.383731178950626], [21.933924107729368, 48.38427814030899], [21.940588080850667, 48.383529203720805], [21.9453167543497, 48.381858912549305], [21.948110128226464, 48.3792672667945], [21.947571999668103, 48.377050355332145], [21.943702368674614, 48.375208178162254], [21.93983303770145, 48.373365852924124], [21.93596400674862, 48.37152337961777], [21.935426116967406, 48.36930644005497], [21.938219368357803, 48.36671503423574], [21.94101234725752, 48.364123555422765], [21.94380505366655, 48.36153200361605], [21.944663588916207, 48.35801928350368], [21.943587953006478, 48.353585395085666], [21.941116535970863, 48.350447207545685], [21.937249337809348, 48.348604720883735], [21.93391944681547, 48.34897913356732]]]}}, {"type": "Feature", "properties": {"band": "light", "dbz": 30.0, "source": "OPERA-ORD", "time": "20260907001000"}, "geometry": {"type": "Polygon", "coordinates": [[[5.516951056944281, 48.91909218594068], [5.510148679009984, 48.91880957613586], [5.504943600735793, 48.91972045154283], [5.501335822121703, 48.921824812161624], [5.499325218295956, 48.92512296791188], [5.4989117892585515, 48.929614918793604], [5.500302870372721, 48.933054718561536], [5.503498461638468, 48.93544236721565], [5.508498688033448, 48.9367775546989], [5.515303549557661, 48.937060281011284], [5.52050999428732, 48.9361491538558], [5.524118022222422, 48.93404417323246], [5.5261275089138, 48.93074564922616], [5.526538454361454, 48.926253581836896], [5.525146006791818, 48.922814033817474], [5.521950166204893, 48.92042700516789], [5.516951056944281, 48.91909218594068]]]}}, {"type": "Feature", "properties": {"band": "light", "dbz": 30.0, "source": "OPERA-ORD", "time": "20260907001000"}, "geometry": {"type": "Polygon", "coordinates": [[[6.1831805689163595, 48.93229059875094], [6.186409005119313, 48.93465814592723], [6.191427138172756, 48.93596178697318], [6.198234968076687, 48.9362015218888], [6.203253750008375, 48.93750486277549], [6.20648348396782, 48.93987180963326], [6.2097135248340685, 48.94223865816556], [6.212943872607122, 48.94460540837239], [6.21796370689544, 48.945907818480336], [6.224773027699022, 48.9461458884894], [6.231582409503792, 48.94638352988957], [6.238391852309752, 48.946620742680835], [6.245201355899078, 48.94685752685111], [6.252010920271772, 48.947093882400395], [6.25703220932692, 48.94839473064147], [6.260265223064524, 48.95076007157435], [6.260093077956993, 48.953007540550715], [6.256515774004329, 48.95513713757056], [6.251321716596155, 48.95608373391762], [6.2445109057324695, 48.95584732959189], [6.237700155694274, 48.955610496557284], [6.230889466481567, 48.955373234813806], [6.22407883831232, 48.95513554437357], [6.2172682711865335, 48.95489742523658], [6.210457765322149, 48.954658877415], [6.203647320719167, 48.95441990090883], [6.1968369375954975, 48.954180495730284], [6.190026615951142, 48.95394066187937], [6.18321635600398, 48.95370039936833], [6.17640615775401, 48.95345970819717], [6.171386640025555, 48.95215537639109], [6.168157802818615, 48.94978740395008], [6.166719539542622, 48.9463561018168], [6.167071850197576, 48.941861469991224], [6.167424080654148, 48.93736682409502], [6.167776230912337, 48.93287216412819], [6.169741905826842, 48.92956146008654], [6.1733211053976635, 48.92743471197008], [6.176724616591026, 48.927555209724574], [6.1799524394069305, 48.92992295335005], [6.1831805689163595, 48.93229059875094]]]}}, {"type": "Feature", "properties": {"band": "light", "dbz": 30.0, "source": "OPERA-ORD", "time": "20260907001000"}, "geometry": {"type": "Polygon", "coordinates": [[[6.34207144734598, 48.86117095237531], [6.338504578461922, 48.863303436429554], [6.334937394891505, 48.86543579813039], [6.33136989663473, 48.86756803747783], [6.3278020836225055, 48.86970015443796], [6.324233955854833, 48.87183214901077], [6.320665513262624, 48.87396402116236], [6.3170967558458795, 48.876095770892725], [6.3135276835355105, 48.87822739816792], [6.309958296331518, 48.88035890298795], [6.3097892613126145, 48.88260658055016], [6.313020578478797, 48.884970430854544], [6.316252201928865, 48.887334182587395], [6.319484131662817, 48.88969783574871], [6.320931256932649, 48.89312733079239], [6.3205935777383635, 48.89762266771842], [6.322041281849807, 48.90105206908512], [6.325274369266981, 48.903415534892474], [6.330292942042715, 48.90471275445763], [6.33709700017701, 48.90494372778058], [6.342116220121115, 48.90624064645189], [6.34535060187503, 48.90860351047157], [6.348585290350137, 48.91096627577731], [6.351820285546437, 48.91332894236912], [6.356840552266998, 48.9146249294127], [6.363646090511818, 48.914854236908056], [6.37045168741553, 48.91508311602669], [6.377257342978133, 48.915311566768615], [6.384063056982107, 48.91553958912216], [6.3908688294274505, 48.91576718308734], [6.397674660096616, 48.91599434865255], [6.404480548989602, 48.91622108581778], [6.409667296578843, 48.91526707350316], [6.413234902864342, 48.91313231170867], [6.415183268127764, 48.909817111300946], [6.415512392369111, 48.90532147227998], [6.414058335657225, 48.901893237447425], [6.410821097992105, 48.899532406803274], [6.405800779007421, 48.89823866961913], [6.398997378703175, 48.898012025895014], [6.392194036542195, 48.897784953946406], [6.385390752524484, 48.89755745377332], [6.380371478312264, 48.89626278468498], [6.377136213905535, 48.8939009466814], [6.3739012560157455, 48.891539009902], [6.370666604642895, 48.88917697434678], [6.367432259699648, 48.886814840044245], [6.364198221186005, 48.884452606994394], [6.362748024623807, 48.88102372278307], [6.363081670013053, 48.87652818741028], [6.361632052376665, 48.873099209277086], [6.358399171714644, 48.87073678838351], [6.3551665971694025, 48.86837426881259], [6.351934328740942, 48.86601165056433], [6.348702366342036, 48.8636489336672], [6.345470709972684, 48.86128611812119], [6.34207144734598, 48.86117095237531]]]}}, {"type": "Feature", "properties": {"band": "light", "dbz": 30.0, "source": "OPERA-ORD", "time": "20260907001000"}, "geometry": {"type": "Polygon", "coordinates": [[[5.931201854646657, 48.86336408469096], [5.924405262862959, 48.863107585212106], [5.917608736717552, 48.862850658114695], [5.910812276210434, 48.862593303398725], [5.905620985596573, 48.863523582732824], [5.902034864875968, 48.86564149611699], [5.900053800600471, 48.86894735345501], [5.899677792770084, 48.873441154746864], [5.901095465295054, 48.87687602590383], [5.904306818175383, 48.879251966925914], [5.907518476347144, 48.88162781068049], [5.91073043981034, 48.88400355716757], [5.913942708653133, 48.88637920635904], [5.917155282875523, 48.88875475825491], [5.922161726564264, 48.890070863164254], [5.928962039719355, 48.89032752108707], [5.934155445130478, 48.88939637663579], [5.93774194279763, 48.887277429810396], [5.9397214200013995, 48.88397099077188], [5.940093876741786, 48.87947705952024], [5.940466248829866, 48.874983113914176], [5.940838536265641, 48.87048915395368], [5.939418547622273, 48.86705471408767], [5.936206282899761, 48.864679794316146], [5.931201854646657, 48.86336408469096]]]}}, {"type": "Feature", "properties": {"band": "light", "dbz": 30.0, "source": "OPERA-ORD", "time": "20260907001000"}, "geometry": {"type": "Polygon", "coordinates": [[[5.134887876598728, 48.829254472548804], [5.138504511801155, 48.82716231321887], [5.140535275307682, 48.82387092744668], [5.140980167118306, 48.819380315232216], [5.14142495802184, 48.81488968782298], [5.141869648018288, 48.81039904521897], [5.142314237173165, 48.80590838740772], [5.142758725486475, 48.80141771438924], [5.144787897426111, 48.798126102144614], [5.148401752992075, 48.79603355067385], [5.152015294898554, 48.793940873116995], [5.15562852314555, 48.79184806947404], [5.159241437798201, 48.78975513977948], [5.162854038856506, 48.787662084033315], [5.166466326385608, 48.78556890227003], [5.170078300385507, 48.7834755944896], [5.173689960921347, 48.78138216072652], [5.17730130799313, 48.77928860098078], [5.180912341666003, 48.77719491528682], [5.1845230619399665, 48.77510110364466], [5.186548418288444, 48.771808706752], [5.186988410711432, 48.76731772460884], [5.185623658157801, 48.763873679378456], [5.182454160627547, 48.76147657106086], [5.1774800506962855, 48.76012609146791], [5.170701328364018, 48.7598222405996], [5.165727866134009, 48.75847146873807], [5.162559664006262, 48.75607377588334], [5.15939176348535, 48.75367598830443], [5.156224164571274, 48.75127810600136], [5.151251773238991, 48.74992641848493], [5.144474589488503, 48.749620925755146], [5.139084387959322, 48.76967627259613], [5.13508116865145, 48.81009245900789], [5.134887876598728, 48.829254472548804]]]}}, {"type": "Feature", "properties": {"band": "light", "dbz": 30.0, "source": "OPERA-ORD", "time": "20260907001000"}, "geometry": {"type": "Polygon", "coordinates": [[[6.424656814608984, 48.82675802818378], [6.417863230959369, 48.826532612414866], [6.412685800646793, 48.82748734958297], [6.409124523671257, 48.82962223968808], [6.405562932558092, 48.83175700775416], [6.402001027307298, 48.83389165378123], [6.398438807849739, 48.83602617773548], [6.394876274185416, 48.83816057961689], [6.3929297279705155, 48.84147565130281], [6.392599169205039, 48.84597139279322], [6.39226853529636, 48.85046712025027], [6.391937826244477, 48.85496283367397], [6.391607042000426, 48.85945853307758], [6.391276182564206, 48.8639542184611], [6.392727905940227, 48.867382763663585], [6.395962212128486, 48.869744168685024], [6.4009792010436675, 48.87103812305962], [6.407778872685771, 48.871264626787365], [6.414578602133744, 48.871490702542], [6.4213783893875895, 48.87171635032353], [6.428178234230447, 48.871941570120484], [6.434978136662316, 48.87216636193286], [6.440159586102326, 48.871210832750094], [6.4437225825504765, 48.86907498257219], [6.4456670273682874, 48.8657591219208], [6.44599292055576, 48.86126325079593], [6.444537936381997, 48.85783532782114], [6.441302074846999, 48.855475352996436], [6.438066519368845, 48.85311527925714], [6.434831269947534, 48.85075510660325], [6.433377064019478, 48.847327079812565], [6.433703901584677, 48.84283119888508], [6.434030664896481, 48.838335303943865], [6.434357353954891, 48.83383939498892], [6.4329039254715195, 48.83041126440065], [6.429670379446367, 48.82805091217904], [6.424656814608984, 48.82675802818378]]]}}, {"type": "Feature", "properties": {"band": "light", "dbz": 30.0, "source": "OPERA-ORD", "time": "20260907001000"}, "geometry": {"type": "Polygon", "coordinates": [[[6.260256942758086, 48.83921128383506], [6.253462292365469, 48.83897551181054], [6.248280268155364, 48.83992232487161], [6.244710870127772, 48.842051723018265], [6.242753994423472, 48.845364016313155], [6.242409641042464, 48.849859204756285], [6.2438506066429955, 48.85328971845114], [6.24707689122507, 48.8556555573977], [6.252088598735893, 48.856956411395664], [6.258885729175468, 48.857192280445034], [6.264069097048057, 48.85624520575334], [6.2676387023536595, 48.85411518732057], [6.269594441673568, 48.850802535370214], [6.269936315007784, 48.84630724990225], [6.268494005744767, 48.84287699783804], [6.265267513884519, 48.84051177917756], [6.260256942758086, 48.83921128383506]]]}}, {"type": "Feature", "properties": {"band": "light", "dbz": 30.0, "source": "OPERA-ORD", "time": "20260907001000"}, "geometry": {"type": "Polygon", "coordinates": [[[5.310039838942903, 48.3690329387753], [5.303313654526125, 48.36873771454502], [5.298162752656512, 48.36963930583339], [5.294587133334064, 48.37173771264041], [5.2925866697846775, 48.375033240039905], [5.292161362008353, 48.37952588803187], [5.293524467319484, 48.38296936261841], [5.296675985718069, 48.385363663799524], [5.3016160440843, 48.386708486367915], [5.3083446424181755, 48.38700383032358], [5.313496877820125, 48.38610199374324], [5.317072750290147, 48.38400297662688], [5.319072133454849, 48.380707084210044], [5.319495027314231, 48.37621431649271], [5.318130588470764, 48.372771087198146], [5.31497881692445, 48.37037739632635], [5.310039838942903, 48.3690329387753]]]}}, {"type": "Feature", "properties": {"band": "light", "dbz": 30.0, "source": "OPERA-ORD", "time": "20260907001000"}, "geometry": {"type": "Polygon", "coordinates": [[[5.377305699964617, 48.371961943535275], [5.370578786715189, 48.37167094441794], [5.3654288462149315, 48.37257577899819], [5.361855878463842, 48.374676447276016], [5.359859758471492, 48.37797325443159], [5.359440486237882, 48.38246620046492], [5.360808301556089, 48.3859088419334], [5.363963204426111, 48.38830117883704], [5.368905319942991, 48.38964290586206], [5.375634648106729, 48.38993402300845], [5.380785920853313, 48.38902894218185], [5.384359138182742, 48.38692766338225], [5.386354175507183, 48.383630491951266], [5.386771032826637, 48.37913742788888], [5.385401885262105, 48.37569503266675], [5.382246732813588, 48.373303306284875], [5.377305699964617, 48.371961943535275]]]}}, {"type": "Feature", "properties": {"band": "light", "dbz": 30.0, "source": "OPERA-ORD", "time": "20260907001000"}, "geometry": {"type": "Polygon", "coordinates": [[[5.408361025858253, 48.328189246829844], [5.401639852839419, 48.327900230856656], [5.396495054555825, 48.32880662155303], [5.39292663100747, 48.33090841891895], [5.390934458327268, 48.334205927811425], [5.390518536515218, 48.33869914823044], [5.39188742890955, 48.34214149930243], [5.395041135510261, 48.34453298102739], [5.399979780288007, 48.345873288415], [5.406703363242787, 48.346162421465245], [5.4118494901603915, 48.345255784369954], [5.4154181610408205, 48.34315337712914], [5.417409252419163, 48.3398555047607], [5.417822764295418, 48.335362167264634], [5.416452543267076, 48.331920062591564], [5.413298589334138, 48.32952919074148], [5.408361025858253, 48.328189246829844]]]}}, {"type": "Feature", "properties": {"band": "light", "dbz": 30.0, "source": "OPERA-ORD", "time": "20260907001000"}, "geometry": {"type": "Polygon", "coordinates": [[[5.190070369417478, 48.282489657722756], [5.19678438801232, 48.28279193423565], [5.201927870444937, 48.28189534631771], [5.205500816715329, 48.27979989396893], [5.207503098176495, 48.27650588142907], [5.207934714828438, 48.27201330869812], [5.208366234733134, 48.2675207200227], [5.208797657890587, 48.26302811540282], [5.209228984362739, 48.25853549482588], [5.209660214149593, 48.254042858291875], [5.208306267282358, 48.250598024790136], [5.205167143761038, 48.24820099432067], [5.200242971956076, 48.24685146292158], [5.193533751867475, 48.24654943059289], [5.189312696397395, 48.25538344068799], [5.187579805545837, 48.27335349320687], [5.190070369417478, 48.282489657722756]]]}}, {"type": "Feature", "properties": {"band": "light", "dbz": 30.0, "source": "OPERA-ORD", "time": "20260907001000"}, "geometry": {"type": "Polygon", "coordinates": [[[5.207477674556463, 48.0836072138547], [5.211035882236548, 48.08151119063728], [5.214593787208037, 48.079415043323394], [5.2181513894709335, 48.07731877191304], [5.223273535674789, 48.07642065586205], [5.229960225819605, 48.07672069517042], [5.235081808936456, 48.07582223017125], [5.238638285025343, 48.073725260864535], [5.240629527717767, 48.07043008984724], [5.241055537013727, 48.065936717119364], [5.241481451236318, 48.06144332817098], [5.241907270385537, 48.05694992300211], [5.240555789989189, 48.05350505567897], [5.23742701004727, 48.051108726201576], [5.234085113289632, 48.050958991593944], [5.230530099716276, 48.05305585185609], [5.226974783826858, 48.05515258813735], [5.223419165621378, 48.057249200437724], [5.218299272969347, 48.0581471276991], [5.211615105870765, 48.05784636992149], [5.2076294094202105, 48.064435799640364], [5.206342183617684, 48.077915416855724], [5.207477674556463, 48.0836072138547]]]}}, {"type": "Feature", "properties": {"band": "light", "dbz": 30.0, "source": "OPERA-ORD", "time": "20260907001000"}, "geometry": {"type": "Polygon", "coordinates": [[[6.109769644148289, 48.00540629252922], [6.106255038357203, 48.00753258504112], [6.1027401309765255, 48.0096587564926], [6.099224922006256, 48.011784806883654], [6.095884113000317, 48.011662168051714], [6.09271770395871, 48.009290839996794], [6.089551587510997, 48.006919415491666], [6.08638576365718, 48.00454789453634], [6.081462429780828, 48.00323887826773], [6.074781585881942, 48.00299236668584], [6.0681008022295115, 48.00274543561042], [6.061420078823536, 48.002498085041466], [6.056321346270907, 48.003436667542786], [6.052804604571621, 48.00556118311438], [6.049287561303537, 48.00768557745884], [6.045770216466653, 48.009809850576175], [6.040670709430998, 48.01074744791302], [6.0339890401965715, 48.010498369469374], [6.028888964854356, 48.01143562325617], [6.02537048340435, 48.013559209273396], [6.021851700262387, 48.01568267395675], [6.018332615428465, 48.01780601730624], [6.01323176619182, 48.01874228552412], [6.006549152552455, 48.01849147861039], [6.001447735019181, 48.01942740305233], [5.997927513592001, 48.02155005884995], [5.99440699034994, 48.02367259320686], [5.990886165293, 48.025795006123076], [5.987365038356961, 48.02791729756602], [5.983843609541822, 48.03003946753567], [5.981903199890241, 48.03334887386124], [5.981543809402218, 48.03784551654272], [5.981184338658714, 48.04234214363257], [5.980824787659727, 48.04683875513079], [5.980465156354069, 48.0513353510505], [5.98010544474174, 48.055831931391694], [5.981507717856766, 48.059267493050896], [5.984671975699144, 48.06164203602812], [5.987836526708884, 48.064016482792866], [5.991001370885986, 48.06639083334515], [5.9941665083135165, 48.06876508765808], [5.9973319389914765, 48.071139245731636], [6.0022595318598135, 48.0724518794604], [6.008949286918527, 48.07270298884437], [6.015639103366057, 48.07295367811343], [6.0223289812024055, 48.07320394726757], [6.027257586149786, 48.074515669657224], [6.030424918208201, 48.076888845282376], [6.033592543755496, 48.0792619245302], [6.0367604627916736, 48.08163490740069], [6.0416900795632875, 48.082945718142], [6.048381394070337, 48.08319435675412], [6.0534881527741735, 48.08225647892987], [6.057010355674797, 48.080132084669245], [6.060532255926899, 48.07800756903587], [6.064053853530478, 48.07588293202974], [6.067399303789181, 48.07600660854248], [6.070568606703008, 48.07837859857407], [6.073738203213618, 48.08075049210216], [6.076908093321013, 48.08312228912674], [6.081838877476546, 48.08443124620365], [6.088530555680218, 48.08467736333289], [6.0936366924213745, 48.083737557200436], [6.097157287700017, 48.08161182780631], [6.100677580314405, 48.079485977164914], [6.104197570264539, 48.077360005276255], [6.109302928181664, 48.07641921276667], [6.1159936540657815, 48.07666359963617], [6.12092498123112, 48.077970997019875], [6.124096909677679, 48.08034140491777], [6.125509336392173, 48.08377512692941], [6.1251622613746015, 48.08827216305478], [6.124815108759165, 48.092769183781456], [6.124467878545864, 48.09726618910943], [6.1258810406138355, 48.100699808143034], [6.1290545949630815, 48.103070040882244], [6.132228443395724, 48.10544017689855], [6.1354025859117645, 48.10781021619195], [6.136816484081416, 48.111243732234364], [6.136470137904678, 48.115740725025766], [6.13788459026944, 48.11917414885875], [6.141059841175702, 48.121544003733284], [6.145995993369117, 48.12284998566937], [6.152693046849687, 48.123092094667], [6.157801877203225, 48.12214925185247], [6.161322484429732, 48.12002145722577], [6.164842788427585, 48.11789354146769], [6.168362789196782, 48.11576550457822], [6.173470837182266, 48.11482167508663], [6.1801669323840365, 48.11506205299292], [6.185103624720712, 48.1163664735391], [6.188280914192292, 48.11873493672518], [6.191458498102864, 48.12110330298054], [6.194636376452426, 48.12347157230519], [6.199574078544896, 48.12477507872994], [6.206271604380272, 48.12501382225479], [6.211379593206165, 48.12406840707898], [6.214898045022574, 48.12193883320249], [6.218416193591588, 48.11980913836241], [6.221934038913208, 48.11767932255874], [6.227041243556689, 48.11673292111683], [6.233737807522032, 48.116969934036675], [6.240434429571781, 48.11720652630425], [6.247131109705937, 48.117442697919564], [6.252237529648179, 48.11649531046735], [6.2557536893985075, 48.114364363947594], [6.259269546023222, 48.11223329661337], [6.262785099522322, 48.110102108464666], [6.267890734245275, 48.10915373525807], [6.274586450192079, 48.10938817699359], [6.2796915118615875, 48.10843946092995], [6.283205919253798, 48.10630758706715], [6.283372705664115, 48.10405881573756], [6.280191871092535, 48.10169314694117], [6.277011330861494, 48.09932738097045], [6.27383108497099, 48.096961517825385], [6.272407935095286, 48.09352980379882], [6.272741881234384, 48.089032238890766], [6.271319286715831, 48.085600431868656], [6.268140151539628, 48.08323438273249], [6.26496131040798, 48.08086823648857], [6.2617827633208885, 48.07850199313688], [6.25860451019569, 48.076135652704586], [6.255426551032385, 48.07376921519168], [6.252080869064133, 48.07365144639972], [6.248567464290934, 48.07578234632872], [6.245053756935953, 48.07791312549414], [6.24153974699919, 48.080043783896], [6.23819412283581, 48.07992559482426], [6.2350168844458125, 48.07755855827892], [6.23183993994777, 48.075191424737184], [6.228663289341684, 48.07282419419903], [6.223729725146537, 48.07152177140519], [6.2170392473623295, 48.07128415635566], [6.210348827872705, 48.07104612109711], [6.203658466677666, 48.070807665629545], [6.198725909123316, 48.06950432941982], [6.195551155209657, 48.06713611246795], [6.192376694952297, 48.064767798658025], [6.189202528351237, 48.06239938799003], [6.184270977698999, 48.06109513867256], [6.177582042995579, 48.06085505070562], [6.172651113237812, 48.059550506594114], [6.169478188425696, 48.05718150633806], [6.168063166986694, 48.05374835344182], [6.168406048920805, 48.04925104790539], [6.168748854297204, 48.04475372693823], [6.169091583115893, 48.040256390540335], [6.167677297363597, 48.03682313422776], [6.164505997040316, 48.03445395800051], [6.1613349898301, 48.03208468506245], [6.158164275732947, 48.02971531541357], [6.154993854666293, 48.02734584908088], [6.151823726630135, 48.02497628606437], [6.148653891541924, 48.022606626391024], [6.145484349401661, 48.02023687006084], [6.14231510012681, 48.01786701710079], [6.139146143717372, 48.01549706751087], [6.134220410302294, 48.014190490616855], [6.127537899881575, 48.01394728641873], [6.122612786135313, 48.01264041533088], [6.119445069063508, 48.010269877353316], [6.1162776446566625, 48.00789924284172], [6.113110512914775, 48.005528511796086], [6.109769644148289, 48.00540629252922]]]}}, {"type": "Feature", "properties": {"band": "light", "dbz": 30.0, "source": "OPERA-ORD", "time": "20260907001000"}, "geometry": {"type": "Polygon", "coordinates": [[[5.489761911527202, 48.02488784491507], [5.483080824202986, 48.024604157284614], [5.476399806238537, 48.02432005030845], [5.469718857633854, 48.024035523986576], [5.4630379785906875, 48.02375057833278], [5.456357169109036, 48.023465213347045], [5.451244805877972, 48.02437464232926], [5.447700888897497, 48.02647886527945], [5.445725297734495, 48.02977818462957], [5.445318032388968, 48.03427260037962], [5.444910676147341, 48.038767000062535], [5.444503229009612, 48.043261383678285], [5.445868676251759, 48.04670370693013], [5.449007017873779, 48.049093969818074], [5.452145651288221, 48.05148413815969], [5.4552845764950835, 48.053874211954984], [5.458423793578281, 48.056264191177505], [5.461563302537814, 48.05865407582726], [5.464703103457614, 48.06104386587779], [5.4678431963376815, 48.06343356132908], [5.470983581261967, 48.06582316215468], [5.474124258230469, 48.06821266835459], [5.477467440037511, 48.068354850253456], [5.481013126683095, 48.06624970785129], [5.484558510840872, 48.06414444225818], [5.4881035925108375, 48.06203905347414], [5.491648371755927, 48.05993354153211], [5.4951928485761385, 48.057827906432095], [5.497166524993751, 48.05452779878065], [5.497569401008764, 48.05003321857776], [5.497972187121413, 48.045538622373456], [5.498374883331698, 48.041044010167745], [5.49877748969688, 48.03654938194781], [5.499180006216962, 48.03205473771364], [5.497811562155079, 48.028612983879995], [5.494672157511232, 48.02622412044687], [5.489761911527202, 48.02488784491507]]]}}, {"type": "Feature", "properties": {"band": "light", "dbz": 30.0, "source": "OPERA-ORD", "time": "20260907001000"}, "geometry": {"type": "Polygon", "coordinates": [[[6.111660151375142, 47.95924766290887], [6.104985001998961, 47.95900307471443], [6.099891535261704, 47.959943805270434], [6.0963797511633695, 47.962069854576875], [6.094449546721524, 47.96538152524887], [6.094100921936167, 47.969878817286435], [6.0955087821921135, 47.97331310925378], [6.0986731274893655, 47.97568440115092], [6.10359406089581, 47.97699239023099], [6.110271582411449, 47.977237076494], [6.115366337995979, 47.97629609227983], [6.118878327649401, 47.97416943758847], [6.1208074487991375, 47.97085741518974], [6.1211537014451896, 47.96636002508361], [6.11974455234197, 47.96292598677443], [6.116580001489479, 47.9605553002622], [6.111660151375142, 47.95924766290887]]]}}, {"type": "Feature", "properties": {"band": "light", "dbz": 30.0, "source": "OPERA-ORD", "time": "20260907001000"}, "geometry": {"type": "Polygon", "coordinates": [[[6.442872540637677, 47.62811725061766], [6.436239500657134, 47.627893648889874], [6.42960651427034, 47.627669630949164], [6.422973581477293, 47.62744519679553], [6.416340702475323, 47.627220346439586], [6.409707877264429, 47.62699507988136], [6.404653734931913, 47.62795084899252], [6.401178275477775, 47.630087653773074], [6.399281405588587, 47.6334057944496], [6.398963125264353, 47.63790527102209], [6.400383158589042, 47.6413363676366], [6.4035415055626554, 47.643699084293104], [6.4084382595754805, 47.64499312063514], [6.415073420627516, 47.64521847666269], [6.4199707817637055, 47.64651221914559], [6.423130342984048, 47.648874348083844], [6.424552011338805, 47.65230516386809], [6.424235786827975, 47.656804666498346], [6.423919492243893, 47.661304153295774], [6.423603127586559, 47.66580362426038], [6.4232866928116845, 47.670303079405514], [6.422970187919269, 47.674802518731205], [6.421072802947401, 47.6781208647542], [6.417594537896079, 47.680258117474494], [6.4141159761353785, 47.68239525088088], [6.410637117665298, 47.68453226497334], [6.408738710090943, 47.6878504376956], [6.408420753412312, 47.69234976904766], [6.4065217210023935, 47.69566780330027], [6.403041612861187, 47.69780454045342], [6.397980522600081, 47.69875967971505], [6.391338450219077, 47.698533221085185], [6.386276797316997, 47.69948802124323], [6.382795563893838, 47.7016240801892], [6.380894655806733, 47.70494169870756], [6.38057407305568, 47.70944087679831], [6.380253419189209, 47.713940039105346], [6.379932694207323, 47.718439185628675], [6.379611898065015, 47.72293831638163], [6.379291030762285, 47.72743743136421], [6.380712023699951, 47.730868577873395], [6.383874876878012, 47.73323175590919], [6.3870380193103955, 47.735594837018866], [6.390201450997105, 47.73795782120243], [6.390041203953151, 47.74020736637853], [6.386557278178534, 47.74234347254714], [6.381491401889006, 47.74329776632533], [6.374843575084566, 47.74307024771308], [6.369777135063524, 47.7440242019659], [6.366292081825882, 47.7461596290838], [6.364388320578011, 47.749476830194695], [6.364065851319914, 47.753975805298595], [6.363743310461619, 47.75847476467501], [6.363420698003128, 47.76297370832395], [6.363098013899078, 47.767472636258745], [6.362775258149469, 47.77197154847939], [6.360870067141022, 47.77528854076689], [6.357382440873733, 47.77742361312123], [6.3523124745427975, 47.77837646415074], [6.345660168148214, 47.7781470938554], [6.340589637357798, 47.779099604928675], [6.337100882171549, 47.78123399737055], [6.333611828782825, 47.783368270012986], [6.330122477191626, 47.78550242285601], [6.326632827333833, 47.78763645586765], [6.323142879209445, 47.789770369047886], [6.32297985119941, 47.792019728680216], [6.326143743303728, 47.79438453476464], [6.329307925421525, 47.79674924400416], [6.3324723975528014, 47.799113856398805], [6.333891791249848, 47.802545510192125], [6.333566106512665, 47.8070442053841], [6.333240349381921, 47.811542884907446], [6.332914519857615, 47.816041548762136], [6.334334647811211, 47.81947309731808], [6.337500733242708, 47.821837530575294], [6.340667109105821, 47.82420186690984], [6.34383377540055, 47.82656610632172], [6.347000732207963, 47.82893024878412], [6.350167979528061, 47.83129429429702], [6.355081344193305, 47.832590721516915], [6.361740826203693, 47.83281953044382], [6.368400363448673, 47.83304792130224], [6.375059955928247, 47.83327589409217], [6.38171960344209, 47.83350344880271], [6.388379305990204, 47.83373058543385], [6.393454150504215, 47.83277607185411], [6.396944136984122, 47.830639908063525], [6.400433824582866, 47.82850362456694], [6.4039232133004464, 47.82636722136438], [6.407412303201366, 47.824230698487824], [6.410901094285625, 47.82209405593729], [6.412804870208889, 47.81877626629276], [6.4131236309711595, 47.814277329554216], [6.413442320902083, 47.80977837721003], [6.4137609400016595, 47.80527940926019], [6.415663686597647, 47.801961446298506], [6.419150560690046, 47.799824488325], [6.422478486268374, 47.79993693280994], [6.425647463332633, 47.80229877975334], [6.428816730726954, 47.804660529534395], [6.431986288451336, 47.807022182153084], [6.436899368584777, 47.80831483735921], [6.443555971127278, 47.80853849515277], [6.450212627592433, 47.80876173506176], [6.456869337980241, 47.808984557086184], [6.463526102090632, 47.80920696121538], [6.470182919923604, 47.80942894744936], [6.476839791279061, 47.80965051577748], [6.483496716157001, 47.809871666199754], [6.488567308870668, 47.80891256166957], [6.492051569420063, 47.80677320218696], [6.493949405875829, 47.80345388951818], [6.494260818237964, 47.798954623663235], [6.4961580272161985, 47.79563517288803], [6.499641032810531, 47.79349553719258], [6.503123740095356, 47.79135578220267], [6.506606149070677, 47.78921590791832], [6.50676145725237, 47.786966240660746], [6.503589664640437, 47.784606780429954], [6.500418162221001, 47.78224722283907], [6.4972469499940635, 47.77988756788809], [6.495816842652565, 47.776458060732494], [6.496127840196504, 47.77195870137228], [6.4980238557638526, 47.76863914756166], [6.501504889354612, 47.766499399300656], [6.506571032443016, 47.76553915515993], [6.5132222850290695, 47.76575841513947], [6.518287862690043, 47.764797832107966], [6.521767765425938, 47.76265740606539], [6.523661902295509, 47.75933743844803], [6.523970273298757, 47.754837929255885], [6.524278575859718, 47.75033840444608], [6.524586809978391, 47.74583886401862], [6.526479924729129, 47.742518724281595], [6.529957920111932, 47.74037798523502], [6.53343561797082, 47.73823712711075], [6.536913018305794, 47.7360961499088], [6.5403901211813285, 47.73395505366094], [6.54386692659742, 47.73181383836716], [6.547343434618539, 47.729672504059195], [6.550819645244688, 47.72753105073706], [6.554295558540334, 47.725389478432504], [6.557771174505479, 47.72324778714552], [6.561246493204594, 47.721105976907836], [6.5647215146376805, 47.718964047719446], [6.564873926186738, 47.71671416871511], [6.561703727851771, 47.71435633989483], [6.5585338188180184, 47.71199841364717], [6.55536419908548, 47.70964038997216], [6.5521948685741105, 47.707282268896634], [6.549025827283909, 47.704924050420594], [6.545857075134846, 47.70256573457086], [6.542688612126922, 47.700207321347435], [6.539520438180118, 47.69784881077713], [6.536352553294437, 47.69549020285994], [6.533184957389876, 47.693131497622694], [6.530017650466436, 47.69077269506538], [6.5268506324441296, 47.688413795214764], [6.523683903322955, 47.68605479807086], [6.520517463022943, 47.683695703660455], [6.517351311544094, 47.681336511983545], [6.515922392178375, 47.67790704221572], [6.516230704925786, 47.67340729435698], [6.514802332710184, 47.66997773035959], [6.5116372755315695, 47.66761835022356], [6.506735624067061, 47.666328853306126], [6.500097378316658, 47.66610923960728], [6.495196334187256, 47.66481944812092], [6.492032491678852, 47.66245947884704], [6.488868937591972, 47.66009941244036], [6.485705671926615, 47.6577392489009], [6.482542694602899, 47.65537898825534], [6.479380005620823, 47.653018630503695], [6.476217604900518, 47.650658175672646], [6.473055492441987, 47.64829762376221], [6.4698936681653745, 47.645936974799056], [6.466732132070679, 47.643576228783196], [6.463570884078065, 47.64121538574129], [6.460409924187529, 47.638854445673346], [6.457249252319247, 47.636493408606015], [6.4540888684732245, 47.6341322745393], [6.450928772569646, 47.63177104349984], [6.447768964608514, 47.62940971548765], [6.442872540637677, 47.62811725061766]]]}}, {"type": "Feature", "properties": {"band": "light", "dbz": 30.0, "source": "OPERA-ORD", "time": "20260907001000"}, "geometry": {"type": "Polygon", "coordinates": [[[15.700132908563567, 47.687661781269966], [15.693502332061021, 47.6880194509951], [15.688655119809546, 47.68941002346834], [15.685591271809146, 47.69183349868968], [15.684310935745874, 47.69529017490481], [15.68481411161973, 47.69978005211374], [15.68531739886934, 47.70426991158299], [15.685820797494706, 47.70875975331257], [15.687856936040877, 47.71203781312015], [15.691425814507856, 47.71410409100573], [15.696527284992069, 47.714958288525764], [15.703161347493518, 47.714600405680244], [15.708010389395788, 47.71320941943662], [15.711074410698876, 47.7107853297949], [15.71235355978449, 47.70732843516567], [15.711847836652627, 47.702838735548944], [15.71134222540394, 47.69834901815994], [15.710836726038426, 47.69385928299864], [15.708800031470462, 47.69058154816534], [15.705232141700048, 47.68851581366005], [15.700132908563567, 47.687661781269966]]]}}, {"type": "Feature", "properties": {"band": "light", "dbz": 30.0, "source": "OPERA-ORD", "time": "20260907001000"}, "geometry": {"type": "Polygon", "coordinates": [[[6.003799305536559, 47.630459276803634], [5.9971676797631615, 47.630208117033476], [5.99210532214082, 47.631144082525985], [5.988612232669535, 47.633267173281176], [5.985118847086868, 47.63539014347011], [5.981625165392818, 47.63751299309279], [5.976562049128779, 47.63844798092873], [5.969929498294752, 47.63819510697793], [5.964865824513405, 47.639129753611904], [5.96137102778474, 47.64125192083063], [5.959445003367138, 47.64456190852331], [5.959087751260601, 47.64905971668992], [5.958730420031257, 47.65355750865432], [5.958373009679108, 47.65805528441652], [5.956445947109334, 47.66136509381407], [5.952949232321934, 47.663486936846965], [5.947882970410125, 47.66442051343712], [5.941247161373905, 47.66416582358454], [5.934611413461825, 47.66391071744664], [5.927975726673883, 47.66365519502344], [5.921340101207205, 47.66339925632704], [5.914704537061791, 47.66314290135745], [5.909818436851763, 47.6618260919134], [5.9066818005771236, 47.65944882799488], [5.903545451469889, 47.657071468732155], [5.900409389530058, 47.65469401412521], [5.895524283316342, 47.65337630244555], [5.88889013282874, 47.65311833369314], [5.882256044211873, 47.65285994878616], [5.8756220174657425, 47.65260114772458], [5.870737905490164, 47.65128253411243], [5.867603708285137, 47.64890410794972], [5.8662193186417895, 47.64546616912988], [5.86658473656012, 47.64096871765293], [5.8652008849046116, 47.63753068836613], [5.862067763675263, 47.63515208126946], [5.858751718232342, 47.635022095242725], [5.855252748575848, 47.63714073028593], [5.853319971682603, 47.64044874774035], [5.852953387552607, 47.64494614760599], [5.851019982292437, 47.64825402297632], [5.847519755902093, 47.65037237385132], [5.8442031896952, 47.65024194593606], [5.84107028367176, 47.64786273923055], [5.839687705788866, 47.64442446183255], [5.8400554560465165, 47.63992711374207], [5.84042312492382, 47.635429749330484], [5.840790712420774, 47.6309323685978], [5.839408841428259, 47.62749398936404], [5.836277511946275, 47.62511461162921], [5.831396831901192, 47.62379393574915], [5.824766801293013, 47.623531961723856], [5.818136833412723, 47.62326957185136], [5.811506928260325, 47.623006766131674], [5.806441782810919, 47.62393381816507], [5.802941397064504, 47.62605072795156], [5.801005662273185, 47.629357795092844], [5.800634578436962, 47.63385501958892], [5.800263412451878, 47.638352227727964], [5.799892164317933, 47.64284941950998], [5.801272024296811, 47.64628820380709], [5.8044029923885105, 47.648668580619315], [5.807534247315149, 47.65104886240122], [5.810665789076727, 47.65342904915282], [5.812046354887022, 47.656867731902054], [5.8116759447460336, 47.661364910648906], [5.811305452557131, 47.66586207308988], [5.810934878320315, 47.67035921922498], [5.810564221983767, 47.67485634906723], [5.810193483547487, 47.67935346261664], [5.809822662959613, 47.683850559886245], [5.809451760220144, 47.68834764087605], [5.8108333704121025, 47.69178619935097], [5.813967493535487, 47.694166235310995], [5.817101904160346, 47.69654617614342], [5.820236602286679, 47.69892602184824], [5.823371587995746, 47.701305772399216], [5.826506861287549, 47.703685427796366], [5.831394828930228, 47.70500606027359], [5.838035490923785, 47.7052676698309], [5.844676215631906, 47.7055288627781], [5.851317003054591, 47.70578963911518], [5.857957852994231, 47.706049998829755], [5.864598765450823, 47.70630994192181], [5.871239740226729, 47.70656946837899], [5.877880777321948, 47.706828578201296], [5.882770515093814, 47.70814708408134], [5.885908953542325, 47.71052498601912], [5.889047679880297, 47.712902792585695], [5.89218669410773, 47.71528050378107], [5.897077428994599, 47.71659810659031], [5.903719884540906, 47.71685560101343], [5.910362401855111, 47.71711267868258], [5.9170049809372145, 47.71736933959777], [5.921896712696046, 47.718686039032136], [5.925037597131606, 47.7210627769857], [5.928178769690716, 47.72343941943289], [5.931320230373377, 47.72581596637372], [5.936212958760327, 47.7271317621292], [5.9428569548515675, 47.72738680669931], [5.94950101215827, 47.72764143439663], [5.956145130680435, 47.72789564522116], [5.961038855450857, 47.72921053699371], [5.964182186469537, 47.731586109714286], [5.967325805845503, 47.73396158679321], [5.970469713578755, 47.73633696823046], [5.9753644344872, 47.737650955716106], [5.982009968570838, 47.737903549250134], [5.987082962729575, 47.73696842692303], [5.9905834169634105, 47.7348455887348], [5.994083573640432, 47.73272262976808], [5.99758343276064, 47.73059955002287], [6.001082994386998, 47.72847634953127], [6.004582258519506, 47.72635302829326], [6.0080812252211295, 47.72422958634091], [6.01157989449187, 47.72210602367421], [6.0166510056850715, 47.721169238330425], [6.023294558800734, 47.721419230309564], [6.028365109826188, 47.720482103439636], [6.0318626587614315, 47.71835785772064], [6.035359910386471, 47.71623349139245], [6.038856864701304, 47.714109004455075], [6.04235352176894, 47.71198439694052], [6.045849881589379, 47.70985966884879], [6.049345944225629, 47.707734820211904], [6.052841709677691, 47.70560985102985], [6.056337178008574, 47.70348476133462], [6.059832349218281, 47.701359551126224], [6.060007023688989, 47.69911054889456], [6.056861201420698, 47.696737754639635], [6.0537156671688495, 47.6943648645268], [6.050570420933442, 47.69199187855605], [6.047425462633639, 47.68961879675382], [6.044280792269439, 47.68724561912008], [6.041136409760025, 47.68487234568124], [6.037992315105396, 47.6824989764373], [6.036595625491801, 47.67906328642332], [6.036946340919239, 47.67456527563931], [6.035550192379757, 47.67112949416864], [6.032407179873354, 47.66875594201131], [6.029264454933742, 47.66638229411318], [6.026122017560921, 47.664008550474236], [6.022979867674168, 47.66163471112085], [6.019838005273487, 47.659260776053], [6.014949450856967, 47.65794857007982], [6.008314204424611, 47.6576980932013], [6.003426259313482, 47.656385595863114], [6.00028561552358, 47.654011078065274], [6.000462238474478, 47.65176209439866], [6.003956128166173, 47.64963864486328], [6.00744972154267, 47.64751507478855], [6.010943018603969, 47.645391384174474], [6.012865881148534, 47.642080518507264], [6.0132183091763665, 47.63758247778692], [6.011824671998526, 47.63414630724225], [6.008684969615014, 47.63177200687323], [6.003799305536559, 47.630459276803634]]]}}, {"type": "Feature", "properties": {"band": "light", "dbz": 30.0, "source": "OPERA-ORD", "time": "20260907001000"}, "geometry": {"type": "Polygon", "coordinates": [[[5.402332449402917, 47.660135851947864], [5.395699645811808, 47.65984693273826], [5.389066911495686, 47.65955759760862], [5.382434246454548, 47.65926784655894], [5.377357454013627, 47.66017419997688], [5.37383653417292, 47.66227665786242], [5.3703153177592915, 47.664378993163695], [5.36679380477274, 47.666481205880686], [5.363271995152342, 47.668583295981094], [5.359749888898097, 47.670685263464904], [5.357783454742014, 47.673983834432356], [5.357372692684095, 47.67847900888345], [5.358723566724287, 47.68192322852689], [5.361836076862591, 47.68431649336267], [5.364948873359053, 47.68670966445795], [5.36806195621367, 47.68910274181272], [5.369413518101712, 47.69254686329575], [5.369003559023179, 47.69704202890706], [5.370355653774998, 47.70048606274033], [5.373469802357167, 47.702878964795545], [5.378346125146909, 47.70422043532051], [5.3849846221442235, 47.70451047431521], [5.391623188650399, 47.70480009698059], [5.398261824665436, 47.70508930331667], [5.404900529992516, 47.705378093309704], [5.4115393046316385, 47.7056664669597], [5.416619767734884, 47.704758748419806], [5.420141919302254, 47.70265493769001], [5.423663773740464, 47.700551004443675], [5.427185331049513, 47.6984469486808], [5.432265051162576, 47.697538246403994], [5.438902934079652, 47.69782489761326], [5.4439820996242485, 47.69691585048173], [5.447502547796363, 47.69481110500939], [5.447704272504304, 47.69256335622163], [5.444587273748072, 47.69017260411847], [5.441470561579415, 47.68778175802838], [5.438354135998335, 47.68539081795137], [5.438555771361707, 47.68314305257086], [5.442075467669531, 47.68103846188684], [5.445594867162529, 47.6789337488071], [5.4491139698407025, 47.67682891333163], [5.449315515915888, 47.67458113134555], [5.446199505388087, 47.672190402848855], [5.441324308811128, 47.67085179839694], [5.43468992618501, 47.670565317989805], [5.4280556122915895, 47.670278421539884], [5.421421367130865, 47.669991109047174], [5.416547177292188, 47.66865160707356], [5.4134330427755595, 47.66625991561905], [5.410319194437552, 47.663868130307016], [5.407205632278165, 47.66147625113745], [5.402332449402917, 47.660135851947864]]]}}, {"type": "Feature", "properties": {"band": "light", "dbz": 30.0, "source": "OPERA-ORD", "time": "20260907001000"}, "geometry": {"type": "Polygon", "coordinates": [[[5.325223360298293, 47.62967058094823], [5.318594885514921, 47.62937684601135], [5.311966481040648, 47.629082695482296], [5.305338146875474, 47.6287881293611], [5.298709883214945, 47.62849314766164], [5.29208169005906, 47.62819775038396], [5.287006352012207, 47.62909979251501], [5.283483869074387, 47.631199274054765], [5.28151411906898, 47.63449649405798], [5.281097101995987, 47.63899145252466], [5.282441908056683, 47.64243669959236], [5.285548537251065, 47.644832235261084], [5.288655452071334, 47.647227677477545], [5.2917626525174875, 47.64962302624173], [5.294870138671375, 47.6520182815279], [5.297977910532999, 47.65441344333609], [5.301085968184227, 47.65680851164053], [5.304194311625057, 47.65920348644123], [5.307302940937378, 47.661598367712436], [5.310411856121187, 47.663993155454165], [5.315282879365621, 47.66533753342017], [5.32191601067068, 47.66563150161045], [5.3269941018227085, 47.66472804674626], [5.330517152821708, 47.6626271688276], [5.332485042390217, 47.659329167247854], [5.332897770528236, 47.65483404200701], [5.333310407346344, 47.650338900016294], [5.33372295284454, 47.6458437412757], [5.33413540708039, 47.64134856577247], [5.334547770053893, 47.63685337350662], [5.333199863077978, 47.633408695134435], [5.330091686152645, 47.63101453065592], [5.325223360298293, 47.62967058094823]]]}}, {"type": "Feature", "properties": {"band": "light", "dbz": 30.0, "source": "OPERA-ORD", "time": "20260907001000"}, "geometry": {"type": "Polygon", "coordinates": [[[18.642441409918902, 47.142771635615766], [18.635902109422652, 47.14331284407062], [18.62936268362637, 47.143853644844086], [18.622823132530055, 47.14439403793617], [18.618105803853897, 47.14591705693461], [18.615210697597895, 47.148422701839394], [18.612315323098038, 47.15092826539284], [18.609419680354325, 47.153433747594946], [18.606523769282717, 47.155939148423926], [18.603627589883217, 47.15844446787981], [18.60255399320817, 47.16193289456572], [18.603302979257567, 47.16640442848167], [18.6055006110374, 47.16962325017428], [18.609146888547667, 47.17158935964356], [18.614241595450387, 47.172302467907855], [18.62078473174556, 47.171762574967175], [18.62550417312125, 47.170239679871024], [18.628399919577447, 47.16773378261938], [18.631295397619454, 47.16522780404497], [18.63419060724726, 47.16272174414778], [18.638908973395324, 47.16119800460206], [18.645450496063646, 47.16065658540782], [18.650168253242885, 47.15913258702351], [18.653062244933047, 47.156626009449106], [18.65413268839654, 47.15313714148142], [18.653379583633367, 47.14866598312045], [18.651180038480593, 47.14544806080206], [18.647534052938216, 47.14348337452625], [18.642441409918902, 47.142771635615766]]]}}, {"type": "Feature", "properties": {"band": "light", "dbz": 30.0, "source": "OPERA-ORD", "time": "20260907001000"}, "geometry": {"type": "Polygon", "coordinates": [[[5.292054770415788, 47.17789575413609], [5.29513484823588, 47.18029163400707], [5.298215205252314, 47.18268742105866], [5.3012958414650875, 47.18508311529086], [5.306121930515113, 47.18642806488076], [5.312693472402389, 47.18672226982835], [5.31926508289459, 47.18701606317825], [5.325836761991718, 47.187309444930435], [5.330663836653805, 47.18865350720404], [5.333746306880851, 47.19104824999907], [5.336829056537539, 47.1934428998445], [5.339912085623871, 47.19583745674034], [5.342995394219105, 47.19823192066146], [5.346078982323242, 47.20062629160786], [5.34587573492341, 47.20287464476], [5.342385652019608, 47.20497698011789], [5.338895279070504, 47.20707919386073], [5.335404616076098, 47.20918128598852], [5.335201279528436, 47.211429621725046], [5.338285269427518, 47.21382420107032], [5.341369539078127, 47.21621868742039], [5.3444540884802665, 47.218613080775256], [5.345793177898857, 47.22205860140794], [5.345386807333899, 47.226555249318416], [5.346726417173495, 47.23000068254197], [5.349812007417646, 47.23239490107861], [5.352897877693621, 47.234789026559426], [5.35598402800142, 47.237183058984435], [5.357324310204147, 47.240628393013196], [5.356918724301799, 47.2451250286457], [5.358259527545384, 47.24857027519705], [5.361346719934902, 47.25096413266726], [5.366180419333407, 47.252306304901616], [5.3727606257409, 47.25259679190013], [5.3793409001239025, 47.25288686667402], [5.385921242482412, 47.253176529223275], [5.392501652626158, 47.25346577953449], [5.399082130555141, 47.253754617607655], [5.405662676079061, 47.2540430434294], [5.4122432891979155, 47.25433105699973], [5.418823969721375, 47.254618658305304], [5.425404717649441, 47.25490584734613], [5.431985532791746, 47.2551926241089], [5.438566415148291, 47.2554789885936], [5.445147364528686, 47.255764940787], [5.451728380932931, 47.2560504806891], [5.456763313755362, 47.25514021558983], [5.46025216299598, 47.25303414548923], [5.462194813234293, 47.249732566685914], [5.462591264470299, 47.24523547917989], [5.462987628722738, 47.240738374425646], [5.463383905991612, 47.23624125242318], [5.463780096331198, 47.231744113159614], [5.464176199741496, 47.22724695663494], [5.464572216276736, 47.22274978283628], [5.464968145936919, 47.21825259176364], [5.465363988776229, 47.213755383404106], [5.4657597447946635, 47.20925815775769], [5.467700113295333, 47.2059562756916], [5.471185094278237, 47.203849737205836], [5.4744725638975265, 47.20399173546782], [5.477562522153203, 47.206382270477555], [5.480652760366855, 47.20877271208683], [5.483743278538481, 47.21116306029562], [5.486834076747199, 47.213553315078684], [5.48992515499301, 47.21594347643602], [5.493016513355049, 47.218333544342336], [5.496108151833315, 47.22072351879765], [5.500942461541753, 47.2220595160039], [5.507519442480359, 47.2223415359611], [5.514096489313997, 47.22262314388162], [5.520673602042663, 47.22290433976547], [5.525704006799959, 47.22199071303119], [5.529187703585883, 47.219882263678784], [5.531124578919508, 47.2165792878244], [5.531514632800835, 47.21208178546805], [5.531904601155377, 47.20758426587497], [5.532294483983131, 47.203086729045154], [5.534230327967968, 47.19978357022692], [5.537712133109888, 47.19767478942027], [5.541193648342239, 47.19556588764246], [5.544674873665022, 47.19345686489351], [5.548155809137748, 47.191347721204814], [5.551636454760419, 47.189238456576376], [5.5551168105925495, 47.18712907103962], [5.558596876634141, 47.18501956459453], [5.558790750231051, 47.1827707119802], [5.555698431383277, 47.180382513196605], [5.552606392268824, 47.17799422082885], [5.549514632887689, 47.17560583487694], [5.548162783930064, 47.172162777041194], [5.548550845395943, 47.16766504732161], [5.547199518076467, 47.16422190095533], [5.544108801971634, 47.161833337942355], [5.541018365321184, 47.15944468140623], [5.53792820812512, 47.157055931346946], [5.534838330304691, 47.15466708778977], [5.531748731859898, 47.15227815073467], [5.5269199325658445, 47.150943304372475], [5.520351932422531, 47.15066254870317], [5.513783997823254, 47.15038138163622], [5.507216128768016, 47.15009980317165], [5.500648325445856, 47.149817813322414], [5.494080587856774, 47.14953541208852], [5.4892531502944415, 47.14819907375916], [5.486166012758858, 47.14580879833434], [5.483079154332241, 47.14341842958194], [5.479992575014593, 47.141027967501955], [5.475166116842055, 47.13969074089062], [5.468599779814626, 47.139406749747934], [5.462033509043017, 47.139122347339374], [5.455467304527228, 47.13883753366496], [5.450641825962121, 47.13749941906882], [5.447557073347698, 47.13510800355093], [5.446212931759437, 47.131663582479725], [5.446609401197335, 47.12716615585518], [5.447005783860708, 47.12266871178945], [5.447402079749552, 47.11817125028253], [5.446058611035674, 47.11472672905171], [5.442975377719076, 47.11233514809699], [5.439892422960499, 47.10994347399062], [5.436809746759946, 47.10755170673261], [5.437008048224911, 47.10530296374538], [5.440487327355395, 47.103197245028916], [5.44396631789513, 47.10109140525326], [5.447445019844112, 47.09898544441839], [5.449382258763171, 47.09568368084659], [5.449778034652303, 47.09118611453788], [5.448435026373634, 47.08774155652868], [5.445353233927166, 47.085350006819], [5.442271719677008, 47.08295836398859], [5.439190483623161, 47.08056662803743], [5.43784814676752, 47.077121969788905], [5.438244709110082, 47.072624389243], [5.436902890084458, 47.06917964310129], [5.433822689690647, 47.06678773136379], [5.430544006740487, 47.06664450642357], [5.427066841233978, 47.06874996828065], [5.423589387586861, 47.07085530909958], [5.420111645799136, 47.072960528880344], [5.415093908840579, 47.07386928386249], [5.408536176711191, 47.07358157404603], [5.40371788164104, 47.072241282417565], [5.4006390236301245, 47.06984840897711], [5.40083867667217, 47.0675996799711], [5.4043168407671764, 47.065495095399555], [5.407794716795829, 47.063390389742], [5.411272304758127, 47.061285562998435], [5.4147496047127035, 47.059180615200134], [5.4182266166595605, 47.0570755463471], [5.4217033406573325, 47.0549703564706], [5.4251797767060195, 47.05286504557061], [5.427116581483066, 47.04956357513645], [5.427513754988471, 47.045065945168126], [5.426173275960244, 47.04162099862713], [5.423095144398385, 47.03922873551348], [5.4200172903584924, 47.03683637940996], [5.416939713840568, 47.03444393031657], [5.413862414766327, 47.03205138825828], [5.410785393135769, 47.029658753235076], [5.40750910571664, 47.02951481940501], [5.404033552508938, 47.03161958676806], [5.4005577116761705, 47.03372423310579], [5.397081583218337, 47.03582875841819], [5.39206704928648, 47.03673645773778], [5.385514109880601, 47.03644733106457], [5.37896123755811, 47.03615779409145], [5.372408432319006, 47.0358678468184], [5.365855694350514, 47.03557748925869], [5.359303023652631, 47.03528672141232], [5.352750420412547, 47.03499554329258], [5.3461978846302625, 47.034703954899484], [5.339645416492937, 47.03441195624635], [5.33309301600057, 47.03411954733319], [5.326540683340291, 47.033826728173366], [5.319988418512098, 47.03353349876688], [5.315176026944906, 47.032189131747586], [5.312103508638713, 47.02979362711548], [5.3090312674818545, 47.02739802983602], [5.30595930347433, 47.02500233990921], [5.300946173979361, 47.062027824759504], [5.293991878996949, 47.1384744843869], [5.292054770415788, 47.17789575413609]]]}}, {"type": "Feature", "properties": {"band": "light", "dbz": 30.0, "source": "OPERA-ORD", "time": "20260907001000"}, "geometry": {"type": "Polygon", "coordinates": [[[18.48195253485966, 46.89302389940796], [18.47544304621695, 46.89355477308089], [18.468933436229754, 46.89408524106422], [18.46242370489808, 46.89461530335791], [18.457723925159854, 46.89613113770686], [18.454834097015073, 46.89863274411108], [18.45375443011092, 46.902120409789426], [18.45448492444739, 46.906594134741894], [18.456660882543822, 46.90981700530618], [18.460282304400216, 46.911789021482285], [18.465348980201075, 46.91250989593281], [18.47186090994639, 46.91197962865775], [18.478372718187366, 46.91144895554141], [18.484884404924006, 46.91091787658379], [18.489584616769175, 46.909401069424405], [18.49247335372288, 46.90689853406327], [18.493550826341277, 46.90341055775621], [18.492817034624366, 46.89893714050324], [18.490639423869688, 46.895714939550444], [18.487017994077238, 46.8937439548978], [18.48195253485966, 46.89302389940796]]]}}, {"type": "Feature", "properties": {"band": "light", "dbz": 30.0, "source": "OPERA-ORD", "time": "20260907001000"}, "geometry": {"type": "Polygon", "coordinates": [[[16.25470813097084, 46.98722409400674], [16.248170370749847, 46.9876158712623], [16.241632520250178, 46.988007239828086], [16.235094579471834, 46.988398199704086], [16.230326004105113, 46.989813567742566], [16.22732679415001, 46.992253343943524], [16.22432731119822, 46.994693032065996], [16.221327555249747, 46.997132632109995], [16.2165579670353, 46.99854713248739], [16.210018546554885, 46.998936533198176], [16.205248360319512, 47.000350759977195], [16.202247408329175, 47.00278981282445], [16.19924618313732, 47.00522877750683], [16.196244684743945, 47.00766765402433], [16.191473485711427, 47.00908101268989], [16.18493258603977, 47.009468853503506], [16.18016078875568, 47.01088193835797], [16.177158093859155, 47.01332026725329], [16.17592465609123, 47.01678413239718], [16.176460475451897, 47.02127353378963], [16.178498202887205, 47.02454373305926], [16.182037838397154, 47.026594730206064], [16.18707922711543, 47.0274262328992], [16.193622369042032, 47.02703824113868], [16.198395132423457, 47.0256247885587], [16.201397517259707, 47.02318587515926], [16.204399628660425, 47.02074687357885], [16.207401466625612, 47.01830778381748], [16.212173216256634, 47.0168934628296], [16.21871487755349, 47.01650391061522], [16.225256448759282, 47.01611394944131], [16.231797929874016, 47.015723579307874], [16.23656866559733, 47.01430839021493], [16.239568655929226, 47.011868382162476], [16.242568373074803, 47.00942828605471], [16.245567817034072, 47.00698810189163], [16.250337538693106, 47.00557204499645], [16.256877538051913, 47.00518011536915], [16.26164666136983, 47.00376378509844], [16.264644908646858, 47.001323054184326], [16.265872436593547, 46.99785821465738], [16.265329245209898, 46.99336926651761], [16.26328748990889, 46.990100645680535], [16.25974717069052, 46.98805235214615], [16.25470813097084, 46.98722409400674]]]}}, {"type": "Feature", "properties": {"band": "echo", "dbz": 35.0, "source": "OPERA-ORD", "time": "20260907001000"}, "geometry": {"type": "Polygon", "coordinates": [[[10.533820745824809, 56.06774728566362], [10.5257936556452, 56.067781338357534], [10.517766552406348, 56.067814875130004], [10.509739436108248, 56.06784789598104], [10.50373350566185, 56.06899516303769], [10.499748761067156, 56.07125667629997], [10.4977852236594, 56.07463282173316], [10.497842893438584, 56.07912359933726], [10.497900578950764, 56.08361437564997], [10.49795828019594, 56.088105150671296], [10.500009741333596, 56.091465163457244], [10.504054962363735, 56.09369441400784], [10.508070852324282, 56.09367815103075], [10.512057411215237, 56.09141637452598], [10.516043505547263, 56.08915447077472], [10.520029135320359, 56.08689243977697], [10.524014300676983, 56.08463028158047], [10.52799900161714, 56.08236799618522], [10.531983238283264, 56.080105583638925], [10.535967010675355, 56.077843043941584], [10.539950318935833, 56.07558037714089], [10.543933163064699, 56.07331758323686], [10.5439020115755, 56.071072204542794], [10.539856864468241, 56.068844241058706], [10.533820745824809, 56.06774728566362]]]}}, {"type": "Feature", "properties": {"band": "echo", "dbz": 35.0, "source": "OPERA-ORD", "time": "20260907001000"}, "geometry": {"type": "Polygon", "coordinates": [[[10.406838998787467, 56.015456576847896], [10.402854100489254, 56.017715004791654], [10.398868739436047, 56.019973305251746], [10.394882915627846, 56.022231478228164], [10.390896628923569, 56.02448952367324], [10.386909879323213, 56.02674744158697], [10.382922666685673, 56.02900523192168], [10.378934991010949, 56.03126289467736], [10.372931209983228, 56.03240358081911], [10.364911323602511, 56.03242729034692], [10.358906610979611, 56.03356759265439], [10.354917072114532, 56.03582448774156], [10.350927069900075, 56.03808125508763], [10.346936604336241, 56.04033789469264], [10.342945675281939, 56.04259440650878], [10.338954282737165, 56.044850790536074], [10.338974243597908, 56.047096217192646], [10.34300555786417, 56.049330686478484], [10.349033023408847, 56.050436575908165], [10.357056640231937, 56.050413885481674], [10.363063671337668, 56.04927396334412], [10.36705411672604, 56.04701680949549], [10.371044098542553, 56.04475952794352], [10.375033616787206, 56.042502118688205], [10.381039237524256, 56.04136104069187], [10.389060960753701, 56.04133629395454], [10.397082674162295, 56.0413110316769], [10.405104377750039, 56.04128525385896], [10.411108587359724, 56.04014302045618], [10.41509530299135, 56.03788433146856], [10.417064542117135, 56.03450957253452], [10.417016304737079, 56.030018743654026], [10.41696808048972, 56.02552791340764], [10.416919869375064, 56.02103708179537], [10.414879684847444, 56.01767559021093], [10.410847526906863, 56.015443438654316], [10.406838998787467, 56.015456576847896]]]}}, {"type": "Feature", "properties": {"band": "echo", "dbz": 35.0, "source": "OPERA-ORD", "time": "20260907001000"}, "geometry": {"type": "Polygon", "coordinates": [[[10.581309934001233, 56.02262473688416], [10.573292209233216, 56.02266183711508], [10.567295136879729, 56.02381215854059], [10.563318716940774, 56.02607570116072], [10.559341834306228, 56.02833911693419], [10.555364488976085, 56.030602405861], [10.551386680808449, 56.03286556789365], [10.547408409803317, 56.03512860303215], [10.545450830413714, 56.03850550172559], [10.545513942639637, 56.04299626397399], [10.5475671183623, 56.04635550409519], [10.551610357581703, 56.04858322208921], [10.557643636969557, 56.04967903223777], [10.565666956525865, 56.049642934540856], [10.573690261841342, 56.0496063211975], [10.581713552915987, 56.04956919220768], [10.587713838717615, 56.048418469140756], [10.591691119246228, 56.046154151996745], [10.593645419469127, 56.04277662648428], [10.593576739386315, 56.0382858926034], [10.593508078005767, 56.03379515734494], [10.593439435327484, 56.0293044207089], [10.591383534587568, 56.02594583598534], [10.587340375786017, 56.02371940317425], [10.581309934001233, 56.02262473688416]]]}}, {"type": "Feature", "properties": {"band": "echo", "dbz": 35.0, "source": "OPERA-ORD", "time": "20260907001000"}, "geometry": {"type": "Polygon", "coordinates": [[[10.420272801045689, 55.96039708740305], [10.412267782354757, 55.96042383412265], [10.404262753517731, 55.96045006649954], [10.396257714534617, 55.96047578453371], [10.388252665803238, 55.96050098822314], [10.380247607323595, 55.96052567756781], [10.372242539493524, 55.96054985256578], [10.364237462313021, 55.96057351321704], [10.356232376179932, 55.96059665951974], [10.348227281094257, 55.96061929147387], [10.340222177453839, 55.96064140907764], [10.332217065258682, 55.960663012331054], [10.326222465558205, 55.961801743732686], [10.322238378352406, 55.96405760328252], [10.320264817344269, 55.96743097565493], [10.320301782533795, 55.9719218608499], [10.318327302986072, 55.9752951061669], [10.3143413787011, 55.97755071160592], [10.3103549926289, 55.979806189325515], [10.306368144769475, 55.982061539325684], [10.302380834982632, 55.98431676155877], [10.298393063268367, 55.98657185602478], [10.294404829486473, 55.98882682267605], [10.290416133636947, 55.99108166151259], [10.29043325335975, 55.99332710436873], [10.294456188654877, 55.99556315124446], [10.298479587235658, 55.99779906781937], [10.302503449102089, 56.00003485409347], [10.306527774391807, 56.00227051001834], [10.310552563104814, 56.004506035594005], [10.316572145918474, 56.00561349783655], [10.324586522832792, 56.00559289674595], [10.330587579317744, 56.00445453552541], [10.33457531537333, 56.00219841417493], [10.33856258905757, 55.99994216513241], [10.342549400370464, 55.997685788397874], [10.348549051870224, 55.99654627237872], [10.356561543556849, 55.99652361707495], [10.364574026261339, 55.996500446891986], [10.372586499983694, 55.99647676182983], [10.378584745740593, 55.99533609146274], [10.38256876353204, 55.99307843579071], [10.38655231929302, 55.99082065265478], [10.390535413023535, 55.98856274205498], [10.394541172944932, 55.98855012883541], [10.398569599057208, 55.990782812996095], [10.402598488475562, 55.993015366439856], [10.406627841199995, 55.99524778916669], [10.412648725082082, 55.99635061337303], [10.420661140121823, 55.996323839058874], [10.426657953275734, 55.99518085683452], [10.430639164543813, 55.99292166669998], [10.434619913872336, 55.99066234930083], [10.438600201261306, 55.98840290463708], [10.44258002685159, 55.98614333275624], [10.446559390643191, 55.983883633658316], [10.448523183418866, 55.980508368424765], [10.448471405178616, 55.97601753705558], [10.44643086956773, 55.97265655155036], [10.442401576586205, 55.970425411909076], [10.438372746335371, 55.968194141461666], [10.434344378815227, 55.965962740208106], [10.430316473889157, 55.963731208196805], [10.426289031557156, 55.96149954542777], [10.420272801045689, 55.96039708740305]]]}}, {"type": "Feature", "properties": {"band": "echo", "dbz": 35.0, "source": "OPERA-ORD", "time": "20260907001000"}, "geometry": {"type": "Polygon", "coordinates": [[[10.228097295434075, 55.95191521706564], [10.220093932485312, 55.9519296156179], [10.214097409449248, 55.95306295192246], [10.210107726325882, 55.95531522597932], [10.20611758185579, 55.95756737195816], [10.20212697603897, 55.95981938985898], [10.198135908735974, 55.96207127963411], [10.194144379946803, 55.964323041283556], [10.192159705276971, 55.96769438167812], [10.192181884726477, 55.97218530081781], [10.19420075269882, 55.97555033751202], [10.198216309193993, 55.97778949176074], [10.202232328329616, 55.98002851616709], [10.206248810105688, 55.98226741073108], [10.210265754660073, 55.98450617540449], [10.214283161992775, 55.98674481018734], [10.21828808018751, 55.98673786176134], [10.222280509244277, 55.98448533012649], [10.226272476229594, 55.98223267039267], [10.230263981143459, 55.97997988255987], [10.236264180900774, 55.978845769174015], [10.24427307550154, 55.978830330235105], [10.250272348043627, 55.97769583251362], [10.254261998527031, 55.97544227600956], [10.256242037566995, 55.97207004561314], [10.256212465163518, 55.967579141324336], [10.254188991627707, 55.96421501319563], [10.250171616959562, 55.96197766122701], [10.246154704500185, 55.95974017927743], [10.242138254249571, 55.95750256734691], [10.238122266070313, 55.95526482548361], [10.234106739962408, 55.95302695368754], [10.228097295434075, 55.95191521706564]]]}}, {"type": "Feature", "properties": {"band": "echo", "dbz": 35.0, "source": "OPERA-ORD", "time": "20260907001000"}, "geometry": {"type": "Polygon", "coordinates": [[[12.996253807874817, 55.89920816333216], [12.992432986129492, 55.90154748050023], [12.988611710879201, 55.90388668115533], [12.984789982123944, 55.906225765297464], [12.980967799713598, 55.90856473288238], [12.977145163648164, 55.91090358391009], [12.97731693090722, 55.9131467573099], [12.981483101490772, 55.91529425308181], [12.98756097006927, 55.916271927113904], [12.995550536642712, 55.916079779406175], [13.001456100505939, 55.91481390850578], [13.00527766165895, 55.91247431441273], [13.007015346145423, 55.90906137965612], [13.006669153965357, 55.90457510423596], [13.004413098093364, 55.901258601081445], [13.000247178529442, 55.89911187019257], [12.996253807874817, 55.89920816333216]]]}}, {"type": "Feature", "properties": {"band": "echo", "dbz": 35.0, "source": "OPERA-ORD", "time": "20260907001000"}, "geometry": {"type": "Polygon", "coordinates": [[[10.421411178339167, 55.88067765852302], [10.41744086321757, 55.88293656843038], [10.415479615475736, 55.88631146138185], [10.415527435113663, 55.89080233737743], [10.417561331848125, 55.89416375495982], [10.421581305679123, 55.896395714129014], [10.425601740212098, 55.898627542802316], [10.429622635447053, 55.90085924097973], [10.433643991519844, 55.903090808613044], [10.437665808430468, 55.905322245702294], [10.441662309482382, 55.90530812447676], [10.44563349467558, 55.90304844493647], [10.44759332442548, 55.89967317587529], [10.447541798732079, 55.89518231729322], [10.445505600458304, 55.891821294814775], [10.441484729604152, 55.88959010843996], [10.437464319223514, 55.88735879153376], [10.433444369316383, 55.88512734409617], [10.429424879747106, 55.882895766175366], [10.425405850515677, 55.88066405777135], [10.421411178339167, 55.88067765852302]]]}}, {"type": "Feature", "properties": {"band": "echo", "dbz": 35.0, "source": "OPERA-ORD", "time": "20260907001000"}, "geometry": {"type": "Polygon", "coordinates": [[[12.3727372124929, 55.64306833382837], [12.368904116869274, 55.64538849538187], [12.365070573015597, 55.64770853862924], [12.361236580931866, 55.650028463570465], [12.357402140473578, 55.65234827016125], [12.353567251640733, 55.6546679584016], [12.351784060662391, 55.65807189956806], [12.352052567538554, 55.6625600936606], [12.354239423643048, 55.66588842436258], [12.358344628975873, 55.66805689167397], [12.362315059659927, 55.66798114621339], [12.366150715695213, 55.665661187980845], [12.36998592301966, 55.663341111394935], [12.373820681633266, 55.66102091645566], [12.377654991680743, 55.658700603207336], [12.38148885316209, 55.65638017164996], [12.383269794210001, 55.65297589485979], [12.382997814824478, 55.64848777283686], [12.380809808924965, 55.64515984713194], [12.376705776511464, 55.64299211774505], [12.3727372124929, 55.64306833382837]]]}}, {"type": "Feature", "properties": {"band": "echo", "dbz": 35.0, "source": "OPERA-ORD", "time": "20260907001000"}, "geometry": {"type": "Polygon", "coordinates": [[[12.575245766028866, 55.610930178395655], [12.567316460169701, 55.611095192021665], [12.561442276943541, 55.61234068627487], [12.557623216350382, 55.61466666115528], [12.553803708841764, 55.616992518578186], [12.549983754417687, 55.619318258543586], [12.546163352933323, 55.62164388100753], [12.542342504388678, 55.62396938597], [12.542487790167518, 55.6262132423277], [12.546599210269843, 55.628375450080625], [12.550711085818357, 55.630537519483944], [12.554823416813056, 55.63269945053766], [12.558936203376465, 55.634861243192255], [12.563049445508582, 55.63702289744774], [12.567163143331936, 55.63918441325456], [12.571277296846525, 55.64134579061272], [12.575391906174877, 55.643507029472666], [12.579506971316992, 55.64566812983439], [12.583474751832686, 55.645585294935046], [12.587295247721952, 55.64325852477462], [12.591115296079089, 55.64093163721711], [12.594934896904096, 55.6386046322625], [12.598754050342215, 55.636277509954766], [12.602572756393453, 55.63395027029392], [12.604333625241233, 55.63054286921513], [12.604036656885558, 55.62605530671839], [12.601831238068725, 55.622731342803974], [12.597717368790736, 55.62057097747186], [12.59360395471336, 55.61841047363202], [12.589490995836599, 55.61624983128445], [12.585378492038275, 55.614089050478654], [12.581266443318391, 55.611928131214654], [12.575245766028866, 55.610930178395655]]]}}, {"type": "Feature", "properties": {"band": "echo", "dbz": 35.0, "source": "OPERA-ORD", "time": "20260907001000"}, "geometry": {"type": "Polygon", "coordinates": [[[12.790248873754068, 55.507387819719156], [12.78234115281807, 55.50756657185395], [12.776489000947475, 55.50882223539473], [12.772692418142286, 55.51115481034151], [12.772850215146464, 55.51339837739866], [12.776962391960009, 55.51555293656621], [12.781075021277587, 55.517707356841264], [12.7851881030992, 55.51986163822383], [12.789301637545021, 55.52201578066453], [12.79341562461505, 55.52416978416335], [12.799428203473248, 55.525156857231934], [12.807339374119612, 55.524976999870276], [12.813192654681142, 55.52372016357519], [12.816988045157835, 55.52138634834667], [12.816828370755719, 55.51914282997927], [12.812713631474793, 55.51698960847301], [12.808599344693155, 55.51483624794669], [12.804485510410807, 55.51268274840032], [12.80037212850774, 55.5105291098833], [12.79625919898396, 55.50837533239561], [12.790248873754068, 55.507387819719156]]]}}, {"type": "Feature", "properties": {"band": "echo", "dbz": 35.0, "source": "OPERA-ORD", "time": "20260907001000"}, "geometry": {"type": "Polygon", "coordinates": [[[10.997424771633952, 55.284513918350925], [10.993546646645566, 55.286791199406814], [10.991663487790245, 55.290175204109964], [10.991775295067988, 55.29466593246038], [10.993827051799816, 55.298018012243986], [10.997818757985726, 55.30023144346076], [11.001810909455479, 55.3024447437983], [11.00580350620907, 55.3046579132566], [11.00585989844513, 55.30690326946758], [11.001980086163659, 55.30918081243125], [10.998043868170427, 55.30921287363893], [10.994051244465437, 55.30699945309061], [10.990059066155604, 55.304785901679544], [10.98606733324093, 55.30257221940573], [10.980135657288796, 55.30149667832936], [10.972264038299205, 55.301559278450405], [10.966387398291326, 55.30272872759615], [10.96250573726516, 55.30500502576659], [10.960619094240652, 55.30838854956558], [10.960727469217804, 55.312879298993124], [10.960835873131376, 55.31737004582752], [10.960944305981366, 55.321860790068776], [10.961052767790408, 55.32635153173098], [10.961161258558501, 55.330842270814124], [10.963212327740026, 55.33419484781001], [10.967205975334975, 55.33640926271864], [10.971144905413034, 55.33637818761809], [10.975029117974204, 55.33410162250836], [10.978912887519513, 55.33182493441107], [10.982796214048967, 55.3295481233262], [10.988676327815218, 55.328377888918894], [10.99655322881826, 55.328314231189154], [11.002489355435115, 55.32938897097368], [11.006484707665775, 55.33160210827248], [11.00654119030105, 55.33384745669245], [11.002658803340937, 55.33612501623362], [10.996778270268292, 55.33729563289956], [10.988899591083115, 55.33735930669026], [10.983018158404208, 55.33852955181264], [10.979133972231569, 55.340806368266705], [10.977247072347328, 55.34419013307361], [10.977357458751486, 55.34868084623335], [10.979410828065587, 55.35203314322809], [10.983407180289632, 55.35424702405783], [10.987347866219043, 55.354215427827725], [10.991232885853819, 55.35193835453779], [10.995117462034129, 55.34966115827182], [10.999001594759976, 55.34738383902982], [11.004883866389545, 55.346212829107415], [11.012764276922839, 55.34614812850464], [11.018645648318797, 55.34497674708106], [11.022527980577419, 55.34269868483669], [11.02441131502794, 55.339314318868645], [11.024295651670363, 55.33482364917691], [11.026178113891715, 55.331439163255595], [11.030058701691999, 55.329160861104704], [11.035937373408157, 55.32798836583025], [11.043814129040188, 55.32792167743223], [11.049691901203557, 55.32674881109156], [11.053570689898264, 55.32446976680826], [11.055450537662118, 55.32108492145272], [11.055331444495122, 55.31659427502497], [11.055212383108012, 55.31210362597717], [11.055093353500789, 55.30761297430935], [11.053036245743897, 55.30426183333624], [11.049041059837338, 55.302050203057846], [11.043107753319637, 55.300977706907574], [11.035236326190796, 55.301044344885426], [11.029303896315255, 55.29997146113793], [11.025310463693012, 55.29775905566508], [11.021317476258274, 55.29554651923306], [11.017324934011036, 55.29333385184188], [11.013332836825027, 55.2911210535385], [11.009341184700245, 55.288908124322916], [11.005349977510427, 55.28669506424209], [11.001359215255572, 55.284481873296016], [10.997424771633952, 55.284513918350925]]]}}, {"type": "Feature", "properties": {"band": "echo", "dbz": 35.0, "source": "OPERA-ORD", "time": "20260907001000"}, "geometry": {"type": "Polygon", "coordinates": [[[10.775816554697329, 55.320923891456495], [10.767940842340645, 55.32097339249943], [10.76006511177656, 55.321022388489084], [10.752189363005076, 55.32107087942545], [10.74630343595874, 55.32222979212247], [10.742407330637553, 55.32449912658014], [10.740501077202104, 55.32787925969795], [10.7405846756524, 55.3323701914759], [10.74261721588542, 55.33572645000646], [10.746598697901163, 55.337948035289635], [10.752529091508565, 55.33903457022776], [10.760408396707625, 55.33898605482084], [10.768287683669794, 55.338937034105854], [10.776166952395075, 55.33888750808277], [10.782054154812698, 55.337727451350304], [10.785949290922662, 55.33545686390845], [10.787852392454264, 55.332076122842544], [10.787763459407499, 55.327585228152614], [10.785727847382006, 55.324229620839496], [10.781745556377784, 55.32200930090318], [10.775816554697329, 55.320923891456495]]]}}, {"type": "Feature", "properties": {"band": "echo", "dbz": 35.0, "source": "OPERA-ORD", "time": "20260907001000"}, "geometry": {"type": "Polygon", "coordinates": [[[10.898784404448248, 55.185337979882554], [10.890935558798267, 55.18539534458667], [10.883086692195004, 55.18545220617133], [10.875237804638454, 55.18550856463656], [10.869375382627691, 55.18667337269677], [10.86549942616271, 55.18894663035194], [10.861623030206175, 55.19121976499329], [10.857746194758086, 55.19349277662082], [10.853868919685269, 55.19576566518981], [10.849991204987727, 55.19803843070028], [10.846113050532265, 55.2003110731075], [10.842234456318883, 55.20258359241146], [10.838308639039335, 55.20261052396925], [10.83433559869362, 55.20039186778087], [10.830363000743548, 55.19817308172496], [10.826390845189113, 55.19595416580151], [10.822465008229626, 55.19598059403589], [10.818585489865086, 55.19825236642811], [10.814705531677628, 55.20052401559054], [10.810825133667256, 55.20279554152317], [10.80495862771116, 55.20395698095592], [10.797106013809344, 55.20400833388876], [10.789253381147766, 55.20405918342521], [10.781400729726428, 55.20410952956526], [10.775532863803143, 55.20526984525416], [10.77164978337791, 55.20754013049191], [10.769751519563783, 55.21092076079261], [10.769838072360763, 55.21541173615627], [10.76793893832025, 55.218792244743405], [10.764054117442244, 55.221062286554], [10.760168856043702, 55.223332204847345], [10.756283154124624, 55.225601999623436], [10.756326023272493, 55.22784748634413], [10.760297463487312, 55.23006866500943], [10.764269346846827, 55.232289713986965], [10.768241673351035, 55.23451063327673], [10.772214443126689, 55.23673142283218], [10.77618765617379, 55.23895208265333], [10.780117082664843, 55.23892713935048], [10.784002722599851, 55.236656592923644], [10.787887921710645, 55.234385923035006], [10.791772679997226, 55.23211512968457], [10.797644015562, 55.23095403717693], [10.805501928404965, 55.23090264551206], [10.81141834599152, 55.23198664406185], [10.815393268321662, 55.23420603282627], [10.817426728107165, 55.23756118762322], [10.817518725348025, 55.24205210845271], [10.819553082986468, 55.24540712867642], [10.823529801022495, 55.247626248294345], [10.82944884633887, 55.24870909129549], [10.837310218935592, 55.24865565767985], [10.84517157157848, 55.2486017200467], [10.85303290426753, 55.24854727839607], [10.858953238143322, 55.249628976513655], [10.862932573205848, 55.25184681439945], [10.864970944118458, 55.25520116806514], [10.865068350881149, 55.259692037510725], [10.867107621343498, 55.26304625616791], [10.871088755505504, 55.265263824036715], [10.875020718849084, 55.265235836631305], [10.87890351137424, 55.26296229395169], [10.882785862566628, 55.260688628112106], [10.886667772426248, 55.258414839112554], [10.890599714858912, 55.258386347509855], [10.894581689864623, 55.260603153304004], [10.89662317805319, 55.26395697405179], [10.896724179424613, 55.268447809753205], [10.896825207730995, 55.27293864280749], [10.89692626297234, 55.277429473214646], [10.897027345169683, 55.28192030098877], [10.897128454323026, 55.28641112612986], [10.897229590453431, 55.290901948652035], [10.897330753560901, 55.29539276855528], [10.897431943666515, 55.2998835858537], [10.897533160770273, 55.3043744005473], [10.897634404893285, 55.30886521265019], [10.89773567603555, 55.31335602216235], [10.897836974218194, 55.31784682909791], [10.897938299441218, 55.322337633456854], [10.899983593698057, 55.32569127358675], [10.903972856988707, 55.32790774948761], [10.909906052771856, 55.32898668422554], [10.917783181047502, 55.32892807780054], [10.925660287346584, 55.32886896623588], [10.9335373716691, 55.32880934953156], [10.93941850187278, 55.32764175863065], [10.943303677957624, 55.32536619353315], [10.945192938001396, 55.321983031158126], [10.945086282004098, 55.31749227150557], [10.944979654469236, 55.31300150926411], [10.944873055396814, 55.30851074443375], [10.942825186341535, 55.30515775202564], [10.9388360473034, 55.30294253203979], [10.934847353487383, 55.30072718142859], [10.930859104893488, 55.298511700192044], [10.928812624942182, 55.29515856437263], [10.928707913633472, 55.290667773970334], [10.928603230247662, 55.28617698094102], [10.92849857478475, 55.281686185284684], [10.930386699455998, 55.27830314284937], [10.934267604261406, 55.27602785363506], [10.940141251542915, 55.27485994134224], [10.948007641300528, 55.27479940597093], [10.953880392780583, 55.27363112235858], [10.95775950598308, 55.271355090505196], [10.961638177785344, 55.26907893578337], [10.965516408187376, 55.26680265819307], [10.971387786862822, 55.26563325085433], [10.979252313811687, 55.26557071376713], [10.985122796878834, 55.264400935454894], [10.988999236064261, 55.26212391591763], [10.992875234152446, 55.25984677366499], [10.996750791143388, 55.257569508696996], [11.000625907171562, 55.255292121058375], [11.004500582236968, 55.25301461074915], [11.004444370164912, 55.250769238575934], [11.00045727095539, 55.24855600453874], [10.994533251361137, 55.24748114430906], [10.98667231138215, 55.24754465788689], [10.978811348095405, 55.2476076674869], [10.970950361500899, 55.2476701731091], [10.965081609309657, 55.248839559625395], [10.961205091521677, 55.25111582703579], [10.95732813280318, 55.253391971629846], [10.953450733154167, 55.255667993407556], [10.947580609645128, 55.2568362567484], [10.939717762276068, 55.25689676165235], [10.93185489269916, 55.256956762437824], [10.923992000914406, 55.2570162591048], [10.918069147815652, 55.25593798561701], [10.914086333402894, 55.25372194197444], [10.91204359461956, 55.25036850425751], [10.91194093146565, 55.245877672466214], [10.9118382956548, 55.24138683798148], [10.911735687187011, 55.2368960008033], [10.91362314556632, 55.233513197861306], [10.917500670792727, 55.23123842915551], [10.921377755590752, 55.22896353753996], [10.92525439996039, 55.22668852301466], [10.927140589264942, 55.2233055991399], [10.927036323504401, 55.218814765915674], [10.926932085493, 55.214323929951654], [10.92682787523074, 55.20983309124784], [10.924786653439474, 55.20647975001411], [10.920808420119203, 55.20426390625049], [10.916830629401572, 55.20204793225726], [10.912853281286582, 55.19983182803442], [10.910813439391163, 55.196478343655194], [10.910711103715318, 55.19198747911958], [10.908672158726356, 55.18863385952146], [10.904696604424277, 55.18641748486082], [10.898784404448248, 55.185337979882554]]]}}, {"type": "Feature", "properties": {"band": "echo", "dbz": 35.0, "source": "OPERA-ORD", "time": "20260907001000"}, "geometry": {"type": "Polygon", "coordinates": [[[8.669267992281243, 55.1903889590538], [8.661418858690434, 55.19030340223617], [8.655494089195006, 55.19136163435045], [8.651493683794959, 55.19356365539663], [8.64941758846817, 55.19690984051706], [8.649265803214638, 55.20140018971174], [8.647188803848863, 55.20474623598424], [8.643186590370847, 55.206947979334565], [8.637259217227701, 55.20800504443049], [8.629406684419422, 55.20791743127201], [8.623556140502687, 55.206728957442955], [8.619707585477496, 55.20443962294331], [8.615859469247342, 55.20215016746636], [8.612011791812222, 55.19986059101208], [8.606162633974781, 55.19867100080742], [8.59831199573502, 55.198581396852376], [8.590461390721963, 55.19849128970753], [8.582610818935612, 55.19840067937288], [8.576682746846245, 55.19945509189112], [8.572677174453862, 55.20165452726222], [8.56867115890669, 55.203853830339284], [8.564664700204728, 55.206053001122314], [8.558735370717022, 55.207106263354575], [8.55088317044357, 55.20701361703608], [8.543031004536115, 55.20692046742218], [8.53517887299466, 55.20682681451285], [8.529248286920875, 55.20787892605097], [8.525239246314763, 55.21007680203652], [8.52515667554156, 55.21232188714261], [8.529000574601264, 55.21461418136925], [8.53284491259576, 55.216906354929336], [8.536689689525044, 55.21919840782289], [8.540534905524972, 55.22149034000576], [8.544380560595542, 55.22378215147798], [8.55023125329211, 55.224974403658145], [8.558086983614674, 55.22506709654624], [8.565942747987307, 55.225159285879236], [8.573798546410014, 55.22525097165711], [8.579730175723245, 55.22419698609613], [8.583737635927003, 55.22199732919629], [8.587744652514735, 55.219797540002965], [8.591751225486442, 55.21759761851615], [8.597681595341054, 55.216542482264465], [8.605535762078576, 55.2166321312479], [8.611387524948428, 55.21782175223787], [8.615236883950615, 55.22011134523436], [8.6190866822142, 55.22240081720344], [8.622936919739182, 55.224690168145116], [8.62879007019879, 55.22587867221617], [8.63664613359302, 55.2259663294166], [8.64250018121571, 55.22715446609981], [8.646352213066852, 55.2294430822658], [8.650204684488173, 55.23173157725255], [8.654057595479667, 55.234019951060056], [8.65991303008916, 55.23520697014631], [8.667770988316647, 55.2352926345113], [8.67562897801911, 55.235377795147954], [8.683486999196553, 55.23546245205626], [8.691345051477088, 55.235546605229835], [8.699203134860715, 55.23563025466868], [8.707061248975528, 55.23571340036651], [8.714919393821527, 55.235796042323315], [8.720848827110846, 55.23473522652418], [8.724849548843485, 55.232530952969086], [8.72884982682949, 55.23032654765734], [8.732849661068862, 55.22812201058893], [8.736778337075163, 55.228162570844844], [8.740635854848398, 55.2304482284251], [8.744493812414216, 55.23273376444573], [8.748352209772618, 55.23501917890676], [8.752280915568225, 55.235059235469514], [8.756279929801037, 55.232853934133985], [8.758349268224698, 55.229506044364385], [8.758488930839206, 55.2250155661607], [8.75662996965419, 55.221627748657525], [8.752772384669646, 55.21934259185486], [8.74691622599118, 55.21815972023805], [8.739061493618793, 55.218079133807095], [8.733206230669934, 55.21689589397974], [8.729350437144602, 55.21461000075599], [8.725495082908013, 55.21232398608663], [8.721640167960171, 55.210037849971656], [8.717785692166032, 55.20775159245535], [8.7139316555256, 55.205465213537735], [8.710078057903857, 55.20317871326307], [8.7062248993008, 55.20089209163135], [8.700372809302085, 55.19970699811551], [8.692521787907706, 55.199623432715526], [8.686670593087934, 55.198437971549076], [8.682819224842767, 55.196150614616165], [8.678968295309298, 55.19386313647793], [8.675117804487533, 55.19157553713438], [8.669267992281243, 55.1903889590538]]]}}, {"type": "Feature", "properties": {"band": "echo", "dbz": 35.0, "source": "OPERA-ORD", "time": "20260907001000"}, "geometry": {"type": "Polygon", "coordinates": [[[13.158340771123731, 55.15686563665292], [13.15050392191446, 55.15706778551038], [13.142666998603243, 55.15726943251791], [13.134830001190076, 55.157470577675504], [13.12903983689667, 55.158742820674135], [13.125296505723018, 55.161086161513815], [13.12360013283125, 55.16450097358074], [13.12395071822137, 55.16898725687493], [13.124301396757858, 55.17347353616585], [13.124652168440711, 55.177959811453526], [13.126875874901382, 55.181274380638726], [13.130972516139867, 55.18341724372145], [13.136941966769829, 55.18438802701723], [13.144784226791268, 55.18418673052605], [13.152626412531726, 55.18398493180914], [13.160468523991202, 55.18378263086652], [13.166261035265334, 55.182509187458116], [13.170003946354122, 55.18016460158395], [13.171697384147091, 55.176749246878444], [13.171341348644244, 55.172263123341594], [13.170985407679332, 55.16777699576001], [13.170629561252358, 55.16329086413367], [13.168403527461244, 55.159976989296425], [13.164307306305993, 55.15783537124827], [13.158340771123731, 55.15686563665292]]]}}, {"type": "Feature", "properties": {"band": "echo", "dbz": 35.0, "source": "OPERA-ORD", "time": "20260907001000"}, "geometry": {"type": "Polygon", "coordinates": [[[11.193272590944835, 55.05704848608515], [11.185449259940398, 55.05712469978204], [11.179614571612682, 55.05830433855435], [11.175768525961686, 55.06058740240209], [11.171922044748847, 55.06287034485545], [11.16807512797416, 55.06515316591441], [11.162239074300714, 55.06633169003446], [11.154413883728513, 55.0664059172156], [11.148576943254481, 55.06758407380664], [11.144728252878622, 55.0698661598076], [11.142867858302143, 55.07325254899901], [11.142995759525046, 55.077743241380844], [11.145048881448513, 55.08109288157458], [11.14902722407254, 55.08330146958019], [11.153006006469745, 55.08550992680648], [11.156985228640131, 55.087718253253456], [11.160964890707138, 55.08992644887463], [11.164944992670772, 55.09213451367], [11.17085023870456, 55.093200902842], [11.178680628808504, 55.093125616390644], [11.186510991145372, 55.09304982817295], [11.194341325715165, 55.09297353818893], [11.202171632150591, 55.092896746444254], [11.210001910451648, 55.092819452938954], [11.215840412838805, 55.091638647895174], [11.219687139312057, 55.08935433131292], [11.221542138406301, 55.08596687723744], [11.221405410121534, 55.08147628566874], [11.221268718086073, 55.07698569105952], [11.221132062299915, 55.07249509340976], [11.219073338591734, 55.06914664092576], [11.215092546961529, 55.066940333607505], [11.211112194690765, 55.06473389532054], [11.207132281779442, 55.062527326064846], [11.203152808104601, 55.06032062588693], [11.199173773666237, 55.05811379478678], [11.193272590944835, 55.05704848608515]]]}}, {"type": "Feature", "properties": {"band": "echo", "dbz": 35.0, "source": "OPERA-ORD", "time": "20260907001000"}, "geometry": {"type": "Polygon", "coordinates": [[[11.115038053698926, 55.05778806585482], [11.107214453237772, 55.05785926679199], [11.101377376728397, 55.059035168705364], [11.097526824170805, 55.06131577159493], [11.09566283936319, 55.06470144915988], [11.09578542230555, 55.06919220140022], [11.09783415663866, 55.07254264338908], [11.101809042362518, 55.07475277512645], [11.10771003563506, 55.07582222271814], [11.115537136456291, 55.07575098616413], [11.121375918886073, 55.074574692650636], [11.125226382924401, 55.07229334217764], [11.127088573292507, 55.06890730862936], [11.126962489990394, 55.06441659200583], [11.124912049736876, 55.061066541617095], [11.12093725253196, 55.05885715746319], [11.115038053698926, 55.05778806585482]]]}}, {"type": "Feature", "properties": {"band": "echo", "dbz": 35.0, "source": "OPERA-ORD", "time": "20260907001000"}, "geometry": {"type": "Polygon", "coordinates": [[[11.129927056151374, 55.0306997961129], [11.122108751582111, 55.030771945520684], [11.116276034898213, 55.03194855909699], [11.11242890609968, 55.034229636841815], [11.110567409502238, 55.03761555213359], [11.110691545105885, 55.042106304972314], [11.1127401188104, 55.04545651002124], [11.116713130615784, 55.047666167280354], [11.122610536161975, 55.048734903176566], [11.130432335448972, 55.048662717709874], [11.13626675471539, 55.04748571263338], [11.140113793961229, 55.04520388794708], [11.14197349842362, 55.04181761721402], [11.141845868102566, 55.037326900434195], [11.139795591815531, 55.033977086885464], [11.135822669562515, 55.03176817656782], [11.129927056151374, 55.0306997961129]]]}}, {"type": "Feature", "properties": {"band": "echo", "dbz": 35.0, "source": "OPERA-ORD", "time": "20260907001000"}, "geometry": {"type": "Polygon", "coordinates": [[[13.17544911202465, 54.97660565201895], [13.167647426150412, 54.97680879066809], [13.159845666632918, 54.9770114299868], [13.15204383347217, 54.97721356997509], [13.146279986481636, 54.97848657661919], [13.142554125661315, 54.98083044991908], [13.140866375444192, 54.98424556115403], [13.141216735830264, 54.98873191032403], [13.141567188843618, 54.99321825520105], [13.141917734484254, 54.9977045957851], [13.144132465998688, 55.00101896421878], [13.148211383386922, 55.003161360502084], [13.152114505885809, 55.003060477351355], [13.155841833495352, 55.0007163147666], [13.15752935644452, 54.99730108832341], [13.157177074733314, 54.99281479802179], [13.15886378112134, 54.98939946866031], [13.1625894756086, 54.987055100238955], [13.166491656520849, 54.98695374270578], [13.170570323858088, 54.989095396060776], [13.172786666358686, 54.99240934262393], [13.173140684022641, 54.996895582395254], [13.17349479529956, 55.001381817859276], [13.173849000189438, 55.00586804901599], [13.176066837089433, 55.00918182297853], [13.180148305999543, 55.01132313974692], [13.184052149291002, 55.01122123191311], [13.187778366963812, 55.00887609947711], [13.189463504981166, 55.005460443083656], [13.189107563343065, 55.00097426273274], [13.19079188500519, 54.997558503648335], [13.194516469967544, 54.99521316583045], [13.1982406259458, 54.9928677147984], [13.20196435293996, 54.990522150552195], [13.201786089376347, 54.988279066627655], [13.197705835254958, 54.986138463024794], [13.1936260197756, 54.983997720729434], [13.189546642938273, 54.98185683974157], [13.185467704630149, 54.97971582010932], [13.181389204851229, 54.9775746618327], [13.17544911202465, 54.97660565201895]]]}}, {"type": "Feature", "properties": {"band": "echo", "dbz": 35.0, "source": "OPERA-ORD", "time": "20260907001000"}, "geometry": {"type": "Polygon", "coordinates": [[[12.346524019949502, 54.968426687708245], [12.338720737551798, 54.96857674733298], [12.332933122656847, 54.96981126675794], [12.329161175264655, 54.97213024598311], [12.32740498763359, 54.97553405694889], [12.327664559763654, 54.98002269965527], [12.32792420053593, 54.98451133864669], [12.328183909950415, 54.98899997392314], [12.330330862431632, 54.99232909353101], [12.334365057979578, 54.99449869747028], [12.33839969203581, 54.9966681661488], [12.342434764600327, 54.99883749956659], [12.342565157382062, 55.0010818023404], [12.338790870381017, 55.00340107447025], [12.335016151878406, 55.005720229977705], [12.33124100187423, 55.00803926886276], [12.329483487824909, 55.01144309488023], [12.329743609730446, 55.01593170803012], [12.331892177363677, 55.019260783090665], [12.335929190724606, 55.02143032006189], [12.3418545571721, 55.02243994639621], [12.349668276706158, 55.022289662093634], [12.355462618444719, 55.02105462805946], [12.35923758238778, 55.018734844293675], [12.360993262047819, 55.01533068332297], [12.360729657424837, 55.01084214514734], [12.360466122522471, 55.00635360327711], [12.360202657340725, 55.001865057712294], [12.359939261825664, 54.997376508439295], [12.359675935977291, 54.99288795545812], [12.35941267974173, 54.98839939875519], [12.359149493118979, 54.98391083833051], [12.358886376055223, 54.979422274170474], [12.358623328550458, 54.974933706275095], [12.356475268885646, 54.97160498121952], [12.352442197060785, 54.96943609900376], [12.346524019949502, 54.968426687708245]]]}}, {"type": "Feature", "properties": {"band": "echo", "dbz": 35.0, "source": "OPERA-ORD", "time": "20260907001000"}, "geometry": {"type": "Polygon", "coordinates": [[[12.605994926785645, 54.87326799560831], [12.598210909452643, 54.87343462486339], [12.592444740296317, 54.874681425132735], [12.588696419316665, 54.87700839641633], [12.586966048414011, 54.88041590934073], [12.587253627588357, 54.88490396390595], [12.589416230805666, 54.888228512225005], [12.593453858065939, 54.8903895542979], [12.597491921313129, 54.892550460423294], [12.601530420547238, 54.89471123060118], [12.60369447592719, 54.898035614262426], [12.603984087452986, 54.902523611407034], [12.604273775391732, 54.90701160453595], [12.604563539743433, 54.91149959364917], [12.606729048919494, 54.91482381252266], [12.610770302919914, 54.91698426115643], [12.61481199359721, 54.91914457368169], [12.618854120951381, 54.92130475009846], [12.621021085559303, 54.92462880405398], [12.621312887420975, 54.929116735548256], [12.623480760308013, 54.9324406408944], [12.627524704220416, 54.93460052009242], [12.631569085270296, 54.93676026305385], [12.635613903457653, 54.93891986977871], [12.639659158897585, 54.94107934021952], [12.643704851590092, 54.94323867437626], [12.649626442173375, 54.94423336342249], [12.657423930647433, 54.9440634073582], [12.663197706257622, 54.942813805366505], [12.666947769003938, 54.9404845574474], [12.670697402737323, 54.93815519438972], [12.674446607457773, 54.93582571619346], [12.680218963797092, 54.93457502216359], [12.688014471755285, 54.93440311230011], [12.69378593508376, 54.93315206439321], [12.697533353782518, 54.9308218784429], [12.699256834176085, 54.92741292566835], [12.69895637626446, 54.922925206069564], [12.696783074481688, 54.91960255797475], [12.692736928827768, 54.917444981383916], [12.688691219847364, 54.91528726837682], [12.684645947540472, 54.91312941895346], [12.680601111792477, 54.910971433161286], [12.676556712603377, 54.9088133110003], [12.672512749858559, 54.90665505251792], [12.66846922355802, 54.90449665771414], [12.66629919738974, 54.90117354561911], [12.666002671353715, 54.89668571623281], [12.663833552608796, 54.893362455238034], [12.659791841154986, 54.891203762634795], [12.65387743224179, 54.89020926766785], [12.646090325869212, 54.89037897033721], [12.638303158309538, 54.89054817458343], [12.630515929562769, 54.89071688040651], [12.624602698096332, 54.889721231441264], [12.620563463910225, 54.8875612276877], [12.618398330225135, 54.884237239928844], [12.618107297041064, 54.879749268164716], [12.615943069199808, 54.87642513195718], [12.611905646701365, 54.874264831306235], [12.605994926785645, 54.87326799560831]]]}}, {"type": "Feature", "properties": {"band": "echo", "dbz": 35.0, "source": "OPERA-ORD", "time": "20260907001000"}, "geometry": {"type": "Polygon", "coordinates": [[[12.73174508585361, 54.88848482927046], [12.723958602109214, 54.88865951579384], [12.71617205538499, 54.88883370395723], [12.708385445680936, 54.88900739376062], [12.702620430914084, 54.890259411766365], [12.69887701108444, 54.89258975797446], [12.69715529252019, 54.89599880309117], [12.697455275221333, 54.90048654711647], [12.699627831956649, 54.90380909654651], [12.703672962726131, 54.905966451381275], [12.709590561095908, 54.90695824072263], [12.717380627065976, 54.906784464570585], [12.723299062687259, 54.907775857330705], [12.727345867959755, 54.90993241900298], [12.731393109787616, 54.9120888441219], [12.735440788170841, 54.914245132687476], [12.739336158679833, 54.914157485812396], [12.743079221314591, 54.91182590349666], [12.744798088653914, 54.908416309392564], [12.744492760697803, 54.903928703500114], [12.744187513245505, 54.89944109348787], [12.743882346297017, 54.89495347935585], [12.741706904048533, 54.89163162571957], [12.73766118650005, 54.889475532579034], [12.73174508585361, 54.88848482927046]]]}}, {"type": "Feature", "properties": {"band": "echo", "dbz": 35.0, "source": "OPERA-ORD", "time": "20260907001000"}, "geometry": {"type": "Polygon", "coordinates": [[[12.651519327232647, 54.854306182766564], [12.643739124087963, 54.85447571696433], [12.635958859951291, 54.85464475323212], [12.628178534822627, 54.854813291569954], [12.622415921133129, 54.856061507145284], [12.618671018882797, 54.8583893999581], [12.616943931028544, 54.86179734039466], [12.617234657570371, 54.86628532845495], [12.619398697787302, 54.86960934928033], [12.623436051679331, 54.87176940287082], [12.627473841098512, 54.873929320457165], [12.631512066044843, 54.876089102039366], [12.635550726632832, 54.87824874757017], [12.639589822862485, 54.88040825704957], [12.645502060579844, 54.881403181530686], [12.653287439784904, 54.88123352101353], [12.659052407542188, 54.87998412682732], [12.662796963851694, 54.87765499897205], [12.664521213321713, 54.87424650808692], [12.664225155952252, 54.86975865417193], [12.663929176573559, 54.865270796141985], [12.663633275185635, 54.86078293399708], [12.661466350570002, 54.857459606110396], [12.65742840272666, 54.85530081248192], [12.651519327232647, 54.854306182766564]]]}}, {"type": "Feature", "properties": {"band": "echo", "dbz": 35.0, "source": "OPERA-ORD", "time": "20260907001000"}, "geometry": {"type": "Polygon", "coordinates": [[[10.642138171024671, 54.845593612641096], [10.634355078745493, 54.84563448697027], [10.628535041441785, 54.846787785497625], [10.624678059113547, 54.849053508223136], [10.62278415640698, 54.85243202652835], [10.622853333322077, 54.85692334041326], [10.624851865959947, 54.860281787955316], [10.62877975432059, 54.862507369154514], [10.634636973733224, 54.86359971243662], [10.64242352419785, 54.86355881780162], [10.648245265503952, 54.862405137646284], [10.652102197651526, 54.86013867197064], [10.653994346175198, 54.85675979234327], [10.65392171107497, 54.8522684987642], [10.651921474434706, 54.84891043285012], [10.647993636254409, 54.84668559460104], [10.642138171024671, 54.845593612641096]]]}}, {"type": "Feature", "properties": {"band": "echo", "dbz": 35.0, "source": "OPERA-ORD", "time": "20260907001000"}, "geometry": {"type": "Polygon", "coordinates": [[[6.324111069705606, 54.719693018760196], [6.31636119348567, 54.71945752588733], [6.308611401652051, 54.719221537558475], [6.30086169420475, 54.718985053773636], [6.29311207149458, 54.71874807454999], [6.28536253352154, 54.718510599887544], [6.279447442002421, 54.71945342976452], [6.275366796937224, 54.72157656418092], [6.273120453514221, 54.724880370783325], [6.272708411733416, 54.729364849571716], [6.270461155607974, 54.732668498919324], [6.266378685137895, 54.734791318826126], [6.262295782272105, 54.736913998751426], [6.258212447010603, 54.73903653869522], [6.255963688331844, 54.742340008091844], [6.255549506235827, 54.74682440694129], [6.2551352154064865, 54.751308800581725], [6.254720815843825, 54.75579318901314], [6.25634941928154, 54.75921635446063], [6.260021025719633, 54.761578296924185], [6.265735781050264, 54.76287864829109], [6.273493685273432, 54.76311740856134], [6.281251674923245, 54.76335567280166], [6.289009749999702, 54.763593441012056], [6.296767910150663, 54.763830713175196], [6.304526155376129, 54.76406748929109], [6.310446802354666, 54.763123731415476], [6.314529851086276, 54.760999439548364], [6.316775157720819, 54.75769498188478], [6.317182722258296, 54.753210358424724], [6.3194271152554835, 54.74990574378394], [6.323508336712383, 54.747781137962434], [6.327386304289076, 54.74789873830014], [6.331061017985562, 54.75025854479708], [6.332695447111817, 54.753680788849664], [6.33228959166784, 54.758165470457925], [6.333924816496731, 54.761587615689024], [6.33760112159849, 54.76394722454296], [6.341277848633503, 54.76630672258046], [6.344954997601771, 54.76866610980151], [6.348632568641512, 54.771025386165725], [6.352310561752727, 54.77338455167312], [6.35619040697136, 54.773501217855284], [6.360272104297414, 54.771375384712236], [6.362514277082783, 54.76807007463969], [6.362916925327466, 54.76358528763764], [6.363319467877921, 54.759100495549774], [6.36372190473415, 54.7546156983761], [6.364124235977195, 54.75013089610383], [6.364526461607056, 54.74564608873298], [6.362889653702782, 54.74222426061306], [6.35921381226437, 54.73986541174405], [6.355538392158204, 54.73750645205572], [6.351863393384282, 54.73514738154806], [6.3481888158047886, 54.73278820026139], [6.344514659419723, 54.7304289081957], [6.340840924091295, 54.72806950539129], [6.337167609819507, 54.72570999184816], [6.333494716466603, 54.723350367606606], [6.3298222440325835, 54.72099063266662], [6.324111069705606, 54.719693018760196]]]}}, {"type": "Feature", "properties": {"band": "echo", "dbz": 35.0, "source": "OPERA-ORD", "time": "20260907001000"}, "geometry": {"type": "Polygon", "coordinates": [[[8.590877957279943, 54.74028832121798], [8.58311617298087, 54.74019786167791], [8.577255330481202, 54.74125246768939], [8.573295429780938, 54.7434521392524], [8.569335097712639, 54.745651680027514], [8.565374334276305, 54.74785109001474], [8.561413139353203, 54.75005036916828], [8.557451512943334, 54.75224951748813], [8.555390735016191, 54.75559434786549], [8.555230805571775, 54.760084860300346], [8.55705254834622, 54.76347580999408], [8.560855963339527, 54.7657671969467], [8.564659805871864, 54.76805846439575], [8.56846407594323, 54.77034961234125], [8.570287022044685, 54.773740446708416], [8.570128644176226, 54.77823096749722], [8.569970224639453, 54.78272148470318], [8.569811763434366, 54.78721199832627], [8.569653260528895, 54.79170250838046], [8.569494715923039, 54.79619301486575], [8.5693361295847, 54.8006835177961], [8.569177501513874, 54.80517401717151], [8.56901883167843, 54.80966451300594], [8.568860120078366, 54.814155005299384], [8.570685375378858, 54.81754572527634], [8.574494597579907, 54.81983667293682], [8.580287842612222, 54.821027477476036], [8.5880651104758, 54.821118138893986], [8.59393690502785, 54.82006331523873], [8.597903226268372, 54.817863006510244], [8.599964019125963, 54.814517583525806], [8.600119283600625, 54.81002704628541], [8.598292249263782, 54.806636674550006], [8.594482916115433, 54.8043464683196], [8.59067401147854, 54.80205614236535], [8.586865535353104, 54.79976569668726], [8.586943536875365, 54.797520428336234], [8.590908016045326, 54.795320337312276], [8.594872062613383, 54.79312011542579], [8.598835676579537, 54.79091976267679], [8.6027988580631, 54.78871927911115], [8.606761607064074, 54.786518664728845], [8.610723923701762, 54.784317919575784], [8.614685807976167, 54.78211704365195], [8.618647260006583, 54.779916037003176], [8.62260827979301, 54.777714899629444], [8.626568867454736, 54.77551363157663], [8.63052902299176, 54.7733122328447], [8.630605181929287, 54.77106693174385], [8.62679734426731, 54.76877772827408], [8.62298993429092, 54.76648840505425], [8.619182952000116, 54.764198962084365], [8.615376397264516, 54.761909399407386], [8.611570270084117, 54.75961971702329], [8.60776457032856, 54.757329914975045], [8.603959297997848, 54.75503999326263], [8.602134008720702, 54.751649738791315], [8.602288702497123, 54.74715915156112], [8.60046424939637, 54.743768781206526], [8.596660649418443, 54.74147862772752], [8.590877957279943, 54.74028832121798]]]}}, {"type": "Feature", "properties": {"band": "echo", "dbz": 35.0, "source": "OPERA-ORD", "time": "20260907001000"}, "geometry": {"type": "Polygon", "coordinates": [[[8.469401779606525, 54.666934611497076], [8.461654235389126, 54.666836397409696], [8.455800821345312, 54.66788515568092], [8.451841537475087, 54.67008088631076], [8.449776323745942, 54.67342395829473], [8.449605180157882, 54.67791437163285], [8.449433991666675, 54.682404781183635], [8.449262758272326, 54.6868951869471], [8.447196169869095, 54.69023810804208], [8.44323422645698, 54.69243354446858], [8.437376988528621, 54.6934811269457], [8.429624456084017, 54.69338085547343], [8.42376637804067, 54.69442805251432], [8.419802754398578, 54.69662271806837], [8.419715786465275, 54.698867896763005], [8.42350547424076, 54.70116358859823], [8.429277440221565, 54.70236158263738], [8.437031684407694, 54.70246187888047], [8.442804522027727, 54.70365951216589], [8.446595953081665, 54.705954482493624], [8.448405916995169, 54.70934715926077], [8.448234413768239, 54.71383754246734], [8.446166338440076, 54.71718042820993], [8.442201691010677, 54.71937581648854], [8.43832326635685, 54.71932589800422], [8.434531064478595, 54.71703067275698], [8.430739288590734, 54.71473532866104], [8.426947938693266, 54.71243986571644], [8.421174321409223, 54.71124147734138], [8.41341843673861, 54.71114016353585], [8.407557370477598, 54.71218656868479], [8.403591122626189, 54.714380692788204], [8.403503206592283, 54.71662585145026], [8.407293622375878, 54.71892204467096], [8.411084464204349, 54.721218119123265], [8.41487573207769, 54.723514074807156], [8.41866742612658, 54.72580991168001], [8.422459546351018, 54.72810562974183], [8.426252092881704, 54.730401228949994], [8.43004506571864, 54.732696709304506], [8.433838464992544, 54.7349920707627], [8.43763229070342, 54.73728731332458], [8.441512429822804, 54.737337256497355], [8.445478882350695, 54.735141900281015], [8.449444903656609, 54.7329464128173], [8.45341049374054, 54.730750794106214], [8.457290668476167, 54.730800240572435], [8.46108542786349, 54.73309475221597], [8.464880613763517, 54.7353891448402], [8.468676226176253, 54.73768341844511], [8.472556436172743, 54.73773236819756], [8.476521243752991, 54.73553599409756], [8.480485620130565, 54.733339488872595], [8.48444956530547, 54.73114285252265], [8.488329810207421, 54.731191305554205], [8.492126354836424, 54.733484847967254], [8.49394131420255, 54.73687683595029], [8.4937746883058, 54.74136726950331], [8.491708932087143, 54.74471091989792], [8.487744045546581, 54.74690778713413], [8.483778727468113, 54.74910452323029], [8.479812977851745, 54.7513011281864], [8.475846796579088, 54.75349760195661], [8.47188018365014, 54.75569394454091], [8.467998257274665, 54.7556449705643], [8.464201017452664, 54.753350680026784], [8.460404204590752, 54.75105627042213], [8.456607818688928, 54.74876174175036], [8.452725927630524, 54.748712270814444], [8.448758531415539, 54.75090785761439], [8.446688856142426, 54.754250824098676], [8.446516901811188, 54.758741170267285], [8.446344902265444, 54.763231512773864], [8.446172857505198, 54.76772185161841], [8.446000767495674, 54.772212186814855], [8.44582863223687, 54.776702518363194], [8.447641958846233, 54.78009508474488], [8.451440747323762, 54.782389885959915], [8.455325216248436, 54.78243939365012], [8.459295365620259, 54.78024360781551], [8.463265082644325, 54.77804769064204], [8.467234367320637, 54.77585164212971], [8.471203219767775, 54.7736554623245], [8.475171639985737, 54.77145915122641], [8.479139628093096, 54.76926270888137], [8.48310718408985, 54.7670661352894], [8.486990863664609, 54.76711463630417], [8.490790666817375, 54.769408211925686], [8.492607080069186, 54.77280020191583], [8.492440103420044, 54.7772906062746], [8.490372365382797, 54.780634210844774], [8.486403865957442, 54.78283101562635], [8.482434934085209, 54.78502768914587], [8.478465569766099, 54.787224231403336], [8.474495772881369, 54.78942064235275], [8.470525543431018, 54.79161692199412], [8.466554881296304, 54.79381307028146], [8.462583786477222, 54.796009087214756], [8.462498896888617, 54.79825426229544], [8.466300212530486, 54.8005485955235], [8.470101956385246, 54.80284280952175], [8.473904128452897, 54.80513690429019], [8.477706728864804, 54.80743087978591], [8.481509757620968, 54.80972473600893], [8.485396879093866, 54.80977328511108], [8.489368093283495, 54.80757652709236], [8.493338874461672, 54.80537963776589], [8.497309222628392, 54.803182617131675], [8.501196378872308, 54.803230668522026], [8.505000343193423, 54.80552379193693], [8.50880473593417, 54.80781679595559], [8.51260955709455, 54.81010968057801], [8.516496747751766, 54.810157234249516], [8.52046630790582, 54.8079594569701], [8.522532985804897, 54.80461535325892], [8.522696781448996, 54.80012492311596], [8.5228605340024, 54.795634489399276], [8.523024243465105, 54.79114405210888], [8.52508954142378, 54.78779979837557], [8.529056427878427, 54.785601728199325], [8.533022881916466, 54.78340352694522], [8.536988903537896, 54.781205194613264], [8.540954492861664, 54.77900673124935], [8.544919649887767, 54.77680813685349], [8.548884374735142, 54.77460941147158], [8.552848667403786, 54.77241055510362], [8.552929125064558, 54.77016531004946], [8.54912574771746, 54.76787367630908], [8.545322797872398, 54.76558192312678], [8.541520275529372, 54.763290050502555], [8.537718180557725, 54.76099805847926], [8.533916512957456, 54.7587059470569], [8.530115272597923, 54.756413716278324], [8.526314459479126, 54.75412136614353], [8.522514073470452, 54.751828896695336], [8.5187141145719, 54.74953630793375], [8.514914582652874, 54.74724359990158], [8.511115477713375, 54.74495077259882], [8.509298380172439, 54.74155913030762], [8.509463290030062, 54.73706867302797], [8.511526894325682, 54.73372461762497], [8.5154891930593, 54.731526964098634], [8.519451060728478, 54.72932917961555], [8.523412497333211, 54.72713126417571], [8.525474726831684, 54.723787058718784], [8.525637749223895, 54.719296563244754], [8.5238209104754, 54.71590503718434], [8.520024210586197, 54.71361248053756], [8.516227936782364, 54.71131980471622], [8.5124320890639, 54.70902700972031], [8.51061644709421, 54.70563536878807], [8.510781010873295, 54.701144881919504], [8.510945531475517, 54.696654391317466], [8.511110008900875, 54.69216389698195], [8.509295562319668, 54.688772141248066], [8.505502191731896, 54.686479124115806], [8.501709246523522, 54.68418598794217], [8.497916726694545, 54.68189273272719], [8.494124632115042, 54.67959935851344], [8.490332962785015, 54.67730586530094], [8.486541718574557, 54.67501225313226], [8.48275089948367, 54.672718522007386], [8.478960505382476, 54.67042467196891], [8.475170536270976, 54.668130703016814], [8.469401779606525, 54.666934611497076]]]}}, {"type": "Feature", "properties": {"band": "echo", "dbz": 35.0, "source": "OPERA-ORD", "time": "20260907001000"}, "geometry": {"type": "Polygon", "coordinates": [[[8.685766299226405, 54.68744633331999], [8.67801442216389, 54.68736196118721], [8.672163700441258, 54.6884211767934], [8.668214134058505, 54.69062398013856], [8.664264137731772, 54.69282665324364], [8.66031371146106, 54.69502919610865], [8.656362855127744, 54.69723160868804], [8.652411568731829, 54.699433890981794], [8.65036135081781, 54.70278037658917], [8.650212201385695, 54.707271065510156], [8.652039551617282, 54.710660623930906], [8.655843401512573, 54.71294905185144], [8.659647677822052, 54.7152373600446], [8.663452380545719, 54.71752554851038], [8.667257509813263, 54.71981361720593], [8.671063065624685, 54.72210156613123], [8.676845208125265, 54.72328776837512], [8.684603937315003, 54.7233722239376], [8.692362696574142, 54.723456182874], [8.70012148590268, 54.723539645184324], [8.705976196097108, 54.722479365775314], [8.709926827157428, 54.72027534464698], [8.71197332870966, 54.716927951549735], [8.71211570075381, 54.71243718648361], [8.712258035429896, 54.70794641777522], [8.71240033273792, 54.70345564542458], [8.71056861839098, 54.700066900776015], [8.706762892389072, 54.697780183829494], [8.702957592461699, 54.695493347020054], [8.699152718608858, 54.69320639034768], [8.695348270701242, 54.69091931385522], [8.691544248738854, 54.68863211754266], [8.685766299226405, 54.68744633331999]]]}}, {"type": "Feature", "properties": {"band": "echo", "dbz": 35.0, "source": "OPERA-ORD", "time": "20260907001000"}, "geometry": {"type": "Polygon", "coordinates": [[[6.548007987193854, 54.64534638110499], [6.54027115143021, 54.64512525597597], [6.534372862101179, 54.646080598763966], [6.530313119206763, 54.64821240946898], [6.528091788435033, 54.651521055215866], [6.527708869785988, 54.65600653600462], [6.527325850835722, 54.660492011705195], [6.526942731584235, 54.66497748231758], [6.528590809276641, 54.668397091153764], [6.532270083912938, 54.67075083821372], [6.537980690041856, 54.67203835608367], [6.545722627663392, 54.67225964476362], [6.551624077015798, 54.671304032632705], [6.555685038099073, 54.669171519690934], [6.557905377204376, 54.66586247338218], [6.558285094331707, 54.66137689370643], [6.558664712043795, 54.65689130897192], [6.559044230340641, 54.65240571917863], [6.557394593385717, 54.64898642912887], [6.553715801179023, 54.646633438822626], [6.548007987193854, 54.64534638110499]]]}}, {"type": "Feature", "properties": {"band": "echo", "dbz": 35.0, "source": "OPERA-ORD", "time": "20260907001000"}, "geometry": {"type": "Polygon", "coordinates": [[[6.688744724828574, 54.63129785173826], [6.68100989925134, 54.631085735286675], [6.675117037358753, 54.63204796027933], [6.671066139150813, 54.63418452671623], [6.667014811144968, 54.63632095514414], [6.662963053341219, 54.63845724556306], [6.657069063866549, 54.63941831720528], [6.649332842720956, 54.639204170070826], [6.641596697973116, 54.63898952835103], [6.633860629623024, 54.6387743920459], [6.626124638019861, 54.638558761171005], [6.618388723163626, 54.638342635726325], [6.612493297437504, 54.63930179845805], [6.608438360841493, 54.64143624936618], [6.606223782135938, 54.64474635558912], [6.60584956132084, 54.64923211712688], [6.605475242494955, 54.65371787363652], [6.605100825658282, 54.658203625118055], [6.606755201272862, 54.66162219376063], [6.610438369338694, 54.663973579564235], [6.61615046132679, 54.66525741510147], [6.623891477237152, 54.665473700372345], [6.631632570077281, 54.66568949070967], [6.639373739847177, 54.66590478611343], [6.6471149861968355, 54.666119586568065], [6.654856309126256, 54.66633389207356], [6.660754269337205, 54.66537294653436], [6.6648088668296825, 54.66323674995048], [6.668863033849751, 54.66110041525516], [6.672916770397411, 54.658963942448416], [6.678813601384162, 54.6580018426863], [6.686553526810007, 54.65821411596883], [6.692449539932777, 54.65725161765967], [6.69650164075247, 54.65511434775882], [6.698709701118156, 54.65180267371134], [6.699073721029831, 54.647316595517225], [6.699437645662203, 54.642830512367425], [6.699801475015273, 54.63834442426193], [6.698140576673154, 54.63492701264791], [6.694454950635846, 54.63257827752534], [6.688744724828574, 54.63129785173826]]]}}, {"type": "Feature", "properties": {"band": "echo", "dbz": 35.0, "source": "OPERA-ORD", "time": "20260907001000"}, "geometry": {"type": "Polygon", "coordinates": [[[8.708111765846175, 54.472052179905035], [8.70040064277611, 54.471969291016016], [8.694581368289855, 54.47302967162119], [8.690653942387412, 54.47523332172054], [8.688618314916958, 54.47858060821624], [8.688474485878494, 54.48307153110831], [8.686437992274323, 54.48641868097371], [8.682508834104446, 54.48862205781246], [8.676687061917868, 54.48968129454002], [8.668972675714588, 54.4895963911564], [8.661258319662652, 54.48951099432627], [8.653543993762055, 54.48942510404962], [8.64772101116937, 54.490483213807465], [8.643789371884596, 54.49268532359981], [8.639857307557872, 54.494887303686056], [8.6359248181892, 54.4970891540662], [8.631991903662012, 54.49929087469524], [8.628058563976314, 54.50149246557319], [8.624124799015526, 54.503693926655], [8.620190608779655, 54.50589525794066], [8.6143647509515, 54.50695147633262], [8.606647225531066, 54.50686258183086], [8.600820534719075, 54.5079184180626], [8.596884678515528, 54.510118985027844], [8.594839603055537, 54.513464649979916], [8.594685308339102, 54.517955412918816], [8.596499788732318, 54.52134590338633], [8.600283044235184, 54.523636121382474], [8.606035128765443, 54.524825699465204], [8.613756042323095, 54.52491463763454], [8.619508987960442, 54.52610385521612], [8.623293965677483, 54.52839335220997], [8.625110922364115, 54.531783496084074], [8.624959858020334, 54.53627428683842], [8.626777640833525, 54.539664315048974], [8.630564270803687, 54.54195358071573], [8.636319800743673, 54.54314171617541], [8.644044230653485, 54.54322872142806], [8.6498006223547, 54.54441649597419], [8.65358897584732, 54.5467050398138], [8.657377751631515, 54.54899346440318], [8.661166949707287, 54.55128176974234], [8.666924673320741, 54.55246844714948], [8.67465092247188, 54.55255349662461], [8.680409508045887, 54.55373981278713], [8.684200430042766, 54.55602739563704], [8.684127770929296, 54.55827281831827], [8.680191530705477, 54.56047608083084], [8.67625486379849, 54.56267921356617], [8.672317770208334, 54.56488221652425], [8.668380249817627, 54.56708508965995], [8.66444230262637, 54.569287832973245], [8.658608536128973, 54.57034616443363], [8.650878950325444, 54.570260084041095], [8.645119187860587, 54.56907264257967], [8.641329248734401, 54.56678384004934], [8.637539732305168, 54.564494918281646], [8.633750638572884, 54.56220587727657], [8.627992210085939, 54.56101733834862], [8.620264446844327, 54.56092930149779], [8.614430381171907, 54.561985774324725], [8.610490013068674, 54.56418675682945], [8.606549218120211, 54.566387609269256], [8.602607996326519, 54.56858833164415], [8.598666347570472, 54.57078892390889], [8.594724271852074, 54.57298938606348], [8.594647286872808, 54.575234747424204], [8.598435392632675, 54.57752500799105], [8.602223921330951, 54.57981514943684], [8.606012872967636, 54.582105171761576], [8.60980224767116, 54.58439507492282], [8.613592045441521, 54.58668485892056], [8.619353375766655, 54.58787380184578], [8.627086238646564, 54.58796190369848], [8.632848433134475, 54.589150485425776], [8.63663995923039, 54.59143954702767], [8.640431908685871, 54.59372848932014], [8.644224281500918, 54.59601731230319], [8.649987812109847, 54.597204795779604], [8.657722500512659, 54.597290939749385], [8.663486895485129, 54.598478061695914], [8.667280997027255, 54.60076616161919], [8.671075522221404, 54.60305414208698], [8.674870471067575, 54.60534200309928], [8.678665843694194, 54.607629744613504], [8.68246164010126, 54.60991736662967], [8.68428705763295, 54.61330658050444], [8.684142096289262, 54.6177973862378], [8.682098384701073, 54.62114437056365], [8.678155922868385, 54.623347533481976], [8.672314761932558, 54.62440650638443], [8.664574901893593, 54.62432128927101], [8.658732901639059, 54.625379879271875], [8.654788761168957, 54.627582276387024], [8.654714944487592, 54.62982765786039], [8.658511451594967, 54.632116023691985], [8.66230838311231, 54.634404270014144], [8.666105739039617, 54.636692396826874], [8.669903519505693, 54.63898040408752], [8.673701724510536, 54.641268291796095], [8.677500354182968, 54.64355605990991], [8.681299408522987, 54.645843708428984], [8.68509888765944, 54.648131237310594], [8.688898791592326, 54.65041864655477], [8.694671293083301, 54.65160399997184], [8.702416392132365, 54.65168729756179], [8.708189760342224, 54.65287228857961], [8.711991397712877, 54.655158973025266], [8.713821254155032, 54.65854771984465], [8.71367932966869, 54.663038529037784], [8.71551001986656, 54.66642715927932], [8.719313324748645, 54.668713610569284], [8.723117055071707, 54.67099994200803], [8.72692121083574, 54.67328615359556], [8.730725792169725, 54.675572245289075], [8.734530799073656, 54.67785821708857], [8.738336231676533, 54.68014406895119], [8.742142089978351, 54.68242980087696], [8.745948374108128, 54.68471541282301], [8.74975508406586, 54.68700090478933], [8.755534523903378, 54.6881833560996], [8.763286693620675, 54.68826276675382], [8.771038891540798, 54.68834168124258], [8.778791117663742, 54.68842009956586], [8.784638691035399, 54.687356005371], [8.788581611655767, 54.685149398657984], [8.792524102654259, 54.68294266222347], [8.796466164030878, 54.68073579606747], [8.80231250754732, 54.67967057036775], [8.810063133203585, 54.67974698512431], [8.817813785978256, 54.679822903820956], [8.82556446587133, 54.67989832645767], [8.833315172528774, 54.679973253028976], [8.841065905950586, 54.68004768353488], [8.846910631218439, 54.67898057806565], [8.850849348332336, 54.67677193662128], [8.854787636101419, 54.67456316572936], [8.858725494525688, 54.672354265389906], [8.862662923724404, 54.67014523564818], [8.866599923697567, 54.66793607650419], [8.870536494564426, 54.66572678800323], [8.874472636324981, 54.663517370145286], [8.878408349098473, 54.66130782297561], [8.882343632884902, 54.659098146494195], [8.884372805871644, 54.65574779566571], [8.884495868058698, 54.65125677049015], [8.882652142466387, 54.6478705923889], [8.878841629094707, 54.64558926136196], [8.873064371392323, 54.644412408476924], [8.865320369359232, 54.64434003373377], [8.85954397647882, 54.64316281715646], [8.855735192751082, 54.64088075874497], [8.85579795562154, 54.63863525396256], [8.85973226509019, 54.63642630280922], [8.863666146232928, 54.634217222371504], [8.867599599049752, 54.63200801264943], [8.869628612643078, 54.628657892960014], [8.869753187012906, 54.62416686330327], [8.869877728762368, 54.6196758299157], [8.870002237891466, 54.61518479279728], [8.870126714425162, 54.610693751933994], [8.870251158363459, 54.60620270732583], [8.872278351500938, 54.602852431994535], [8.876208293837596, 54.60064292594009], [8.880137808758516, 54.59843329077968], [8.88406689626369, 54.596223526513285], [8.88609274589136, 54.59287310570992], [8.886215357641525, 54.58838202836959], [8.884374276628396, 54.58499584196271], [8.880569502851973, 54.58271454648927], [8.874801079524904, 54.58153777373066], [8.867069006647188, 54.58146552368687], [8.861301444956542, 54.580288387817774], [8.857498394452964, 54.57800636612336], [8.853695767353027, 54.57572422431468], [8.849893563656732, 54.57344196239174], [8.84609178323663, 54.57115958039721], [8.842290426092728, 54.568877078331084], [8.83848949209759, 54.56659445623605], [8.834688981251226, 54.56431171411208], [8.830888893426224, 54.562028852001866], [8.827089228622587, 54.559745869905385], [8.827153395227947, 54.55750034932894], [8.831081393242306, 54.55529229027254], [8.835008964918782, 54.55308410207466], [8.838936110257379, 54.55087578473532], [8.839000243319576, 54.54863026031056], [8.835201364105371, 54.546347528800375], [8.829439364889366, 54.54516859081944], [8.821714245671558, 54.54509344636777], [8.815953106671966, 54.54391414598032], [8.812155947890595, 54.54163068965708], [8.810322723649186, 54.538243445162976], [8.810453433947742, 54.53375241249801], [8.808621039046683, 54.53036505091586], [8.804825538946007, 54.52808136041652], [8.801030460916655, 54.52579755014989], [8.797235804958623, 54.52351362011598], [8.793441570944804, 54.52122957035726], [8.789647758875201, 54.51894540087373], [8.785854368622726, 54.51666111170791], [8.782061400187377, 54.51437670285978], [8.778268853442093, 54.51209217437178], [8.774476728386873, 54.509807526243925], [8.77068502489467, 54.50752275851866], [8.766893742965484, 54.50523787119599], [8.763102882472296, 54.50295286431832], [8.759312443415105, 54.50066773788565], [8.755522425666907, 54.49838249194038], [8.751732829227702, 54.496097126482525], [8.74794365397051, 54.49381164155445], [8.744154899895332, 54.49152603715616], [8.738403212630992, 54.49034275711149], [8.730688592177492, 54.490261801420424], [8.72493776319316, 54.48907816020727], [8.721150725678001, 54.48679183347205], [8.719327430614554, 54.48340318832233], [8.719467878002819, 54.47891222475813], [8.717645408118015, 54.475523463319405], [8.713860020960144, 54.47323690400616], [8.708111765846175, 54.472052179905035]]]}}, {"type": "Feature", "properties": {"band": "echo", "dbz": 35.0, "source": "OPERA-ORD", "time": "20260907001000"}, "geometry": {"type": "Polygon", "coordinates": [[[8.74619032078111, 54.61396434127893], [8.746052176128906, 54.61845522804184], [8.74401351899379, 54.621803263724175], [8.740074349375762, 54.62400844832591], [8.734234716021373, 54.625070413204284], [8.726494618930627, 54.62498915835933], [8.720724959181174, 54.6238053212258], [8.71692573677302, 54.62151890180374], [8.716996105698513, 54.61927347527828], [8.720936065957655, 54.61706904164943], [8.724875598226344, 54.61486447824741], [8.728814702504575, 54.6126597850722], [8.732753378910457, 54.610454962169094], [8.73669162744399, 54.60825000953807], [8.740560412059871, 54.608290374391274], [8.744359732758099, 54.61057605672874], [8.74619032078111, 54.61396434127893]]]}}, {"type": "Feature", "properties": {"band": "echo", "dbz": 35.0, "source": "OPERA-ORD", "time": "20260907001000"}, "geometry": {"type": "Polygon", "coordinates": [[[7.91769110206588, 54.57894173837249], [7.913711587514051, 54.58111980322876], [7.911606903464213, 54.58445357601368], [7.911377049916366, 54.58894305672724], [7.91313780325674, 54.59234352142729], [7.916889163485335, 54.59465497011382], [7.920640945592888, 54.59696630229101], [7.924393149579398, 54.599277517958846], [7.9281457755759215, 54.601588617075585], [7.9318988235824595, 54.60389959964124], [7.935765639769555, 54.60396570093413], [7.93974622413721, 54.60178692095426], [7.941849803053268, 54.59845276213274], [7.942076376517728, 54.59396322446955], [7.94031350793338, 54.59056309303065], [7.9365611973002235, 54.58825236781607], [7.932809308368258, 54.58594152605373], [7.929057841137484, 54.58363056774364], [7.925306795477022, 54.581319492927534], [7.92155617138687, 54.57900830160542], [7.91769110206588, 54.57894173837249]]]}}, {"type": "Feature", "properties": {"band": "echo", "dbz": 35.0, "source": "OPERA-ORD", "time": "20260907001000"}, "geometry": {"type": "Polygon", "coordinates": [[[11.147889823601492, 54.56335532972337], [11.140161202614465, 54.56342853320606], [11.134395760921644, 54.56460602052625], [11.130593498523028, 54.566887791683946], [11.128754459160257, 54.57027421468681], [11.128878642833334, 54.57476528953483], [11.127038771346315, 54.57815159491345], [11.123234844699203, 54.580433130822655], [11.119430494487363, 54.58271454651393], [11.11562572071079, 54.58499584198728], [11.113784639697439, 54.58838202839412], [11.11390725144731, 54.59287310573446], [11.1140298952974, 54.59736417930661], [11.114152571247706, 54.60185524911056], [11.11617889486032, 54.6052056598615], [11.120108866135245, 54.607415411559415], [11.123977043080867, 54.60737951181794], [11.127783425697187, 54.60509796063705], [11.129624427606807, 54.601711658983604], [11.129500048809723, 54.597220606857604], [11.131340217300858, 54.59383418753461], [11.135144933080214, 54.59155240101464], [11.138949225107114, 54.58927049431318], [11.14275309338156, 54.586988467430245], [11.146556538031113, 54.58470632040856], [11.150359559055776, 54.58242405324811], [11.15416215658309, 54.58014166599163], [11.15796433061306, 54.57785915863912], [11.159801625675923, 54.57447238555303], [11.15967404177168, 54.56998134673337], [11.15764622088842, 54.56663155248816], [11.153718163026143, 54.564423002817406], [11.147889823601492, 54.56335532972337]]]}}, {"type": "Feature", "properties": {"band": "echo", "dbz": 35.0, "source": "OPERA-ORD", "time": "20260907001000"}, "geometry": {"type": "Polygon", "coordinates": [[[7.999271521812267, 54.45338266887365], [7.991565509750142, 54.453254450048135], [7.985730681603093, 54.454280535114165], [7.981767037371121, 54.45646092407175], [7.977802968411222, 54.45864118082434], [7.9738384747233955, 54.46082130537194], [7.969985115204016, 54.46075644889767], [7.966242889853083, 54.45844661140152], [7.962501083096043, 54.456136657592495], [7.958759694932898, 54.4538265874706], [7.954906381283762, 54.45376123820325], [7.950941142148635, 54.45594060979043], [7.948846120043111, 54.45927512833863], [7.948621314967191, 54.463764793847865], [7.94652541695296, 54.467099169834654], [7.942558426000421, 54.469278256299006], [7.936720420954723, 54.47030168679218], [7.929011401815868, 54.470169461314185], [7.923286722042548, 54.46894770881046], [7.919546381634763, 54.466636429281024], [7.915806459913777, 54.4643250335977], [7.912066956879592, 54.462013521760525], [7.908212939500165, 54.46194667779202], [7.904244407775496, 54.46412450169219], [7.900275451077142, 54.46630219305595], [7.896306069405099, 54.468479751883294], [7.8904670104121095, 54.46950093973555], [7.882758274098175, 54.469365756612746], [7.876918391944507, 54.47038655710574], [7.872947363951105, 54.47256334121451], [7.870845108627301, 54.47589647534217], [7.870611625973097, 54.4803859594887], [7.87037808239864, 54.484875439260925], [7.87014447790393, 54.48936491465886], [7.869910812442517, 54.49385438569619], [7.8696770860144, 54.498343852372926], [7.867572924888218, 54.50167681342005], [7.863598329063968, 54.50385326883756], [7.859623307256325, 54.50602959142783], [7.8556478594652885, 54.50820578119087], [7.855530481847486, 54.510450499634395], [7.8592711744029184, 54.512763746758424], [7.863012286696286, 54.51507687781788], [7.86675381872759, 54.517389892812766], [7.866636379806337, 54.51963460692543], [7.862659969932526, 54.52181102015589], [7.8586831336302705, 54.52398730049646], [7.8547058708995685, 54.526163447947155], [7.854588370628077, 54.528408157742646], [7.858330632815797, 54.53072142988293], [7.864062001354994, 54.5319462674763], [7.87178247624567, 54.53208267052274], [7.879502999232299, 54.5322185798021], [7.887223570314884, 54.53235399531438], [7.894944189145077, 54.53248891704984], [7.902664855722881, 54.53262334500848], [7.9103855696999155, 54.53275727918063], [7.918106331076183, 54.53289071956629], [7.923840052416597, 54.53411300518516], [7.927586733721155, 54.536424136037255], [7.931333835499691, 54.53873515049576], [7.935081357752205, 54.54104604856069], [7.938829300609074, 54.54335683019043], [7.9425776640702965, 54.545667495385004], [7.946326448266274, 54.54797804410276], [7.950075653197006, 54.55028847634371], [7.953937421932775, 54.55035398616701], [7.957911754473579, 54.54817457357266], [7.961885660058351, 54.545995028402466], [7.9658591386870885, 54.543815350656416], [7.969832190473876, 54.5416355403803], [7.973804815418712, 54.5394555975741], [7.977777013635673, 54.53727552228357], [7.981748785124757, 54.53509531450874], [7.9857201300000344, 54.5329149742953], [7.9896910482615064, 54.53073450164329], [7.9917867813564625, 54.527399414909304], [7.992007329284903, 54.52290971409335], [7.9941021838416635, 54.519574484973376], [7.9980713450267436, 54.51739372754938], [8.00391488991249, 54.51636707480488], [8.011632818498901, 54.516494526739876], [8.019350791973924, 54.51662148506474], [8.027068810337553, 54.51674794977945], [8.032911172530307, 54.51572016197409], [8.036877878552183, 54.51353812164863], [8.038968852801979, 54.51020219583608], [8.0391840952797, 54.50571238453644], [8.041274192546071, 54.502376316769436], [8.045239144601096, 54.50019399253507], [8.049203670954647, 54.49801153622729], [8.053167771606727, 54.49582894784609], [8.055256485818774, 54.492492724170134], [8.055469813590792, 54.4880028651994], [8.055683085721146, 54.48351300195752], [8.05589630220984, 54.47902313444449], [8.056109463099263, 54.47453326264652], [8.056322568389417, 54.4700433865636], [8.054555368276048, 54.466644839494876], [8.05080786275916, 54.46433762144032], [8.04508012654246, 54.46312136594569], [8.037372159625951, 54.462996073010984], [8.031537101720396, 54.46402437375009], [8.027574952825795, 54.46620626816299], [8.023612378997921, 54.468388030520295], [8.019649380236778, 54.470569660822], [8.015795041512225, 54.47050626724785], [8.012049362824268, 54.468197849797846], [8.010285551688714, 54.46479874497453], [8.01050360810557, 54.460308952777886], [8.00874060919633, 54.456909737081276], [8.004996554960996, 54.4546010978847], [7.999271521812267, 54.45338266887365]]]}}, {"type": "Feature", "properties": {"band": "echo", "dbz": 35.0, "source": "OPERA-ORD", "time": "20260907001000"}, "geometry": {"type": "Polygon", "coordinates": [[[9.401554670916866, 54.522408171322304], [9.393833152496198, 54.522369634833964], [9.388025054993292, 54.52346344012423], [9.384130378408152, 54.52568958719311], [9.382149099126401, 54.52904844373529], [9.382081217148045, 54.53354000975077], [9.382013317424589, 54.53803157201705], [9.381945399956034, 54.54252313053411], [9.383826102546287, 54.545901624642255], [9.387655425195348, 54.54816705434149], [9.393433391559075, 54.54931905164623], [9.401160001637471, 54.54935761655648], [9.406971101139668, 54.548263461876246], [9.41086669006566, 54.54603658760552], [9.412846745600415, 54.5426773617351], [9.412911267743933, 54.538185784264996], [9.412975773029324, 54.53369420305079], [9.413040261456592, 54.52920261809247], [9.41115823678447, 54.52582447910161], [9.407329699012958, 54.52355978607819], [9.401554670916866, 54.522408171322304]]]}}, {"type": "Feature", "properties": {"band": "echo", "dbz": 35.0, "source": "OPERA-ORD", "time": "20260907001000"}, "geometry": {"type": "Polygon", "coordinates": [[[8.090491622279687, 54.481822548618005], [8.082780016473404, 54.48170015315815], [8.07694343966459, 54.4827306455658], [8.072981891853248, 54.484914025840965], [8.070895299157296, 54.48825066066119], [8.070683661576734, 54.492740550026475], [8.072453643012963, 54.496138764364325], [8.076205243465989, 54.49844530367472], [8.079957263800097, 54.5007517261168], [8.083709704015295, 54.50305803169057], [8.087462564241019, 54.50536422035435], [8.091215844477272, 54.50767029210816], [8.095073782115975, 54.50773128064774], [8.099036377157132, 54.5055471859731], [8.102998546406836, 54.50336295942053], [8.10696028986509, 54.50117860099004], [8.110921607646192, 54.49899411072714], [8.114882499750147, 54.49680948863184], [8.114986232716973, 54.49456450860071], [8.11123280654667, 54.49225917063375], [8.10747980011965, 54.48995371570003], [8.103727213435912, 54.487648143799554], [8.09997504636624, 54.48534245497397], [8.096223298910633, 54.48303664922328], [8.090491622279687, 54.481822548618005]]]}}, {"type": "Feature", "properties": {"band": "echo", "dbz": 35.0, "source": "OPERA-ORD", "time": "20260907001000"}, "geometry": {"type": "Polygon", "coordinates": [[[11.424003157887949, 54.44473135127889], [11.420228061263067, 54.44702223287587], [11.418418222905819, 54.45041307235049], [11.418573642816206, 54.45490386970277], [11.420617454938693, 54.45824921511267], [11.424549659273273, 54.46044910858021], [11.428482287922657, 54.462648872174086], [11.432415340886841, 54.464848505894324], [11.432493533932945, 54.46709389286926], [11.428716867060968, 54.4693850330989], [11.424939779959793, 54.47167605461475], [11.421162272629417, 54.47396695741681], [11.419351350619074, 54.47735779527937], [11.419507013928765, 54.481848568202416], [11.41966271786689, 54.48633933708186], [11.419818462433451, 54.49083010191768], [11.419974247659443, 54.49532086272386], [11.420130073544863, 54.49981161950038], [11.422176303789193, 54.503156906583676], [11.426112938392436, 54.50535672397377], [11.431939922579561, 54.50641070444711], [11.439657256350573, 54.506318848003716], [11.445405426326761, 54.50512709413963], [11.449184432508122, 54.50283544285485], [11.452963017747942, 54.50054367286422], [11.456741182046219, 54.49825178416773], [11.460518925530716, 54.49595977680754], [11.464296248201434, 54.493667650783664], [11.46610450039048, 54.49027623932145], [11.465943682097858, 54.48578554242091], [11.465782905755995, 54.48129484145849], [11.465622171364894, 54.4768041364342], [11.465461478892584, 54.472313427334065], [11.465300828339066, 54.46782271415809], [11.463253164779722, 54.4644780451139], [11.459318488214548, 54.4622794202015], [11.45538423598493, 54.46008066529497], [11.451450408090867, 54.45788178039433], [11.447517004416545, 54.45568276554456], [11.443584024961963, 54.45348362074566], [11.439651469611317, 54.4512843460426], [11.435719338364606, 54.44908494143535], [11.431787631106037, 54.4468854069689], [11.427856347835604, 54.44468574264323], [11.424003157887949, 54.44473135127889]]]}}, {"type": "Feature", "properties": {"band": "echo", "dbz": 35.0, "source": "OPERA-ORD", "time": "20260907001000"}, "geometry": {"type": "Polygon", "coordinates": [[[10.92821449464424, 54.42149488245709], [10.92051229805377, 54.42155400670714], [10.914760518777015, 54.42272102248514], [10.910959156813977, 54.42499592979109], [10.909108247121768, 54.42837909510609], [10.909207789700389, 54.43287051843015], [10.911208856524627, 54.43622448095374], [10.915111447594477, 54.438440982676866], [10.920915527918428, 54.43951965693043], [10.928621097496478, 54.43946050371443], [10.93442601248856, 54.44053880008787], [10.938330272894673, 54.44275454605076], [10.942234956663155, 54.44497016411103], [10.946140063794006, 54.44718565426869], [10.949993238842337, 54.44715533466359], [10.953794481808144, 54.444879205295734], [10.955642775017647, 54.44149545483268], [10.955538118470848, 54.43700408327443], [10.953533684093125, 54.43365076894001], [10.949629471884482, 54.43143551182941], [10.945725682714553, 54.42922012682904], [10.94182231658334, 54.427004613938884], [10.937919373373168, 54.42478897320337], [10.93401685308404, 54.422573204622495], [10.92821449464424, 54.42149488245709]]]}}, {"type": "Feature", "properties": {"band": "echo", "dbz": 35.0, "source": "OPERA-ORD", "time": "20260907001000"}, "geometry": {"type": "Polygon", "coordinates": [[[8.003644273815368, 54.36358624159425], [7.9959550815738885, 54.36345833606518], [7.990133155557448, 54.364484678686225], [7.9861784957660475, 54.366665269457386], [7.9840910255503585, 54.3700004736715], [7.983870744910383, 54.374490291328584], [7.98562863337249, 54.377889829324666], [7.989364690936678, 54.38019908765975], [7.993101165313902, 54.382508229781685], [7.996838056504162, 54.38481725569047], [7.998597087202237, 54.38821668423925], [7.998378257408129, 54.392706515428], [8.000138096741477, 54.39610583331071], [8.003876605202278, 54.398414637887385], [8.00761553094943, 54.400723326145965], [8.011354873982931, 54.403031898086454], [8.013115857633707, 54.40643110638547], [8.012898481901754, 54.410920951043025], [8.012681049553926, 54.415410791294434], [8.012463560590216, 54.41990062713968], [8.014225689884638, 54.42329972579335], [8.017967437437186, 54.42560808725541], [8.023688879094909, 54.426825345517905], [8.031390014857806, 54.42695150058084], [8.037219434932414, 54.425923459471555], [8.041177139318737, 54.42374122219006], [8.043263052998855, 54.42040515476124], [8.043477175972765, 54.41591525718509], [8.041713288287822, 54.41251649358878], [8.03797138994402, 54.41020886397232], [8.034229909184395, 54.40790111789481], [8.030488846008941, 54.40559325535625], [8.028726105108762, 54.402194381862074], [8.02894168648386, 54.39770449741229], [8.027179755185346, 54.394305513008504], [8.023440311213223, 54.39199742865071], [8.019701284351733, 54.38968922793702], [8.015962674600875, 54.38738091086743], [8.014201888001864, 54.38398181670287], [8.014418924554699, 54.37949194544335], [8.01463590466356, 54.37500206972264], [8.014852828328449, 54.37051218954073], [8.013093185104697, 54.36711298567703], [8.009356974992304, 54.36480445813153], [8.003644273815368, 54.36358624159425]]]}}, {"type": "Feature", "properties": {"band": "echo", "dbz": 35.0, "source": "OPERA-ORD", "time": "20260907001000"}, "geometry": {"type": "Polygon", "coordinates": [[[11.253370860833908, 54.410687621689235], [11.249589381091834, 54.41297317404157], [11.247766924314513, 54.41636148011579], [11.24790349050194, 54.420852539911905], [11.248040092277023, 54.425343595628334], [11.248176729639757, 54.42983464726507], [11.250205353021338, 54.43318291007246], [11.254125962421764, 54.4353883840505], [11.259938509882565, 54.436450702687274], [11.267642995403738, 54.43636986598277], [11.275347452301817, 54.43628853653253], [11.283051880576805, 54.43620671433657], [11.288794753541286, 54.435022416465834], [11.292576071195258, 54.432735642920335], [11.294395882917952, 54.42934676019268], [11.294254188709363, 54.42485576828285], [11.292222678446093, 54.42150815303713], [11.288301352128139, 54.41930391445551], [11.28249016042456, 54.41824268623318], [11.274789103335356, 54.41832446837013], [11.268978741539115, 54.417262859737775], [11.265059075035838, 54.41505786033609], [11.261139831514384, 54.412852731854706], [11.257221010974757, 54.41064747429361], [11.253370860833908, 54.410687621689235]]]}}, {"type": "Feature", "properties": {"band": "echo", "dbz": 35.0, "source": "OPERA-ORD", "time": "20260907001000"}, "geometry": {"type": "Polygon", "coordinates": [[[11.328042144294942, 54.33800548940713], [11.324271439293337, 54.34029340377381], [11.320500316988516, 54.34258119937848], [11.316728777380483, 54.34486887622113], [11.312956820343615, 54.34715643425987], [11.309184445877912, 54.349443873494714], [11.309256238750482, 54.35168938944081], [11.313172198961324, 54.35389298209816], [11.317088580765592, 54.35609644565603], [11.32100538416329, 54.35829978011441], [11.323036054602294, 54.36164695182791], [11.323180592082602, 54.36613796079652], [11.323325167171962, 54.370628965574454], [11.323469779870369, 54.37511996616169], [11.321654712251494, 54.378509317089026], [11.317879964315338, 54.380797018356475], [11.314104798082557, 54.383084600724956], [11.31032921355315, 54.38537206419447], [11.308512961955376, 54.388761298177386], [11.308656043289233, 54.39325230267367], [11.308799161880376, 54.397743303026786], [11.308942317728809, 54.40223429923671], [11.310974509047371, 54.40558155039229], [11.314895735836064, 54.40778505649354], [11.32070594789694, 54.408844451364956], [11.32840514523, 54.40875973500653], [11.334216186251755, 54.40981874920821], [11.338139070962203, 54.41202149397], [11.340173850417967, 54.41536833546999], [11.340320524619043, 54.4198592737082], [11.342356167459855, 54.423205978508044], [11.346280778940404, 54.42540844986951], [11.352094307608041, 54.42646632143298], [11.35979675346277, 54.42637959319845], [11.365536050921085, 54.42519163990062], [11.36931219998298, 54.42290246153949], [11.37112525293191, 54.419512424463065], [11.37097520976787, 54.415021528671346], [11.37082520567091, 54.41053062874189], [11.370675240641027, 54.406039724674706], [11.370525314648514, 54.40154881645581], [11.37037542769337, 54.397057904085194], [11.372186935830666, 54.39366774983237], [11.375959839060405, 54.39137835369731], [11.37973232391633, 54.3890888388805], [11.383504390398446, 54.38679920538191], [11.383429085082179, 54.38455374831381], [11.379506407967533, 54.382352467676206], [11.37558415314987, 54.380151057611386], [11.37166232062919, 54.37794951811934], [11.367740910290106, 54.37574784924477], [11.363819922132619, 54.37354605098767], [11.358013253317177, 54.37248845237498], [11.350320903843777, 54.37257505340672], [11.344515061935464, 54.371517074259415], [11.340595727592238, 54.369314514933066], [11.338562952028575, 54.365967741183006], [11.33841673524448, 54.361476753009214], [11.338270556477148, 54.356985760625186], [11.33812441572659, 54.3524947640309], [11.337978312963926, 54.34800376321238], [11.337832248189159, 54.343512758169645], [11.33580128605027, 54.34016582479215], [11.331885426547252, 54.33796296307991], [11.328042144294942, 54.33800548940713]]]}}, {"type": "Feature", "properties": {"band": "echo", "dbz": 35.0, "source": "OPERA-ORD", "time": "20260907001000"}, "geometry": {"type": "Polygon", "coordinates": [[[7.957063478006126, 54.37179096859202], [7.9493728798474255, 54.371660081874694], [7.943548612256148, 54.37268416242618], [7.939590675232291, 54.374863210246495], [7.937498990313372, 54.37819759068868], [7.937273557499392, 54.38268730375273], [7.937048066017307, 54.3871770123269], [7.936822515867117, 54.391666716411194], [7.938577223180019, 54.395066922979524], [7.942312187956013, 54.3973776320319], [7.946047569854296, 54.39968822500711], [7.949783368874869, 54.40199870190517], [7.953519585146543, 54.4043090626848], [7.9572562186693165, 54.40661930734601], [7.962973240388978, 54.40783944494106], [7.970670650305528, 54.407969475469955], [7.976498902565695, 54.406944367762925], [7.98045799716948, 54.40476412181998], [7.980568758649171, 54.40251923650954], [7.976831187004768, 54.4002097118316], [7.973094032564952, 54.397900070956034], [7.969357295329724, 54.39559031388285], [7.967600021770119, 54.39219055128794], [7.967822211886139, 54.387700783171304], [7.968044344206431, 54.38321101058196], [7.968266418730996, 54.3787212335199], [7.966510286266329, 54.37532136172933], [7.962775946812427, 54.373011395210234], [7.957063478006126, 54.37179096859202]]]}}, {"type": "Feature", "properties": {"band": "echo", "dbz": 35.0, "source": "OPERA-ORD", "time": "20260907001000"}, "geometry": {"type": "Polygon", "coordinates": [[[11.404780756339953, 54.389922038027905], [11.397085230458849, 54.3900116340227], [11.391351451909237, 54.39120137074932], [11.387579420691115, 54.393491248207766], [11.385769189887917, 54.396881632341604], [11.38592075949964, 54.401372523150854], [11.387959186037875, 54.404718464363455], [11.391884469502617, 54.40691945597941], [11.397696556758305, 54.40797513186774], [11.40539544780494, 54.40788549202843], [11.411130855413202, 54.40669536734827], [11.414902779583091, 54.40440475782726], [11.416711274279557, 54.401014029584395], [11.4165563395026, 54.39652318261967], [11.414516283905716, 54.3931776293606], [11.410591107488907, 54.3909773698072], [11.404780756339953, 54.389922038027905]]]}}, {"type": "Feature", "properties": {"band": "echo", "dbz": 35.0, "source": "OPERA-ORD", "time": "20260907001000"}, "geometry": {"type": "Polygon", "coordinates": [[[21.42334568245087, 53.8415360729202], [21.415836570968416, 53.84226292503761], [21.408327216302343, 53.842989303770025], [21.400817618452642, 53.84371520911746], [21.395490098948738, 53.84536604004448], [21.392344657790634, 53.84794179655108], [21.391381708580067, 53.85144281782398], [21.392601251317032, 53.85586910386316], [21.39382110276624, 53.860295368726945], [21.39504126292769, 53.86472161241535], [21.39783514408076, 53.86785985933709], [21.40220274622545, 53.86971010949215], [21.40814365506177, 53.87027202345512], [21.41565787058972, 53.869545601225994], [21.423171842378668, 53.868818705295894], [21.430685570428622, 53.86809133566482], [21.43601446412912, 53.86643920721987], [21.439158523480152, 53.863862319961044], [21.44011816396474, 53.86036101315286], [21.438893385582883, 53.85593528679533], [21.437668917011347, 53.851509539129125], [21.43644475825014, 53.847083770154256], [21.433649568700176, 53.84394632596549], [21.42928334836145, 53.842097206562826], [21.42334568245087, 53.8415360729202]]]}}, {"type": "Feature", "properties": {"band": "echo", "dbz": 35.0, "source": "OPERA-ORD", "time": "20260907001000"}, "geometry": {"type": "Polygon", "coordinates": [[[11.250591002621212, 54.38263828928843], [11.242896564122555, 54.38271802333152], [11.2352020978257, 54.382797265339846], [11.227507603730645, 54.382876015313414], [11.221769957000678, 54.38405767556794], [11.217989157635799, 54.38634224610342], [11.216165252225915, 54.389730092857185], [11.216298240771028, 54.39422121582923], [11.218322470131806, 54.39757004399481], [11.222237940308254, 54.399776577353926], [11.228044604664703, 54.40084044978184], [11.235742463201156, 54.400761661278544], [11.243440293895496, 54.40068238049993], [11.251138096747727, 54.400602607446], [11.256876916075615, 54.39941982839841], [11.260656751879155, 54.39713404335717], [11.262477652210551, 54.39374561842824], [11.262339617069799, 54.38925455361161], [11.2603125050922, 54.38590637146919], [11.25639631627776, 54.38370107200099], [11.250591002621212, 54.38263828928843]]]}}, {"type": "Feature", "properties": {"band": "echo", "dbz": 35.0, "source": "OPERA-ORD", "time": "20260907001000"}, "geometry": {"type": "Polygon", "coordinates": [[[9.880779382418385, 54.362126723675075], [9.873087744880895, 54.362118853265926], [9.865396110273734, 54.362110490958], [9.8577044785969, 54.362101636751305], [9.851931554360684, 54.3632177846766], [9.848077337565078, 54.365458934733894], [9.848069353320362, 54.367704880412056], [9.851907601626536, 54.36995562171111], [9.857673382057905, 54.37108542054614], [9.86536669461447, 54.37109427691714], [9.873060010103679, 54.37110264126914], [9.880753328525529, 54.37111051360212], [9.886526260286896, 54.36999325976145], [9.89037880538778, 54.367750879747135], [9.89038510875045, 54.36550493202489], [9.886545170374903, 54.363255416594725], [9.880779382418385, 54.362126723675075]]]}}, {"type": "Feature", "properties": {"band": "echo", "dbz": 35.0, "source": "OPERA-ORD", "time": "20260907001000"}, "geometry": {"type": "Polygon", "coordinates": [[[16.229565601443475, 53.9659833445441], [16.221973066065402, 53.966380661304825], [16.216445857170434, 53.967796619514466], [16.212983974758558, 53.97023121917302], [16.211587648940288, 53.97368481552188], [16.212256879715625, 53.97815740856104], [16.212926282152544, 53.9826299921006], [16.213595856251047, 53.98710256614056], [16.21599749771881, 53.9903577735674], [16.22013120655582, 53.99239561438114], [16.225996752255128, 53.9932157330709], [16.23359413481672, 53.992818129636674], [16.239123854506673, 53.99140165361284], [16.242585911324973, 53.988966304999394], [16.24398053655005, 53.98551243925571], [16.243307730181897, 53.98104005638179], [16.24263509628966, 53.976567663957866], [16.241962634873342, 53.97209526198397], [16.23956027040701, 53.9688404672887], [16.23542800289068, 53.96680327987205], [16.229565601443475, 53.9659833445441]]]}}, {"type": "Feature", "properties": {"band": "echo", "dbz": 35.0, "source": "OPERA-ORD", "time": "20260907001000"}, "geometry": {"type": "Polygon", "coordinates": [[[6.946972855306727, 54.08063841692502], [6.93933972286557, 54.080443127750165], [6.933531797537526, 54.081418315366385], [6.9295490793225945, 54.08356397977369], [6.92739145340135, 54.086880482237966], [6.927058919773794, 54.0913678227592], [6.928718568897658, 54.09478235480329], [6.93237040077294, 54.09712407837023], [6.938014530330374, 54.09839263201136], [6.94565095756996, 54.0985880157267], [6.951460644771411, 54.097612514010606], [6.955443591934729, 54.09546612686309], [6.957599684931093, 54.09214921575847], [6.957928923760506, 54.08766178069674], [6.956267512763236, 54.08424756275252], [6.952615451939282, 54.081906561925805], [6.946972855306727, 54.08063841692502]]]}}, {"type": "Feature", "properties": {"band": "echo", "dbz": 35.0, "source": "OPERA-ORD", "time": "20260907001000"}, "geometry": {"type": "Polygon", "coordinates": [[[16.196525311323832, 53.94967890287498], [16.188935463986958, 53.95007409695716], [16.183409293316352, 53.951488520214966], [16.179946799312006, 53.9539221726484], [16.17854821064629, 53.95737540939091], [16.179213527319213, 53.96184823044252], [16.181610898160404, 53.965104177877336], [16.185740323169863, 53.967143251695376], [16.1916015734552, 53.96796509658708], [16.199194649016412, 53.96756971255243], [16.204722204631793, 53.96615483912247], [16.20818424030135, 53.963720476297176], [16.20958098568763, 53.96026697933495], [16.20891244079064, 53.9557943482358], [16.206513685004673, 53.95253885097314], [16.202384718329736, 53.950500487546975], [16.196525311323832, 53.94967890287498]]]}}, {"type": "Feature", "properties": {"band": "echo", "dbz": 35.0, "source": "OPERA-ORD", "time": "20260907001000"}, "geometry": {"type": "Polygon", "coordinates": [[[15.851191366035117, 53.77791707689728], [15.843629799970337, 53.77829009163777], [15.836068108338019, 53.77866262521658], [15.828506291138162, 53.77903467763372], [15.822990576520338, 53.780432347563774], [15.819520964484548, 53.782855635006754], [15.81809766826531, 53.78630489397272], [15.818720687862621, 53.79078012446166], [15.81934386656719, 53.79525534579021], [15.819967204379013, 53.79973055795835], [15.822326470298595, 53.80299406437991], [15.826421664325935, 53.80504586505489], [15.832252572860696, 53.80588560570498], [15.839819195902884, 53.805513286330175], [15.847385693086176, 53.80514048545403], [15.854952064410575, 53.80476720307655], [15.860469699309556, 53.80336832799635], [15.863938597783116, 53.80094386021344], [15.865358974734683, 53.79749415392166], [15.864730830164257, 53.79301920912101], [15.86410284590938, 53.78854425508975], [15.863475021970052, 53.78406929182789], [15.861113869767168, 53.78080650002947], [15.857019389300728, 53.778755879694515], [15.851191366035117, 53.77791707689728]]]}}, {"type": "Feature", "properties": {"band": "echo", "dbz": 35.0, "source": "OPERA-ORD", "time": "20260907001000"}, "geometry": {"type": "Polygon", "coordinates": [[[7.125150746638216, 52.854254427664365], [7.1212931033025235, 52.85640757576482], [7.119214569905164, 52.85972886570713], [7.118915146446137, 52.86421829749131], [7.120545313475709, 52.867631176542936], [7.124105070993879, 52.86996750286199], [7.127665209104677, 52.87230371997335], [7.131225727808102, 52.87463982787701], [7.134786627220195, 52.87697582653624], [7.138347907340954, 52.87931171595103], [7.14383894453492, 52.8805704715614], [7.151259738802093, 52.880752093367335], [7.158680591134288, 52.880933242947904], [7.166101501531506, 52.88111392030311], [7.171593805423417, 52.882371643216466], [7.175157502810019, 52.88470641168797], [7.17872158122275, 52.887041070731534], [7.18228604066161, 52.889375620347145], [7.185996967335453, 52.88946526110153], [7.189854361244282, 52.88730999299468], [7.1919290712280235, 52.88398755227947], [7.192221097286678, 52.8794979389559], [7.190585196203305, 52.87608598052581], [7.187021367977901, 52.87375167698921], [7.183457920515764, 52.871417264025126], [7.179894853816893, 52.86908274163355], [7.176332167765424, 52.86674810985127], [7.172769862361359, 52.864413368678285], [7.16727979313879, 52.86315570146275], [7.159861960097717, 52.86297510820468], [7.152444185033653, 52.862794042940195], [7.145026467946599, 52.8626125056693], [7.139537664100736, 52.86135380621007], [7.135977773496064, 52.85901794456251], [7.132418263221811, 52.85668197370759], [7.128859133277978, 52.85434589364529], [7.125150746638216, 52.854254427664365]]]}}, {"type": "Feature", "properties": {"band": "echo", "dbz": 35.0, "source": "OPERA-ORD", "time": "20260907001000"}, "geometry": {"type": "Polygon", "coordinates": [[[7.7262709857124205, 52.686582328295714], [7.718881474497728, 52.686437387327075], [7.713280126942072, 52.6874513115211], [7.709466943045453, 52.68962410087781], [7.707441844020656, 52.69295610254484], [7.707204829867682, 52.697447316522215], [7.708875170413414, 52.700852152690764], [7.712452865657853, 52.70317061105048], [7.717937994461796, 52.704402344283956], [7.7253305568252415, 52.70454735239118], [7.730816468638912, 52.70577874786764], [7.734395729902804, 52.70809653071334], [7.737975369716046, 52.71041420250515], [7.741555388078638, 52.71273176324308], [7.745252119609148, 52.712803570110495], [7.749065564307574, 52.71062962310741], [7.751088563220311, 52.70729699963305], [7.751321116347359, 52.70280569968742], [7.749647710362545, 52.69940138984301], [7.746068345265872, 52.69708407009982], [7.742489358455822, 52.694766639304696], [7.738910749932394, 52.69244909745763], [7.735332519582952, 52.690131444595586], [7.731754667407495, 52.68781368071855], [7.7262709857124205, 52.686582328295714]]]}}, {"type": "Feature", "properties": {"band": "echo", "dbz": 35.0, "source": "OPERA-ORD", "time": "20260907001000"}, "geometry": {"type": "Polygon", "coordinates": [[[6.923259281197159, 52.533145067778634], [6.915898441359392, 52.53294912541967], [6.908537663202564, 52.53275271517187], [6.901176946726672, 52.532555837035225], [6.893816292223555, 52.53235849102222], [6.886455699693213, 52.53216067713284], [6.880854949288183, 52.533134437654304], [6.877014041008466, 52.53527977258661], [6.874932868439263, 52.53859702680798], [6.874611431580575, 52.54308620031839], [6.874289915003607, 52.547575365811554], [6.8739683187083624, 52.55206452328747], [6.8755683488383905, 52.55548105162319], [6.879090005393691, 52.55782495081874], [6.884533394966245, 52.55909587573786], [6.891898517556051, 52.55929382638054], [6.899263702258644, 52.55949130882486], [6.9066289490740225, 52.559688323070816], [6.913994257709696, 52.55988486910591], [6.921359628165665, 52.560080946930135], [6.9269625970396245, 52.559105497949886], [6.930803164331573, 52.55695852216515], [6.932881225153844, 52.55364036477207], [6.933196779506435, 52.549151025770655], [6.933512255632289, 52.54466167879847], [6.933827653531406, 52.540172323855494], [6.932223939639734, 52.53675649452754], [6.928701113957272, 52.534414190814594], [6.923259281197159, 52.533145067778634]]]}}, {"type": "Feature", "properties": {"band": "echo", "dbz": 35.0, "source": "OPERA-ORD", "time": "20260907001000"}, "geometry": {"type": "Polygon", "coordinates": [[[7.798298971103087, 52.13943918082645], [7.791000823946817, 52.139299036510195], [7.783702719973727, 52.139158428581325], [7.776404659183815, 52.13901735703984], [7.769106641860838, 52.13887582189446], [7.761808668004795, 52.13873382314519], [7.756278102620643, 52.13975019844055], [7.752514945708383, 52.14192494778054], [7.7487514157551685, 52.144099571059016], [7.744987512760998, 52.14627406827598], [7.7412232366326155, 52.14844843939167], [7.7374585873700195, 52.1506226844061], [7.733693564879949, 52.15279680327948], [7.729928169162404, 52.1549707960118], [7.726162400124119, 52.15714466256329], [7.7223962577650935, 52.15931840293394], [7.720397347695255, 52.1626513145926], [7.7201656699146035, 52.16714339753927], [7.719933935183169, 52.171635472437984], [7.719702143500951, 52.17612753928875], [7.719470294827316, 52.18061959810524], [7.7192383891622605, 52.18511164888746], [7.719006426465109, 52.18960369164909], [7.718774406735863, 52.194095726390145], [7.720427397066695, 52.19750094422319], [7.723965397457605, 52.199819345148235], [7.727503765907166, 52.202137636234205], [7.7310425024153755, 52.20445581748109], [7.734581607090618, 52.20677388885302], [7.738121079932893, 52.20909185035], [7.741660921050602, 52.21140970193611], [7.745201130443747, 52.21372744361137], [7.7487417082207495, 52.216045075339856], [7.752282654381611, 52.21836259712157], [7.7577087876283075, 52.21959250312225], [7.765020107960839, 52.219734793341885], [7.772331472053209, 52.21987661900824], [7.779642879905418, 52.22001798012131], [7.785070212326156, 52.221246863156736], [7.7886134693154245, 52.22356326811453], [7.7921570949777115, 52.225879562947625], [7.795701089313015, 52.22819574765602], [7.799245452429739, 52.23051182220374], [7.802790184327882, 52.23282778659076], [7.804450717678176, 52.23623184373547], [7.804227052480623, 52.24072399363786], [7.805888299248124, 52.24412794459295], [7.8094344579806805, 52.246443696600764], [7.812980985892587, 52.248759338356855], [7.816527882983845, 52.25107486986123], [7.820075149362992, 52.25339029107782], [7.823622785030031, 52.25570560200665], [7.827170790093518, 52.25802080261162], [7.830719164553454, 52.260335892892726], [7.832382843950882, 52.26373952105345], [7.832161828285801, 52.26823168709378], [7.8338262226040705, 52.271635208836386], [7.837376026905691, 52.273950086281275], [7.840926201002443, 52.27626485331102], [7.844476744894326, 52.27857950992562], [7.846142145879819, 52.281982921307836], [7.845922403958922, 52.28647508745767], [7.847588520791241, 52.289878392303095], [7.851140496376775, 52.29219283584411], [7.856578403032895, 52.29341807483865], [7.863902240759601, 52.29355410928672], [7.869340911836575, 52.29477901279582], [7.87289441626382, 52.29709278536597], [7.87644829102987, 52.29940644734006], [7.880002536134726, 52.3017199987181], [7.883557151687182, 52.30403343946386], [7.887112137687235, 52.30634676957734], [7.890667494243701, 52.30865998902229], [7.894223221356578, 52.3109730977987], [7.89966462239345, 52.31219630348506], [7.906991697354319, 52.31232960608135], [7.914318813524354, 52.31246244297839], [7.921645970903557, 52.31259481417619], [7.927194123418278, 52.31157084103819], [7.930963271068516, 52.30939052356442], [7.9347320424114915, 52.30721008022896], [7.938500437447205, 52.305029511031826], [7.944047548208643, 52.30400446568191], [7.951373374695807, 52.30413494417922], [7.956815750501357, 52.305355722198094], [7.960374675625291, 52.30766679973854], [7.96393397148195, 52.309977766343984], [7.9674936380713355, 52.31228862201442], [7.972937212011588, 52.31350837256929], [7.980264693302709, 52.31363701800858], [7.987592214362523, 52.313765197707795], [7.99491977519103, 52.313892911666954], [8.000364546804063, 52.31511163438185], [8.003926529201623, 52.317421365852496], [8.007488882618814, 52.31973098620878], [8.011051607055636, 52.3220404954507], [8.014614702620683, 52.32434989354184], [8.018178169313956, 52.3266591804822], [8.021742007244061, 52.32896835623538], [8.025306216411, 52.33127742080137], [8.028971216421844, 52.33134013492275], [8.032737007276591, 52.32915649859952], [8.034720272655262, 52.325818433575165], [8.034921012557854, 52.32132593984972], [8.033239604765086, 52.317925278608875], [8.029676049276958, 52.31561644985264], [8.026112864769168, 52.31330750991177], [8.022550051241716, 52.31099845878629], [8.01898760858613, 52.30868929651257], [8.015425536802407, 52.30638002309061], [8.009981428135434, 52.30516200964974], [8.00265528258521, 52.30503525618994], [7.997211937785672, 52.30381690608996], [7.993651393736824, 52.301506959349815], [7.990091220308247, 52.29919690158745], [7.9865314174999416, 52.296886732802875], [7.98297198520345, 52.29457645303243], [7.979412923418772, 52.292266062276106], [7.975854232037472, 52.28995556057023], [7.972295911059552, 52.28764494791479], [7.966855289970176, 52.28642489757459], [7.959532368769345, 52.28629540954964], [7.954092511068629, 52.28507502301909], [7.950535716868027, 52.28276373798295], [7.946979292819013, 52.28045234212304], [7.943423238921589, 52.27814083543937], [7.937984578036485, 52.2769194222933], [7.9306633101637, 52.276788102684804], [7.923342083089722, 52.27665631779371], [7.916020896814549, 52.27652406762], [7.910583433203956, 52.27530162823393], [7.907029692257943, 52.272988999635515], [7.905359603725692, 52.26958652493569], [7.905573167607202, 52.265094204134485], [7.905786678890443, 52.260601875527385], [7.9060001375754165, 52.25610953911439], [7.906213543699719, 52.25161719488176], [7.906426897263351, 52.24712484282948], [7.904758111630133, 52.24372225297366], [7.901207186800063, 52.24140942531432], [7.895774193143154, 52.24018601709431], [7.888459130659408, 52.24005202831362], [7.883026898956533, 52.238828284796845], [7.879477498034532, 52.23651478654397], [7.877810856869453, 52.233111876282535], [7.878026975461298, 52.228619554012546], [7.876361048540323, 52.22521653705969], [7.872813076106532, 52.22290282542397], [7.8692654724518505, 52.220589003381406], [7.86571823757628, 52.218275070931995], [7.864053316099404, 52.21487194323451], [7.8642707080212215, 52.21037962028895], [7.866260974413617, 52.20704424810934], [7.870024115276588, 52.20486582669568], [7.873786881937475, 52.20268727949226], [7.877549274396277, 52.20050860649907], [7.877657518955248, 52.198262425431665], [7.874111615614385, 52.195948736290035], [7.8705660805106605, 52.19363493679874], [7.867020913644074, 52.19132102695779], [7.865356865883317, 52.18791788678789], [7.865573937228391, 52.183425516289056], [7.8639106017583105, 52.180022269571], [7.860366859473073, 52.17770814663372], [7.854942781844583, 52.1764828053836], [7.847638368872841, 52.17634624582064], [7.842215050823427, 52.17512057007979], [7.838672827696341, 52.17280577816106], [7.83701162736991, 52.16940221212826], [7.8372314498441344, 52.1649098719814], [7.8374512183143406, 52.16041752383821], [7.837670932780527, 52.15592516769871], [7.83601073286736, 52.152521491171704], [7.8324706185748365, 52.150206494257205], [7.827050662189932, 52.14897983515425], [7.819750863712645, 52.14884151386285], [7.814331665956387, 52.14761452069182], [7.810793068921159, 52.14529885564116], [7.807254838972964, 52.14298308058301], [7.803716976111803, 52.14066719551739], [7.798298971103087, 52.13943918082645]]]}}, {"type": "Feature", "properties": {"band": "echo", "dbz": 35.0, "source": "OPERA-ORD", "time": "20260907001000"}, "geometry": {"type": "Polygon", "coordinates": [[[7.734391040582529, 52.246114869910926], [7.727075435455646, 52.24597062280818], [7.72153056474241, 52.24698524693977], [7.71775642844282, 52.249158742305724], [7.715752950061503, 52.2524914515982], [7.715520129598459, 52.256983374817196], [7.715287251776494, 52.26147529012506], [7.71505431659561, 52.26596719752178], [7.716709595212982, 52.26937238603737], [7.72025308762861, 52.27169085567183], [7.7256848704643595, 52.2729222634775], [7.733004943720232, 52.27306660945439], [7.738437491035178, 52.27429768290641], [7.741982512409199, 52.27661548383357], [7.743639931872687, 52.28002035521428], [7.743409749425644, 52.28451229704858], [7.74506788308535, 52.28791706260779], [7.748614332851806, 52.29023465189193], [7.752161152559735, 52.292552131042115], [7.755708342209136, 52.29486950005835], [7.757367478660573, 52.29827415614828], [7.757138561914047, 52.3027660993119], [7.758798413488091, 52.30617064946232], [7.7623470333827065, 52.30848780659953], [7.766009791666159, 52.30855887348771], [7.7697866883384465, 52.306383850126885], [7.773563208658421, 52.30420870032141], [7.777339352626084, 52.3020334240713], [7.781115120335949, 52.299858021416654], [7.784890511788016, 52.29768249235748], [7.785003822576873, 52.29543649253078], [7.781455052702519, 52.29312002193656], [7.777906652842412, 52.29080344110193], [7.774358622996551, 52.28848675002689], [7.770810963055948, 52.28616994874756], [7.7672636730206035, 52.28385303726394], [7.763716752781546, 52.281536015612105], [7.760170202338777, 52.279218883792076], [7.758511216345708, 52.275814322765385], [7.75873979480234, 52.27132233253202], [7.7589683169579455, 52.26683033442631], [7.759196782812525, 52.262338328448266], [7.757538798844056, 52.25893365783906], [7.753994365052538, 52.25661632259871], [7.750450300476875, 52.25429887730012], [7.74690660511707, 52.2519813219433], [7.7433632788643685, 52.249663656564245], [7.73982032171877, 52.24734588116295], [7.734391040582529, 52.246114869910926]]]}}, {"type": "Feature", "properties": {"band": "echo", "dbz": 35.0, "source": "OPERA-ORD", "time": "20260907001000"}, "geometry": {"type": "Polygon", "coordinates": [[[8.295358885342441, 52.12990801851082], [8.288061101758231, 52.129799458852126], [8.28254404608434, 52.130841179875816], [8.27880771832077, 52.13303318158188], [8.27507101807252, 52.13522505917068], [8.271333945339594, 52.1374168126422], [8.265815844134638, 52.1384574696619], [8.258516714457652, 52.13834703022978], [8.252997887403177, 52.139387324902984], [8.24925936297121, 52.14157835368151], [8.247301082851266, 52.144920458508096], [8.247123047043338, 52.14941363938274], [8.245164001883193, 52.15275560969347], [8.241423947370826, 52.15494636944031], [8.237773322702012, 52.15489043499667], [8.234212127876742, 52.15258780636253], [8.232521289148849, 52.14918991434016], [8.23270080651833, 52.14469675892954], [8.231010684110291, 52.14129875785219], [8.227450921924735, 52.13899591110813], [8.223891527530109, 52.136692952880665], [8.220332500926409, 52.1343898831698], [8.216773842007228, 52.13208670201175], [8.213215550772565, 52.12978340940649], [8.209566476543731, 52.1297265730407], [8.205826619320728, 52.13191619291435], [8.202086389578344, 52.13410568840791], [8.19834578731658, 52.13629505952136], [8.192826094516175, 52.13733220664962], [8.185527311177127, 52.13721712979265], [8.178228563324504, 52.13710158921435], [8.170929850958304, 52.136985584914726], [8.163631174362688, 52.136869116900925], [8.156332533537661, 52.136752185172966], [8.150811482363281, 52.13778756499119], [8.14706802083955, 52.13997525635561], [8.143324186587568, 52.14216282310345], [8.139579979607337, 52.144350265234706], [8.13405788769738, 52.145384579510576], [8.1267579108577, 52.145265765931065], [8.121235094084561, 52.14629971686263], [8.11748943737796, 52.14848643230526], [8.115520878011171, 52.15182625419797], [8.115329415984196, 52.15631918254076], [8.115137906896503, 52.16081210301484], [8.114946350748095, 52.16530501562022], [8.114754747505394, 52.16979792037074], [8.1145630971684, 52.17429081726639], [8.114371399703499, 52.17878370632101], [8.11417965511069, 52.18327658753461], [8.115862663144814, 52.186676156875734], [8.119420423805872, 52.18898241434439], [8.122978553109032, 52.19128856058247], [8.126537051054292, 52.19359459558998], [8.130095917748825, 52.19590051933068], [8.133655153192626, 52.19820633180457], [8.139089245907536, 52.19941826165274], [8.146398195893559, 52.1995363088752], [8.151833047071968, 52.200747901901906], [8.155393799442763, 52.203053040732854], [8.15529966657013, 52.20529949565007], [8.15155064845407, 52.207487266653544], [8.14602092142621, 52.208522115082374], [8.138710485486552, 52.20840404093656], [8.131400086103348, 52.20828550224661], [8.124089723276594, 52.208166499012506], [8.118654965989844, 52.20695386282777], [8.115095814243102, 52.204647593692385], [8.113412205022914, 52.20124803415846], [8.113604138329283, 52.196755184226014], [8.111921245679017, 52.193355516400125], [8.108363527072123, 52.1910490306808], [8.102931045749358, 52.18983538468889], [8.095623801710722, 52.18971457842439], [8.090094674608574, 52.19074700125126], [8.086343664442916, 52.1929326531695], [8.082592280423968, 52.19511818010224], [8.078840522551731, 52.19730358204949], [8.073310354124017, 52.19833493729444], [8.066001775140824, 52.19821224583707], [8.060569817729723, 52.19699686739305], [8.05701448189071, 52.19468880196235], [8.055335702705776, 52.191288391963646], [8.055533480174919, 52.18679563739693], [8.053855416293306, 52.18339511952435], [8.05030151106094, 52.181086838345905], [8.044871829621101, 52.179870451615955], [8.037566371973792, 52.17974595933451], [8.030260952796787, 52.179621002878896], [8.022955572090089, 52.17949558224912], [8.015650230138704, 52.17936969745294], [8.00834492694263, 52.179243348490374], [8.00291686165064, 52.1780252477314], [7.99936603426273, 52.17571539517601], [7.995815574957332, 52.17340543186899], [7.992265483734444, 52.17109535781034], [7.986838606462403, 52.16987623259287], [7.979534943141208, 52.16974805621657], [7.974005584021759, 52.170774902271106], [7.970250529104055, 52.17295677075647], [7.968269710657323, 52.17629400376842], [7.968063128681562, 52.18078660130695], [7.967856495901092, 52.18527919094613], [7.967649812315912, 52.189771772686], [7.967443077889749, 52.19426434654028], [7.967236292622607, 52.198756912509], [7.968908569793085, 52.202158581526646], [7.972459909401184, 52.204469353593225], [7.976011617672024, 52.20678001492021], [7.979563694605605, 52.209090565507616], [7.979460597146238, 52.211336844045164], [7.975702325293925, 52.21351885053284], [7.9719436790877305, 52.21570073157301], [7.968184658527654, 52.217882487165646], [7.966201602873114, 52.22121962437232], [7.965994512124111, 52.22571214319302], [7.965787370388687, 52.23020465418328], [7.9655801776668405, 52.234697157343085], [7.967253636302569, 52.23809880871995], [7.970807746295871, 52.24040960831386], [7.976242575736904, 52.241629213325886], [7.983558124625669, 52.24175762375603], [7.989095874228889, 52.24073061973092], [7.992855824546564, 52.23854820125055], [7.994837908180331, 52.235210711129064], [7.995042125130192, 52.23071814936646], [7.997023436926045, 52.22738052264643], [8.000781843567891, 52.225197830968966], [8.006317412105773, 52.22416973167775], [8.01363014253969, 52.224296224772765], [8.020942911873895, 52.22442225317286], [8.028255720108385, 52.224547816878044], [8.03379024827342, 52.22351864850242], [8.037546496368996, 52.22133474804598], [8.041302370042134, 52.21915072236614], [8.045057869292835, 52.216966571462876], [8.050591356437657, 52.21593633434016], [8.0579028314766, 52.21606001099799], [8.063337300267463, 52.217275777214205], [8.066894762810245, 52.21958363298877], [8.07045259451029, 52.22189137765014], [8.074010795367597, 52.22419901119829], [8.077569365489744, 52.226506533596975], [8.081128304876728, 52.228813944846195], [8.081030312816374, 52.231060308008445], [8.077275389308678, 52.23324562308373], [8.07352009111602, 52.235430813027705], [8.069764418238394, 52.23761587784038], [8.067788145088604, 52.240954754763074], [8.067591271666648, 52.24544744379576], [8.06927297916484, 52.24884761442154], [8.072833267583176, 52.2511552666404], [8.078272201634462, 52.25237005748406], [8.085589781318692, 52.252491986952506], [8.092907398556758, 52.25261345136969], [8.100225053348657, 52.252734450735616], [8.10576142777557, 52.251701835709824], [8.109516521837497, 52.249515606292285], [8.113271240952297, 52.247329251835765], [8.117025585119967, 52.245142772340245], [8.122560914069165, 52.24410908854836], [8.129877227799888, 52.244228200460114], [8.137193578196495, 52.244346847404174], [8.144509965258983, 52.24446502938054], [8.15182638870068, 52.24458274638186], [8.159142848521586, 52.24469999840812], [8.164676813524299, 52.243664542057644], [8.168428283708819, 52.24147637733042], [8.172179379155736, 52.23928808780218], [8.175930099865052, 52.23709967347292], [8.181463017508575, 52.23606314917827], [8.1887781320863, 52.23617851491824], [8.194218630666084, 52.237388100990536], [8.197784513247925, 52.23969190739516], [8.20135076565172, 52.24199560216971], [8.20491738787747, 52.244299185314176], [8.210359071550492, 52.24550774292683], [8.217675816670784, 52.24562127500769], [8.223208505942207, 52.24458300255371], [8.226957139364758, 52.242392925564886], [8.228921657371048, 52.239051387029264], [8.229102059961077, 52.234558386946844], [8.227408890257113, 52.23116043823178], [8.223842148259157, 52.22885754088408], [8.218401893479523, 52.22764935208159], [8.211088125918211, 52.227535871824315], [8.205648630251371, 52.22632734544509], [8.202083406479007, 52.22402377294393], [8.200392394428905, 52.2206254971157], [8.200575594101066, 52.21613251796039], [8.200758748702409, 52.21163953106018], [8.200941858232934, 52.207146536415074], [8.202906487021489, 52.20380531235614], [8.206652635068073, 52.20161585888338], [8.210398409222645, 52.199426280860195], [8.214143809485204, 52.19723657828658], [8.21610723178704, 52.19389520117001], [8.216288676128153, 52.18940214951048], [8.216470075859512, 52.18490909007106], [8.216651430981122, 52.18041602285175], [8.214961221857028, 52.17701783021968], [8.211399448487231, 52.17471451217485], [8.207838043597302, 52.17241108262097], [8.204277007187235, 52.17010754155804], [8.204367988715605, 52.16786100271902], [8.208110988182412, 52.165671466103916], [8.213634172477407, 52.16463334744117], [8.220937541600595, 52.164746646730755], [8.22637015247966, 52.165954727231046], [8.229932005114609, 52.16825758894204], [8.233494226188258, 52.17056033907444], [8.23705681570061, 52.17286297762826], [8.242490605859482, 52.17407003112053], [8.249795596664873, 52.17418149955125], [8.255230143482889, 52.17538821566402], [8.258794246313528, 52.17769017945883], [8.262358717828798, 52.17999203154952], [8.265923558028696, 52.18229377193609], [8.269576475582413, 52.182348816152185], [8.273317470489946, 52.18015716419781], [8.277058091996286, 52.177965387995805], [8.280798340101434, 52.175773487546174], [8.284538214900802, 52.17358146288829], [8.288277716394392, 52.171389314022186], [8.292016844677613, 52.16919704098722], [8.295755599750466, 52.1670046437834], [8.301276865843334, 52.16596231036931], [8.308580642956219, 52.16607004074496], [8.314101181699133, 52.1650273450445], [8.317838482072075, 52.162834223267936], [8.321575409432924, 52.1606409774539], [8.32531196378168, 52.158447607602405], [8.330831453742427, 52.15740384760241], [8.338133879315164, 52.1575096974539], [8.343652641984736, 52.15646557545366], [8.347387741751144, 52.1542714816017], [8.34933912336978, 52.15092775806717], [8.349506786840644, 52.146434404850076], [8.347807641396788, 52.14303811052289], [8.344241687038206, 52.1407388750856], [8.338808978958538, 52.139536356534244], [8.331509517157778, 52.139430554868795], [8.324210088000711, 52.13932428941335], [8.31691069148734, 52.13921756016791], [8.311479157279223, 52.13801401427655], [8.307915485376359, 52.135713651739266], [8.304352181352334, 52.133413177438015], [8.300789245207143, 52.13111259137278], [8.295358885342441, 52.12990801851082]]]}}, {"type": "Feature", "properties": {"band": "echo", "dbz": 35.0, "source": "OPERA-ORD", "time": "20260907001000"}, "geometry": {"type": "Polygon", "coordinates": [[[9.018048090836402, 51.80570150937022], [9.01080207164372, 51.805638929615405], [9.005342440970098, 51.80671552415399], [9.00166919881554, 51.80893129298596], [9.001619309907843, 51.81117869827517], [9.005192774247007, 51.81345774002162], [9.008766601339177, 51.81573666825442], [9.012340791184354, 51.81801548297357], [9.014078324964393, 51.82140228701424], [9.013979202679295, 51.82589708037642], [9.013880056220486, 51.83039186565844], [9.013780885587968, 51.83488664286031], [9.015519462752753, 51.838273324228325], [9.019095787714841, 51.84055190976247], [9.022721356253044, 51.84058299412267], [9.026396168367363, 51.838366577308925], [9.030070614646222, 51.83615003989409], [9.033744695089625, 51.83393338187817], [9.037418409793062, 51.83171660329918], [9.04109175875653, 51.829499704157115], [9.042976537306714, 51.826143843999596], [9.043072745443617, 51.821649022826634], [9.04133300765032, 51.8182626580961], [9.037757323926826, 51.815984749807996], [9.034182003008944, 51.813706727902485], [9.030607044896673, 51.81142859237955], [9.02703244948859, 51.80915034327547], [9.023458216784693, 51.806871980590245], [9.018048090836402, 51.80570150937022]]]}}, {"type": "Feature", "properties": {"band": "echo", "dbz": 35.0, "source": "OPERA-ORD", "time": "20260907001000"}, "geometry": {"type": "Polygon", "coordinates": [[[8.97446278050265, 51.175837110735145], [8.967317093534119, 51.17577187733937], [8.961932141202084, 51.17684677138588], [8.958307923506545, 51.17906179287468], [8.956444407647616, 51.1824172746619], [8.956341593625293, 51.18691321674754], [8.95623875491306, 51.191409149736145], [8.956135891510915, 51.19590507362771], [8.957846205345366, 51.199293502262755], [8.961369696416412, 51.201574435641284], [8.966706397576697, 51.20274754066438], [8.973856308826223, 51.20281281733204], [8.979243770004981, 51.20173762009302], [8.982868781112977, 51.199521948947314], [8.984731309936617, 51.19616613700114], [8.984831356475905, 51.1916701842545], [8.9849313790011, 51.18717422241798], [8.985031377512204, 51.182678251491595], [8.983319938572546, 51.17929013137956], [8.979797062182126, 51.177009862081874], [8.97446278050265, 51.175837110735145]]]}}, {"type": "Feature", "properties": {"band": "echo", "dbz": 35.0, "source": "OPERA-ORD", "time": "20260907001000"}, "geometry": {"type": "Polygon", "coordinates": [[[7.6221482155272415, 50.786495705546685], [7.615065542837451, 50.78634492540154], [7.609695285238566, 50.78735528461295], [7.606037442730586, 50.789526783180904], [7.6040919415309975, 50.79285974961935], [7.603858781639803, 50.797354183928306], [7.601912561594478, 50.80068701403742], [7.598253281395024, 50.802858239946715], [7.594593653930252, 50.805029342877546], [7.590933679200161, 50.807200322829914], [7.587273357121024, 50.809371179766934], [7.583612687692844, 50.8115419136886], [7.57995167083189, 50.81371252455799], [7.576290306538162, 50.81588301237511], [7.572628594727928, 50.81805337710304], [7.568966535401189, 50.82022361874177], [7.565304128474209, 50.82239373725436], [7.56164137394699, 50.82456373264078], [7.557978271735792, 50.82673360486413], [7.554314821840619, 50.828903353924375], [7.550651024177727, 50.83107297978455], [7.546986878747117, 50.83324248244465], [7.545035189920912, 50.836574332709574], [7.544795957699112, 50.84106853057933], [7.5445566685270204, 50.845562718248914], [7.54431732240464, 50.85005689571833], [7.545911112062022, 50.85346635242158], [7.549338037499167, 50.85579108835866], [7.552765304913992, 50.85811571797823], [7.556192914306495, 50.8604402412803], [7.557787622493273, 50.86384958827331], [7.557549429474326, 50.86834375895726], [7.55731117971561, 50.872837919490394], [7.557072873217123, 50.87733206987272], [7.558668500912505, 50.8807413071185], [7.562098062801756, 50.88306563122771], [7.565527967189796, 50.88538984891957], [7.568958214076628, 50.88771396019407], [7.570554762261116, 50.89112308765548], [7.57031761174326, 50.89561723130381], [7.570080404697206, 50.90011136485065], [7.569843141122957, 50.90460548829602], [7.569605820981566, 50.909099601653594], [7.569368444273033, 50.91359370492336], [7.567414616781646, 50.916925728909355], [7.563744338507407, 50.919095673611565], [7.560073710808494, 50.92126549490997], [7.556402733684909, 50.92343519280454], [7.554447750613686, 50.926767056325104], [7.554208761594825, 50.93126108547166], [7.553969715561997, 50.93575510456305], [7.553730612515204, 50.94024911359927], [7.551774472687634, 50.94358081656278], [7.548101296079288, 50.945750213453586], [7.542711158952667, 50.94675697431115], [7.53560406130777, 50.94660109913547], [7.530213249856891, 50.94760750289981], [7.52653872460003, 50.949776185604144], [7.524580408611463, 50.9531074772055], [7.524338301891189, 50.95760137770389], [7.525934151610462, 50.961010954027145], [7.529367957769284, 50.96333620617528], [7.532802107824995, 50.96566135185202], [7.5362366017775955, 50.96798639105737], [7.539671439726095, 50.970311323758146], [7.543106621670493, 50.97263614995434], [7.548379888188048, 50.97387610166429], [7.555491239278762, 50.97403117888799], [7.56260263480266, 50.97418580581469], [7.569714074759744, 50.974339982444405], [7.574988468827963, 50.975578943942054], [7.5784258170073215, 50.977902690307644], [7.580026043717298, 50.98131155179361], [7.579789148957895, 50.985805528399936], [7.5795521976103695, 50.99029949504981], [7.579315189674721, 50.994793451743234], [7.580916342734681, 50.99820220346288], [7.58435565679025, 51.00052575020876], [7.589633207284754, 51.001763761480575], [7.596748994218192, 51.00191623727833], [7.602144428513543, 51.00090692295571], [7.605819510170807, 50.99873581851271], [7.6094942409922135, 50.99656459062233], [7.6131686209777625, 50.99439323928452], [7.616726232183686, 50.99446879295235], [7.620167074609984, 50.99679125162578], [7.623608261729143, 50.99911360344679], [7.627049793541162, 51.001435848415355], [7.63232858340433, 51.00267185691391], [7.639444631318647, 51.00282162894248], [7.644724135406992, 51.00405731343545], [7.648167095669367, 51.00637891039285], [7.65161040085661, 51.00870040038163], [7.655054050968726, 51.01102178340177], [7.658498046104746, 51.01334305941993], [7.66194238626467, 51.015664228436094], [7.665387071547553, 51.01798529041686], [7.6688321019533925, 51.02030624536226], [7.6741141615749875, 51.02154028921249], [7.681233250412335, 51.021687421967556], [7.68651602471073, 51.02292114137736], [7.68996248447017, 51.025241447441886], [7.693409289584423, 51.02756164635462], [7.69685644005349, 51.02988173811558], [7.700416396078954, 51.029954636198966], [7.704089157660817, 51.027780340604785], [7.707761567923468, 51.02560592183218], [7.711433626866908, 51.02343137988114], [7.7151053345766325, 51.02125671478895], [7.71877669105264, 51.01908192655559], [7.722447696380423, 51.01690701521835], [7.726118350559982, 51.01473198077721], [7.729788653676804, 51.01255682326943], [7.733458605730891, 51.010381542695], [7.733569887417243, 51.008134407774634], [7.730122498735861, 51.00581541850831], [7.726675455082156, 51.003496322009696], [7.723228756456129, 51.00117711827879], [7.723339984978301, 50.998929973507295], [7.727009140648674, 50.996754887695204], [7.7305670914369005, 50.99682683645737], [7.734013837342981, 50.999145819793775], [7.737460928211291, 51.00146469588181], [7.740908364041831, 51.00378346472148], [7.746190442518359, 51.005014129753164], [7.753307163640877, 51.005156690976875], [7.760423925675607, 51.005298801487676], [7.767540728622549, 51.00544046128557], [7.772823930000178, 51.006670133171696], [7.776273529808495, 51.008987817146036], [7.777889458505022, 51.01239384388724], [7.777671716089759, 51.01688821339532], [7.777453921617953, 51.021382573099956], [7.777236075089602, 51.025876923001164], [7.778852941588693, 51.02928283817859], [7.782304521115224, 51.031600318632236], [7.785756446295684, 51.033917691603115], [7.789208717130076, 51.03623495709123], [7.790826522433162, 51.03964076066481], [7.790609862204943, 51.04413510232384], [7.792228336129325, 51.04754080118916], [7.795681944206305, 51.04985785726076], [7.799135898299882, 51.05217480576496], [7.802590198410053, 51.05449164670179], [7.806044844635803, 51.05680838003761], [7.809499836977135, 51.05912500577243], [7.81295517553305, 51.061441523872666], [7.816410860303549, 51.06375793433831], [7.819866891387652, 51.06607423713574], [7.8233232687853596, 51.06839043226495], [7.826779992595709, 51.070706519692294], [7.830237062818702, 51.07302249941776], [7.83185915656335, 51.07642766700465], [7.831646273829656, 51.08092202245295], [7.833269038094098, 51.08432708501764], [7.836727449356674, 51.086642854698724], [7.842021575524494, 51.087869000015004], [7.8491514165975556, 51.0880055209665], [7.856281297028829, 51.08814159025736], [7.863411216818315, 51.088277207887586], [7.870541175705579, 51.08841237384932], [7.877671173690622, 51.08854708814257], [7.88480121051299, 51.08868135075949], [7.89193128617268, 51.08881516170008], [7.899061400409215, 51.088948520956585], [7.906191553222596, 51.08908142852899], [7.911590324585726, 51.08805731008462], [7.915257714498603, 51.08587616562348], [7.918924752140459, 51.0836948985746], [7.922591437511294, 51.08151350893796], [7.926257770697681, 51.079331996750824], [7.92992375169962, 51.07715036201319], [7.931858242622673, 51.073812253816456], [7.932061243466839, 51.06931767216062], [7.932264195743343, 51.06482308085168], [7.932467099452189, 51.06032847988961], [7.930838084709791, 51.05692472278531], [7.927377151516149, 51.054611809538784], [7.922084364767461, 51.05338940892245], [7.914959724463726, 51.05325752093633], [7.909667652034271, 51.052034793936556], [7.906208147479094, 51.04972122792316], [7.904581145305909, 51.04631715409529], [7.904786645514715, 51.04182257245295], [7.9049920965905685, 51.03732798110173], [7.905197498533467, 51.03283338004162], [7.903571441556616, 51.0294291934819], [7.900113925660014, 51.027115421422565], [7.896656755514067, 51.024801541501276], [7.893199931118773, 51.02248755371805], [7.891574818330963, 51.01908325446782], [7.891781417150636, 51.01458864375059], [7.890156973536659, 51.01118423914557], [7.886701487489032, 51.00887004065276], [7.881415025005044, 51.00764571750099], [7.874297586084696, 51.00751126969028], [7.8690118364444395, 51.0062866207816], [7.865557776084273, 51.00397177077494], [7.863935338413684, 51.00056705041281], [7.864144523432673, 50.99607245969524], [7.862522753884127, 50.992667634183064], [7.859070029768047, 50.990352573876294], [7.853786417873838, 50.98912694819529], [7.846671918201501, 50.988990757140044], [7.8413890186275355, 50.98776480603433], [7.837937719151941, 50.98544909487813], [7.834486764540909, 50.98313327616202], [7.831036154794438, 50.98081734988601], [7.825754374234887, 50.97959040524914], [7.818641422862257, 50.979452442251414], [7.811528511280628, 50.979314028804595], [7.804415639489998, 50.97917516490867], [7.7991349783507715, 50.977947227090425], [7.795686527862948, 50.97563021534985], [7.794070219366942, 50.97222446011865], [7.794286052862754, 50.96772996139683], [7.794501834848159, 50.963235452796674], [7.794717565323156, 50.95874093431821], [7.794933244323275, 50.95424640594767], [7.7951488718485145, 50.94975186768507], [7.797087387332346, 50.9464158145602], [7.800748790774771, 50.94423824657305], [7.804302775939447, 50.94430785026522], [7.807749342826375, 50.94662462563669], [7.811196253856955, 50.948941293616976], [7.814643509031188, 50.95125785420607], [7.81992152843657, 50.95248507059977], [7.8270303120730995, 50.952622942798094], [7.834139135156585, 50.95276036483516], [7.841247997687026, 50.95289733671098], [7.848356899406845, 50.95303385841767], [7.855465840316041, 50.953169929955195], [7.860745382858005, 50.954395485807275], [7.864195527032736, 50.956710525973904], [7.867646015644981, 50.9590254585343], [7.871096848694737, 50.96134028348848], [7.874548026280122, 50.96365500080299], [7.877999548401133, 50.96596961047781], [7.8814514151559045, 50.968284112479466], [7.8849036265444346, 50.97059850680794], [7.890185707912679, 50.97182241845978], [7.897297659260641, 50.97195584743497], [7.904409648822854, 50.972088826012765], [7.91152167659932, 50.97222135419315], [7.918633742331983, 50.97235343196849], [7.925745846020844, 50.972485059338794], [7.931029447903216, 50.973707308623176], [7.9344845479791015, 50.976020179821624], [7.937939992981294, 50.978332943131505], [7.941395782909794, 50.980645598552826], [7.9466805000616185, 50.981866853368444], [7.953794144436769, 50.98199670757836], [7.959079572983297, 50.98321763631386], [7.962536785701205, 50.98552963957492], [7.965994343573415, 50.98784153483077], [7.9694522465999285, 50.9901533220814], [7.973009472251011, 50.9902175804489], [7.976666020526664, 50.98803430993329], [7.980322218397958, 50.985850917300816], [7.983978065864894, 50.983667402551475], [7.9893629226376195, 50.98263922068039], [7.996476788716135, 50.98276637168755], [8.001860965729108, 50.98173783550881], [8.005515453676534, 50.97955361214416], [8.007440190272927, 50.97621403218517], [8.007635175518285, 50.971719095631826], [8.007830114220022, 50.96722414930839], [8.008025006378139, 50.96272919321487], [8.008219852024745, 50.958234227337414], [8.008414651159839, 50.95373925167602], [8.008609403815502, 50.94924426621687], [8.008804109991736, 50.944749270959974], [8.007173378612848, 50.94134643671408], [8.00371720967884, 50.939035763479176], [8.000261385075714, 50.93672498221306], [7.996805904803468, 50.934414092915716], [7.993350768764504, 50.93210309562068], [7.989895976958824, 50.92979199032796], [7.984615851295649, 50.92857249586388], [7.977510391774981, 50.92844461222844], [7.9721316346998705, 50.92947226722243], [7.968479580070318, 50.931655460845846], [7.964827176033423, 50.9338385324513], [7.9611744225891865, 50.93602148203879], [7.955794696393544, 50.93704810092025], [7.948687997446496, 50.93691838909567], [7.941581335831021, 50.93678822724526], [7.934474711547119, 50.936657615368986], [7.929195485909903, 50.93543577511922], [7.925743658919375, 50.93312270649595], [7.924119166122197, 50.92971873961171], [7.924322007518369, 50.9252238744665], [7.922698181189599, 50.92181980210837], [7.9192476871358854, 50.91950652253733], [7.9139705900100585, 50.91828370580298], [7.906866889812119, 50.9181513519053], [7.901487743648949, 50.91917562329121], [7.8978331515205475, 50.921356519960696], [7.895903048150564, 50.92469437184964], [7.8956974335389996, 50.92918917895804], [7.893766609663208, 50.932526896347746], [7.890110576523189, 50.93470752401876], [7.886557743823265, 50.934640650380786], [7.883108111563434, 50.9323262754338], [7.879658823282284, 50.93001179288384], [7.876209878979815, 50.9276972027309], [7.872761278558166, 50.925382505008386], [7.869313022017339, 50.92306769971629], [7.867693037865816, 50.919662913018186], [7.867901326103601, 50.91516814491405], [7.8681095646917765, 50.9106733668862], [7.868317753630342, 50.90617857893463], [7.868525892953496, 50.90168378104555], [7.8687339826612375, 50.897188973218974], [7.867115207175571, 50.893784066438506], [7.8636695664964975, 50.89146906070416], [7.860224269013047, 50.88915394751943], [7.856779314725221, 50.88683872688432], [7.855161474866029, 50.88343370755413], [7.855370749435471, 50.87893888952888], [7.853753573435985, 50.87553376523375], [7.850309946867573, 50.87321833466875], [7.845039936348874, 50.871992268359584], [7.837943541879885, 50.87185556630623], [7.83267423930807, 50.870629175493555], [7.829232028633429, 50.86831309592156], [7.825790160666539, 50.865996909065636], [7.822348635407402, 50.863680614925805], [7.817080445147489, 50.86245323343358], [7.809985589886802, 50.86231476458894], [7.80289077429974, 50.86217584658178], [7.795795998386307, 50.86203647941209], [7.790528920839848, 50.86080810758786], [7.787089541660363, 50.85849073110907], [7.7836505049284925, 50.8561732475111], [7.780211810644238, 50.85385565679394], [7.776773458710041, 50.85153795899079], [7.773335449125902, 50.84922015410164], [7.771725023335179, 50.845813893400894], [7.771942181337872, 50.84131917688855], [7.770332416903955, 50.83791281181624], [7.766895730033427, 50.83559479818395], [7.761632189780886, 50.83436480692206], [7.754541796146331, 50.83422283803059], [7.747451443119688, 50.83408042030264], [7.74036113070096, 50.83393755373821], [7.733270859145163, 50.83379423834549], [7.726180628452296, 50.83365047412448], [7.720918607227873, 50.83241882843927], [7.7174847954718935, 50.83009930128987], [7.715879122673087, 50.82669222169274], [7.716101588831453, 50.822197589647864], [7.714496575928191, 50.81879040606864], [7.711064083963301, 50.81647067095507], [7.705804183639959, 50.81523805545252], [7.698716874958166, 50.81509255956099], [7.6933451233105234, 50.81610691533589], [7.6896889286970325, 50.81828112277723], [7.686032386588334, 50.82045520751934], [7.682375496984429, 50.82262916956221], [7.678718259801194, 50.824803008869004], [7.675060675038629, 50.82697672543971], [7.673118527923752, 50.83031084175171], [7.672891818456565, 50.83480535780502], [7.670948951860295, 50.83813933820699], [7.667289928134944, 50.84031278295763], [7.6619148194074285, 50.84132536300163], [7.654823625677746, 50.84117707833899], [7.649562633613887, 50.83994208750879], [7.64613184321585, 50.83762039051105], [7.64453118173802, 50.83421231638484], [7.644760649180398, 50.82971786513017], [7.643160646845077, 50.82630968748552], [7.639731174732057, 50.823987783450875], [7.636302044151729, 50.82166577287218], [7.632873255104094, 50.819343655749435], [7.629444807491481, 50.81702143211564], [7.62601670131389, 50.8146991019708], [7.622588936473665, 50.81237666534788], [7.6191615129708055, 50.810054122246875], [7.619277143240586, 50.807806895694625], [7.622935827283005, 50.805634985691114], [7.626594164065163, 50.80346295280657], [7.630252153587062, 50.80129079704098], [7.632196352105695, 50.79795746908241], [7.632426759621063, 50.79346296893088], [7.630828860502094, 50.79005456304615], [7.6274026547487885, 50.78773225142822], [7.6221482155272415, 50.786495705546685]]]}}, {"type": "Feature", "properties": {"band": "echo", "dbz": 35.0, "source": "OPERA-ORD", "time": "20260907001000"}, "geometry": {"type": "Polygon", "coordinates": [[[6.341582885277269, 51.013047689029946], [6.3344698868596705, 51.01281573054214], [6.329045123822377, 51.013764116768456], [6.325308596165387, 51.0158928477089], [6.3232601892483125, 51.01920225287108], [6.322899903071157, 51.023692332255024], [6.324408574750782, 51.027118071725425], [6.327786204287191, 51.029479471282286], [6.33134371104949, 51.02959571387859], [6.335081095037674, 51.02746679951434], [6.338818127173552, 51.02533775714757], [6.342554807457123, 51.023208586778296], [6.346291135969153, 51.02107928844477], [6.350027112709644, 51.01894986214701], [6.350206171931434, 51.01670477881706], [6.346828313634524, 51.014344038454915], [6.341582885277269, 51.013047689029946]]]}}, {"type": "Feature", "properties": {"band": "echo", "dbz": 35.0, "source": "OPERA-ORD", "time": "20260907001000"}, "geometry": {"type": "Polygon", "coordinates": [[[6.64668320832495, 50.96068176643412], [6.642965949728728, 50.962821179253055], [6.63924834051352, 50.964960465314995], [6.635530380679327, 50.96709962461995], [6.631812070144688, 50.969238657129964], [6.628093408909599, 50.97137756284504], [6.626068993967011, 50.974692634232085], [6.6257388253169225, 50.97918387129109], [6.627268680314296, 50.98260567891406], [6.630658558959134, 50.984958057101004], [6.634213249704704, 50.985064700506015], [6.6379327525510075, 50.9829256091291], [6.6416519044443705, 50.98078639094119], [6.645370705384795, 50.97864704594228], [6.649089155453847, 50.97650757417035], [6.6528072546515284, 50.97436797562538], [6.654829924324222, 50.97105250054755], [6.655157164471928, 50.96656114893687], [6.6536260478151, 50.96313961985481], [6.650236574353741, 50.960787913301374], [6.64668320832495, 50.96068176643412]]]}}, {"type": "Feature", "properties": {"band": "echo", "dbz": 35.0, "source": "OPERA-ORD", "time": "20260907001000"}, "geometry": {"type": "Polygon", "coordinates": [[[8.097936302596475, 50.93954782591615], [8.090828885335505, 50.939427115412904], [8.085451411207396, 50.94046020019679], [8.081803880212153, 50.94264708026782], [8.079886232714927, 50.94598808586872], [8.079698468715717, 50.950483216999494], [8.07778010205741, 50.953824089382806], [8.074131132740007, 50.956010703018656], [8.070481813637445, 50.95819719494384], [8.066832144749727, 50.96038356515837], [8.064912643694367, 50.963724282913056], [8.064723310471365, 50.968219348207896], [8.06635950660932, 50.971621241827094], [8.069821232108229, 50.97392996377065], [8.073283302750516, 50.976238577364626], [8.076745718536179, 50.978547082609026], [8.08020847956293, 50.98085547947016], [8.083671585830775, 50.983163767948014], [8.087135037437434, 50.98547194800889], [8.09059883438291, 50.9877800196528], [8.094062976764949, 50.990087982846006], [8.097527464583553, 50.992395837588504], [8.100992297936482, 50.994703583846565], [8.104457476823736, 50.9970112216202], [8.10792300134309, 50.99931875087563], [8.111388871494547, 51.00162617161286], [8.114855087375899, 51.00393348379814], [8.118321648987148, 51.00624068743147], [8.1217885564261, 51.00854778247904], [8.12525580969276, 51.01085476894088], [8.130548810690085, 51.01206737081387], [8.13766755941808, 51.01218558809799], [8.143051984827329, 51.01115029915963], [8.146702086917836, 51.008961503998776], [8.150351838335297, 51.00677258726368], [8.154001239079715, 51.00458354895438], [8.15938468481602, 51.00354722381321], [8.166502175544212, 51.00366361184015], [8.173619699652779, 51.003779549036835], [8.18073725714172, 51.00389503540324], [8.186119722626305, 51.00285767437575], [8.189767096106529, 51.000667465954365], [8.191679320970998, 50.997324741031605], [8.19185639721971, 50.99282949960747], [8.190210482866048, 50.98942937499847], [8.186741577910013, 50.98712436720462], [8.181449738912297, 50.985914145488636], [8.174334965872903, 50.98579870985051], [8.16904383690488, 50.984588160415754], [8.165576352008227, 50.98228249718435], [8.162109212537096, 50.97997672527276], [8.158642418491487, 50.977670844680986], [8.15335239743729, 50.976459298177886], [8.146239149374507, 50.976342085763434], [8.140949838180713, 50.97513021181033], [8.137484463855913, 50.97282367631858], [8.13401943473107, 50.97051703226363], [8.130554750806185, 50.96821027964548], [8.125266547904754, 50.96699740915673], [8.118154826026778, 50.96687842079738], [8.112867332815679, 50.96566522312726], [8.10940406827146, 50.963357816146384], [8.107764973547898, 50.95995653035689], [8.107950048644994, 50.955461365758794], [8.108135079579226, 50.95096619140961], [8.108320066350588, 50.94647100730937], [8.106681922608942, 50.94306960673639], [8.103220648354288, 50.94076198969064], [8.097936302596475, 50.93954782591615]]]}}, {"type": "Feature", "properties": {"band": "echo", "dbz": 35.0, "source": "OPERA-ORD", "time": "20260907001000"}, "geometry": {"type": "Polygon", "coordinates": [[[8.483267484279853, 50.900438967164], [8.476165322573545, 50.90034267248198], [8.469063188563025, 50.90024592802501], [8.461961082248292, 50.90014873379307], [8.456596705514846, 50.901199636763884], [8.452970058362686, 50.90339863693745], [8.451081092809273, 50.906746064373586], [8.45092980885461, 50.91124191907229], [8.45077848881253, 50.91573776409208], [8.450627132683033, 50.920233599432954], [8.452290158247266, 50.923629955626566], [8.455767565505226, 50.92592683267292], [8.461059402516113, 50.92712390027314], [8.468165669279925, 50.92722115842721], [8.475271963799809, 50.92731796651085], [8.482378286075765, 50.92741432452405], [8.487744849936718, 50.92636245312932], [8.491371655382668, 50.92416235232667], [8.493258655420345, 50.92081435243372], [8.493405850049745, 50.91631845345048], [8.49355300958298, 50.91182254480404], [8.493700134020047, 50.9073266264944], [8.492034913462188, 50.90393077913094], [8.4885573479094, 50.901635002713654], [8.483267484279853, 50.900438967164]]]}}, {"type": "Feature", "properties": {"band": "echo", "dbz": 35.0, "source": "OPERA-ORD", "time": "20260907001000"}, "geometry": {"type": "Polygon", "coordinates": [[[8.201310459531646, 50.84229013551874], [8.19421780141391, 50.8421760020353], [8.188854057997894, 50.843214119411506], [8.185219229283604, 50.84540448764733], [8.183313259162198, 50.84874743612926], [8.183136147633677, 50.853242964857294], [8.182958993918664, 50.85773848371336], [8.182781798017153, 50.86223399269748], [8.184423074043744, 50.86563434134954], [8.187882821998436, 50.86793952966951], [8.193161098079571, 50.869149228032846], [8.200257902287154, 50.869263436439525], [8.205624141027467, 50.86822503818966], [8.209259814300509, 50.86603403328324], [8.211164866529318, 50.862690751357405], [8.21133929771389, 50.85819519241214], [8.211513687369289, 50.85369962360725], [8.211688035495513, 50.849204044942724], [8.210045604316598, 50.84580399227296], [8.206586393832543, 50.843499465597965], [8.201310459531646, 50.84229013551874]]]}}, {"type": "Feature", "properties": {"band": "echo", "dbz": 35.0, "source": "OPERA-ORD", "time": "20260907001000"}, "geometry": {"type": "Polygon", "coordinates": [[[7.597555964887334, 50.713977698640896], [7.590484447164538, 50.713825391295934], [7.585122091702492, 50.714834630051115], [7.581468898501193, 50.717005414906446], [7.577815359593481, 50.71917607694823], [7.574161474979355, 50.721346616176476], [7.568798175377358, 50.72235482041044], [7.561725460787491, 50.72220068965012], [7.556361494546438, 50.72320853884117], [7.552706276654199, 50.72537836798359], [7.55075973195806, 50.728710504957476], [7.550521860458021, 50.73320494976282], [7.548574598743873, 50.736536950158], [7.544917946815613, 50.73870650614299], [7.539551980145548, 50.73971328969379], [7.532476698733677, 50.739557300810404], [7.527110065083479, 50.74056372897721], [7.523452079194953, 50.74273257419421], [7.519793747099138, 50.74490129632853], [7.516135068796036, 50.74706989538018], [7.51247604420254, 50.74923837131232], [7.50881667331865, 50.75140672412496], [7.5068658228046825, 50.754738040698356], [7.506623492660637, 50.759232321032506], [7.504671923644355, 50.762563500655666], [7.501011115755837, 50.76473157956784], [7.4956411459285635, 50.76573622953422], [7.488562014162533, 50.7655774505548], [7.483191376844885, 50.76658174462484], [7.479529233975619, 50.768749111744334], [7.4794069520236945, 50.770996210454165], [7.482824530989112, 50.773323040754335], [7.486242450306619, 50.77564976513292], [7.489660709976218, 50.777976383589916], [7.491247814395761, 50.78138678469979], [7.491003763565249, 50.785880968462536], [7.4925915232558085, 50.78929126711352], [7.496011093467439, 50.79161768065273], [7.499431004387814, 50.793943988188055], [7.5028512560169345, 50.796270189719515], [7.506271848452614, 50.79859628521426], [7.509692781694853, 50.80092227467229], [7.513114055841484, 50.80324815806078], [7.516535670892505, 50.805573935379726], [7.5164145328341005, 50.807821027414704], [7.512750641666268, 50.80998943416569], [7.509086403055129, 50.81215771762086], [7.505421817000685, 50.81432587778021], [7.5017568834194455, 50.81649391460675], [7.49809160231141, 50.818661828100495], [7.494425973593093, 50.82082961822445], [7.490759997264491, 50.82299728497861], [7.490638054923235, 50.825244339218074], [7.494060146569326, 50.82757078094285], [7.4993156192681925, 50.82881306401573], [7.5064044730198365, 50.82897118843675], [7.5117815918199975, 50.82796607471989], [7.5154469756686755, 50.82579772286515], [7.519112011827217, 50.82362924770107], [7.522776700295624, 50.82146064922766], [7.526441041157483, 50.81929192748191], [7.530105034412796, 50.81712308246383], [7.532057165108826, 50.81379154735162], [7.532297433245573, 50.8092973221453], [7.5342488436523265, 50.805965650150625], [7.537911396329084, 50.803796531367595], [7.543285167340274, 50.8027896371792], [7.550370156685897, 50.80294496758544], [7.555743258396036, 50.80193771755971], [7.559404472470689, 50.799767887102036], [7.561353723501197, 50.7964358048327], [7.561591011487561, 50.79194147075171], [7.563539543222994, 50.788609251848285], [7.567199318707498, 50.786439148122426], [7.572570413028794, 50.785430831098225], [7.579652826186882, 50.78558430077568], [7.586735282854108, 50.78573732220642], [7.593817783030475, 50.78588989539046], [7.599187929742505, 50.784880542199446], [7.602845722990198, 50.78270926263336], [7.606503169385984, 50.78053786017581], [7.6101602689298655, 50.77836633482677], [7.613817021705451, 50.77619468662311], [7.617473427712742, 50.7740229155648], [7.619417357441989, 50.77068976560753], [7.619648810893192, 50.766195236751294], [7.618052748458307, 50.76278660988151], [7.614629170137334, 50.760463884998174], [7.611205932151948, 50.758141053787185], [7.607783034502146, 50.75581811624853], [7.606187888946618, 50.75240937894202], [7.606420495485362, 50.747914841867676], [7.608363864416804, 50.744581757066], [7.612017995740944, 50.742410124537], [7.615671780954593, 50.74023836925331], [7.619325220057752, 50.73806649121492], [7.621267446674379, 50.73473324655695], [7.621498460804471, 50.7302386352794], [7.619903441199441, 50.72682997944598], [7.616482387859291, 50.72450727905669], [7.613061674211485, 50.722184472407186], [7.60964130025602, 50.71986155949746], [7.606221265895899, 50.717538540360295], [7.602801571131122, 50.71521541499568], [7.597555964887334, 50.713977698640896]]]}}, {"type": "Feature", "properties": {"band": "echo", "dbz": 35.0, "source": "OPERA-ORD", "time": "20260907001000"}, "geometry": {"type": "Polygon", "coordinates": [[[7.735476714009863, 50.78884722017963], [7.728393371581708, 50.78870361286972], [7.723025362680554, 50.78971941632945], [7.7193726873064, 50.79189463055882], [7.7174352751590005, 50.795229584170016], [7.717213126238354, 50.79972427716302], [7.7169909244810775, 50.804218959984276], [7.716768669887172, 50.80871363263378], [7.7183738120918965, 50.81212072689802], [7.721806351095254, 50.814440242777], [7.727066357309469, 50.815671851421584], [7.734153830734542, 50.815815552831786], [7.739524345686318, 50.81479948060739], [7.743177902164799, 50.812623634748405], [7.745114430375436, 50.80928834411969], [7.745333930318228, 50.804793608721226], [7.745553378077837, 50.80029886316646], [7.745772773654262, 50.795804107455396], [7.744166449887841, 50.79239730315854], [7.740734406778574, 50.79007845027591], [7.735476714009863, 50.78884722017963]]]}}, {"type": "Feature", "properties": {"band": "echo", "dbz": 35.0, "source": "OPERA-ORD", "time": "20260907001000"}, "geometry": {"type": "Polygon", "coordinates": [[[7.696114371602816, 50.72505263814115], [7.689040891436489, 50.72490656401257], [7.681967452791557, 50.72476004225946], [7.674894055668018, 50.72461307288182], [7.669532318928169, 50.72562635906505], [7.665882242572011, 50.72779990080916], [7.663943754910854, 50.731134026094324], [7.663716855944698, 50.73562873492054], [7.663489903094835, 50.74012343344755], [7.663262896361262, 50.744618121675344], [7.6630358357070145, 50.74911279961764], [7.662808721132093, 50.75360746727443], [7.6644080710785305, 50.75701540655676], [7.667833885546329, 50.759336617464655], [7.67126004048308, 50.761657721849524], [7.674686535888786, 50.76397871971139], [7.678113371860599, 50.7662996110173], [7.68154054839852, 50.76862039576729], [7.684968065599719, 50.77094107392841], [7.688395923464196, 50.77326164550067], [7.691824122089136, 50.775582110451104], [7.695252661474541, 50.777902468779736], [7.700507832400972, 50.77913533239045], [7.7075896348684285, 50.779280701283255], [7.714671478529791, 50.77942562195048], [7.721753363385058, 50.779570094392135], [7.727119926456068, 50.778554588064374], [7.730771167742821, 50.776379102967184], [7.73088176652116, 50.77413172311452], [7.727451722791085, 50.77181244850637], [7.72402201982317, 50.76949306716272], [7.720592657617417, 50.76717357908359], [7.720703203848914, 50.76492618901497], [7.724353658517659, 50.76275089695687], [7.728003766770603, 50.76057548248295], [7.731653528607747, 50.75839994559321], [7.7317640223284485, 50.75615254529491], [7.728335247932709, 50.753833281588044], [7.7249068139766885, 50.75151391117983], [7.721478720460384, 50.74919443407026], [7.71987543190344, 50.74578728770004], [7.720096948305856, 50.74129247206917], [7.718494316885984, 50.73788522177387], [7.715067537643826, 50.73556553681415], [7.711641098486601, 50.73324574523597], [7.70821499941431, 50.73092584703933], [7.704789240330118, 50.72860584225712], [7.701363821234025, 50.72628573088934], [7.696114371602816, 50.72505263814115]]]}}, {"type": "Feature", "properties": {"band": "echo", "dbz": 35.0, "source": "OPERA-ORD", "time": "20260907001000"}, "geometry": {"type": "Polygon", "coordinates": [[[7.835910968501712, 50.76384066126492], [7.828831193062242, 50.76370342091113], [7.823468342958311, 50.76472406891489], [7.819822418189918, 50.76690260527622], [7.817893351647278, 50.7702393584388], [7.817681143330391, 50.77473432840263], [7.81929258492681, 50.77814004523598], [7.822727676436535, 50.780456508938855], [7.827986485029002, 50.78168339091432], [7.835069010704212, 50.78182069116239], [7.840433302757511, 50.780799744577976], [7.8440793611889, 50.77862055116106], [7.846007119445269, 50.77528343952357], [7.84621657752662, 50.770788409665485], [7.844603693980833, 50.76738299141279], [7.841168468807909, 50.76506718476548], [7.835910968501712, 50.76384066126492]]]}}, {"type": "Feature", "properties": {"band": "echo", "dbz": 35.0, "source": "OPERA-ORD", "time": "20260907001000"}, "geometry": {"type": "Polygon", "coordinates": [[[21.994851170939505, 50.099874337870254], [21.99197014455695, 50.10246599492669], [21.991099015066688, 50.10597566905352], [21.992237782468727, 50.110403360250764], [21.994817687772663, 50.113535143209305], [21.9988387309785, 50.11537101792913], [22.00286010133731, 50.117206738499526], [22.006881798849093, 50.119042304920484], [22.010903823557477, 50.12087771715153], [22.014926175462456, 50.122712975192655], [22.02038908144222, 50.12325181975098], [22.02729254149677, 50.12249425082651], [22.03218420065555, 50.12081913281674], [22.035064058918564, 50.11822646572167], [22.03449271885719, 50.11601285941718], [22.030470180471426, 50.114178313903274], [22.026447969127656, 50.11234361415657], [22.02242608482588, 50.110508760177076], [22.018404527522577, 50.10867375200526], [22.014383297217744, 50.106838589641136], [22.010362393867837, 50.10500327312515], [22.006341817472844, 50.10316780245729], [22.002321567989213, 50.10133217767804], [21.99830164541693, 50.09949639878737], [21.994851170939505, 50.099874337870254]]]}}, {"type": "Feature", "properties": {"band": "echo", "dbz": 35.0, "source": "OPERA-ORD", "time": "20260907001000"}, "geometry": {"type": "Polygon", "coordinates": [[[7.714193296125431, 50.681554638767906], [7.7105488407200715, 50.68372970175228], [7.7086154853877655, 50.68706468714045], [7.708393230128514, 50.69155959493243], [7.709993886944348, 50.69496698699278], [7.713417455835269, 50.69728686332153], [7.716841364168521, 50.69960663309982], [7.7202656119441055, 50.70192629632763], [7.723690199258607, 50.70424585297215], [7.72711512611203, 50.70656530303337], [7.732363081858322, 50.70779669098465], [7.739434066497486, 50.707940016825994], [7.744791902646837, 50.70692360203405], [7.748436590306376, 50.704747446608835], [7.750368060266883, 50.70141187841416], [7.750586312528355, 50.69691689745005], [7.748982905747665, 50.693510009717144], [7.745557839924812, 50.69119121521545], [7.740311184207529, 50.68996018623372], [7.733242938595819, 50.68981692277195], [7.72799698468566, 50.688585571345065], [7.724573322477058, 50.68626613195305], [7.721149999486595, 50.683946586011714], [7.7177270157142726, 50.68162693352105], [7.714193296125431, 50.681554638767906]]]}}, {"type": "Feature", "properties": {"band": "echo", "dbz": 35.0, "source": "OPERA-ORD", "time": "20260907001000"}, "geometry": {"type": "Polygon", "coordinates": [[[22.073391192966074, 50.02636104962647], [22.066502241314527, 50.027121320389135], [22.059613085634794, 50.027881161555044], [22.052723725926874, 50.028640573124214], [22.04784186237662, 50.03031679697923], [22.04496749498403, 50.0329098331201], [22.0455383369625, 50.03512343910982], [22.049554388312043, 50.03695761494838], [22.05357076539999, 50.0387916367432], [22.057587468226338, 50.04062550449428], [22.061604496834292, 50.042459218161284], [22.06562185122384, 50.04429277774421], [22.069067361841444, 50.04391273720702], [22.071941028687103, 50.041319096549714], [22.07481439929424, 50.038725381803346], [22.077687473662863, 50.03613159296792], [22.080560251899094, 50.03353773006553], [22.083432734002944, 50.030943793096185], [22.082860648489113, 50.02873034701992], [22.0788439953576, 50.026897391836734], [22.073391192966074, 50.02636104962647]]]}}, {"type": "Feature", "properties": {"band": "echo", "dbz": 35.0, "source": "OPERA-ORD", "time": "20260907001000"}, "geometry": {"type": "Polygon", "coordinates": [[[7.5055895036098805, 50.614089504519356], [7.501940610992838, 50.61625780754719], [7.498291374453185, 50.61842598774614], [7.49464179399092, 50.620594045116206], [7.490991869523783, 50.622761979620805], [7.487341601051774, 50.62492979125994], [7.485394739726237, 50.62826094918446], [7.4851512855471745, 50.63275545339437], [7.4867336475435335, 50.63616606904685], [7.490141825715316, 50.638492796141925], [7.495375896853771, 50.639735307624626], [7.502435860958896, 50.639893603494954], [7.507670633531431, 50.64113579456085], [7.5110802145713755, 50.64346188082232], [7.514490133690929, 50.64578786133032], [7.517900390890093, 50.64811373608485], [7.523136272842713, 50.64935494511498], [7.530197779548789, 50.64951148842069], [7.535553474991169, 50.648505077339536], [7.539203359169852, 50.646335711871494], [7.541147356709207, 50.643003719197324], [7.541385467609234, 50.63850909931703], [7.539799318812891, 50.63509917909589], [7.536388910320179, 50.63277395853391], [7.5311543174398725, 50.63153311060235], [7.524095540171974, 50.631376635301194], [7.518861648238206, 50.63013546681097], [7.515452641638565, 50.62780960513169], [7.51386844449441, 50.624399377261504], [7.5141090568057365, 50.61990478320043], [7.51252550970065, 50.61649445287878], [7.5091178031791515, 50.61416838629655], [7.5055895036098805, 50.614089504519356]]]}}, {"type": "Feature", "properties": {"band": "echo", "dbz": 35.0, "source": "OPERA-ORD", "time": "20260907001000"}, "geometry": {"type": "Polygon", "coordinates": [[[7.7151400793894425, 50.62645461226286], [7.708081562255499, 50.626309780335724], [7.702731962323794, 50.627324743078375], [7.699091279594325, 50.6294995004908], [7.697159443788276, 50.63283437966393], [7.69693645490565, 50.63732938059775], [7.69853448979131, 50.64073701863635], [7.701953548445259, 50.64305729377975], [7.707193701208567, 50.64428987878499], [7.714254948081235, 50.644434773652065], [7.719605982887537, 50.64341951520461], [7.723246805627473, 50.64124410344264], [7.725177346569492, 50.63790886562478], [7.725397605713597, 50.63341380175105], [7.72379813595334, 50.630006459417245], [7.720378937288723, 50.62768683862337], [7.7151400793894425, 50.62645461226286]]]}}, {"type": "Feature", "properties": {"band": "echo", "dbz": 35.0, "source": "OPERA-ORD", "time": "20260907001000"}, "geometry": {"type": "Polygon", "coordinates": [[[6.464504546690866, 50.341655801978284], [6.4574931627289605, 50.34143202328505], [6.452149426619628, 50.34238703099075], [6.448473338362869, 50.34452082509538], [6.446464791263379, 50.347833729038165], [6.446123785321157, 50.35232574281911], [6.4457826991789675, 50.356817744907396], [6.445441532836812, 50.361309735303], [6.443431815399946, 50.36462246588539], [6.439753546868372, 50.366755936654556], [6.436074938476917, 50.368889281571846], [6.43239599022558, 50.37102250063726], [6.432224951187381, 50.373268466203925], [6.435561821362318, 50.37562717827182], [6.438899022594125, 50.377985788724715], [6.442236554882803, 50.3803442975626], [6.443734496929652, 50.38376951218022], [6.443392848734672, 50.38826143257758], [6.444891417524058, 50.39168655183228], [6.4482302032978085, 50.39404486994431], [6.451739553243512, 50.39415711361412], [6.455419467361169, 50.392023282841706], [6.459099041212953, 50.38988932622252], [6.462778274798864, 50.387755243756565], [6.466457168196373, 50.385621035480646], [6.470135721405483, 50.383486701394766], [6.470305498380989, 50.381240699145465], [6.466966499122889, 50.378883028732744], [6.463627831001242, 50.37652525660973], [6.460289494016046, 50.374167382776434], [6.458790318142041, 50.37074243818499], [6.459130303379226, 50.3662504228354], [6.461138786282365, 50.36293732031382], [6.464815766851457, 50.36080313062024], [6.4684924077105315, 50.358668815195614], [6.472168708859587, 50.356534374039946], [6.474176022001889, 50.35322109840043], [6.474514347137437, 50.34872898827709], [6.473015191946862, 50.34530412274278], [6.469678556430167, 50.34294650179753], [6.464504546690866, 50.341655801978284]]]}}, {"type": "Feature", "properties": {"band": "echo", "dbz": 35.0, "source": "OPERA-ORD", "time": "20260907001000"}, "geometry": {"type": "Polygon", "coordinates": [[[6.709495616548074, 50.08016676820917], [6.705852099573501, 50.082309513989316], [6.7038734596095, 50.085627642285374], [6.703559696656073, 50.09012115309734], [6.701580354363797, 50.093439140118775], [6.697935432732674, 50.09558160334967], [6.694447792753304, 50.0954772211209], [6.6911174344256885, 50.09312599343245], [6.6896097982784495, 50.08970364647026], [6.689924884311585, 50.085210180234334], [6.68841786874464, 50.0817877365683], [6.685088751577614, 50.079436315472165], [6.6816018302949916, 50.07933151516993], [6.677957104896773, 50.08147333566159], [6.6759765376818585, 50.0847909566438], [6.675660128650247, 50.089284378116574], [6.673678858846012, 50.09260185762651], [6.670032728269155, 50.094743395173616], [6.6663862626641395, 50.09688480837695], [6.662739462030965, 50.099026097236504], [6.659092326293121, 50.10116726171619], [6.6554448554506065, 50.10330830181602], [6.650132688613933, 50.104272864151], [6.643155825783099, 50.10406094872112], [6.637843021748545, 50.10502515501763], [6.6341942765102715, 50.10716548304054], [6.632209490268777, 50.11048225426488], [6.631888663024061, 50.11497546869067], [6.629903172796647, 50.11829209807283], [6.626253019586532, 50.12043214241133], [6.622763682131266, 50.12032548968893], [6.619435160430852, 50.1179721399056], [6.616106965715527, 50.115618688392445], [6.612779097985294, 50.11326513514944], [6.6094515571451975, 50.11091148020738], [6.606124343195237, 50.108557723566264], [6.604622398700753, 50.105134271756185], [6.604945723661748, 50.100641124777134], [6.603444399034485, 50.09721757678783], [6.600118424818966, 50.09486362778826], [6.5949679018050595, 50.0935789564293], [6.587992829992764, 50.093363562710955], [6.5810178171902445, 50.09314772857789], [6.574042863397503, 50.0929314540301], [6.567067968853332, 50.092714739079405], [6.560093133557733, 50.092497583725795], [6.5531183577494705, 50.092279987981144], [6.546143641428545, 50.09206195184546], [6.539168984833688, 50.09184347533065], [6.532194387964899, 50.09162455843672], [6.526880675291519, 50.092583427285525], [6.523227846813548, 50.09472008187707], [6.51957468326781, 50.096856611622464], [6.515921184654307, 50.098993016521696], [6.510606595642857, 50.09995085623447], [6.50363091623346, 50.099730130760804], [6.496655297309092, 50.099508964850514], [6.489679738869753, 50.0992873585036], [6.4843642741179695, 50.10024416879418], [6.480708903053743, 50.102379395722224], [6.478713521365344, 50.10569336057198], [6.47837812905277, 50.110186063343434], [6.476382041960033, 50.11349988526098], [6.47272526008713, 50.115634826324616], [6.469236579469584, 50.11552332679537], [6.465916000107397, 50.11316538667324], [6.462595747306706, 50.110807345338024], [6.4592758210675125, 50.10844920278973], [6.454127600042575, 50.10715798315199], [6.447151084231896, 50.10693368642482], [6.440174629904818, 50.10670894921624], [6.43319823706134, 50.10648377152626], [6.42622190594028, 50.10625815336718], [6.4192456365416355, 50.10603209473901], [6.412269429104191, 50.105805595654104], [6.405293283627945, 50.10557865611247], [6.400147020925823, 50.1042851812393], [6.396830640997827, 50.101925171034594], [6.395344037054116, 50.0984989467418], [6.395687209094688, 50.094006508360884], [6.396030300953952, 50.0895140578472], [6.396373312631908, 50.085021595200715], [6.394887535478912, 50.08159527000778], [6.391572969494964, 50.079235082268426], [6.386429721541442, 50.07794071097831], [6.379457791618346, 50.07771215613745], [6.374142484084804, 50.0786636707753], [6.370483798940816, 50.08079525489187], [6.368481628745268, 50.084107229467485], [6.368135973498161, 50.088599594502156], [6.367790237455209, 50.093091947380415], [6.367444420616412, 50.09758428810225], [6.365441092810384, 50.10089608850423], [6.361780254037127, 50.10302734858637], [6.356462012144351, 50.10397774715423], [6.349486367132057, 50.10374728420781], [6.344167490801718, 50.10469732482453], [6.340505383153334, 50.10682786900439], [6.340331361063967, 50.10907398426103], [6.343645424533618, 50.111435670594446], [6.346959814306271, 50.11379725610671], [6.350274530381931, 50.11615874079781], [6.351758075230594, 50.11958559252311], [6.3514104488522625, 50.12407781128261], [6.351062741152163, 50.12857001792627], [6.350714952130297, 50.13306221245409], [6.350367081731861, 50.137554394879196], [6.350019129956853, 50.14204656520156], [6.35150371022133, 50.14547331064551], [6.354820822525291, 50.147834631211026], [6.35831165611685, 50.14794975315377], [6.361976210996009, 50.145818676473745], [6.363981801651185, 50.142507028358054], [6.364328428082378, 50.13801480880669], [6.366333310965341, 50.134703016863284], [6.369996450300072, 50.132571652527844], [6.375317953973084, 50.131620394340196], [6.382297821984378, 50.13184924230035], [6.387446782776238, 50.13314379689017], [6.390764836348665, 50.13550405810965], [6.394083216741448, 50.13786421830814], [6.397401923954586, 50.14022427748563], [6.400720958083679, 50.14258423561149], [6.404040319128727, 50.14494409268571], [6.405528594521907, 50.14837019223775], [6.4051857842632165, 50.15286253426759], [6.403182630343085, 50.15617492344181], [6.399519132761511, 50.15830735976039], [6.3941953985796705, 50.15925952149362], [6.387211427797563, 50.15903140864148], [6.380227519720983, 50.158802854795596], [6.37324367434993, 50.15857385995597], [6.36791906600236, 50.159524989766986], [6.36425369467827, 50.161656244228645], [6.364080510291179, 50.16390233612172], [6.367399512841083, 50.166263265446204], [6.372551600312203, 50.167558252031924], [6.37953677270454, 50.16778729587887], [6.384689550755628, 50.16908197315498], [6.388009934465465, 50.17144228386026], [6.389497816232923, 50.17486854979954], [6.389153196057997, 50.17936077097283], [6.388808495159657, 50.183852980144685], [6.388463713537901, 50.188345177315114], [6.389952425612424, 50.19177134259286], [6.393274631383226, 50.19413147597791], [6.396597164982504, 50.19649150822573], [6.399920026410261, 50.19885143933634], [6.401409569672925, 50.20227750392961], [6.401065794770496, 50.20676970200555], [6.4007219392910635, 50.21126188813132], [6.400378003234627, 50.2157540623069], [6.400033986546763, 50.220246224545434], [6.3996898892274725, 50.224738374846936], [6.399345711222278, 50.22923051322453], [6.399001452531179, 50.233722639678234], [6.4004922517815475, 50.23714859216358], [6.4038181089733826, 50.23950837068059], [6.407144294796638, 50.241868047941566], [6.410470809251316, 50.244227623946514], [6.4119624421645565, 50.24765347574871], [6.41161919353636, 50.25214560334816], [6.409612021089147, 50.25545791859069], [6.405940924822918, 50.2575904214763], [6.402269490616196, 50.25972279868401], [6.39859771846898, 50.26185505021383], [6.398425639804268, 50.264101084021746], [6.401753254622061, 50.266460900107745], [6.405081198530518, 50.26882061489464], [6.408409471529641, 50.27118022838243], [6.409901741936055, 50.27460606334747], [6.409558009749758, 50.27909811978977], [6.407549473538246, 50.28241034509819], [6.403876133301521, 50.28454273927273], [6.400202454649627, 50.28667500769065], [6.396528437582563, 50.28880715035195], [6.392854082023638, 50.290939167219975], [6.3891793879728525, 50.29307105829473], [6.383840069681915, 50.29402258001128], [6.376836127150825, 50.293793732369636], [6.369832247998825, 50.29356444232245], [6.362828432225913, 50.29333470986971], [6.357488234095471, 50.29428519626861], [6.3538116536075, 50.296415901519126], [6.3517985815245765, 50.299727148528035], [6.351449017846701, 50.30421893729532], [6.351099372053599, 50.30871071422088], [6.350749644145271, 50.313202479304735], [6.352239250172608, 50.31662893484091], [6.355568190135611, 50.31899008082942], [6.360736573443365, 50.32028559413446], [6.36774440009587, 50.320515474756036], [6.373087087835876, 50.31956475767036], [6.376764636663384, 50.317433442877416], [6.378776937759323, 50.3141218535374], [6.379123991123691, 50.30962998965032], [6.381135578236632, 50.30631825619546], [6.384811699098145, 50.30418665317283], [6.3883147044327, 50.304300892602214], [6.391644594240298, 50.306660974483606], [6.393136681165801, 50.31008697192683], [6.392790965209209, 50.31457888493188], [6.390779635619878, 50.31789073246417], [6.387102692397807, 50.32002251452369], [6.383425410131257, 50.32215417067429], [6.379747788820228, 50.32428570091595], [6.379574474379174, 50.32653162745782], [6.382905466808096, 50.3288919502999], [6.386236789362815, 50.33125217178957], [6.38956844204333, 50.333612291926855], [6.392900424946642, 50.33597231068077], [6.396232738072753, 50.33833222805133], [6.399565381518682, 50.340692044007554], [6.402898355284433, 50.34305175854945], [6.406231659467045, 50.34541137164602], [6.409565294066518, 50.347770883297294], [6.413071102376319, 50.34788433513209], [6.416749084396448, 50.34575172715043], [6.4204267269621305, 50.3436189933119], [6.424104030073366, 50.34148613361649], [6.429448249074066, 50.340532479010704], [6.4364593839642295, 50.340758029494545], [6.441802959941085, 50.339804015492966], [6.445478977004633, 50.33767043700596], [6.445649694615773, 50.335424424645026], [6.442315112774505, 50.33306597841016], [6.43898086121861, 50.33070743063285], [6.435646939948088, 50.32834878131309], [6.434150911205531, 50.32492343879824], [6.434492774990942, 50.32043140308829], [6.436500930240622, 50.31711866781884], [6.4401753769545715, 50.31498523298988], [6.445516222023023, 50.31403077542295], [6.452523465445975, 50.31425529511804], [6.45769415443458, 50.31554655636079], [6.461028288988837, 50.317904559151216], [6.462525762809016, 50.32132962669161], [6.462186575895117, 50.32582175898197], [6.463684674688665, 50.32924673108489], [6.467020059189658, 50.331604543000395], [6.4703557740553075, 50.333962253278415], [6.473691819285612, 50.336319861918945], [6.477028194977411, 50.33867736889096], [6.480364901130704, 50.34103477419446], [6.485539069750785, 50.342324480247896], [6.492550700837653, 50.34254648705125], [6.497893308888814, 50.34158976731834], [6.501566893904266, 50.33945432104916], [6.503571350669254, 50.33614047172951], [6.503906679183777, 50.3316482193594], [6.505910422445384, 50.328334226776995], [6.509582580454074, 50.32619849398228], [6.513254399375666, 50.32406263570302], [6.516925879210161, 50.32192665193921], [6.518928456764707, 50.31861248678055], [6.5192621320393025, 50.31412014022706], [6.51959572894807, 50.309627781973255], [6.519929247491007, 50.30513541201913], [6.5184280687692056, 50.30171107530603], [6.515092192782665, 50.29935477183395], [6.509921724018974, 50.29806617849048], [6.5029166624781345, 50.29784529527562], [6.497578870457026, 50.29880254006521], [6.493908347955649, 50.30093791285925], [6.490237486770659, 50.303073160163365], [6.486566286902053, 50.30520828197756], [6.481227610309725, 50.30616449232751], [6.474221456993677, 50.30594179121321], [6.469051572275443, 50.304651553124444], [6.465717956155029, 50.30229377806123], [6.464220502702887, 50.29886878914427], [6.464559211919022, 50.29437658637359], [6.464897841626585, 50.28988437182985], [6.465236391825573, 50.28539214551306], [6.465574862569767, 50.28089990741006], [6.465913253859165, 50.27640765752084], [6.4662515657474975, 50.27191539583224], [6.4665897982347635, 50.26742312234426], [6.465093612721047, 50.26399802095801], [6.461763009206347, 50.26164009167351], [6.458432734787416, 50.25928206091495], [6.455102789464254, 50.256923928682326], [6.453607441149336, 50.25349872618797], [6.453946689842662, 50.24900645343189], [6.454285858984767, 50.24451416882525], [6.454624948575651, 50.24002187236805], [6.456628050770777, 50.23670861191127], [6.460295165570145, 50.23457438745493], [6.463793143708025, 50.23468622166016], [6.467121985184417, 50.23704411452699], [6.470451155393424, 50.23940190593224], [6.473780654335046, 50.241759595875905], [6.4771104821054415, 50.24411718432712], [6.480440638704612, 50.246474671285895], [6.483771124228734, 50.24883205672132], [6.487101938677808, 50.25118934063341], [6.4904330821480345, 50.25354652299126], [6.493764554639412, 50.25590360379487], [6.495262588231342, 50.259328340501966], [6.494927182923823, 50.26382073311254], [6.494591698891968, 50.26831311393377], [6.494256136135774, 50.272805482965666], [6.495755008870521, 50.2762301182802], [6.499088317096211, 50.278587019877385], [6.504256165691643, 50.27987586484294], [6.511258554656822, 50.280096653176884], [6.5164270972027225, 50.28138518716055], [6.519761793329346, 50.28374146679396], [6.521262538693788, 50.28716581502795], [6.520929333296047, 50.2916582318625], [6.522430703370375, 50.29508248431186], [6.525766648916773, 50.297438572376024], [6.530937274127224, 50.2987261729436], [6.537942579001728, 50.2989452860146], [6.543113898704717, 50.30023257528658], [6.546451233236189, 50.302588040759545], [6.5497888978093135, 50.30494340438487], [6.55312689242409, 50.30729866616256], [6.558299331650308, 50.30858499182568], [6.5653062154879684, 50.30880238137425], [6.572313159352522, 50.30901932824993], [6.579320163243967, 50.30923583245275], [6.586327226919389, 50.30945189397072], [6.593334350378787, 50.30966751280381], [6.598508332947032, 50.310952222046346], [6.601849174624125, 50.313306021698295], [6.605190346652226, 50.315659719297976], [6.608531849031338, 50.318013314845395], [6.61187368185787, 50.320366808309416], [6.615215845131824, 50.32272019969003], [6.618558338949629, 50.32507348895611], [6.621901163311286, 50.32742667610765], [6.625405877489721, 50.32753341318093], [6.629072481484933, 50.32539370017595], [6.632738746438828, 50.32325386210057], [6.6364046723514045, 50.3211138989548], [6.640070259300336, 50.318973810775205], [6.643735507285622, 50.31683359756177], [6.6474004163849365, 50.31469325935109], [6.6510649865982785, 50.31255279614315], [6.6547292180033235, 50.310412207974494], [6.658393110600071, 50.30827149484511], [6.6603850507191575, 50.30495470994708], [6.660705038360584, 50.30046185328042], [6.661024950866878, 50.295968984999696], [6.661344788238039, 50.29147610510492], [6.659833720047767, 50.28805362163756], [6.656491746296064, 50.285701534597614], [6.651318967165567, 50.28441952086024], [6.644315382656275, 50.284207580425445], [6.639143296864951, 50.28292525469973], [6.635802709791593, 50.28057254368311], [6.634293520714829, 50.27714977046469], [6.63461572963466, 50.27265693504446], [6.636607564189203, 50.26934043230575], [6.640269024378457, 50.267200262248565], [6.645600210835507, 50.26623610193216], [6.652601123560355, 50.26644795135653], [6.659602094645544, 50.26665935850974], [6.666603124091078, 50.26687032339178], [6.671933421598264, 50.26590513100726], [6.675592987167102, 50.26376378135617], [6.67758172121989, 50.260446597405405], [6.677899623756628, 50.255953579154955], [6.678217451723599, 50.25146054923505], [6.678535205120804, 50.24696750764568], [6.680522785001077, 50.243650153097605], [6.684180191364417, 50.24150848559083], [6.687837260179762, 50.239366693423975], [6.691493991447113, 50.237224776597046], [6.695150385243849, 50.235082735146406], [6.698806441569969, 50.23294056907205], [6.702462160502856, 50.23079827841032], [6.706117542042508, 50.22865586316122], [6.709772586266306, 50.22651332336109], [6.71342729317425, 50.22437065900993], [6.717081662843717, 50.222227870144046], [6.72073569527471, 50.22008495676344], [6.720892646236215, 50.21783833908443], [6.717552515728231, 50.21548801710699], [6.714212714090931, 50.21313759289191], [6.710873241324314, 50.210787066439195], [6.709360678386769, 50.20736517910776], [6.709675025278298, 50.20287193089763], [6.709989298522633, 50.19837867096002], [6.7103034981197744, 50.19388539929494], [6.708791781975297, 50.19046340859908], [6.705454150089203, 50.188112698872416], [6.700290700644728, 50.18683294782723], [6.693301433641871, 50.18662415546352], [6.686312224144864, 50.186414921653835], [6.6793230721537045, 50.18620524639819], [6.674160730995522, 50.184924532769436], [6.670825200670315, 50.182572780767586], [6.67098385207531, 50.18032618326452], [6.674636685210508, 50.17818474026024], [6.679957013010744, 50.17721883393715], [6.686944835476017, 50.177428464295225], [6.6922645233215, 50.17646220157354], [6.695916076547195, 50.17432004577209], [6.696073989201349, 50.17207341404325], [6.692738261283965, 50.16972230638702], [6.6894028613974275, 50.16737109666147], [6.686067789541733, 50.165019784866594], [6.684558387379187, 50.16159749074893], [6.684874654909789, 50.1571042143085], [6.6851908484224865, 50.1526109260524], [6.68550696791728, 50.14811762598062], [6.685823013444063, 50.14362431407988], [6.686138985002838, 50.139130990350175], [6.688121239153048, 50.13581328955246], [6.691769775894693, 50.133671211686746], [6.697084693588316, 50.132704434969845], [6.704065992233918, 50.13291295940176], [6.709380271285322, 50.131945826764074], [6.713027530742527, 50.12980303705679], [6.715007672877778, 50.12648491207172], [6.7153206976910775, 50.121991451808846], [6.713810755611671, 50.11856940861035], [6.710477846639558, 50.116218782476224], [6.707145264822124, 50.11386805431405], [6.703813010159366, 50.11151722412383], [6.703969743962668, 50.10927048731545], [6.707615466232033, 50.107127843888904], [6.7129270456725, 50.10616027694206], [6.719904482284072, 50.10636778647492], [6.725215423811062, 50.10539986392843], [6.728859870253471, 50.1032565093026], [6.730837724496201, 50.099938044164915], [6.731148986539253, 50.09544446851538], [6.72963868731202, 50.09202259226359], [6.726306826814501, 50.08967241540954], [6.722975293053466, 50.08732213652461], [6.719644086028914, 50.08497175560882], [6.716313205646318, 50.08262127269296], [6.71298265190568, 50.08027068777705], [6.709495616548074, 50.08016676820917]]]}}, {"type": "Feature", "properties": {"band": "echo", "dbz": 35.0, "source": "OPERA-ORD", "time": "20260907001000"}, "geometry": {"type": "Polygon", "coordinates": [[[6.795698201739056, 50.225657870590496], [6.788702816244507, 50.22545508532726], [6.781707486729091, 50.225251858161876], [6.774712213192806, 50.22504818909432], [6.769388442243998, 50.22601861471414], [6.765736173882666, 50.228163135021326], [6.763755311553384, 50.23148207270374], [6.76344585525615, 50.23597542776138], [6.764963199852569, 50.239396544588104], [6.768307345342642, 50.2417454231839], [6.773478388366423, 50.24302174071273], [6.780476328923915, 50.24322549717457], [6.787474325540396, 50.24342881154555], [6.794472378215867, 50.24363168382566], [6.799797329452352, 50.24266030513229], [6.803449179249851, 50.240514675465434], [6.805427831971604, 50.237195117699], [6.8057332876176115, 50.23270163183299], [6.804213485202044, 50.22928098248051], [6.800868424724902, 50.22693316964158], [6.795698201739056, 50.225657870590496]]]}}, {"type": "Feature", "properties": {"band": "echo", "dbz": 35.0, "source": "OPERA-ORD", "time": "20260907001000"}, "geometry": {"type": "Polygon", "coordinates": [[[6.841759980392082, 50.19208954843465], [6.838113714063221, 50.19423651897055], [6.834467111025331, 50.19638336548022], [6.830820171278412, 50.198530087963675], [6.82732467077539, 50.198429875349724], [6.823980609516266, 50.19608272763837], [6.820636877025315, 50.19373547737225], [6.81729347330254, 50.191388124551366], [6.812126686563032, 50.1901135839359], [6.805136516806791, 50.189911855525864], [6.798146402629433, 50.1897096855794], [6.791156344030956, 50.18950707409651], [6.784166341252335, 50.18930402108833], [6.777176394293572, 50.18910052655487], [6.771856763101415, 50.190071106565675], [6.768207447675865, 50.19221576112075], [6.766228351728224, 50.195534812585336], [6.7659194752584915, 50.200028260959414], [6.765610526383745, 50.204521697648936], [6.7653015051039835, 50.20901512265391], [6.766818176164172, 50.212436259055096], [6.770160539564312, 50.21478510685252], [6.7753286917440905, 50.21606134345234], [6.782322632703509, 50.216264968854574], [6.789316629602187, 50.21646815244893], [6.796310682440122, 50.21667089423541], [6.803304790975831, 50.216873194202876], [6.810298955209312, 50.217075052351305], [6.815620549492879, 50.216102884942416], [6.819269573826534, 50.21395669197621], [6.8229182611383195, 50.21181037488595], [6.826566611428234, 50.20966393367165], [6.831887313225108, 50.208690737022295], [6.838880366528942, 50.20889078493789], [6.844200425917696, 50.20791723262804], [6.847847491391372, 50.20577008009275], [6.849821468819772, 50.20244964993125], [6.850122358202897, 50.197955942143565], [6.848600380559973, 50.19453583197897], [6.845255535890999, 50.19218931943745], [6.841759980392082, 50.19208954843465]]]}}, {"type": "Feature", "properties": {"band": "echo", "dbz": 35.0, "source": "OPERA-ORD", "time": "20260907001000"}, "geometry": {"type": "Polygon", "coordinates": [[[6.801200208177183, 50.14477340264514], [6.794216794234878, 50.14457100791371], [6.788902575050098, 50.145542453180745], [6.785257550622842, 50.14768773844626], [6.783281625408599, 50.15100718568919], [6.78297479940737, 50.15550079490955], [6.782667901554644, 50.159994392389244], [6.782360931850423, 50.16448797812826], [6.783877506444333, 50.16790895971586], [6.787217625336374, 50.17025733715205], [6.792381384220718, 50.17153278822974], [6.799368783097368, 50.17173531294892], [6.804685457924985, 50.17076362726948], [6.808331408703571, 50.168617731191404], [6.810306540324006, 50.165297946943106], [6.810610852786287, 50.16080427452457], [6.810915094016374, 50.15631059038638], [6.811219264014266, 50.151816894528544], [6.809701490546993, 50.14839618495243], [6.806361773614554, 50.14604846165805], [6.801200208177183, 50.14477340264514]]]}}, {"type": "Feature", "properties": {"band": "echo", "dbz": 35.0, "source": "OPERA-ORD", "time": "20260907001000"}, "geometry": {"type": "Polygon", "coordinates": [[[6.978034812590744, 50.005678398958764], [6.971071275084607, 50.0054872454028], [6.965776487385075, 50.006467343087664], [6.96215044949215, 50.00861869201334], [6.958524078159838, 50.010769917814855], [6.95489737338814, 50.01292102049219], [6.951270335100082, 50.01507200000964], [6.947642963295665, 50.0172228563672], [6.944015257897914, 50.01937358952913], [6.94038721890683, 50.02152419949544], [6.935090268961206, 50.02250256736523], [6.928124408061043, 50.0223086931385], [6.922826820989078, 50.02328670749854], [6.919197507745312, 50.02543661044536], [6.915567860755857, 50.02758639007851], [6.911937880020713, 50.029736046398], [6.908307565462953, 50.03188557936805], [6.904676917082574, 50.03403498898866], [6.901045934802647, 50.03618427522403], [6.897414618623173, 50.038333438074176], [6.892114869751058, 50.03930972098536], [6.885146688186304, 50.03911312395759], [6.878178560341908, 50.03891608693288], [6.87121048621787, 50.03871860991121], [6.86590985060544, 50.03969386835113], [6.862276653504618, 50.04184186225263], [6.8603108022028305, 50.04516291271149], [6.8600122967000745, 50.04965701972771], [6.858045746185979, 50.05297793011603], [6.854411150660546, 50.05512564387646], [6.849108603155791, 50.056099839777175], [6.842138103671715, 50.05590051781819], [6.835167658699966, 50.055700755707825], [6.828197268240542, 50.05550055344609], [6.822893834774781, 50.056473724075886], [6.819257358302683, 50.05862026759722], [6.817287744755287, 50.06194050521846], [6.816984994132592, 50.06643443693958], [6.816682172756019, 50.0709283568074], [6.8163792806255685, 50.075422264821896], [6.817895653755961, 50.078842939175196], [6.821231292147198, 50.08119037986731], [6.824567257382369, 50.08353771821472], [6.827903549461475, 50.08588495421743], [6.829420769682907, 50.08930552400503], [6.8291189180466665, 50.09379942757752], [6.828816995821768, 50.09829331934719], [6.82851500300821, 50.10278719931405], [6.828212939558435, 50.107281067491456], [6.827910805472442, 50.11177492387942], [6.827608600702626, 50.11626876849131], [6.827306325248989, 50.12076260132713], [6.828824844291515, 50.12418305259064], [6.832164157830202, 50.12653012228182], [6.835503799010031, 50.128877089506815], [6.8388437678309995, 50.131223954265614], [6.840363136484298, 50.1346443009546], [6.840061904969925, 50.13913812957377], [6.841581897938169, 50.14255837857033], [6.8449231153890295, 50.14490504794428], [6.848414683268938, 50.14500469087086], [6.852056601577897, 50.142857307350084], [6.855698184118523, 50.140709800002035], [6.85933943089082, 50.13856216882671], [6.864651372021603, 50.13758732398905], [6.871634007510874, 50.13778526548905], [6.878616697142016, 50.137982765961894], [6.885599440915028, 50.13817982540759], [6.8925822385897835, 50.13837644381531], [6.899565090166283, 50.13857262118508], [6.904875889255995, 50.137596077399834], [6.908514635858918, 50.1354468124596], [6.910481238011708, 50.132125148382066], [6.9107756957143645, 50.12763108516724], [6.9110700845395465, 50.12313701025124], [6.911364404487254, 50.118642923634084], [6.911658655603891, 50.11414882530234], [6.911952837889459, 50.10965471525601], [6.913917869057032, 50.10633285532335], [6.917553749106612, 50.10418324550436], [6.922860569554839, 50.103205564078976], [6.929838330401712, 50.1033998110472], [6.935144511104997, 50.10242177542058], [6.938779111664693, 50.10027145719913], [6.940742041192973, 50.09694917810989], [6.941033299689836, 50.09245493815286], [6.941324490111212, 50.0879606864611], [6.941615612457101, 50.08346642303461], [6.941906666773325, 50.07897214785994], [6.9421976530598855, 50.074477860937094], [6.942488571362563, 50.06998356225265], [6.942779421681356, 50.06548925180661], [6.943070204062008, 50.06099492958553], [6.943360918504516, 50.056500595589405], [6.943651565054579, 50.05200624980481], [6.9439421437121975, 50.047511892231746], [6.945902210481433, 50.04418933383118], [6.949531765362286, 50.04203857460311], [6.954830898612311, 50.041059293358444], [6.961799610231508, 50.04125149009719], [6.968768374141041, 50.041443246775415], [6.97573719034091, 50.04163456339313], [6.982706058592681, 50.041825439939885], [6.989674978896357, 50.04201587641568], [6.994972970084449, 50.041034901172424], [6.998600032156958, 50.038882514210115], [7.0005560763002395, 50.03555903675487], [7.000841102514296, 50.0310644688067], [7.001126062200637, 50.0265698890692], [7.001410955359264, 50.02207529754237], [6.99988334085533, 50.01865693571926], [6.996543218688834, 50.01631480359984], [6.993203422587164, 50.013972568692964], [6.9898639525503174, 50.011630230998634], [6.986524808484875, 50.00928779054778], [6.983185990390834, 50.006945247340425], [6.978034812590744, 50.005678398958764]]]}}, {"type": "Feature", "properties": {"band": "echo", "dbz": 35.0, "source": "OPERA-ORD", "time": "20260907001000"}, "geometry": {"type": "Polygon", "coordinates": [[[6.278664533314377, 50.04846041554317], [6.275003896712304, 50.050588857436225], [6.271342925753702, 50.05271717374962], [6.2676816204385695, 50.054845364483356], [6.264197844237926, 50.05472740920635], [6.260891597151771, 50.05236330791859], [6.257585675128492, 50.04999910620538], [6.254280078168089, 50.0476348040667], [6.250796366420169, 50.047516408991655], [6.2471345398847316, 50.049643920980216], [6.245125103527107, 50.05295367211604], [6.244768057347295, 50.057445662399104], [6.246242583953672, 50.06087392196775], [6.249548683346239, 50.06323845082196], [6.252855108007532, 50.065602879253206], [6.256161857937551, 50.06796720726148], [6.259468933231684, 50.07033143481641], [6.262776333889931, 50.072695561917996], [6.266261429576198, 50.07281356752739], [6.269924220290482, 50.07068545164458], [6.273586676336882, 50.06855721012989], [6.277248797715396, 50.06642884298331], [6.280733957708103, 50.06654640859534], [6.284042156315002, 50.06890990696599], [6.287350680366005, 50.07127330478968], [6.290659529861112, 50.073636602066394], [6.294144753922411, 50.07375372766825], [6.297806352549902, 50.07162468159524], [6.2998131186696025, 50.068314075218765], [6.300165052281514, 50.06382190853882], [6.298686846591902, 50.060394289854585], [6.295378501600766, 50.05803121916604], [6.292070481847602, 50.055668047928116], [6.288762787332409, 50.05330477614082], [6.285455417959964, 50.050941403834535], [6.282148373730263, 50.04857793100928], [6.278664533314377, 50.04846041554317]]]}}, {"type": "Feature", "properties": {"band": "echo", "dbz": 35.0, "source": "OPERA-ORD", "time": "20260907001000"}, "geometry": {"type": "Polygon", "coordinates": [[[6.324682351118468, 49.81578461528524], [6.3210420633293065, 49.8179149533988], [6.319048151860187, 49.821226541293576], [6.31870061671111, 49.825719378969566], [6.31670600854504, 49.829030823427345], [6.313064327361974, 49.8311608746669], [6.309422315594921, 49.833290801030415], [6.305779973243883, 49.8354206025179], [6.302137300234935, 49.83755027909354], [6.298494296568079, 49.83967983075735], [6.294850962169397, 49.84180925747351], [6.291207297038887, 49.843938559242005], [6.289210149164495, 49.84724954172661], [6.2888595185462215, 49.85174220492733], [6.288508806416515, 49.85623485554728], [6.2881580127753764, 49.86072749358645], [6.287807137568277, 49.86522011905797], [6.287456180795213, 49.869712731961826], [6.287105142401607, 49.874205332311114], [6.28675402238746, 49.87869792010583], [6.2864028206981395, 49.883190495359074], [6.286051537333648, 49.88768305807086], [6.284051894846798, 49.89099377170973], [6.280403893237591, 49.89312263627568], [6.275107641482075, 49.89406933253274], [6.268163139580248, 49.893833860480896], [6.263043292554396, 49.89253398113481], [6.259748100404518, 49.89016969449449], [6.256453230584699, 49.887805307724676], [6.2531586830949415, 49.885440820825366], [6.249686854868708, 49.88532244011438], [6.246037745905999, 49.8874501655917], [6.244035505815127, 49.89076022205357], [6.243680134596094, 49.89525260949998], [6.241677194540561, 49.89856252183277], [6.238026685648526, 49.900689959051974], [6.234375844972332, 49.902817270958856], [6.23072467251198, 49.904944457553434], [6.228720580651396, 49.90825419424016], [6.228363569390582, 49.912746481019006], [6.2263587767767055, 49.916056073427384], [6.222706202809769, 49.91818297146527], [6.219053296756611, 49.92030974409291], [6.215400058617234, 49.92243639131029], [6.211746488317548, 49.92456291308139], [6.2080925858575515, 49.9266893094062], [6.204438351163156, 49.92881558024867], [6.200783784234361, 49.930941725608804], [6.198776434811054, 49.934250853266306], [6.198416302893235, 49.93874296322116], [6.196408251470458, 49.9420519463266], [6.192752280542723, 49.94417780258263], [6.1890959770781615, 49.94630353325814], [6.185439341076773, 49.94842913835312], [6.181782372464426, 49.95055461783149], [6.178125071241118, 49.95267997169325], [6.174467437332724, 49.95480519990225], [6.170809470739242, 49.956930302458524], [6.168798857193469, 49.96023881990147], [6.168435596695406, 49.96473075223108], [6.169901975685303, 49.96816015899688], [6.173197994163159, 49.970527040198874], [6.1764943361678935, 49.97289382139617], [6.1797910016995035, 49.97526050258877], [6.181258191670168, 49.97868981005852], [6.180895906079887, 49.98318174380542], [6.180533536023118, 49.98767366508224], [6.180171081499862, 49.99216557388899], [6.181639083309572, 49.9955947820425], [6.184937541452252, 49.99796128954276], [6.190066568410418, 49.99926477632132], [6.197026164184072, 49.99950524237816], [6.203985825223705, 49.99974526920694], [6.210945551529315, 49.999984856807636], [6.216075690602673, 50.00128739054271], [6.219376242443777, 50.003652870412154], [6.222677118476434, 50.00601825006563], [6.225978318700646, 50.00838352950314], [6.229458608156801, 50.00850267712153], [6.2331179868449, 50.0063756929208], [6.236777031970114, 50.004248583131805], [6.2404357435324425, 50.00212134775455], [6.243916097686406, 50.00224005606596], [6.2472180944320055, 50.00460470806603], [6.250520415449219, 50.00696925975686], [6.253823060738047, 50.009333711138446], [6.257126030393469, 50.01169806218053], [6.260429324415483, 50.0140623128831], [6.2602515049698955, 50.01630837616578], [6.256592572056704, 50.01843625202859], [6.252933305339321, 50.02056400233349], [6.249273704817748, 50.02269162708046], [6.249095802385792, 50.024937678006324], [6.252399598043455, 50.02730215511106], [6.255703718368025, 50.02966653184849], [6.259008163359503, 50.03203080821861], [6.262312933113016, 50.03439498419114], [6.265618027628564, 50.03675905976607], [6.270753394379505, 50.038058795279206], [6.277719033365839, 50.03829419073053], [6.2846847363805, 50.0385291465043], [6.2916505034234875, 50.03876366260051], [6.298616334257522, 50.03899773900636], [6.305582228882605, 50.03923137572187], [6.310894194164408, 50.038283364334966], [6.314552230102937, 50.036153704845646], [6.316556227739453, 50.03284271781587], [6.316906187073961, 50.02835040324564], [6.318909480477613, 50.02503927229692], [6.322566107950409, 50.02290932496973], [6.327876178119037, 50.021960240835625], [6.334839690983497, 50.0221920198946], [6.340149129587148, 50.02124257834319], [6.343804493929993, 50.019111916181394], [6.345805676016842, 50.01580035384873], [6.346152675847694, 50.01130789134521], [6.3446726518182714, 50.0078807845304], [6.341365603928574, 50.0055190334043], [6.33805888049336, 50.003157181672705], [6.334752481512631, 50.000795229335594], [6.3332732778296545, 49.99736802191617], [6.333621269444436, 49.992875559414415], [6.335621802898304, 49.98956404844414], [6.33927487819126, 49.98743348900533], [6.344580603245631, 49.986483560969454], [6.351538978061415, 49.9867142643365], [6.356844072546396, 49.98576397928326], [6.360495886700574, 49.983632705809754], [6.3624943132312435, 49.98032076405548], [6.3628393521384075, 49.97582815402043], [6.36135914110389, 49.972401205189556], [6.358053680127691, 49.97003991756288], [6.352923076409053, 49.96874397114676], [6.345967329947975, 49.96851336594119], [6.339011646209252, 49.96828232175111], [6.332056025192884, 49.9680508385765], [6.326926527535577, 49.96675393821678], [6.32362315323733, 49.96439162067195], [6.323797193666726, 49.96214535850555], [6.327448648823767, 49.96001515171761], [6.332751530322889, 49.95906576529558], [6.339705838164095, 49.959297199239415], [6.346660208683254, 49.959528194291536], [6.353614641880369, 49.959758750451925], [6.358916659525152, 49.9588083365848], [6.362566261617603, 49.95667695269018], [6.364563341085985, 49.953364918669116], [6.364907897930294, 49.948872234521616], [6.36690427655144, 49.945560057105155], [6.370552476949423, 49.94342838641974], [6.374200344893592, 49.94129659077977], [6.377847880383947, 49.939164670185235], [6.379843110498547, 49.93585231870214], [6.380186035237394, 49.931359536330476], [6.382180565295979, 49.92804704160052], [6.385826700674304, 49.92591483451229], [6.389472503902439, 49.92378250256712], [6.3931179749803855, 49.92165004576502], [6.3951113582209285, 49.91833737715301], [6.395452653624069, 49.91384449673109], [6.3939718685836375, 49.91041786891], [6.390669003099632, 49.90805749368975], [6.387366460541502, 49.90569701787851], [6.3840642409092485, 49.90333644147625], [6.380762344108891, 49.900975764513205], [6.377460770140432, 49.89861498698937], [6.374159518909909, 49.89625410893492], [6.370858590417323, 49.89389313034986], [6.369379844067769, 49.89046621205923], [6.3697232798612475, 49.88597335406303], [6.37006663579395, 49.8814804835965], [6.370409911865879, 49.876987600659625], [6.37075310813046, 49.872494705239276], [6.37109622458769, 49.86800179733546], [6.373088577568257, 49.86468934259788], [6.37673016707216, 49.86255734102653], [6.380371425507211, 49.86042521473186], [6.3840123528734125, 49.85829296371388], [6.384183464966245, 49.85604647887921], [6.38088476178571, 49.85368576022786], [6.377586380599303, 49.85132494111568], [6.3742883214070245, 49.84896402154267], [6.370990584115249, 49.84660300153894], [6.367693168723976, 49.844241881104466], [6.362575753037433, 49.84294636052667], [6.355638337055621, 49.84271643980554], [6.350348976210126, 49.84366705493833], [6.346707670500953, 49.84579820592502], [6.343066033965254, 49.84792923211195], [6.33942406660303, 49.85006013349912], [6.335955125580405, 49.84994450435643], [6.332659210897381, 49.84758234468389], [6.331184530243766, 49.84415484659513], [6.33153108361956, 49.83966201009015], [6.331877556496851, 49.83516916101385], [6.332223948875637, 49.83067629936623], [6.332570260809703, 49.826183425134154], [6.3329164922990495, 49.821690538317625], [6.331442829786054, 49.81826293273913], [6.328149273270717, 49.815900608398685], [6.324682351118468, 49.81578461528524]]]}}, {"type": "Feature", "properties": {"band": "echo", "dbz": 35.0, "source": "OPERA-ORD", "time": "20260907001000"}, "geometry": {"type": "Polygon", "coordinates": [[[6.3766220878698086, 50.0235734637005], [6.369658198490264, 50.0233443219696], [6.362694371626132, 50.02311474067149], [6.355730607277415, 50.02288471980617], [6.350421006963684, 50.02383514727187], [6.346765570684935, 50.02596602306858], [6.344764190628649, 50.0292776676615], [6.344416866794826, 50.03377008105065], [6.345897920017835, 50.03719708113306], [6.349207350297678, 50.039558667908736], [6.35434526554087, 50.04085452076623], [6.361311665747411, 50.04108463970553], [6.368278128558104, 50.04131431889135], [6.375244653972949, 50.041543558323696], [6.380555443973323, 50.04059218751591], [6.384210498559229, 50.03846020646803], [6.386209710809353, 50.035147935833734], [6.3865530807236945, 50.03065537561304], [6.385069582400545, 50.02722883026851], [6.381759215839903, 50.02486829980013], [6.3766220878698086, 50.0235734637005]]]}}, {"type": "Feature", "properties": {"band": "echo", "dbz": 35.0, "source": "OPERA-ORD", "time": "20260907001000"}, "geometry": {"type": "Polygon", "coordinates": [[[6.744821309422149, 49.97314425450527], [6.741187784709374, 49.975288332397405], [6.7375539270550515, 49.97743228649755], [6.733919736459184, 49.97957611680571], [6.730285212845685, 49.98171982328606], [6.726650356214558, 49.98386340593861], [6.724677508358216, 49.987182106504065], [6.724366669276661, 49.99167592498244], [6.724055757679765, 49.99616973142702], [6.723744773567528, 50.0006635258378], [6.721770789052666, 50.003982056411374], [6.718133804135178, 50.006125323147735], [6.714496485737673, 50.00826846593407], [6.7108588338601525, 50.01041148477039], [6.707220848426441, 50.01255437962081], [6.703582529436536, 50.01469715048533], [6.699943876814262, 50.01683979732806], [6.696304890559621, 50.01898232014901], [6.694328368717284, 50.02230039841146], [6.694014311287251, 50.02679403211543], [6.695520406352278, 50.03021642664821], [6.698846653912365, 50.03256758200979], [6.70217322722584, 50.034918635522246], [6.705500126292703, 50.03726958718558], [6.7088273512071686, 50.039620436969074], [6.712154901969239, 50.041971184872715], [6.7173027676810815, 50.04325015866989], [6.724270948342697, 50.04345735836061], [6.729574693576869, 50.04248916200523], [6.733214003383599, 50.04034556960377], [6.735188781115198, 50.03702690216278], [6.735499026771669, 50.032533159682224], [6.735809200024223, 50.02803940523186], [6.736119300872856, 50.02354563881168], [6.7364293293662225, 50.01905186040834], [6.736739285504319, 50.01455807002183], [6.7387124868768, 50.011239203762955], [6.7423489334836635, 50.009095261631714], [6.745985046604954, 50.00695119564334], [6.7496208262406725, 50.00480700579783], [6.7515928909712155, 50.00148796977447], [6.751901240796585, 49.996994087573285], [6.752209518718148, 49.992500193359504], [6.752517724735904, 49.98800628713313], [6.75282585889812, 49.98351236888086], [6.753133921204796, 49.979018438602665], [6.751625482213234, 49.97559665898747], [6.748300541923436, 49.973247030035296], [6.744821309422149, 49.97314425450527]]]}}, {"type": "Feature", "properties": {"band": "echo", "dbz": 35.0, "source": "OPERA-ORD", "time": "20260907001000"}, "geometry": {"type": "Polygon", "coordinates": [[[6.46556422730859, 49.95440191233663], [6.4586101216088165, 49.95417842687287], [6.45165607665575, 49.95395450251154], [6.444702092449391, 49.953730139252635], [6.4377481692257135, 49.95350533710831], [6.430794306984716, 49.95328009607858], [6.423840505962342, 49.95305441617563], [6.416886766158589, 49.95282829739946], [6.411586319635317, 49.95378174964803], [6.40793916639253, 49.95591477292133], [6.405945200829141, 49.959227687120745], [6.405604422945151, 49.96372049224624], [6.403609756577059, 49.96703326332059], [6.399961201724864, 49.969166000343776], [6.3963123139455895, 49.97129861242755], [6.392663093239236, 49.973431099571904], [6.392492256580562, 49.97567747157113], [6.395799803969568, 49.97803772842523], [6.3991076755197165, 49.98039788452945], [6.40241587123101, 49.98275793988381], [6.403899341692869, 49.98618433321255], [6.40355808690529, 49.99067706451566], [6.405042170700689, 49.9941033630054], [6.408351593079063, 49.99646322868178], [6.411661339957699, 49.99882299353345], [6.414971411336595, 50.0011826575604], [6.414800993555916, 50.00342901688818], [6.4111500866156605, 50.00556207151678], [6.407498846123985, 50.00769500114912], [6.403847272080888, 50.0098278057852], [6.403676774782033, 50.01207415286113], [6.406987354227421, 50.01443404237692], [6.412124116081032, 50.01572721509563], [6.419087060342868, 50.01595367101727], [6.42439405636989, 50.015000158058285], [6.428045104162097, 50.012866676218685], [6.43169581831828, 50.01073306943947], [6.435346198838441, 50.00859933772064], [6.440652325574808, 50.00764479683179], [6.4476141985273845, 50.007869446772915], [6.452919693107354, 50.00691454931678], [6.456568809314719, 50.00478010446339], [6.460217592032118, 50.002645534788854], [6.463866041259551, 50.00051084029318], [6.467514157072339, 49.998376021012405], [6.471161939470482, 49.99624107694652], [6.474809388529304, 49.99410600813155], [6.478456504248804, 49.991970814567495], [6.483759864621215, 49.99101417708585], [6.490719469646535, 49.99123609568663], [6.496022198001895, 49.990279102054], [6.499668049687294, 49.98814319618794], [6.499834363177462, 49.985896669220224], [6.496521138472398, 49.983539521150846], [6.491385381283843, 49.98225001143285], [6.484427091611796, 49.98202814006625], [6.479292017740461, 49.98073832149787], [6.475980159669838, 49.9783805557277], [6.474491413663764, 49.97495516297144], [6.474825779722238, 49.97046214322908], [6.475160067872859, 49.96596911122757], [6.475494278115628, 49.96147606696693], [6.4740063574673785, 49.95805057239458], [6.470696305928111, 49.95569262751053], [6.46556422730859, 49.95440191233663]]]}}, {"type": "Feature", "properties": {"band": "echo", "dbz": 35.0, "source": "OPERA-ORD", "time": "20260907001000"}, "geometry": {"type": "Polygon", "coordinates": [[[6.307612334050743, 49.99088077363369], [6.310916715001971, 49.993243542658476], [6.314221420178684, 49.995606211185034], [6.317526449580879, 49.99796877921338], [6.317351426536307, 50.000214967201934], [6.313696351044967, 50.00234477515072], [6.3083884999060285, 50.00329296028299], [6.3014278731194935, 50.00305952259875], [6.296295441930611, 50.00176120579516], [6.292991206339381, 49.99939800987222], [6.291515057110753, 49.99597025504908], [6.291866994244727, 49.99147794132574], [6.293870391657689, 49.98816720064806], [6.297525249349637, 49.986038033016015], [6.301004544540491, 49.98615493418032], [6.304308277230249, 49.98851790414097], [6.307612334050743, 49.99088077363369]]]}}, {"type": "Feature", "properties": {"band": "echo", "dbz": 35.0, "source": "OPERA-ORD", "time": "20260907001000"}, "geometry": {"type": "Polygon", "coordinates": [[[6.831463759097997, 49.90249815661924], [6.82451585167342, 49.90229780041351], [6.819229550055522, 49.90327094738263], [6.815604854244304, 49.90541759752662], [6.815454381662752, 49.90766476233408], [6.818778132310867, 49.91001244180501], [6.82210220690014, 49.91236001925876], [6.82542660543057, 49.91470749469533], [6.826938555003296, 49.91812838974667], [6.826638055618316, 49.92262270441278], [6.826337486235759, 49.92711700701149], [6.826036846855624, 49.93161129754281], [6.827549636830449, 49.93503208769779], [6.830875856160235, 49.93737937747645], [6.836015598029306, 49.9386528467227], [6.8429688624376634, 49.938852495436535], [6.849922180858164, 49.93905170521036], [6.856875553290807, 49.93925047604417], [6.862164803928332, 49.93827578969018], [6.865789932770738, 49.93612764614838], [6.867750847614397, 49.93280636561134], [6.868047548459311, 49.928311948079056], [6.866532341364866, 49.924891623365085], [6.863205226331063, 49.92254539146943], [6.859878435496986, 49.92019905740227], [6.856551968862633, 49.91785262116362], [6.853225826334936, 49.91550608278411], [6.8499000079138925, 49.91315944226377], [6.846574513506452, 49.910812699633205], [6.843249343112614, 49.90846585489243], [6.839924496639343, 49.90611890807206], [6.8365999740866386, 49.90377185917209], [6.831463759097997, 49.90249815661924]]]}}, {"type": "Feature", "properties": {"band": "echo", "dbz": 35.0, "source": "OPERA-ORD", "time": "20260907001000"}, "geometry": {"type": "Polygon", "coordinates": [[[6.765659360229004, 49.84654407825626], [6.758719853010139, 49.84633959728411], [6.7534384281302104, 49.84730963350138], [6.749815085589219, 49.84945418690808], [6.746191412264671, 49.851598616874384], [6.742567408156564, 49.85374292340028], [6.73894307318948, 49.85588710645025], [6.735318407363419, 49.858031166024276], [6.735164360760395, 49.86027826217858], [6.73848093338041, 49.86262839491317], [6.7436102254342085, 49.863906183261264], [6.750552236921791, 49.864111627222854], [6.7556822067061075, 49.865389105718634], [6.759000134787155, 49.86773861874861], [6.762318385972197, 49.87008803003626], [6.765636960261231, 49.87243733958158], [6.769108376014785, 49.87253941520171], [6.772732633232857, 49.87039425689663], [6.77635655935529, 49.86824897519333], [6.779980154382086, 49.8661035700918], [6.7834516251544175, 49.866205207527074], [6.7867709716722855, 49.868553887499154], [6.790090641367083, 49.87090246563611], [6.793410634238808, 49.87325094193794], [6.796730950380353, 49.87559931637412], [6.800051589791719, 49.87794758894468], [6.8033725525658175, 49.880295759619074], [6.806693838702646, 49.882643828397306], [6.81016607329212, 49.882744610813376], [6.813789256334237, 49.880598106867296], [6.815751402785477, 49.87727765831418], [6.816052512645838, 49.87278326515403], [6.814542685490956, 49.869362145323784], [6.811221921320833, 49.86701429882344], [6.807901480307427, 49.86466635042568], [6.8045813624507385, 49.86231830013051], [6.801261567657966, 49.85997014796842], [6.79794209592911, 49.85762189393941], [6.792811842942685, 49.85634638084998], [6.785870808698693, 49.85614360870012], [6.7807412329384205, 49.85486778551963], [6.7774231156618665, 49.85251891130851], [6.774105321227302, 49.85016993533779], [6.770787849634726, 49.84782085760748], [6.765659360229004, 49.84654407825626]]]}}, {"type": "Feature", "properties": {"band": "echo", "dbz": 35.0, "source": "OPERA-ORD", "time": "20260907001000"}, "geometry": {"type": "Polygon", "coordinates": [[[6.798101829987408, 49.803587405430065], [6.7944838989826595, 49.80573350600803], [6.792523563011295, 49.809053795549275], [6.792220822073314, 49.8135482740538], [6.793727698945099, 49.81696972369934], [6.7970441936266495, 49.81931814448587], [6.802170399680922, 49.820593217338114], [6.809106317107917, 49.82079494225606], [6.816042288755129, 49.82099622947009], [6.822978314622557, 49.82119707898022], [6.8282550870027015, 49.82022390496371], [6.831872605895562, 49.818076707420566], [6.832022380259332, 49.81582942095058], [6.828704410094013, 49.813482045553755], [6.823578064614739, 49.81220795437062], [6.816643343821509, 49.812007147401175], [6.811517673848089, 49.81073274620921], [6.808201054694476, 49.80838475079473], [6.804884757710698, 49.80603665360089], [6.801568782896754, 49.80368845462769], [6.798101829987408, 49.803587405430065]]]}}, {"type": "Feature", "properties": {"band": "echo", "dbz": 35.0, "source": "OPERA-ORD", "time": "20260907001000"}, "geometry": {"type": "Polygon", "coordinates": [[[6.814517501991723, 49.73989181844222], [6.807593307850257, 49.73969047731194], [6.802324769071552, 49.74066297499543], [6.798711885655607, 49.74280931149271], [6.796754564567223, 49.746129805180544], [6.7964528058064, 49.750624456058944], [6.7979581389537636, 49.75404596004666], [6.801270564009314, 49.75639431714367], [6.806390174088836, 49.757669208828624], [6.813316969192331, 49.757870635101504], [6.818586901244035, 49.75689786152984], [6.822199970243947, 49.75475088811365], [6.824156083643391, 49.75143003339506], [6.824455241442366, 49.74693529737408], [6.822948515022005, 49.74351406927453], [6.819635904382306, 49.74116634909642], [6.814517501991723, 49.73989181844222]]]}}, {"type": "Feature", "properties": {"band": "echo", "dbz": 35.0, "source": "OPERA-ORD", "time": "20260907001000"}, "geometry": {"type": "Polygon", "coordinates": [[[6.640829385696956, 49.64462925779913], [6.633919593396151, 49.644417008220834], [6.62700985782531, 49.6442043228382], [6.620100178984435, 49.64399120165121], [6.614838349367942, 49.64495477352332], [6.61122436897583, 49.647095038454516], [6.609258139853582, 49.65041231380737], [6.6089396620011955, 49.654906599581885], [6.608621110424038, 49.659400872722664], [6.608302485122109, 49.663895133229715], [6.60979185707983, 49.66731930140294], [6.613089226297201, 49.66967337724234], [6.6163869150116765, 49.67202735217839], [6.619684923223258, 49.67438122621108], [6.619525823601838, 49.67662834881864], [6.615909616147417, 49.67876872000103], [6.612293080760312, 49.68090896772403], [6.6086762174405225, 49.68304909198764], [6.608517044120763, 49.6852962020001], [6.611815560801034, 49.68765029776143], [6.615114397272443, 49.690004292591134], [6.618413553534988, 49.69235818648921], [6.621713029680711, 49.694711979425605], [6.625012825709613, 49.69706567140032], [6.630121503907034, 49.698348776540186], [6.637039064272976, 49.69856129484522], [6.642306078406998, 49.69759694473659], [6.6459225463091, 49.69545572621429], [6.64953868604322, 49.69331438430926], [6.653154497609361, 49.691172919021504], [6.656769981081784, 49.689031330386285], [6.660385136460489, 49.68688961840361], [6.663999963819736, 49.684747783108755], [6.6676144631595236, 49.682605824501714], [6.671228634554113, 49.680463742617754], [6.674842478003506, 49.678321537456874], [6.676805549361731, 49.675003205502655], [6.6771178486287885, 49.670508746755104], [6.67743007561319, 49.66601427544073], [6.677742230314934, 49.66151979155955], [6.676248470411235, 49.65809644973935], [6.672948795902092, 49.65574424998013], [6.667843303056398, 49.654462874769635], [6.660931991874154, 49.654252324107844], [6.655827169867613, 49.65297064099466], [6.652528837036774, 49.65061782543009], [6.649230823427857, 49.64826490888292], [6.645933129040858, 49.64591189135316], [6.640829385696956, 49.64462925779913]]]}}, {"type": "Feature", "properties": {"band": "echo", "dbz": 35.0, "source": "OPERA-ORD", "time": "20260907001000"}, "geometry": {"type": "Polygon", "coordinates": [[[21.793782539048333, 49.07488893268792], [21.790945631357737, 49.07747611353144], [21.79006984882762, 49.08098630959434], [21.79115519145798, 49.08541952087661], [21.79224077884629, 49.08985270517823], [21.793326610992544, 49.0942858624992], [21.794412688053647, 49.0987189928434], [21.795499010029594, 49.10315209621085], [21.798004730009655, 49.10629148433407], [21.801929847993826, 49.108137157213086], [21.80531127639651, 49.10776623135357], [21.808149015217708, 49.10517870675554], [21.80902412900163, 49.101668468730544], [21.80793661774828, 49.09723551727859], [21.8068493516616, 49.092802538814794], [21.805762330741594, 49.08836953333916], [21.804675554831217, 49.0839365008478], [21.803589023930467, 49.079503441340705], [21.801084567083475, 49.076364019256914], [21.797162184290247, 49.07451823459641], [21.793782539048333, 49.07488893268792]]]}}, {"type": "Feature", "properties": {"band": "echo", "dbz": 35.0, "source": "OPERA-ORD", "time": "20260907001000"}, "geometry": {"type": "Polygon", "coordinates": [[[6.041165486691291, 49.525450549406806], [6.034275266155163, 49.52520055038962], [6.029014628606722, 49.52613601028364], [6.02538357404597, 49.52825692908889], [6.023381988383503, 49.531563622535565], [6.023009871619324, 49.53605609062367], [6.024453923672433, 49.539488125626775], [6.027714144542829, 49.54185972754489], [6.032790648418143, 49.54317058050555], [6.039683435298375, 49.54342068450875], [6.044945469879872, 49.54248496129368], [6.048576752162633, 49.54036341086034], [6.050577168514138, 49.53705634910661], [6.050946718934389, 49.5325637760325], [6.049501269848223, 49.52913200435044], [6.046240821255644, 49.526761034060414], [6.041165486691291, 49.525450549406806]]]}}, {"type": "Feature", "properties": {"band": "echo", "dbz": 35.0, "source": "OPERA-ORD", "time": "20260907001000"}, "geometry": {"type": "Polygon", "coordinates": [[[6.723264143517929, 49.47709817688746], [6.719667879965812, 49.47924230343624], [6.716071291844882, 49.48138630737703], [6.712474379155138, 49.48353018870983], [6.708877141823234, 49.485673947399775], [6.70527957984917, 49.48781758344688], [6.701681693159595, 49.489961096816316], [6.698083481754513, 49.492104487508065], [6.694639658630605, 49.49200027224325], [6.69135022378787, 49.489648451021864], [6.689860148107677, 49.48622504433354], [6.690169431590025, 49.481730052178264], [6.688679957469802, 49.47830654920621], [6.685391725747007, 49.47595453541739], [6.680304831388728, 49.47467369486427], [6.673419274394966, 49.47446402754686], [6.668177192345176, 49.4754303451459], [6.664578585239359, 49.47757264766141], [6.662623357555278, 49.480891251019614], [6.662311509292933, 49.4853861552205], [6.661999589112962, 49.48988104656676], [6.661687597015363, 49.49437592505837], [6.663175906369274, 49.49779969182059], [6.666464517174693, 49.500152346853426], [6.671553525101038, 49.501433574010115], [6.678442930148308, 49.50164337329066], [6.6853323906073605, 49.50185273818944], [6.692221906478194, 49.50206166870644], [6.697311983899329, 49.503341948245875], [6.7006026228707665, 49.505693576807765], [6.703893578836737, 49.508045104476366], [6.707184851797238, 49.510396531251686], [6.710630013399824, 49.51050035580964], [6.714229063644493, 49.50835657815023], [6.717827788872123, 49.50621267780925], [6.721426189082713, 49.50406865478672], [6.725024264349748, 49.501924509117515], [6.7286220146732285, 49.499780240801634], [6.730573678146646, 49.49646055808213], [6.730879254770001, 49.491965460958994], [6.731184760947909, 49.487470351033465], [6.731490196680369, 49.482975228305556], [6.7299977547334455, 49.47955227860946], [6.72670743510714, 49.4772015019452], [6.723264143517929, 49.47709817688746]]]}}, {"type": "Feature", "properties": {"band": "echo", "dbz": 35.0, "source": "OPERA-ORD", "time": "20260907001000"}, "geometry": {"type": "Polygon", "coordinates": [[[6.547117910671928, 49.40747308660279], [6.540242437307618, 49.40725505814543], [6.535004976223614, 49.4082150381386], [6.531405527419916, 49.410353026582285], [6.5294439919342455, 49.41366933869351], [6.529120369766605, 49.418163974472264], [6.52879667308562, 49.42265859719576], [6.528472901891293, 49.42715320686399], [6.529949850617312, 49.43057886318241], [6.533227519263675, 49.432935566151016], [6.536666824213156, 49.43304485422162], [6.540267765465755, 49.43090672739422], [6.5438683829342095, 49.42876847749584], [6.547468676618521, 49.42663010452647], [6.550908039070536, 49.42673895901205], [6.554186470290255, 49.42909504095259], [6.555665004402527, 49.432520419393825], [6.555343641407349, 49.43701509433574], [6.556822773713932, 49.44044037735553], [6.560102401322276, 49.44279626845321], [6.565182622634251, 49.44408245208095], [6.572063437649856, 49.44429892823874], [6.578944309661159, 49.444514970647525], [6.585825238668158, 49.444730579307304], [6.591065365754627, 49.44376842535299], [6.594664690920564, 49.4416285087846], [6.5982636921399855, 49.4394884693006], [6.601862369412892, 49.43734830690098], [6.605460722812047, 49.43520802162057], [6.60905875233745, 49.433067613459365], [6.609217159308999, 49.43082019043006], [6.605935943726691, 49.428465752532645], [6.602655043637068, 49.42611121420137], [6.599374459040131, 49.42375657543624], [6.5960941898455765, 49.4214018362668], [6.592814236053405, 49.41904699669308], [6.58773571256821, 49.41776184026571], [6.580858619389994, 49.4175463669847], [6.57398158308788, 49.417330460225536], [6.567104603661869, 49.4171141199882], [6.562027148050082, 49.41582801886713], [6.558749216252517, 49.41347215686232], [6.5554715996038215, 49.4111161946028], [6.552194298103996, 49.40876013208858], [6.547117910671928, 49.40747308660279]]]}}, {"type": "Feature", "properties": {"band": "echo", "dbz": 35.0, "source": "OPERA-ORD", "time": "20260907001000"}, "geometry": {"type": "Polygon", "coordinates": [[[21.721343030186212, 48.726620451266676], [21.714630461147976, 48.727356325603054], [21.709862499181675, 48.7290169154267], [21.70703914428731, 48.73160222073761], [21.704215510828757, 48.734187452069925], [21.701391598806012, 48.73677260942365], [21.6985674081227, 48.73935769277792], [21.695742938778825, 48.74194270213273], [21.694863604759647, 48.74545291519711], [21.69592940606516, 48.749888331971064], [21.69699544601886, 48.75432372164317], [21.69806172462073, 48.75875908421343], [21.69718200403614, 48.76226924352174], [21.694356284265098, 48.764854199568106], [21.691530285407758, 48.76743908156992], [21.68870400746413, 48.77002388952718], [21.68782389987784, 48.77353399511554], [21.688889962648904, 48.77796939833498], [21.691369750127965, 48.78111232308127], [21.69526326231502, 48.782962769354384], [21.700570181683112, 48.78352044378469], [21.707290508232237, 48.78278534637218], [21.71206349285075, 48.781125100412964], [21.714889135538655, 48.77853970590704], [21.715767754287647, 48.775029456154606], [21.714699349097728, 48.77059435115565], [21.715577515656232, 48.76708405117178], [21.71840225396316, 48.76449855620298], [21.721226713337245, 48.761912987269916], [21.724050893778493, 48.75932734437258], [21.72492867472412, 48.755816990770725], [21.723860056174125, 48.751381926464354], [21.724737385518736, 48.747871522658464], [21.727560662757952, 48.74528577935304], [21.73038366137365, 48.74269996212671], [21.733206381365825, 48.740114070979466], [21.734083325908436, 48.73660361352421], [21.73301449500149, 48.73216858976093], [21.730534888337345, 48.7290264369341], [21.726644505916, 48.72717715504369], [21.721343030186212, 48.726620451266676]]]}}, {"type": "Feature", "properties": {"band": "echo", "dbz": 35.0, "source": "OPERA-ORD", "time": "20260907001000"}, "geometry": {"type": "Polygon", "coordinates": [[[5.637800842966357, 48.96123801888865], [5.634195706645745, 48.963346775480005], [5.630590253964317, 48.965455407145264], [5.626984484922074, 48.96756391388441], [5.623378399451598, 48.96967229566292], [5.619771997552886, 48.97178055248079], [5.616165279158523, 48.97388868430346], [5.612558244268509, 48.97599669113096], [5.607349305573523, 48.976912214127495], [5.600538463073565, 48.97663525329307], [5.595328932081927, 48.97755042267821], [5.591720712598609, 48.979657722282944], [5.589713681865538, 48.982957462624626], [5.5893078398827125, 48.98744964370326], [5.590706730519987, 48.99088820364436], [5.593910353777359, 48.99327314244792], [5.59711428338079, 48.99565798478031], [5.600318519330282, 48.99804273064153], [5.603523061715296, 49.00042738000357], [5.6067279105358345, 49.00281193286644], [5.611737696622791, 49.004142346715426], [5.618552419976168, 49.00441862155054], [5.625367214324374, 49.004694467564], [5.632182079667411, 49.00496988475581], [5.637393549720596, 49.00405319718643], [5.641001624483927, 49.001944404855855], [5.643006182293533, 48.9986438185635], [5.643407223149415, 48.99415143830935], [5.6454111067152954, 48.9908507056533], [5.649017832991172, 48.98874162059533], [5.652624242535139, 48.986632410613225], [5.656230335347196, 48.98452307570702], [5.658233096709378, 48.98122216094887], [5.6586325266216875, 48.976729666338784], [5.65722953297573, 48.973291867432195], [5.654024115771506, 48.970908764229094], [5.650819004661523, 48.968525564414804], [5.64761419964578, 48.96614226798933], [5.644409700635098, 48.96375887498069], [5.641205507629475, 48.96137538538888], [5.637800842966357, 48.96123801888865]]]}}, {"type": "Feature", "properties": {"band": "echo", "dbz": 35.0, "source": "OPERA-ORD", "time": "20260907001000"}, "geometry": {"type": "Polygon", "coordinates": [[[6.1167301823400955, 48.95245909601903], [6.113146631134047, 48.9545839124093], [6.11117604634021, 48.95789350798033], [6.110818427958587, 48.962387882732116], [6.108847174565131, 48.965697335284744], [6.105262286159842, 48.967821865638236], [6.100063871195352, 48.9687611627838], [6.093251929671661, 48.96851522672145], [6.088233055813577, 48.96720705086682], [6.0850072496211, 48.96483663521989], [6.081781750412396, 48.96246612160572], [6.078556558187466, 48.9600955100243], [6.073538741399473, 48.95878640427145], [6.066728300048417, 48.958538804347164], [6.061529831684711, 48.95947648466575], [6.057943336308353, 48.96159944522722], [6.055968704204078, 48.96490799691638], [6.055605935371888, 48.96940213973321], [6.055243083872236, 48.973896268436214], [6.054880149705124, 48.97839038302537], [6.056311439775053, 48.98182306284687], [6.059536954082022, 48.98419430790074], [6.064556802508147, 48.98550380708809], [6.071370985053429, 48.98575156040893], [6.078185231213891, 48.985998884817775], [6.084999540989532, 48.986245780314626], [6.090020447935622, 48.98755434924131], [6.093247952052161, 48.98992459159782], [6.094681944311845, 48.99335681853907], [6.094322424714674, 48.99785103006504], [6.095756995668355, 49.00128316463813], [6.098985657172887, 49.003653222258336], [6.1040085181298025, 49.00496089161963], [6.110825578539103, 49.00520617272199], [6.117642701996156, 49.005451024698544], [6.124459888500964, 49.00569544754927], [6.131277137834901, 49.00593944126166], [6.138094449997966, 49.00618300583571], [6.144911824771502, 49.00642614125892], [6.15172926215551, 49.006668847531316], [6.1567539944375245, 49.00797432344637], [6.159986021617545, 49.010342569004095], [6.163218356703487, 49.012710716265964], [6.166450999695347, 49.01507876523196], [6.169860124352957, 49.01519948709406], [6.173445730676317, 49.01307288185225], [6.177031019931014, 49.01094615336058], [6.18061599211705, 49.008819301619056], [6.184200647303745, 49.006692326661934], [6.1877849854910965, 49.00456522848923], [6.1913690067484275, 49.00243800713518], [6.194952711075738, 49.000310662599816], [6.200152905371316, 48.999366602019236], [6.20696958963516, 48.99960582539343], [6.212169185522546, 48.99866141477055], [6.2157516930334715, 48.99653337015059], [6.219333883747829, 48.994405202461664], [6.222915757665621, 48.99227691170378], [6.2263238795935125, 48.9923958674091], [6.229558249531503, 48.9947620695776], [6.231001920139654, 48.99819252622633], [6.230654891417965, 49.0026872373553], [6.2320991427279315, 49.006117600813], [6.235334674069556, 49.008483616599435], [6.240361590580667, 49.00978497322721], [6.247179892261266, 49.01002167069635], [6.2539982548019655, 49.01025793891636], [6.260816678202768, 49.01049377788724], [6.267635162244736, 49.01072918759692], [6.274453706927872, 49.01096416804541], [6.28127231203321, 49.01119871922063], [6.288090977560749, 49.011432841122584], [6.294909703291498, 49.01166653373929], [6.301728489225455, 49.01189979707074], [6.3085473351435954, 49.01213263110496], [6.315366241045919, 49.01236503584195], [6.320565041843572, 49.01141542100315], [6.324143737536556, 49.00928378658857], [6.3261022254055845, 49.00597044419688], [6.3264405054506625, 49.0014753938281], [6.326778708380369, 48.996980329606096], [6.327116834194705, 48.99248525153086], [6.325666588100893, 48.98905603349026], [6.322427970098935, 48.986692675484285], [6.317401082751864, 48.98539486612905], [6.310585926059682, 48.98516260542455], [6.305559688638025, 48.9838644948075], [6.3023223704868965, 48.98150053427791], [6.299085360057876, 48.97913647506241], [6.295848657350964, 48.976772317161], [6.2926122622781335, 48.97440806060225], [6.289376174839384, 48.97204370538616], [6.2861403949467025, 48.969679251541315], [6.282904922600089, 48.9673146990677], [6.2794984305035175, 48.96719753245562], [6.275920918656988, 48.969327751705066], [6.272343090425257, 48.97145784813453], [6.268764945808325, 48.973587821744], [6.263569160038288, 48.974534986471674], [6.2567557331151455, 48.97429934231756], [6.2499423668835465, 48.974063269266594], [6.243129061343489, 48.97382676731878], [6.236315816713278, 48.97358983648622], [6.2295026329929115, 48.973352476768916], [6.224479708760443, 48.972050607978105], [6.221247044015871, 48.969684230113785], [6.218014686631767, 48.967317753841314], [6.21478263660813, 48.964951179160686], [6.209760765893916, 48.96364837890381], [6.202949074489124, 48.96340935307071], [6.196137444606254, 48.96316989847733], [6.189325876245306, 48.962930015123696], [6.184129366884488, 48.9638735964239], [6.180547916523798, 48.96600064237795], [6.176966149813467, 48.96812756520518], [6.173384066753494, 48.97025436490559], [6.169978063511793, 48.970133767665395], [6.166748140088365, 48.96776577348459], [6.163518523875604, 48.96539768107203], [6.1602892148735116, 48.96302949042772], [6.155268962065816, 48.96172416722172], [6.148457765452516, 48.96148171145401], [6.141646631233074, 48.96123882697536], [6.134835559407491, 48.960995513785754], [6.129816361821327, 48.959689260063435], [6.126589038474582, 48.95732006580841], [6.123362022086687, 48.95495077346664], [6.120135312657642, 48.95258138303814], [6.1167301823400955, 48.95245909601903]]]}}, {"type": "Feature", "properties": {"band": "echo", "dbz": 35.0, "source": "OPERA-ORD", "time": "20260907001000"}, "geometry": {"type": "Polygon", "coordinates": [[[21.92274747725743, 48.35934394359499], [21.91995380380391, 48.36193496353796], [21.919093878810042, 48.365447539595586], [21.920167702275826, 48.36988167176786], [21.921241764086012, 48.3743157758888], [21.922316064240597, 48.37874985195843], [21.9247879410306, 48.38188831964571], [21.928657394456014, 48.383731178950626], [21.933924107729368, 48.38427814030899], [21.940588080850667, 48.383529203720805], [21.9453167543497, 48.381858912549305], [21.948110128226464, 48.3792672667945], [21.947571999668103, 48.377050355332145], [21.943702368674614, 48.375208178162254], [21.93983303770145, 48.373365852924124], [21.93596400674862, 48.37152337961777], [21.933492007031205, 48.36838515184016], [21.932417038549207, 48.3639511695913], [21.929945744227204, 48.36081274225603], [21.926078124065196, 48.35896986983434], [21.92274747725743, 48.35934394359499]]]}}, {"type": "Feature", "properties": {"band": "echo", "dbz": 35.0, "source": "OPERA-ORD", "time": "20260907001000"}, "geometry": {"type": "Polygon", "coordinates": [[[6.093082491478731, 48.906533140894844], [6.08950134055234, 48.908657247133014], [6.085919874174905, 48.91078123008579], [6.082338092346428, 48.91290508975318], [6.077145092780428, 48.9138433472139], [6.070340875476904, 48.913596002467955], [6.063536721654069, 48.91334822952491], [6.056732631311921, 48.91310002838475], [6.051538821514405, 48.91403728055652], [6.04795529226152, 48.91615998604021], [6.045981933831278, 48.91946845532421], [6.045618746223679, 48.92396268840851], [6.047047945134446, 48.927395594407365], [6.050269530563579, 48.92976717332079], [6.055283612326166, 48.93107711452241], [6.062090190422207, 48.93132541801222], [6.068896832086876, 48.931573293129624], [6.075703537320171, 48.931820739874624], [6.080718674903774, 48.93312975203015], [6.083942244837684, 48.935500329596216], [6.087166121339779, 48.93787080923305], [6.090390304410059, 48.94024119094064], [6.095406497539345, 48.941549273726636], [6.102214700727638, 48.94179505759104], [6.109022966876138, 48.94204041295754], [6.115831295984847, 48.94228533982612], [6.121026568065824, 48.94134525212982], [6.124608783119067, 48.93922014986862], [6.126577833284201, 48.93591034384255], [6.126933718561226, 48.93141583405162], [6.127289522847395, 48.926921310141495], [6.127645246142706, 48.922426772112175], [6.126210835870037, 48.918994830030265], [6.1229862920293865, 48.916625483895764], [6.1179717223173835, 48.91531842312233], [6.111167126734028, 48.91507364770997], [6.106153205596682, 48.913766287442904], [6.102929958905343, 48.911396342321126], [6.099707018405237, 48.90902629926412], [6.096484384096364, 48.90665615827188], [6.093082491478731, 48.906533140894844]]]}}, {"type": "Feature", "properties": {"band": "echo", "dbz": 35.0, "source": "OPERA-ORD", "time": "20260907001000"}, "geometry": {"type": "Polygon", "coordinates": [[[6.2153278846025986, 48.891730794603774], [6.208526151828119, 48.89149216273461], [6.203337649001603, 48.89243675156327], [6.199762376123052, 48.894564561089744], [6.196186788035203, 48.896692247729156], [6.192610884738058, 48.898819811481516], [6.189034666162793, 48.90094725231276], [6.185458132309407, 48.90307457022289], [6.183494652279653, 48.90638562627058], [6.183144226073533, 48.91088042045582], [6.184582688557753, 48.91431158044216], [6.187810039732313, 48.9166791062296], [6.192826385528638, 48.91798268716019], [6.199631725946726, 48.91822232323391], [6.206437127674065, 48.918461530986406], [6.213242590710656, 48.91870031041768], [6.2182599877783975, 48.92000296108937], [6.221489318877288, 48.922369483001475], [6.2229304789290785, 48.92580018686655], [6.222583467933768, 48.9302950726846], [6.224025206453192, 48.93372568344512], [6.227255694487346, 48.93609201914813], [6.232275036986147, 48.93739376893073], [6.239083233949591, 48.93763093279293], [6.245891491654319, 48.93786766812196], [6.252699810100328, 48.93810397491781], [6.25772020381341, 48.939404793619765], [6.2609526727935645, 48.94177012422783], [6.264185448829122, 48.9441353563342], [6.267418531920082, 48.94650048993889], [6.272439976565055, 48.947800377237684], [6.279249782764042, 48.94803501823057], [6.286059649092748, 48.94826923056637], [6.292869575551174, 48.94850301424507], [6.298061995555474, 48.947554409202574], [6.301636909105646, 48.945423415438896], [6.305211506691716, 48.943292299016036], [6.308785788313684, 48.941161059934004], [6.312359754040928, 48.93902969822686], [6.315933403873448, 48.93689821389462], [6.317889376066937, 48.93358485922519], [6.318227670621395, 48.929089634218585], [6.318565888180537, 48.924594395241854], [6.318904028744361, 48.920099142295], [6.3174563168167275, 48.91666967439624], [6.314222752397632, 48.91430599154557], [6.309203437875855, 48.913007782983044], [6.302398373251393, 48.912775048708674], [6.295593368372984, 48.91254188611648], [6.288788423240627, 48.91230829520647], [6.281983538071666, 48.91207427599055], [6.2751787128661, 48.91183982846871], [6.27016084763299, 48.91054005838021], [6.266929942372338, 48.90817496572503], [6.263699343612808, 48.90580977461985], [6.260469051354403, 48.90344448506465], [6.255452235037673, 48.90214378428091], [6.248648894662617, 48.901907672268635], [6.241845614860872, 48.9016711320741], [6.235042395632439, 48.90143416369729], [6.230026628513754, 48.90013253254021], [6.226798313504819, 48.89776623860284], [6.2235703047477235, 48.895399846360206], [6.220342602242467, 48.89303335581231], [6.2153278846025986, 48.891730794603774]]]}}, {"type": "Feature", "properties": {"band": "echo", "dbz": 35.0, "source": "OPERA-ORD", "time": "20260907001000"}, "geometry": {"type": "Polygon", "coordinates": [[[6.025632062840248, 48.87589877293111], [6.018833323690853, 48.87564820927046], [6.012034648712049, 48.87539721781354], [6.005236037903839, 48.875145798560354], [5.998437491482473, 48.874893951523674], [5.991639009447951, 48.8746416767035], [5.984840592016492, 48.87438897411265], [5.978042239188095, 48.87413584375113], [5.972851036672336, 48.87506934999448], [5.969266984469211, 48.87718949284272], [5.967289970915425, 48.88049658237016], [5.966919996010975, 48.8849906185768], [5.968342667709644, 48.88842460949205], [5.971557986011432, 48.89079855511589], [5.976566062674287, 48.892112145236396], [5.983366897698209, 48.89236537985355], [5.990167797414607, 48.89261818652516], [5.996968761823479, 48.89287056525124], [6.0037697907083105, 48.89312251601894], [6.0105708840691, 48.89337403882825], [6.0155804237672434, 48.89468607253496], [6.0187984098027405, 48.89705861713907], [6.02201670166343, 48.89943106408411], [6.025235299349314, 48.90180341337009], [6.030245894322572, 48.90311451919492], [6.037048486583207, 48.90336438155861], [6.042241158728867, 48.90242804354078], [6.045823910759553, 48.90030550514143], [6.047796632863735, 48.89699707674774], [6.048159325041412, 48.89250275835969], [6.046731262257682, 48.889069734828674], [6.043512444512544, 48.88669800615469], [6.040293932443007, 48.884326179774604], [6.037075726049072, 48.88195425568842], [6.033857825242815, 48.87958223392435], [6.030640230024236, 48.8772101144824], [6.025632062840248, 48.87589877293111]]]}}, {"type": "Feature", "properties": {"band": "echo", "dbz": 35.0, "source": "OPERA-ORD", "time": "20260907001000"}, "geometry": {"type": "Polygon", "coordinates": [[[5.310039838942903, 48.3690329387753], [5.303313654526125, 48.36873771454502], [5.298162752656512, 48.36963930583339], [5.294587133334064, 48.37173771264041], [5.2925866697846775, 48.375033240039905], [5.292161362008353, 48.37952588803187], [5.293524467319484, 48.38296936261841], [5.296675985718069, 48.385363663799524], [5.3016160440843, 48.386708486367915], [5.3083446424181755, 48.38700383032358], [5.313496877820125, 48.38610199374324], [5.317072750290147, 48.38400297662688], [5.319072133454849, 48.380707084210044], [5.319495027314231, 48.37621431649271], [5.318130588470764, 48.372771087198146], [5.31497881692445, 48.37037739632635], [5.310039838942903, 48.3690329387753]]]}}, {"type": "Feature", "properties": {"band": "echo", "dbz": 35.0, "source": "OPERA-ORD", "time": "20260907001000"}, "geometry": {"type": "Polygon", "coordinates": [[[5.377305699964617, 48.371961943535275], [5.370578786715189, 48.37167094441794], [5.3654288462149315, 48.37257577899819], [5.361855878463842, 48.374676447276016], [5.359859758471492, 48.37797325443159], [5.359440486237882, 48.38246620046492], [5.360808301556089, 48.3859088419334], [5.363963204426111, 48.38830117883704], [5.368905319942991, 48.38964290586206], [5.375634648106729, 48.38993402300845], [5.380785920853313, 48.38902894218185], [5.384359138182742, 48.38692766338225], [5.386354175507183, 48.383630491951266], [5.386771032826637, 48.37913742788888], [5.385401885262105, 48.37569503266675], [5.382246732813588, 48.373303306284875], [5.377305699964617, 48.371961943535275]]]}}, {"type": "Feature", "properties": {"band": "echo", "dbz": 35.0, "source": "OPERA-ORD", "time": "20260907001000"}, "geometry": {"type": "Polygon", "coordinates": [[[5.408361025858253, 48.328189246829844], [5.401639852839419, 48.327900230856656], [5.396495054555825, 48.32880662155303], [5.39292663100747, 48.33090841891895], [5.390934458327268, 48.334205927811425], [5.390518536515218, 48.33869914823044], [5.39188742890955, 48.34214149930243], [5.395041135510261, 48.34453298102739], [5.399979780288007, 48.345873288415], [5.406703363242787, 48.346162421465245], [5.4118494901603915, 48.345255784369954], [5.4154181610408205, 48.34315337712914], [5.417409252419163, 48.3398555047607], [5.417822764295418, 48.335362167264634], [5.416452543267076, 48.331920062591564], [5.413298589334138, 48.32952919074148], [5.408361025858253, 48.328189246829844]]]}}, {"type": "Feature", "properties": {"band": "echo", "dbz": 35.0, "source": "OPERA-ORD", "time": "20260907001000"}, "geometry": {"type": "Polygon", "coordinates": [[[6.209670049946231, 48.08004089126237], [6.2029784959708945, 48.07980238784095], [6.1978746038797, 48.080747678176365], [6.194358373672645, 48.08287676226861], [6.19084184076709, 48.085005725406575], [6.187325005163037, 48.087134567590255], [6.183807866795433, 48.08926328878708], [6.180290425664279, 48.091391888997045], [6.178360477562601, 48.09470478912937], [6.178018022490398, 48.09920198918408], [6.179434884954789, 48.102634913288924], [6.182611064955774, 48.105003561443894], [6.187546664047709, 48.106307629763094], [6.194241682230592, 48.10654711824651], [6.200936759071186, 48.106786186196516], [6.20763189456949, 48.10702483361309], [6.214327088521257, 48.10726306048463], [6.2210223409264875, 48.10750086681114], [6.2261282500671475, 48.10655472156153], [6.229644815943239, 48.10442462473582], [6.231571938205265, 48.101110880276586], [6.231909616853226, 48.09661348818382], [6.230489609697818, 48.0931811683583], [6.22731191673904, 48.09081392080001], [6.224134517850302, 48.088446576248124], [6.220957413031604, 48.086079134702636], [6.217780602200166, 48.08371159619069], [6.214604085355988, 48.08134396071229], [6.209670049946231, 48.08004089126237]]]}}, {"type": "Feature", "properties": {"band": "echo", "dbz": 35.0, "source": "OPERA-ORD", "time": "20260907001000"}, "geometry": {"type": "Polygon", "coordinates": [[[6.093427873374911, 48.0217192372005], [6.086744532147302, 48.02147346599905], [6.081644351892798, 48.02241324221755], [6.078127332611397, 48.024538565856], [6.07461001148255, 48.02666376830396], [6.071092388506257, 48.02878884956144], [6.065991432234431, 48.02972764041395], [6.059307142667073, 48.029480140861494], [6.052622913671911, 48.029232221576635], [6.045938745248944, 48.02898388255936], [6.03925463760098, 48.02873512382172], [6.032570590728019, 48.02848594536371], [6.025886604832845, 48.02823634719739], [6.019202679915456, 48.02798632932276], [6.01410053622976, 48.02892285032032], [6.010580173775756, 48.031045910190066], [6.0086414869294025, 48.03435581202133], [6.008284475690701, 48.03885255581413], [6.0096882405308225, 48.04228779484856], [6.0128527814497685, 48.04466152912464], [6.016017615348824, 48.04703516712787], [6.019182742227989, 48.04940870885826], [6.022348162170182, 48.0517821542889], [6.0255138751754025, 48.05415550341979], [6.030440540322092, 48.055466842312015], [6.037128157610251, 48.05571617096556], [6.0420554441539025, 48.057027216052354], [6.045222399953047, 48.0593999775724], [6.048389649017091, 48.06177264269684], [6.051557191346033, 48.064145211425654], [6.05648548842967, 48.06545534504993], [6.063174540268002, 48.06570304356965], [6.068279225144708, 48.064764432830856], [6.071799543059788, 48.06263951283355], [6.073735389713128, 48.0593285870212], [6.074086765104729, 48.054831655393784], [6.076021972404753, 48.0515205881645], [6.0795410116132, 48.04939538533333], [6.084643986740287, 48.04845574357709], [6.091330897786013, 48.04870166289579], [6.098017868876895, 48.048947162278765], [6.104704900012933, 48.04919224172603], [6.109807097653309, 48.04825161425056], [6.1133244617980225, 48.04612527985235], [6.115256889335198, 48.04281354188204], [6.115604380264838, 48.038316400339646], [6.114193784307442, 48.03488245053843], [6.111025101463014, 48.03251169247841], [6.107856711589937, 48.030140837875486], [6.1046886146882136, 48.02776988672965], [6.1015208106751935, 48.025398839067854], [6.098353299550875, 48.023027694890104], [6.093427873374911, 48.0217192372005]]]}}, {"type": "Feature", "properties": {"band": "echo", "dbz": 35.0, "source": "OPERA-ORD", "time": "20260907001000"}, "geometry": {"type": "Polygon", "coordinates": [[[6.376992391224127, 47.80628311343212], [6.370336333908554, 47.80605527711569], [6.36526347014335, 47.807008937932046], [6.361773799928515, 47.809144095881194], [6.359867228036715, 47.81246105259534], [6.359543754467952, 47.81695980807449], [6.360965705030943, 47.8203910073849], [6.364133079725689, 47.82275465052656], [6.369045973858288, 47.824050435736275], [6.3757043874287405, 47.824278363014024], [6.380778524342711, 47.82332444597001], [6.384268384600199, 47.82118868460422], [6.386173873385962, 47.81787138070109], [6.386494990699998, 47.81337253426063], [6.385071766988241, 47.80994159117788], [6.3819042022506896, 47.80757855145285], [6.376992391224127, 47.80628311343212]]]}}, {"type": "Feature", "properties": {"band": "echo", "dbz": 35.0, "source": "OPERA-ORD", "time": "20260907001000"}, "geometry": {"type": "Polygon", "coordinates": [[[15.700132908563567, 47.687661781269966], [15.693502332061021, 47.6880194509951], [15.688655119809546, 47.68941002346834], [15.685591271809146, 47.69183349868968], [15.684310935745874, 47.69529017490481], [15.68481411161973, 47.69978005211374], [15.68531739886934, 47.70426991158299], [15.685820797494706, 47.70875975331257], [15.687856936040877, 47.71203781312015], [15.691425814507856, 47.71410409100573], [15.696527284992069, 47.714958288525764], [15.703161347493518, 47.714600405680244], [15.708010389395788, 47.71320941943662], [15.711074410698876, 47.7107853297949], [15.71235355978449, 47.70732843516567], [15.711847836652627, 47.702838735548944], [15.71134222540394, 47.69834901815994], [15.710836726038426, 47.69385928299864], [15.708800031470462, 47.69058154816534], [15.705232141700048, 47.68851581366005], [15.700132908563567, 47.687661781269966]]]}}, {"type": "Feature", "properties": {"band": "echo", "dbz": 35.0, "source": "OPERA-ORD", "time": "20260907001000"}, "geometry": {"type": "Polygon", "coordinates": [[[6.440985215978376, 47.655114885235996], [6.4343486710289985, 47.65489115025955], [6.429292217558873, 47.65584806653187], [6.425815855567999, 47.657985634052935], [6.423919492243893, 47.661304153295774], [6.423603127586559, 47.66580362426038], [6.4232866928116845, 47.670303079405514], [6.422970187919269, 47.674802518731205], [6.421072802947401, 47.6781208647542], [6.417594537896079, 47.680258117474494], [6.4141159761353785, 47.68239525088088], [6.410637117665298, 47.68453226497334], [6.408738710090943, 47.6878504376956], [6.408420753412312, 47.69234976904766], [6.408102726224721, 47.69684908461005], [6.40778462852817, 47.70134838438277], [6.40588519739552, 47.70466638372323], [6.4024044328267715, 47.706803082631424], [6.398923371158443, 47.708939662117295], [6.395442012390534, 47.71107612218085], [6.393541556742697, 47.71439394805827], [6.393222004214931, 47.71889313974955], [6.394643717314593, 47.72232412393449], [6.397806696041681, 47.724686900613094], [6.400969963929091, 47.727049580336306], [6.404133520976823, 47.72941216310414], [6.405555968170167, 47.732843041349376], [6.4052373055091225, 47.737342215072005], [6.403336277522234, 47.74066007491246], [6.3998528842095, 47.74279662087075], [6.394787219487657, 47.743751551795285], [6.388139283356703, 47.74352486768606], [6.381491401889006, 47.74329776632533], [6.374843575084566, 47.74307024771308], [6.369777135063524, 47.7440242019659], [6.366292081825882, 47.7461596290838], [6.364388320578011, 47.749476830194695], [6.364065851319914, 47.753975805298595], [6.363743310461619, 47.75847476467501], [6.363420698003128, 47.76297370832395], [6.363098013899078, 47.767472636258745], [6.362775258149469, 47.77197154847939], [6.3624524307089025, 47.77647044499924], [6.362129531577377, 47.78096932581828], [6.363550735485645, 47.78440057352966], [6.366716042433706, 47.78676418813337], [6.371625547479233, 47.78805986815475], [6.378279250622229, 47.78828761359381], [6.38493300861359, 47.78851494136788], [6.39158682145332, 47.788741851476956], [6.398240688941739, 47.7889683439102], [6.404894611078847, 47.78919441866762], [6.411548587664946, 47.78942007573839], [6.4182026187000325, 47.78964531512251], [6.424856703984383, 47.78987013680924], [6.431510843517996, 47.79009454079856], [6.438165037101117, 47.79031852707973], [6.4448192847337475, 47.79054209565274], [6.4514735862161094, 47.79076524650693], [6.458127941548203, 47.79098797964228], [6.463197126545203, 47.79003006869336], [6.466681141207108, 47.787891513660156], [6.468579893034557, 47.784572616133374], [6.46889338202755, 47.78007337611301], [6.470791506727651, 47.776754340345825], [6.474274267134862, 47.77461550883182], [6.477756729502406, 47.77247655798561], [6.481238893830284, 47.77033748780722], [6.484720760182963, 47.76819829832847], [6.488202328560443, 47.76605898954938], [6.493268686099386, 47.76509938266241], [6.499919832799789, 47.765319477667575], [6.506571032443016, 47.76553915515993], [6.5132222850290695, 47.76575841513947], [6.518287862690043, 47.764797832107966], [6.521767765425938, 47.76265740606539], [6.521922279047393, 47.76040767016475], [6.518751403554409, 47.75804862440606], [6.5155808179029515, 47.75568948128269], [6.5124105220930195, 47.75333024079464], [6.5125649671206896, 47.75108048927802], [6.516044152985962, 47.748940226732834], [6.51952304119838, 47.746799845046404], [6.523001631757945, 47.744659344218725], [6.524894975698107, 47.74133930796009], [6.525203073018865, 47.736839736270475], [6.5270957916853165, 47.733519562225894], [6.530573131697461, 47.73137878582635], [6.534050174317265, 47.72923789037142], [6.537526919544726, 47.72709687586111], [6.541003367444276, 47.72495574232717], [6.544479518015914, 47.72281448976961], [6.547955371324075, 47.72067311822015], [6.5514309273687585, 47.718531627678786], [6.553321376348128, 47.715211006339736], [6.5536267182621835, 47.71071125420301], [6.5521948685741105, 47.707282268896634], [6.549025827283909, 47.704924050420594], [6.544119684275998, 47.703636297798866], [6.537476439550378, 47.703419011031436], [6.532417129330586, 47.70438081188718], [6.528941753616623, 47.70652170036608], [6.525466080840205, 47.70866246982473], [6.521990111001337, 47.71080312026312], [6.518513844035694, 47.71294365164954], [6.515037279943279, 47.715084063983966], [6.511560418659773, 47.7172243572347], [6.508083260185173, 47.71936453140171], [6.504760889589628, 47.719254812906094], [6.501593306873135, 47.71689520174784], [6.501748064401207, 47.71464540942818], [6.505225162173845, 47.71250543594713], [6.50870196282246, 47.71036534337293], [6.512178466347052, 47.70822513170559], [6.514071079677658, 47.70490519910733], [6.514379802814279, 47.70040554557816], [6.514688457509443, 47.69590587634081], [6.5149970437631515, 47.691406191395274], [6.515305561618671, 47.686906490728155], [6.5156140110760035, 47.68240677433945], [6.514185448806448, 47.678977223066894], [6.511019874810008, 47.676617836910495], [6.507854589474829, 47.67425835354112], [6.504689592800912, 47.671898772958755], [6.5015248847083305, 47.669539095190146], [6.498360465197082, 47.66717932023529], [6.493459185315129, 47.66588920931396], [6.486821045062473, 47.66566876242615], [6.480182957756671, 47.66544789895432], [6.473544923397728, 47.66522661889846], [6.4669069421836, 47.6650049222691], [6.46026901411429, 47.664782809066224], [6.45536908571491, 47.663491176001756], [6.452207156985459, 47.66113002307571], [6.449045516578816, 47.658768773140565], [6.445884164494982, 47.65640742619633], [6.440985215978376, 47.655114885235996]]]}}, {"type": "Feature", "properties": {"band": "echo", "dbz": 35.0, "source": "OPERA-ORD", "time": "20260907001000"}, "geometry": {"type": "Polygon", "coordinates": [[[5.401519045419358, 47.66912667540761], [5.394885076367517, 47.668837698825506], [5.3882511766373575, 47.66854830624159], [5.381617346228879, 47.668258497655856], [5.376539634467545, 47.66916479954409], [5.373018041353357, 47.67126721190631], [5.371052446764375, 47.67456603422357], [5.370642850700602, 47.679061266495864], [5.371994634211936, 47.6825053214395], [5.375107797298378, 47.68489819905446], [5.378221246781375, 47.687290982887866], [5.381334982660924, 47.68968367293971], [5.382687454617683, 47.6931276296266], [5.382278662651652, 47.697622852948555], [5.383631667662197, 47.70106672191028], [5.386746469649319, 47.703459236511804], [5.390065461029295, 47.703604033454546], [5.393588641802124, 47.70150111273851], [5.39711152546262, 47.69939806942426], [5.400634112010783, 47.697294903511796], [5.405714208802963, 47.69638747872342], [5.41235181583916, 47.696675795059164], [5.417431358322812, 47.695768025266105], [5.420952836253918, 47.69366416934422], [5.422916130495534, 47.690364527041815], [5.423321241047658, 47.68586909835889], [5.421966196100291, 47.682425626209636], [5.4188509956534325, 47.68003411059407], [5.415736081592403, 47.677642501084435], [5.4126214539172, 47.67525079768073], [5.40950711254602, 47.67285900040882], [5.406393057478859, 47.670467109268714], [5.401519045419358, 47.66912667540761]]]}}, {"type": "Feature", "properties": {"band": "echo", "dbz": 35.0, "source": "OPERA-ORD", "time": "20260907001000"}, "geometry": {"type": "Polygon", "coordinates": [[[5.988408825909935, 47.65694416499814], [5.981773820262022, 47.65669202309046], [5.976708518095707, 47.657627215067464], [5.973212919410987, 47.65974974092916], [5.969717024228624, 47.661872146114746], [5.966220832548617, 47.663994430624236], [5.962724344308372, 47.66611659442566], [5.959227559507889, 47.66823863751901], [5.957300303536021, 47.67154851458175], [5.956942576392767, 47.67604622561387], [5.955014692015126, 47.679355961227465], [5.951516650403098, 47.68147772142255], [5.948197839243155, 47.68135054674767], [5.945058258535301, 47.67897443720283], [5.941918965354132, 47.676598232167564], [5.938779959699646, 47.674221931641874], [5.933892029502044, 47.67290599478336], [5.927255174761321, 47.672650421592024], [5.922187238728024, 47.67358297327374], [5.918688221402154, 47.6757036498285], [5.918507857539461, 47.677952433926094], [5.921646147139946, 47.68032932556654], [5.924784724276866, 47.68270612177261], [5.927923588950217, 47.6850828225443], [5.92931282979833, 47.68851994547144], [5.928952446821202, 47.69301749055401], [5.930342227728218, 47.696454522638184], [5.933482172519378, 47.698831041723956], [5.936622405135449, 47.70120746531133], [5.9397629255764315, 47.70358379340032], [5.941153419636865, 47.707020723074955], [5.940793887316749, 47.711518254335246], [5.9421849220813, 47.714955093092385], [5.945326523930516, 47.71733123934635], [5.950218798512425, 47.718646392595936], [5.956861745827024, 47.71890055284113], [5.963504754117794, 47.71915429628374], [5.970147823384736, 47.719407622923775], [5.976790953429845, 47.71966053274919], [5.98343414425312, 47.71991302575998], [5.988505302173806, 47.71897781204305], [5.992004427191903, 47.71685489159842], [5.993931414828907, 47.71354456498622], [5.9942862650848205, 47.709046832206454], [5.9962126234856985, 47.70573636431966], [5.999710490031541, 47.70361316132584], [6.0030312981018525, 47.703738745106094], [6.0061750476966305, 47.70611311566043], [6.0093190853747345, 47.708487390483846], [6.012463411136164, 47.71086156957633], [6.015784279428493, 47.71098673663545], [6.019281690251722, 47.70886289166118], [6.022778803901181, 47.70673892605967], [6.026275620376871, 47.704614839830924], [6.031344694234818, 47.70367732628667], [6.0379860254750195, 47.703926385426925], [6.043054539520584, 47.70298853057255], [6.046550236371511, 47.70086376172353], [6.048473013051665, 47.69755237936694], [6.0488228695610475, 47.69305438350277], [6.047425462633639, 47.68961879675382], [6.044280792269439, 47.68724561912008], [6.041136409760025, 47.68487234568124], [6.037992315105396, 47.6824989764373], [6.034848508224747, 47.680125511414644], [6.031704989118077, 47.67775195061327], [6.026814378180738, 47.676440298441186], [6.020176675412732, 47.67619055489841], [6.013539032625961, 47.67594039491627], [6.006901449820427, 47.67568981849478], [6.002011830874222, 47.67437726258896], [5.998870175787343, 47.672002727198816], [5.997476380618005, 47.6685665125388], [5.997830445366207, 47.664068618608894], [5.996437190488703, 47.660632312720956], [5.9932966159854955, 47.65825759487497], [5.988408825909935, 47.65694416499814]]]}}, {"type": "Feature", "properties": {"band": "echo", "dbz": 35.0, "source": "OPERA-ORD", "time": "20260907001000"}, "geometry": {"type": "Polygon", "coordinates": [[[5.867526253273824, 47.67033152749276], [5.86089001610341, 47.670071790992935], [5.854253841281477, 47.66981163819908], [5.847617728808027, 47.669551069111186], [5.842548597911053, 47.6704797967346], [5.839046448590556, 47.6725978210693], [5.835544002569436, 47.6747157242725], [5.832041259847692, 47.67683350634419], [5.8285382203630505, 47.6789511672523], [5.825034884115509, 47.681068706996854], [5.823098348884686, 47.68437604347543], [5.822728614670583, 47.68887317668805], [5.824111132861867, 47.6923115660815], [5.82724590345854, 47.69469121165577], [5.832133035041512, 47.69601181321536], [5.838772527610779, 47.69627337076025], [5.843844050313189, 47.695345079517686], [5.847347603148739, 47.693226939487644], [5.850850859015827, 47.69110867832058], [5.854353817914452, 47.688990296016485], [5.857673365842153, 47.68912043705535], [5.860809502798931, 47.69149910143719], [5.863945927320412, 47.69387767055292], [5.867082639406594, 47.696256144402554], [5.871970929158635, 47.69757491047884], [5.878610796576534, 47.697833968781794], [5.883681723256365, 47.696903764406066], [5.887183709198127, 47.694784297351674], [5.889116647328574, 47.69147586789278], [5.889480537647705, 47.68697847602939], [5.888094019492773, 47.683540843370224], [5.884957092863779, 47.68116296991529], [5.881820453663943, 47.678785001149485], [5.878684101893266, 47.67640693707282], [5.875548037470702, 47.674028777711534], [5.8724122603962545, 47.67165052306563], [5.867526253273824, 47.67033152749276]]]}}, {"type": "Feature", "properties": {"band": "echo", "dbz": 35.0, "source": "OPERA-ORD", "time": "20260907001000"}, "geometry": {"type": "Polygon", "coordinates": [[[18.642441409918902, 47.142771635615766], [18.635902109422652, 47.14331284407062], [18.62936268362637, 47.143853644844086], [18.622823132530055, 47.14439403793617], [18.618105803853897, 47.14591705693461], [18.615210697597895, 47.148422701839394], [18.612315323098038, 47.15092826539284], [18.609419680354325, 47.153433747594946], [18.606523769282717, 47.155939148423926], [18.603627589883217, 47.15844446787981], [18.60255399320817, 47.16193289456572], [18.603302979257567, 47.16640442848167], [18.6055006110374, 47.16962325017428], [18.609146888547667, 47.17158935964356], [18.614241595450387, 47.172302467907855], [18.62078473174556, 47.171762574967175], [18.62550417312125, 47.170239679871024], [18.628399919577447, 47.16773378261938], [18.631295397619454, 47.16522780404497], [18.63419060724726, 47.16272174414778], [18.638908973395324, 47.16119800460206], [18.645450496063646, 47.16065658540782], [18.650168253242885, 47.15913258702351], [18.653062244933047, 47.156626009449106], [18.65413268839654, 47.15313714148142], [18.653379583633367, 47.14866598312045], [18.651180038480593, 47.14544806080206], [18.647534052938216, 47.14348337452625], [18.642441409918902, 47.142771635615766]]]}}, {"type": "Feature", "properties": {"band": "echo", "dbz": 35.0, "source": "OPERA-ORD", "time": "20260907001000"}, "geometry": {"type": "Polygon", "coordinates": [[[5.297792696266258, 47.11494210717068], [5.300869426448116, 47.1173379079232], [5.303946434980865, 47.119733615927345], [5.307023721864507, 47.12212923118312], [5.310101287177954, 47.12452475366554], [5.313179130921206, 47.12692018337458], [5.316257253173196, 47.12931552028525], [5.319335653933926, 47.131710764397546], [5.322414333282338, 47.13410591568644], [5.325493291218434, 47.136500974151936], [5.326829249027448, 47.13994692715268], [5.32642220670938, 47.14444377468866], [5.326015075233919, 47.14894060470618], [5.325607854601062, 47.153437417205254], [5.32520054475528, 47.157934212198676], [5.324793145696573, 47.162430989686456], [5.326129922392015, 47.16587683153847], [5.329210874841609, 47.16827173775472], [5.3322921063994695, 47.17066655106691], [5.335373617065598, 47.173061271475035], [5.338455406919142, 47.17545589895401], [5.341537475960098, 47.177850433503835], [5.344619824267629, 47.18024487509941], [5.3477024518417355, 47.182639223740736], [5.350785358761594, 47.18503347940268], [5.353868545027205, 47.18742764208525], [5.356952010717763, 47.189821711763315], [5.36003575583327, 47.1922156884369], [5.361375279737395, 47.1956610814742], [5.360970582430141, 47.20015789087522], [5.362310626286641, 47.203603196421945], [5.365395411306896, 47.20599699811436], [5.368480476031864, 47.208390706741724], [5.3715658204615435, 47.21078432230403], [5.37290653648423, 47.21422952847682], [5.372502624099922, 47.21872632526012], [5.373843860693849, 47.222171443874075], [5.37693024626601, 47.22456488431868], [5.381761898123962, 47.225906350628335], [5.3883388162677015, 47.22619584280305], [5.394915802060939, 47.226484922979814], [5.4014928555036725, 47.22677359115865], [5.406525826780815, 47.22586570260609], [5.410014715892366, 47.22376125732217], [5.411959406326085, 47.22046055131824], [5.412359898081974, 47.2159635845943], [5.414303969293098, 47.21266273440368], [5.417791619959457, 47.21055800074638], [5.421079392413686, 47.210701674563715], [5.424167286655786, 47.21309375585569], [5.427255460830152, 47.21548574389713], [5.430343914936787, 47.21787763868806], [5.435176300134206, 47.21921665604917], [5.4417526164224075, 47.21950279598046], [5.446784135409805, 47.2185929604726], [5.450270857096399, 47.21648714952558], [5.452212666029854, 47.21318565913976], [5.45260956221017, 47.20868848931515], [5.453006371375874, 47.20419130217805], [5.453403093526968, 47.19969409772847], [5.455343868446161, 47.19639242350833], [5.458828696133454, 47.19428627951765], [5.462115529426281, 47.194428661752376], [5.465204368324641, 47.19681957021252], [5.4682934870227875, 47.19921038532268], [5.471382885520722, 47.20160110708286], [5.476214802583732, 47.20293824639381], [5.48278923821182, 47.203221803255545], [5.487818404705894, 47.20230997145878], [5.491302302065954, 47.200202751003516], [5.494785909479232, 47.19809540942609], [5.498269226945727, 47.19598794672649], [5.503297665812565, 47.19507514248113], [5.509871226079748, 47.19535699669], [5.5164448521100615, 47.19563843910212], [5.523018543903506, 47.19591946971749], [5.529592301270384, 47.19620008852311], [5.536166124210693, 47.196480295518995], [5.541193648342239, 47.19556588764246], [5.544674873665022, 47.19345686489351], [5.546609687244898, 47.190153523198305], [5.5469980890818675, 47.18565586255686], [5.545646447883403, 47.18221274066022], [5.542554763649505, 47.179824157508406], [5.539463359112645, 47.17743548081248], [5.536372234272822, 47.17504671057242], [5.533281389051187, 47.17265784681351], [5.530190823447743, 47.170268889535734], [5.527100537383655, 47.16787983876434], [5.524010530858923, 47.16549069449934], [5.5209208037947315, 47.163101456765965], [5.517831356191081, 47.16071212556421], [5.514742187969171, 47.15832270091931], [5.511653299129001, 47.15593318283125], [5.508564689591785, 47.15354357132526], [5.505476359357526, 47.15115386640133], [5.500648325445856, 47.149817813322414], [5.494080587856774, 47.14953541208852], [5.487512916189785, 47.14925259948296], [5.480945310444889, 47.148969375505736], [5.4759209842258505, 47.14988116818577], [5.4724399375326716, 47.15198797752305], [5.4689586015384055, 47.15409466577379], [5.465476976243051, 47.15620123293799], [5.462192988402711, 47.15605899000373], [5.459106638017387, 47.15366793697102], [5.456020566788927, 47.151276790680264], [5.452934774717335, 47.14888555113146], [5.44984926172377, 47.14649421834977], [5.446764027808235, 47.144102792335225], [5.443679072891904, 47.141711273112925], [5.440594396974776, 47.13931966068287], [5.435769089836315, 47.13798062513826], [5.429203151476518, 47.13769416647908], [5.422637279938838, 47.137407296593445], [5.416071475223278, 47.13712001548137], [5.411047123127156, 47.13802870412848], [5.407564223650477, 47.14013336253476], [5.4056226608348386, 47.14343428602314], [5.405222434680244, 47.1479314745936], [5.406564226410284, 47.15137636212483], [5.409648036024958, 47.15376894861684], [5.412732124728364, 47.15616144198551], [5.415816492520504, 47.15855384223083], [5.417158956594917, 47.16199862993631], [5.416759516951602, 47.166495805101945], [5.418102500841767, 47.16994050501269], [5.42118790826541, 47.17233272966856], [5.426015855097172, 47.17367218346226], [5.4325863413370525, 47.173958866393804], [5.437414885497571, 47.17529803523739], [5.440501487578728, 47.17768968999303], [5.440302490064754, 47.1799382936061], [5.43681789295565, 47.18204384607661], [5.431789782178403, 47.182953252780116], [5.4252181577330125, 47.18266651371664], [5.420389401054084, 47.18132702649039], [5.417303512141618, 47.17893479110135], [5.414217902639072, 47.176542462543196], [5.411132572546444, 47.174150040815945], [5.4080475217846935, 47.17175752594473], [5.40496275035382, 47.16936491792954], [5.4018782581748, 47.166972216795564], [5.398794045247633, 47.164579422542786], [5.393967465954736, 47.163238477647035], [5.387398520296109, 47.162949382108316], [5.382572538170635, 47.16160815256572], [5.3794895195783115, 47.15921478901923], [5.376406780042839, 47.15682133244415], [5.373324319564215, 47.154427782840486], [5.370242138063448, 47.15203414023333], [5.3671602355405374, 47.1496404046227], [5.367361812989589, 47.14739188977605], [5.370846870410604, 47.14528859569337], [5.374331638652222, 47.14318518023772], [5.377816117714443, 47.1410816434091], [5.378017606896802, 47.138833111083], [5.374936106199299, 47.136439583259424], [5.371854884237957, 47.134045962452845], [5.368773941012777, 47.13165224866327], [5.365693276444879, 47.12925844191575], [5.362612890534263, 47.1268645422103], [5.357790699760629, 47.125521924348035], [5.3512267041239765, 47.12523058832893], [5.346405109555298, 47.12388768625349], [5.343325916054592, 47.121493218121685], [5.341989006162155, 47.118047479075955], [5.3423943798779865, 47.113550469116284], [5.344338783162296, 47.110250664699365], [5.347822216015087, 47.10814806582518], [5.351103328999917, 47.10829389661496], [5.354182122116789, 47.110688157068694], [5.357261193612648, 47.11308232462478], [5.360340543487492, 47.11547639928323], [5.363621724218944, 47.11562181911856], [5.367104735807001, 47.113518584130766], [5.370587458659427, 47.11141522783113], [5.374069892776221, 47.10931175021965], [5.3790921082654855, 47.108404800646724], [5.38565410512722, 47.10869437911235], [5.392216169242462, 47.10898354662996], [5.398778300611211, 47.109272303199546], [5.405340499045195, 47.10956064880784], [5.411902764544414, 47.109848583454855], [5.416924075725213, 47.10894003200633], [5.42040443258759, 47.10683499446226], [5.422343719587963, 47.103533765930955], [5.422741936726333, 47.09903634641242], [5.423140066760068, 47.09453890938861], [5.423538109689169, 47.09004145485952], [5.423936065567785, 47.08554398281227], [5.424333934395918, 47.08104649324686], [5.422992845333806, 47.0776015960408], [5.419912798381451, 47.075209291194085], [5.415093908840579, 47.07386928386249], [5.408536176711191, 47.07358157404603], [5.40371788164104, 47.072241282417565], [5.4006390236301245, 47.06984840897711], [5.397560443506772, 47.0674554425706], [5.394482141270982, 47.06506238319804], [5.389664824017558, 47.0637212055603], [5.3831084917465, 47.063431909657375], [5.378291768768232, 47.06209044793839], [5.375214655082754, 47.059696820403346], [5.37387703440525, 47.056251321749606], [5.3742789067357215, 47.051753951977176], [5.372941802548667, 47.04830836579034], [5.369865721844085, 47.04591456318909], [5.365050780999805, 47.0445722496147], [5.358496980015829, 47.044281425067155], [5.353682632985716, 47.04293882767034], [5.350607739909467, 47.04054445742427], [5.347533124213287, 47.03814999440166], [5.344458785897176, 47.03575543860251], [5.339645416492937, 47.03441195624635], [5.33309301600057, 47.03411954733319], [5.326540683340291, 47.033826728173366], [5.319988418512098, 47.03353349876688], [5.313436221703092, 47.03323985912714], [5.306884092913273, 47.032945809254166], [5.301769604182605, 47.05303513993686], [5.298092755511088, 47.09350785117523], [5.297792696266258, 47.11494210717068]]]}}, {"type": "Feature", "properties": {"band": "echo", "dbz": 35.0, "source": "OPERA-ORD", "time": "20260907001000"}, "geometry": {"type": "Polygon", "coordinates": [[[18.48195253485966, 46.89302389940796], [18.47544304621695, 46.89355477308089], [18.468933436229754, 46.89408524106422], [18.46242370489808, 46.89461530335791], [18.457723925159854, 46.89613113770686], [18.454834097015073, 46.89863274411108], [18.45375443011092, 46.902120409789426], [18.45448492444739, 46.906594134741894], [18.456660882543822, 46.90981700530618], [18.460282304400216, 46.911789021482285], [18.465348980201075, 46.91250989593281], [18.47186090994639, 46.91197962865775], [18.478372718187366, 46.91144895554141], [18.484884404924006, 46.91091787658379], [18.489584616769175, 46.909401069424405], [18.49247335372288, 46.90689853406327], [18.493550826341277, 46.90341055775621], [18.492817034624366, 46.89893714050324], [18.490639423869688, 46.895714939550444], [18.487017994077238, 46.8937439548978], [18.48195253485966, 46.89302389940796]]]}}, {"type": "Feature", "properties": {"band": "echo", "dbz": 35.0, "source": "OPERA-ORD", "time": "20260907001000"}, "geometry": {"type": "Polygon", "coordinates": [[[16.25470813097084, 46.98722409400674], [16.248170370749847, 46.9876158712623], [16.243402210579468, 46.98903183336062], [16.24040365045971, 46.9914719803017], [16.239174846522815, 46.99493660402797], [16.239715798768785, 46.999425704539455], [16.241756590922254, 47.00269469354892], [16.24529722298322, 47.004743571056366], [16.250337538693106, 47.00557204499645], [16.256877538051913, 47.00518011536915], [16.26164666136983, 47.00376378509844], [16.264644908646858, 47.001323054184326], [16.265872436593547, 46.99785821465738], [16.265329245209898, 46.99336926651761], [16.26328748990889, 46.990100645680535], [16.25974717069052, 46.98805235214615], [16.25470813097084, 46.98722409400674]]]}}, {"type": "Feature", "properties": {"band": "rain", "dbz": 40.0, "source": "OPERA-ORD", "time": "20260907001000"}, "geometry": {"type": "Polygon", "coordinates": [[[12.371226719691927, 55.65096051258705], [12.363288629823975, 55.65111245488973], [12.357402140473578, 55.65234827016125], [12.353567251640733, 55.6546679584016], [12.351784060662391, 55.65807189956806], [12.352052567538554, 55.6625600936606], [12.354239423643048, 55.66588842436258], [12.358344628975873, 55.66805689167397], [12.362315059659927, 55.66798114621339], [12.366150715695213, 55.665661187980845], [12.36998592301966, 55.663341111394935], [12.373820681633266, 55.66102091645566], [12.377654991680743, 55.658700603207336], [12.38148885316209, 55.65638017164996], [12.381353279083546, 55.65413610226237], [12.377248269445117, 55.6519683950446], [12.371226719691927, 55.65096051258705]]]}}, {"type": "Feature", "properties": {"band": "rain", "dbz": 40.0, "source": "OPERA-ORD", "time": "20260907001000"}, "geometry": {"type": "Polygon", "coordinates": [[[12.561442276943541, 55.61234068627487], [12.557623216350382, 55.61466666115528], [12.553803708841764, 55.616992518578186], [12.549983754417687, 55.619318258543586], [12.546163352933323, 55.62164388100753], [12.542342504388678, 55.62396938597], [12.542487790167518, 55.6262132423277], [12.546599210269843, 55.628375450080625], [12.552621439927455, 55.629374514007495], [12.560554479140352, 55.62921043410833], [12.56657758454741, 55.63020909476668], [12.570690756148629, 55.63237049598254], [12.572894099862882, 55.6356950172658], [12.573187615690173, 55.64018265861647], [12.575391906174877, 55.643507029472666], [12.579506971316992, 55.64566812983439], [12.583474751832686, 55.645585294935046], [12.587295247721952, 55.64325852477462], [12.591115296079089, 55.64093163721711], [12.594934896904096, 55.6386046322625], [12.598754050342215, 55.636277509954766], [12.602572756393453, 55.63395027029392], [12.604333625241233, 55.63054286921513], [12.604036656885558, 55.62605530671839], [12.601831238068725, 55.622731342803974], [12.597717368790736, 55.62057097747186], [12.591694941916508, 55.61957383135584], [12.583763957446038, 55.6197399044559], [12.577742405425106, 55.618742354931506], [12.573630285853707, 55.61658118278266], [12.569518621361034, 55.61441987223984], [12.565407411947092, 55.61225842330306], [12.561442276943541, 55.61234068627487]]]}}, {"type": "Feature", "properties": {"band": "rain", "dbz": 40.0, "source": "OPERA-ORD", "time": "20260907001000"}, "geometry": {"type": "Polygon", "coordinates": [[[12.790248873754068, 55.507387819719156], [12.78234115281807, 55.50756657185395], [12.776489000947475, 55.50882223539473], [12.772692418142286, 55.51115481034151], [12.772850215146464, 55.51339837739866], [12.776962391960009, 55.51555293656621], [12.781075021277587, 55.517707356841264], [12.7851881030992, 55.51986163822383], [12.789301637545021, 55.52201578066453], [12.79341562461505, 55.52416978416335], [12.797370795467296, 55.52408012048678], [12.801167150101758, 55.521746789634825], [12.80290614388165, 55.51833659281342], [12.802587776806972, 55.51384953002257], [12.80037212850774, 55.5105291098833], [12.79625919898396, 55.50837533239561], [12.790248873754068, 55.507387819719156]]]}}, {"type": "Feature", "properties": {"band": "rain", "dbz": 40.0, "source": "OPERA-ORD", "time": "20260907001000"}, "geometry": {"type": "Polygon", "coordinates": [[[8.652964379266677, 55.208178760739244], [8.645111782176786, 55.2080921542529], [8.639183933670704, 55.20914959065881], [8.635180833748432, 55.21135106995697], [8.633102427672062, 55.214696967490745], [8.632948715441596, 55.219187283260126], [8.634797435817305, 55.222576870362815], [8.638648588799192, 55.22486572879882], [8.644502229179949, 55.22605348302816], [8.652358356959574, 55.22614013305086], [8.660214516560355, 55.22622627947817], [8.668070707982292, 55.226311922310096], [8.673999982214395, 55.22525337147966], [8.678002339256667, 55.22305062698686], [8.67807700854971, 55.220805443399115], [8.674223990093527, 55.21851782071641], [8.670371410913354, 55.21623007679714], [8.666519271009193, 55.213942211641296], [8.66266757024574, 55.21165422529314], [8.658816308622995, 55.20936611775266], [8.652964379266677, 55.208178760739244]]]}}, {"type": "Feature", "properties": {"band": "rain", "dbz": 40.0, "source": "OPERA-ORD", "time": "20260907001000"}, "geometry": {"type": "Polygon", "coordinates": [[[13.17544911202465, 54.97660565201895], [13.167647426150412, 54.97680879066809], [13.159845666632918, 54.9770114299868], [13.15204383347217, 54.97721356997509], [13.146279986481636, 54.97848657661919], [13.142554125661315, 54.98083044991908], [13.140866375444192, 54.98424556115403], [13.141216735830264, 54.98873191032403], [13.141567188843618, 54.99321825520105], [13.141917734484254, 54.9977045957851], [13.144132465998688, 55.00101896421878], [13.148211383386922, 55.003161360502084], [13.152114505885809, 55.003060477351355], [13.155841833495352, 55.0007163147666], [13.15752935644452, 54.99730108832341], [13.157177074733314, 54.99281479802179], [13.15886378112134, 54.98939946866031], [13.1625894756086, 54.987055100238955], [13.166491656520849, 54.98695374270578], [13.170570323858088, 54.989095396060776], [13.172786666358686, 54.99240934262393], [13.173140684022641, 54.996895582395254], [13.17349479529956, 55.001381817859276], [13.173849000189438, 55.00586804901599], [13.176066837089433, 55.00918182297853], [13.180148305999543, 55.01132313974692], [13.184052149291002, 55.01122123191311], [13.187778366963812, 55.00887609947711], [13.189463504981166, 55.005460443083656], [13.189107563343065, 55.00097426273274], [13.19079188500519, 54.997558503648335], [13.194516469967544, 54.99521316583045], [13.1982406259458, 54.9928677147984], [13.20196435293996, 54.990522150552195], [13.201786089376347, 54.988279066627655], [13.197705835254958, 54.986138463024794], [13.1936260197756, 54.983997720729434], [13.189546642938273, 54.98185683974157], [13.185467704630149, 54.97971582010932], [13.181389204851229, 54.9775746618327], [13.17544911202465, 54.97660565201895]]]}}, {"type": "Feature", "properties": {"band": "rain", "dbz": 40.0, "source": "OPERA-ORD", "time": "20260907001000"}, "geometry": {"type": "Polygon", "coordinates": [[[8.577255330481202, 54.74125246768939], [8.573295429780938, 54.7434521392524], [8.571236415309448, 54.74679724626067], [8.571078287066733, 54.75128778871421], [8.570920117251706, 54.755778327543], [8.57076190586437, 54.76026886274704], [8.57258495382747, 54.76365958092471], [8.576389261141003, 54.76595048207602], [8.582174883473956, 54.7671411960133], [8.589941820826324, 54.767231722736554], [8.595805745026622, 54.76617678767772], [8.599766656074852, 54.7639763908368], [8.601824499157347, 54.760630902413865], [8.601979274274111, 54.756140322408896], [8.60015445296164, 54.75274995192895], [8.596350035219931, 54.750459790974006], [8.592546044642415, 54.7481695104407], [8.588742481229083, 54.74587911032904], [8.584939344849648, 54.743588590681874], [8.581136635504105, 54.74129795149921], [8.577255330481202, 54.74125246768939]]]}}, {"type": "Feature", "properties": {"band": "rain", "dbz": 40.0, "source": "OPERA-ORD", "time": "20260907001000"}, "geometry": {"type": "Polygon", "coordinates": [[[6.688014707886287, 54.64026995968875], [6.68027818324517, 54.640057790988365], [6.674383999022188, 54.641019974252174], [6.670332155217345, 54.643156509480185], [6.666279881389934, 54.64529290666506], [6.662227177539955, 54.64742916580683], [6.656331865187904, 54.64839019542954], [6.648593944333782, 54.64817599553321], [6.642697814957593, 54.64913662648426], [6.638643477059338, 54.65127208828267], [6.636430800486012, 54.654582748212405], [6.636059785237615, 54.659068606273465], [6.637716789393094, 54.662486759931824], [6.641401812952449, 54.66483720918748], [6.6471149861968355, 54.666119586568065], [6.654856309126256, 54.66633389207356], [6.660754269337205, 54.66537294653436], [6.6648088668296825, 54.66323674995048], [6.668863033849751, 54.66110041525516], [6.672916770397411, 54.658963942448416], [6.678813601384162, 54.6580018426863], [6.686553526810007, 54.65821411596883], [6.692449539932777, 54.65725161765967], [6.69650164075247, 54.65511434775882], [6.698709701118156, 54.65180267371134], [6.699073721029831, 54.647316595517225], [6.697412540790962, 54.64389917832486], [6.693726160401551, 54.641550422134245], [6.688014707886287, 54.64026995968875]]]}}, {"type": "Feature", "properties": {"band": "rain", "dbz": 40.0, "source": "OPERA-ORD", "time": "20260907001000"}, "geometry": {"type": "Polygon", "coordinates": [[[8.826600751267408, 54.643970726249314], [8.818856907193176, 54.643895378015806], [8.813016146486886, 54.64496141590478], [8.809078469148535, 54.647168839916226], [8.807043829081156, 54.65051801894937], [8.806912226284748, 54.65500895300422], [8.808750316164355, 54.65839618444385], [8.812558098719979, 54.66067971326828], [8.818335620093983, 54.661859170388], [8.82608288028637, 54.661934555803], [8.831925394747422, 54.66086816750528], [8.835863163477143, 54.658660005494816], [8.837896141181286, 54.655310438871425], [8.838024327859852, 54.6508194676351], [8.836184484225484, 54.64743258660422], [8.832376610278176, 54.64514979577879], [8.826600751267408, 54.643970726249314]]]}}, {"type": "Feature", "properties": {"band": "rain", "dbz": 40.0, "source": "OPERA-ORD", "time": "20260907001000"}, "geometry": {"type": "Polygon", "coordinates": [[[8.764923148436752, 54.634372279537956], [8.757181231397999, 54.63429298635657], [8.751340227358543, 54.63535604814281], [8.74740013631839, 54.63756146489666], [8.743459616744705, 54.63976675189443], [8.739518668637487, 54.64197190913612], [8.735577291878306, 54.64417693657641], [8.731635486467157, 54.6463818342153], [8.731565860508367, 54.64862725949091], [8.735368414001936, 54.65091321240323], [8.741142327791, 54.65209635067819], [8.748887601875555, 54.65217667431579], [8.75663290442652, 54.65225650228291], [8.764378235443887, 54.652335834579574], [8.770220994532654, 54.6512724234859], [8.774161181692822, 54.64906626900188], [8.776198749264251, 54.6457177400931], [8.77633369724694, 54.64122683675955], [8.774499405167747, 54.637839020351734], [8.770695873026668, 54.63555429086967], [8.764923148436752, 54.634372279537956]]]}}, {"type": "Feature", "properties": {"band": "rain", "dbz": 40.0, "source": "OPERA-ORD", "time": "20260907001000"}, "geometry": {"type": "Polygon", "coordinates": [[[8.75301161116443, 54.51744911787568], [8.74529185438332, 54.51736909022625], [8.739467281271095, 54.51843162175932], [8.735537891827759, 54.520636712474875], [8.73350363748716, 54.523984729806884], [8.733364518249298, 54.528475673755324], [8.733225362653947, 54.532966613786876], [8.733086170701105, 54.537457549901546], [8.732946942362997, 54.54194848211333], [8.732807677639624, 54.546439410422245], [8.734634840212781, 54.54982781715327], [8.738428430082468, 54.552113702306414], [8.74222244254692, 54.55439946786274], [8.746016877606136, 54.556685113822226], [8.747845239371445, 54.56007340310637], [8.74770752784285, 54.56456433571517], [8.747569780289599, 54.56905526446845], [8.747431996711688, 54.57354618936622], [8.749261559055665, 54.57693436113135], [8.75305846732153, 54.57921977976385], [8.758822769715781, 54.58040207712446], [8.766554466238425, 54.58048125321321], [8.77231963118406, 54.581663188334886], [8.776118264552688, 54.583947882489504], [8.77991732137561, 54.586232456810166], [8.783716801652826, 54.58851691129687], [8.789483296212582, 54.5896977466783], [8.797216805054878, 54.589774962954436], [8.803049722919473, 54.58870994248336], [8.806982049806368, 54.586502685265074], [8.810913949554491, 54.584295298711424], [8.81484542216384, 54.58208778282241], [8.81877646775259, 54.57988013764312], [8.82270708632074, 54.57767236317356], [8.822772170327697, 54.575426859504454], [8.818971719773462, 54.57314362663582], [8.815171692427537, 54.570860273817416], [8.811372088289925, 54.56857680104925], [8.807572907233087, 54.56629320837396], [8.803774149257023, 54.56400949579155], [8.799975814234218, 54.56172566334462], [8.79617790216467, 54.55944171103317], [8.796243767448438, 54.557196209063875], [8.800173410085524, 54.55498915743672], [8.804102626359185, 54.55278197654686], [8.808031416269422, 54.55057466639428], [8.810061200543384, 54.54722549886236], [8.810191979181067, 54.54273447395109], [8.808359211528, 54.53934711349972], [8.80456289758418, 54.53706341750825], [8.798803083368064, 54.535883018304744], [8.79107976887965, 54.53580591588921], [8.785253763141355, 54.53687065199649], [8.78132506615318, 54.539077226626574], [8.77739594311717, 54.54128367194716], [8.773466394033328, 54.543489987958246], [8.769604353994918, 54.54345069077576], [8.765809823001945, 54.541165780399695], [8.763980457217285, 54.53777783748029], [8.764116256640937, 54.53328686201756], [8.76425202059264, 54.52879588264855], [8.764387749072387, 54.52430489937325], [8.762559582372944, 54.520916838726805], [8.758767520494306, 54.51863170070919], [8.75301161116443, 54.51744911787568]]]}}, {"type": "Feature", "properties": {"band": "rain", "dbz": 40.0, "source": "OPERA-ORD", "time": "20260907001000"}, "geometry": {"type": "Polygon", "coordinates": [[[8.691254361993831, 54.51679506930212], [8.683534837228752, 54.51671109100691], [8.677708744073813, 54.51777063918187], [8.673776082529011, 54.519973713826985], [8.671736801654292, 54.52332068234199], [8.671590901449658, 54.527811544726895], [8.671444963116741, 54.53230240317292], [8.671298986655543, 54.53679325768009], [8.671152972036936, 54.54128410826236], [8.671006919260916, 54.54577495491975], [8.672828931416543, 54.549164289026876], [8.676619008503813, 54.551452110583746], [8.68048172370565, 54.551494382975235], [8.684417077022053, 54.549291106201345], [8.688352003995734, 54.54708769972501], [8.69228650462669, 54.544884163546236], [8.696220579032204, 54.5426804977101], [8.700154227212273, 54.54047670221661], [8.70219234345239, 54.5371293565718], [8.702334927752554, 54.532638460775686], [8.702477474809786, 54.52814756105181], [8.702619984624082, 54.52365665740019], [8.700796960742515, 54.52026766879321], [8.697008403165086, 54.51798059523088], [8.691254361993831, 54.51679506930212]]]}}, {"type": "Feature", "properties": {"band": "rain", "dbz": 40.0, "source": "OPERA-ORD", "time": "20260907001000"}, "geometry": {"type": "Polygon", "coordinates": [[[9.388025054993292, 54.52346344012423], [9.384130378408152, 54.52568958719311], [9.382149099126401, 54.52904844373529], [9.382081217148045, 54.53354000975077], [9.382013317424589, 54.53803157201705], [9.381945399956034, 54.54252313053411], [9.383826102546287, 54.545901624642255], [9.387655425195348, 54.54816705434149], [9.393433391559075, 54.54931905164623], [9.401160001637471, 54.54935761655648], [9.406971101139668, 54.548263461876246], [9.41086669006566, 54.54603658760552], [9.412846745600415, 54.5426773617351], [9.412911267743933, 54.538185784264996], [9.411028844267056, 54.53480764857388], [9.407199475169785, 54.53254295466175], [9.403370529368626, 54.530278138612964], [9.399542006863578, 54.52801320042751], [9.395713907529757, 54.525748140148536], [9.39188623136716, 54.52348295777604], [9.388025054993292, 54.52346344012423]]]}}, {"type": "Feature", "properties": {"band": "rain", "dbz": 40.0, "source": "OPERA-ORD", "time": "20260907001000"}, "geometry": {"type": "Polygon", "coordinates": [[[7.956616926365192, 54.380770483876404], [7.948924649497658, 54.380639565168664], [7.9430990935710195, 54.38166361943228], [7.939140258585274, 54.38384264666726], [7.937048066017307, 54.3871770123269], [7.936822515867117, 54.391666716411194], [7.938577223180019, 54.395066922979524], [7.942312187956013, 54.3973776320319], [7.948027488795013, 54.39859847792813], [7.955723125697019, 54.39872946066824], [7.961550439789044, 54.397705072865286], [7.965509431071088, 54.39552531451926], [7.967600021770119, 54.39219055128794], [7.967822211886139, 54.387700783171304], [7.966065746407851, 54.384300910142315], [7.962330625335256, 54.38199093220095], [7.956616926365192, 54.380770483876404]]]}}, {"type": "Feature", "properties": {"band": "rain", "dbz": 40.0, "source": "OPERA-ORD", "time": "20260907001000"}, "geometry": {"type": "Polygon", "coordinates": [[[21.42334568245087, 53.8415360729202], [21.415836570968416, 53.84226292503761], [21.408327216302343, 53.842989303770025], [21.400817618452642, 53.84371520911746], [21.395490098948738, 53.84536604004448], [21.392344657790634, 53.84794179655108], [21.391381708580067, 53.85144281782398], [21.392601251317032, 53.85586910386316], [21.39382110276624, 53.860295368726945], [21.39504126292769, 53.86472161241535], [21.39783514408076, 53.86785985933709], [21.40220274622545, 53.86971010949215], [21.40814365506177, 53.87027202345512], [21.41565787058972, 53.869545601225994], [21.423171842378668, 53.868818705295894], [21.430685570428622, 53.86809133566482], [21.43601446412912, 53.86643920721987], [21.439158523480152, 53.863862319961044], [21.44011816396474, 53.86036101315286], [21.438893385582883, 53.85593528679533], [21.437668917011347, 53.851509539129125], [21.43644475825014, 53.847083770154256], [21.433649568700176, 53.84394632596549], [21.42928334836145, 53.842097206562826], [21.42334568245087, 53.8415360729202]]]}}, {"type": "Feature", "properties": {"band": "rain", "dbz": 40.0, "source": "OPERA-ORD", "time": "20260907001000"}, "geometry": {"type": "Polygon", "coordinates": [[[9.880779382418385, 54.362126723675075], [9.873087744880895, 54.362118853265926], [9.865396110273734, 54.362110490958], [9.8577044785969, 54.362101636751305], [9.851931554360684, 54.3632177846766], [9.848077337565078, 54.365458934733894], [9.848069353320362, 54.367704880412056], [9.851907601626536, 54.36995562171111], [9.857673382057905, 54.37108542054614], [9.86536669461447, 54.37109427691714], [9.873060010103679, 54.37110264126914], [9.880753328525529, 54.37111051360212], [9.886526260286896, 54.36999325976145], [9.89037880538778, 54.367750879747135], [9.89038510875045, 54.36550493202489], [9.886545170374903, 54.363255416594725], [9.880779382418385, 54.362126723675075]]]}}, {"type": "Feature", "properties": {"band": "rain", "dbz": 40.0, "source": "OPERA-ORD", "time": "20260907001000"}, "geometry": {"type": "Polygon", "coordinates": [[[6.946972855306727, 54.08063841692502], [6.93933972286557, 54.080443127750165], [6.933531797537526, 54.081418315366385], [6.9295490793225945, 54.08356397977369], [6.92739145340135, 54.086880482237966], [6.927058919773794, 54.0913678227592], [6.928718568897658, 54.09478235480329], [6.93237040077294, 54.09712407837023], [6.938014530330374, 54.09839263201136], [6.94565095756996, 54.0985880157267], [6.951460644771411, 54.097612514010606], [6.955443591934729, 54.09546612686309], [6.957599684931093, 54.09214921575847], [6.957928923760506, 54.08766178069674], [6.956267512763236, 54.08424756275252], [6.952615451939282, 54.081906561925805], [6.946972855306727, 54.08063841692502]]]}}, {"type": "Feature", "properties": {"band": "rain", "dbz": 40.0, "source": "OPERA-ORD", "time": "20260907001000"}, "geometry": {"type": "Polygon", "coordinates": [[[15.851191366035117, 53.77791707689728], [15.843629799970337, 53.77829009163777], [15.836068108338019, 53.77866262521658], [15.828506291138162, 53.77903467763372], [15.822990576520338, 53.780432347563774], [15.819520964484548, 53.782855635006754], [15.81809766826531, 53.78630489397272], [15.818720687862621, 53.79078012446166], [15.81934386656719, 53.79525534579021], [15.819967204379013, 53.79973055795835], [15.822326470298595, 53.80299406437991], [15.826421664325935, 53.80504586505489], [15.832252572860696, 53.80588560570498], [15.839819195902884, 53.805513286330175], [15.847385693086176, 53.80514048545403], [15.854952064410575, 53.80476720307655], [15.860469699309556, 53.80336832799635], [15.863938597783116, 53.80094386021344], [15.865358974734683, 53.79749415392166], [15.864730830164257, 53.79301920912101], [15.86410284590938, 53.78854425508975], [15.863475021970052, 53.78406929182789], [15.861113869767168, 53.78080650002947], [15.857019389300728, 53.778755879694515], [15.851191366035117, 53.77791707689728]]]}}, {"type": "Feature", "properties": {"band": "rain", "dbz": 40.0, "source": "OPERA-ORD", "time": "20260907001000"}, "geometry": {"type": "Polygon", "coordinates": [[[7.16727979313879, 52.86315570146275], [7.159861960097717, 52.86297510820468], [7.152444185033653, 52.862794042940195], [7.145026467946599, 52.8626125056693], [7.139388721216644, 52.86359854338913], [7.13553094484379, 52.86575215609969], [7.1334530392829745, 52.869073692298436], [7.133155004534201, 52.87356315198537], [7.134786627220195, 52.87697582653624], [7.138347907340954, 52.87931171595103], [7.14383894453492, 52.8805704715614], [7.151259738802093, 52.880752093367335], [7.158680591134288, 52.880933242947904], [7.166101501531506, 52.88111392030311], [7.171593805423417, 52.882371643216466], [7.175157502810019, 52.88470641168797], [7.17872158122275, 52.887041070731534], [7.18228604066161, 52.889375620347145], [7.185996967335453, 52.88946526110153], [7.189854361244282, 52.88730999299468], [7.1919290712280235, 52.88398755227947], [7.192221097286678, 52.8794979389559], [7.190585196203305, 52.87608598052581], [7.187021367977901, 52.87375167698921], [7.183457920515764, 52.871417264025126], [7.179894853816893, 52.86908274163355], [7.176332167765424, 52.86674810985127], [7.172769862361359, 52.864413368678285], [7.16727979313879, 52.86315570146275]]]}}, {"type": "Feature", "properties": {"band": "rain", "dbz": 40.0, "source": "OPERA-ORD", "time": "20260907001000"}, "geometry": {"type": "Polygon", "coordinates": [[[6.923259281197159, 52.533145067778634], [6.915898441359392, 52.53294912541967], [6.908537663202564, 52.53275271517187], [6.901176946726672, 52.532555837035225], [6.893816292223555, 52.53235849102222], [6.886455699693213, 52.53216067713284], [6.880854949288183, 52.533134437654304], [6.877014041008466, 52.53527977258661], [6.874932868439263, 52.53859702680798], [6.874611431580575, 52.54308620031839], [6.874289915003607, 52.547575365811554], [6.8739683187083624, 52.55206452328747], [6.8755683488383905, 52.55548105162319], [6.879090005393691, 52.55782495081874], [6.884533394966245, 52.55909587573786], [6.891898517556051, 52.55929382638054], [6.899263702258644, 52.55949130882486], [6.9066289490740225, 52.559688323070816], [6.913994257709696, 52.55988486910591], [6.921359628165665, 52.560080946930135], [6.9269625970396245, 52.559105497949886], [6.930803164331573, 52.55695852216515], [6.932881225153844, 52.55364036477207], [6.933196779506435, 52.549151025770655], [6.933512255632289, 52.54466167879847], [6.933827653531406, 52.540172323855494], [6.932223939639734, 52.53675649452754], [6.928701113957272, 52.534414190814594], [6.923259281197159, 52.533145067778634]]]}}, {"type": "Feature", "properties": {"band": "rain", "dbz": 40.0, "source": "OPERA-ORD", "time": "20260907001000"}, "geometry": {"type": "Polygon", "coordinates": [[[7.768653474746557, 52.14786028042765], [7.761354020856327, 52.14771824935859], [7.755822317401869, 52.14873459634014], [7.752058364383183, 52.15090932137231], [7.75006208688545, 52.154242766189185], [7.749833484908667, 52.15873493079076], [7.747836435748764, 52.16206823734086], [7.744070939405743, 52.164242685839504], [7.740305069561803, 52.166417008182755], [7.736538826216946, 52.16859120437062], [7.732772209277782, 52.170765274363276], [7.729005218744311, 52.17293921816071], [7.725237854523143, 52.1751130357231], [7.7214701166142765, 52.17728672705046], [7.719470294827316, 52.18061959810524], [7.7192383891622605, 52.18511164888746], [7.720891094002838, 52.18851687049646], [7.72442840934905, 52.190835262932225], [7.727966092573653, 52.1931535455477], [7.731504143676647, 52.19547171834288], [7.735042562766338, 52.1977897812819], [7.738581349842728, 52.20010773436476], [7.742235087322883, 52.20017953534277], [7.7460037752068045, 52.19800518421594], [7.749772088948465, 52.195830706865166], [7.753540028547863, 52.19365610329047], [7.757193810133883, 52.19372743999264], [7.760733433706525, 52.19604471697167], [7.764273425338374, 52.19836188398866], [7.767813785029428, 52.200678941043606], [7.773238183246107, 52.20190811789571], [7.780546619988408, 52.202049414544994], [7.7859717793729555, 52.2032782572534], [7.789513661399748, 52.20559464602093], [7.793055911738282, 52.20791092470161], [7.796598530388558, 52.21022709329547], [7.800141517458825, 52.212543151766525], [7.803684872949082, 52.21485910011478], [7.807228596967597, 52.21717493830428], [7.810772689514371, 52.219490666335005], [7.816200569279318, 52.220717817194554], [7.823512236262438, 52.220856390882915], [7.829051113752977, 52.21983708474885], [7.832817201750932, 52.21765989879236], [7.836582915260338, 52.21548258687392], [7.840348254281194, 52.21330514899351], [7.845886099111535, 52.21228477212129], [7.853196449751361, 52.212421456257275], [7.858733569798988, 52.211400713447986], [7.862497459254417, 52.20922254369344], [7.864488046475435, 52.20588728943159], [7.864705331462042, 52.20139495066242], [7.864922563019204, 52.1969026039677], [7.865139741146922, 52.192410249347446], [7.8634761149067245, 52.189007006803166], [7.859931684298611, 52.186692876334874], [7.856387621711858, 52.1843786355889], [7.8528439271464645, 52.18206428456526], [7.849300600494567, 52.17974982329986], [7.845757641756168, 52.177435251792716], [7.840333998074657, 52.176209222189144], [7.833029669450032, 52.17607173448914], [7.82760678543871, 52.17484537050473], [7.824065346040691, 52.17253013023591], [7.822405278648077, 52.16912635573412], [7.822626583260869, 52.16463404699934], [7.8209672267738375, 52.16123016627067], [7.817427209186983, 52.158914713548114], [7.812006603325633, 52.15768734695382], [7.804705409189787, 52.15754806648781], [7.79740425801737, 52.15740832218988], [7.790103149808383, 52.15726811406003], [7.784683737854796, 52.156039725701355], [7.781146022156612, 52.153723157113845], [7.777608673653559, 52.15140647860561], [7.774071692345634, 52.14908969017666], [7.768653474746557, 52.14786028042765]]]}}, {"type": "Feature", "properties": {"band": "rain", "dbz": 40.0, "source": "OPERA-ORD", "time": "20260907001000"}, "geometry": {"type": "Polygon", "coordinates": [[[8.147905439442, 52.16359277185493], [8.14060242597783, 52.163474832189074], [8.13507765529119, 52.16450943739733], [8.131331127382074, 52.1666965874797], [8.129362779918964, 52.170036624564794], [8.129172612901856, 52.17452954865261], [8.130856451511452, 52.17792891121962], [8.13441429574775, 52.18023471226582], [8.1379725084789, 52.182540402048005], [8.141531089704902, 52.18484598056618], [8.143215945664537, 52.18824522971903], [8.143027076357804, 52.192738149506546], [8.144712648999969, 52.19613729017183], [8.148272663591035, 52.1984426517149], [8.153707182123132, 52.19965389165193], [8.161016204596256, 52.199771009982925], [8.166544476972296, 52.19873543418976], [8.170291999251248, 52.196547164272395], [8.174039147713684, 52.1943587696859], [8.177785922359606, 52.19217025043025], [8.181532323284177, 52.18998160654498], [8.185278350487398, 52.187792838030084], [8.185370906217841, 52.18554634094153], [8.181809990475507, 52.18324211527933], [8.178249443327788, 52.180937778194306], [8.174689264774681, 52.17863332968645], [8.171129454709277, 52.17632876979205], [8.167570013131574, 52.1740240985111], [8.164010939934677, 52.17171931587982], [8.160452235118585, 52.169414421898225], [8.156893898576426, 52.167109416602536], [8.153335930308199, 52.16480429999275], [8.147905439442, 52.16359277185493]]]}}, {"type": "Feature", "properties": {"band": "rain", "dbz": 40.0, "source": "OPERA-ORD", "time": "20260907001000"}, "geometry": {"type": "Polygon", "coordinates": [[[7.837439734994085, 51.03379920569043], [7.830318350834818, 51.03366196278918], [7.824923879122787, 51.03468246583637], [7.821256319857994, 51.036860714831974], [7.819315604941629, 51.04019704075135], [7.819101734373691, 51.044691443594516], [7.8188878126401224, 51.04918583669829], [7.818673839740924, 51.053680220062674], [7.820294718461766, 51.05708550657159], [7.823750448802647, 51.059401696225045], [7.82904109897153, 51.060628457807596], [7.836166668968413, 51.060765791319255], [7.841563675673896, 51.05974501489112], [7.845232119087981, 51.05756612852318], [7.847171931632499, 51.05422946344606], [7.847383113307451, 51.049735019659764], [7.847594244482895, 51.04524056614905], [7.847805325158831, 51.0407461029139], [7.846183255891029, 51.0373411102575], [7.842728036679489, 51.03502558817986], [7.837439734994085, 51.03379920569043]]]}}, {"type": "Feature", "properties": {"band": "rain", "dbz": 40.0, "source": "OPERA-ORD", "time": "20260907001000"}, "geometry": {"type": "Polygon", "coordinates": [[[7.796871526669303, 50.988024804144835], [7.789757344522734, 50.98788500867553], [7.78436735890467, 50.988903599015615], [7.780701569815111, 50.99108057516509], [7.778759908067955, 50.99441626764196], [7.778542373663202, 50.99891067644622], [7.78015842949672, 51.002316612610244], [7.783608075568511, 51.004634076134025], [7.788891381126517, 51.00586273634454], [7.79600834617074, 51.00600259324178], [7.803125351351348, 51.00614199940172], [7.810242396668339, 51.00628095482434], [7.815633554737954, 51.005261380878764], [7.8192988255601925, 51.003083277565], [7.819405879006585, 51.00083603973982], [7.815954715077131, 50.998519667403244], [7.812503896209519, 50.99620318755474], [7.809053422403748, 50.99388660019433], [7.805603293561294, 50.99156990535546], [7.802153509682157, 50.98925310303814], [7.796871526669303, 50.988024804144835]]]}}, {"type": "Feature", "properties": {"band": "rain", "dbz": 40.0, "source": "OPERA-ORD", "time": "20260907001000"}, "geometry": {"type": "Polygon", "coordinates": [[[7.658262230970356, 50.91323561435036], [7.651159979095689, 50.91308706985306], [7.645775685980274, 50.9140990589583], [7.642109351624111, 50.91627158166609], [7.640160902833038, 50.919604967699804], [7.639930339607059, 50.92409921705946], [7.639699721384103, 50.9285934563997], [7.639469048164171, 50.93308768572054], [7.637519446971922, 50.93642091218645], [7.6338509178073535, 50.93859313579744], [7.630182038896993, 50.940765236199226], [7.6265128102408415, 50.942937213391794], [7.622843231754201, 50.94510906733801], [7.619173303437071, 50.94728079803785], [7.615503025204754, 50.94945240545414], [7.611832397057248, 50.9516238895869], [7.608161418909851, 50.953795250398905], [7.604490090762564, 50.95596648789018], [7.60093599642228, 50.955890567013796], [7.597499135889001, 50.95356748776974], [7.594062619161928, 50.95124430185767], [7.590626446241057, 50.94892100927759], [7.585354677948287, 50.94768277540429], [7.578247314283617, 50.94752960023777], [7.572857343449492, 50.94853805456532], [7.569184765445911, 50.95070813838694], [7.567229504668694, 50.95404018169864], [7.566991561117841, 50.95853418450041], [7.568590600476988, 50.96194316227307], [7.572026622746135, 50.96426711501663], [7.575462989015404, 50.966590961140625], [7.578899699284794, 50.96891470064507], [7.580499663588867, 50.97232356867059], [7.580262881927622, 50.97681756521716], [7.581863509449362, 50.980226330003404], [7.585301546154088, 50.98254986302933], [7.5887399272204945, 50.98487328935215], [7.59217865264858, 50.98719660897189], [7.595617722537362, 50.98951982185527], [7.59905713688684, 50.99184292800228], [7.6043340857888175, 50.99308025171075], [7.611448569243297, 50.993231792980666], [7.616842650212435, 50.99222176453661], [7.620516328696233, 50.99005016637858], [7.6224695303724275, 50.98671732895214], [7.62270225524102, 50.98222325225727], [7.6246547310327255, 50.97889027823464], [7.628326957747545, 50.976718406884224], [7.631883221884324, 50.976793476992356], [7.6353235234430645, 50.979115488559046], [7.638764169400814, 50.98143739325816], [7.642205159757575, 50.98375919108972], [7.647482331027163, 50.98499449268566], [7.65459568320958, 50.98514329804597], [7.659987845140269, 50.984131188154194], [7.663658816819231, 50.981958163010326], [7.665608525301998, 50.978624553013326], [7.665836970588568, 50.97413035816321], [7.6660653613499425, 50.9696361533783], [7.66629369758612, 50.965141938658604], [7.664687617196505, 50.96173426584491], [7.6612471201811, 50.9594131349372], [7.657806967206183, 50.95709189713076], [7.654367158271753, 50.954770552425586], [7.65448159165104, 50.95252343825491], [7.658150267344044, 50.95035055461872], [7.661704533949461, 50.95042467511682], [7.66514439146729, 50.95274579974921], [7.66858459296067, 50.95506681746677], [7.672025138429601, 50.95738772826949], [7.677300088346235, 50.95862163704819], [7.6844094427105745, 50.95876854380286], [7.689685104888792, 50.96000212857935], [7.693127074880887, 50.96232239137765], [7.6930139754886735, 50.9645695279254], [7.689345806712152, 50.9667435382226], [7.685677287700418, 50.96891742543143], [7.682008418453475, 50.97109118955188], [7.680060455993599, 50.97442518521737], [7.67983340032079, 50.97891941242793], [7.681441474092015, 50.98232677368792], [7.6848846773072745, 50.984647268997364], [7.688328225121584, 50.98696765725759], [7.691772117534942, 50.98928793846857], [7.695216354646133, 50.99160811259696], [7.698660936455154, 50.99392817964276], [7.702218108367361, 50.994001013683445], [7.705887870382754, 50.99182661471901], [7.709557281749442, 50.98965209267703], [7.713226342467424, 50.98747744755748], [7.7168950526219735, 50.98530267939758], [7.720563412213087, 50.983127788197315], [7.722509035241293, 50.979793181042986], [7.722731921706588, 50.97529885793458], [7.7246768202737, 50.971964114924006], [7.7283437309426315, 50.96978895201126], [7.73373272456871, 50.96877303889465], [7.740843801151938, 50.9689163755742], [7.746232117838014, 50.9679001065241], [7.749897674626939, 50.965724231744325], [7.751840401325139, 50.96238908153863], [7.752060297932612, 50.957894655907026], [7.7522801420732455, 50.953400220360415], [7.752499933747038, 50.94890577489879], [7.752719672990165, 50.94441131950841], [7.752939359802626, 50.93991685418929], [7.7513277086522026, 50.936510367446616], [7.747884719538893, 50.93419185928039], [7.742610462494668, 50.93296099970985], [7.735504937519527, 50.93281778873498], [7.730120213792439, 50.933833816145786], [7.726456291313408, 50.93600908194227], [7.722792019191184, 50.93818422486112], [7.719127397425767, 50.94035924490235], [7.715574350154998, 50.94028695663294], [7.7121328773788775, 50.93796736005288], [7.7086917483518445, 50.93564765644437], [7.705250963073901, 50.933327845807405], [7.699977932287276, 50.93209498530334], [7.69287265599197, 50.93194907493216], [7.687600336355599, 50.93071589051052], [7.684160973378162, 50.928395432038414], [7.680721953919733, 50.92607486665371], [7.677283277980308, 50.923754194356405], [7.673844945461555, 50.921433415179735], [7.670406956363475, 50.919112529123694], [7.666969310587749, 50.91679153622152], [7.663532008134376, 50.91447043647318], [7.658262230970356, 50.91323561435036]]]}}, {"type": "Feature", "properties": {"band": "rain", "dbz": 40.0, "source": "OPERA-ORD", "time": "20260907001000"}, "geometry": {"type": "Polygon", "coordinates": [[[7.606585685736202, 50.81316029100804], [7.599498969692197, 50.81300851496077], [7.594125252128705, 50.814018103478176], [7.590464533045723, 50.81618905656023], [7.588516738069068, 50.81952170295877], [7.58828186719874, 50.824016042673776], [7.586333352183657, 50.827348552574314], [7.5826711930238195, 50.82951923266037], [7.579008686100738, 50.83168978964389], [7.575345831414413, 50.833860223524866], [7.573396167165683, 50.837192573185455], [7.573159693354547, 50.84168683862565], [7.572923163248124, 50.84618109388235], [7.572686576846415, 50.85067533895554], [7.5724499341106934, 50.8551695738589], [7.572213235040959, 50.859663798592436], [7.571976479598444, 50.864158013169806], [7.5717396677831506, 50.86865221759103], [7.573336093093809, 50.87206126230213], [7.576765755530418, 50.87438514730314], [7.582028730233472, 50.875623543283055], [7.5891250172029725, 50.87577645024189], [7.596221347741613, 50.875928907967335], [7.603317721849398, 50.8760809164594], [7.608581817088487, 50.87731832415473], [7.612013633458881, 50.87964113105333], [7.613613096840025, 50.88304966650929], [7.613380207231918, 50.88754393052261], [7.611430718067801, 50.890876774523555], [7.607764629347674, 50.8930481985121], [7.602382015258301, 50.894057872980184], [7.595282875799679, 50.893905797927815], [7.589899588709322, 50.89491511614922], [7.586232153987229, 50.89708582764442], [7.584280496786896, 50.90041826191849], [7.584044617108324, 50.90491241897142], [7.582092236728255, 50.9082447165452], [7.578423355646688, 50.91041515463981], [7.57475412530912, 50.91258546940489], [7.571084545715551, 50.914755660840456], [7.569131010958376, 50.91808779811899], [7.5688935210375945, 50.92258188124049], [7.570491513502217, 50.925990885492574], [7.573924988352243, 50.928314810875236], [7.579194021046287, 50.92955332757418], [7.58629861158435, 50.929706435589424], [7.591685771763842, 50.92869756413367], [7.595355501584767, 50.92652671320693], [7.599024881903525, 50.92435573898624], [7.6026939127201185, 50.92218464147161], [7.606362594119034, 50.92001342070018], [7.610030926100272, 50.91784207667195], [7.613698908748317, 50.915670609424055], [7.617366542063169, 50.913499018956486], [7.6210338261293105, 50.91132730530635], [7.624700760946742, 50.90915546847364], [7.626650092161698, 50.905822421708585], [7.626881819774178, 50.90132816501118], [7.628830428263294, 50.89799498185232], [7.632495917629045, 50.895822872232], [7.6378783614014605, 50.894811506607226], [7.644977759580541, 50.89496088497799], [7.652077200367433, 50.8951098138846], [7.659176683762139, 50.89525829332706], [7.664444438796474, 50.89649307676657], [7.667880465470439, 50.89881416420313], [7.671316835140832, 50.901135144827826], [7.6747535478076525, 50.90345601864066], [7.67819060356908, 50.90577678560845], [7.6816280024251125, 50.908097445731194], [7.685065744473953, 50.91041799897569], [7.688503829715602, 50.91273844534193], [7.693774124743122, 50.91397159174099], [7.700876629556517, 50.91411743817288], [7.706259399226473, 50.913103045444586], [7.7099224337529915, 50.91092841355612], [7.713585119132688, 50.908753658816174], [7.717247455365564, 50.90657878122475], [7.72262926648233, 50.90556335047139], [7.729730552482984, 50.905707366556086], [7.73683187958383, 50.905850933028056], [7.7439332477848675, 50.90599404988728], [7.749204465712202, 50.907224853931524], [7.752645533365834, 50.90954334516077], [7.7542563808617, 50.912949853303644], [7.754037008199799, 50.91744437836014], [7.753817583215558, 50.921938893446665], [7.753598105908975, 50.92643339856323], [7.755209885107463, 50.92983979521196], [7.758652920811023, 50.93215808339285], [7.76392728275844, 50.933387933130675], [7.7710329709497135, 50.93352934442544], [7.776416447957951, 50.93251159612888], [7.780077713783152, 50.930334688241004], [7.783738630145644, 50.92815765769685], [7.787399197045428, 50.92598050449642], [7.791059414567627, 50.923803228676725], [7.794719282712243, 50.92162583023775], [7.796656825002257, 50.91828982218114], [7.7968720414376715, 50.91379520450686], [7.797087206575345, 50.909300576871736], [7.797302320415277, 50.90480593927576], [7.797517382992796, 50.90031129170517], [7.7977323943079, 50.89581663415997], [7.797947354395886, 50.89132196662641], [7.798162263256755, 50.886827289104474], [7.80009781576662, 50.8834910780873], [7.8037540119254825, 50.881313333574894], [7.807409859541836, 50.879135466616695], [7.8110653586156795, 50.87695747721271], [7.812999769117579, 50.87362110852965], [7.813213091047532, 50.869126360567506], [7.811599354573497, 50.86572062248148], [7.808158559695471, 50.86340389427157], [7.80289077429974, 50.86217584658178], [7.795795998386307, 50.86203647941209], [7.790420929119589, 50.863055461103855], [7.786765566499588, 50.86523279165708], [7.784829842019482, 50.8685688004125], [7.784613755679272, 50.87306348737012], [7.782677311546336, 50.876399360941434], [7.779020509620672, 50.878576421126446], [7.775472145188201, 50.878506040718264], [7.772032218248924, 50.87618821971688], [7.770420989008528, 50.87278198113563], [7.7706384574670135, 50.86828732497451], [7.76902789050965, 50.86488098200198], [7.765589288136438, 50.86256295221803], [7.762151028243013, 50.86024481537993], [7.758713110829373, 50.857926571487695], [7.75527553579788, 50.855608220574496], [7.75183830314853, 50.85328976264034], [7.746573150611413, 50.85205906915048], [7.73948007818653, 50.85191614010491], [7.732387046683725, 50.851772762035225], [7.7252940561029995, 50.85162893494143], [7.719918625950714, 50.852644537813546], [7.716260756226868, 50.854819570651586], [7.712602538352291, 50.85699448078819], [7.708943972326986, 50.85916926822337], [7.703567586230196, 50.860183834444804], [7.696473380061924, 50.86003817945249], [7.691209147456163, 50.85880514667241], [7.687774888412912, 50.856484736104555], [7.684340971586541, 50.85416421876128], [7.680907396977048, 50.851843594642574], [7.677474164486641, 50.849522863781566], [7.674041274115321, 50.84720202617823], [7.670608725765313, 50.844881081865665], [7.667176519436617, 50.842560030843856], [7.6619148194074285, 50.84132536300163], [7.654823625677746, 50.84117707833899], [7.64773247437129, 50.841028344800286], [7.64064136548806, 50.840879162385534], [7.633550299283096, 50.84072953110326], [7.6264592757564, 50.84057945095346], [7.621199101213907, 50.83934312991568], [7.61776977565562, 50.83702056798991], [7.616171225462292, 50.8336120941903], [7.616403450633921, 50.82911770851684], [7.616635620568997, 50.82462331265712], [7.616867735267515, 50.820128906611146], [7.615270105402131, 50.81672032244903], [7.611842730972847, 50.81439756017079], [7.606585685736202, 50.81316029100804]]]}}, {"type": "Feature", "properties": {"band": "rain", "dbz": 40.0, "source": "OPERA-ORD", "time": "20260907001000"}, "geometry": {"type": "Polygon", "coordinates": [[[7.829576714488903, 50.89868694914876], [7.822476248482546, 50.89854925814594], [7.8170975006449614, 50.89956949205905], [7.813440470976149, 50.90174765088809], [7.811505091654786, 50.90508406433274], [7.811291362680875, 50.90957873239299], [7.811077582738795, 50.91407339049991], [7.810863751828548, 50.9185680386535], [7.812479500143999, 50.92197363512108], [7.815924827685148, 50.924290179902655], [7.821199802381654, 50.925517343060164], [7.828304424233514, 50.92565512459361], [7.833685689197545, 50.92463461863654], [7.837343597273747, 50.922455825188955], [7.839278081155664, 50.91911907420404], [7.839489140843298, 50.9146243656818], [7.83970015022199, 50.91012964722115], [7.839911109291739, 50.905634918822074], [7.838294178492981, 50.90222961462945], [7.834849357825714, 50.89991373464326], [7.829576714488903, 50.89868694914876]]]}}, {"type": "Feature", "properties": {"band": "rain", "dbz": 40.0, "source": "OPERA-ORD", "time": "20260907001000"}, "geometry": {"type": "Polygon", "coordinates": [[[22.00892199729049, 50.10629920265481], [22.002020627740812, 50.10705559104628], [21.997129248766914, 50.10872964039386], [21.9942478603688, 50.111321350697544], [21.994817687772663, 50.113535143209305], [21.9988387309785, 50.11537101792913], [22.00286010133731, 50.117206738499526], [22.006881798849093, 50.119042304920484], [22.010903823557477, 50.12087771715153], [22.014926175462456, 50.122712975192655], [22.02038908144222, 50.12325181975098], [22.02729254149677, 50.12249425082651], [22.03218420065555, 50.12081913281674], [22.035064058918564, 50.11822646572167], [22.03449271885719, 50.11601285941718], [22.030470180471426, 50.114178313903274], [22.026447969127656, 50.11234361415657], [22.02242608482588, 50.110508760177076], [22.018404527522577, 50.10867375200526], [22.014383297217744, 50.106838589641136], [22.00892199729049, 50.10629920265481]]]}}, {"type": "Feature", "properties": {"band": "rain", "dbz": 40.0, "source": "OPERA-ORD", "time": "20260907001000"}, "geometry": {"type": "Polygon", "coordinates": [[[6.464504546690866, 50.341655801978284], [6.4574931627289605, 50.34143202328505], [6.452149426619628, 50.34238703099075], [6.448473338362869, 50.34452082509538], [6.446464791263379, 50.347833729038165], [6.446123785321157, 50.35232574281911], [6.447621493662149, 50.35575088370774], [6.450957916286358, 50.35810915170404], [6.456133159982847, 50.359400223220014], [6.4631472247516175, 50.35962409825564], [6.4684924077105315, 50.358668815195614], [6.472168708859587, 50.356534374039946], [6.474176022001889, 50.35322109840043], [6.474514347137437, 50.34872898827709], [6.473015191946862, 50.34530412274278], [6.469678556430167, 50.34294650179753], [6.464504546690866, 50.341655801978284]]]}}, {"type": "Feature", "properties": {"band": "rain", "dbz": 40.0, "source": "OPERA-ORD", "time": "20260907001000"}, "geometry": {"type": "Polygon", "coordinates": [[[6.444264272657991, 50.2610794913183], [6.440594314272121, 50.2632131419601], [6.438588884145917, 50.26652605587551], [6.43824798227938, 50.27101823306451], [6.437907000388471, 50.27551039843071], [6.43756593847319, 50.280002551974114], [6.439060896930516, 50.28342792234333], [6.442391875760447, 50.285786509538354], [6.445893127196768, 50.285898906155865], [6.449564651239476, 50.28376511219586], [6.453235836929253, 50.28163119265702], [6.456906684266101, 50.27949714753933], [6.460577193326859, 50.27736297687943], [6.464247364111529, 50.2752286806773], [6.464416853815843, 50.27298256183955], [6.4610856624398005, 50.27062462036617], [6.457754800312829, 50.268266577404276], [6.454424267434929, 50.26590843295387], [6.451094063709716, 50.263550187045844], [6.44776418913719, 50.26119183968021], [6.444264272657991, 50.2610794913183]]]}}, {"type": "Feature", "properties": {"band": "rain", "dbz": 40.0, "source": "OPERA-ORD", "time": "20260907001000"}, "geometry": {"type": "Polygon", "coordinates": [[[6.551148165819976, 50.119237758625964], [6.5441694782534565, 50.11901958270092], [6.537190850540455, 50.118800966115984], [6.530212282680969, 50.11858190887116], [6.52489547559383, 50.11954065433331], [6.5212404292790405, 50.12167720250246], [6.5175850474274535, 50.123813625748085], [6.513929330039069, 50.12594992407019], [6.5086116454774405, 50.12690763972324], [6.501631993742566, 50.126686772707245], [6.494652402621803, 50.12646546497381], [6.48767287211515, 50.126243716522936], [6.482354310678157, 50.127200402080305], [6.478696718310824, 50.12933552164593], [6.475038790263014, 50.13147051612217], [6.471380526534724, 50.133605385509036], [6.467721927049879, 50.13574012977022], [6.464062991808477, 50.137874748905716], [6.4638946894318465, 50.14012104630329], [6.467217019919988, 50.14247902196296], [6.470539677520235, 50.144836896335846], [6.473862662232587, 50.147194669421964], [6.473694281074127, 50.14944095482333], [6.470034534044854, 50.15157575253994], [6.466374450945565, 50.15371042507903], [6.462714031776262, 50.155844972440605], [6.460714990944693, 50.15915850159744], [6.460377328450859, 50.16365101254953], [6.460039586887708, 50.16814351153256], [6.459701766255241, 50.172635998546546], [6.461195190388958, 50.17606125374836], [6.464519859288858, 50.178419277138005], [6.4678448559093935, 50.180777199183396], [6.4711701802505655, 50.18313501988454], [6.47449583240812, 50.185492739210645], [6.477821812382059, 50.18785035716173], [6.481148120268147, 50.19020787370701], [6.484474756066384, 50.19256528884648], [6.484306644948865, 50.194811538346045], [6.480643786915589, 50.1969466222057], [6.476980592022306, 50.199081580804766], [6.473317060269015, 50.20121641414325], [6.473148870360111, 50.20346265173726], [6.476476022295594, 50.20582029358679], [6.479803502448362, 50.20817783400167], [6.483131310818414, 50.210535272981886], [6.4846272395856195, 50.21396022415237], [6.484291288749979, 50.21845268751313], [6.483955259145076, 50.22294513900706], [6.4836191507709104, 50.22743757863418], [6.483282963574256, 50.23193000640765], [6.4829466975551115, 50.2364224223275], [6.484443677895304, 50.23984726624205], [6.487773904594833, 50.24220453815131], [6.491104460162355, 50.24456170852082], [6.494435344597874, 50.24691877735057], [6.4977665579975366, 50.24927574460968], [6.501098100361345, 50.25163261029813], [6.506263063932949, 50.25292136623508], [6.51326144871235, 50.25314201242052], [6.518427105241639, 50.254430457543506], [6.521760033520818, 50.25678670160406], [6.525093290995557, 50.259142843984776], [6.528426877665856, 50.261498884685665], [6.533593651763634, 50.26278636749254], [6.540593613288888, 50.263005292405396], [6.547593635111317, 50.263223775141995], [6.55459371723092, 50.263441815702365], [6.5615938594057015, 50.263659414074446], [6.568594061635663, 50.26387657025823], [6.575594323678779, 50.26409328424177], [6.58259464553505, 50.26430955602505], [6.589595026962417, 50.26452538559611], [6.596595467960884, 50.26474077295495], [6.603595968288359, 50.264955718089716], [6.610596527944843, 50.265170221000396], [6.617597146688215, 50.265384281675125], [6.624597824518477, 50.265597900113924], [6.631598561193477, 50.265811076304985], [6.638599356713215, 50.26602381024831], [6.643930146555432, 50.26505996731285], [6.6475909307201295, 50.2629195474986], [6.649581608798589, 50.2596028737384], [6.64990218079081, 50.25510994603226], [6.650222677590043, 50.25061700663467], [6.6505430991962875, 50.24612405554562], [6.650863445660361, 50.24163109275184], [6.651183716982266, 50.23713811825331], [6.653172793760092, 50.23382124466721], [6.656830675993838, 50.23168047199353], [6.660488220844018, 50.22953957459151], [6.664145428310627, 50.22739855246115], [6.667802298470905, 50.22525740563883], [6.671458831324848, 50.223116134124545], [6.675115026949692, 50.22097473795462], [6.678770885345436, 50.218833217129074], [6.682426406589316, 50.21669157168424], [6.686081590681333, 50.214549801620095], [6.689736437698719, 50.212407906972985], [6.693390947641474, 50.21026588774288], [6.693549156547105, 50.208019303042214], [6.690211064415609, 50.205668152870984], [6.685046111897935, 50.20438769522727], [6.678054298994082, 50.204177930111065], [6.672730866600099, 50.2051437176046], [6.669075814715984, 50.207285057707864], [6.66542042584087, 50.20942627317061], [6.661764699974757, 50.21156736399281], [6.658268547579388, 50.21146180769506], [6.654931968654763, 50.209109604277366], [6.651595718353709, 50.20675729884204], [6.6482597966762285, 50.2044048913891], [6.643096103595309, 50.203122480271375], [6.636104639110952, 50.20291006548886], [6.62911323317852, 50.20269720911859], [6.6221218857980135, 50.202483911160556], [6.616959303704406, 50.20120053773342], [6.613625486897696, 50.19884708883717], [6.61378694816867, 50.196600605693526], [6.617443687517328, 50.1944610883025], [6.621100090123194, 50.19232144614538], [6.624756155986267, 50.19018167922216], [6.624917541618311, 50.187935184273144], [6.621584247019327, 50.185581961298325], [6.618251280566488, 50.1832286364606], [6.614918642259793, 50.18087520975996], [6.611586332003816, 50.17852168122731], [6.608254349798557, 50.176168050862614], [6.60309479730366, 50.17488377263315], [6.596107674519128, 50.17466884653891], [6.589120610882837, 50.174453479174325], [6.58213360639479, 50.174237670539426], [6.5769751644512455, 50.1729524310696], [6.573645285052201, 50.170597760764835], [6.570315733436293, 50.16824298878407], [6.566986509603518, 50.16588811512731], [6.5636576134584494, 50.16353313982536], [6.560329045001088, 50.16117806287822], [6.5588288687579235, 50.1577540917816], [6.559157084728957, 50.153261226535484], [6.559485223899392, 50.148768349374016], [6.559813286269226, 50.1442754602972], [6.560141271890219, 50.1397825592918], [6.560469180762366, 50.13528964635783], [6.560797012937384, 50.13079672148204], [6.561124768415267, 50.126303784664444], [6.559625862016466, 50.12287969883885], [6.5563002937409784, 50.12052446400527], [6.551148165819976, 50.119237758625964]]]}}, {"type": "Feature", "properties": {"band": "rain", "dbz": 40.0, "source": "OPERA-ORD", "time": "20260907001000"}, "geometry": {"type": "Polygon", "coordinates": [[[6.459984864034012, 50.21542580839963], [6.452992298794052, 50.21520181822117], [6.447662902092807, 50.216156738394425], [6.443996673930277, 50.2182905689194], [6.441993508227125, 50.22160363208766], [6.441653404983351, 50.226095927899216], [6.443147081564109, 50.22952133253853], [6.446474537969398, 50.23187984600559], [6.449971788269768, 50.231992097996894], [6.453638832465218, 50.22985808851243], [6.457305539256036, 50.22772395360592], [6.460971908642222, 50.22558969327736], [6.464637940700331, 50.223455307563235], [6.468303635430362, 50.22132079646356], [6.468472648760032, 50.2190746065575], [6.465144980689339, 50.21671673784507], [6.459984864034012, 50.21542580839963]]]}}, {"type": "Feature", "properties": {"band": "rain", "dbz": 40.0, "source": "OPERA-ORD", "time": "20260907001000"}, "geometry": {"type": "Polygon", "coordinates": [[[6.918816566356162, 50.058068849687686], [6.911845528905536, 50.05787392956678], [6.906543592179922, 50.058851125296634], [6.90291075617932, 50.061000436877244], [6.899277585811927, 50.06314962499741], [6.895644081077739, 50.06529868965714], [6.890341255869028, 50.06627486053826], [6.883369110185794, 50.06607813764077], [6.87806564681808, 50.067053954364155], [6.874430865765887, 50.06920231070839], [6.87079575019464, 50.07135054347383], [6.86716030010434, 50.07349865266043], [6.8618559489012565, 50.0744734440753], [6.854882696585391, 50.07427491771841], [6.849577707213629, 50.07524935472246], [6.84594098078597, 50.07739675508743], [6.843972423923816, 50.08071744021391], [6.843672036627165, 50.08521141010189], [6.843371579097457, 50.08970536818403], [6.843071051334692, 50.09419931446032], [6.844589914590452, 50.09761959838015], [6.847928168864739, 50.099966219943525], [6.853085907682176, 50.10123885752247], [6.8600631310427636, 50.10143751111697], [6.867040408630876, 50.10163572407038], [6.874017740446514, 50.10183349638268], [6.880995126250258, 50.10203082804309], [6.887972566042107, 50.102227719051605], [6.894950059582612, 50.10242416939744], [6.901927606871776, 50.10262017908059], [6.908905207670118, 50.10281574809034], [6.915882861977641, 50.103010876426694], [6.921189294084174, 50.10203351218199], [6.9248245039897185, 50.09988365535624], [6.926788400395423, 50.09656162766097], [6.927080983301286, 50.09206742909619], [6.927373497823336, 50.08757321878664], [6.92766594396157, 50.08307899673232], [6.927958321762019, 50.07858476291982], [6.928250631224682, 50.074090517349134], [6.928542872395546, 50.06959626000684], [6.928835045274613, 50.06510199089292], [6.927311370055978, 50.06168271968901], [6.923971846739643, 50.059338446395095], [6.918816566356162, 50.058068849687686]]]}}, {"type": "Feature", "properties": {"band": "rain", "dbz": 40.0, "source": "OPERA-ORD", "time": "20260907001000"}, "geometry": {"type": "Polygon", "coordinates": [[[6.344556138863456, 49.896399952231036], [6.337611006238461, 49.89616886223809], [6.330665936216466, 49.895937334014114], [6.323720928797471, 49.895705367559096], [6.316775984216165, 49.89547296288558], [6.309831102472552, 49.89524011999355], [6.304534919992287, 49.89618846877153], [6.300887436775373, 49.898318009219516], [6.2988885444286495, 49.90162906061771], [6.298538242952116, 49.9061216229661], [6.298187859939127, 49.910614172824296], [6.297837395389681, 49.91510671019229], [6.299311695148011, 49.918534520787475], [6.3026107592141125, 49.92089760460982], [6.307734696149811, 49.922195642154676], [6.314683505955105, 49.922428633422044], [6.32163237873156, 49.92266118619341], [6.328581314479177, 49.92289330046877], [6.335530312962767, 49.92312497623559], [6.342479374182331, 49.92335621349386], [6.34777753007975, 49.92240629802753], [6.3514247806550195, 49.9202752298366], [6.3534210187262055, 49.91696332848649], [6.353766244293308, 49.91247059397722], [6.354111389535962, 49.90797784702527], [6.354456454454173, 49.903485087630656], [6.352978916478947, 49.90005790525689], [6.349678775610284, 49.89769629990397], [6.344556138863456, 49.896399952231036]]]}}, {"type": "Feature", "properties": {"band": "rain", "dbz": 40.0, "source": "OPERA-ORD", "time": "20260907001000"}, "geometry": {"type": "Polygon", "coordinates": [[[6.320952190348523, 49.841560270942715], [6.314015148395411, 49.841327724158525], [6.308725089572761, 49.8422763328627], [6.305082013880574, 49.844406097055234], [6.303085813370557, 49.847717335542036], [6.302736488042712, 49.8522100483231], [6.302387081505132, 49.85670274853534], [6.3020375937578175, 49.86119543617877], [6.3035106636717675, 49.86462328510902], [6.306806291246982, 49.866986295326086], [6.311924584599506, 49.868284147800175], [6.318865543729339, 49.86851684253128], [6.324158035772976, 49.867568007478056], [6.327802060730417, 49.86543764264049], [6.329797511055588, 49.86212606707248], [6.330144386748488, 49.85763328077403], [6.33049118183517, 49.85314048193051], [6.330837896315636, 49.848647670541915], [6.3293636179981725, 49.845220084719415], [6.326068346882777, 49.842857724463016], [6.320952190348523, 49.841560270942715]]]}}, {"type": "Feature", "properties": {"band": "rain", "dbz": 40.0, "source": "OPERA-ORD", "time": "20260907001000"}, "geometry": {"type": "Polygon", "coordinates": [[[21.70069952999856, 48.74822845530054], [21.697874714478132, 48.750813512005536], [21.69699544601886, 48.75432372164317], [21.69806172462073, 48.75875908421343], [21.69718200403614, 48.76226924352174], [21.694356284265098, 48.764854199568106], [21.691530285407758, 48.76743908156992], [21.68870400746413, 48.77002388952718], [21.68782389987784, 48.77353399511554], [21.688889962648904, 48.77796939833498], [21.691369750127965, 48.78111232308127], [21.69526326231502, 48.782962769354384], [21.700570181683112, 48.78352044378469], [21.707290508232237, 48.78278534637218], [21.71206349285075, 48.781125100412964], [21.714889135538655, 48.77853970590704], [21.715767754287647, 48.775029456154606], [21.714699349097728, 48.77059435115565], [21.715577515656232, 48.76708405117178], [21.71840225396316, 48.76449855620298], [21.721226713337245, 48.761912987269916], [21.724050893778493, 48.75932734437258], [21.723516757384516, 48.757109788481664], [21.719624304155317, 48.75526031959717], [21.715732157034363, 48.75341070214443], [21.711840316021657, 48.75156093612345], [21.70794878107617, 48.74971102157173], [21.704057552197902, 48.74786095848927], [21.70069952999856, 48.74822845530054]]]}}, {"type": "Feature", "properties": {"band": "rain", "dbz": 40.0, "source": "OPERA-ORD", "time": "20260907001000"}, "geometry": {"type": "Polygon", "coordinates": [[[21.721343030186212, 48.726620451266676], [21.714630461147976, 48.727356325603054], [21.709862499181675, 48.7290169154267], [21.70703914428731, 48.73160222073761], [21.706160713553153, 48.735112534428204], [21.707227206979198, 48.73954785649848], [21.709705962353922, 48.74269045139701], [21.713596979677327, 48.74454031912377], [21.71889994159866, 48.74509716666545], [21.725614848117928, 48.744360994022045], [21.73038366137365, 48.74269996212671], [21.733206381365825, 48.740114070979466], [21.734083325908436, 48.73660361352421], [21.73301449500149, 48.73216858976093], [21.730534888337345, 48.7290264369341], [21.726644505916, 48.72717715504369], [21.721343030186212, 48.726620451266676]]]}}, {"type": "Feature", "properties": {"band": "rain", "dbz": 40.0, "source": "OPERA-ORD", "time": "20260907001000"}, "geometry": {"type": "Polygon", "coordinates": [[[6.153146110298224, 48.98869114354852], [6.146331170918966, 48.988448537549075], [6.141131076914515, 48.98939001825219], [6.137545828284873, 48.991515585657865], [6.135575317348614, 48.9948255509886], [6.1352195441057376, 48.9993199142444], [6.136657019633098, 49.002751518934915], [6.139887743930698, 49.00512036506012], [6.144911824771502, 49.00642614125892], [6.15172926215551, 49.006668847531316], [6.1567539944375245, 49.00797432344637], [6.159986021617545, 49.010342569004095], [6.163218356703487, 49.012710716265964], [6.166450999695347, 49.01507876523196], [6.169860124352957, 49.01519948709406], [6.173445730676317, 49.01307288185225], [6.177031019931014, 49.01094615336058], [6.18061599211705, 49.008819301619056], [6.184200647303745, 49.006692326661934], [6.1877849854910965, 49.00456522848923], [6.18796072630924, 49.002317966335866], [6.184727869758175, 48.99995054020186], [6.179703222954819, 48.9986463572356], [6.172886785899174, 48.99840541743709], [6.167862790134639, 48.997100934049236], [6.164631235661213, 48.99473290707205], [6.161399988815338, 48.99236478182465], [6.158169049597015, 48.98999655830705], [6.153146110298224, 48.98869114354852]]]}}, {"type": "Feature", "properties": {"band": "rain", "dbz": 40.0, "source": "OPERA-ORD", "time": "20260907001000"}, "geometry": {"type": "Polygon", "coordinates": [[[5.310039838942903, 48.3690329387753], [5.303313654526125, 48.36873771454502], [5.298162752656512, 48.36963930583339], [5.294587133334064, 48.37173771264041], [5.2925866697846775, 48.375033240039905], [5.292161362008353, 48.37952588803187], [5.293524467319484, 48.38296936261841], [5.296675985718069, 48.385363663799524], [5.3016160440843, 48.386708486367915], [5.3083446424181755, 48.38700383032358], [5.313496877820125, 48.38610199374324], [5.317072750290147, 48.38400297662688], [5.319072133454849, 48.380707084210044], [5.319495027314231, 48.37621431649271], [5.318130588470764, 48.372771087198146], [5.31497881692445, 48.37037739632635], [5.310039838942903, 48.3690329387753]]]}}, {"type": "Feature", "properties": {"band": "rain", "dbz": 40.0, "source": "OPERA-ORD", "time": "20260907001000"}, "geometry": {"type": "Polygon", "coordinates": [[[5.377305699964617, 48.371961943535275], [5.370578786715189, 48.37167094441794], [5.3654288462149315, 48.37257577899819], [5.361855878463842, 48.374676447276016], [5.359859758471492, 48.37797325443159], [5.359440486237882, 48.38246620046492], [5.360808301556089, 48.3859088419334], [5.363963204426111, 48.38830117883704], [5.368905319942991, 48.38964290586206], [5.375634648106729, 48.38993402300845], [5.380785920853313, 48.38902894218185], [5.384359138182742, 48.38692766338225], [5.386354175507183, 48.383630491951266], [5.386771032826637, 48.37913742788888], [5.385401885262105, 48.37569503266675], [5.382246732813588, 48.373303306284875], [5.377305699964617, 48.371961943535275]]]}}, {"type": "Feature", "properties": {"band": "rain", "dbz": 40.0, "source": "OPERA-ORD", "time": "20260907001000"}, "geometry": {"type": "Polygon", "coordinates": [[[5.408361025858253, 48.328189246829844], [5.401639852839419, 48.327900230856656], [5.396495054555825, 48.32880662155303], [5.39292663100747, 48.33090841891895], [5.390934458327268, 48.334205927811425], [5.390518536515218, 48.33869914823044], [5.39188742890955, 48.34214149930243], [5.395041135510261, 48.34453298102739], [5.399979780288007, 48.345873288415], [5.406703363242787, 48.346162421465245], [5.4118494901603915, 48.345255784369954], [5.4154181610408205, 48.34315337712914], [5.417409252419163, 48.3398555047607], [5.417822764295418, 48.335362167264634], [5.416452543267076, 48.331920062591564], [5.413298589334138, 48.32952919074148], [5.408361025858253, 48.328189246829844]]]}}, {"type": "Feature", "properties": {"band": "rain", "dbz": 40.0, "source": "OPERA-ORD", "time": "20260907001000"}, "geometry": {"type": "Polygon", "coordinates": [[[15.701141941482144, 47.696641393788184], [15.694510203487333, 47.69699913452085], [15.68966217575661, 47.69838975134494], [15.686597858289975, 47.700813244260445], [15.68531739886934, 47.70426991158299], [15.685820797494706, 47.70875975331257], [15.687856936040877, 47.71203781312015], [15.691425814507856, 47.71410409100573], [15.696527284992069, 47.714958288525764], [15.703161347493518, 47.714600405680244], [15.708010389395788, 47.71320941943662], [15.711074410698876, 47.7107853297949], [15.71235355978449, 47.70732843516567], [15.711847836652627, 47.702838735548944], [15.709810683934908, 47.699561045160905], [15.706242101631336, 47.69749536400153], [15.701141941482144, 47.696641393788184]]]}}, {"type": "Feature", "properties": {"band": "rain", "dbz": 40.0, "source": "OPERA-ORD", "time": "20260907001000"}, "geometry": {"type": "Polygon", "coordinates": [[[6.422014040045497, 47.73565568744212], [6.415367060387905, 47.73543071721083], [6.410302171463982, 47.736386624554726], [6.406819373273728, 47.738523409473785], [6.404918572115723, 47.74184137307177], [6.404599767989969, 47.74634051534867], [6.402698340297998, 47.74965834035125], [6.399214289039809, 47.75179484807952], [6.3957299400246015, 47.75393123627302], [6.392245293252374, 47.756067504931764], [6.390342838644855, 47.75938515644049], [6.390022576202044, 47.76388419079919], [6.391445224684285, 47.76731511340596], [6.394610784091578, 47.76967792426079], [6.397776633297289, 47.772040638099625], [6.400942772301419, 47.774403254922476], [6.40410920118464, 47.77676577470251], [6.407275919946953, 47.77912819743975], [6.412185706581676, 47.78042200604516], [6.418838561088811, 47.780647200518715], [6.4254914698085255, 47.78087197737766], [6.4321444327408175, 47.781096336621985], [6.437213126929903, 47.780139659689084], [6.440697552375779, 47.77800194657897], [6.444181679723686, 47.77586411402221], [6.447665508973623, 47.77372616201882], [6.451149040189984, 47.771588090600666], [6.454632273372767, 47.76944989976776], [6.4547897952613935, 47.767200289574205], [6.451621605855863, 47.76483926002], [6.448453706254423, 47.762478133296135], [6.445286096457075, 47.76011690940261], [6.442118776383292, 47.757755588366265], [6.438951746033076, 47.75539417018708], [6.4357850053259185, 47.75303265489188], [6.432618554261818, 47.75067104248067], [6.431193556601181, 47.74724062031919], [6.431510012344004, 47.74274138840745], [6.4300855626301345, 47.73931087247813], [6.426920207459573, 47.73694907253122], [6.422014040045497, 47.73565568744212]]]}}, {"type": "Feature", "properties": {"band": "rain", "dbz": 40.0, "source": "OPERA-ORD", "time": "20260907001000"}, "geometry": {"type": "Polygon", "coordinates": [[[6.480182957756671, 47.66544789895432], [6.473544923397728, 47.66522661889846], [6.468488194951095, 47.66618540169637], [6.465012772416774, 47.668324247348025], [6.461537053358677, 47.67046297386304], [6.4580610377768055, 47.67260158124142], [6.453003534323458, 47.673559389609714], [6.446364542998634, 47.67333639896792], [6.4413064771482205, 47.67429386874655], [6.437829336772218, 47.6764317989456], [6.43593302927938, 47.679750490197236], [6.435617554669708, 47.68424994250146], [6.437041235567454, 47.68768045194308], [6.440204071972617, 47.6900420185221], [6.445106156552796, 47.69133434147612], [6.451747489307991, 47.691557420805125], [6.456650182238543, 47.692849449396235], [6.459814235344455, 47.695210427249435], [6.4596572717049074, 47.697460163044504], [6.456179291319902, 47.69959865678146], [6.4511190490048005, 47.7005563417983], [6.444476544759603, 47.700333218095004], [6.437834094199831, 47.70010967750987], [6.431191697325483, 47.69988572004289], [6.426130679547192, 47.700842429786064], [6.422651040864958, 47.70297980673938], [6.420752688163838, 47.70629815173476], [6.4204356214438345, 47.7107974647722], [6.420118484384282, 47.71529676205702], [6.419801276985179, 47.719796043589255], [6.421224803367041, 47.72322667805742], [6.424389063529866, 47.72558866546153], [6.427553612919685, 47.72795055582751], [6.430718451536498, 47.73031234915536], [6.433883579460681, 47.73267404541832], [6.437048996692234, 47.73503564461639], [6.440214703311549, 47.73739714672279], [6.443380699318626, 47.73975855173752], [6.446546984793869, 47.74211985963381], [6.4497135597372806, 47.74448107041164], [6.4528804242292805, 47.74684218404422], [6.456047578269869, 47.74920320053155], [6.4592150219394835, 47.751564119846805], [6.462382755238122, 47.75392494199001], [6.467291501123247, 47.75521621346475], [6.473941259594859, 47.75543793427104], [6.479006563931665, 47.75447922191728], [6.482487414133667, 47.75234007640346], [6.485967966624053, 47.75020081163412], [6.4894482214028235, 47.748061427609244], [6.492928178534372, 47.74592192436066], [6.496407838018698, 47.74378230188835], [6.499887199920194, 47.741642560224136], [6.503366264238864, 47.739502699368], [6.506845031039099, 47.737362719351744], [6.510323500320897, 47.73522262017535], [6.510478395250979, 47.732972859201645], [6.507309715829342, 47.73061343643062], [6.502402152020711, 47.72932376519401], [6.495755703825087, 47.729103845491814], [6.490848749272345, 47.72781387934736], [6.487681288362484, 47.725453866760645], [6.486253229559598, 47.72202410884397], [6.486564572863685, 47.71752460559731], [6.488459060124972, 47.71420508669618], [6.491936691343461, 47.71206555214057], [6.495414025440743, 47.709925898450656], [6.498891062416821, 47.70778612562645], [6.499046337456301, 47.70553633948116], [6.495879850559186, 47.70317654001479], [6.492713652672223, 47.700816643340076], [6.489547743795411, 47.69845664945702], [6.4881202540025775, 47.6950268537474], [6.488431183293719, 47.690527256211205], [6.488742043669937, 47.68602764293329], [6.489052835131229, 47.68152801391365], [6.489363557721149, 47.677028369138874], [6.489674211439699, 47.67252870860897], [6.488247647458266, 47.66909879350358], [6.4850838657768515, 47.66673862382269], [6.480182957756671, 47.66544789895432]]]}}, {"type": "Feature", "properties": {"band": "rain", "dbz": 40.0, "source": "OPERA-ORD", "time": "20260907001000"}, "geometry": {"type": "Polygon", "coordinates": [[[5.513002129235086, 47.15937664318172], [5.506433122926744, 47.1590950096185], [5.499864182395352, 47.15881296459087], [5.493295307640909, 47.15853050809884], [5.486726498852551, 47.15824764015541], [5.48015775603028, 47.15796436076057], [5.473589079363202, 47.15768066992739], [5.467020468851316, 47.15739656765585], [5.460451924683699, 47.157112053959054], [5.453883446860353, 47.156827128836994], [5.4473150355703215, 47.15654179230279], [5.440746690813604, 47.15625604435644], [5.435720914416741, 47.15716589348107], [5.4322377063797305, 47.15927133967668], [5.4302969512491845, 47.16257267844398], [5.429898649025102, 47.167069909782974], [5.431242519549044, 47.17051444605424], [5.43432856282101, 47.172906287257796], [5.439156894388363, 47.174245137766846], [5.445727514251103, 47.1745309975814], [5.45055644311168, 47.175869563053844], [5.453643680970096, 47.17826083418419], [5.454989112690288, 47.18170510663777], [5.4545927382722565, 47.186202380414606], [5.455938690791705, 47.189646564857846], [5.459026970248636, 47.19203765996749], [5.462313233956125, 47.19218001431674], [5.465797481914174, 47.1900736279056], [5.4692814400668865, 47.18796712031569], [5.472765108414261, 47.185860491547025], [5.477793021098326, 47.18494890006225], [5.484365178119081, 47.185232345861394], [5.490937401238128, 47.18551537996971], [5.497509690455465, 47.1857980023872], [5.50253687615629, 47.18488543870022], [5.506018958340599, 47.182777688908764], [5.507955823163228, 47.17947504881204], [5.508347470624175, 47.174977518410046], [5.510283718268036, 47.1716747348447], [5.513764566094813, 47.169566698115986], [5.5172451244052905, 47.16745854040543], [5.520725393199467, 47.165350261713044], [5.5209208037947315, 47.163101456765965], [5.517831356191081, 47.16071212556421], [5.513002129235086, 47.15937664318172]]]}}, {"type": "Feature", "properties": {"band": "rain", "dbz": 40.0, "source": "OPERA-ORD", "time": "20260907001000"}, "geometry": {"type": "Polygon", "coordinates": [[[5.300353429903431, 47.10489780782224], [5.306914611819149, 47.105192317103], [5.311937378743963, 47.10428881012841], [5.315421730677873, 47.10218728689848], [5.318905794034321, 47.10008564222136], [5.322389568813307, 47.09798387609704], [5.327411616967456, 47.09707939732662], [5.333971938496768, 47.09737220591009], [5.340532327987066, 47.097664603678396], [5.347092785438347, 47.09795659063155], [5.3536533106625885, 47.098248166756136], [5.3602139036597904, 47.09853933205216], [5.366774564241899, 47.09883008650627], [5.373335292408915, 47.09912043011846], [5.37989608797275, 47.0994103628754], [5.386456950933406, 47.0996998847771], [5.391477733617561, 47.098792543174916], [5.3949584360252185, 47.09668833806883], [5.396898942035836, 47.09338756445887], [5.3972992516494145, 47.08889022234504], [5.395959776688137, 47.085445010984145], [5.392880517152005, 47.08305193037618], [5.3880615890671795, 47.081710685646726], [5.381502992433662, 47.08142127679578], [5.374944463107226, 47.081131457248425], [5.368386001087871, 47.080841227004676], [5.363568051943692, 47.07949909625026], [5.360490615674688, 47.077105064985176], [5.357413457303052, 47.074710940863206], [5.354336576828783, 47.07231672388434], [5.349519606838134, 47.07097370740168], [5.342962547331106, 47.070681891415205], [5.33814617198442, 47.06933859106615], [5.335070480798077, 47.0669438063545], [5.331995067314968, 47.06454892887566], [5.328919931535092, 47.062153958629615], [5.325845073379881, 47.05975889564131], [5.322770492849336, 47.057363739910734], [5.319696189864906, 47.05496849146283], [5.316622164426594, 47.052573150297604], [5.311807957142432, 47.05122839743076], [5.3052535680124215, 47.0509342328623], [5.300750489821956, 47.06427800122903], [5.298298722571033, 47.09125970253092], [5.300353429903431, 47.10489780782224]]]}}, {"type": "Feature", "properties": {"band": "moderate", "dbz": 45.0, "source": "OPERA-ORD", "time": "20260907001000"}, "geometry": {"type": "Polygon", "coordinates": [[[12.561442276943541, 55.61234068627487], [12.557623216350382, 55.61466666115528], [12.555859383872566, 55.61807349596445], [12.556150779510087, 55.62256119070237], [12.558352607683336, 55.62588587709318], [12.562464868392313, 55.62804755513689], [12.56657758454741, 55.63020909476668], [12.570690756148629, 55.63237049598254], [12.574804383318407, 55.634531758734965], [12.578918466056743, 55.63669288302395], [12.582885343443646, 55.6366100692196], [12.586705015479117, 55.63428331732193], [12.588467269912027, 55.63087613891226], [12.588172106742372, 55.62638853399059], [12.58596801017086, 55.623064283898806], [12.581854980197491, 55.62090338863688], [12.577742405425106, 55.618742354931506], [12.573630285853707, 55.61658118278266], [12.569518621361034, 55.61441987223984], [12.565407411947092, 55.61225842330306], [12.561442276943541, 55.61234068627487]]]}}, {"type": "Feature", "properties": {"band": "moderate", "dbz": 45.0, "source": "OPERA-ORD", "time": "20260907001000"}, "geometry": {"type": "Polygon", "coordinates": [[[8.799909506958073, 54.563971158661], [8.795978980336237, 54.56617819698231], [8.79204802700992, 54.568385105966456], [8.788116646979127, 54.57059188561342], [8.784184840125915, 54.57279853587815], [8.780252606450286, 54.575005056760645], [8.778219262518604, 54.57835379529312], [8.778084808330869, 54.582844751475584], [8.77991732137561, 54.586232456810166], [8.783716801652826, 54.58851691129687], [8.787583116944518, 54.58855576206811], [8.791516267250689, 54.58634900912388], [8.795448990405436, 54.584142126783554], [8.799381286408764, 54.58193511504713], [8.80331315537878, 54.579727973959706], [8.80724459731548, 54.57752070352127], [8.80927581026815, 54.57417156739284], [8.809406794236796, 54.56968056557439], [8.807572907233087, 54.56629320837396], [8.803774149257023, 54.56400949579155], [8.799909506958073, 54.563971158661]]]}}, {"type": "Feature", "properties": {"band": "moderate", "dbz": 45.0, "source": "OPERA-ORD", "time": "20260907001000"}, "geometry": {"type": "Polygon", "coordinates": [[[9.401423183244624, 54.53139133472709], [9.393699968491575, 54.53135278876988], [9.387890589876003, 54.532446585033085], [9.38399504739791, 54.53467272351671], [9.382013317424589, 54.53803157201705], [9.381945399956034, 54.54252313053411], [9.383826102546287, 54.545901624642255], [9.387655425195348, 54.54816705434149], [9.393433391559075, 54.54931905164623], [9.401160001637471, 54.54935761655648], [9.406971101139668, 54.548263461876246], [9.41086669006566, 54.54603658760552], [9.412846745600415, 54.5426773617351], [9.412911267743933, 54.538185784264996], [9.411028844267056, 54.53480764857388], [9.407199475169785, 54.53254295466175], [9.401423183244624, 54.53139133472709]]]}}, {"type": "Feature", "properties": {"band": "moderate", "dbz": 45.0, "source": "OPERA-ORD", "time": "20260907001000"}, "geometry": {"type": "Polygon", "coordinates": [[[21.408327216302343, 53.842989303770025], [21.400817618452642, 53.84371520911746], [21.395490098948738, 53.84536604004448], [21.392344657790634, 53.84794179655108], [21.391381708580067, 53.85144281782398], [21.392601251317032, 53.85586910386316], [21.39382110276624, 53.860295368726945], [21.39504126292769, 53.86472161241535], [21.39783514408076, 53.86785985933709], [21.40220274622545, 53.86971010949215], [21.40814365506177, 53.87027202345512], [21.41565787058972, 53.869545601225994], [21.423171842378668, 53.868818705295894], [21.430685570428622, 53.86809133566482], [21.43601446412912, 53.86643920721987], [21.439158523480152, 53.863862319961044], [21.44011816396474, 53.86036101315286], [21.438893385582883, 53.85593528679533], [21.43609734694071, 53.85279791771342], [21.431730048038226, 53.85094890590714], [21.42736315017663, 53.849099727277334], [21.42299665335593, 53.847250381824026], [21.418630557515986, 53.8454008695971], [21.414264862656793, 53.84355119059657], [21.408327216302343, 53.842989303770025]]]}}, {"type": "Feature", "properties": {"band": "moderate", "dbz": 45.0, "source": "OPERA-ORD", "time": "20260907001000"}, "geometry": {"type": "Polygon", "coordinates": [[[6.946972855306727, 54.08063841692502], [6.93933972286557, 54.080443127750165], [6.933531797537526, 54.081418315366385], [6.9295490793225945, 54.08356397977369], [6.92739145340135, 54.086880482237966], [6.927058919773794, 54.0913678227592], [6.928718568897658, 54.09478235480329], [6.93237040077294, 54.09712407837023], [6.938014530330374, 54.09839263201136], [6.94565095756996, 54.0985880157267], [6.951460644771411, 54.097612514010606], [6.955443591934729, 54.09546612686309], [6.957599684931093, 54.09214921575847], [6.957928923760506, 54.08766178069674], [6.956267512763236, 54.08424756275252], [6.952615451939282, 54.081906561925805], [6.946972855306727, 54.08063841692502]]]}}, {"type": "Feature", "properties": {"band": "moderate", "dbz": 45.0, "source": "OPERA-ORD", "time": "20260907001000"}, "geometry": {"type": "Polygon", "coordinates": [[[15.851191366035117, 53.77791707689728], [15.843629799970337, 53.77829009163777], [15.836068108338019, 53.77866262521658], [15.828506291138162, 53.77903467763372], [15.822990576520338, 53.780432347563774], [15.819520964484548, 53.782855635006754], [15.81809766826531, 53.78630489397272], [15.818720687862621, 53.79078012446166], [15.821079314352307, 53.794043666835464], [15.825173547734368, 53.796095521094124], [15.831003174569906, 53.796935333052375], [15.838568194858926, 53.79656310271021], [15.846133089386267, 53.79619039097999], [15.85369785815193, 53.7958171978617], [15.859214371370832, 53.79441838515709], [15.862682629042974, 53.79199395286615], [15.86410284590938, 53.78854425508975], [15.863475021970052, 53.78406929182789], [15.861113869767168, 53.78080650002947], [15.857019389300728, 53.778755879694515], [15.851191366035117, 53.77791707689728]]]}}, {"type": "Feature", "properties": {"band": "moderate", "dbz": 45.0, "source": "OPERA-ORD", "time": "20260907001000"}, "geometry": {"type": "Polygon", "coordinates": [[[7.16727979313879, 52.86315570146275], [7.159861960097717, 52.86297510820468], [7.152444185033653, 52.862794042940195], [7.145026467946599, 52.8626125056693], [7.139388721216644, 52.86359854338913], [7.13553094484379, 52.86575215609969], [7.135382349256433, 52.86799690021447], [7.138942934454574, 52.87033277573348], [7.1425039002881725, 52.872668541989846], [7.1460652467572245, 52.875004198983575], [7.149626973977732, 52.877339746677904], [7.153189081949696, 52.879675185072834], [7.158680591134288, 52.880933242947904], [7.166101501531506, 52.88111392030311], [7.171740588240917, 52.88012685742549], [7.17559785126252, 52.87797205431505], [7.177673192196855, 52.87464985967932], [7.177966611043923, 52.87016027351828], [7.176332167765424, 52.86674810985127], [7.172769862361359, 52.864413368678285], [7.16727979313879, 52.86315570146275]]]}}, {"type": "Feature", "properties": {"band": "moderate", "dbz": 45.0, "source": "OPERA-ORD", "time": "20260907001000"}, "geometry": {"type": "Polygon", "coordinates": [[[6.923259281197159, 52.533145067778634], [6.915898441359392, 52.53294912541967], [6.908537663202564, 52.53275271517187], [6.901176946726672, 52.532555837035225], [6.893816292223555, 52.53235849102222], [6.886455699693213, 52.53216067713284], [6.880854949288183, 52.533134437654304], [6.877014041008466, 52.53527977258661], [6.874932868439263, 52.53859702680798], [6.874611431580575, 52.54308620031839], [6.874289915003607, 52.547575365811554], [6.8739683187083624, 52.55206452328747], [6.8755683488383905, 52.55548105162319], [6.879090005393691, 52.55782495081874], [6.884533394966245, 52.55909587573786], [6.891898517556051, 52.55929382638054], [6.899263702258644, 52.55949130882486], [6.9066289490740225, 52.559688323070816], [6.913994257709696, 52.55988486910591], [6.921359628165665, 52.560080946930135], [6.9269625970396245, 52.559105497949886], [6.930803164331573, 52.55695852216515], [6.932881225153844, 52.55364036477207], [6.933196779506435, 52.549151025770655], [6.933512255632289, 52.54466167879847], [6.933827653531406, 52.540172323855494], [6.932223939639734, 52.53675649452754], [6.928701113957272, 52.534414190814594], [6.923259281197159, 52.533145067778634]]]}}, {"type": "Feature", "properties": {"band": "moderate", "dbz": 45.0, "source": "OPERA-ORD", "time": "20260907001000"}, "geometry": {"type": "Polygon", "coordinates": [[[7.661459006627794, 50.850314285798156], [7.654366432927862, 50.85016596871222], [7.648989590223599, 50.851178163929134], [7.6453284785150055, 50.853350871448896], [7.6416670186408195, 50.85552345602295], [7.638005210601041, 50.85769591765132], [7.634343054311476, 50.859868256297], [7.630680549772121, 50.862040471959986], [7.628733654318044, 50.86537374849675], [7.628502367949244, 50.869868085907285], [7.628271026481922, 50.874362413208125], [7.6280396299160795, 50.878856730399285], [7.6296405495185, 50.88226496943317], [7.6330737852891835, 50.884587130309775], [7.63833941066844, 50.88582288358365], [7.645437425656269, 50.88597222925478], [7.650818131345707, 50.88496047814171], [7.654481527736753, 50.88278763024444], [7.658144575467508, 50.88061465937505], [7.661807274537972, 50.87844156553356], [7.665469625032556, 50.87626834875697], [7.669131626951259, 50.87409500904529], [7.671076198726, 50.870761121642246], [7.671303340356782, 50.866266686547824], [7.671530427911364, 50.86177224135411], [7.6717574613897455, 50.857277786061104], [7.670154556966143, 50.85387002989623], [7.666721714640554, 50.85154897285949], [7.661459006627794, 50.850314285798156]]]}}, {"type": "Feature", "properties": {"band": "moderate", "dbz": 45.0, "source": "OPERA-ORD", "time": "20260907001000"}, "geometry": {"type": "Polygon", "coordinates": [[[7.717310927245495, 50.86946289507145], [7.710215256627402, 50.86931810661906], [7.704837417986221, 50.870332970377525], [7.701177411321952, 50.872507486346834], [7.69923516544996, 50.87584198388012], [7.699010680370244, 50.88033646297738], [7.700616889845765, 50.88374370001433], [7.7040537938765254, 50.886063694990945], [7.7093214637106, 50.887296118400116], [7.716419899347987, 50.88744097024183], [7.721799191404694, 50.88642580873996], [7.72545933988072, 50.8842506338945], [7.727400274149044, 50.88091577522848], [7.72762199420967, 50.87642123274189], [7.726014331318623, 50.87301429344836], [7.722577285475902, 50.87069495734788], [7.717310927245495, 50.86946289507145]]]}}, {"type": "Feature", "properties": {"band": "moderate", "dbz": 45.0, "source": "OPERA-ORD", "time": "20260907001000"}, "geometry": {"type": "Polygon", "coordinates": [[[22.00892199729049, 50.10629920265481], [22.002020627740812, 50.10705559104628], [21.997129248766914, 50.10872964039386], [21.9942478603688, 50.111321350697544], [21.994817687772663, 50.113535143209305], [21.9988387309785, 50.11537101792913], [22.00286010133731, 50.117206738499526], [22.006881798849093, 50.119042304920484], [22.010903823557477, 50.12087771715153], [22.014926175462456, 50.122712975192655], [22.02038908144222, 50.12325181975098], [22.02729254149677, 50.12249425082651], [22.03218420065555, 50.12081913281674], [22.035064058918564, 50.11822646572167], [22.03449271885719, 50.11601285941718], [22.030470180471426, 50.114178313903274], [22.026447969127656, 50.11234361415657], [22.02242608482588, 50.110508760177076], [22.018404527522577, 50.10867375200526], [22.014383297217744, 50.106838589641136], [22.00892199729049, 50.10629920265481]]]}}, {"type": "Feature", "properties": {"band": "moderate", "dbz": 45.0, "source": "OPERA-ORD", "time": "20260907001000"}, "geometry": {"type": "Polygon", "coordinates": [[[6.5592024170982715, 50.200544359208], [6.552211662464398, 50.20032664572636], [6.546886030344892, 50.2012863685012], [6.543225520739751, 50.20342352753253], [6.541230030607872, 50.206738445075445], [6.540899559949253, 50.21123112112997], [6.540569011815956, 50.21572378535037], [6.54023838620798, 50.220216437736624], [6.539907683072983, 50.224709078301984], [6.539576902410964, 50.22920170704643], [6.53924604416953, 50.23369432398317], [6.5389151083486805, 50.23818692911223], [6.538584094895974, 50.24267952244679], [6.53825300381141, 50.24717210398687], [6.537921835042501, 50.25166467374567], [6.537590588589246, 50.256157231723186], [6.539092122534843, 50.259581321749415], [6.542426436879292, 50.26193694382435], [6.547593635111317, 50.263223775141995], [6.55459371723092, 50.263441815702365], [6.559925974857781, 50.26248202182258], [6.563590407991901, 50.26034439350265], [6.56558691373277, 50.25702925357162], [6.5659154920803875, 50.252536602029515], [6.566243993366265, 50.24804393872886], [6.566572417590403, 50.243551263669666], [6.568567764539509, 50.24023595183202], [6.572230034213582, 50.23809800321591], [6.5758919663679585, 50.23595992956379], [6.579553561002636, 50.23382173087566], [6.579717324468768, 50.23157536406096], [6.576383256766352, 50.2292208291197], [6.573049517859139, 50.226866192384065], [6.5697161077471256, 50.22451145385408], [6.568213383930211, 50.22108771170446], [6.568541346408396, 50.21659496593524], [6.568869232032842, 50.21210220835457], [6.569197040803549, 50.20760943896244], [6.5676951574954785, 50.20418559468699], [6.564363582108632, 50.20183067552821], [6.5592024170982715, 50.200544359208]]]}}, {"type": "Feature", "properties": {"band": "moderate", "dbz": 45.0, "source": "OPERA-ORD", "time": "20260907001000"}, "geometry": {"type": "Polygon", "coordinates": [[[5.408361025858253, 48.328189246829844], [5.401639852839419, 48.327900230856656], [5.396495054555825, 48.32880662155303], [5.39292663100747, 48.33090841891895], [5.390934458327268, 48.334205927811425], [5.390518536515218, 48.33869914823044], [5.39188742890955, 48.34214149930243], [5.395041135510261, 48.34453298102739], [5.399979780288007, 48.345873288415], [5.406703363242787, 48.346162421465245], [5.4118494901603915, 48.345255784369954], [5.4154181610408205, 48.34315337712914], [5.417409252419163, 48.3398555047607], [5.417822764295418, 48.335362167264634], [5.416452543267076, 48.331920062591564], [5.413298589334138, 48.32952919074148], [5.408361025858253, 48.328189246829844]]]}}, {"type": "Feature", "properties": {"band": "moderate", "dbz": 45.0, "source": "OPERA-ORD", "time": "20260907001000"}, "geometry": {"type": "Polygon", "coordinates": [[[6.477065569580494, 47.71044370240414], [6.470421679633043, 47.71022220222701], [6.463777843010108, 47.71000028506436], [6.4571340597116915, 47.70977795091621], [6.450490329936395, 47.70955519979313], [6.443846653684218, 47.70933203169511], [6.4387849342301315, 47.71028933671316], [6.435305171574136, 47.712427114847266], [6.433407272883593, 47.71574566701691], [6.4330912381585, 47.720244993222096], [6.434515671114647, 47.723675452638176], [6.437680571752031, 47.72603704526515], [6.440845761649647, 47.72839854081262], [6.444011240807496, 47.7307599392806], [6.447177009305933, 47.733121240642305], [6.450343067144957, 47.73548244489774], [6.455249747385294, 47.7367742805054], [6.461897050026944, 47.7369967474653], [6.468544406101304, 47.73721879719204], [6.475191815608373, 47.737440429685634], [6.480255289006762, 47.73648163550135], [6.4837348262964705, 47.73434241463919], [6.485630335682882, 47.731023068272904], [6.485941817165997, 47.726523596402494], [6.486253229559598, 47.72202410884397], [6.486564572863685, 47.71752460559731], [6.485137062025352, 47.71409475360367], [6.481970697044598, 47.71173455286303], [6.477065569580494, 47.71044370240414]]]}}, {"type": "Feature", "properties": {"band": "moderate", "dbz": 45.0, "source": "OPERA-ORD", "time": "20260907001000"}, "geometry": {"type": "Polygon", "coordinates": [[[6.48114186262916, 47.675627470968045], [6.477666317811371, 47.677766717479756], [6.474190476335863, 47.6799058448736], [6.470714338202636, 47.68204485314957], [6.467237903347632, 47.68418374227596], [6.4637611717708525, 47.68632251225277], [6.4618661699611994, 47.68964165197489], [6.461552897918674, 47.69414116144232], [6.462978577314491, 47.69757130800369], [6.46614320814865, 47.699932091659015], [6.471046882463829, 47.701223211542825], [6.477689600260028, 47.701444667655124], [6.482749416707847, 47.70048570991233], [6.486226331807286, 47.69834633831444], [6.4881202540025775, 47.6950268537474], [6.488431183293719, 47.690527256211205], [6.488742043669937, 47.68602764293329], [6.489052835131229, 47.68152801391365], [6.487626081905919, 47.67809811148092], [6.484461783994009, 47.6757379356351], [6.48114186262916, 47.675627470968045]]]}}, {"type": "Feature", "properties": {"band": "moderate", "dbz": 45.0, "source": "OPERA-ORD", "time": "20260907001000"}, "geometry": {"type": "Polygon", "coordinates": [[[5.301988238281896, 47.08691023173647], [5.308547153972452, 47.08720462600867], [5.313568132109561, 47.086301015232046], [5.317051172693224, 47.0841993994066], [5.318996157726708, 47.08090007334479], [5.319403087210015, 47.076403037046624], [5.319809927733164, 47.07190598311445], [5.320216679296159, 47.067408911548256], [5.320623341954258, 47.062911822335224], [5.321029915707461, 47.05841471547538], [5.319696189864906, 47.05496849146283], [5.316622164426594, 47.052573150297604], [5.311807957142432, 47.05122839743076], [5.3052535680124215, 47.0509342328623], [5.3011594751947175, 47.059781121583654], [5.299525678689318, 47.07776906359479], [5.301988238281896, 47.08691023173647]]]}}, {"type": "Feature", "properties": {"band": "strong", "dbz": 50.0, "source": "OPERA-ORD", "time": "20260907001000"}, "geometry": {"type": "Polygon", "coordinates": [[[12.561442276943541, 55.61234068627487], [12.557623216350382, 55.61466666115528], [12.555859383872566, 55.61807349596445], [12.556150779510087, 55.62256119070237], [12.558352607683336, 55.62588587709318], [12.562464868392313, 55.62804755513689], [12.56657758454741, 55.63020909476668], [12.570690756148629, 55.63237049598254], [12.574804383318407, 55.634531758734965], [12.578918466056743, 55.63669288302395], [12.582885343443646, 55.6366100692196], [12.586705015479117, 55.63428331732193], [12.588467269912027, 55.63087613891226], [12.588172106742372, 55.62638853399059], [12.58596801017086, 55.623064283898806], [12.581854980197491, 55.62090338863688], [12.577742405425106, 55.618742354931506], [12.573630285853707, 55.61658118278266], [12.569518621361034, 55.61441987223984], [12.565407411947092, 55.61225842330306], [12.561442276943541, 55.61234068627487]]]}}, {"type": "Feature", "properties": {"band": "strong", "dbz": 50.0, "source": "OPERA-ORD", "time": "20260907001000"}, "geometry": {"type": "Polygon", "coordinates": [[[6.946972855306727, 54.08063841692502], [6.93933972286557, 54.080443127750165], [6.933531797537526, 54.081418315366385], [6.9295490793225945, 54.08356397977369], [6.92739145340135, 54.086880482237966], [6.927058919773794, 54.0913678227592], [6.928718568897658, 54.09478235480329], [6.93237040077294, 54.09712407837023], [6.936188168697722, 54.097222002148094], [6.940171872672007, 54.0950761261369], [6.944155160162735, 54.09293011503386], [6.948138031169908, 54.090783968838956], [6.952120485798924, 54.088637687597604], [6.956102524049784, 54.08649127130979], [6.956267512763236, 54.08424756275252], [6.952615451939282, 54.081906561925805], [6.946972855306727, 54.08063841692502]]]}}, {"type": "Feature", "properties": {"band": "strong", "dbz": 50.0, "source": "OPERA-ORD", "time": "20260907001000"}, "geometry": {"type": "Polygon", "coordinates": [[[15.851191366035117, 53.77791707689728], [15.843629799970337, 53.77829009163777], [15.836068108338019, 53.77866262521658], [15.828506291138162, 53.77903467763372], [15.822990576520338, 53.780432347563774], [15.819520964484548, 53.782855635006754], [15.81809766826531, 53.78630489397272], [15.818720687862621, 53.79078012446166], [15.821079314352307, 53.794043666835464], [15.825173547734368, 53.796095521094124], [15.831003174569906, 53.796935333052375], [15.838568194858926, 53.79656310271021], [15.846133089386267, 53.79619039097999], [15.85369785815193, 53.7958171978617], [15.859214371370832, 53.79441838515709], [15.862682629042974, 53.79199395286615], [15.86410284590938, 53.78854425508975], [15.863475021970052, 53.78406929182789], [15.861113869767168, 53.78080650002947], [15.857019389300728, 53.778755879694515], [15.851191366035117, 53.77791707689728]]]}}, {"type": "Feature", "properties": {"band": "strong", "dbz": 50.0, "source": "OPERA-ORD", "time": "20260907001000"}, "geometry": {"type": "Polygon", "coordinates": [[[6.923259281197159, 52.533145067778634], [6.915898441359392, 52.53294912541967], [6.908537663202564, 52.53275271517187], [6.901176946726672, 52.532555837035225], [6.893816292223555, 52.53235849102222], [6.886455699693213, 52.53216067713284], [6.880854949288183, 52.533134437654304], [6.877014041008466, 52.53527977258661], [6.874932868439263, 52.53859702680798], [6.874611431580575, 52.54308620031839], [6.874289915003607, 52.547575365811554], [6.8739683187083624, 52.55206452328747], [6.8755683488383905, 52.55548105162319], [6.879090005393691, 52.55782495081874], [6.884533394966245, 52.55909587573786], [6.891898517556051, 52.55929382638054], [6.899263702258644, 52.55949130882486], [6.9066289490740225, 52.559688323070816], [6.913994257709696, 52.55988486910591], [6.921359628165665, 52.560080946930135], [6.9269625970396245, 52.559105497949886], [6.930803164331573, 52.55695852216515], [6.932881225153844, 52.55364036477207], [6.933196779506435, 52.549151025770655], [6.933512255632289, 52.54466167879847], [6.933827653531406, 52.540172323855494], [6.932223939639734, 52.53675649452754], [6.928701113957272, 52.534414190814594], [6.923259281197159, 52.533145067778634]]]}}, {"type": "Feature", "properties": {"band": "strong", "dbz": 50.0, "source": "OPERA-ORD", "time": "20260907001000"}, "geometry": {"type": "Polygon", "coordinates": [[[6.463151190157171, 47.71899916869725], [6.456506234262141, 47.718776790298925], [6.451443813188073, 47.719734690815585], [6.447963926934963, 47.72187287024724], [6.4460664829529115, 47.72519162960094], [6.445751481241918, 47.72969096887671], [6.447177009305933, 47.733121240642305], [6.450343067144957, 47.73548244489774], [6.455249747385294, 47.7367742805054], [6.461897050026944, 47.7369967474653], [6.466960736818418, 47.73603859014679], [6.470440807759715, 47.73389980854988], [6.472337170712625, 47.73058070383275], [6.472649825677148, 47.72608127599541], [6.471223031895727, 47.722651261031665], [6.468056789368366, 47.7202906589415], [6.463151190157171, 47.71899916869725]]]}}, {"type": "Feature", "properties": {"band": "heavy", "dbz": 55.0, "source": "OPERA-ORD", "time": "20260907001000"}, "geometry": {"type": "Polygon", "coordinates": [[[6.893816292223555, 52.53235849102222], [6.886455699693213, 52.53216067713284], [6.880854949288183, 52.533134437654304], [6.877014041008466, 52.53527977258661], [6.874932868439263, 52.53859702680798], [6.874611431580575, 52.54308620031839], [6.874289915003607, 52.547575365811554], [6.8739683187083624, 52.55206452328747], [6.8755683488383905, 52.55548105162319], [6.879090005393691, 52.55782495081874], [6.884533394966245, 52.55909587573786], [6.891898517556051, 52.55929382638054], [6.8975020563190474, 52.55831980461549], [6.901344011255236, 52.556173810442694], [6.903424276478457, 52.55285618902224], [6.903742851988712, 52.54836694035413], [6.904061348526369, 52.5438776836921], [6.904379766091427, 52.539388419036186], [6.902778378277649, 52.535972189522894], [6.899257185085034, 52.533628995152235], [6.893816292223555, 52.53235849102222]]]}}, {"type": "Feature", "properties": {"band": "extreme", "dbz": 60.0, "source": "OPERA-ORD", "time": "20260907001000"}, "geometry": {"type": "Polygon", "coordinates": [[[6.893177350972012, 52.541336968161076], [6.885815249167439, 52.54113910871061], [6.880213326986672, 52.54211283100743], [6.876371584429711, 52.54425813505155], [6.874289915003607, 52.547575365811554], [6.8739683187083624, 52.55206452328747], [6.8755683488383905, 52.55548105162319], [6.879090005393691, 52.55782495081874], [6.884533394966245, 52.55909587573786], [6.891898517556051, 52.55929382638054], [6.8975020563190474, 52.55831980461549], [6.901344011255236, 52.556173810442694], [6.903424276478457, 52.55285618902224], [6.903742851988712, 52.54836694035413], [6.902141205276454, 52.54495071148663], [6.8986193363416835, 52.54260750241975], [6.893177350972012, 52.541336968161076]]]}}]}