{"type": "FeatureCollection", "features": [{"type": "Feature", "properties": {"band": "light", "dbz": 30.0, "source": "OPERA-ORD", "time": "20260907002000"}, "geometry": {"type": "Polygon", "coordinates": [[[10.517512452062096, 55.898279169823226], [10.513545914038858, 55.90054114097276], [10.511592103847649, 55.903917538421446], [10.511651021488472, 55.90840836216928], [10.50969629964512, 55.91178463428296], [10.505727938317587, 55.914046354762455], [10.501730563482385, 55.91406253404446], [10.497704175139509, 55.911833172128965], [10.495662442629847, 55.90847307513709], [10.495605365953399, 55.90398224306883], [10.493564562480268, 55.90062201242262], [10.489540032210455, 55.89839238319848], [10.483531754529874, 55.89729297152135], [10.475539729438525, 55.89732377739126], [10.469559049458383, 55.89846940183311], [10.465589714589447, 55.9007298448469], [10.461619920344035, 55.902990161013705], [10.457649666722151, 55.905250350333525], [10.453653176751452, 55.90526498503665], [10.449630450431936, 55.9030340651231], [10.445608184971714, 55.900803014599504], [10.441586380370785, 55.89857183346585], [10.435579431701395, 55.89747010560268], [10.427587338963544, 55.89749783100996], [10.42160522847466, 55.898641150548016], [10.41763310023474, 55.90090006421683], [10.415670971897221, 55.904274955905635], [10.415718843462107, 55.90876582561444], [10.413755801761422, 55.91214059118204], [10.409781846795166, 55.91439925260842], [10.405807431972072, 55.9166577869138], [10.401832557292138, 55.91891619409819], [10.397857222615524, 55.92117447411425], [10.393881427942233, 55.923432626962], [10.3899051731324, 55.92569065259404], [10.385928458186028, 55.9279485510104], [10.381951282963236, 55.930206322163684], [10.377973647464021, 55.93246396605389], [10.373995551548486, 55.93472148263362], [10.37001699521663, 55.936978871902866], [10.368048937241545, 55.94035300500464], [10.368091377623232, 55.94484388193894], [10.366122403452039, 55.94821788844307], [10.362142014727969, 55.95047502451703], [10.358161165057401, 55.95273203315692], [10.35417985444034, 55.95498891436273], [10.352209518834421, 55.95836279345228], [10.352250158239643, 55.962853670425574], [10.352290808695486, 55.96734454594073], [10.352331470201946, 55.971835419997774], [10.350359771538823, 55.97520917157696], [10.346375712706116, 55.977465800678296], [10.340379279033536, 55.978604922424644], [10.33237047052108, 55.97862653681599], [10.32637310862967, 55.97976527502727], [10.322387193359308, 55.98202113705849], [10.320412738435174, 55.98539450780416], [10.320449743857264, 55.98988538726429], [10.322480632006672, 55.99324833302431], [10.326505402883395, 55.99548334508422], [10.332524042748044, 55.99659003834328], [10.340536551600621, 55.9965684128015], [10.346556113410585, 55.99767471675828], [10.350582728177939, 55.99990895021364], [10.3506026347603, 56.002154383695306], [10.34661583315767, 56.00441101720329], [10.340615252089755, 56.00555014951813], [10.332600891556552, 56.00557178063981], [10.326599380750233, 56.00671052913619], [10.322610719670799, 56.008966395007256], [10.32063492207682, 56.01233976347824], [10.320671987968295, 56.01683063454914], [10.318695269339333, 56.020203875859444], [10.314704766189934, 56.022459487409165], [10.308700465147437, 56.0235970837649], [10.300682366211845, 56.02361666492664], [10.29467713475047, 56.024753877006944], [10.290684770763315, 56.02700872000579], [10.290701927805614, 56.02925415733452], [10.29472860587737, 56.031490188993146], [10.30075192174795, 56.03259841171307], [10.30877187541736, 56.032578825494305], [10.314796115600107, 56.033686658785534], [10.31882464229619, 56.03592191158675], [10.32285363344929, 56.0381570338506], [10.326883089059404, 56.040392025577084], [10.332908705536926, 56.041498694704025], [10.34093048288186, 56.04147704123144], [10.346957023812612, 56.0425833205673], [10.350988328329187, 56.044817532711626], [10.35100828918993, 56.0470629593682], [10.347016906394844, 56.049319600537004], [10.343025059856748, 56.05157611388802], [10.339032749575642, 56.05383249942123], [10.337056107060604, 56.05720611828284], [10.337095132311635, 56.06169697047285], [10.339131241827555, 56.06505962706633], [10.343164435608369, 56.06729408806329], [10.347198094767542, 56.06952841831609], [10.351232219305079, 56.07176261782472], [10.35326974562491, 56.07512513821759], [10.353310673727037, 56.079615979494704], [10.351333609430224, 56.08298972392444], [10.347338552734467, 56.0852463715068], [10.34334303128352, 56.08750289115538], [10.339347045077385, 56.089759282870176], [10.339367060433897, 56.09200470305669], [10.343403077353056, 56.09423915171494], [10.3494375436109, 56.095345016151114], [10.35747045920743, 56.095322296365225], [10.363505852759, 56.09642777028917], [10.36754372426561, 56.098661437922935], [10.3715820620742, 56.100894974605104], [10.375620866184764, 56.103128380335676], [10.379637775866689, 56.10311624435612], [10.38363279111997, 56.100858566666446], [10.385607950077897, 56.09748431586327], [10.385563252740475, 56.092993491946594], [10.38352197890661, 56.089631503697305], [10.379484128576308, 56.0873983511154], [10.375446744177575, 56.0851650675946], [10.37140982571041, 56.08293165313492], [10.371387960509534, 56.08068623769148], [10.375381148574947, 56.078428821264296], [10.379373872198567, 56.07617127706591], [10.383366131380392, 56.07391360509631], [10.38735792626211, 56.07165580540337], [10.39134925684372, 56.06939787798706], [10.395363364996944, 56.06938523541585], [10.399400250721786, 56.07161787768975], [10.403437602030394, 56.073850388970804], [10.407475418922765, 56.076082769259024], [10.41151370153697, 56.07831501850567], [10.415552449873006, 56.08054713671075], [10.419591664068955, 56.08277912382553], [10.42363134412482, 56.08501097985], [10.429666661751737, 56.0861129698734], [10.437697616949707, 56.08608509389575], [10.445728561078878, 56.08605670171738], [10.453759494139248, 56.08602779333833], [10.459769196755982, 56.08488322055743], [10.46375766892908, 56.08262298337466], [10.467745676702371, 56.08036261877363], [10.471733220075858, 56.07810212675433], [10.475748204024855, 56.07808690023785], [10.479790628549367, 56.080316939224176], [10.48383351902035, 56.08254684685339], [10.487876875437813, 56.08477662312549], [10.493913984555814, 56.08587550848411], [10.50194484637435, 56.08584350292922], [10.507953099451802, 56.08469661337866], [10.511938743788164, 56.082434839832416], [10.515923923818804, 56.080172939068326], [10.519908639543718, 56.077910911086384], [10.525915472272482, 56.076762866344794], [10.533944422005096, 56.07672880484353], [10.541973358265626, 56.07669422729015], [10.55000228105407, 56.07665913368463], [10.558031189968396, 56.07662352402976], [10.566060085008598, 56.076587398325536], [10.57206501073788, 56.07543742714394], [10.576045967156244, 56.07317361048497], [10.57800297861015, 56.069796334393445], [10.577936045099609, 56.06530559886938], [10.579892137134397, 56.0619281976086], [10.58387125471452, 56.05966413061111], [10.587884286255502, 56.05964530099532], [10.591931231757341, 56.061871708761224], [10.595978642842438, 56.06409798476561], [10.600026519510791, 56.066324129008464], [10.60403953619102, 56.06630478355076], [10.608017692883127, 56.06403994839249], [10.609971464774448, 56.06066217158535], [10.609900851864985, 56.05617145312935], [10.611853705419088, 56.05279355143692], [10.615830025436757, 56.05052846650806], [10.619842097903403, 56.05050861034464], [10.623889922819023, 56.05273398294665], [10.625950070682892, 56.05609202334253], [10.62602254149501, 56.06058273153229], [10.626095032067308, 56.06507343838132], [10.626167542399788, 56.06956414388962], [10.628229124605479, 56.07292204450809], [10.632279778684385, 56.07514714023671], [10.636330898777498, 56.0773721039904], [10.640382484884821, 56.079596935769146], [10.644434537143358, 56.081821635523966], [10.648487055553108, 56.08404620325486], [10.65254004025109, 56.08627063891283], [10.656593491237302, 56.088494942497896], [10.660647408648781, 56.090719113960986], [10.664701792485527, 56.09294315330211], [10.668756642884583, 56.09516706047223], [10.672811959845951, 56.09739083547134], [10.676867743506696, 56.09961447825036], [10.680923993866816, 56.1018379888093], [10.684940650879938, 56.10181604149296], [10.688917714546061, 56.09954863630135], [10.692894313758117, 56.097281104570314], [10.696870448516105, 56.09501344629987], [10.700846118963371, 56.09274566153759], [10.704821325099912, 56.090477750283455], [10.708796067069056, 56.088209712585], [10.712770344870801, 56.08594154844222], [10.716786035930763, 56.08591857436347], [10.720843140248945, 56.088140790348746], [10.724900711068994, 56.090362873945296], [10.72895874839091, 56.092584825153125], [10.735003896158648, 56.093672049283974], [10.743036154372206, 56.093624546337836], [10.749038463076877, 56.0924660739344], [10.753010822272662, 56.09019663207366], [10.754953263854967, 56.08681660696858], [10.75486578782379, 56.082325998619176], [10.75477833564237, 56.07783538893158], [10.754690907310708, 56.07334477790581], [10.754603502809728, 56.0688541655277], [10.754516122139428, 56.06436355179725], [10.752444397708334, 56.06100764784892], [10.74838832951645, 56.05878645368269], [10.744332726964426, 56.05656512713815], [10.740277590052262, 56.054343668215296], [10.740234399718299, 56.05209835617958], [10.744203155962534, 56.049829191030994], [10.748171449260115, 56.0475598997315], [10.752139279611043, 56.04529048228111], [10.75407957582917, 56.0419104625488], [10.753992337914493, 56.03741984053456], [10.751922112642916, 56.034063921016305], [10.74786890001444, 56.03184270399403], [10.743816152264914, 56.02962135468789], [10.739763869394336, 56.0273998730979], [10.7357120512668, 56.025178259273005], [10.731660697882306, 56.022956513213195], [10.727651526922536, 56.022979961044484], [10.723684538387486, 56.02524860276688], [10.71971708748465, 56.02751711830848], [10.715749174214022, 56.02978550766929], [10.711780798433008, 56.03205377080197], [10.707811960141607, 56.034321907706556], [10.7038426591972, 56.03658991833566], [10.699872895599787, 56.03885780268929], [10.695862761647767, 56.03888022574207], [10.691812257341136, 56.03665718749397], [10.68776221797436, 56.03443401717892], [10.683712643547441, 56.0322107147969], [10.677678160448771, 56.031120710727976], [10.669658768678346, 56.031164004972126], [10.663625205657757, 56.03007360844347], [10.659577471387001, 56.02784952114203], [10.65553020176432, 56.02562530193781], [10.651483396789715, 56.02340095083083], [10.6474370563269, 56.02117646786993], [10.643391180375877, 56.018951853055086], [10.639345768800379, 56.01672710643513], [10.635300821600401, 56.01450222801003], [10.631256338639695, 56.012277217828604], [10.627212319918257, 56.01005207589085], [10.627175729829696, 56.007806716777104], [10.631146568374014, 56.00554114048738], [10.637138936396374, 56.004387751905114], [10.645152833896773, 56.00434655103031], [10.653166715218198, 56.00430483518976], [10.661180580360645, 56.00426260438347], [10.66717152824165, 56.00310806484131], [10.67113955886121, 56.00084121656326], [10.675107127766951, 55.99857424198903], [10.679074234958872, 55.99630714111861], [10.68506376196157, 55.99515145107095], [10.69307570877505, 55.99510717184604], [10.70108763822595, 55.99506237779846], [10.70909955031427, 55.99501706892822], [10.715087655703643, 55.99386022882959], [10.719051954394066, 55.991591857502584], [10.720992476644776, 55.98821233995557], [10.720909222455774, 55.98372167618854], [10.718844743745501, 55.98036519214203], [10.714799040513958, 55.97814288781605], [10.708772082532796, 55.9770543784083], [10.700763869802017, 55.97709966391879], [10.692755639737243, 55.977144434872], [10.684747392338478, 55.977188691267905], [10.676739128004028, 55.97723243310301], [10.668730846733894, 55.97727566037733], [10.660722548926394, 55.977318373087414], [10.652714234581534, 55.97736057123328], [10.644705904097641, 55.97740225481159], [10.636697557474719, 55.977443423822336], [10.630709323167814, 55.9785967908317], [10.62674120117693, 55.980862355839676], [10.624793218073307, 55.98424050367457], [10.624865373856945, 55.98873123433637], [10.62291647667702, 55.992109257575585], [10.618946526533529, 55.99437457339222], [10.614940942578194, 55.994394393704326], [10.610899724811016, 55.99216871851187], [10.60884396294949, 55.98881051047461], [10.60877365699362, 55.98431976959253], [10.606718830605944, 55.98096142674068], [10.602679483786467, 55.97873548191903], [10.598674809595627, 55.978754782479115], [10.594704808033422, 55.98101932842093], [10.590734345096227, 55.983283747790715], [10.586763420784038, 55.98554804058847], [10.582758731842343, 55.98556682650362], [10.578720278271145, 55.98334010553618], [10.574682287985855, 55.981113253153254], [10.570644760986474, 55.97888626935484], [10.564621749455544, 55.97779078907599], [10.556613253393065, 55.97782681231671], [10.548604743581782, 55.977862320971525], [10.540596220021692, 55.97789731504046], [10.53457456858137, 55.97680066971244], [10.530539789260812, 55.97457238498746], [10.526505472912925, 55.97234396907667], [10.522471619537708, 55.97011542198005], [10.518467800059097, 55.970132144975075], [10.514494014477094, 55.972394138061766], [10.510519767612118, 55.97465600427286], [10.50654505946417, 55.97691774360837], [10.500553404754221, 55.97806456653666], [10.49254480348227, 55.97809647305773], [10.486552218907313, 55.97924291378852], [10.48257565102935, 55.98150388872901], [10.47859862155526, 55.9837647366327], [10.47462113048504, 55.98602545749959], [10.468627135634456, 55.98717074584654], [10.460616637003504, 55.98720060167353], [10.454595808900768, 55.986100093217615], [10.45056465132625, 55.98386922047878], [10.446533956870963, 55.9816382168547], [10.442503725534907, 55.979407082345375], [10.438473957181342, 55.97717581699928], [10.434444651810267, 55.974944420816406], [10.434419231867407, 55.97269900256584], [10.438397697352764, 55.97043956224758], [10.444390341727157, 55.969295436338136], [10.452397164990588, 55.96926662483754], [10.460403976905146, 55.96923729886826], [10.468410777470835, 55.96920745843031], [10.474402013863019, 55.9680621802688], [10.478377686081696, 55.96580146438374], [10.48033781418707, 55.9624256955182], [10.480282398179138, 55.95793487367219], [10.48022699722749, 55.95344405033843], [10.480171611332128, 55.94895322551691], [10.480116240481053, 55.94446239919347], [10.480060884674266, 55.93997157136809], [10.48201922023598, 55.93659567629329], [10.485991247166194, 55.93433471396908], [10.49197694506069, 55.93318830008042], [10.499976313919472, 55.93315643462732], [10.505961084480322, 55.93200963900864], [10.509931256743242, 55.929747913224375], [10.51390096897416, 55.927486060706386], [10.517870221173073, 55.925224081454665], [10.523853584584607, 55.92407613560589], [10.531851059208762, 55.92404222316003], [10.537833495468064, 55.922893895941655], [10.541800893362513, 55.92063115395075], [10.541770028715074, 55.918385750909735], [10.537740901525748, 55.91615768681861], [10.53371223568644, 55.91392949170863], [10.529684031197156, 55.911701165579814], [10.527639549660329, 55.908341594933745], [10.527578791075959, 55.90385077977042], [10.52553523910626, 55.90049107520369], [10.521508893751232, 55.89826248123354], [10.517512452062096, 55.898279169823226]]]}}, {"type": "Feature", "properties": {"band": "light", "dbz": 30.0, "source": "OPERA-ORD", "time": "20260907002000"}, "geometry": {"type": "Polygon", "coordinates": [[[9.603100996875273, 56.02334768245431], [9.595083003591256, 56.02332191794754], [9.589057458010352, 56.02442510907176], [9.585024360132564, 56.02665725582696], [9.580990797916446, 56.02888927167632], [9.57695677136199, 56.03112115661984], [9.570929854946312, 56.032223182703206], [9.562910048669409, 56.03219534992644], [9.556882209394697, 56.033296985524146], [9.552846337122173, 56.03552808949635], [9.548810000214747, 56.03775906239899], [9.54477319867242, 56.039989904232044], [9.540762848369667, 56.03997521284624], [9.536778949306491, 56.03771498824156], [9.534813901127349, 56.03433947248072], [9.534867703832239, 56.02984866556371], [9.532903575106847, 56.02647302379003], [9.528921514951168, 56.02421254715966], [9.5229215432564, 56.0230668502529], [9.514903660022542, 56.02303593306975], [9.506885788993998, 56.02300450062598], [9.498867930170771, 56.0229725529216], [9.490850083952942, 56.022940089959164], [9.482832250340511, 56.022907111738654], [9.476803580517876, 56.02400487884587], [9.472764074485035, 56.0262333912808], [9.470713710035517, 56.029593034451196], [9.470652487169321, 56.03408380835704], [9.470591247622181, 56.03857458089576], [9.470529991394095, 56.043065352067366], [9.472489888146638, 56.0464418742547], [9.476470937879814, 56.04870414745777], [9.480452451018298, 56.050966293576415], [9.484434427562094, 56.05322831261062], [9.488416867653209, 56.05549020451279], [9.492399771291645, 56.05775196928294], [9.498403864626471, 56.05889884203505], [9.50642914765769, 56.05893082276911], [9.512462049858268, 56.057831916984725], [9.516502571228202, 56.05560212468187], [9.520542627413526, 56.05337220111467], [9.524582218414238, 56.05114214628313], [9.528594413684747, 56.051157360992946], [9.532579213225056, 56.05341784524411], [9.534544667629273, 56.05679348679719], [9.534490776897405, 56.06128428565219], [9.534436871470897, 56.065775083191895], [9.534382951349746, 56.070265879416326], [9.536349769569604, 56.0736413948458], [9.540337326130468, 56.07590162948033], [9.544351391671071, 56.07591633606212], [9.548391966191417, 56.07368551459118], [9.55043828394318, 56.07032470194131], [9.550490344926363, 56.06583389811251], [9.552535725271984, 56.062472951764434], [9.556574424980045, 56.06024186289708], [9.560587572198433, 56.06025604981076], [9.564575166927144, 56.062515512505456], [9.568563225611513, 56.06477484770588], [9.572551748251541, 56.06703405541205], [9.578559637639533, 56.06817707410982], [9.586586893775486, 56.0682039037992], [9.592618959026144, 56.06710112616674], [9.596655833391504, 56.06486874121244], [9.600692242426986, 56.062636225296046], [9.604728186132588, 56.06040357841755], [9.60876366464625, 56.05817080062561], [9.612798677967977, 56.05593789192023], [9.612821436278672, 56.053692475783876], [9.608831939578337, 56.051434552216556], [9.604842906530894, 56.049176501031425], [9.600854337136344, 56.04691832222849], [9.600877083047132, 56.04467290476457], [9.604911144263264, 56.042440248639636], [9.608944740794405, 56.04020746166263], [9.612977872640554, 56.03797454383354], [9.61501670210214, 56.03461266382308], [9.615061229179164, 56.03012182163124], [9.613090117917578, 56.026747441578415], [9.609103368317381, 56.0244895236646], [9.603100996875273, 56.02334768245431]]]}}, {"type": "Feature", "properties": {"band": "light", "dbz": 30.0, "source": "OPERA-ORD", "time": "20260907002000"}, "geometry": {"type": "Polygon", "coordinates": [[[10.527266062228577, 56.0284787811133], [10.523286835141398, 56.03074104831995], [10.51728737753416, 56.031888675291725], [10.509267689406862, 56.031921662028644], [10.503267298719983, 56.03306890637459], [10.499286205473519, 56.03533040832956], [10.495304649152924, 56.03759178314297], [10.491322629758198, 56.03985303081485], [10.48734014714761, 56.042114151297554], [10.483357201321159, 56.044375144591115], [10.481393587637367, 56.04775103806369], [10.481449306096234, 56.05224183171529], [10.483497426010558, 56.05560212469257], [10.487537947380334, 56.05783191699552], [10.491578934072189, 56.06006157798537], [10.495620386086122, 56.06229110766212], [10.495648732753047, 56.064536500478475], [10.491663974072964, 56.06679775643442], [10.485658011670566, 56.06794386298724], [10.477630845545853, 56.067974820136946], [10.471596988289303, 56.06687514530634], [10.467556439900914, 56.06464483849545], [10.463516356929523, 56.062414400455914], [10.459476739375129, 56.06018383118776], [10.453444253549554, 56.05908298953355], [10.445418899452799, 56.059111875493294], [10.439387337808224, 56.05801064292617], [10.435349568615834, 56.05577929183219], [10.431312264543502, 56.05354780967361], [10.42727542559123, 56.05131619645044], [10.423239051621337, 56.04908445221138], [10.419203142633826, 56.04685257695641], [10.419178540063264, 56.04460716628697], [10.423165243909647, 56.04234822020306], [10.427151484416473, 56.04008914666345], [10.431137261583736, 56.037829945668136], [10.43512257555289, 56.0355706172648], [10.439107426323936, 56.033311161453454], [10.44311778784564, 56.03329698553394], [10.447153660118007, 56.035528089506236], [10.451189997025274, 56.037759062408966], [10.455226798567445, 56.03998990424213], [10.459237148870198, 56.039975212856405], [10.463221047933535, 56.03771498825181], [10.46720448386042, 56.03545463637243], [10.471187456650858, 56.033194157218254], [10.475169966446416, 56.030933550836934], [10.479152013247091, 56.02867281722845], [10.48313359719444, 56.0264119564404], [10.487114718288458, 56.024150968472796], [10.493114208247082, 56.023004500636894], [10.501132067070312, 56.022972552932686], [10.509149913288145, 56.02294008997042], [10.517167746900581, 56.02290711175009], [10.52319641672314, 56.02400487885744], [10.527235922755823, 56.026233391292465], [10.527266062228577, 56.0284787811133]]]}}, {"type": "Feature", "properties": {"band": "light", "dbz": 30.0, "source": "OPERA-ORD", "time": "20260907002000"}, "geometry": {"type": "Polygon", "coordinates": [[[12.009178268499326, 55.99094951874209], [12.005289810444198, 55.99325842532662], [12.001400893729803, 55.995567211105175], [11.997511518356141, 55.99787587607774], [11.993621684175661, 56.00018442019859], [11.989731391188364, 56.00249284346775], [11.989846686905736, 56.0047372747819], [11.99396757132778, 56.00691771414107], [11.99808892131373, 56.00909801608171], [12.002210736863596, 56.011278180603824], [12.00633301810684, 56.01345820765722], [12.010455765043467, 56.015638097241904], [12.014462200303205, 56.01557344585174], [12.018352323886058, 56.01326425348674], [12.022241988358946, 56.010954940332184], [12.02613119372187, 56.00864550638806], [12.030019940122655, 56.00633595170014], [12.033908227561296, 56.004026276268405], [12.033791083189428, 56.00178187829344], [12.02966850700705, 55.99960275777525], [12.025546396146117, 55.997423499740876], [12.021424750606627, 55.99524410419032], [12.017303570259385, 55.99306457117373], [12.013182855104388, 55.99088490069113], [12.009178268499326, 55.99094951874209]]]}}, {"type": "Feature", "properties": {"band": "light", "dbz": 30.0, "source": "OPERA-ORD", "time": "20260907002000"}, "geometry": {"type": "Polygon", "coordinates": [[[9.475057201645733, 56.00491049176848], [9.467043100003345, 56.004876500587635], [9.459029011744398, 56.00484199441991], [9.451014936868892, 56.0048069732653], [9.444988176941004, 56.00590320515404], [9.440948731960733, 56.008130690086126], [9.43889657840215, 56.01148981324072], [9.43883171626526, 56.01598057461782], [9.440787503085222, 56.019357598152695], [9.444763938862039, 56.02162088384536], [9.450761047145662, 56.02277004631015], [9.458778827936094, 56.02280508554709], [9.464807463881112, 56.02170847741451], [9.46884695498072, 56.01948022191243], [9.47288598184579, 56.01725183507014], [9.47692454447632, 56.01502331688763], [9.480962643009107, 56.01279466741356], [9.485000277444145, 56.01056588664794], [9.485030384112981, 56.008320494038564], [9.48105296301561, 56.00605848958545], [9.475057201645733, 56.00491049176848]]]}}, {"type": "Feature", "properties": {"band": "light", "dbz": 30.0, "source": "OPERA-ORD", "time": "20260907002000"}, "geometry": {"type": "Polygon", "coordinates": [[[13.156052926824987, 55.9211007370475], [13.148063046147826, 55.921303191640604], [13.142160931182683, 55.92257630456162], [13.138346581929564, 55.92492007581056], [13.136620130333052, 55.92833488784437], [13.13698157639314, 55.93282074066306], [13.139251114958379, 55.9361346819252], [13.143428746028764, 55.93827671163079], [13.147606841374492, 55.94041859936631], [13.151785400995564, 55.94256034513176], [13.155964425014677, 55.94470194887605], [13.160143913431831, 55.946843410599186], [13.164141109465254, 55.94674186164896], [13.167956013114942, 55.9443973020254], [13.169680807200956, 55.94098215074871], [13.169315491723296, 55.93649640781889], [13.16895027533244, 55.93201066201222], [13.16858515802839, 55.927524913328696], [13.166313916323167, 55.924211406677934], [13.162136550216767, 55.922070142059944], [13.156052926824987, 55.9211007370475]]]}}, {"type": "Feature", "properties": {"band": "light", "dbz": 30.0, "source": "OPERA-ORD", "time": "20260907002000"}, "geometry": {"type": "Polygon", "coordinates": [[[10.461939102346143, 55.92993523327483], [10.457966128462813, 55.93219542935785], [10.45399269431435, 55.9344554984613], [10.450018799900755, 55.936715440585196], [10.44604444508176, 55.93897525568221], [10.442069629857361, 55.94123494375233], [10.438069443722666, 55.94124907951805], [10.43404388667767, 55.93901766297939], [10.432006211319914, 55.93565652797012], [10.431956417649392, 55.93116567449025], [10.433918480475185, 55.927790532881204], [10.437892399797294, 55.92553110314295], [10.443878157246555, 55.92438700106027], [10.45187575282297, 55.924358226633146], [10.457887310280336, 55.92545916337302], [10.461912829618651, 55.92768981127989], [10.461939102346143, 55.92993523327483]]]}}, {"type": "Feature", "properties": {"band": "light", "dbz": 30.0, "source": "OPERA-ORD", "time": "20260907002000"}, "geometry": {"type": "Polygon", "coordinates": [[[10.579568511861988, 55.90586482976055], [10.571574803054295, 55.90590180592654], [10.565595628441015, 55.90705204458286], [10.56163098802215, 55.90931554572953], [10.559680905511076, 55.91269269333321], [10.559745380907794, 55.917183487393906], [10.561793097458654, 55.920542526226846], [10.56582405516366, 55.92276980983203], [10.571838230285039, 55.92386495403751], [10.57983562282279, 55.92382795884329], [10.585816615101477, 55.92267732660627], [10.589781207121103, 55.92041305732645], [10.59172942356771, 55.9170355351703], [10.5916612644413, 55.91254476013783], [10.58961173022503, 55.909186114885586], [10.5855808209189, 55.90695959941357], [10.579568511861988, 55.90586482976055]]]}}, {"type": "Feature", "properties": {"band": "light", "dbz": 30.0, "source": "OPERA-ORD", "time": "20260907002000"}, "geometry": {"type": "Polygon", "coordinates": [[[12.576729779457402, 55.84569650559116], [12.572889167180511, 55.84802295725018], [12.569048101707171, 55.850349290846], [12.56520658303738, 55.85267550637863], [12.561364611023274, 55.855001603803444], [12.557522185664856, 55.857327583120444], [12.555747894755944, 55.86073436849175], [12.556041738296539, 55.865221959917356], [12.556335661462409, 55.86970954884738], [12.556629664253549, 55.87419713528183], [12.558846213548412, 55.87752170166221], [12.562985309346995, 55.879683247988524], [12.566976869983781, 55.87960088540139], [12.570820895458768, 55.8772746139008], [12.574664467004286, 55.87494822426654], [12.57850758462034, 55.872621716498614], [12.582350248455116, 55.8702950906417], [12.586192458508613, 55.86796834669579], [12.587964810874393, 55.86456122139718], [12.58766730555245, 55.86007371474587], [12.5873698807811, 55.8555862055619], [12.587072536560342, 55.85109869384525], [12.584855419736433, 55.847774523430616], [12.580718530309376, 55.84561369431797], [12.576729779457402, 55.84569650559116]]]}}, {"type": "Feature", "properties": {"band": "light", "dbz": 30.0, "source": "OPERA-ORD", "time": "20260907002000"}, "geometry": {"type": "Polygon", "coordinates": [[[10.373049918450867, 55.83592180541625], [10.369081348327768, 55.83817917837848], [10.365112320387542, 55.84043642429721], [10.36114283463019, 55.84269354317244], [10.357172890916976, 55.844950534957015], [10.353202489247902, 55.84720739965094], [10.351237476192848, 55.850581289089526], [10.351277851751812, 55.85507220327277], [10.353304345719904, 55.85843468218375], [10.357316958097122, 55.860668725822464], [10.361330030090038, 55.86290263935004], [10.36534356169865, 55.86513642276648], [10.369357553058686, 55.86737007602379], [10.373372004170147, 55.869603599121945], [10.37738691516878, 55.871836992012916], [10.381402286054582, 55.874070254696704], [10.385418116963317, 55.87630338712525], [10.389434407894987, 55.878536389298546], [10.395436781213848, 55.87964006110981], [10.403425236919901, 55.87961440255902], [10.411413682554688, 55.87958823085506], [10.419402118118205, 55.879561545997916], [10.427390543215568, 55.879534347989676], [10.435378957846778, 55.87950663683037], [10.443367361616952, 55.87947841252213], [10.451355754526091, 55.87944967506499], [10.457360373780258, 55.88055064369773], [10.461381219379453, 55.882781318420356], [10.465402525359192, 55.88501186252798], [10.469424291719477, 55.88724227602062], [10.475430267697014, 55.88834208379081], [10.4834204532918, 55.88831128583853], [10.489398836233544, 55.8871652850977], [10.493365416522245, 55.884904081568315], [10.497331537993942, 55.882642751380644], [10.501297200648633, 55.880381294534686], [10.507274181037777, 55.8792341448109], [10.515262479161374, 55.879201302209275], [10.521238535079869, 55.878053771447824], [10.52520234879326, 55.875791552526564], [10.525172486494375, 55.873546137195035], [10.521148948183217, 55.87131752545325], [10.517125869951183, 55.86908878291182], [10.513103251798276, 55.866859909570735], [10.509081093589419, 55.86463090547818], [10.505059395324611, 55.862401770634136], [10.499056221674401, 55.86130310320345], [10.491071572638788, 55.861334903186105], [10.483086911577317, 55.861366190290376], [10.475102238489992, 55.861396964516274], [10.46910041857545, 55.86029713667439], [10.465081451833692, 55.85806670676472], [10.461062944723915, 55.85583614633144], [10.457044897246117, 55.85360545537456], [10.45104443186877, 55.85250446755845], [10.443061548591874, 55.8525331828831], [10.435078654480668, 55.852561385454024], [10.42709574953515, 55.852589075271204], [10.421096639494644, 55.851486927918], [10.417081324359149, 55.84925494339441], [10.413066468542377, 55.84702282857486], [10.409052072044332, 55.84479058345933], [10.403054318138436, 55.843687277006346], [10.395073206824685, 55.8437129092159], [10.389076365697736, 55.84260921458962], [10.385063794757587, 55.84037619312749], [10.381051682843736, 55.8381430415311], [10.37704002995619, 55.83590975980046], [10.373049918450867, 55.83592180541625]]]}}, {"type": "Feature", "properties": {"band": "light", "dbz": 30.0, "source": "OPERA-ORD", "time": "20260907002000"}, "geometry": {"type": "Polygon", "coordinates": [[[12.173816689018588, 55.7815136398356], [12.169958503209504, 55.783827651465025], [12.166099864916857, 55.78614154358105], [12.162240774140653, 55.788455316183686], [12.158381230735387, 55.79076896922802], [12.154521234701061, 55.79308250271404], [12.152714719682042, 55.796483569040674], [12.152961685678328, 55.80097216820789], [12.153208718490314, 55.80546076504101], [12.153455818118, 55.80994935954003], [12.155634251846106, 55.81328116185951], [12.15974401967463, 55.81545617199944], [12.163729717459553, 55.81538676757904], [12.167591345200876, 55.81307294859829], [12.171452519726992, 55.81075901003126], [12.175313241037905, 55.80844495187796], [12.179173509279437, 55.80613077418334], [12.183033324451582, 55.803816476947404], [12.186892686700137, 55.80150206021513], [12.190751596025105, 55.7991875239865], [12.19461005257224, 55.79687286830644], [12.198468056341543, 55.79455809317494], [12.198342325642386, 55.79231383707469], [12.194232860474763, 55.79014010000568], [12.190123854907707, 55.78796622548893], [12.186015308941219, 55.78579221352444], [12.181907222449263, 55.78361806416187], [12.177799595431843, 55.78144377740122], [12.173816689018588, 55.7815136398356]]]}}, {"type": "Feature", "properties": {"band": "light", "dbz": 30.0, "source": "OPERA-ORD", "time": "20260907002000"}, "geometry": {"type": "Polygon", "coordinates": [[[9.622449714063817, 55.6820888608426], [9.61450143748059, 55.68206436698923], [9.608528879045139, 55.6831685457818], [9.604532038757462, 55.685401397220296], [9.6025109003482, 55.688763302583645], [9.602465463817351, 55.693254261871836], [9.604419356094445, 55.69662879866973], [9.608372577179484, 55.69888691297733], [9.612326252218395, 55.7011449007787], [9.616280381211178, 55.70340276207385], [9.620234964294987, 55.70566049681606], [9.624190001469824, 55.70791810500532], [9.628145492872855, 55.710175586594914], [9.632101438504087, 55.712432941584844], [9.636057838500706, 55.71469016992836], [9.640014692862717, 55.71694727162546], [9.643992026361934, 55.71695876340701], [9.647989838998358, 55.71472464527301], [9.650008759143637, 55.71136210112807], [9.65004878679777, 55.70687113097219], [9.652066791311169, 55.703508454892955], [9.656062772683834, 55.70127407289036], [9.660058298917178, 55.699039561382364], [9.6640533700112, 55.696804920368976], [9.664072913176097, 55.694559431063404], [9.660116928411869, 55.692303093465654], [9.654163871452837, 55.69116369542433], [9.646213742299004, 55.69114123693942], [9.64026159773591, 55.6900014584869], [9.63630743776355, 55.68774436006675], [9.632353731421885, 55.68548713508483], [9.628400478710917, 55.68322978354113], [9.622449714063817, 55.6820888608426]]]}}, {"type": "Feature", "properties": {"band": "light", "dbz": 30.0, "source": "OPERA-ORD", "time": "20260907002000"}, "geometry": {"type": "Polygon", "coordinates": [[[12.562026303620693, 55.621316048715144], [12.55820641942613, 55.62364204161927], [12.556442253574236, 55.62704888256963], [12.556733806065017, 55.631536571566215], [12.558936203376465, 55.634861243192255], [12.563049445508582, 55.63702289744774], [12.567163143331936, 55.63918441325456], [12.571277296846525, 55.64134579061272], [12.573481210552835, 55.644670297111766], [12.573774884450867, 55.649157932751706], [12.574068637446635, 55.65364556554973], [12.574362469540143, 55.65813319550584], [12.574656380793819, 55.66262082263349], [12.574950371207663, 55.66710844693269], [12.575244440844175, 55.671596068416875], [12.575538589703353, 55.67608368708604], [12.577745164251152, 55.679407998755806], [12.58186416448757, 55.68156900342616], [12.585835562371404, 55.6814860840298], [12.58965935790265, 55.67915924056673], [12.59142327616794, 55.675752030642435], [12.59112731716727, 55.671264454256914], [12.590831437875329, 55.666776875044654], [12.590535638292117, 55.662289293005664], [12.590239918354753, 55.657801708126506], [12.589944278063236, 55.65331412040718], [12.589648717354756, 55.648826529834245], [12.589353236229309, 55.644338936407685], [12.589057834624152, 55.63985134011408], [12.588762512539287, 55.63536374095342], [12.586557845610166, 55.6320395057423], [12.582443833836791, 55.62987863448072], [12.578330277509316, 55.627717624740924], [12.574217176627737, 55.6255564765229], [12.570104531069704, 55.62339518987619], [12.565992340835216, 55.621233764800785], [12.562026303620693, 55.621316048715144]]]}}, {"type": "Feature", "properties": {"band": "light", "dbz": 30.0, "source": "OPERA-ORD", "time": "20260907002000"}, "geometry": {"type": "Polygon", "coordinates": [[[9.574760199832205, 55.68193424364967], [9.566811982597159, 55.68190668817368], [9.560838106682269, 55.68300856557358], [9.556838572087536, 55.68523987584935], [9.552838582581536, 55.687471056241336], [9.548838138164271, 55.68970210674956], [9.542862920674787, 55.69080282995721], [9.534912930113085, 55.69077322586429], [9.528936808882479, 55.69187356202186], [9.524934556982965, 55.69410383842991], [9.524907742579611, 55.69634930114296], [9.528856365672418, 55.69860995016101], [9.534806581375037, 55.69975508049674], [9.542758389687465, 55.699784692150175], [9.550710209072825, 55.69981379327895], [9.558662039531114, 55.69984238388308], [9.566613880673877, 55.699870463960345], [9.574565732501116, 55.699898033510735], [9.580541443501184, 55.6987957817748], [9.584541013674084, 55.696563708752514], [9.58656442568645, 55.69320219592043], [9.586611679538285, 55.68871124327854], [9.584660056960583, 55.68533633056511], [9.580709557953348, 55.68307745778014], [9.574760199832205, 55.68193424364967]]]}}, {"type": "Feature", "properties": {"band": "light", "dbz": 30.0, "source": "OPERA-ORD", "time": "20260907002000"}, "geometry": {"type": "Polygon", "coordinates": [[[12.3727372124929, 55.64306833382837], [12.368904116869274, 55.64538849538187], [12.365070573015597, 55.64770853862924], [12.361236580931866, 55.650028463570465], [12.357402140473578, 55.65234827016125], [12.353567251640733, 55.6546679584016], [12.353701921199928, 55.65691204715475], [12.357806149151163, 55.65908053642067], [12.363828212580104, 55.66008879053673], [12.371768111486748, 55.65993680950292], [12.377654991680743, 55.658700603207336], [12.38148885316209, 55.65638017164996], [12.383269794210001, 55.65297589485979], [12.382997814824478, 55.64848777283686], [12.380809808924965, 55.64515984713194], [12.376705776511464, 55.64299211774505], [12.3727372124929, 55.64306833382837]]]}}, {"type": "Feature", "properties": {"band": "light", "dbz": 30.0, "source": "OPERA-ORD", "time": "20260907002000"}, "geometry": {"type": "Polygon", "coordinates": [[[9.32104397802246, 55.64487286750326], [9.313103451217785, 55.644829028878235], [9.30712812297778, 55.645918660579206], [9.303117993302447, 55.64814176260617], [9.303078562222192, 55.6503871685634], [9.307009829737014, 55.65265487845088], [9.310941549398466, 55.654922463208806], [9.31487372120655, 55.657189922837155], [9.318806345299155, 55.6594572572897], [9.322739421676278, 55.66172446656647], [9.326711052938911, 55.6617461393146], [9.330721239087055, 55.65952227553413], [9.332764414092289, 55.656164930350414], [9.332840577954613, 55.651674103763426], [9.330912555270533, 55.6482952145564], [9.326980346040044, 55.64602826272932], [9.32104397802246, 55.64487286750326]]]}}, {"type": "Feature", "properties": {"band": "light", "dbz": 30.0, "source": "OPERA-ORD", "time": "20260907002000"}, "geometry": {"type": "Polygon", "coordinates": [[[9.257689657061256, 55.63552633132417], [9.249751080870332, 55.63547842734364], [9.243775415670441, 55.63656499914133], [9.239762661461585, 55.63878604671724], [9.23971962863651, 55.64103143104433], [9.243646317195223, 55.6433011521226], [9.247573457526842, 55.64557074835879], [9.251501049631369, 55.647840219752894], [9.25542909364685, 55.65010956625876], [9.25935758957328, 55.652378787876415], [9.265292955558722, 55.653536853069554], [9.273235191603176, 55.65358376183819], [9.27921227323859, 55.65249605381729], [9.283224200464966, 55.65027372900683], [9.283265444042264, 55.64802833461776], [9.279336003970485, 55.64575987065009], [9.275407015737107, 55.64349128171027], [9.271478479342129, 55.64122256779831], [9.26755039464766, 55.63895372896036], [9.263622761653698, 55.63668476519642], [9.257689657061256, 55.63552633132417]]]}}, {"type": "Feature", "properties": {"band": "light", "dbz": 30.0, "source": "OPERA-ORD", "time": "20260907002000"}, "geometry": {"type": "Polygon", "coordinates": [[[12.984786178631635, 55.53991181197914], [12.980998917565245, 55.54225075690657], [12.977211212662745, 55.54458958627958], [12.97342306392413, 55.54692830009818], [12.969634471203968, 55.54926689831912], [12.965845434502254, 55.55160538094239], [12.964119509628695, 55.555017902641424], [12.964456696583293, 55.559504463416225], [12.966689299820207, 55.56282175870004], [12.970817319339435, 55.56496978849286], [12.97477621035705, 55.56487442553113], [12.978565972873048, 55.56253566981483], [12.982355291079394, 55.56019679849997], [12.986144164976091, 55.55785781158657], [12.989932594708776, 55.5555187091179], [12.993720580277452, 55.55317949109396], [12.99544427530291, 55.5497666469377], [12.99510367978515, 55.54528017664912], [12.99286998881091, 55.541963291007484], [12.98874320238019, 55.539815990012784], [12.984786178631635, 55.53991181197914]]]}}, {"type": "Feature", "properties": {"band": "light", "dbz": 30.0, "source": "OPERA-ORD", "time": "20260907002000"}, "geometry": {"type": "Polygon", "coordinates": [[[8.95936012154185, 55.50761285981638], [8.951447623347557, 55.50754583314569], [8.945483145286605, 55.50861800820112], [8.941466687358995, 55.510829384982664], [8.939398206318977, 55.5141803425065], [8.93927770216655, 55.51867088077262], [8.941166325796427, 55.52205573925635], [8.945064077208606, 55.52433491795772], [8.950970999692478, 55.52550803766031], [8.95888709324804, 55.525575098364136], [8.964853411799961, 55.52450256120419], [8.96886995534824, 55.52229042618045], [8.970936681518133, 55.51893907251897], [8.971053590309637, 55.51444850021974], [8.969163126188791, 55.51106400384054], [8.965265289155594, 55.50878558338133], [8.95936012154185, 55.50761285981638]]]}}, {"type": "Feature", "properties": {"band": "light", "dbz": 30.0, "source": "OPERA-ORD", "time": "20260907002000"}, "geometry": {"type": "Polygon", "coordinates": [[[10.76051103929387, 55.241296091333396], [10.756623614786797, 55.243565892985906], [10.754722386392586, 55.246946276920355], [10.754807354111236, 55.251437243136735], [10.752905253372203, 55.25481750516181], [10.749016084175484, 55.257087062995595], [10.74512647348745, 55.259356497142804], [10.741236421308097, 55.26162580760342], [10.73933303859375, 55.26500594670189], [10.739416325344413, 55.26949691443818], [10.737512069085826, 55.272876931466406], [10.73362026981799, 55.27514599778658], [10.729728028556448, 55.27741494030352], [10.725835345301197, 55.279683759017246], [10.723929804731334, 55.283063652944946], [10.724011406846857, 55.28755462208661], [10.724093030736107, 55.292045588648946], [10.72417467639908, 55.29653655263195], [10.726203983312391, 55.29989309973643], [10.730180951476038, 55.302115229962396], [10.73610555143071, 55.303202566631434], [10.743977783176405, 55.30315510974354], [10.749903263185878, 55.304242061188695], [10.753881991459128, 55.306463420966885], [10.755913998370675, 55.30981956576392], [10.755999283920517, 55.31431049557981], [10.758032191562151, 55.317666506121036], [10.762012721295585, 55.319887597387606], [10.76599369654448, 55.32210855866735], [10.769975117308842, 55.32432938996027], [10.77200940512979, 55.327685259260434], [10.772096560007324, 55.332176166567834], [10.774131749773996, 55.33553190143397], [10.77811497442981, 55.337752463858806], [10.784046202507659, 55.33883747675537], [10.791925434007542, 55.338786940123654], [10.799804646518936, 55.338735898191445], [10.807683840041838, 55.338684350958744], [10.815563014200464, 55.33863229842946], [10.823442168994818, 55.338579740603606], [10.829375110294816, 55.33966284499421], [10.833361838100457, 55.341881611601295], [10.837349012094135, 55.34410024785999], [10.841336632275848, 55.3463187537703], [10.84527662472985, 55.346291713508506], [10.849168989456144, 55.34401912707461], [10.853060910660938, 55.34174641711633], [10.856952388344231, 55.33947358363368], [10.862837644235679, 55.33830937211391], [10.87071667833528, 55.33825378255702], [10.876650863090086, 55.339334602728314], [10.880640198500103, 55.3415518326278], [10.884629980147752, 55.343768931987945], [10.888620208033034, 55.34598590080875], [10.894555686590758, 55.34706557261453], [10.902436415820924, 55.3470079474053], [10.90837277498425, 55.34808723225626], [10.912364764080733, 55.35030342716741], [10.916357199685795, 55.35251949138154], [10.920350081799434, 55.35473542489865], [10.924290858822047, 55.354705850465024], [10.928179530753631, 55.35243076808066], [10.930071343068585, 55.349047847153464], [10.929966295766906, 55.34455708768344], [10.929861276519409, 55.340066325670975], [10.929756285326093, 55.33557556111608], [10.927708278593407, 55.33222232777599], [10.923717256321353, 55.33000662565069], [10.91972667996959, 55.32779079287251], [10.915736549538119, 55.32557482944146], [10.91368993323078, 55.322221452870224], [10.91358683104757, 55.31773066315881], [10.91348375637878, 55.313239870866774], [10.913380709224406, 55.30874907599409], [10.911335481735474, 55.30539555630059], [10.907348073911985, 55.303179311786266], [10.903361111278837, 55.30096293677355], [10.899374593836036, 55.29874643126245], [10.895388521456711, 55.29652979529984], [10.89140289414086, 55.294313028885725], [10.88547502564657, 55.293232910083], [10.877604915973837, 55.29328943889166], [10.87172673284947, 55.29445435802836], [10.867840476273475, 55.29672766749309], [10.863953777390144, 55.29900085362913], [10.860066636199475, 55.30127391643649], [10.854187082221118, 55.30243770982142], [10.84631511545507, 55.302492233783916], [10.84038760685108, 55.301410219472004], [10.836404556409146, 55.299191666885704], [10.832421950965026, 55.296972984101785], [10.828439790518717, 55.29475417112026], [10.822513574572362, 55.29367101043367], [10.814643303125958, 55.29372350204203], [10.806773012393442, 55.29377548899022], [10.798902702374816, 55.293826971278264], [10.791032373444342, 55.293877948902264], [10.783162025602019, 55.293928421862205], [10.77529165922213, 55.29397839015429], [10.767421274304674, 55.2940278537785], [10.761497182982174, 55.29294202690401], [10.757519385254632, 55.2907209095308], [10.755487911829022, 55.28736487822092], [10.755402762705346, 55.28287393297437], [10.75730562570688, 55.2794935525435], [10.761196500833623, 55.27722373692831], [10.76707535740955, 55.276064109764384], [10.774942195434658, 55.27601467105171], [10.780820157811156, 55.27485467114787], [10.784709244539044, 55.272584110052875], [10.786609487171877, 55.26920336410999], [10.78652088570966, 55.264712433319225], [10.786432307858137, 55.26022149989333], [10.786343753617313, 55.25573056383232], [10.784311972492082, 55.2523749001558], [10.780336964482448, 55.25015450886376], [10.776362400107459, 55.247933987760995], [10.772388279367117, 55.24571333684751], [10.768414602134563, 55.243492556169855], [10.764441368409791, 55.24127164572804], [10.76051103929387, 55.241296091333396]]]}}, {"type": "Feature", "properties": {"band": "light", "dbz": 30.0, "source": "OPERA-ORD", "time": "20260907002000"}, "geometry": {"type": "Polygon", "coordinates": [[[10.945877025729832, 55.184983226297376], [10.938028310246347, 55.185043609665826], [10.930179572697895, 55.18510348992798], [10.922330813084471, 55.18516286708383], [10.91448203177663, 55.185221741128956], [10.906633228774371, 55.185280112063325], [10.898784404448248, 55.185337979882554], [10.890935558798267, 55.18539534458667], [10.88507360885805, 55.18656090382156], [10.881198554627595, 55.18883465758723], [10.879310431579013, 55.1922169811469], [10.879409239712302, 55.19670787450056], [10.879508074143754, 55.20119876509818], [10.879606934873367, 55.20568965293974], [10.87771754259142, 55.20907185509073], [10.87383989729791, 55.21134537155112], [10.869961811944826, 55.21361876496394], [10.866083286532172, 55.21589203532919], [10.864192623528599, 55.21927411598941], [10.864289822934104, 55.22376500694459], [10.864387048228945, 55.22825589518992], [10.864484299413117, 55.23274678072539], [10.86458157650682, 55.237237663565104], [10.864678879510052, 55.24172854370906], [10.866717186929739, 55.245082777389754], [10.870696498765884, 55.247300364607206], [10.874676254337174, 55.249517821634136], [10.878656453643607, 55.25173514847056], [10.880696141881824, 55.25508923956954], [10.88079531905182, 55.2595800949311], [10.880894522663919, 55.26407094763536], [10.880993752718119, 55.26856179768231], [10.883034823370211, 55.27191574609197], [10.887017734620196, 55.274132792864336], [10.892942450734594, 55.27521256169498], [10.900808971713406, 55.275155052583905], [10.90673456470399, 55.27623443522684], [10.91071922970635, 55.278450709623776], [10.914704339313353, 55.28066685356626], [10.918689893525, 55.28288286705428], [10.924616774076814, 55.28396110298873], [10.932484980968788, 55.2839015613696], [10.940353165599028, 55.283841515251254], [10.948221327967538, 55.283780964633685], [10.956089467700474, 55.28371990952149], [10.963957584797843, 55.28365834991465], [10.969886161346505, 55.28473467807565], [10.973875197346464, 55.28694889400449], [10.977864678251002, 55.28916297919491], [10.981854604060116, 55.291376933646916], [10.98778446584311, 55.29245211408583], [10.995654263599985, 55.29238852051166], [11.00352403758067, 55.29232442233], [11.011393787785167, 55.29225981954086], [11.017324934011036, 55.29333385184188], [11.021317476258274, 55.29554651923306], [11.023371455683815, 55.298898198189534], [11.02348687228766, 55.30338888871128], [11.023602319699565, 55.30787957660816], [11.023717797919527, 55.31237026188019], [11.023833306971635, 55.3168609445414], [11.02394884685589, 55.32135162459183], [11.024064417596406, 55.32584230204554], [11.024180019193185, 55.33033297690254], [11.026236374650885, 55.33368449523248], [11.030233483969507, 55.33589685703535], [11.036171305477058, 55.33696968532517], [11.044049839173539, 55.33690298010195], [11.05192834787077, 55.33683576964997], [11.059806831568757, 55.33676805396925], [11.067685289891962, 55.33669983306493], [11.075563722840386, 55.336631106937006], [11.08344213003851, 55.33656187559069], [11.09132051148633, 55.33649213902598], [11.099198866808354, 55.336421897248165], [11.107077196004575, 55.336351150257244], [11.113017520729343, 55.33742054164905], [11.117019840982657, 55.33963007142359], [11.121022607700949, 55.34183946970445], [11.125025820884222, 55.344048736491644], [11.129029480658799, 55.34625787173793], [11.133033587024684, 55.34846687544329], [11.137038140108215, 55.35067574756053], [11.141043139909392, 55.352884488089614], [11.146986502970766, 55.353951950628314], [11.154868229292335, 55.35387813517664], [11.160746565666589, 55.35269995877745], [11.164621512093529, 55.35041742143073], [11.16849601545397, 55.34813476181044], [11.172370075747914, 55.34585197991658], [11.176243693111564, 55.343569075793944], [11.180116867544921, 55.341286049442516], [11.183989599184173, 55.339002900907104], [11.187861888029314, 55.336719630187694], [11.19373703241071, 55.33553959016923], [11.201615032328355, 55.335462780851714], [11.207489275260151, 55.33428237098185], [11.211359761206097, 55.33199836055965], [11.213226539111838, 55.32861112648272], [11.213089608977375, 55.32412066875108], [11.21101832442465, 55.320772206448154], [11.207012685453664, 55.318565739573934], [11.203007492426321, 55.31635914093384], [11.199002745342622, 55.31415241052785], [11.19499844407689, 55.311945548403195], [11.190994588629131, 55.309738554559885], [11.185056297663632, 55.30867292845669], [11.177183571180395, 55.30874867009362], [11.17124615566652, 55.30768265517744], [11.167244051122008, 55.30547488370812], [11.16717789586715, 55.3032296240791], [11.171047689901943, 55.300946876290375], [11.174917042185292, 55.298664006401346], [11.1787859527172, 55.29638101441202], [11.180653862298621, 55.29299425951739], [11.180520770929554, 55.28850374171745], [11.178454111001539, 55.28515471040528], [11.174453882514571, 55.28294716558088], [11.168520037996249, 55.281880730951286], [11.160652577446573, 55.281955406516516], [11.154719607175975, 55.28088858348898], [11.150721127184454, 55.2786802618687], [11.150655963744182, 55.27643498476243], [11.154524116855152, 55.274152752170195], [11.158391828883932, 55.27187039749101], [11.162259099830521, 55.26958792072487], [11.162193971127362, 55.2673426409034], [11.158196442774459, 55.265134558026595], [11.154199358899296, 55.26292634375926], [11.150202719501872, 55.260717998101384], [11.14620652445687, 55.25850952109998], [11.14221077376429, 55.25630091275506], [11.13821546729882, 55.25409217311359], [11.134220605060461, 55.25188330217558], [11.13215945856106, 55.248533566199676], [11.13203202780062, 55.24404296518589], [11.129971784467168, 55.240693092036395], [11.12597872856071, 55.23848394675119], [11.120052814693139, 55.23741515354142], [11.11219404286445, 55.23748671240709], [11.106330914998232, 55.23866285291258], [11.102463431094481, 55.24094357505791], [11.098595506805204, 55.243224174983915], [11.0947271421304, 55.2455046526906], [11.090858336935359, 55.247785008133356], [11.086989091220076, 55.25006524131221], [11.083119404849812, 55.25234535218254], [11.079249277824566, 55.25462534074433], [11.075318500383581, 55.25465987366695], [11.07132707252685, 55.2524489509504], [11.071266436577812, 55.25020362063265], [11.075136592536467, 55.24792388271368], [11.079006307939851, 55.24564402246736], [11.08287558278797, 55.24336403989366], [11.084749190698169, 55.23997871854106], [11.084627131670445, 55.23548805840955], [11.082571319225837, 55.232137380848926], [11.078581753364345, 55.22992668585918], [11.074592630964096, 55.22771585991757], [11.070603952025094, 55.22550490302409], [11.068549531091152, 55.22215408031403], [11.068429368162269, 55.2176633917874], [11.066375847985569, 55.21431243249728], [11.062388970561052, 55.212101202443684], [11.058402536111165, 55.20988984156229], [11.05441654463591, 55.20767834985308], [11.0504309960101, 55.205466727362825], [11.046445890233736, 55.20325497409152], [11.042461227181642, 55.20104309008591], [11.038477006853816, 55.19883107534599], [11.034493229125099, 55.19661892991848], [11.030509893995488, 55.19440665380336], [11.02658434181485, 55.19443962490463], [11.022716572583183, 55.196717843222274], [11.018848363961702, 55.19899593913263], [11.014979715950407, 55.2012739126357], [11.00911936265004, 55.202445119627924], [11.001267304060597, 55.202509560109306], [10.995406058220157, 55.20368039699568], [10.991535625128712, 55.205957630287045], [10.987664752345571, 55.2082347410187], [10.98379343987073, 55.21051172919064], [10.979866934150744, 55.21054319837141], [10.975885235185615, 55.20832914856103], [10.971903978995401, 55.20611496828508], [10.967923165580101, 55.20390065754357], [10.963942794814184, 55.201686216383166], [10.959962866697648, 55.19947164480387], [10.95791908927545, 55.19611894930735], [10.957811462547589, 55.19162812989361], [10.955768582755638, 55.18827529879334], [10.951790449899596, 55.186060456006544], [10.945877025729832, 55.184983226297376]]]}}, {"type": "Feature", "properties": {"band": "light", "dbz": 30.0, "source": "OPERA-ORD", "time": "20260907002000"}, "geometry": {"type": "Polygon", "coordinates": [[[12.898443507204737, 55.22735025018135], [12.894680409178726, 55.2296865599377], [12.890916875276405, 55.232022754651375], [12.887152905497775, 55.2343588343224], [12.881344184358394, 55.23561909802689], [12.87349071185826, 55.23580354576484], [12.865637171419285, 55.23598749038821], [12.857783563041473, 55.23617093189701], [12.851973388827304, 55.23743009733417], [12.848206648776776, 55.2397649866997], [12.844439472463808, 55.24209976081096], [12.840671859888399, 55.244434419667954], [12.834860233144983, 55.24569248638203], [12.827004592233564, 55.24587396095322], [12.821192054660472, 55.2471316721053], [12.81742262042571, 55.249465619838276], [12.815696403031334, 55.25287617888658], [12.816013402477342, 55.2573633492502], [12.81821600129706, 55.26068352302478], [12.822304199490487, 55.26283670021033], [12.828277883441622, 55.26382250587665], [12.836137053150466, 55.26364094002371], [12.84195124111952, 55.262382808411246], [12.845720447348778, 55.26004811103925], [12.849489216853733, 55.25771329836918], [12.853257549634378, 55.25537837040107], [12.859070283458898, 55.2541191395427], [12.866927418327297, 55.25393560579408], [12.874784485147215, 55.25375156867889], [12.882641483918656, 55.25356702819712], [12.888452763052282, 55.25230669854911], [12.892218322548095, 55.24997057973488], [12.895983445706358, 55.247634345834406], [12.899748132527073, 55.2452979968477], [12.903512383151684, 55.24296153281729], [12.907276197580197, 55.24062495374319], [12.908994486836038, 55.2372132100232], [12.908667250919208, 55.23272630165732], [12.906458988775032, 55.22940765943159], [12.902369700403506, 55.22725728334598], [12.898443507204737, 55.22735025018135]]]}}, {"type": "Feature", "properties": {"band": "light", "dbz": 30.0, "source": "OPERA-ORD", "time": "20260907002000"}, "geometry": {"type": "Polygon", "coordinates": [[[8.637871648600425, 55.19004371324952], [8.630022642625025, 55.18995614408472], [8.624097087762259, 55.191012855949616], [8.620094984012127, 55.1932138488442], [8.61609243737646, 55.19541470966485], [8.612089447855261, 55.19761543841158], [8.606162633974781, 55.19867100080742], [8.59831199573502, 55.198581396852376], [8.590461390721963, 55.19849128970753], [8.582610818935612, 55.19840067937288], [8.576682746846245, 55.19945509189112], [8.572677174453862, 55.20165452726222], [8.56867115890669, 55.203853830339284], [8.564664700204728, 55.206053001122314], [8.560657798224547, 55.20825203956417], [8.55665045296615, 55.21045094566486], [8.55456551132185, 55.21379549996762], [8.554402973291655, 55.21828570247244], [8.554240391981931, 55.22277590207848], [8.554077767392677, 55.22726609878575], [8.555920161182275, 55.23065686132178], [8.559767573350728, 55.23294818968658], [8.56562006189047, 55.23413970828342], [8.573477626801505, 55.23423141711232], [8.581335225418366, 55.23432262225271], [8.589192857741052, 55.23441332370461], [8.597050523397812, 55.23450352146117], [8.604908222388648, 55.2345932155224], [8.610762593043102, 55.23578286736258], [8.614613635361177, 55.238072476981706], [8.618465117407737, 55.240361965523284], [8.622317039182782, 55.242651332987315], [8.62616940082211, 55.24494057932952], [8.630022202325717, 55.24722970454991], [8.633875443829425, 55.2495187086042], [8.63772912533323, 55.25180759149239], [8.641659382465296, 55.25185119570102], [8.645666215225615, 55.249649521230104], [8.649672603705712, 55.247447714624606], [8.653678547905585, 55.24524577588453], [8.657608837109217, 55.245288876184624], [8.661463471316614, 55.2475770155249], [8.665318545599256, 55.24986503357214], [8.669174059957145, 55.25215293032637], [8.675032595992437, 55.253339228455204], [8.682894153705133, 55.25342392795866], [8.690755742571174, 55.253508123474134], [8.698617362590559, 55.25359181500163], [8.706479013390783, 55.25367500253485], [8.714340694971844, 55.25375768607378], [8.720201106603106, 55.25494211459299], [8.724060248284573, 55.25722828809249], [8.727919830424003, 55.25951434001976], [8.7317798530214, 55.261800270374806], [8.73571118168926, 55.261840861247464], [8.73971381642758, 55.25963611263774], [8.743716006721593, 55.257431232241686], [8.747717752571296, 55.25522622005928], [8.751649111100686, 55.25526630685884], [8.755510082309765, 55.25755149264039], [8.759371494050228, 55.25983655672269], [8.763233346322075, 55.26212149910576], [8.769096117633078, 55.263303305925135], [8.776959807983237, 55.26338197718083], [8.784823527274746, 55.26346014428505], [8.792687275507609, 55.263537807237796], [8.800551052308892, 55.26361496603323], [8.808414857678596, 55.26369162067134], [8.81427949822146, 55.26487155577091], [8.818144973937484, 55.267154771331946], [8.822010890564506, 55.26943786491416], [8.825877248102529, 55.271720836517545], [8.829809635651138, 55.271758412318455], [8.833808053210333, 55.26955059231689], [8.837806026166458, 55.26734264087775], [8.841803554519508, 55.265134558001044], [8.84773430484837, 55.26406733137537], [8.855598277153039, 55.26414096100072], [8.86346227653421, 55.26421408644607], [8.871326302991887, 55.264286707711406], [8.879190356153039, 55.26435882479126], [8.887054436017664, 55.264430437685625], [8.89298350796744, 55.26336130141625], [8.896977572002367, 55.26115141598315], [8.899036583546632, 55.25780115748798], [8.899160542600235, 55.25331052593074], [8.897288354567005, 55.24992484599869], [8.893420019446944, 55.247644117691834], [8.88955212481195, 55.24536326718452], [8.885684670662018, 55.24308229447675], [8.881817656862378, 55.240801199613095], [8.877951083413025, 55.23851998259356], [8.874084950179206, 55.23623864346268], [8.870219257160922, 55.23395718222045], [8.86635400422344, 55.231675598911416], [8.862489191366759, 55.22939389353557], [8.85862481845617, 55.227112066137416], [8.854760885491666, 55.22483011671695], [8.850897392338569, 55.22254804531867], [8.847034338996876, 55.22026585194257], [8.841175274305556, 55.21908748316612], [8.83332019826461, 55.2190129389893], [8.82746202847471, 55.21783420122537], [8.823600764935852, 55.21555126987431], [8.819739940903341, 55.213268216697664], [8.815879556377174, 55.21098504169543], [8.810022764566503, 55.20980518465746], [8.802169565471322, 55.20972864558376], [8.794316394806557, 55.209651603112285], [8.786463252572212, 55.20957405724303], [8.778610139139413, 55.209496007981826], [8.770757054508163, 55.20941745532868], [8.764902125805012, 55.208235729333836], [8.76104535302996, 55.20595082999729], [8.757189019383423, 55.20366580911383], [8.753333124865401, 55.20138066668343], [8.747479576124837, 55.200197822492804], [8.739628373161729, 55.20011727654196], [8.731777200089333, 55.200036227343425], [8.723926056907644, 55.19995467489721], [8.718001523288946, 55.20101593002531], [8.714003599233239, 55.203219992727725], [8.71000523212708, 55.20542392370319], [8.706006421970471, 55.2076277229517], [8.700080624150548, 55.20868782937975], [8.692227838667314, 55.208604242987334], [8.68637534051679, 55.20741876746989], [8.682523129698978, 55.2051314028274], [8.678671357825898, 55.20284391695445], [8.674820024897546, 55.20055630985104], [8.668968910112675, 55.199369717147576], [8.661118013471281, 55.19928413884405], [8.655267794136673, 55.19809717874915], [8.651418252108849, 55.19580883686287], [8.647569148718233, 55.19352037389777], [8.643720483964827, 55.19123178985387], [8.637871648600425, 55.19004371324952]]]}}, {"type": "Feature", "properties": {"band": "light", "dbz": 30.0, "source": "OPERA-ORD", "time": "20260907002000"}, "geometry": {"type": "Polygon", "coordinates": [[[9.029049635794157, 55.247670173087684], [9.02118864919966, 55.24760766746531], [9.013327685912921, 55.24754465786513], [9.005466745933942, 55.24748114428714], [8.99954272633962, 55.248556004516686], [8.99555562712995, 55.250769238553765], [8.993505407943758, 55.2541212223519], [8.993392068781041, 55.258611955911086], [8.995273164272703, 55.261996080543376], [8.99914869441874, 55.26427359624878], [9.005018699620752, 55.26544412687657], [9.012883179878738, 55.26550767242674], [9.02074768348216, 55.265570713745525], [9.028612210431016, 55.265633250832906], [9.034537632251674, 55.26455727028094], [9.038523948944134, 55.26234277208961], [9.040571121634535, 55.25899013242542], [9.040679150322877, 55.25449935128836], [9.038794905773138, 55.25111582701459], [9.034918387985318, 55.24883955960411], [9.029049635794157, 55.247670173087684]]]}}, {"type": "Feature", "properties": {"band": "light", "dbz": 30.0, "source": "OPERA-ORD", "time": "20260907002000"}, "geometry": {"type": "Polygon", "coordinates": [[[10.789430854203443, 55.2130411081413], [10.781576437378193, 55.213091466932035], [10.77570725891399, 55.21425179070508], [10.771823318810831, 55.216522079460425], [10.769924648206416, 55.219902708817635], [10.77001124710074, 55.22439367877669], [10.772040699469356, 55.227749498125974], [10.776013005312263, 55.22997016686548], [10.781928133460417, 55.23105530917876], [10.789786083913818, 55.231004925065825], [10.795656997592953, 55.229844212917236], [10.799540874497826, 55.227573172732995], [10.801437746689192, 55.224192180322454], [10.801347614167055, 55.2197012356856], [10.799316426583507, 55.216345804711864], [10.795344183938548, 55.214125887401245], [10.789430854203443, 55.2130411081413]]]}}, {"type": "Feature", "properties": {"band": "light", "dbz": 30.0, "source": "OPERA-ORD", "time": "20260907002000"}, "geometry": {"type": "Polygon", "coordinates": [[[11.055045665412726, 55.15714064098694], [11.047202562762092, 55.157208016845146], [11.03935943551263, 55.157274890008736], [11.031516283664336, 55.15734126047771], [11.025662523785112, 55.15851354404684], [11.021798155874954, 55.160791740716135], [11.019923220974517, 55.16417622537388], [11.020037719083799, 55.16866699802006], [11.022085281483802, 55.17201866410207], [11.026065908174523, 55.17423122361993], [11.030046976868473, 55.17644365255749], [11.034028487565651, 55.17865595091477], [11.036077434153237, 55.18200747248493], [11.036193816631227, 55.18649821726799], [11.038243661567313, 55.189849602617976], [11.042226968961494, 55.192061628534894], [11.046151614929222, 55.19202816257319], [11.050017599470502, 55.189749204732856], [11.053883144924157, 55.18747012463751], [11.057748251290185, 55.18519092228714], [11.061612918702476, 55.18291159772623], [11.06547714716103, 55.18063215095478], [11.067349339566952, 55.177247069267665], [11.067229495920245, 55.17275635266488], [11.067109684127235, 55.16826563321229], [11.066989904187924, 55.1637749109099], [11.06493931484821, 55.16042390058349], [11.060957916108098, 55.15821260223306], [11.055045665412726, 55.15714064098694]]]}}, {"type": "Feature", "properties": {"band": "light", "dbz": 30.0, "source": "OPERA-ORD", "time": "20260907002000"}, "geometry": {"type": "Polygon", "coordinates": [[[11.14941887942162, 55.16527418475721], [11.141574327603529, 55.16534761114855], [11.135722613319073, 55.166525154948744], [11.131863736568253, 55.16880681615778], [11.128004421370264, 55.171088355479036], [11.124144667725103, 55.1733697729125], [11.12028447549877, 55.17565106841383], [11.11642384469127, 55.177932241983015], [11.116486865744093, 55.18017756803815], [11.12047353865724, 55.1823870465792], [11.124460653894625, 55.184596394131695], [11.128448211456242, 55.18680561069563], [11.132436211466718, 55.18901469622422], [11.136424653926056, 55.191223650717475], [11.140349145214248, 55.19118716603245], [11.144209685331298, 55.18890524216913], [11.148069786570698, 55.18662319643017], [11.15192944893245, 55.18434102881557], [11.155788672550798, 55.18205873936971], [11.159647457425743, 55.17977632809259], [11.161511643958068, 55.176389817929795], [11.161381232147773, 55.171899208881314], [11.159322308514636, 55.16854979615819], [11.155334873058656, 55.16634157976042], [11.14941887942162, 55.16527418475721]]]}}, {"type": "Feature", "properties": {"band": "light", "dbz": 30.0, "source": "OPERA-ORD", "time": "20260907002000"}, "geometry": {"type": "Polygon", "coordinates": [[[11.239103581553312, 55.020655896413906], [11.231287409204448, 55.020735038509265], [11.22545932916525, 55.0219168655907], [11.221619341435716, 55.02420137765821], [11.221687906883524, 55.02644668856246], [11.225665025508675, 55.02865279830346], [11.22964258257527, 55.03085877713508], [11.233620578083311, 55.033064625057314], [11.23567863254976, 55.03641285031793], [11.235816745974617, 55.040903452916915], [11.233964988122597, 55.04429114141731], [11.230123358993701, 55.04657591581912], [11.224291809622592, 55.04775740260797], [11.21647034000927, 55.04783560178389], [11.208648842008582, 55.04791329983148], [11.20082731562053, 55.04799049675073], [11.193005761210909, 55.04806719253593], [11.185184178779721, 55.04814338718707], [11.177362568692786, 55.04821908069846], [11.169540930950097, 55.04829427307013], [11.163707058220913, 55.04947315209197], [11.15986095050523, 55.05175571776399], [11.15800265405408, 55.05514234364991], [11.158132168867462, 55.05963302974974], [11.160185612102318, 55.06298242371071], [11.16416298375865, 55.06519052553283], [11.170064237539128, 55.06625696145754], [11.177889373443755, 55.06618173148484], [11.183791490294425, 55.06724778119795], [11.187770588091132, 55.06945511059688], [11.189826714036894, 55.07280409344369], [11.189959868131705, 55.07729472973841], [11.190093057547557, 55.081785363003156], [11.19022628228445, 55.08627599323794], [11.190359542369812, 55.09076662045679], [11.190492837803646, 55.09525724465969], [11.192550841092327, 55.09860607167868], [11.196533552235863, 55.10081310151376], [11.202440923542039, 55.10187796000418], [11.210272955010858, 55.10180064714996], [11.218104957955118, 55.10172283241535], [11.225936932374815, 55.10164451580035], [11.233768877902405, 55.10156569731081], [11.24160079453789, 55.10148637694672], [11.24943268191374, 55.101406554714], [11.257264540029956, 55.10132623061267], [11.263173960744517, 55.102388428846304], [11.26716094405742, 55.10459314941492], [11.271148367824601, 55.1067977386582], [11.275136232046062, 55.10900219657614], [11.27912453684494, 55.11120652312207], [11.283113282221233, 55.11341071829597], [11.287102468298098, 55.115614782051175], [11.291092095075527, 55.11781871438768], [11.295009264929764, 55.11777728213414], [11.298853977860812, 55.11549048529057], [11.302698254132551, 55.1132035674045], [11.30654209374498, 55.110916528475904], [11.312380698777986, 55.10973082898846], [11.320214069231561, 55.109646468942145], [11.328047408563162, 55.10956160693241], [11.335880716772788, 55.109476242959246], [11.343713993492745, 55.10939037702902], [11.35154723872303, 55.10930400914174], [11.357383982081608, 55.10811644792012], [11.361224223568476, 55.105827693364155], [11.363068017416413, 55.102438119648745], [11.362915363625419, 55.09794772677389], [11.362762750322517, 55.093457330835534], [11.362610177507706, 55.0889669318337], [11.360538778207612, 55.08562089528581], [11.356548552422236, 55.08341922119186], [11.352558766572772, 55.08121741550512], [11.348569420659215, 55.07901547822561], [11.346499417370746, 55.07566929306418], [11.346348756707359, 55.071178860020844], [11.344279650691869, 55.067832536387826], [11.340292099324275, 55.06563032216512], [11.33438604917616, 55.0645718436773], [11.326561500247525, 55.06465710092437], [11.318736920321742, 55.06474185683507], [11.310912309398812, 55.0648261114094], [11.303087667844977, 55.064909864641095], [11.29526299566024, 55.06499311653013], [11.289358589292249, 55.063932736179865], [11.285374448741003, 55.06172872359029], [11.283310625281922, 55.05838145245268], [11.283167118915006, 55.05389092276702], [11.283023650565056, 55.04940038997684], [11.28288022023207, 55.04490985408216], [11.28273682788658, 55.04041931506897], [11.282593473528589, 55.03592877293726], [11.28053153290147, 55.032581344313925], [11.27655100600522, 55.03037702919896], [11.270651842061403, 55.029315454298356], [11.262834041070017, 55.02939661961213], [11.256935737296399, 55.02833465815002], [11.252956930740552, 55.02612956991202], [11.248978562528908, 55.02392435068633], [11.245000632661466, 55.02171900047293], [11.239103581553312, 55.020655896413906]]]}}, {"type": "Feature", "properties": {"band": "light", "dbz": 30.0, "source": "OPERA-ORD", "time": "20260907002000"}, "geometry": {"type": "Polygon", "coordinates": [[[12.442882942932554, 55.01147055621489], [12.435071635319582, 55.01162680579013], [12.429280784502541, 55.012865901240154], [12.425510390481433, 55.01518784256498], [12.423760549580582, 55.01859300212452], [12.424031261799989, 55.02308137991876], [12.426188041948393, 55.026408767646394], [12.430230890025799, 55.028575165307416], [12.434274177551242, 55.03074142720403], [12.43831790452472, 55.032907553336216], [12.440476139327485, 55.036234778434704], [12.440748881959532, 55.04072310249949], [12.442908028445164, 55.04405018015858], [12.446953578784374, 55.04621601141197], [12.45099956903838, 55.04838170677267], [12.455045999207186, 55.05054726624068], [12.459092869407844, 55.052712689768356], [12.463140179640352, 55.0548779773557], [12.469073731318364, 55.05588139716134], [12.47689352444188, 55.05572294918529], [12.482688789853677, 55.05448187720889], [12.486459527553754, 55.05215818123216], [12.490229832944966, 55.04983436910329], [12.493999706027312, 55.047510440822286], [12.497769146938445, 55.04518639643162], [12.501538155678372, 55.04286223593128], [12.501398696459157, 55.04061814485702], [12.497350769280803, 55.03845412320881], [12.493303281787325, 55.036289965514854], [12.489256233978724, 55.03412567177514], [12.485209625738266, 55.03196124203729], [12.481163457065952, 55.029796676301316], [12.477117727845053, 55.027631974614806], [12.47307243807557, 55.02546713697775], [12.46902758764078, 55.02330216343777], [12.46498317654068, 55.02113705399485], [12.460939204658555, 55.01897180869654], [12.456895671994399, 55.016806427542846], [12.452852578431502, 55.01464091058132], [12.448809923969861, 55.01247525781196], [12.442882942932554, 55.01147055621489]]]}}, {"type": "Feature", "properties": {"band": "light", "dbz": 30.0, "source": "OPERA-ORD", "time": "20260907002000"}, "geometry": {"type": "Polygon", "coordinates": [[[12.517620830359714, 54.95602261610836], [12.509820526773007, 54.956183626401156], [12.502020164903367, 54.95634413729546], [12.494219744750795, 54.956504148791275], [12.488438580248383, 54.957746038172125], [12.484676671396128, 54.96006980543801], [12.482934116521012, 54.96347582226194], [12.483210915623035, 54.96796408864391], [12.48348778789274, 54.9724523511928], [12.483764733330126, 54.9769406099086], [12.484041751991782, 54.98142886480485], [12.484318843877709, 54.985917115881534], [12.484596009044544, 54.99040536315218], [12.484873247492292, 54.99489360661678], [12.487033502248401, 54.99821992255431], [12.491076773312873, 55.000384310964776], [12.495120483132787, 55.00254856346218], [12.499164631708144, 55.004712680046524], [12.50320921915533, 55.00687666067026], [12.507254245474352, 55.0090405053334], [12.513182123250074, 55.010041802041165], [12.520992852482497, 55.009880550793554], [12.528803522788511, 55.00971879941427], [12.536614134168119, 55.00955654790333], [12.542543203235113, 55.01055668810308], [12.546590729989497, 55.012719220013516], [12.548756815326302, 55.01604451587054], [12.549041459245528, 55.02053257567414], [12.551208456734432, 55.02385772324743], [12.555257807793014, 55.0260199585904], [12.559307598305692, 55.02818205767278], [12.563357828272467, 55.03034402049457], [12.56740849780968, 55.0325058470081], [12.571459606917328, 55.03466753721339], [12.577392900237545, 55.03566569435785], [12.585208377770332, 55.03550031844149], [12.590997429406748, 55.03425411806636], [12.594760055146795, 55.031927093232454], [12.5964963579177, 55.02851961641989], [12.596206337719462, 55.02403168762868], [12.594035875506979, 55.020707250525355], [12.589984971280249, 55.018546305109915], [12.585934506275262, 55.0163852233433], [12.581884480492018, 55.0142240052255], [12.581740020549004, 55.011980024726185], [12.585501126446221, 55.00965328184537], [12.58926180136873, 55.007326423318766], [12.593022045316536, 55.00499944914638], [12.59287766178011, 55.002755464803016], [12.588828650759453, 55.00059447028866], [12.584780078496287, 54.99843333948983], [12.580731944990609, 54.99627207240652], [12.576684250126496, 54.99411066908634], [12.572636993903949, 54.99194912952929], [12.568590176207051, 54.98978745378294], [12.5645437970358, 54.98762564184729], [12.562377717609698, 54.9843007110493], [12.562091937928745, 54.97981266138899], [12.5618062337613, 54.975324607854276], [12.561520605107367, 54.970836550445185], [12.559355983318877, 54.967511455343406], [12.555312368395828, 54.965349322548946], [12.549389659224705, 54.96434978035957], [12.541587855805503, 54.96451282877528], [12.535665988745624, 54.963512890689785], [12.531624058045068, 54.961349966103086], [12.52758256505936, 54.95918690559779], [12.523541509788497, 54.95702370917391], [12.517620830359714, 54.95602261610836]]]}}, {"type": "Feature", "properties": {"band": "light", "dbz": 30.0, "source": "OPERA-ORD", "time": "20260907002000"}, "geometry": {"type": "Polygon", "coordinates": [[[13.222976415834598, 54.9843485085362], [13.215173441975923, 54.98455469434274], [13.209410520394197, 54.98583068254178], [13.205687651089427, 54.98817647313332], [13.20196435293996, 54.990522150552195], [13.1982406259458, 54.9928677147984], [13.194516469967544, 54.99521316583045], [13.19079188500519, 54.997558503648335], [13.187066870919306, 54.999903728210526], [13.183341427709893, 55.002248839517016], [13.179615555237485, 55.00459383752628], [13.175889253502081, 55.00693872223832], [13.176066837089433, 55.00918182297853], [13.180148305999543, 55.01132313974692], [13.184230214252706, 55.01346431778053], [13.188312561848923, 55.01560535707937], [13.192395348901353, 55.01774625759525], [13.196478575409992, 55.019887019328166], [13.200383213081452, 55.019784586212126], [13.204109261915729, 55.017438958247155], [13.207834881229747, 55.01509321704724], [13.211560071023502, 55.01274736261239], [13.215284831436698, 55.01040139498415], [13.21900916246933, 55.00805531416253], [13.220691620597298, 55.00463923475394], [13.220332205820604, 55.000153156758365], [13.222013848218019, 54.99673697489345], [13.225736547789541, 54.99439068915919], [13.22945881848484, 54.99204429033528], [13.233180660303915, 54.989697778421714], [13.233000661601075, 54.98745474575693], [13.228918822376315, 54.98531519234093], [13.222976415834598, 54.9843485085362]]]}}, {"type": "Feature", "properties": {"band": "light", "dbz": 30.0, "source": "OPERA-ORD", "time": "20260907002000"}, "geometry": {"type": "Polygon", "coordinates": [[[11.316675477933426, 55.001874878137045], [11.308863091446092, 55.00195898553372], [11.303039993483848, 55.00314451469514], [11.299206184046696, 55.00543146562127], [11.297361714776644, 55.008820211278675], [11.297506585673686, 55.01331075166736], [11.297651494931502, 55.01780128888988], [11.297796442550089, 55.02229182294624], [11.299859584127653, 55.025638867520016], [11.303840919664198, 55.02784242261122], [11.309740397425411, 55.028902114954846], [11.317558017411294, 55.02881794455088], [11.323384096710956, 55.02763200711125], [11.327218635324394, 55.02534430263596], [11.329061685861074, 55.02195520437828], [11.328913248320998, 55.01746471233824], [11.328764850064593, 55.01297421712056], [11.328616491091863, 55.008483718725266], [11.326552151498397, 55.005137058255386], [11.322571831284193, 55.002934235710924], [11.316675477933426, 55.001874878137045]]]}}, {"type": "Feature", "properties": {"band": "light", "dbz": 30.0, "source": "OPERA-ORD", "time": "20260907002000"}, "geometry": {"type": "Polygon", "coordinates": [[[12.62799026058486, 54.971667595952425], [12.620187322958614, 54.9718356808528], [12.614407815844112, 54.97308354011558], [12.61065173924135, 54.97541117374077], [12.60891919654765, 54.97881895346869], [12.60921018776301, 54.98330687929932], [12.611380085798983, 54.986630967465196], [12.615428890655572, 54.98879121796632], [12.62135649883243, 54.989787258869505], [12.62916291032956, 54.98961909017476], [12.634944050496927, 54.98837081718971], [12.638699919334526, 54.98604243991435], [12.640430621210362, 54.982634330258556], [12.640136156124436, 54.978146488222315], [12.6379646250356, 54.97482281377871], [12.633916027943854, 54.972663306927736], [12.62799026058486, 54.971667595952425]]]}}, {"type": "Feature", "properties": {"band": "light", "dbz": 30.0, "source": "OPERA-ORD", "time": "20260907002000"}, "geometry": {"type": "Polygon", "coordinates": [[[12.126115867047758, 54.93652652957418], [12.118318073054322, 54.9366624616036], [12.112528370429047, 54.93788651662129], [12.108746759171927, 54.940198694627256], [12.104964717465313, 54.94251075527805], [12.101182245309204, 54.944822698573674], [12.097399342568547, 54.9471345244715], [12.093616009243346, 54.94944623297154], [12.09184090561829, 54.95284668406596], [12.092074031693373, 54.957335877754765], [12.090298093966739, 54.96073621793123], [12.086513092438386, 54.963047704595354], [12.08272765982845, 54.965359073753234], [12.078941796136931, 54.96767032540488], [12.075155501228599, 54.96998145950759], [12.071368775103451, 54.97229247606137], [12.067581617626235, 54.97460337502344], [12.063794028796947, 54.97691415639382], [12.063909442009178, 54.97915876915873], [12.067927857262934, 54.98133721331817], [12.073840450181645, 54.98235988447648], [12.081647220765316, 54.98222678263365], [12.08945394274936, 54.98209318085029], [12.097260616133777, 54.98195907912639], [12.103056801848425, 54.98073603027363], [12.1068424998933, 54.978424034292004], [12.108617793567493, 54.97502346343384], [12.108382682871007, 54.97053431769915], [12.10814763429816, 54.96604516835719], [12.10791264784896, 54.96155601540798], [12.109686765861662, 54.95815533673568], [12.113469988336272, 54.9558431323403], [12.117252780043342, 54.953530810586344], [12.121035140982872, 54.951218371473836], [12.124817071290071, 54.94890581504539], [12.128598570964932, 54.94659314130102], [12.132379640142641, 54.94428035028333], [12.136160278823198, 54.941967441992325], [12.136041639633726, 54.93972288177499], [12.132023722574226, 54.93754666963131], [12.126115867047758, 54.93652652957418]]]}}, {"type": "Feature", "properties": {"band": "light", "dbz": 30.0, "source": "OPERA-ORD", "time": "20260907002000"}, "geometry": {"type": "Polygon", "coordinates": [[[11.081325785910552, 54.968253818925575], [11.073519529924097, 54.96832284217771], [11.065713249023649, 54.9683913653764], [11.057906943209208, 54.96845938852162], [11.052081371139838, 54.96963293587375], [11.04823653281554, 54.97191200743278], [11.046372469838532, 54.97529697587779], [11.046489182208816, 54.97978784120878], [11.048529184293487, 54.983139162375394], [11.052492476092546, 54.98535093937764], [11.058379015962213, 54.98642279934246], [11.066188803902492, 54.98635474226986], [11.07399856688881, 54.986286184894524], [11.081808304921163, 54.98621712721644], [11.08763510300362, 54.985042444013274], [11.091478961136184, 54.98276213528502], [11.093339922453236, 54.97937657388789], [11.09321798695478, 54.97488575982188], [11.091174992880111, 54.97153509141653], [11.087210940229223, 54.969324568671844], [11.081325785910552, 54.968253818925575]]]}}, {"type": "Feature", "properties": {"band": "light", "dbz": 30.0, "source": "OPERA-ORD", "time": "20260907002000"}, "geometry": {"type": "Polygon", "coordinates": [[[12.0180490066491, 54.921516845416306], [12.014263518750113, 54.923826101051176], [12.01047760059556, 54.926135239003855], [12.006691252185448, 54.92844425927434], [12.002793296157947, 54.92850845633202], [11.998783732513061, 54.92632783017688], [11.99477460532837, 54.924147070366054], [11.990765914603873, 54.92196617689953], [11.986867912213295, 54.92202987477063], [11.983080598156633, 54.924338163979336], [11.979292853759333, 54.926646335381484], [11.975504679021391, 54.928954388977075], [11.9697120869208, 54.93017137268122], [11.961915077457556, 54.93029728649394], [11.956121598500788, 54.93151391051785], [11.9523316500505, 54.93382124475296], [11.948541270948503, 54.93612846103383], [11.944750461194806, 54.93843555936046], [11.940959220654996, 54.94074253969002], [11.937167549329072, 54.94304940202254], [11.935379536502978, 54.94644759422968], [11.935595182176714, 54.950937116311444], [11.937707531563476, 54.95427319176299], [11.941716584663261, 54.95645582058431], [11.947622264773027, 54.957484630691674], [11.955424571892769, 54.957359622085086], [11.961221484016843, 54.95614331463703], [11.965013001145252, 54.953835708347505], [11.968804087210604, 54.9515279841193], [11.9725947422129, 54.94922014195243], [11.976384966286789, 54.94691218188967], [11.98017475943227, 54.94460410393103], [11.983964121783961, 54.94229590811929], [11.987753053341866, 54.93998759445446], [11.991652790200371, 54.93992386486744], [11.995663332359479, 54.942104719358234], [11.999674311440103, 54.944285440129526], [12.003685727442244, 54.946466027181316], [12.009591536385194, 54.94749183394427], [12.017391738268948, 54.9473628604184], [12.02318536431145, 54.946143609423956], [12.026972414512695, 54.943834080960926], [12.02875296884011, 54.94043464693802], [12.028527027293693, 54.93594530735527], [12.028301145394083, 54.93145596415527], [12.028075323141278, 54.92696661733803], [12.025957246660806, 54.92363201234678], [12.021946915952666, 54.92145214918151], [12.0180490066491, 54.921516845416306]]]}}, {"type": "Feature", "properties": {"band": "light", "dbz": 30.0, "source": "OPERA-ORD", "time": "20260907002000"}, "geometry": {"type": "Polygon", "coordinates": [[[12.591578875913596, 54.89155293290228], [12.58379128434864, 54.89171864803814], [12.578022078372342, 54.89296476885076], [12.574271257984698, 54.89529129534014], [12.572538924635788, 54.89869859835562], [12.572825078325613, 54.903186677897224], [12.571091922170398, 54.90659387373792], [12.567339456170147, 54.90892018587771], [12.563586561631297, 54.91124638255188], [12.559833238553841, 54.91357246376043], [12.5580989394842, 54.91697955659855], [12.558383664422372, 54.92146766106622], [12.560545916366447, 54.92479270452776], [12.56458569531642, 54.92695468698318], [12.568625911173983, 54.929116533481704], [12.572666563939134, 54.931278244023346], [12.576707653727196, 54.93343981856073], [12.580749180538174, 54.93560125709385], [12.586668065434825, 54.936599015712176], [12.594464308417152, 54.93643309441572], [12.60226049104779, 54.93626667404095], [12.610056613326737, 54.9360997545879], [12.615830702937611, 54.934852396469886], [12.619582759880412, 54.932524599686886], [12.621312887420975, 54.929116735548256], [12.621021085559303, 54.92462880405398], [12.620729360684036, 54.9201408685596], [12.620437712795177, 54.915652929065125], [12.618271296173067, 54.91232885868822], [12.614230110817704, 54.910168657428876], [12.610189361908988, 54.90800832009424], [12.606149049446916, 54.90584784668431], [12.603984087452986, 54.902523611407034], [12.60369447592719, 54.898035614262426], [12.601530420547238, 54.89471123060118], [12.597491921313129, 54.892550460423294], [12.591578875913596, 54.89155293290228]]]}}, {"type": "Feature", "properties": {"band": "light", "dbz": 30.0, "source": "OPERA-ORD", "time": "20260907002000"}, "geometry": {"type": "Polygon", "coordinates": [[[12.685622456668595, 54.89850103334963], [12.677833869317713, 54.898672772305424], [12.672066546833642, 54.899923346415555], [12.668320489216383, 54.902252755680024], [12.666595801657392, 54.90566137094412], [12.66689248415667, 54.910149192207825], [12.669063060137743, 54.91347228758348], [12.673107529600616, 54.91563065707108], [12.679025787249241, 54.916623929633275], [12.68681783308362, 54.916452105270096], [12.692586779134814, 54.915201117526834], [12.696332625402821, 54.91287096640349], [12.698055478045596, 54.90946202291365], [12.697755337063137, 54.9049742870573], [12.69558313751494, 54.90165160531478], [12.691538879401005, 54.899493977686085], [12.685622456668595, 54.89850103334963]]]}}, {"type": "Feature", "properties": {"band": "light", "dbz": 30.0, "source": "OPERA-ORD", "time": "20260907002000"}, "geometry": {"type": "Polygon", "coordinates": [[[12.819537999877085, 54.805576017025544], [12.811767788867659, 54.80575628040992], [12.806017726146345, 54.80701317154698], [12.802287811713148, 54.8093466904367], [12.798557471842573, 54.811680095046896], [12.79482670653462, 54.814013385377564], [12.791095515653339, 54.8163465613872], [12.787363899198727, 54.81867962307581], [12.785652613446343, 54.82208992865452], [12.785961658396186, 54.82657747812335], [12.786270784709576, 54.83106502332973], [12.78657999238651, 54.83555256427367], [12.784867583012172, 54.838962769057616], [12.78113355658656, 54.841295637681554], [12.775377803974955, 54.8425508000631], [12.767600325177357, 54.84272825620225], [12.759822782579926, 54.84290521463604], [12.752045176182662, 54.84308167536447], [12.744267506342485, 54.84325763837462], [12.736489773059395, 54.84343310366647], [12.73073207961376, 54.844686442346124], [12.726994426005586, 54.84701765441359], [12.725276919361793, 54.85042711002612], [12.725579559682386, 54.85491480918371], [12.727751888559427, 54.858236880628404], [12.731793905992914, 54.86039332436018], [12.735836358717885, 54.86254963169157], [12.739879246734334, 54.864705802622574], [12.742053033077418, 54.86802770759366], [12.742357717747142, 54.872515346604835], [12.742662482734712, 54.877002981456116], [12.74296732804013, 54.88149061214749], [12.745142573485033, 54.88481235051322], [12.749188219069415, 54.886968196553326], [12.753234300632101, 54.88912390603151], [12.757280818173093, 54.89127947894775], [12.75743379328158, 54.89352327714919], [12.753693225957562, 54.89585530063583], [12.749952230901602, 54.89818720942283], [12.7462108081137, 54.9005190035102], [12.744492760697803, 54.903928703500114], [12.744798088653914, 54.908416309392564], [12.746974992426612, 54.911737996367904], [12.751023472015891, 54.91389376442613], [12.75694341907307, 54.91488324262188], [12.76473483359814, 54.914706430955185], [12.772526183914536, 54.914529120596924], [12.780317470022256, 54.91435131154709], [12.788108691562153, 54.91417300381879], [12.79589984853423, 54.91399419741202], [12.803690940579376, 54.913814892339964], [12.811481967697597, 54.913635088602604], [12.817246689798218, 54.91237820428091], [12.820985106881231, 54.91004423937489], [12.820828512235506, 54.907800538067356], [12.816776905861037, 54.90564710035831], [12.812725735917033, 54.903493525774564], [12.808675002403497, 54.90133981431613], [12.806493596719893, 54.89801923984433], [12.806181518866223, 54.89353180235918], [12.80586952326972, 54.889044360692914], [12.805557609930387, 54.88455691484552], [12.807269726899197, 54.88114636033823], [12.811005874176143, 54.878812697171035], [12.81474159436736, 54.876478919594916], [12.818476887472848, 54.87414502760988], [12.822211753629347, 54.87181102125757], [12.825946192836858, 54.86947690053799], [12.831704477923159, 54.8682190538601], [12.839486608888247, 54.86803748122392], [12.845402382569109, 54.869022946410155], [12.849451798965745, 54.8711754494188], [12.853501650983066, 54.87332781551696], [12.857551938621075, 54.87548004470463], [12.861602661993196, 54.87763213693433], [12.865653821099428, 54.87978409220607], [12.86581275712321, 54.88202773838715], [12.86207947006454, 54.88436307547757], [12.85632010140115, 54.88562207369584], [12.848534651133047, 54.88580473304195], [12.840749135018957, 54.88598689413288], [12.832963553058883, 54.88616855696863], [12.82720276231837, 54.88742646699383], [12.823466762797416, 54.889760624208485], [12.823624055828912, 54.89200431141881], [12.827674641412855, 54.89415752862479], [12.833593588613631, 54.89514328324164], [12.841380897431236, 54.89496157526936], [12.847300679797202, 54.89594693247321], [12.851352935711528, 54.89809935485318], [12.855405627935427, 54.9002516402217], [12.859458756468896, 54.902403788578745], [12.863512321425615, 54.90455579987679], [12.867566322805581, 54.906707674115836], [12.871620760722474, 54.90885941124828], [12.875675635176293, 54.91101101127413], [12.881598255942654, 54.91199441629201], [12.889388623021558, 54.91180962630192], [12.895150688492613, 54.91054905926855], [12.898884452355814, 54.9082127151919], [12.900590028700925, 54.9048009648392], [12.90026741752795, 54.900313808210434], [12.89807878831757, 54.89699480056724], [12.894024141069792, 54.89484394190963], [12.889969930009858, 54.892692946103914], [12.885916155137771, 54.890541813150115], [12.885755408708004, 54.88829821695274], [12.889487690720557, 54.88596215751179], [12.893219545674558, 54.883625983950104], [12.896950973570007, 54.88128969626768], [12.900681974543998, 54.87895329450609], [12.904412548596529, 54.876616778665316], [12.908142695864667, 54.87428014878694], [12.911872416348409, 54.87194340487095], [12.913575448730242, 54.868531460643524], [12.913251793010168, 54.86404431610466], [12.912928222524908, 54.85955716725839], [12.912604737274464, 54.85507001410469], [12.910417641850557, 54.851751200379994], [12.906366936253196, 54.849600726084304], [12.900452506344191, 54.848618221173346], [12.892674352123546, 54.84880368564712], [12.884896131196134, 54.84898865239872], [12.877117843561955, 54.84917312142812], [12.869339489577857, 54.8493570927218], [12.861561069243841, 54.84954056627978], [12.853782582916798, 54.84972354208857], [12.846004030596726, 54.84990602014817], [12.84009142650039, 54.84892084399899], [12.83604477062779, 54.84676801364101], [12.833864174376266, 54.843447899188746], [12.833549637745824, 54.83896050064222], [12.835257568109729, 54.83554953980309], [12.838987965467975, 54.833215016671346], [12.842717936956404, 54.83088037936102], [12.846447482575012, 54.82854562787211], [12.848154292557421, 54.825134566808266], [12.847838366903627, 54.8206471961695], [12.845658528421719, 54.81732717870315], [12.841614777111694, 54.815174514409215], [12.837571459936413, 54.81302171345342], [12.833528576895876, 54.810868775835786], [12.829486127877153, 54.80871570160356], [12.82544411288025, 54.806562490756754], [12.819537999877085, 54.805576017025544]]]}}, {"type": "Feature", "properties": {"band": "light", "dbz": 30.0, "source": "OPERA-ORD", "time": "20260907002000"}, "geometry": {"type": "Polygon", "coordinates": [[[8.562692232278867, 54.65909331588378], [8.554945988761531, 54.65900107435462], [8.54719977832563, 54.65890833711418], [8.539453600971164, 54.65881510416245], [8.533603368984041, 54.65986763004759], [8.529649082364262, 54.662065914769606], [8.525694366379318, 54.66426406879255], [8.521739221029202, 54.66646209211641], [8.517783646196191, 54.66865998469561], [8.513827641880281, 54.670857746530146], [8.509871207963734, 54.6730553775744], [8.505914344446552, 54.67525287782837], [8.501957051210985, 54.67745024724644], [8.497999328257032, 54.67964748582861], [8.495937415887754, 54.68299134421002], [8.49577131410315, 54.687481822390666], [8.497584929103775, 54.69087369313916], [8.50137826088963, 54.69316695645549], [8.505254256990309, 54.69321485353879], [8.509212917405806, 54.69101738438906], [8.51317114776949, 54.68881978438851], [8.517128948081362, 54.68662205353712], [8.521086318459332, 54.68442419188058], [8.525043258903398, 54.68222619941887], [8.528999769531472, 54.68002807619764], [8.53295585034355, 54.677829822216886], [8.53683105883054, 54.677876715468784], [8.540625394992443, 54.680168755953346], [8.540544503682497, 54.68241402625057], [8.536588384900707, 54.68461252636044], [8.53263183619523, 54.6868108957262], [8.528674857566068, 54.68900913434783], [8.526614985337783, 54.69235351253522], [8.526452219510377, 54.696844030288375], [8.52439146786547, 54.70018826997999], [8.520432730403066, 54.70238623161008], [8.516473562555063, 54.70458406237444], [8.512513964321466, 54.70678176227305], [8.5124320890639, 54.70902700972031], [8.516227936782364, 54.71131980471622], [8.520024210586197, 54.71361248053756], [8.5238209104754, 54.71590503718434], [8.523738992215929, 54.718150280922224], [8.519778455807785, 54.7203482117512], [8.515817488561655, 54.722546011653776], [8.51185609047754, 54.724743680629956], [8.50979297981633, 54.72808774743557], [8.509628156578025, 54.73257821207062], [8.509463290030062, 54.73706867302797], [8.509298380172439, 54.74155913030762], [8.507233893900887, 54.74490304695654], [8.503269831215407, 54.74710042297474], [8.499305337001967, 54.74929766791416], [8.495340411260564, 54.75149478177481], [8.491375053872744, 54.75369176451082], [8.487409264838508, 54.7558886161222], [8.481543997037457, 54.75693831040418], [8.473779250469597, 54.75684084735676], [8.467913138946509, 54.75789015589339], [8.463945662468195, 54.76008623601407], [8.45997775409679, 54.762282184857014], [8.456009413832302, 54.76447800242225], [8.45204064155631, 54.76667368866382], [8.448071437268819, 54.76886924358173], [8.446000767495674, 54.772212186814855], [8.44582863223687, 54.776702518363194], [8.447641958846233, 54.78009508474488], [8.451440747323762, 54.782389885959915], [8.455239963526983, 54.78468456805483], [8.459039607455901, 54.78697913102961], [8.46283967924173, 54.78927357484146], [8.466640178884472, 54.79156789949036], [8.470525543431018, 54.79161692199412], [8.474495772881369, 54.78942064235275], [8.478465569766099, 54.787224231403336], [8.482434934085209, 54.78502768914587], [8.486403865957442, 54.78283101562635], [8.490372365382797, 54.780634210844774], [8.494340432480001, 54.77843727484708], [8.498308067249058, 54.77624020763328], [8.502275269808687, 54.77404300924932], [8.50624204015889, 54.7718456796952], [8.51020837841838, 54.76964821901683], [8.514174284587156, 54.7674506272142], [8.518139758783922, 54.76525290433323], [8.522104801008679, 54.763055050373914], [8.524169004820726, 54.75971089031472], [8.52433237022006, 54.75522042415566], [8.526395691340452, 54.75187612541504], [8.530358968181899, 54.74967799409285], [8.534241032265735, 54.7497249801615], [8.53804188359196, 54.752017083620984], [8.53986148553077, 54.75540838006066], [8.539699838082164, 54.75989886948051], [8.537636905980154, 54.76324329557443], [8.533672689224739, 54.76544165834243], [8.529708040507547, 54.767639890093406], [8.525742959828575, 54.76983799082737], [8.523678650839733, 54.77318226702882], [8.523515113541016, 54.777672718697765], [8.521449920921516, 54.78101685616455], [8.517483072981229, 54.78321467942917], [8.5135157926141, 54.78541237155453], [8.509548079820132, 54.78760993254061], [8.507481507936191, 54.79095391990005], [8.507316076962278, 54.79544433363284], [8.507150602444987, 54.79993474378552], [8.506985084384315, 54.80442515035809], [8.50880473593417, 54.80781679595559], [8.51260955709455, 54.81010968057801], [8.516414806805841, 54.81240244576123], [8.520220485068043, 54.81469509150525], [8.524026592012454, 54.81698761776711], [8.527833127639079, 54.81928002454682], [8.533624929781762, 54.82047305242922], [8.541401998440508, 54.820566701414336], [8.547274937154423, 54.81951413539651], [8.551243745923507, 54.81731535437574], [8.55521212149398, 54.81511644226271], [8.559180063865837, 54.81291739905744], [8.565051774159095, 54.81186369473525], [8.57282725237375, 54.81195532929614], [8.578619621181481, 54.81314649681958], [8.582428880582285, 54.81543719730557], [8.584254974907687, 54.81882780147281], [8.584097904157687, 54.823318309321266], [8.585924837864468, 54.82670879761142], [8.589735776028025, 54.82899926634325], [8.595530774013593, 54.83018934459936], [8.60330983182117, 54.83027903237976], [8.611088921780395, 54.83036822208891], [8.618868043891267, 54.83045691372682], [8.624664398131742, 54.83164588704557], [8.628477984501815, 54.83393514204514], [8.628401544422502, 54.83618041845835], [8.6244350778938, 54.83838171628517], [8.620468177644291, 54.84058288322083], [8.616500843673975, 54.84278391926533], [8.612533075862945, 54.844984824372645], [8.608564874211195, 54.847185598542794], [8.604596238598809, 54.849386241729746], [8.600627169025785, 54.85158675393352], [8.598564797237671, 54.85493226122123], [8.598409123234468, 54.859422763592875], [8.596345864696158, 54.862768132538314], [8.59237502162274, 54.864968368057546], [8.588403744119738, 54.86716847247099], [8.584432032187149, 54.86936844577865], [8.582367392116012, 54.8727136655247], [8.582209823906323, 54.87720413170912], [8.584038976624763, 54.880594622491834], [8.587854850271333, 54.88288513787282], [8.59365750047202, 54.884075306315374], [8.601446927226828, 54.88416512781952], [8.607327551737042, 54.883109680471215], [8.611299374002657, 54.88090896427047], [8.613362339261718, 54.87756335076636], [8.613516447514224, 54.87307283995888], [8.615578525303695, 54.86972708818615], [8.619548572630135, 54.86752609544816], [8.625426643841312, 54.86646949038199], [8.633212738937225, 54.86655727298762], [8.639014674978776, 54.86774556286436], [8.642832451965967, 54.8700343600122], [8.64275671536505, 54.872279633530894], [8.638787465176025, 54.874481383420445], [8.634817780361523, 54.876683002359], [8.63084766092155, 54.878884490346564], [8.630771884365087, 54.881129760456204], [8.634590450692139, 54.883418812687914], [8.640394543070453, 54.88460675309674], [8.648184161500026, 54.88469358168268], [8.653989133014626, 54.885881157911655], [8.657809457614249, 54.888169481783656], [8.661630213036437, 54.89045768542103], [8.665451399281192, 54.892745768823794], [8.66934668803514, 54.892788440168445], [8.673316079298283, 54.890585699454974], [8.677285035620562, 54.888382827899456], [8.681253557001975, 54.88617982550189], [8.685221643563168, 54.88397669230834], [8.68918929530414, 54.88177342831881], [8.693156512345526, 54.879570033579355], [8.697123294687328, 54.87736650808997], [8.70108964245017, 54.87516285189672], [8.70505555563405, 54.87295906499958], [8.709021034359585, 54.87075514744458], [8.712986078626777, 54.86855109923172], [8.718861832121112, 54.86748997486231], [8.726648294842592, 54.86757177433635], [8.732523196417306, 54.866510264999675], [8.736486536845256, 54.864305446852285], [8.740449443068263, 54.862100498200746], [8.74441191508633, 54.85989541904505], [8.750285576297411, 54.85883277205719], [8.758070426701504, 54.85891255723716], [8.763943236079568, 54.85784952561807], [8.7679040044316, 54.855643677199936], [8.769952683233525, 54.85229538331083], [8.770089272485341, 54.84780464395076], [8.770225825754677, 54.84331390118026], [8.770362343041528, 54.838823154999325], [8.770498824373618, 54.834332405393944], [8.770635269750946, 54.82984165236411], [8.7707716792012, 54.82535089589581], [8.770908052724385, 54.820860135989044], [8.769066254049743, 54.81747232991059], [8.765246283177275, 54.815187477660466], [8.759448188469126, 54.81400520841238], [8.75167196992529, 54.81392552216636], [8.745874749706559, 54.8127428885196], [8.742056527812927, 54.81045730747212], [8.740217255050718, 54.80706914982522], [8.74035693141993, 54.802578415578886], [8.740496571038802, 54.798087677841316], [8.740636173907335, 54.7935969366125], [8.740775740053804, 54.789106191878446], [8.740915269478208, 54.78461544363913], [8.739077588450312, 54.78122716845105], [8.73526269697012, 54.778941366314214], [8.731448233651282, 54.77665544397137], [8.7276341984938, 54.774369401422504], [8.723820591367584, 54.77208323871072], [8.720007412272633, 54.76979695583601], [8.716194661078884, 54.76751055284146], [8.71238233778633, 54.765224029727065], [8.708570442264932, 54.762937386535896], [8.704758974514686, 54.760650623267935], [8.698970412615495, 54.75946546916475], [8.691204756567357, 54.759381924226346], [8.685417066905941, 54.758196406729866], [8.681607343631246, 54.75590891667531], [8.679775535356733, 54.75251982421213], [8.679921642082402, 54.748029129340324], [8.68006771042322, 54.74353843087108], [8.680213740379186, 54.7390477288044], [8.678383141127474, 54.73565851969573], [8.674575912668082, 54.73337080354508], [8.67076911110603, 54.731082967556965], [8.666962736441315, 54.72879501173139], [8.663156788544121, 54.72650693611128], [8.659351267414454, 54.7242187406966], [8.655546172922515, 54.72193042553026], [8.651741505068305, 54.71964199061226], [8.649913785023308, 54.7162524323576], [8.650063012787527, 54.7117617507663], [8.648236128006506, 54.708372076325844], [8.644433130680245, 54.70608340903626], [8.640630559508852, 54.70379462210497], [8.636828414492323, 54.70150571553198], [8.633026695501032, 54.699216689360085], [8.629225402534981, 54.69692754358928], [8.625424535464564, 54.694638278262374], [8.621624094289778, 54.692348893379354], [8.617824078881046, 54.69005938898298], [8.614024489238364, 54.68776976507325], [8.610225325232168, 54.685480021692904], [8.606426586862463, 54.68319015884194], [8.60262827399971, 54.68090017656309], [8.598830386643904, 54.67861007485636], [8.593056546958794, 54.677419872401444], [8.585306754944375, 54.67732956919835], [8.579533784253599, 54.67613900497559], [8.575737634886469, 54.67384817973318], [8.57391825160661, 54.67045746263419], [8.57407563441403, 54.665966853678626], [8.572257082872685, 54.662576021062726], [8.568462596982585, 54.660284964786484], [8.562692232278867, 54.65909331588378]]]}}, {"type": "Feature", "properties": {"band": "light", "dbz": 30.0, "source": "OPERA-ORD", "time": "20260907002000"}, "geometry": {"type": "Polygon", "coordinates": [[[6.224439923815034, 54.788582956625255], [6.216677405055088, 54.788341040948794], [6.20891497333721, 54.78809862894676], [6.201152628661401, 54.78785572061917], [6.195225359488914, 54.788794379497546], [6.191133165819747, 54.79091460558189], [6.188875898936685, 54.794216767199075], [6.188453558839727, 54.798700864349094], [6.188031107718107, 54.80318495630132], [6.187608545571824, 54.80766904305577], [6.189233420378084, 54.811093064627094], [6.192905732136887, 54.8134570210153], [6.196578466628358, 54.81582086702342], [6.200251623852497, 54.81818460265143], [6.203925203948557, 54.82054822785899], [6.2075992069165356, 54.8229117426461], [6.211483421052832, 54.82303305371816], [6.215577846357446, 54.82091216107516], [6.21967183713615, 54.81879112796324], [6.223765393388943, 54.81666995438239], [6.227649694633269, 54.81679076869271], [6.231324740869127, 54.81915357089421], [6.235000210093441, 54.8215162625523], [6.23867610230621, 54.823878843666996], [6.244398908508856, 54.82518021823225], [6.25216862870138, 54.82542038624806], [6.258099544992676, 54.82447923395556], [6.262191657382747, 54.82235676135472], [6.2644448194282685, 54.81905333727333], [6.264859031129239, 54.81456896171137], [6.2652731339590595, 54.81008458104521], [6.265687127917728, 54.805600195274835], [6.264056405966034, 54.80217709280128], [6.260380968103981, 54.799815273624546], [6.254660960515905, 54.79851436920765], [6.246896383201808, 54.79827437955059], [6.241177269461795, 54.7969731311825], [6.237503619295867, 54.794610624103385], [6.233830391458429, 54.79224800653874], [6.230157585949481, 54.78988527848857], [6.224439923815034, 54.788582956625255]]]}}, {"type": "Feature", "properties": {"band": "light", "dbz": 30.0, "source": "OPERA-ORD", "time": "20260907002000"}, "geometry": {"type": "Polygon", "coordinates": [[[10.782404871497562, 54.85375505070227], [10.774620345462132, 54.85380490882289], [10.768803131511135, 54.854964918736286], [10.764953229644568, 54.85723508044245], [10.761102896616688, 54.859505119719536], [10.757252132427496, 54.86177503656755], [10.751433587346984, 54.86293393294886], [10.743647261375152, 54.86298180886347], [10.737827843884704, 54.86414033638833], [10.73397533487564, 54.866409515523436], [10.732089763319165, 54.86978971782477], [10.73217112921528, 54.87428094329235], [10.734179614999057, 54.8776375733395], [10.7381152206705, 54.879859607966225], [10.743977917229508, 54.880946675423615], [10.751767704676084, 54.88089877571167], [10.759557474618841, 54.880850377102604], [10.767347227057773, 54.880801479596414], [10.775136961632182, 54.8807520831967], [10.782926678342069, 54.88070218790344], [10.7887468781461, 54.87954178634716], [10.792597561044282, 54.87727087852785], [10.79447875812739, 54.873889836177305], [10.794390469395424, 54.86939865929553], [10.794302203937749, 54.86490747915393], [10.794213961754364, 54.86041629575251], [10.792201664125823, 54.857060558449334], [10.788265311052125, 54.85484026724441], [10.782404871497562, 54.85375505070227]]]}}, {"type": "Feature", "properties": {"band": "light", "dbz": 30.0, "source": "OPERA-ORD", "time": "20260907002000"}, "geometry": {"type": "Polygon", "coordinates": [[[10.71980840704885, 54.83617494230742], [10.712027198870974, 54.836220789441], [10.704245974336947, 54.83626613828612], [10.696464733446769, 54.83631098884276], [10.688683476559756, 54.83635534110765], [10.68090220367591, 54.83639919508077], [10.675084817024986, 54.83755472232325], [10.671231316606987, 54.83982192283506], [10.671268901216852, 54.842067566586614], [10.675197570854577, 54.84429165357793], [10.67912667356374, 54.84651561245526], [10.683056209344343, 54.8487394432186], [10.686986178319405, 54.85096314582265], [10.690916580488926, 54.85318672026739], [10.694847415975945, 54.855410166507454], [10.69877868478046, 54.85763348454286], [10.70271038702552, 54.85985667432823], [10.706642522711125, 54.86207973586356], [10.712501787411123, 54.863168325983075], [10.720288181125513, 54.863122444686766], [10.726107642081526, 54.86196503832129], [10.729960170279165, 54.859696106886645], [10.73184579431294, 54.856316021928166], [10.731764514182856, 54.85182478344585], [10.73168325546949, 54.847333541688656], [10.73160201817284, 54.842842296656585], [10.729595802427834, 54.83948551029057], [10.72566460823447, 54.83726318259061], [10.71980840704885, 54.83617494230742]]]}}, {"type": "Feature", "properties": {"band": "light", "dbz": 30.0, "source": "OPERA-ORD", "time": "20260907002000"}, "geometry": {"type": "Polygon", "coordinates": [[[12.913421375126987, 54.81234845836547], [12.905650236822005, 54.81253473343136], [12.899902097598043, 54.813796063394065], [12.896176957455099, 54.816132448253605], [12.894474929925883, 54.81954425765185], [12.894796015010394, 54.8240314915888], [12.896980529995119, 54.827350510100786], [12.901028474880057, 54.82950131318781], [12.906939736019927, 54.83048353101717], [12.914714313414729, 54.83029716358887], [12.920464058167479, 54.82903541772045], [12.924188970278177, 54.82669829341193], [12.925889164246513, 54.823286160470396], [12.92556464007249, 54.81879901889585], [12.923378519558977, 54.815480416289574], [12.919330802705977, 54.81333035265154], [12.913421375126987, 54.81234845836547]]]}}, {"type": "Feature", "properties": {"band": "light", "dbz": 30.0, "source": "OPERA-ORD", "time": "20260907002000"}, "geometry": {"type": "Polygon", "coordinates": [[[6.510132931176622, 54.72519618760347], [6.502381084452173, 54.724972588302364], [6.4946293178999825, 54.724748493344684], [6.48687763152005, 54.724523902730425], [6.480966471964077, 54.72547658178899], [6.476895839232064, 54.72760653052038], [6.474665596274708, 54.73091411688603], [6.474275743092009, 54.73539934088591], [6.472044589772864, 54.7387067716745], [6.46797213631727, 54.74083640925178], [6.462058520261715, 54.74178788548369], [6.454303741606198, 54.74156120037024], [6.446549044306391, 54.74133401940593], [6.438794428362295, 54.741106342590776], [6.431039894125771, 54.740878169941325], [6.423285441596822, 54.74064950145758], [6.415531071127256, 54.740420337156195], [6.407776782717073, 54.740190677037155], [6.402060733970048, 54.73889701237053], [6.39838292488618, 54.73653934315632], [6.3947055371661605, 54.734181562979515], [6.391028570809988, 54.73182367184012], [6.385313962265943, 54.73052893323477], [6.377561711534026, 54.73029734716347], [6.371647090514255, 54.731244678060975], [6.367570099206631, 54.73337092592728], [6.363492675550905, 54.73549703422272], [6.359414819547077, 54.73762300294727], [6.355336531086799, 54.73974883205321], [6.351257810170067, 54.74187452154054], [6.3490164826624715, 54.745179741154764], [6.348612548564011, 54.7496644908959], [6.350248829121332, 54.75308642474187], [6.353925324334436, 54.75544554269268], [6.357602241318193, 54.75780454978521], [6.361279580072603, 54.760163446019476], [6.362916925327466, 54.76358528763764], [6.362514277082783, 54.76807007463969], [6.360272104297414, 54.771375384712236], [6.35619040697136, 54.773501217855284], [6.3521082762818875, 54.775626911239456], [6.3480257122289965, 54.77775246486474], [6.347823801506554, 54.77999483634151], [6.35150254411456, 54.78235402566975], [6.357223086019672, 54.783650081632345], [6.364985427221889, 54.7838830042293], [6.372747851869714, 54.78411543044949], [6.380510359963145, 54.78434736029293], [6.388272951149148, 54.78457879374269], [6.396035625427722, 54.784809730798756], [6.403798382445778, 54.78504017144431], [6.411561222203313, 54.785270115679324], [6.417482425430562, 54.78432113824432], [6.42156199212752, 54.78219323913932], [6.425641125304914, 54.78006520053089], [6.429719824962742, 54.777937022419046], [6.433600940169505, 54.7780512357578], [6.437284470925206, 54.780407840547134], [6.440968424311154, 54.78276433409195], [6.444652800327351, 54.78512071639226], [6.4483375991118965, 54.78747698740749], [6.45202282066479, 54.78983314713767], [6.455708465124162, 54.792189195542214], [6.459394532490013, 54.794545132621124], [6.4630810229005045, 54.79690095833382], [6.4667679363556365, 54.79925667268029], [6.470455272993604, 54.801612275619945], [6.474143032814407, 54.803967767152784], [6.479870455052061, 54.805258058442824], [6.487637539706567, 54.80548314949007], [6.493559887001455, 54.804530466900985], [6.497637496936725, 54.802400010675576], [6.501714672853455, 54.80026941518063], [6.505791414751647, 54.79813868041615], [6.511712631793508, 54.797184837414505], [6.51947832397904, 54.79740788617569], [6.527244096140999, 54.7976304382719], [6.535009948279382, 54.79785249370314], [6.5409300341723196, 54.796897490661735], [6.545004353819811, 54.79476542914768], [6.547232772046618, 54.79145667801943], [6.547615288852738, 54.78697123727698], [6.549842794698596, 54.783662331002624], [6.5539152895841895, 54.78152995919636], [6.559832908197745, 54.78057375317337], [6.567595650539261, 54.780793712933665], [6.573512446929951, 54.779837106133805], [6.577583297369815, 54.777703932773804], [6.579808068095653, 54.77439456155567], [6.580186759107465, 54.7699089924794], [6.578530880964895, 54.76649003718735], [6.57484043366794, 54.76413769567951], [6.569115550847595, 54.76285159944349], [6.5613562325038615, 54.762631748479286], [6.555441282232877, 54.763588041085015], [6.551370700034642, 54.7657204772607], [6.547299684702726, 54.767852774488134], [6.54322823623713, 54.76998493276734], [6.537312155569, 54.77094006658771], [6.529551442698336, 54.770718175949256], [6.523827309910176, 54.76943023361471], [6.520139757204519, 54.76707623958407], [6.516452626967683, 54.76472213404161], [6.5127659191996665, 54.76236791698734], [6.509079633762839, 54.76001358846181], [6.5053937706572, 54.75765914846503], [6.505586815657717, 54.755416479592924], [6.509658768764387, 54.753285581845475], [6.515573311241596, 54.75233151948881], [6.523330443089341, 54.75255429252293], [6.529244165248917, 54.75159982935782], [6.5333144777203245, 54.749468129993474], [6.537384357519814, 54.747336291689564], [6.541453804647386, 54.74520431444609], [6.545522819212348, 54.743072198310685], [6.549591401214699, 54.74093994328335], [6.54978253506696, 54.73869720957343], [6.5460962207691304, 54.73634399718094], [6.5403761271038565, 54.735056555319524], [6.532622254071139, 54.73483488398917], [6.526903048882646, 54.73354709640655], [6.523218511538376, 54.73119319257164], [6.519534395784392, 54.72883917730414], [6.515850701620695, 54.72648505060406], [6.510132931176622, 54.72519618760347]]]}}, {"type": "Feature", "properties": {"band": "light", "dbz": 30.0, "source": "OPERA-ORD", "time": "20260907002000"}, "geometry": {"type": "Polygon", "coordinates": [[[6.19676035242254, 54.751739167628514], [6.189005021405556, 54.75149550781789], [6.181249777857306, 54.75125135220449], [6.173494621777789, 54.751006700788295], [6.165739553518463, 54.75076155358712], [6.157984573079329, 54.75051591060096], [6.1502296808117904, 54.75026977184769], [6.142474876715845, 54.750023137327325], [6.136551777019928, 54.75095895153536], [6.132460381724039, 54.7530772144718], [6.132246720996311, 54.755319180437674], [6.135910794836744, 54.75768484943296], [6.139575289859039, 54.760050408408205], [6.1432402060631945, 54.762415857363415], [6.146905543587982, 54.76478119625844], [6.150571302433401, 54.76714642509329], [6.15628338062198, 54.76845192174133], [6.164041778153718, 54.76869768620257], [6.169754749258363, 54.77000283990249], [6.173422293935916, 54.77236738284107], [6.177090260270223, 54.774731815577866], [6.1807586482612855, 54.77709613811288], [6.186473071672053, 54.77840021968598], [6.1942335305025225, 54.77864406029718], [6.201994076658256, 54.77888740472248], [6.2097547101392525, 54.77913025296185], [6.217515430593101, 54.77937260499762], [6.225276238019803, 54.77961446082976], [6.231201053424821, 54.77867459150764], [6.235289876808154, 54.776552997031246], [6.237542561098219, 54.77325004567245], [6.237959106295017, 54.768765737431266], [6.236332094869777, 54.765342256231605], [6.232661526822499, 54.762979602073486], [6.226947549079486, 54.76167740687416], [6.219190161640739, 54.761435670633624], [6.213477076005052, 54.76013313203393], [6.209808292172426, 54.75776979107507], [6.206139929674842, 54.75540633983018], [6.202471988512302, 54.753042778299275], [6.19676035242254, 54.751739167628514]]]}}, {"type": "Feature", "properties": {"band": "light", "dbz": 30.0, "source": "OPERA-ORD", "time": "20260907002000"}, "geometry": {"type": "Polygon", "coordinates": [[[8.902798497981959, 54.76260359475762], [8.898854235397986, 54.76481388704387], [8.896821011498938, 54.76816450796923], [8.896698826284819, 54.7726554575337], [8.894664724649406, 54.77600594276706], [8.890718706592702, 54.778215963669304], [8.886772256621791, 54.780425854936794], [8.882825374736674, 54.78263561656955], [8.87887806081688, 54.78484524852196], [8.874930314862407, 54.78705475079404], [8.870982136752776, 54.789264123340196], [8.867033526487983, 54.7914733661604], [8.866971061829235, 54.793718818987756], [8.870794742776528, 54.79600048182223], [8.874618852648496, 54.7982820238459], [8.878443391445138, 54.80056344505877], [8.882268359296248, 54.80284474541752], [8.886093756201825, 54.80512592492214], [8.889980803624466, 54.80516152259274], [8.89392950156417, 54.802951538429326], [8.89596503964821, 54.79960108197073], [8.896087417876586, 54.795110153216946], [8.898122076825997, 54.79175956099133], [8.902069016496442, 54.789549305293896], [8.906015524038938, 54.78733891999353], [8.909961599453485, 54.785128405090234], [8.911994901469367, 54.78177766764999], [8.912115430086583, 54.777286707672786], [8.912235927011755, 54.77279574421779], [8.912356392244883, 54.768304777285024], [8.910505125964571, 54.7649190825176], [8.906682128170821, 54.762638659915524], [8.902798497981959, 54.76260359475762]]]}}, {"type": "Feature", "properties": {"band": "light", "dbz": 30.0, "source": "OPERA-ORD", "time": "20260907002000"}, "geometry": {"type": "Polygon", "coordinates": [[[11.229776128459314, 54.715286785007905], [11.222018763755125, 54.71536526147533], [11.216234184463566, 54.71654664814602], [11.212422390584635, 54.71883094502002], [11.210583429462687, 54.72221852180131], [11.210717301097723, 54.726709378489915], [11.212757927250143, 54.73005807713323], [11.216705307919947, 54.732264617731246], [11.220653119461002, 54.73447102841359], [11.22460136187331, 54.736677309180244], [11.224668779585372, 54.73892272733882], [11.220855372597189, 54.74120728288929], [11.21704153824024, 54.743491718147204], [11.213227276514528, 54.74577603311257], [11.211387187072352, 54.749163608219256], [11.211521269913712, 54.753654443467276], [11.211655388010266, 54.75814527516991], [11.211789541362014, 54.76263610332714], [11.213832096689421, 54.76598476133807], [11.21778305399249, 54.76819124920269], [11.221734443074176, 54.77039760703227], [11.225686263934477, 54.77260383482684], [11.229638516693296, 54.774809932540705], [11.233591201350633, 54.77701590017388], [11.239452208374146, 54.77807908034456], [11.247221537763842, 54.777999473052745], [11.253013664609764, 54.776816891803], [11.256828588911914, 54.77453133659534], [11.258666359710364, 54.77114317781931], [11.258526977005117, 54.766652415474915], [11.260363908292987, 54.763264139704575], [11.264177153573979, 54.76097835050828], [11.267989971142871, 54.75869244115504], [11.271802360999661, 54.75640641164484], [11.273638078972697, 54.75301801863584], [11.273497125061976, 54.748527262128064], [11.27335620818336, 54.74403650203954], [11.273215328336844, 54.73954573837029], [11.271169522955438, 54.736197976155424], [11.26721879203914, 54.73399321539494], [11.263268492031177, 54.73178832453498], [11.259318622931552, 54.72958330357555], [11.255369184620942, 54.72737815256221], [11.251420177099348, 54.72517287149494], [11.247471600247458, 54.72296746041934], [11.24352345406527, 54.72076191933539], [11.239575738433485, 54.71855624828861], [11.235628453352101, 54.716350447279], [11.229776128459314, 54.715286785007905]]]}}, {"type": "Feature", "properties": {"band": "light", "dbz": 30.0, "source": "OPERA-ORD", "time": "20260907002000"}, "geometry": {"type": "Polygon", "coordinates": [[[6.282542117650523, 54.664458203908836], [6.274802964242821, 54.664220091071954], [6.267063895867837, 54.663981483558636], [6.259324912525571, 54.663742381368884], [6.253417210488504, 54.66468397723701], [6.249340789756634, 54.666806271163004], [6.247095505005303, 54.67010963014057], [6.246681356234511, 54.67459405416974], [6.248306268003224, 54.678017360808454], [6.251970240311444, 54.68037955005673], [6.2576734186269185, 54.68168025473277], [6.265415802949651, 54.681919474836576], [6.271119868932242, 54.6832198364984], [6.274785616574691, 54.685581339718254], [6.276412901165726, 54.68900435172317], [6.2760017227053435, 54.693488872513136], [6.275590436453844, 54.69797338803386], [6.275179042411226, 54.70245789828532], [6.276807382876504, 54.70588081875251], [6.280475457849678, 54.708242149435435], [6.284143953214616, 54.710603369662806], [6.287812868971316, 54.71296447943462], [6.291482205257525, 54.715325478710696], [6.295151962073241, 54.71768636749104], [6.299026347211977, 54.717804842479794], [6.303105360673732, 54.71568090367695], [6.305348967992566, 54.71237662580767], [6.305757169168478, 54.707892008871966], [6.3061652633585865, 54.70340738671133], [6.306573250562892, 54.698922759325775], [6.306981130863287, 54.69443812670257], [6.3073889042597715, 54.689953488841724], [6.305758981472588, 54.686530883985824], [6.302091362501736, 54.68417031213489], [6.298424163325451, 54.68180962982514], [6.294757383943732, 54.67944883705657], [6.293128517801958, 54.67602614040394], [6.293537564900129, 54.67154153986724], [6.291909489925504, 54.66811874478099], [6.288244292878084, 54.66575775514519], [6.282542117650523, 54.664458203908836]]]}}, {"type": "Feature", "properties": {"band": "light", "dbz": 30.0, "source": "OPERA-ORD", "time": "20260907002000"}, "geometry": {"type": "Polygon", "coordinates": [[[6.465185950703265, 54.70590634787894], [6.457437998632869, 54.70567988658644], [6.451528889636247, 54.70663113983465], [6.4474586237133975, 54.70876010762355], [6.445227062834912, 54.712067157665615], [6.444834207000792, 54.71655228996084], [6.446477336937992, 54.71997296641851], [6.450156452646511, 54.722329187038646], [6.455871692291862, 54.72362058391997], [6.463623055874043, 54.72384715706247], [6.46953400830253, 54.722895591916966], [6.47360454957732, 54.72076588848345], [6.475834542376036, 54.71745841469408], [6.476223986698679, 54.71297317054886], [6.474579013329616, 54.70955280598848], [6.470899622268847, 54.70719732101295], [6.465185950703265, 54.70590634787894]]]}}, {"type": "Feature", "properties": {"band": "light", "dbz": 30.0, "source": "OPERA-ORD", "time": "20260907002000"}, "geometry": {"type": "Polygon", "coordinates": [[[9.041958954927404, 54.70875571148423], [9.03420245216528, 54.70869413399437], [9.028358073319538, 54.70977054691094], [9.024425818390178, 54.71198495023394], [9.020493133367104, 54.714199224664604], [9.016560018250317, 54.716413370202936], [9.012626472919436, 54.71862738680368], [9.008692497374462, 54.720841274466835], [9.006670581894017, 54.72419376875058], [9.006560726478103, 54.72868486965492], [9.008418716692042, 54.73206903456322], [9.012244552535833, 54.73434626347549], [9.016070816031075, 54.73662337119713], [9.019897507177763, 54.738900357728156], [9.019842965430552, 54.74114590682285], [9.015907190789445, 54.74336001848122], [9.011970985255264, 54.7455740011141], [9.008034348828009, 54.747787854721494], [9.006011016239, 54.7511403214557], [9.005900987488236, 54.755631401316705], [9.005790929803895, 54.760122477698644], [9.005680843185974, 54.76461355060151], [9.007540378397225, 54.76799771021933], [9.011369535437648, 54.770274956552136], [9.017168352997642, 54.77144491918484], [9.024936831077207, 54.77150759811745], [9.030789870527268, 54.77043164612264], [9.034727471347827, 54.76821706320041], [9.038664640730563, 54.766002351271496], [9.042601378675478, 54.763787510335895], [9.048453171063285, 54.76271042710145], [9.056220017893981, 54.76277110156817], [9.063986886330754, 54.76283127879113], [9.071753776373603, 54.76289095877034], [9.077604320946948, 54.76181274469943], [9.081538520050788, 54.759596636578394], [9.083556337699967, 54.7562430047471], [9.083657773894481, 54.75175184920554], [9.081792969836787, 54.748368755012315], [9.077961925526882, 54.74609372216742], [9.074131309222823, 54.743818567860636], [9.070301120924608, 54.74154329209197], [9.06843754997221, 54.73816007679163], [9.068540596365624, 54.73366892195962], [9.066677868830778, 54.73028558719228], [9.062849367367669, 54.728010072489596], [9.059021293429165, 54.72573443643694], [9.055193647015265, 54.7234586790343], [9.053332150367094, 54.720075223322276], [9.053436803484649, 54.71558406930086], [9.051576149109687, 54.71220049427491], [9.047750187242208, 54.709924498244405], [9.041958954927404, 54.70875571148423]]]}}, {"type": "Feature", "properties": {"band": "light", "dbz": 30.0, "source": "OPERA-ORD", "time": "20260907002000"}, "geometry": {"type": "Polygon", "coordinates": [[[8.784958118568824, 54.48183604261276], [8.777245021228046, 54.48175806694562], [8.769531951580243, 54.481679597911764], [8.761818909625418, 54.48160063551119], [8.754105895711415, 54.48152117974956], [8.746392909838235, 54.481441230626885], [8.740573487408131, 54.482503829161416], [8.736647628421101, 54.484708975353136], [8.734615284461412, 54.48805703623084], [8.734476455529064, 54.49254801179454], [8.73433759035005, 54.49703898338531], [8.73419868892437, 54.501529951003164], [8.736024004286968, 54.504918362376316], [8.739813536437842, 54.507204217504764], [8.74360349008285, 54.50948995315714], [8.747393865221989, 54.511775569333466], [8.747324783591859, 54.5140210521666], [8.743396245192463, 54.51622640165655], [8.737572126080865, 54.51728856873729], [8.729852426257068, 54.5172075534088], [8.724027472331793, 54.51826933917998], [8.720097264305037, 54.52047392605083], [8.718061753017126, 54.52382168144689], [8.717920938468062, 54.52831260536817], [8.719746075575284, 54.531701245901424], [8.723537164338794, 54.533987603046626], [8.727328675221584, 54.53627384070415], [8.73112060822365, 54.53855995887397], [8.732946942362997, 54.54194848211333], [8.732807677639624, 54.546439410422245], [8.732668376503177, 54.55093033484228], [8.732529038953658, 54.55542125537343], [8.732389664963232, 54.55991217202971], [8.732250254531902, 54.56440308481113], [8.730213216017177, 54.56775092240464], [8.726278549419053, 54.56995568481025], [8.72234345594963, 54.57216031759093], [8.718407935608903, 54.574364820746666], [8.716369546940363, 54.57771251096149], [8.716228289944013, 54.58220338823539], [8.714189030544308, 54.58555094178925], [8.710251768741248, 54.58775517162305], [8.706314079607859, 54.589959271711955], [8.702375963144144, 54.59216324205595], [8.700335351263348, 54.595510648023705], [8.70019224396547, 54.600001489615224], [8.700049099196214, 54.60449232739097], [8.699905916955583, 54.60898316135096], [8.699762697214881, 54.61347399150919], [8.699619439974114, 54.617964817865634], [8.701446981669394, 54.62135368330206], [8.705245322300723, 54.623640587818464], [8.711014512058602, 54.62482516279171], [8.718754550943036, 54.624907408221794], [8.726494618930627, 54.62498915835933], [8.734234716021373, 54.625070413204284], [8.740005240859261, 54.62625388793592], [8.74380619344429, 54.6285395825542], [8.747607570522257, 54.630825157338975], [8.751409372093168, 54.63311061229025], [8.755211598285463, 54.635395947365296], [8.759014249099147, 54.63768116256412], [8.758945512872174, 54.63992660147709], [8.755005389604541, 54.642132264104205], [8.751064837697125, 54.644337796990854], [8.747123857149925, 54.646543200137046], [8.745084149622173, 54.64989133008985], [8.74494571511387, 54.654382186849276], [8.746778624797154, 54.65777035191484], [8.750582878672022, 54.660055825286555], [8.754387557835315, 54.66234117870893], [8.758192662287035, 54.664626412181946], [8.761998192155943, 54.6669115256628], [8.765804147442038, 54.66919651915147], [8.769610528274107, 54.67148139260512], [8.773417334652146, 54.673766146023766], [8.777224566704962, 54.676050779364516], [8.781032224432554, 54.67833529262739], [8.786811338652061, 54.679516252691485], [8.794561909363479, 54.6795936595568], [8.800341890893614, 54.680774256221305], [8.804151283242467, 54.68305804268499], [8.80796110155832, 54.68534170892367], [8.811771345841176, 54.68762525493734], [8.817552663526897, 54.68880474857551], [8.825305054615486, 54.688880189838194], [8.831087239806664, 54.69005931974296], [8.83489921910043, 54.69234213828979], [8.83483454625527, 54.69458760282534], [8.830893221271177, 54.69679571334959], [8.825045507188234, 54.69786203866236], [8.81729140400644, 54.69778657876363], [8.811508819564164, 54.69660707292344], [8.807697753861405, 54.69432352114178], [8.803887114348857, 54.69203984911057], [8.800076901026518, 54.68975605682981], [8.794295653455316, 54.68857544769895], [8.786543371635249, 54.68849802171799], [8.778791117663742, 54.68842009956586], [8.771038891540798, 54.68834168124258], [8.765258981460905, 54.687159969245755], [8.761451387424065, 54.68487496357538], [8.757644219250155, 54.68258983786397], [8.753837476939172, 54.68030459211154], [8.750031160362159, 54.67801922636094], [8.746225269519115, 54.67573374061217], [8.742419804281102, 54.67344813490809], [8.73861476464812, 54.67116240924871], [8.734740005803161, 54.671121974661595], [8.730795527746226, 54.67332683114675], [8.726850620243521, 54.67553155769588], [8.722905283295045, 54.677736154308974], [8.718959516782078, 54.67994062094059], [8.715013320704621, 54.68214495759074], [8.71296914866202, 54.685492519417615], [8.712827000654281, 54.68998330642123], [8.71078195233484, 54.69333073128134], [8.706834003703692, 54.69553479399794], [8.700983205017074, 54.696595125127935], [8.693229556274986, 54.69651172467132], [8.687377914419848, 54.6975716723875], [8.683428279451661, 54.69977496827647], [8.681380600234474, 54.70312198178395], [8.68123487676829, 54.70761271290995], [8.681089115035, 54.712103440382535], [8.680943315034604, 54.71659416420171], [8.682773636753272, 54.719983257513185], [8.686580080191007, 54.722270720316956], [8.690386950338059, 54.724558063246135], [8.694194247194432, 54.72684528630073], [8.698001970889802, 54.72913238943781], [8.70181012142417, 54.73141937265738], [8.70561869892724, 54.733706235916486], [8.709427703399014, 54.73599297921514], [8.713237134969212, 54.73827960251038], [8.71704699363784, 54.7405661058022], [8.722833092581906, 54.74175011548775], [8.730595431801412, 54.741831631567045], [8.738357800070602, 54.7419126507567], [8.746120197389475, 54.74199317305674], [8.753882623402115, 54.74207319846128], [8.761645078108518, 54.7421527269703], [8.767432992999415, 54.74333489233323], [8.771246368074802, 54.745619694550044], [8.773085155274037, 54.749007503624284], [8.772949354597117, 54.75349831955595], [8.77478898097877, 54.756886011424825], [8.778604034418997, 54.75917057923091], [8.784394562669599, 54.76035165277355], [8.792160565730573, 54.760429232052765], [8.798018182715083, 54.75936451782691], [8.801967413623125, 54.75715751009599], [8.80591621311218, 54.75495037246687], [8.809864581182246, 54.75274310493954], [8.813812517953185, 54.75053570755958], [8.817760023424992, 54.748328180326986], [8.821707097717516, 54.74612052328732], [8.825653740830756, 54.743912736440556], [8.831508427869956, 54.74284612270861], [8.839271158835116, 54.742920682091466], [8.845061426810213, 54.74409914412055], [8.84887923179525, 54.74638150879585], [8.850724528756313, 54.74976814616101], [8.8505973176934, 54.754259056216036], [8.852443455192438, 54.75764557577342], [8.856262941253426, 54.75992770483316], [8.862055820598346, 54.76110507315482], [8.869822093227201, 54.76117768073841], [8.877588391743013, 54.76124979113624], [8.885354716145784, 54.76132140434831], [8.891209995274352, 54.760252188233714], [8.89515422912872, 54.758042142792476], [8.899098031643478, 54.755831967821265], [8.903041402818626, 54.7536216633201], [8.90698434277444, 54.751411229334444], [8.910926851510913, 54.74920066586431], [8.912958243565669, 54.745849890145166], [8.913078518938702, 54.741358902177026], [8.911228398590447, 54.73797320457976], [8.907407882520902, 54.73569279735338], [8.901617013308792, 54.734517310526684], [8.893855790954118, 54.734446744099685], [8.888065790877175, 54.73327089249467], [8.884247013077964, 54.73098975571163], [8.880428662534825, 54.728708498273235], [8.876610739247763, 54.72642712017946], [8.872730595423768, 54.72639109618939], [8.868788231062847, 54.72860042630303], [8.86484543601521, 54.73080962685286], [8.860902210280862, 54.73301869783887], [8.857022092449577, 54.732982177095785], [8.853205082521358, 54.73070006462359], [8.851360082894484, 54.72731354270043], [8.851487093568958, 54.7228226113263], [8.84964293316968, 54.719435971641104], [8.845827601696648, 54.71715362364483], [8.842012697058594, 54.71487115518398], [8.838198219255517, 54.712588566258525], [8.83826210307343, 54.710343099751064], [8.84220434851233, 54.7081347556616], [8.846082725140828, 54.70817175485413], [8.849897232958917, 54.71045409732866], [8.8537121675172, 54.712736319320214], [8.857527528815675, 54.7150184208288], [8.861405931750596, 54.71505492351903], [8.865347376321965, 54.71284582739091], [8.869288390659033, 54.710636601758154], [8.8732289747618, 54.70842724662077], [8.877107403648079, 54.708463252803384], [8.880923677317872, 54.710744620305995], [8.882770056629244, 54.71413079125093], [8.882646541582199, 54.71862176563818], [8.884493760223675, 54.72200781859561], [8.888311712553676, 54.724288950123196], [8.894100441946382, 54.725464790376094], [8.901859948401794, 54.725535339354316], [8.90764954647021, 54.726710814912735], [8.911469236151634, 54.72899121705136], [8.915289353156677, 54.73127149841163], [8.919109897485338, 54.73355165899355], [8.92293086926653, 54.735831698753934], [8.926752268500252, 54.73811161769278], [8.93057409531543, 54.740391415766894], [8.934396349712063, 54.74267109297626], [8.940189020820338, 54.74384473265761], [8.947952108640251, 54.74391233481094], [8.955715220525324, 54.74397943999901], [8.963478356475553, 54.744046048221804], [8.971241516134777, 54.74411215947446], [8.97900469950299, 54.74417777375699], [8.984855014247234, 54.74310402992004], [8.988792460367508, 54.740890927963605], [8.990816998302408, 54.73753883798291], [8.990928628051938, 54.73304775997795], [8.991040228483886, 54.72855667844739], [8.99115179959825, 54.724065593391245], [8.991263341417543, 54.71957450479544], [8.991374853941767, 54.71508341265998], [8.993397572081866, 54.71173116927804], [8.997331495837843, 54.70951777464961], [9.001264989591082, 54.70730425105163], [9.00519805334158, 54.7050905984841], [9.009130687209563, 54.70287681699225], [9.01306289119503, 54.7006629065761], [9.016994665418185, 54.69844886728085], [9.020926009879034, 54.69623469910652], [9.02294563850285, 54.69288204255682], [9.023053551289639, 54.688390897631734], [9.023161435769005, 54.683899749119206], [9.023269291940952, 54.67940859701922], [9.023377119827183, 54.674917441317696], [9.023484919427702, 54.67042628201465], [9.025502736266954, 54.66707347251557], [9.02943057034494, 54.664859012820465], [9.033357975576843, 54.66264442442412], [9.03728495196266, 54.66042970732653], [9.039301429157174, 54.65707675423555], [9.039407407160388, 54.652585565151156], [9.039513357390446, 54.64809437242714], [9.039619279847345, 54.64360317606349], [9.039725174552366, 54.63911197604614], [9.039831041505508, 54.63462077237507], [9.039936880728021, 54.63012956503622], [9.040042692219906, 54.62563835402959], [9.040148476002393, 54.621147139341076], [9.040254232075483, 54.6166559209707], [9.040359960460382, 54.61216469890438], [9.040465661157095, 54.6076734731421], [9.038610929159258, 54.60428964168406], [9.034795764466871, 54.60201320453025], [9.030981024111263, 54.599736646499295], [9.027166708092432, 54.59745996759118], [9.023352816283337, 54.59518316784885], [9.019539348683976, 54.592906247272296], [9.01376551085913, 54.591736106994674], [9.0060313028088, 54.59167274701596], [8.998297117446375, 54.59160889213741], [8.990562954771859, 54.59154454235901], [8.984790437503982, 54.59037329941148], [8.980979565642741, 54.588095163294824], [8.977169117672164, 54.5858169065517], [8.973359093592245, 54.58353852918212], [8.969549493275894, 54.581260031228936], [8.965740316723108, 54.57898141269213], [8.963892719457705, 54.57559651487605], [8.964006701479686, 54.57110533778068], [8.962159937929695, 54.567720321623774], [8.958352428807732, 54.565441466405325], [8.954545342974049, 54.56316249071358], [8.950738680428646, 54.560883394548526], [8.948893129877511, 54.557498258536896], [8.949008691320643, 54.5530070826787], [8.947163973357146, 54.54962182847653], [8.943358975987017, 54.54734249593041], [8.937593739907769, 54.54616871719962], [8.929868265119394, 54.54610049228417], [8.924103888336472, 54.54492635027811], [8.920300609558998, 54.54264629118145], [8.918458387272592, 54.539260682811616], [8.918577221477253, 54.5347695251686], [8.916735830388324, 54.53138379887737], [8.91293421400581, 54.52910350393792], [8.90913301992985, 54.526823088805955], [8.905332248160446, 54.524542553481474], [8.901531898570884, 54.52226189800709], [8.897731971161162, 54.519981122382795], [8.891971888461804, 54.51880516555213], [8.88425165047281, 54.51873402751509], [8.878492426110302, 54.51755770802958], [8.87469421537428, 54.51527620709561], [8.870896426531363, 54.51299458615761], [8.867099059581552, 54.51071284521558], [8.86134115531259, 54.5095354269293], [8.85362271372448, 54.50946233129876], [8.84590429815154, 54.509388741911074], [8.838185908593768, 54.50931465876625], [8.832429325032578, 54.50813614209862], [8.828634547467974, 54.5058531919082], [8.824840191475715, 54.503570121920134], [8.821046257055805, 54.50128693213442], [8.815290994814982, 54.50010731750503], [8.807574404753247, 54.50003127803194], [8.801820000599154, 54.498851301532184], [8.798027782352708, 54.496567388005744], [8.79619770392009, 54.493179904702444], [8.796329765301294, 54.48868885162226], [8.794500513803728, 54.48530125142321], [8.790709949427384, 54.48301710410529], [8.784958118568824, 54.48183604261276]]]}}, {"type": "Feature", "properties": {"band": "light", "dbz": 30.0, "source": "OPERA-ORD", "time": "20260907002000"}, "geometry": {"type": "Polygon", "coordinates": [[[11.139160467634458, 54.73526416901758], [11.13534260307188, 54.737546040338685], [11.13349638432367, 54.740932443604564], [11.13362181138983, 54.745423378815204], [11.13374727142858, 54.749914310491604], [11.133872764439925, 54.75440523863376], [11.135908461470132, 54.75775521937567], [11.139854362519205, 54.75996425271733], [11.14571042311458, 54.761031968416], [11.153476643256257, 54.76095836647167], [11.159269053430556, 54.759780256966565], [11.163087653637476, 54.757497639900684], [11.164932489205025, 54.754110885506726], [11.164803560133203, 54.749619993784684], [11.162766189950759, 54.74627040139484], [11.158820378657696, 54.74406210833721], [11.154874998411001, 54.741853685579336], [11.150930049210675, 54.73964513312123], [11.146985530936819, 54.73743645100839], [11.143041443589437, 54.73522763924081], [11.139160467634458, 54.73526416901758]]]}}, {"type": "Feature", "properties": {"band": "light", "dbz": 30.0, "source": "OPERA-ORD", "time": "20260907002000"}, "geometry": {"type": "Polygon", "coordinates": [[[6.75062602802301, 54.63297698045905], [6.7428906043138905, 54.63276882027317], [6.735155254847501, 54.63256016553133], [6.727419979623843, 54.63235101623353], [6.719684778992116, 54.63214137239488], [6.711949652952324, 54.63193123401538], [6.706057414872273, 54.63289496867153], [6.702008064751963, 54.6350325763633], [6.697958284820567, 54.637170046166624], [6.693908075078086, 54.639307378081504], [6.688014707886287, 54.64026995968875], [6.68027818324517, 54.640057790988365], [6.674383999022188, 54.641019974252174], [6.670332155217345, 54.643156509480185], [6.666279881389934, 54.64529290666506], [6.662227177539955, 54.64742916580683], [6.6581740435584065, 54.64956528685824], [6.654120479445289, 54.651701269819306], [6.651909040252997, 54.65501221679332], [6.6515397259815305, 54.65949812778027], [6.649327382817379, 54.662808920909136], [6.645272010760544, 54.66494459617992], [6.641216208129068, 54.66708013323163], [6.63715997492295, 54.66921553206425], [6.633103311033116, 54.67135079263047], [6.629046216459564, 54.673485914930296], [6.625175244504832, 54.6733780064586], [6.621490395168919, 54.67102706721538], [6.621676474173805, 54.66878415894727], [6.625733481519491, 54.66664928165428], [6.629790058297605, 54.66451426608183], [6.633846204508146, 54.662379112229935], [6.636059785237615, 54.659068606273465], [6.636430800486012, 54.654582748212405], [6.634774593090635, 54.65116449362797], [6.631091163051485, 54.64881384252014], [6.625380640871019, 54.64753042762056], [6.617643026549238, 54.64731424892922], [6.60990548938467, 54.647097575562555], [6.6021680293773155, 54.646880407520555], [6.596270970978031, 54.647838772337856], [6.592214314186816, 54.649972670014456], [6.589997927067753, 54.65328246776674], [6.589621809620841, 54.65776816559471], [6.58740451779464, 54.661077808989255], [6.583346051589152, 54.66321139795038], [6.5792871548381395, 54.66534484845101], [6.575227827541603, 54.66747816049115], [6.573009056906349, 54.670787628401754], [6.572630842932378, 54.67527325218284], [6.572252529834649, 54.679758870945605], [6.571874117613163, 54.68424448469007], [6.57352669555927, 54.68766348545386], [6.577210263672967, 54.690015873236995], [6.582924954924707, 54.691301280355184], [6.590670769314489, 54.69151970680842], [6.596386346409458, 54.69280476818216], [6.600071686209615, 54.6951564644764], [6.601726656510734, 54.69857516341809], [6.601351257312814, 54.703060865007245], [6.603007025776452, 54.7064794632208], [6.60669396190165, 54.70883095805877], [6.612412197671883, 54.71011498158953], [6.6201617330871505, 54.71033153381308], [6.627911345738173, 54.71054759049551], [6.635661035624953, 54.71076315163681], [6.6434108023960965, 54.71097821722131], [6.651160646051608, 54.71119278724901], [6.658910566240048, 54.71140686170433], [6.6666605629614155, 54.711620440587275], [6.674410635864223, 54.71183352388232], [6.682160784948468, 54.71204611158947], [6.688064752719714, 54.711083863526405], [6.692122539177963, 54.708946779693115], [6.696179894022754, 54.706809557698264], [6.700236817254089, 54.70467219754184], [6.706139651516835, 54.70370879410113], [6.713888396810993, 54.70391934737613], [6.719790410697842, 54.70295554510567], [6.723845693177379, 54.700817387289746], [6.727900544256529, 54.69867909146751], [6.731954963935289, 54.69654065763896], [6.7360089523234405, 54.694402085851436], [6.7400625094209845, 54.69226337610492], [6.744115635337708, 54.6901245284467], [6.74816833007361, 54.68798554287679], [6.754067568808389, 54.687019788930755], [6.761813351542046, 54.687227266608595], [6.769559208170849, 54.687434248972025], [6.777305138694796, 54.687640736021045], [6.785051142762882, 54.687846727740684], [6.792797220375105, 54.68805222413094], [6.798695007558163, 54.68708456057568], [6.802744504312055, 54.684943737074896], [6.804945586362041, 54.681630121528315], [6.80529825370812, 54.67714371393593], [6.80565082866511, 54.6726573015238], [6.8060033112330105, 54.668170884291904], [6.804332369306406, 54.664754919071136], [6.800638002885295, 54.66240940586149], [6.796944057133533, 54.66006378032], [6.79325053205112, 54.65771804244667], [6.789557427502531, 54.65537219228213], [6.785864743487767, 54.65302622982639], [6.7801488419728155, 54.6517501068546], [6.7724097229576765, 54.651543823366765], [6.766694703833211, 54.65026735346571], [6.763003784599416, 54.64792069715141], [6.7613368399330005, 54.64450422187048], [6.7616938698339615, 54.64001792762291], [6.760027723557723, 54.636601350512336], [6.756338401104288, 54.634254490538765], [6.75062602802301, 54.63297698045905]]]}}, {"type": "Feature", "properties": {"band": "light", "dbz": 30.0, "source": "OPERA-ORD", "time": "20260907002000"}, "geometry": {"type": "Polygon", "coordinates": [[[10.143425280634121, 54.68550827435705], [10.135672581269459, 54.68551720721766], [10.12986148078234, 54.68664662798742], [10.125991979172767, 54.68889653666635], [10.122122049550676, 54.69114632088867], [10.118251691916067, 54.693395980654394], [10.112439301335183, 54.69452428528835], [10.104684877808019, 54.69453123479054], [10.096930451973355, 54.69453768790064], [10.089176023831186, 54.69454364461867], [10.081421593736513, 54.69454910494418], [10.073667161689334, 54.694554068877174], [10.065912728044648, 54.6945585364173], [10.058158292802457, 54.69456250756454], [10.050403856317757, 54.69456598231862], [10.042649418590553, 54.694568960679554], [10.036834446689848, 54.695693915640156], [10.032958940615643, 54.697940847200435], [10.03102290175282, 54.701310125075864], [10.031026330101376, 54.70580174926644], [10.02908943464913, 54.70917090068222], [10.025212215396081, 54.71141757932318], [10.021334567409967, 54.713664133041384], [10.017456490690787, 54.71591056183682], [10.01357798511399, 54.718156865665236], [10.009699050679577, 54.72040304452662], [10.005819687262985, 54.72264909837672], [10.001939894864215, 54.72489502721554], [9.999999998664755, 54.72826379373579], [9.999999998664606, 54.73275539793749], [10.001940753302902, 54.73612403769261], [10.00582226257964, 54.738369713001156], [10.011644526316612, 54.73949205364789], [10.019407544513818, 54.73949105963282], [10.025230666986413, 54.74061302655645], [10.0291138937344, 54.7428579544188], [10.032997550087625, 54.74510275704819], [10.03688163604609, 54.74734743444462], [10.042706045812988, 54.74846828175146], [10.05047077938832, 54.74846529896869], [10.056292610667647, 54.74733997785679], [10.060171539650968, 54.74509231841576], [10.064050039172454, 54.74284453411077], [10.067928109232101, 54.74059662494182], [10.071810044400303, 54.740594388132116], [10.075695844677059, 54.74283782368164], [10.077643041518765, 54.74620533526374], [10.077651634925427, 54.750696922878404], [10.079599692353723, 54.75406430703956], [10.083487213803654, 54.75630748774721], [10.089314196063476, 54.75742609458181], [10.097080639133194, 54.75742012754337], [10.104847079882507, 54.757413663252805], [10.112613518311418, 54.75740670171013], [10.11843490744046, 54.756278399639996], [10.12231124726963, 54.75402875704239], [10.126187157509653, 54.751778989799924], [10.130062638160526, 54.74952909791259], [10.135882732432409, 54.74839967780252], [10.143647440325303, 54.74839072946971], [10.149466673875628, 54.74726093677957], [10.15334043308338, 54.74501029973208], [10.157213762977811, 54.74275953818969], [10.161086663558917, 54.740508652152386], [10.164959134952094, 54.738257641664354], [10.168831177157342, 54.7360065067256], [10.172702790300043, 54.73375524738027], [10.176573974380194, 54.73150386362836], [10.182390191391015, 54.7303722091574], [10.190151441332503, 54.73036028396739], [10.197912686822391, 54.73034786189838], [10.205673927860675, 54.730334942950364], [10.211500866656396, 54.73144796201379], [10.215393503209553, 54.73368691908864], [10.21928656941349, 54.73592575022039], [10.223180065268206, 54.738164455409034], [10.229008282375828, 54.739276352930354], [10.236771220736358, 54.73926144278434], [10.242586552334995, 54.738127181888444], [10.24645427717174, 54.735873570242646], [10.248374404759407, 54.732500978049394], [10.248346935097995, 54.72800940530869], [10.24638646142071, 54.72464463645177], [10.242492983727555, 54.72240667147864], [10.23859993537907, 54.72016858051177], [10.23470731637526, 54.717930363551176], [10.23274814396906, 54.71456545996833], [10.232722418160465, 54.710073869763235], [10.230764106993336, 54.70670883761038], [10.22687321046767, 54.704470363509756], [10.222982742814278, 54.70223176353204], [10.219092704033159, 54.699993037677245], [10.215203094000893, 54.69775418598982], [10.211313912717475, 54.69551520846977], [10.205492131612061, 54.69440217280018], [10.197737750684649, 54.69441507898104], [10.189983365319787, 54.69442748877394], [10.182228975517472, 54.69443940217887], [10.174474581632694, 54.694450819194984], [10.16672018366545, 54.69446173982226], [10.160900101168195, 54.69334683888972], [10.157014334140927, 54.691106116397364], [10.153128995549583, 54.68886526834508], [10.149244085394162, 54.68662429473286], [10.143425280634121, 54.68550827435705]]]}}, {"type": "Feature", "properties": {"band": "light", "dbz": 30.0, "source": "OPERA-ORD", "time": "20260907002000"}, "geometry": {"type": "Polygon", "coordinates": [[[9.941828851603464, 54.70354576030627], [9.934072702641036, 54.70354178817754], [9.928253448499778, 54.70466152786172], [9.92437108917969, 54.7069049793588], [9.922425621837606, 54.71027251248602], [9.922417046473527, 54.71476412724341], [9.92435050830348, 54.718134016838924], [9.928226007327465, 54.720382181272555], [9.932101935237338, 54.72263022094058], [9.9359782920331, 54.724878135842985], [9.935974430076435, 54.72712393839763], [9.932090349367346, 54.729367628604514], [9.92820583933338, 54.73161119346573], [9.924320899974536, 54.7338546329813], [9.922374135849598, 54.737222149917976], [9.92236554695856, 54.74171374427578], [9.92430028663362, 54.74508361946343], [9.928178354874781, 54.74733177548092], [9.933999754534568, 54.74845784201128], [9.941764485612985, 54.74846181905449], [9.949529217939862, 54.748465298967574], [9.957293951515192, 54.74846828175052], [9.963118361282163, 54.74734743444381], [9.967002447240777, 54.74510275704745], [9.968946208000322, 54.74173461987927], [9.968949643560798, 54.73724302293925], [9.967011895031739, 54.73387376497053], [9.963132962413138, 54.73162684597311], [9.959254458954266, 54.72937980206014], [9.955376384655121, 54.727132633231626], [9.953439921468725, 54.72376324387015], [9.953445069395078, 54.71927163397572], [9.953450215969772, 54.71478002066772], [9.953455361192807, 54.71028840394614], [9.951520181874413, 54.706918883281666], [9.947644678014589, 54.704671458674305], [9.941828851603464, 54.70354576030627]]]}}, {"type": "Feature", "properties": {"band": "light", "dbz": 30.0, "source": "OPERA-ORD", "time": "20260907002000"}, "geometry": {"type": "Polygon", "coordinates": [[[9.074008396346422, 54.664085082331454], [9.06626036591186, 54.66402556439584], [9.060423266656636, 54.66510353875367], [9.056497098580746, 54.667319005404906], [9.054481825136868, 54.67067233356697], [9.054377446325004, 54.675163523239846], [9.056237006764697, 54.67854698703012], [9.060060506455946, 54.68082272493777], [9.063884432552362, 54.68309834162105], [9.067708785053945, 54.685373837079965], [9.071533564088513, 54.68764921127131], [9.075358769656068, 54.68992446419507], [9.081147975139316, 54.69109137540799], [9.08890118053826, 54.69114994491008], [9.094740927031106, 54.69007088071708], [9.098667214617853, 54.68785418282898], [9.100680008140015, 54.6845002207705], [9.10077930759759, 54.68000899454165], [9.09891631897623, 54.67662612439067], [9.095091042275936, 54.67435161031757], [9.091266191821427, 54.67207697492263], [9.087441767612706, 54.66980221820583], [9.083617769522183, 54.667527340210384], [9.079794197549862, 54.665252340936306], [9.074008396346422, 54.664085082331454]]]}}, {"type": "Feature", "properties": {"band": "light", "dbz": 30.0, "source": "OPERA-ORD", "time": "20260907002000"}, "geometry": {"type": "Polygon", "coordinates": [[[10.236405152731045, 54.676379144395895], [10.228654216308412, 54.67639402876915], [10.222847002935008, 54.677527910912616], [10.218983512610837, 54.67978079082631], [10.21706375395143, 54.68315303801015], [10.217087726956791, 54.687644652464144], [10.219044301284818, 54.69100982521834], [10.222933476935514, 54.69324855627273], [10.228755245284724, 54.69436047593646], [10.236509606332447, 54.69434558420953], [10.242318522972816, 54.693211328794824], [10.246181995205829, 54.690957709692356], [10.248100032507267, 54.68758509659097], [10.248072634877131, 54.68309348949065], [10.246114357282138, 54.67972869000769], [10.242225199722288, 54.67749069814208], [10.236405152731045, 54.676379144395895]]]}}, {"type": "Feature", "properties": {"band": "light", "dbz": 30.0, "source": "OPERA-ORD", "time": "20260907002000"}, "geometry": {"type": "Polygon", "coordinates": [[[11.506358031873996, 54.64028328664865], [11.498615471322255, 54.64037944634478], [11.49087287668401, 54.64047511059432], [11.483130247959261, 54.64057027939727], [11.475387585500517, 54.64066495274672], [11.46764488930778, 54.640759130642664], [11.461877996928276, 54.64195222433156], [11.458086908362013, 54.64424423381342], [11.458167630178334, 54.6464895192298], [11.462120162377243, 54.64868808058072], [11.466073123598532, 54.6508865113083], [11.4700265138422, 54.65308481141254], [11.470107277983189, 54.6553300930282], [11.466315416021493, 54.657622356155294], [11.462523129273633, 54.65991450019023], [11.458730417739606, 54.662206525133016], [11.45691446241753, 54.66559781931369], [11.457075263307402, 54.67008838273224], [11.459133274460207, 54.67343292214583], [11.463088495875944, 54.67563143755446], [11.46704414698978, 54.677829822249194], [11.471000227801715, 54.68002807623004], [11.474956738429647, 54.68222619945135], [11.478913678873575, 54.68442419191315], [11.484767734545366, 54.6854755450037], [11.49251890544502, 54.68538025872297], [11.498290750809414, 54.68418598797517], [11.502083270638543, 54.681892732760275], [11.505875365218198, 54.67959935854661], [11.509667034548382, 54.677305865334176], [11.513458278758993, 54.675012253165576], [11.51724909785003, 54.672718522040796], [11.519060689187572, 54.669326421772915], [11.518893052771617, 54.66483595236193], [11.518725460295197, 54.660345479148866], [11.518557911758313, 54.65585500213373], [11.518390407127303, 54.651364521302575], [11.518222946402169, 54.646874036655404], [11.516161740067167, 54.64353039744901], [11.512206788122299, 54.6413336036834], [11.506358031873996, 54.64028328664865]]]}}, {"type": "Feature", "properties": {"band": "light", "dbz": 30.0, "source": "OPERA-ORD", "time": "20260907002000"}, "geometry": {"type": "Polygon", "coordinates": [[[6.846237285511943, 54.59954361994371], [6.838507777643306, 54.59934159408441], [6.832623333935763, 54.600311525103415], [6.828583954389316, 54.602453413000745], [6.824544145882213, 54.60459516362713], [6.820503908414456, 54.60673677698258], [6.81461833169829, 54.607705557323506], [6.806887415733714, 54.60750150464991], [6.801001021972556, 54.608469887959366], [6.796959150414815, 54.61061070725187], [6.794761677337668, 54.613924329526384], [6.7944086027411155, 54.618410754782914], [6.794055435736261, 54.62289717512752], [6.793702176323103, 54.627383590560214], [6.795371172459076, 54.63079963663833], [6.799062424144178, 54.63314531336187], [6.802754095843248, 54.63549087781434], [6.806446187556286, 54.63783632999572], [6.8101386994185305, 54.64018166986544], [6.813831631429981, 54.642526897423494], [6.81954702532367, 54.64380114332468], [6.827284881099603, 54.644004407569014], [6.8331754206121085, 54.643035032993936], [6.83721864386119, 54.64089301959942], [6.839414428243641, 54.63757873482303], [6.839762773759461, 54.633092178664754], [6.841957657850328, 54.629777741681124], [6.845999080516239, 54.62763542387213], [6.851887163890378, 54.62666485797408], [6.859621907972748, 54.62686604398697], [6.865509172843346, 54.625895081195964], [6.869548958502174, 54.62375196960105], [6.86972172064932, 54.62150864703813], [6.866027459284785, 54.61916511350718], [6.862333617705622, 54.616821467502156], [6.858640195911832, 54.614477709023056], [6.856966535933128, 54.61106251228568], [6.857312637769511, 54.606575877290034], [6.855639776377343, 54.6031605780625], [6.851947951756622, 54.60081661460307], [6.846237285511943, 54.59954361994371]]]}}, {"type": "Feature", "properties": {"band": "light", "dbz": 30.0, "source": "OPERA-ORD", "time": "20260907002000"}, "geometry": {"type": "Polygon", "coordinates": [[[11.287283518020727, 54.570934880016154], [11.279553693487035, 54.57101700403282], [11.271823839988407, 54.57109863348753], [11.26409395752484, 54.57117976838029], [11.256364046446908, 54.57126040870524], [11.248634106754606, 54.57134055446239], [11.242870666749207, 54.572523213958284], [11.239073726430714, 54.57480838719292], [11.237243333749984, 54.578196442220374], [11.237379488707017, 54.58268737904064], [11.235548265340885, 54.58607531726358], [11.231749663651584, 54.5883602568892], [11.227950638414622, 54.5906450766992], [11.224151189629996, 54.59292977669355], [11.22231876273862, 54.59631759716203], [11.222453357740488, 54.60080853810462], [11.224488528421809, 54.604157119392426], [11.228424274782583, 54.60636334102543], [11.232360448873138, 54.60856943309737], [11.236297050693477, 54.61077539560824], [11.238333571785802, 54.614123830069076], [11.23847001215012, 54.61861473647987], [11.238606488258661, 54.62310563912453], [11.238743000111423, 54.62759653800306], [11.240780873142707, 54.63094482553008], [11.244720107352517, 54.633150501705586], [11.248659769977428, 54.635356048170316], [11.252599861017439, 54.63756146492426], [11.252668597244266, 54.63980690383723], [11.248865978657909, 54.64209236490923], [11.245062935227987, 54.64437770608064], [11.241259466954501, 54.64666292735145], [11.239426096141214, 54.650050976211766], [11.239562822788125, 54.65454185266157], [11.241602137514892, 54.65789010866483], [11.245544040321512, 54.660095744221536], [11.251388482910034, 54.66115839027221], [11.259135465280458, 54.66107804681687], [11.26491064190445, 54.65989489549493], [11.268714012782006, 54.65760893630639], [11.27054562705899, 54.65422053829977], [11.270405484735404, 54.64972970147505], [11.272236265418202, 54.64634118678559], [11.276037969107389, 54.64405499423136], [11.279839248022986, 54.64176868189888], [11.283640102164993, 54.63948224978816], [11.285469678496959, 54.63609361791545], [11.285327977018879, 54.631602786280766], [11.283286701447734, 54.62825516058881], [11.279345851783525, 54.62605074083959], [11.27540543033411, 54.623846191287484], [11.271465437099499, 54.62164151193251], [11.271395068174153, 54.61939608540705], [11.275194323558068, 54.6171099117111], [11.278993154834254, 54.614823618309714], [11.282791562002709, 54.61253720520291], [11.286589545191788, 54.610250672433345], [11.290387104401496, 54.607964020001006], [11.29418423976017, 54.605677247948535], [11.29798095126781, 54.603390356275916], [11.29980775337284, 54.600001489643844], [11.299664646075255, 54.595510648052326], [11.29952157622039, 54.591019802631045], [11.299378543808245, 54.58652895338], [11.299235548810191, 54.58203810028518], [11.299092591226229, 54.57754724334661], [11.297052941897578, 54.574199815659945], [11.293116600824241, 54.57199581722519], [11.287283518020727, 54.570934880016154]]]}}, {"type": "Feature", "properties": {"band": "light", "dbz": 30.0, "source": "OPERA-ORD", "time": "20260907002000"}, "geometry": {"type": "Polygon", "coordinates": [[[6.787661269112452, 54.58114104301834], [6.78362144304933, 54.58328143355773], [6.779581188489644, 54.58542168671313], [6.775540505433396, 54.58756180248456], [6.771499393771588, 54.58970178082504], [6.7674578535042205, 54.59184162173458], [6.765259034884318, 54.59515471400954], [6.764902937911882, 54.599641057649904], [6.76656845890831, 54.603057506265074], [6.770255597873602, 54.60540405985506], [6.7759644796451575, 54.6066803514767], [6.783695104222975, 54.60688638112998], [6.789581311003475, 54.605919108638716], [6.793623099986654, 54.60377853400291], [6.795820347171646, 54.60046502419362], [6.7961730525584505, 54.59597857921085], [6.796525665748539, 54.591492129276894], [6.79687818674191, 54.58700567439173], [6.795211130964951, 54.58358954714903], [6.79152449841766, 54.581243747548776], [6.787661269112452, 54.58114104301834]]]}}, {"type": "Feature", "properties": {"band": "light", "dbz": 30.0, "source": "OPERA-ORD", "time": "20260907002000"}, "geometry": {"type": "Polygon", "coordinates": [[[8.121750439973797, 54.47332720036243], [8.114040351924956, 54.473206807130715], [8.108205785123443, 54.47423881838681], [8.104246739569264, 54.47642323413072], [8.100287268889838, 54.47860751808899], [8.096327373085165, 54.480791670261624], [8.090491622279687, 54.481822548618005], [8.082780016473404, 54.48170015315815], [8.07506845402585, 54.48157726453567], [8.067356934937028, 54.481453882750564], [8.059645459553998, 54.481330007811685], [8.051934027876758, 54.48120563971904], [8.046096737176775, 54.48223463740723], [8.042133587454042, 54.48441700087625], [8.038170012360107, 54.486599232288086], [8.034206011894963, 54.48878133164273], [8.028367539488091, 54.48980919549792], [8.020654595139494, 54.48968282385367], [8.012941695573092, 54.48955595896188], [8.005228840788888, 54.489428600822535], [7.999389187465172, 54.49045533046009], [7.995422735601949, 54.49263614787452], [7.9933294083059065, 54.49597141977945], [7.9931092055770465, 54.500461146174885], [7.992888945358805, 54.50495086829332], [7.992668627651181, 54.50944058613477], [7.990573913946292, 54.51277570143249], [7.9866048042441395, 54.51495621418647], [7.982635268373635, 54.517136594564036], [7.978665306334778, 54.51931684256519], [7.974694918013667, 54.52149695814422], [7.970724103410301, 54.52367694130115], [7.966752862410772, 54.52585679199025], [7.96278119501508, 54.528036510211535], [7.96068333552007, 54.53137118368591], [7.960459283925742, 54.53586081241338], [7.960235173782429, 54.54035043690171], [7.960011005090131, 54.54484005715089], [7.959786777804126, 54.54932967317468], [7.959562491924416, 54.55381928497307], [7.957462729317655, 54.55715378702329], [7.953487489983844, 54.55933317932532], [7.947636852788039, 54.5603570944069], [7.939910817730242, 54.56022553226804], [7.934059352378297, 54.56124905949339], [7.930082456732202, 54.56342767608295], [7.9279800510430505, 54.56676174950492], [7.927752135310843, 54.57125127975928], [7.927524159964078, 54.575740805811996], [7.927296125002758, 54.58023032766307], [7.929057841137484, 54.58363056774364], [7.932809308368258, 54.58594152605373], [7.936674424770555, 54.58600759481905], [7.940653190344373, 54.5838287740396], [7.944631528063265, 54.581649820498924], [7.94860943792723, 54.57947073419702], [7.952474601060861, 54.579536308485196], [7.9562270174641565, 54.581846543363454], [7.95997985552159, 54.58415666161389], [7.96373311523316, 54.5864666632365], [7.969475402489143, 54.58768650457935], [7.9772067172895404, 54.58781618564245], [7.983060552494976, 54.58679084993829], [7.987036908105449, 54.58461049746684], [7.989135706262529, 54.58127549603137], [7.989356946966212, 54.57678584563187], [7.991454863785947, 54.57345070163937], [7.995429456721734, 54.571270064053905], [7.9992939085758366, 54.57133413908909], [8.003048219348255, 54.57364292674493], [8.004815603756011, 54.577042161537676], [8.004596061799106, 54.58153184346731], [8.006364263861455, 54.58493096723722], [8.010120209943057, 54.58723953284739], [8.013876577934132, 54.589547981605236], [8.01763336783468, 54.591856313510725], [8.01940272717539, 54.59525532781309], [8.01918465595626, 54.59974502451233], [8.018966527651479, 54.6042347171028], [8.018748342261048, 54.60872440558448], [8.020518860228016, 54.61212331035634], [8.024278081552378, 54.61443143141835], [8.030026082729655, 54.61564840062704], [8.037762863759848, 54.61577421798236], [8.043619182911568, 54.614745959311584], [8.047595040184815, 54.6125636246147], [8.049690359926734, 54.6092275820523], [8.049905142137327, 54.60473783162438], [8.04813284654362, 54.60133926393681], [8.044373473145617, 54.59903187898959], [8.040614521959547, 54.59672437704538], [8.036855992985409, 54.594416758104195], [8.036963724889155, 54.59217188443841], [8.04093771767079, 54.58998975604802], [8.046790597331576, 54.588961059485214], [8.054522363871516, 54.58908579474999], [8.062254174534516, 54.58921003540764], [8.069986029320578, 54.589333781458166], [8.07583771934196, 54.588303948070745], [8.079809244598664, 54.5861205352454], [8.083780342049918, 54.58393699020368], [8.087751011695719, 54.58175331294558], [8.091721253651057, 54.57956950351688], [8.095691067915933, 54.57738556191755], [8.099660454605326, 54.57520148819338], [8.103629413719238, 54.57301728234434], [8.109478251663923, 54.57198553886178], [8.117206968439378, 54.57210625774571], [8.123054975744909, 54.57107412759356], [8.127022273580515, 54.56888914840536], [8.129108789560485, 54.56555168789788], [8.12931452368482, 54.56106174607113], [8.129520204041178, 54.55657180012391], [8.129725830629553, 54.552081850056226], [8.131810963396362, 54.54874423465274], [8.135775602341603, 54.54655895391346], [8.141619819374483, 54.54552564040315], [8.149343614495006, 54.5456442941218], [8.157067451469768, 54.5457624537877], [8.164791330298769, 54.545880119400856], [8.170634356322097, 54.54484567146062], [8.174596529539748, 54.54265910996702], [8.17855827610844, 54.54047241677425], [8.182519596028172, 54.53828559188233], [8.18836143025539, 54.53725000989975], [8.1960837787901, 54.53736567082649], [8.201924783167874, 54.53632970313996], [8.205884443388708, 54.534142106840164], [8.209843677197746, 54.53195437899272], [8.213802484594988, 54.529766519597636], [8.217663296130707, 54.529823602110355], [8.221426111804908, 54.532125626530885], [8.22518934850479, 54.53442753342659], [8.228953006230354, 54.536729322797456], [8.234696130636756, 54.53793656605134], [8.242418721723993, 54.53804926318824], [8.248258636288808, 54.537011051794565], [8.252215874331199, 54.5348219318703], [8.25617268598419, 54.53263268057964], [8.260129071247782, 54.530443297922574], [8.264085030237235, 54.528253783944585], [8.268040562952546, 54.526064138645665], [8.270113307477455, 54.52272419714821], [8.27030326381196, 54.5182339594522], [8.268516300652061, 54.51483855802041], [8.26475241799776, 54.51253799285283], [8.259011682553705, 54.51133189681997], [8.251294094319892, 54.51122026992186], [8.243576545719268, 54.51110814940575], [8.235859036751831, 54.51099553527165], [8.228141567765766, 54.51088242752763], [8.220424138761071, 54.510768826173724], [8.214685232695363, 54.50956090569814], [8.210924849568642, 54.50725866610086], [8.20914292069433, 54.50386247445901], [8.20933944607243, 54.4993723307726], [8.207558334695678, 54.495976026689924], [8.203799586564068, 54.493673562211], [8.200041258414096, 54.49137098040181], [8.196283350245764, 54.48906828126234], [8.192525861930164, 54.48676546483437], [8.1887687934673, 54.48446253111789], [8.18303420347019, 54.483252825687295], [8.175322091938831, 54.48313634854259], [8.167610021683252, 54.483019378183656], [8.15989799270345, 54.48290191461051], [8.152186005346651, 54.482783957831565], [8.144474059612861, 54.48266550784682], [8.138741301664517, 54.48145398063164], [8.134987731501624, 54.47914937618604], [8.131234580814688, 54.476844654717], [8.127481849603708, 54.47453981622452], [8.121750439973797, 54.47332720036243]]]}}, {"type": "Feature", "properties": {"band": "light", "dbz": 30.0, "source": "OPERA-ORD", "time": "20260907002000"}, "geometry": {"type": "Polygon", "coordinates": [[[8.100495710713098, 54.59880354187128], [8.092761981001217, 54.598681744327024], [8.086908876047415, 54.59971266501611], [8.082936395851693, 54.60189630393856], [8.082831159479511, 54.604141219218775], [8.08659316693087, 54.606447410856774], [8.09035559693714, 54.608753485292], [8.094118449498321, 54.61105944252445], [8.097881724745006, 54.61336528251216], [8.101645422677192, 54.61567100525512], [8.105513585390982, 54.61573167905645], [8.109486212886377, 54.61354730391615], [8.111576514139376, 54.61021018064544], [8.11178448914998, 54.60572030924432], [8.110007001383721, 54.602322640318675], [8.106244050840598, 54.6000171738685], [8.100495710713098, 54.59880354187128]]]}}, {"type": "Feature", "properties": {"band": "light", "dbz": 30.0, "source": "OPERA-ORD", "time": "20260907002000"}, "geometry": {"type": "Polygon", "coordinates": [[[11.194786631914546, 54.58086971312997], [11.187054769885492, 54.5809459209793], [11.181288205395308, 54.58212564407374], [11.177486938443993, 54.584408882413285], [11.17565101463218, 54.58779600418596], [11.175780433959869, 54.59228700939177], [11.177811337669986, 54.59563638614058], [11.181743725762534, 54.59784413443242], [11.187577552591833, 54.59890988588963], [11.195312818157886, 54.59883364051221], [11.201081038371736, 54.59765353037608], [11.204882213233386, 54.59536955548122], [11.20671638923202, 54.591982084194925], [11.206583566367637, 54.5874911165172], [11.204551006933851, 54.58414212681008], [11.200618710930666, 54.58193511507356], [11.194786631914546, 54.58086971312997]]]}}, {"type": "Feature", "properties": {"band": "light", "dbz": 30.0, "source": "OPERA-ORD", "time": "20260907002000"}, "geometry": {"type": "Polygon", "coordinates": [[[7.69040015172871, 54.493919764524804], [7.686416869521157, 54.49609035754868], [7.682433161402986, 54.49826081706908], [7.678449027374198, 54.50043114308598], [7.672599916839223, 54.501441741445454], [7.664885829798062, 54.501292612147495], [7.657171795600671, 54.50114298958863], [7.649457814247048, 54.50099287376888], [7.643607538391401, 54.50200233364219], [7.6396209680337295, 54.50417136920856], [7.635633971536169, 54.50634027105932], [7.63164654889872, 54.50850903919448], [7.625795108534176, 54.50951736020116], [7.618079650442538, 54.509365234079354], [7.612227388042966, 54.510373165283774], [7.60823832133546, 54.512541153814425], [7.6061123584633314, 54.515869566324625], [7.605849499426584, 54.52035840281439], [7.607582019456502, 54.52376326380951], [7.611309918553086, 54.526084149309995], [7.6150382371276315, 54.52840491967225], [7.6187669751801375, 54.53072557489625], [7.620500623954459, 54.534130330587004], [7.620239183450597, 54.53861918674449], [7.621973641119583, 54.542023834374234], [7.6257039969614135, 54.544344273476256], [7.631430342473478, 54.545580136991624], [7.639152677655776, 54.54573142492036], [7.645008987816974, 54.54472247471202], [7.648999272957073, 54.542553286366584], [7.652989131068635, 54.540383964238565], [7.656978562151659, 54.53821450832796], [7.662833704752225, 54.53720441827849], [7.670554558870332, 54.53735369409014], [7.676408877591642, 54.536343214292486], [7.680396660916153, 54.5341729788855], [7.6825178194367645, 54.530843354878584], [7.682772353153476, 54.52635434227173], [7.684892628565523, 54.52302457334287], [7.688878645672904, 54.52085404809203], [7.694730493447186, 54.51984239968733], [7.702448171888367, 54.51998962812876], [7.708299196244114, 54.51897759040079], [7.712283566514426, 54.516806286503396], [7.7144011946129805, 54.513476083274696], [7.714652080539777, 54.5089869807147], [7.712911626901538, 54.50558354807219], [7.709179833698263, 54.50326578534715], [7.705448459584311, 54.50094790718573], [7.701717504559679, 54.49862991358791], [7.697986968493645, 54.49631180459497], [7.694256851386205, 54.493993580206904], [7.69040015172871, 54.493919764524804]]]}}, {"type": "Feature", "properties": {"band": "light", "dbz": 30.0, "source": "OPERA-ORD", "time": "20260907002000"}, "geometry": {"type": "Polygon", "coordinates": [[[9.416997748140503, 54.52248376223038], [9.409276202798303, 54.522446213787774], [9.401554670916866, 54.522408171322304], [9.393833152496198, 54.522369634833964], [9.388025054993292, 54.52346344012423], [9.384130378408152, 54.52568958719311], [9.384096870365449, 54.52793537449349], [9.387924530865181, 54.53020080202535], [9.391752614632239, 54.532466107481305], [9.395581121666616, 54.53473129086135], [9.39941005209328, 54.53699635212233], [9.403239405912228, 54.53926129126425], [9.407069183248442, 54.54152610824394], [9.410899384101919, 54.54379080306143], [9.41473000859766, 54.546055375673475], [9.418561056735665, 54.54831982608012], [9.422423957292656, 54.548338364674514], [9.426318710268633, 54.54611099145668], [9.43021303784122, 54.54388349147608], [9.434106940010418, 54.54165586473271], [9.4380004168966, 54.53942811127095], [9.441893468499764, 54.5372002310908], [9.441924448198852, 54.53495443369875], [9.438093355993864, 54.5326907190948], [9.434262687142146, 54.53042688223269], [9.4304324416437, 54.528162923112404], [9.42660261937376, 54.52589884177711], [9.422773220332322, 54.523634638226824], [9.416997748140503, 54.52248376223038]]]}}, {"type": "Feature", "properties": {"band": "light", "dbz": 30.0, "source": "OPERA-ORD", "time": "20260907002000"}, "geometry": {"type": "Polygon", "coordinates": [[[10.682781441890501, 54.486024736923135], [10.675066844580442, 54.48606817088165], [10.667352232110233, 54.486111111316646], [10.659637604479876, 54.486153558228104], [10.651922962037741, 54.48619551161298], [10.644208304783827, 54.48623697147127], [10.636493633066513, 54.486277937800025], [10.628778946885799, 54.48631841059922], [10.621064246590072, 54.48635838986595], [10.613349532179335, 54.48639787560023], [10.605634804001982, 54.48643686779921], [10.597920062058016, 54.486475366462905], [10.590205306695841, 54.48651337158854], [10.58249053791546, 54.48655088317611], [10.576720115412659, 54.4877017392883], [10.57289403918744, 54.48996593992511], [10.571012331351323, 54.49334385238428], [10.571074991904307, 54.49783547666578], [10.571137668821857, 54.50232709714908], [10.571200362103975, 54.50681871383418], [10.57317735560945, 54.5101782253367], [10.577068649338283, 54.51240563165666], [10.582874221139935, 54.51350056520601], [10.590594071014404, 54.51346302598474], [10.598313907438763, 54.51342499286191], [10.606033730413014, 54.5133864658375], [10.611806641934944, 54.51223448960962], [10.615632642004552, 54.50996906417826], [10.619458219373355, 54.50770351676509], [10.623283374041348, 54.50543784737011], [10.629054987656101, 54.504284766337456], [10.636773060217616, 54.50424427366712], [10.644491118292816, 54.50420328722497], [10.652209161881702, 54.504161807011016], [10.658015905874734, 54.50525340083469], [10.661911350271913, 54.507478068696], [10.663895520431737, 54.510836178073916], [10.663968416354207, 54.51532772896843], [10.664041331323034, 54.51981927607733], [10.66411426533822, 54.52431081940061], [10.666099746112364, 54.52766878894798], [10.669997773645466, 54.52989318471941], [10.673858891959279, 54.52987169076782], [10.677683101053798, 54.52760430709319], [10.67955789070021, 54.52422484887336], [10.679483260898511, 54.519733316108336], [10.681357213434353, 54.516353736890565], [10.685179748307739, 54.51408611122004], [10.689001860501355, 54.51181836382806], [10.692823550015204, 54.509550494714645], [10.694696271838714, 54.50617079157901], [10.694620025971883, 54.50167925442117], [10.694543800006509, 54.49718771344371], [10.69446759394259, 54.492696168646646], [10.692481803319357, 54.48933855217205], [10.688586428136805, 54.48711486401993], [10.682781441890501, 54.486024736923135]]]}}, {"type": "Feature", "properties": {"band": "light", "dbz": 30.0, "source": "OPERA-ORD", "time": "20260907002000"}, "geometry": {"type": "Polygon", "coordinates": [[[8.707544903720258, 54.490015973530355], [8.69983039899969, 54.489933043969216], [8.694008550758028, 54.49099338997286], [8.690079358995275, 54.49319701154128], [8.68614974222464, 54.49540050358473], [8.682219700446122, 54.49760386610323], [8.678289233542957, 54.49980709905179], [8.67435834151514, 54.5020102024304], [8.67428590984365, 54.50425564872802], [8.67807193852849, 54.50654343794466], [8.681858388568045, 54.50883110792792], [8.685645259962321, 54.511118658677816], [8.689432552838685, 54.513406090152], [8.693220267197143, 54.51569340235048], [8.697079620857725, 54.51573513946333], [8.701010613820433, 54.51353130149055], [8.70304729080831, 54.51018392278087], [8.703189651821358, 54.505693003334265], [8.705225461525533, 54.50234548804212], [8.709154719920836, 54.50014137690443], [8.713083553214757, 54.497937136317596], [8.717011961407298, 54.49573276628163], [8.717082663147812, 54.49348729552547], [8.7132956584363, 54.4912007240491], [8.707544903720258, 54.490015973530355]]]}}, {"type": "Feature", "properties": {"band": "light", "dbz": 30.0, "source": "OPERA-ORD", "time": "20260907002000"}, "geometry": {"type": "Polygon", "coordinates": [[[11.538252566957594, 54.25350329448048], [11.53058275558718, 54.25360138792908], [11.524871722383574, 54.25479747975123], [11.521119467346782, 54.25709156994692], [11.519326048168944, 54.26048402287007], [11.519491464850061, 54.26497483852067], [11.519656924454539, 54.269465649749776], [11.519822426982378, 54.2739564565574], [11.518027843758682, 54.277348794673195], [11.514273174783455, 54.27964266409717], [11.510436131569305, 54.279691004884064], [11.506516714116236, 54.2774938170339], [11.502597716530204, 54.275296499587455], [11.498679138811209, 54.27309905254472], [11.49484206207243, 54.27314690278363], [11.491086486313867, 54.27544005030417], [11.487330495151355, 54.27773307988652], [11.483574088584891, 54.280025991530685], [11.479817266488944, 54.282318785195116], [11.476060028863515, 54.28461146087982], [11.476140755386794, 54.28685688691337], [11.480059446058785, 54.28905506329575], [11.48397855691022, 54.291253110126995], [11.487898087941097, 54.293451027407116], [11.48993906104886, 54.29679539973735], [11.490101476233503, 54.30128622711769], [11.49026393360383, 54.305777050144854], [11.490426433159838, 54.310267868818826], [11.490588974933537, 54.31475868315354], [11.490751558924927, 54.319249493149016], [11.48895266165991, 54.32264137204537], [11.485192283138483, 54.32493431984261], [11.479470366853366, 54.3261279713738], [11.471786912804564, 54.32622232663893], [11.466064144564866, 54.32741562019072], [11.462302062134276, 54.32970785202921], [11.460500721228037, 54.33309938734786], [11.460660121846145, 54.33759022614667], [11.460819563907412, 54.34208106066042], [11.46097904741184, 54.3465718908891], [11.459176534053526, 54.349963310818566], [11.455412023832475, 54.35225532044881], [11.451647096283317, 54.35454721179242], [11.44788175140605, 54.356838984849404], [11.446078064245322, 54.36023028932164], [11.446236034801133, 54.364721125209144], [11.44639404645823, 54.369211956859516], [11.446552099216614, 54.373702784272766], [11.44671019310753, 54.37819360746283], [11.446868328130979, 54.38268442642972], [11.445063107243065, 54.38607561468838], [11.441294530443791, 54.388367172238816], [11.43744726752846, 54.38841319481842], [11.433521318497071, 54.3862136824272], [11.429595791909962, 54.38401404038413], [11.425670687767136, 54.38181426868923], [11.421746005953395, 54.379614367387255], [11.41782174646874, 54.37741433647819], [11.41389790919799, 54.37521417600678], [11.409974494141142, 54.37301388597301], [11.406051501183027, 54.3708134664216], [11.40212893032364, 54.36861291735256], [11.400091178133541, 54.36526719152128], [11.399938244612732, 54.360776288927795], [11.397901353956495, 54.35743042605638], [11.393980506164834, 54.355229602907066], [11.388175648076917, 54.354173453941264], [11.380486779692745, 54.35426197915896], [11.37475749604966, 54.355450926762984], [11.370987797147658, 54.35774029675332], [11.369177735321268, 54.3611304546804], [11.369327310570494, 54.36562140054422], [11.36947692473854, 54.37011234220043], [11.369626577825413, 54.37460327964902], [11.37166232062919, 54.37794951811934], [11.37558415314987, 54.380151057611386], [11.379506407967533, 54.382352467676206], [11.383429085082179, 54.38455374831381], [11.383504390398446, 54.38679920538191], [11.37973232391633, 54.3890888388805], [11.375959839060405, 54.39137835369731], [11.372186935830666, 54.39366774983237], [11.37037542769337, 54.397057904085194], [11.370525314648514, 54.40154881645581], [11.370675240641027, 54.406039724674706], [11.37082520567091, 54.41053062874189], [11.372862865145644, 54.4138768206959], [11.376788219065233, 54.41607830053672], [11.380713996162633, 54.418279650832424], [11.384640196437845, 54.42048087158301], [11.388566820006604, 54.42268196274365], [11.39249386686891, 54.42488292431436], [11.398308520158146, 54.42593856323423], [11.406010779874311, 54.42584887950327], [11.413713007875382, 54.4257587032023], [11.421415204161356, 54.42566803433131], [11.427152628932097, 54.42447714752035], [11.430925282187605, 54.422186042769425], [11.432733218564657, 54.41879508638972], [11.43257643806325, 54.41430427838125], [11.434383554897545, 54.41091320698959], [11.438154569067539, 54.408621872214724], [11.442004355668407, 54.40857581584958], [11.445932914700146, 54.410775037894155], [11.44797642657099, 54.41412004164672], [11.44813489128094, 54.41861082710728], [11.45017926805987, 54.42195569329709], [11.454109556907783, 54.42415464021615], [11.458040269207014, 54.42635345726001], [11.461971404957566, 54.428552144428664], [11.465902964274914, 54.430750701677205], [11.469834947159063, 54.432949129005635], [11.4737673537255, 54.43514742636903], [11.477700183974225, 54.43734559376738], [11.47778078436436, 54.43959095898059], [11.4740091548959, 54.44188352200866], [11.47023710596197, 54.44417596657527], [11.466464637562574, 54.44646829268042], [11.462691749570475, 54.44876050028212], [11.458918441985674, 54.45105258938035], [11.455144714680912, 54.4533445599331], [11.451370567656195, 54.455636411940375], [11.449562933259797, 54.459027710046804], [11.449721811491715, 54.46351845425238], [11.449880731170412, 54.46800919437433], [11.450039692295883, 54.47249993041263], [11.450198694899733, 54.476990662381255], [11.45035773898196, 54.481481390280194], [11.450516824574201, 54.4859721141234], [11.450675951676454, 54.49046283391088], [11.450835120320386, 54.494953549656586], [11.450994330506, 54.4994442613605], [11.453043066755203, 54.50278902098929], [11.456981329068006, 54.50498782854294], [11.460920016825455, 54.507186505953406], [11.464859130027552, 54.509385053220704], [11.468798668790551, 54.51158347029967], [11.472738633114453, 54.513781757190316], [11.47659764103159, 54.51373458908228], [11.480375692541962, 54.51144196597557], [11.48415332296431, 54.50914922426064], [11.48793053229863, 54.506856363937494], [11.49367767120734, 54.50566203101907], [11.501394739690442, 54.505566225505376], [11.509111774141687, 54.50546992637493], [11.516828774561075, 54.5053731336277], [11.524545740600306, 54.50527584727068], [11.532262672259378, 54.505178067303845], [11.538092726098654, 54.506227187356735], [11.542035902118135, 54.508423207429345], [11.545979503747677, 54.510619097011656], [11.549923530987282, 54.512814856103674], [11.555754787154413, 54.51386284622198], [11.563473272249068, 54.51376306736657], [11.569218897003513, 54.51256542121441], [11.572991661417744, 54.510269907765505], [11.574791625887428, 54.506876894252386], [11.574618790412565, 54.50238638067506], [11.576417933549191, 54.49899325307523], [11.580189055297307, 54.496697511452886], [11.583959756526625, 54.49440165165181], [11.587730037237144, 54.492105673672015], [11.589528004650576, 54.48871243213226], [11.589353658766925, 54.48422192703254], [11.59115080596374, 54.48082857155005], [11.59491944624102, 54.47853236568476], [11.598687666474486, 54.47623604174811], [11.602455466664143, 54.473939599740106], [11.604251440265106, 54.47054613046343], [11.604075587277375, 54.46605563391809], [11.602016678647923, 54.46271334582505], [11.598074714376743, 54.460519266184306], [11.592249633134003, 54.45947302837685], [11.584541434919709, 54.459574632402706], [11.576833201073462, 54.45967574345149], [11.569124931595262, 54.45977636152321], [11.563301047558916, 54.45872899489515], [11.559361548964425, 54.4565336435673], [11.557306495684365, 54.45319067416878], [11.557135887718744, 54.4487000866996], [11.556965324212086, 54.444209495074546], [11.556794805164394, 54.43971889929361], [11.55662433054182, 54.435228299342896], [11.556453900344371, 54.430737695222405], [11.556283514538235, 54.426247086918195], [11.55611317312341, 54.42175647443026], [11.555942876066128, 54.41726585774471], [11.555772623366385, 54.412775236861535], [11.55372038943116, 54.40943207954349], [11.549786174260449, 54.40723638579061], [11.545852382158843, 54.40504056186172], [11.541919013126343, 54.40284460775682], [11.539868131917242, 54.399501299722104], [11.539699738531544, 54.39501063775757], [11.539531388965028, 54.39051997156014], [11.539363083217694, 54.38602930112981], [11.539194821256238, 54.38153862645267], [11.539026603080657, 54.37704794752871], [11.536977558734073, 54.37370447651247], [11.533047688216481, 54.371508213403956], [11.527236933012796, 54.37045879255006], [11.519545293123018, 54.37055621395078], [11.513735362906829, 54.36950641127878], [11.509807142364227, 54.367309384534074], [11.505879343876725, 54.36511222789717], [11.501951967444317, 54.36291494136809], [11.498025012952326, 54.360717524991564], [11.494098480400751, 54.35851997876762], [11.492053752937725, 54.355175817875505], [11.491890830563253, 54.35068504231524], [11.49369033550904, 54.34729305154494], [11.497452267775085, 54.34499984556459], [11.501213783037617, 54.342706521501256], [11.504974881296631, 54.340413079354974], [11.506773215829082, 54.33702097361967], [11.506608786634967, 54.33253020429537], [11.506444400157681, 54.32803943065342], [11.506280056397221, 54.32354865269383], [11.508077221862983, 54.32015643206093], [11.51183589655497, 54.317862768754715], [11.517556023051839, 54.31666729771113], [11.525237601353588, 54.316570018930165], [11.53095687597628, 54.31537419035696], [11.53471384691991, 54.31307981199151], [11.536508572396118, 54.309687248870944], [11.536341052404902, 54.305196500995265], [11.536173575901362, 54.30070574874744], [11.5360061428855, 54.29621499212747], [11.53779970291367, 54.29282231441026], [11.541554255985877, 54.290527715595815], [11.545308393458184, 54.28823299901786], [11.549062115330589, 54.28593816467638], [11.550854511250652, 54.282545372429176], [11.550685581218367, 54.278054622276244], [11.550516695007929, 54.273563867702954], [11.550347852619332, 54.26907310870931], [11.550179054019386, 54.26458234528138], [11.550010299208093, 54.26009157741918], [11.547966309512535, 54.25674820705511], [11.544047084932712, 54.25455223418916], [11.538252566957594, 54.25350329448048]]]}}, {"type": "Feature", "properties": {"band": "light", "dbz": 30.0, "source": "OPERA-ORD", "time": "20260907002000"}, "geometry": {"type": "Polygon", "coordinates": [[[8.172418186179778, 54.3752561725714], [8.164726370993218, 54.37513905358789], [8.15890706501434, 54.37617356680716], [8.154960268243144, 54.378359712229226], [8.152885910405915, 54.381697855386115], [8.152683991502657, 54.38618799627783], [8.152482020040953, 54.390678132794505], [8.152279996020804, 54.39516826493614], [8.150204269932136, 54.3985062535999], [8.146254841774951, 54.40069209878578], [8.140431782290815, 54.40172543468272], [8.132735091479727, 54.401606261290695], [8.126911209254795, 54.402639212440334], [8.122960135616019, 54.404824288131636], [8.119008638627495, 54.40700923234246], [8.115056718289228, 54.409194045072816], [8.111208015579185, 54.40913371284444], [8.107462530497369, 54.40682823565734], [8.10569337509768, 54.403430479259825], [8.105900549380124, 54.39894044365187], [8.106107669753362, 54.39445040365911], [8.106314736217394, 54.389960359281545], [8.104546731015343, 54.3865624922275], [8.10080365414721, 54.38425680249698], [8.095085578042019, 54.38304292450287], [8.087392502699768, 54.38292085824517], [8.081570125881315, 54.38395162193335], [8.077618447586659, 54.3861352155674], [8.073666346364115, 54.38831867760243], [8.069713822213682, 54.39050200803843], [8.065760875022276, 54.3926852068302], [8.061807504789895, 54.39486827397772], [8.059724710301827, 54.39820478036844], [8.059512491558074, 54.40269472600235], [8.059300217552636, 54.40718466724109], [8.059087888285513, 54.41167460408466], [8.06085353311856, 54.415073032285555], [8.064597152051778, 54.41737995184377], [8.068341188866748, 54.419686754797844], [8.072085643563474, 54.42199344114778], [8.071979816855727, 54.42423841058576], [8.068023708743508, 54.42642166311181], [8.064067176708136, 54.42860478387094], [8.060110220749609, 54.43078777286314], [8.05802541209928, 54.43412422267822], [8.057812750757149, 54.43861413331618], [8.059579409835202, 54.442012564639896], [8.063325389333437, 54.44431951664939], [8.069050763451813, 54.445534623096734], [8.07675553219033, 54.44565788398195], [8.084460344150719, 54.445780652186954], [8.09216519933298, 54.44590292771172], [8.097995778704458, 54.4448719510154], [8.101952082265152, 54.442687722097986], [8.105907961586508, 54.440503361517685], [8.109863416668526, 54.438318869274504], [8.115692814408467, 54.437286760797846], [8.12339615480633, 54.437407036087706], [8.12912261026499, 54.43861957222587], [8.13287218078445, 54.44092436921233], [8.134644794775404, 54.44432179326211], [8.134440452237854, 54.448811844375214], [8.134236056422223, 54.453301891202145], [8.134031607328511, 54.457791933742904], [8.135805376855814, 54.46118924688346], [8.13955736500413, 54.463493830623804], [8.145287643141977, 54.46470531845192], [8.152996211269354, 54.46482371036782], [8.160704820953974, 54.46494160931932], [8.16841347219584, 54.46505901530644], [8.174244842565638, 54.46402435422958], [8.178198932063374, 54.46183762608875], [8.182152596912378, 54.45965076652435], [8.186105837112652, 54.45746377553636], [8.189959802452595, 54.45752173196462], [8.193714492932205, 54.45982463580913], [8.195492936284865, 54.46322116228447], [8.195295132510577, 54.46771131139064], [8.195097277135677, 54.47220145626922], [8.194899370160167, 54.47669159692019], [8.196678974007476, 54.480088011848956], [8.2004360886776, 54.48239070105549], [8.206170783288101, 54.48359929777769], [8.213883057838977, 54.48371380201552], [8.221595372623781, 54.48382781301429], [8.229307727642517, 54.48394133077399], [8.235140237676148, 54.482903729575376], [8.239092902724677, 54.48071500941846], [8.241165655094854, 54.47737553709251], [8.241358494786681, 54.472885312597526], [8.241551284197273, 54.46839508389749], [8.24174402332663, 54.46390485099239], [8.239961721646868, 54.460509000988694], [8.236204379157986, 54.45820753388638], [8.230472063434366, 54.457000083185065], [8.222764774476008, 54.45688664888476], [8.21703331974455, 54.45567884136302], [8.213277699239992, 54.45337666061983], [8.209522497754996, 54.45107436261932], [8.205767715289568, 54.44877194736149], [8.202013351715266, 54.44646941488802], [8.198259407032094, 54.4441667651989], [8.196481182011462, 54.44077035303548], [8.196678676653377, 54.43628017839779], [8.196876119851641, 54.43178999947716], [8.197073511606256, 54.42729981627362], [8.19727085195636, 54.42280962877332], [8.197468140901949, 54.41831943697626], [8.197665378482128, 54.41382924086862], [8.197862564696894, 54.40933904045038], [8.196086185152181, 54.405942517901465], [8.192336239847991, 54.40363967322186], [8.188586712309469, 54.40133671150115], [8.184837602536616, 54.399033632739346], [8.183062378681608, 54.39563699863351], [8.183261040744448, 54.391146809183674], [8.183459651122199, 54.38665661537414], [8.183658209814865, 54.38216641720492], [8.181884140314164, 54.37876967160602], [8.178137442620093, 54.37646637857744], [8.172418186179778, 54.3752561725714]]]}}, {"type": "Feature", "properties": {"band": "light", "dbz": 30.0, "source": "OPERA-ORD", "time": "20260907002000"}, "geometry": {"type": "Polygon", "coordinates": [[[7.616639769962149, 54.401478791315114], [7.60894464313855, 54.40132612794117], [7.603107618706292, 54.40233367478904], [7.599128696665375, 54.40450143185873], [7.597007785423102, 54.407829764582445], [7.596744884979474, 54.4123186729602], [7.598472285965317, 54.41572372157317], [7.602189988380634, 54.418044910421386], [7.605908107625062, 54.42036598445206], [7.609626643698602, 54.4226869436652], [7.609495511303145, 54.42493140028789], [7.605514710438689, 54.42709935432012], [7.599674278468111, 54.42810645135019], [7.591974215391412, 54.427952691378096], [7.584274206549368, 54.4277984391629], [7.576574251941978, 54.4276436947046], [7.568874351913911, 54.427488458014274], [7.561174506465164, 54.42733272909191], [7.555332578792843, 54.428337941199274], [7.5513485688969455, 54.430504094336364], [7.549222383212806, 54.433831554188274], [7.548954021740425, 54.43832032075501], [7.550678506806332, 54.44172602991412], [7.554395838410526, 54.44404868166561], [7.558113587358741, 54.4463712187158], [7.561831753650975, 54.44869364106467], [7.565550337417865, 54.451015948671284], [7.569269338659413, 54.45333814153564], [7.572988757506278, 54.455660219616746], [7.576708593958461, 54.457982182914606], [7.580428848146653, 54.46030403138824], [7.584149520070852, 54.46262576503764], [7.58986325621078, 54.463863587196805], [7.597570056566434, 54.464017497865726], [7.603415677947362, 54.46301052285237], [7.607400120353564, 54.46084266215675], [7.611384137725551, 54.45867466778417], [7.615367730063323, 54.45650653973463], [7.619220789707061, 54.45658274662506], [7.622943316656766, 54.45890328845544], [7.6266662614759575, 54.461223715280354], [7.630389624164637, 54.463544027099815], [7.636104866830644, 54.46477966010559], [7.643811989473975, 54.464930614297685], [7.64965658763303, 54.46392139408376], [7.653638661307806, 54.4617519994638], [7.657620309954608, 54.45958247134685], [7.661601533573437, 54.457412809732894], [7.667444969376948, 54.45640245222525], [7.675150617365141, 54.45655139882391], [7.680993233080967, 54.455540652440604], [7.684972816524425, 54.45337021307533], [7.688951975166213, 54.4511996403646], [7.692930709006328, 54.44902893430843], [7.696909018156736, 54.44685809495256], [7.70088690261744, 54.444687122297005], [7.703001607525458, 54.441357066820906], [7.703253132880791, 54.436867928524265], [7.703504592731944, 54.4323787856825], [7.703755987078916, 54.42788963829562], [7.702019734657091, 54.42448600651629], [7.698295835466469, 54.42216789034452], [7.694445880530118, 54.42209421921975], [7.690469869848036, 54.42426499314199], [7.686493435027623, 54.42643563381337], [7.682516576068881, 54.42860614123387], [7.678666673105475, 54.42853197785598], [7.674943726137408, 54.42621314367969], [7.671221196304693, 54.42389419440378], [7.66749908360733, 54.42157513002824], [7.661788623463825, 54.420340705267165], [7.654089815874175, 54.420190920120575], [7.646391061098459, 54.420040642807535], [7.6386923591366775, 54.419889873328046], [7.632983262577859, 54.41865436762216], [7.629263771422007, 54.416334125689865], [7.627533795158394, 54.41292951318154], [7.62779333378702, 54.40844053009718], [7.626064160669488, 54.40503580966677], [7.622346275805795, 54.40271535189031], [7.616639769962149, 54.401478791315114]]]}}, {"type": "Feature", "properties": {"band": "light", "dbz": 30.0, "source": "OPERA-ORD", "time": "20260907002000"}, "geometry": {"type": "Polygon", "coordinates": [[[8.692976137413497, 54.4629040287814], [8.685266762617827, 54.46282017402005], [8.679448395901574, 54.463879827112564], [8.675521037264737, 54.46608298805893], [8.673484636003664, 54.469430023651555], [8.673339192118355, 54.47392093389044], [8.67515827247531, 54.477310274033684], [8.678941877074527, 54.479598044081285], [8.684690056669355, 54.480783877052566], [8.692402811259791, 54.48086777294755], [8.698222918184616, 54.47980777352967], [8.702150377443832, 54.477603878798924], [8.704185139118865, 54.4742564557473], [8.704327203209715, 54.46976550437479], [8.70250638264419, 54.46637651055691], [8.698722677422285, 54.464089474293694], [8.692976137413497, 54.4629040287814]]]}}, {"type": "Feature", "properties": {"band": "light", "dbz": 30.0, "source": "OPERA-ORD", "time": "20260907002000"}, "geometry": {"type": "Polygon", "coordinates": [[[11.051216579245166, 54.41149931349246], [11.043516422368416, 54.41156630294149], [11.03776952859698, 54.412739189287834], [11.033975897930857, 54.41501797253151], [11.030181847585236, 54.417296635676664], [11.026387377560122, 54.419575178723285], [11.022592487730167, 54.42185360162898], [11.018797178095372, 54.42413190439373], [11.018853258769916, 54.42637756126038], [11.022760729753793, 54.42859057222891], [11.026668623848538, 54.43080345500659], [11.03057694105415, 54.43301620959343], [11.032587645976566, 54.43636823372383], [11.032700738615786, 54.440859527397784], [11.034712303397475, 54.444211417237646], [11.038622340321632, 54.446423903243414], [11.04443080964925, 54.447496618696405], [11.052137711380322, 54.44742956359662], [11.057947014465789, 54.44850190013147], [11.061858718905654, 54.450713628300946], [11.065770847043266, 54.45292522805684], [11.069683398878627, 54.45513669939915], [11.075493921902277, 54.45620791318448], [11.083202416114217, 54.45613886941283], [11.088953790044044, 54.45496409843128], [11.09274804369176, 54.45268360023983], [11.092688498461857, 54.45043798845197], [11.08877515435434, 54.44822726306768], [11.084862233854539, 54.44601640919388], [11.08094973696246, 54.44380542683055], [11.077037663560844, 54.44159431602231], [11.073126013649693, 54.43938307676915], [11.069214787111765, 54.43717170911563], [11.065303983947055, 54.434960213061764], [11.063290379297616, 54.431608830612085], [11.063173973163444, 54.4271175617666], [11.063057597350486, 54.42262628889978], [11.062941251858746, 54.418135012011625], [11.06092897375554, 54.414783484867655], [11.057020763040873, 54.412571707467855], [11.051216579245166, 54.41149931349246]]]}}, {"type": "Feature", "properties": {"band": "light", "dbz": 30.0, "source": "OPERA-ORD", "time": "20260907002000"}, "geometry": {"type": "Polygon", "coordinates": [[[10.976165622680996, 54.413254436884095], [10.972368532079287, 54.41553128158107], [10.968571021669828, 54.41780800593813], [10.964773091452617, 54.42008460995529], [10.959023070323745, 54.42125345931546], [10.951320958283214, 54.42131455401864], [10.945570085076644, 54.422483040401126], [10.941770450704036, 54.42475891846291], [10.94182231658334, 54.427004613938884], [10.945725682714553, 54.42922012682904], [10.949629471884482, 54.43143551182941], [10.953533684093125, 54.43365076894001], [10.955538118470848, 54.43700408327443], [10.955642775017647, 54.44149545483268], [10.957648068128083, 54.44484863548995], [10.961553997802156, 54.447063625246216], [10.967360527250912, 54.44814005734985], [10.975067656474355, 54.44807793180087], [10.980820976808513, 54.446908318985344], [10.984620488253382, 54.44463121890328], [10.9884195792664, 54.44235399846799], [10.992218249847566, 54.440076657679484], [10.99797026147191, 54.43890594643761], [11.00567561413943, 54.43884186474237], [11.011426772394161, 54.43767079072598], [11.015223736236106, 54.435392724388436], [11.015168469689701, 54.43314706355781], [11.011260972754952, 54.43093380823411], [11.007353898916914, 54.428720424779776], [11.003447248175593, 54.42650691319481], [10.999541020413568, 54.424293273523666], [10.995635215630845, 54.42207950576635], [10.991729833710025, 54.41986560996732], [10.987824874651103, 54.417651586126574], [10.983920338336695, 54.41543743428855], [10.9800162247668, 54.413223154453256], [10.976165622680996, 54.413254436884095]]]}}, {"type": "Feature", "properties": {"band": "light", "dbz": 30.0, "source": "OPERA-ORD", "time": "20260907002000"}, "geometry": {"type": "Polygon", "coordinates": [[[10.88200100825345, 54.42184223863354], [10.874298690031846, 54.42189840714087], [10.86854555548495, 54.4230632165129], [10.864741604612755, 54.42533666674963], [10.862886870604951, 54.428719124349776], [10.862981353461542, 54.43321058931335], [10.864978655065542, 54.43656532237294], [10.868878775416954, 54.43878332352856], [10.874681681293428, 54.439864226093505], [10.882387372694959, 54.439808030067766], [10.888142160209558, 54.43864284034759], [10.891946043837223, 54.43636865693299], [10.893799057632947, 54.43298584650311], [10.893701201596734, 54.42849440905794], [10.891702247025032, 54.42514005634649], [10.887802193917844, 54.422922788368744], [10.88200100825345, 54.42184223863354]]]}}, {"type": "Feature", "properties": {"band": "light", "dbz": 30.0, "source": "OPERA-ORD", "time": "20260907002000"}, "geometry": {"type": "Polygon", "coordinates": [[[10.80480078442232, 54.41339870344824], [10.79709996275561, 54.413449933016295], [10.791345832532269, 54.41461105633977], [10.7875383937523, 54.41688207341866], [10.78567767663585, 54.42026335067803], [10.785763681182914, 54.42475488811785], [10.78775424806521, 54.42811091083917], [10.791649377282738, 54.43033141884198], [10.7974490385856, 54.43141604551329], [10.805153231973799, 54.4313647908531], [10.810909017406864, 54.43020328846799], [10.81471639488479, 54.42793153835796], [10.81657539548963, 54.42454990712909], [10.81648601922138, 54.420058394781385], [10.814493797129359, 54.416702751121704], [10.810598729213568, 54.41448297615004], [10.80480078442232, 54.41339870344824]]]}}, {"type": "Feature", "properties": {"band": "light", "dbz": 30.0, "source": "OPERA-ORD", "time": "20260907002000"}, "geometry": {"type": "Polygon", "coordinates": [[[21.42334568245087, 53.8415360729202], [21.415836570968416, 53.84226292503761], [21.408327216302343, 53.842989303770025], [21.400817618452642, 53.84371520911746], [21.395490098948738, 53.84536604004448], [21.392344657790634, 53.84794179655108], [21.391381708580067, 53.85144281782398], [21.392601251317032, 53.85586910386316], [21.39382110276624, 53.860295368726945], [21.39504126292769, 53.86472161241535], [21.39783514408076, 53.86785985933709], [21.40220274622545, 53.86971010949215], [21.40814365506177, 53.87027202345512], [21.41565787058972, 53.869545601225994], [21.423171842378668, 53.868818705295894], [21.430685570428622, 53.86809133566482], [21.43601446412912, 53.86643920721987], [21.439158523480152, 53.863862319961044], [21.44011816396474, 53.86036101315286], [21.438893385582883, 53.85593528679533], [21.437668917011347, 53.851509539129125], [21.43644475825014, 53.847083770154256], [21.433649568700176, 53.84394632596549], [21.42928334836145, 53.842097206562826], [21.42334568245087, 53.8415360729202]]]}}, {"type": "Feature", "properties": {"band": "light", "dbz": 30.0, "source": "OPERA-ORD", "time": "20260907002000"}, "geometry": {"type": "Polygon", "coordinates": [[[10.957974746997525, 54.376339420901594], [10.950281051739951, 54.37640044091812], [10.942587335255729, 54.37646096892546], [10.934893597544853, 54.376521004923625], [10.929148518005771, 54.377688711206936], [10.92535209663849, 54.37996408777539], [10.923504368851995, 54.383347500599754], [10.923605334646293, 54.387838949679995], [10.925605352179597, 54.3911927032274], [10.929504421451904, 54.39340876124196], [10.93340391286712, 54.395624691541215], [10.937303826425248, 54.39784049412517], [10.941204162243686, 54.4000561689495], [10.945104920322432, 54.40227171601419], [10.948953881455314, 54.40224143350124], [10.952751045642323, 54.39996532141064], [10.956547790426432, 54.39768908896896], [10.960344115807644, 54.39541273617621], [10.964140021910804, 54.3931362630748], [10.96793550873592, 54.39085966966473], [10.96978024616288, 54.38747567062707], [10.969674234191686, 54.382984265961824], [10.967671319811144, 54.379631150445235], [10.963771503021256, 54.377416324077295], [10.957974746997525, 54.376339420901594]]]}}, {"type": "Feature", "properties": {"band": "light", "dbz": 30.0, "source": "OPERA-ORD", "time": "20260907002000"}, "geometry": {"type": "Polygon", "coordinates": [[[10.678617636925212, 54.23449112063299], [10.670950078490039, 54.234534258439645], [10.66521733873574, 54.23568937736059], [10.661419417662316, 54.23795647739584], [10.659556340387892, 54.241335922998495], [10.659628106912468, 54.245827714168556], [10.661599668303541, 54.24918595016237], [10.665471024561112, 54.25141063097993], [10.669342799193698, 54.253635185549726], [10.673214992201297, 54.255859613871735], [10.675187844404185, 54.259217710015506], [10.675261355802363, 54.26370947398104], [10.67723505373327, 54.26706743909534], [10.68110893819691, 54.269291605358426], [10.68498324148715, 54.271515645258596], [10.688857963603983, 54.273739558795846], [10.692733104664628, 54.27596334592644], [10.69660866466908, 54.27818700665039], [10.700484643734562, 54.28041054092392], [10.704361041861073, 54.28263394874703], [10.708237859165848, 54.28485723007594], [10.712115095648887, 54.287080384910645], [10.715953429050584, 54.28705756006961], [10.719752859370944, 54.284788755552846], [10.723551872655573, 54.282519830105265], [10.727350468904476, 54.28025078372686], [10.731148648240447, 54.27798161646], [10.734946410663486, 54.27571232830468], [10.736805174728158, 54.2723318284246], [10.736724940434458, 54.26784011681976], [10.734746660495775, 54.26448304358083], [10.730870334912108, 54.262260608707805], [10.726994427987895, 54.26003804732066], [10.72311893972313, 54.257815359419375], [10.719243870000899, 54.25559254504772], [10.715369218821197, 54.25336960420567], [10.709596476107402, 54.252280693977674], [10.701925641859516, 54.25232581436371], [10.696153727073188, 54.25123652979722], [10.692280731748417, 54.24901284027821], [10.69030668218894, 54.245655110436964], [10.69023157839476, 54.24116334027348], [10.688258373908951, 54.23780547932622], [10.684387068731517, 54.23558152759518], [10.678617636925212, 54.23449112063299]]]}}, {"type": "Feature", "properties": {"band": "light", "dbz": 30.0, "source": "OPERA-ORD", "time": "20260907002000"}, "geometry": {"type": "Polygon", "coordinates": [[[12.099775600889949, 54.12814922465087], [12.092130365279246, 54.128283161344605], [12.084485083583399, 54.12841660964273], [12.076839755802407, 54.128549569545214], [12.06919438227255, 54.128682041042794], [12.061548962993825, 54.12881402413545], [12.05390349830254, 54.12894551881392], [12.046257988198693, 54.129076525078226], [12.040578977896294, 54.13029709783131], [12.036866467395342, 54.13260723707317], [12.035120533308174, 54.136007305472454], [12.035341175634787, 54.14049730302917], [12.035561875014762, 54.14498729573367], [12.0357826314481, 54.14947728358595], [12.036003444977874, 54.15396726659977], [12.036224315604086, 54.15845724477512], [12.0383030411247, 54.16179212657241], [12.04223962153971, 54.163971911991645], [12.046176619586346, 54.166151566053934], [12.050114035264603, 54.168331088759274], [12.054051868684994, 54.17051048006292], [12.057990119847515, 54.172689739964895], [12.063786097515882, 54.17371329827258], [12.071439801690094, 54.17358115498599], [12.079093459935782, 54.17344852270288], [12.086747072252944, 54.173315401423245], [12.092430337590887, 54.172092918843504], [12.096143255949608, 54.16978107496365], [12.099855762791677, 54.16746911577837], [12.103567858117094, 54.16515704128766], [12.107279542052334, 54.16284485153212], [12.110990814597399, 54.16053254651176], [12.112731872132436, 54.15713148532805], [12.112502714657444, 54.15264166798099], [12.112273616416962, 54.14815184575257], [12.11204457741099, 54.143662018642814], [12.111815597594841, 54.13917218663799], [12.111586676968523, 54.13468234973812], [12.109503717165346, 54.13134863754214], [12.105566718185315, 54.12917105005005], [12.099775600889949, 54.12814922465087]]]}}, {"type": "Feature", "properties": {"band": "light", "dbz": 30.0, "source": "OPERA-ORD", "time": "20260907002000"}, "geometry": {"type": "Polygon", "coordinates": [[[16.232250601590927, 53.98387323938992], [16.224654835571602, 53.984270747215916], [16.21912537524653, 53.98568683913682], [16.215662220615712, 53.988121515152635], [16.214265602139314, 53.991575130691174], [16.214935519817338, 53.996047685752444], [16.21733782339668, 53.99930285507729], [16.22147251287734, 54.001340638665695], [16.227339357577215, 54.002160680913455], [16.234938357496297, 54.001762981820576], [16.240469203814172, 54.000346438775985], [16.24393189653083, 53.997911051779674], [16.2453266671004, 53.994457176384316], [16.244653515522884, 53.98998481258989], [16.242249825950744, 53.98673009438873], [16.23811559838397, 53.984693021780856], [16.232250601590927, 53.98387323938992]]]}}, {"type": "Feature", "properties": {"band": "light", "dbz": 30.0, "source": "OPERA-ORD", "time": "20260907002000"}, "geometry": {"type": "Polygon", "coordinates": [[[10.599335916316564, 54.05522353386607], [10.591701401965334, 54.05526158491219], [10.585991197773565, 54.05641294528226], [10.58220530374125, 54.058677614976304], [10.580343741747832, 54.062055956476286], [10.580406511793313, 54.06654796978221], [10.578544132963899, 54.069926190425015], [10.574756605259589, 54.072190618404704], [10.57096866529052, 54.074454925472224], [10.567180313056689, 54.07671911162758], [10.565316727733627, 54.080097206847235], [10.565377909321338, 54.084589211131195], [10.56733409368453, 54.08794911793735], [10.571185280823206, 54.0901769272657], [10.575005448674085, 54.09015861793878], [10.578794597237168, 54.08789418995658], [10.582583333230055, 54.08562964105455], [10.586371656652748, 54.083364971232704], [10.590159567625529, 54.08110018053301], [10.593947066148399, 54.07883526895546], [10.597734152341626, 54.07657023654204], [10.60152082620521, 54.07430508329274], [10.605307087859401, 54.0720398092495], [10.6090929373042, 54.06977441441234], [10.610952825433973, 54.06639571955195], [10.610886752248716, 54.06190372466834], [10.60892858011511, 54.058544422505655], [10.605078309033155, 54.05631781306389], [10.599335916316564, 54.05522353386607]]]}}, {"type": "Feature", "properties": {"band": "light", "dbz": 30.0, "source": "OPERA-ORD", "time": "20260907002000"}, "geometry": {"type": "Polygon", "coordinates": [[[11.316898236199354, 54.049468954723565], [11.309265692906013, 54.049552850687064], [11.3035763519922, 54.05073842425334], [11.299830213457913, 54.053025675422376], [11.29990078957842, 54.05527133811184], [11.303788080353725, 54.05747541232172], [11.307675785573405, 54.05967935838777], [11.311563905237463, 54.06188317630998], [11.315452439458547, 54.064086866044605], [11.319341388236655, 54.066290427591625], [11.323158882762865, 54.06624822049771], [11.326904923037173, 54.063960244762875], [11.328706111332249, 54.060570611814114], [11.328562447648089, 54.05607932165144], [11.326546588816012, 54.05273200911303], [11.32265853483602, 54.05052867419889], [11.316898236199354, 54.049468954723565]]]}}, {"type": "Feature", "properties": {"band": "light", "dbz": 30.0, "source": "OPERA-ORD", "time": "20260907002000"}, "geometry": {"type": "Polygon", "coordinates": [[[11.287197717402984, 54.01497306524364], [11.283453877964998, 54.01725981786497], [11.279709628846522, 54.01954645245103], [11.275964970047557, 54.02183296900182], [11.272219901445965, 54.02411936747622], [11.268474423041743, 54.02640564787422], [11.268543242924878, 54.02865134457119], [11.272426361095372, 54.03085645756711], [11.278182600429925, 54.03191806110337], [11.285811960928541, 54.03183615517995], [11.291498938581515, 54.03065170265826], [11.295243533388845, 54.0283647035383], [11.297045793617858, 54.024975519810695], [11.296905719268548, 54.02048415147544], [11.294894170850917, 54.017136272714104], [11.291011148364959, 54.01493188352668], [11.287197717402984, 54.01497306524364]]]}}, {"type": "Feature", "properties": {"band": "light", "dbz": 30.0, "source": "OPERA-ORD", "time": "20260907002000"}, "geometry": {"type": "Polygon", "coordinates": [[[22.753438091086032, 53.294757945233236], [22.74604564127139, 53.29556759491412], [22.740835612186643, 53.297277353056735], [22.737808003831788, 53.29988721966108], [22.736963261660875, 53.30339752338748], [22.7383013856739, 53.30780826423594], [22.741154049027084, 53.31091397777124], [22.745521251720426, 53.31271466399338], [22.75140254788843, 53.31320999409356], [22.75879793753108, 53.312399968071794], [22.76400899055071, 53.3106896930728], [22.767035706947315, 53.3080791690966], [22.767878533225193, 53.3045687248547], [22.766537469384353, 53.300158360347076], [22.763683782096287, 53.29705316366815], [22.759317471360998, 53.29525313481791], [22.753438091086032, 53.294757945233236]]]}}, {"type": "Feature", "properties": {"band": "light", "dbz": 30.0, "source": "OPERA-ORD", "time": "20260907002000"}, "geometry": {"type": "Polygon", "coordinates": [[[15.851191366035117, 53.77791707689728], [15.843629799970337, 53.77829009163777], [15.836068108338019, 53.77866262521658], [15.828506291138162, 53.77903467763372], [15.822990576520338, 53.780432347563774], [15.819520964484548, 53.782855635006754], [15.81809766826531, 53.78630489397272], [15.818720687862621, 53.79078012446166], [15.81934386656719, 53.79525534579021], [15.819967204379013, 53.79973055795835], [15.822326470298595, 53.80299406437991], [15.826421664325935, 53.80504586505489], [15.830517267652764, 53.80709752082353], [15.834613280279088, 53.80914903168582], [15.836974076097732, 53.812412330417814], [15.837599655108697, 53.81688741701951], [15.839961341314593, 53.82015054392558], [15.84405913471542, 53.822201711136024], [15.849892820846529, 53.82304056422292], [15.857462399707922, 53.82266710318626], [15.862982279602686, 53.821268103233166], [15.866452460530821, 53.81884356436362], [15.867873157721043, 53.81539384095757], [15.867244371173353, 53.810918933015024], [15.866615745179605, 53.806444015863306], [15.865987279739798, 53.80196908950242], [15.865358974734683, 53.79749415392166], [15.864730830164257, 53.79301920912101], [15.86410284590938, 53.78854425508975], [15.863475021970052, 53.78406929182789], [15.861113869767168, 53.78080650002947], [15.857019389300728, 53.778755879694515], [15.851191366035117, 53.77791707689728]]]}}, {"type": "Feature", "properties": {"band": "light", "dbz": 30.0, "source": "OPERA-ORD", "time": "20260907002000"}, "geometry": {"type": "Polygon", "coordinates": [[[5.675304279627152, 53.65436844649746], [5.667754728952821, 53.65409231760843], [5.661976786683283, 53.655005795352494], [5.657970452818538, 53.65710887972966], [5.655735569310541, 53.660401925852184], [5.655272136159292, 53.66488493372005], [5.656812670408094, 53.668316432419395], [5.660357172056947, 53.670696421950204], [5.665905799305115, 53.67202454702354], [5.6734585521525975, 53.67230080763942], [5.679238253249208, 53.67138704054051], [5.683244902594948, 53.66928324572683], [5.685478342757002, 53.66598977852265], [5.685938573735371, 53.661506638927946], [5.684396280659497, 53.65807542958345], [5.680851463529377, 53.655696150489135], [5.675304279627152, 53.65436844649746]]]}}, {"type": "Feature", "properties": {"band": "light", "dbz": 30.0, "source": "OPERA-ORD", "time": "20260907002000"}, "geometry": {"type": "Polygon", "coordinates": [[[23.08944432033808, 52.308778738622266], [23.08222186977857, 52.3096073615629], [23.07713731682112, 52.3113307728819], [23.07419066146573, 52.3139489725793], [23.07338233455271, 52.31746227882313], [23.07471233608205, 52.32187069161341], [23.077516358863996, 52.32496991135237], [23.08179440289855, 52.32675993804], [23.087546036958255, 52.327240453368745], [23.09477126104312, 52.3264114573386], [23.09985676943709, 52.324687541283964], [23.102802562140152, 52.322068705204835], [23.103609070964424, 52.31855526731486], [23.102276295909906, 52.31414722761406], [23.099471317691446, 52.31104851261073], [23.09519413630904, 52.30925912230487], [23.08944432033808, 52.308778738622266]]]}}, {"type": "Feature", "properties": {"band": "light", "dbz": 30.0, "source": "OPERA-ORD", "time": "20260907002000"}, "geometry": {"type": "Polygon", "coordinates": [[[4.9145643020602945, 52.795510217310564], [4.907169423224193, 52.79518639754246], [4.899774647612698, 52.79486210813349], [4.892379975225808, 52.79453734908367], [4.884985406356865, 52.79421212041382], [4.87759094100587, 52.793886422123926], [4.8719120846780495, 52.794762073609526], [4.8679488373734, 52.79683907487061], [4.8657010218295165, 52.80011777087079], [4.8651686380463985, 52.80459816161007], [4.864636121595827, 52.80907854270792], [4.864103472477803, 52.81355891416436], [4.865553653916988, 52.81700084660319], [4.8689866659133845, 52.819404340024406], [4.874402686025765, 52.82076904920776], [4.881801714254131, 52.821094974153254], [4.887483475462929, 52.82021911458269], [4.891447969652161, 52.81814147049608], [4.895412076263345, 52.816063687693045], [4.899375795296482, 52.813985766173595], [4.905056615127919, 52.813108790400065], [4.9124545357576554, 52.813432760372464], [4.918134639293452, 52.81255539223439], [4.92209692573531, 52.81047668598581], [4.924341219366735, 52.8071969868573], [4.9248675201877266, 52.80271629484884], [4.923413438318253, 52.799274993432114], [4.9199789737583135, 52.79687308260712], [4.9145643020602945, 52.795510217310564]]]}}, {"type": "Feature", "properties": {"band": "light", "dbz": 30.0, "source": "OPERA-ORD", "time": "20260907002000"}, "geometry": {"type": "Polygon", "coordinates": [[[7.153035964135346, 52.85381497378164], [7.145619784488883, 52.85363347874553], [7.1399832280476705, 52.854619551855286], [7.136126294811708, 52.856773193110925], [7.13226897323004, 52.8589267039324], [7.128411263302665, 52.86108008431971], [7.124553164933388, 52.86323333423088], [7.120694678122213, 52.8653864536659], [7.118615648113678, 52.868707721928914], [7.1183160749077885, 52.87319713901992], [7.119946514311352, 52.8766100177221], [7.123506966324369, 52.87894635803543], [7.128997531098491, 52.88020581130867], [7.13641820863372, 52.88038837754185], [7.141909568286447, 52.881647496084625], [7.1454716100566715, 52.88398316693703], [7.149034032767714, 52.88631872847146], [7.152596836419576, 52.88865418068791], [7.158089463358505, 52.8899122665143], [7.165511913584503, 52.89009298595065], [7.172934421618386, 52.890273233040354], [7.180356987460154, 52.890453007783414], [7.185996967335453, 52.88946526110153], [7.189854361244282, 52.88730999299468], [7.1919290712280235, 52.88398755227947], [7.192221097286678, 52.8794979389559], [7.190585196203305, 52.87608598052581], [7.187021367977901, 52.87375167698921], [7.183457920515764, 52.871417264025126], [7.179894853816893, 52.86908274163355], [7.176332167765424, 52.86674810985127], [7.172769862361359, 52.864413368678285], [7.169207937488858, 52.862078518151364], [7.165646393147924, 52.85974355827052], [7.162085229222736, 52.8574084890725], [7.158524445713297, 52.85507331055729], [7.153035964135346, 52.85381497378164]]]}}, {"type": "Feature", "properties": {"band": "light", "dbz": 30.0, "source": "OPERA-ORD", "time": "20260907002000"}, "geometry": {"type": "Polygon", "coordinates": [[[7.844964380595416, 52.71694381214006], [7.841155200117756, 52.71912091124682], [7.837345634632186, 52.721297882962375], [7.833535684138704, 52.723474727286735], [7.82972534853941, 52.725651444178816], [7.825914627834301, 52.727828033638616], [7.822103521925469, 52.730004495625046], [7.818292030812915, 52.73218083013811], [7.814480154398726, 52.734357037136704], [7.810667892682902, 52.73653311662081], [7.806855245567528, 52.73870906854933], [7.803042213052601, 52.74088489292227], [7.799228795040201, 52.74306058969846], [7.795414991530327, 52.745236158877915], [7.795301131414107, 52.74748183407213], [7.7988872146915424, 52.74979761528112], [7.804380629869236, 52.751025268615834], [7.811781376947188, 52.75116479407629], [7.817275576545069, 52.75239210862409], [7.820863228662879, 52.754707212259255], [7.82254425788393, 52.758110452868905], [7.822318664208223, 52.76260183045305], [7.824000427948366, 52.76600496407666], [7.8275895491043626, 52.7683198537397], [7.833086102864469, 52.7695461513757], [7.840490089228684, 52.769683856984656], [7.84609874893451, 52.768664101780715], [7.849912081981948, 52.766486885763875], [7.851930013904279, 52.763152557017435], [7.852152544701504, 52.758661115541386], [7.854169680126116, 52.755326647870874], [7.857981420178112, 52.7531491540059], [7.863587838955667, 52.75212828602484], [7.870988936458776, 52.75226404392771], [7.876594608465034, 52.751242805211966], [7.880404854974439, 52.74906456987761], [7.884214715912311, 52.74688620723137], [7.88802419127865, 52.74470771727324], [7.893628798248165, 52.74368539377896], [7.901028536820855, 52.74381923674852], [7.906632397063017, 52.742796542814965], [7.910440378974653, 52.740617311978276], [7.912452410291384, 52.737281892095794], [7.91266849101321, 52.73279028316752], [7.910981345520879, 52.72938830508511], [7.907390973814392, 52.72707595784856], [7.90189744809045, 52.72585289377085], [7.894500768349053, 52.72571911285196], [7.887104131268148, 52.725584861284574], [7.879707536847736, 52.72545013906871], [7.872310985385955, 52.725314946213004], [7.864914476882807, 52.72517928271745], [7.85942262663858, 52.72395448317669], [7.855835434653274, 52.72164054759072], [7.852248621704028, 52.719326500494965], [7.84866218779084, 52.71701234188944], [7.844964380595416, 52.71694381214006]]]}}, {"type": "Feature", "properties": {"band": "light", "dbz": 30.0, "source": "OPERA-ORD", "time": "20260907002000"}, "geometry": {"type": "Polygon", "coordinates": [[[6.923259281197159, 52.533145067778634], [6.915898441359392, 52.53294912541967], [6.908537663202564, 52.53275271517187], [6.901176946726672, 52.532555837035225], [6.893816292223555, 52.53235849102222], [6.886455699693213, 52.53216067713284], [6.880854949288183, 52.533134437654304], [6.877014041008466, 52.53527977258661], [6.874932868439263, 52.53859702680798], [6.874611431580575, 52.54308620031839], [6.874289915003607, 52.547575365811554], [6.8739683187083624, 52.55206452328747], [6.8755683488383905, 52.55548105162319], [6.879090005393691, 52.55782495081874], [6.884533394966245, 52.55909587573786], [6.891898517556051, 52.55929382638054], [6.899263702258644, 52.55949130882486], [6.9066289490740225, 52.559688323070816], [6.913994257709696, 52.55988486910591], [6.921359628165665, 52.560080946930135], [6.9269625970396245, 52.559105497949886], [6.930803164331573, 52.55695852216515], [6.932881225153844, 52.55364036477207], [6.933196779506435, 52.549151025770655], [6.933512255632289, 52.54466167879847], [6.933827653531406, 52.540172323855494], [6.932223939639734, 52.53675649452754], [6.928701113957272, 52.534414190814594], [6.923259281197159, 52.533145067778634]]]}}, {"type": "Feature", "properties": {"band": "light", "dbz": 30.0, "source": "OPERA-ORD", "time": "20260907002000"}, "geometry": {"type": "Polygon", "coordinates": [[[4.768868777588067, 52.4016503514224], [4.76154122276533, 52.40131763555554], [4.755911265177419, 52.40218803179736], [4.751978904824336, 52.404261540147836], [4.749743964612231, 52.407538501435404], [4.749206444541105, 52.41201891566007], [4.75063584815933, 52.41546261389308], [4.754032175466908, 52.41786959613443], [4.7593956037213045, 52.41923952139228], [4.76672613292252, 52.419572389666605], [4.774056765628147, 52.41990479290946], [4.781387501838187, 52.42023673112086], [4.787018906607136, 52.419365353618524], [4.790950979934996, 52.41729066040247], [4.791217946779912, 52.415050363256576], [4.787819807141883, 52.41264446218082], [4.784422032228782, 52.41023846126196], [4.781024622040606, 52.40783236049998], [4.777627576459748, 52.4054261599282], [4.774230895486206, 52.40301985954662], [4.768868777588067, 52.4016503514224]]]}}, {"type": "Feature", "properties": {"band": "light", "dbz": 30.0, "source": "OPERA-ORD", "time": "20260907002000"}, "geometry": {"type": "Polygon", "coordinates": [[[4.753328411756236, 52.34688507040667], [4.760646854471677, 52.34721825832247], [4.7679654003570615, 52.347550982067006], [4.775284049412389, 52.34788324164025], [4.7809062345210895, 52.34701208301608], [4.784831955683165, 52.3449375061945], [4.787061037353297, 52.34165985150728], [4.787593479531487, 52.33717911895442], [4.786163801912924, 52.333735712678184], [4.782772004497609, 52.331329632678575], [4.779380570161313, 52.32892345301163], [4.775989498904034, 52.326517173677374], [4.772598790608905, 52.324110794708915], [4.769208445275929, 52.32170431610626], [4.765551023735066, 52.32153804921829], [4.761626525986317, 52.323611994044995], [4.757701651055552, 52.32568580126723], [4.753776398942767, 52.327759470885], [4.75127762726441, 52.333276848382596], [4.75020533602048, 52.342237933760046], [4.753328411756236, 52.34688507040667]]]}}, {"type": "Feature", "properties": {"band": "light", "dbz": 30.0, "source": "OPERA-ORD", "time": "20260907002000"}, "geometry": {"type": "Polygon", "coordinates": [[[4.8516322671008645, 52.32429392946856], [4.844317040241513, 52.323966536712774], [4.838698772642382, 52.32484106689925], [4.83477746430347, 52.326917520028], [4.832552941695111, 52.330196236290526], [4.832025204817304, 52.334677215686824], [4.83345886275313, 52.33812000600492], [4.836853915502587, 52.340524607244795], [4.842210536755373, 52.34189067905206], [4.849528726511487, 52.342218221426705], [4.856847017667768, 52.342545299611366], [4.864165410224216, 52.342871913606054], [4.869785113980819, 52.34199640301315], [4.873706128937576, 52.33991876783265], [4.873968210039715, 52.33767818984846], [4.870571357287239, 52.33527466906057], [4.867174867959452, 52.332871048289206], [4.863778742056354, 52.33046732753439], [4.860382979461239, 52.32806350682935], [4.856987580174106, 52.32565958617408], [4.8516322671008645, 52.32429392946856]]]}}, {"type": "Feature", "properties": {"band": "light", "dbz": 30.0, "source": "OPERA-ORD", "time": "20260907002000"}, "geometry": {"type": "Polygon", "coordinates": [[[8.25289477595609, 52.04946587167976], [8.24187908133368, 52.05154551620052], [8.236192551778231, 52.05707864400661], [8.235835187289748, 52.06606525509801], [8.232012568643388, 52.07050227759852], [8.224724695839155, 52.070389711508156], [8.219394491439395, 52.06693516597101], [8.216021955444111, 52.06013864098709], [8.210784048732837, 52.05443679180341], [8.203680771305574, 52.049829618419956], [8.194620019163319, 52.04856305202219], [8.183601792306069, 52.0506370926101], [8.174357352292908, 52.05386259633653], [8.166886699123836, 52.05823956320147], [8.157639778692152, 52.06146327937252], [8.146616590997855, 52.06353374484968], [8.139141484123677, 52.06790921946144], [8.135214458069616, 52.07458970320782], [8.13680152776907, 52.08023557370495], [8.143902693222037, 52.08484683095282], [8.143713411389083, 52.089339905272716], [8.136233682270209, 52.093714796664635], [8.134175253427433, 52.099301645657434], [8.137538124860754, 52.10610045225111], [8.144736805627602, 52.10846474281635], [8.155771295727975, 52.10639451735313], [8.16680474647201, 52.104323227465144], [8.17783715785971, 52.102250873152386], [8.187091160262302, 52.099025593289575], [8.194566753679783, 52.0946473878767], [8.202040860294678, 52.09026868530896], [8.209513480106985, 52.08588948558638], [8.214936965495266, 52.08709813173442], [8.218311316459527, 52.0938946237531], [8.216261359131085, 52.099482676418816], [8.208787093509944, 52.10386228973158], [8.204867793774131, 52.1105452553533], [8.204503459923647, 52.11953157328399], [8.20058110324435, 52.12621399985467], [8.193100723736237, 52.13059253506534], [8.191047684011435, 52.13618033761438], [8.19442198406994, 52.14297740750177], [8.201629642491682, 52.14533811662979], [8.212670659276657, 52.143262464998436], [8.221841017052625, 52.142281024693126], [8.22914071581959, 52.14239379571386], [8.230830425971423, 52.14579190045521], [8.226910147508127, 52.152475338917185], [8.222988666325723, 52.15915862451824], [8.219065982424208, 52.16584175725839], [8.215142094533164, 52.1725247370445], [8.211217002652589, 52.179207563876574], [8.207290705510399, 52.185890237661255], [8.203363203106592, 52.19257275839857], [8.19943449416742, 52.19925512599497], [8.195504578692884, 52.20593734045045], [8.18622900480618, 52.209162696318884], [8.171607772507308, 52.20893119360026], [8.156986684147585, 52.20869783264662], [8.142365739727012, 52.20846261345798], [8.131304420241122, 52.21053192234557], [8.123802725689917, 52.214905759309374], [8.112740139853576, 52.216972253488336], [8.098116662732103, 52.21673140488244], [8.087247006550758, 52.21430369274175], [8.080131171309546, 52.20968911706626], [8.073016811679011, 52.205074096948486], [8.065903927659157, 52.200458632388425], [8.058792518390668, 52.19584272367571], [8.051682583873543, 52.19122637081035], [8.042597231948314, 52.18994780324792], [8.031536462614977, 52.192007020988434], [8.022251128644992, 52.195219992626804], [8.014741230038359, 52.19958671816303], [8.00733179298841, 52.201706638227364], [8.000022817495143, 52.201579752819804], [8.000123982637037, 52.19933342613121], [8.007635288414093, 52.19496765816159], [8.005961458762542, 52.19156630226713], [7.995102493682381, 52.18912935844784], [7.986122641402641, 52.1856004669756], [7.9790219019233195, 52.180979627850405], [7.9719226349279415, 52.17635834599765], [7.964824840416506, 52.171736621417324], [7.953972478881588, 52.16929526259709], [7.939365550323187, 52.16903426953696], [7.928516223204834, 52.16659157017152], [7.921424497526532, 52.16196716450079], [7.910576895956231, 52.159521711432], [7.895973418493932, 52.15925521096515], [7.885128850938973, 52.15680841893931], [7.878043193291354, 52.15218133535448], [7.8689708037637205, 52.150889065399014], [7.857911682356071, 52.15293160907292], [7.8487317887425885, 52.153884408089645], [7.841431122923276, 52.15374746244919], [7.841540185816575, 52.15150126078463], [7.849058977422482, 52.147145803095974], [7.851157620565245, 52.141564597726926], [7.847836115244862, 52.13475764467748], [7.840757896769256, 52.13012790162285], [7.829922965138429, 52.12767536856306], [7.819089224543842, 52.12522181425086], [7.808256674985497, 52.122767238686244], [7.799305007014707, 52.11922375167494], [7.792234220631474, 52.11459135321693], [7.7851648998705585, 52.10995851530906], [7.778097044731965, 52.10532523795134], [7.769037098425104, 52.10402508776838], [7.757985060949977, 52.10605806476016], [7.755992138215175, 52.109391866665156], [7.763058330220698, 52.11402649348335], [7.762830232898478, 52.11851873083221], [7.755307846248517, 52.12286857871172], [7.753199909961846, 52.12844833293124], [7.756506424038464, 52.13525799349078], [7.761695561230498, 52.14097994181846], [7.768767321537948, 52.14561417791428], [7.777721854602188, 52.149160018148216], [7.788559160423215, 52.15161746252028], [7.799397660098687, 52.15407388532645], [7.810237353628599, 52.1565292865667], [7.817316556880587, 52.1611608679155], [7.82063526985465, 52.167968629372844], [7.820302119460896, 52.17470705681403], [7.8163171056993255, 52.181376150239075], [7.808789254704028, 52.18572904346031], [7.797718566475003, 52.18776573647774], [7.790187626360257, 52.19211807795726], [7.786196434359792, 52.19878606789884], [7.780433123323814, 52.20429547713371], [7.772897693252321, 52.20864630566186], [7.76359029244751, 52.21183786855669], [7.752510920909383, 52.213870165818236], [7.748627356508628, 52.21829110579373], [7.751939599245246, 52.2251006884832], [7.7534813125986295, 52.230751502343686], [7.753252496568778, 52.23524354737518], [7.751137255774681, 52.240822813484414], [7.747135590216339, 52.2474893006714], [7.750565240643789, 52.25205253203875], [7.761426207057034, 52.254512507586476], [7.7741740927030865, 52.255883520612564], [7.788808897581948, 52.256165571117], [7.799896609352773, 52.25413034042808], [7.807437228015563, 52.24977782854581], [7.814754803726106, 52.249916993821266], [7.821849336484402, 52.25454783625446], [7.825285749796622, 52.25910933653032], [7.825064043662767, 52.26360149464884], [7.821181983390309, 52.26802426309422], [7.813639568979248, 52.27237764186645], [7.804321587182626, 52.27557239898191], [7.793228038000443, 52.2776085344406], [7.787455499435526, 52.28311863358444], [7.787003971487875, 52.29210269641341], [7.790328087867203, 52.29891086755639], [7.797427848573508, 52.30354314701338], [7.8064165087385256, 52.30708663641747], [7.817294068362256, 52.309541335768685], [7.828172831264897, 52.31199500921938], [7.839052797446451, 52.31444765676957], [7.84993396645187, 52.31689927804213], [7.860816338281154, 52.31934987303705], [7.871699912477977, 52.32179944137727], [7.882584689042339, 52.32424798306279], [7.891584563936902, 52.32778526715788], [7.898699537161667, 52.33241129366253], [7.903929467379382, 52.33812674962078], [7.907274354590047, 52.34493163503262], [7.912719476265451, 52.346154206571505], [7.920264832405593, 52.341794464237424], [7.929483833703886, 52.34083613679971], [7.940376480160332, 52.34327922425835], [7.949384838779733, 52.34681199245813], [7.956508909562091, 52.35143444139906], [7.9617485549098905, 52.35714725858129], [7.965103774823132, 52.36395044400483], [7.974117886217092, 52.36748039266377], [7.988790889091771, 52.3677371045581], [7.999693933371862, 52.37017512227574], [8.006827019057367, 52.374794445816676], [8.013961593646034, 52.3794133242864], [8.021097657137863, 52.384031757684916], [8.028235210405573, 52.388649745719874], [8.03537425344916, 52.393267288391286], [8.044499433374504, 52.39454595931415], [8.055610750181609, 52.39248575848848], [8.066721015348875, 52.39042448451695], [8.077830228876302, 52.38836213739953], [8.088938390109178, 52.386298717477224], [8.100045499047503, 52.38423422475001], [8.111151555037804, 52.38216865955902], [8.122256558080078, 52.38010202190426], [8.129786830228154, 52.3757289514981], [8.133742371482029, 52.36904944834054], [8.130265994247324, 52.36449711556541], [8.11935769852404, 52.36207195317273], [8.11221480998039, 52.35745989189058], [8.108837328616378, 52.35066093171896], [8.1054608723105, 52.34386185862916], [8.102085441062755, 52.33706267262117], [8.09494850145486, 52.33244882659075], [8.084050053486818, 52.33002032053789], [8.078797034356745, 52.324313481311144], [8.07918944406464, 52.3153283089105], [8.0777014208899, 52.307435687572976], [8.074332964832525, 52.300635617298575], [8.070965529184047, 52.29383543438688], [8.06759911394447, 52.287035138837894], [8.071456752836667, 52.2826035195464], [8.082538445860642, 52.28054057651241], [8.09352269963515, 52.2807229189043], [8.10440951416019, 52.28315054672211], [8.115297519874721, 52.285577145998595], [8.126186716778742, 52.28800271673373], [8.138955194195114, 52.28933335366942], [8.15360295212384, 52.28956905680566], [8.16637347576313, 52.29089728160825], [8.177266765112984, 52.29331802807721], [8.182527856334655, 52.29902120836962], [8.182156749428142, 52.30800682248548], [8.185543013523677, 52.31480359698521], [8.192686648621262, 52.319411531868795], [8.201710022314378, 52.32292419830873], [8.212613134603028, 52.32534159630504], [8.221820066919578, 52.32436027831878], [8.229330819264026, 52.31998024434995], [8.238627374918188, 52.31675073058531], [8.249709733882062, 52.31467173702487], [8.260791037921663, 52.312591674426784], [8.271871287036989, 52.31051054279108], [8.282950480586496, 52.308428342459194], [8.294028618570184, 52.30634507343112], [8.305105700347742, 52.30426073604846], [8.316181725919172, 52.30217533031123], [8.323679172734387, 52.29778943517633], [8.327598040793388, 52.291103050643756], [8.333219491362309, 52.28781272594179], [8.340543524441152, 52.28791846107043], [8.34786759013673, 52.288023730652384], [8.355191688449041, 52.288128534687644], [8.35902110937168, 52.283687782387794], [8.359355852904642, 52.27470147375281], [8.365055377778749, 52.269162711820094], [8.376119683993995, 52.267071496589615], [8.383605118273337, 52.26268162478709], [8.387511680616779, 52.255993096412546], [8.385888628750829, 52.25035079273858], [8.37873596267549, 52.245754713765194], [8.371584777446206, 52.24115818572143], [8.364435073062971, 52.23656120860726], [8.355416162316057, 52.23306075077194], [8.344528045205461, 52.23065681221547], [8.33738277994145, 52.226058489060016], [8.333980366524024, 52.21926578130559], [8.334233906666833, 52.21252594348621], [8.338143400369878, 52.2058389756019], [8.343669375173828, 52.204794644663075], [8.350811831078685, 52.20939295066974], [8.359907980834445, 52.210646707458466], [8.370957824441104, 52.20855591502926], [8.38200661441566, 52.20646405766476], [8.393054350758112, 52.204371135364966], [8.404101032838202, 52.2022771484705], [8.41514666065593, 52.200182096981365], [8.42261676383763, 52.195789553257036], [8.4265113423833, 52.1890995172975], [8.430404726351874, 52.182409330852664], [8.434296915743356, 52.17571899392253], [8.434536478163608, 52.168978829859086], [8.431123413612632, 52.162188838662345], [8.422114106401652, 52.158693097455995], [8.40750855653067, 52.158491606240034], [8.396636440276573, 52.15609308952719], [8.389497757639361, 52.15149754731745], [8.384226607501626, 52.14580401445541], [8.380822989863363, 52.139012490941084], [8.375554749205799, 52.1333182896588], [8.368421885528937, 52.12872141060858], [8.368586382887186, 52.12422797109146], [8.376048241280548, 52.119837971107444], [8.378079007753247, 52.114247081739094], [8.374678682305277, 52.107455302986395], [8.373061016707053, 52.1018126762276], [8.373226010958577, 52.09731920146272], [8.373390964734485, 52.092825718837865], [8.373555878034777, 52.088332228353046], [8.368128532318512, 52.08713082061358], [8.357108927585688, 52.08922149561947], [8.347869121994222, 52.09246094164204], [8.340409115544116, 52.0968491586813], [8.334728797538366, 52.10238682957045], [8.33082816797697, 52.10907395430949], [8.326926343692884, 52.11576092740485], [8.323023324686108, 52.122447748856516], [8.319119109694704, 52.12913441857306], [8.315213698718669, 52.13582093655448], [8.305961695785786, 52.13905607495622], [8.291363100896053, 52.138839833778306], [8.282370191500046, 52.13533444925495], [8.278982967597765, 52.12853992138616], [8.27924414420474, 52.121799997223945], [8.283153721320975, 52.11511467676831], [8.28706210159056, 52.108429204158426], [8.290969285013496, 52.10174357939431], [8.289363868607468, 52.096099635987784], [8.282245852372482, 52.09149737393886], [8.282418890042127, 52.08700401581453], [8.289882981616406, 52.082619561614784], [8.293787895385709, 52.075933944732995], [8.294133631350036, 52.06694716516917], [8.28888525388472, 52.06124863046516], [8.278042762989763, 52.05883834062098], [8.269066793973538, 52.05533140912901], [8.261957346836043, 52.05072783598925], [8.25289477595609, 52.04946587167976]]]}}, {"type": "Feature", "properties": {"band": "light", "dbz": 30.0, "source": "OPERA-ORD", "time": "20260907002000"}, "geometry": {"type": "Polygon", "coordinates": [[[8.185079091777201, 52.32603555281115], [8.17774905377371, 52.32591992304259], [8.170419051817985, 52.325803827328144], [8.16308908591003, 52.32568726566781], [8.155759156338494, 52.32557023806886], [8.148429263103374, 52.325452744531326], [8.142884283455025, 52.326487620880314], [8.13912421739345, 52.328674867115836], [8.137149002256496, 52.33201482699499], [8.136958638044167, 52.3365075005178], [8.136768226831185, 52.341000166462436], [8.136577768617553, 52.34549282482894], [8.138268489646832, 52.34889188418288], [8.141840389919022, 52.35119734452429], [8.147293532200113, 52.352408861838974], [8.154627916490108, 52.35252643612693], [8.161962337198293, 52.35264354415658], [8.16929679432467, 52.35276018592791], [8.176631287579937, 52.35287636143361], [8.183965816964099, 52.352992070673665], [8.191300382187837, 52.35310731364083], [8.19863498325115, 52.353222090335095], [8.20409017643564, 52.35443119114205], [8.207665961741306, 52.356734616061686], [8.211242119274337, 52.359037929040646], [8.214818649034735, 52.36134113007893], [8.21839555113083, 52.36364421913983], [8.221972825562625, 52.36594719622337], [8.225550472438474, 52.36825006129284], [8.229128491758374, 52.370552814348244], [8.232797004854326, 52.37060905631223], [8.236556011726336, 52.36841878718481], [8.240314641297614, 52.366228393151275], [8.24407289356816, 52.36403787421165], [8.247830768634673, 52.361847230405786], [8.251588266497148, 52.3596564617337], [8.251677946255914, 52.35741004505112], [8.248099807910975, 52.35510798035804], [8.24264333242424, 52.35390095852602], [8.235308519795712, 52.353788979555056], [8.229852808536133, 52.35258161895079], [8.226276198645499, 52.350278876713226], [8.222699960832195, 52.347976022501406], [8.219124095096216, 52.34567305631534], [8.215548601329372, 52.34336997819167], [8.211973479531661, 52.3410667881304], [8.208398729594903, 52.33876348616818], [8.204824351519099, 52.33646007230502], [8.20125034519609, 52.334156546577546], [8.197676710625874, 52.33185290898574], [8.194103447700313, 52.329549159566234], [8.190530556419404, 52.32724529831903], [8.185079091777201, 52.32603555281115]]]}}, {"type": "Feature", "properties": {"band": "light", "dbz": 30.0, "source": "OPERA-ORD", "time": "20260907002000"}, "geometry": {"type": "Polygon", "coordinates": [[[9.505333533695321, 52.30330114281506], [9.498005366017303, 52.303269457486465], [9.492496149626938, 52.30436910235977], [9.488805884524227, 52.306600077434965], [9.486934553570608, 52.3099627267354], [9.486882156766075, 52.31445705026109], [9.488675640949767, 52.31783588995981], [9.492315006121684, 52.32009924583157], [9.495980207533263, 52.32011532698469], [9.499671245184505, 52.31788413341917], [9.503361907839828, 52.31565281970855], [9.507052195499234, 52.31342138585283], [9.510742108263457, 52.31118983189069], [9.5144316461325, 52.308958157822126], [9.514456715683849, 52.306710986960724], [9.510817316917503, 52.30444831930648], [9.505333533695321, 52.30330114281506]]]}}, {"type": "Feature", "properties": {"band": "light", "dbz": 30.0, "source": "OPERA-ORD", "time": "20260907002000"}, "geometry": {"type": "Polygon", "coordinates": [[[7.861658469941258, 52.26428697566856], [7.861440434801311, 52.26877920424952], [7.863107107094577, 52.27218230766495], [7.866658486821055, 52.274496285914864], [7.870210236414061, 52.27681015364326], [7.873762355873594, 52.279123910850124], [7.873653630545912, 52.28137002117953], [7.8698840604310165, 52.28354848463147], [7.866223239532276, 52.28348072337791], [7.862671167849691, 52.28116673741887], [7.859119466106647, 52.27885264095533], [7.855568134303143, 52.27653843398729], [7.8520171723305205, 52.27422411655092], [7.848466580188782, 52.27190968864622], [7.846801046835003, 52.268506375985524], [7.847020572269185, 52.26401417856885], [7.849014648644645, 52.26067917949244], [7.852783275961385, 52.25850137875632], [7.856442564092624, 52.25856957413571], [7.859992513038362, 52.26088376563062], [7.861658469941258, 52.26428697566856]]]}}, {"type": "Feature", "properties": {"band": "light", "dbz": 30.0, "source": "OPERA-ORD", "time": "20260907002000"}, "geometry": {"type": "Polygon", "coordinates": [[[8.45340512318684, 52.20407485603217], [8.446094770988616, 52.20397631843377], [8.440572203331506, 52.205025590111795], [8.436837420215507, 52.20722267106625], [8.434890369382337, 52.21056790399028], [8.434731050831992, 52.215061288883874], [8.436439867499097, 52.21845614462564], [8.440016819383647, 52.220752471215576], [8.44546195879213, 52.221949925794725], [8.452775285724538, 52.22204850836309], [8.458299392685266, 52.22099891638817], [8.46203427967431, 52.21880114986996], [8.463979895077031, 52.215455551679085], [8.464136238893428, 52.21096212181554], [8.462425882922709, 52.207567586370665], [8.458848827164871, 52.20527194534447], [8.45340512318684, 52.20407485603217]]]}}, {"type": "Feature", "properties": {"band": "light", "dbz": 30.0, "source": "OPERA-ORD", "time": "20260907002000"}, "geometry": {"type": "Polygon", "coordinates": [[[8.063026584408394, 52.099246772309016], [8.055734375125272, 52.09912346122031], [8.050215654928932, 52.10015402438766], [8.046470423819377, 52.10233846181109], [8.0444986168776, 52.10567711492847], [8.0443002341036, 52.11016998373981], [8.04232766120629, 52.113508500912175], [8.038580898185666, 52.11569266644557], [8.033060010303991, 52.11672213874515], [8.025764997561266, 52.11659691781094], [8.020243386918757, 52.11762602630411], [8.016495178376463, 52.119809464224694], [8.014520305951875, 52.12314757316662], [8.014318769644989, 52.12764035312988], [8.015992077239936, 52.131041428461096], [8.01954022873672, 52.13335079916027], [8.024963290178558, 52.13456812346868], [8.032261261565457, 52.13469340138632], [8.037784417199974, 52.13366397970117], [8.041532757082107, 52.13147985841323], [8.045280724377925, 52.12929561216727], [8.049028319087427, 52.1271112409633], [8.054550438606569, 52.12608075297965], [8.061847082935357, 52.126204148216274], [8.067368479042717, 52.12517329654608], [8.071114626928651, 52.12298819796905], [8.07308546225283, 52.11964919419152], [8.073280985015252, 52.11515628521347], [8.073476459797346, 52.1106633682766], [8.073671886599112, 52.10617044338089], [8.071995372262485, 52.10277009266312], [8.068446916787465, 52.10046231612329], [8.063026584408394, 52.099246772309016]]]}}, {"type": "Feature", "properties": {"band": "light", "dbz": 30.0, "source": "OPERA-ORD", "time": "20260907002000"}, "geometry": {"type": "Polygon", "coordinates": [[[13.163581294141688, 51.999996553365506], [13.156309171666031, 52.00019725906722], [13.15093455142947, 52.001470115354735], [13.147457433432002, 52.00381512222805], [13.143979953226374, 52.00616002279317], [13.140502110812585, 52.00850481705011], [13.13702390608158, 52.01084950496424], [13.13354533903336, 52.01319408653556], [13.131964447282781, 52.016611384623175], [13.132281230829845, 52.02110139922708], [13.134338031371978, 52.024419100482454], [13.138134848909184, 52.02656448838932], [13.143671579624833, 52.02753722314593], [13.150948223518926, 52.027337304752265], [13.158224806301854, 52.02713692447653], [13.16550132797362, 52.0269360823187], [13.172777788254528, 52.02673477829113], [13.180054187144577, 52.02653301239382], [13.185430770945509, 52.02525905994544], [13.188907539657315, 52.022912920946], [13.190484598728466, 52.01949493513805], [13.190161948158956, 52.01500510252158], [13.188101646517639, 52.011688316470845], [13.184303693804521, 52.00954457698585], [13.180506111853017, 52.00740070842175], [13.176708900663126, 52.00525671077853], [13.172912060146015, 52.00311258409636], [13.169115590301683, 52.000968328375215], [13.163581294141688, 51.999996553365506]]]}}, {"type": "Feature", "properties": {"band": "light", "dbz": 30.0, "source": "OPERA-ORD", "time": "20260907002000"}, "geometry": {"type": "Polygon", "coordinates": [[[12.87148894084762, 51.98970136462021], [12.86421741819359, 51.989883520477214], [12.85883584700024, 51.9911426888596], [12.855344227267572, 51.99347886976735], [12.853742653427917, 51.996892402896854], [12.854031125481269, 52.00138328824812], [12.854319668135236, 52.005874164945254], [12.854608281389815, 52.010365032988254], [12.856643769314587, 52.013687784073525], [12.860426131909556, 52.01584241820106], [12.865955274587172, 52.01682859542327], [12.87323119734744, 52.01664631574015], [12.878761049995362, 52.0176321237209], [12.882544832530934, 52.019786019365526], [12.886328985966317, 52.021939786980774], [12.89011351030151, 52.024093426566644], [12.895644356137678, 52.02507816186801], [12.902921523474818, 52.02489399288486], [12.908305694501223, 52.0236330249814], [12.911796869216891, 52.021295258157615], [12.91339514391222, 52.017881032395366], [12.913100518587214, 52.01339034769465], [12.911061039664947, 52.010068525462415], [12.907276707145417, 52.00791556569866], [12.901747424826462, 52.006931128584604], [12.894473192708082, 52.00711521412025], [12.888944619696302, 52.00613040765321], [12.885161705791123, 52.00397670918349], [12.883124546467531, 52.00065445853793], [12.882833141725525, 51.996163655716536], [12.880796755059551, 51.99284126240231], [12.877015386469608, 51.99068727859524], [12.87148894084762, 51.98970136462021]]]}}, {"type": "Feature", "properties": {"band": "light", "dbz": 30.0, "source": "OPERA-ORD", "time": "20260907002000"}, "geometry": {"type": "Polygon", "coordinates": [[[7.193956741993384, 51.99132414945149], [7.186684780257359, 51.99114568649243], [7.1794128729874735, 51.99096676190456], [7.17214102018373, 51.99078737568787], [7.164869222125555, 51.99060752785337], [7.1575974788129475, 51.99042721840105], [7.150325790525307, 51.99024644734197], [7.143054157262633, 51.99006521467611], [7.1375279950211175, 51.99105183137867], [7.133747303800759, 51.99320629744965], [7.131711988971014, 51.99652895258038], [7.131422050531879, 52.00101979677086], [7.133023190872863, 52.004433428535634], [7.136515409993968, 52.00676984787471], [7.141898802612495, 52.008028714933765], [7.1491733687284444, 52.0082100297128], [7.156447989951146, 52.00839088267672], [7.163722666280598, 52.008571273825524], [7.170997397436989, 52.00875120314814], [7.178272183420321, 52.00893067064457], [7.18554702395075, 52.0091096763038], [7.192821919028279, 52.00928822012583], [7.198207416046031, 52.01054471139538], [7.201703515004009, 52.01287915011243], [7.20519997715032, 52.01521348126657], [7.20869680248496, 52.017547704857805], [7.212334698241084, 52.01763629402856], [7.216113664418689, 52.015479248778874], [7.218143785771622, 52.012155190742085], [7.218425062299884, 52.0076641199182], [7.216817589515099, 52.00425159175933], [7.213321367417265, 52.00191760626546], [7.209825508262486, 51.99958351320894], [7.20633001205076, 51.99724931258977], [7.202834878674022, 51.994915004442895], [7.199340108132271, 51.99258058876831], [7.193956741993384, 51.99132414945149]]]}}, {"type": "Feature", "properties": {"band": "light", "dbz": 30.0, "source": "OPERA-ORD", "time": "20260907002000"}, "geometry": {"type": "Polygon", "coordinates": [[[8.988860932848146, 51.81443801529121], [8.981613534288583, 51.81437358079855], [8.976152128825216, 51.81544877293256], [8.972476716458047, 51.81766359169324], [8.968800938563035, 51.81987828969408], [8.965124795140182, 51.82209286693508], [8.961448286094315, 51.824307323378214], [8.957771411425437, 51.826521659023484], [8.955880473375366, 51.82987618637718], [8.955775471944106, 51.83437090543931], [8.953883790874524, 51.83772530416357], [8.950205430166625, 51.83993938254997], [8.94652670346683, 51.842153340038074], [8.942847610775145, 51.844367176627884], [8.9427947069589, 51.84661452028979], [8.946367992018093, 51.84889537102378], [8.949941640431067, 51.851176108369586], [8.953515652197822, 51.85345673232722], [8.95525008047375, 51.856844379636996], [8.955144925258853, 51.86133905029894], [8.955039744377062, 51.865833712922296], [8.954934537828379, 51.87032836750707], [8.956670008469285, 51.873715892782826], [8.960246156299783, 51.875996288749576], [8.965663015509216, 51.87716921577], [8.972920586097587, 51.87723467384413], [8.978389352175189, 51.876159926544986], [8.98206931374202, 51.873944973872554], [8.983960437282672, 51.87059015547172], [8.984062722797145, 51.86609547134246], [8.985953102221462, 51.86274052444691], [8.989631575555624, 51.86052531478508], [8.993309682576754, 51.85830998433192], [8.996987423284857, 51.85609453308744], [8.997038163745547, 51.853847175345514], [8.993461903958826, 51.85156791110614], [8.989886007606083, 51.84928853332261], [8.986310474687322, 51.84700904199492], [8.984573776174381, 51.843621930130894], [8.984675912067262, 51.83912719773053], [8.984778023058471, 51.83463245725684], [8.984880109148007, 51.83013770870983], [8.986768880611763, 51.826782698989504], [8.990444337449738, 51.82456742809585], [8.994119428688954, 51.822352036507894], [8.997794154329412, 51.820136524225646], [8.997844795894212, 51.81788913419777], [8.994271353383356, 51.81560986642428], [8.988860932848146, 51.81443801529121]]]}}, {"type": "Feature", "properties": {"band": "light", "dbz": 30.0, "source": "OPERA-ORD", "time": "20260907002000"}, "geometry": {"type": "Polygon", "coordinates": [[[9.118963050807734, 51.83349870849265], [9.111712410490947, 51.83344253177272], [9.104461787272852, 51.833385894659045], [9.09721118115345, 51.83332879715164], [9.091750259885249, 51.834409511669385], [9.088079023468254, 51.8366280382123], [9.08619744209275, 51.83998471603858], [9.086105515758742, 51.84447954514824], [9.08784993693387, 51.847865117508455], [9.091430705618132, 51.85014143311922], [9.096847851648437, 51.85130815255957], [9.10410137502479, 51.85136527582948], [9.109563784408474, 51.85028423485008], [9.113235079799491, 51.84806502962135], [9.116906009253361, 51.84584570407854], [9.120576572770085, 51.84362625822165], [9.124246770445511, 51.84140669208864], [9.12791660227964, 51.839187005679506], [9.127960731389061, 51.83693957106936], [9.124379157773772, 51.8346643882582], [9.118963050807734, 51.83349870849265]]]}}, {"type": "Feature", "properties": {"band": "light", "dbz": 30.0, "source": "OPERA-ORD", "time": "20260907002000"}, "geometry": {"type": "Polygon", "coordinates": [[[7.772573851537219, 51.7791885318422], [7.76533457477393, 51.779046893698656], [7.759848775133326, 51.78006370001721], [7.756116452615409, 51.782238950797876], [7.752383764276253, 51.78441407653347], [7.748650710115859, 51.78658907722401], [7.744917290043508, 51.78876395283056], [7.7411835040592, 51.79093870335313], [7.741070356272605, 51.79318509895372], [7.744577846683722, 51.795503139632345], [7.748085697166623, 51.79782107130687], [7.7515939077213085, 51.80013889397729], [7.755102478452736, 51.80245660760858], [7.758611409360905, 51.80477421220074], [7.7639876912959105, 51.80600388141096], [7.771231324257751, 51.80614561523923], [7.776719765222292, 51.805128530811785], [7.7804530141895345, 51.80295262812861], [7.782430998512025, 51.799618245551024], [7.7826537181897635, 51.79512538307904], [7.782876383647156, 51.790632512008145], [7.7830989948842, 51.78613963233834], [7.781456097856758, 51.78273473210607], [7.777947692564829, 51.78041781131134], [7.772573851537219, 51.7791885318422]]]}}, {"type": "Feature", "properties": {"band": "light", "dbz": 30.0, "source": "OPERA-ORD", "time": "20260907002000"}, "geometry": {"type": "Polygon", "coordinates": [[[4.893971040389237, 51.57835043719733], [4.886776853878382, 51.578026389635056], [4.87958276365005, 51.577701886678284], [4.872388769704242, 51.57737692832701], [4.866865235919079, 51.57825366626786], [4.863012162294563, 51.58033210050082], [4.860829383563166, 51.583612563988964], [4.8603168997248885, 51.5880950567323], [4.861731663994052, 51.591538368712804], [4.865073676370658, 51.59394249993048], [4.868416037807245, 51.596346532575346], [4.871758748303815, 51.5987504666474], [4.873174325710419, 51.60219369359332], [4.872662770027058, 51.60667621341311], [4.874078990854731, 51.61011935421275], [4.877422988193439, 51.612523115992246], [4.880767334978936, 51.61492677912216], [4.884112031211223, 51.61733034360248], [4.8855290666498945, 51.62077339931025], [4.885018441294952, 51.62525594624545], [4.8828347550170985, 51.628536674671004], [4.878978007816334, 51.630615584586906], [4.875120897287005, 51.63269435951123], [4.87126342342911, 51.63477299944398], [4.871007568685018, 51.63701423776518], [4.874353333054728, 51.63941807447481], [4.879628294538978, 51.64078227015198], [4.886832453137773, 51.64110682479668], [4.8940367082481835, 51.64143092332364], [4.901241059870213, 51.641754565732874], [4.906771410731931, 51.640876463491075], [4.910627760833338, 51.63879661659824], [4.9144837474773055, 51.636716634823316], [4.918339370663832, 51.63463651816628], [4.921941333954084, 51.63479763714447], [4.92528963734806, 51.63719999175788], [4.928638290794636, 51.639602247511554], [4.931987294293808, 51.642004404405476], [4.935589353393976, 51.64216506726807], [4.939444468095137, 51.640084236099334], [4.943299219306035, 51.638003270148616], [4.94715360702667, 51.63592216941591], [4.95268264641145, 51.63504157981963], [4.959886337460374, 51.63536150135974], [4.9654147042988805, 51.63448053111441], [4.969267746926969, 51.63239866908364], [4.971445302833921, 51.62911624892872], [4.971947372019738, 51.62463327064966], [4.9705236331195835, 51.62119125905143], [4.967174086133456, 51.618790214134016], [4.963824888917237, 51.616389070263324], [4.960476041470928, 51.61398782743933], [4.957127543684387, 51.61158648569399], [4.953779395557617, 51.6091850450273], [4.950431596980502, 51.60678350547119], [4.947084147953044, 51.604381867025666], [4.943737048365156, 51.601980129722634], [4.940390298216837, 51.59957829356208], [4.936791090632685, 51.599417774243676], [4.932939425612702, 51.60149857176741], [4.929087397816586, 51.603579234583734], [4.925235007244337, 51.60565976269267], [4.921635895189322, 51.60549878766125], [4.91829006165154, 51.6030963094895], [4.916870663604662, 51.59965369067764], [4.917377701048689, 51.595170931225695], [4.915958946907831, 51.59172822599032], [4.912614401182087, 51.58932557497154], [4.909270204512046, 51.58692282524144], [4.905926356897709, 51.58451997680001], [4.902582858229071, 51.58211702967908], [4.899239708506133, 51.579713983878676], [4.893971040389237, 51.57835043719733]]]}}, {"type": "Feature", "properties": {"band": "light", "dbz": 30.0, "source": "OPERA-ORD", "time": "20260907002000"}, "geometry": {"type": "Polygon", "coordinates": [[[8.804277936636755, 51.66878243226205], [8.797054293645836, 51.66870630876545], [8.791606210657525, 51.66977274872557], [8.78793368767182, 51.6719817521424], [8.784260801846905, 51.67419063451828], [8.780587553182782, 51.676399395853196], [8.776913941585953, 51.67860803610931], [8.773239967056421, 51.68081655528661], [8.771341486542575, 51.68416820052131], [8.771218500044418, 51.68866297181343], [8.769319279994635, 51.692014487360176], [8.765643826393228, 51.69422274716156], [8.761968009495547, 51.69643088578396], [8.75829182930159, 51.69863890322737], [8.756391462495154, 51.70199027207913], [8.756266909076235, 51.70648499233925], [8.756142325371624, 51.71097970426439], [8.756017711381318, 51.71547440785454], [8.755893067083969, 51.719969103123745], [8.755768392479576, 51.72446379007199], [8.757483286253384, 51.72785449432655], [8.761037748405395, 51.73014121588745], [8.766431819322916, 51.73132361661794], [8.773665499005945, 51.73140169651803], [8.78089920198445, 51.73147931725593], [8.788132928258428, 51.731556478831656], [8.793588324675724, 51.730490496122215], [8.797265391236339, 51.7282813691276], [8.799164088689468, 51.72492943600031], [8.79928441703511, 51.72043469674033], [8.801182373856403, 51.71708263405692], [8.804857959153349, 51.714873247950095], [8.810311211865978, 51.7138062004244], [8.817542131994289, 51.71388149147984], [8.82299467034815, 51.712814089194175], [8.82666882692756, 51.710603993567396], [8.830342619994088, 51.70839377695638], [8.834016049547731, 51.706183439361126], [8.837689115682384, 51.70397298081952], [8.841361818398042, 51.70176240133156], [8.843256076121389, 51.69840969180201], [8.843371888852419, 51.69391485223089], [8.843487673447816, 51.68942000432253], [8.843603429907581, 51.68492514807694], [8.841883933915, 51.681535598134104], [8.838329185470077, 51.679251354494], [8.832939222268438, 51.67807207949697], [8.825714044310086, 51.677997773143005], [8.820324813346915, 51.67681816047194], [8.816771529378924, 51.67453324148377], [8.81321860507925, 51.67224820999485], [8.80966604044789, 51.66996306600519], [8.804277936636755, 51.66878243226205]]]}}, {"type": "Feature", "properties": {"band": "light", "dbz": 30.0, "source": "OPERA-ORD", "time": "20260907002000"}, "geometry": {"type": "Polygon", "coordinates": [[[4.84669560635536, 51.54917778757566], [4.853884951305849, 51.54950434880448], [4.859149107276919, 51.55086974372844], [4.86248807426857, 51.55327397234751], [4.865827389546469, 51.55567810247778], [4.8691670531106155, 51.55808213411922], [4.874432460484947, 51.55944655663719], [4.881623611669464, 51.55977137003168], [4.888814858995499, 51.56009572823233], [4.896006202463054, 51.56041963123913], [4.903197641807337, 51.56074307903282], [4.910389177028348, 51.56106607161341], [4.91590936352076, 51.56018743132484], [4.919758201284575, 51.558107158167125], [4.923606677158004, 51.55602675040755], [4.9274547911410504, 51.553946208046106], [4.9329740962402875, 51.55306648686091], [4.940164592455715, 51.55338758685195], [4.9456832281615375, 51.552507485648846], [4.949530003357755, 51.55042618325161], [4.951704755668698, 51.547144012507054], [4.952207485094365, 51.542660973415195], [4.9507875369480345, 51.53921862122799], [4.947444911229706, 51.53681695594543], [4.942179770168293, 51.53545564487704], [4.934992113763794, 51.535134688022794], [4.929727723152622, 51.533773068649296], [4.9263865983347745, 51.53137078675653], [4.923045821521358, 51.528968406212556], [4.919705392712371, 51.52656592701737], [4.914442249950154, 51.52520333506803], [4.907256393234709, 51.524880630364535], [4.901994000640532, 51.52351773038434], [4.898655072167624, 51.52111463512743], [4.8972394442437555, 51.517671677096494], [4.897747116868928, 51.513188856291535], [4.896332129700184, 51.509745812003885], [4.8929944827375245, 51.50734254423354], [4.887734339669248, 51.505978720653], [4.880551700495357, 51.505654341262264], [4.873369157305152, 51.50532950729768], [4.866186710098633, 51.50500421875925], [4.860927814685187, 51.50363942375154], [4.857592471064814, 51.501235122274544], [4.854257474684928, 51.4988307224371], [4.85092282554553, 51.4964262242392], [4.847716859201903, 51.5086716080955], [4.844639575654044, 51.535566874006], [4.84669560635536, 51.54917778757566]]]}}, {"type": "Feature", "properties": {"band": "light", "dbz": 30.0, "source": "OPERA-ORD", "time": "20260907002000"}, "geometry": {"type": "Polygon", "coordinates": [[[9.03775499797536, 51.56309174505258], [9.030547987158533, 51.56303045794949], [9.023340994696133, 51.56296871356366], [9.016134020588163, 51.56290651189512], [9.010704001074794, 51.563983503162085], [9.007050936156025, 51.566199687364545], [9.007001697594639, 51.56844731675436], [9.010556285390635, 51.57072639133155], [9.01411123121574, 51.57300535294709], [9.017666535069953, 51.57528420160101], [9.0212221970529, 51.577562937257554], [9.024778217164581, 51.57984155991671], [9.030161170013457, 51.58101152850874], [9.037371055599532, 51.581072843033624], [9.042802212108317, 51.57999483936998], [9.046454639539808, 51.577777517517816], [9.048328307026274, 51.57442121424263], [9.048423214567713, 51.56992592954442], [9.046692627099768, 51.56653931254752], [9.043136544622438, 51.56426136325193], [9.03775499797536, 51.56309174505258]]]}}, {"type": "Feature", "properties": {"band": "light", "dbz": 30.0, "source": "OPERA-ORD", "time": "20260907002000"}, "geometry": {"type": "Polygon", "coordinates": [[[7.484055946573344, 50.48985107868461], [7.480173006145147, 50.49651363585078], [7.47094694283185, 50.50417916684315], [7.456377756633451, 50.512847671661724], [7.454068900368366, 50.52292083465349], [7.464020374036594, 50.53439865581845], [7.475799229295563, 50.54479153434485], [7.489405466145271, 50.554099470232686], [7.501194434696953, 50.56449015624798], [7.511166134950609, 50.575963592390714], [7.517495457322327, 50.58960522113777], [7.520182401812108, 50.60541504248913], [7.530168648886901, 50.61688565113876], [7.5474541985467045, 50.62401704708665], [7.555623368932627, 50.63657203127077], [7.55467616004467, 50.65455060369111], [7.557380701262112, 50.670358974827565], [7.56373699258495, 50.68399714468012], [7.564852138066197, 50.696395831870944], [7.560726137705851, 50.707555036400024], [7.56550019346567, 50.7177828377715], [7.5791743053456555, 50.727079235985386], [7.593317253769112, 50.727384745593604], [7.6079290387360405, 50.71869936659617], [7.613176646151249, 50.71993712230092], [7.609060076014738, 50.731098012707854], [7.6048247272242095, 50.74450593015905], [7.600470599779665, 50.76016087465451], [7.592689094512377, 50.77349180346131], [7.581480211422347, 50.78449871657946], [7.573809144583366, 50.795581664904766], [7.569675893995434, 50.806740648437206], [7.572630568140991, 50.81805306794028], [7.582673167020038, 50.82951892341399], [7.58722394147797, 50.84424038801793], [7.586282891514787, 50.86221746175211], [7.58717503558627, 50.87910903099917], [7.589900373692419, 50.894915095759096], [7.6020294476371, 50.90079780045976], [7.623562257420313, 50.896757145101155], [7.639366993738141, 50.90046657906284], [7.649443656590585, 50.911926102344815], [7.659525268366785, 50.92338467318171], [7.669611829066742, 50.93484229157353], [7.681537081269882, 50.945211828071464], [7.695301024976205, 50.9544932826755], [7.709070474941577, 50.963773024529125], [7.722845431165998, 50.97305105363233], [7.727676033744436, 50.98327193024129], [7.723562282676888, 50.99443565435599], [7.728511138822872, 51.00240812673334], [7.742522602182386, 51.007189347373355], [7.749418069995777, 51.01182711130761], [7.7491975422630475, 51.01632141853611], [7.748976961809299, 51.020815715945766], [7.748756328634533, 51.02531000353656], [7.743250205435569, 51.0285732167304], [7.732458592212407, 51.03060535552727], [7.7321273257595085, 51.03734672813774], [7.742256406076871, 51.04879733456182], [7.754227099203199, 51.059158731001], [7.768039405138491, 51.068430917455274], [7.781857253147187, 51.07770138332252], [7.795680643229288, 51.08697012860272], [7.8063718404878575, 51.0871795830696], [7.813930844922893, 51.07832974672317], [7.826777948377757, 51.07070545133196], [7.844913150852452, 51.06430669689598], [7.859064294016915, 51.0668268712571], [7.869231377871147, 51.07826597441532], [7.88123825432495, 51.08861379753765], [7.895084923378325, 51.0978703406241], [7.908937147175616, 51.107125155112385], [7.922794925716824, 51.1163782410025], [7.936658265346252, 51.125629596130445], [7.9505271660639, 51.13487922049621], [7.964500766310068, 51.14187985019562], [7.978579066084755, 51.146631485228696], [7.99295331788214, 51.14463945995864], [8.007623521702222, 51.13590377438548], [8.015348695106347, 51.12254660148535], [8.016128838094517, 51.10456794125825], [8.016908234493469, 51.08658912791709], [8.017686884303204, 51.068610161461855], [8.021928568185396, 51.052940989443115], [8.029633286140045, 51.03958161186087], [8.04234060220233, 51.03417999317312], [8.060050516372252, 51.03673613337987], [8.077855320176969, 51.037041989793806], [8.095755013616476, 51.035097562414926], [8.109816664634312, 51.03983367551517], [8.120040273230472, 51.05125032909455], [8.13593062670717, 51.054887283454015], [8.1574877250644, 51.05074453859358], [8.175390837739485, 51.04878832823832], [8.189639964732427, 51.04901865238822], [8.205540324214331, 51.05264661824749], [8.223091916185197, 51.059672225816115], [8.240818924830304, 51.06219985866832], [8.25872135014965, 51.060229516804114], [8.274966087528068, 51.0548579030807], [8.28955313696556, 51.04608501749808], [8.293453183147989, 51.037149066600634], [8.286666226075353, 51.028050050388366], [8.274500577796545, 51.01999169559626], [8.256956238311561, 51.012974002224325], [8.250177256310263, 51.00387366185624], [8.254163631792647, 50.99269067449199], [8.247393615898583, 50.98358818056684], [8.22986720862807, 50.97656618008078], [8.215989459806691, 50.96735099386697], [8.205760369434445, 50.955942621925416], [8.191893814217151, 50.9467230727339], [8.174389794154807, 50.939692346292425], [8.16053412059886, 50.93047020067961], [8.150326793549311, 50.91905663589546], [8.13830355592907, 50.908736176315266], [8.124464407738143, 50.89950882193902], [8.116092223324028, 50.88699844284111], [8.113187002686729, 50.87120503902152], [8.10463874892325, 50.8631878511475], [8.090447462033591, 50.862946879219066], [8.090539515460996, 50.86069918889568], [8.104914909205466, 50.85644478017735], [8.119287632180406, 50.85218851255375], [8.133657684385824, 50.8479303860249], [8.147846614809508, 50.84816591509531], [8.16185442345146, 50.85289509976498], [8.176040857601945, 50.85312698455517], [8.19040591726096, 50.84886156946586], [8.206412170418528, 50.847994046001645], [8.224059617074646, 50.85052441416253], [8.238416653596545, 50.8462534314089], [8.24948327998423, 50.83518109774076], [8.253542345691631, 50.821749731669165], [8.25059385071875, 50.80595933319411], [8.23857801788012, 50.79564796461081], [8.217494847175729, 50.79081562591924], [8.19969161535021, 50.79278065933613], [8.185168322403555, 50.80154306486149], [8.167185484209279, 50.80799694341962], [8.14574310076738, 50.81214229501052], [8.135112687911853, 50.81196720638587], [8.135294245642703, 50.807471677545685], [8.140924369221711, 50.79969245942893], [8.152003058648882, 50.78862955203562], [8.161350764925334, 50.77641268136411], [8.16896748805107, 50.76304184741438], [8.163881390662324, 50.75733432917871], [8.146092472759094, 50.759290126657106], [8.131659013964233, 50.76579853272043], [8.12058101427774, 50.776859547368694], [8.107865705135826, 50.78451754913979], [8.093513086538486, 50.78877253803371], [8.077623399260931, 50.78737559618966], [8.060196643303156, 50.78032672360763], [8.040763133595998, 50.778862882876595], [8.019322870139455, 50.782984073996545], [8.004768153886484, 50.79172432131148], [7.997098984837086, 50.80508362482139], [7.984255933738347, 50.814974409409785], [7.966239000590268, 50.821396675076656], [7.9499393714632065, 50.82897262694742], [7.935357046357163, 50.83770226502209], [7.9369806359139625, 50.84110591084388], [7.954810140133605, 50.83918356441279], [7.972443114698974, 50.84175356927848], [7.989879559610068, 50.84881592544093], [7.989581706836647, 50.85555858316963], [7.9715495563787115, 50.861981542464584], [7.958685317418183, 50.87187080536622], [7.950988989955064, 50.885226371874545], [7.938317230618337, 50.890616496079204], [7.9206700394080025, 50.8880411779802], [7.910225041973481, 50.88334920523114], [7.906982238314772, 50.87654057783204], [7.903842787645459, 50.86748435434614], [7.900806689965544, 50.85618053477345], [7.896051061627878, 50.84371941735347], [7.889575902632462, 50.830101002086195], [7.895351495059077, 50.82008637749323], [7.913377838907724, 50.813675543574575], [7.926135410913138, 50.80604052279831], [7.933624211075318, 50.79718131516445], [7.935949649919472, 50.78485240463508], [7.933111727445601, 50.769053791210226], [7.9389706809508604, 50.75678922839988], [7.9535265104352515, 50.748058716204056], [7.957564967594409, 50.73688568229656], [7.951086052428333, 50.723270126677384], [7.9498628210007, 50.71087551543904], [7.9538952733115105, 50.69970184858153], [7.95035887637333, 50.699636667546834], [7.939253630186158, 50.710679972334944], [7.926729964624569, 50.71382227496571], [7.912787879688561, 50.70906357543911], [7.900769909153606, 50.700965191258135], [7.890676053019705, 50.68952712242277], [7.880587111167852, 50.678088092278095], [7.870503083598045, 50.66664810082411], [7.8639542988749405, 50.65527511393413], [7.860940756998538, 50.64396913160815], [7.8613540689912025, 50.634978418359545], [7.865194234852935, 50.628302974188315], [7.863584985625743, 50.624897532918375], [7.856526321309627, 50.62476209454973], [7.847860410443612, 50.621220454413546], [7.837587253027702, 50.61427261250983], [7.823470309853903, 50.613997269842436], [7.805509580922216, 50.62039442641138], [7.792677879794084, 50.63026583374445], [7.784975206469508, 50.64361149184167], [7.784334449570645, 50.65709705206779], [7.790755609097493, 50.67072251442282], [7.7867914167899075, 50.67964223824397], [7.772441872647887, 50.68385622353124], [7.756597627048506, 50.68241375927728], [7.739258679991765, 50.675314845482106], [7.7255675420666465, 50.66603843044775], [7.715524213273152, 50.65458451417422], [7.708903860667281, 50.64545002171227], [7.7057064842490295, 50.63863495306191], [7.702510023230659, 50.631819772936694], [7.699314477612171, 50.62500448133661], [7.697939429839954, 50.61710178230682], [7.698384879914008, 50.60811167584731], [7.693597044209247, 50.59788806997107], [7.683575922725671, 50.586430964678115], [7.6735596656192, 50.574972909364874], [7.663548272889833, 50.56351390403135], [7.646266602377699, 50.556398641496564], [7.621714654082794, 50.55362712176049], [7.602158062867935, 50.556584096979726], [7.587596828733121, 50.56526956715427], [7.575323738594896, 50.56387840173832], [7.565338792453262, 50.55241060073189], [7.553538560639883, 50.542026608484875], [7.539923043154759, 50.532726424997264], [7.529952615906542, 50.52125579353196], [7.523627278895233, 50.507614714088966], [7.511847811989044, 50.49722558080098], [7.494614215187975, 50.490088393668], [7.484055946573344, 50.48985107868461]]]}}, {"type": "Feature", "properties": {"band": "light", "dbz": 30.0, "source": "OPERA-ORD", "time": "20260907002000"}, "geometry": {"type": "Polygon", "coordinates": [[[6.512314556330225, 51.01847963719122], [6.505199992940426, 51.01825848374543], [6.499778219444082, 51.01921512356798], [6.49604923584119, 51.021349556658876], [6.494012932770209, 51.02466211275469], [6.493669310231137, 51.029152791855424], [6.49519087409208, 51.03257627878755], [6.498577624353038, 51.03493257355108], [6.5019647175695425, 51.0372887652227], [6.505352153741594, 51.0396448538024], [6.508739932971224, 51.04200083925783], [6.512128055258437, 51.04435672158898], [6.515687105636997, 51.04446713380028], [6.519417084106907, 51.04233207589171], [6.521452576766967, 51.03901916938743], [6.521793583617176, 51.03452841428745], [6.522134509017032, 51.030037648587545], [6.522475352966536, 51.02554687228771], [6.520952290712248, 51.02212366658188], [6.517565322254166, 51.019768031470036], [6.512314556330225, 51.01847963719122]]]}}, {"type": "Feature", "properties": {"band": "light", "dbz": 30.0, "source": "OPERA-ORD", "time": "20260907002000"}, "geometry": {"type": "Polygon", "coordinates": [[[6.341582885277269, 51.013047689029946], [6.3344698868596705, 51.01281573054214], [6.3273569553177715, 51.012583321930016], [6.3202440906515704, 51.01235046319359], [6.3148190811442735, 51.01329816142966], [6.31108192679588, 51.01542641663821], [6.307344420774842, 51.01755454377403], [6.303606563081161, 51.01968254283712], [6.299868353634224, 51.021810413789154], [6.296129792434034, 51.02393815663017], [6.295948565078858, 51.02618315244736], [6.299324671568698, 51.02854540124072], [6.304570477979012, 51.02984345646901], [6.3116859843098005, 51.03007731813223], [6.318801557870245, 51.030310729488065], [6.325917198660346, 51.030543690536504], [6.333032906423205, 51.030776201264096], [6.340148681158823, 51.03100826167085], [6.345574946735275, 51.03005959680663], [6.349311703152562, 51.027930206671456], [6.351358836290877, 51.02462042095243], [6.351716346150219, 51.02013023964956], [6.350206171931434, 51.01670477881706], [6.346828313634524, 51.014344038454915], [6.341582885277269, 51.013047689029946]]]}}, {"type": "Feature", "properties": {"band": "light", "dbz": 30.0, "source": "OPERA-ORD", "time": "20260907002000"}, "geometry": {"type": "Polygon", "coordinates": [[[5.038610229675362, 50.93708811350503], [5.034820351729612, 50.939173353053434], [5.032682684360889, 50.94245831589901], [5.03219722756919, 50.94694300204176], [5.033607397620625, 50.95038510281093], [5.0369131945151935, 50.952784618206486], [5.042114772420526, 50.954141220898514], [5.049212131336625, 50.954454910887], [5.054655903560371, 50.95356880883575], [5.058446089091763, 50.951482914744744], [5.058687843163196, 50.94924052621718], [5.055381165774668, 50.946841643253066], [5.0520748260144455, 50.94444266226337], [5.048768823882528, 50.942043583248115], [5.045463159274487, 50.939644406238074], [5.04215783219032, 50.93724513123324], [5.038610229675362, 50.93708811350503]]]}}, {"type": "Feature", "properties": {"band": "light", "dbz": 30.0, "source": "OPERA-ORD", "time": "20260907002000"}, "geometry": {"type": "Polygon", "coordinates": [[[6.733239951015192, 50.94523149641897], [6.729528024352917, 50.94737381244613], [6.727512058199711, 50.95069078231217], [6.727192052555572, 50.95518240601707], [6.725175351675665, 50.95849923281736], [6.721461955559989, 50.96064126271302], [6.717748208888558, 50.962783166133995], [6.714034111661373, 50.96492494308029], [6.712016214491966, 50.96824159951312], [6.7116945173803355, 50.972733135432485], [6.711372743487695, 50.97722466081066], [6.711050892814045, 50.98171617564767], [6.712587168824685, 50.9851368415254], [6.715981571519617, 50.98748665844387], [6.721234203307443, 50.98876529674357], [6.7283450641881615, 50.988972756424516], [6.735455984574574, 50.98917976601939], [6.742566964466677, 50.98938632552817], [6.747820751586234, 50.99066398258418], [6.751217345933242, 50.9930127371874], [6.752756646109144, 50.99643291905077], [6.752438652113941, 51.000924528174274], [6.753978604222528, 51.00434461221241], [6.757376502434904, 51.00669317116517], [6.762632447983162, 51.00796987515359], [6.769746440867301, 51.008174724177685], [6.775160790205925, 51.00720527123136], [6.778875495999035, 51.00506151631464], [6.780890457638252, 51.00174378932905], [6.7812056751235765, 50.99725209027458], [6.781520817371011, 50.99276038076134], [6.7818358843805555, 50.98826866078934], [6.780294677136797, 50.984848857101916], [6.776897195639735, 50.98250096969909], [6.771643540336934, 50.981224668917186], [6.764533711228397, 50.98101995475622], [6.759280774636874, 50.97974333629931], [6.755884730562366, 50.97739481354644], [6.754345477986722, 50.973974716125454], [6.754663016909941, 50.96948304403634], [6.7531244153637076, 50.96606284880052], [6.749729673348023, 50.963714130418], [6.746335273515235, 50.96136530824418], [6.7429412158653435, 50.959016382279074], [6.741403497488983, 50.9555960847715], [6.7417221183861535, 50.951104415721474], [6.740185050212636, 50.947684020498684], [6.736792292968431, 50.94533489910316], [6.733239951015192, 50.94523149641897]]]}}, {"type": "Feature", "properties": {"band": "light", "dbz": 30.0, "source": "OPERA-ORD", "time": "20260907002000"}, "geometry": {"type": "Polygon", "coordinates": [[[6.5015125136679295, 50.97312922146919], [6.494405012340575, 50.97290741102042], [6.488988393805637, 50.97386357277365], [6.485262658063114, 50.975997706728876], [6.483227695697654, 50.97931014218651], [6.482883506709259, 50.983800879146585], [6.484402878496696, 50.987224573543884], [6.487785811059964, 50.98958122537841], [6.493032413912096, 50.99087050519599], [6.500142687053093, 50.99109241299662], [6.505560800648203, 50.9901359705298], [6.509286754697426, 50.98800117779554], [6.5113204403095155, 50.98468836427245], [6.511661857484472, 50.98019752996055], [6.510140990636863, 50.97677411627684], [6.506757839766691, 50.974418123221334], [6.5015125136679295, 50.97312922146919]]]}}, {"type": "Feature", "properties": {"band": "light", "dbz": 30.0, "source": "OPERA-ORD", "time": "20260907002000"}, "geometry": {"type": "Polygon", "coordinates": [[[7.669278820261124, 50.97645117136089], [7.662166772673314, 50.97630329938117], [7.656775287383089, 50.977315765842654], [7.653104364390451, 50.97948857074535], [7.651153930580842, 50.98282204441381], [7.65092398595426, 50.98731618684802], [7.6525301979139755, 50.99072394314584], [7.655972566459988, 50.99304531330726], [7.661251164772189, 50.99427996685293], [7.66836599285058, 50.994427903782835], [7.673645304883067, 50.995662233179154], [7.677089100869652, 50.99798295504187], [7.676975089562333, 51.000230035802375], [7.673303270961112, 51.00240347546066], [7.669631101452399, 51.00457679188044], [7.665958581036195, 51.006749985061724], [7.665844515237624, 51.00899705593942], [7.669288904056686, 51.01131800451353], [7.6727336379334545, 51.013638846036116], [7.676178716867928, 51.01595958050717], [7.679624140959126, 51.018280207893305], [7.683069910207048, 51.020600728194495], [7.688352381515818, 51.02183410385381], [7.695471554885435, 51.02198033487124], [7.70086714713848, 51.020966289665935], [7.704539158274951, 51.0187919682379], [7.708210818260012, 51.01661752365668], [7.711882127093663, 51.01444295592226], [7.715553084861341, 51.01226826507192], [7.719223691563048, 51.01009345110563], [7.719335669323055, 51.007846332047734], [7.715889018141361, 51.005526907898236], [7.712442711953939, 51.003207376565946], [7.708996750760788, 51.00088773805086], [7.705551134463075, 50.9985679923864], [7.702105863060801, 50.99624813957257], [7.698660936455154, 50.99392817964276], [7.695216354646133, 50.99160811259696], [7.691772117534942, 50.98928793846857], [7.688328225121584, 50.98696765725759], [7.6848846773072745, 50.984647268997364], [7.681441474092015, 50.98232677368792], [7.677998615377047, 50.98000617136259], [7.674556101162369, 50.97768546202137], [7.669278820261124, 50.97645117136089]]]}}, {"type": "Feature", "properties": {"band": "light", "dbz": 30.0, "source": "OPERA-ORD", "time": "20260907002000"}, "geometry": {"type": "Polygon", "coordinates": [[[8.695070012995703, 50.94808032322491], [8.687960141752914, 50.94799743224367], [8.68085029443449, 50.9479140909169], [8.673740471040436, 50.94783029924459], [8.666630671828981, 50.94774605723159], [8.659520896800126, 50.94766136487789], [8.654155540275333, 50.9487216904604], [8.650534602254599, 50.95092703397915], [8.64691331500221, 50.953132257818154], [8.643291678518164, 50.955337361977406], [8.637925326940305, 50.95639665772323], [8.630814260268629, 50.95631014505561], [8.625514706947673, 50.955121089801025], [8.622026666977437, 50.95282949195948], [8.618538972700069, 50.950537783928546], [8.615051624115567, 50.94824596570823], [8.611496475848035, 50.94820203855912], [8.607873527897477, 50.95040600248118], [8.60425023068749, 50.95260984657562], [8.600626584218078, 50.95481357084243], [8.597002588401299, 50.95701717524517], [8.593378243237149, 50.959220659783846], [8.589753548637681, 50.961424024421994], [8.586128504602897, 50.963627269159616], [8.58250311104484, 50.965830393960246], [8.57887736796351, 50.9680333988239], [8.578808097925691, 50.97028136150095], [8.582295300931385, 50.97257428199141], [8.587595750876744, 50.97376536941657], [8.594709447761767, 50.973854623776425], [8.600010604454184, 50.97504538065864], [8.60349922095399, 50.97733764006322], [8.606988183613913, 50.979629789271456], [8.610477492433949, 50.98192182828336], [8.613967147510426, 50.984213757064744], [8.617457148843346, 50.98650557561561], [8.620947496529045, 50.98879728390178], [8.624438190567522, 50.99108888192325], [8.627996146393881, 50.99113239689577], [8.631621364008122, 50.988927828819364], [8.635246231713385, 50.98672314091968], [8.63887074950967, 50.98451833319674], [8.64249491748524, 50.982313405687], [8.646118735640098, 50.98010835839047], [8.649742204062498, 50.977903191343614], [8.653365322752446, 50.97569790454645], [8.658733855597827, 50.97463763521677], [8.665847802598645, 50.97472238335458], [8.672961773834757, 50.97480668085531], [8.68007576930617, 50.97489052771895], [8.687189788754086, 50.97497392394066], [8.694303832178512, 50.975056869520444], [8.699671055998676, 50.973994889504596], [8.703291460214581, 50.97178798389312], [8.705165004311292, 50.96843648353844], [8.705291688288806, 50.96394038844055], [8.705418342024647, 50.9594442838216], [8.705544965518815, 50.95494816968159], [8.703862445103699, 50.95155552663758], [8.700370780779298, 50.94926635468954], [8.695070012995703, 50.94808032322491]]]}}, {"type": "Feature", "properties": {"band": "light", "dbz": 30.0, "source": "OPERA-ORD", "time": "20260907002000"}, "geometry": {"type": "Polygon", "coordinates": [[[8.554290592472189, 50.90137717567638], [8.54718816152155, 50.9012853789078], [8.5418256198375, 50.902340361314586], [8.538202967420037, 50.90454212289674], [8.536320158929826, 50.90789099376181], [8.536177194366864, 50.912386973909804], [8.536034195699148, 50.91688294440988], [8.535891162926678, 50.92137890526203], [8.535748096025932, 50.92587485648025], [8.535604994996913, 50.930370798064544], [8.53546185981607, 50.93486673002888], [8.535318690483406, 50.93936265237326], [8.536988633125471, 50.942757733750604], [8.540471687742262, 50.9450519741609], [8.545767899809652, 50.94624504308851], [8.552877269327642, 50.946336940533456], [8.55824441687148, 50.94528170769308], [8.561869342441167, 50.94307934456739], [8.565493918891224, 50.94087686148986], [8.569118146221648, 50.9386742584605], [8.574484302327305, 50.937617995182364], [8.581592387208191, 50.937708071655436], [8.586957860012069, 50.93665145844291], [8.590580720738934, 50.93444815554477], [8.592460925453704, 50.93109849341746], [8.592598474156373, 50.92660247206097], [8.59092528657502, 50.92320811194902], [8.58744136270964, 50.92091541308163], [8.582146746456019, 50.91972404515725], [8.575041437814154, 50.91963400817591], [8.56793615510564, 50.91954352118497], [8.560830898330478, 50.91945258418443], [8.55553737268368, 50.91826021620732], [8.55205557816525, 50.91596641725365], [8.552126037214528, 50.91371841687443], [8.555748749831515, 50.911516215069675], [8.559371113907059, 50.90931389337113], [8.56299312944116, 50.90711145177879], [8.563063554893034, 50.90486344175213], [8.559582390262683, 50.902569863291156], [8.554290592472189, 50.90137717567638]]]}}, {"type": "Feature", "properties": {"band": "light", "dbz": 30.0, "source": "OPERA-ORD", "time": "20260907002000"}, "geometry": {"type": "Polygon", "coordinates": [[[8.31414000502031, 50.86203820799728], [8.307044078106149, 50.861931213208706], [8.301680605486865, 50.86297472342736], [8.298049587162456, 50.865168738653225], [8.29441822089734, 50.86736263318419], [8.290786506691513, 50.86955640702026], [8.285422056287086, 50.870598886022975], [8.278324869684056, 50.870490070192325], [8.271227714306624, 50.87038080496444], [8.264130590154787, 50.870271090339315], [8.25876516253231, 50.871312537810795], [8.255131431439196, 50.873505147378886], [8.253229342843397, 50.876849248729044], [8.253058896744918, 50.881344841861285], [8.252888410019583, 50.88584042519375], [8.252717882667397, 50.89033599872644], [8.254365279308981, 50.89373529051575], [8.257830599944334, 50.89603830056167], [8.261296264641736, 50.898341201778386], [8.26476227340118, 50.90064399416588], [8.26822862631932, 50.90294667769046], [8.271695323396155, 50.905249252352114], [8.276980034457726, 50.90645499527427], [8.284082759504033, 50.90656390645693], [8.289368176911998, 50.90776932152636], [8.292836286681622, 50.91007124048257], [8.296304740832795, 50.91237305045909], [8.29977353936552, 50.914674751455905], [8.305060056190989, 50.91587916968281], [8.312164291309207, 50.91598630513982], [8.317533433839447, 50.91494257835858], [8.32116748378171, 50.912747989339096], [8.323066388886783, 50.90940286821299], [8.323230149154664, 50.904907214980284], [8.323393870389337, 50.90041155200495], [8.323557552590799, 50.89591587928699], [8.32372119578594, 50.891420196812476], [8.323884799974756, 50.886924504581415], [8.325782180950302, 50.88357921120634], [8.329413338712577, 50.88138431668724], [8.33304414830328, 50.87918930155988], [8.336674609722408, 50.876994165824264], [8.336756007415996, 50.87474629925235], [8.33328834138404, 50.87244570184416], [8.329821019070602, 50.870144995415075], [8.326354040475676, 50.86784417996512], [8.322887405503007, 50.865543255527996], [8.319421114152595, 50.86324222210371], [8.31414000502031, 50.86203820799728]]]}}, {"type": "Feature", "properties": {"band": "light", "dbz": 30.0, "source": "OPERA-ORD", "time": "20260907002000"}, "geometry": {"type": "Polygon", "coordinates": [[[7.7724668354603095, 50.86719890469859], [7.775906122988416, 50.86951672030788], [7.779345753191644, 50.87183442879662], [7.782785726069993, 50.87415203016482], [7.782677311546336, 50.876399360941434], [7.779020509620672, 50.878576421126446], [7.775472145188201, 50.878506040718264], [7.772032218248924, 50.87618821971688], [7.768592634049725, 50.873870291610885], [7.765153392590603, 50.87155225640029], [7.761714493773834, 50.869234114118306], [7.758275937599414, 50.866915864764934], [7.758384991371612, 50.8646685393977], [7.762041655090425, 50.8624921380166], [7.765589288136438, 50.86256295221803], [7.76902789050965, 50.86488098200198], [7.7724668354603095, 50.86719890469859]]]}}, {"type": "Feature", "properties": {"band": "light", "dbz": 30.0, "source": "OPERA-ORD", "time": "20260907002000"}, "geometry": {"type": "Polygon", "coordinates": [[[8.068093182415506, 50.84569469557335], [8.06445240463894, 50.8478811249044], [8.060811279066721, 50.85006743276891], [8.057169805698848, 50.85225361916687], [8.053527984449786, 50.85443968406163], [8.049885815319534, 50.8566256274532], [8.046243298222556, 50.8588114493049], [8.04260043315885, 50.860997149616765], [8.038957220042874, 50.86318272835208], [8.035313658874626, 50.86536818551087], [8.02994388624907, 50.86639841802915], [8.022847902166204, 50.866273425906925], [8.017574389860576, 50.865055718879745], [8.014123349332188, 50.862745296947594], [8.014219916946198, 50.86049769867828], [8.017864092702608, 50.8583129240718], [8.02150792048167, 50.85612802782758], [8.025151400283384, 50.85394300994564], [8.028794532193196, 50.85175787046265], [8.032437316211102, 50.849572609378605], [8.037805354024801, 50.848541998475376], [8.044898645634294, 50.84866603775296], [8.050266008054695, 50.84763507398304], [8.053907441286004, 50.845449107165614], [8.057548526801689, 50.843263018869365], [8.061189264601751, 50.84107680909428], [8.064735617952282, 50.84113814838201], [8.068187586853286, 50.843447036732556], [8.068093182415506, 50.84569469557335]]]}}, {"type": "Feature", "properties": {"band": "light", "dbz": 30.0, "source": "OPERA-ORD", "time": "20260907002000"}, "geometry": {"type": "Polygon", "coordinates": [[[7.7737694458646995, 50.84023071841294], [7.777206816915662, 50.84254851797407], [7.780644530154315, 50.84486621046645], [7.784082585580659, 50.84718379589009], [7.783974325845901, 50.849431156810276], [7.780319750950041, 50.851608293227], [7.774945846211685, 50.85262629498531], [7.7678526116308335, 50.85248516208522], [7.762587354867772, 50.85125547640893], [7.759150075922501, 50.84893723795645], [7.757540705496741, 50.84553077594744], [7.75775924359049, 50.84103609038193], [7.759695731127565, 50.83770050854133], [7.763350168107964, 50.835524030425645], [7.766895730033427, 50.83559479818395], [7.770332416903955, 50.83791281181624], [7.7737694458646995, 50.84023071841294]]]}}, {"type": "Feature", "properties": {"band": "light", "dbz": 30.0, "source": "OPERA-ORD", "time": "20260907002000"}, "geometry": {"type": "Polygon", "coordinates": [[[5.0091273502067795, 50.683411853358606], [5.005357442213646, 50.68549647536625], [5.00158718863149, 50.68758096564865], [4.997816589460312, 50.68966532420582], [4.992402966993961, 50.690548972802375], [4.985346321232436, 50.69023191143832], [4.978289765080314, 50.68991440438073], [4.9712332985375935, 50.68959645162961], [4.9658188311088445, 50.69047904254953], [4.962046362794065, 50.692562177140495], [4.961802370781154, 50.694804636515606], [4.965086855070112, 50.697206420674874], [4.968371672348642, 50.69960810753692], [4.971656822616746, 50.702009697101715], [4.974942305977111, 50.70441118933899], [4.978228122429736, 50.70681258424875], [4.9815142720773355, 50.70921388180068], [4.984800754919906, 50.71161508199479], [4.988087571060186, 50.71401618480078], [4.991374720498175, 50.71641719021864], [4.994662203336632, 50.71881809821805], [4.9979500195755575, 50.721218908798996], [5.0012381693177375, 50.72361962193115], [5.004526652563172, 50.72602023761452], [5.00805748665689, 50.7261782198301], [5.011830671598894, 50.724093568577906], [5.013959166694772, 50.720808694452884], [5.014442971944524, 50.71632359745504], [5.014926662655187, 50.71183848793477], [5.015410238826758, 50.7073533658921], [5.0158937005374185, 50.70286823131489], [5.01637704778717, 50.698383084203144], [5.01686028065412, 50.69389792454477], [5.0173433991382685, 50.68941275233977], [5.0159417948360945, 50.685970010266644], [5.012655467747596, 50.6835696983254], [5.0091273502067795, 50.683411853358606]]]}}, {"type": "Feature", "properties": {"band": "light", "dbz": 30.0, "source": "OPERA-ORD", "time": "20260907002000"}, "geometry": {"type": "Polygon", "coordinates": [[[8.574613655790802, 50.70372400736505], [8.567541507692596, 50.70363354594022], [8.562202392850297, 50.70468964367089], [8.55859631126391, 50.70689230055708], [8.556723218723704, 50.71024184486756], [8.556583115229675, 50.71473827660232], [8.554709318072515, 50.71808769155581], [8.55110182725222, 50.720290089728024], [8.547493991347977, 50.722492368450304], [8.543885810359788, 50.72469452772266], [8.540277284201384, 50.72689656750909], [8.536668412872764, 50.72909848780958], [8.533059196287663, 50.73130028858811], [8.529449634446081, 50.73350196984469], [8.52757332769824, 50.73685097640225], [8.527430276044145, 50.74134730826079], [8.529092692395809, 50.74474280963165], [8.53256057675323, 50.74703748051484], [8.537833974328915, 50.748230992252694], [8.544912885122866, 50.74832334484521], [8.55018698137216, 50.74951652807557], [8.5536562630768, 50.75181054194375], [8.557125886740845, 50.75410444627835], [8.560595852364298, 50.75639824107936], [8.565871030125642, 50.75759042837586], [8.572951420024879, 50.757681008167864], [8.578227296614175, 50.75887286669138], [8.581698659893531, 50.76116600394643], [8.585170365349311, 50.763459031551584], [8.588642412981516, 50.76575194950685], [8.593919370683862, 50.76694281157373], [8.60100123845635, 50.76703161775222], [8.606278895140205, 50.76822215078049], [8.609752340735431, 50.77051441065855], [8.613226128723927, 50.772806560770285], [8.616700259105691, 50.7750986011157], [8.621978996501433, 50.776288137164514], [8.62906234091115, 50.7763751689167], [8.63440793162635, 50.775316170999], [8.638015768647037, 50.7731111434114], [8.641623259739049, 50.770905996562554], [8.645230404902387, 50.76870073045249], [8.64883720422392, 50.7664953451172], [8.65244365770365, 50.7642898405567], [8.654312287870223, 50.7609388545828], [8.65444309472364, 50.75644238719549], [8.65277136274153, 50.75304868140172], [8.649297091923891, 50.750757737201496], [8.644020323841573, 50.74956922586165], [8.636941058494578, 50.74948314738218], [8.631664988451199, 50.7482943068331], [8.628192113711435, 50.74600270421444], [8.624719580905008, 50.74371099183626], [8.621247390031918, 50.74141916969855], [8.615972398662318, 50.74022933264121], [8.608894606796214, 50.74014148066423], [8.601816839983185, 50.74005318062876], [8.59473909822323, 50.73996443253483], [8.589465185959629, 50.73877359930842], [8.58599510319238, 50.73648068094955], [8.586063520690193, 50.734232465327885], [8.58967043845307, 50.73202895244342], [8.593277010994452, 50.729825320231775], [8.596883238314344, 50.727621568692946], [8.598754377489112, 50.724271457575895], [8.598890428518754, 50.71977498688064], [8.59722405241676, 50.71638040163978], [8.59375524918313, 50.714087701853316], [8.590286787248324, 50.71179489249425], [8.586818666612338, 50.70950197356257], [8.583350887180735, 50.70720894509191], [8.579883448953517, 50.70491580708228], [8.574613655790802, 50.70372400736505]]]}}, {"type": "Feature", "properties": {"band": "light", "dbz": 30.0, "source": "OPERA-ORD", "time": "20260907002000"}, "geometry": {"type": "Polygon", "coordinates": [[[7.748838843511029, 50.732876456855195], [7.748620176496359, 50.73737135552422], [7.748401457548622, 50.74186624394072], [7.748182686667819, 50.7463611221047], [7.7462491128887985, 50.749696574353116], [7.742600736211559, 50.75187260068597], [7.739062137415864, 50.75180109142542], [7.735633316501716, 50.74948204657147], [7.732204835963116, 50.7471628950003], [7.728776695800063, 50.74484363671189], [7.7235244312990865, 50.743611834331446], [7.716448042460189, 50.743467487858965], [7.711196481871227, 50.742235362764035], [7.707769749532199, 50.739915459046685], [7.7078808245277, 50.73766805397458], [7.711529706857731, 50.735493147547714], [7.716891656253821, 50.73447785184375], [7.72396667271597, 50.73462216686267], [7.729327953634179, 50.73360651706023], [7.732975499008447, 50.73143090243643], [7.7366226985435755, 50.72925516550777], [7.740269552239565, 50.72707930627427], [7.743806778570261, 50.72715078437331], [7.747234377535664, 50.72946959980489], [7.748838843511029, 50.732876456855195]]]}}, {"type": "Feature", "properties": {"band": "light", "dbz": 30.0, "source": "OPERA-ORD", "time": "20260907002000"}, "geometry": {"type": "Polygon", "coordinates": [[[21.994851170939505, 50.099874337870254], [21.99197014455695, 50.10246599492669], [21.991099015066688, 50.10597566905352], [21.992237782468727, 50.110403360250764], [21.994817687772663, 50.113535143209305], [21.9988387309785, 50.11537101792913], [22.00286010133731, 50.117206738499526], [22.006881798849093, 50.119042304920484], [22.010903823557477, 50.12087771715153], [22.014926175462456, 50.122712975192655], [22.02038908144222, 50.12325181975098], [22.02729254149677, 50.12249425082651], [22.03218420065555, 50.12081913281674], [22.035064058918564, 50.11822646572167], [22.03449271885719, 50.11601285941718], [22.030470180471426, 50.114178313903274], [22.026447969127656, 50.11234361415657], [22.02242608482588, 50.110508760177076], [22.018404527522577, 50.10867375200526], [22.014383297217744, 50.106838589641136], [22.010362393867837, 50.10500327312515], [22.006341817472844, 50.10316780245729], [22.002321567989213, 50.10133217767804], [21.99830164541693, 50.09949639878737], [21.994851170939505, 50.099874337870254]]]}}, {"type": "Feature", "properties": {"band": "light", "dbz": 30.0, "source": "OPERA-ORD", "time": "20260907002000"}, "geometry": {"type": "Polygon", "coordinates": [[[6.244402424778729, 50.631629810991555], [6.237348311540268, 50.631391941966214], [6.231966432878145, 50.632336014520575], [6.228256788792359, 50.63446202865464], [6.226219264133554, 50.63777031022927], [6.2258538589017265, 50.64226085924447], [6.227343955667068, 50.645688427092644], [6.23068955442958, 50.6480530137738], [6.235890770440517, 50.64935429327629], [6.2429476036998794, 50.64959226560013], [6.2500045039242735, 50.649829791795845], [6.257061471113698, 50.650066871863444], [6.2624445848798675, 50.64912184296716], [6.2661538452227825, 50.64699470510697], [6.266334890641135, 50.64474937180005], [6.262987721134925, 50.64238584304641], [6.25964088691531, 50.64002221276973], [6.25629438798229, 50.637658480970025], [6.2529482242363255, 50.63529464767869], [6.249602395677414, 50.63293071289571], [6.244402424778729, 50.631629810991555]]]}}, {"type": "Feature", "properties": {"band": "light", "dbz": 30.0, "source": "OPERA-ORD", "time": "20260907002000"}, "geometry": {"type": "Polygon", "coordinates": [[[8.082469147489636, 50.670490988788664], [8.078842967257238, 50.67267810454541], [8.075216442438945, 50.67486509933203], [8.071589573034762, 50.677051973148515], [8.067962358960216, 50.679238725958626], [8.064334800215306, 50.68142535776234], [8.06242705591991, 50.68476650192118], [8.062239126074026, 50.68926215843514], [8.063865660331336, 50.692664512372396], [8.06730665869184, 50.69497356373295], [8.072562180504432, 50.696188984570874], [8.079632225769116, 50.696310774886165], [8.084981086790126, 50.69527802626577], [8.088608763567466, 50.69309073870968], [8.092236095437578, 50.690903330183815], [8.095863082400466, 50.68871580068817], [8.099489724540751, 50.68652815025904], [8.103116021858435, 50.68434037889644], [8.103208252995806, 50.682092512491536], [8.099766417952864, 50.679784551044364], [8.096324922720596, 50.67747648178433], [8.092883767299002, 50.67516830471144], [8.089442951592613, 50.672860019858824], [8.086002475601429, 50.67055162722647], [8.082469147489636, 50.670490988788664]]]}}, {"type": "Feature", "properties": {"band": "light", "dbz": 30.0, "source": "OPERA-ORD", "time": "20260907002000"}, "geometry": {"type": "Polygon", "coordinates": [[[22.073391192966074, 50.02636104962647], [22.066502241314527, 50.027121320389135], [22.059613085634794, 50.027881161555044], [22.052723725926874, 50.028640573124214], [22.045834162397057, 50.02939955505651], [22.03894439504534, 50.03015810735194], [22.034061914847953, 50.03183372662608], [22.031186721804882, 50.03442641287893], [22.03031916543214, 50.03793646840132], [22.03145924572972, 50.04236389319325], [22.03403754481158, 50.045494895073446], [22.038054062677723, 50.04732947404192], [22.04149998136318, 50.04695029303113], [22.044375300867944, 50.044357352041075], [22.047250323961947, 50.041764336876454], [22.050125050645192, 50.039171247537254], [22.05357076539999, 50.0387916367432], [22.057587468226338, 50.04062550449428], [22.061604496834292, 50.042459218161284], [22.06562185122384, 50.04429277774421], [22.069067361841444, 50.04391273720702], [22.071941028687103, 50.041319096549714], [22.07481439929424, 50.038725381803346], [22.077687473662863, 50.03613159296792], [22.080560251899094, 50.03353773006553], [22.083432734002944, 50.030943793096185], [22.082860648489113, 50.02873034701992], [22.0788439953576, 50.026897391836734], [22.073391192966074, 50.02636104962647]]]}}, {"type": "Feature", "properties": {"band": "light", "dbz": 30.0, "source": "OPERA-ORD", "time": "20260907002000"}, "geometry": {"type": "Polygon", "coordinates": [[[5.245285839172453, 50.575445522628584], [5.2382451897917655, 50.57514453556763], [5.23284946071846, 50.57604024185795], [5.229098651952536, 50.57813264149955], [5.2288684149270335, 50.58037588137056], [5.232158749641951, 50.582769961470945], [5.235449416057511, 50.58516394358664], [5.238740414173716, 50.587557827717646], [5.242031744091843, 50.589951613833605], [5.245323405811895, 50.592345301934536], [5.24884478587193, 50.592495621946256], [5.252595884271948, 50.590402573868786], [5.254700711585518, 50.58711276734186], [5.255159267812643, 50.582626202365475], [5.253742950410354, 50.57918619394773], [5.250451759378649, 50.57679274208862], [5.245285839172453, 50.575445522628584]]]}}, {"type": "Feature", "properties": {"band": "light", "dbz": 30.0, "source": "OPERA-ORD", "time": "20260907002000"}, "geometry": {"type": "Polygon", "coordinates": [[[6.1510454936228385, 50.58453939207059], [6.1473360134504835, 50.58666276366946], [6.145294933104009, 50.58996962446323], [6.144922252583415, 50.594459974451894], [6.142880445232466, 50.597766688764615], [6.139169511051161, 50.5998897674014], [6.135458232787698, 50.602012718512924], [6.131746610442076, 50.60413554209919], [6.131559798706794, 50.60638068649868], [6.134897797581852, 50.60874815171138], [6.1382361308935645, 50.611115515878375], [6.141574798641932, 50.61348277899965], [6.1449138009265525, 50.61584994104396], [6.148253137747428, 50.618217002011306], [6.151778734966574, 50.618338795136644], [6.155490592583991, 50.616215320419975], [6.1575323592302205, 50.61290840479229], [6.157904034905262, 50.60841804825359], [6.158275622715392, 50.6039276801664], [6.158647122660609, 50.59943730053073], [6.159018534800822, 50.5949469093336], [6.1593898591360325, 50.59045650657501], [6.157906699404982, 50.58702790546457], [6.154569055607671, 50.584661106002294], [6.1510454936228385, 50.58453939207059]]]}}, {"type": "Feature", "properties": {"band": "light", "dbz": 30.0, "source": "OPERA-ORD", "time": "20260907002000"}, "geometry": {"type": "Polygon", "coordinates": [[[7.449414179710105, 50.575692270390164], [7.442364111296511, 50.57553064730499], [7.437014518869086, 50.576532884451275], [7.433365402427826, 50.57869898182905], [7.431416683805998, 50.582029265875505], [7.431168363003602, 50.58652373659065], [7.43091998344298, 50.59101819664701], [7.430671545124135, 50.59551264604458], [7.430423048006926, 50.60000708479697], [7.430174492091352, 50.60450151290418], [7.431751914200081, 50.6079129382099], [7.435155314333115, 50.61024136071414], [7.438559051801002, 50.612569677789224], [7.441963126603743, 50.61489788943517], [7.441839101041122, 50.61714509636281], [7.43818697511314, 50.61931129857214], [7.4328325200554, 50.62031305401929], [7.4257757358679015, 50.620150362704244], [7.420420618967929, 50.62115176304049], [7.416767169355481, 50.62331725502802], [7.414815308161078, 50.62664716550368], [7.414565035384721, 50.63114149446745], [7.4143147033269825, 50.63563581283186], [7.4140643119878655, 50.6401301205969], [7.415641697990685, 50.64354171429608], [7.41904686133544, 50.6458705939294], [7.422452362617363, 50.64819936811634], [7.425858201836451, 50.65052803685688], [7.429264379089641, 50.65285660011857], [7.4326708943769315, 50.65518505790139], [7.436201696594171, 50.655266242056896], [7.439856785741359, 50.65310015258508], [7.443511530307787, 50.65093393999136], [7.447165930293455, 50.64876760427573], [7.450819985780637, 50.64660114547485], [7.454473696769336, 50.644434563588725], [7.458127063341826, 50.64226785865404], [7.4617800854981065, 50.64010103067078], [7.465432763320452, 50.63793407967559], [7.469085096808861, 50.635767005668484], [7.471033672567607, 50.63243623389123], [7.471278490596692, 50.62794176434381], [7.473226352244255, 50.624610855628134], [7.476877257510295, 50.62244350774418], [7.480527818769717, 50.62027603694656], [7.48417803602252, 50.61810844323527], [7.484300017405051, 50.61586118391735], [7.480893762917312, 50.61353425899279], [7.477487845866879, 50.611207228493825], [7.474082266253753, 50.608880092420456], [7.470677023981413, 50.60655285080513], [7.467272119049856, 50.60422550364784], [7.463867551362577, 50.601898050981035], [7.460463320919577, 50.599570492804716], [7.458884063743159, 50.59615945394073], [7.459129779833322, 50.59166493438907], [7.459375437807333, 50.58717040419581], [7.45962103766519, 50.58267586336092], [7.458042681674815, 50.5792647151908], [7.454640369836206, 50.57693695968544], [7.449414179710105, 50.575692270390164]]]}}, {"type": "Feature", "properties": {"band": "light", "dbz": 30.0, "source": "OPERA-ORD", "time": "20260907002000"}, "geometry": {"type": "Polygon", "coordinates": [[[7.505106660485245, 50.62307866570549], [7.501457029089929, 50.62524694101211], [7.499511168260032, 50.62857834800493], [7.499269077995553, 50.633072886683976], [7.500852485400349, 50.63648330487515], [7.504261390474422, 50.63880960257846], [7.507670633531431, 50.64113579456085], [7.5110802145713755, 50.64346188082232], [7.514490133690929, 50.64578786133032], [7.517900390890093, 50.64811373608485], [7.5214307808336045, 50.64819222258344], [7.525081303521466, 50.64602332082608], [7.527026302690791, 50.64269157696001], [7.5272657783415795, 50.638196990985215], [7.5256806750097365, 50.63478687291102], [7.522270992695262, 50.63246122273742], [7.518861648238206, 50.63013546681097], [7.515452641638565, 50.62780960513169], [7.512043972799784, 50.62548363773208], [7.508635641721863, 50.62315756461215], [7.505106660485245, 50.62307866570549]]]}}, {"type": "Feature", "properties": {"band": "light", "dbz": 30.0, "source": "OPERA-ORD", "time": "20260907002000"}, "geometry": {"type": "Polygon", "coordinates": [[[8.788200318133564, 50.65226797340633], [8.781135680047502, 50.65219104326414], [8.77580742641942, 50.65325738860627], [8.772215557249318, 50.655467009432726], [8.770360034996314, 50.65882023361597], [8.770240859660408, 50.66331706115599], [8.771918303364632, 50.66670908672675], [8.775392366108992, 50.66899631032825], [8.78066308546763, 50.67017840393518], [8.787730461440546, 50.670255367547576], [8.793060121263135, 50.6691887109875], [8.796652064935403, 50.66697843425496], [8.798506255496163, 50.66362486538358], [8.798622692945417, 50.65912800437334], [8.79694384304668, 50.65573629002053], [8.793469705799957, 50.653449722325135], [8.788200318133564, 50.65226797340633]]]}}, {"type": "Feature", "properties": {"band": "light", "dbz": 30.0, "source": "OPERA-ORD", "time": "20260907002000"}, "geometry": {"type": "Polygon", "coordinates": [[[8.774783217991422, 50.62513237572141], [8.767722725474627, 50.62505460202302], [8.76066225500955, 50.62497638147909], [8.753601806596189, 50.62489771408962], [8.748276054486952, 50.62596276307097], [8.744684998681839, 50.62817152842315], [8.742828600855821, 50.63152433775567], [8.742706861008898, 50.63602119106852], [8.742585092306928, 50.64051803436389], [8.742463294749914, 50.645014867641784], [8.744138064937438, 50.648407336197465], [8.747609402869506, 50.650695440030944], [8.751141324808268, 50.65073501864409], [8.754733830753725, 50.64852607203691], [8.758325993139, 50.64631700688061], [8.761917811964087, 50.64410782317519], [8.767245334602814, 50.64304213507624], [8.774308561055175, 50.64311994258376], [8.779635409300095, 50.64205390824647], [8.783225879337573, 50.63984403206436], [8.785079933852135, 50.63649064181444], [8.785197572843785, 50.63199373749673], [8.783520660317162, 50.628601779646054], [8.780049196272266, 50.62631476826242], [8.774783217991422, 50.62513237572141]]]}}, {"type": "Feature", "properties": {"band": "light", "dbz": 30.0, "source": "OPERA-ORD", "time": "20260907002000"}, "geometry": {"type": "Polygon", "coordinates": [[[8.426051010760023, 50.49479230805566], [8.419010824504316, 50.49469249835981], [8.411970666304235, 50.494592243296836], [8.404930536159785, 50.49449154286673], [8.39961174480429, 50.49554001620432], [8.396014292237746, 50.49773766330959], [8.394138129834037, 50.5010848104452], [8.393983257593156, 50.505581457611136], [8.395627790121848, 50.5089792921996], [8.39907172742011, 50.51127831421058], [8.402516002102356, 50.51357722772847], [8.405960614168588, 50.51587603275327], [8.409405563712344, 50.51817472925186], [8.412850850733621, 50.52047331722426], [8.418095623436407, 50.521672548475806], [8.425139881820702, 50.5217724230065], [8.430460817543466, 50.52072299273718], [8.434058430604697, 50.518524257667835], [8.43593267333415, 50.51517654431427], [8.436083545731826, 50.510679852676475], [8.436234382497762, 50.50618315072069], [8.436385183631959, 50.501686438446896], [8.434738214121262, 50.498289114958396], [8.431293473965674, 50.49599118025519], [8.426051010760023, 50.49479230805566]]]}}, {"type": "Feature", "properties": {"band": "light", "dbz": 30.0, "source": "OPERA-ORD", "time": "20260907002000"}, "geometry": {"type": "Polygon", "coordinates": [[[6.917016126146039, 49.73719011071023], [6.892342806783695, 49.74324860743598], [6.879270577109631, 49.75751499326506], [6.877799437123847, 49.77998926819749], [6.8766217047681835, 49.79796854118044], [6.875737380042643, 49.81145281221393], [6.866551062068795, 49.81907057377217], [6.84906275084664, 49.82082182585518], [6.833081451792283, 49.82599153380367], [6.818607164905725, 49.83457969761765], [6.823587022594756, 49.83809984342987], [6.848021024859378, 49.836551971240354], [6.852850751497197, 49.842320636299206], [6.838076202508214, 49.85540583860644], [6.8234446733846426, 49.866241761127526], [6.808956164126482, 49.87482840386248], [6.798391593355857, 49.87677335079377], [6.791750961072766, 49.87207660192138], [6.791296910419758, 49.87881805463552], [6.797029441396834, 49.89699770893618], [6.806393411955418, 49.913030262767], [6.819388822095511, 49.92691571612798], [6.834205320699088, 49.939725645869586], [6.850842907766149, 49.95146005199182], [6.863860728193654, 49.96534067805202], [6.873258781981605, 49.98136752405018], [6.884771877886404, 49.99182450154845], [6.8984000159080505, 49.996711610546846], [6.899622460275332, 50.00462586244012], [6.888439210988247, 50.01556725722827], [6.882254815049932, 50.030026342617326], [6.881069272460388, 50.048003118607284], [6.875770686092178, 50.048978452135344], [6.866359055945303, 50.032952343201515], [6.858768669089457, 50.015851578661255], [6.85299952552464, 49.997676158514565], [6.84179190841577, 49.98272064208422], [6.825145817762846, 49.97098502937022], [6.804571657274829, 49.96588612291407], [6.780069426951721, 49.96742392271577], [6.763877587769944, 49.97483140358062], [6.755996139729493, 49.98810856550867], [6.754921525085402, 50.00383730605493], [6.760653743837668, 50.02201762521942], [6.76305822818369, 50.037848494110584], [6.76213497812347, 50.05132991272842], [6.768185657648423, 50.065015099666226], [6.781210266758549, 50.078904054924024], [6.778617834986111, 50.09121047237474], [6.760408362331105, 50.10193435201836], [6.739014440209699, 50.10805767113731], [6.714436068621891, 50.10958042973159], [6.690174750494155, 50.106604403148395], [6.666230485826491, 50.09912959138775], [6.638482715515272, 50.09603528882674], [6.606931439560501, 50.09732149546535], [6.582026228588145, 50.10331016073562], [6.563767082598204, 50.114001284637524], [6.542674656588766, 50.11559351725146], [6.518748950559829, 50.108086858577416], [6.491174590710301, 50.102709233744136], [6.459951577040181, 50.09946064275163], [6.433877650803136, 50.09749733174604], [6.4129528119991654, 50.096819300727375], [6.404831838114229, 50.088675136610526], [6.409514729148329, 50.07306483939551], [6.42065360163995, 50.06441854311457], [6.438248455589092, 50.06273624776772], [6.455507334646001, 50.06554395085874], [6.472430238810673, 50.07284165238763], [6.494836437036822, 50.076931718479436], [6.52272592932445, 50.077814149134156], [6.54397016912638, 50.07398023806602], [6.5585691564426165, 50.06542998527504], [6.573324586760263, 50.054631104215844], [6.588236460079319, 50.04158359488845], [6.596177326708288, 50.028319863952554], [6.597147186647171, 50.01483991140816], [6.609737279578601, 50.009596795619785], [6.633947605502579, 50.012590516587444], [6.655151249223721, 50.00873382841147], [6.673348210742028, 49.998026731091876], [6.673825662262257, 49.99128642548456], [6.656583603784409, 49.988512911589524], [6.63602547845927, 49.9833827952049], [6.612151286286843, 49.9758960763307], [6.591924734481921, 49.96626616801564], [6.575345823044505, 49.95449307025974], [6.5548052745527325, 49.94934764384409], [6.530303089006602, 49.95082988876869], [6.513417155238223, 49.943542463466486], [6.504147473247595, 49.92748536793748], [6.494883862546053, 49.91142738138336], [6.485626323133599, 49.895368503804136], [6.474556188106165, 49.880376140954304], [6.461673457463753, 49.86645029283386], [6.4449914576030025, 49.85690305145829], [6.424510188523911, 49.8517344168276], [6.406818639649369, 49.855662253094636], [6.391916810979376, 49.868686560259405], [6.377006669211603, 49.88170871236468], [6.362088214346054, 49.89472870941046], [6.352460216382987, 49.90679698898076], [6.348122675322404, 49.917913551075586], [6.34117688836907, 49.91768243655633], [6.331622855522983, 49.906103645422995], [6.322674567060281, 49.909183184141654], [6.314332022980958, 49.92692105271231], [6.311112590918934, 49.94595630900742], [6.313016270874206, 49.966288953027004], [6.318576826667109, 49.98449123849695], [6.327794258297644, 50.000563165417255], [6.3318802556158, 50.01533771185158], [6.330834818621576, 50.02881487779992], [6.321165157369649, 50.040877516536], [6.302871271860015, 50.05152562805984], [6.287877328714155, 50.06453464105544], [6.2761833279320705, 50.0799045555228], [6.269447819951255, 50.09881937318376], [6.267670804771709, 50.12127909403833], [6.273231811505081, 50.13948191771197], [6.286130840151371, 50.15342784420468], [6.297202298690083, 50.16843694615072], [6.306446187121218, 50.184509223550094], [6.312023377030558, 50.20271031036344], [6.313933868418103, 50.22304020659076], [6.327217024386364, 50.23248710545163], [6.35187284493534, 50.23105100694606], [6.362190876969608, 50.23364441609444], [6.358171120489171, 50.24026733289677], [6.357301130669692, 50.25149719343264], [6.35958090751117, 50.267333997702046], [6.36186203439153, 50.283170632321244], [6.364144511310774, 50.299007097290236], [6.368094095554002, 50.31602366875687], [6.373710787121215, 50.33422034672115], [6.3848528590895635, 50.34921854290359], [6.401520311459046, 50.361018257304195], [6.416355772735111, 50.37388211560416], [6.429359242917757, 50.38781011780349], [6.444550440854476, 50.396177478076424], [6.461929366545268, 50.39898419642295], [6.470109667199419, 50.40712547657032], [6.469091342816929, 50.42060131851852], [6.478783055100048, 50.432164299361844], [6.499184804048777, 50.44181441910029], [6.5177540478569185, 50.45252919289444], [6.534490786524472, 50.4643086207443], [6.546871789230673, 50.46356922245825], [6.554897055975522, 50.45031099803628], [6.56258813156156, 50.441544365435945], [6.569945015988788, 50.43726932465722], [6.577628543008526, 50.428501431956946], [6.585638712620776, 50.4152406873351], [6.586626304661672, 50.40176370905814], [6.580591319131214, 50.388070497126066], [6.5897743043220665, 50.382723072033144], [6.614175260234229, 50.38572143377939], [6.634908873529378, 50.39085540143222], [6.651975144207512, 50.39812497499163], [6.671040326236396, 50.402074569665174], [6.692104419616031, 50.40270418545283], [6.71149195607427, 50.402155062824384], [6.729202935611112, 50.40042720177983], [6.742192761229247, 50.39068024995596], [6.750461432928674, 50.37291420735281], [6.760089839962239, 50.36081478606732], [6.771077982329944, 50.354381986099504], [6.7787111822037325, 50.345600026424435], [6.782989439583607, 50.3344689070421], [6.790310115585962, 50.33017862895811], [6.8006732102108, 50.33272919217245], [6.820028858583507, 50.332158169337475], [6.848377060704085, 50.32846556045318], [6.8748942519942045, 50.32584032800944], [6.899580432453865, 50.32428247200625], [6.920320548831969, 50.32936335285447], [6.937114601128513, 50.3410829705541], [6.951281185895072, 50.33922307306503], [6.9628203031316405, 50.32378366038728], [6.960195381604729, 50.31020581078906], [6.943406421314338, 50.29848952427038], [6.922677393145387, 50.293412928007484], [6.898008297097879, 50.294976022000355], [6.894800189831671, 50.29038517072824], [6.913053071346765, 50.27964037419116], [6.929620405591609, 50.267720878311444], [6.944502192566206, 50.254626683089086], [6.969442013542306, 50.2485558140009], [7.00443986851991, 50.24950827104688], [7.029361789939729, 50.24343055539892], [7.0442077778017635, 50.230322667057045], [7.069121497099436, 50.224229174952306], [7.104102947832747, 50.22515007908471], [7.127318790311809, 50.21788103772484], [7.138769024536623, 50.20242205087267], [7.135823268678448, 50.193341914648485], [7.118481522737281, 50.190640629052275], [7.102958931430006, 50.186859183136825], [7.08925549475662, 50.18199757690212], [7.072202016858019, 50.174793790286046], [7.0517984977342, 50.165247823288595], [7.043835761685148, 50.15265625897925], [7.0483138087108665, 50.13701909735801], [7.054602928021758, 50.12030436433697], [7.062703119617826, 50.10251205991612], [7.0620124613471775, 50.08561083778434], [7.052530953209815, 50.06960069794159], [7.032175336984541, 50.060047805228514], [7.000945612671356, 50.0569521596451], [6.978793635637253, 50.04847132560206], [6.965719405882231, 50.03460530309939], [6.968247684246934, 50.022292849900744], [6.98637847073136, 50.011533966006134], [7.005889634994097, 50.00643729701236], [7.026781177035148, 50.007002842919434], [7.0457235097178765, 50.01088935221763], [7.0627166330422835, 50.01809682490695], [7.0682886777631335, 50.01261819206919], [7.062439643880427, 49.99445345370436], [7.0668903834313825, 49.9788135255847], [7.081640896416001, 49.96569840771021], [7.0787206581059685, 49.956615568152195], [7.058129668501285, 49.951565006910656], [7.0354489815821335, 49.95208173119303], [7.010678597348516, 49.95816574099933], [6.986335626927604, 49.957502239253614], [6.962420070319397, 49.950091225955916], [6.9403231993766505, 49.94160024434897], [6.920045014099364, 49.93202929443278], [6.918668217728042, 49.926362778103375], [6.936192810262685, 49.92460069536074], [6.956906802674195, 49.92742578049488], [6.9808101949625705, 49.9348380335058], [6.994855496297531, 49.93297306456475], [6.999042706679078, 49.92183087367173], [6.994615453250267, 49.90932725234192], [6.9815737360111, 49.895462200575295], [6.966152871162244, 49.891660519819716], [6.9483528587036965, 49.89792221007518], [6.938223476182429, 49.89313889137643], [6.935764723598444, 49.877310563723476], [6.941909458639083, 49.862846799165965], [6.956657681304344, 49.8497475977039], [6.971255725505468, 49.83889382593293], [6.985703591242453, 49.83028548385305], [6.989744000512295, 49.8213911005007], [6.983376953314995, 49.812210675875875], [6.978816624097795, 49.80195388975738], [6.976063012860697, 49.7906207421452], [6.968186569288026, 49.77801966536472], [6.95518729337978, 49.76415065941592], [6.943853938026045, 49.75145233291798], [6.934186503226822, 49.739924685870896], [6.917016126146039, 49.73719011071023]]]}}, {"type": "Feature", "properties": {"band": "light", "dbz": 30.0, "source": "OPERA-ORD", "time": "20260907002000"}, "geometry": {"type": "Polygon", "coordinates": [[[7.0542354911697, 50.34988332345777], [7.04722067006313, 50.349696814261755], [7.041888472612403, 50.35068024533956], [7.03823889881752, 50.352833616691186], [7.03627185962729, 50.35615725237408], [7.035987355041714, 50.36065115238825], [7.035702783504403, 50.36514504115044], [7.035418145015358, 50.36963891866067], [7.036959334459981, 50.37305614637383], [7.0403263518382735, 50.37539672428993], [7.043693701598104, 50.37773719857037], [7.047061383739473, 50.380077569215175], [7.050429398358253, 50.38241783619271], [7.053797745454443, 50.38475799950296], [7.057166425123933, 50.38709805911428], [7.060535437366723, 50.38943801502666], [7.06390478227872, 50.39177786720845], [7.067274459859923, 50.39411761565961], [7.0724701729070905, 50.39537995733109], [7.079491921420222, 50.395564892222865], [7.08651372124486, 50.39574938326972], [7.093535572381008, 50.39593343047164], [7.100557474583265, 50.3961170338184], [7.107579427851634, 50.39630019330998], [7.114601431940688, 50.3964829089362], [7.121623486850427, 50.396665180697035], [7.128645592335398, 50.396847008582355], [7.135667748395601, 50.39702839259216], [7.142689954785558, 50.39720933271634], [7.1497122115052685, 50.39738982895492], [7.155047146559725, 50.3964014916786], [7.1586947599489275, 50.39424432088738], [7.160654965899239, 50.39091864115656], [7.160927764410656, 50.38642445248613], [7.161200498718723, 50.381930252677456], [7.161473168823441, 50.37743604173053], [7.161745774768375, 50.37294181963186], [7.1620183165535245, 50.36844758638143], [7.160468460886271, 50.36503198839455], [7.157096207766613, 50.362695025671215], [7.151901642773639, 50.36143637394896], [7.144884765907349, 50.36125603322781], [7.137867939227011, 50.36107524900202], [7.13085116273262, 50.36089402127159], [7.125519479990418, 50.361881467455426], [7.121872891000406, 50.36403758755351], [7.1182259624194755, 50.366193584160975], [7.114578694247628, 50.36834945727782], [7.109246101120403, 50.36933587328108], [7.1022281830377985, 50.36915283217074], [7.095210315911831, 50.36896934749098], [7.088192499742502, 50.368785419241796], [7.081174734774683, 50.36860104743341], [7.074157021008375, 50.36841623206582], [7.06896423437889, 50.36715396333142], [7.065596374886225, 50.36481424123022], [7.064053354240447, 50.36139738999922], [7.064335172441555, 50.35690340963842], [7.062792786587328, 50.353486459107465], [7.059426196677766, 50.35114653840634], [7.0542354911697, 50.34988332345777]]]}}, {"type": "Feature", "properties": {"band": "light", "dbz": 30.0, "source": "OPERA-ORD", "time": "20260907002000"}, "geometry": {"type": "Polygon", "coordinates": [[[7.2226064193108925, 50.35422652866567], [7.21559039167084, 50.35405066116981], [7.210261317470211, 50.35504219110027], [7.206619196709003, 50.35720111845706], [7.204663945371734, 50.36052776747434], [7.204395563458402, 50.365022138152106], [7.2059489139165525, 50.36843706417108], [7.209323996746186, 50.37077254553127], [7.214520896036689, 50.37202825784895], [7.22153961178806, 50.372204201124134], [7.226870113799083, 50.37121238476502], [7.230512402069758, 50.36905280877162], [7.232466393106199, 50.36572579754639], [7.232732086908405, 50.361231351089316], [7.231177308639861, 50.35781671149899], [7.227802058300567, 50.35548187877539], [7.2226064193108925, 50.35422652866567]]]}}, {"type": "Feature", "properties": {"band": "light", "dbz": 30.0, "source": "OPERA-ORD", "time": "20260907002000"}, "geometry": {"type": "Polygon", "coordinates": [[[6.9011108480304335, 50.32770354597828], [6.894099876959163, 50.32750736895316], [6.8870889603588, 50.32731074889697], [6.880078098229345, 50.32711368580973], [6.874744915126581, 50.32808908852424], [6.871089411050508, 50.330236957040505], [6.869111492051351, 50.33355761506656], [6.868811158129109, 50.3380510626024], [6.87033924671466, 50.34147059716134], [6.873695757808004, 50.34381621874336], [6.8788807854414795, 50.345087603491415], [6.885894329615088, 50.34528475140548], [6.892907928337494, 50.345481456098625], [6.899921581608699, 50.34567771757087], [6.90525594575725, 50.34470135810527], [6.9089110207831474, 50.34255237770182], [6.910886713665872, 50.339231100254466], [6.911183024405423, 50.3347375257632], [6.909652468222916, 50.331318462510886], [6.906295045118352, 50.328973910497524], [6.9011108480304335, 50.32770354597828]]]}}, {"type": "Feature", "properties": {"band": "light", "dbz": 30.0, "source": "OPERA-ORD", "time": "20260907002000"}, "geometry": {"type": "Polygon", "coordinates": [[[6.817289881737384, 50.08783071266126], [6.820626111025362, 50.09017816298721], [6.8257820661050435, 50.09145207479307], [6.832757746976428, 50.091652448078825], [6.83973348251523, 50.09185238083896], [6.8467092727214505, 50.092051873073444], [6.851866326105148, 50.09332482277337], [6.855204642666322, 50.09567122993873], [6.858543286390946, 50.09801753461961], [6.86188225727902, 50.10036373681602], [6.865221555424856, 50.10270983649697], [6.868561180828455, 50.10505583366246], [6.870081914264155, 50.10847582427572], [6.869783755731955, 50.11296980833675], [6.869485527442153, 50.11746378065265], [6.869187229394748, 50.12195774122342], [6.868888861542712, 50.12645169006247], [6.8685904238860465, 50.130945627169794], [6.8666209173625266, 50.13426653510235], [6.862980341972154, 50.13641441386015], [6.857668790914301, 50.137388941472736], [6.850686264188967, 50.1371901179401], [6.845524688680096, 50.135917376291594], [6.842184064387688, 50.1335707165272], [6.84066429752863, 50.130150460596475], [6.840965388102923, 50.125656608499405], [6.841266408254658, 50.12116274465], [6.841567357983833, 50.11666886904827], [6.840048440899233, 50.11324850847184], [6.836709657000858, 50.11090166292071], [6.83155110016479, 50.10962801068409], [6.824572770391033, 50.10942755176198], [6.819414899572691, 50.108153587468465], [6.816077487709767, 50.10580611780355], [6.812740403052242, 50.10345854578024], [6.809403645600118, 50.101110871398525], [6.8060672152589525, 50.09876309468936], [6.802731112028745, 50.09641521565273], [6.801215309988283, 50.09299436733289], [6.801519809137566, 50.088500549729844], [6.803491698064991, 50.08518065007918], [6.80713097677056, 50.08303466838089], [6.810618403865857, 50.08313550502338], [6.813953979350882, 50.08548316000665], [6.817289881737384, 50.08783071266126]]]}}, {"type": "Feature", "properties": {"band": "light", "dbz": 30.0, "source": "OPERA-ORD", "time": "20260907002000"}, "geometry": {"type": "Polygon", "coordinates": [[[6.713248019219164, 50.02624332888847], [6.709608903202296, 50.02838627944516], [6.70763290285193, 50.03170458179694], [6.707320018168066, 50.03619823594381], [6.7088273512071686, 50.039620436969074], [6.712154901969239, 50.041971184872715], [6.7173027676810815, 50.04325015866989], [6.724270948342697, 50.04345735836061], [6.729574693576869, 50.04248916200523], [6.733214003383599, 50.04034556960377], [6.7333694924021685, 50.038098715352795], [6.7300411606325765, 50.03574859925229], [6.726713154690882, 50.03339838120905], [6.723385474577082, 50.03104806122307], [6.720058120197036, 50.02869763932509], [6.716731091550744, 50.026347115515115], [6.713248019219164, 50.02624332888847]]]}}, {"type": "Feature", "properties": {"band": "light", "dbz": 30.0, "source": "OPERA-ORD", "time": "20260907002000"}, "geometry": {"type": "Polygon", "coordinates": [[[18.301064006284143, 49.74352151205706], [18.298008419590005, 49.74601604181708], [18.296870959854505, 49.749496175633965], [18.297651627077645, 49.753961913507716], [18.29843247433119, 49.758427632671705], [18.299213501615146, 49.762893333125916], [18.301523183558146, 49.76611169551684], [18.30536152016019, 49.76808271984447], [18.308808855818583, 49.76782082732688], [18.311865190533315, 49.765326017964064], [18.31492121819651, 49.76283112330777], [18.317976938808165, 49.760336143358], [18.321032352469036, 49.7578410781403], [18.324087459179125, 49.75534592765469], [18.32369608438759, 49.7531131506835], [18.319858228094436, 49.75114274722672], [18.31602069889169, 49.7491722033827], [18.312183496779358, 49.7472015191514], [18.3083466217002, 49.74523069457108], [18.304510073654207, 49.74325972964173], [18.301064006284143, 49.74352151205706]]]}}, {"type": "Feature", "properties": {"band": "light", "dbz": 30.0, "source": "OPERA-ORD", "time": "20260907002000"}, "geometry": {"type": "Polygon", "coordinates": [[[20.894137151479164, 49.39573065726129], [20.887322471099864, 49.39641599297075], [20.8824642455706, 49.398040431138945], [20.87956247489138, 49.40060397176587], [20.87666041250892, 49.403167435352145], [20.873758058423213, 49.40573082189776], [20.870855412533665, 49.408294131380195], [20.867952474840273, 49.41085736379944], [20.865049245242403, 49.413420519132984], [20.862145723740056, 49.415983597380816], [20.859241910232566, 49.41854659852039], [20.856337804719924, 49.42110952255172], [20.853433407101438, 49.42367236945223], [20.850528717377106, 49.426235139221916], [20.84762373544619, 49.428797831838246], [20.844718461308698, 49.431360447301195], [20.843770559837093, 49.434863067774934], [20.844780031031377, 49.43930569325946], [20.847242750008995, 49.44246694025627], [20.85115871676995, 49.44434680876536], [20.85456942551323, 49.4440053117029], [20.857474876238832, 49.44144244906891], [20.86038003460827, 49.43887950929816], [20.863284900621547, 49.43631649239065], [20.866189474379503, 49.433753398368964], [20.869093755882133, 49.43119022723309], [20.87199774523024, 49.428626979005585], [20.87490144242382, 49.42606365368646], [20.877804847563638, 49.42350025129827], [20.880707960649705, 49.420936771841006], [20.88361078178275, 49.41837321533722], [20.88651331096277, 49.4158095817869], [20.891373134597508, 49.41418495521589], [20.898190252686966, 49.41349933562419], [20.903049390402657, 49.4118744547803], [20.90595054774458, 49.40931031268424], [20.906894031758597, 49.405807210100605], [20.905879842444698, 49.4013651470294], [20.90341568375802, 49.398205083971995], [20.89950155569855, 49.396327020928375], [20.894137151479164, 49.39573065726129]]]}}, {"type": "Feature", "properties": {"band": "light", "dbz": 30.0, "source": "OPERA-ORD", "time": "20260907002000"}, "geometry": {"type": "Polygon", "coordinates": [[[6.5129117859108465, 49.90299314928528], [6.509273200883827, 49.905129625865115], [6.507288579781887, 49.90844450715814], [6.506957922605025, 49.912937793164346], [6.5084472130723565, 49.91636286428858], [6.511756451183878, 49.91871972053086], [6.516885739369887, 49.92000804219694], [6.523835077630384, 49.920227829286844], [6.529129141373492, 49.91926916490902], [6.532767930599211, 49.917132049063454], [6.532932314700738, 49.91488537717387], [6.529622293678074, 49.91252914924024], [6.526312595965672, 49.910172820251205], [6.523003221563532, 49.90781639020677], [6.519694170377935, 49.90545985913725], [6.5163854424088825, 49.90310322704265], [6.5129117859108465, 49.90299314928528]]]}}, {"type": "Feature", "properties": {"band": "light", "dbz": 30.0, "source": "OPERA-ORD", "time": "20260907002000"}, "geometry": {"type": "Polygon", "coordinates": [[[6.513896729657988, 49.86586765173834], [6.506955364986633, 49.86564726836142], [6.501666555189558, 49.866605155706125], [6.498030300266759, 49.868741313772446], [6.49604649775458, 49.87205606177465], [6.495715147653023, 49.87654939971273], [6.4972025788893415, 49.879974682072906], [6.500508791463538, 49.88233190885518], [6.505633887928271, 49.88362076070008], [6.512577868283539, 49.883841237607605], [6.517703644456675, 49.88512978110697], [6.521011216447678, 49.887486391198166], [6.524319111356712, 49.889842900292706], [6.527627329183775, 49.89219930839059], [6.53093587002246, 49.894555615461485], [6.534244733872765, 49.896911821505405], [6.537553920828302, 49.899267926492044], [6.540863430889067, 49.90162393042139], [6.545991663092103, 49.902910902445875], [6.552938617437406, 49.9031288425655], [6.558230161813838, 49.90216875758151], [6.5618662962214, 49.90003064749389], [6.563846919750063, 49.89671483189536], [6.564172032399828, 49.892221310785914], [6.562679732542033, 49.88879686777521], [6.5593700201766785, 49.886441502863256], [6.55606063074951, 49.88408603684574], [6.552751564260528, 49.881730469722655], [6.5494428206162585, 49.879374801524335], [6.546134399816703, 49.87701903225078], [6.54100873470041, 49.87573180878462], [6.534065825267382, 49.87551313112588], [6.528940839421264, 49.874225599171936], [6.525633777162052, 49.87186921292279], [6.522327037522751, 49.86951272570537], [6.51902062050336, 49.86715613751966], [6.513896729657988, 49.86586765173834]]]}}, {"type": "Feature", "properties": {"band": "light", "dbz": 30.0, "source": "OPERA-ORD", "time": "20260907002000"}, "geometry": {"type": "Polygon", "coordinates": [[[6.693767463800077, 49.88043185931825], [6.686823283215391, 49.88022282192354], [6.679879159235909, 49.88001334627765], [6.67293509186163, 49.87980343238061], [6.667648140697841, 49.880769303092315], [6.66401830574454, 49.88291095841278], [6.662045489307186, 49.88622871783956], [6.661729691385778, 49.89072258137265], [6.663229465615894, 49.89414563960201], [6.666544811997531, 49.89649789252762], [6.671675828310138, 49.897779020506434], [6.678622514553714, 49.89798902353845], [6.683910872602877, 49.89702287781301], [6.687540902457626, 49.89488058333012], [6.69117060077161, 49.89273816509696], [6.694799967544826, 49.89059562311353], [6.698429002852745, 49.88845295741548], [6.702057706695367, 49.88631016800282], [6.702213932485613, 49.88406317447627], [6.698897680223483, 49.88171197683582], [6.693767463800077, 49.88043185931825]]]}}, {"type": "Feature", "properties": {"band": "light", "dbz": 30.0, "source": "OPERA-ORD", "time": "20260907002000"}, "geometry": {"type": "Polygon", "coordinates": [[[6.770671921249321, 49.56746666240323], [6.763772746810492, 49.56726264517933], [6.756873626680382, 49.567058192872054], [6.749974560858991, 49.56685330548139], [6.743075549575713, 49.5666479830182], [6.736176592830547, 49.56644222548248], [6.730925710159651, 49.56741146590766], [6.727322901563024, 49.569555704293734], [6.725368072837385, 49.57287525742838], [6.725061223982731, 49.5773701253116], [6.723105711515938, 49.580689538422945], [6.719501535437004, 49.58283349676242], [6.715897033064885, 49.58497733223393], [6.712292204399581, 49.58712104483749], [6.710335578886772, 49.590440287960426], [6.710027156526454, 49.59493506160277], [6.708069846501599, 49.59825416455985], [6.704463648812206, 49.60039759683169], [6.700857124531295, 49.602540906140796], [6.697250273658866, 49.60468409248716], [6.695291848952108, 49.60800302528149], [6.694981850411019, 49.612497704523754], [6.694671780172387, 49.61699237112977], [6.694361638236211, 49.62148702509951], [6.694051424554804, 49.625981666446336], [6.693741139128166, 49.63047629517024], [6.6934307819085666, 49.63497091128456], [6.693120352896007, 49.63946551478931], [6.692809852042714, 49.6439601056978], [6.692499279348689, 49.64845468401006], [6.692188634766114, 49.652949249739414], [6.691877918294992, 49.65744380288587], [6.693373068222122, 49.66086687126299], [6.696674084547509, 49.66321845487075], [6.699975420442892, 49.66556993731411], [6.703277075908272, 49.66792131859306], [6.7031219334289, 49.670168587316816], [6.699509993004779, 49.67231174348539], [6.695897724781149, 49.67445477649313], [6.69228512875801, 49.67659768634003], [6.690323256557908, 49.67991638016803], [6.6900121081808415, 49.68441085797713], [6.689700887723531, 49.68890532325666], [6.689389595185978, 49.69339977600666], [6.687426602855145, 49.69671829951086], [6.683811910731033, 49.69886089376929], [6.680196890355614, 49.70100336474668], [6.676581541728886, 49.70314571244304], [6.6729658647764545, 49.70528793682308], [6.669349859498318, 49.707430037886816], [6.665733525820078, 49.70957201559892], [6.662116863741733, 49.711713869959404], [6.658499873188887, 49.71385560093296], [6.6548825541615395, 49.71599720851957], [6.651264906585292, 49.71813869268392], [6.647646930460146, 49.72028005342601], [6.645680059631766, 49.72359784349979], [6.645364294100153, 49.72809206290525], [6.645048455348613, 49.73258626981575], [6.6447325433771445, 49.73708046423128], [6.644416558136904, 49.74157464616519], [6.644100499627892, 49.746068815617456], [6.643784367801217, 49.75056297260138], [6.643468162656881, 49.75505711711696], [6.643151884145949, 49.75955124917752], [6.642835532268421, 49.764045368783044], [6.644330264299829, 49.767468900086755], [6.647636080240172, 49.769821843088664], [6.650942217410809, 49.772174684892896], [6.654248675811739, 49.77452742549946], [6.65755545553548, 49.77688006487813], [6.660862556582033, 49.779232603028916], [6.665980904126661, 49.78051402192279], [6.672910498169365, 49.78072432155976], [6.679840148612322, 49.78093418397191], [6.686769855455531, 49.78114360915926], [6.693699618465828, 49.78135259711055], [6.700629437643213, 49.781561147825784], [6.707559312754492, 49.781769261293775], [6.714489243799665, 49.78197693751453], [6.721419230545507, 49.78218417647689], [6.728349272992019, 49.782390978180864], [6.73527937090595, 49.782597342615354], [6.742209524287301, 49.78280326978035], [6.749139732902788, 49.78300875966482], [6.756069996752412, 49.78321381226875], [6.761343937659256, 49.78224381965347], [6.764961555623319, 49.78009878181899], [6.766922756302662, 49.776779017481104], [6.767227539697285, 49.772284526639794], [6.767532252381725, 49.767790023452], [6.767836894355982, 49.76329550791772], [6.76814146566724, 49.7588009800236], [6.7684459663154986, 49.754306439769636], [6.768750396347901, 49.749811887142435], [6.769054755764446, 49.745317322142014], [6.771013972719185, 49.74199732970568], [6.774628047212117, 49.73985190983345], [6.7798970730776364, 49.73888074418025], [6.7868210503157425, 49.7390838327461], [6.792089449600049, 49.73811231490195], [6.795702270930554, 49.7359661906478], [6.799314763456303, 49.733819943414495], [6.802926927177296, 49.73167357320203], [6.80653876216848, 49.72952708004568], [6.810150268429857, 49.72738046394543], [6.812106041854518, 49.72405977201722], [6.812406082442462, 49.71956500426106], [6.812706053501539, 49.71507022410901], [6.8130059550317466, 49.7105754315611], [6.81330578707942, 49.70608062660391], [6.813605549644559, 49.70158580923746], [6.812100926693555, 49.69816435484571], [6.808791918226406, 49.695816263428654], [6.805483230059852, 49.69346807043674], [6.80217486219389, 49.69111977586993], [6.798866814536871, 49.68877137975845], [6.795559087088798, 49.68642288210232], [6.792251679758035, 49.6840742829317], [6.788944592544583, 49.6817255822466], [6.78909527227062, 49.67947817439824], [6.792703718936145, 49.67733205938663], [6.796311837784657, 49.67518582153361], [6.799919628816157, 49.673039460839185], [6.801873775673186, 49.669718843277266], [6.802174278355743, 49.66522396884784], [6.802474711488348, 49.66072908193196], [6.802775075071, 49.65623418252963], [6.803075369149981, 49.65173927062745], [6.803375593725291, 49.64724434622542], [6.803675748843167, 49.64274940931015], [6.803975834503611, 49.63825445988164], [6.804275850752821, 49.633759497926484], [6.804575797590795, 49.62926452344469], [6.803073928659606, 49.62584281816312], [6.799770243959254, 49.62349438208178], [6.796466878347056, 49.621145844586785], [6.793163831823013, 49.61879720567815], [6.793314024141145, 49.61654971024821], [6.796917455301452, 49.61440335829697], [6.800520559702503, 49.61225688367667], [6.804123337344295, 49.610110286387304], [6.806074491627244, 49.60678946284143], [6.806374022551348, 49.60229441303904], [6.806673484248592, 49.597799350656416], [6.806972876718976, 49.59330427569357], [6.805471882907386, 49.58988253750469], [6.802170502813825, 49.5875341360898], [6.797068828630239, 49.58625875442036], [6.7901668603566305, 49.586056392496396], [6.785065853958109, 49.584780702489745], [6.781765809434673, 49.582431684400404], [6.780266634080512, 49.57900965522283], [6.780568327895626, 49.57451461495704], [6.779069758219572, 49.5710924888719], [6.775770925052347, 49.56874327696741], [6.770671921249321, 49.56746666240323]]]}}, {"type": "Feature", "properties": {"band": "light", "dbz": 30.0, "source": "OPERA-ORD", "time": "20260907002000"}, "geometry": {"type": "Polygon", "coordinates": [[[6.981282721364789, 49.7356024557297], [6.974358565366304, 49.735411641332455], [6.969093988514629, 49.73639216509078], [6.965488990809767, 49.73854402700465], [6.963543484075865, 49.74186754555657], [6.963257468312927, 49.74636272074656], [6.9629713861868066, 49.750857883690735], [6.962685237697505, 49.755353034389096], [6.964202596977333, 49.758772290630894], [6.967523464026289, 49.761115652416116], [6.972647927156988, 49.76238280103842], [6.979575986369428, 49.76257373649781], [6.984842961087523, 49.76159297087287], [6.988448851311273, 49.75944050416361], [6.9903935692959385, 49.75611665509604], [6.990677115041519, 49.75162142367016], [6.99096059502525, 49.747126180017894], [6.991244009247129, 49.74263092413923], [6.989725487109559, 49.739211937882], [6.986405028612539, 49.73686922124621], [6.981282721364789, 49.7356024557297]]]}}, {"type": "Feature", "properties": {"band": "light", "dbz": 30.0, "source": "OPERA-ORD", "time": "20260907002000"}, "geometry": {"type": "Polygon", "coordinates": [[[7.342908059829522, 49.71794500343661], [7.335985303904936, 49.7177770212098], [7.3307303199385885, 49.718774934962624], [7.327143107930479, 49.720938744695076], [7.325223590276442, 49.72426876901846], [7.324971766976478, 49.728765007932765], [7.324719885257494, 49.733261234798945], [7.3244679451194905, 49.73775744961703], [7.326010615908984, 49.74117179234021], [7.329347897625973, 49.743504262968486], [7.332685501542036, 49.74583663021146], [7.336023427657176, 49.74816889406914], [7.339361676062247, 49.75050105451075], [7.34270024675725, 49.75283311153629], [7.347833557751797, 49.754082764956415], [7.354761609045887, 49.75425001477113], [7.3616897051247845, 49.75441682732655], [7.368617845988489, 49.754583202622676], [7.37387570210483, 49.75358374157341], [7.37746327347381, 49.75141844417877], [7.379380483688694, 49.74808762939695], [7.379627332749481, 49.74359129722798], [7.378081047189775, 49.74017763126917], [7.374741627009575, 49.73784663152053], [7.371402528977912, 49.73551552826345], [7.368063753094785, 49.733184321497916], [7.364725299269498, 49.73085301125472], [7.361387167502053, 49.728521597533856], [7.358049357701767, 49.72619008036609], [7.354711869868641, 49.723858459751405], [7.351374703912013, 49.72152673572055], [7.348037859831882, 49.71919490827353], [7.342908059829522, 49.71794500343661]]]}}, {"type": "Feature", "properties": {"band": "light", "dbz": 30.0, "source": "OPERA-ORD", "time": "20260907002000"}, "geometry": {"type": "Polygon", "coordinates": [[[7.053855513925781, 49.68354029688532], [7.046938644461574, 49.68335408787074], [7.041681351557166, 49.684338152686074], [7.0380836352125575, 49.686492491331315], [7.034485590949085, 49.68864670792256], [7.030887218766749, 49.6908008024598], [7.025629049442041, 49.69178385260055], [7.018711082974963, 49.691595858344826], [7.013452286454131, 49.692578558216766], [7.009852659879546, 49.69473195221637], [7.007912116572008, 49.69805635847577], [7.007630656531519, 49.702551776994945], [7.007349131247847, 49.707047183229925], [7.007067540720993, 49.711542577180715], [7.008586769748844, 49.71496131016531], [7.011906818331402, 49.71730338218369], [7.017027773282168, 49.71856847488033], [7.023949634601141, 49.71875658825522], [7.030871546198245, 49.71894426487472], [7.037793508073477, 49.71913150473884], [7.044715519994291, 49.719318307837554], [7.051637581960691, 49.71950467417086], [7.056898270137201, 49.718520401698854], [7.060497584523825, 49.71636549042152], [7.06243543967204, 49.713040258742964], [7.062711835581847, 49.70854470666316], [7.06298816744766, 49.704049142337155], [7.063264435269479, 49.69955356576496], [7.063540639089982, 49.69505797693303], [7.063816778909171, 49.690562375841374], [7.062294623778545, 49.68714428181981], [7.058974173698104, 49.68480369486834], [7.053855513925781, 49.68354029688532]]]}}, {"type": "Feature", "properties": {"band": "light", "dbz": 30.0, "source": "OPERA-ORD", "time": "20260907002000"}, "geometry": {"type": "Polygon", "coordinates": [[[7.607806296172363, 49.68802859747798], [7.600887114373413, 49.68787734757226], [7.595641093279751, 49.68888799567398], [7.592068232891375, 49.69106054178313], [7.5901684634056155, 49.69439530443205], [7.589941784822474, 49.69889228362074], [7.591502186139342, 49.70230300579921], [7.59484966735622, 49.704627470967466], [7.599984298336195, 49.70586536044834], [7.606906079079267, 49.706016674241845], [7.612153469194252, 49.70500573947148], [7.615726468681149, 49.70283255613727], [7.617625008244199, 49.69949744293193], [7.617849087883401, 49.69500039985547], [7.61628731754521, 49.691589964345646], [7.612939697229629, 49.68926613640245], [7.607806296172363, 49.68802859747798]]]}}, {"type": "Feature", "properties": {"band": "light", "dbz": 30.0, "source": "OPERA-ORD", "time": "20260907002000"}, "geometry": {"type": "Polygon", "coordinates": [[[6.9771053036430875, 49.58237612397111], [6.970203265388308, 49.58218512162265], [6.96495551462486, 49.5831656001419], [6.96136205135274, 49.58531755952886], [6.9577682618293615, 49.5874693968553], [6.954174146054726, 49.589621112121215], [6.948925526022114, 49.590600577649234], [6.9420224017315295, 49.590407793439354], [6.936773158415795, 49.591386909004385], [6.93317779607491, 49.59353792434432], [6.931236226304138, 49.596861156636194], [6.930948449103479, 49.60135660588002], [6.930660605350913, 49.605852042633344], [6.930372695046442, 49.61034746689617], [6.928430020015218, 49.61367053161919], [6.924832580257239, 49.615821236802404], [6.92123481372394, 49.617971819726215], [6.917636720415321, 49.620122280390625], [6.915692939039639, 49.62344517745575], [6.915403469596893, 49.627940510921576], [6.913459004658338, 49.631263269195], [6.909859544223974, 49.63341345227604], [6.906259756713905, 49.6355635130033], [6.902659642128132, 49.6377134513768], [6.900714069211775, 49.64103604182107], [6.900423037964832, 49.64553128433608], [6.900131939347634, 49.6500265144082], [6.899840773360181, 49.65452173203741], [6.899549539957614, 49.65901693723714], [6.899258239139933, 49.66351213000742], [6.900768357325497, 49.66693240724406], [6.904079894514306, 49.669277768947055], [6.909192940406122, 49.67054789727533], [6.916107495000947, 49.670742792228864], [6.921365633212359, 49.66976498577793], [6.924967355040357, 49.66761447792251], [6.9285687492612515, 49.66546384769626], [6.932169815875042, 49.66331309509915], [6.937427082426873, 49.662334273472155], [6.944340548916741, 49.66252738281527], [6.951254066861543, 49.662720056014265], [6.958167636261275, 49.66291229306914], [6.9650812568845275, 49.663104093969665], [6.9719949287313, 49.66329545871582], [6.97890865157015, 49.663486387297404], [6.9858224254010794, 49.663676879714416], [6.992736249992621, 49.66386693595671], [6.999650125344776, 49.66405655602427], [7.004905777431724, 49.66307472669753], [7.008503206253466, 49.66092144797647], [7.0104423251199774, 49.657597037733034], [7.010723134031259, 49.65310149596722], [7.012661569277968, 49.64977694753803], [7.016257630860108, 49.64762339244545], [7.01985336520595, 49.645469715339615], [7.0234487723154935, 49.64331591622052], [7.025386103521663, 49.639991201206726], [7.02566535882446, 49.63549557029823], [7.024147557473702, 49.63207685875061], [7.0208326994693895, 49.62973506656385], [7.015720870911663, 49.62846987615288], [7.008812071800522, 49.628281287517666], [7.003700911293572, 49.62701578700286], [7.000387389390818, 49.62467337460846], [6.998871419472769, 49.62125436788674], [6.999153001539425, 49.616758766837705], [6.997637641623367, 49.61333966181456], [6.994325339724594, 49.61099705281731], [6.991013357112209, 49.608654341794384], [6.98770169378621, 49.60631152874578], [6.986187168603346, 49.60289231679826], [6.986469781563615, 49.59839670595183], [6.986752329205135, 49.59390108264016], [6.987034811527907, 49.58940544686325], [6.985521120209588, 49.58598612801744], [6.9822112552501805, 49.58364312610271], [6.9771053036430875, 49.58237612397111]]]}}, {"type": "Feature", "properties": {"band": "light", "dbz": 30.0, "source": "OPERA-ORD", "time": "20260907002000"}, "geometry": {"type": "Polygon", "coordinates": [[[7.429853895267596, 49.64798090173374], [7.42294099245911, 49.64781843689994], [7.417695573985371, 49.64882058991596], [7.4141176398463795, 49.650987360781805], [7.412207115249671, 49.65431906755356], [7.411964000195246, 49.658815710231224], [7.411720828828479, 49.66331234080217], [7.411477601149368, 49.667808959266395], [7.41302434109093, 49.671222224170265], [7.416361048653164, 49.67355213551379], [7.421487798744333, 49.67479837501736], [7.428404591364437, 49.674960942681], [7.4353214273250785, 49.67512307386929], [7.442238306626254, 49.67528476858223], [7.447485837293574, 49.67428170020165], [7.451064019327038, 49.672113868727536], [7.45297277878283, 49.66878159246876], [7.4532121156609525, 49.66428487142533], [7.451663010036496, 49.66087208309737], [7.44832546190946, 49.65854322748487], [7.44498823475693, 49.65621426827231], [7.4416513285789065, 49.65388520545967], [7.43831474328538, 49.65155603907768], [7.434978478876352, 49.64922676912632], [7.429853895267596, 49.64798090173374]]]}}, {"type": "Feature", "properties": {"band": "light", "dbz": 30.0, "source": "OPERA-ORD", "time": "20260907002000"}, "geometry": {"type": "Polygon", "coordinates": [[[7.389357757335114, 49.62901304728281], [7.3824477066486205, 49.628848034923166], [7.377203512852334, 49.629848263499994], [7.373625175946255, 49.632013733013295], [7.3717126200469965, 49.6353447613228], [7.371465845154557, 49.63984134842852], [7.373008886144051, 49.64325521824233], [7.376341743015479, 49.64558637076425], [7.381464491717809, 49.646834487990255], [7.388377132251039, 49.646999569920354], [7.393622696604804, 49.645999058188416], [7.397201184779104, 49.64383295279445], [7.399112521389195, 49.64050157175937], [7.399356706435077, 49.636004915083205], [7.397812294888104, 49.632591328424496], [7.394479286748275, 49.630260811783245], [7.389357757335114, 49.62901304728281]]]}}, {"type": "Feature", "properties": {"band": "light", "dbz": 30.0, "source": "OPERA-ORD", "time": "20260907002000"}, "geometry": {"type": "Polygon", "coordinates": [[[7.01907736321553, 49.574521470314046], [7.012176312178091, 49.57433311970137], [7.006930301624089, 49.57531562335484], [7.003339331553525, 49.57746898127444], [7.00140331565721, 49.580793510554415], [7.001122253935146, 49.58528921119475], [7.002637322289148, 49.58870825276325], [7.005948520719215, 49.59105063525991], [7.011055935609008, 49.59231604144696], [7.0179595669585275, 49.59250447132442], [7.023206953734632, 49.59152169012771], [7.0267980959373215, 49.58936769785685], [7.028732907743748, 49.58604281176888], [7.029011389153911, 49.581547031863785], [7.027494944577807, 49.57812826783852], [7.024183574015435, 49.5757865196931], [7.01907736321553, 49.574521470314046]]]}}, {"type": "Feature", "properties": {"band": "light", "dbz": 30.0, "source": "OPERA-ORD", "time": "20260907002000"}, "geometry": {"type": "Polygon", "coordinates": [[[7.074835757128333, 49.56702071586879], [7.067935598833651, 49.566835886497806], [7.062691579116986, 49.56782107676511], [7.059103697978336, 49.56997628667071], [7.057171870747137, 49.57330183328841], [7.056896097423389, 49.577797716618214], [7.05841490955291, 49.58121601450895], [7.0617283071357, 49.58355672696064], [7.066836374915373, 49.58481953675592], [7.0737391128919285, 49.5850044438948], [7.078984506876327, 49.58401897535643], [7.082572556868568, 49.58186313114079], [7.084503178685716, 49.57853722848414], [7.084776372327768, 49.574041267386455], [7.083256185930514, 49.57062324776679], [7.079942619493954, 49.568283169625126], [7.074835757128333, 49.56702071586879]]]}}, {"type": "Feature", "properties": {"band": "light", "dbz": 30.0, "source": "OPERA-ORD", "time": "20260907002000"}, "geometry": {"type": "Polygon", "coordinates": [[[6.701467354761775, 49.36720732022562], [6.694597027483921, 49.36699904492649], [6.689367115623243, 49.36796649559965], [6.685777619179744, 49.37010967224512], [6.68382844379377, 49.37342888987254], [6.683519589465325, 49.37792414848192], [6.683210664080031, 49.382419394086995], [6.682901667637889, 49.38691462668778], [6.684388411666327, 49.39033831024481], [6.6876708961653435, 49.392690444758045], [6.690953695796586, 49.39504247862171], [6.6942368105600565, 49.39739441183579], [6.695724366039597, 49.400817990623864], [6.695416362235209, 49.40531321498594], [6.6934661624542064, 49.40863245091769], [6.689873766696589, 49.41077569841914], [6.686281047493346, 49.41291882338339], [6.682688004844478, 49.41506182581048], [6.679094638677084, 49.41720470566567], [6.6755009489911625, 49.41934746294896], [6.672062357752797, 49.419242555169184], [6.668778864961986, 49.416889982326346], [6.665495687610049, 49.41453730886681], [6.662212825696985, 49.41218453479059], [6.657133206084421, 49.410902600762086], [6.650256828772358, 49.4106915067813], [6.6451778716708425, 49.40940926650614], [6.641896334779873, 49.40705587993662], [6.638615113111571, 49.40470239285486], [6.635334206665937, 49.40234880526085], [6.630256314967303, 49.40106561985679], [6.623381438015668, 49.400852836642656], [6.616506617181994, 49.40063962009696], [6.60963185246628, 49.40042597021971], [6.604396555377516, 49.40138929735812], [6.600800725915702, 49.403529601512204], [6.597204573101737, 49.40566978284907], [6.593608096935621, 49.407809841368724], [6.590011297344766, 49.40994977703638], [6.586414174329173, 49.41208958985205], [6.584456356879965, 49.41540690505888], [6.584137844997143, 49.41990172265686], [6.582179347884475, 49.42321889718188], [6.578580865541962, 49.42535842863395], [6.574982059480959, 49.427497837139825], [6.571382929701467, 49.42963712269951], [6.569423322705496, 49.432954125654284], [6.569103238493046, 49.437448846004145], [6.568783080547864, 49.441943553357945], [6.568462848869951, 49.44643824771568], [6.568142543410497, 49.45093292909067], [6.567822164169505, 49.45542759748289], [6.569302702955827, 49.45885268139209], [6.572584159769465, 49.46120818081826], [6.575865932580683, 49.46356357984567], [6.57914802138948, 49.46591887847431], [6.580629369068806, 49.46934385871601], [6.580309975618659, 49.473838520570766], [6.578348897136799, 49.47715551048021], [6.574746133623224, 49.47929482844435], [6.571143045497628, 49.48143402331422], [6.5675396327600115, 49.48357309508981], [6.563935895337474, 49.4857120437362], [6.560331833230018, 49.487850869253364], [6.556727446364741, 49.4899895716064], [6.553122734741645, 49.49212815079528], [6.552961891843987, 49.49437541535743], [6.556244917671766, 49.49673136529285], [6.561330681605535, 49.49801771455247], [6.568219183645296, 49.498234463136285], [6.575107742920905, 49.49845077742821], [6.581996359432361, 49.49866665742824], [6.587083195902003, 49.49995206033917], [6.59036825232983, 49.502306986160995], [6.590208618503544, 49.504554283197734], [6.586604294423144, 49.5066939514494], [6.582999645279221, 49.508833496577715], [6.579394671071775, 49.510972918582695], [6.577432118583159, 49.51428989598516], [6.577111987813374, 49.51878442878509], [6.576791783164906, 49.52327894871942], [6.576471504637755, 49.527773455788136], [6.576151152182913, 49.53226795000453], [6.57583072580038, 49.536762431368615], [6.57731414517938, 49.540187259910375], [6.580601410319916, 49.54254243562983], [6.585692619576012, 49.543827642088786], [6.592587772947667, 49.544042879287254], [6.599482983298848, 49.54425768171742], [6.606378250629555, 49.54447204937929], [6.613273574711024, 49.544685982261505], [6.620168955543256, 49.54489948036406], [6.627064392897461, 49.54511254367568], [6.63395988677364, 49.54532517219636], [6.639052983360488, 49.546608149039045], [6.642343682658004, 49.54896147420375], [6.64563469953268, 49.55131469858687], [6.648926033984516, 49.55366782218841], [6.654020203874399, 49.554949850792454], [6.66091720920233, 49.555160784399], [6.667814270404902, 49.55537128309008], [6.674711387482118, 49.555581346865694], [6.681608560204909, 49.555790975714714], [6.688505788573274, 49.55600016963714], [6.693756006763618, 49.55503319252815], [6.697359214775936, 49.552890044387766], [6.699315317501445, 49.5495710418689], [6.699624314940145, 49.545076184971585], [6.699933241061249, 49.540581315331224], [6.700242095864758, 49.53608643294781], [6.700550879397973, 49.531591537808026], [6.700859591660896, 49.52709662991184], [6.701168232700782, 49.52260170924591], [6.701476802517632, 49.51810677581025], [6.701785301158665, 49.51361182959148], [6.702093728623879, 49.50911687058963], [6.704047435989827, 49.50579760767347], [6.70764642325651, 49.503654040843], [6.712890784964391, 49.502685853889695], [6.719780521113469, 49.50289304681354], [6.724871405545921, 49.50417204489007], [6.7281634382617455, 49.50652284811928], [6.731455788043883, 49.508873550364235], [6.734748454892333, 49.511224151624916], [6.739840407741594, 49.51250220143818], [6.7467316465916625, 49.512707699804025], [6.751824264963064, 49.513985442102786], [6.755118262855797, 49.51633542833447], [6.758412578031757, 49.51868531347668], [6.761707210490949, 49.52103509752942], [6.76500216032396, 49.523384780462806], [6.768297427530795, 49.52573436227684], [6.771593012202068, 49.52808384294164], [6.774888914337777, 49.53043322245719], [6.779983932433481, 49.53170940039269], [6.786878066489179, 49.53191237674813], [6.792123606517586, 49.53094064203107], [6.795720552518701, 49.52879419624152], [6.799317173189288, 49.52664762799297], [6.802913468529347, 49.52450093728543], [6.806509438612722, 49.52235412415377], [6.810105083439412, 49.52020718859798], [6.812051981110786, 49.51688606951343], [6.812350131626842, 49.51239076690013], [6.812648213374079, 49.50789545157255], [6.812946226352494, 49.50340012353069], [6.814892019139984, 49.50007883554511], [6.818485591736549, 49.49793158761581], [6.822078839523252, 49.495784217380816], [6.825671762500095, 49.493636724840115], [6.827616451482363, 49.49031526804302], [6.827912906470058, 49.48581984698954], [6.82820929312009, 49.48132441319161], [6.828505611432459, 49.47682896664922], [6.83044919768688, 49.47350734112995], [6.834040051883354, 49.47135953663381], [6.839278264782789, 49.470385237122784], [6.846163836385185, 49.47058444259687], [6.851401430708735, 49.469609793408814], [6.854991047753441, 49.4674612895586], [6.856932597358781, 49.46413924709102], [6.857226079524754, 49.459643666006095], [6.8557253939740335, 49.45622235764605], [6.852430540706616, 49.45387532201089], [6.849136003862965, 49.4515281850977], [6.845841783443076, 49.44918094690649], [6.844341919330299, 49.44575953253131], [6.8446364115246325, 49.44126394197217], [6.843137149842454, 49.43784243038405], [6.839844134283762, 49.435494997766966], [6.8347574551998695, 49.43422132838982], [6.827877112590777, 49.434021422252606], [6.820996822813749, 49.43382108235003], [6.814116585868787, 49.43362030868209], [6.809030968343023, 49.43234569159221], [6.8057399702364565, 49.429997231080385], [6.804243500298682, 49.42657524282856], [6.8045415585297, 49.422079726836756], [6.8048395481526756, 49.41758419798647], [6.805137469167609, 49.4130886562777], [6.803641817142688, 49.4096665623367], [6.8003525920779095, 49.40731791616348], [6.795269885310125, 49.40604240230666], [6.788393696839333, 49.40584002076627], [6.78151756176959, 49.40563720576329], [6.774641480100898, 49.40543395729772], [6.769559834499126, 49.40415749675297], [6.766272624964274, 49.40180782412905], [6.762985730829289, 49.39945805059976], [6.75969915209417, 49.397108176165105], [6.75641288866912, 49.39475820085476], [6.7531269405541385, 49.392408124668734], [6.7516352743921155, 49.38898536203499], [6.751937890183051, 49.384489912953526], [6.750446823439769, 49.38106705371915], [6.747162074162271, 49.37871678433185], [6.7420837350570455, 49.377438789635875], [6.735211806124094, 49.3772330696312], [6.728339931384398, 49.377026916477384], [6.721468110837959, 49.376820330174425], [6.716390832881334, 49.37554138997066], [6.713108097514522, 49.373190095866086], [6.709825676973512, 49.37083870107915], [6.706543571258305, 49.368487205609846], [6.701467354761775, 49.36720732022562]]]}}, {"type": "Feature", "properties": {"band": "light", "dbz": 30.0, "source": "OPERA-ORD", "time": "20260907002000"}, "geometry": {"type": "Polygon", "coordinates": [[[7.006957801782937, 49.547169695624646], [7.000060716900226, 49.54698059377133], [6.994817456341902, 49.54796254290136], [6.9912280201079655, 49.55011554301474], [6.989292321671019, 49.553439910955674], [6.989010361031063, 49.557935646724175], [6.99052376262328, 49.56135490238646], [6.993832526447667, 49.56369767794254], [6.9989367391062345, 49.56496365640485], [7.005836400598982, 49.56515283777338], [7.0110810357472575, 49.56417061147542], [7.014670644551063, 49.56201697751095], [7.0166051409680135, 49.55869225288687], [7.016884524998111, 49.554196437603174], [7.015369748815943, 49.550777459108815], [7.012060812421509, 49.54843531740381], [7.006957801782937, 49.547169695624646]]]}}, {"type": "Feature", "properties": {"band": "light", "dbz": 30.0, "source": "OPERA-ORD", "time": "20260907002000"}, "geometry": {"type": "Polygon", "coordinates": [[[6.7608542211551175, 49.456825139378836], [6.76055176955523, 49.46132042510038], [6.762046144399543, 49.464742934025224], [6.7653373456880574, 49.46709266615336], [6.768628863478798, 49.469442297247376], [6.771920697771764, 49.47179182730725], [6.7717696878747, 49.474039461643585], [6.768175833787607, 49.47618520025639], [6.764581655197853, 49.47833081643147], [6.7609871521054385, 49.48047631016884], [6.757392324436884, 49.48262168143371], [6.753797172192187, 49.48476693022607], [6.748555902132891, 49.48573687009241], [6.741668514258992, 49.48553150103273], [6.736579343878182, 49.484253529112564], [6.7332883909904595, 49.48190295433192], [6.731795562014039, 49.478480092761885], [6.73210085694892, 49.473984944402474], [6.734050987274837, 49.470665061836804], [6.737645952991791, 49.4685204450649], [6.741240594359974, 49.46637570578941], [6.744834911379388, 49.464230844010345], [6.746783936212891, 49.460910791719506], [6.747087668860484, 49.45641554891689], [6.749036014246395, 49.45309535699765], [6.752628972370626, 49.45095021596181], [6.756070450313321, 49.45105260821243], [6.7593604480744816, 49.45340253374952], [6.7608542211551175, 49.456825139378836]]]}}, {"type": "Feature", "properties": {"band": "light", "dbz": 30.0, "source": "OPERA-ORD", "time": "20260907002000"}, "geometry": {"type": "Polygon", "coordinates": [[[6.875577070764253, 49.25635301486487], [6.872004307709077, 49.2585025346635], [6.868431223766348, 49.26065193290856], [6.8648578189360645, 49.26280120960005], [6.859642997670351, 49.26377672284551], [6.852786759969208, 49.263578472644944], [6.847571326471993, 49.26455363791818], [6.843996697178708, 49.26670221866522], [6.842062782731874, 49.27002452913819], [6.841769583131489, 49.27452056933709], [6.839834996639276, 49.2778427412248], [6.836259023255236, 49.27999104480133], [6.831041752637839, 49.28096516568373], [6.824183184787086, 49.280765103872014], [6.818965301654544, 49.281738876466015], [6.815388103240215, 49.28388648346573], [6.813451499293517, 49.28720823924745], [6.813155489814454, 49.29170414381117], [6.812859412358742, 49.29620003532854], [6.812563266926384, 49.300695913799565], [6.812267053472541, 49.30519177923767], [6.811970771997212, 49.309687631642845], [6.813464428490818, 49.31310973548009], [6.816748022953358, 49.315458090749395], [6.821821645835011, 49.316732382778355], [6.828685297135777, 49.31693261156697], [6.8337595784303975, 49.3182065967959], [6.837044489718872, 49.32055433846514], [6.836897201088357, 49.322802276522694], [6.833317712538854, 49.32495041096856], [6.828095506455515, 49.3259243429002], [6.821230582838339, 49.32572407231763], [6.816007762867867, 49.32669765559123], [6.812427046544096, 49.328845092721025], [6.810488343310665, 49.332166698470296], [6.810191653167573, 49.33666247283904], [6.809894894823245, 49.34115823422855], [6.809598068277679, 49.34565398263884], [6.807658269731394, 49.34897541947385], [6.804075499184388, 49.3511225447336], [6.798849847557746, 49.352095043446134], [6.791981314851468, 49.351892915611465], [6.786755048778924, 49.35286506527448], [6.783171049340115, 49.35501149243518], [6.781229225018358, 49.35833251205854], [6.780929575813653, 49.36282812414455], [6.780629857688559, 49.36732372327144], [6.780330070643074, 49.3718193094392], [6.7800302146316564, 49.376314882661255], [6.779730289654308, 49.38081044293758], [6.777786944835241, 49.38413126327091], [6.774200180174456, 49.38627734366124], [6.770613092498489, 49.38842330185728], [6.767025681807337, 49.39056913785904], [6.76687529659828, 49.39281688796875], [6.770161936871317, 49.39516655218641], [6.775242659168233, 49.39644298727042], [6.782117463489029, 49.396646193220775], [6.787348309162249, 49.395674545809634], [6.790935196187893, 49.39352804503699], [6.794521760121004, 49.39138142212537], [6.798108000961584, 49.38923467707476], [6.801693918782748, 49.38708780991979], [6.805279513584498, 49.38494082066044], [6.8072209975138955, 49.381619503608334], [6.807518370570939, 49.37712385876348], [6.8078156752463475, 49.37262820099308], [6.808112911540123, 49.36813253029712], [6.8100532980369355, 49.36481104430134], [6.813636834736787, 49.36266374300574], [6.817220048859632, 49.36051631972329], [6.82080294040547, 49.358368774453986], [6.822742230537751, 49.35504711960311], [6.823037919256475, 49.35055135517066], [6.824976534381113, 49.347229561439036], [6.828558075911666, 49.34508173840823], [6.832139295159116, 49.34293379348374], [6.835720192123462, 49.34078572666554], [6.839300766877686, 49.338637537988134], [6.842881019421789, 49.33648922745154], [6.848104348580417, 49.33551436282414], [6.854970754353571, 49.33571294410596], [6.861837212102894, 49.33591109259351], [6.8687037218283855, 49.336108808286795], [6.87557028330458, 49.33630609117549], [6.88243689653148, 49.336502941259575], [6.889303561283594, 49.33669935852877], [6.896170277560921, 49.33689534298307], [6.901392269887772, 49.335918151403526], [6.904969538264146, 49.33376778379016], [6.908546484570181, 49.33161729456589], [6.912123108805876, 49.329466683730736], [6.915699411044385, 49.32731595131911], [6.91927539128571, 49.325165097330995], [6.921206501238032, 49.321841592174664], [6.921492740901354, 49.31734543585011], [6.921778914826098, 49.31284926658464], [6.922065023012264, 49.30835308437827], [6.920564128140741, 49.304932366048746], [6.917276230211528, 49.30258711159608], [6.91398864639331, 49.300241755927225], [6.910701376686088, 49.29789629904218], [6.909201299953388, 49.29447547385304], [6.909488416195209, 49.28997928035981], [6.907988938131156, 49.286558357660944], [6.904702865761232, 49.28421270575645], [6.901417107181362, 49.28186695270924], [6.898131662391547, 49.27952109851931], [6.896633001121245, 49.276100069031465], [6.896921123370454, 49.27160386424569], [6.895423060038166, 49.26818273733838], [6.89213881112438, 49.265836688309534], [6.888854875680105, 49.26349053821132], [6.885571253705338, 49.26114428704375], [6.882287945111427, 49.25879793483636], [6.87900494989837, 49.25645148158916], [6.875577070764253, 49.25635301486487]]]}}, {"type": "Feature", "properties": {"band": "light", "dbz": 30.0, "source": "OPERA-ORD", "time": "20260907002000"}, "geometry": {"type": "Polygon", "coordinates": [[[6.020226189540414, 49.110084992551286], [6.013394868737324, 49.10983393976447], [6.008179093465782, 49.11076887175644], [6.004578863725788, 49.112889788527184], [6.002594067405216, 49.116197002195186], [6.002224704504063, 49.120690512760454], [6.003656084505435, 49.12412359104218], [6.006888207409331, 49.12649623704037], [6.011921185423446, 49.127808138497244], [6.0187550185477825, 49.128059295412804], [6.023972161870812, 49.12712410328459], [6.027572615392536, 49.125002562112584], [6.029556267443437, 49.12169498417959], [6.029923118023513, 49.117201369485585], [6.028490369970653, 49.11376855134011], [6.025258023284857, 49.11139652974317], [6.020226189540414, 49.110084992551286]]]}}, {"type": "Feature", "properties": {"band": "light", "dbz": 30.0, "source": "OPERA-ORD", "time": "20260907002000"}, "geometry": {"type": "Polygon", "coordinates": [[[5.981466062998664, 49.081611292090805], [5.974638897611945, 49.0813578164066], [5.967811797866104, 49.081103910930814], [5.9609847637611395, 49.08084957566346], [5.955771076484146, 49.081782014359334], [5.952170736035124, 49.08390122701843], [5.950183629015401, 49.08720752545466], [5.949809755424978, 49.09170090966802], [5.951236679054682, 49.095134713970154], [5.954464399904515, 49.09750893836103], [5.95769242956851, 49.09988306496454], [5.960920768046667, 49.102257093780665], [5.962348457183002, 49.10569079869038], [5.961975496977516, 49.11018417969371], [5.96340376628403, 49.11361779297513], [5.966633265102542, 49.11599163853463], [5.9716641067022085, 49.1173054042479], [5.978496291083026, 49.11755909011493], [5.983713098126843, 49.116625826904304], [5.987314527833661, 49.114505614616014], [5.990915638815058, 49.1123852782074], [5.994516431071034, 49.11026481767846], [5.99811690467083, 49.10814423306379], [6.001717059614445, 49.10602352436338], [6.003701649806205, 49.102716386833116], [6.004070675246108, 49.09822282047299], [6.002640250681735, 49.09478963457791], [5.9994103761130875, 49.09241682914788], [5.9961808103357, 49.09004392581002], [5.992951553349571, 49.08767092456435], [5.989722605065386, 49.08529782543937], [5.9864939654831435, 49.082924628435066], [5.981466062998664, 49.081611292090805]]]}}, {"type": "Feature", "properties": {"band": "light", "dbz": 30.0, "source": "OPERA-ORD", "time": "20260907002000"}, "geometry": {"type": "Polygon", "coordinates": [[[6.077053203034112, 49.08511481955705], [6.070225130979862, 49.08486736168036], [6.065013172447608, 49.08580506267775], [6.061417327437347, 49.08792792254923], [6.059437485576257, 49.09123625326037], [6.059073646864337, 49.09573005481117], [6.060508358015182, 49.099162452137314], [6.063741619028795, 49.101533445238786], [6.068773540372031, 49.10284272201082], [6.075604122044891, 49.10309028245341], [6.080817445537626, 49.10215232069149], [6.0844135108502355, 49.10002883672506], [6.086392208053278, 49.096720142683495], [6.0867535371467545, 49.092226238566795], [6.085317461035428, 49.08879410200518], [6.0820839797193, 49.08642373299866], [6.077053203034112, 49.08511481955705]]]}}, {"type": "Feature", "properties": {"band": "light", "dbz": 30.0, "source": "OPERA-ORD", "time": "20260907002000"}, "geometry": {"type": "Polygon", "coordinates": [[[6.217410334556229, 48.86476077101321], [6.210612326986759, 48.86452228649741], [6.2054267369437, 48.8654670071433], [6.2018535644270525, 48.86759493295088], [6.1998927042507646, 48.87090637415594], [6.199544156414837, 48.87540133075849], [6.199195529307022, 48.87989627322191], [6.198846822927319, 48.8843912015462], [6.196884868458179, 48.88770246698838], [6.193309665899602, 48.88983006954844], [6.189734148205734, 48.89195754921184], [6.1861583153765745, 48.894084905978566], [6.184195265567174, 48.89739599556594], [6.183844998777534, 48.90189081797395], [6.181881283109078, 48.90520176517785], [6.178304118561809, 48.90732883717762], [6.174902473446474, 48.907208413914155], [6.171676347763077, 48.90484049538745], [6.168450528320741, 48.902472478718465], [6.165225015119464, 48.90010436390721], [6.160211016901993, 48.89879925347466], [6.1534085336683235, 48.89855714742079], [6.148395183276927, 48.89725173731392], [6.145170965727804, 48.89488302315404], [6.1419470542066765, 48.892514210952484], [6.138723448713548, 48.89014530070928], [6.1337111499242525, 48.88883896148696], [6.12691015783879, 48.88859519328554], [6.120109228235979, 48.88835099709961], [6.113308361115819, 48.88810637292916], [6.108118334014823, 48.88904638015782], [6.104539146932991, 48.89117101878559], [6.102570691860249, 48.8944805991482], [6.102212968796596, 48.898975121245655], [6.100243847184059, 48.902284558664725], [6.096663327022638, 48.90440891140541], [6.093082491478731, 48.906533140894844], [6.08950134055234, 48.908657247133014], [6.0875311189485, 48.911966507593085], [6.0871718266672135, 48.91646092227506], [6.086812452603983, 48.92095532278895], [6.08645299675881, 48.92544970913476], [6.086093459078327, 48.92994408132556], [6.085733839562534, 48.93443843936136], [6.087166121339779, 48.93787080923305], [6.090390304410059, 48.94024119094064], [6.095406497539345, 48.941549273726636], [6.102214700727638, 48.94179505759104], [6.109022966876138, 48.94204041295754], [6.115831295984847, 48.94228533982612], [6.12263968783622, 48.94252983818431], [6.129448142430257, 48.942773908032095], [6.13625665954938, 48.94301754935701], [6.143065239193589, 48.94326076215904], [6.149873881145279, 48.94350354642579], [6.156682585404448, 48.94374590215726], [6.161701049204311, 48.94505116444964], [6.164929272544867, 48.94741933330293], [6.164752765608673, 48.94966662971668], [6.16117152839573, 48.95179305369089], [6.155975934712178, 48.952735062809104], [6.149165984558017, 48.952492657071325], [6.142356096754507, 48.952249822710456], [6.135546271301646, 48.9520065597265], [6.128736508417192, 48.95176286813186], [6.1219268081011435, 48.95151874792654], [6.1167301823400955, 48.95245909601903], [6.113146631134047, 48.9545839124093], [6.11117604634021, 48.95789350798033], [6.110818427958587, 48.962387882732116], [6.108847174565131, 48.965697335284744], [6.105262286159842, 48.967821865638236], [6.1016770813637216, 48.96994627261164], [6.098091560176771, 48.97207055620494], [6.096119203586174, 48.97537983188071], [6.095760011591931, 48.97987409963892], [6.095400737723715, 48.98436835333254], [6.095041381981526, 48.98886259296157], [6.094681944311845, 48.99335681853907], [6.094322424714674, 48.99785103006504], [6.095756995668355, 49.00128316463813], [6.098985657172887, 49.003653222258336], [6.1040085181298025, 49.00496089161963], [6.110825578539103, 49.00520617272199], [6.1158490910861305, 49.00651354208294], [6.119079055770887, 49.00888299970248], [6.1223093282480345, 49.01125235915872], [6.125539908517573, 49.01362162045169], [6.128948845606791, 49.01374362991703], [6.132536139515689, 49.01161838755476], [6.136123116372477, 49.00949302181091], [6.139709776177158, 49.00736753268545], [6.144911824771502, 49.00642614125892], [6.15172926215551, 49.006668847531316], [6.1567539944375245, 49.00797432344637], [6.159986021617545, 49.010342569004095], [6.163218356703487, 49.012710716265964], [6.166450999695347, 49.01507876523196], [6.169683950681642, 49.017446715873575], [6.172917209662369, 49.019814568190796], [6.174357585093544, 49.02324570918809], [6.174005076975164, 49.02774013886545], [6.173652488416305, 49.03223455461508], [6.173299819416966, 49.03672895643699], [6.174740967768996, 49.0401599961464], [6.177975933472393, 49.042527673743315], [6.181211207626379, 49.044895252932974], [6.1844467902309574, 49.047262733715385], [6.185888712305384, 49.05069367212015], [6.185536973849659, 49.05518806814728], [6.186979477555398, 49.05861891360545], [6.190216223422601, 49.06098620849466], [6.19345327805757, 49.063353404906486], [6.196690641460304, 49.065720502840925], [6.198133920175279, 49.06915124693558], [6.197783114202496, 49.07364563719045], [6.199226975261779, 49.07707628825491], [6.202465503353129, 49.07944320012895], [6.205704340529816, 49.08181001345536], [6.208943486791839, 49.08417672823415], [6.212182942228071, 49.086543344436635], [6.21542270683851, 49.088909862062806], [6.220457315779345, 49.09021212028162], [6.227286769050576, 49.09045011909308], [6.234116283783614, 49.0906876878726], [6.240945859978458, 49.090924826620196], [6.247775497414843, 49.09116153532365], [6.254605196092769, 49.09139781398295], [6.259641270547264, 49.09269850524867], [6.2628837207783254, 49.09506360912082], [6.266126480473885, 49.097428614226025], [6.269369549633943, 49.0997935205643], [6.2744066832872765, 49.10109327724625], [6.281237881433887, 49.101327884271875], [6.286446916961857, 49.100380013814544], [6.290033789871187, 49.098249665874256], [6.291998395991099, 49.09493715277643], [6.292340735321591, 49.09044247452107], [6.292682996459862, 49.085947782521544], [6.29302517940591, 49.08145307677786], [6.2949886832020026, 49.078140388933264], [6.29857350784814, 49.07600971898776], [6.3021580144388905, 49.07387892605062], [6.305742202974256, 49.07174801012181], [6.3077046055064585, 49.06843514762272], [6.3080452220355, 49.06394033855334], [6.3065943712977495, 49.06051101155794], [6.303352053293207, 49.058147166636545], [6.298318371515793, 49.05684849181419], [6.291493325965511, 49.05661498709089], [6.286460296583878, 49.05531601068924], [6.283219283370896, 49.05295156260924], [6.281770182347074, 49.04952195478949], [6.282112993512412, 49.045027187230005], [6.282455726456963, 49.04053240584904], [6.2827983811807275, 49.03603761064658], [6.284760642332004, 49.03272501006136], [6.288342509910793, 49.03059460409337], [6.293544087738387, 49.029646081019195], [6.300365375814786, 49.02987944083885], [6.307186723958663, 49.03011237118481], [6.314008132170021, 49.0303448720571], [6.3208296002295, 49.03057694344379], [6.327651128137102, 49.030808585344865], [6.33447271567344, 49.03103979774844], [6.341294362838514, 49.031270580654514], [6.34811606941291, 49.03150093405124], [6.354937835396626, 49.03173085793862], [6.361759660570217, 49.03196035230484], [6.368581544933685, 49.03218941714992], [6.375403488267551, 49.03241805246209], [6.382225490571815, 49.03264625824134], [6.38725888403985, 49.033941050970824], [6.390503668671656, 49.03630243065054], [6.393748762119838, 49.03866371125602], [6.396994164384397, 49.04102489278728], [6.402028610241903, 49.04231875077423], [6.408852099692355, 49.042545285216875], [6.415675647495099, 49.04277139000323], [6.422499253650132, 49.04299706513331], [6.4293229179377125, 49.043222310595496], [6.43614664035784, 49.04344712638979], [6.441346350378868, 49.04249173437489], [6.4449220480008, 49.040356134550805], [6.4484974281727885, 49.03822041230768], [6.452072490894833, 49.03608456764552], [6.4572713726197675, 49.035128170762064], [6.464094073347592, 49.035351221657294], [6.470916831508671, 49.03557384293851], [6.477739647103005, 49.03579603460571], [6.484562519910886, 49.036017796647485], [6.4913854499323165, 49.03623912906383], [6.4965832753796855, 49.03528107171458], [6.500155996252996, 49.033143624599724], [6.502103514605956, 49.02982709969147], [6.502425830438567, 49.0253314969898], [6.502748072746673, 49.02083588060506], [6.503070241530272, 49.01634025053727], [6.503392336837459, 49.01184460677311], [6.503714358668234, 49.007348949312586], [6.502251345311868, 49.003922074704015], [6.499003296768361, 49.00156398294739], [6.495755556683582, 48.99920579184421], [6.4925081250575305, 48.99684750139446], [6.489261001802435, 48.99448911162695], [6.486014186918294, 48.99213062254166], [6.482767680317355, 48.98977203416736], [6.479521481999619, 48.98741334650405], [6.476275591877345, 48.98505455958049], [6.4730300099505325, 48.98269567339668], [6.467999621368945, 48.98140484310291], [6.4611844261325775, 48.9811820686992], [6.456154686596101, 48.97989093616073], [6.452910402759514, 48.9775314454875], [6.449666426906945, 48.975171855655674], [6.446422759038397, 48.972812166665236], [6.44139406691691, 48.97152010001234], [6.434580350542483, 48.97129565569697], [6.42776669197887, 48.971070782419474], [6.420953091226071, 48.97084548017986], [6.414139548502622, 48.97061974898965], [6.4073260638085205, 48.97039358884884], [6.4021331067984, 48.97134765564249], [6.398560677472261, 48.97348194937057], [6.394987931720729, 48.97561612067352], [6.391414869543809, 48.97775016955133], [6.386221088598431, 48.978703232522136], [6.379406588884596, 48.97847530958596], [6.374379244608656, 48.97718038574783], [6.37113905577061, 48.97481846100774], [6.369685921273156, 48.97138984672401], [6.370019841116295, 48.9668945428966], [6.3685672882911994, 48.96346583459977], [6.36532826279787, 48.96110372183354], [6.360302865866041, 48.9598078933899], [6.353491097495713, 48.95957834926888], [6.348298218137601, 48.960529837840596], [6.344724227791707, 48.96266235910504], [6.342769024695046, 48.9659762242475], [6.342432608847618, 48.97047143326796], [6.340476739106215, 48.97378515698295], [6.336901415470836, 48.97591739539244], [6.331706740009444, 48.97686783718436], [6.32489271272204, 48.97663648235868], [6.319866971438014, 48.975339032217406], [6.3166295161573665, 48.97297548676053], [6.313392368496515, 48.97061184258663], [6.310155528455459, 48.968248099695685], [6.305130838186482, 48.96694971699525], [6.298318297689587, 48.966716694485314], [6.2915058171875495, 48.96648324313048], [6.284693396680371, 48.96624936293076], [6.2794984305035175, 48.96719753245562], [6.275920918656988, 48.969327751705066], [6.272343090425257, 48.97145784813453], [6.268764945808325, 48.973587821744], [6.2653585140548715, 48.97347022626099], [6.2621237951648965, 48.97110506168552], [6.258889383746969, 48.96873979856952], [6.255655279801089, 48.966374436913014], [6.250632198868474, 48.965073529522144], [6.243820140949124, 48.964837076396904], [6.237008143897421, 48.964600194474876], [6.230196207713367, 48.96436288375606], [6.223384332615082, 48.96412514425258], [6.216572518602569, 48.963886975964435], [6.211550893856851, 48.962584506100384], [6.208319458377927, 48.96021773466041], [6.20687810662936, 48.956786972716834], [6.20722683861115, 48.952292220269655], [6.209190665074945, 48.948980828903494], [6.212769586020747, 48.946852798618366], [6.216348190962475, 48.94472464537722], [6.219926479900127, 48.94259636918006], [6.221889208885743, 48.939284802209514], [6.222236377919324, 48.934789944465585], [6.224198440150121, 48.93147823529686], [6.227775395578136, 48.92934967470334], [6.232967349134544, 48.92840395188469], [6.239774300819345, 48.92864106684092], [6.24658131320338, 48.92887775335176], [6.253388386286647, 48.92911401141723], [6.260195519851596, 48.92934984102524], [6.267002713898225, 48.92958524217582], [6.272022614644451, 48.93088540078714], [6.275255222090274, 48.93325031685921], [6.278488136489735, 48.935615134398475], [6.281721357842836, 48.937979853404954], [6.2867423086599015, 48.93927908063438], [6.29355098894093, 48.93951281608673], [6.298742435613864, 48.93856416792828], [6.302316648678702, 48.93643313615898], [6.304273525216086, 48.9331200317354], [6.304613065226015, 48.92862485465754], [6.304952527958765, 48.92412966359825], [6.305291913414335, 48.91963445855751], [6.3038451648413805, 48.91620481242073], [6.300612282239902, 48.913840725187896], [6.295593368372984, 48.91254188611648], [6.288788423240627, 48.91230829520647], [6.283770156996168, 48.91100915547133], [6.280538569639606, 48.90864446691106], [6.277307288821028, 48.90627967985681], [6.2740763145404355, 48.903914794308555], [6.269059096856405, 48.902614723722586], [6.262255635768935, 48.90237946809889], [6.255452235037673, 48.90214378428091], [6.248648894662617, 48.901907672268635], [6.243632725821223, 48.90060667115364], [6.240403728513492, 48.89824078093592], [6.238961798443888, 48.894810312193464], [6.239306935612409, 48.890315264926265], [6.239651994299992, 48.88582020356779], [6.239996974506638, 48.88132512811805], [6.238555814858314, 48.87789455725202], [6.235328515355022, 48.87552849096973], [6.23210152177679, 48.873162326392276], [6.2288748341236175, 48.87079606351969], [6.225648452308015, 48.86842970238033], [6.222422376329981, 48.86606324297418], [6.217410334556229, 48.86476077101321]]]}}, {"type": "Feature", "properties": {"band": "light", "dbz": 30.0, "source": "OPERA-ORD", "time": "20260907002000"}, "geometry": {"type": "Polygon", "coordinates": [[[6.558348739621464, 49.056411784024476], [6.551522736576471, 49.05619465833947], [6.544696789724048, 49.05597710279571], [6.537870899064196, 49.05575911739319], [6.531045064817068, 49.05554070214312], [6.524219286982662, 49.0553218570455], [6.517393565781105, 49.05510258211159], [6.510567901212396, 49.0548828773414], [6.505367975490911, 49.055841816064785], [6.501793788616649, 49.057979398281745], [6.499845242683393, 49.06129593614167], [6.499522337691145, 49.06579142964456], [6.4991993589332795, 49.07028690953082], [6.498876306409796, 49.07478237580045], [6.500341325329529, 49.078209092014625], [6.503594415692477, 49.080567058173344], [6.506847815811166, 49.08292492482075], [6.510101525685594, 49.085282691956856], [6.513355545404051, 49.08764035955272], [6.516609874966535, 49.089997927608344], [6.521652439254399, 49.09128622488372], [6.5284832382676425, 49.09150525137882], [6.535314093850609, 49.091723847672085], [6.542145006003296, 49.0919420137635], [6.548975974504946, 49.0921597496418], [6.555806999355559, 49.09237705530701], [6.562638080334341, 49.092593930747924], [6.569469217441294, 49.092810375964525], [6.574513630031929, 49.09409646764275], [6.577771318106245, 49.0964522057826], [6.581029316344403, 49.098807844146364], [6.584287624746403, 49.10116338273407], [6.589333087650973, 49.1024485364123], [6.596165705058113, 49.102663305181025], [6.601368539581297, 49.10170028239242], [6.604941591220524, 49.099559468046465], [6.6068847646078, 49.09624117478139], [6.607198059743124, 49.091745402597184], [6.605725457512818, 49.08832005976889], [6.602466957916884, 49.08596514629651], [6.597422656241968, 49.08468034968156], [6.59059255248807, 49.08446566992405], [6.585548902633922, 49.08318056954831], [6.582291706679521, 49.08082504855435], [6.579034820607507, 49.07846942781142], [6.575778244417881, 49.076113707319514], [6.572521978022536, 49.07375788710761], [6.5692660214214715, 49.07140196717572], [6.567796358709545, 49.06797614735999], [6.5681129898867585, 49.06348042766043], [6.566643914392514, 49.06005451257474], [6.563389132226812, 49.0576984021029], [6.558348739621464, 49.056411784024476]]]}}, {"type": "Feature", "properties": {"band": "light", "dbz": 30.0, "source": "OPERA-ORD", "time": "20260907002000"}, "geometry": {"type": "Polygon", "coordinates": [[[6.00249631873971, 48.992242484281476], [5.995681531141999, 48.99199039016275], [5.990478077769069, 48.99292460675137], [5.98688595862092, 48.99504513404735], [5.984905061808854, 48.998352283144364], [5.984535387332869, 49.0028460540424], [5.982553819345199, 49.00615305915471], [5.978960357845844, 49.00827329848129], [5.97375511503707, 49.009206460802986], [5.966938090918877, 49.0089525461198], [5.961918422025074, 49.00763853801026], [5.958696108355664, 49.00526443647438], [5.955474102017927, 49.002890237305174], [5.952252403011865, 49.00051594050265], [5.947233796918498, 48.99920100303306], [5.9404182837378245, 48.998945424896384], [5.935212995926914, 48.99987696876083], [5.931617933485768, 49.00199563462638], [5.929632982947575, 49.00530173358604], [5.9292581443123344, 49.00979526563981], [5.930681461249329, 49.01322949124283], [5.933902933758559, 49.0156044103951], [5.9389226754032896, 49.01691971186515], [5.9457406861835205, 49.01717539565298], [5.950761080605327, 49.01849039815693], [5.953983858668708, 49.02086471937698], [5.953797248321791, 49.02311150384939], [5.9502012495645795, 49.025230751574156], [5.946604933478397, 49.027349875262615], [5.9430083000632425, 49.02946887491476], [5.9410229326413395, 49.03277512482167], [5.9406488312126875, 49.03726862498333], [5.9420736717381075, 49.04070265175042], [5.9452974542176005, 49.04307720512295], [5.950320292066599, 49.04439197362283], [5.957142185285101, 49.04464695725007], [5.9639641441815, 49.04490151145181], [5.970786168755796, 49.04515563622806], [5.977608258788962, 49.045409331565764], [5.984430414280997, 49.04566259746492], [5.989454728051042, 49.04697580464847], [5.992681200099096, 49.049348953116414], [5.995907980290817, 49.05172200375558], [5.999135068626208, 49.05409495656596], [6.002362465194347, 49.05646781151913], [6.0055901699952345, 49.05884056861506], [6.00881818311797, 49.06121322782531], [6.0120465045625515, 49.06358578914988], [6.0152751344181, 49.06595825256029], [6.018504072684614, 49.06833061805656], [6.021733319451226, 49.07070288561018], [6.024962874717938, 49.07307505522117], [6.0299908685675625, 49.074386132684104], [6.0368173010001, 49.07463611799898], [6.042028329114017, 49.07369999262596], [6.045623952909315, 49.07157775656505], [6.047604061544048, 49.068269721661174], [6.047968655018217, 49.06377588791433], [6.04994809084891, 49.060467709324534], [6.053542369036129, 49.05834518589177], [6.057136329410269, 49.0562225386993], [6.0607299719713295, 49.05409976774714], [6.0627082977075535, 49.05079141170452], [6.063071306618939, 49.04629747057145], [6.063434232713122, 49.04180351544103], [6.0637970759901005, 49.03730954631326], [6.064159836504046, 49.0328155631751], [6.064522514254957, 49.02832156602654], [6.06308970485707, 49.02488901970285], [6.059861408310384, 49.02251792420403], [6.054837734688687, 49.02120796810905], [6.048018683991979, 49.02095915141791], [6.042995662762344, 49.01964889559939], [6.039768670999781, 49.01727720065347], [6.03654198693964, 49.01490540779666], [6.033315610581921, 49.012533517028984], [6.0300895418378655, 49.01016152837883], [6.026863780707474, 49.00778944184622], [6.023638327102005, 49.00541725745955], [6.020413181021458, 49.0030449752188], [6.01718834237711, 49.00067259515239], [6.013963811168962, 48.99830011726029], [6.010739587308308, 48.99592754157089], [6.007515670795146, 48.993554868084196], [6.00249631873971, 48.992242484281476]]]}}, {"type": "Feature", "properties": {"band": "light", "dbz": 30.0, "source": "OPERA-ORD", "time": "20260907002000"}, "geometry": {"type": "Polygon", "coordinates": [[[6.61919272245716, 48.96821276676788], [6.612378792019729, 48.967999521572], [6.607190218777833, 48.96896345223515], [6.603627002731476, 48.97110455875735], [6.6016890492648255, 48.97442315264008], [6.601376358377884, 48.97891923388336], [6.601063596190376, 48.98341530145136], [6.600750762702302, 48.987911355344075], [6.602220510155011, 48.991336895970804], [6.605472838548502, 48.99369192333155], [6.610507842642617, 48.99497612570972], [6.617325522437353, 48.9951895031053], [6.62236117527862, 48.996473402153754], [6.625614801166417, 48.99882782285506], [6.627086305829794, 49.00225307696027], [6.626775689268749, 49.0067491644694], [6.6282477801238215, 49.01017432298262], [6.631502578395011, 49.012528552499944], [6.63475768561984, 49.01488268221458], [6.638013101798305, 49.01723671212652], [6.64126882701801, 49.01959064220684], [6.644524861278956, 49.02194447245553], [6.647781204668763, 49.02429820284366], [6.651037857187431, 49.026651833371226], [6.654294818922595, 49.02900536400926], [6.657552089874256, 49.03135879475776], [6.660809670130067, 49.03371212558777], [6.66406755969003, 49.03606535649928], [6.665542792926769, 49.03949002697232], [6.6652353698402855, 49.0439861370069], [6.666711190894771, 49.047410711631024], [6.6699702560902265, 49.049763750844704], [6.673229630905624, 49.05211669006826], [6.6764893153409615, 49.05446952930169], [6.679749309484004, 49.05682226851597], [6.68300961333475, 49.0591749077111], [6.686270226980976, 49.06152744685806], [6.689531150422683, 49.06387988595682], [6.692792383747664, 49.06623222497835], [6.69605392695592, 49.068584463922654], [6.699467819015241, 49.06868852335689], [6.703034059925624, 49.06654440328107], [6.706599983036994, 49.06440016157633], [6.710165588349349, 49.062255798242674], [6.7137308759338685, 49.06011131331413], [6.717295845790554, 49.0579667067907], [6.719229603458289, 49.05464627571948], [6.7195321489370725, 49.050150020100475], [6.71805283681596, 49.04672608916539], [6.714791667094951, 49.04437448291421], [6.709748731710216, 49.04309488910377], [6.702924030661756, 49.04288730773405], [6.6978817451379955, 49.041607409673375], [6.694621875138934, 49.03925519492174], [6.693144328236214, 49.035830975688334], [6.693449104429836, 49.03133475197316], [6.693753811081313, 49.0268385147219], [6.6940584481906455, 49.02234226393456], [6.692581698064695, 49.01891793916141], [6.689323560703462, 49.01656554040246], [6.686065732435856, 49.014213041663595], [6.682808213261877, 49.01186044294482], [6.679551003094039, 49.00950774427512], [6.676294101932341, 49.00715494565446], [6.67303750968931, 49.00480204711184], [6.669781226364947, 49.00244904864723], [6.666525251871797, 49.00009595028958], [6.663269586209861, 48.997742752038874], [6.658232749666327, 48.99646075213449], [6.6514147422411956, 48.99624995057641], [6.646378554278016, 48.994967647060854], [6.643124185776787, 48.992613841587804], [6.641651543109418, 48.98918884592176], [6.641960626275909, 48.98469266006271], [6.640488569478816, 48.981267568724824], [6.637235372718138, 48.9789135719081], [6.633982484351645, 48.97655947534283], [6.630729904379335, 48.97420527902902], [6.627477632713854, 48.97185098299555], [6.6242256693552015, 48.969496587242396], [6.61919272245716, 48.96821276676788]]]}}, {"type": "Feature", "properties": {"band": "light", "dbz": 30.0, "source": "OPERA-ORD", "time": "20260907002000"}, "geometry": {"type": "Polygon", "coordinates": [[[5.840567027703372, 48.98726280687437], [5.836968775313064, 48.98937832412592], [5.834977947858083, 48.992682675379776], [5.834594545338427, 48.99717586063593], [5.83260304548289, 49.00048006687044], [5.829003448291474, 49.00259529408329], [5.825403534122286, 49.00471039691548], [5.821803302975325, 49.00682537536699], [5.82161115850443, 49.0090719330354], [5.8248271007096, 49.011450069920706], [5.829843543259522, 49.01277041296681], [5.836660486154196, 49.01303296217371], [5.841677581855667, 49.01435300701197], [5.844894830363936, 49.016730547481586], [5.848112386168314, 49.01910799064613], [5.851330249268802, 49.0214853365056], [5.856348411609545, 49.022804452900886], [5.863166873190543, 49.023065339831994], [5.8683757785486605, 49.022137526867205], [5.871975127683901, 49.02002101400652], [5.873964805233851, 49.0167161124663], [5.874344811198512, 49.01222282224654], [5.874724730547221, 49.00772951781656], [5.8751045632799785, 49.00323619917633], [5.873685701237839, 48.999801184384886], [5.870468144420804, 48.997424473442216], [5.865452008015874, 48.996105755346015], [5.858637292023049, 48.99584503009629], [5.853621808070576, 48.99452601370257], [5.8504055561584565, 48.992148706164855], [5.847189611126429, 48.98977130135915], [5.843973972974493, 48.98739379928544], [5.840567027703372, 48.98726280687437]]]}}, {"type": "Feature", "properties": {"band": "light", "dbz": 30.0, "source": "OPERA-ORD", "time": "20260907002000"}, "geometry": {"type": "Polygon", "coordinates": [[[5.540884655573715, 48.95615523071044], [5.534077018714502, 48.95587410088631], [5.528868429710037, 48.956786085985996], [5.525258888560317, 48.958891186009495], [5.523248270805014, 48.96218971121907], [5.522836576444125, 48.96668166161472], [5.52423027472505, 48.97012109107429], [5.52742936564779, 48.97250799959777], [5.5324339737783115, 48.97384207678519], [5.539244099116615, 48.97412332263656], [5.544249360462982, 48.97545710385193], [5.547449757817409, 48.97784342043133], [5.550650461167797, 48.98022964071147], [5.553851470514146, 48.98261576469237], [5.557256952600442, 48.98275575934923], [5.5608669074266865, 48.98064962468206], [5.564476545648641, 48.978543364819565], [5.568085867266307, 48.97643697976175], [5.57169487234696, 48.974330469543226], [5.575303560890602, 48.972223834163984], [5.575507276905098, 48.969977764946094], [5.572306020390448, 48.96759226188956], [5.567300807740274, 48.966259773234654], [5.560491638954577, 48.96598029898139], [5.55548707913175, 48.96464751421345], [5.552287128271794, 48.96226141893085], [5.549087483132192, 48.95987522737279], [5.545888143712945, 48.95748893953927], [5.540884655573715, 48.95615523071044]]]}}, {"type": "Feature", "properties": {"band": "light", "dbz": 30.0, "source": "OPERA-ORD", "time": "20260907002000"}, "geometry": {"type": "Polygon", "coordinates": [[[6.58942716240076, 49.00332537710158], [6.582608452451145, 49.003110238128876], [6.575789798021977, 49.002894669805485], [6.568971199113257, 49.00267867213142], [6.56377804378457, 49.00364047756146], [6.560210332035917, 49.005780086095626], [6.5582679678644595, 49.009097809491514], [6.557950951270198, 49.013593647749126], [6.559418416280677, 49.01701970414397], [6.5626703628958944, 49.01937597867604], [6.567706887200365, 49.020662159448634], [6.574527989194089, 49.02087824646174], [6.581349146785368, 49.02109390394754], [6.588170359974203, 49.02130913190602], [6.593364632913969, 49.02034640390745], [6.596931965604664, 49.0182057199518], [6.598872262875723, 49.014887391973375], [6.599185524727143, 49.010391419972166], [6.597715746083532, 49.00696581212566], [6.594462926944889, 49.00461056843384], [6.58942716240076, 49.00332537710158]]]}}, {"type": "Feature", "properties": {"band": "light", "dbz": 30.0, "source": "OPERA-ORD", "time": "20260907002000"}, "geometry": {"type": "Polygon", "coordinates": [[[16.935017495244733, 48.79033866098483], [16.931949619453157, 48.79279619303808], [16.930732583105772, 48.79626431674442], [16.931366386202576, 48.80074303210387], [16.932000332707414, 48.80522172968284], [16.932634422620282, 48.80970040948136], [16.93480329324417, 48.812950265117024], [16.938506944579075, 48.81497129658983], [16.943745185782934, 48.81576319856848], [16.950518016855746, 48.81532597105299], [16.955438412287428, 48.81387827258529], [16.958506372077988, 48.81142010316539], [16.959722087579177, 48.80795176808216], [16.959085558791, 48.80347326733561], [16.956915659745952, 48.800223806469575], [16.95321239044404, 48.798203385484044], [16.949509434041158, 48.796182831479065], [16.94580679053731, 48.79416214445463], [16.94210445987417, 48.79214132444636], [16.93840244205174, 48.79012037145426], [16.935017495244733, 48.79033866098483]]]}}, {"type": "Feature", "properties": {"band": "light", "dbz": 30.0, "source": "OPERA-ORD", "time": "20260907002000"}, "geometry": {"type": "Polygon", "coordinates": [[[6.476104884335011, 48.89266939973195], [6.472541560399125, 48.89480628533103], [6.468977921308432, 48.89694304894122], [6.465413967062934, 48.89907969056252], [6.460230059388067, 48.90003640252413], [6.453426198283834, 48.89981318482604], [6.448241692956498, 48.90076954910576], [6.444676543406057, 48.90290549536329], [6.442730650964659, 48.906221334372084], [6.4424040156323015, 48.91071706613214], [6.440457459527724, 48.91403276452832], [6.436890982650926, 48.91616842956062], [6.4333241902711125, 48.918303972434515], [6.429757082388283, 48.920439393149984], [6.4278094392015115, 48.92375491844491], [6.427481260710798, 48.92825054831928], [6.428937258950376, 48.931678491023966], [6.4321774339202475, 48.93403874655894], [6.437201884879505, 48.93533100387758], [6.444010611828148, 48.93555526297988], [6.450819396209624, 48.935779093460496], [6.457628238023936, 48.93600249531943], [6.464437137053087, 48.93622546854526], [6.471246093297079, 48.936448013138], [6.478055106537891, 48.93667012908628], [6.484864176775522, 48.936891816390116], [6.490051515651119, 48.93593396137246], [6.493617123164682, 48.933796564033315], [6.497182414943718, 48.931659044696744], [6.5007473909882245, 48.92952140336274], [6.504151699583225, 48.929631592661025], [6.507395340728721, 48.931989612591586], [6.508856736471111, 48.93541656133662], [6.508535886810398, 48.939912438896144], [6.5099978651743, 48.94333929280616], [6.513242671562818, 48.945697123066665], [6.516487785609155, 48.9480548540164], [6.519733207313311, 48.950412485655356], [6.522978936762707, 48.9527700179548], [6.526224973957341, 48.95512745091472], [6.529471318984648, 48.95748478450642], [6.532717971844627, 48.95984201872987], [6.535964932624731, 48.96219915355633], [6.539212201324961, 48.96455618898578], [6.542459778032783, 48.96691312498949], [6.545707662748198, 48.96926996156744], [6.548955855558691, 48.97162669869087], [6.552204356464262, 48.973983336359765], [6.555611384962201, 48.97409190066907], [6.559176941052508, 48.97195239161877], [6.561117866403582, 48.96863464949718], [6.5614341610154225, 48.96413867430429], [6.559968301898703, 48.96071247602531], [6.5567202890534215, 48.95835605466026], [6.553472584111837, 48.955999533838664], [6.5502251870739485, 48.953642913560536], [6.548760115523674, 48.95021661073764], [6.549077369461012, 48.945720625369965], [6.5476128813778995, 48.94229422746241], [6.544366651274338, 48.939937417014974], [6.541120728760524, 48.937580507181856], [6.53787511383646, 48.93522349796306], [6.536411412024949, 48.93179699557473], [6.536729623325992, 48.92730100001688], [6.537047762193678, 48.92280499065104], [6.537365828628006, 48.9183089674772], [6.535902912278167, 48.91488236062762], [6.532659013144163, 48.912525170102285], [6.52763422755465, 48.911237084947544], [6.520828555509629, 48.91101810516339], [6.515804416349514, 48.90972971780404], [6.512561810074303, 48.90737192286949], [6.5093195108137145, 48.905014028706006], [6.50607751856775, 48.90265603531361], [6.501054421375188, 48.901366714647715], [6.494250219236029, 48.901146066708314], [6.489227768281168, 48.899856444076676], [6.485987068510604, 48.89749784675278], [6.48274667554473, 48.89513915030122], [6.479506589383545, 48.89278035472202], [6.476104884335011, 48.89266939973195]]]}}, {"type": "Feature", "properties": {"band": "light", "dbz": 30.0, "source": "OPERA-ORD", "time": "20260907002000"}, "geometry": {"type": "Polygon", "coordinates": [[[6.364981250851679, 48.89687238398824], [6.358178200710484, 48.8966431709868], [6.351375209364221, 48.896413529795765], [6.34457227681289, 48.89618346041513], [6.337769403273654, 48.89595296285663], [6.330966588746512, 48.89572203712025], [6.325780070647511, 48.896672514734405], [6.322209848976651, 48.898804395699095], [6.320255821699306, 48.902117990634714], [6.319917988815478, 48.90661329954128], [6.321365888668105, 48.910042691833475], [6.324599521257186, 48.912406167511314], [6.3296189887039125, 48.91370341581623], [6.336424291008284, 48.9139344367482], [6.3414444059231645, 48.915231384108026], [6.344679333448553, 48.917594257895686], [6.34791456783373, 48.919957032956376], [6.3511501090786915, 48.92231970929009], [6.354385957271013, 48.9246822868683], [6.3576221124106915, 48.927044765690994], [6.360858574585315, 48.92940714572963], [6.364095343794885, 48.93176942698422], [6.3673324201270045, 48.934131609426174], [6.370569803581675, 48.93649369305551], [6.373807494246518, 48.93885567784366], [6.377045492121533, 48.941217563790616], [6.382069245716297, 48.94251237417385], [6.3888787550308095, 48.94274010899338], [6.39568832269024, 48.94296741514939], [6.402497948694588, 48.943194292641905], [6.40768761167618, 48.942240406316984], [6.4112573116350156, 48.940105756174624], [6.413206948652105, 48.93679065330893], [6.4135365227274495, 48.9322950977199], [6.412081869858744, 48.92886689052624], [6.408842990045988, 48.926506031727946], [6.405604417325853, 48.924145073997984], [6.402366151698339, 48.92178401733635], [6.399128193075967, 48.919422861771636], [6.395890541458737, 48.917061607303836], [6.392653196759192, 48.91470025396152], [6.3894161589773315, 48.91233880174468], [6.386179428025711, 48.9099772506819], [6.382943003904331, 48.90761560077315], [6.379706886525767, 48.90525385204699], [6.37647107589002, 48.90289200450342], [6.373235571909679, 48.900530058170965], [6.370000374584744, 48.89816801304963], [6.364981250851679, 48.89687238398824]]]}}, {"type": "Feature", "properties": {"band": "light", "dbz": 30.0, "source": "OPERA-ORD", "time": "20260907002000"}, "geometry": {"type": "Polygon", "coordinates": [[[6.065704051620543, 48.88638202079345], [6.058903688693987, 48.88613397299675], [6.053712798205595, 48.88707136161522], [6.050131380155365, 48.88919418664885], [6.048159325041412, 48.89250275835969], [6.047796632863735, 48.89699707674774], [6.04922527076026, 48.900430008239084], [6.05244523873099, 48.90280155283372], [6.057456646370662, 48.904111400131825], [6.064259493679275, 48.90435955013338], [6.069451735642264, 48.90342190227419], [6.073033372259628, 48.90129845655426], [6.075004294466202, 48.89798952339785], [6.075364502261986, 48.89349510280496], [6.0739345128908635, 48.89006243055434], [6.070714326352835, 48.88769150664597], [6.065704051620543, 48.88638202079345]]]}}, {"type": "Feature", "properties": {"band": "light", "dbz": 30.0, "source": "OPERA-ORD", "time": "20260907002000"}, "geometry": {"type": "Polygon", "coordinates": [[[5.287672736196814, 48.74696379052572], [5.280895253125957, 48.74666688056249], [5.274117845495041, 48.74636954452248], [5.267340513304064, 48.74607178240569], [5.262149217730083, 48.74697114457277], [5.258543958773098, 48.74906763102372], [5.256524606078383, 48.75236154992463], [5.256091159645939, 48.756852901275494], [5.254071137377876, 48.76014667165026], [5.250464539274195, 48.762242861048954], [5.245271496012663, 48.763141161184606], [5.2384920075932815, 48.76284157205722], [5.233298381659381, 48.763739518027556], [5.229690618210963, 48.76583499909561], [5.227668585985596, 48.769128323531675], [5.227232284983279, 48.773619491335765], [5.225209582359609, 48.77691266700539], [5.221600478114586, 48.779007850540566], [5.217991060438666, 48.781102908256784], [5.214381329331851, 48.783197840154045], [5.212357499525373, 48.786490828792225], [5.211919571019233, 48.79098187417131], [5.211481543185261, 48.795472904391445], [5.211043416023458, 48.79996391945263], [5.209018457969449, 48.80325672095712], [5.205406669023233, 48.805351308904925], [5.201794566232981, 48.80744577091329], [5.1981821495986935, 48.80954010698222], [5.197962628657608, 48.81178557630416], [5.201136003409727, 48.8141821788791], [5.204309680796546, 48.816578686505096], [5.207483660818065, 48.81897509918214], [5.210657943563302, 48.821371416882826], [5.2138325290322545, 48.82376763960716], [5.218813801846299, 48.825116187687556], [5.225601762005433, 48.825417061124], [5.230583684471041, 48.82676531622772], [5.23375956924312, 48.829160952998706], [5.235129284599734, 48.832604280234825], [5.23469283054088, 48.83709529793606], [5.236063108031345, 48.84053853796931], [5.23924011707113, 48.84293400033456], [5.242417429280001, 48.84532936758633], [5.245595044657961, 48.847724639724625], [5.248772963294142, 48.85011981672196], [5.251951185188544, 48.85251489857834], [5.256936357881963, 48.85386168773364], [5.263728481374399, 48.85416018418785], [5.26893087596739, 48.85326110902986], [5.272543541660937, 48.851164462259675], [5.2761558928153836, 48.84906768967158], [5.279767929430732, 48.84697079126558], [5.283379651572758, 48.84487376707621], [5.28699105924146, 48.84277661710344], [5.290602152502621, 48.840679341381794], [5.29421293135624, 48.838581939911265], [5.2978233958680985, 48.83648441272636], [5.301433546038197, 48.834386759827055], [5.303453663316718, 48.83109225646126], [5.30388374770366, 48.82660090262896], [5.302509374299983, 48.823158405645046], [5.299330543105686, 48.82076476550952], [5.2961520148409695, 48.8183710301203], [5.292973789505834, 48.81597719947739], [5.293188993784426, 48.813731515216155], [5.296797627676746, 48.811633977336605], [5.300405947652172, 48.809536313819784], [5.304013953710706, 48.80743852466569], [5.306032706383936, 48.8041439080736], [5.306462205671862, 48.79965246404348], [5.305088318392844, 48.79620994494627], [5.30191104454688, 48.79381635078197], [5.298734073223315, 48.79142266139812], [5.295557404422151, 48.78902887679473], [5.294184240828703, 48.78558626270124], [5.2946145824429705, 48.78109481911764], [5.295044826517121, 48.77660336043647], [5.295474973051156, 48.772111886657704], [5.295905022108358, 48.76762039776879], [5.29633497368873, 48.763128893769704], [5.296764827855506, 48.75863737464789], [5.297194584608685, 48.75414584040333], [5.295822466672017, 48.750703116337625], [5.2926484740455, 48.74830920245076], [5.287672736196814, 48.74696379052572]]]}}, {"type": "Feature", "properties": {"band": "light", "dbz": 30.0, "source": "OPERA-ORD", "time": "20260907002000"}, "geometry": {"type": "Polygon", "coordinates": [[[18.642942456409617, 48.32102726181827], [18.63625065143419, 48.32157003060161], [18.63142606708093, 48.32309377702874], [18.62846870334983, 48.32559850109964], [18.627378790769285, 48.329084500683194], [18.62815632933929, 48.333551775779405], [18.63041313848324, 48.336766634223736], [18.634149218201138, 48.33872907601619], [18.639364337773472, 48.3394388031614], [18.646058497200244, 48.33889581565936], [18.65088402791541, 48.33737166196629], [18.65384092991897, 48.33486634208218], [18.654929434410143, 48.33138015395135], [18.65414954138893, 48.32691309757381], [18.651891785883073, 48.32369864639542], [18.64815616789258, 48.32173680041621], [18.642942456409617, 48.32102726181827]]]}}, {"type": "Feature", "properties": {"band": "light", "dbz": 30.0, "source": "OPERA-ORD", "time": "20260907002000"}, "geometry": {"type": "Polygon", "coordinates": [[[5.294056988684838, 48.27020509106546], [5.290488508111505, 48.27230354897691], [5.288492061192252, 48.275599245498384], [5.288067647927078, 48.28009218062991], [5.287643139453419, 48.28458509991386], [5.287218535771274, 48.28907800335027], [5.2867938368196015, 48.293570890951756], [5.2863690425984, 48.29806376271831], [5.287729785267093, 48.3015074812629], [5.290876064825678, 48.30390204658552], [5.2958080077579295, 48.305247154156895], [5.302525614063847, 48.30554280397703], [5.307458189449076, 48.30688762110117], [5.310605733913618, 48.30928160552933], [5.313753573666802, 48.31167549544424], [5.316901708708629, 48.31406929084591], [5.321835327000882, 48.31541319943374], [5.32855442854356, 48.315707221207724], [5.333698860929038, 48.314804315531354], [5.337268624157317, 48.31270448240465], [5.339263592875553, 48.30940802650034], [5.339683767083747, 48.30491494781845], [5.338319661114359, 48.3014718153689], [5.335171274967391, 48.29907862915167], [5.3320231839730186, 48.296685348374176], [5.328875388131241, 48.29429197303641], [5.329085634376327, 48.29204542486628], [5.3326539227082765, 48.289945703863786], [5.3362219051875694, 48.28784585864643], [5.339789581814205, 48.2857458892142], [5.339999733755082, 48.283499325251384], [5.3368523610102, 48.281106166758], [5.331921528333925, 48.27976269551101], [5.325207235726259, 48.27946891151043], [5.3184930159167365, 48.27917470587312], [5.31177886890536, 48.27888007859909], [5.306849077233679, 48.27753569931898], [5.303703640901694, 48.27514156803278], [5.300558499294652, 48.272747342319704], [5.297413652412555, 48.27035302217973], [5.294056988684838, 48.27020509106546]]]}}, {"type": "Feature", "properties": {"band": "light", "dbz": 30.0, "source": "OPERA-ORD", "time": "20260907002000"}, "geometry": {"type": "Polygon", "coordinates": [[[5.202165103634163, 48.15669437749872], [5.208862364654272, 48.156995801349176], [5.2139926038942, 48.156098462257404], [5.217555821353947, 48.15400236022341], [5.219551889565762, 48.15070779847224], [5.219980808529646, 48.14621477700389], [5.220409631608628, 48.141721739414685], [5.220838358802706, 48.13722868570462], [5.221266990173076, 48.13273561586108], [5.221695525719738, 48.128242529884076], [5.222123965503835, 48.123749427760984], [5.222552309525365, 48.11925630949182], [5.224546403055358, 48.115961482400984], [5.228106246093814, 48.113864946488484], [5.23323196554918, 48.11296639886315], [5.239923561421458, 48.11326583952497], [5.245048716689773, 48.11236694273377], [5.2486074313541256, 48.11026970848954], [5.252165842877599, 48.108172350199546], [5.25572395126019, 48.106074867863796], [5.25906956140736, 48.10622394316035], [5.2622026733191065, 48.10861957608921], [5.265336077457379, 48.11101511495565], [5.268469773822176, 48.11341055975965], [5.271603762498074, 48.11580591047485], [5.274738043485075, 48.11820116710125], [5.276093394858938, 48.12164547473368], [5.275669816619664, 48.12613883337215], [5.277025711026614, 48.129583053775086], [5.280161078079786, 48.131978135942475], [5.28329673774256, 48.134373123957424], [5.2864326900149345, 48.13676801781995], [5.289568934981597, 48.13916281750361], [5.292705472642547, 48.14155752300841], [5.297621692194903, 48.142902584984085], [5.304317593638663, 48.143198003430626], [5.309234440497786, 48.14454277587967], [5.312372232772269, 48.146936902331205], [5.315510317950399, 48.14933093450895], [5.318648696032177, 48.1517248724129], [5.321787367102322, 48.1541187160166], [5.324926331160836, 48.15651246532002], [5.328065588292457, 48.158906120296706], [5.331205138497184, 48.16129968094664], [5.334554165155512, 48.161446383585634], [5.33811266826744, 48.159346228213685], [5.340101009553577, 48.156049370886606], [5.340519189013923, 48.151555811604396], [5.340937274968459, 48.14706223632608], [5.341355267417183, 48.14256864505167], [5.343342521216659, 48.13927160238529], [5.3468990363668905, 48.13717110832698], [5.3520249367888395, 48.13626685965039], [5.358720222482507, 48.13655885635552], [5.363845557013229, 48.13565425905338], [5.367400940381007, 48.13355306774395], [5.370956020254478, 48.13145175271471], [5.3745107966336425, 48.12935031396567], [5.378065269581387, 48.12724875152998], [5.38161943909771, 48.125147065407646], [5.383603452288796, 48.121849290681176], [5.384017309154642, 48.11735542735059], [5.38600067481693, 48.11405750638515], [5.389553549275658, 48.11195552778488], [5.394676055157588, 48.11104918847796], [5.401368192462721, 48.11133848846441], [5.40806040061571, 48.11162736833943], [5.414752679616554, 48.111915828103015], [5.421445029262279, 48.11220386774116], [5.428137449552886, 48.112491487253855], [5.433259006189045, 48.11158351047693], [5.436809699170759, 48.10947993741039], [5.437014404177471, 48.107232880129885], [5.433873121209181, 48.1048423386354], [5.430732130768805, 48.10245170257037], [5.427591432856343, 48.100060971934795], [5.424451027387554, 48.09767014675515], [5.421310914362435, 48.095279227031455], [5.416395909386965, 48.09393959529042], [5.409706012461143, 48.09365125153205], [5.40301618628691, 48.093362487829545], [5.396326430864267, 48.0930733041829], [5.389636746395883, 48.09278370060616], [5.382947132881757, 48.09249367709935], [5.378033561002243, 48.09115252473097], [5.3748960307573395, 48.088760243501014], [5.371758792669666, 48.08636786790577], [5.368621846739224, 48.083975397945224], [5.363709304463406, 48.08263334070908], [5.357021165842213, 48.082341696197346], [5.351900905372641, 48.08324625735739], [5.348348523054688, 48.08534702418922], [5.344795837933499, 48.087447667340584], [5.341242850009072, 48.08954818681149], [5.336121835132838, 48.090451755214396], [5.329432793304798, 48.0901583725493], [5.322743823443848, 48.08986457002492], [5.316054925549992, 48.08957034764126], [5.310933156811387, 48.090472923039314], [5.3073785172280346, 48.09257229621906], [5.303823574734746, 48.0946715455689], [5.300268329331523, 48.096770671088834], [5.296923691260992, 48.09662291528405], [5.293789660523154, 48.094228278154546], [5.290655921833684, 48.09183354690038], [5.287522475192582, 48.089438721521546], [5.284177909619869, 48.08929054585149], [5.280622225115546, 48.09138901989022], [5.2770662377201045, 48.093487370015794], [5.273509947433544, 48.0955855962282], [5.268387048385883, 48.09648588893474], [5.261697540577119, 48.09618824813541], [5.256786772878174, 48.094841524150894], [5.2536547452890465, 48.09244571698118], [5.250523009628408, 48.09004981581252], [5.247391565896256, 48.08765382064492], [5.242481831136346, 48.08630619301493], [5.235793805348676, 48.08600693292253], [5.2291058529446195, 48.085707253071675], [5.222417973924179, 48.085407153462356], [5.215730168489574, 48.08510663410912], [5.2090424366408055, 48.08480569501197], [5.203978046318343, 48.10262733549092], [5.200536997522187, 48.138571555545965], [5.202165103634163, 48.15669437749872]]]}}, {"type": "Feature", "properties": {"band": "light", "dbz": 30.0, "source": "OPERA-ORD", "time": "20260907002000"}, "geometry": {"type": "Polygon", "coordinates": [[[6.187682620643267, 48.01612101689408], [6.180999638462563, 48.015881169927425], [6.175901846751218, 48.016825482675486], [6.172389245509231, 48.018953955138265], [6.17046173344793, 48.022266890469695], [6.170119310567317, 48.02676428866978], [6.168191161064926, 48.03007708329909], [6.164677284940759, 48.03220527435762], [6.159577783770721, 48.033148558570964], [6.152892657554809, 48.03290693593911], [6.147792586445276, 48.03384987715907], [6.144277570442122, 48.03597738223085], [6.140762252432067, 48.03810476629749], [6.137246632415114, 48.040232029359], [6.132145782713627, 48.041173985519556], [6.125459703327605, 48.040930634779166], [6.118773683539789, 48.04068686416309], [6.112087723350179, 48.04044267367133], [6.105401822961864, 48.04019806331573], [6.098715982374841, 48.03995303309627], [6.093614146783896, 48.04089336182569], [6.090096316189024, 48.04301904950398], [6.086578183473047, 48.045144615986786], [6.083059748635965, 48.047270061274084], [6.0795410116132, 48.04939538533333], [6.076021972404753, 48.0515205881645], [6.074086765104729, 48.054831655393784], [6.073735389713128, 48.0593285870212], [6.0751441295126725, 48.06276294201399], [6.078312984503362, 48.06513472037217], [6.081657303242826, 48.06525792712573], [6.085177085731065, 48.06313256227466], [6.088696565829381, 48.06100707618131], [6.0922157435377775, 48.0588814688457], [6.097319443498785, 48.05794122952684], [6.104007665712405, 48.05818635822473], [6.11069594780868, 48.058431066891224], [6.117384289787609, 48.058675355526304], [6.122313906480079, 48.059982694725434], [6.125484797886088, 48.0623530844886], [6.12531115621817, 48.064601628860636], [6.121792981476324, 48.06672832784154], [6.1182745042645355, 48.068854905673], [6.114755724582802, 48.07098136235503], [6.112822278520138, 48.07429309964254], [6.1124741660765425, 48.07879011753554], [6.113886039712612, 48.082223931639845], [6.117057899428347, 48.084594541955454], [6.120230052931115, 48.086965055614314], [6.123402500220915, 48.08933547261641], [6.1265752413807135, 48.09170579293471], [6.129748276410511, 48.094076016569204], [6.134681469359156, 48.09538253021438], [6.141374820226649, 48.09562533387027], [6.146481056742296, 48.09468300128394], [6.150000178906093, 48.09255553245539], [6.153518998250887, 48.090427942523654], [6.157037514776679, 48.0883002314887], [6.160383980861594, 48.08842099056041], [6.163558396505635, 48.09079021973876], [6.166733106126243, 48.09315935210698], [6.169908109723419, 48.095528387665084], [6.174842464645635, 48.09683304602919], [6.18153617089289, 48.09707332719928], [6.186471147840825, 48.09837769057555], [6.189647395489438, 48.10074613615801], [6.192823937315817, 48.10311448483398], [6.196000773319961, 48.10548273660348], [6.200936759071186, 48.106786186196516], [6.20763189456949, 48.10702483361309], [6.212568502536127, 48.10832798798978], [6.215746582971094, 48.11069564932659], [6.218924957784937, 48.11306321366047], [6.222103626977658, 48.11543068099142], [6.225282590632196, 48.1177980512923], [6.22846184874855, 48.12016532456308], [6.229882411765495, 48.123597611397436], [6.229544279683031, 48.128094911795365], [6.230965398452548, 48.13152710586999], [6.234145768074043, 48.1338941936213], [6.239085488890352, 48.13519587087609], [6.245784560901475, 48.13543213763435], [6.250892849881913, 48.13448483672004], [6.254410355831666, 48.13235396813317], [6.257927558385535, 48.130222978685346], [6.261444457543517, 48.128091868376565], [6.26479378129656, 48.12820935866934], [6.267975529644664, 48.13057544956366], [6.2711575727736, 48.13294144326187], [6.274339910683368, 48.13530733976399], [6.27752254345693, 48.13767313904275], [6.280705471094287, 48.14003884109813], [6.28053838592427, 48.142287551505], [6.2770212879468765, 48.14441927026334], [6.273671308228078, 48.14430217719156], [6.2704884467678745, 48.14193627228966], [6.267305880219467, 48.139570270179405], [6.26412360858286, 48.137204170860784], [6.260773686535346, 48.13708665689755], [6.257256114076922, 48.13921772828973], [6.255329307423067, 48.14253193130166], [6.254993266573779, 48.14702926593337], [6.256416610492636, 48.15046108857482], [6.259599339179641, 48.15282739922603], [6.26278236295752, 48.15519361267161], [6.2659656818262714, 48.15755972891156], [6.269149295869003, 48.159925747918614], [6.272333205085715, 48.16229166969278], [6.277276665220682, 48.163591572109766], [6.283979676273902, 48.1638254551696], [6.2889237600421035, 48.165125061536926], [6.292108916525284, 48.16749039121173], [6.295294368383683, 48.16985562355676], [6.298480115617299, 48.17222075857201], [6.303425208843471, 48.17351944877313], [6.310129648062198, 48.17375169416012], [6.315240614181498, 48.172801348620276], [6.31875810720137, 48.17066841215358], [6.3206820287883065, 48.16735318933215], [6.321012378942308, 48.16285568015599], [6.319584581858503, 48.1594246625548], [6.316398637536891, 48.157060136528585], [6.311454644228956, 48.15576179763843], [6.304752601934695, 48.15552964588433], [6.299809231879578, 48.15423101081322], [6.2966245340636045, 48.15186589242511], [6.296790496498035, 48.14961715017905], [6.30030711918287, 48.14748478407505], [6.30382343825408, 48.1453522972223], [6.3073394537116645, 48.14321968962081], [6.310855165621263, 48.14108696130317], [6.314370573982876, 48.138954112269396], [6.317720725486094, 48.139069942598454], [6.320905620130917, 48.14143445229033], [6.324090809827022, 48.14379886460486], [6.327276294574408, 48.14616317954205], [6.332219573006097, 48.14746054753771], [6.338920645122088, 48.14769096859186], [6.344028376104549, 48.146739208959445], [6.34754276595348, 48.144605268640476], [6.351056852242543, 48.14247120773146], [6.354570634971737, 48.14033702623241], [6.358084114206823, 48.13820272417589], [6.361597289947804, 48.13606830156192], [6.361760710452142, 48.13381943597602], [6.3585743757198365, 48.1314561274182], [6.355388335928784, 48.12909272139595], [6.352202591078983, 48.12672921790926], [6.3490171410876535, 48.12436561698544], [6.3458319859547965, 48.1220019186245], [6.342647125597651, 48.1196381228537], [6.339462560016215, 48.11727422967305], [6.338034411634473, 48.11384341424176], [6.338362680452423, 48.109345676559826], [6.336935088842314, 48.105914767738646], [6.333751636804146, 48.103550687778196], [6.330568479245422, 48.101186510474776], [6.327385616166146, 48.09882223582837], [6.32595876944462, 48.09539122242944], [6.326287939080844, 48.09089347027799], [6.326617035146661, 48.08639570288083], [6.326946057642071, 48.08189792023795], [6.3255199550535135, 48.078466802276054], [6.32233872738099, 48.07610234899513], [6.319157793761489, 48.073737798450246], [6.315977154195011, 48.07137315064142], [6.3145517949847445, 48.067941928131226], [6.314881716130689, 48.06344413091968], [6.315211563582068, 48.058946318411785], [6.315541337338881, 48.054448490607534], [6.31411672075316, 48.05101716356365], [6.310937713824905, 48.04865233728013], [6.306004414385097, 48.04735370821104], [6.299316822433735, 48.04712127635638], [6.292629287437855, 48.046888424475796], [6.285941809397456, 48.0466551525693], [6.281009513179711, 48.04535560969842], [6.277832398784618, 48.042989795863164], [6.274655577865216, 48.04062388495399], [6.271479050421503, 48.03825787697092], [6.266547757689622, 48.036957420605525], [6.259861699669575, 48.03672251585782], [6.253175699176165, 48.036487191202085], [6.246489756209392, 48.036251446638296], [6.239803870972489, 48.03601528217791], [6.233118043465458, 48.035778697820916], [6.2264322738915, 48.035541693578764], [6.2197465622506165, 48.03530426945147], [6.214647539606438, 48.03625041987582], [6.211135205958964, 48.03838014485179], [6.207622570281078, 48.040509749031486], [6.204109632572779, 48.04263923241489], [6.199009829081934, 48.043584398290974], [6.192323159808542, 48.04334524665974], [6.187393554798077, 48.04204137735875], [6.184221014050539, 48.039672790387996], [6.184391447336147, 48.03742407828728], [6.187904854654902, 48.0352952410566], [6.19141796001726, 48.03316628297858], [6.194930763423218, 48.031037204053206], [6.196857186854673, 48.027723917323954], [6.197197230311623, 48.02322642279081], [6.195781466963479, 48.01979349173753], [6.192609896810239, 48.01742512416412], [6.187682620643267, 48.01612101689408]]]}}, {"type": "Feature", "properties": {"band": "light", "dbz": 30.0, "source": "OPERA-ORD", "time": "20260907002000"}, "geometry": {"type": "Polygon", "coordinates": [[[5.621048357634459, 48.05744440252555], [5.61436233984692, 48.057168937411056], [5.609249499454997, 48.05808593658339], [5.60570983645869, 48.06019540004256], [5.603743234378115, 48.063497630677254], [5.60334969321327, 48.06799262848749], [5.604726578402436, 48.0714329223152], [5.607873889945615, 48.07381851216039], [5.612791744419502, 48.07514909500254], [5.6194801418240985, 48.075424670841635], [5.624594288304438, 48.07450742406401], [5.628134183860521, 48.07239735466967], [5.630099712412531, 48.069094765705096], [5.63049087396047, 48.06459965717029], [5.629112682682887, 48.06115961094787], [5.625965138579782, 48.05877462703782], [5.621048357634459, 48.05744440252555]]]}}, {"type": "Feature", "properties": {"band": "light", "dbz": 30.0, "source": "OPERA-ORD", "time": "20260907002000"}, "geometry": {"type": "Polygon", "coordinates": [[[6.550227850752465, 47.613638130954634], [6.543596302695834, 47.6134212754921], [6.536964806583312, 47.61320400389728], [6.5303333624149005, 47.61298631617018], [6.5237019703878625, 47.61276821232111], [6.5170706305022, 47.612549692350065], [6.512020005389572, 47.61351062571319], [6.508550095049978, 47.61565101241047], [6.50507988896229, 47.61779128022765], [6.501609387126507, 47.61993142916472], [6.496557987607255, 47.62089138958577], [6.489925690404533, 47.6206711614908], [6.4848737295789345, 47.62163078396355], [6.481402105130457, 47.62377025700403], [6.479510725850876, 47.62708988086068], [6.4791995917401906, 47.6315896555335], [6.4773075901358785, 47.634909141502135], [6.4738347210379406, 47.637048338766576], [6.468781075927295, 47.63800694695894], [6.462146654803938, 47.63778496607924], [6.457092448143068, 47.638743236032916], [6.453618455944683, 47.64088175681998], [6.4517245861993295, 47.64420082880129], [6.45141083890701, 47.648700451976815], [6.452834672038139, 47.6521308368726], [6.455996085592719, 47.654491983488654], [6.460895171656016, 47.6557835913341], [6.46753193022803, 47.65600566040896], [6.472587397417974, 47.65504713411676], [6.476061573225847, 47.652908012457495], [6.479535452768737, 47.65076877174724], [6.483009036046645, 47.64862941198598], [6.486327202617403, 47.648739810816124], [6.489489952481014, 47.651099968237666], [6.492652990639215, 47.65346002853859], [6.495816317092006, 47.6558199917189], [6.500716518337806, 47.65710975834135], [6.507353594376617, 47.65732932840591], [6.5139907229308385, 47.657548481947885], [6.520627904000473, 47.65776721896725], [6.52552908342881, 47.65905607712688], [6.5286942612158505, 47.661415056426776], [6.530123347085337, 47.66484445745317], [6.529816341037271, 47.66934428020607], [6.531245974001655, 47.672773586925985], [6.534412245978488, 47.67513237761291], [6.5375788066819425, 47.67749107100428], [6.540745656112018, 47.67984966710012], [6.540592343717134, 47.6820995656999], [6.5371188694972915, 47.68424076680361], [6.53206173398112, 47.685202350391336], [6.525420937168619, 47.68498431646306], [6.520517463022943, 47.683695703660455], [6.517351311544094, 47.681336511983545], [6.514185448806448, 47.678977223066894], [6.511019874810008, 47.676617836910495], [6.506117379822828, 47.6753283151557], [6.4994779638449085, 47.675108657802504], [6.49442074960743, 47.67606867169538], [6.490945737110393, 47.67820835683435], [6.489052835131229, 47.68152801391365], [6.488742043669937, 47.68602764293329], [6.4901693439205745, 47.68945745129087], [6.493334735883142, 47.691817438986384], [6.496500416728559, 47.69417732948577], [6.499666386456828, 47.69653712278903], [6.5010944237169355, 47.69996682438408], [6.500784528508885, 47.70446643427092], [6.502213113443686, 47.7078960417124], [6.505380178521339, 47.71025564670853], [6.508547532769391, 47.712615154442744], [6.511715176187845, 47.71497456491504], [6.511560418659773, 47.7172243572347], [6.508083260185173, 47.71936453140171], [6.503022043515004, 47.720324680521735], [6.496376768649263, 47.72010480459476], [6.4897315467465315, 47.7198845115787], [6.483086377806813, 47.71966380147356], [6.478024383292566, 47.720622975334926], [6.474545563203794, 47.72276203316281], [6.472649825677148, 47.72608127599541], [6.472337170712625, 47.73058070383275], [6.472024446355713, 47.7350801159852], [6.471711652606408, 47.739579512452764], [6.47139878942077, 47.74407889324883], [6.471085856798801, 47.748578258373406], [6.470772854696517, 47.75307760783988], [6.470459783113921, 47.75757694164825], [6.471887693471361, 47.76100682519942], [6.475056585768837, 47.76336725849338], [6.479966552125478, 47.764657940145234], [6.486617592541281, 47.76487887015497], [6.493268686099386, 47.76509938266241], [6.499919832799789, 47.765319477667575], [6.504830783158678, 47.766609248995266], [6.50800153717605, 47.76896869664549], [6.507846366919459, 47.77121839508817], [6.504365272388906, 47.773358344323285], [6.5008838798128705, 47.77549817430879], [6.497402189191353, 47.77763788504467], [6.495505776016077, 47.78095740449511], [6.49519464028704, 47.78545673266012], [6.493297600202499, 47.78877611404575], [6.489814655762456, 47.790915548652], [6.486487638610833, 47.7908052374291], [6.483316548747631, 47.78844518037705], [6.480145749091363, 47.78608502602104], [6.476975239642032, 47.78372477436106], [6.472063342011296, 47.78243372181695], [6.465410056199154, 47.78221186838871], [6.460341436816742, 47.78317011867158], [6.456857483864058, 47.78530847266558], [6.4533732326783015, 47.787446707231744], [6.449888683259475, 47.78958482237009], [6.446403835543113, 47.79172281804868], [6.442918689529215, 47.79386069426755], [6.4410180551405904, 47.797179176746894], [6.440701932377241, 47.80167826548671], [6.440385739348112, 47.806177338628196], [6.440069476053202, 47.81067639617136], [6.441496704170482, 47.814106556846944], [6.444667423699953, 47.81646782065495], [6.447838433801939, 47.81882898721995], [6.451009734476441, 47.82119005654195], [6.452437702028239, 47.824620111112544], [6.452122336457333, 47.829119150931724], [6.45180690074768, 47.833618175202986], [6.451491394899279, 47.838117183926315], [6.4529201026314364, 47.84154713237706], [6.45609302394415, 47.84390802055523], [6.459266236248078, 47.84626881141198], [6.462439739543221, 47.848629504947304], [6.463869188202497, 47.85205934726329], [6.463554582225907, 47.85655833835994], [6.464984582209944, 47.85998808666971], [6.468159188154608, 47.8623485921926], [6.4730784928428, 47.86363955274908], [6.479742496274517, 47.86386096833912], [6.486406553245689, 47.86408196551449], [6.493070663756315, 47.86430254427519], [6.498146558475589, 47.863343046349385], [6.501634237403509, 47.86120347173708], [6.505121617027399, 47.85906377768252], [6.508608697347258, 47.85692396418571], [6.51209547842801, 47.85478403127862], [6.515581960269655, 47.85264397896124], [6.5174800735062295, 47.84932435364558], [6.517789818137733, 47.84482515533161], [6.5180994938916115, 47.84032594153406], [6.5184091007678635, 47.83582671225294], [6.520306187089567, 47.832506914761055], [6.523790752856717, 47.83036654905842], [6.528862889270114, 47.829405313179336], [6.535522596329757, 47.82962320712381], [6.5421823559821775, 47.829840682943896], [6.548842168227377, 47.8300577406396], [6.555502032864838, 47.830274380200514], [6.562161949894558, 47.83049060162665], [6.567233086487151, 47.82952775054671], [6.570715442642614, 47.8273858269607], [6.572608928387588, 47.82406513287175], [6.572913543722073, 47.81956566827986], [6.5748064020797985, 47.816244836570284], [6.578287503460764, 47.81410263774303], [6.581768306251875, 47.81196031982473], [6.5852488104531295, 47.809817882815395], [6.588729016129457, 47.80767532674688], [6.592208923280855, 47.805532651619195], [6.597277222702871, 47.804568106326926], [6.6039339143955065, 47.80478169087007], [6.609001646570988, 47.8038168069551], [6.612480419229318, 47.801673454582], [6.61595889349026, 47.79952998325477], [6.619437069353815, 47.797386392973415], [6.622914946884948, 47.79524268376976], [6.626392526083658, 47.793098855643805], [6.629869807014909, 47.79095490862735], [6.633346789678703, 47.788810842720395], [6.636823474140002, 47.78666665795474], [6.640299860398806, 47.78452235433037], [6.640449215426834, 47.78227245655934], [6.637271539224086, 47.779916964641636], [6.634094153412434, 47.777561374961095], [6.630917057991876, 47.775205687517726], [6.62947805991196, 47.77177793331217], [6.629777159172683, 47.767278112344435], [6.63166421796141, 47.76395611401039], [6.635139236278142, 47.76181193831004], [6.638613956788271, 47.7596676438176], [6.642088379491799, 47.75752323053307], [6.645562504453573, 47.75537869848818], [6.649036331673595, 47.75323404768292], [6.652509861216714, 47.75108927814905], [6.65598309308293, 47.74894438988656], [6.656131595434568, 47.74669440903619], [6.652955368271629, 47.74433933559795], [6.649779431019737, 47.7419841644053], [6.64660378367889, 47.73962889545825], [6.646752220118145, 47.737378899063636], [6.650224740337503, 47.735234175221436], [6.653696963143315, 47.733089332694895], [6.657168888535584, 47.730944371484014], [6.657317259104179, 47.728694359531666], [6.654142074849099, 47.726339296837864], [6.650967180249371, 47.7239841364146], [6.647792575304995, 47.72162887826187], [6.646353838008364, 47.71820122434319], [6.646650968359481, 47.713701174658574], [6.645212780946517, 47.71027342573103], [6.642039275769472, 47.707917977560584], [6.638866059960278, 47.705562431726946], [6.635693133518934, 47.703206788230126], [6.634255689849521, 47.69977893141978], [6.634553728952038, 47.695278861295904], [6.633116834515203, 47.69185090955621], [6.6299450065390175, 47.6894950762007], [6.626773467643521, 47.68713914524818], [6.623602217828713, 47.68478311669863], [6.622166065946204, 47.681355057132166], [6.6224650119959945, 47.676854966548774], [6.621029408695905, 47.67342681213229], [6.617859256045934, 47.6710705938827], [6.6129546419851835, 47.669786011036535], [6.6063155665136515, 47.66957306359379], [6.601411559395531, 47.66828818547804], [6.598242620630824, 47.6659313766893], [6.598392872018522, 47.663681339595094], [6.601862313558626, 47.66153807419542], [6.6053314587438, 47.65939469012367], [6.608800307574045, 47.65725118737984], [6.612268860113679, 47.65510756599553], [6.615737116362704, 47.65296382597072], [6.61920507638544, 47.650819967337], [6.622672740181887, 47.648675990094354], [6.622822273850852, 47.646425900439084], [6.619653677392337, 47.6440696983712], [6.616485369346375, 47.64171339880943], [6.613317349712965, 47.63935700175378], [6.6101496184125565, 47.63700050723104], [6.6069821754451485, 47.63464391524122], [6.602081306247006, 47.63335881375272], [6.595447010818127, 47.633145202765554], [6.5903958526591735, 47.63410986656679], [6.586927831770144, 47.636252805156424], [6.583459514856622, 47.638395625067645], [6.57999090191861, 47.64053832630046], [6.576673539008398, 47.64043088563826], [6.573507426125989, 47.63807330308105], [6.572075848691829, 47.63464447285497], [6.572378806705916, 47.63014439496001], [6.570947775965271, 47.626715470197546], [6.567782756469891, 47.624357698567565], [6.564618025004366, 47.62199982963312], [6.561453581568696, 47.61964186339421], [6.558289426083341, 47.61728379987754], [6.555125558548301, 47.61492563908312], [6.550227850752465, 47.613638130954634]]]}}, {"type": "Feature", "properties": {"band": "light", "dbz": 30.0, "source": "OPERA-ORD", "time": "20260907002000"}, "geometry": {"type": "Polygon", "coordinates": [[[15.700132908563567, 47.687661781269966], [15.693502332061021, 47.6880194509951], [15.686871669993403, 47.68837670530684], [15.680240922360714, 47.68873354420517], [15.675393291449987, 47.690123511240884], [15.672328777261225, 47.692546606414], [15.67104752714445, 47.696003127995034], [15.671549541099667, 47.700493075984], [15.67358439314048, 47.70377144101971], [15.677152083266892, 47.70583822310215], [15.680720070449421, 47.70790487915187], [15.684288354688066, 47.709971409168865], [15.687856936040877, 47.71203781312015], [15.691425814507856, 47.71410409100573], [15.696527284992069, 47.714958288525764], [15.703161347493518, 47.714600405680244], [15.708010389395788, 47.71320941943662], [15.711074410698876, 47.7107853297949], [15.71235355978449, 47.70732843516567], [15.711847836652627, 47.702838735548944], [15.71134222540394, 47.69834901815994], [15.710836726038426, 47.69385928299864], [15.708800031470462, 47.69058154816534], [15.705232141700048, 47.68851581366005], [15.700132908563567, 47.687661781269966]]]}}, {"type": "Feature", "properties": {"band": "light", "dbz": 30.0, "source": "OPERA-ORD", "time": "20260907002000"}, "geometry": {"type": "Polygon", "coordinates": [[[5.453788844887087, 47.68041472410263], [5.447153158844657, 47.680129019064104], [5.440517541384743, 47.67984289788734], [5.433881992507343, 47.67955636057234], [5.428804112632413, 47.680465164940486], [5.425283901759951, 47.68256931099178], [5.423321241047658, 47.68586909835889], [5.422916130495534, 47.690364527041815], [5.422510930186089, 47.69485993911874], [5.422105640119322, 47.699355334589654], [5.423461375737006, 47.70279870815827], [5.426578137039137, 47.70519005982459], [5.431456043043259, 47.706529089755605], [5.43809509374937, 47.706815797951336], [5.444734213176868, 47.70710208976304], [5.4513734013257515, 47.70738796519072], [5.456252315657554, 47.70872609680409], [5.459370956172276, 47.71111648460315], [5.46248988364597, 47.71350677832675], [5.465609098078636, 47.71589697797488], [5.46872859955222, 47.71828708352158], [5.471848388066723, 47.72067709496685], [5.474968463704106, 47.72306701228473], [5.4780888264643695, 47.72545683547522], [5.481409468046158, 47.72559877450348], [5.48493038844947, 47.72349282936951], [5.488451011420863, 47.72138676187575], [5.491971336960334, 47.7192805720222], [5.495292046642924, 47.719422094496004], [5.4984131404686325, 47.72181132929717], [5.4997742805090635, 47.72525376486327], [5.499375466764217, 47.72974940119428], [5.500737142243038, 47.733191748361605], [5.503859306945526, 47.735580806365235], [5.508742078076572, 47.736916275039064], [5.515385455636175, 47.737198154383115], [5.522028900871846, 47.73747961701594], [5.5286724137835845, 47.73776066293754], [5.535315994173854, 47.738041292134554], [5.541959642042654, 47.73832150460697], [5.547040969682474, 47.73740754886], [5.550559977093313, 47.73529942489364], [5.554078686901788, 47.7331911787484], [5.557597099107901, 47.73108281042426], [5.561115213773381, 47.72897431995357], [5.56463303089823, 47.72686570733632], [5.566588334826717, 47.72356342688544], [5.566981125558841, 47.719067478600934], [5.565615592468504, 47.715625864334605], [5.5624917355557075, 47.71323858408646], [5.5593681658221925, 47.710851209459676], [5.556244883267961, 47.70846374045425], [5.553121887811253, 47.70607617709621], [5.549999179452064, 47.70368851938556], [5.5468767581086516, 47.701300767348314], [5.543754623781014, 47.69891292098448], [5.540632776387424, 47.69652498032006], [5.537511215927879, 47.69413694535506], [5.532631601607822, 47.69280254457236], [5.52599393342725, 47.69252177797194], [5.5193563326948425, 47.69224059507061], [5.5127187994105995, 47.69195899586836], [5.507641136946473, 47.69287158039113], [5.504123345302466, 47.69497834863892], [5.500605256611269, 47.6970849946391], [5.497086870872883, 47.69919151839166], [5.492008463025964, 47.70010311995278], [5.485370033070511, 47.69981979932248], [5.480491379920036, 47.69848324497484], [5.477372503574538, 47.69609345690984], [5.474253913974388, 47.69370357474984], [5.471135611119582, 47.69131359849483], [5.468017594928319, 47.68892352817072], [5.464899865400597, 47.686533363777514], [5.461782422454627, 47.684143105341164], [5.45866526609041, 47.681752752861655], [5.453788844887087, 47.68041472410263]]]}}, {"type": "Feature", "properties": {"band": "light", "dbz": 30.0, "source": "OPERA-ORD", "time": "20260907002000"}, "geometry": {"type": "Polygon", "coordinates": [[[5.641178286858677, 47.68943813554385], [5.637666338105458, 47.69154938749628], [5.634154092360012, 47.693660517633504], [5.630641549622338, 47.69577152595552], [5.62556597754042, 47.69668956129381], [5.618927376114257, 47.69641462364834], [5.613851247894523, 47.69733231525581], [5.610337592881218, 47.6994426361162], [5.608386296916531, 47.70274588620855], [5.607997360000462, 47.70724206553284], [5.6093658349466775, 47.71068311183025], [5.612491721755179, 47.71306902510078], [5.615617895892548, 47.715454843828006], [5.618744357358784, 47.71784056801192], [5.6218711062355915, 47.72022619762644], [5.624998142522969, 47.72261173267156], [5.62812546630264, 47.72499717312118], [5.631253077574602, 47.7273825189753], [5.6343809764205925, 47.7297677702078], [5.63750916284061, 47.73215292681867], [5.640830608605947, 47.732289866313685], [5.644345313716602, 47.73017858869282], [5.647859721303817, 47.72806718920346], [5.651373831367589, 47.725955667845604], [5.6548876439698965, 47.72384402465152], [5.658401159110738, 47.721732259621206], [5.66191437685209, 47.71962037278693], [5.665427297193952, 47.71750836414869], [5.670504489543649, 47.7165882169688], [5.677145953901178, 47.71685993124727], [5.683787483430157, 47.71713122890319], [5.690429078130585, 47.71740210993656], [5.695505518619686, 47.71648098079929], [5.699016804897459, 47.714367841491374], [5.699207516357701, 47.712119583496715], [5.696077653000411, 47.70973620681532], [5.691192508723855, 47.70840910489218], [5.684552083528034, 47.70813827772733], [5.677911723459701, 47.70786703402204], [5.671271428518853, 47.70759537377633], [5.666387286487131, 47.706267371003314], [5.663259297364537, 47.703883025703], [5.660131595511617, 47.70149858573181], [5.657004180928374, 47.69911405108975], [5.653877053533265, 47.69672942180293], [5.650750213326291, 47.694344697871344], [5.647623660225925, 47.691959879321075], [5.644497394232166, 47.689574966152115], [5.641178286858677, 47.68943813554385]]]}}, {"type": "Feature", "properties": {"band": "light", "dbz": 30.0, "source": "OPERA-ORD", "time": "20260907002000"}, "geometry": {"type": "Polygon", "coordinates": [[[6.120435118901458, 47.67089631276815], [6.1137977565401975, 47.67065244850427], [6.108733567838568, 47.67159396417366], [6.105242552796572, 47.67372085977632], [6.103324610218606, 47.67703343560692], [6.102979740104669, 47.681531691665484], [6.101061170256942, 47.684844127012205], [6.097568900675429, 47.68697074164709], [6.094076334219876, 47.689097235937695], [6.090583470890284, 47.691223609884034], [6.088663866110478, 47.69453586843946], [6.088317519880456, 47.69903401160397], [6.086397287158798, 47.702346129544004], [6.082903167945503, 47.70447222225956], [6.0778352641913616, 47.70541198921165], [6.071193575896375, 47.70516543040028], [6.066125111957405, 47.7061048562711], [6.06262987237445, 47.70823026682409], [6.059134335602199, 47.71035555687297], [6.055638501640651, 47.712480726417716], [6.052142370426758, 47.71460577542634], [6.04864594196052, 47.71673070389885], [6.046722566616554, 47.720042117938384], [6.046372244394859, 47.724540017544946], [6.047770722164284, 47.72797547760551], [6.050917999924827, 47.73034849812009], [6.054065566209025, 47.73272142273032], [6.057213421016877, 47.73509425143621], [6.060361564429441, 47.737466984211295], [6.063509996446716, 47.73983962105555], [6.066658717149777, 47.74221216194254], [6.069807726538625, 47.74458460687224], [6.072957024694348, 47.74695695581814], [6.076106611616946, 47.74932920878025], [6.081005238388066, 47.75063832025246], [6.087652905007709, 47.750884290234765], [6.09272519152508, 47.74994410924162], [6.096222097940179, 47.74781777727301], [6.099718706625599, 47.74569132483176], [6.10321501758134, 47.743564751917866], [6.106538646162868, 47.743687098967726], [6.109689592370179, 47.746058365981355], [6.112840827449312, 47.748429536887144], [6.115992351400266, 47.75080061168508], [6.119316038778419, 47.75092254158998], [6.122811889583775, 47.74879532660182], [6.126307442649768, 47.746667991223305], [6.129802697976399, 47.74454053545441], [6.133297655627058, 47.74241295932717], [6.1367923156017445, 47.74028526284157], [6.140286677963849, 47.73815744602964], [6.143780742713373, 47.73602950889136], [6.147274509913707, 47.73390145145875], [6.150767979564852, 47.7317732737318], [6.152685188141291, 47.72846004004072], [6.15302613564302, 47.72396175038554], [6.1533670075426405, 47.719463444790435], [6.1537078038401525, 47.714965123255396], [6.154048524583352, 47.71046678576722], [6.154389169772242, 47.70596843232588], [6.152984327382231, 47.70253423179725], [6.149833997413318, 47.700164184181325], [6.146683955704557, 47.69779404041877], [6.143534202255947, 47.69542380050959], [6.140384736986793, 47.693053464480265], [6.137235559897097, 47.69068303233081], [6.134086670906178, 47.6883125040877], [6.130938070014035, 47.68594187975091], [6.1295350352840785, 47.682507391073685], [6.129877566716307, 47.67800903805604], [6.1284750743448395, 47.67457445738543], [6.125327558169673, 47.67220364906187], [6.120435118901458, 47.67089631276815]]]}}, {"type": "Feature", "properties": {"band": "light", "dbz": 30.0, "source": "OPERA-ORD", "time": "20260907002000"}, "geometry": {"type": "Polygon", "coordinates": [[[6.000263927193558, 47.67543882564584], [5.9936264647453505, 47.675187416369454], [5.986989062673208, 47.67493559067755], [5.98035172097713, 47.6746833485701], [5.9737144398544855, 47.67443069005912], [5.967077219305275, 47.6741776151446], [5.962009884978288, 47.67511207854798], [5.958512436873523, 47.67723408026927], [5.955014692015126, 47.679355961227465], [5.951516650403098, 47.68147772142255], [5.948018311974808, 47.68359936082251], [5.9445196767302555, 47.68572087942735], [5.942590752259376, 47.689030436643264], [5.942231538562167, 47.69352803247026], [5.941872245234402, 47.698025612149024], [5.941512872276082, 47.702523175679545], [5.941153419636865, 47.707020723074955], [5.940793887316749, 47.711518254335246], [5.940434275265352, 47.716015769473536], [5.940074583482669, 47.72051326848981], [5.941465791417793, 47.723950095744556], [5.944607899070723, 47.72632625123776], [5.94950101215827, 47.72764143439663], [5.956145130680435, 47.72789564522116], [5.962789310219956, 47.728149439160795], [5.969433550776832, 47.728402816215535], [5.97432765992853, 47.72971709524366], [5.97747163767505, 47.73209227624519], [5.980615903814397, 47.734467361563745], [5.983760458346571, 47.73684235119934], [5.988655563316485, 47.7381557257928], [5.995301218724141, 47.7384074853441], [6.000374010766462, 47.7374717250175], [6.0038739394434515, 47.735348444813], [6.007373570558217, 47.73322504387109], [6.010872904110759, 47.73110152219178], [6.01594493325324, 47.730164782219674], [6.02258965798566, 47.730414823954774], [6.0276611267202975, 47.72947774238658], [6.031159339457152, 47.727353537515086], [6.033084192676448, 47.724042510024795], [6.033435686378185, 47.7195446599157], [6.035359910386471, 47.71623349139245], [6.038856864701304, 47.714109004455075], [6.04235352176894, 47.71198439694052], [6.045849881589379, 47.70985966884879], [6.046025218898478, 47.70761070735146], [6.04287953369624, 47.70523751244853], [6.0379860254750195, 47.703926385426925], [6.031344694234818, 47.70367732628667], [6.026451796608982, 47.702365907489096], [6.023307332597515, 47.6999921290342], [6.020163156577983, 47.69761825481869], [6.017019268550386, 47.69524428484257], [6.013875668433814, 47.69287021913223], [6.0107323562282655, 47.69049605768766], [6.00933730486479, 47.687060037320144], [6.009690514343388, 47.68256215802967], [6.00829600391643, 47.67912604635933], [6.005153773583917, 47.67675170230914], [6.000263927193558, 47.67543882564584]]]}}, {"type": "Feature", "properties": {"band": "light", "dbz": 30.0, "source": "OPERA-ORD", "time": "20260907002000"}, "geometry": {"type": "Polygon", "coordinates": [[[5.905895905124007, 47.68987115693621], [5.8992569591120825, 47.689613816084794], [5.894186790121843, 47.69054500020043], [5.890685398153287, 47.69266470928313], [5.888752676349281, 47.69597324356097], [5.888388624709824, 47.70047060303397], [5.889775853804216, 47.703908133619926], [5.892914363632457, 47.70628583531884], [5.897804261139779, 47.70760340777278], [5.9044455463261825, 47.707860850981746], [5.909516991562326, 47.70692941773998], [5.913018596848207, 47.704809108047485], [5.914950255723711, 47.70150022228596], [5.915311968188836, 47.6970027604554], [5.91392346284854, 47.69356547899557], [5.910784739702827, 47.69118837790647], [5.905895905124007, 47.68987115693621]]]}}, {"type": "Feature", "properties": {"band": "light", "dbz": 30.0, "source": "OPERA-ORD", "time": "20260907002000"}, "geometry": {"type": "Polygon", "coordinates": [[[18.25417872787492, 47.20136799227353], [18.24762871682223, 47.20188502108457], [18.242895707521924, 47.20339122882385], [18.239979699974008, 47.205886615491366], [18.237063422260228, 47.208381919669975], [18.234146874380592, 47.21087714135969], [18.231230056251114, 47.21337228053834], [18.228312967871787, 47.215867337205914], [18.227213227150195, 47.2193520561626], [18.227930834086344, 47.22382643740839], [18.230107544303532, 47.22705323998815], [18.233743357801764, 47.229032463901895], [18.238838066893248, 47.2297638189446], [18.24539167157798, 47.22924730511626], [18.250126810282985, 47.22774122974666], [18.253043483008266, 47.225245592835805], [18.25595988539318, 47.22274987346388], [18.258876017437736, 47.22025407163089], [18.26179187922601, 47.21775818735901], [18.264707470757997, 47.21526222064824], [18.2658049434634, 47.21177717594077], [18.26508429734222, 47.207303053236586], [18.262906414061536, 47.20407686338038], [18.259271293621353, 47.20209860637214], [18.25417872787492, 47.20136799227353]]]}}, {"type": "Feature", "properties": {"band": "light", "dbz": 30.0, "source": "OPERA-ORD", "time": "20260907002000"}, "geometry": {"type": "Polygon", "coordinates": [[[5.29287555166659, 47.16890258644556], [5.295955150680422, 47.171298454936135], [5.2990350287695955, 47.17369423061747], [5.302115185934112, 47.176089913489584], [5.306940466517267, 47.177434828602514], [5.313510870519057, 47.17772897595627], [5.320081343080007, 47.17802271179208], [5.326651884200116, 47.17831603610995], [5.333222493690272, 47.178608948896354], [5.3397931715504745, 47.17890145015128], [5.3463639175915825, 47.179193539861274], [5.352934731813594, 47.179485218026315], [5.357761771251451, 47.18082803990921], [5.360845035905153, 47.18322200550996], [5.363928579941808, 47.18561587809134], [5.367012403361415, 47.188009657653346], [5.371840427146815, 47.1893515917847], [5.378412651298008, 47.189641680485394], [5.383241273087662, 47.19098332992531], [5.386326292515776, 47.19337654010447], [5.386124842325374, 47.19562499615743], [5.382636922516452, 47.197728698084205], [5.379148712763953, 47.19983227853865], [5.375660213067875, 47.20193573752075], [5.373714095583973, 47.205235882780144], [5.373310360312247, 47.209732714316836], [5.374651444675227, 47.2131778447761], [5.377737348672914, 47.215571274157924], [5.380823532533915, 47.217964610424346], [5.38390999625823, 47.22035785357535], [5.385251753624209, 47.22380288459497], [5.384848804631852, 47.22829970348319], [5.386191082970759, 47.23174464687295], [5.389278588640931, 47.23413771476425], [5.394111438696798, 47.235478611102124], [5.400689633138362, 47.23576733588657], [5.4055230824679725, 47.23710794714056], [5.408611786685631, 47.23950044486408], [5.408411035645177, 47.24174887080948], [5.4049208293466116, 47.24385322497676], [5.401430332456038, 47.24595745763527], [5.3979395449734575, 47.248061568785005], [5.395992982411815, 47.251362010203394], [5.395590644771109, 47.25585878189044], [5.396934271989545, 47.25930352632089], [5.400023864067124, 47.26169624349476], [5.40485953795514, 47.26303663712831], [5.411441293653591, 47.26332470722153], [5.416277567585746, 47.26466481555248], [5.419368359751605, 47.26705696212115], [5.42071355361318, 47.27050144325017], [5.420313149170473, 47.27499825893952], [5.4216588656493885, 47.278442652230055], [5.424750703049927, 47.28083462312176], [5.429588777814521, 47.28217387515202], [5.436173089943168, 47.28246040832083], [5.441011765218576, 47.28379937478647], [5.4441048036407444, 47.28619077454894], [5.447198123043882, 47.28858208089733], [5.450291723427991, 47.290973293831634], [5.455131386026874, 47.29231136978542], [5.461717110840532, 47.29259630875868], [5.466755463135628, 47.291685613279135], [5.470246442912162, 47.28957928334677], [5.4737371314824514, 47.28747283202092], [5.477227528846496, 47.28536625930159], [5.482265151081589, 47.284454589319594], [5.488849998187728, 47.28473782207493], [5.493887076427175, 47.28382581055591], [5.497376385799931, 47.281718554762534], [5.500865404078229, 47.2796111776789], [5.50435413126207, 47.27750367930503], [5.507842567411188, 47.27539605967249], [5.511330712525585, 47.27328831878128], [5.514818566665001, 47.27118045666299], [5.518306129829435, 47.26907247331759], [5.521793402078626, 47.266964368776684], [5.525280383412575, 47.26485614304025], [5.528767073891028, 47.262747796139834], [5.5322534735139826, 47.26063932807544], [5.53728764536091, 47.25972497758693], [5.543869589431809, 47.26000474467428], [5.550451599002303, 47.26028409936559], [5.5570336740723905, 47.26056304166086], [5.5636158144514045, 47.26084157154714], [5.570198020139346, 47.26111968902444], [5.576780290945514, 47.26139739407988], [5.583362626869912, 47.26167468671344], [5.589945027721809, 47.261951566912295], [5.596527493501204, 47.26222803467643], [5.6015603691783085, 47.26131081422255], [5.605043654753118, 47.25919990555065], [5.606977238430547, 47.25589560517009], [5.607361120210593, 47.25139791308086], [5.607744917742913, 47.24690020388126], [5.608128631027508, 47.24240247757128], [5.61006118410986, 47.239097995057996], [5.613542576989968, 47.23698675634141], [5.617023679411684, 47.23487539680126], [5.620504491375009, 47.23276391643754], [5.622436014807024, 47.2294592518779], [5.622818249707729, 47.22496140312232], [5.623200400766818, 47.22046353722973], [5.623582467984289, 47.21596565420015], [5.62396445141245, 47.21146775402055], [5.624346351051296, 47.20696983669097], [5.622989069809423, 47.203527730535384], [5.619892607686831, 47.20114143555381], [5.616796425721299, 47.198755046766586], [5.61370052391283, 47.1963685641737], [5.613891633144233, 47.19411959320963], [5.617369753415504, 47.19200813387436], [5.6208475838609315, 47.18989655383006], [5.624325124480514, 47.18778485307673], [5.624516149929192, 47.18553586492406], [5.621420660206968, 47.183149589372064], [5.618325450398556, 47.18076322003564], [5.615230520503956, 47.1783767569148], [5.612135870444428, 47.175990200034846], [5.6090415002199725, 47.1736035493958], [5.605947409751863, 47.17121680502297], [5.602853599040099, 47.16882996691635], [5.601498363533479, 47.16538755708776], [5.601881703232004, 47.1608895755372], [5.602264958959329, 47.15639157673418], [5.602648130715454, 47.15189356067872], [5.601293575752925, 47.14845104963817], [5.598201294071743, 47.14606404361252], [5.593371396915902, 47.14473224700469], [5.586803884285402, 47.144455659814675], [5.581974582956493, 47.143123577396594], [5.578883492929172, 47.14073599975044], [5.577530502546674, 47.13729322243553], [5.577915611808999, 47.13279524545186], [5.576563142553711, 47.12935237945038], [5.573473094780811, 47.126964624431096], [5.57038332605008, 47.12457677585069], [5.567293836361518, 47.122188833709174], [5.5659420452958575, 47.11874586663633], [5.566327952853098, 47.11424787463217], [5.56497668229749, 47.11080481894203], [5.561888233629033, 47.10841669956591], [5.5570627187855015, 47.107083221241055], [5.550500137766897, 47.10680438396748], [5.543937621697227, 47.106525135668775], [5.537375170576492, 47.106245476344945], [5.530812784593174, 47.10596540600885], [5.5242504637472685, 47.105684924660466], [5.517688208227229, 47.1054040323127], [5.511126018033053, 47.10512272896554], [5.504563893353161, 47.104841014631916], [5.498001834187553, 47.10455888931181], [5.493178440306436, 47.103222714550895], [5.49009371170981, 47.10083249034918], [5.488747534744982, 47.09738851185531], [5.489139909411953, 47.092890779069265], [5.487794251435785, 47.08944671239415], [5.484710560816478, 47.08705631182996], [5.481627148502843, 47.084665818025535], [5.478544014494879, 47.08227523098088], [5.4754611587141415, 47.079884550721104], [5.4723785811606325, 47.07749377724618], [5.467558160650567, 47.07615617830609], [5.460999897183946, 47.075871753900834], [5.456180071003537, 47.074533870319655], [5.453098682109339, 47.07214252756255], [5.450017571249086, 47.069751091680246], [5.44693673842278, 47.06735956267275], [5.443856183552009, 47.0649679405651], [5.440775906636773, 47.062576225357276], [5.43943387601063, 47.05913154240509], [5.43983009167358, 47.05463389170852], [5.440226220747373, 47.05013622345494], [5.44062226323201, 47.04563853764436], [5.4392809028395845, 47.0421937544011], [5.4362021395700975, 47.03980187372517], [5.43138608810588, 47.038462601029565], [5.42483274844693, 47.038175936314296], [5.418279475309523, 47.037888861259546], [5.41172626869366, 47.03760137586531], [5.405173128786651, 47.03731348014474], [5.398620055588497, 47.03702517409784], [5.39206704928648, 47.03673645773778], [5.385514109880601, 47.03644733106457], [5.37896123755811, 47.03615779409145], [5.372408432319006, 47.0358678468184], [5.365855694350514, 47.03557748925869], [5.359303023652631, 47.03528672141232], [5.354489480202168, 47.03394415773977], [5.3514150639991245, 47.031549798241066], [5.3516166280939705, 47.02930111175562], [5.355094172486707, 47.02719809828345], [5.35857142934454, 47.02509496365924], [5.36204839866747, 47.022991707883], [5.363988033115991, 47.01969135282718], [5.3643903326901015, 47.01519389849177], [5.366329353524394, 47.011893399328116], [5.369805095618867, 47.0097898553362], [5.3732805504197865, 47.007686190277695], [5.3767557179271535, 47.00558240415259], [5.378693711774594, 47.002281720286156], [5.3790945319621075, 46.99778413867837], [5.377758332485824, 46.99433847836337], [5.374685113345742, 46.991944739341136], [5.371612170982196, 46.989550907538614], [5.368539505395187, 46.98715698295582], [5.367203971350183, 46.98371122267931], [5.3676055688471855, 46.97921362670911], [5.368007078720536, 46.97471601300241], [5.368408500970235, 46.97021838155921], [5.367073631689819, 46.96677252132507], [5.36400247087929, 46.96437843229999], [5.360931586450283, 46.961984250564555], [5.357860978402796, 46.95958997611877], [5.356526773221088, 46.956144015930775], [5.356928970905155, 46.95164637000056], [5.355595279491357, 46.94820032239509], [5.35252569897969, 46.945805873114374], [5.349254820922841, 46.94566014360191], [5.34578264532081, 46.94776313385772], [5.342310183253409, 46.949866003097675], [5.33883743472064, 46.95196875132178], [5.335566623975804, 46.951822612306536], [5.332497751018901, 46.94942758605194], [5.331165450661044, 46.945981288918645], [5.331569722902231, 46.94148372090665], [5.3302379357373555, 46.93803733649813], [5.327170089166417, 46.93564213569305], [5.322366299964255, 46.93429782483789], [5.315826568130868, 46.93400440393263], [5.307251464700551, 46.99231943316008], [5.2966409896733, 47.10924291252021], [5.29287555166659, 47.16890258644556]]]}}, {"type": "Feature", "properties": {"band": "light", "dbz": 30.0, "source": "OPERA-ORD", "time": "20260907002000"}, "geometry": {"type": "Polygon", "coordinates": [[[5.373569121111231, 47.243603412754425], [5.366990056514449, 47.24331298273341], [5.3619543759997, 47.24421916240767], [5.3584620795669835, 47.24632195177719], [5.356513049373487, 47.24962164693983], [5.35610728541921, 47.254118247895576], [5.3574482406628325, 47.257563482725075], [5.360535915104355, 47.25995735142832], [5.365370426682691, 47.26129955778096], [5.371951775397843, 47.26159010178298], [5.376988715628692, 47.26068368292502], [5.38048124737524, 47.258580301207076], [5.3824292531665385, 47.255280252879714], [5.382832733002586, 47.25078353794295], [5.381490518042864, 47.24733854229716], [5.37840260828737, 47.244945265942334], [5.373569121111231, 47.243603412754425]]]}}, {"type": "Feature", "properties": {"band": "echo", "dbz": 35.0, "source": "OPERA-ORD", "time": "20260907002000"}, "geometry": {"type": "Polygon", "coordinates": [[[10.439412425039984, 56.060256049820474], [10.435424830311112, 56.0625155125151], [10.433456133859831, 56.06589064944561], [10.433506335686143, 56.07038146061202], [10.435551264460234, 56.07374253679922], [10.439590920182107, 56.07597387800721], [10.445625284238865, 56.077075098160336], [10.453654356630505, 56.07704619725859], [10.45966267110684, 56.07590162949049], [10.463650227667864, 56.07364139485604], [10.46362372516576, 56.07139599547784], [10.459583163600529, 56.06916543135589], [10.455543067568492, 56.0669347360232], [10.45150343706965, 56.06470390947975], [10.447464271966279, 56.06247295177432], [10.443425572258374, 56.060241862906885], [10.439412425039984, 56.060256049820474]]]}}, {"type": "Feature", "properties": {"band": "echo", "dbz": 35.0, "source": "OPERA-ORD", "time": "20260907002000"}, "geometry": {"type": "Polygon", "coordinates": [[[10.695902669206731, 56.041125560720104], [10.69193198001803, 56.04339319242808], [10.687960827891018, 56.045660697765825], [10.6839892128257, 56.047928076733356], [10.68001713467939, 56.050195329283234], [10.67604459345209, 56.05246245541547], [10.674097345019598, 56.05584135637739], [10.67417538938192, 56.06033203216898], [10.676240633263351, 56.06368913926505], [10.680293076663894, 56.06591267766561], [10.684306013018023, 56.06589075304616], [10.688279442325737, 56.06362336540671], [10.692252408190697, 56.06135585134073], [10.696224910612898, 56.059088210848195], [10.70019694973524, 56.056820443976555], [10.704168525557716, 56.05455255072582], [10.706113455781406, 56.05117327630004], [10.70603174040631, 56.046682620699215], [10.703965165489342, 56.04332590589063], [10.699913731030502, 56.04110313187429], [10.695902669206731, 56.041125560720104]]]}}, {"type": "Feature", "properties": {"band": "echo", "dbz": 35.0, "source": "OPERA-ORD", "time": "20260907002000"}, "geometry": {"type": "Polygon", "coordinates": [[[9.570929854946312, 56.032223182703206], [9.562910048669409, 56.03219534992644], [9.556882209394697, 56.033296985524146], [9.552846337122173, 56.03552808949635], [9.550802413024375, 56.03888904737891], [9.550750437101303, 56.04337985917179], [9.552717325369052, 56.04675512267806], [9.556703077827617, 56.04901483789769], [9.562707713323682, 56.050158619087995], [9.570731231857252, 56.05018646624898], [9.57676094561787, 56.04908445220203], [9.580796854605541, 56.04685257694713], [9.582838940932762, 56.043491226231154], [9.582887204599533, 56.03900040005408], [9.580918441845881, 56.03562551499705], [9.576932652671802, 56.033366571060085], [9.570929854946312, 56.032223182703206]]]}}, {"type": "Feature", "properties": {"band": "echo", "dbz": 35.0, "source": "OPERA-ORD", "time": "20260907002000"}, "geometry": {"type": "Polygon", "coordinates": [[[10.597483514889106, 56.03153046174826], [10.589463964931467, 56.0315686023145], [10.583465996170334, 56.032719700888364], [10.57948960860571, 56.034983757469846], [10.575512758125633, 56.03724768724287], [10.571535444730108, 56.039511490207424], [10.567557668277047, 56.04177516631602], [10.563579428766452, 56.04403871556866], [10.56361238583437, 56.04628408906933], [10.567656539480803, 56.04851128681805], [10.573690261841342, 56.0496063211975], [10.581713552915987, 56.04956919220768], [10.587713838717615, 56.048418469140756], [10.591691119246228, 56.046154151996745], [10.595667936639543, 56.043889708082524], [10.599644290897565, 56.0416251373981], [10.603620182162537, 56.039360439991], [10.607595610434458, 56.03709561586122], [10.607560815894795, 56.034850250713525], [10.603515798543548, 56.03262434454793], [10.597483514889106, 56.03153046174826]]]}}, {"type": "Feature", "properties": {"band": "echo", "dbz": 35.0, "source": "OPERA-ORD", "time": "20260907002000"}, "geometry": {"type": "Polygon", "coordinates": [[[10.596793390686276, 55.98662304990773], [10.588783102647387, 55.986661141294135], [10.580772800050923, 55.98669871796778], [10.572762482896879, 55.98673577992867], [10.566770930979954, 55.9878860756875], [10.562798144300148, 55.99014960524427], [10.55882489593043, 55.99241300806788], [10.554851185870799, 55.99467628415834], [10.550845543661186, 55.994694045354144], [10.546807969301591, 55.99246629165529], [10.542770858439408, 55.990238406642604], [10.538734211074637, 55.98801039031609], [10.53271068753483, 55.986913368977696], [10.524700287819991, 55.98694734262744], [10.518707286782984, 55.988095328820656], [10.514731684423804, 55.99035732755735], [10.51075562027987, 55.992619199361584], [10.506779094351177, 55.994880944233365], [10.502773412639216, 55.99489716106213], [10.498738575143987, 55.99266784984788], [10.494704201083874, 55.99043840751873], [10.490670290458876, 55.9882088340747], [10.484648097597265, 55.98710948999777], [10.476637622499045, 55.98714037528795], [10.468627135634456, 55.98717074584654], [10.460616637003504, 55.98720060167353], [10.454621712107278, 55.98834550746132], [10.450642360945775, 55.99060546320992], [10.448678602669162, 55.99398085390123], [10.448730437277435, 55.99847167953526], [10.448782285994596, 56.002962503756805], [10.44883414882064, 56.007453326565866], [10.450877068852567, 56.0108141665862], [10.454911046090368, 56.01304502381781], [10.460936061348576, 56.01414551296216], [10.468952114627188, 56.01411563401925], [10.474978051376798, 56.0152157326109], [10.479013871597406, 56.01744580873712], [10.48305015598965, 56.019675753722424], [10.487086904553529, 56.021905567566805], [10.493114208247082, 56.023004500636894], [10.501132067070312, 56.022972552932686], [10.509149913288145, 56.02294008997042], [10.517167746900581, 56.02290711175009], [10.525185567507547, 56.022873618274296], [10.533203375109045, 56.022839609543055], [10.541221169305011, 56.02280508555906], [10.549238950095448, 56.022770046322314], [10.555236058379155, 56.02162088385766], [10.559212494156132, 56.01935759816507], [10.55918051761912, 56.01711221586778], [10.55514012876812, 56.01488473696578], [10.551100204056128, 56.01265712663941], [10.547060743483145, 56.01042938488867], [10.547028784350303, 56.00818400118503], [10.551004326657598, 56.0059209755285], [10.555011820301303, 56.00590320516631], [10.559051265281418, 56.008130690098476], [10.563091174284377, 56.010358043588575], [10.567131547310183, 56.01258526563661], [10.571172384495377, 56.01481235619387], [10.575213685839964, 56.01703931526037], [10.579255451480503, 56.019266142787394], [10.583297681416996, 56.02149283877493], [10.5873060731342, 56.021474033464486], [10.59128062663212, 56.01920972685606], [10.595254717750361, 56.016945293562465], [10.599228346488928, 56.01468073358372], [10.603201512989724, 56.012416046967225], [10.607174217252751, 56.01015123371301], [10.609125378129011, 56.00677345953316], [10.609054995618505, 56.00228272442765], [10.608984632254295, 55.997791987885094], [10.608914288036383, 55.993301249905464], [10.606858970622, 55.98994291174037], [10.602818680011147, 55.98771697338981], [10.596793390686276, 55.98662304990773]]]}}, {"type": "Feature", "properties": {"band": "echo", "dbz": 35.0, "source": "OPERA-ORD", "time": "20260907002000"}, "geometry": {"type": "Polygon", "coordinates": [[[12.009178268499326, 55.99094951874209], [12.005289810444198, 55.99325842532662], [12.00346130783068, 55.99665730261796], [12.003692760658772, 56.001146150616094], [12.005869366613704, 56.00448052869357], [12.009991125695478, 56.00666043685039], [12.016057953028108, 56.0076854905506], [12.02406984861159, 56.0075556897942], [12.030019940122655, 56.00633595170014], [12.033908227561296, 56.004026276268405], [12.033791083189428, 56.00178187829344], [12.02966850700705, 55.99960275777525], [12.025546396146117, 55.997423499740876], [12.021424750606627, 55.99524410419032], [12.017303570259385, 55.99306457117373], [12.013182855104388, 55.99088490069113], [12.009178268499326, 55.99094951874209]]]}}, {"type": "Feature", "properties": {"band": "echo", "dbz": 35.0, "source": "OPERA-ORD", "time": "20260907002000"}, "geometry": {"type": "Polygon", "coordinates": [[[10.372328459480324, 55.969531588543816], [10.36432153467247, 55.96955525529268], [10.358326504440202, 55.970695530756906], [10.354343368783518, 55.9729524149365], [10.350359771538823, 55.97520917157696], [10.346375712706116, 55.977465800678296], [10.342391192145087, 55.979722302192926], [10.33840620985573, 55.98197867612085], [10.33643314651049, 55.985352300093645], [10.336472002109364, 55.989843174111286], [10.338504273938327, 55.993205858347736], [10.342529961997382, 55.99544035280299], [10.348549051870224, 55.99654627237872], [10.356561543556849, 55.99652361707495], [10.364574026261339, 55.996500446891986], [10.372586499983694, 55.99647676182983], [10.378584745740593, 55.99533609146274], [10.38256876353204, 55.99307843579071], [10.38655231929302, 55.99082065265478], [10.390535413023535, 55.98856274205498], [10.39451804486424, 55.986304704038865], [10.398500214815135, 55.984046538606435], [10.398477555426997, 55.98180111145196], [10.394450066699827, 55.97956842257543], [10.390423040889697, 55.977335603060965], [10.386396477996609, 55.97510265290857], [10.382370377883612, 55.97286957216662], [10.378344740550705, 55.97063636083513], [10.372328459480324, 55.969531588543816]]]}}, {"type": "Feature", "properties": {"band": "echo", "dbz": 35.0, "source": "OPERA-ORD", "time": "20260907002000"}, "geometry": {"type": "Polygon", "coordinates": [[[10.468194654467586, 55.95124414757683], [10.460191547948108, 55.95127397264295], [10.452188430098431, 55.951303283505396], [10.444185300918555, 55.95133208016418], [10.438195413554594, 55.95247619651237], [10.434218768006547, 55.95473563254998], [10.432255382688181, 55.958110772821925], [10.432305257599497, 55.96260161732819], [10.434344378815227, 55.965962740208106], [10.438372746335371, 55.968194141461666], [10.444390341727157, 55.969295436338136], [10.452397164990588, 55.96926662483754], [10.460403976905146, 55.96923729886826], [10.468410777470835, 55.96920745843031], [10.474402013863019, 55.9680621802688], [10.478377686081696, 55.96580146438374], [10.48033781418707, 55.9624256955182], [10.480282398179138, 55.95793487367219], [10.47824006956321, 55.95457440582284], [10.474210828339288, 55.95234429197013], [10.468194654467586, 55.95124414757683]]]}}, {"type": "Feature", "properties": {"band": "echo", "dbz": 35.0, "source": "OPERA-ORD", "time": "20260907002000"}, "geometry": {"type": "Polygon", "coordinates": [[[10.435078654480668, 55.852561385454024], [10.42709574953515, 55.852589075271204], [10.419112834149232, 55.852616252332474], [10.411129908322913, 55.85264291663783], [10.403146972450108, 55.8526690681852], [10.395164026530816, 55.85269470697455], [10.389187826395553, 55.85383646909506], [10.385218372044317, 55.8560943545467], [10.383255679722312, 55.859468746677116], [10.383299749429542, 55.86395964548632], [10.385329464369592, 55.86732159837936], [10.389344824542464, 55.869554605356264], [10.395345813686227, 55.87065828286473], [10.403332431800882, 55.87063263090477], [10.40933433520514, 55.87173591994885], [10.413351523899001, 55.87396814999694], [10.41736917265944, 55.87620024965808], [10.421387281486457, 55.87843221893225], [10.427390543215568, 55.879534347989676], [10.435378957846778, 55.87950663683037], [10.441357399062406, 55.878362944594], [10.445325866862456, 55.8761032712806], [10.447284379806243, 55.87272800054199], [10.447232937893768, 55.86823713237817], [10.447181509922586, 55.86374626258902], [10.447130095892696, 55.859255391174536], [10.44509581839667, 55.85589435173683], [10.441078677434508, 55.8536631442759], [10.435078654480668, 55.852561385454024]]]}}, {"type": "Feature", "properties": {"band": "echo", "dbz": 35.0, "source": "OPERA-ORD", "time": "20260907002000"}, "geometry": {"type": "Polygon", "coordinates": [[[12.578476956449888, 55.629961448285066], [12.574657213449456, 55.63228794715533], [12.572894099862882, 55.6356950172658], [12.573187615690173, 55.64018265861647], [12.573481210552835, 55.644670297111766], [12.573774884450867, 55.649157932751706], [12.574068637446635, 55.65364556554973], [12.574362469540143, 55.65813319550584], [12.574656380793819, 55.66262082263349], [12.574950371207663, 55.66710844693269], [12.57715637423462, 55.67043277337757], [12.58127438987469, 55.67259380196813], [12.585244882687777, 55.672510903713594], [12.589067852673882, 55.67018407861397], [12.590831437875329, 55.666776875044654], [12.590535638292117, 55.662289293005664], [12.590239918354753, 55.657801708126506], [12.589944278063236, 55.65331412040718], [12.589648717354756, 55.648826529834245], [12.589353236229309, 55.644338936407685], [12.589057834624152, 55.63985134011408], [12.588762512539287, 55.63536374095342], [12.586557845610166, 55.6320395057423], [12.582443833836791, 55.62987863448072], [12.578476956449888, 55.629961448285066]]]}}, {"type": "Feature", "properties": {"band": "echo", "dbz": 35.0, "source": "OPERA-ORD", "time": "20260907002000"}, "geometry": {"type": "Polygon", "coordinates": [[[12.3727372124929, 55.64306833382837], [12.368904116869274, 55.64538849538187], [12.365070573015597, 55.64770853862924], [12.361236580931866, 55.650028463570465], [12.357402140473578, 55.65234827016125], [12.353567251640733, 55.6546679584016], [12.353701921199928, 55.65691204715475], [12.357806149151163, 55.65908053642067], [12.363828212580104, 55.66008879053673], [12.371768111486748, 55.65993680950292], [12.377654991680743, 55.658700603207336], [12.38148885316209, 55.65638017164996], [12.383269794210001, 55.65297589485979], [12.382997814824478, 55.64848777283686], [12.380809808924965, 55.64515984713194], [12.376705776511464, 55.64299211774505], [12.3727372124929, 55.64306833382837]]]}}, {"type": "Feature", "properties": {"band": "echo", "dbz": 35.0, "source": "OPERA-ORD", "time": "20260907002000"}, "geometry": {"type": "Polygon", "coordinates": [[[12.984786178631635, 55.53991181197914], [12.980998917565245, 55.54225075690657], [12.977211212662745, 55.54458958627958], [12.97342306392413, 55.54692830009818], [12.969634471203968, 55.54926689831912], [12.965845434502254, 55.55160538094239], [12.96601443155852, 55.55384865088412], [12.970141462372764, 55.555996708144285], [12.976163383816024, 55.55697513211325], [12.9840801958883, 55.556783922791], [12.989932594708776, 55.5555187091179], [12.993720580277452, 55.55317949109396], [12.99544427530291, 55.5497666469377], [12.99510367978515, 55.54528017664912], [12.99286998881091, 55.541963291007484], [12.98874320238019, 55.539815990012784], [12.984786178631635, 55.53991181197914]]]}}, {"type": "Feature", "properties": {"band": "echo", "dbz": 35.0, "source": "OPERA-ORD", "time": "20260907002000"}, "geometry": {"type": "Polygon", "coordinates": [[[10.90162182502142, 55.311081582704105], [10.893748207498728, 55.31113914980041], [10.887867863479865, 55.31230484143954], [10.883980792964833, 55.31457865762148], [10.880093279703805, 55.31685235048578], [10.876205323696784, 55.319125920032434], [10.872316924809072, 55.3213993662164], [10.868428083040671, 55.32367268903767], [10.866532573868835, 55.327054764338754], [10.866630397293562, 55.33154559211964], [10.868673530600715, 55.334899751452205], [10.87266197379029, 55.33711724233645], [10.876650863090086, 55.339334602728314], [10.880640198500103, 55.3415518326278], [10.884629980147752, 55.343768931987945], [10.888620208033034, 55.34598590080875], [10.892560138423729, 55.34595734450896], [10.896449771319837, 55.34368326308857], [10.900338960794283, 55.3414090583353], [10.904227706847063, 55.33913473024916], [10.908116009613229, 55.33686027887521], [10.912003869092782, 55.33458570421344], [10.913896220205014, 55.3312030245934], [10.913793062949928, 55.326712240015084], [10.91368993323078, 55.322221452870224], [10.91358683104757, 55.31773066315881], [10.911541118412666, 55.31437715101632], [10.907552795326067, 55.31216091644274], [10.90162182502142, 55.311081582704105]]]}}, {"type": "Feature", "properties": {"band": "echo", "dbz": 35.0, "source": "OPERA-ORD", "time": "20260907002000"}, "geometry": {"type": "Polygon", "coordinates": [[[10.822513574572362, 55.29367101043367], [10.814643303125958, 55.29372350204203], [10.80876322472776, 55.29488540675371], [10.804873339377771, 55.2971567245687], [10.800983011589352, 55.299427918800404], [10.797092241362504, 55.30169898944882], [10.793201028563058, 55.303969936468846], [10.789309373191013, 55.306240759860486], [10.78740796456657, 55.30962162398792], [10.787496802689727, 55.31411252885114], [10.787585664534507, 55.31860343116397], [10.787674550100913, 55.32309433092642], [10.787763459407499, 55.327585228152614], [10.787852392454264, 55.332076122842544], [10.789888906672607, 55.33543159559258], [10.793873002062526, 55.337651646402726], [10.797812163652424, 55.33762612865553], [10.801706391442304, 55.33535504235099], [10.805600175848888, 55.33308383235713], [10.80949351687218, 55.33081249867396], [10.813386414646747, 55.328541041346625], [10.81727886917259, 55.32626946037513], [10.819178876478029, 55.322888233000654], [10.81908643656306, 55.3183973592232], [10.820985568926455, 55.315016010299466], [10.824876273568213, 55.31274418622948], [10.828766535466496, 55.310472238632016], [10.832656354621307, 55.30820016750709], [10.834554205946079, 55.3048186966066], [10.834460089440812, 55.300327825930566], [10.832421950965026, 55.296972984101785], [10.828439790518717, 55.29475417112026], [10.822513574572362, 55.29367101043367]]]}}, {"type": "Feature", "properties": {"band": "echo", "dbz": 35.0, "source": "OPERA-ORD", "time": "20260907002000"}, "geometry": {"type": "Polygon", "coordinates": [[[11.02551505863059, 55.229259154637], [11.01765775047379, 55.229324651146925], [11.011793053631202, 55.23049627176227], [11.007920968102821, 55.23277401648303], [11.004048442214955, 55.23505163862973], [11.000175475967605, 55.23732913820238], [10.99630206922652, 55.2396065151563], [10.992428221991702, 55.24188376949148], [10.992484404118377, 55.24412914437435], [10.996470615606546, 55.24634263980489], [11.00045727095539, 55.24855600453874], [11.004444370164912, 55.250769238575934], [11.006494589350877, 55.25412122237412], [11.00660792851329, 55.25861195593329], [11.006721297892005, 55.26310268680172], [11.006834697487022, 55.267593414979395], [11.004953204446892, 55.27097753962819], [11.001076818771612, 55.27325506074811], [10.995205500027554, 55.2744256020827], [10.98733924821472, 55.27448916363197], [10.981467033238765, 55.275659334035154], [10.977588855099688, 55.27793611329227], [10.975704753359222, 55.28131987768285], [10.97581472801737, 55.285810627206885], [10.977864678251002, 55.28916297919491], [10.981854604060116, 55.291376933646916], [10.98778446584311, 55.29245211408583], [10.995654263599985, 55.29238852051166], [11.001528211518279, 55.2912179577222], [11.005406309597994, 55.288940425717485], [11.009283965909557, 55.28666277098298], [11.013161180452965, 55.28438499351868], [11.017095600121044, 55.284352443922245], [11.021087224913796, 55.28656512219367], [11.025079294656475, 55.28877766953644], [11.029071809349084, 55.290990085950554], [11.03306476911781, 55.29320237138904], [11.037058173962656, 55.29541452585191], [11.039113472070314, 55.29876594001135], [11.039230663440787, 55.303256613867376], [11.041286866191022, 55.30660789147245], [11.045282080321023, 55.308819772826595], [11.049277740017423, 55.31103152308053], [11.053273845280223, 55.313243142234235], [11.057270396235744, 55.31545463024066], [11.061267392883984, 55.31766598709981], [11.065204400477455, 55.317631898147276], [11.06908141901616, 55.31535236338307], [11.072957995219028, 55.313072706065896], [11.076834129086063, 55.31079292619576], [11.080709820752679, 55.30851302381745], [11.084585070218877, 55.306232998930966], [11.086461437237986, 55.30284767532105], [11.086338921810002, 55.298357052987704], [11.086216439058452, 55.293866427996676], [11.086093988983336, 55.289375800347955], [11.084035228442104, 55.286025173347134], [11.080040157434759, 55.2838145469942], [11.076045531309793, 55.281603789506015], [11.072051350067206, 55.27939290088258], [11.069993985588987, 55.27604212868907], [11.06987343787514, 55.27155147292551], [11.069752922289286, 55.26706081446685], [11.069632438831427, 55.26257015331311], [11.069511987476496, 55.25807948945021], [11.069391568224487, 55.25358882287815], [11.06733608871551, 55.25023789723727], [11.063345548949563, 55.248026712527576], [11.057419906033784, 55.24695489282425], [11.04955915996818, 55.247022438127274], [11.04363439073283, 55.24595023128029], [11.03964559832774, 55.2437382722833], [11.037592824728229, 55.240386937056584], [11.0374760699343, 55.23589622560014], [11.03542419758025, 55.23254475399945], [11.031437207666077, 55.23033252225451], [11.02551505863059, 55.229259154637]]]}}, {"type": "Feature", "properties": {"band": "echo", "dbz": 35.0, "source": "OPERA-ORD", "time": "20260907002000"}, "geometry": {"type": "Polygon", "coordinates": [[[11.138279216641738, 55.25633747087777], [11.134411853089212, 55.25861919546811], [11.130544048753032, 55.26090079791469], [11.126675803633198, 55.2631822782175], [11.120809641140964, 55.264358824816], [11.112945561276328, 55.264430437710175], [11.10707850189938, 55.26560661450053], [11.103208463010118, 55.26788735518703], [11.103270934931421, 55.270132662433014], [11.10726591766329, 55.27234253623847], [11.111261345068609, 55.27455227881261], [11.11525721714738, 55.27676189015544], [11.119253534025248, 55.278971370219935], [11.123250295702213, 55.281180719006095], [11.129182461429721, 55.28224906447856], [11.137050031207767, 55.28217640663734], [11.142918333869765, 55.28099908355218], [11.14678736941572, 55.2787170952231], [11.150655963744182, 55.27643498476243], [11.154524116855152, 55.274152752170195], [11.158391828883932, 55.27187039749101], [11.162259099830521, 55.26958792072487], [11.162193971127362, 55.2673426409034], [11.158196442774459, 55.265134558026595], [11.154199358899296, 55.26292634375926], [11.150202719501872, 55.260717998101384], [11.14620652445687, 55.25850952109998], [11.14221077376429, 55.25630091275506], [11.138279216641738, 55.25633747087777]]]}}, {"type": "Feature", "properties": {"band": "echo", "dbz": 35.0, "source": "OPERA-ORD", "time": "20260907002000"}, "geometry": {"type": "Polygon", "coordinates": [[[12.898443507204737, 55.22735025018135], [12.894680409178726, 55.2296865599377], [12.890916875276405, 55.232022754651375], [12.887152905497775, 55.2343588343224], [12.881344184358394, 55.23561909802689], [12.87349071185826, 55.23580354576484], [12.865637171419285, 55.23598749038821], [12.857783563041473, 55.23617093189701], [12.851973388827304, 55.23743009733417], [12.848206648776776, 55.2397649866997], [12.846483457557937, 55.243175974584226], [12.846803815170784, 55.24766306098776], [12.849008424489082, 55.2509826797464], [12.853097285512828, 55.25313483086014], [12.859070283458898, 55.2541191395427], [12.866927418327297, 55.25393560579408], [12.874784485147215, 55.25375156867889], [12.882641483918656, 55.25356702819712], [12.888452763052282, 55.25230669854911], [12.892218322548095, 55.24997057973488], [12.895983445706358, 55.247634345834406], [12.899748132527073, 55.2452979968477], [12.903512383151684, 55.24296153281729], [12.907276197580197, 55.24062495374319], [12.908994486836038, 55.2372132100232], [12.908667250919208, 55.23272630165732], [12.906458988775032, 55.22940765943159], [12.902369700403506, 55.22725728334598], [12.898443507204737, 55.22735025018135]]]}}, {"type": "Feature", "properties": {"band": "echo", "dbz": 35.0, "source": "OPERA-ORD", "time": "20260907002000"}, "geometry": {"type": "Polygon", "coordinates": [[[8.747479576124837, 55.200197822492804], [8.739628373161729, 55.20011727654196], [8.733704235549986, 55.20117929169194], [8.729707163289609, 55.20338386794276], [8.725709647991128, 55.20558831252967], [8.72171168965454, 55.20779262545267], [8.717713288155686, 55.209996806664776], [8.713714443494561, 55.21220085616601], [8.70971515554699, 55.214404773909344], [8.70571542431297, 55.21660855989481], [8.699788283440673, 55.217668649189356], [8.691933732930098, 55.21758504179299], [8.686005722700557, 55.21864474225622], [8.682004252752053, 55.22084775057905], [8.678002339256667, 55.22305062698686], [8.673999982214395, 55.22525337147966], [8.668070707982292, 55.226311922310096], [8.660214516560355, 55.22622627947817], [8.654284372885147, 55.227284441133854], [8.650280276956664, 55.22948640727715], [8.650204684488173, 55.23173157725255], [8.654057595479667, 55.234019951060056], [8.65791094617691, 55.23630820364403], [8.661764736579899, 55.238596335004466], [8.66561896682423, 55.240884345097086], [8.669473636909903, 55.24317223392189], [8.673328746972532, 55.24546000143454], [8.677184297012118, 55.247747647635045], [8.681040287164304, 55.250035172479066], [8.684896717429089, 55.252322575966616], [8.690755742571174, 55.253508123474134], [8.698617362590559, 55.25359181500163], [8.706479013390783, 55.25367500253485], [8.714340694971844, 55.25375768607378], [8.722202406961216, 55.25383986561219], [8.730064149358899, 55.25392154115009], [8.737925921792343, 55.254002712681306], [8.745787724261547, 55.25408338020581], [8.753649556393942, 55.25416354371758], [8.76151141818953, 55.25424320321659], [8.769373309275718, 55.254322358696825], [8.777235229652506, 55.25440101015829], [8.785097178947286, 55.25447915759504], [8.792959157160057, 55.254556801007084], [8.800821163918187, 55.25463394038857], [8.80868319922168, 55.25471057573951], [8.81654526269788, 55.254786707054095], [8.824407354346793, 55.254862334332344], [8.832269473795746, 55.254937457568545], [8.840131621044739, 55.25501207676271], [8.847993795721084, 55.25508619190921], [8.855855997824785, 55.25515980300803], [8.861784529995887, 55.25409217308848], [8.865779392234394, 55.25188330215056], [8.867840538734018, 55.2485335661747], [8.867967969494766, 55.24404296516091], [8.868095366319299, 55.239552361390345], [8.86822272920762, 55.235061754863004], [8.86635400422344, 55.231675598911416], [8.862489191366759, 55.22939389353557], [8.856628336361583, 55.22821626305755], [8.84877143920791, 55.22814270747734], [8.840914569415254, 55.22806864822938], [8.833057726983615, 55.22799408531369], [8.827198250052321, 55.22681533484999], [8.823336138621372, 55.224532396838285], [8.819474466930425, 55.22224933697551], [8.815613234979477, 55.21996615526165], [8.811752442633743, 55.217682851741124], [8.807892089893226, 55.21539942641392], [8.804032176623158, 55.21311587932447], [8.80017270282354, 55.210832210472766], [8.794316394806557, 55.209651603112285], [8.786463252572212, 55.20957405724303], [8.778610139139413, 55.209496007981826], [8.770757054508163, 55.20941745532868], [8.764902125805012, 55.208235729333836], [8.76104535302996, 55.20595082999729], [8.757189019383423, 55.20366580911383], [8.753333124865401, 55.20138066668343], [8.747479576124837, 55.200197822492804]]]}}, {"type": "Feature", "properties": {"band": "echo", "dbz": 35.0, "source": "OPERA-ORD", "time": "20260907002000"}, "geometry": {"type": "Polygon", "coordinates": [[[10.930806981590042, 55.21204854927384], [10.922952929462685, 55.21210797118492], [10.915098855588365, 55.21216688960617], [10.907244759967082, 55.212225304537604], [10.899390642970296, 55.212283215974836], [10.891536504598005, 55.21234062391787], [10.885670624551905, 55.21350621131103], [10.881793002832, 55.215779978154316], [10.879903674994694, 55.21916230002699], [10.88000264103999, 55.22365317692904], [10.880101633445008, 55.228144051117376], [10.880200652209746, 55.23263492259198], [10.882239793981306, 55.235988901325484], [10.886219058759687, 55.23820598731788], [10.890198767052938, 55.24042294308661], [10.894178918861057, 55.24263976863165], [10.898159514310324, 55.24485646390633], [10.90214055340074, 55.247073028910656], [10.908061655748106, 55.24815207455933], [10.915922821352428, 55.24809360085237], [10.921792582746791, 55.246926851998346], [10.925670939931196, 55.24465182799727], [10.925619179803693, 55.24240641444899], [10.921637302364278, 55.240190611353526], [10.917655868471709, 55.2379746779079], [10.913674878125981, 55.2357586141121], [10.91362314556632, 55.233513197861306], [10.917500670792727, 55.23123842915551], [10.923368225989195, 55.2300713189082], [10.93122581115572, 55.23001186711939], [10.937092473091473, 55.22884438586046], [10.940968211796454, 55.226568875131434], [10.942853065017818, 55.22318571068751], [10.942747032755566, 55.21869489252869], [10.940704014381762, 55.215341822166536], [10.936724009896402, 55.213126499601046], [10.930806981590042, 55.21204854927384]]]}}, {"type": "Feature", "properties": {"band": "echo", "dbz": 35.0, "source": "OPERA-ORD", "time": "20260907002000"}, "geometry": {"type": "Polygon", "coordinates": [[[13.222976415834598, 54.9843485085362], [13.215173441975923, 54.98455469434274], [13.209410520394197, 54.98583068254178], [13.205687651089427, 54.98817647313332], [13.20196435293996, 54.990522150552195], [13.1982406259458, 54.9928677147984], [13.194516469967544, 54.99521316583045], [13.19079188500519, 54.997558503648335], [13.187066870919306, 54.999903728210526], [13.183341427709893, 55.002248839517016], [13.179615555237485, 55.00459383752628], [13.175889253502081, 55.00693872223832], [13.176066837089433, 55.00918182297853], [13.180148305999543, 55.01132313974692], [13.184230214252706, 55.01346431778053], [13.188312561848923, 55.01560535707937], [13.192395348901353, 55.01774625759525], [13.196478575409992, 55.019887019328166], [13.200383213081452, 55.019784586212126], [13.204109261915729, 55.017438958247155], [13.207834881229747, 55.01509321704724], [13.211560071023502, 55.01274736261239], [13.215284831436698, 55.01040139498415], [13.21900916246933, 55.00805531416253], [13.220691620597298, 55.00463923475394], [13.220332205820604, 55.000153156758365], [13.222013848218019, 54.99673697489345], [13.225736547789541, 54.99439068915919], [13.22945881848484, 54.99204429033528], [13.233180660303915, 54.989697778421714], [13.233000661601075, 54.98745474575693], [13.228918822376315, 54.98531519234093], [13.222976415834598, 54.9843485085362]]]}}, {"type": "Feature", "properties": {"band": "echo", "dbz": 35.0, "source": "OPERA-ORD", "time": "20260907002000"}, "geometry": {"type": "Polygon", "coordinates": [[[12.775377803974955, 54.8425508000631], [12.767600325177357, 54.84272825620225], [12.761843683688053, 54.84398306626108], [12.758107879507047, 54.84631523023961], [12.756393020975073, 54.84972511825799], [12.75669910809213, 54.85421273031622], [12.757005275855926, 54.858700338175964], [12.757311524266461, 54.86318794183721], [12.759486927276113, 54.866509432714814], [12.763531484884883, 54.86866481080879], [12.769445088559605, 54.86965370570525], [12.777227738300278, 54.869476117404204], [12.782987246757603, 54.86822086210137], [12.78672361393158, 54.865887939796714], [12.788436949213363, 54.86247772087969], [12.788127252602957, 54.857990205350276], [12.78781763754421, 54.85350268559846], [12.787508104037123, 54.84901516162423], [12.785331638806126, 54.84569406772622], [12.781288241851213, 54.84353940390442], [12.775377803974955, 54.8425508000631]]]}}, {"type": "Feature", "properties": {"band": "echo", "dbz": 35.0, "source": "OPERA-ORD", "time": "20260907002000"}, "geometry": {"type": "Polygon", "coordinates": [[[6.224439923815034, 54.788582956625255], [6.216677405055088, 54.788341040948794], [6.20891497333721, 54.78809862894676], [6.201152628661401, 54.78785572061917], [6.195225359488914, 54.788794379497546], [6.191133165819747, 54.79091460558189], [6.188875898936685, 54.794216767199075], [6.188453558839727, 54.798700864349094], [6.190078171771667, 54.80212487862012], [6.193749737732504, 54.804488810012145], [6.199468405586393, 54.80579229000895], [6.207234175333335, 54.80603531861054], [6.212953737765297, 54.80733845497774], [6.216627092882278, 54.80970169911055], [6.220300870709411, 54.812064832780706], [6.223975071246697, 54.814427855988214], [6.22785851522422, 54.814548640380735], [6.231951202641981, 54.81242718595827], [6.2342062571749235, 54.80912432529867], [6.2346236788230485, 54.80464005840193], [6.2350409907885584, 54.80015578635613], [6.235458193071455, 54.79567150916125], [6.233830391458429, 54.79224800653874], [6.230157585949481, 54.78988527848857], [6.224439923815034, 54.788582956625255]]]}}, {"type": "Feature", "properties": {"band": "echo", "dbz": 35.0, "source": "OPERA-ORD", "time": "20260907002000"}, "geometry": {"type": "Polygon", "coordinates": [[[6.183082806979391, 54.7524335986641], [6.178993709144043, 54.7545534401671], [6.176737579047508, 54.7578554002249], [6.176314416689784, 54.76233947883746], [6.175891143201865, 54.7668235521854], [6.17546775858375, 54.771307620268715], [6.177090260270223, 54.774731815577866], [6.1807586482612855, 54.77709613811288], [6.186473071672053, 54.77840021968598], [6.1942335305025225, 54.77864406029718], [6.2001589400563315, 54.777705709482646], [6.20424930033348, 54.77558516724237], [6.206504463064276, 54.772282801797424], [6.206924428248719, 54.76779861314782], [6.20530006822631, 54.764374725665405], [6.201631382997048, 54.76201113935018], [6.197963119183284, 54.75964744276996], [6.1942952767850175, 54.757283635924765], [6.19062785566368, 54.754919718854765], [6.18696085581927, 54.75255569155998], [6.183082806979391, 54.7524335986641]]]}}, {"type": "Feature", "properties": {"band": "echo", "dbz": 35.0, "source": "OPERA-ORD", "time": "20260907002000"}, "geometry": {"type": "Polygon", "coordinates": [[[6.431039894125771, 54.740878169941325], [6.423285441596822, 54.74064950145758], [6.415531071127256, 54.740420337156195], [6.407776782717073, 54.740190677037155], [6.400022576718028, 54.739960521117176], [6.39226845313012, 54.73972986939624], [6.38451441230505, 54.73949872189117], [6.376760454242815, 54.73926707860192], [6.370844500014271, 54.74021436397986], [6.366766549619415, 54.742340578024994], [6.364526461607056, 54.74564608873298], [6.364124235977195, 54.75013089610383], [6.365761839808593, 54.75355262517884], [6.369439273101253, 54.755911275958], [6.37311712822123, 54.75826981581761], [6.376795405168525, 54.7606282447577], [6.37843407471275, 54.76404988145288], [6.378033136853905, 54.76853472590316], [6.37579220529169, 54.77184032719297], [6.371711280026104, 54.77396668532229], [6.367629921387397, 54.77609290375337], [6.363548129375567, 54.7782189824862], [6.363347074482989, 54.780461382771406], [6.367026756709662, 54.78282010460899], [6.372747851869714, 54.78411543044949], [6.380510359963145, 54.78434736029293], [6.388272951149148, 54.78457879374269], [6.396035625427722, 54.784809730798756], [6.401957132764535, 54.783861512178426], [6.406037473159583, 54.781734137881685], [6.408276506137694, 54.778427976452356], [6.408674231698866, 54.773943027890446], [6.410912351140321, 54.77063671018707], [6.414990864462061, 54.76850902334223], [6.420909911647853, 54.76755959898478], [6.428669492697698, 54.767788437114724], [6.434587720032616, 54.76683861106185], [6.438664593652609, 54.76471012082616], [6.44089997450013, 54.76140333479729], [6.44129386257518, 54.756918252975254], [6.4416876472677735, 54.75243316613156], [6.442081328577908, 54.747948074266205], [6.440437907022293, 54.74452727229595], [6.436757382600929, 54.74217076022078], [6.431039894125771, 54.740878169941325]]]}}, {"type": "Feature", "properties": {"band": "echo", "dbz": 35.0, "source": "OPERA-ORD", "time": "20260907002000"}, "geometry": {"type": "Polygon", "coordinates": [[[8.698682265935878, 54.76844688932577], [8.690914890952456, 54.768363323702346], [8.685052801095733, 54.76942313271548], [8.681095996365704, 54.77162631636518], [8.679044425306106, 54.7749732449176], [8.678898087916934, 54.77946391837275], [8.678751712024683, 54.78395458828644], [8.678605297629346, 54.788445254658676], [8.678458844701291, 54.792935917503456], [8.678312353240516, 54.79742657682076], [8.680146023792798, 54.80081566875948], [8.68395985635814, 54.80310319331964], [8.6878465404544, 54.803145261210744], [8.691806076081576, 54.800941872432816], [8.695765179066727, 54.79873835317686], [8.69972384940985, 54.79653470344286], [8.703610563601018, 54.796576273659625], [8.707425321640232, 54.798863063827135], [8.711240508349977, 54.80114973381984], [8.715056123730253, 54.80343628363774], [8.72085112080195, 54.804620387300446], [8.72862549956507, 54.80470204480799], [8.734491209111104, 54.803640417285244], [8.738448249440058, 54.801435504732225], [8.740496571038802, 54.798087677841316], [8.740636173907335, 54.7935969366125], [8.740775740053804, 54.789106191878446], [8.740915269478208, 54.78461544363913], [8.739077588450312, 54.78122716845105], [8.73526269697012, 54.778941366314214], [8.729470644462971, 54.77775766683095], [8.721701430928869, 54.77767607000126], [8.71591025132217, 54.776492006705936], [8.71209710564287, 54.77420547694497], [8.708284387959313, 54.77191882708274], [8.704472098271497, 54.76963205711924], [8.698682265935878, 54.76844688932577]]]}}, {"type": "Feature", "properties": {"band": "echo", "dbz": 35.0, "source": "OPERA-ORD", "time": "20260907002000"}, "geometry": {"type": "Polygon", "coordinates": [[[8.886772256621791, 54.780425854936794], [8.882825374736674, 54.78263561656955], [8.87887806081688, 54.78484524852196], [8.874930314862407, 54.78705475079404], [8.870982136752776, 54.789264123340196], [8.867033526487983, 54.7914733661604], [8.866971061829235, 54.793718818987756], [8.870794742776528, 54.79600048182223], [8.874618852648496, 54.7982820238459], [8.878443391445138, 54.80056344505877], [8.882268359296248, 54.80284474541752], [8.886093756201825, 54.80512592492214], [8.889980803624466, 54.80516152259274], [8.89392950156417, 54.802951538429326], [8.89596503964821, 54.79960108197073], [8.896087417876586, 54.795110153216946], [8.896209763911164, 54.79061922100876], [8.896332077751945, 54.78612828534617], [8.894481350395338, 54.78274235666627], [8.890657581841346, 54.78046143496904], [8.886772256621791, 54.780425854936794]]]}}, {"type": "Feature", "properties": {"band": "echo", "dbz": 35.0, "source": "OPERA-ORD", "time": "20260907002000"}, "geometry": {"type": "Polygon", "coordinates": [[[8.636544119218552, 54.767764441746024], [8.6287769900304, 54.7676768982748], [8.622913365588728, 54.76873370247992], [8.61895324589354, 54.77093485436138], [8.6168965770628, 54.774280724149094], [8.616743359096514, 54.77877131184305], [8.61659010081828, 54.78326189597229], [8.616436802228101, 54.78775247653681], [8.618264874004092, 54.79114249935942], [8.622074316146252, 54.7934319644401], [8.627865182632048, 54.79462050125455], [8.635637473461479, 54.794708109802734], [8.641504182291568, 54.793650974955455], [8.645465309122313, 54.79144909671271], [8.649426003503972, 54.78924708783767], [8.653386265436549, 54.78704494833035], [8.657346095039554, 54.784842678236544], [8.661305492312987, 54.78264027755626], [8.661379970749145, 54.78039495845493], [8.657569530348027, 54.77810672093255], [8.653759517929503, 54.775818363512485], [8.64994993349357, 54.77352988619472], [8.646140776909862, 54.7712412890223], [8.642332048178373, 54.76895257199519], [8.636544119218552, 54.767764441746024]]]}}, {"type": "Feature", "properties": {"band": "echo", "dbz": 35.0, "source": "OPERA-ORD", "time": "20260907002000"}, "geometry": {"type": "Polygon", "coordinates": [[[9.025584285490678, 54.74456102291765], [9.01782096414282, 54.74449839051282], [9.011970985255264, 54.7455740011141], [9.008034348828009, 54.747787854721494], [9.006011016239, 54.7511403214557], [9.005900987488236, 54.755631401316705], [9.00776013616144, 54.759015562222295], [9.01158846225861, 54.76129280417247], [9.017386004439931, 54.76246275685502], [9.025152762705405, 54.76252542026997], [9.031004498265034, 54.76144945495301], [9.034941211118824, 54.75923486090414], [9.036962863462449, 54.755882008444146], [9.037069455295914, 54.751390897573046], [9.035208549950637, 54.74800709138313], [9.031380147426619, 54.74573058987443], [9.025584285490678, 54.74456102291765]]]}}, {"type": "Feature", "properties": {"band": "echo", "dbz": 35.0, "source": "OPERA-ORD", "time": "20260907002000"}, "geometry": {"type": "Polygon", "coordinates": [[[6.73699899226036, 54.63373406444169], [6.73295119186242, 54.63587271296463], [6.728902961640774, 54.63801122371969], [6.724854301595423, 54.64014959670687], [6.720805211617132, 54.642287831879045], [6.716755691705902, 54.644425929236206], [6.712705741752496, 54.64656388873118], [6.708655361756914, 54.64870171036395], [6.70478656156576, 54.648596354990296], [6.701099341179032, 54.64624782261021], [6.697412540790962, 54.64389917832486], [6.693726160401551, 54.641550422134245], [6.688014707886287, 54.64026995968875], [6.68027818324517, 54.640057790988365], [6.674383999022188, 54.641019974252174], [6.670332155217345, 54.643156509480185], [6.666279881389934, 54.64529290666506], [6.662227177539955, 54.64742916580683], [6.6581740435584065, 54.64956528685824], [6.654120479445289, 54.651701269819306], [6.651909040252997, 54.65501221679332], [6.6515397259815305, 54.65949812778027], [6.65319804428209, 54.66291607366188], [6.656883995154674, 54.66526605443816], [6.660570366438184, 54.66761592341158], [6.664257158132621, 54.66996568058213], [6.664072781435053, 54.67220864181897], [6.66001723634548, 54.674344807122104], [6.654117951151927, 54.67530571059726], [6.646374925854394, 54.67509135224443], [6.6386319771974165, 54.674876498821064], [6.630889105180998, 54.67466115032716], [6.623146310155416, 54.674445306778324], [6.615403592120673, 54.67422896817455], [6.607660951426999, 54.67401213453152], [6.599918388074391, 54.67379480584924], [6.594017354413549, 54.67475304251028], [6.589957850444471, 54.676886844514655], [6.587739743923101, 54.680196579380784], [6.587363034849439, 54.68468224710866], [6.589016929361801, 54.68810104073821], [6.592701427460186, 54.69045296026943], [6.598416661518955, 54.69173763799524], [6.606162631538105, 54.69195507391562], [6.61206550042067, 54.69099652324608], [6.61612526816665, 54.68886198598661], [6.62018460478528, 54.68672731033172], [6.62424351027656, 54.684592496281404], [6.628116185304586, 54.68470045799336], [6.631802629869357, 54.68705119546757], [6.633459955284031, 54.69046947336752], [6.633088161548607, 54.69495529169321], [6.634746285336382, 54.698373468641904], [6.6384343266473556, 54.70072400421361], [6.644152416168762, 54.702006530532515], [6.651900553900599, 54.70222104759863], [6.657619529374675, 54.70350322758057], [6.6613093425909895, 54.70585307047833], [6.664999577229886, 54.70820280145259], [6.668690233291362, 54.71055242050336], [6.672564843204609, 54.7106589490019], [6.676623406969627, 54.70852238694822], [6.680681539127834, 54.70638568667244], [6.684739239679229, 54.704248848174565], [6.690642387183634, 54.70328620106012], [6.698390981641049, 54.70349774532913], [6.706139651516835, 54.70370879410113], [6.713888396810993, 54.70391934737613], [6.719790410697842, 54.70295554510567], [6.723845693177379, 54.700817387289746], [6.726054116793626, 54.69750524192192], [6.7264156815465785, 54.69301910900218], [6.728623200181955, 54.689706810291426], [6.73267667269976, 54.68756834578964], [6.738576226079386, 54.68660334767702], [6.746321860320835, 54.68681181595356], [6.752220593738472, 54.68584641944248], [6.756272426332296, 54.68370715814375], [6.760323827964864, 54.68156775902788], [6.764374798636177, 54.67942822209486], [6.770272397128901, 54.67846167168711], [6.778016623443037, 54.67866810780463], [6.785760923242941, 54.67887404871434], [6.793505296528613, 54.679079494416236], [6.799401759223877, 54.678111790485325], [6.8034503113287315, 54.67597093692161], [6.80565082866511, 54.6726573015238], [6.8060033112330105, 54.668170884291904], [6.804332369306406, 54.664754919071136], [6.800638002885295, 54.66240940586149], [6.796944057133533, 54.66006378032], [6.79325053205112, 54.65771804244667], [6.789557427502531, 54.65537219228213], [6.785864743487767, 54.65302622982639], [6.7801488419728155, 54.6517501068546], [6.7724097229576765, 54.651543823366765], [6.766516095375692, 54.65251049568942], [6.762467959226864, 54.65465012382256], [6.758419392792591, 54.65678961424055], [6.754370396072874, 54.6589289669434], [6.75050052190091, 54.65882507016073], [6.746809770276699, 54.65647792389253], [6.746988850864327, 54.65423479690209], [6.7510377636637955, 54.652095689189395], [6.755086246293278, 54.64995644374835], [6.759134298752772, 54.64781706057896], [6.759313285575919, 54.64557392868808], [6.755623206762717, 54.6432270480757], [6.751933548024333, 54.640880055354835], [6.748244309360766, 54.63853295052548], [6.74455549063657, 54.63618573362815], [6.740867091851744, 54.63383840466287], [6.73699899226036, 54.63373406444169]]]}}, {"type": "Feature", "properties": {"band": "echo", "dbz": 35.0, "source": "OPERA-ORD", "time": "20260907002000"}, "geometry": {"type": "Polygon", "coordinates": [[[8.607633794769903, 54.704542833101655], [8.599878804297301, 54.70445345565533], [8.594023568165957, 54.70550888637221], [8.590068086375869, 54.70770912525228], [8.588012304132562, 54.711054541788926], [8.587856221436034, 54.71554513598214], [8.58579955973052, 54.71889041447216], [8.581842319016017, 54.721090377258996], [8.577884647505268, 54.72329020936415], [8.573926545198274, 54.72548991078765], [8.569968011976492, 54.727689481483765], [8.566009047839923, 54.7298889214525], [8.562049652670009, 54.73208823064811], [8.558089826466748, 54.73428740907061], [8.5580103956899, 54.73653268009143], [8.561811360339462, 54.738824043710565], [8.565612751855884, 54.74111528789858], [8.569414570239164, 54.74340641265546], [8.573216815619634, 54.7456974179384], [8.57701948799729, 54.74798830374739], [8.580900793020193, 54.74803378755721], [8.584860730688344, 54.74583386936787], [8.586918863950466, 54.742488624158234], [8.587075192806555, 54.737998051928294], [8.589132445204818, 54.734652668593284], [8.593090621145247, 54.73245247415321], [8.598949775550725, 54.731397098807385], [8.606709908421251, 54.731486542555785], [8.612568218974062, 54.73043078270322], [8.616524707209162, 54.72822981924969], [8.618579319087925, 54.72488402199415], [8.618732054610353, 54.72039339093661], [8.618884750037116, 54.71590275621652], [8.619037405368216, 54.71141211783389], [8.617213122276876, 54.70802197943813], [8.613411900763094, 54.705732341029254], [8.607633794769903, 54.704542833101655]]]}}, {"type": "Feature", "properties": {"band": "echo", "dbz": 35.0, "source": "OPERA-ORD", "time": "20260907002000"}, "geometry": {"type": "Polygon", "coordinates": [[[10.112563676627245, 54.739440364893454], [10.104800675538065, 54.739447322991325], [10.09703767213218, 54.73945378408314], [10.089274666409585, 54.73945974816891], [10.083454558865075, 54.740586933022946], [10.07957734949865, 54.74283533864525], [10.077643041518765, 54.74620533526374], [10.077651634925427, 54.750696922878404], [10.079599692353723, 54.75406430703956], [10.083487213803654, 54.75630748774721], [10.089314196063476, 54.75742609458181], [10.097080639133194, 54.75742012754337], [10.10290246171309, 54.75629257088967], [10.106779663803165, 54.754043424620725], [10.11065643627925, 54.75179415364536], [10.114532779141344, 54.749544757963584], [10.118408692514755, 54.747295237619646], [10.122284176399482, 54.74504559261355], [10.122277733049343, 54.74279979904401], [10.118389362464336, 54.74055785691101], [10.112563676627245, 54.739440364893454]]]}}, {"type": "Feature", "properties": {"band": "echo", "dbz": 35.0, "source": "OPERA-ORD", "time": "20260907002000"}, "geometry": {"type": "Polygon", "coordinates": [[[8.809274218321477, 54.706692419469164], [8.801518456514483, 54.70661594806952], [8.795668208300205, 54.707681125689085], [8.791723473678637, 54.70988795232785], [8.78777830875781, 54.71209464915597], [8.783832713537718, 54.71430121617346], [8.779886687899015, 54.716507653334844], [8.775940231841702, 54.71871396064011], [8.771993345246415, 54.72092013804378], [8.768046028113151, 54.723126185545865], [8.764098280322544, 54.72533210310081], [8.76015010187459, 54.72753789070862], [8.758107325649524, 54.73088618985118], [8.757969951647349, 54.73537700052849], [8.759807524850125, 54.73876492720655], [8.763620045257856, 54.741049969885395], [8.76940756115275, 54.742231758578036], [8.77717007253481, 54.742310293284454], [8.783025465281343, 54.74124629693698], [8.786973739392351, 54.739039769535616], [8.790921582525147, 54.73683311223431], [8.794868994679735, 54.73462632503308], [8.798815975975717, 54.73241940797743], [8.802762526413096, 54.73021236106738], [8.80670864611147, 54.72800518434845], [8.810654335070842, 54.72579787782063], [8.814534372790277, 54.72583588879055], [8.818348759269774, 54.72811921725819], [8.822163572868568, 54.73040242531644], [8.825978813586659, 54.73268551296528], [8.831766941110844, 54.733864327260676], [8.839527955441126, 54.733938868202614], [8.845380491344013, 54.732871856102065], [8.849324548819503, 54.73066329095902], [8.851360082894484, 54.72731354270043], [8.851487093568958, 54.7228226113263], [8.84964293316968, 54.719435971641104], [8.845827601696648, 54.71715362364483], [8.840041144078432, 54.71597519760167], [8.83228356031503, 54.71590069351162], [8.826497971446468, 54.714721903359454], [8.82268437747275, 54.71243882714517], [8.818871210170663, 54.71015563057077], [8.815058469540201, 54.707872313636244], [8.809274218321477, 54.706692419469164]]]}}, {"type": "Feature", "properties": {"band": "echo", "dbz": 35.0, "source": "OPERA-ORD", "time": "20260907002000"}, "geometry": {"type": "Polygon", "coordinates": [[[8.815290994814982, 54.50010731750503], [8.807574404753247, 54.50003127803194], [8.801753935427657, 54.50109682412023], [8.797829586838215, 54.50330395576991], [8.793904813103214, 54.50551095828807], [8.789979614222652, 54.50771783167472], [8.784157927551595, 54.50878225182103], [8.776439753090038, 54.508704218727004], [8.770617231517507, 54.509768258010936], [8.766690362833998, 54.51197436967282], [8.76465909969725, 54.515322921061724], [8.764523442107258, 54.51981391217764], [8.762491312116364, 54.523162327453775], [8.758562709724568, 54.52536816689013], [8.754633681600476, 54.52757387697034], [8.750704227744086, 54.52977945769439], [8.748670752960539, 54.53312772601142], [8.748533257249836, 54.53761868192143], [8.74839572559696, 54.542109633933904], [8.748258158001914, 54.54660058204883], [8.748120554437229, 54.55109152628022], [8.747982914902906, 54.55558246662805], [8.747845239371445, 54.56007340310637], [8.74770752784285, 54.56456433571517], [8.749536719166837, 54.56795250834306], [8.753332813343402, 54.57023792099006], [8.757197372461786, 54.57027774168457], [8.761130396521983, 54.5680719704266], [8.763164914842484, 54.564723608701044], [8.763300927423288, 54.560232656507885], [8.765334576600052, 54.556884158544236], [8.769265862372777, 54.5546781148101], [8.775094832267818, 54.55361415744899], [8.782821486285172, 54.55369228646091], [8.788583346502861, 54.55487344694451], [8.792380412920885, 54.55715763889981], [8.79617790216467, 54.55944171103317], [8.799975814234218, 54.56172566334462], [8.803774149257023, 54.56400949579155], [8.807572907233087, 54.56629320837396], [8.8075070074924, 54.56853870649893], [8.803576450034967, 54.57074599016646], [8.797746117720619, 54.571811042859395], [8.79001601054936, 54.57173386457774], [8.782285930940642, 54.57165619171114], [8.774555878894462, 54.57157802425961], [8.768724324920624, 54.57264194884613], [8.764791269019126, 54.574847965470724], [8.760857786164898, 54.57705385260728], [8.75692387635794, 54.579259610255825], [8.75109110147934, 54.58032240634052], [8.743359461529096, 54.58024224086138], [8.737525848629007, 54.58130465510464], [8.733590262779074, 54.5835096490703], [8.73155265514843, 54.586857590903264], [8.731413025737076, 54.59134848060352], [8.731273359773189, 54.59583936648494], [8.731133657256771, 54.60033024854752], [8.732963042426611, 54.603718650489746], [8.736761515282709, 54.60600457231161], [8.740560412059871, 54.608290374391274], [8.744359732758099, 54.61057605672874], [8.748159477505618, 54.61286161928131], [8.751959646302433, 54.615147062049004], [8.757728984017708, 54.616329410487026], [8.76546749065144, 54.616408664595355], [8.773206025309289, 54.61648742351564], [8.780944587991254, 54.61656568724789], [8.788683178345313, 54.61664345578642], [8.796421796371469, 54.61672072913124], [8.802192934050204, 54.61790123894363], [8.805996591381518, 54.62018498522359], [8.805930484345009, 54.62243046057713], [8.801994612940671, 54.62463766500426], [8.798058313383105, 54.62684473993288], [8.794121585672313, 54.629051685363], [8.790184429689752, 54.63125850124939], [8.786246845435418, 54.633465187592044], [8.782308832790761, 54.63567174434572], [8.778370391755779, 54.63787817151042], [8.77633369724694, 54.64122683675955], [8.776198749264251, 54.6457177400931], [8.774161181692822, 54.64906626900188], [8.770220994532654, 54.6512724234859], [8.766280378520173, 54.65347844826072], [8.762339333655381, 54.65568434332636], [8.762271379493844, 54.65792978457257], [8.766076516035564, 54.66021477199934], [8.771852632116303, 54.66139644584938], [8.779599727736056, 54.66147480612267], [8.785376710342717, 54.66265611686442], [8.789183579936282, 54.66494037807464], [8.79299087501645, 54.66722451917018], [8.796798595583217, 54.66950854015105], [8.800606741765257, 54.67179244097436], [8.804415313562572, 54.67407622164009], [8.808224311103851, 54.67635988210537], [8.812033734389097, 54.678643422370186], [8.817813785978256, 54.679822903820956], [8.82556446587133, 54.67989832645767], [8.831409578771973, 54.6788319696514], [8.835349124680187, 54.676623833402154], [8.83928824123047, 54.674415567644274], [8.843226928422823, 54.67220717237777], [8.84710188073657, 54.67224413503316], [8.850913098171713, 54.67452645561045], [8.852755368030333, 54.67791309963285], [8.852628690312429, 54.68240406710037], [8.854471797221292, 54.685790593436735], [8.858284688756921, 54.68807267864196], [8.862160522719662, 54.68810915428952], [8.86609929910952, 54.68590002037945], [8.870037645942393, 54.68369075705338], [8.873975563218284, 54.68148136431131], [8.877851423070517, 54.681517343818875], [8.881665225499097, 54.68379869557605], [8.883510466380203, 54.6871848694472], [8.88338714571384, 54.69167586543233], [8.883263792675557, 54.69616685780376], [8.883140407265358, 54.700657846561505], [8.883016989458385, 54.705148831719605], [8.88289353925464, 54.70963981327807], [8.884740377795861, 54.713025867202774], [8.888557505082044, 54.71530699349373], [8.894344964453545, 54.71648282240866], [8.902102755910363, 54.716553353947546], [8.907951126473552, 54.71548331362355], [8.91189007614311, 54.71327270143667], [8.915828595619049, 54.71106195992881], [8.91976668490137, 54.70885108909999], [8.92364518951115, 54.708885605728575], [8.927464109448389, 54.71116550981459], [8.931283456294775, 54.71344529311051], [8.935103230050311, 54.715724955616324], [8.938923430843648, 54.71800449728888], [8.942744058674785, 54.72028391812818], [8.9465651136724, 54.722563218091054], [8.950386595836491, 54.72484239717748], [8.954266006495835, 54.72487592903272], [8.958203345650428, 54.72266381365677], [8.960229486232214, 54.719312226108784], [8.960344428241186, 54.714821166388745], [8.962369694790052, 54.71146944379775], [8.966305285878812, 54.70925705833578], [8.97024044693601, 54.70704454378181], [8.974175177961651, 54.70483190013586], [8.978109479075814, 54.70261912744317], [8.982043350278502, 54.70040622570376], [8.985976791689787, 54.698193194962876], [8.98990980330967, 54.69598003522052], [8.991931977631339, 54.69262789857821], [8.992043314654795, 54.68813678503594], [8.99215462247299, 54.68364566789773], [8.992265901085922, 54.679154547163584], [8.992377150515988, 54.67466342281942], [8.992488370763189, 54.67017229486524], [8.994508730183984, 54.66682000475427], [8.998438228778376, 54.66460655248653], [9.002367298497354, 54.662392971395434], [9.00629593934092, 54.66017926148098], [9.010224151428844, 54.657965422788266], [9.014151934761127, 54.655751455317315], [9.018079289457532, 54.65353735911321], [9.022006215518054, 54.651323134175954], [9.025932713062446, 54.64910878055063], [9.02985878209071, 54.646894298237235], [9.03378442272258, 54.64467968728082], [9.037709634958057, 54.64246494768138], [9.039725174552366, 54.63911197604614], [9.039831041505508, 54.63462077237507], [9.037975155748098, 54.63123694610679], [9.034157517280137, 54.628960497241295], [9.03034030381535, 54.62668392742392], [9.026523515353738, 54.62440723665466], [9.024668851663488, 54.62102328971372], [9.024776312744605, 54.61653208660109], [9.022922485994151, 54.61314802076214], [9.019107371412128, 54.61087109219689], [9.013331006924986, 54.609700932318084], [9.00559339253273, 54.60963754112572], [8.999762483376738, 54.61071260640847], [8.995838279457015, 54.61292612816633], [8.991913647889724, 54.61513952123066], [8.987988588674867, 54.61735278560148], [8.984063101693184, 54.6195659212338], [8.980137186944678, 54.62177892812758], [8.976210844310074, 54.62399180623784], [8.972284073789375, 54.62620455556454], [8.968414045582698, 54.62617160994476], [8.964600759690043, 54.62389296937849], [8.962751257121162, 54.620508079274295], [8.96286553787606, 54.61601693963218], [8.961016871187459, 54.61263193110969], [8.95720525705536, 54.61035305370683], [8.95339406731904, 54.60807405570715], [8.949583301978505, 54.60579493711066], [8.947735851391668, 54.602409808772755], [8.947851715558533, 54.59791867069343], [8.947967549406702, 54.59342752886434], [8.94808335293617, 54.58893638328547], [8.950103277369061, 54.585584786483814], [8.954027322705373, 54.583372738459374], [8.957950941141826, 54.5811605616913], [8.96187413267842, 54.57894825617959], [8.963892719457705, 54.57559651487605], [8.964006701479686, 54.57110533778068], [8.962159937929695, 54.567720321623774], [8.958352428807732, 54.565441466405325], [8.954545342974049, 54.56316249071358], [8.950738680428646, 54.560883394548526], [8.946932441044586, 54.55860417795293], [8.943126624821868, 54.55632484092679], [8.937360130269264, 54.555151051568316], [8.929632957386769, 54.55508280987752], [8.923867322582712, 54.55390865716072], [8.92006322585709, 54.55162859341792], [8.916259552005954, 54.54934840939087], [8.912456301029298, 54.54706810507956], [8.908653472800198, 54.54478768052671], [8.90485106731865, 54.54250713573229], [8.901049084457743, 54.54022647073897], [8.897247524217475, 54.53794568554676], [8.893446386470961, 54.53566478019829], [8.8896456712182, 54.533383754693574], [8.887806395451292, 54.52999767650044], [8.88792855917024, 54.52550654561891], [8.886090113641863, 54.52212034975775], [8.882291058866162, 54.51983908891695], [8.876531437821464, 54.518662395589274], [8.868811250507767, 54.51859026977471], [8.861091088880787, 54.51851765007656], [8.85337095294053, 54.51844453649484], [8.845650843036044, 54.518370929034795], [8.83793075916733, 54.51829682769643], [8.832172921702133, 54.51711829929693], [8.828377330640452, 54.51483534383629], [8.826543941003624, 54.51144832878272], [8.826672752791655, 54.50695725413623], [8.824840191475715, 54.503570121920134], [8.821046257055805, 54.50128693213442], [8.815290994814982, 54.50010731750503]]]}}, {"type": "Feature", "properties": {"band": "echo", "dbz": 35.0, "source": "OPERA-ORD", "time": "20260907002000"}, "geometry": {"type": "Polygon", "coordinates": [[[11.491201737316503, 54.64945617060253], [11.483457401946048, 54.649551362875634], [11.477689727936623, 54.650745209625306], [11.47389871528823, 54.65303771085154], [11.473980333225883, 54.65528298084791], [11.477934581749578, 54.6574810196144], [11.48188925953093, 54.65967892766645], [11.485844366569939, 54.661876705004055], [11.489799902984254, 54.66407435158163], [11.49375586877388, 54.666271867399175], [11.497629300248589, 54.66622400577131], [11.50142019740838, 54.663930766698044], [11.503232725672484, 54.66053889672601], [11.503066885040898, 54.656048395855215], [11.50100644979426, 54.65270450268136], [11.497051419932575, 54.650507217204435], [11.491201737316503, 54.64945617060253]]]}}, {"type": "Feature", "properties": {"band": "echo", "dbz": 35.0, "source": "OPERA-ORD", "time": "20260907002000"}, "geometry": {"type": "Polygon", "coordinates": [[[6.846237285511943, 54.59954361994371], [6.838507777643306, 54.59934159408441], [6.832623333935763, 54.600311525103415], [6.828583954389316, 54.602453413000745], [6.826389516562361, 54.605767624717075], [6.826040020454898, 54.61025416025241], [6.825690432893777, 54.6147406908898], [6.825340753878997, 54.619227216629255], [6.827012083439855, 54.62264283832113], [6.830704421576349, 54.62498755596541], [6.8364178909457465, 54.626261002332576], [6.844152491548045, 54.626463177422615], [6.850040073653058, 54.625492968798305], [6.854080637260784, 54.62335037645965], [6.85627406055222, 54.620035767663616], [6.856620343527364, 54.61554914241021], [6.856966535933128, 54.61106251228568], [6.857312637769511, 54.606575877290034], [6.855639776377343, 54.6031605780625], [6.851947951756622, 54.60081661460307], [6.846237285511943, 54.59954361994371]]]}}, {"type": "Feature", "properties": {"band": "echo", "dbz": 35.0, "source": "OPERA-ORD", "time": "20260907002000"}, "geometry": {"type": "Polygon", "coordinates": [[[8.105499402585524, 54.49104578220046], [8.097786020833533, 54.49092434330085], [8.090072682127213, 54.49080241110906], [8.082359386466566, 54.4906799856251], [8.07464613419895, 54.49055706685776], [8.066932925324368, 54.49043365480703], [8.059219760190155, 54.49030974948177], [8.05150663879631, 54.49018535088197], [8.045668052775705, 54.49121432350654], [8.041704002128338, 54.493396667355476], [8.037739525887707, 54.49557887911633], [8.033774624053812, 54.497760958789115], [8.029809296512708, 54.49994290632823], [8.025843543264395, 54.50212472173368], [8.021877364194925, 54.50430640495989], [8.017910759304298, 54.50648795600686], [8.013943728478559, 54.50866937482897], [8.009976271717708, 54.51085066142621], [8.009867353200988, 54.51309554172047], [8.013616972928402, 54.515404015711745], [8.017367012810984, 54.51771237303192], [8.021117472848736, 54.520020613681005], [8.021008497438558, 54.52226548973155], [8.017040086580444, 54.52444700118356], [8.013071249342094, 54.52662838034872], [8.009101985723502, 54.52880962722703], [8.00700786948894, 54.53214511256105], [8.006788900638403, 54.53663483635077], [8.004693905608372, 54.53997017939548], [8.000722884398847, 54.54215114169517], [7.996751436357833, 54.54433197158555], [7.992779561485331, 54.54651266906663], [7.992669567292903, 54.54875751679385], [7.996421453780549, 54.5510665147672], [8.002159750030302, 54.55228480236977], [8.009884456042165, 54.552412379601556], [8.01562361993622, 54.55363031126744], [8.019377241712467, 54.55593859736743], [8.02313128464995, 54.558246766664084], [8.026885748748667, 54.560554819157375], [8.032626271871518, 54.56177166126249], [8.040352854018504, 54.561897292979424], [8.04807948053326, 54.56202243046242], [8.055806151415787, 54.56214707371148], [8.061548033200312, 54.563362825827], [8.065305125886836, 54.565669686808974], [8.069062640076936, 54.567976430782366], [8.072820575770614, 54.57028305774719], [8.078563815648042, 54.57149771944439], [8.086292359709226, 54.571620415873966], [8.092141086822998, 54.5705897837319], [8.096109996989366, 54.56840582301818], [8.098199016632972, 54.5650689014245], [8.098408145753822, 54.560579018950875], [8.100496286462324, 54.55724195573414], [8.104463438758481, 54.555057711774296], [8.108430164040993, 54.55287333579713], [8.112396462309858, 54.55068882780263], [8.11636233367988, 54.54850418783646], [8.12032777815106, 54.54631941589862], [8.124292795838187, 54.544134512034745], [8.12825738674126, 54.541949476244824], [8.132221550975071, 54.5397643085745], [8.136185288539618, 54.53757900902375], [8.140148599549677, 54.53539357763819], [8.14411148400525, 54.533208014417816], [8.14619473143965, 54.529870230704795], [8.146398341852873, 54.52538022649914], [8.14848071284436, 54.5220423016497], [8.152441844414113, 54.519856456156475], [8.158281807711642, 54.51882232287553], [8.16600060273695, 54.51893990180685], [8.173719439168865, 54.519056987040344], [8.181438317007391, 54.51917357857601], [8.187277090368575, 54.518138311872], [8.191235759252418, 54.51595118692831], [8.195194002162623, 54.51376393043785], [8.199151819099187, 54.51157654240061], [8.203109210176923, 54.50938902286205], [8.207066175395827, 54.50720137182216], [8.207164886771183, 54.50495630910854], [8.203405344302993, 54.50265383472119], [8.197667785614868, 54.50144482383707], [8.18995221070681, 54.501329276456204], [8.182236676792073, 54.501213235611075], [8.17452118387066, 54.50109670130167], [8.168684173032212, 54.502131629562804], [8.164725644276729, 54.504318020394464], [8.160766689756057, 54.50650427958936], [8.1568073094702, 54.50869040714746], [8.15096910995365, 54.50972420232388], [8.143252091206403, 54.509605665118606], [8.137515608742248, 54.50839407868294], [8.133759662561186, 54.506089443016904], [8.130004136511195, 54.50378469025899], [8.126249030592277, 54.5014798204092], [8.122494344675145, 54.49917483350929], [8.118740078759798, 54.49686972955922], [8.114986232716973, 54.49456450860071], [8.11123280654667, 54.49225917063375], [8.105499402585524, 54.49104578220046]]]}}, {"type": "Feature", "properties": {"band": "echo", "dbz": 35.0, "source": "OPERA-ORD", "time": "20260907002000"}, "geometry": {"type": "Polygon", "coordinates": [[[7.69040015172871, 54.493919764524804], [7.686416869521157, 54.49609035754868], [7.682433161402986, 54.49826081706908], [7.678449027374198, 54.50043114308598], [7.672599916839223, 54.501441741445454], [7.664885829798062, 54.501292612147495], [7.657171795600671, 54.50114298958863], [7.649457814247048, 54.50099287376888], [7.643607538391401, 54.50200233364219], [7.6396209680337295, 54.50417136920856], [7.635633971536169, 54.50634027105932], [7.63164654889872, 54.50850903919448], [7.625795108534176, 54.50951736020116], [7.618079650442538, 54.509365234079354], [7.612227388042966, 54.510373165283774], [7.60823832133546, 54.512541153814425], [7.6061123584633314, 54.515869566324625], [7.605849499426584, 54.52035840281439], [7.607582019456502, 54.52376326380951], [7.611309918553086, 54.526084149309995], [7.6150382371276315, 54.52840491967225], [7.6187669751801375, 54.53072557489625], [7.620500623954459, 54.534130330587004], [7.620239183450597, 54.53861918674449], [7.621973641119583, 54.542023834374234], [7.6257039969614135, 54.544344273476256], [7.631430342473478, 54.545580136991624], [7.639152677655776, 54.54573142492036], [7.645008987816974, 54.54472247471202], [7.648999272957073, 54.542553286366584], [7.652989131068635, 54.540383964238565], [7.656978562151659, 54.53821450832796], [7.662833704752225, 54.53720441827849], [7.670554558870332, 54.53735369409014], [7.676408877591642, 54.536343214292486], [7.680396660916153, 54.5341729788855], [7.6825178194367645, 54.530843354878584], [7.682772353153476, 54.52635434227173], [7.684892628565523, 54.52302457334287], [7.688878645672904, 54.52085404809203], [7.694730493447186, 54.51984239968733], [7.702448171888367, 54.51998962812876], [7.708299196244114, 54.51897759040079], [7.712283566514426, 54.516806286503396], [7.7144011946129805, 54.513476083274696], [7.714652080539777, 54.5089869807147], [7.712911626901538, 54.50558354807219], [7.709179833698263, 54.50326578534715], [7.705448459584311, 54.50094790718573], [7.701717504559679, 54.49862991358791], [7.697986968493645, 54.49631180459497], [7.694256851386205, 54.493993580206904], [7.69040015172871, 54.493919764524804]]]}}, {"type": "Feature", "properties": {"band": "echo", "dbz": 35.0, "source": "OPERA-ORD", "time": "20260907002000"}, "geometry": {"type": "Polygon", "coordinates": [[[9.432316175921773, 54.53154057710542], [9.424592907982582, 54.53150400773058], [9.418784337713662, 54.53259929116486], [9.414890465115015, 54.53482642740825], [9.412911267743933, 54.538185784264996], [9.412846745600415, 54.5426773617351], [9.41473000859766, 54.546055375673475], [9.418561056735665, 54.54831982608012], [9.422423957292656, 54.548338364674514], [9.426318710268633, 54.54611099145668], [9.43021303784122, 54.54388349147608], [9.434106940010418, 54.54165586473271], [9.4380004168966, 54.53942811127095], [9.441893468499764, 54.5372002310908], [9.441924448198852, 54.53495443369875], [9.438093355993864, 54.5326907190948], [9.432316175921773, 54.53154057710542]]]}}, {"type": "Feature", "properties": {"band": "echo", "dbz": 35.0, "source": "OPERA-ORD", "time": "20260907002000"}, "geometry": {"type": "Polygon", "coordinates": [[[8.784958118568824, 54.48183604261276], [8.777245021228046, 54.48175806694562], [8.771426360527334, 54.48282215537414], [8.767502136466689, 54.48502830789829], [8.763577487679576, 54.48723433122879], [8.759652414165998, 54.48944022536564], [8.755726915808932, 54.49164599026394], [8.751800992608377, 54.49385162592371], [8.749769426647326, 54.49719993743889], [8.749632217925774, 54.501690924809495], [8.751458817166581, 54.505079104139284], [8.755249224369749, 54.50736447542826], [8.759107846478722, 54.50740422768823], [8.763034683493503, 54.50519836091918], [8.766961095337923, 54.502992364897736], [8.770887082011985, 54.50078623962392], [8.776708315951476, 54.499722183957715], [8.784424797156397, 54.49980019789912], [8.790245196626515, 54.498735761462996], [8.794169514361828, 54.49652887464936], [8.79619770392009, 54.493179904702444], [8.796329765301294, 54.48868885162226], [8.794500513803728, 54.48530125142321], [8.790709949427384, 54.48301710410529], [8.784958118568824, 54.48183604261276]]]}}, {"type": "Feature", "properties": {"band": "echo", "dbz": 35.0, "source": "OPERA-ORD", "time": "20260907002000"}, "geometry": {"type": "Polygon", "coordinates": [[[11.516802154104981, 54.4525841486514], [11.513031516448548, 54.4548779258539], [11.511229013674308, 54.45827014013354], [11.511394645782259, 54.46276079149031], [11.511560321097138, 54.46725143873847], [11.511726039618948, 54.47174208187803], [11.50992235893705, 54.47513418142201], [11.506149279051446, 54.477427737370434], [11.502293721473858, 54.47747584560921], [11.498355686204285, 54.47527850613834], [11.49630465394338, 54.47193450303961], [11.496140624691147, 54.46744383631302], [11.494090460728186, 54.464099695125526], [11.490154162054496, 54.46190207947714], [11.484331671471246, 54.460850622677505], [11.476622988978432, 54.460945324726616], [11.46891427328201, 54.461039533749705], [11.461205524381977, 54.461133249746766], [11.45546367510089, 54.462326037397766], [11.451688725438746, 54.464617896702705], [11.449880731170412, 54.46800919437433], [11.450039692295883, 54.47249993041263], [11.450198694899733, 54.476990662381255], [11.45035773898196, 54.481481390280194], [11.452405504587038, 54.484826173464164], [11.456341991714964, 54.487025011933184], [11.462167144492717, 54.48807753868519], [11.469880962920296, 54.48798375372021], [11.477594748065403, 54.487889475366735], [11.485308499928038, 54.48779470362476], [11.49113485672038, 54.488846101891575], [11.495073818442432, 54.491043670167166], [11.49901320530114, 54.493241108193494], [11.502953017296504, 54.495438415970575], [11.508780577339957, 54.496488685361754], [11.516495885431498, 54.49639191636704], [11.52224044160537, 54.49519650535699], [11.526014245861575, 54.492902452331585], [11.529787629578358, 54.490608280927056], [11.53356059275572, 54.48831399114341], [11.539303813668083, 54.487117486895336], [11.547017292315449, 54.48701876818284], [11.552759652687309, 54.48582190500356], [11.556530894783661, 54.48352689735748], [11.558331078268731, 54.48013411218393], [11.558160203142517, 54.475643549482925], [11.556104551946088, 54.47230047840891], [11.552164124679441, 54.47010489896191], [11.548224122028785, 54.46790918912951], [11.54428454399412, 54.46571334891171], [11.540345390459958, 54.46351737835363], [11.536406661426295, 54.461321277455255], [11.532468356777656, 54.459125046261654], [11.528530476514039, 54.456928684772826], [11.524593020519971, 54.45473219303385], [11.520655988795456, 54.45253557104471], [11.516802154104981, 54.4525841486514]]]}}, {"type": "Feature", "properties": {"band": "echo", "dbz": 35.0, "source": "OPERA-ORD", "time": "20260907002000"}, "geometry": {"type": "Polygon", "coordinates": [[[7.615074566291369, 54.42841249453219], [7.607374395434764, 54.42825971906822], [7.601533485313318, 54.429267174756426], [7.597551835927035, 54.4314348615968], [7.593569762168465, 54.43360241479546], [7.589587264037609, 54.43576983435241], [7.583745196207899, 54.436776152959645], [7.576043558679334, 54.43662137061715], [7.5702006727505395, 54.43762729985445], [7.566216538421515, 54.439793940671535], [7.564091062642025, 54.44312165886984], [7.56382424541207, 54.447610454449354], [7.565550337417865, 54.451015948671284], [7.569269338659413, 54.45333814153564], [7.574981342278083, 54.454576667053814], [7.582686348273877, 54.454731525225796], [7.588531011117437, 54.45372526799783], [7.592515330808764, 54.45155789536992], [7.596499225685485, 54.449390389036836], [7.600482695747603, 54.44722274899859], [7.606326199736373, 54.446215354124966], [7.614029737651798, 54.44636820441596], [7.619872422738553, 54.44536042030457], [7.623854254996638, 54.443192001790756], [7.625975143359774, 54.4398633148151], [7.626235087827961, 54.43537435937759], [7.624504957976459, 54.43196963181016], [7.6207847538052675, 54.429649132112836], [7.615074566291369, 54.42841249453219]]]}}, {"type": "Feature", "properties": {"band": "echo", "dbz": 35.0, "source": "OPERA-ORD", "time": "20260907002000"}, "geometry": {"type": "Polygon", "coordinates": [[[11.465062593408838, 54.353261163411915], [11.45737404361758, 54.3533546046466], [11.451647096283317, 54.35454721179242], [11.44788175140605, 54.356838984849404], [11.446078064245322, 54.36023028932164], [11.446236034801133, 54.364721125209144], [11.44639404645823, 54.369211956859516], [11.446552099216614, 54.373702784272766], [11.44671019310753, 54.37819360746283], [11.446868328130979, 54.38268442642972], [11.448910774303696, 54.38602934044465], [11.452837531625686, 54.38822834950763], [11.456764711517447, 54.39042722881401], [11.460692313978981, 54.39262597836381], [11.46273610628316, 54.39597074283555], [11.462896088429982, 54.400461522229214], [11.464940744948297, 54.40380614906641], [11.468870075838108, 54.40600462334712], [11.472799829748288, 54.40820296775194], [11.476730006678837, 54.410401182280864], [11.476810481180475, 54.412646559961], [11.473041253253205, 54.41493910079235], [11.469271606514187, 54.41723152323287], [11.465501540963423, 54.41952382728255], [11.46369662434924, 54.4229153564838], [11.46385685667164, 54.42740611083659], [11.465902964274914, 54.430750701677205], [11.469834947159063, 54.432949129005635], [11.475652749121474, 54.43400102643553], [11.48335637016215, 54.433906393966886], [11.491059957731688, 54.43381126884085], [11.498763511830086, 54.43371565105741], [11.506467032111217, 54.43361954062341], [11.51417051857508, 54.43352293753886], [11.51990636133445, 54.43232763686359], [11.523674560389324, 54.43003363859759], [11.525475173950433, 54.42664130909471], [11.525308202017776, 54.42215064835493], [11.525141273566142, 54.41765998343048], [11.524974388595533, 54.41316931432136], [11.522924645614548, 54.40982562856503], [11.518992044623191, 54.4076289261615], [11.515059866681856, 54.40543209370199], [11.51112811179054, 54.40323513118651], [11.509079719819862, 54.399891295099906], [11.508914690769817, 54.39540058544216], [11.508749704664377, 54.39090987156434], [11.508584761503538, 54.38641915346643], [11.506537719029126, 54.38307516715841], [11.502608577241139, 54.38087791264029], [11.498679857833006, 54.378680528215384], [11.494751560804728, 54.376483013883714], [11.49270586631466, 54.3731388774629], [11.492542774362802, 54.36864811895295], [11.490497943154384, 54.36530384472867], [11.486571372689406, 54.36310605479006], [11.482645224154965, 54.360908135063895], [11.478719497551062, 54.358710085550165], [11.47479419276295, 54.35651190629362], [11.47086930979063, 54.35431359729425], [11.465062593408838, 54.353261163411915]]]}}, {"type": "Feature", "properties": {"band": "echo", "dbz": 35.0, "source": "OPERA-ORD", "time": "20260907002000"}, "geometry": {"type": "Polygon", "coordinates": [[[21.42334568245087, 53.8415360729202], [21.415836570968416, 53.84226292503761], [21.408327216302343, 53.842989303770025], [21.400817618452642, 53.84371520911746], [21.395490098948738, 53.84536604004448], [21.392344657790634, 53.84794179655108], [21.391381708580067, 53.85144281782398], [21.392601251317032, 53.85586910386316], [21.39382110276624, 53.860295368726945], [21.39504126292769, 53.86472161241535], [21.39783514408076, 53.86785985933709], [21.40220274622545, 53.86971010949215], [21.40814365506177, 53.87027202345512], [21.41565787058972, 53.869545601225994], [21.423171842378668, 53.868818705295894], [21.430685570428622, 53.86809133566482], [21.43601446412912, 53.86643920721987], [21.439158523480152, 53.863862319961044], [21.44011816396474, 53.86036101315286], [21.438893385582883, 53.85593528679533], [21.437668917011347, 53.851509539129125], [21.43644475825014, 53.847083770154256], [21.433649568700176, 53.84394632596549], [21.42928334836145, 53.842097206562826], [21.42334568245087, 53.8415360729202]]]}}, {"type": "Feature", "properties": {"band": "echo", "dbz": 35.0, "source": "OPERA-ORD", "time": "20260907002000"}, "geometry": {"type": "Polygon", "coordinates": [[[11.523908172242347, 54.28064382287578], [11.516233284278009, 54.28074100683136], [11.510518090350839, 54.28193641566109], [11.506762590460838, 54.28423004936497], [11.504966841852497, 54.28762227260662], [11.505130844525812, 54.29211308538604], [11.5071734330305, 54.29545706955979], [11.511094607366557, 54.29765422512786], [11.516894310233466, 54.29870418724046], [11.524572541631228, 54.29860695589758], [11.530289349591973, 54.29741115862397], [11.534044734115703, 54.295116795419645], [11.535838753324347, 54.291724231121414], [11.535671407217906, 54.287233465729294], [11.533627204679643, 54.28388986999943], [11.529706145709559, 54.2816934439318], [11.523908172242347, 54.28064382287578]]]}}, {"type": "Feature", "properties": {"band": "echo", "dbz": 35.0, "source": "OPERA-ORD", "time": "20260907002000"}, "geometry": {"type": "Polygon", "coordinates": [[[12.06919438227255, 54.128682041042794], [12.061548962993825, 54.12881402413545], [12.05390349830254, 54.12894551881392], [12.046257988198693, 54.129076525078226], [12.040578977896294, 54.13029709783131], [12.036866467395342, 54.13260723707317], [12.035120533308174, 54.136007305472454], [12.035341175634787, 54.14049730302917], [12.035561875014762, 54.14498729573367], [12.0357826314481, 54.14947728358595], [12.03786085681822, 54.15281218054618], [12.041796551125124, 54.15499198661432], [12.04573266284768, 54.15717166135592], [12.049669191985888, 54.15935120477094], [12.051748778192177, 54.162685944886825], [12.051971421466547, 54.16717588170357], [12.054051868684994, 54.17051048006292], [12.057990119847515, 54.172689739964895], [12.063786097515882, 54.17371329827258], [12.071439801690094, 54.17358115498599], [12.079093459935782, 54.17344852270288], [12.086747072252944, 54.173315401423245], [12.092430337590887, 54.172092918843504], [12.096143255949608, 54.16978107496365], [12.099855762791677, 54.16746911577837], [12.103567858117094, 54.16515704128766], [12.107279542052334, 54.16284485153212], [12.110990814597399, 54.16053254651176], [12.112731872132436, 54.15713148532805], [12.112502714657444, 54.15264166798099], [12.112273616416962, 54.14815184575257], [12.11204457741099, 54.143662018642814], [12.109961115072132, 54.14032832195822], [12.106023229400392, 54.13815075569879], [12.100230841196545, 54.13712895715463], [12.092583950460593, 54.13726292632573], [12.0867923700008, 54.13624074393341], [12.082856099817164, 54.134062409977666], [12.078920246521989, 54.131883944623965], [12.074984810115271, 54.1297053478723], [12.06919438227255, 54.128682041042794]]]}}, {"type": "Feature", "properties": {"band": "echo", "dbz": 35.0, "source": "OPERA-ORD", "time": "20260907002000"}, "geometry": {"type": "Polygon", "coordinates": [[[15.851191366035117, 53.77791707689728], [15.843629799970337, 53.77829009163777], [15.836068108338019, 53.77866262521658], [15.828506291138162, 53.77903467763372], [15.822990576520338, 53.780432347563774], [15.819520964484548, 53.782855635006754], [15.81809766826531, 53.78630489397272], [15.818720687862621, 53.79078012446166], [15.81934386656719, 53.79525534579021], [15.819967204379013, 53.79973055795835], [15.822326470298595, 53.80299406437991], [15.826421664325935, 53.80504586505489], [15.832252572860696, 53.80588560570498], [15.839819195902884, 53.805513286330175], [15.847385693086176, 53.80514048545403], [15.854952064410575, 53.80476720307655], [15.860469699309556, 53.80336832799635], [15.863938597783116, 53.80094386021344], [15.865358974734683, 53.79749415392166], [15.864730830164257, 53.79301920912101], [15.86410284590938, 53.78854425508975], [15.863475021970052, 53.78406929182789], [15.861113869767168, 53.78080650002947], [15.857019389300728, 53.778755879694515], [15.851191366035117, 53.77791707689728]]]}}, {"type": "Feature", "properties": {"band": "echo", "dbz": 35.0, "source": "OPERA-ORD", "time": "20260907002000"}, "geometry": {"type": "Polygon", "coordinates": [[[4.9145643020602945, 52.795510217310564], [4.907169423224193, 52.79518639754246], [4.9014910165739565, 52.79606349565543], [4.897529082109582, 52.79814151164949], [4.895283443570202, 52.801420790548605], [4.894754100955817, 52.80590133235278], [4.896206485939731, 52.809342903794615], [4.899640598521945, 52.81174550487411], [4.905056615127919, 52.813108790400065], [4.9124545357576554, 52.813432760372464], [4.918134639293452, 52.81255539223439], [4.92209692573531, 52.81047668598581], [4.924341219366735, 52.8071969868573], [4.9248675201877266, 52.80271629484884], [4.923413438318253, 52.799274993432114], [4.9199789737583135, 52.79687308260712], [4.9145643020602945, 52.795510217310564]]]}}, {"type": "Feature", "properties": {"band": "echo", "dbz": 35.0, "source": "OPERA-ORD", "time": "20260907002000"}, "geometry": {"type": "Polygon", "coordinates": [[[7.153035964135346, 52.85381497378164], [7.145619784488883, 52.85363347874553], [7.1399832280476705, 52.854619551855286], [7.136126294811708, 52.856773193110925], [7.13226897323004, 52.8589267039324], [7.128411263302665, 52.86108008431971], [7.124553164933388, 52.86323333423088], [7.120694678122213, 52.8653864536659], [7.118615648113678, 52.868707721928914], [7.1183160749077885, 52.87319713901992], [7.119946514311352, 52.8766100177221], [7.123506966324369, 52.87894635803543], [7.128997531098491, 52.88020581130867], [7.13641820863372, 52.88038837754185], [7.141909568286447, 52.881647496084625], [7.1454716100566715, 52.88398316693703], [7.149034032767714, 52.88631872847146], [7.152596836419576, 52.88865418068791], [7.158089463358505, 52.8899122665143], [7.165511913584503, 52.89009298595065], [7.172934421618386, 52.890273233040354], [7.180356987460154, 52.890453007783414], [7.185996967335453, 52.88946526110153], [7.189854361244282, 52.88730999299468], [7.1919290712280235, 52.88398755227947], [7.192221097286678, 52.8794979389559], [7.190585196203305, 52.87608598052581], [7.187021367977901, 52.87375167698921], [7.183457920515764, 52.871417264025126], [7.179894853816893, 52.86908274163355], [7.176332167765424, 52.86674810985127], [7.172769862361359, 52.864413368678285], [7.169207937488858, 52.862078518151364], [7.165646393147924, 52.85974355827052], [7.162085229222736, 52.8574084890725], [7.158524445713297, 52.85507331055729], [7.153035964135346, 52.85381497378164]]]}}, {"type": "Feature", "properties": {"band": "echo", "dbz": 35.0, "source": "OPERA-ORD", "time": "20260907002000"}, "geometry": {"type": "Polygon", "coordinates": [[[6.923259281197159, 52.533145067778634], [6.915898441359392, 52.53294912541967], [6.908537663202564, 52.53275271517187], [6.901176946726672, 52.532555837035225], [6.893816292223555, 52.53235849102222], [6.886455699693213, 52.53216067713284], [6.880854949288183, 52.533134437654304], [6.877014041008466, 52.53527977258661], [6.874932868439263, 52.53859702680798], [6.874611431580575, 52.54308620031839], [6.874289915003607, 52.547575365811554], [6.8739683187083624, 52.55206452328747], [6.8755683488383905, 52.55548105162319], [6.879090005393691, 52.55782495081874], [6.884533394966245, 52.55909587573786], [6.891898517556051, 52.55929382638054], [6.899263702258644, 52.55949130882486], [6.9066289490740225, 52.559688323070816], [6.913994257709696, 52.55988486910591], [6.921359628165665, 52.560080946930135], [6.9269625970396245, 52.559105497949886], [6.930803164331573, 52.55695852216515], [6.932881225153844, 52.55364036477207], [6.933196779506435, 52.549151025770655], [6.933512255632289, 52.54466167879847], [6.933827653531406, 52.540172323855494], [6.932223939639734, 52.53675649452754], [6.928701113957272, 52.534414190814594], [6.923259281197159, 52.533145067778634]]]}}, {"type": "Feature", "properties": {"band": "echo", "dbz": 35.0, "source": "OPERA-ORD", "time": "20260907002000"}, "geometry": {"type": "Polygon", "coordinates": [[[7.872188866507149, 52.159941946101696], [7.86842970096546, 52.16212048440255], [7.864670162046428, 52.164298897008265], [7.860910249750052, 52.166477183918815], [7.855378828414325, 52.167498063144464], [7.848075898039246, 52.167361534685185], [7.842543753671979, 52.16838204839209], [7.838782395312525, 52.170559604265165], [7.835020663384029, 52.172737034311055], [7.831258557886489, 52.17491433852978], [7.827496078726127, 52.17709151688156], [7.823733225902941, 52.179268569366386], [7.82174103833375, 52.182603234008795], [7.821519516018556, 52.18709551080876], [7.821297939219484, 52.19158777964561], [7.821076307936536, 52.19608004051935], [7.8227372432393425, 52.199483802769436], [7.826280745127905, 52.20179906639586], [7.829824615327528, 52.20411421981249], [7.833368853838214, 52.20642926301933], [7.835030791257644, 52.20983291492059], [7.834810427585821, 52.21432517551627], [7.836473077859541, 52.217728721048445], [7.840018742078804, 52.2200435515171], [7.843564775006104, 52.22235827168497], [7.847111176641443, 52.22467288155204], [7.8506579470930475, 52.226987381082274], [7.8542050863609205, 52.22930177027568], [7.859635359996777, 52.23052687342022], [7.8669487680006185, 52.23066269051588], [7.874262217795367, 52.23079804289212], [7.88157570938102, 52.23093293054894], [7.887007179273435, 52.23215700927331], [7.890556627472611, 52.23447027906522], [7.892223983171034, 52.23787308258003], [7.892009246368705, 52.24236541981773], [7.8917944566774025, 52.24685774921428], [7.891579614097127, 52.25135007076966], [7.893247977612407, 52.25475276336543], [7.896799547223242, 52.2570658270016], [7.900351486408484, 52.25937878004822], [7.903903795168133, 52.261691622505325], [7.907456473610571, 52.26400435433672], [7.911009521735799, 52.26631697554241], [7.916445893465713, 52.26753939612336], [7.923765588800312, 52.26767161607957], [7.931085324903211, 52.26780337085926], [7.938405101774411, 52.267934660462466], [7.943842670169452, 52.2691560550272], [7.947398030088333, 52.27146755455348], [7.949071112477762, 52.274869502103684], [7.948861917337738, 52.27936189767781], [7.9468742965220756, 52.28269852856537], [7.943108250030774, 52.284879394766364], [7.937563846981085, 52.285904153052314], [7.930241087373009, 52.28577280342323], [7.924695955796839, 52.28679719571138], [7.920928452252573, 52.288977329916776], [7.918938506891395, 52.292313549266055], [7.918726119713305, 52.29680585375921], [7.918513680153652, 52.30129815050924], [7.918301188212437, 52.305790439516144], [7.918088643852144, 52.310282720793666], [7.917876047072769, 52.31477499434182], [7.919548747954655, 52.318177238755595], [7.923106746497801, 52.320489454034984], [7.926665115959267, 52.32280155848367], [7.930223856339052, 52.325113552101655], [7.9337829677460086, 52.327425434852586], [7.937342450180137, 52.32973720673646], [7.941007211310839, 52.32980271625546], [7.944777251138116, 52.32762196340957], [7.9467671268546605, 52.32428542783862], [7.946976838460472, 52.3197931095426], [7.94718649834572, 52.31530078354632], [7.947396106510402, 52.31080844984979], [7.9493847549294046, 52.3074717581081], [7.953152443602728, 52.30529070832128], [7.956815750501357, 52.305355722198094], [7.960374675625291, 52.30766679973854], [7.962050081304168, 52.31106852023462], [7.961841967537991, 52.31556088368633], [7.963518091980885, 52.31896249680013], [7.967078454632851, 52.32127335957603], [7.970639188308568, 52.32358411136119], [7.974200293008037, 52.32589475215561], [7.974096532969472, 52.32814092975217], [7.970327908192875, 52.330322644150876], [7.96655890665672, 52.33250423275315], [7.962789528361009, 52.334685695559], [7.960800628162166, 52.33802258565106], [7.960592206060191, 52.34251490302932], [7.962269221423833, 52.345916503828576], [7.965831674253091, 52.34822738804881], [7.969394498654058, 52.350538161220115], [7.972957694626733, 52.352848823342455], [7.974635727671705, 52.356250312612765], [7.974428597788975, 52.36074262903104], [7.976107351575378, 52.36414401077249], [7.979671989030915, 52.36645445783712], [7.98512257845129, 52.3676736261534], [7.992459119836503, 52.36780151572131], [7.999795700880128, 52.36792893890195], [8.007132321582166, 52.368055895695306], [8.012685479432246, 52.367027840243075], [8.016455174430371, 52.364844772545254], [8.020224492035418, 52.3626615791428], [8.023993432247387, 52.36047826003572], [8.02776199516214, 52.358294815264045], [8.031530180779676, 52.356111244827765], [8.031631098808452, 52.353865031826786], [8.02806474924847, 52.3515561762611], [8.024498771399596, 52.34924720943273], [8.020933165261829, 52.34693813134169], [8.017367930726385, 52.344628942024464], [8.013803067793264, 52.342319641481055], [8.010238576353698, 52.34001022974789], [8.006674456407689, 52.337700706825], [8.004994312072442, 52.3342997349698], [8.005198143347961, 52.329807314182304], [8.007183286557803, 52.326469640359335], [8.010949741701966, 52.32428671350088], [8.016497575878248, 52.323258189949755], [8.023826789086643, 52.323384069705945], [8.029273522444122, 52.32460142729751], [8.032837775950686, 52.32691026272443], [8.034519483205523, 52.33031091965888], [8.03431864420864, 52.33480339810085], [8.036001072093239, 52.33820394712112], [8.039566766859323, 52.3405125667197], [8.043132833188185, 52.34282107502173], [8.046699271079824, 52.345129472027196], [8.050266080642926, 52.34743775769964], [8.053833261877488, 52.34974593203904], [8.057400814892219, 52.3520539950089], [8.060968739687116, 52.354361946609224], [8.062653632201387, 52.35776216723273], [8.062455492435035, 52.36225465687943], [8.062257303718415, 52.36674713895412], [8.062059066051528, 52.37123961345679], [8.063744982186057, 52.37463972162992], [8.067315052122, 52.376947463473506], [8.07088549442216, 52.37925509383522], [8.074456309086537, 52.38156261271507], [8.078027496224049, 52.38387002007646], [8.081599055834694, 52.38617731591937], [8.0852687040625, 52.3862382499974], [8.089036440907465, 52.384052822310544], [8.092803800014327, 52.38186726913155], [8.096570781383086, 52.37968159046041], [8.10033738511001, 52.37749578633718], [8.104103611195104, 52.37530985676186], [8.10420087988157, 52.37306358830861], [8.100629191169414, 52.37075698097745], [8.097057874706639, 52.36845026207706], [8.093486930493242, 52.36614343160743], [8.089916358420489, 52.363836489605184], [8.086346158488373, 52.3615294360703], [8.08277633058818, 52.35922227103934], [8.07920687471991, 52.35691499451234], [8.077520418844953, 52.353515089784445], [8.077716962963313, 52.34902255685568], [8.076031229117415, 52.34562254388626], [8.072463217307261, 52.34331505087617], [8.068895577128677, 52.34100744646272], [8.065328308581664, 52.33869973064589], [8.065426882068568, 52.33645345979655], [8.069191297589388, 52.3342686339147], [8.072955336388048, 52.33208368260819], [8.076718998464548, 52.32989860587704], [8.076817523308215, 52.327652327410945], [8.073250910919048, 52.3253448472099], [8.069684669795913, 52.32303725564466], [8.066118799938808, 52.32072955271522], [8.064434690667838, 52.31732941835995], [8.064632341983001, 52.31283685257881], [8.062948953109446, 52.30943661012147], [8.059384524047168, 52.307128690987916], [8.055820465851662, 52.30482066058262], [8.052256778522926, 52.302512518905594], [8.048693461952647, 52.300204265993216], [8.045130516140821, 52.29789590184549], [8.041567940979158, 52.29558742649883], [8.038005736467657, 52.29327883995322], [8.036324806329125, 52.289878269112705], [8.036525150563564, 52.2853857139773], [8.034844939311544, 52.28198503526737], [8.031284172573063, 52.279676232982915], [8.025842916506877, 52.27845896390219], [8.018521171112987, 52.27833322802518], [8.013080677678351, 52.277115622381665], [8.009521436202968, 52.27480614697163], [8.007843379869449, 52.27140514498814], [8.008046508677792, 52.26691261643119], [8.008249587453399, 52.26242008012125], [8.00845261619627, 52.257927536058325], [8.008655594942176, 52.25343498422862], [8.008858523691117, 52.24894242463214], [8.00718177979248, 52.24554130619239], [8.003625363246268, 52.24323162890937], [8.000069316156221, 52.24092184070349], [7.996513638522341, 52.238611941574746], [7.9929583302366956, 52.236301931559346], [7.989403391299285, 52.233991810657294], [7.985848821602195, 52.23168157890479], [7.982294621145428, 52.22937123630184], [7.9806203227288535, 52.22596979089385], [7.98082592635247, 52.22147724268084], [7.9828078866285574, 52.21813985114906], [7.986566203557117, 52.215957616298525], [7.990324146136841, 52.213775256053225], [7.994081714367731, 52.21159277041316], [7.996062456299509, 52.20825522322386], [7.996266371932176, 52.2037626144853], [7.994592246327777, 52.20036126311239], [7.991040079486314, 52.19805116910513], [7.987488281161442, 52.19574096432456], [7.983936851353159, 52.19343064877069], [7.98038578995388, 52.191120222479626], [7.976835096963607, 52.18880968545134], [7.97140647493978, 52.18758983528868], [7.964099923882396, 52.18746067199163], [7.958672061078096, 52.186240486391725], [7.95512288652688, 52.183929278488975], [7.951574080134872, 52.181617959974105], [7.948025641902073, 52.17930653084712], [7.942598969238471, 52.17808532108914], [7.9352940621440675, 52.177954330700175], [7.927989195514522, 52.17782287619273], [7.920684369349837, 52.177690957566796], [7.91525888728217, 52.17646872402413], [7.911712749311519, 52.17415617556475], [7.908166979215124, 52.17184351667108], [7.9046215769929855, 52.169530747343146], [7.899197285975227, 52.16830749038924], [7.891894106161846, 52.16817374580937], [7.886470574071058, 52.166950154103155], [7.882926689702861, 52.16463671527059], [7.87938317295857, 52.162323166128544], [7.875840023838186, 52.160009506677035], [7.872188866507149, 52.159941946101696]]]}}, {"type": "Feature", "properties": {"band": "echo", "dbz": 35.0, "source": "OPERA-ORD", "time": "20260907002000"}, "geometry": {"type": "Polygon", "coordinates": [[[8.308580642956219, 52.16607004074496], [8.301276865843334, 52.16596231036931], [8.295755599750466, 52.1670046437834], [8.292016844677613, 52.16919704098722], [8.288277716394392, 52.171389314022186], [8.284538214900802, 52.17358146288829], [8.279015900702209, 52.17462273146964], [8.271710773798615, 52.1745131197662], [8.266187732192325, 52.17555402577493], [8.26244677588334, 52.1777454494958], [8.260487846878418, 52.181087733239636], [8.260310945177553, 52.18558087700643], [8.258351249784699, 52.18892302625345], [8.254608760699854, 52.19111418098069], [8.249083536255263, 52.19215399871877], [8.241775576450923, 52.1920424794677], [8.236249624188655, 52.193081934264555], [8.232505679468456, 52.19527236310933], [8.230543683236757, 52.19861410847213], [8.23036363549356, 52.203107170352936], [8.230183543442028, 52.20760022448814], [8.230003407082163, 52.212093270877745], [8.228040205123765, 52.21543486343786], [8.22429393756683, 52.21762500216848], [8.218764663848617, 52.21866334435116], [8.21145238396912, 52.21854988998587], [8.204140139243023, 52.21843597093449], [8.196827929670327, 52.218321587196996], [8.191297608353837, 52.21935886240881], [8.187549175293551, 52.22154779656992], [8.183800367870994, 52.22373660603563], [8.18005118608617, 52.22592529080593], [8.1745198178111, 52.22696149870789], [8.167206263045788, 52.226845229741485], [8.15989274431908, 52.22672849600462], [8.152579261630972, 52.2266112974973], [8.145265815267734, 52.22649363422681], [8.137952405229363, 52.22637550619317], [8.132419673247309, 52.227409942537676], [8.12866761932157, 52.22959694326032], [8.124915190823852, 52.23178381904985], [8.121162387754161, 52.23397056990626], [8.11740921001722, 52.23615719578988], [8.113655657613034, 52.2383436967007], [8.113559850359156, 52.24059009351521], [8.117121788255586, 52.2428963862334], [8.122560914069165, 52.24410908854836], [8.129877227799888, 52.244228200460114], [8.135317114061284, 52.24544056571804], [8.138880572853353, 52.24774618432215], [8.138785463179287, 52.249992587004854], [8.135031785039091, 52.252179773766144], [8.12949604432586, 52.253213797588906], [8.122178241039592, 52.25309465847313], [8.114860474733495, 52.25297505429108], [8.107542745407569, 52.25285498504275], [8.102005958671167, 52.25388794004864], [8.098250114524292, 52.256073919308754], [8.0981534677242, 52.25832028695446], [8.101716018270896, 52.26062704298576], [8.105278938876229, 52.26293368768333], [8.108842229540205, 52.26524022104715], [8.112405890370646, 52.26754664304089], [8.115969921367554, 52.26985295366451], [8.12141232916424, 52.271065705759014], [8.128733113760706, 52.271184899324396], [8.134176283141658, 52.27239731415437], [8.137741837307097, 52.27470295024894], [8.14130776188838, 52.2770084748474], [8.144874056885504, 52.27931388794974], [8.150318415824096, 52.28052527411483], [8.157640838704149, 52.280642633342666], [8.164963297784858, 52.28075952716368], [8.172285793066226, 52.28087595557789], [8.179608324260675, 52.28099191857801], [8.186930891368206, 52.28110741616403], [8.192376866294506, 52.282317081741596], [8.195946249039572, 52.28462091531068], [8.19951600251632, 52.28692463715102], [8.20308612672475, 52.2892282472626], [8.206656621772616, 52.29153174560891], [8.210227487659921, 52.293835132189955], [8.213798724494431, 52.296138406969185], [8.217370332276152, 52.29844156994661], [8.220942311112871, 52.30074462108569], [8.22451466100459, 52.30304756038642], [8.226210278282572, 52.3064454689453], [8.226029162946816, 52.310938346762335], [8.227725502818267, 52.314336146094526], [8.231299297896921, 52.316638866941865], [8.234963319052769, 52.316695031672744], [8.238717566285805, 52.31450464028715], [8.242471437334181, 52.312314124154184], [8.246224932197894, 52.310123483273856], [8.24997805097324, 52.3079327176859], [8.253730793660221, 52.30574182739034], [8.253820208212334, 52.30349536545803], [8.250246294629584, 52.30119333188897], [8.246672752167814, 52.29889118637497], [8.243099580827028, 52.29658892891602], [8.239526780499517, 52.2942865595487], [8.23595435118528, 52.29198407827303], [8.232382292776627, 52.28968148512554], [8.228810605273557, 52.28737878010625], [8.228900678135773, 52.285132315759405], [8.232652511363275, 52.282942092085], [8.236403969051462, 52.280751743729056], [8.240155051200334, 52.27856127069157], [8.242120225605934, 52.27521955198588], [8.242299492268263, 52.27072658761197], [8.24426389627926, 52.26738473407508], [8.248013437638932, 52.26519399137521], [8.251673760222832, 52.265249626638735], [8.25524486403097, 52.267551639865644], [8.258816338338345, 52.269853541190514], [8.262388183144964, 52.27215533061332], [8.267834852397133, 52.27336116892305], [8.275156346094853, 52.27347105611972], [8.282477873666718, 52.27358047795924], [8.289799435112727, 52.27368943444166], [8.295333938218048, 52.272647710132716], [8.299081382982685, 52.2704553050324], [8.302828452517865, 52.26826277552848], [8.30657514682359, 52.26607012162093], [8.312108595733795, 52.26502732993801], [8.31942879924848, 52.26513440047972], [8.324876401298013, 52.26633781020773], [8.328451401882393, 52.268637559122055], [8.332026773128426, 52.270937195868285], [8.335602515036106, 52.273236720446405], [8.341051299334111, 52.27443909948075], [8.348373126022445, 52.27454433297131], [8.35390633569274, 52.273499792146275], [8.357650928344995, 52.27130547700565], [8.359606848699785, 52.26796173089604], [8.359774096757107, 52.263468553817454], [8.359941303617365, 52.25897536913328], [8.360108469280561, 52.25448217684354], [8.358404477562193, 52.25108616382462], [8.354829328462266, 52.24878733007652], [8.34938307716876, 52.247585332508876], [8.342065723681676, 52.24748017112169], [8.334748402845186, 52.247374544668965], [8.327431114659289, 52.247268453150724], [8.321986043860575, 52.246065425368364], [8.318413190449046, 52.24376546132189], [8.316712498083152, 52.24036890406571], [8.316883966762896, 52.23587575359981], [8.315183995562318, 52.23247908657611], [8.311612584481416, 52.23017890299462], [8.306169790096288, 52.228974859973526], [8.298855612406927, 52.22886695751283], [8.293413576547819, 52.22766257625803], [8.289843682518963, 52.22536171620913], [8.288145873082522, 52.22196472022126], [8.288320148238494, 52.21747158829441], [8.288494380516422, 52.21297844866153], [8.288668569916307, 52.208485301322604], [8.288842716468766, 52.20399214626375], [8.289016820173796, 52.19949898348497], [8.289190881061987, 52.19500581297238], [8.289364899133341, 52.19051263472597], [8.291322070420994, 52.187169867121305], [8.295062394924948, 52.18497751015839], [8.30058592970546, 52.18393522141707], [8.30789267476253, 52.184043000897354], [8.313415481486324, 52.18300034970568], [8.31715434987684, 52.18080726784206], [8.319109223593772, 52.17746409772543], [8.319280102637116, 52.172970839355784], [8.317582289497256, 52.169574134111414], [8.314015784174192, 52.16727398199233], [8.308580642956219, 52.16607004074496]]]}}, {"type": "Feature", "properties": {"band": "echo", "dbz": 35.0, "source": "OPERA-ORD", "time": "20260907002000"}, "geometry": {"type": "Polygon", "coordinates": [[[8.070954659790864, 52.25224766297195], [8.063637155787902, 52.252124803416194], [8.058099420934248, 52.2531556447325], [8.054341455229903, 52.25534018692086], [8.052363193437426, 52.25867877295228], [8.05216463555682, 52.26317140282673], [8.053845805713822, 52.26657177572677], [8.057406703908429, 52.2688798916524], [8.060967972241428, 52.27118789638431], [8.064529610712817, 52.273495789922514], [8.068091619430623, 52.275803572230664], [8.071653998394844, 52.27811124330875], [8.077096214000871, 52.279326085384696], [8.08441826624871, 52.2794480984585], [8.089958383056796, 52.27841626204825], [8.09371656442513, 52.27623057615395], [8.095692746193293, 52.27289138402818], [8.095886928361287, 52.26839868567093], [8.094202765485413, 52.264998844115546], [8.090640257565672, 52.26269185936203], [8.087078119670673, 52.26038476332795], [8.083516351800416, 52.2580775560133], [8.07995495384705, 52.25577023745444], [8.076393925810581, 52.25346280765137], [8.070954659790864, 52.25224766297195]]]}}, {"type": "Feature", "properties": {"band": "echo", "dbz": 35.0, "source": "OPERA-ORD", "time": "20260907002000"}, "geometry": {"type": "Polygon", "coordinates": [[[7.823512236262438, 52.220856390882915], [7.816200569279318, 52.220717817194554], [7.808888945198982, 52.22057877892671], [7.801577364021427, 52.22043927607939], [7.794265826032368, 52.220299308661254], [7.786954331231804, 52.220158876672315], [7.779642879905418, 52.22001798012131], [7.772331472053209, 52.21987661900824], [7.766790949533569, 52.22089344425006], [7.763021312346498, 52.223068455846764], [7.761022485627682, 52.226401996260506], [7.760794469377121, 52.23089406549129], [7.762452015192949, 52.234298645138836], [7.765995123075165, 52.23661573520315], [7.769538599847477, 52.238932715193954], [7.773082445509883, 52.24124958511125], [7.776626660170965, 52.24356634491904], [7.780171243830722, 52.245882994617325], [7.785601514228689, 52.24711158355288], [7.792917471364864, 52.2472521117257], [7.798460392420175, 52.246234299006346], [7.802230277394623, 52.24405814539481], [7.805999787319539, 52.241881865634674], [7.809768922194925, 52.239705459725926], [7.815310810332701, 52.23868657524567], [7.822625451732868, 52.23882521219392], [7.8281666143443305, 52.237805961322174], [7.831934298167088, 52.23562882263044], [7.833928430424654, 52.23229413880087], [7.834149011117031, 52.227801909833445], [7.832486493535914, 52.22439826594408], [7.828940877681304, 52.22208320713276], [7.823512236262438, 52.220856390882915]]]}}, {"type": "Feature", "properties": {"band": "echo", "dbz": 35.0, "source": "OPERA-ORD", "time": "20260907002000"}, "geometry": {"type": "Polygon", "coordinates": [[[8.396228506826782, 52.16732660464095], [8.388924342242593, 52.16722444366028], [8.381620209235061, 52.1671218185472], [8.374316107804182, 52.167018729301695], [8.36879645231202, 52.16806457383381], [8.365061242758575, 52.17025935214353], [8.3631104246017, 52.17360340651945], [8.362943997841397, 52.178096736961535], [8.364645917939871, 52.18149269007942], [8.368216184897124, 52.183791265873126], [8.373654853305545, 52.18499212188865], [8.380961923165135, 52.185095258126], [8.38826902464856, 52.18519793001961], [8.395576157755817, 52.185300137569484], [8.401097027805568, 52.184253271841], [8.404831634797809, 52.18205733283416], [8.406779925317394, 52.178712663024314], [8.40694189936432, 52.17421926241145], [8.405237312070557, 52.17082384286158], [8.401666163436103, 52.16852640437472], [8.396228506826782, 52.16732660464095]]]}}, {"type": "Feature", "properties": {"band": "echo", "dbz": 35.0, "source": "OPERA-ORD", "time": "20260907002000"}, "geometry": {"type": "Polygon", "coordinates": [[[8.353073495868086, 52.148733302372904], [8.345772487778081, 52.14862840442457], [8.340254452296554, 52.1496728883331], [8.33651938942351, 52.15186675409849], [8.334567243723406, 52.155210343811305], [8.334398015196246, 52.15970365747155], [8.334228745066344, 52.16419696336106], [8.334059433333696, 52.168690261479824], [8.33575878606275, 52.17208664865391], [8.339326803253504, 52.174386124883334], [8.342979144667137, 52.17443883581279], [8.346715810303648, 52.17224478144231], [8.348668057305302, 52.16890109319172], [8.348835885672099, 52.16440777106102], [8.350787368111, 52.16106394900989], [8.354522504622004, 52.15886962703835], [8.35825726823174, 52.15667518117397], [8.36199165894021, 52.15448061141678], [8.362075140699105, 52.15223393274041], [8.358507713508429, 52.149935145144845], [8.353073495868086, 52.148733302372904]]]}}, {"type": "Feature", "properties": {"band": "echo", "dbz": 35.0, "source": "OPERA-ORD", "time": "20260907002000"}, "geometry": {"type": "Polygon", "coordinates": [[[12.87148894084762, 51.98970136462021], [12.86421741819359, 51.989883520477214], [12.85883584700024, 51.9911426888596], [12.855344227267572, 51.99347886976735], [12.853742653427917, 51.996892402896854], [12.854031125481269, 52.00138328824812], [12.854319668135236, 52.005874164945254], [12.854608281389815, 52.010365032988254], [12.856643769314587, 52.013687784073525], [12.860426131909556, 52.01584241820106], [12.865955274587172, 52.01682859542327], [12.87323119734744, 52.01664631574015], [12.878761049995362, 52.0176321237209], [12.882544832530934, 52.019786019365526], [12.886328985966317, 52.021939786980774], [12.89011351030151, 52.024093426566644], [12.895644356137678, 52.02507816186801], [12.902921523474818, 52.02489399288486], [12.908305694501223, 52.0236330249814], [12.911796869216891, 52.021295258157615], [12.91339514391222, 52.017881032395366], [12.913100518587214, 52.01339034769465], [12.911061039664947, 52.010068525462415], [12.907276707145417, 52.00791556569866], [12.901747424826462, 52.006931128584604], [12.894473192708082, 52.00711521412025], [12.888944619696302, 52.00613040765321], [12.885161705791123, 52.00397670918349], [12.883124546467531, 52.00065445853793], [12.882833141725525, 51.996163655716536], [12.880796755059551, 51.99284126240231], [12.877015386469608, 51.99068727859524], [12.87148894084762, 51.98970136462021]]]}}, {"type": "Feature", "properties": {"band": "echo", "dbz": 35.0, "source": "OPERA-ORD", "time": "20260907002000"}, "geometry": {"type": "Polygon", "coordinates": [[[7.193956741993384, 51.99132414945149], [7.186684780257359, 51.99114568649243], [7.181159470794912, 51.99213441116532], [7.177380813606044, 51.99429032347015], [7.175348715493114, 51.99761376314643], [7.175063176456123, 52.00210473019416], [7.1766676993062175, 52.00551776138671], [7.180162284043397, 52.00785285672409], [7.18554702395075, 52.0091096763038], [7.192821919028279, 52.00928822012583], [7.198207416046031, 52.01054471139538], [7.201703515004009, 52.01287915011243], [7.20519997715032, 52.01521348126657], [7.20869680248496, 52.017547704857805], [7.212334698241084, 52.01763629402856], [7.216113664418689, 52.015479248778874], [7.218143785771622, 52.012155190742085], [7.218425062299884, 52.0076641199182], [7.216817589515099, 52.00425159175933], [7.213321367417265, 52.00191760626546], [7.209825508262486, 51.99958351320894], [7.20633001205076, 51.99724931258977], [7.202834878674022, 51.994915004442895], [7.199340108132271, 51.99258058876831], [7.193956741993384, 51.99132414945149]]]}}, {"type": "Feature", "properties": {"band": "echo", "dbz": 35.0, "source": "OPERA-ORD", "time": "20260907002000"}, "geometry": {"type": "Polygon", "coordinates": [[[7.690730093541627, 50.83292492077615], [7.683640111086103, 50.832778463684406], [7.676550170513353, 50.83263155779754], [7.66946027182338, 50.83248420311557], [7.664085834686067, 50.83349713847711], [7.660426859101415, 50.83567036388214], [7.65848327277419, 50.83900420831217], [7.6582550757043935, 50.8434986717672], [7.656310769396596, 50.84683238016335], [7.652650353850796, 50.849005333500614], [7.648989590223599, 50.851178163929134], [7.6453284785150055, 50.853350871448896], [7.643383024967692, 50.856684420408], [7.643153229581659, 50.86117881080646], [7.641207055205945, 50.864512223585436], [7.63754450184055, 50.86668465874494], [7.632165642640333, 50.86769578700322], [7.625070477605293, 50.86754560836029], [7.619690946065913, 50.86855638079398], [7.616027048022191, 50.87072810430432], [7.614078709661268, 50.87406110817027], [7.613845930983142, 50.87855539239184], [7.6154457923657155, 50.881963831370975], [7.618878293808988, 50.884286425107675], [7.622311137886879, 50.88660891223034], [7.625744324599388, 50.88893129273895], [7.629177854044712, 50.89125356660041], [7.6326117262228514, 50.8935757338147], [7.636045941232016, 50.89589779434873], [7.6394804990722065, 50.89821974820248], [7.642915399841657, 50.9005415953428], [7.646350643540367, 50.90286333576968], [7.6497862302665816, 50.90518496944999], [7.653222160020302, 50.90750649638372], [7.654825590677074, 50.91091441088439], [7.654596522236896, 50.915408712951994], [7.656200615020187, 50.918816523784265], [7.659637869026945, 50.921137843381196], [7.664908357025393, 50.92237234193668], [7.672012079015528, 50.92252001945073], [7.677283277980308, 50.923754194356405], [7.680721953919733, 50.92607486665371], [7.682328034650997, 50.9294823661787], [7.682101520174104, 50.93397669293138], [7.683708264077784, 50.93738408858648], [7.687148266362039, 50.93970455314399], [7.6905886124269855, 50.94202491073845], [7.694029302272626, 50.94434516136986], [7.697470335997398, 50.94666530500493], [7.7009117136013, 50.94898534164365], [7.704353435182788, 50.95130527125276], [7.707795500741863, 50.95362509383223], [7.711237910376993, 50.95594480934876], [7.714680664088179, 50.95826441780235], [7.718123761973912, 50.96058391915966], [7.72156720403419, 50.96290331342072], [7.725010990367521, 50.96522260055215], [7.728455120973905, 50.96754178055397], [7.731899595951863, 50.969860853392824], [7.735344415301396, 50.97217981906872], [7.738789579121047, 50.974498677548276], [7.742235087410813, 50.976817428831474], [7.747514115706309, 50.97804803813683], [7.754626664007535, 50.97819050546434], [7.759906404850946, 50.979420790127804], [7.763353338236541, 50.98173889212721], [7.766800616322501, 50.984056886814045], [7.770248239108827, 50.98637477418829], [7.7736962066940745, 50.98869255421652], [7.777144519078246, 50.99101022689872], [7.780593176359914, 50.99332779220146], [7.78404217853908, 50.995645250124724], [7.787491525714337, 50.99796260063506], [7.790941217885684, 51.000279843732486], [7.794391255151731, 51.0025969793835], [7.797841637512478, 51.0049140075881], [7.803125351351348, 51.00614199940172], [7.810242396668339, 51.00628095482434], [7.81552682376316, 51.00750862139551], [7.818978632635812, 51.009824999115224], [7.818871528016685, 51.01207222713531], [7.815205509905781, 51.01425030545579], [7.811539140753548, 51.01642826100544], [7.807872420559986, 51.01860609378427], [7.807765264732758, 51.02085331201305], [7.811217673271868, 51.02316991569178], [7.814670427366172, 51.02548641180608], [7.81812352701567, 51.02780280035594], [7.821576972319111, 51.0301190813078], [7.8250307632764935, 51.03243525466164], [7.830318350834818, 51.03366196278918], [7.837439734994085, 51.03379920569043], [7.844561158599559, 51.03393599753371], [7.851682621651238, 51.034072338319035], [7.856971331041869, 51.03529805169054], [7.860427286771451, 51.0376131376482], [7.862050421814252, 51.04101792719406], [7.861840736170272, 51.04551242032813], [7.8616310003598855, 51.05000690374517], [7.8614212143830935, 51.05450137744518], [7.863045292871657, 51.0579060546786], [7.866503235825577, 51.06022093544544], [7.871795110118302, 51.061445688495695], [7.878920915749832, 51.06158031382938], [7.884213504958284, 51.062804740741875], [7.887672877743656, 51.06511896923317], [7.891132597006049, 51.06743308980778], [7.894592662745463, 51.06974710246568], [7.89805307506076, 51.0720610071732], [7.901513833951942, 51.07437480393032], [7.9049749395178885, 51.07668849270331], [7.9084363917586025, 51.07900207349218], [7.911898190772979, 51.081315546263184], [7.915360336561021, 51.08362891101633], [7.918822829221641, 51.085942167717874], [7.92228566875484, 51.08825531636779], [7.92574885525955, 51.09056835693233], [7.92921238873577, 51.0928812894115], [7.932676269282451, 51.0951941137715], [7.936140496899592, 51.09750683001233], [7.939605071686157, 51.0998194381002], [7.943069993642147, 51.10213193803509], [7.946535262866545, 51.10444432978321], [7.950000879359352, 51.10675661334456], [7.955300315169949, 51.10797743059613], [7.962433570298337, 51.108106781537906], [7.967833317136497, 51.107079976442975], [7.971499555684426, 51.10489701531134], [7.973432222143555, 51.101558229898515], [7.973631316513883, 51.097063620204516], [7.973830363218887, 51.092569000920065], [7.974029362258571, 51.088074372045156], [7.9759608813786915, 51.08473543089093], [7.979624920579248, 51.08255217745739], [7.9832886076145035, 51.080368801671426], [7.986951942484461, 51.07818530353305], [7.988882315442085, 51.07484620672521], [7.989079726487379, 51.07035151124793], [7.989277090300037, 51.06585680614572], [7.989474406880062, 51.06136209141859], [7.98967167626012, 51.05686736705271], [7.989868898440214, 51.05237263304808], [7.990066073452988, 51.0478778893909], [7.990263201298441, 51.043383136081154], [7.990460282009181, 51.038888373105024], [7.990657315585208, 51.034393600462515], [7.989024870466262, 51.030990638276684], [7.985562946652344, 51.02867948654754], [7.980271607125779, 51.027459814257774], [7.9731508518865715, 51.02733162140738], [7.966030133732314, 51.02720297752889], [7.958909452663008, 51.02707388262229], [7.953619230289229, 51.025853214309386], [7.95015946661098, 51.023540972590176], [7.950259655038845, 51.02129360703032], [7.953919795572825, 51.019111117629826], [7.9575795851087525, 51.01692850595184], [7.961239023646627, 51.014745771996374], [7.961339164189898, 51.012498396718115], [7.9578800067385655, 51.01018638011707], [7.954421194836856, 51.00787425549122], [7.950962728484768, 51.005562022840564], [7.951062821176522, 51.003314637830094], [7.954721472912116, 51.00113210045981], [7.960109049635323, 51.000105336682104], [7.967225551346141, 51.00023434649696], [7.9743420900612065, 51.00036290558044], [7.981458665780519, 51.00049101393253], [7.988575278245356, 51.00061867154585], [7.995691927455718, 51.00074587842039], [8.000980606006927, 51.001964832856416], [8.00444131389898, 51.004275534853925], [8.007902367369336, 51.00658612866211], [8.011363766417995, 51.00889661428094], [8.016653559596104, 51.010114572807545], [8.023771746903664, 51.01024000424191], [8.030889970206596, 51.010364984816704], [8.0380082295049, 51.01048951453193], [8.04339472647451, 51.00945900626542], [8.047049461115428, 51.00727346001716], [8.047145376043334, 51.00502599144005], [8.04368247125823, 51.00271660053412], [8.040219912047661, 51.00040710132393], [8.036757698411627, 50.99809749380947], [8.03685356751364, 50.99585001552769], [8.0405075193537, 50.99366466647858], [8.044065622468631, 50.99372668545953], [8.047527876858439, 50.996036072470545], [8.050990476756105, 50.9983453511615], [8.05445342216163, 51.000654521532375], [8.059743399315698, 51.001870456351966], [8.066860408218306, 51.001993155620276], [8.07215109677758, 51.00320876341176], [8.075615464993518, 51.00551727972642], [8.077253452677088, 51.00891903539089], [8.077065059828286, 51.01341403040517], [8.078703719117593, 51.016815679480146], [8.082169430545013, 51.01912398261578], [8.085635487970126, 51.02143217726263], [8.089101891392934, 51.02374026342068], [8.092568640911454, 51.02604824105613], [8.096035736525682, 51.02835611016898], [8.099596070284989, 51.02841636593589], [8.103249642189374, 51.026229008356864], [8.10690286306748, 51.024041529006475], [8.11055573291931, 51.021853927884706], [8.11594220487244, 51.02081969996843], [8.123062278926865, 51.020938845257625], [8.128448068605941, 51.01990426358099], [8.132099573909668, 51.017715954938524], [8.135750728366668, 51.01552752464798], [8.13940153197694, 51.01333897270937], [8.143051984827329, 51.01115029915963], [8.146702086917836, 51.008961503998776], [8.150351838335297, 51.00677258726368], [8.154001239079715, 51.00458354895438], [8.157650289237925, 51.00239438910776], [8.161298988809923, 51.0002051077238], [8.161389288772689, 50.99795752361005], [8.15792118912622, 50.99565163676648], [8.152629123808063, 50.99444006139064], [8.145513092818218, 50.99432279748254], [8.140221738046012, 50.99311089452817], [8.136755059491444, 50.99080435252755], [8.136846012213955, 50.988556771624225], [8.140494596213546, 50.9863681518182], [8.144142829955662, 50.98417941047439], [8.147790713440305, 50.9819905475928], [8.151438246754141, 50.97980156321028], [8.155085429897168, 50.97761245732683], [8.158732262956052, 50.975423229979306], [8.162378745930793, 50.9732338811677], [8.164291788984952, 50.96989158236251], [8.16447139211853, 50.96539633356374], [8.16282844885886, 50.961995771953944], [8.159362959205943, 50.95968989753314], [8.154074980484982, 50.95847837983689], [8.146964512695979, 50.958361218865186], [8.14167724315083, 50.957149373847344], [8.13821317184954, 50.954842844783364], [8.134749445419628, 50.95253620719218], [8.131286063861097, 50.95022946107379], [8.12599990151873, 50.949016619938185], [8.118890958392525, 50.94889768378536], [8.113513011670452, 50.949932107646646], [8.109866061352514, 50.95211989152204], [8.106218761347108, 50.954307553822034], [8.102571111654235, 50.956495094546625], [8.098923112187544, 50.958682513659], [8.095274762947033, 50.96086981115913], [8.091626063846345, 50.96305698701019], [8.087977014885482, 50.96524404121219], [8.08259673318963, 50.966276722930616], [8.075485218758791, 50.96615503216546], [8.06837373941872, 50.96603289101331], [8.061262295169415, 50.965910299474174], [8.055976400288987, 50.964694426134685], [8.052516054777437, 50.962385270994844], [8.049056054116221, 50.96007600760642], [8.045596398305339, 50.9577666359694], [8.040311613932449, 50.95654976727536], [8.033201700997546, 50.95642540152432], [8.026091823901622, 50.95630058550627], [8.018981982644673, 50.95617531922121], [8.011872177484545, 50.956049602676366], [8.00476240842124, 50.95592343587174], [7.997652675712581, 50.9557968188146], [7.990542979358571, 50.95566975150495], [7.985161320670864, 50.956698010930836], [7.981507699649461, 50.958881597092244], [7.977853728725185, 50.961065061210874], [7.974199407898037, 50.963248403286705], [7.970544737082039, 50.96543162328281], [7.966889716277193, 50.9676147211992], [7.963234345397519, 50.96979769699888], [7.959578624443016, 50.97198055068187], [7.9560228263222195, 50.97191587014143], [7.95256695103513, 50.969603655377554], [7.952666852650967, 50.9673562313001], [7.956322531169735, 50.965173597909086], [7.95997785969479, 50.96299084238913], [7.9636328382261325, 50.960807964740226], [7.963732692155376, 50.958560530861504], [7.9602774214825205, 50.956248540752945], [7.956822495373545, 50.953936442725876], [7.95336791382845, 50.9516242367803], [7.951740752543476, 50.948220692302634], [7.95194101151862, 50.943725809292886], [7.952141222724079, 50.939230916443826], [7.952341386159852, 50.934736013755455], [7.952541501858866, 50.93024110121395], [7.9527415698211215, 50.92574617881932], [7.951115626194242, 50.92234251335279], [7.947663670978226, 50.92003010481437], [7.94238576794533, 50.91880862323173], [7.935281917095552, 50.91867806860489], [7.930004723141244, 50.917456261488375], [7.926554186082405, 50.9151432018822], [7.923103992771405, 50.91283003456024], [7.919654143208246, 50.910516759522466], [7.916204637295302, 50.90820337680233], [7.912755475032575, 50.90588988639981], [7.911132861935621, 50.90248569337988], [7.91133679800444, 50.89799079774253], [7.909714850230718, 50.894586499364905], [7.906267018614457, 50.892272798247014], [7.902819530290085, 50.889958989531074], [7.8993723852576, 50.88764507321709], [7.8959255834195, 50.885331049338426], [7.892479124775785, 50.88301691789509], [7.887206890746561, 50.881792834356666], [7.880108881331828, 50.88165879872315], [7.874733409619747, 50.88268181414164], [7.871080475610318, 50.88486188061213], [7.867427192993443, 50.88704182484477], [7.86377356176912, 50.88922164683959], [7.85839712689736, 50.890243626362384], [7.851297888378163, 50.89010776341317], [7.846026157327069, 50.8888820043401], [7.8425819337440785, 50.886566349143166], [7.840965150768401, 50.88316112744724], [7.841175808400038, 50.878666339252305], [7.8413864158611375, 50.87417154106386], [7.841596973151701, 50.869676732881885], [7.839981124090488, 50.86627139880899], [7.836538868677501, 50.86395553884518], [7.831270273922714, 50.86272882361143], [7.824175339826128, 50.86259125310774], [7.817080445147489, 50.86245323343358], [7.809985589886802, 50.86231476458894], [7.80289077429974, 50.86217584658178], [7.795795998386307, 50.86203647941209], [7.790420929119589, 50.863055461103855], [7.786765566499588, 50.86523279165708], [7.784829842019482, 50.8685688004125], [7.784613755679272, 50.87306348737012], [7.782677311546336, 50.876399360941434], [7.779020509620672, 50.878576421126446], [7.775472145188201, 50.878506040718264], [7.772032218248924, 50.87618821971688], [7.768592634049725, 50.873870291610885], [7.765153392590603, 50.87155225640029], [7.761714493773834, 50.869234114118306], [7.758275937599414, 50.866915864764934], [7.756666032664793, 50.863509417451574], [7.756884778969967, 50.85901477217824], [7.75527553579788, 50.855608220574496], [7.75183830314853, 50.85328976264034], [7.746573150611413, 50.85205906915048], [7.73948007818653, 50.85191614010491], [7.732387046683725, 50.851772762035225], [7.7252940561029995, 50.85162893494143], [7.720030017976173, 50.850397252141605], [7.716594932303245, 50.84807771363576], [7.713160188751259, 50.84575806827344], [7.709725787320217, 50.843438316054645], [7.70629172791246, 50.84111845701248], [7.702858010527989, 50.83879849114695], [7.699424635069162, 50.836478418491154], [7.69599160153598, 50.83415823904507], [7.690730093541627, 50.83292492077615]]]}}, {"type": "Feature", "properties": {"band": "echo", "dbz": 35.0, "source": "OPERA-ORD", "time": "20260907002000"}, "geometry": {"type": "Polygon", "coordinates": [[[6.3273569553177715, 51.012583321930016], [6.3202440906515704, 51.01235046319359], [6.3148190811442735, 51.01329816142966], [6.31108192679588, 51.01542641663821], [6.310901479793211, 51.01767144892304], [6.314277740136267, 51.020033258284144], [6.31765434272649, 51.02239496521026], [6.321031287563882, 51.02475656970141], [6.324408574750782, 51.027118071725425], [6.327786204287191, 51.029479471282286], [6.33134371104949, 51.02959571387859], [6.335081095037674, 51.02746679951434], [6.3371292360651115, 51.024157277111385], [6.337488134131801, 51.01966714666972], [6.335979034286577, 51.01624149891123], [6.332601936529439, 51.0138803338359], [6.3273569553177715, 51.012583321930016]]]}}, {"type": "Feature", "properties": {"band": "echo", "dbz": 35.0, "source": "OPERA-ORD", "time": "20260907002000"}, "geometry": {"type": "Polygon", "coordinates": [[[8.209207817534303, 51.00435247247951], [8.20209012807784, 51.004238789474144], [8.194972471483755, 51.004124655625205], [8.187854847752046, 51.004010070932694], [8.18247199857233, 51.005047761358526], [8.17882392394461, 51.0072377269027], [8.17873497401154, 51.00948532684608], [8.182205148773122, 51.01179056118866], [8.187499744654689, 51.013000483298754], [8.194618761656242, 51.01311509317637], [8.199914068509372, 51.01432468727205], [8.203385665214082, 51.01662926558581], [8.20685760809467, 51.01893373499827], [8.210329897151139, 51.02123809550941], [8.213889803344156, 51.02129473025635], [8.217537326673723, 51.0191036392391], [8.219448317486336, 51.015760467298115], [8.219622775781996, 51.011265214433415], [8.217974169263002, 51.00786551949635], [8.214502497929356, 51.00556138248691], [8.209207817534303, 51.00435247247951]]]}}, {"type": "Feature", "properties": {"band": "echo", "dbz": 35.0, "source": "OPERA-ORD", "time": "20260907002000"}, "geometry": {"type": "Polygon", "coordinates": [[[8.014589962724708, 50.89311888439505], [8.007489900241728, 50.892992911024635], [8.000389873929434, 50.89286648809073], [7.993289883787822, 50.892739615593335], [7.987915669371435, 50.89376805586019], [7.984267230680271, 50.8959518088913], [7.982344505212076, 50.89929120443561], [7.98214749296685, 50.90378624249314], [7.983775392515139, 50.907189418010276], [7.987228203856942, 50.909500730987006], [7.992505989550253, 50.91071985152004], [7.9996087495950725, 50.910846779609386], [8.006711545863013, 50.91097325793859], [8.013814378354077, 50.91109928650768], [8.019189747797983, 50.91006986268299], [8.02283765419473, 50.907884986464516], [8.024758036049182, 50.90454498778004], [8.02495089336134, 50.90004986662957], [8.023320490004613, 50.89664719731082], [8.019866825979003, 50.89433697982378], [8.014589962724708, 50.89311888439505]]]}}, {"type": "Feature", "properties": {"band": "echo", "dbz": 35.0, "source": "OPERA-ORD", "time": "20260907002000"}, "geometry": {"type": "Polygon", "coordinates": [[[8.073871727955247, 50.87728394334466], [8.07022870238358, 50.87947052248925], [8.068312928549554, 50.882811433020024], [8.068124406453164, 50.88730667493699], [8.067935839418315, 50.8918019069862], [8.067747227445011, 50.89629712916767], [8.06938118888312, 50.8996990867772], [8.072837723732643, 50.90200777981478], [8.076294602414283, 50.904316364645695], [8.079751824928039, 50.90662484126994], [8.083209391371081, 50.90893320965395], [8.086667301743415, 50.911241469797716], [8.090218566178482, 50.91130200364167], [8.093863184676282, 50.9091148111858], [8.095778459620691, 50.905773587104946], [8.095964391011709, 50.90127833139913], [8.09432870581065, 50.897876685152056], [8.090871404017514, 50.895568648363735], [8.087414445923898, 50.893260503337295], [8.0839578315298, 50.89095225007275], [8.082323093422232, 50.88755048913798], [8.082510231601198, 50.88305522053297], [8.08087616070328, 50.87965335311594], [8.077420880728479, 50.87734488688689], [8.073871727955247, 50.87728394334466]]]}}, {"type": "Feature", "properties": {"band": "echo", "dbz": 35.0, "source": "OPERA-ORD", "time": "20260907002000"}, "geometry": {"type": "Polygon", "coordinates": [[[8.271227714306624, 50.87038080496444], [8.264130590154787, 50.870271090339315], [8.25876516253231, 50.871312537810795], [8.255131431439196, 50.873505147378886], [8.253229342843397, 50.876849248729044], [8.253058896744918, 50.881344841861285], [8.252888410019583, 50.88584042519375], [8.252717882667397, 50.89033599872644], [8.254365279308981, 50.89373529051575], [8.257830599944334, 50.89603830056167], [8.261380876371785, 50.896093412725484], [8.265016108591333, 50.89390062700719], [8.26865099235851, 50.891707720423824], [8.272285527673318, 50.88951469297539], [8.27583583551133, 50.88956935549943], [8.279301915872544, 50.89187170799593], [8.28095103694675, 50.89527068527115], [8.28078319873395, 50.89976628732509], [8.28243299022746, 50.903165156776105], [8.285900411427276, 50.905467293624206], [8.289368176911998, 50.90776932152636], [8.292836286681622, 50.91007124048257], [8.296304740832795, 50.91237305045909], [8.29977353936552, 50.914674751455905], [8.303325294921507, 50.9147285382421], [8.306960007500761, 50.91253441081769], [8.308859936945124, 50.90918953217387], [8.309025083254598, 50.90469390231065], [8.310924297825046, 50.90134889217529], [8.31455758065647, 50.89915450176781], [8.318190514977019, 50.896959990655056], [8.321823100786695, 50.89476535883702], [8.321905268646628, 50.89251752342726], [8.318437018556821, 50.89021648442575], [8.314969112483311, 50.887915336416164], [8.311501550426097, 50.8856140793985], [8.308034332288756, 50.88331271340647], [8.304567458071283, 50.88101123844007], [8.29928470485817, 50.87980653063308], [8.292186072649418, 50.879698589985495], [8.28690402467591, 50.87849355441749], [8.283438560937643, 50.87619142392905], [8.279973440897018, 50.87388918458287], [8.276508664554035, 50.87158683637896], [8.271227714306624, 50.87038080496444]]]}}, {"type": "Feature", "properties": {"band": "echo", "dbz": 35.0, "source": "OPERA-ORD", "time": "20260907002000"}, "geometry": {"type": "Polygon", "coordinates": [[[7.653674115194718, 50.72416947906027], [7.646600885672974, 50.724020719234744], [7.641238589191659, 50.72503264638489], [7.637587225750774, 50.7272052605107], [7.63564672279539, 50.73053888956778], [7.635417080325506, 50.735033533556134], [7.6334758612475015, 50.73836702664185], [7.629823065561377, 50.740539368824926], [7.626169923767367, 50.742711588301844], [7.622516435865473, 50.744883685072615], [7.620574075094536, 50.74821701846405], [7.620342841454558, 50.75271158847615], [7.620111552880626, 50.75720614819245], [7.619880209372738, 50.76170069761294], [7.6179367057506155, 50.76503387122064], [7.614281042014259, 50.76720566901557], [7.610625031674228, 50.769377343980864], [7.606968674730524, 50.77154889611652], [7.603311971099588, 50.77372032538574], [7.59965492078142, 50.77589163178852], [7.594285833076534, 50.77690101504145], [7.587204707984931, 50.77674847514455], [7.5818349514938115, 50.7777575030734], [7.578176563603176, 50.77992809882799], [7.576229469712727, 50.7832605908136], [7.575993669822464, 50.787754979030225], [7.5775877515497925, 50.791164086093794], [7.581011714894711, 50.7934879120043], [7.584436019152795, 50.79581163161743], [7.587860664324044, 50.79813524493317], [7.589455663141029, 50.80154424189481], [7.589221015603753, 50.80603862250234], [7.590816671793885, 50.809447516338864], [7.594242631711425, 50.81177092340438], [7.597668932898995, 50.81409422408978], [7.601095575356594, 50.816417418395055], [7.604522559181943, 50.81874050628726], [7.6079498843750395, 50.8210634877664], [7.611377551033625, 50.82338636279951], [7.6148055591577, 50.825709131386574], [7.616403450633921, 50.82911770851684], [7.616171225462292, 50.8336120941903], [7.6159389450161195, 50.83810646969118], [7.615706609295406, 50.84260083501951], [7.61730542151281, 50.84600930180582], [7.620735381668331, 50.84833187005012], [7.624281216909981, 50.84840714278273], [7.627942927237761, 50.84623512000364], [7.6316042895628495, 50.84406297425512], [7.635265303885246, 50.84189070553714], [7.638925970289041, 50.83971831388666], [7.6425862887742335, 50.83754579930367], [7.64453118173802, 50.83421231638484], [7.644760649180398, 50.82971786513017], [7.644990062040618, 50.825223403705394], [7.64521942031868, 50.82072893211051], [7.647163167149361, 50.817395289687454], [7.650821302532662, 50.81522247643623], [7.656193899098436, 50.81421016355493], [7.663280956846681, 50.81435835104354], [7.668652882676242, 50.81334568299269], [7.672309676587117, 50.81117215940238], [7.674251266604331, 50.80783810907699], [7.6744776527278855, 50.80334353201652], [7.674703985034847, 50.79884894476076], [7.674930263525215, 50.79435434730972], [7.675156488235938, 50.78985973964967], [7.675382659167018, 50.785365121780615], [7.675608776355368, 50.78087049368884], [7.675834839800988, 50.77637585537433], [7.676060849540758, 50.77188120682339], [7.676286805574678, 50.76738654803601], [7.674686535888786, 50.76397871971139], [7.67126004048308, 50.761657721849524], [7.667833885546329, 50.759336617464655], [7.6644080710785305, 50.75701540655676], [7.664521311976776, 50.75476806981216], [7.668173608241063, 50.75259460723084], [7.671825558241538, 50.75042102206413], [7.6754771619782, 50.748247314312046], [7.677415780966882, 50.744913100250685], [7.677641415207585, 50.740418379880055], [7.676041933843153, 50.73701052942912], [7.672617336873584, 50.73468954889787], [7.669193079890082, 50.73236846189449], [7.665769162892649, 50.73004726841897], [7.6623455857843465, 50.72772596850416], [7.658922348565175, 50.725404562150075], [7.653674115194718, 50.72416947906027]]]}}, {"type": "Feature", "properties": {"band": "echo", "dbz": 35.0, "source": "OPERA-ORD", "time": "20260907002000"}, "geometry": {"type": "Polygon", "coordinates": [[[7.85299198599246, 50.701181992262505], [7.845921738556658, 50.70104585591762], [7.840566552782495, 50.702067375451655], [7.836926428669973, 50.70424655086461], [7.835001299870651, 50.707583710028125], [7.834791166384529, 50.71207885294221], [7.832865324610112, 50.71541587761317], [7.829223774547398, 50.71759478404098], [7.825581878915305, 50.719773568516366], [7.821939637713831, 50.72195223103931], [7.8200126646613235, 50.72528909828843], [7.819800959757785, 50.72978417026369], [7.817873272890915, 50.73312090287669], [7.8142296040607135, 50.73529929612741], [7.8088700204544725, 50.73631902184402], [7.801794522072192, 50.73618008002654], [7.79643426916326, 50.737199452203896], [7.792789261727676, 50.739377138376106], [7.79085943192912, 50.74271346671363], [7.790644779767593, 50.74720843721646], [7.792253317818736, 50.750614579856006], [7.795685046082552, 50.752931894632255], [7.799117114948855, 50.755249102462976], [7.8025495244176435, 50.75756620334817], [7.802442465331211, 50.759813680895974], [7.7987959376895555, 50.76199153510639], [7.795256491750149, 50.761921802311036], [7.791824127512992, 50.759604482509914], [7.788392103942769, 50.757287055779116], [7.784960421039481, 50.754969522118614], [7.779705536769117, 50.75374035813169], [7.772627451131676, 50.75359956381833], [7.767264520134691, 50.754617520986656], [7.763616743778161, 50.75679422963669], [7.761684053261782, 50.76013001808235], [7.761466448585558, 50.76462488632364], [7.761248792195143, 50.76911974436128], [7.761031084090541, 50.773614592195266], [7.762638320889342, 50.77702111396436], [7.766070502591545, 50.779339309668565], [7.769503025315443, 50.78165739847347], [7.772935889061035, 50.78397538037909], [7.774544051429359, 50.787381790310576], [7.774327512420416, 50.79187662826793], [7.77593633429867, 50.79528293386711], [7.779370517064124, 50.7976007071081], [7.7828050412071, 50.799918373366495], [7.786239906727599, 50.8022359326423], [7.787849655724634, 50.805642126308236], [7.7876342881982055, 50.810136954364296], [7.789244697530455, 50.8135430435908], [7.792680883721382, 50.81586039398773], [7.796117411646106, 50.81817763731861], [7.7995542813046255, 50.82049477358347], [7.799446865309925, 50.82274218007866], [7.795795163662003, 50.824919856804186], [7.792143114461621, 50.82709741118393], [7.788490717708776, 50.82927484321788], [7.788383250586922, 50.83152223961774], [7.791820713096061, 50.83383960038351], [7.797084761461324, 50.83506791865422], [7.804175395682712, 50.83520719442986], [7.809546608877475, 50.834187774601425], [7.813198401045611, 50.8320096591689], [7.816849845584326, 50.82983142145143], [7.820500942493618, 50.82765306144901], [7.8241516918580984, 50.82547457919841], [7.827802093677766, 50.823295974699654], [7.831452148037229, 50.82111724798948], [7.835101854936486, 50.81893839906789], [7.8404707643983516, 50.817917236025245], [7.847558876422827, 50.818053758861545], [7.852927113347599, 50.81703224186599], [7.8565754751726695, 50.81485268503859], [7.858503895594091, 50.811515417337034], [7.858712374611864, 50.807020438761356], [7.85709736164006, 50.80361525342792], [7.853658856678678, 50.801299861336744], [7.850220693256369, 50.798984362018146], [7.846782871373136, 50.79666875547214], [7.84516878909154, 50.79326345754647], [7.8453784464115826, 50.78876846824114], [7.847306326435024, 50.785431267339135], [7.850952429161863, 50.78325185484046], [7.8563168209253424, 50.78222990211165], [7.863399501725462, 50.78236540915273], [7.8704822209256875, 50.78250046788045], [7.877564978526017, 50.7826350782948], [7.8846477742723415, 50.78276924038812], [7.891730608164659, 50.78290295416039], [7.898813479948841, 50.783036219604], [7.905896389624887, 50.783169036718945], [7.911259249450081, 50.782144691176654], [7.914902059424422, 50.77996318297713], [7.916824755171298, 50.77662484078809], [7.917027336690709, 50.77212966460953], [7.917229870082251, 50.7676344783081], [7.917432355345925, 50.76313928188381], [7.9176347925147486, 50.75864407532286], [7.917837181588726, 50.75414885862526], [7.91621958860358, 50.75074443495413], [7.91278201355931, 50.74843080430947], [7.909242946003527, 50.748364670429574], [7.905602385936229, 50.750546033314436], [7.901961479748148, 50.75272727442821], [7.8983202274392825, 50.754908393770926], [7.894781197552968, 50.75484181190002], [7.891344390089202, 50.75252752881552], [7.887907923355485, 50.75021313847664], [7.884471797351816, 50.74789864088338], [7.881036011981676, 50.745584036068834], [7.877600567245064, 50.74326932403298], [7.8759860024646775, 50.73986438286915], [7.876192317640515, 50.735369212577325], [7.8745784119921325, 50.7319641664636], [7.87114428551953, 50.729649244528], [7.867710499326392, 50.72733421545449], [7.86427705341272, 50.72501907924308], [7.862664075809601, 50.72161392026492], [7.862871566517035, 50.717118738519986], [7.863079007995135, 50.71262354654076], [7.863286400243901, 50.70812834432724], [7.8616743497038035, 50.7047230725241], [7.858242856374843, 50.70240773113134], [7.85299198599246, 50.701181992262505]]]}}, {"type": "Feature", "properties": {"band": "echo", "dbz": 35.0, "source": "OPERA-ORD", "time": "20260907002000"}, "geometry": {"type": "Polygon", "coordinates": [[[7.750081311444756, 50.780143501796076], [7.742999263337152, 50.78000082230603], [7.737632595331739, 50.78101733461949], [7.733981307428518, 50.78319303873645], [7.73204532981174, 50.786528263197525], [7.731824662481404, 50.79102300800271], [7.7316039426772045, 50.79551774263017], [7.7313831703991385, 50.80001246707988], [7.732989100557473, 50.80341936804544], [7.736421733152209, 50.805738445526856], [7.741681138110277, 50.806969370746614], [7.748767315431678, 50.80711214370472], [7.754136487781567, 50.806095362332485], [7.75778865515994, 50.803919026629906], [7.759723748257175, 50.80058346539007], [7.759941767073267, 50.79608867861299], [7.760159734068548, 50.79159388167349], [7.760377649243017, 50.7870990745716], [7.758770538997328, 50.783692463650766], [7.75533840333148, 50.78137404891098], [7.750081311444756, 50.780143501796076]]]}}, {"type": "Feature", "properties": {"band": "echo", "dbz": 35.0, "source": "OPERA-ORD", "time": "20260907002000"}, "geometry": {"type": "Polygon", "coordinates": [[[21.994851170939505, 50.099874337870254], [21.99197014455695, 50.10246599492669], [21.991099015066688, 50.10597566905352], [21.992237782468727, 50.110403360250764], [21.994817687772663, 50.113535143209305], [21.9988387309785, 50.11537101792913], [22.00286010133731, 50.117206738499526], [22.006881798849093, 50.119042304920484], [22.010903823557477, 50.12087771715153], [22.014926175462456, 50.122712975192655], [22.02038908144222, 50.12325181975098], [22.02729254149677, 50.12249425082651], [22.03218420065555, 50.12081913281674], [22.035064058918564, 50.11822646572167], [22.03449271885719, 50.11601285941718], [22.030470180471426, 50.114178313903274], [22.026447969127656, 50.11234361415657], [22.02242608482588, 50.110508760177076], [22.018404527522577, 50.10867375200526], [22.014383297217744, 50.106838589641136], [22.010362393867837, 50.10500327312515], [22.006341817472844, 50.10316780245729], [22.002321567989213, 50.10133217767804], [21.99830164541693, 50.09949639878737], [21.994851170939505, 50.099874337870254]]]}}, {"type": "Feature", "properties": {"band": "echo", "dbz": 35.0, "source": "OPERA-ORD", "time": "20260907002000"}, "geometry": {"type": "Polygon", "coordinates": [[[8.57378313000113, 50.73070268639245], [8.56670686393562, 50.73061216582771], [8.561364610729365, 50.731668204172955], [8.557756370382366, 50.733870801428175], [8.555882098591765, 50.73722028611292], [8.55574179535756, 50.74171665822719], [8.555601458787624, 50.746213020432705], [8.555461088881955, 50.75070937272946], [8.557125886740845, 50.75410444627835], [8.560595852364298, 50.75639824107936], [8.56413569056758, 50.756443750132156], [8.567745401350695, 50.75424097343674], [8.571354766488724, 50.75203807728276], [8.574963785981664, 50.74983506167024], [8.578572459916044, 50.74763192663521], [8.582180788291865, 50.74542867217767], [8.58405372981202, 50.742078839154196], [8.58419128447651, 50.73758242756481], [8.582525362115039, 50.73418765299628], [8.579055962727603, 50.73189451544864], [8.57378313000113, 50.73070268639245]]]}}, {"type": "Feature", "properties": {"band": "echo", "dbz": 35.0, "source": "OPERA-ORD", "time": "20260907002000"}, "geometry": {"type": "Polygon", "coordinates": [[[7.726615717583819, 50.68068329720853], [7.71954892174668, 50.680539170586655], [7.714193296125431, 50.681554638767906], [7.7105488407200715, 50.68372970175228], [7.7086154853877655, 50.68706468714045], [7.708393230128514, 50.69155959493243], [7.708170922141742, 50.696054492380085], [7.707948561427449, 50.700549379483434], [7.707726147949506, 50.7050442562562], [7.707503681707914, 50.70953912269839], [7.705568769446705, 50.71287392590645], [7.7019214111658805, 50.71504866588037], [7.6982737072838265, 50.71722328346527], [7.69462565780054, 50.71939777866116], [7.694514002715667, 50.721645188495685], [7.6979387420292085, 50.72396551296886], [7.701363821234025, 50.72628573088934], [7.704789240330118, 50.72860584225712], [7.70821499941431, 50.73092584703933], [7.711641098486601, 50.73324574523597], [7.715178243261645, 50.73331811873082], [7.7188264337394425, 50.73114296752389], [7.720761182048816, 50.727807963555456], [7.720982488189762, 50.723313106825536], [7.722916521623565, 50.71997796751424], [7.726563282350224, 50.717802545621566], [7.731922840276464, 50.7167865132023], [7.738995195402287, 50.716929870256436], [7.744354085336331, 50.71591348398623], [7.747999510078599, 50.71373735439168], [7.749931400371335, 50.710401809419864], [7.750149756214542, 50.70590684907077], [7.7485460847985275, 50.70249996904518], [7.74512038612329, 50.70018116934308], [7.741695026955657, 50.69786226299315], [7.73827000729563, 50.69554324999538], [7.736667256288313, 50.692136258231876], [7.736886773933707, 50.687641287702625], [7.735284678442898, 50.68423419195837], [7.731860969815892, 50.6819149709991], [7.726615717583819, 50.68068329720853]]]}}, {"type": "Feature", "properties": {"band": "echo", "dbz": 35.0, "source": "OPERA-ORD", "time": "20260907002000"}, "geometry": {"type": "Polygon", "coordinates": [[[7.613551951846692, 50.6783236147112], [7.60648582400375, 50.678172334070474], [7.6011279640892875, 50.67918237210791], [7.597478372103303, 50.68135372882351], [7.595536974450093, 50.68468673171997], [7.595303771129658, 50.68918138079731], [7.59689604793222, 50.69259036805387], [7.6003138048577785, 50.69491369348965], [7.605557115567311, 50.69615102944955], [7.61262598006082, 50.69630237593357], [7.617985281623118, 50.69529204323065], [7.621635020254206, 50.69312003134081], [7.623575122904786, 50.689786667935586], [7.623805589574857, 50.68529195301497], [7.62221187112446, 50.68188326042388], [7.618793967553596, 50.67956059016234], [7.613551951846692, 50.6783236147112]]]}}, {"type": "Feature", "properties": {"band": "echo", "dbz": 35.0, "source": "OPERA-ORD", "time": "20260907002000"}, "geometry": {"type": "Polygon", "coordinates": [[[7.658567347706655, 50.66240348941156], [7.654921796864527, 50.664576753042724], [7.651275901310541, 50.66674989425164], [7.647629661044697, 50.6689229130383], [7.643983075983942, 50.67109580936615], [7.640336146128275, 50.673268583235185], [7.638398186384033, 50.67660235434266], [7.638169196751218, 50.6810971226886], [7.637940152808435, 50.685591880637126], [7.637711054555685, 50.690086628188254], [7.6393064744671495, 50.69349501836986], [7.64272641254283, 50.695817051181955], [7.646260608806631, 50.69589159806891], [7.649909063258553, 50.693718659030715], [7.651847155371758, 50.690384799517844], [7.652074885146246, 50.685890019530305], [7.654012263009463, 50.68255602425708], [7.65765928896141, 50.68038281369817], [7.661305969957873, 50.678209480704055], [7.664952305998849, 50.6760360252747], [7.666888547348622, 50.67270187066835], [7.667114694007189, 50.668207016885006], [7.665518356284284, 50.66479890689399], [7.662099534179907, 50.66247754069532], [7.658567347706655, 50.66240348941156]]]}}, {"type": "Feature", "properties": {"band": "echo", "dbz": 35.0, "source": "OPERA-ORD", "time": "20260907002000"}, "geometry": {"type": "Polygon", "coordinates": [[[7.8413642486400805, 50.646966480435374], [7.8343022863403755, 50.646829627961544], [7.828953122110583, 50.64785063408188], [7.825316755950704, 50.65002949879637], [7.823393121359656, 50.65336654946664], [7.8231822183374415, 50.6578617860927], [7.822971265317678, 50.66235701237987], [7.822760262300367, 50.66685222832815], [7.822549209251278, 50.67134743395131], [7.82233810617041, 50.67584262924936], [7.823946603431072, 50.6792484324524], [7.827374701033264, 50.68156484356042], [7.832622465630287, 50.68279153489327], [7.83968989722214, 50.682928506450935], [7.845042595722132, 50.68190725755437], [7.848680561130267, 50.67972778820358], [7.850603727404903, 50.676390426093576], [7.850812094546042, 50.671895171224364], [7.8510204123025495, 50.667399906044665], [7.851228680674428, 50.66290463055448], [7.851436899695466, 50.65840934474002], [7.851645069365666, 50.65391404860128], [7.850035673098057, 50.650508527067004], [7.846608710892641, 50.648192780137194], [7.8413642486400805, 50.646966480435374]]]}}, {"type": "Feature", "properties": {"band": "echo", "dbz": 35.0, "source": "OPERA-ORD", "time": "20260907002000"}, "geometry": {"type": "Polygon", "coordinates": [[[22.073391192966074, 50.02636104962647], [22.066502241314527, 50.027121320389135], [22.059613085634794, 50.027881161555044], [22.052723725926874, 50.028640573124214], [22.04784186237662, 50.03031679697923], [22.04496749498403, 50.0329098331201], [22.0455383369625, 50.03512343910982], [22.049554388312043, 50.03695761494838], [22.05357076539999, 50.0387916367432], [22.057587468226338, 50.04062550449428], [22.061604496834292, 50.042459218161284], [22.06562185122384, 50.04429277774421], [22.069067361841444, 50.04391273720702], [22.071941028687103, 50.041319096549714], [22.07481439929424, 50.038725381803346], [22.077687473662863, 50.03613159296792], [22.080560251899094, 50.03353773006553], [22.083432734002944, 50.030943793096185], [22.082860648489113, 50.02873034701992], [22.0788439953576, 50.026897391836734], [22.073391192966074, 50.02636104962647]]]}}, {"type": "Feature", "properties": {"band": "echo", "dbz": 35.0, "source": "OPERA-ORD", "time": "20260907002000"}, "geometry": {"type": "Polygon", "coordinates": [[[7.53306467747027, 50.59557584880551], [7.526011351349462, 50.59541950931349], [7.520661298462629, 50.59642575044288], [7.517014518809773, 50.59859457219371], [7.515070936685274, 50.601926301246955], [7.514830552089135, 50.60642093760263], [7.516414238357548, 50.609831180126555], [7.519821995490515, 50.61215702881872], [7.525053899260654, 50.61339815684645], [7.532109949667965, 50.61355456420974], [7.537461440133434, 50.61254803025068], [7.54110837065706, 50.61037855496927], [7.543050666073791, 50.607046465215106], [7.543288326383626, 50.60255176098816], [7.541703202536576, 50.599141811293904], [7.538295294532641, 50.596816616132315], [7.53306467747027, 50.59557584880551]]]}}, {"type": "Feature", "properties": {"band": "echo", "dbz": 35.0, "source": "OPERA-ORD", "time": "20260907002000"}, "geometry": {"type": "Polygon", "coordinates": [[[7.590890599073951, 50.5698413081854], [7.58384100746846, 50.569688637556155], [7.578495200059604, 50.570697680035664], [7.574853176847382, 50.572868435623924], [7.572914863995495, 50.57620123080508], [7.572680261503942, 50.58069606557914], [7.574267350818668, 50.58410553919194], [7.577676131939675, 50.58642965164349], [7.58290667876857, 50.587668076298115], [7.589958991305354, 50.587820813155815], [7.595306232745595, 50.58681147722239], [7.598948403089293, 50.58464006849785], [7.600885429041371, 50.581306913634336], [7.601117310601831, 50.57681201263184], [7.59952878725572, 50.57340283247295], [7.596119859003037, 50.57107937315767], [7.590890599073951, 50.5698413081854]]]}}, {"type": "Feature", "properties": {"band": "echo", "dbz": 35.0, "source": "OPERA-ORD", "time": "20260907002000"}, "geometry": {"type": "Polygon", "coordinates": [[[6.533956675845354, 50.352853872791236], [6.526943337193582, 50.35263447679557], [6.521599770412689, 50.353592825480305], [6.517925975502678, 50.355728918845436], [6.515921847783966, 50.35904308050105], [6.515587387256556, 50.36353531044715], [6.515252848044071, 50.36802752877209], [6.514918230146511, 50.372519735475876], [6.512912934403767, 50.37583372458674], [6.509236960815837, 50.377969496104676], [6.5055606471854714, 50.380105141980906], [6.501883993512669, 50.38224066221541], [6.499877528585172, 50.385554478681684], [6.49954125240298, 50.39004659137973], [6.501043974644803, 50.393470967787664], [6.50438569531064, 50.3958276079055], [6.509566519809841, 50.39711618774869], [6.516586448142405, 50.39733670731723], [6.523606437666024, 50.397556783300764], [6.530626488380701, 50.3977764156993], [6.537646600041882, 50.39799560450061], [6.544666772649566, 50.3982143497047], [6.55001467978407, 50.397255171096354], [6.5536903214453925, 50.39511806867556], [6.555693593657072, 50.3918033664859], [6.5560244964191075, 50.387311064527374], [6.554518250117445, 50.3838873372672], [6.551174854752081, 50.38153218470538], [6.547831790759879, 50.379176930147345], [6.54448905814084, 50.376821573593105], [6.5429836586821395, 50.37339774469507], [6.543315592383779, 50.368905443453215], [6.543647448028338, 50.36441313061322], [6.5439792256158125, 50.3599208061751], [6.5424746720999725, 50.35649687566429], [6.539133787480818, 50.354141339080805], [6.533956675845354, 50.352853872791236]]]}}, {"type": "Feature", "properties": {"band": "echo", "dbz": 35.0, "source": "OPERA-ORD", "time": "20260907002000"}, "geometry": {"type": "Polygon", "coordinates": [[[7.012362442133554, 50.06964573986825], [6.99841635907309, 50.06926726522413], [6.986141612929353, 50.07005854062453], [6.975538203702344, 50.07201956606947], [6.968276368474605, 50.07632291590301], [6.964356107246134, 50.082968590125134], [6.9622513745727765, 50.088538583941386], [6.961962170454533, 50.09303289735176], [6.961672898700584, 50.09752719904907], [6.961383559310932, 50.10202148903332], [6.954260969918367, 50.10407570915191], [6.940305130522888, 50.10368985940484], [6.931802226807417, 50.10007778335193], [6.928752258771951, 50.09323948099318], [6.927519652554667, 50.085326096001296], [6.928104408155565, 50.076337628376294], [6.923240548082415, 50.07057377258024], [6.9129280723352196, 50.06803452861312], [6.905807573710023, 50.07008662723553], [6.901879052206826, 50.07673006844747], [6.899619628958533, 50.084545916036475], [6.8990293039651425, 50.09353417000255], [6.8934272076899195, 50.0990043183739], [6.882813340132861, 50.10095636115052], [6.875538473882214, 50.10525348699594], [6.871602608937975, 50.11189569591016], [6.8747951583273155, 50.116488188682425], [6.885116122050235, 50.11903096531275], [6.891799834372746, 50.123721952522274], [6.894846295294849, 50.13056115031099], [6.89971334883177, 50.13632562682105], [6.906400994983507, 50.141015382052444], [6.904432988762668, 50.1443367661704], [6.893809330169253, 50.14628977917491], [6.884856403695193, 50.149414684737515], [6.87757420934049, 50.153711482858235], [6.86694787558639, 50.155661414497416], [6.852977402432894, 50.15526447965506], [6.842650683025703, 50.15271923069956], [6.835967717364815, 50.14802566763091], [6.8292860634881745, 50.143331694577974], [6.8226057213957825, 50.13863731154074], [6.812283408138745, 50.13608820955036], [6.798319123717063, 50.135684388606826], [6.784355061623464, 50.13527880381797], [6.770391221857949, 50.134871455183784], [6.756427606339797, 50.13446234279356], [6.742464215069008, 50.13405146664731], [6.72850104996439, 50.13363882683506], [6.714538111025942, 50.13322442335683], [6.7055753537759575, 50.136335176383355], [6.701612778214434, 50.14297108591464], [6.697649055872736, 50.14960682513081], [6.693684186750863, 50.15624239403186], [6.68654228940213, 50.15827954822495], [6.676223363826539, 50.15571828771007], [6.671381273574042, 50.149944390456284], [6.672016018644639, 50.14095785646358], [6.670826297063136, 50.133041992268886], [6.667812108829533, 50.1261967978722], [6.661150219117427, 50.12149238151389], [6.6508406279268195, 50.118928743193976], [6.642196436599063, 50.1175407120014], [6.635217645134157, 50.11732828793618], [6.629742315210717, 50.120538676030804], [6.625770446828745, 50.127171876285274], [6.620132614597372, 50.13262811227169], [6.612828818516598, 50.13690738399005], [6.6040218875986785, 50.1377625449793], [6.593711821843615, 50.13519359523945], [6.5870558352954465, 50.13048540582193], [6.584053927954175, 50.12363797672674], [6.575574108113463, 50.11999740828148], [6.56161637577331, 50.11956370048615], [6.54932094382088, 50.120306264765226], [6.538687812256171, 50.122225101118715], [6.5366963511514244, 50.12554028440102], [6.543346560506642, 50.130251814612144], [6.544679051567501, 50.13592259090575], [6.540693824334002, 50.142552613281836], [6.533547325727407, 50.1445798721011], [6.523239555747715, 50.14200436736352], [6.516589620904621, 50.137291979553865], [6.513597521198125, 50.13044270867212], [6.505121880224114, 50.12679676549781], [6.4911626979825865, 50.126354150030934], [6.478864305551891, 50.127088854879204], [6.468226702932028, 50.12900088004262], [6.466229975106564, 50.13231475514098], [6.472874122075499, 50.13703048017428], [6.4708757242635855, 50.14034395604234], [6.460234781670823, 50.142255182745146], [6.452914755491021, 50.14652409879211], [6.448915645724181, 50.15315070418326], [6.448408275290282, 50.159889452664174], [6.451392644189323, 50.16674034423486], [6.4562091699138335, 50.172523914723364], [6.4628578524638165, 50.17724016412967], [6.4676764518656515, 50.183023442714536], [6.47066496811934, 50.189873750477965], [6.471822181346276, 50.197791355681325], [6.471148091546459, 50.206776258324616], [6.470473685641241, 50.215761113401584], [6.469798963630622, 50.22474592091222], [6.4746237957187835, 50.230528323078175], [6.484948181905723, 50.23310831989945], [6.493441000447779, 50.236755273634586], [6.500102251344954, 50.241469184283574], [6.508597572198821, 50.24511455515853], [6.518926963009381, 50.24769138625947], [6.523758999989198, 50.25347230094263], [6.52309368313827, 50.26245729920804], [6.52609553015877, 50.26930574912008], [6.5327645410507, 50.27401765067876], [6.53576725541172, 50.280866077178025], [6.535103673241831, 50.289851028617896], [6.531269594266959, 50.29423373832332], [6.524265018487105, 50.29401420629429], [6.519261985232735, 50.2904800920458], [6.516260494503852, 50.283631395577835], [6.50942404038828, 50.28116437511809], [6.49875262288602, 50.283079030666556], [6.494916218528095, 50.287460982247644], [6.497914827314508, 50.294310229861345], [6.502749608047202, 50.30009147427448], [6.509420560726178, 50.304804715487066], [6.516092833488532, 50.309517549754524], [6.522766426334263, 50.31422997707686], [6.529773007851661, 50.314449579881256], [6.537112578040729, 50.3101763581677], [6.544450793117902, 50.30590263510206], [6.551787653083184, 50.301628410684316], [6.558794476651069, 50.30184624289372], [6.565471263821555, 50.30655613173026], [6.572149371700174, 50.31126561286208], [6.5788288002869235, 50.315974686289174], [6.583675298906441, 50.32175261715696], [6.586688867558726, 50.32859940546545], [6.582855550941198, 50.33298361781276], [6.572175349053857, 50.33490525419889], [6.56483495059879, 50.339181063029024], [6.560834355576, 50.34581104430315], [6.5585036997676225, 50.3536184179396], [6.557842983173658, 50.36260318393838], [6.562692252889114, 50.36838144460003], [6.5730515089139905, 50.37095319992454], [6.581902968798891, 50.3701008113038], [6.589246632543816, 50.36582427873782], [6.594916999277784, 50.360370424198464], [6.598914069000797, 50.35373924768573], [6.6029099753398945, 50.347107899640335], [6.606904718295078, 50.34047638006226], [6.614079818881295, 50.33844411040522], [6.624435277098543, 50.34101109066919], [6.629289507818731, 50.34678721880336], [6.628642511041857, 50.355772494807724], [6.631665274623079, 50.362617843138004], [6.638357798562397, 50.36732326379422], [6.638033995691828, 50.37181585562267], [6.630693866011374, 50.37609561862335], [6.632206523719541, 50.37951813912248], [6.642571968816329, 50.38208341712004], [6.653098535658174, 50.38240138147264], [6.663786224245076, 50.38047203218027], [6.665781750819376, 50.37715547697535], [6.659085115381076, 50.372451715857856], [6.657731162027861, 50.36678310919851], [6.6617198907597315, 50.360149656997294], [6.669054718116985, 50.35586746046795], [6.6797356440996225, 50.35393651961046], [6.685394090716363, 50.34847820612536], [6.686030057967206, 50.33949252001265], [6.689853718289217, 50.33510422205724], [6.696865071682396, 50.33531331225913], [6.705550741681674, 50.3366970874598], [6.715910728287053, 50.339255547659235], [6.726428104328537, 50.339566524785795], [6.737102869806126, 50.3376300188395], [6.742752578336148, 50.33216869793674], [6.743377229918604, 50.323182562077534], [6.749023960251507, 50.31772013045037], [6.759692769334857, 50.31578140305524], [6.767011314118295, 50.31149321550387], [6.770979594601819, 50.30485556779627], [6.776620975346216, 50.29939190289524], [6.783935456351483, 50.29510222080077], [6.791248583596164, 50.29081204091383], [6.798560357080257, 50.28652136323442], [6.804196396307778, 50.28105646671111], [6.808156701278726, 50.274417351343885], [6.817139190598999, 50.271298584652385], [6.831143864268596, 50.27170016663659], [6.843473261001948, 50.27092699675583], [6.8541273807990555, 50.26897907501011], [6.859754913322837, 50.26351151423727], [6.860355858573292, 50.25452431443733], [6.85913218957841, 50.24661082694161], [6.856083906338188, 50.239771051750125], [6.851212208860027, 50.23400471529173], [6.844517097143926, 50.22931181756644], [6.834173878070738, 50.226764793051665], [6.820182551640463, 50.2263636417474], [6.806191447193302, 50.225960722745356], [6.792200564729256, 50.22555603604555], [6.783687200640885, 50.221932750975775], [6.780651354928188, 50.21509086753603], [6.78111199870539, 50.20835064922181], [6.785069131972488, 50.20171209603313], [6.7890251190992, 50.195073373531464], [6.7929799600855265, 50.188434481716826], [6.791616340431501, 50.182766750748755], [6.784934260137124, 50.17807018062725], [6.786910535626374, 50.17475056550201], [6.797545166899253, 50.17280790537301], [6.808027345389889, 50.1731110628765], [6.8183570710982835, 50.17566003801247], [6.8250420335406465, 50.18035492887807], [6.828082232716978, 50.18719573547331], [6.83659277778661, 50.19081565939926], [6.850573668749542, 50.19121470065592], [6.862732561417714, 50.19268615515394], [6.873069455791127, 50.19523002289334], [6.881585174626431, 50.19884732034228], [6.888279717923626, 50.20353804750076], [6.895123428486923, 50.2059814365344], [6.902116306316322, 50.20617748744319], [6.910930904410669, 50.205298239316534], [6.921567222769963, 50.20334369215442], [6.9302354709500085, 50.204710314025], [6.936935648950805, 50.2093981049283], [6.945603781296308, 50.21076306262199], [6.956239867986516, 50.20880518710609], [6.9650546169719, 50.20792206589671], [6.972048028252459, 50.208113698993856], [6.979041492153479, 50.20830489027799], [6.9860350086749605, 50.20849563974911], [6.991495319459473, 50.20526792276864], [6.995422424507014, 50.19862173933657], [7.0010245008398675, 50.1931462188724], [7.00830154845803, 50.18884136137613], [7.0172537464484, 50.18570652192588], [7.027881094810975, 50.18374170052167], [7.036830660329463, 50.18060565916542], [7.044102443003865, 50.176298397857124], [7.046202935298873, 50.1707272853497], [7.043132137214484, 50.16389232164315], [7.037961636941912, 50.16262828708356], [7.030691434481157, 50.16693518167094], [7.021886929895738, 50.16782362848538], [7.011548123185657, 50.165293627526886], [7.006664222295873, 50.159534334190184], [7.0072352272263885, 50.15054574847527], [7.012829894295196, 50.14506921887795], [7.023448223502293, 50.14310474539823], [7.030715267604807, 50.138798583465444], [7.034631026602733, 50.1321507330796], [7.033239830075726, 50.12648573247276], [7.026541678023788, 50.121803581644926], [7.0251498885953545, 50.1161386376542], [7.029064461790427, 50.10949090050059], [7.032977904855455, 50.10284299686696], [7.036890217790438, 50.09619492675331], [7.037314090744994, 50.08945315258286], [7.034249523719126, 50.082617674355596], [7.029371801070591, 50.07685869572906], [7.022680922799388, 50.07217621670323], [7.012362442133554, 50.06964573986825]]]}}, {"type": "Feature", "properties": {"band": "echo", "dbz": 35.0, "source": "OPERA-ORD", "time": "20260907002000"}, "geometry": {"type": "Polygon", "coordinates": [[[6.414895138996272, 50.27814517958922], [6.411222475436497, 50.28027782520368], [6.407549473538246, 50.28241034509819], [6.403876133301521, 50.28454273927273], [6.400202454649627, 50.28667500769065], [6.396528437582563, 50.28880715035195], [6.396356116425984, 50.29105314862261], [6.399685491179891, 50.293413002502625], [6.403015195484627, 50.295772755040375], [6.406345229340192, 50.298132406235865], [6.407838137904683, 50.3015582245944], [6.4074939211781, 50.306050210115984], [6.407149623585437, 50.310542183843715], [6.4068052451266935, 50.315034145777574], [6.408298990375495, 50.318459863571995], [6.411630859331841, 50.32081933722696], [6.414963058340008, 50.32317870944896], [6.418295587399995, 50.325537980238], [6.419790170223309, 50.328963597444705], [6.419446806809949, 50.333455561069066], [6.420942014234698, 50.33688108310313], [6.424275792497555, 50.339240163546904], [6.429448249074066, 50.340532479010704], [6.4364593839642295, 50.340758029494545], [6.441632537115606, 50.34205003408927], [6.444967708528195, 50.344408492794884], [6.446464791263379, 50.347833729038165], [6.446123785321157, 50.35232574281911], [6.447621493662149, 50.35575088370774], [6.450957916286358, 50.35810915170404], [6.454464582376316, 50.358221298724246], [6.458141491932024, 50.35608732476834], [6.46014977950149, 50.35277430676692], [6.460489445084715, 50.34828224471996], [6.462497018075199, 50.344969083103585], [6.466172498472945, 50.3428348219178], [6.469847639479055, 50.34070043505348], [6.473522441093527, 50.33856592251063], [6.477196903393595, 50.33643128432599], [6.480871026379256, 50.33429652049954], [6.486213233595601, 50.333340118109454], [6.493223525042632, 50.33356207715572], [6.5002338778619535, 50.33378359330578], [6.507244292053567, 50.33400466655966], [6.512585613087668, 50.333047228993884], [6.516257840964258, 50.330911280608476], [6.518260870958765, 50.32759714482615], [6.5185947030711935, 50.323104821646915], [6.517093090685447, 50.319680496352504], [6.513756033801524, 50.3173241689429], [6.508583637051964, 50.31603551614404], [6.501575900436764, 50.31581453795593], [6.494568225106285, 50.315593117060956], [6.487560611060526, 50.31537125345915], [6.482220491259952, 50.31632773921559], [6.478547865704564, 50.31846257433028], [6.474874901152624, 50.320597283855605], [6.471201597604132, 50.322731867791546], [6.465860592999297, 50.323687318537225], [6.458851887338117, 50.32346363609264], [6.453680502695901, 50.322172685730706], [6.45034643907265, 50.319814467451415], [6.448849589975122, 50.316389304519085], [6.449189955403314, 50.31189719693371], [6.449530240902719, 50.3074050775899], [6.449870446473335, 50.302912946487666], [6.450210572169249, 50.29842080361384], [6.45055061799046, 50.29392864896842], [6.449054821969653, 50.29050337951825], [6.445723184106827, 50.28814499526333], [6.440555810896752, 50.28685317326176], [6.4335527023394325, 50.28662791351355], [6.4283860237100665, 50.28533578097814], [6.425055775008653, 50.28297677565553], [6.421725855687501, 50.280617668941154], [6.4183962657466065, 50.27825846083504], [6.414895138996272, 50.27814517958922]]]}}, {"type": "Feature", "properties": {"band": "echo", "dbz": 35.0, "source": "OPERA-ORD", "time": "20260907002000"}, "geometry": {"type": "Polygon", "coordinates": [[[6.759416308792322, 50.294387987216105], [6.759105834016417, 50.298881179996556], [6.75712116226638, 50.30219977778863], [6.753462293542212, 50.30434378059234], [6.749959065672585, 50.30424109601495], [6.7466114786575, 50.301891724056446], [6.743264222067413, 50.29954224960039], [6.739917295902325, 50.29719267264679], [6.736414124959896, 50.29708954539228], [6.732754709240125, 50.29923286783689], [6.729094954932609, 50.301376065618996], [6.725434862037349, 50.30351913873859], [6.721931748265132, 50.30341556881839], [6.718585613615957, 50.301065355858384], [6.71874255998413, 50.29881882059237], [6.722402587369649, 50.29667596302035], [6.726062276248225, 50.294532980775095], [6.729721626619859, 50.29238987385663], [6.73338063856237, 50.29024664230138], [6.737039312075758, 50.28810328610937], [6.7423708450972875, 50.287134480766184], [6.749375237626959, 50.28734022627184], [6.754550961963915, 50.28861767197496], [6.757898018108156, 50.29096681787557], [6.759416308792322, 50.294387987216105]]]}}, {"type": "Feature", "properties": {"band": "echo", "dbz": 35.0, "source": "OPERA-ORD", "time": "20260907002000"}, "geometry": {"type": "Polygon", "coordinates": [[[6.393790928220933, 50.18739316157674], [6.390124524558326, 50.189525237792466], [6.388118851138247, 50.19283736249727], [6.387773907960695, 50.19732953569113], [6.387428883950712, 50.20182169690983], [6.387083779108296, 50.20631384615339], [6.388572913685272, 50.20973999993551], [6.391896287681641, 50.212100158256206], [6.3953919578396885, 50.212214128323296], [6.399059924159418, 50.21008191013678], [6.402727553408863, 50.207949566392905], [6.406394845588027, 50.20581709709167], [6.409890578336498, 50.20593062562972], [6.413214751654276, 50.20829015200704], [6.416539253088626, 50.21064957715491], [6.419864082639547, 50.21300890107332], [6.425022656254564, 50.21430144134856], [6.432014973933677, 50.21452719798063], [6.4373442114635395, 50.213573268460465], [6.441010368844152, 50.21143965278806], [6.441180633570029, 50.20919349908298], [6.437855005641168, 50.20683480734522], [6.4345297058117845, 50.204476014314395], [6.431204734081877, 50.20211711999052], [6.427880090355467, 50.19975812440434], [6.424555774632555, 50.19739902755586], [6.419398850256593, 50.196106207771116], [6.412409317227581, 50.19587966505009], [6.407253084244429, 50.19458653548882], [6.403930151307135, 50.19222681908729], [6.400607546141924, 50.18986700153211], [6.397285268748799, 50.18750708282329], [6.393790928220933, 50.18739316157674]]]}}, {"type": "Feature", "properties": {"band": "echo", "dbz": 35.0, "source": "OPERA-ORD", "time": "20260907002000"}, "geometry": {"type": "Polygon", "coordinates": [[[7.078351179242993, 50.18846320781928], [7.071360320824715, 50.188278301523], [7.064369513365055, 50.188092953582064], [7.057378756864011, 50.18790716399648], [7.050388051562927, 50.18772093277644], [7.043397397461801, 50.18753425992196], [7.038083590670043, 50.188517661385774], [7.034446631187654, 50.19067113716789], [7.030809335131165, 50.192824489606465], [7.027171702500576, 50.194977718701494], [7.023533733217655, 50.19713082441697], [7.019895427282403, 50.19928380675289], [7.017933820886374, 50.202607401051964], [7.017648914029569, 50.20710160731419], [7.01736394036464, 50.21159580207596], [7.017078899891587, 50.21608998533726], [7.018614045256075, 50.21950771346744], [7.021969376458102, 50.2218489864665], [7.0254669576246, 50.22194305586701], [7.029106788755566, 50.21978992166897], [7.032746282839575, 50.217636664052115], [7.036385439876629, 50.21548328301645], [7.041702343693309, 50.2144999889578], [7.048696994289619, 50.21468678187617], [7.0540132535778035, 50.213703133489574], [7.0576511215578615, 50.21154904379804], [7.061288652646842, 50.20939483080684], [7.064925846844744, 50.207240494516014], [7.070241205152406, 50.206255819153185], [7.077234727569829, 50.20644080471837], [7.082549441364223, 50.20545577528287], [7.0861853465355855, 50.20330073084668], [7.088142356061501, 50.199975994190325], [7.088420469941966, 50.19548156531381], [7.086881297274682, 50.19206467839852], [7.08352483805965, 50.18972533344446], [7.078351179242993, 50.18846320781928]]]}}, {"type": "Feature", "properties": {"band": "echo", "dbz": 35.0, "source": "OPERA-ORD", "time": "20260907002000"}, "geometry": {"type": "Polygon", "coordinates": [[[6.366259891924103, 50.15834442413516], [6.359276172443502, 50.158114547333156], [6.3522925161477914, 50.15788422956258], [6.345308923036971, 50.157653470823426], [6.338325393350672, 50.15742227112834], [6.331341927088896, 50.15719063047733], [6.326016608361231, 50.15813973884134], [6.322349437167677, 50.16026959622039], [6.320340304164019, 50.163580524259544], [6.319989209350257, 50.16807252295882], [6.32147236361567, 50.17149961783319], [6.324789766960257, 50.17386180888268], [6.328107497629934, 50.176223899058996], [6.331425555624699, 50.17858588836216], [6.334743941040568, 50.180947776761535], [6.338062653877539, 50.18330956425712], [6.343215798041143, 50.184605911484134], [6.35020337353138, 50.18483681844258], [6.355530928426828, 50.183886806931866], [6.359198462727488, 50.18175587695201], [6.362865660444954, 50.179624821352824], [6.366532521579227, 50.17749364013431], [6.37002607212221, 50.17760841944501], [6.373346312073901, 50.179969159284916], [6.376666879566151, 50.18232979807971], [6.379987774598959, 50.18469033582938], [6.383481388079157, 50.18480467391802], [6.387147720006742, 50.18267281234565], [6.389153196057997, 50.17936077097283], [6.389497816232923, 50.17486854979954], [6.388009934465465, 50.17144228386026], [6.384689550755628, 50.16908197315498], [6.381369494377984, 50.16672156140239], [6.378049765332536, 50.16436104860249], [6.37473036352346, 50.162000434785945], [6.371411288950756, 50.15963971995276], [6.366259891924103, 50.15834442413516]]]}}, {"type": "Feature", "properties": {"band": "echo", "dbz": 35.0, "source": "OPERA-ORD", "time": "20260907002000"}, "geometry": {"type": "Polygon", "coordinates": [[[6.361583287164074, 50.060235047960276], [6.357925486509467, 50.06236624089395], [6.355923259775519, 50.06567801971103], [6.355576606962228, 50.0701703844115], [6.353573675027828, 50.07348201950502], [6.34991446397232, 50.07561292499161], [6.34625491814124, 50.077743705088935], [6.342595037534588, 50.07987435979699], [6.340590948001241, 50.083185820488836], [6.340242649541198, 50.08767808716445], [6.3398942696709355, 50.09217034165982], [6.339545808390455, 50.09666258397496], [6.3391972656449465, 50.10115481412297], [6.33884864143441, 50.105647032103874], [6.340331361063967, 50.10907398426103], [6.343645424533618, 50.111435670594446], [6.347133546228424, 50.111551134598], [6.350795726148389, 50.10942037627169], [6.3528004668182145, 50.106108863457756], [6.3531477682379, 50.101616596156205], [6.353494988499929, 50.097124316699464], [6.353842127604304, 50.092632025087525], [6.355845709526367, 50.089320337924505], [6.359505734266117, 50.087189255210404], [6.3631654240692, 50.08505804712756], [6.366824778935614, 50.082926713675946], [6.368827203250881, 50.07961485226327], [6.369172697014998, 50.07512246288951], [6.369518110091921, 50.07063006133307], [6.369863442481648, 50.066137647593955], [6.368380128380228, 50.06271094341666], [6.365068167787661, 50.06034994880118], [6.361583287164074, 50.060235047960276]]]}}, {"type": "Feature", "properties": {"band": "echo", "dbz": 35.0, "source": "OPERA-ORD", "time": "20260907002000"}, "geometry": {"type": "Polygon", "coordinates": [[[6.432929384813231, 49.855387582151636], [6.429290895190236, 49.85752146821277], [6.425652074558702, 49.85965522972434], [6.42201292291863, 49.861788866686325], [6.418373440195585, 49.86392237906299], [6.414733626389566, 49.866055766854316], [6.412744121929531, 49.86936898720556], [6.412404926815482, 49.87386204011671], [6.412065652801214, 49.87835508057934], [6.41172629988673, 49.882848108593436], [6.4097356525417055, 49.886161155365734], [6.406093710766143, 49.88829422089622], [6.402451437451436, 49.89042716171856], [6.3988088325975845, 49.892559977832754], [6.395165896130066, 49.89469266920294], [6.391522628048877, 49.89682523582913], [6.3878790282794915, 49.898957677675455], [6.384235096821912, 49.901089994741895], [6.382241908038601, 49.904402581679044], [6.381899461929563, 49.908895438486894], [6.381556936102324, 49.91338828287556], [6.381214330556885, 49.91788111484504], [6.379219995522731, 49.92119352783573], [6.3755739309998605, 49.923325521847644], [6.370276243362384, 49.924276777279026], [6.363326932610303, 49.924047294129885], [6.356377684123725, 49.92381737244724], [6.34942849790265, 49.92358701223108], [6.342479374182331, 49.92335621349386], [6.335530312962767, 49.92312497623559], [6.330231528631526, 49.92407453514514], [6.326583021188608, 49.92620489022249], [6.324584682825375, 49.9295163610222], [6.324236513541827, 49.93400894754426], [6.323888263164928, 49.93850152163931], [6.32353993169468, 49.94299408330738], [6.323191519076709, 49.947486632561564], [6.322843025311015, 49.95197916940185], [6.322494450343179, 49.95647169384138], [6.322145794173197, 49.960964205880146], [6.321797056746601, 49.96545670553124], [6.321448238063392, 49.96994919279467], [6.321099338069048, 49.974441667683564], [6.3207503567635674, 49.9789341301979], [6.32222812894594, 49.982361532559054], [6.325532654616166, 49.98472387476704], [6.328837504401415, 49.987086116444154], [6.332142678301688, 49.98944825759041], [6.333621269444436, 49.992875559414415], [6.3332732778296545, 49.99736802191617], [6.334752481512631, 50.000795229335594], [6.33805888049336, 50.003157181672705], [6.341365603928574, 50.0055190334043], [6.3446726518182714, 50.0078807845304], [6.346152675847694, 50.01130789134521], [6.345805676016842, 50.01580035384873], [6.347286313351826, 50.01922736616875], [6.3505945878526475, 50.02158892830526], [6.35407610940036, 50.02170414624173], [6.357730877994965, 50.019573019978154], [6.359731103876778, 50.01626120105329], [6.3600767870457995, 50.01176868946713], [6.362076309741176, 50.00845672697059], [6.365729671962907, 50.00632531356368], [6.369210597747106, 50.00644006753745], [6.372519087093773, 50.0088009888919], [6.374001148557882, 50.01222772981048], [6.3736567821394345, 50.01672029029319], [6.375139457337554, 50.0201469365424], [6.378449174152239, 50.0225076685581], [6.383586039527625, 50.02380216585173], [6.390550053463711, 50.02403042842329], [6.397514129440891, 50.02425825140274], [6.404478267459167, 50.02448563479012], [6.409616240598, 50.02577917635307], [6.412928048857394, 50.0281388760916], [6.416240182162817, 50.0304984749326], [6.419552640514272, 50.032857972876045], [6.4246917211012695, 50.034150558367116], [6.4316574239238085, 50.0343762314058], [6.438623188119231, 50.03460146472227], [6.445589013687537, 50.034826258316514], [6.450729201406405, 50.03611788739451], [6.454043751275832, 50.03847635195629], [6.45553255843264, 50.04190197267895], [6.455195622876831, 50.04639474956251], [6.456685045881249, 50.04982027508574], [6.4600008274458975, 50.052178549248644], [6.465143072287704, 50.05346925121544], [6.47211178040667, 50.053692380986114], [6.4790805492721475, 50.05391507081149], [6.486049378884136, 50.05413732069156], [6.49119273076576, 50.05542706537369], [6.494510604917018, 50.0577843048579], [6.497828804799618, 50.06014144312113], [6.501147330413562, 50.062498480163406], [6.506291789015473, 50.06378726721963], [6.513262180605351, 50.0640078042898], [6.518572649042382, 50.06304979931103], [6.522223194326566, 50.060913252283314], [6.525873405166892, 50.05877658051237], [6.529523281563359, 50.05663978399821], [6.534832875174287, 50.055680750779274], [6.541802185999674, 50.05589948085557], [6.548771556381742, 50.05611777092646], [6.555740986320492, 50.056335620991945], [6.561049704510375, 50.05537555981865], [6.564697710951393, 50.05323758740657], [6.566684903955835, 50.049922024719834], [6.5670112835237004, 50.04542887175844], [6.567337586908948, 50.04093570672286], [6.567663814111578, 50.03644252961311], [6.567989965182782, 50.03194934041593], [6.568316040122563, 50.0274561391313], [6.568642038982066, 50.02296292574603], [6.568967961761293, 50.018469700260084], [6.567471644209851, 50.01504553693876], [6.564153086327743, 50.01269043578205], [6.559012389504327, 50.01140407621189], [6.5520495537396, 50.011186458228295], [6.545086777320682, 50.01096840070543], [6.538124060247569, 50.010749903643294], [6.532984465783132, 50.00946258691552], [6.529667993927369, 50.00710645052209], [6.528174542357776, 50.00368181498774], [6.528504111074355, 49.999188680312486], [6.530491257458992, 49.99587359049883], [6.534135981511685, 49.99373654554678], [6.539438385465859, 49.99277722507779], [6.546398469321513, 49.99299562909185], [6.551700240683843, 49.99203595281933], [6.5553436995528465, 49.98989819626022], [6.55898682521296, 49.9877603152557], [6.5626296176641805, 49.98562230980578], [6.566272076982074, 49.983484179946366], [6.569914203166636, 49.98134592567748], [6.570077151633903, 49.979099269853194], [6.566760922383873, 49.976744212473506], [6.561624022040567, 49.97545796742286], [6.554666450603988, 49.97524053470126], [6.5477089383452025, 49.97502266281251], [6.5407514852642095, 49.97480435175662], [6.533794091597538, 49.974585601545414], [6.526836757345185, 49.97436641217891], [6.521536163728859, 49.97532514421308], [6.517892310748564, 49.97746179764794], [6.515905095905221, 49.980776692685346], [6.515574519198832, 49.98526982932529], [6.515243865395302, 49.98976295376666], [6.51491313449463, 49.99425606600943], [6.512924774498111, 49.99757078863408], [6.509278785405746, 49.9997071216406], [6.505798563683684, 49.999596809559705], [6.502484109331925, 49.9972398523914], [6.500992905499532, 49.99381484116917], [6.501324952186507, 49.989321775893], [6.499834363177462, 49.985896669220224], [6.496521138472398, 49.983539521150846], [6.491385381283843, 49.98225001143285], [6.484427091611796, 49.98202814006625], [6.47912475675108, 49.98298481912311], [6.475478376701696, 49.985120048603434], [6.471831663467936, 49.987255153360344], [6.468184617049798, 49.98939013339383], [6.464705234138761, 49.98927852703768], [6.461393514734825, 49.98692033429188], [6.459905573482093, 49.983494764044536], [6.460241410380566, 49.979001816295636], [6.460577169014062, 49.97450885628932], [6.4609128493825825, 49.9700158840256], [6.462903442673264, 49.96670197860281], [6.466548948886106, 49.96456714002095], [6.4700270171822645, 49.964678698886985], [6.473337647561738, 49.96703665520093], [6.4766486020905285, 49.96939451052991], [6.479959880768636, 49.971752264873935], [6.485094007572069, 49.973042054123574], [6.492050982500828, 49.97326387827882], [6.4973516608884285, 49.97230680166191], [6.5009960427348705, 49.97017082427283], [6.502984024950445, 49.966856266270796], [6.503315607535152, 49.9623631276558], [6.501825656156096, 49.958938001250985], [6.4985141708132765, 49.95658088705636], [6.4952030094525375, 49.95422367182823], [6.49189217207388, 49.95186635556658], [6.4904030465624425, 49.94844112713536], [6.490735632918227, 49.94394798653457], [6.491068141826807, 49.93945483364644], [6.491400573288179, 49.93496166847096], [6.491732927354247, 49.93046849099494], [6.492065204025009, 49.92597530121836], [6.490577115205365, 49.92254996410817], [6.487268660895318, 49.92019247966439], [6.482139944216548, 49.91890252820898], [6.475190965169054, 49.918680109741956], [6.4700629296030545, 49.91738984991932], [6.466755837518549, 49.915031748741036], [6.4652695852728765, 49.911606125848806], [6.465604172866035, 49.90711298124263], [6.4641185323252195, 49.903687263178604], [6.460812663650431, 49.90132897165674], [6.455686670629324, 49.90003778719287], [6.448740553261897, 49.89981370978701], [6.443615240824586, 49.89852221726282], [6.440310733317393, 49.8961633096203], [6.4388269264329026, 49.89273730630717], [6.439163820171117, 49.88824420732343], [6.439500635561642, 49.88375109592742], [6.4398373726044795, 49.879257972119156], [6.440174031352051, 49.87476483588543], [6.440510611804355, 49.87027168722625], [6.440847114013767, 49.86577852612844], [6.441183537980285, 49.86128535259198], [6.4397009698788406, 49.85785923414808], [6.436399409709432, 49.85550017079674], [6.432929384813231, 49.855387582151636]]]}}, {"type": "Feature", "properties": {"band": "echo", "dbz": 35.0, "source": "OPERA-ORD", "time": "20260907002000"}, "geometry": {"type": "Polygon", "coordinates": [[[6.811529889096817, 49.99198121351506], [6.804568951601302, 49.99177955182245], [6.799272196244908, 49.99275164836721], [6.795639623027631, 49.99489750314935], [6.793671137517894, 49.99821743678518], [6.793366739715698, 50.002711449274685], [6.793062270879565, 50.00720544979646], [6.792757731009493, 50.01169943835051], [6.7924531200577425, 50.016193414950195], [6.792148438024312, 50.02068737959551], [6.793661431700409, 50.02410847194836], [6.796992101086035, 50.026456692008736], [6.800323096333169, 50.028804809907086], [6.803654417441811, 50.03115282564339], [6.806986064505919, 50.033500739186856], [6.8103180375254935, 50.03584855053749], [6.81365033659451, 50.038196259664474], [6.816982961712968, 50.040543866567816], [6.816831432989728, 50.042790851390926], [6.8131957504247875, 50.04493721413382], [6.809559733739931, 50.047083453151146], [6.805923382935157, 50.049229568442925], [6.803953242299817, 50.052549582318576], [6.803649311833907, 50.0570434947781], [6.8051642173766025, 50.06046437111595], [6.808497958927903, 50.062812211332115], [6.813650630983521, 50.0640866941675], [6.820622233543456, 50.064287819622095], [6.82592630439018, 50.0633150035073], [6.829562843523692, 50.06116824582312], [6.833199048300255, 50.05902136444544], [6.8368349187198705, 50.05687435937428], [6.8404704548593775, 50.05472723064552], [6.844105656718776, 50.05257997825916], [6.84607317083681, 50.04925931976471], [6.846372997213478, 50.04476525516215], [6.844855883080284, 50.041344838026326], [6.84152182843723, 50.03899806835724], [6.83818809991681, 50.03665119637083], [6.834854697519019, 50.034304222067114], [6.8315216211499425, 50.031957145476916], [6.828188870809576, 50.029609966600255], [6.82485644640402, 50.027262685467925], [6.8215243479332734, 50.024915302079926], [6.820009320952879, 50.021494585058136], [6.820311365462839, 50.017000534402534], [6.8222787997905, 50.013680154051606], [6.8259116239358635, 50.01153344400535], [6.829544114581031, 50.009386610380744], [6.833176271726003, 50.00723965317777], [6.83332685881029, 50.00499259925936], [6.829995875833893, 50.002645448625515], [6.826665218339098, 50.000298195780424], [6.823334886325906, 49.99795084072409], [6.820004879700626, 49.995603383487285], [6.816675198463258, 49.99325582407001], [6.811529889096817, 49.99198121351506]]]}}, {"type": "Feature", "properties": {"band": "echo", "dbz": 35.0, "source": "OPERA-ORD", "time": "20260907002000"}, "geometry": {"type": "Polygon", "coordinates": [[[6.9362543713500004, 50.00452488239026], [6.929291148123001, 50.0043310907747], [6.9223279777512525, 50.004136859503554], [6.915364860234755, 50.00394218857683], [6.910069069507421, 50.00491960695878], [6.9064406055692515, 50.00706911464942], [6.90447937718658, 50.01039103247122], [6.904185384359407, 50.014885360424174], [6.905706282842319, 50.01830495535124], [6.909042072635313, 50.020649817252405], [6.914192845051598, 50.021919625158525], [6.921158600091173, 50.02211437906959], [6.928124408061043, 50.0223086931385], [6.935090268961206, 50.02250256736523], [6.94038721890683, 50.02152419949544], [6.944015257897914, 50.01937358952913], [6.945974295608632, 50.01605105847118], [6.946264332038986, 50.01155660632157], [6.944741008431497, 50.008137479734586], [6.941404324786165, 50.00579367871022], [6.9362543713500004, 50.00452488239026]]]}}, {"type": "Feature", "properties": {"band": "echo", "dbz": 35.0, "source": "OPERA-ORD", "time": "20260907002000"}, "geometry": {"type": "Polygon", "coordinates": [[[6.885763842491262, 49.95020295815043], [6.882138529774384, 49.95235174219688], [6.880177972875515, 49.95567332796798], [6.879882171794658, 49.960167715463726], [6.8813996845024725, 49.96358773188139], [6.88473051099896, 49.96593337722096], [6.889874743034562, 49.96720433102419], [6.896832380609277, 49.96740059329106], [6.902123947177447, 49.966424012005874], [6.9057494427390695, 49.96427458716864], [6.905896391336096, 49.96202736805842], [6.902564792968528, 49.95968235467524], [6.899233519509975, 49.95733723892149], [6.895902570960438, 49.954992020797185], [6.892571947226678, 49.95264670033308], [6.889241648308694, 49.95030127752916], [6.885763842491262, 49.95020295815043]]]}}, {"type": "Feature", "properties": {"band": "echo", "dbz": 35.0, "source": "OPERA-ORD", "time": "20260907002000"}, "geometry": {"type": "Polygon", "coordinates": [[[20.870920710023487, 49.4162392605892], [20.864102878667087, 49.41692317786622], [20.859241910232566, 49.41854659852039], [20.856337804719924, 49.42110952255172], [20.853433407101438, 49.42367236945223], [20.850528717377106, 49.426235139221916], [20.84762373544619, 49.428797831838246], [20.844718461308698, 49.431360447301195], [20.843770559837093, 49.434863067774934], [20.844780031031377, 49.43930569325946], [20.847242750008995, 49.44246694025627], [20.85115871676995, 49.44434680876536], [20.85456942551323, 49.4440053117029], [20.857474876238832, 49.44144244906891], [20.86038003460827, 49.43887950929816], [20.863284900621547, 49.43631649239065], [20.866189474379503, 49.433753398368964], [20.869093755882133, 49.43119022723309], [20.87199774523024, 49.428626979005585], [20.87490144242382, 49.42606365368646], [20.877804847563638, 49.42350025129827], [20.880707960649705, 49.420936771841006], [20.880202044319976, 49.418715599571954], [20.876287098574448, 49.41683673449111], [20.870920710023487, 49.4162392605892]]]}}, {"type": "Feature", "properties": {"band": "echo", "dbz": 35.0, "source": "OPERA-ORD", "time": "20260907002000"}, "geometry": {"type": "Polygon", "coordinates": [[[6.720671080012226, 49.6920883986768], [6.7137541423784, 49.69188116082559], [6.708488951913315, 49.69284919143822], [6.70487550861697, 49.69499249051469], [6.701261737140904, 49.69713566639108], [6.697647637485117, 49.69927871906737], [6.694033209575166, 49.70142164850832], [6.69041845341105, 49.703564454713934], [6.688455284755591, 49.70688305917261], [6.688143703608786, 49.711377461884375], [6.687832050237511, 49.71587185210659], [6.687520324641769, 49.72036622983923], [6.689016986488121, 49.72378924380115], [6.692322035776569, 49.72614089399235], [6.695627405666272, 49.72849244291911], [6.698933096157231, 49.730843890581454], [6.700430583622119, 49.73426680039603], [6.7001198680609395, 49.73876117236282], [6.698155657621629, 49.742079798468545], [6.694537952304189, 49.7442226787132], [6.690919917972804, 49.746365435597994], [6.687301554627474, 49.74850806912293], [6.685336220777002, 49.751826524926805], [6.685023916421388, 49.75632080300962], [6.686521443927381, 49.75974378643369], [6.68982880329498, 49.762095475199], [6.694946090904245, 49.76337555083397], [6.701873306755175, 49.763584013338594], [6.707146192408222, 49.762616609418366], [6.710764747863386, 49.760473339073286], [6.714382974071961, 49.75832994539966], [6.718000871033949, 49.756186428397505], [6.721618438824162, 49.754042788102176], [6.725235677442601, 49.75189902451367], [6.727198426662037, 49.74857992531701], [6.727506686482468, 49.744085490512184], [6.72781487483382, 49.73959104328948], [6.728122991716091, 49.73509658364891], [6.728431037176935, 49.7306021115771], [6.728739011216352, 49.72610762707404], [6.730700206945175, 49.722788328431], [6.734314624363404, 49.72064421564796], [6.737928713215735, 49.718499979717], [6.741542473502165, 49.71635562063813], [6.7416960289943155, 49.714108348825995], [6.738389379692184, 49.71175816428059], [6.735083050805386, 49.709407878361404], [6.731777042333924, 49.70705749106844], [6.730277811139107, 49.70363501779663], [6.730585357220939, 49.699140458545976], [6.729086734903675, 49.69571788859108], [6.725781944187316, 49.693367307931965], [6.720671080012226, 49.6920883986768]]]}}, {"type": "Feature", "properties": {"band": "echo", "dbz": 35.0, "source": "OPERA-ORD", "time": "20260907002000"}, "geometry": {"type": "Polygon", "coordinates": [[[6.740021051681458, 49.611596824200575], [6.733115647069009, 49.61139085012034], [6.7278597511366085, 49.6123598963362], [6.724253363884257, 49.614503962848154], [6.722296390787306, 49.61782336683568], [6.721988831845754, 49.622318108298785], [6.7216812017538015, 49.62681283715993], [6.721373500511448, 49.63130755341915], [6.719415412205038, 49.63462678745919], [6.715806936834571, 49.63677053928005], [6.71219813426668, 49.638914168084796], [6.708589004501365, 49.641057673873405], [6.706629799893677, 49.64437673787437], [6.706320520443615, 49.64887136008768], [6.707816452515598, 49.652294251292005], [6.711117596109623, 49.65464541148736], [6.7162240464224015, 49.65592452313115], [6.723135803453932, 49.65613158622338], [6.728396341726775, 49.655163047393884], [6.732005661240934, 49.653018906642664], [6.7339636673621825, 49.64969948153352], [6.734270360090523, 49.64520477206644], [6.736227680014294, 49.64188520684468], [6.739835627133495, 49.63974078586823], [6.74344324705009, 49.63759624196672], [6.747050539764081, 49.63545157514015], [6.749006744494958, 49.632131840194845], [6.74931186124272, 49.627637037130796], [6.74961690743505, 49.623142221485615], [6.7499218830719485, 49.6186473932593], [6.748424216664719, 49.615224937169785], [6.745123908213362, 49.61287485321706], [6.740021051681458, 49.611596824200575]]]}}, {"type": "Feature", "properties": {"band": "echo", "dbz": 35.0, "source": "OPERA-ORD", "time": "20260907002000"}, "geometry": {"type": "Polygon", "coordinates": [[[6.989216182618375, 49.60973062244758], [6.982310170304711, 49.60954037070536], [6.9770596630245265, 49.61052140343451], [6.973464660777821, 49.61267372063503], [6.969869331826758, 49.614825915747694], [6.966273676171337, 49.61697798877251], [6.961022297995429, 49.61795800797741], [6.954115197299032, 49.61776597336239], [6.948863194861403, 49.61874564246592], [6.945266290682541, 49.620897015287994], [6.943324396573065, 49.624220409256345], [6.943037512532971, 49.62871582437097], [6.9445497269672805, 49.63213557337588], [6.94786103987599, 49.63447965627108], [6.952971539524655, 49.63574775548503], [6.959881225913274, 49.635939871017726], [6.965134609143305, 49.634959924863566], [6.968731689214746, 49.63280791702255], [6.972328442280025, 49.63065578704507], [6.975924868339142, 49.62850353493114], [6.98117737991927, 49.62752257481927], [6.988085977020409, 49.62771290670945], [6.993337863788094, 49.626731596593714], [6.996933040222325, 49.62457864447208], [6.998871419472769, 49.62125436788674], [6.999153001539425, 49.616758766837705], [6.997637641623367, 49.61333966181456], [6.994325339724594, 49.61099705281731], [6.989216182618375, 49.60973062244758]]]}}, {"type": "Feature", "properties": {"band": "echo", "dbz": 35.0, "source": "OPERA-ORD", "time": "20260907002000"}, "geometry": {"type": "Polygon", "coordinates": [[[6.804254211679517, 49.47837346892624], [6.797367675765635, 49.478171616372485], [6.792127743746745, 49.47914389249428], [6.788534415622849, 49.48129029729163], [6.784940762918332, 49.48343657970683], [6.7813467856331915, 49.48558273973989], [6.777752483693857, 49.487728777356], [6.77415785710033, 49.48987469255516], [6.774007349488046, 49.49212232267081], [6.777300960857005, 49.49447166770294], [6.780594889199103, 49.49682091161289], [6.783889134514336, 49.499170054400665], [6.787183696893113, 49.50151909603639], [6.790478576335433, 49.503868036520096], [6.793923421567663, 49.50396923294885], [6.797518232589804, 49.501822685322665], [6.799465217718675, 49.49850175589873], [6.799764376954278, 49.494006444677055], [6.801710681862113, 49.49068537591577], [6.805304132442181, 49.48853854961486], [6.80889725836381, 49.4863916009874], [6.812490059627001, 49.48424453003339], [6.8126392151030615, 49.481996844718076], [6.809344724791993, 49.47964854504144], [6.804254211679517, 49.47837346892624]]]}}, {"type": "Feature", "properties": {"band": "echo", "dbz": 35.0, "source": "OPERA-ORD", "time": "20260907002000"}, "geometry": {"type": "Polygon", "coordinates": [[[6.709077198756753, 49.4575276305716], [6.702193983773471, 49.457319786862236], [6.6969543702288625, 49.458287507071304], [6.693358358122928, 49.460430791198796], [6.689762021751762, 49.46257395267703], [6.686165361115364, 49.464716991506016], [6.68092489305409, 49.46568369923463], [6.6740406175679405, 49.465474075862886], [6.668799532551435, 49.46644043289412], [6.665201638004575, 49.46858277032834], [6.6616034190489835, 49.470724984998526], [6.65800487568466, 49.47286707690469], [6.6544060078384835, 49.47500904601198], [6.650806815510451, 49.47715089232038], [6.64885065407873, 49.480469245450564], [6.64853752354332, 49.48496410540254], [6.650024630286749, 49.48838806435075], [6.653311974309018, 49.490741122295184], [6.658399651606234, 49.49202296318335], [6.665287662178398, 49.49223358701526], [6.6705313593056585, 49.49126765978506], [6.674130742988018, 49.48912518149276], [6.676085717784806, 49.48580646821228], [6.676396283696025, 49.48131151994361], [6.678350577460129, 49.477992666487694], [6.681948599077115, 49.475849907844555], [6.687190443677844, 49.47488292807175], [6.694076111262315, 49.475091727169286], [6.699317338495123, 49.474124396708945], [6.702914125376271, 49.471980936690706], [6.706510587840414, 49.469837354043825], [6.71010672588755, 49.4676936487683], [6.7137025395909395, 49.46554982089893], [6.717298028950584, 49.463405870435736], [6.717451531784903, 49.46115830950967], [6.714163048093897, 49.45880713812074], [6.709077198756753, 49.4575276305716]]]}}, {"type": "Feature", "properties": {"band": "echo", "dbz": 35.0, "source": "OPERA-ORD", "time": "20260907002000"}, "geometry": {"type": "Polygon", "coordinates": [[[6.614613232194149, 49.42760920965031], [6.607734634688407, 49.427395425606065], [6.602496353531308, 49.42835863250111], [6.59889838872285, 49.43049883033545], [6.595300100116612, 49.4326389052788], [6.591701487712597, 49.43477885733116], [6.588102551438083, 49.4369186864577], [6.584503291293069, 49.439058392658424], [6.5825441851060855, 49.44237561556213], [6.5822252328771285, 49.446870355168805], [6.583706550462926, 49.45029526423515], [6.5869881378634805, 49.45265034276117], [6.590270041153569, 49.455005320856955], [6.593552260333194, 49.45736019852252], [6.59503438713476, 49.46078500378369], [6.5947164215582665, 49.46527973664046], [6.594398382689989, 49.469774456562654], [6.5940802705299255, 49.47426916355027], [6.595563207390774, 49.47769386498432], [6.598847193272532, 49.48004856086481], [6.60393232567126, 49.48133293528284], [6.610818604586958, 49.48154698823842], [6.617704939975454, 49.48176060704923], [6.624591331836746, 49.48197379171528], [6.629834740961112, 49.48100981191623], [6.633435167348551, 49.47886866765209], [6.637035269184021, 49.47672740050906], [6.640635046467522, 49.47458601048716], [6.644234499272133, 49.47244449762126], [6.647833627597853, 49.47030286191137], [6.6497896127479255, 49.46698458831], [6.650102454722348, 49.46248967681714], [6.65041522462815, 49.45799475241908], [6.65072792246533, 49.45349981511582], [6.652682798839297, 49.45018137077616], [6.6562798537500525, 49.448039419400104], [6.659876584626027, 49.445897345298874], [6.663472991467221, 49.44375514847245], [6.66362891246994, 49.44150764938822], [6.660344347634184, 49.439154848046186], [6.655261958934194, 49.437872834081745], [6.64838174636997, 49.43766160749489], [6.641501589627259, 49.43744994719313], [6.634621488706062, 49.43723785317646], [6.629540167023524, 49.435954893360545], [6.626257624579646, 49.43360106774536], [6.6229753977550345, 49.43124714162144], [6.619693486549691, 49.42889311498877], [6.614613232194149, 49.42760920965031]]]}}, {"type": "Feature", "properties": {"band": "echo", "dbz": 35.0, "source": "OPERA-ORD", "time": "20260907002000"}, "geometry": {"type": "Polygon", "coordinates": [[[5.98973979138745, 49.0019122089089], [5.986146963859067, 49.004032695963915], [5.982553819345199, 49.00615305915471], [5.978960357845844, 49.00827329848129], [5.975366579292303, 49.01039341390927], [5.9717724836845765, 49.01251340543865], [5.969789805194566, 49.01582023221425], [5.969418543822273, 49.02031389423607], [5.9708449550251474, 49.02374758672365], [5.97406903880319, 49.02612130967699], [5.9790909076670165, 49.02743475173139], [5.985910561616627, 49.02768791288686], [5.990933083417679, 49.0290010556406], [5.994158473070173, 49.0313741799926], [5.997384170587738, 49.03374720654106], [6.0006101759703725, 49.03612013528596], [6.003836489307039, 49.0384929661989], [6.007063110597736, 49.04086569927987], [6.008492413390613, 49.04429893300481], [6.00812439768567, 49.04879266737373], [6.009554279481298, 49.052225809223046], [6.012782058777502, 49.05459835855275], [6.016010146345149, 49.05697080998097], [6.0192385421842385, 49.059343163507705], [6.022467246383847, 49.06171541910446], [6.025696258943977, 49.06408757677124], [6.0307233548809975, 49.06539862238594], [6.037548534194909, 49.065648555948556], [6.042758580827724, 49.06471238480763], [6.046353494779442, 49.06259010896316], [6.048333165282581, 49.05928204018405], [6.048697592337139, 49.054788178470325], [6.047265188596185, 49.051355480467144], [6.044035954059717, 49.04898394617451], [6.040807027732372, 49.04661231390453], [6.037578409614154, 49.04424058365719], [6.034350099616105, 49.04186875546097], [6.0311220977382245, 49.039496829315866], [6.027894403891581, 49.037124805250336], [6.024667018076172, 49.03475268326438], [6.023236539957005, 49.03131970102814], [6.023602969534084, 49.0268258585416], [6.023969315552231, 49.022332001995046], [6.024335578011448, 49.01783813138847], [6.022905865673305, 49.01440504905593], [6.019680178537802, 49.012032754997406], [6.014658627733835, 49.01072093792395], [6.007841213261408, 49.010469597835545], [6.002820314692078, 49.00915748137298], [5.999595932025848, 49.006784588536235], [5.996371856807459, 49.00441159793375], [5.9931480890369135, 49.00203850956551], [5.98973979138745, 49.0019122089089]]]}}, {"type": "Feature", "properties": {"band": "echo", "dbz": 35.0, "source": "OPERA-ORD", "time": "20260907002000"}, "geometry": {"type": "Polygon", "coordinates": [[[6.414139548502622, 48.97061974898965], [6.4073260638085205, 48.97039358884884], [6.4021331067984, 48.97134765564249], [6.398560677472261, 48.97348194937057], [6.394987931720729, 48.97561612067352], [6.391414869543809, 48.97775016955133], [6.387841490871692, 48.97988409596992], [6.38426779570438, 48.982017899929296], [6.384101658336113, 48.98426556640585], [6.387343078766888, 48.9866270953996], [6.390584807227696, 48.988988525413745], [6.393826843718536, 48.99134985644831], [6.39366063058483, 48.99359750910228], [6.390086167826581, 48.99573148337565], [6.38667795179153, 48.995617701162146], [6.383435982479675, 48.99325616246176], [6.380194321249336, 48.990894524797305], [6.376952968100513, 48.98853278816879], [6.373544810742639, 48.9884185768135], [6.369969849175715, 48.99055189073145], [6.366394570904182, 48.99268508208789], [6.3628189759280405, 48.99481815088281], [6.359410877466155, 48.99470351039745], [6.356170275518527, 48.99234116063181], [6.352929981579316, 48.989978711990496], [6.3496899956485215, 48.98761616447349], [6.344662305273838, 48.98631961846408], [6.337846910455265, 48.98608907396226], [6.331031575058972, 48.98585810040384], [6.324216299084961, 48.98562669778881], [6.317401082751864, 48.98539486612905], [6.310585926059682, 48.98516260542455], [6.303770829227015, 48.98492991568719], [6.296955792253864, 48.984696796916964], [6.291759097748354, 48.98564553562072], [6.288180745710489, 48.98777613179844], [6.284602076995156, 48.98990660515118], [6.281023091602357, 48.99203695567894], [6.277615351109775, 48.99191974066126], [6.274378855517407, 48.989554960098125], [6.2711426677123985, 48.98719008092439], [6.26790678769475, 48.98482510314006], [6.264671215376327, 48.98246002677371], [6.26143595075713, 48.98009485182533], [6.258200993749043, 48.97772957832348], [6.254966344352064, 48.97536420626816], [6.2499423668835465, 48.974063269266594], [6.243129061343489, 48.97382676731878], [6.236315816713278, 48.97358983648622], [6.2295026329929115, 48.973352476768916], [6.222689510400662, 48.973114688178995], [6.2158764489365295, 48.972876470716464], [6.209063448818755, 48.972637824393516], [6.202250510047337, 48.97239874921016], [6.195437632840489, 48.9721592451786], [6.188624817198211, 48.97191931229885], [6.183603104868667, 48.97061555073297], [6.1803724958518576, 48.96824796048098], [6.1771421940832765, 48.96588027195314], [6.173912199562923, 48.963512485149444], [6.168891541820177, 48.962207792587094], [6.162080220855036, 48.96196619426608], [6.156883273720257, 48.96290846441405], [6.153300700415839, 48.96503460303101], [6.151332393852007, 48.968344921130324], [6.150978354028761, 48.972839418712006], [6.1506242335148285, 48.97733390226369], [6.150270032310209, 48.98182837178536], [6.148300624088257, 48.985138513546985], [6.144716008848977, 48.987264327548566], [6.141131076914515, 48.98939001825219], [6.137545828284873, 48.991515585657865], [6.137368294373197, 48.993762786856124], [6.140598475179489, 48.99613162184697], [6.145621659631957, 48.99743736740442], [6.152437847730602, 48.99768002352849], [6.157461683321922, 48.99898546885312], [6.160693166405916, 49.001353703378314], [6.1639249572566, 49.00372183962049], [6.167157055873976, 49.00608987757963], [6.172181948439515, 49.00739439135647], [6.178999634953217, 49.00763538095102], [6.1858173834212336, 49.00787594135754], [6.192635193843562, 49.008116072576044], [6.197661143102578, 49.00941965448098], [6.20089523119828, 49.011786687072345], [6.20412962731277, 49.014153621235224], [6.2073643314460485, 49.016520456969616], [6.210599343686557, 49.01888719424697], [6.213834664034295, 49.02125383306729], [6.21527794665483, 49.0246844417017], [6.214929191548159, 49.02917902015022], [6.214580356852304, 49.033673584706214], [6.214231442567263, 49.03816813536969], [6.213882448640938, 49.04266267215378], [6.213533375073329, 49.047157195058496], [6.2131842218122895, 49.051651704096955], [6.21283498885782, 49.05614619926915], [6.214279433731055, 49.059576689355936], [6.217517556431993, 49.06194317435732], [6.22254946290109, 49.06324534234746], [6.229375153138343, 49.06348319332638], [6.236200904709463, 49.063720614538724], [6.243026717614451, 49.0639576059845], [6.24823249832151, 49.06301153294402], [6.2518182468306405, 49.060882395417295], [6.253783858116034, 49.05757050537157], [6.2541293321776905, 49.053075862806836], [6.256094273007792, 49.0497638305355], [6.259678680606341, 49.047634408557556], [6.263262770597795, 49.04550486352944], [6.26684654298215, 49.04337519545116], [6.268810382576839, 49.04006298808813], [6.269154289381861, 49.035568241440366], [6.269498117733282, 49.031073480946446], [6.269841867631104, 49.026578706606365], [6.271804607047913, 49.02326632424394], [6.275386335983707, 49.02113633385917], [6.28058715856732, 49.020188423822304], [6.287407074798752, 49.02042259413335], [6.294227051275173, 49.02065633507094], [6.301047087996581, 49.02088964663506], [6.307867184743802, 49.02112252881376], [6.314687341516838, 49.02135498160702], [6.32150755809648, 49.02158700500294], [6.32832783448273, 49.021818599001506], [6.3351481704563515, 49.022049763590836], [6.341968566017346, 49.02228049877094], [6.34878902094645, 49.02251080452996], [6.3556095352436595, 49.022740680867905], [6.362430108689684, 49.02297012777298], [6.369250741284521, 49.02319914524519], [6.3742828325297065, 49.02449454188337], [6.377526382425239, 49.026856317687525], [6.380770240960741, 49.02921799447495], [6.384014408136212, 49.03157957224563], [6.389047551626977, 49.03287403447597], [6.395869671433033, 49.03310138116596], [6.402691849770451, 49.03332829829965], [6.4095140866392315, 49.03355478587704], [6.416336381819809, 49.03378084388649], [6.4231587353121835, 49.03400647232801], [6.429981146896765, 49.034231671190014], [6.436803616573551, 49.034456440472496], [6.443626144122922, 49.03468078016391], [6.450448729544878, 49.03490469026427], [6.4572713726197675, 49.035128170762064], [6.464094073347592, 49.035351221657294], [6.46929235330768, 49.03439447606999], [6.472866212500033, 49.03225793400014], [6.474815552222285, 49.0289419073866], [6.475140372474436, 49.02444639622936], [6.473678889197842, 49.021019179100236], [6.470431102392503, 49.018660255999244], [6.467183624253498, 49.016301233613554], [6.4639364547808285, 49.01394211194318], [6.462475757510554, 49.01051479110345], [6.462801532442675, 49.006019271094374], [6.463127233095054, 49.001523737343135], [6.463452859467693, 48.99702818984974], [6.461992947392158, 48.993600765318575], [6.45874749686845, 48.99124146374963], [6.455502354555978, 48.98888206298011], [6.452257520454744, 48.98652256300999], [6.449012994476957, 48.98416296386803], [6.44576877662262, 48.98180326555422], [6.440739185122907, 48.98051117106062], [6.4339242199778175, 48.980286680387245], [6.428895277629941, 48.97899428383687], [6.425652358079277, 48.976633981409506], [6.422409746440376, 48.97427357991188], [6.41916744271324, 48.97191307934399], [6.414139548502622, 48.97061974898965]]]}}, {"type": "Feature", "properties": {"band": "echo", "dbz": 35.0, "source": "OPERA-ORD", "time": "20260907002000"}, "geometry": {"type": "Polygon", "coordinates": [[[6.213242590710656, 48.91870031041768], [6.206437127674065, 48.918461530986406], [6.199631725946726, 48.91822232323391], [6.192826385528638, 48.91798268716019], [6.18763474686901, 48.91892648922396], [6.184056809967841, 48.92105372942524], [6.182092468841663, 48.9243647184351], [6.181741723490477, 48.92885945625356], [6.1831805689163595, 48.93229059875094], [6.186409005119313, 48.93465814592723], [6.191427138172756, 48.93596178697318], [6.198234968076687, 48.9362015218888], [6.203253750008375, 48.93750486277549], [6.20648348396782, 48.93987180963326], [6.2097135248340685, 48.94223865816556], [6.212943872607122, 48.94460540837239], [6.216348190962475, 48.94472464537722], [6.219926479900127, 48.94259636918006], [6.221889208885743, 48.939284802209514], [6.222236377919324, 48.934789944465585], [6.222583467933768, 48.9302950726846], [6.2229304789290785, 48.92580018686655], [6.221489318877288, 48.922369483001475], [6.2182599877783975, 48.92000296108937], [6.213242590710656, 48.91870031041768]]]}}, {"type": "Feature", "properties": {"band": "echo", "dbz": 35.0, "source": "OPERA-ORD", "time": "20260907002000"}, "geometry": {"type": "Polygon", "coordinates": [[[6.217410334556229, 48.86476077101321], [6.210612326986759, 48.86452228649741], [6.2054267369437, 48.8654670071433], [6.2018535644270525, 48.86759493295088], [6.1998927042507646, 48.87090637415594], [6.199544156414837, 48.87540133075849], [6.200982815519801, 48.87883234907925], [6.204208681565656, 48.88119942911821], [6.209221859827613, 48.882502260501795], [6.216022350305673, 48.882740843229996], [6.221209286769034, 48.88179586137389], [6.2247826692176975, 48.87966731493347], [6.22674239290578, 48.8763555143058], [6.227088457833281, 48.87186045949087], [6.225648452308015, 48.86842970238033], [6.222422376329981, 48.86606324297418], [6.217410334556229, 48.86476077101321]]]}}, {"type": "Feature", "properties": {"band": "echo", "dbz": 35.0, "source": "OPERA-ORD", "time": "20260907002000"}, "geometry": {"type": "Polygon", "coordinates": [[[5.348666797219596, 48.100024825665685], [5.3419764215725305, 48.099732223922395], [5.336854092653351, 48.10063603629363], [5.333299810462059, 48.1027362627794], [5.329745225207823, 48.104836365493966], [5.326190336890646, 48.10693634443733], [5.321067253427201, 48.10783916354394], [5.314375974817488, 48.10754482281379], [5.3076847684755055, 48.107250062071486], [5.300993634401253, 48.10695488131702], [5.295869796939022, 48.10785670691119], [5.292313256088811, 48.109955538853995], [5.2903238867737565, 48.1132516800708], [5.289901688993858, 48.117745130561616], [5.289479396831281, 48.12223856496328], [5.289057010286022, 48.12673198327582], [5.288634529297826, 48.13122538551186], [5.28821195386669, 48.135718771671435], [5.289568934981597, 48.13916281750361], [5.292705472642547, 48.14155752300841], [5.297621692194903, 48.142902584984085], [5.304317593638663, 48.143198003430626], [5.309444629817835, 48.14229603938554], [5.313002800732418, 48.14019669284882], [5.3165606680546285, 48.13809722240076], [5.320118231784466, 48.13599762804137], [5.325244512681472, 48.13509466981209], [5.331939510745647, 48.13538834771292], [5.3370652260219344, 48.134485040705115], [5.340621658510334, 48.132384748788674], [5.342608684146311, 48.12908777516296], [5.343026302929866, 48.124594119827975], [5.345012680444634, 48.12129699966718], [5.348567816690614, 48.11919641468057], [5.352122649658018, 48.117095705948444], [5.355677179346845, 48.114994873470785], [5.35766247142404, 48.111697568092126], [5.358078525889601, 48.107203789812466], [5.356717911102568, 48.10376045713881], [5.353580627062942, 48.10136757007115], [5.348666797219596, 48.100024825665685]]]}}, {"type": "Feature", "properties": {"band": "echo", "dbz": 35.0, "source": "OPERA-ORD", "time": "20260907002000"}, "geometry": {"type": "Polygon", "coordinates": [[[6.287978054381072, 48.10985579865711], [6.2812822235706784, 48.1096221981266], [6.276176801404881, 48.11057121405279], [6.272661787883678, 48.11270284643567], [6.270737083871481, 48.116017399293156], [6.2704026893682885, 48.12051487262524], [6.271826399405546, 48.12394655335456], [6.275008213983255, 48.12631244148109], [6.2799482323195654, 48.12761223285408], [6.2866464544144804, 48.127845927473516], [6.291587095248515, 48.129145422992615], [6.294770154821669, 48.13151071941138], [6.297953509245484, 48.133875918549585], [6.301137158519958, 48.13624102040724], [6.304486654554773, 48.13635724824417], [6.30800199734993, 48.13422460206036], [6.309925146502152, 48.130909487065395], [6.310256102011442, 48.12641190325929], [6.308829984290352, 48.12298066592756], [6.305646793338881, 48.120615775070206], [6.3024638970590985, 48.11825078692963], [6.299281295451003, 48.11588570150582], [6.296098988431783, 48.11352051882602], [6.2929169760014405, 48.11115523889025], [6.287978054381072, 48.10985579865711]]]}}, {"type": "Feature", "properties": {"band": "echo", "dbz": 35.0, "source": "OPERA-ORD", "time": "20260907002000"}, "geometry": {"type": "Polygon", "coordinates": [[[6.265211380711731, 48.054948151513436], [6.258522940207105, 48.05471315235481], [6.251834557307388, 48.05447773312048], [6.245146232012582, 48.05424189381044], [6.238457964526194, 48.05400563443614], [6.231769754848225, 48.05376895499758], [6.226669080784307, 48.05471566042572], [6.22315594233444, 48.05684575072056], [6.219642501580827, 48.05897572021454], [6.216128758523466, 48.06110556890764], [6.21102730252252, 48.0620512894862], [6.2043381335779895, 48.06181288195021], [6.197649023091969, 48.06157405430067], [6.190959971064462, 48.06133480653758], [6.184270977698999, 48.06109513867256], [6.177582042995579, 48.06085505070562], [6.170893167157711, 48.06061454264839], [6.164204350185393, 48.06037361450087], [6.159101693268999, 48.0613170654807], [6.155585196408529, 48.06344489558789], [6.153654757631399, 48.06675740832279], [6.153310376937613, 48.07125460368541], [6.154724840769575, 48.074687908283735], [6.157898149127288, 48.07705732211776], [6.162830404068151, 48.078362541554704], [6.169521605592163, 48.078603566594566], [6.174454482039238, 48.079908491230526], [6.177629033409376, 48.08227731546258], [6.180803878661086, 48.08464604285449], [6.183979017794368, 48.08701467340623], [6.18891290242596, 48.08831868474622], [6.195605532555859, 48.088558076874456], [6.200709996386502, 48.08761312964909], [6.204226293917886, 48.085483843070136], [6.207742288746157, 48.08335443557876], [6.211257980871318, 48.08122490717498], [6.216361662255819, 48.08027897439082], [6.223053332899659, 48.0805166372263], [6.229745061673887, 48.08075387975726], [6.236436848578501, 48.08099070198371], [6.24312869340961, 48.08122710389411], [6.249820596167215, 48.081463085488465], [6.254923283103849, 48.0805155250795], [6.258436754219511, 48.07838442266719], [6.261949922749073, 48.07625319953318], [6.265462788692531, 48.07412185567747], [6.26880852826179, 48.07423920417819], [6.271987141456849, 48.07660524503535], [6.273409549616767, 48.080037063207136], [6.273075752741544, 48.084534658693535], [6.27449871601927, 48.08796638386989], [6.277678439449943, 48.090332238736195], [6.28102483315554, 48.09044919045487], [6.28453789713606, 48.08831723902591], [6.288050658387283, 48.08618516693587], [6.291563116909209, 48.08405297418475], [6.295075272767168, 48.08192066080507], [6.298587125961156, 48.07978822679682], [6.300508683424448, 48.07647314981172], [6.300839945157046, 48.07197542984976], [6.299415876827142, 48.0685439502933], [6.296236478434738, 48.066178711142335], [6.291301848290968, 48.06487940872179], [6.28461198639583, 48.064646043031644], [6.279677976769703, 48.06334644509899], [6.276499819412589, 48.06098061492383], [6.273321955791535, 48.05861468765037], [6.270144385906541, 48.05624866327862], [6.265211380711731, 48.054948151513436]]]}}, {"type": "Feature", "properties": {"band": "echo", "dbz": 35.0, "source": "OPERA-ORD", "time": "20260907002000"}, "geometry": {"type": "Polygon", "coordinates": [[[6.551294508868401, 47.79406237979696], [6.544639410831908, 47.793845495317306], [6.5379843652459915, 47.79362819304509], [6.531329372110649, 47.79341047298031], [6.524674431625839, 47.793192335133384], [6.518019543791559, 47.7929737795043], [6.512950864924653, 47.79393453938171], [6.509468395025119, 47.796074614765594], [6.50757204278475, 47.799394307317186], [6.5072618082035465, 47.80389361703649], [6.508693397478574, 47.80732291093721], [6.511866810609833, 47.80968218901934], [6.516782138981044, 47.81097114949061], [6.523439382592207, 47.81118979235101], [6.530096678925209, 47.811408017263446], [6.5367540279800505, 47.81162582422792], [6.541670341660624, 47.812913873099546], [6.54484561996693, 47.815272163878326], [6.548021189029938, 47.817630357108406], [6.551197048849649, 47.81998845278979], [6.556114347571694, 47.82127558975956], [6.562773085196072, 47.821491768017715], [6.567843303353525, 47.82052887685607], [6.571325002044053, 47.81838691627463], [6.573218091353029, 47.81506618820419], [6.5735225712804555, 47.81056669264474], [6.572086791211252, 47.807138198879464], [6.568910751145417, 47.80478070690837], [6.565735001692885, 47.8024231173448], [6.562559542853656, 47.80006543018878], [6.559384374547193, 47.79770764546728], [6.556209496773496, 47.79534976318028], [6.551294508868401, 47.79406237979696]]]}}, {"type": "Feature", "properties": {"band": "echo", "dbz": 35.0, "source": "OPERA-ORD", "time": "20260907002000"}, "geometry": {"type": "Polygon", "coordinates": [[[6.484745898776362, 47.791874734857025], [6.478091329244217, 47.79165367266083], [6.473022006340015, 47.792612519613556], [6.4695379300637565, 47.79475127571523], [6.4676390080717345, 47.7980702425805], [6.467325240363951, 47.802569420209366], [6.468754099592567, 47.80599924190945], [6.471925585757583, 47.808359707680715], [6.476839791279061, 47.80965051577748], [6.483496716157001, 47.809871666199754], [6.488567308870668, 47.80891256166957], [6.492051569420063, 47.80677320218696], [6.493949405875829, 47.80345388951818], [6.494260818237964, 47.798954623663235], [6.492830689199883, 47.79552505954061], [6.489659018761584, 47.79316519715029], [6.484745898776362, 47.791874734857025]]]}}, {"type": "Feature", "properties": {"band": "echo", "dbz": 35.0, "source": "OPERA-ORD", "time": "20260907002000"}, "geometry": {"type": "Polygon", "coordinates": [[[15.700132908563567, 47.687661781269966], [15.693502332061021, 47.6880194509951], [15.686871669993403, 47.68837670530684], [15.680240922360714, 47.68873354420517], [15.675393291449987, 47.690123511240884], [15.672328777261225, 47.692546606414], [15.67104752714445, 47.696003127995034], [15.671549541099667, 47.700493075984], [15.67358439314048, 47.70377144101971], [15.677152083266892, 47.70583822310215], [15.680720070449421, 47.70790487915187], [15.684288354688066, 47.709971409168865], [15.687856936040877, 47.71203781312015], [15.691425814507856, 47.71410409100573], [15.696527284992069, 47.714958288525764], [15.703161347493518, 47.714600405680244], [15.708010389395788, 47.71320941943662], [15.711074410698876, 47.7107853297949], [15.71235355978449, 47.70732843516567], [15.711847836652627, 47.702838735548944], [15.71134222540394, 47.69834901815994], [15.710836726038426, 47.69385928299864], [15.708800031470462, 47.69058154816534], [15.705232141700048, 47.68851581366005], [15.700132908563567, 47.687661781269966]]]}}, {"type": "Feature", "properties": {"band": "echo", "dbz": 35.0, "source": "OPERA-ORD", "time": "20260907002000"}, "geometry": {"type": "Polygon", "coordinates": [[[6.586398647281889, 47.66893172121476], [6.579759776863153, 47.66871710708502], [6.574704761115012, 47.669680976265674], [6.571233600037466, 47.67182332875672], [6.569346204520213, 47.675144465271956], [6.5690425745632535, 47.679644385811386], [6.56715455607526, 47.682965384946414], [6.563682149056235, 47.68510746267703], [6.560209445296356, 47.68724942154583], [6.5567364447956225, 47.68939126155281], [6.554847408962319, 47.69271208896771], [6.554542337796445, 47.697211903790546], [6.554237198964934, 47.701711702935135], [6.553931992467785, 47.70621148640148], [6.552041938336636, 47.7095321420167], [6.548567036571485, 47.71167366978078], [6.54350737707246, 47.71263576865918], [6.536862959839565, 47.7124184386519], [6.531956579857248, 47.71113036638758], [6.528788237125509, 47.70877155186622], [6.527357841256714, 47.705342296102266], [6.527665392250864, 47.70084259909572], [6.5262355444164815, 47.697413249023086], [6.52306829775357, 47.69505424588435], [6.518163742773705, 47.69376528880591], [6.511521879476888, 47.69354637778777], [6.506463053701601, 47.694506946569184], [6.502987265447841, 47.69664699515017], [6.5010944237169355, 47.69996682438408], [6.500784528508885, 47.70446643427092], [6.502213113443686, 47.7078960417124], [6.505380178521339, 47.71025564670853], [6.508547532769391, 47.712615154442744], [6.511715176187845, 47.71497456491504], [6.511560418659773, 47.7172243572347], [6.508083260185173, 47.71936453140171], [6.504605804455164, 47.721504586453264], [6.501128051469744, 47.72364452238936], [6.497650001164594, 47.725784339178226], [6.4941716535397145, 47.727924036819886], [6.48910930862827, 47.72888350861796], [6.4824629664302575, 47.72866275457246], [6.47740005730603, 47.72962188760014], [6.4739205812555864, 47.73176090770099], [6.472024446355713, 47.7350801159852], [6.471711652606408, 47.739579512452764], [6.47139878942077, 47.74407889324883], [6.471085856798801, 47.748578258373406], [6.472513577573528, 47.752008154370316], [6.475681951744952, 47.75436858123957], [6.478850615658963, 47.75672891086849], [6.482019569315561, 47.75908914325707], [6.485188812795191, 47.761449278378485], [6.4883583460978524, 47.763809316232724], [6.493268686099386, 47.76509938266241], [6.499919832799789, 47.765319477667575], [6.504830783158678, 47.766609248995266], [6.50800153717605, 47.76896869664549], [6.511172581210371, 47.771328046933334], [6.514343915261639, 47.77368729985881], [6.519255849357187, 47.77497616056067], [6.525908383497015, 47.77519462903892], [6.530820928127774, 47.77648319441394], [6.533993483249464, 47.778841856685716], [6.537166328581926, 47.781200421499804], [6.540339464125159, 47.78355888885622], [6.545252992290257, 47.78484654314723], [6.551906913077215, 47.78506338437283], [6.556821051954859, 47.78635074311203], [6.5599954089231876, 47.788708619364805], [6.563170056296019, 47.79106639806448], [6.566344994073352, 47.793424079211064], [6.569672327021089, 47.793531883990006], [6.573152055139231, 47.79138981240132], [6.575043956308878, 47.78806898229532], [6.57534803053003, 47.78356939367201], [6.57723930544829, 47.780248426027704], [6.580717781063658, 47.77810607936239], [6.585783546840867, 47.777142052082866], [6.592436602779914, 47.77735634418912], [6.59908971029963, 47.777570218627304], [6.605742869400013, 47.777783675397416], [6.610807851917476, 47.776818672499076], [6.61428465785202, 47.774675209932305], [6.61617319861652, 47.771353589311786], [6.616473474210975, 47.76685381063753], [6.616773683138638, 47.76235401642838], [6.617073825399507, 47.75785420668436], [6.617373901035805, 47.75335438139198], [6.617673910047531, 47.74885454055127], [6.617973852476869, 47.74435468414875], [6.618273728323819, 47.739854812184426], [6.618573537630532, 47.735354924644845], [6.618873280397006, 47.730855021530004], [6.619172956665353, 47.72635510282644], [6.619472566435574, 47.72185516853415], [6.619772109749745, 47.71735521863968], [6.620071586607866, 47.71285525314303], [6.620370997051976, 47.70835527203074], [6.620670341082076, 47.703855275302786], [6.620969618740169, 47.69935526294573], [6.6212688300262545, 47.69485523495957], [6.6215679749823, 47.69035519133084], [6.621867053608306, 47.685855132059515], [6.620431257014809, 47.68242699057894], [6.61726058520181, 47.6800707668891], [6.612355126165662, 47.67878616015459], [6.605714879906367, 47.67857317037542], [6.600810028086487, 47.677288268322656], [6.597640570706021, 47.674931453996294], [6.594471402134657, 47.67257454219474], [6.5913025223723904, 47.670217532917995], [6.586398647281889, 47.66893172121476]]]}}, {"type": "Feature", "properties": {"band": "echo", "dbz": 35.0, "source": "OPERA-ORD", "time": "20260907002000"}, "geometry": {"type": "Polygon", "coordinates": [[[5.506845577586868, 47.70186311794076], [5.503327113830684, 47.703969841614025], [5.501368651796271, 47.70727105460762], [5.50097019148363, 47.711766756921534], [5.5023315472998355, 47.71520912547129], [5.505452719244886, 47.717598160256884], [5.508574178344562, 47.71998710081758], [5.511695924598865, 47.7223759471534], [5.514817958089699, 47.72476469923833], [5.517940278817067, 47.72715335707235], [5.522822610649409, 47.72848818099233], [5.529464953586725, 47.728769170998255], [5.534545551316738, 47.727855804135636], [5.538064403839448, 47.725748080404486], [5.540021394851363, 47.72244629994536], [5.54041652435248, 47.71795046275826], [5.53905281224168, 47.714508515310506], [5.5359302585189605, 47.71212045760209], [5.531048979391901, 47.710785989621996], [5.5244089748605045, 47.71050511137024], [5.519528308711273, 47.709170354841426], [5.516406980944206, 47.70678172003555], [5.513285940161744, 47.7043929910005], [5.5101651863638885, 47.702004167736256], [5.506845577586868, 47.70186311794076]]]}}, {"type": "Feature", "properties": {"band": "echo", "dbz": 35.0, "source": "OPERA-ORD", "time": "20260907002000"}, "geometry": {"type": "Polygon", "coordinates": [[[5.986989062673208, 47.67493559067755], [5.98035172097713, 47.6746833485701], [5.975284587852016, 47.67561844916808], [5.971787663297866, 47.67774089247146], [5.969860842641315, 47.68105097867262], [5.969504125882361, 47.68554870777158], [5.969147330057845, 47.69004642073243], [5.968790455167767, 47.69454411755517], [5.968433501162149, 47.699041798252935], [5.968076468040991, 47.70353946282573], [5.967719355754275, 47.70803711128667], [5.967362164302001, 47.71253474363577], [5.967004893634105, 47.717032359886154], [5.966647543750586, 47.72152996003781], [5.968040569370438, 47.72496644627096], [5.971183970493659, 47.727341818585586], [5.976077852152928, 47.728655776373316], [5.982722214348242, 47.72890831963415], [5.987794290181886, 47.72797315160675], [5.9912940796538585, 47.7258502722911], [5.993221478217622, 47.72253998231898], [5.993576485873175, 47.7180422816904], [5.993931414828907, 47.71354456498622], [5.9942862650848205, 47.709046832206454], [5.994641036690653, 47.70454908333797], [5.994995729646404, 47.70005131838076], [5.995350344001773, 47.69555353732168], [5.995704879756759, 47.69105574016073], [5.996059336961016, 47.68655792688477], [5.996413715614546, 47.682060097493796], [5.995020112086295, 47.67862381503154], [5.991878526376263, 47.67624907949803], [5.986989062673208, 47.67493559067755]]]}}, {"type": "Feature", "properties": {"band": "echo", "dbz": 35.0, "source": "OPERA-ORD", "time": "20260907002000"}, "geometry": {"type": "Polygon", "coordinates": [[[6.0778352641913616, 47.70541198921165], [6.071193575896375, 47.70516543040028], [6.066125111957405, 47.7061048562711], [6.06262987237445, 47.70823026682409], [6.0607077546621575, 47.71154196258864], [6.060358758820525, 47.71603994356476], [6.060009685569188, 47.720537908522466], [6.059660534908143, 47.725035857461776], [6.061059921235002, 47.72847114604043], [6.064207844549766, 47.73084377425843], [6.069104407489128, 47.73215344138464], [6.075749610053089, 47.73240014741906], [6.0823948718501555, 47.732646436461415], [6.089040192880329, 47.7328923085117], [6.094110643431263, 47.731952038176544], [6.097606223502954, 47.72982562545593], [6.099526831287844, 47.726513371121065], [6.099872466785935, 47.72201527517195], [6.098470898170725, 47.7185804099785], [6.095322125442215, 47.716208775540736], [6.092173641088577, 47.71383704509802], [6.089025445109808, 47.71146521865037], [6.085877537425031, 47.70909329622424], [6.082729918034247, 47.70672127781964], [6.0778352641913616, 47.70541198921165]]]}}, {"type": "Feature", "properties": {"band": "echo", "dbz": 35.0, "source": "OPERA-ORD", "time": "20260907002000"}, "geometry": {"type": "Polygon", "coordinates": [[[6.536352872254463, 47.62220401817014], [6.529720260808313, 47.62198628723758], [6.523087701538703, 47.62176814010092], [6.5164551944456335, 47.62154957676016], [6.509822739726478, 47.62133059722565], [6.503190337381237, 47.621111201497385], [6.496557987607255, 47.62089138958577], [6.489925690404533, 47.6206711614908], [6.4848737295789345, 47.62163078396355], [6.481402105130457, 47.62377025700403], [6.479510725850876, 47.62708988086068], [6.4791995917401906, 47.6315896555335], [6.478888388717987, 47.63608941437407], [6.478577116784265, 47.6405891573824], [6.480002567534453, 47.64401920469126], [6.48316474096855, 47.64637955630065], [6.486327202617403, 47.648739810816124], [6.489489952481014, 47.651099968237666], [6.492652990639215, 47.65346002853859], [6.495816317092006, 47.6558199917189], [6.500716518337806, 47.65710975834135], [6.507353594376617, 47.65732932840591], [6.5139907229308385, 47.657548481947885], [6.520627904000473, 47.65776721896725], [6.527265137387618, 47.65798553945362], [6.53390242309227, 47.65820344340699], [6.540539760916509, 47.65842093081704], [6.547177150860332, 47.65863800168376], [6.5538145927257885, 47.65885465599684], [6.560452086512879, 47.65907089375627], [6.565506058091272, 47.658107918048685], [6.568976507460969, 47.65596572887408], [6.5708633454140974, 47.65264462685073], [6.571166571950655, 47.64814461197865], [6.571469731335396, 47.64364458135756], [6.571772823568322, 47.63914453498749], [6.570341601479817, 47.63571562318039], [6.567176065069881, 47.63335784593626], [6.562276303414885, 47.632070902838706], [6.55564231651483, 47.631854793887726], [6.550743160906586, 47.63056755606467], [6.5475788365901515, 47.628209189369535], [6.544414800318337, 47.625850725425586], [6.541251052091138, 47.62349216423281], [6.536352872254463, 47.62220401817014]]]}}, {"type": "Feature", "properties": {"band": "echo", "dbz": 35.0, "source": "OPERA-ORD", "time": "20260907002000"}, "geometry": {"type": "Polygon", "coordinates": [[[5.293695973358614, 47.15990934869118], [5.296775093757101, 47.16230520582728], [5.299854493110005, 47.1647009701643], [5.302934171417326, 47.16709664170224], [5.307758643876199, 47.168441522364276], [5.3143279104866235, 47.16873561215041], [5.320897245610478, 47.169029290498315], [5.3274666492477625, 47.169322557408], [5.3322921063994695, 47.17066655106691], [5.335373617065598, 47.173061271475035], [5.338455406919142, 47.17545589895401], [5.341537475960098, 47.177850433503835], [5.3463639175915825, 47.179193539861274], [5.352934731813594, 47.179485218026315], [5.357761771251451, 47.18082803990921], [5.360845035905153, 47.18322200550996], [5.363928579941808, 47.18561587809134], [5.367012403361415, 47.188009657653346], [5.371840427146815, 47.1893515917847], [5.378412651298008, 47.189641680485394], [5.384984943107633, 47.189931357521104], [5.391557302575692, 47.19022062289184], [5.3963863104937655, 47.19156166897327], [5.399471966861851, 47.1939544957654], [5.402557902845412, 47.19634722940779], [5.405644118444445, 47.198739869900464], [5.408730613738126, 47.20113241721822], [5.411817388726457, 47.20352487136106], [5.414904443488626, 47.2059172323038], [5.417991778024633, 47.20830950004642], [5.4228229663086225, 47.2096490877241], [5.429398008340593, 47.20993599533686], [5.434229795023228, 47.21127529788891], [5.437318326356528, 47.21366699538024], [5.44040713765901, 47.21605859958096], [5.443496228930676, 47.21845011049106], [5.446784135409805, 47.2185929604726], [5.450270857096399, 47.21648714952558], [5.4537572886063606, 47.214381217290594], [5.45724342993969, 47.21227516376765], [5.460531403146518, 47.21241760181146], [5.463621208226846, 47.21480853142203], [5.46671129335, 47.217199367661784], [5.46980165851598, 47.21959011053074], [5.472892303803974, 47.221980760003625], [5.4759832292139805, 47.22437131608043], [5.479074434825202, 47.2267617787359], [5.482165920637641, 47.22915214797002], [5.4870006584920965, 47.230488782319256], [5.493578648388569, 47.230771681783615], [5.500156704414285, 47.2310541691443], [5.506734826569241, 47.23133624440132], [5.51331301466327, 47.23161790754162], [5.5198912686963695, 47.231899158565206], [5.524922572258575, 47.230985581762766], [5.528406925349886, 47.22887717713431], [5.531890988092696, 47.226768651434156], [5.535374760487006, 47.22466000466234], [5.538663700665458, 47.22479999824822], [5.541757808628052, 47.22718863219181], [5.544852196974727, 47.2295771725134], [5.547946865705482, 47.231965619213], [5.5527835237633045, 47.23329923164655], [5.559362171148194, 47.23357800981405], [5.56439291327445, 47.232662537295724], [5.567875750142073, 47.23055281409157], [5.571358296639371, 47.228442969935514], [5.574840552766345, 47.22633300482757], [5.579870563817605, 47.225416559837925], [5.586448329793153, 47.22569363496656], [5.593026160522834, 47.225970297981085], [5.599604056006651, 47.226246548881505], [5.604633335480607, 47.22532913165984], [5.608113998944701, 47.223218046316106], [5.61004593489123, 47.219913589080264], [5.6104291433201965, 47.2154157599523], [5.612360461740999, 47.212111159845456], [5.615839890153636, 47.20999978875973], [5.619319028487647, 47.20788829691919], [5.622797876743029, 47.205776684323844], [5.622989069809423, 47.203527730535384], [5.619892607686831, 47.20114143555381], [5.616796425721299, 47.198755046766586], [5.61370052391283, 47.1963685641737], [5.6123439252673695, 47.19292635678751], [5.612726629784918, 47.188428424608006], [5.611370554123439, 47.18498612832644], [5.608275698282932, 47.18259946794282], [5.603442173465509, 47.18126814756285], [5.596869979671169, 47.18099216718652], [5.590297850415078, 47.18071577509602], [5.58372578569724, 47.180438971291366], [5.578893239325518, 47.1791067608403], [5.575800211299914, 47.176719143742815], [5.572707463001214, 47.17433143300637], [5.569614994429418, 47.171943628630984], [5.564783426725428, 47.170610528406016], [5.558212759889242, 47.170332132331495], [5.5533817888855825, 47.16899874633613], [5.55029051371445, 47.166610370419924], [5.547199518076467, 47.16422190095533], [5.544108801971634, 47.161833337942355], [5.539278809778679, 47.16049906262196], [5.532709541497605, 47.16021907499414], [5.5261403386151144, 47.159938675876006], [5.5195712011312095, 47.15965786526756], [5.514546535802467, 47.160571500760256], [5.5110663426288875, 47.16267958235409], [5.507585860005732, 47.16478754295768], [5.504105087933001, 47.16689538257104], [5.4990796956896, 47.167808046490045], [5.49250968327553, 47.16752553471471], [5.48768062583674, 47.16618913078075], [5.484592523373232, 47.163798834688166], [5.48478907167203, 47.161550084944615], [5.488270270733135, 47.15944288155009], [5.491751180418854, 47.15733555711715], [5.495231800729188, 47.15522811164581], [5.498712131723365, 47.15312054516745], [5.502192173401386, 47.15101285768206], [5.507216128768016, 47.15009980317165], [5.513783997823254, 47.15038138163622], [5.520351932422531, 47.15066254870317], [5.5269199325658445, 47.150943304372475], [5.531943161231384, 47.15002927862774], [5.535421618419147, 47.14792047146895], [5.5388997863945555, 47.145811543445376], [5.542377665157607, 47.14370249455703], [5.545855254767617, 47.14159332483524], [5.5493325552245825, 47.13948403428003], [5.5528095665878165, 47.13737462292269], [5.55628628885732, 47.135265090763255], [5.559762722092407, 47.13315543783301], [5.563238866293077, 47.131045664131975], [5.565169976674369, 47.1277417986207], [5.565556053236281, 47.12324384129917], [5.5659420452958575, 47.11874586663633], [5.566327952853098, 47.11424787463217], [5.56497668229749, 47.11080481894203], [5.561888233629033, 47.10841669956591], [5.5570627187855015, 47.107083221241055], [5.550500137766897, 47.10680438396748], [5.543937621697227, 47.106525135668775], [5.537375170576492, 47.106245476344945], [5.530812784593174, 47.10596540600885], [5.5242504637472685, 47.105684924660466], [5.517688208227229, 47.1054040323127], [5.511126018033053, 47.10512272896554], [5.504563893353161, 47.104841014631916], [5.498001834187553, 47.10455888931181], [5.492982167098402, 47.105471563501915], [5.489504892085711, 47.10757903720223], [5.486027328392978, 47.10968638997065], [5.482549476020203, 47.11179362180719], [5.47926826145106, 47.1116519288505], [5.476183684685547, 47.10926131110058], [5.473099386509055, 47.106870600104486], [5.470015366921582, 47.104479795862225], [5.466931625844557, 47.1020888983989], [5.463848163277978, 47.0996979077145], [5.460764979143288, 47.097306823834145], [5.457682073440488, 47.094915646757826], [5.4545994460910325, 47.092524376510625], [5.451517097094922, 47.090133013092554], [5.45017372398257, 47.0866885307364], [5.450569326753975, 47.08219092944218], [5.449226471869445, 47.07874635912216], [5.446145159328981, 47.07635481977635], [5.441325503784013, 47.075016016521786], [5.43476750523454, 47.07472994935846], [5.428209573196171, 47.074443471525285], [5.421651707668906, 47.074156583022244], [5.415093908840579, 47.07386928386249], [5.408536176711191, 47.07358157404603], [5.40371788164104, 47.072241282417565], [5.4006390236301245, 47.06984840897711], [5.397560443506772, 47.0674554425706], [5.394482141270982, 47.06506238319804], [5.389664824017558, 47.0637212055603], [5.3831084917465, 47.063431909657375], [5.378291768768232, 47.06209044793839], [5.375214655082754, 47.059696820403346], [5.372137819091113, 47.057303099991984], [5.369061260793308, 47.0549092867043], [5.365984980110875, 47.052515380565275], [5.362908977043812, 47.05012138157491], [5.361572389148687, 47.04667570789012], [5.361975216425499, 47.042178359510885], [5.3606391446238515, 47.03873259836324], [5.357564173743744, 47.036338424447166], [5.352750420412547, 47.03499554329258], [5.3461978846302625, 47.034703954899484], [5.34138472488273, 47.033360790051745], [5.338310941169952, 47.03096604874936], [5.338513070118215, 47.028717390680804], [5.34199111172752, 47.02661481584606], [5.3454688658099965, 47.024512119819825], [5.348946332365645, 47.022409302602085], [5.349148373023899, 47.02016062684841], [5.346074987784759, 47.017766092558794], [5.343001879607648, 47.0153714655378], [5.339929048492566, 47.01297674578542], [5.33859482336527, 47.00953069782578], [5.338999204225761, 47.00503332165886], [5.339403496811023, 47.00053592776827], [5.339807701121057, 46.996038516154], [5.340211817210602, 46.99154108680322], [5.340615845079658, 46.98704363971591], [5.341019784782919, 46.982546174879246], [5.341423636320385, 46.97804869229322], [5.341827399746703, 46.97355119194499], [5.342231075061873, 46.96905367383455], [5.3426346623204966, 46.96455613794907], [5.343038161522572, 46.96005858428854], [5.341705198456271, 46.95661238695216], [5.338635773121594, 46.95421754593994], [5.33383000212064, 46.95287376744118], [5.327287885453411, 46.95258105145589], [5.32074583639956, 46.952287925948355], [5.314203854959088, 46.95199439091857], [5.306238751468982, 47.003563572583545], [5.296850525929241, 47.106995470943275], [5.293695973358614, 47.15990934869118]]]}}, {"type": "Feature", "properties": {"band": "echo", "dbz": 35.0, "source": "OPERA-ORD", "time": "20260907002000"}, "geometry": {"type": "Polygon", "coordinates": [[[5.445176894210382, 47.16209216100886], [5.448263091306445, 47.16448360809361], [5.4530909974634945, 47.16582182207796], [5.459660612681532, 47.166106802961906], [5.46448911582912, 47.16744473186707], [5.467576506906259, 47.16983560879347], [5.468922671178173, 47.17327972935632], [5.468527608644858, 47.1777770935556], [5.469874293680638, 47.1812211260321], [5.472962726285512, 47.18361182678583], [5.477793021098326, 47.18494890006225], [5.484365178119081, 47.185232345861394], [5.4891960703848355, 47.18656913379776], [5.49228569789559, 47.188959263871354], [5.4920888909771755, 47.1912079616371], [5.48860564962959, 47.193315227094985], [5.48357738091744, 47.19422710916503], [5.477004084840724, 47.19394360784724], [5.4704308550960485, 47.19365969477183], [5.463857691683417, 47.19337536993882], [5.459026970248636, 47.19203765996749], [5.455938690791705, 47.189646564857846], [5.452850690976438, 47.187255376448675], [5.449762970802832, 47.18486409473996], [5.444933231637296, 47.18352549599216], [5.438361473479831, 47.183239580205296], [5.431789782178403, 47.182953252780116], [5.4252181577330125, 47.18266651371664], [5.418646600333017, 47.1823793630281], [5.412075109978417, 47.182091800714474], [5.407246738487297, 47.18075171015001], [5.404161485859657, 47.17835909133471], [5.40436162153441, 47.176110543933376], [5.407847145511557, 47.174006067945996], [5.412875083619406, 47.17309758296335], [5.4194454358579565, 47.17338508898544], [5.42447283346119, 47.172476262860485], [5.427957276429104, 47.17037110458847], [5.429898649025102, 47.167069909782974], [5.4302969512491845, 47.16257267844398], [5.4322377063797305, 47.15927133967668], [5.435720914416741, 47.15716589348107], [5.439005337742023, 47.15730898715407], [5.4420909763555745, 47.15970062069567], [5.445176894210382, 47.16209216100886]]]}}, {"type": "Feature", "properties": {"band": "rain", "dbz": 40.0, "source": "OPERA-ORD", "time": "20260907002000"}, "geometry": {"type": "Polygon", "coordinates": [[[12.009178268499326, 55.99094951874209], [12.005289810444198, 55.99325842532662], [12.00346130783068, 55.99665730261796], [12.003692760658772, 56.001146150616094], [12.005869366613704, 56.00448052869357], [12.009991125695478, 56.00666043685039], [12.016057953028108, 56.0076854905506], [12.02406984861159, 56.0075556897942], [12.030019940122655, 56.00633595170014], [12.033908227561296, 56.004026276268405], [12.033791083189428, 56.00178187829344], [12.02966850700705, 55.99960275777525], [12.025546396146117, 55.997423499740876], [12.021424750606627, 55.99524410419032], [12.017303570259385, 55.99306457117373], [12.013182855104388, 55.99088490069113], [12.009178268499326, 55.99094951874209]]]}}, {"type": "Feature", "properties": {"band": "rain", "dbz": 40.0, "source": "OPERA-ORD", "time": "20260907002000"}, "geometry": {"type": "Polygon", "coordinates": [[[12.578476956449888, 55.629961448285066], [12.574657213449456, 55.63228794715533], [12.572894099862882, 55.6356950172658], [12.573187615690173, 55.64018265861647], [12.573481210552835, 55.644670297111766], [12.573774884450867, 55.649157932751706], [12.574068637446635, 55.65364556554973], [12.574362469540143, 55.65813319550584], [12.574656380793819, 55.66262082263349], [12.574950371207663, 55.66710844693269], [12.57715637423462, 55.67043277337757], [12.58127438987469, 55.67259380196813], [12.585244882687777, 55.672510903713594], [12.589067852673882, 55.67018407861397], [12.590831437875329, 55.666776875044654], [12.590535638292117, 55.662289293005664], [12.590239918354753, 55.657801708126506], [12.589944278063236, 55.65331412040718], [12.589648717354756, 55.648826529834245], [12.589353236229309, 55.644338936407685], [12.589057834624152, 55.63985134011408], [12.588762512539287, 55.63536374095342], [12.586557845610166, 55.6320395057423], [12.582443833836791, 55.62987863448072], [12.578476956449888, 55.629961448285066]]]}}, {"type": "Feature", "properties": {"band": "rain", "dbz": 40.0, "source": "OPERA-ORD", "time": "20260907002000"}, "geometry": {"type": "Polygon", "coordinates": [[[8.730921358908812, 55.22697893508402], [8.723064920349346, 55.22689732114263], [8.715208512124647, 55.226815203580514], [8.707352134234721, 55.22673258239769], [8.699495787051191, 55.226649457600345], [8.691639470574064, 55.226565829188495], [8.685710116113988, 55.22762551241951], [8.681707723670964, 55.22982850729338], [8.68163389803341, 55.232073698675336], [8.685488639201319, 55.234361086565386], [8.689343820149588, 55.23664835310509], [8.693199440878214, 55.23893549829445], [8.697055501522676, 55.24122252208914], [8.700912002082973, 55.24350942448914], [8.70677020873452, 55.24469420706023], [8.714630121477319, 55.244776869802386], [8.722490064603889, 55.24485902867069], [8.730350038114231, 55.24494068366514], [8.736280419802538, 55.243879123896455], [8.740281209668812, 55.24167434936463], [8.742352356885215, 55.23832673587784], [8.742493861451749, 55.2338362834361], [8.740635854848398, 55.2304482284251], [8.736778337075163, 55.228162570844844], [8.730921358908812, 55.22697893508402]]]}}, {"type": "Feature", "properties": {"band": "rain", "dbz": 40.0, "source": "OPERA-ORD", "time": "20260907002000"}, "geometry": {"type": "Polygon", "coordinates": [[[13.222976415834598, 54.9843485085362], [13.215173441975923, 54.98455469434274], [13.209410520394197, 54.98583068254178], [13.205687651089427, 54.98817647313332], [13.20196435293996, 54.990522150552195], [13.1982406259458, 54.9928677147984], [13.194516469967544, 54.99521316583045], [13.19079188500519, 54.997558503648335], [13.187066870919306, 54.999903728210526], [13.183341427709893, 55.002248839517016], [13.179615555237485, 55.00459383752628], [13.175889253502081, 55.00693872223832], [13.176066837089433, 55.00918182297853], [13.180148305999543, 55.01132313974692], [13.184230214252706, 55.01346431778053], [13.188312561848923, 55.01560535707937], [13.192395348901353, 55.01774625759525], [13.196478575409992, 55.019887019328166], [13.200383213081452, 55.019784586212126], [13.204109261915729, 55.017438958247155], [13.207834881229747, 55.01509321704724], [13.211560071023502, 55.01274736261239], [13.215284831436698, 55.01040139498415], [13.21900916246933, 55.00805531416253], [13.220691620597298, 55.00463923475394], [13.220332205820604, 55.000153156758365], [13.222013848218019, 54.99673697489345], [13.225736547789541, 54.99439068915919], [13.22945881848484, 54.99204429033528], [13.233180660303915, 54.989697778421714], [13.233000661601075, 54.98745474575693], [13.228918822376315, 54.98531519234093], [13.222976415834598, 54.9843485085362]]]}}, {"type": "Feature", "properties": {"band": "rain", "dbz": 40.0, "source": "OPERA-ORD", "time": "20260907002000"}, "geometry": {"type": "Polygon", "coordinates": [[[8.886772256621791, 54.780425854936794], [8.882825374736674, 54.78263561656955], [8.87887806081688, 54.78484524852196], [8.874930314862407, 54.78705475079404], [8.870982136752776, 54.789264123340196], [8.867033526487983, 54.7914733661604], [8.866971061829235, 54.793718818987756], [8.870794742776528, 54.79600048182223], [8.874618852648496, 54.7982820238459], [8.878443391445138, 54.80056344505877], [8.882268359296248, 54.80284474541752], [8.886093756201825, 54.80512592492214], [8.889980803624466, 54.80516152259274], [8.89392950156417, 54.802951538429326], [8.89596503964821, 54.79960108197073], [8.896087417876586, 54.795110153216946], [8.896209763911164, 54.79061922100876], [8.896332077751945, 54.78612828534617], [8.894481350395338, 54.78274235666627], [8.890657581841346, 54.78046143496904], [8.886772256621791, 54.780425854936794]]]}}, {"type": "Feature", "properties": {"band": "rain", "dbz": 40.0, "source": "OPERA-ORD", "time": "20260907002000"}, "geometry": {"type": "Polygon", "coordinates": [[[6.716789624926643, 54.66803051686534], [6.709047696361246, 54.66782017126202], [6.703150165808177, 54.668783740426505], [6.6990970332674395, 54.67092122435878], [6.695043470015808, 54.673058570266235], [6.690989476053282, 54.675195778148876], [6.685090814193181, 54.676158193101394], [6.677347484435506, 54.6759458151238], [6.669604230617676, 54.67573294204467], [6.661861052739688, 54.675519573864], [6.654117951151927, 54.67530571059726], [6.646374925854394, 54.67509135224443], [6.640474822387216, 54.676051856741886], [6.636417640750397, 54.678187224089626], [6.634203250486927, 54.68149782187379], [6.633831651596804, 54.68598365009438], [6.635489495310951, 54.68940182118055], [6.639176781629367, 54.69175233513231], [6.6448936411376085, 54.69303482417474], [6.652640073835676, 54.69324928830785], [6.660386582945195, 54.69346325711186], [6.668133168466167, 54.69367673058678], [6.6758798300476565, 54.69388970871711], [6.683626567689663, 54.694102191502836], [6.689527881097803, 54.69313985996563], [6.693583770272077, 54.691002714105494], [6.697639228284521, 54.6888654301522], [6.701694255135136, 54.68672800810575], [6.707594436136285, 54.685764521774075], [6.715339771287967, 54.685974971157165], [6.721239132749859, 54.68501108619971], [6.7252925205219585, 54.682872866901704], [6.727499807346547, 54.6795606810547], [6.727860993223627, 54.67507452865871], [6.726196336923961, 54.671657511762284], [6.722505838447548, 54.66930963036543], [6.716789624926643, 54.66803051686534]]]}}, {"type": "Feature", "properties": {"band": "rain", "dbz": 40.0, "source": "OPERA-ORD", "time": "20260907002000"}, "geometry": {"type": "Polygon", "coordinates": [[[6.794920336025325, 54.66113397705305], [6.7871793687264965, 54.660928632645806], [6.779438474796878, 54.66072279327372], [6.771697654236472, 54.66051645893678], [6.765802703719192, 54.661483090635215], [6.761753623245039, 54.66362268836902], [6.759550287321598, 54.66693561969867], [6.759192695948866, 54.67142188462417], [6.760860496189834, 54.67483837622228], [6.764553688044501, 54.677185094493], [6.770272397128901, 54.67846167168711], [6.778016623443037, 54.67866810780463], [6.785760923242941, 54.67887404871434], [6.793505296528613, 54.679079494416236], [6.799401759223877, 54.678111790485325], [6.8034503113287315, 54.67597093692161], [6.80565082866511, 54.6726573015238], [6.8060033112330105, 54.668170884291904], [6.804332369306406, 54.664754919071136], [6.800638002885295, 54.66240940586149], [6.794920336025325, 54.66113397705305]]]}}, {"type": "Feature", "properties": {"band": "rain", "dbz": 40.0, "source": "OPERA-ORD", "time": "20260907002000"}, "geometry": {"type": "Polygon", "coordinates": [[[8.980583466486175, 54.68130260221669], [8.97283228317473, 54.68123710135759], [8.965081123440555, 54.681171104387], [8.957329987283645, 54.68110461130492], [8.95148753730108, 54.68217732296324], [8.94755377349286, 54.68438923936198], [8.947495980103314, 54.68663477763148], [8.951314157132444, 54.68891393777176], [8.95709966950473, 54.69008677259392], [8.96485251722017, 54.69015328209797], [8.972605388531635, 54.69021929536807], [8.980358283439129, 54.69028481240422], [8.986200793961286, 54.68921098525792], [8.99013292009811, 54.68699781392917], [8.990189001910366, 54.68475225936016], [8.986369039398053, 54.68247432155088], [8.980583466486175, 54.68130260221669]]]}}, {"type": "Feature", "properties": {"band": "rain", "dbz": 40.0, "source": "OPERA-ORD", "time": "20260907002000"}, "geometry": {"type": "Polygon", "coordinates": [[[8.96622235762145, 54.636259998069484], [8.958479765810203, 54.63619358696416], [8.950737197835496, 54.6361266803635], [8.94299465369733, 54.63605927826751], [8.935252133748476, 54.63599138068105], [8.927509637988935, 54.63592298760411], [8.921672891363041, 54.63699427518689], [8.917741893870799, 54.63920524342937], [8.915716603649848, 54.64255626118162], [8.915597020700186, 54.64704732844365], [8.91547740639731, 54.651538392031135], [8.915357760741216, 54.6560294519441], [8.917204910393629, 54.65941504237579], [8.921018855354546, 54.66169516332619], [8.924892225574515, 54.66172962885198], [8.928825021053536, 54.659518438953135], [8.932757387705731, 54.657307119970866], [8.936689325531107, 54.65509567190519], [8.940562720165213, 54.655129641637544], [8.944377571608047, 54.65740902916795], [8.948192848653257, 54.6596882959959], [8.952008551300835, 54.66196744212138], [8.95779026049028, 54.66314024531651], [8.965537976221587, 54.66320670558129], [8.9732857154927, 54.66327266997931], [8.98103347830362, 54.66333813851056], [8.988781264300703, 54.66340311117031], [8.996529073483948, 54.66346758795854], [9.002367298497354, 54.662392971395434], [9.00629593934092, 54.66017926148098], [9.008314957331107, 54.656826827394546], [9.008424352467914, 54.652335669136164], [9.006570281449566, 54.6489513736908], [9.002752744276059, 54.64667394105846], [8.996971779592673, 54.64550300225015], [8.989227387399414, 54.645438557265855], [8.983447286469353, 54.64426725376737], [8.979631476802489, 54.64198909175468], [8.975816092358563, 54.63971080896679], [8.97200113313757, 54.63743240540369], [8.96622235762145, 54.636259998069484]]]}}, {"type": "Feature", "properties": {"band": "rain", "dbz": 40.0, "source": "OPERA-ORD", "time": "20260907002000"}, "geometry": {"type": "Polygon", "coordinates": [[[6.846237285511943, 54.59954361994371], [6.838507777643306, 54.59934159408441], [6.832623333935763, 54.600311525103415], [6.828583954389316, 54.602453413000745], [6.826389516562361, 54.605767624717075], [6.826040020454898, 54.61025416025241], [6.827711062628298, 54.61366977679824], [6.831402643082559, 54.61601447435457], [6.837114884379702, 54.61728788579256], [6.844847786519725, 54.61749001111219], [6.850734049446036, 54.616519762774885], [6.854773673158636, 54.61437714078063], [6.856966535933128, 54.61106251228568], [6.857312637769511, 54.606575877290034], [6.855639776377343, 54.6031605780625], [6.851947951756622, 54.60081661460307], [6.846237285511943, 54.59954361994371]]]}}, {"type": "Feature", "properties": {"band": "rain", "dbz": 40.0, "source": "OPERA-ORD", "time": "20260907002000"}, "geometry": {"type": "Polygon", "coordinates": [[[8.937360130269264, 54.555151051568316], [8.929632957386769, 54.55508280987752], [8.921905808871706, 54.55501407379736], [8.914178684724076, 54.55494484332782], [8.908353182667678, 54.55601551589141], [8.904429302702516, 54.558226091488116], [8.900504996347463, 54.560436538201614], [8.896580263602518, 54.56264685603191], [8.892655104349359, 54.56485704493406], [8.888729518587986, 54.56706710490806], [8.886705483959037, 54.57041768114375], [8.886583000462512, 54.57490877364112], [8.886460484914839, 54.57939986234221], [8.886337937316018, 54.58389094724702], [8.88817947409698, 54.58727701717547], [8.891985095257725, 54.589558072127545], [8.895791140238087, 54.59183900677619], [8.899597609038063, 54.5941198211214], [8.903404501785126, 54.59640051512038], [8.907211818479274, 54.59868108877313], [8.912983290703504, 54.59985603344887], [8.920718918457819, 54.599925349147625], [8.926550036415435, 54.598854369485466], [8.930476644576352, 54.59664309446241], [8.934402825481037, 54.5944316905608], [8.938328579129493, 54.592220157780645], [8.942253905640516, 54.59000849616693], [8.946178805014108, 54.58779670571967], [8.950103277369061, 54.585584786483814], [8.954027322705373, 54.583372738459374], [8.957950941141826, 54.5811605616913], [8.96187413267842, 54.57894825617959], [8.963892719457705, 54.57559651487605], [8.964006701479686, 54.57110533778068], [8.962159937929695, 54.567720321623774], [8.958352428807732, 54.565441466405325], [8.954545342974049, 54.56316249071358], [8.950738680428646, 54.560883394548526], [8.946932441044586, 54.55860417795293], [8.943126624821868, 54.55632484092679], [8.937360130269264, 54.555151051568316]]]}}, {"type": "Feature", "properties": {"band": "rain", "dbz": 40.0, "source": "OPERA-ORD", "time": "20260907002000"}, "geometry": {"type": "Polygon", "coordinates": [[[8.862239982299808, 54.54660534940281], [8.85831451221735, 54.5488144282332], [8.85628890107669, 54.55216450377997], [8.856163148877831, 54.55665557604314], [8.854136670395203, 54.560005516120206], [8.850209465628806, 54.56221432401119], [8.844381578891216, 54.563281631730035], [8.836653010182435, 54.563207439276745], [8.830824285251111, 54.56427436605195], [8.826895404097247, 54.56648241205563], [8.822966096264324, 54.56869032884347], [8.819036361752337, 54.57089811641549], [8.815106200443216, 54.57310577472664], [8.811175612336958, 54.575313303776916], [8.80724459731548, 54.57752070352127], [8.80331315537878, 54.579727973959706], [8.799381286408764, 54.58193511504713], [8.795448990405436, 54.584142126783554], [8.795383021671835, 54.58638761726195], [8.799183380207964, 54.58867158648232], [8.804950341152267, 54.58985168439674], [8.812683904504748, 54.58992791100523], [8.820417494761102, 54.59000364277438], [8.82815111192133, 54.59007887970418], [8.835884755634192, 54.59015362178922], [8.843618425899688, 54.59022786902948], [8.849450188229419, 54.5891606079781], [8.853380042623382, 54.58695183863509], [8.855407944665565, 54.583601929291724], [8.855533894355972, 54.57911087994801], [8.857560927682181, 54.57576083506077], [8.861489044644195, 54.57355179463], [8.865416734848045, 54.571342625120444], [8.869343998293733, 54.5691333265321], [8.873270835099532, 54.56692389890998], [8.877197245265442, 54.56471434225407], [8.881123228909736, 54.56250465660934], [8.885048786032408, 54.56029484197579], [8.885110404463434, 54.55804929439993], [8.881308084202814, 54.555768013881746], [8.877506186843817, 54.55348661321915], [8.873704712386447, 54.55120509241215], [8.86990366070358, 54.548923451503384], [8.866103031795218, 54.54664169049287], [8.862239982299808, 54.54660534940281]]]}}, {"type": "Feature", "properties": {"band": "rain", "dbz": 40.0, "source": "OPERA-ORD", "time": "20260907002000"}, "geometry": {"type": "Polygon", "coordinates": [[[8.08713396842248, 54.55366097608724], [8.079408819084609, 54.55353833998139], [8.073561863291207, 54.55456863469637], [8.069593101042273, 54.556751860232204], [8.067502457995879, 54.56008838407509], [8.067289934152024, 54.564578206225], [8.069062640076936, 54.567976430782366], [8.072820575770614, 54.57028305774719], [8.078563815648042, 54.57149771944439], [8.086292359709226, 54.571620415873966], [8.092141086822998, 54.5705897837319], [8.096109996989366, 54.56840582301818], [8.098199016632972, 54.5650689014245], [8.098408145753822, 54.560579018950875], [8.096633668508538, 54.557181131820585], [8.092875584897122, 54.55487524003364], [8.08713396842248, 54.55366097608724]]]}}, {"type": "Feature", "properties": {"band": "rain", "dbz": 40.0, "source": "OPERA-ORD", "time": "20260907002000"}, "geometry": {"type": "Polygon", "coordinates": [[[7.69040015172871, 54.493919764524804], [7.686416869521157, 54.49609035754868], [7.682433161402986, 54.49826081706908], [7.678449027374198, 54.50043114308598], [7.672599916839223, 54.501441741445454], [7.664885829798062, 54.501292612147495], [7.657171795600671, 54.50114298958863], [7.649457814247048, 54.50099287376888], [7.643607538391401, 54.50200233364219], [7.6396209680337295, 54.50417136920856], [7.635633971536169, 54.50634027105932], [7.63164654889872, 54.50850903919448], [7.627658700009141, 54.51067767356806], [7.623670424867431, 54.51284617418006], [7.619681723361343, 54.515014540984495], [7.615692595490879, 54.51718277398137], [7.611703041143787, 54.519350873124665], [7.607713060320068, 54.52151883841441], [7.607582019456502, 54.52376326380951], [7.611309918553086, 54.526084149309995], [7.6150382371276315, 54.52840491967225], [7.6187669751801375, 54.53072557489625], [7.620500623954459, 54.534130330587004], [7.620239183450597, 54.53861918674449], [7.621973641119583, 54.542023834374234], [7.6257039969614135, 54.544344273476256], [7.631430342473478, 54.545580136991624], [7.639152677655776, 54.54573142492036], [7.645008987816974, 54.54472247471202], [7.648999272957073, 54.542553286366584], [7.652989131068635, 54.540383964238565], [7.656978562151659, 54.53821450832796], [7.662833704752225, 54.53720441827849], [7.670554558870332, 54.53735369409014], [7.676408877591642, 54.536343214292486], [7.680396660916153, 54.5341729788855], [7.6825178194367645, 54.530843354878584], [7.682772353153476, 54.52635434227173], [7.684892628565523, 54.52302457334287], [7.688878645672904, 54.52085404809203], [7.694730493447186, 54.51984239968733], [7.702448171888367, 54.51998962812876], [7.708299196244114, 54.51897759040079], [7.712283566514426, 54.516806286503396], [7.7144011946129805, 54.513476083274696], [7.714652080539777, 54.5089869807147], [7.712911626901538, 54.50558354807219], [7.709179833698263, 54.50326578534715], [7.705448459584311, 54.50094790718573], [7.701717504559679, 54.49862991358791], [7.697986968493645, 54.49631180459497], [7.694256851386205, 54.493993580206904], [7.69040015172871, 54.493919764524804]]]}}, {"type": "Feature", "properties": {"band": "rain", "dbz": 40.0, "source": "OPERA-ORD", "time": "20260907002000"}, "geometry": {"type": "Polygon", "coordinates": [[[11.483374098976665, 54.38111661809684], [11.47960810500106, 54.383409373469775], [11.477805898193575, 54.38680113355824], [11.477967478554211, 54.391291898362226], [11.478129100984763, 54.39578265895866], [11.478290765485232, 54.400273415347534], [11.478452472087628, 54.404764167542815], [11.47861422079195, 54.40925491554449], [11.480660606744998, 54.412599266889025], [11.484591629946772, 54.41479722157643], [11.49040723369387, 54.415848413431675], [11.498107417986294, 54.41575284245476], [11.5038412486879, 54.41455830582962], [11.50760872579869, 54.41226480355627], [11.509409906851785, 54.40887270179689], [11.509244791847184, 54.40438200055148], [11.507196779834219, 54.40103803865995], [11.503265870812887, 54.3988408161223], [11.499335384611523, 54.39664346361845], [11.495405321230127, 54.3944459811484], [11.49335865864584, 54.3911018691278], [11.493195396858663, 54.386611127556655], [11.491149598464922, 54.38326687768091], [11.487221263464619, 54.381069119500545], [11.483374098976665, 54.38111661809684]]]}}, {"type": "Feature", "properties": {"band": "rain", "dbz": 40.0, "source": "OPERA-ORD", "time": "20260907002000"}, "geometry": {"type": "Polygon", "coordinates": [[[21.42334568245087, 53.8415360729202], [21.415836570968416, 53.84226292503761], [21.408327216302343, 53.842989303770025], [21.400817618452642, 53.84371520911746], [21.395490098948738, 53.84536604004448], [21.392344657790634, 53.84794179655108], [21.391381708580067, 53.85144281782398], [21.392601251317032, 53.85586910386316], [21.39382110276624, 53.860295368726945], [21.39504126292769, 53.86472161241535], [21.39783514408076, 53.86785985933709], [21.40220274622545, 53.86971010949215], [21.40814365506177, 53.87027202345512], [21.41565787058972, 53.869545601225994], [21.423171842378668, 53.868818705295894], [21.430685570428622, 53.86809133566482], [21.43601446412912, 53.86643920721987], [21.439158523480152, 53.863862319961044], [21.44011816396474, 53.86036101315286], [21.438893385582883, 53.85593528679533], [21.437668917011347, 53.851509539129125], [21.43644475825014, 53.847083770154256], [21.433649568700176, 53.84394632596549], [21.42928334836145, 53.842097206562826], [21.42334568245087, 53.8415360729202]]]}}, {"type": "Feature", "properties": {"band": "rain", "dbz": 40.0, "source": "OPERA-ORD", "time": "20260907002000"}, "geometry": {"type": "Polygon", "coordinates": [[[12.06919438227255, 54.128682041042794], [12.061548962993825, 54.12881402413545], [12.05390349830254, 54.12894551881392], [12.046257988198693, 54.129076525078226], [12.040578977896294, 54.13029709783131], [12.036866467395342, 54.13260723707317], [12.035120533308174, 54.136007305472454], [12.035341175634787, 54.14049730302917], [12.035561875014762, 54.14498729573367], [12.0357826314481, 54.14947728358595], [12.03786085681822, 54.15281218054618], [12.041796551125124, 54.15499198661432], [12.04573266284768, 54.15717166135592], [12.049669191985888, 54.15935120477094], [12.051748778192177, 54.162685944886825], [12.051971421466547, 54.16717588170357], [12.054051868684994, 54.17051048006292], [12.057990119847515, 54.172689739964895], [12.063786097515882, 54.17371329827258], [12.071439801690094, 54.17358115498599], [12.077123550746467, 54.172359397789364], [12.080837344684996, 54.1700480266827], [12.084550727066048, 54.1677365402112], [12.08826369788962, 54.165424938374876], [12.093946113921005, 54.164202104103104], [12.101597975160203, 54.1640680373959], [12.107279542052334, 54.16284485153212], [12.110990814597399, 54.16053254651176], [12.112731872132436, 54.15713148532805], [12.112502714657444, 54.15264166798099], [12.112273616416962, 54.14815184575257], [12.11204457741099, 54.143662018642814], [12.109961115072132, 54.14032832195822], [12.106023229400392, 54.13815075569879], [12.102199393286883, 54.13821799268987], [12.098489606731603, 54.14053003293145], [12.094779409295207, 54.14284195793306], [12.091068800977695, 54.1451537676947], [12.087244918556522, 54.14522051611756], [12.083307762031687, 54.143042203201645], [12.081226379008289, 54.13970809580772], [12.081000769486327, 54.13521819393576], [12.078920246521989, 54.131883944623965], [12.074984810115271, 54.1297053478723], [12.06919438227255, 54.128682041042794]]]}}, {"type": "Feature", "properties": {"band": "rain", "dbz": 40.0, "source": "OPERA-ORD", "time": "20260907002000"}, "geometry": {"type": "Polygon", "coordinates": [[[15.851191366035117, 53.77791707689728], [15.843629799970337, 53.77829009163777], [15.836068108338019, 53.77866262521658], [15.828506291138162, 53.77903467763372], [15.822990576520338, 53.780432347563774], [15.819520964484548, 53.782855635006754], [15.81809766826531, 53.78630489397272], [15.818720687862621, 53.79078012446166], [15.81934386656719, 53.79525534579021], [15.819967204379013, 53.79973055795835], [15.822326470298595, 53.80299406437991], [15.826421664325935, 53.80504586505489], [15.832252572860696, 53.80588560570498], [15.839819195902884, 53.805513286330175], [15.847385693086176, 53.80514048545403], [15.854952064410575, 53.80476720307655], [15.860469699309556, 53.80336832799635], [15.863938597783116, 53.80094386021344], [15.865358974734683, 53.79749415392166], [15.864730830164257, 53.79301920912101], [15.86410284590938, 53.78854425508975], [15.863475021970052, 53.78406929182789], [15.861113869767168, 53.78080650002947], [15.857019389300728, 53.778755879694515], [15.851191366035117, 53.77791707689728]]]}}, {"type": "Feature", "properties": {"band": "rain", "dbz": 40.0, "source": "OPERA-ORD", "time": "20260907002000"}, "geometry": {"type": "Polygon", "coordinates": [[[7.16727979313879, 52.86315570146275], [7.159861960097717, 52.86297510820468], [7.152444185033653, 52.862794042940195], [7.145026467946599, 52.8626125056693], [7.137608809137049, 52.86243049640373], [7.130191208605002, 52.86224801514349], [7.124553164933388, 52.86323333423088], [7.120694678122213, 52.8653864536659], [7.118615648113678, 52.868707721928914], [7.1183160749077885, 52.87319713901992], [7.119946514311352, 52.8766100177221], [7.123506966324369, 52.87894635803543], [7.128997531098491, 52.88020581130867], [7.13641820863372, 52.88038837754185], [7.141909568286447, 52.881647496084625], [7.1454716100566715, 52.88398316693703], [7.149034032767714, 52.88631872847146], [7.152596836419576, 52.88865418068791], [7.158089463358505, 52.8899122665143], [7.165511913584503, 52.89009298595065], [7.1711521918989565, 52.889105958232555], [7.175010298301865, 52.886951183360004], [7.17708613432082, 52.88362901013276], [7.1773796999558215, 52.879139438550816], [7.177673192196855, 52.87464985967932], [7.177966611043923, 52.87016027351828], [7.176332167765424, 52.86674810985127], [7.172769862361359, 52.864413368678285], [7.16727979313879, 52.86315570146275]]]}}, {"type": "Feature", "properties": {"band": "rain", "dbz": 40.0, "source": "OPERA-ORD", "time": "20260907002000"}, "geometry": {"type": "Polygon", "coordinates": [[[6.923259281197159, 52.533145067778634], [6.915898441359392, 52.53294912541967], [6.908537663202564, 52.53275271517187], [6.901176946726672, 52.532555837035225], [6.893816292223555, 52.53235849102222], [6.886455699693213, 52.53216067713284], [6.880854949288183, 52.533134437654304], [6.877014041008466, 52.53527977258661], [6.874932868439263, 52.53859702680798], [6.874611431580575, 52.54308620031839], [6.874289915003607, 52.547575365811554], [6.8739683187083624, 52.55206452328747], [6.8755683488383905, 52.55548105162319], [6.879090005393691, 52.55782495081874], [6.884533394966245, 52.55909587573786], [6.891898517556051, 52.55929382638054], [6.899263702258644, 52.55949130882486], [6.9066289490740225, 52.559688323070816], [6.913994257709696, 52.55988486910591], [6.921359628165665, 52.560080946930135], [6.9269625970396245, 52.559105497949886], [6.930803164331573, 52.55695852216515], [6.932881225153844, 52.55364036477207], [6.933196779506435, 52.549151025770655], [6.933512255632289, 52.54466167879847], [6.933827653531406, 52.540172323855494], [6.932223939639734, 52.53675649452754], [6.928701113957272, 52.534414190814594], [6.923259281197159, 52.533145067778634]]]}}, {"type": "Feature", "properties": {"band": "rain", "dbz": 40.0, "source": "OPERA-ORD", "time": "20260907002000"}, "geometry": {"type": "Polygon", "coordinates": [[[8.20340846771933, 52.236407851725744], [8.196093282156552, 52.23629341576739], [8.1887781320863, 52.23617851491824], [8.181463017508575, 52.23606314917827], [8.175930099865052, 52.23709967347292], [8.172179379155736, 52.23928808780218], [8.170210794153178, 52.242628735043844], [8.170024344857374, 52.24712161519791], [8.16983784962891, 52.25161448764909], [8.169651308467783, 52.25610735239739], [8.169464721341132, 52.260600209456655], [8.16927808824896, 52.26509305882687], [8.170968351526703, 52.268491735263865], [8.174535511174362, 52.27079623876764], [8.17997962856538, 52.27200622611449], [8.187300703699757, 52.272121697304435], [8.192837453227238, 52.27108490354769], [8.196589877147822, 52.268895844844245], [8.200341925789672, 52.266706661366385], [8.204093599152792, 52.26451735311411], [8.207844897332977, 52.26232792012708], [8.211595820330231, 52.2601383624053], [8.213562317161431, 52.256797111785644], [8.21374438782658, 52.252304168268104], [8.21392641365832, 52.24781121706773], [8.214108394656652, 52.243318258184516], [8.212416053992044, 52.23992010148341], [8.208849391664494, 52.23761674696441], [8.20340846771933, 52.236407851725744]]]}}, {"type": "Feature", "properties": {"band": "rain", "dbz": 40.0, "source": "OPERA-ORD", "time": "20260907002000"}, "geometry": {"type": "Polygon", "coordinates": [[[7.914728581105324, 52.18769992225418], [7.910969133779263, 52.18987982891437], [7.907209312537982, 52.1920596099568], [7.903449117381482, 52.19423926538144], [7.8979152046303, 52.1952621750744], [7.890607574284434, 52.19512833903565], [7.883299985319615, 52.19499403869201], [7.875992437735841, 52.19485927404348], [7.870457491446802, 52.19588111410887], [7.866695146452498, 52.198059558888176], [7.864705331462042, 52.20139495066242], [7.864488046475435, 52.20588728943159], [7.86615267658844, 52.209290421262], [7.869699221801057, 52.21160434615366], [7.875127753469903, 52.21282872166019], [7.882438271594978, 52.21296354778157], [7.887867564172702, 52.214187588305805], [7.891415631203077, 52.21650084323288], [7.893082401981725, 52.219903655038834], [7.892867876508646, 52.22439602372369], [7.894535361420227, 52.227798728744524], [7.898084856716469, 52.23011177010133], [7.903516432881064, 52.231334805144186], [7.910830089914012, 52.23146783387309], [7.918143787879653, 52.231600397857555], [7.925457526777985, 52.23173249709758], [7.930890297681331, 52.232954507193554], [7.93444210058969, 52.23526642814545], [7.937994272707135, 52.23757823842303], [7.941546814033667, 52.23988993802631], [7.945099724677375, 52.242201526919104], [7.9486530046382615, 52.24451300510141], [7.952206654024431, 52.24682437253708], [7.955760672835886, 52.24913562922609], [7.959315061180754, 52.25144677513228], [7.962869819059034, 52.253757810255635], [7.966424946578875, 52.25606873455993], [7.969980443740276, 52.258379548045184], [7.973639315164197, 52.25844400777782], [7.97740156085064, 52.25626211375783], [7.981163431355504, 52.2540800941963], [7.984924926678789, 52.2518979490932], [7.988686046915405, 52.249715678488386], [7.992446792065352, 52.247533282381866], [7.992549348247757, 52.24528702048922], [7.98899371546262, 52.242976892810475], [7.98543845209906, 52.24066665426196], [7.981883558157077, 52.23835630484367], [7.9783290335286985, 52.23604584459182], [7.974774878213926, 52.233735273506404], [7.971221092104806, 52.231424591623615], [7.9676676752013424, 52.22911379894346], [7.964114627395597, 52.226802895502075], [7.960561948687571, 52.22449188129948], [7.955129402577976, 52.2232712689503], [7.94781698906681, 52.223141058454544], [7.942385203782187, 52.22192011050474], [7.938834046724107, 52.219608425100894], [7.9371634489249265, 52.216206344839044], [7.937373410384646, 52.21171386971919], [7.939358207252437, 52.20837722237117], [7.9431178395283, 52.20619640279498], [7.946877097624633, 52.20401545769256], [7.950635981541435, 52.20183438706392], [7.950740513528443, 52.19958813023154], [7.947190693585656, 52.197276687195426], [7.941761846009606, 52.19605544062233], [7.934453970800292, 52.19592439051226], [7.929025883007245, 52.19470280865329], [7.9254775826304655, 52.19239069504542], [7.921929650523646, 52.190078470912134], [7.918382086686785, 52.18776613625344], [7.914728581105324, 52.18769992225418]]]}}, {"type": "Feature", "properties": {"band": "rain", "dbz": 40.0, "source": "OPERA-ORD", "time": "20260907002000"}, "geometry": {"type": "Polygon", "coordinates": [[[7.193956741993384, 51.99132414945149], [7.186684780257359, 51.99114568649243], [7.181159470794912, 51.99213441116532], [7.177380813606044, 51.99429032347015], [7.175348715493114, 51.99761376314643], [7.175063176456123, 52.00210473019416], [7.1766676993062175, 52.00551776138671], [7.180162284043397, 52.00785285672409], [7.18554702395075, 52.0091096763038], [7.192821919028279, 52.00928822012583], [7.198207416046031, 52.01054471139538], [7.201703515004009, 52.01287915011243], [7.20519997715032, 52.01521348126657], [7.20869680248496, 52.017547704857805], [7.212334698241084, 52.01763629402856], [7.216113664418689, 52.015479248778874], [7.218143785771622, 52.012155190742085], [7.218425062299884, 52.0076641199182], [7.216817589515099, 52.00425159175933], [7.213321367417265, 52.00191760626546], [7.209825508262486, 51.99958351320894], [7.20633001205076, 51.99724931258977], [7.202834878674022, 51.994915004442895], [7.199340108132271, 51.99258058876831], [7.193956741993384, 51.99132414945149]]]}}, {"type": "Feature", "properties": {"band": "rain", "dbz": 40.0, "source": "OPERA-ORD", "time": "20260907002000"}, "geometry": {"type": "Polygon", "coordinates": [[[12.87148894084762, 51.98970136462021], [12.86421741819359, 51.989883520477214], [12.85883584700024, 51.9911426888596], [12.855344227267572, 51.99347886976735], [12.853742653427917, 51.996892402896854], [12.854031125481269, 52.00138328824812], [12.854319668135236, 52.005874164945254], [12.854608281389815, 52.010365032988254], [12.856643769314587, 52.013687784073525], [12.860426131909556, 52.01584241820106], [12.865955274587172, 52.01682859542327], [12.87323119734744, 52.01664631574015], [12.878615204942124, 52.0153867396468], [12.88210729737122, 52.01304986714321], [12.883707569898961, 52.00963603815572], [12.883416022525344, 52.00514525268433], [12.883124546467531, 52.00065445853793], [12.882833141725525, 51.996163655716536], [12.880796755059551, 51.99284126240231], [12.877015386469608, 51.99068727859524], [12.87148894084762, 51.98970136462021]]]}}, {"type": "Feature", "properties": {"band": "rain", "dbz": 40.0, "source": "OPERA-ORD", "time": "20260907002000"}, "geometry": {"type": "Polygon", "coordinates": [[[7.910794494467302, 51.02731447589402], [7.907131631159045, 51.029495544972384], [7.903468416584783, 51.03167649156321], [7.899804850744514, 51.0338573156665], [7.896140933552055, 51.03603801724509], [7.892476665007404, 51.038218596298975], [7.890541083030058, 51.041556161994755], [7.890334187620018, 51.046050714332424], [7.891960124067412, 51.049454991823694], [7.8954188923722395, 51.05176899446855], [7.900710558471455, 51.05299239107905], [7.907835122365057, 51.05312518165519], [7.913127502867221, 51.0543482519853], [7.9165876999779465, 51.0566616020694], [7.9182156483560915, 51.06006556312393], [7.918011348001657, 51.064560135148895], [7.917806998745869, 51.06905469751357], [7.917602600588728, 51.073549250217944], [7.919231496181796, 51.076953098457516], [7.922693685525073, 51.07926624223227], [7.927989233804306, 51.08048835007771], [7.935118141019496, 51.08061942199384], [7.940515254577281, 51.07959390758919], [7.9441805744776595, 51.077411806863786], [7.946114036165907, 51.074073451296655], [7.946315639642021, 51.0695788408878], [7.946517194884194, 51.06508422083295], [7.946718701892426, 51.0605895911321], [7.945088620874407, 51.05718603813056], [7.941626951830139, 51.05487356182833], [7.938165629128012, 51.05256097746211], [7.9347046527680245, 51.05024828503189], [7.934805682912275, 51.048000962853564], [7.938468719560763, 51.04581901092711], [7.942131404702715, 51.04363693659928], [7.9457937383381285, 51.041454739870055], [7.945894720165211, 51.03920740800766], [7.942434350183961, 51.0368949410121], [7.9371432024359345, 51.03567324363328], [7.9300212769211305, 51.03554231587122], [7.924730842717736, 51.03432029213336], [7.921271899825751, 51.0320071724197], [7.917813302815175, 51.029693944760865], [7.9143550516860115, 51.02738060915685], [7.910794494467302, 51.02731447589402]]]}}, {"type": "Feature", "properties": {"band": "rain", "dbz": 40.0, "source": "OPERA-ORD", "time": "20260907002000"}, "geometry": {"type": "Polygon", "coordinates": [[[7.676550170513353, 50.83263155779754], [7.66946027182338, 50.83248420311557], [7.664085834686067, 50.83349713847711], [7.660426859101415, 50.83567036388214], [7.65848327277419, 50.83900420831217], [7.6582550757043935, 50.8434986717672], [7.656310769396596, 50.84683238016335], [7.652650353850796, 50.849005333500614], [7.648989590223599, 50.851178163929134], [7.6453284785150055, 50.853350871448896], [7.643383024967692, 50.856684420408], [7.643153229581659, 50.86117881080646], [7.642923379463118, 50.86567319108961], [7.642693474612067, 50.87016756125746], [7.644295188885062, 50.87357560718335], [7.647728522282103, 50.87589732886728], [7.651162198218536, 50.87821894385588], [7.654596216694362, 50.880540452149155], [7.656198855375358, 50.883948387486946], [7.655970114261521, 50.88844274986925], [7.657573414143325, 50.89185058155738], [7.66100875502077, 50.89417188255131], [7.664444438796474, 50.89649307676657], [7.667880465470439, 50.89881416420313], [7.6694846913146355, 50.90222188520856], [7.669257116329061, 50.906716239782874], [7.669029487080814, 50.91121058432644], [7.668801803569895, 50.91570491883927], [7.670406956363475, 50.919112529123694], [7.673844945461555, 50.921433415179735], [7.679115843192677, 50.92266724718889], [7.686219649556842, 50.92281402515117], [7.693323497851244, 50.922960353329124], [7.700427388075886, 50.92310623172276], [7.707531319973972, 50.92325166032369], [7.714635293545504, 50.92339663913192], [7.719907720359346, 50.92462881390523], [7.723348600415497, 50.92694818464361], [7.723237102792718, 50.92919539292637], [7.719573227491003, 50.9313704387535], [7.715909002627813, 50.933545361691], [7.7122444282031495, 50.9357201617389], [7.710300216767989, 50.939054747158785], [7.710076368322331, 50.943549117950674], [7.711685500647937, 50.94695610459964], [7.715127613744803, 50.94927570710568], [7.718570070852608, 50.95159520253273], [7.7220128719713514, 50.95391459088078], [7.723622935664125, 50.95732146642891], [7.723400261930927, 50.96181582917714], [7.725010990367521, 50.96522260055215], [7.728455120973905, 50.96754178055397], [7.73373272456871, 50.96877303889465], [7.740843801151938, 50.9689163755742], [7.747954918786617, 50.96905926194384], [7.755066077472747, 50.96920169800356], [7.760344802202333, 50.970431964191356], [7.763791092975376, 50.97275006050723], [7.76723772828481, 50.975068049527906], [7.770684708130634, 50.97738593125338], [7.775964553592608, 50.97861520493821], [7.78307726467073, 50.97875587058239], [7.790190016056014, 50.97889608579354], [7.79730280774846, 50.97903585057165], [7.8025837735393155, 50.98026413140347], [7.806032913428579, 50.982580928289], [7.809482398117002, 50.98489761771357], [7.812932227604583, 50.98721419967717], [7.818214313319703, 50.98844148730603], [7.825328655262361, 50.98857948060015], [7.830717387028804, 50.98755916776042], [7.834380508619031, 50.98538054878682], [7.836317952393455, 50.982043954222284], [7.836529718352077, 50.9775493840668], [7.834910618665204, 50.97414413846512], [7.831460653332837, 50.971828217417254], [7.828011032602635, 50.96951218886045], [7.8245617564746, 50.96719605279471], [7.822943594791466, 50.96379069506648], [7.823156547553234, 50.95929611567575], [7.821539052105164, 50.955890653110444], [7.818091108447258, 50.95357430737056], [7.812812784504549, 50.95234674824815], [7.805704080277039, 50.95220797574323], [7.800318653762627, 50.953227360887816], [7.796656504961312, 50.955404903681924], [7.7929940062006375, 50.95758232379394], [7.789331157480605, 50.95975962122388], [7.785776518338123, 50.95968955207135], [7.782330088773193, 50.95737211633635], [7.780715381807425, 50.95396614470587], [7.780932397440815, 50.94947163717991], [7.781149361304367, 50.94497711974053], [7.7813662733980795, 50.94048259238774], [7.7797525008450386, 50.93707650905171], [7.776308043645247, 50.93475886973245], [7.772863930261812, 50.93244112317144], [7.769420160694732, 50.93012326936867], [7.7695288857569835, 50.927875998507936], [7.773190105448562, 50.925699310589216], [7.778572906594594, 50.924681206946445], [7.785677289195078, 50.92482168757962], [7.791059414567627, 50.923803228676725], [7.794719282712243, 50.92162583023775], [7.798378801564395, 50.91944830921652], [7.802037971124083, 50.91727066561302], [7.805696791476426, 50.91509289946423], [7.8093552626214215, 50.91291501077015], [7.811291362680875, 50.90957873239299], [7.811505091654786, 50.90508406433274], [7.8098902775052235, 50.901678355823655], [7.806446920232187, 50.899361606865746], [7.801175087913416, 50.89813348776728], [7.794074780548913, 50.89799399852828], [7.78880365744582, 50.89676555504487], [7.785361718604137, 50.89444815731706], [7.781920122860916, 50.89213065240085], [7.778478870216153, 50.88981304029626], [7.775037960572024, 50.88749532103654], [7.771597393928526, 50.885177494621686], [7.768157170187849, 50.882859561084956], [7.764717289349994, 50.88054152042634], [7.761277751317165, 50.878223372679074], [7.757838556089363, 50.875905117843146], [7.75439970356881, 50.87358675595178], [7.750961193755508, 50.87126828700498], [7.747523026551695, 50.86894971103594], [7.744085201957372, 50.86663102804465], [7.740647719874795, 50.86431223806431], [7.737210580303966, 50.8619933410949], [7.733773783147156, 50.85967433716961], [7.730337328404367, 50.857355226288426], [7.72690121597789, 50.855036008484504], [7.723465445867721, 50.85271668375786], [7.71820110669972, 50.851484658831744], [7.711108198473884, 50.85133993370617], [7.705844567295504, 50.85010758532108], [7.70241021316458, 50.847787613676466], [7.698976201121479, 50.845467535224465], [7.6955425311662005, 50.843147349965065], [7.6921092032010545, 50.840827057931364], [7.6886762172260426, 50.838506659123375], [7.685243573143487, 50.83618615357416], [7.681811270953389, 50.83386554128374], [7.676550170513353, 50.83263155779754]]]}}, {"type": "Feature", "properties": {"band": "rain", "dbz": 40.0, "source": "OPERA-ORD", "time": "20260907002000"}, "geometry": {"type": "Polygon", "coordinates": [[[7.870932978589933, 50.92647236650887], [7.863828122112638, 50.92633728421776], [7.858447044547828, 50.9273594821988], [7.854789745895502, 50.929538960452], [7.8528561595119015, 50.93287604896361], [7.852646285397025, 50.9373707477336], [7.854265754129278, 50.94077572226604], [7.8577145657086565, 50.943090972560924], [7.862992786838404, 50.944316168477414], [7.870100417518518, 50.94445131001554], [7.875482948546179, 50.94342881158703], [7.87914037992139, 50.9412486731919], [7.881072645565125, 50.93791122498583], [7.8812797454773875, 50.93341646696882], [7.879658823282284, 50.93001179288384], [7.876209878979815, 50.9276972027309], [7.870932978589933, 50.92647236650887]]]}}, {"type": "Feature", "properties": {"band": "rain", "dbz": 40.0, "source": "OPERA-ORD", "time": "20260907002000"}, "geometry": {"type": "Polygon", "coordinates": [[[7.636773488033507, 50.7778068429955], [7.62969210511969, 50.77765699209754], [7.624323186191187, 50.778668061655026], [7.620666731247998, 50.78084005166796], [7.61872266699424, 50.78417329057939], [7.618490993429913, 50.78866777838931], [7.6200882351032035, 50.792076287624354], [7.62351439201411, 50.79439881828452], [7.628769537523684, 50.79563504177352], [7.635853671631929, 50.79578495809136], [7.641224039177937, 50.794773592715984], [7.644880640161707, 50.792600945647386], [7.646823401838645, 50.789267345498175], [7.647052324208749, 50.784772792268356], [7.645453633917954, 50.7813645788512], [7.642027330966261, 50.779042705246724], [7.636773488033507, 50.7778068429955]]]}}, {"type": "Feature", "properties": {"band": "rain", "dbz": 40.0, "source": "OPERA-ORD", "time": "20260907002000"}, "geometry": {"type": "Polygon", "coordinates": [[[7.822174883895691, 50.754575716461225], [7.815096560751289, 50.75443761003762], [7.809734481672325, 50.755457606067054], [7.8060886466588, 50.75763570454953], [7.804158988213562, 50.76097223383381], [7.803945506336608, 50.76546719391992], [7.805555629141109, 50.76887311990507], [7.808989356627066, 50.77119001178927], [7.814246756351614, 50.7724175410706], [7.821327828314754, 50.77255570774904], [7.826691349022357, 50.771535413414156], [7.830337318474425, 50.769356658065945], [7.832265669729668, 50.76601977022136], [7.832476402788087, 50.76152474988041], [7.830864838354946, 50.75811912220071], [7.827430976430244, 50.755802887182256], [7.822174883895691, 50.754575716461225]]]}}, {"type": "Feature", "properties": {"band": "rain", "dbz": 40.0, "source": "OPERA-ORD", "time": "20260907002000"}, "geometry": {"type": "Polygon", "coordinates": [[[21.994851170939505, 50.099874337870254], [21.99197014455695, 50.10246599492669], [21.991099015066688, 50.10597566905352], [21.992237782468727, 50.110403360250764], [21.994817687772663, 50.113535143209305], [21.9988387309785, 50.11537101792913], [22.00286010133731, 50.117206738499526], [22.006881798849093, 50.119042304920484], [22.010903823557477, 50.12087771715153], [22.014926175462456, 50.122712975192655], [22.02038908144222, 50.12325181975098], [22.02729254149677, 50.12249425082651], [22.03218420065555, 50.12081913281674], [22.035064058918564, 50.11822646572167], [22.03449271885719, 50.11601285941718], [22.030470180471426, 50.114178313903274], [22.026447969127656, 50.11234361415657], [22.02242608482588, 50.110508760177076], [22.018404527522577, 50.10867375200526], [22.014383297217744, 50.106838589641136], [22.010362393867837, 50.10500327312515], [22.006341817472844, 50.10316780245729], [22.002321567989213, 50.10133217767804], [21.99830164541693, 50.09949639878737], [21.994851170939505, 50.099874337870254]]]}}, {"type": "Feature", "properties": {"band": "rain", "dbz": 40.0, "source": "OPERA-ORD", "time": "20260907002000"}, "geometry": {"type": "Polygon", "coordinates": [[[7.739872729385034, 50.69895012217008], [7.73280311458376, 50.6988068275262], [7.727445664345316, 50.699822917138576], [7.723800378669703, 50.701998391007216], [7.721867187748119, 50.705333576910974], [7.721646091580563, 50.70982847484983], [7.723248323300978, 50.713235651533246], [7.726673882909361, 50.71555510696123], [7.731922840276464, 50.7167865132023], [7.738995195402287, 50.716929870256436], [7.744354085336331, 50.71591348398623], [7.747999510078599, 50.71373735439168], [7.749931400371335, 50.710401809419864], [7.750149756214542, 50.70590684907077], [7.7485460847985275, 50.70249996904518], [7.74512038612329, 50.70018116934308], [7.739872729385034, 50.69895012217008]]]}}, {"type": "Feature", "properties": {"band": "rain", "dbz": 40.0, "source": "OPERA-ORD", "time": "20260907002000"}, "geometry": {"type": "Polygon", "coordinates": [[[22.073391192966074, 50.02636104962647], [22.066502241314527, 50.027121320389135], [22.059613085634794, 50.027881161555044], [22.052723725926874, 50.028640573124214], [22.04784186237662, 50.03031679697923], [22.04496749498403, 50.0329098331201], [22.0455383369625, 50.03512343910982], [22.049554388312043, 50.03695761494838], [22.05357076539999, 50.0387916367432], [22.057587468226338, 50.04062550449428], [22.061604496834292, 50.042459218161284], [22.06562185122384, 50.04429277774421], [22.069067361841444, 50.04391273720702], [22.071941028687103, 50.041319096549714], [22.07481439929424, 50.038725381803346], [22.077687473662863, 50.03613159296792], [22.080560251899094, 50.03353773006553], [22.083432734002944, 50.030943793096185], [22.082860648489113, 50.02873034701992], [22.0788439953576, 50.026897391836734], [22.073391192966074, 50.02636104962647]]]}}, {"type": "Feature", "properties": {"band": "rain", "dbz": 40.0, "source": "OPERA-ORD", "time": "20260907002000"}, "geometry": {"type": "Polygon", "coordinates": [[[6.599848941672859, 50.2198128617721], [6.592855167548608, 50.21959770532554], [6.587528191932534, 50.22055936890747], [6.5838680148246365, 50.22269785251788], [6.58187453428301, 50.22601347862521], [6.581547750307653, 50.230506247229464], [6.581220889685597, 50.23499900406], [6.580893952416842, 50.23949174911681], [6.578899314805242, 50.242807203502835], [6.575236976850796, 50.24494536721808], [6.571574301218729, 50.247083405871386], [6.56791128790904, 50.24922131946277], [6.5659154920803875, 50.252536602029515], [6.56558691373277, 50.25702925357162], [6.567090509106882, 50.260452971594546], [6.570426278202723, 50.26280775609827], [6.573762376706886, 50.26516243874913], [6.57709880461937, 50.26751701954713], [6.578603242835813, 50.27094063551198], [6.578275691356216, 50.27543328664369], [6.5779480629703695, 50.27992592606785], [6.577620357678274, 50.28441855378445], [6.579125639631557, 50.287842067666276], [6.582463908830217, 50.29019646771335], [6.585965769160482, 50.29030444045185], [6.58963122062235, 50.288165985881776], [6.593296333688803, 50.286027406203644], [6.596961108359841, 50.28388870141745], [6.602295111163811, 50.28292664655182], [6.609298342100713, 50.28314124160677], [6.61446985385167, 50.28442521210192], [6.617809646416683, 50.28677855803727], [6.621149768909357, 50.289131801917115], [6.62449022132969, 50.29148494374146], [6.629662849480865, 50.29276795018327], [6.63666765336288, 50.29298082124255], [6.641840975246238, 50.29426351574011], [6.645182815130935, 50.29661603367596], [6.648524985174099, 50.29896844944661], [6.651867485375728, 50.301320763052075], [6.6553703096527315, 50.30142654612787], [6.6590334580051085, 50.29928579867401], [6.662696267785544, 50.29714492632183], [6.666358738994038, 50.29500392907133], [6.671692551995386, 50.29403853831149], [6.678697706789587, 50.29424875404232], [6.6838722946509685, 50.29552949098381], [6.687216315579528, 50.29788074913594], [6.690560666781288, 50.30023190498045], [6.693905348256248, 50.30258295851735], [6.699081051040619, 50.303862730385276], [6.706087775134403, 50.30407122058425], [6.7114214894588144, 50.30310416160739], [6.715082194013852, 50.30096155345472], [6.715239809316053, 50.29871504049581], [6.711894335365418, 50.296364622730664], [6.708549191668014, 50.294014102594126], [6.705204378223839, 50.29166348008621], [6.701859894936877, 50.289312755238086], [6.698515741807127, 50.28696192804975], [6.6951719187385885, 50.284610998552374], [6.691828425731262, 50.28225996674595], [6.690315111736971, 50.278837942500246], [6.690631976755715, 50.27434492581527], [6.68911928949314, 50.27092280472098], [6.6857770499492455, 50.26857157921739], [6.682276114232275, 50.2684667489509], [6.678616482342229, 50.27060831392152], [6.674956512352337, 50.27274975411841], [6.6712962042626005, 50.27489106954155], [6.667795326563281, 50.27478579693919], [6.664453879254379, 50.27243393631134], [6.662942849184965, 50.26901153112821], [6.66326223635504, 50.2645185813898], [6.663581548593067, 50.26002561998425], [6.663900785899042, 50.25553264691154], [6.662390603066901, 50.25211013888222], [6.6590510000966425, 50.249758095896304], [6.65388207689376, 50.248476195152136], [6.646883833458256, 50.24826443664973], [6.641715602272788, 50.246982224143096], [6.638377383337357, 50.24462955763225], [6.635039493599984, 50.24227678909217], [6.6317019330606675, 50.23992391852286], [6.628364701623598, 50.237570945955355], [6.625027799288776, 50.23521787138964], [6.621691225960404, 50.23286469485671], [6.618354981638486, 50.23051141635659], [6.615019066227248, 50.228158035920245], [6.611683479726688, 50.22580455354768], [6.608348222041052, 50.22345096926989], [6.605013293170341, 50.22109728308688], [6.599848941672859, 50.2198128617721]]]}}, {"type": "Feature", "properties": {"band": "rain", "dbz": 40.0, "source": "OPERA-ORD", "time": "20260907002000"}, "geometry": {"type": "Polygon", "coordinates": [[[6.751863554980938, 50.25139439319031], [6.74486450582695, 50.25118882432586], [6.7395371270958195, 50.252157785497126], [6.735881418787547, 50.254301276704105], [6.733897283315056, 50.25761962084393], [6.733584720678347, 50.2621128179166], [6.735100679762791, 50.26553429152938], [6.7384451605683875, 50.26788404168226], [6.741945658030334, 50.26798708036254], [6.74560217214863, 50.26584340757023], [6.749258348310166, 50.263699610265355], [6.752914186514942, 50.261555688447906], [6.756569686840677, 50.25941164215426], [6.76022484928737, 50.25726747138441], [6.760380092772521, 50.25502083390524], [6.757035417296128, 50.25267172971677], [6.751863554980938, 50.25139439319031]]]}}, {"type": "Feature", "properties": {"band": "rain", "dbz": 40.0, "source": "OPERA-ORD", "time": "20260907002000"}, "geometry": {"type": "Polygon", "coordinates": [[[6.543239675714913, 50.22706454624492], [6.536245047568405, 50.226845809124754], [6.530916061168082, 50.227804734572445], [6.527252716513942, 50.229941322588004], [6.525254909936793, 50.2332558956505], [6.524922641436634, 50.23774845375994], [6.526422711579299, 50.24117274139827], [6.52975512036479, 50.24352875856549], [6.534919971553157, 50.24481618263455], [6.5419172651444, 50.24503501360545], [6.54724768768809, 50.244075812518496], [6.550911239184226, 50.24193857937367], [6.5529078164601025, 50.23862363682118], [6.553237419515721, 50.23413098486103], [6.551735913229689, 50.23070697286197], [6.5484032976020075, 50.22835160082399], [6.543239675714913, 50.22706454624492]]]}}, {"type": "Feature", "properties": {"band": "rain", "dbz": 40.0, "source": "OPERA-ORD", "time": "20260907002000"}, "geometry": {"type": "Polygon", "coordinates": [[[6.71175729337958, 50.22319528295905], [6.704762586882298, 50.22298719520844], [6.697767937813474, 50.22277866562372], [6.690773346173106, 50.22256969420489], [6.685448088109004, 50.22353607643346], [6.681792163621164, 50.22567781230944], [6.679805473667022, 50.2289952244209], [6.679488018246577, 50.23348831276782], [6.680999191538787, 50.23691055566532], [6.684338993543653, 50.2392619531134], [6.689507523390544, 50.2405421823759], [6.696504781079457, 50.24075124345282], [6.7018314709599744, 50.239784583380136], [6.705487593032098, 50.237642202157836], [6.709143377630509, 50.23549969635883], [6.712798824755212, 50.23335706598311], [6.716453934483632, 50.23121431106702], [6.72010870681577, 50.22907143161056], [6.720265731393435, 50.226824825620334], [6.716925008216625, 50.224474493096345], [6.71175729337958, 50.22319528295905]]]}}, {"type": "Feature", "properties": {"band": "rain", "dbz": 40.0, "source": "OPERA-ORD", "time": "20260907002000"}, "geometry": {"type": "Polygon", "coordinates": [[[6.577106461397447, 50.14706395245153], [6.570123558550042, 50.14684740036972], [6.563140715204423, 50.14663040732296], [6.5561579313605876, 50.14641297331124], [6.55083850899625, 50.14737294157078], [6.547182448111409, 50.149510312101576], [6.545189646091166, 50.15282540667653], [6.544860102935524, 50.157318225295654], [6.544530482618272, 50.16181103200135], [6.544200785139411, 50.16630382679362], [6.543871010446884, 50.17079660968568], [6.54354115854069, 50.175289380677526], [6.541546754292794, 50.1786042735747], [6.5378877977031955, 50.18074128837719], [6.532564391858948, 50.181700103015984], [6.525576536760049, 50.181480717491056], [6.520418824394994, 50.18019284805345], [6.517091254763785, 50.17783649470317], [6.51725721581168, 50.17559015034122], [6.52091670753868, 50.17345381496762], [6.5245758628644355, 50.171317354551725], [6.5282346817889465, 50.169180769093515], [6.5284005651329275, 50.16693441282091], [6.525073512896378, 50.16457828573388], [6.521746788231659, 50.16222205714299], [6.518420391138771, 50.15986572704824], [6.515094321522225, 50.1575092954804], [6.5117685793820215, 50.155152762439485], [6.506613893506638, 50.153863991536895], [6.499630263896074, 50.15364298277264], [6.49430884189592, 50.15460021688712], [6.490649627506176, 50.15673569388032], [6.4886525163940245, 50.1600497355351], [6.488317508559465, 50.16454234185143], [6.487982422273983, 50.169034936221834], [6.487647257537577, 50.17352751864631], [6.487312014297311, 50.17802008913803], [6.486976692553187, 50.18251264769701], [6.4866412922522185, 50.187005194336436], [6.486305813394408, 50.191497729056294], [6.487801719872556, 50.19492260254937], [6.491129011686664, 50.19727981481566], [6.496287793477462, 50.19856904368385], [6.5032780652449516, 50.19879028915395], [6.510268397731823, 50.19901109314362], [6.517258790938079, 50.199231455652836], [6.5242492446230145, 50.19945137666953], [6.531239758786631, 50.19967085619367], [6.538230333188196, 50.19988989421319], [6.5452209678277065, 50.2001084907281], [6.552211662464398, 50.20032664572636], [6.5592024170982715, 50.200544359208], [6.566193231488529, 50.20076163116103], [6.5731841056351685, 50.20097846158545], [6.580175039297364, 50.201194850469335], [6.587166032475116, 50.201410797812684], [6.592328041536958, 50.202695812657964], [6.595661066482892, 50.205049895005175], [6.598994419899382, 50.20740387552368], [6.602328101786427, 50.2097577542135], [6.607491223113417, 50.21104180706571], [6.614483783880349, 50.21125603408032], [6.619808838079811, 50.210293298792024], [6.623466385711799, 50.20815360120082], [6.627123596363037, 50.20601377882831], [6.630780470033528, 50.2038738316745], [6.634437006800261, 50.201733759775735], [6.638093206663237, 50.19959356313201], [6.638254002716581, 50.19734705714132], [6.634919394960289, 50.19499424180368], [6.631585115541059, 50.19264132454128], [6.628251164458889, 50.19028830535412], [6.628411885183444, 50.18804178756915], [6.632067277714723, 50.18590177118635], [6.635722333657004, 50.18376163011007], [6.639377053010285, 50.1816213643403], [6.639537698456879, 50.179374834747776], [6.636204269996787, 50.177022041332485], [6.631043876799165, 50.17573906415371], [6.624056518864012, 50.175525903211444], [6.617069219596308, 50.17531230097531], [6.610081978996054, 50.175098257445285], [6.604922695548602, 50.17381431869681], [6.601591369253954, 50.17146048472988], [6.600087898985826, 50.16803707761448], [6.60041228474422, 50.1635440973506], [6.598909436309455, 50.16012059403937], [6.5955793536815355, 50.15776656768078], [6.592249598665816, 50.155412439597356], [6.588920171262297, 50.1530582097891], [6.58559107137569, 50.15070387828684], [6.582262299005997, 50.148349445090574], [6.577106461397447, 50.14706395245153]]]}}, {"type": "Feature", "properties": {"band": "rain", "dbz": 40.0, "source": "OPERA-ORD", "time": "20260907002000"}, "geometry": {"type": "Polygon", "coordinates": [[[6.743471158109449, 50.17010275800198], [6.736484208043306, 50.169896702720216], [6.729497314679841, 50.169690206146285], [6.722510478019052, 50.16948326828019], [6.717191923100417, 50.170451233475255], [6.713541649923936, 50.17259410173148], [6.709891040376499, 50.174736845590374], [6.7062400944581055, 50.17687946505195], [6.700920652801345, 50.177846400955616], [6.693932715406217, 50.17763765330139], [6.68861263365084, 50.1786042328946], [6.684960407535216, 50.18074613973525], [6.682975938358565, 50.184063696008565], [6.682659226120889, 50.18855690171454], [6.684169291856749, 50.191979176434224], [6.687506135566143, 50.19433052016761], [6.692669856036254, 50.19561061058175], [6.699660453267082, 50.19581944767665], [6.706651107803781, 50.196027843219994], [6.713641819646352, 50.196235797211806], [6.720632588553826, 50.19644330964063], [6.727623414526203, 50.19665038050647], [6.734614297322489, 50.196857009797945], [6.741605236942682, 50.19706319751505], [6.748596233145755, 50.19726894364645], [6.755587285931709, 50.19747424819215], [6.760907806734286, 50.196504697448326], [6.764557795553489, 50.19436029141497], [6.766537155841814, 50.191041352513366], [6.766845887599262, 50.186547880743504], [6.765330290110383, 50.1831266339002], [6.761990363375178, 50.180777611983466], [6.758650765011316, 50.178428487746785], [6.755311495018797, 50.17607926119016], [6.751972553302533, 50.17372993234461], [6.748633939862524, 50.17138050121011], [6.743471158109449, 50.17010275800198]]]}}, {"type": "Feature", "properties": {"band": "rain", "dbz": 40.0, "source": "OPERA-ORD", "time": "20260907002000"}, "geometry": {"type": "Polygon", "coordinates": [[[6.999618838757634, 50.10531804178277], [6.992640552401105, 50.105128201972164], [6.985662318116311, 50.10493792142483], [6.97868413590325, 50.10474720014077], [6.971706006001566, 50.10455603813041], [6.96472792841126, 50.10436443539376], [6.959421864021154, 50.10534413104392], [6.9557878128312485, 50.107495125080874], [6.953825684558673, 50.11081773927108], [6.953535479203426, 50.11531197361452], [6.953245205943953, 50.119806196273515], [6.952954864780256, 50.12430040724807], [6.9526644556665484, 50.128794606551615], [6.952373978602831, 50.133288794184146], [6.953901921408769, 50.136707537613354], [6.957248284084361, 50.13905083683925], [6.960594974881411, 50.14139403316009], [6.963941993799915, 50.143737126575864], [6.965470792823976, 50.147155764366744], [6.9651813719535935, 50.15164994653273], [6.9648918833054445, 50.156144117077986], [6.964602326879532, 50.16063827600252], [6.96431270263011, 50.165132423319776], [6.964023010557179, 50.16962655902974], [6.963733250614956, 50.17412068314586], [6.96344342280344, 50.17861479566813], [6.963153527076804, 50.18310889661], [6.962863563435045, 50.18760298597147], [6.964393911988514, 50.191021496737946], [6.9677445727372085, 50.19336442890943], [6.971239946620308, 50.19346020439967], [6.974880033637813, 50.191308823208644], [6.978519784085899, 50.18915731848621], [6.982159197964565, 50.18700569023235], [6.987474024741777, 50.18602497896728], [6.994464264417537, 50.18621518469102], [6.9997784481113525, 50.18523411897367], [7.003416575823225, 50.18308178181523], [7.005378558167243, 50.17975849574454], [7.005664395143408, 50.175264260761566], [7.004131833460726, 50.171846214646884], [7.000780873119197, 50.169504357400484], [6.997430241465721, 50.167162397062], [6.994079938500295, 50.16482033363142], [6.992548236230186, 50.16140218157918], [6.992835134655391, 50.156907940905285], [6.993121965922626, 50.152413688630496], [6.9934087300318915, 50.147919424754804], [6.995369682643509, 50.14459616791419], [6.999004823757481, 50.142443918108626], [7.0026396291644355, 50.14029154498008], [7.006274098864373, 50.13813904852854], [7.00823391796211, 50.13481562485603], [7.008519086457643, 50.130321273962565], [7.008804188240266, 50.12582691143766], [7.009089223309978, 50.12133253728133], [7.009374191711732, 50.116838151480096], [7.00965909344553, 50.112343754033965], [7.008128153718296, 50.10892565690519], [7.004781372530031, 50.10658386009378], [6.999618838757634, 50.10531804178277]]]}}, {"type": "Feature", "properties": {"band": "rain", "dbz": 40.0, "source": "OPERA-ORD", "time": "20260907002000"}, "geometry": {"type": "Polygon", "coordinates": [[[6.489386714277031, 50.00920811770462], [6.482424476713586, 50.008986104566986], [6.475462299681595, 50.00876365194996], [6.468500183181059, 50.008540759853545], [6.46319453199309, 50.00949664304452], [6.459545346117688, 50.01163130152288], [6.4575525211449545, 50.01494505573875], [6.457216057074891, 50.019437905692115], [6.456879514476666, 50.023930743453995], [6.45654289335028, 50.02842356902438], [6.458031892627805, 50.031849107198255], [6.461346512309239, 50.03420735797559], [6.46648685696743, 50.03549800068026], [6.473452926602379, 50.035721035312264], [6.4804190568976985, 50.03594363018546], [6.487385247853389, 50.03616578529987], [6.492693109600259, 50.035208999311884], [6.4963426421383055, 50.0330732722215], [6.498333741880256, 50.02975892474585], [6.498666408826109, 50.02526595688491], [6.498998998161468, 50.020772976866866], [6.499331509886334, 50.016279984691735], [6.497840282576263, 50.012854897521485], [6.494525316231257, 50.010497715356124], [6.489386714277031, 50.00920811770462]]]}}, {"type": "Feature", "properties": {"band": "rain", "dbz": 40.0, "source": "OPERA-ORD", "time": "20260907002000"}, "geometry": {"type": "Polygon", "coordinates": [[[6.427902565740397, 49.899138847604284], [6.420956691740088, 49.89891301690453], [6.415662382085847, 49.89986672253729], [6.412019636777675, 49.901999964502586], [6.410028350648567, 49.905313062225694], [6.40968852369852, 49.90980601570663], [6.409348617636678, 49.91429895679171], [6.40900863246304, 49.91879188548092], [6.408668568124589, 49.923284801787446], [6.408328424621325, 49.92777770571129], [6.407988201900187, 49.932270597265585], [6.407647899961172, 49.93676347645035], [6.407307518751172, 49.94125634327874], [6.406967058270187, 49.94574919775076], [6.408450095086448, 49.94917552824292], [6.4117566291999575, 49.951535334755235], [6.416886766158589, 49.95282829739946], [6.423840505962342, 49.95305441617563], [6.430794306984716, 49.95328009607858], [6.4377481692257135, 49.95350533710831], [6.4430477491423375, 49.952550858323086], [6.446693046734588, 49.95041665972289], [6.448683957433666, 49.94710306123727], [6.449020481239572, 49.94261006286622], [6.449356926686204, 49.93811705217351], [6.449693293773565, 49.93362402915915], [6.450029582554162, 49.929130993809935], [6.450365793027991, 49.9246379461259], [6.448880744816719, 49.921212057768514], [6.445574437920346, 49.91885332873778], [6.4422684542538695, 49.91649449891625], [6.438962793817292, 49.91413556830389], [6.437478567320939, 49.910709578290835], [6.43781577476481, 49.90621652887707], [6.436332159550197, 49.90279044386618], [6.4330277216771, 49.90043132325817], [6.427902565740397, 49.899138847604284]]]}}, {"type": "Feature", "properties": {"band": "rain", "dbz": 40.0, "source": "OPERA-ORD", "time": "20260907002000"}, "geometry": {"type": "Polygon", "coordinates": [[[6.439428525490383, 48.9984931476768], [6.432611061104337, 48.998268564221576], [6.425793654649487, 48.99804355153989], [6.418976306125835, 48.99781810963174], [6.412159015752367, 48.99759223850865], [6.405341783529085, 48.99736593817064], [6.398524609674947, 48.997139208629314], [6.391707494189953, 48.99691204988466], [6.384890437293033, 48.99668446194833], [6.378073438984187, 48.99645644482031], [6.372877108552558, 48.997409074490776], [6.369301445998145, 48.99954235095972], [6.365725466595177, 49.00167550484282], [6.362149170343652, 49.003808536140085], [6.3585725571737255, 49.00594144481735], [6.3549956270853984, 49.00807423087464], [6.353039195605425, 49.011388182939754], [6.352703262733807, 49.0158833010127], [6.354156420321566, 49.0193120497961], [6.357398668368698, 49.021674429289945], [6.362430108689684, 49.02297012777298], [6.369250741284521, 49.02319914524519], [6.3742828325297065, 49.02449454188337], [6.377526382425239, 49.026856317687525], [6.380770240960741, 49.02921799447495], [6.384014408136212, 49.03157957224563], [6.389047551626977, 49.03287403447597], [6.395869671433033, 49.03310138116596], [6.401069081559476, 49.03214791545506], [6.4046457820063045, 49.030013637343274], [6.408222165159523, 49.027879236704635], [6.411798231019133, 49.025744713539154], [6.416996814648075, 49.02479024284394], [6.423817916046352, 49.025015824619004], [6.430639075496529, 49.02524097690288], [6.4374602929986064, 49.025465699695566], [6.442494387401949, 49.02675793373882], [6.445741358706553, 49.02911767903265], [6.448988638833106, 49.03147732508829], [6.452236227781606, 49.03383687190572], [6.45564723623721, 49.03394860059849], [6.4592216641999185, 49.031812511166585], [6.461171914352672, 49.02849673389062], [6.46149798669547, 49.02400126877059], [6.461823984661274, 49.019505789934925], [6.462149908250087, 49.01501029738364], [6.460689593886556, 49.0115828910169], [6.4574430415706825, 49.00922357083472], [6.45419679774529, 49.00686415142542], [6.450950862410377, 49.00450463278898], [6.447705235478042, 49.00214501495417], [6.4444599169482855, 48.999785297920994], [6.439428525490383, 48.9984931476768]]]}}, {"type": "Feature", "properties": {"band": "rain", "dbz": 40.0, "source": "OPERA-ORD", "time": "20260907002000"}, "geometry": {"type": "Polygon", "coordinates": [[[6.235623173935746, 48.982579422643916], [6.228808742113737, 48.982342013904955], [6.221994371462229, 48.98210417620539], [6.21518006198122, 48.981865909545235], [6.208365813889105, 48.981627213936676], [6.20155162718588, 48.98138808937971], [6.196353385963022, 48.982332238110956], [6.192771090220529, 48.984459660130405], [6.190804633852393, 48.987770666657184], [6.190454016858613, 48.9922652576913], [6.190103319917487, 48.996759834756986], [6.189752543029011, 49.00125439785424], [6.1911938907022614, 49.00468529409848], [6.194427362937239, 49.00705252348969], [6.199453066001423, 49.008355774594236], [6.2062709998948185, 49.008595047412115], [6.213088995304933, 49.0088338910174], [6.219907052231768, 49.00907230541011], [6.226725170456481, 49.00931029057801], [6.233543349979072, 49.0095478465211], [6.240361590580667, 49.00978497322721], [6.247179892261266, 49.01002167069635], [6.2539982548019655, 49.01025793891636], [6.260816678202768, 49.01049377788724], [6.266016367814626, 49.009546786957415], [6.269597323637541, 49.00741696612687], [6.27155944144483, 49.00410462692412], [6.271902721236492, 48.99960976934918], [6.270456148003843, 48.996179846483734], [6.267219721746886, 48.993814858327795], [6.262193546603635, 48.99251449349161], [6.255377622574089, 48.99227875197518], [6.250352097863703, 48.99097808620265], [6.247116972472477, 48.98861249617403], [6.243882154794335, 48.98624680762314], [6.240647644829279, 48.98388102054998], [6.235623173935746, 48.982579422643916]]]}}, {"type": "Feature", "properties": {"band": "rain", "dbz": 40.0, "source": "OPERA-ORD", "time": "20260907002000"}, "geometry": {"type": "Polygon", "coordinates": [[[15.701141941482144, 47.696641393788184], [15.694510203487333, 47.69699913452085], [15.68966217575661, 47.69838975134494], [15.686597858289975, 47.700813244260445], [15.68531739886934, 47.70426991158299], [15.685820797494706, 47.70875975331257], [15.687856936040877, 47.71203781312015], [15.691425814507856, 47.71410409100573], [15.696527284992069, 47.714958288525764], [15.703161347493518, 47.714600405680244], [15.708010389395788, 47.71320941943662], [15.711074410698876, 47.7107853297949], [15.71235355978449, 47.70732843516567], [15.711847836652627, 47.702838735548944], [15.709810683934908, 47.699561045160905], [15.706242101631336, 47.69749536400153], [15.701141941482144, 47.696641393788184]]]}}, {"type": "Feature", "properties": {"band": "rain", "dbz": 40.0, "source": "OPERA-ORD", "time": "20260907002000"}, "geometry": {"type": "Polygon", "coordinates": [[[6.59606139150739, 47.72335914593715], [6.589415386295542, 47.72314510983947], [6.584355110664636, 47.7241093760551], [6.580880564614673, 47.72625194458403], [6.578991659030181, 47.72957311658678], [6.578688393911159, 47.73407289206335], [6.576798863773558, 47.73739392665075], [6.573323068617375, 47.73953622034899], [6.568261097830887, 47.7404994718771], [6.561612951414093, 47.740283681235084], [6.5549648570363095, 47.74006747328677], [6.548316814697535, 47.73985084803215], [6.543254063246726, 47.74081312442157], [6.539776602683886, 47.742954302455026], [6.537884342745221, 47.74627468339167], [6.537577283430734, 47.7507742672315], [6.537270155933543, 47.75527383546368], [6.536962960253649, 47.75977338808823], [6.538395410257291, 47.763202391982], [6.5415675059444665, 47.765560847145], [6.544739891666751, 47.76791920484807], [6.547912567424143, 47.770277465091226], [6.551085533297033, 47.772635627847535], [6.554258789285419, 47.774993693117], [6.559171841488473, 47.77628070711026], [6.5658246899061945, 47.776496669827324], [6.572477590304127, 47.776712214896826], [6.579130542682271, 47.77692734231876], [6.584195958617744, 47.77596361369529], [6.587673838110546, 47.77382102902641], [6.591151419606839, 47.771678325387526], [6.594628703106622, 47.76953550277866], [6.5981056886746705, 47.76739256123158], [6.601582376310983, 47.765249500746286], [6.603471379131851, 47.76192808685138], [6.603772697137276, 47.75742831954685], [6.602336259181383, 47.75400010376341], [6.599162065264173, 47.75164343950108], [6.595988161256641, 47.749286677637706], [6.592814547158785, 47.74692981817329], [6.592965399579214, 47.744679921812335], [6.596440718517927, 47.74253698855482], [6.599915739920228, 47.74039393642581], [6.603390463786118, 47.7382507654253], [6.605278284195777, 47.73492924955802], [6.605579201149207, 47.730429388823985], [6.60414334324777, 47.72700113483922], [6.600970710491466, 47.72464448760373], [6.59606139150739, 47.72335914593715]]]}}, {"type": "Feature", "properties": {"band": "rain", "dbz": 40.0, "source": "OPERA-ORD", "time": "20260907002000"}, "geometry": {"type": "Polygon", "coordinates": [[[5.531048979391901, 47.710785989621996], [5.5244089748605045, 47.71050511137024], [5.519329662831054, 47.71141823404713], [5.51581104330355, 47.71352535765267], [5.513852999586353, 47.716826782171914], [5.513455531679461, 47.721322507604846], [5.514817958089699, 47.72476469923833], [5.517940278817067, 47.72715335707235], [5.522822610649409, 47.72848818099233], [5.529464953586725, 47.728769170998255], [5.534545551316738, 47.727855804135636], [5.538064403839448, 47.725748080404486], [5.540021394851363, 47.72244629994536], [5.54041652435248, 47.71795046275826], [5.53905281224168, 47.714508515310506], [5.5359302585189605, 47.71212045760209], [5.531048979391901, 47.710785989621996]]]}}, {"type": "Feature", "properties": {"band": "rain", "dbz": 40.0, "source": "OPERA-ORD", "time": "20260907002000"}, "geometry": {"type": "Polygon", "coordinates": [[[6.48910930862827, 47.72888350861796], [6.4824629664302575, 47.72866275457246], [6.47740005730603, 47.72962188760014], [6.4739205812555864, 47.73176090770099], [6.472024446355713, 47.7350801159852], [6.471711652606408, 47.739579512452764], [6.47139878942077, 47.74407889324883], [6.471085856798801, 47.748578258373406], [6.472513577573528, 47.752008154370316], [6.475681951744952, 47.75436858123957], [6.480591071372169, 47.75565923766831], [6.487240936455176, 47.755880123656546], [6.492306026930952, 47.754920774204386], [6.495786342799494, 47.752781189311825], [6.499266360953533, 47.75064148520499], [6.50274608139307, 47.748501661883864], [6.5062255041825345, 47.74636171938026], [6.509704629321926, 47.74422165769418], [6.509859593018266, 47.741971912373344], [6.506690395271555, 47.73961248341774], [6.503521487077931, 47.73725295716346], [6.500352868437396, 47.7348933336105], [6.497184539269665, 47.73253361278569], [6.494016499574738, 47.73017379468904], [6.48910930862827, 47.72888350861796]]]}}, {"type": "Feature", "properties": {"band": "rain", "dbz": 40.0, "source": "OPERA-ORD", "time": "20260907002000"}, "geometry": {"type": "Polygon", "coordinates": [[[6.535740666912156, 47.631203969203824], [6.529106887673834, 47.63098619504592], [6.524054656674393, 47.63194768274623], [6.5205839739138325, 47.634088432304765], [6.518694749148134, 47.63740874408761], [6.518386982377297, 47.64190861809476], [6.519815141231797, 47.64533813901528], [6.522979225711633, 47.64769730684915], [6.527879326135176, 47.64898582110024], [6.534515442502427, 47.64920368176854], [6.539568932104923, 47.64824193688226], [6.543039794942663, 47.64610058644139], [6.54492794118256, 47.642779930962185], [6.545233370824615, 47.63827997044463], [6.543803953367061, 47.63485070671008], [6.5406396888098985, 47.63249213975855], [6.535740666912156, 47.631203969203824]]]}}, {"type": "Feature", "properties": {"band": "rain", "dbz": 40.0, "source": "OPERA-ORD", "time": "20260907002000"}, "geometry": {"type": "Polygon", "coordinates": [[[5.5640099801003675, 47.17960608968178], [5.557438174673051, 47.17932763909714], [5.5524122764696315, 47.180243068412636], [5.548932285490112, 47.1823523776283], [5.545452004786787, 47.18446156592719], [5.541971434359656, 47.18657063330931], [5.536944807379738, 47.187485090942175], [5.530372123847034, 47.187204938825786], [5.525344955014966, 47.188119055905666], [5.521863300883537, 47.19022744218181], [5.519927048071571, 47.19353039349849], [5.519536196579066, 47.19802790985572], [5.520886741933824, 47.20147126058404], [5.523978684135841, 47.20386044568346], [5.5270709063630115, 47.20624953724735], [5.530163408615337, 47.2086385352757], [5.531514632800835, 47.21208178546805], [5.531124578919508, 47.2165792878244], [5.532476325655174, 47.22002244957103], [5.535569873007831, 47.222411270707966], [5.5388582425924255, 47.22255123685032], [5.542341434408955, 47.2204423479981], [5.545824335996209, 47.218333338137164], [5.5493069473541885, 47.21622420726749], [5.554336435406839, 47.21530897626948], [5.560912800154163, 47.21558764514315], [5.565748429648094, 47.216920906762546], [5.568843323888631, 47.219308761127664], [5.571938498464133, 47.221696521801064], [5.575033953374598, 47.22408418878276], [5.579870563817605, 47.225416559837925], [5.586448329793153, 47.22569363496656], [5.593026160522834, 47.225970297981085], [5.599604056006651, 47.226246548881505], [5.604633335480607, 47.22532913165984], [5.608113998944701, 47.223218046316106], [5.61004593489123, 47.219913589080264], [5.6104291433201965, 47.2154157599523], [5.61081226771153, 47.21091791366207], [5.61119530806523, 47.20642005020956], [5.611578264433708, 47.2019221695818], [5.6119611368169675, 47.19742427177878], [5.610604902182584, 47.19398198780054], [5.607509560530559, 47.191595317647085], [5.602675223134502, 47.19026396535443], [5.596101889994411, 47.18998793092257], [5.589528621435673, 47.189711484696645], [5.58295541745829, 47.18943462667664], [5.578122058963469, 47.18810238415482], [5.575028545951209, 47.18571475713119], [5.571935312787316, 47.18332703645805], [5.56884235947179, 47.18093922213542], [5.5640099801003675, 47.17960608968178]]]}}, {"type": "Feature", "properties": {"band": "rain", "dbz": 40.0, "source": "OPERA-ORD", "time": "20260907002000"}, "geometry": {"type": "Polygon", "coordinates": [[[5.298717190145287, 47.12288510222011], [5.305280640252647, 47.12317972661405], [5.311844158833699, 47.123473939981345], [5.318407745888444, 47.123767742322], [5.324971401228549, 47.12406113362251], [5.331535124854012, 47.12435411388288], [5.336559319826119, 47.123449449023745], [5.340043986144866, 47.121347139045106], [5.343528363618721, 47.11924470765219], [5.347012452247683, 47.11714215484501], [5.350294132439475, 47.11728801413486], [5.353373404194097, 47.11968228552172], [5.356452954448295, 47.122076464000756], [5.359532783202068, 47.124470549571974], [5.362612890534263, 47.1268645422103], [5.365693276444879, 47.12925844191575], [5.365491307830213, 47.13150696333399], [5.362006984690265, 47.133610106464985], [5.356982257703064, 47.13451598154121], [5.3504171268686065, 47.134224588562645], [5.34539186090869, 47.135130122409755], [5.3419064598233135, 47.13723258308254], [5.339960806022107, 47.140532265805525], [5.339554899505072, 47.1450291705787], [5.337608628141648, 47.148328708784135], [5.334121991931838, 47.15043088042181], [5.330838676757786, 47.15028452429465], [5.327758682619493, 47.14788964040265], [5.3246789672686035, 47.14549466365205], [5.321599530705118, 47.143099594042845], [5.316776883724376, 47.141755100618056], [5.310211026326378, 47.14146118337769], [5.305184319363497, 47.14236477220403], [5.301696762835735, 47.14446586709708], [5.299748238098058, 47.14776476329098], [5.299338745150467, 47.15226146078573], [5.300673598497214, 47.15570763964796], [5.303752798138298, 47.15810329987765], [5.30683227669206, 47.16049886729339], [5.309912034158501, 47.16289434189516], [5.312992070616749, 47.1652897236579], [5.316072386066807, 47.167685012581615], [5.320897245610478, 47.169029290498315], [5.3274666492477625, 47.169322557408], [5.332495326556603, 47.168418151158164], [5.3359832775369975, 47.166316071748795], [5.33947093904377, 47.16421387080916], [5.34295831107692, 47.16211154833926], [5.347986266786529, 47.161206169110585], [5.3545548061726, 47.16149773312315], [5.359582222230092, 47.160592012456874], [5.363068514959004, 47.15848900711177], [5.366554518323821, 47.15638588033907], [5.370040232324543, 47.15428263213879], [5.373324319564215, 47.154427782840486], [5.376406780042839, 47.15682133244415], [5.3794895195783115, 47.15921478901923], [5.382572538170635, 47.16160815256572], [5.385856693005371, 47.161752891888256], [5.389341984082519, 47.15964900698683], [5.3912853987487885, 47.15634851592503], [5.391686937004178, 47.15185141870285], [5.3903463980741, 47.148406292221225], [5.387263781958554, 47.14601313648016], [5.384181444736974, 47.14361988770591], [5.38109938640936, 47.1412265458985], [5.381300307656121, 47.138977985238924], [5.384784208477257, 47.13687420572719], [5.3898089270352845, 47.13596677894057], [5.396374463330206, 47.13625570487905], [5.402940066824623, 47.13654421961755], [5.40950573751854, 47.13683232315607], [5.414529733526283, 47.13592392449146], [5.418012054847857, 47.133819023623694], [5.42149408715081, 47.131714001556595], [5.424975830435143, 47.12960885829016], [5.429999103389183, 47.12869948798437], [5.43656390601293, 47.12898589063923], [5.441586639472674, 47.12807617961072], [5.445067303768415, 47.12597035489885], [5.447005783860708, 47.12266871178945], [5.447402079749552, 47.11817125028253], [5.447798288917855, 47.11367377132154], [5.448194411365617, 47.10917627490648], [5.448590447146774, 47.10467876102445], [5.448986396261327, 47.10018122967545], [5.449382258763171, 47.09568368084659], [5.449778034652303, 47.09118611453788], [5.448435026373634, 47.08774155652868], [5.445353233927166, 47.085350006819], [5.440532772037847, 47.08401117045665], [5.433973640705678, 47.08372504744161], [5.429153773482191, 47.08238592656661], [5.426073170367387, 47.07999380783164], [5.422992845333806, 47.0776015960408], [5.419912798381451, 47.075209291194085], [5.415093908840579, 47.07386928386249], [5.408536176711191, 47.07358157404603], [5.403517901863758, 47.074489988574754], [5.400039084298276, 47.07659452744869], [5.396559978482636, 47.07869894518229], [5.393080584416838, 47.080803241775556], [5.3898015356655256, 47.080658756806734], [5.386722832228702, 47.078265490275804], [5.383644406762968, 47.07587213080839], [5.380566259268323, 47.07347867840452], [5.3774883896662224, 47.071085133089156], [5.374410797956665, 47.06869149486232], [5.37133348406112, 47.06629776374899], [5.368256447979585, 47.06390393974917], [5.363439898425861, 47.06256155873567], [5.356883835399947, 47.0622706207085], [5.350327839966675, 47.061979272170234], [5.343771912126044, 47.06168751312088], [5.338956341189268, 47.06034424668587], [5.335881127156347, 47.05794947286522], [5.334546152768992, 47.05450348629728], [5.334951418027201, 47.05000628698204], [5.333616959584622, 47.04656021309975], [5.330542777441255, 47.044165264650424], [5.327468872682529, 47.04177022347905], [5.324395245308447, 47.03937508958563], [5.321321895240556, 47.03697986299511], [5.318248822478853, 47.03458454370746], [5.315176026944906, 47.032189131747586], [5.312103508638713, 47.02979362711548], [5.312306767158702, 47.02754502611817], [5.315785802504873, 47.02544332875566], [5.319264550340552, 47.02334151012273], [5.322743010665739, 47.021239570219365], [5.324685084007756, 47.017939958411276], [5.325090770366602, 47.013442674698446], [5.325496368151145, 47.00894537326184], [5.325901877361386, 47.00444805410143], [5.32456904712539, 47.00100175660016], [5.321497877443157, 46.998606480758], [5.318426984509899, 46.99621111228391], [5.315356368325615, 46.9938156511779], [5.314024201496482, 46.99036925411504], [5.3144304840224965, 46.98587192109534], [5.314836677895073, 46.98137457030041], [5.315242783114211, 46.97687720173026], [5.313911279026831, 46.97343070510931], [5.310842165632935, 46.97103508043757], [5.305839572974891, 47.008062398582055], [5.298903501052703, 47.08451265954278], [5.298717190145287, 47.12288510222011]]]}}, {"type": "Feature", "properties": {"band": "rain", "dbz": 40.0, "source": "OPERA-ORD", "time": "20260907002000"}, "geometry": {"type": "Polygon", "coordinates": [[[5.530812784593174, 47.10596540600885], [5.5242504637472685, 47.105684924660466], [5.519231167544295, 47.106598859382814], [5.515754895984253, 47.10870721017588], [5.513821536013111, 47.112010272239445], [5.5134310876308685, 47.1165080455735], [5.511497112412986, 47.119810964327804], [5.508019610359462, 47.121919028502376], [5.5045418194263505, 47.124026971770164], [5.501063739613651, 47.12613479413118], [5.497585370862231, 47.128242495554105], [5.494106713172091, 47.13035007603894], [5.490627766484101, 47.13245753555432], [5.4871485307982635, 47.13456487410026], [5.486952240636155, 47.13681367593783], [5.4900388959977775, 47.139203941067024], [5.493125830426098, 47.14159411285386], [5.496213043921115, 47.14398419129834], [5.499300536561566, 47.146374176375275], [5.502388308347453, 47.14876406808467], [5.507216128768016, 47.15009980317165], [5.513783997823254, 47.15038138163622], [5.520351932422531, 47.15066254870317], [5.5269199325658445, 47.150943304372475], [5.531943161231384, 47.15002927862774], [5.535421618419147, 47.14792047146895], [5.5388997863945555, 47.145811543445376], [5.542377665157607, 47.14370249455703], [5.545855254767617, 47.14159332483524], [5.5493325552245825, 47.13948403428003], [5.549526572768924, 47.13723512250482], [5.546437307400642, 47.13484658950962], [5.54334832112332, 47.132457963022716], [5.54025961393696, 47.13006924304408], [5.538909434410963, 47.12662595892712], [5.539297782545329, 47.12212811067183], [5.53968604568417, 47.117630245050414], [5.540074223827483, 47.11313236206288], [5.5387247209283865, 47.10968897709759], [5.535637536986879, 47.10730009015455], [5.530812784593174, 47.10596540600885]]]}}, {"type": "Feature", "properties": {"band": "moderate", "dbz": 45.0, "source": "OPERA-ORD", "time": "20260907002000"}, "geometry": {"type": "Polygon", "coordinates": [[[12.578476956449888, 55.629961448285066], [12.574657213449456, 55.63228794715533], [12.572894099862882, 55.6356950172658], [12.573187615690173, 55.64018265861647], [12.573481210552835, 55.644670297111766], [12.573774884450867, 55.649157932751706], [12.575979745446567, 55.6524822887898], [12.580095793539936, 55.654643365226036], [12.584064477669335, 55.65456050922], [12.587885797834762, 55.65223372077168], [12.589648717354756, 55.648826529834245], [12.589353236229309, 55.644338936407685], [12.589057834624152, 55.63985134011408], [12.588762512539287, 55.63536374095342], [12.586557845610166, 55.6320395057423], [12.582443833836791, 55.62987863448072], [12.578476956449888, 55.629961448285066]]]}}, {"type": "Feature", "properties": {"band": "moderate", "dbz": 45.0, "source": "OPERA-ORD", "time": "20260907002000"}, "geometry": {"type": "Polygon", "coordinates": [[[13.222976415834598, 54.9843485085362], [13.215173441975923, 54.98455469434274], [13.209410520394197, 54.98583068254178], [13.205687651089427, 54.98817647313332], [13.20196435293996, 54.990522150552195], [13.1982406259458, 54.9928677147984], [13.194516469967544, 54.99521316583045], [13.19079188500519, 54.997558503648335], [13.187066870919306, 54.999903728210526], [13.183341427709893, 55.002248839517016], [13.179615555237485, 55.00459383752628], [13.175889253502081, 55.00693872223832], [13.176066837089433, 55.00918182297853], [13.180148305999543, 55.01132313974692], [13.184230214252706, 55.01346431778053], [13.188312561848923, 55.01560535707937], [13.192395348901353, 55.01774625759525], [13.196478575409992, 55.019887019328166], [13.200383213081452, 55.019784586212126], [13.204109261915729, 55.017438958247155], [13.207834881229747, 55.01509321704724], [13.211560071023502, 55.01274736261239], [13.215284831436698, 55.01040139498415], [13.21900916246933, 55.00805531416253], [13.220691620597298, 55.00463923475394], [13.220332205820604, 55.000153156758365], [13.222013848218019, 54.99673697489345], [13.225736547789541, 54.99439068915919], [13.22945881848484, 54.99204429033528], [13.233180660303915, 54.989697778421714], [13.233000661601075, 54.98745474575693], [13.228918822376315, 54.98531519234093], [13.222976415834598, 54.9843485085362]]]}}, {"type": "Feature", "properties": {"band": "moderate", "dbz": 45.0, "source": "OPERA-ORD", "time": "20260907002000"}, "geometry": {"type": "Polygon", "coordinates": [[[8.921668679098964, 54.56399635921011], [8.913939856008117, 54.56392711171312], [8.908113063969532, 54.564997769552456], [8.904188302983206, 54.56720833272812], [8.902165530850251, 54.57055916926769], [8.902044747570667, 54.575050279171165], [8.901923932684602, 54.579541385283065], [8.901803086192055, 54.58403248760337], [8.90168220806885, 54.588523586146145], [8.901561298314984, 54.59301468091139], [8.903404501785126, 54.59640051512038], [8.907211818479274, 54.59868108877313], [8.912983290703504, 54.59985603344887], [8.920718918457819, 54.599925349147625], [8.926550036415435, 54.598854369485466], [8.930476644576352, 54.59664309446241], [8.934402825481037, 54.5944316905608], [8.938328579129493, 54.592220157780645], [8.942253905640516, 54.59000849616693], [8.946178805014108, 54.58779670571967], [8.948199126170127, 54.58444523394277], [8.948314869108575, 54.579954080836245], [8.946469012982508, 54.576568831262094], [8.94266155779193, 54.57428948522031], [8.938854526077886, 54.572010018741466], [8.935047917840375, 54.56973043182555], [8.931241732952312, 54.567450724515346], [8.927435971413697, 54.56517089681085], [8.921668679098964, 54.56399635921011]]]}}, {"type": "Feature", "properties": {"band": "moderate", "dbz": 45.0, "source": "OPERA-ORD", "time": "20260907002000"}, "geometry": {"type": "Polygon", "coordinates": [[[7.69040015172871, 54.493919764524804], [7.686416869521157, 54.49609035754868], [7.682433161402986, 54.49826081706908], [7.678449027374198, 54.50043114308598], [7.672599916839223, 54.501441741445454], [7.664885829798062, 54.501292612147495], [7.659035897072127, 54.50230282114713], [7.655050118661418, 54.504472368444375], [7.651063914113005, 54.50664178208616], [7.647077283426889, 54.508811062072496], [7.641226185457873, 54.50982013236476], [7.633510620205954, 54.50966899296296], [7.627658700009141, 54.51067767356806], [7.623670424867431, 54.51284617418006], [7.619681723361343, 54.515014540984495], [7.615692595490879, 54.51718277398137], [7.611703041143787, 54.519350873124665], [7.607713060320068, 54.52151883841441], [7.607582019456502, 54.52376326380951], [7.611309918553086, 54.526084149309995], [7.6150382371276315, 54.52840491967225], [7.6187669751801375, 54.53072557489625], [7.620500623954459, 54.534130330587004], [7.620239183450597, 54.53861918674449], [7.621973641119583, 54.542023834374234], [7.6257039969614135, 54.544344273476256], [7.631430342473478, 54.545580136991624], [7.639152677655776, 54.54573142492036], [7.645008987816974, 54.54472247471202], [7.648999272957073, 54.542553286366584], [7.652989131068635, 54.540383964238565], [7.656978562151659, 54.53821450832796], [7.662833704752225, 54.53720441827849], [7.670554558870332, 54.53735369409014], [7.676408877591642, 54.536343214292486], [7.680396660916153, 54.5341729788855], [7.6825178194367645, 54.530843354878584], [7.682772353153476, 54.52635434227173], [7.683026820424137, 54.52186532524617], [7.68328122124875, 54.517376303801925], [7.685400974152685, 54.514046519160786], [7.689386079135944, 54.511875971322766], [7.69337075787636, 54.50970528996386], [7.697355010373933, 54.50753447508406], [7.699473359228881, 54.50420452993037], [7.6997258044412025, 54.49971545450279], [7.697986968493645, 54.49631180459497], [7.694256851386205, 54.493993580206904], [7.69040015172871, 54.493919764524804]]]}}, {"type": "Feature", "properties": {"band": "moderate", "dbz": 45.0, "source": "OPERA-ORD", "time": "20260907002000"}, "geometry": {"type": "Polygon", "coordinates": [[[21.410769531202195, 53.851841487846386], [21.403258394858565, 53.852567565398935], [21.397929875686444, 53.85421851485209], [21.394783973685826, 53.85679433620585], [21.39382110276624, 53.860295368726945], [21.39504126292769, 53.86472161241535], [21.39783514408076, 53.86785985933709], [21.40220274622545, 53.86971010949215], [21.40814365506177, 53.87027202345512], [21.41565787058972, 53.869545601225994], [21.420987514902734, 53.86789414013396], [21.424132588000823, 53.865317640179015], [21.425093504877097, 53.86181644069562], [21.423870265531548, 53.85739054168377], [21.421075259237583, 53.854252806400915], [21.4167084859952, 53.85240323484705], [21.410769531202195, 53.851841487846386]]]}}, {"type": "Feature", "properties": {"band": "moderate", "dbz": 45.0, "source": "OPERA-ORD", "time": "20260907002000"}, "geometry": {"type": "Polygon", "coordinates": [[[12.102199393286883, 54.13821799268987], [12.098489606731603, 54.14053003293145], [12.094779409295207, 54.14284195793306], [12.091068800977695, 54.1451537676947], [12.087357781652852, 54.1474654621758], [12.08364635132068, 54.14977704137635], [12.079934509854942, 54.1520885052558], [12.076222257255637, 54.15439985381413], [12.070540937131037, 54.15562156767216], [12.062890549481141, 54.15575364682991], [12.057208380880892, 54.156975008926196], [12.053494431330293, 54.159285653961035], [12.051748778192177, 54.162685944886825], [12.051971421466547, 54.16717588170357], [12.054051868684994, 54.17051048006292], [12.057990119847515, 54.172689739964895], [12.063786097515882, 54.17371329827258], [12.071439801690094, 54.17358115498599], [12.077123550746467, 54.172359397789364], [12.080837344684996, 54.1700480266827], [12.084550727066048, 54.1677365402112], [12.08826369788962, 54.165424938374876], [12.093946113921005, 54.164202104103104], [12.101597975160203, 54.1640680373959], [12.107279542052334, 54.16284485153212], [12.110990814597399, 54.16053254651176], [12.112731872132436, 54.15713148532805], [12.112502714657444, 54.15264166798099], [12.112273616416962, 54.14815184575257], [12.11204457741099, 54.143662018642814], [12.109961115072132, 54.14032832195822], [12.106023229400392, 54.13815075569879], [12.102199393286883, 54.13821799268987]]]}}, {"type": "Feature", "properties": {"band": "moderate", "dbz": 45.0, "source": "OPERA-ORD", "time": "20260907002000"}, "geometry": {"type": "Polygon", "coordinates": [[[12.06919438227255, 54.128682041042794], [12.061548962993825, 54.12881402413545], [12.05390349830254, 54.12894551881392], [12.046257988198693, 54.129076525078226], [12.040578977896294, 54.13029709783131], [12.036866467395342, 54.13260723707317], [12.035120533308174, 54.136007305472454], [12.035341175634787, 54.14049730302917], [12.037418901132973, 54.14383221516871], [12.041353709802737, 54.146012041891076], [12.047145524957125, 54.14703642034342], [12.054794346596143, 54.146905350525735], [12.062443122751372, 54.14677379205741], [12.070091853422815, 54.146641744938435], [12.07577196001122, 54.145420052720134], [12.079483442516585, 54.143108715402505], [12.081226379008289, 54.13970809580772], [12.081000769486327, 54.13521819393576], [12.078920246521989, 54.131883944623965], [12.074984810115271, 54.1297053478723], [12.06919438227255, 54.128682041042794]]]}}, {"type": "Feature", "properties": {"band": "moderate", "dbz": 45.0, "source": "OPERA-ORD", "time": "20260907002000"}, "geometry": {"type": "Polygon", "coordinates": [[[15.851191366035117, 53.77791707689728], [15.843629799970337, 53.77829009163777], [15.83811467384455, 53.77968846111628], [15.834645987657762, 53.78211218533279], [15.833223955183723, 53.78556161826087], [15.83384857642243, 53.79003675990052], [15.836208341532197, 53.793299994925036], [15.840303250513024, 53.79535132333443], [15.846133089386267, 53.79619039097999], [15.85369785815193, 53.7958171978617], [15.859214371370832, 53.79441838515709], [15.862682629042974, 53.79199395286615], [15.86410284590938, 53.78854425508975], [15.863475021970052, 53.78406929182789], [15.861113869767168, 53.78080650002947], [15.857019389300728, 53.778755879694515], [15.851191366035117, 53.77791707689728]]]}}, {"type": "Feature", "properties": {"band": "moderate", "dbz": 45.0, "source": "OPERA-ORD", "time": "20260907002000"}, "geometry": {"type": "Polygon", "coordinates": [[[7.166690794644834, 52.872134825491656], [7.159271423309072, 52.871954190195886], [7.151852109994305, 52.871773082784244], [7.144432854700532, 52.87159150325674], [7.1387939170801875, 52.87257750557695], [7.134935297133273, 52.87473108974488], [7.134786627220195, 52.87697582653624], [7.138347907340954, 52.87931171595103], [7.141909568286447, 52.881647496084625], [7.1454716100566715, 52.88398316693703], [7.149034032767714, 52.88631872847146], [7.152596836419576, 52.88865418068791], [7.158089463358505, 52.8899122665143], [7.165511913584503, 52.89009298595065], [7.1711521918989565, 52.889105958232555], [7.175010298301865, 52.886951183360004], [7.17708613432082, 52.88362901013276], [7.1773796999558215, 52.879139438550816], [7.17574498215817, 52.87572727535477], [7.172181980927867, 52.87339252054462], [7.166690794644834, 52.872134825491656]]]}}, {"type": "Feature", "properties": {"band": "moderate", "dbz": 45.0, "source": "OPERA-ORD", "time": "20260907002000"}, "geometry": {"type": "Polygon", "coordinates": [[[6.923259281197159, 52.533145067778634], [6.915898441359392, 52.53294912541967], [6.908537663202564, 52.53275271517187], [6.901176946726672, 52.532555837035225], [6.893816292223555, 52.53235849102222], [6.886455699693213, 52.53216067713284], [6.880854949288183, 52.533134437654304], [6.877014041008466, 52.53527977258661], [6.874932868439263, 52.53859702680798], [6.874611431580575, 52.54308620031839], [6.874289915003607, 52.547575365811554], [6.8739683187083624, 52.55206452328747], [6.8755683488383905, 52.55548105162319], [6.879090005393691, 52.55782495081874], [6.884533394966245, 52.55909587573786], [6.891898517556051, 52.55929382638054], [6.899263702258644, 52.55949130882486], [6.9066289490740225, 52.559688323070816], [6.913994257709696, 52.55988486910591], [6.921359628165665, 52.560080946930135], [6.9269625970396245, 52.559105497949886], [6.930803164331573, 52.55695852216515], [6.932881225153844, 52.55364036477207], [6.933196779506435, 52.549151025770655], [6.933512255632289, 52.54466167879847], [6.933827653531406, 52.540172323855494], [6.932223939639734, 52.53675649452754], [6.928701113957272, 52.534414190814594], [6.923259281197159, 52.533145067778634]]]}}, {"type": "Feature", "properties": {"band": "moderate", "dbz": 45.0, "source": "OPERA-ORD", "time": "20260907002000"}, "geometry": {"type": "Polygon", "coordinates": [[[7.193956741993384, 51.99132414945149], [7.186684780257359, 51.99114568649243], [7.181159470794912, 51.99213441116532], [7.177380813606044, 51.99429032347015], [7.175348715493114, 51.99761376314643], [7.175063176456123, 52.00210473019416], [7.1766676993062175, 52.00551776138671], [7.180162284043397, 52.00785285672409], [7.18554702395075, 52.0091096763038], [7.192821919028279, 52.00928822012583], [7.198207416046031, 52.01054471139538], [7.201703515004009, 52.01287915011243], [7.20519997715032, 52.01521348126657], [7.20869680248496, 52.017547704857805], [7.212334698241084, 52.01763629402856], [7.216113664418689, 52.015479248778874], [7.218143785771622, 52.012155190742085], [7.218425062299884, 52.0076641199182], [7.216817589515099, 52.00425159175933], [7.213321367417265, 52.00191760626546], [7.209825508262486, 51.99958351320894], [7.20633001205076, 51.99724931258977], [7.202834878674022, 51.994915004442895], [7.199340108132271, 51.99258058876831], [7.193956741993384, 51.99132414945149]]]}}, {"type": "Feature", "properties": {"band": "moderate", "dbz": 45.0, "source": "OPERA-ORD", "time": "20260907002000"}, "geometry": {"type": "Polygon", "coordinates": [[[12.872069408857318, 51.99868304967107], [12.864796420216315, 51.998865246782564], [12.859413784798848, 52.00012444173467], [12.855921502604913, 52.00246063452739], [12.854319668135236, 52.005874164945254], [12.854608281389815, 52.010365032988254], [12.856643769314587, 52.013687784073525], [12.860426131909556, 52.01584241820106], [12.865955274587172, 52.01682859542327], [12.87323119734744, 52.01664631574015], [12.878615204942124, 52.0153867396468], [12.88210729737122, 52.01304986714321], [12.883707569898961, 52.00963603815572], [12.883416022525344, 52.00514525268433], [12.881379162423356, 52.0018228827403], [12.877596989592998, 51.99966892832365], [12.872069408857318, 51.99868304967107]]]}}, {"type": "Feature", "properties": {"band": "moderate", "dbz": 45.0, "source": "OPERA-ORD", "time": "20260907002000"}, "geometry": {"type": "Polygon", "coordinates": [[[7.717756122955048, 50.86047379711272], [7.710661833861238, 50.86032904033155], [7.70528505806651, 50.8613439329202], [7.701625795570864, 50.86351847487868], [7.6996839752397355, 50.866852995476314], [7.699459597073123, 50.8713474947131], [7.701065541048976, 50.87475473888712], [7.704501807167293, 50.87707472799837], [7.707938415958546, 50.87939461021766], [7.711375367422739, 50.88171438554497], [7.714812661657797, 50.88403405394714], [7.71825029866372, 50.88635361542417], [7.721688278538456, 50.88867306994286], [7.725126601282005, 50.89099241750321], [7.726734796915223, 50.894399342459636], [7.726512865438112, 50.89889384481212], [7.728121723645495, 50.90230066564089], [7.7315613715373726, 50.90461980494592], [7.735001362656966, 50.90693883720895], [7.7384416970042755, 50.909257762429974], [7.741882374677365, 50.91157658057574], [7.745323395676234, 50.91389529164624], [7.750595323615524, 50.915125771570075], [7.757698158495238, 50.91526802034725], [7.764801033991543, 50.915409819397], [7.771903950104441, 50.91555116871933], [7.777285296360143, 50.914533364066], [7.780945072758646, 50.912356405437], [7.782883210281939, 50.90902062265492], [7.783099708930023, 50.90452601571976], [7.7814870117700305, 50.901119903499776], [7.778045118801964, 50.898802285994954], [7.77460356899745, 50.896484561317706], [7.77116236235649, 50.89416672946803], [7.767721498781205, 50.89184879047919], [7.764280978271596, 50.88953074435117], [7.759011377075987, 50.88830064361526], [7.751912695194379, 50.88815848827146], [7.746643803114703, 50.88692806352025], [7.74320470083696, 50.88460936936164], [7.741595318428872, 50.88120273533886], [7.741815655890436, 50.8767081614519], [7.740206935650669, 50.87330142322003], [7.736769157709569, 50.87098252064325], [7.733331722345005, 50.868663511093374], [7.729894629556979, 50.86634439457042], [7.726457879247713, 50.86402517110753], [7.723021471417207, 50.861705840704715], [7.717756122955048, 50.86047379711272]]]}}, {"type": "Feature", "properties": {"band": "moderate", "dbz": 45.0, "source": "OPERA-ORD", "time": "20260907002000"}, "geometry": {"type": "Polygon", "coordinates": [[[21.994851170939505, 50.099874337870254], [21.99197014455695, 50.10246599492669], [21.991099015066688, 50.10597566905352], [21.992237782468727, 50.110403360250764], [21.994817687772663, 50.113535143209305], [21.9988387309785, 50.11537101792913], [22.00286010133731, 50.117206738499526], [22.006881798849093, 50.119042304920484], [22.010903823557477, 50.12087771715153], [22.014926175462456, 50.122712975192655], [22.02038908144222, 50.12325181975098], [22.02729254149677, 50.12249425082651], [22.03218420065555, 50.12081913281674], [22.035064058918564, 50.11822646572167], [22.03449271885719, 50.11601285941718], [22.030470180471426, 50.114178313903274], [22.026447969127656, 50.11234361415657], [22.02242608482588, 50.110508760177076], [22.018404527522577, 50.10867375200526], [22.014383297217744, 50.106838589641136], [22.010362393867837, 50.10500327312515], [22.006341817472844, 50.10316780245729], [22.002321567989213, 50.10133217767804], [21.99830164541693, 50.09949639878737], [21.994851170939505, 50.099874337870254]]]}}, {"type": "Feature", "properties": {"band": "moderate", "dbz": 45.0, "source": "OPERA-ORD", "time": "20260907002000"}, "geometry": {"type": "Polygon", "coordinates": [[[6.580951199384293, 47.74992927992692], [6.574301774496595, 47.74971428109446], [6.567652401483762, 47.74949886486273], [6.561003080345795, 47.74928303123171], [6.554353811282025, 47.74906678021172], [6.547704594292454, 47.74885011180275], [6.5426409277916235, 47.749812347986555], [6.539162811779534, 47.75195348876313], [6.537270155933543, 47.75527383546368], [6.536962960253649, 47.75977338808823], [6.538395410257291, 47.763202391982], [6.5415675059444665, 47.765560847145], [6.54647933771244, 47.766848452115205], [6.5531309055612095, 47.76706520689262], [6.55804334749017, 47.768352516408555], [6.561216663499319, 47.770710380663026], [6.564390269656684, 47.773068147389154], [6.567564165962264, 47.77542581658695], [6.572477590304127, 47.776712214896826], [6.579130542682271, 47.77692734231876], [6.584195958617744, 47.77596361369529], [6.587673838110546, 47.77382102902641], [6.5895640918837906, 47.77049988989672], [6.589866719937478, 47.76600019630623], [6.590169280804549, 47.76150048716123], [6.590471774485, 47.75700076246171], [6.5890362439509556, 47.753572369919745], [6.585862689202413, 47.75121530953535], [6.580951199384293, 47.74992927992692]]]}}, {"type": "Feature", "properties": {"band": "moderate", "dbz": 45.0, "source": "OPERA-ORD", "time": "20260907002000"}, "geometry": {"type": "Polygon", "coordinates": [[[5.414296646229659, 47.08286421391407], [5.407737781495097, 47.08257644792828], [5.402718613459913, 47.083484811523576], [5.399239142124107, 47.085589304699944], [5.395759382412891, 47.08769367671295], [5.392279334326265, 47.089797927562614], [5.388798997805533, 47.09190205721759], [5.385318372850698, 47.09400606567788], [5.383377251120098, 47.0973066951983], [5.382975632613736, 47.10180394577884], [5.3825739262104895, 47.106301178828566], [5.382172131910358, 47.11079839434748], [5.383511544444627, 47.11424365680283], [5.3865921638132965, 47.11663696619462], [5.391414106423423, 47.11797802739062], [5.397977372275008, 47.118266840390824], [5.402999761092219, 47.117358970473305], [5.406481272875056, 47.11525441763805], [5.408421791679849, 47.11195347704318], [5.408821317506597, 47.1074561486887], [5.410761220317032, 47.104155064098414], [5.414241500111154, 47.102050223272315], [5.41772149133004, 47.09994526130774], [5.421201193973692, 47.097840178204684], [5.423140066760068, 47.09453890938861], [5.423538109689169, 47.09004145485952], [5.422196868014525, 47.08659656992297], [5.419116341736135, 47.084204254578964], [5.414296646229659, 47.08286421391407]]]}}, {"type": "Feature", "properties": {"band": "moderate", "dbz": 45.0, "source": "OPERA-ORD", "time": "20260907002000"}, "geometry": {"type": "Polygon", "coordinates": [[[5.300353429903431, 47.10489780782224], [5.306914611819149, 47.105192317103], [5.311937378743963, 47.10428881012841], [5.315421730677873, 47.10218728689848], [5.318905794034321, 47.10008564222136], [5.322389568813307, 47.09798387609704], [5.325669978869945, 47.09813050010945], [5.328747024204233, 47.10052551425861], [5.3318243477228755, 47.10292043559997], [5.33490194942587, 47.10531526413355], [5.339721545818396, 47.106658700397276], [5.346283136900453, 47.106950744391156], [5.3513053602071405, 47.10604534559128], [5.354788215738457, 47.10394250399766], [5.356731586322605, 47.10064251462055], [5.357135471959582, 47.096145377459976], [5.355798496571023, 47.09269968954731], [5.352720660156924, 47.090305450882546], [5.349643101802175, 47.08791111936552], [5.346565821506776, 47.085516694996244], [5.343488819192062, 47.083122177799694], [5.340412094858032, 47.08072756777586], [5.3373356484260395, 47.07833286494973], [5.334259479896081, 47.07593806932131], [5.332924205524554, 47.07249210712999], [5.333329825311456, 47.06799497837578], [5.333735356438652, 47.06349783198773], [5.334140798906141, 47.05900066796584], [5.332806190706561, 47.055554606287494], [5.329731531839911, 47.0531596469527], [5.324916939731799, 47.051815495392724], [5.318362414382224, 47.051522151607564], [5.313548416455861, 47.050177716439954], [5.310474945952708, 47.04778218988988], [5.307401752838619, 47.04538657067231], [5.304328837113589, 47.04299085878722], [5.3013624941746995, 47.057532390428975], [5.298502724021948, 47.08901116559757], [5.300353429903431, 47.10489780782224]]]}}, {"type": "Feature", "properties": {"band": "strong", "dbz": 50.0, "source": "OPERA-ORD", "time": "20260907002000"}, "geometry": {"type": "Polygon", "coordinates": [[[13.209410520394197, 54.98583068254178], [13.205687651089427, 54.98817647313332], [13.20196435293996, 54.990522150552195], [13.1982406259458, 54.9928677147984], [13.194516469967544, 54.99521316583045], [13.19079188500519, 54.997558503648335], [13.187066870919306, 54.999903728210526], [13.183341427709893, 55.002248839517016], [13.179615555237485, 55.00459383752628], [13.175889253502081, 55.00693872223832], [13.176066837089433, 55.00918182297853], [13.180148305999543, 55.01132313974692], [13.186093280938952, 55.01229162768704], [13.193901761907656, 55.0120872867989], [13.199668639643733, 55.01081231300563], [13.203393914147181, 55.00846670630723], [13.20711875935573, 55.00612098639467], [13.210843175269378, 55.00377515326794], [13.214567162027716, 55.001429206968574], [13.218290719630742, 54.99908314749658], [13.219972886027483, 54.9956670744138], [13.219613661217938, 54.991180987720256], [13.21739352537152, 54.98786790509162], [13.213312478488229, 54.98572782652788], [13.209410520394197, 54.98583068254178]]]}}, {"type": "Feature", "properties": {"band": "strong", "dbz": 50.0, "source": "OPERA-ORD", "time": "20260907002000"}, "geometry": {"type": "Polygon", "coordinates": [[[7.673953917443533, 54.51157935727778], [7.6699680193368485, 54.51374939347437], [7.665981694872326, 54.515919296043926], [7.661994944049967, 54.518089064986455], [7.658007766757302, 54.520258700255994], [7.65402016299433, 54.52242820185254], [7.651897401604145, 54.525757422306114], [7.651639482586749, 54.530246361616705], [7.65337621173183, 54.53365056854716], [7.6571075890393905, 54.53597004309749], [7.662833704752225, 54.53720441827849], [7.670554558870332, 54.53735369409014], [7.676408877591642, 54.536343214292486], [7.680396660916153, 54.5341729788855], [7.6825178194367645, 54.530843354878584], [7.682772353153476, 54.52635434227173], [7.683026820424137, 54.52186532524617], [7.68328122124875, 54.517376303801925], [7.681543032870011, 54.51397242960472], [7.67781225528792, 54.51165370265457], [7.673953917443533, 54.51157935727778]]]}}, {"type": "Feature", "properties": {"band": "strong", "dbz": 50.0, "source": "OPERA-ORD", "time": "20260907002000"}, "geometry": {"type": "Polygon", "coordinates": [[[12.10068631689197, 54.14610867007681], [12.093037770176615, 54.14624267174262], [12.087357781652852, 54.1474654621758], [12.08364635132068, 54.14977704137635], [12.081903557630314, 54.153177772170864], [12.082129400581756, 54.15766765455934], [12.08421178736846, 54.161001731179354], [12.088150717990423, 54.16318000203093], [12.093946113921005, 54.164202104103104], [12.101597975160203, 54.1640680373959], [12.107279542052334, 54.16284485153212], [12.110990814597399, 54.16053254651176], [12.112731872132436, 54.15713148532805], [12.112502714657444, 54.15264166798099], [12.110418749502372, 54.14930798679157], [12.106479976667224, 54.1471304417598], [12.10068631689197, 54.14610867007681]]]}}, {"type": "Feature", "properties": {"band": "strong", "dbz": 50.0, "source": "OPERA-ORD", "time": "20260907002000"}, "geometry": {"type": "Polygon", "coordinates": [[[12.06919438227255, 54.128682041042794], [12.061548962993825, 54.12881402413545], [12.05390349830254, 54.12894551881392], [12.046257988198693, 54.129076525078226], [12.040578977896294, 54.13029709783131], [12.036866467395342, 54.13260723707317], [12.035120533308174, 54.136007305472454], [12.035341175634787, 54.14049730302917], [12.037418901132973, 54.14383221516871], [12.041353709802737, 54.146012041891076], [12.047145524957125, 54.14703642034342], [12.054794346596143, 54.146905350525735], [12.062443122751372, 54.14677379205741], [12.070091853422815, 54.146641744938435], [12.07577196001122, 54.145420052720134], [12.079483442516585, 54.143108715402505], [12.081226379008289, 54.13970809580772], [12.081000769486327, 54.13521819393576], [12.078920246521989, 54.131883944623965], [12.074984810115271, 54.1297053478723], [12.06919438227255, 54.128682041042794]]]}}, {"type": "Feature", "properties": {"band": "strong", "dbz": 50.0, "source": "OPERA-ORD", "time": "20260907002000"}, "geometry": {"type": "Polygon", "coordinates": [[[15.851191366035117, 53.77791707689728], [15.843629799970337, 53.77829009163777], [15.83811467384455, 53.77968846111628], [15.834645987657762, 53.78211218533279], [15.833223955183723, 53.78556161826087], [15.83384857642243, 53.79003675990052], [15.836208341532197, 53.793299994925036], [15.840303250513024, 53.79535132333443], [15.846133089386267, 53.79619039097999], [15.85369785815193, 53.7958171978617], [15.859214371370832, 53.79441838515709], [15.862682629042974, 53.79199395286615], [15.86410284590938, 53.78854425508975], [15.863475021970052, 53.78406929182789], [15.861113869767168, 53.78080650002947], [15.857019389300728, 53.778755879694515], [15.851191366035117, 53.77791707689728]]]}}, {"type": "Feature", "properties": {"band": "strong", "dbz": 50.0, "source": "OPERA-ORD", "time": "20260907002000"}, "geometry": {"type": "Polygon", "coordinates": [[[6.923259281197159, 52.533145067778634], [6.915898441359392, 52.53294912541967], [6.908537663202564, 52.53275271517187], [6.901176946726672, 52.532555837035225], [6.893816292223555, 52.53235849102222], [6.886455699693213, 52.53216067713284], [6.880854949288183, 52.533134437654304], [6.877014041008466, 52.53527977258661], [6.874932868439263, 52.53859702680798], [6.874611431580575, 52.54308620031839], [6.874289915003607, 52.547575365811554], [6.8739683187083624, 52.55206452328747], [6.8755683488383905, 52.55548105162319], [6.879090005393691, 52.55782495081874], [6.884533394966245, 52.55909587573786], [6.891898517556051, 52.55929382638054], [6.899263702258644, 52.55949130882486], [6.9066289490740225, 52.559688323070816], [6.913994257709696, 52.55988486910591], [6.921359628165665, 52.560080946930135], [6.9269625970396245, 52.559105497949886], [6.930803164331573, 52.55695852216515], [6.932881225153844, 52.55364036477207], [6.933196779506435, 52.549151025770655], [6.933512255632289, 52.54466167879847], [6.933827653531406, 52.540172323855494], [6.932223939639734, 52.53675649452754], [6.928701113957272, 52.534414190814594], [6.923259281197159, 52.533145067778634]]]}}, {"type": "Feature", "properties": {"band": "strong", "dbz": 50.0, "source": "OPERA-ORD", "time": "20260907002000"}, "geometry": {"type": "Polygon", "coordinates": [[[21.994851170939505, 50.099874337870254], [21.99197014455695, 50.10246599492669], [21.991099015066688, 50.10597566905352], [21.992237782468727, 50.110403360250764], [21.994817687772663, 50.113535143209305], [21.9988387309785, 50.11537101792913], [22.004300562052286, 50.115910681299816], [22.01120318099403, 50.115154133321354], [22.016094653517424, 50.11347972779593], [22.01897497962247, 50.110887464723525], [22.018404527522577, 50.10867375200526], [22.014383297217744, 50.106838589641136], [22.010362393867837, 50.10500327312515], [22.006341817472844, 50.10316780245729], [22.002321567989213, 50.10133217767804], [21.99830164541693, 50.09949639878737], [21.994851170939505, 50.099874337870254]]]}}, {"type": "Feature", "properties": {"band": "heavy", "dbz": 55.0, "source": "OPERA-ORD", "time": "20260907002000"}, "geometry": {"type": "Polygon", "coordinates": [[[12.06919438227255, 54.128682041042794], [12.061548962993825, 54.12881402413545], [12.05390349830254, 54.12894551881392], [12.046257988198693, 54.129076525078226], [12.040578977896294, 54.13029709783131], [12.036866467395342, 54.13260723707317], [12.035120533308174, 54.136007305472454], [12.035341175634787, 54.14049730302917], [12.037418901132973, 54.14383221516871], [12.041353709802737, 54.146012041891076], [12.047145524957125, 54.14703642034342], [12.054794346596143, 54.146905350525735], [12.062443122751372, 54.14677379205741], [12.070091853422815, 54.146641744938435], [12.07577196001122, 54.145420052720134], [12.079483442516585, 54.143108715402505], [12.081226379008289, 54.13970809580772], [12.081000769486327, 54.13521819393576], [12.078920246521989, 54.131883944623965], [12.074984810115271, 54.1297053478723], [12.06919438227255, 54.128682041042794]]]}}, {"type": "Feature", "properties": {"band": "heavy", "dbz": 55.0, "source": "OPERA-ORD", "time": "20260907002000"}, "geometry": {"type": "Polygon", "coordinates": [[[15.851191366035117, 53.77791707689728], [15.843629799970337, 53.77829009163777], [15.83811467384455, 53.77968846111628], [15.834645987657762, 53.78211218533279], [15.833223955183723, 53.78556161826087], [15.83384857642243, 53.79003675990052], [15.836208341532197, 53.793299994925036], [15.840303250513024, 53.79535132333443], [15.846133089386267, 53.79619039097999], [15.85369785815193, 53.7958171978617], [15.859214371370832, 53.79441838515709], [15.862682629042974, 53.79199395286615], [15.86410284590938, 53.78854425508975], [15.863475021970052, 53.78406929182789], [15.861113869767168, 53.78080650002947], [15.857019389300728, 53.778755879694515], [15.851191366035117, 53.77791707689728]]]}}, {"type": "Feature", "properties": {"band": "heavy", "dbz": 55.0, "source": "OPERA-ORD", "time": "20260907002000"}, "geometry": {"type": "Polygon", "coordinates": [[[6.923259281197159, 52.533145067778634], [6.915898441359392, 52.53294912541967], [6.910298259798871, 52.53392431235719], [6.906458736515595, 52.53607062859121], [6.902618831624042, 52.538216814502746], [6.898778545124213, 52.54036287009178], [6.893177350972012, 52.541336968161076], [6.885815249167439, 52.54113910871061], [6.880213326986672, 52.54211283100743], [6.876371584429711, 52.54425813505155], [6.874289915003607, 52.547575365811554], [6.8739683187083624, 52.55206452328747], [6.8755683488383905, 52.55548105162319], [6.879090005393691, 52.55782495081874], [6.884533394966245, 52.55909587573786], [6.891898517556051, 52.55929382638054], [6.899263702258644, 52.55949130882486], [6.9066289490740225, 52.559688323070816], [6.913994257709696, 52.55988486910591], [6.921359628165665, 52.560080946930135], [6.9269625970396245, 52.559105497949886], [6.930803164331573, 52.55695852216515], [6.932881225153844, 52.55364036477207], [6.933196779506435, 52.549151025770655], [6.933512255632289, 52.54466167879847], [6.933827653531406, 52.540172323855494], [6.932223939639734, 52.53675649452754], [6.928701113957272, 52.534414190814594], [6.923259281197159, 52.533145067778634]]]}}]}